ISO-10303-21;
HEADER;
FILE_DESCRIPTION (( 'STEP AP214' ),
    '1' );
FILE_NAME ('全包外壳底盖.STEP',
    '2025-12-09T15:48:37',
    ( '' ),
    ( '' ),
    'SwSTEP 2.0',
    'SolidWorks 2024',
    '' );
FILE_SCHEMA (( 'AUTOMOTIVE_DESIGN' ));
ENDSEC;

DATA;
#1 = AXIS2_PLACEMENT_3D ( 'NONE', #2332, #1161, #3227 ) ;
#2 = DIRECTION ( 'NONE',  ( -1.000000000000000000, 0.000000000000000000, 0.000000000000000000 ) ) ;
#3 = EDGE_LOOP ( 'NONE', ( #1704, #4937, #594, #1086 ) ) ;
#4 = AXIS2_PLACEMENT_3D ( 'NONE', #4753, #4658, #4238 ) ;
#5 = VECTOR ( 'NONE', #1010, 1000.000000000000114 ) ;
#6 = ADVANCED_FACE ( 'NONE', ( #4526 ), #797, .F. ) ;
#7 = FACE_OUTER_BOUND ( 'NONE', #5125, .T. ) ;
#8 = CARTESIAN_POINT ( 'NONE',  ( 125.5948143801982866, 3.409346434488961827E-16, -4.249999999999968914 ) ) ;
#9 = CARTESIAN_POINT ( 'NONE',  ( 82.88817172619154405, 7.069318558218746773, -4.979999999999967564 ) ) ;
#10 = ORIENTED_EDGE ( 'NONE', *, *, #2051, .T. ) ;
#11 = DIRECTION ( 'NONE',  ( -1.000000000000000000, 0.000000000000000000, -0.000000000000000000 ) ) ;
#12 = CARTESIAN_POINT ( 'NONE',  ( 59.76262851142322319, -15.59745673555393886, 2.000000000000000000 ) ) ;
#13 = ORIENTED_EDGE ( 'NONE', *, *, #3732, .T. ) ;
#14 = LINE ( 'NONE', #1678, #4951 ) ;
#15 = ORIENTED_EDGE ( 'NONE', *, *, #4945, .F. ) ;
#16 = DIRECTION ( 'NONE',  ( -1.000000000000000000, 0.000000000000000000, 0.000000000000000000 ) ) ;
#17 = EDGE_LOOP ( 'NONE', ( #655, #3060, #1246, #1585 ) ) ;
#18 = CARTESIAN_POINT ( 'NONE',  ( 102.6545103343471226, 7.655127390084427219, -4.979999999999967564 ) ) ;
#19 = DIRECTION ( 'NONE',  ( 0.000000000000000000, 0.000000000000000000, -1.000000000000000000 ) ) ;
#20 = ORIENTED_EDGE ( 'NONE', *, *, #1121, .T. ) ;
#21 = CARTESIAN_POINT ( 'NONE',  ( 93.78636053859919741, 3.149696588006094533, -4.979999999999967564 ) ) ;
#22 = FACE_OUTER_BOUND ( 'NONE', #5091, .T. ) ;
#23 = EDGE_CURVE ( 'NONE', #2961, #4501, #2799, .T. ) ;
#24 = CYLINDRICAL_SURFACE ( 'NONE', #3147, 1.000000000000000888 ) ;
#25 = AXIS2_PLACEMENT_3D ( 'NONE', #3271, #4522, #2759 ) ;
#26 = ORIENTED_EDGE ( 'NONE', *, *, #5024, .T. ) ;
#27 = DIRECTION ( 'NONE',  ( 0.000000000000000000, 0.000000000000000000, -1.000000000000000000 ) ) ;
#28 = VECTOR ( 'NONE', #3680, 1000.000000000000000 ) ;
#29 = CARTESIAN_POINT ( 'NONE',  ( 91.87992981812230653, 8.861467282886149377, -4.979999999999967564 ) ) ;
#30 = CARTESIAN_POINT ( 'NONE',  ( 85.06581804198428642, 3.949881938976608886, -4.979999999999967564 ) ) ;
#31 = VECTOR ( 'NONE', #1700, 1000.000000000000000 ) ;
#32 = ORIENTED_EDGE ( 'NONE', *, *, #2581, .T. ) ;
#33 = CARTESIAN_POINT ( 'NONE',  ( 69.95368511499633257, -18.09745673555395484, -2.999999999999968026 ) ) ;
#34 = CARTESIAN_POINT ( 'NONE',  ( 87.14000828496686779, 6.725643756828379338, -4.979999999999967564 ) ) ;
#35 = AXIS2_PLACEMENT_3D ( 'NONE', #3737, #851, #11 ) ;
#36 = CARTESIAN_POINT ( 'NONE',  ( 102.5242788466116508, 5.769800556637290967, -4.999999999999966249 ) ) ;
#37 = ORIENTED_EDGE ( 'NONE', *, *, #2731, .F. ) ;
#38 = ADVANCED_FACE ( 'NONE', ( #2294 ), #1418, .F. ) ;
#39 = CARTESIAN_POINT ( 'NONE',  ( 117.8026420791192521, 29.74581418685401957, -2.999999999999968026 ) ) ;
#40 = EDGE_LOOP ( 'NONE', ( #2675, #1451, #947, #4334 ) ) ;
#41 = ORIENTED_EDGE ( 'NONE', *, *, #1733, .F. ) ;
#42 = CARTESIAN_POINT ( 'NONE',  ( 122.1026420791192777, -18.89745673555394490, 2.000000000000000000 ) ) ;
#43 = CARTESIAN_POINT ( 'NONE',  ( 87.85216143274631406, 12.09321081777302886, -4.979999999999967564 ) ) ;
#44 = VERTEX_POINT ( 'NONE', #1386 ) ;
#45 = CARTESIAN_POINT ( 'NONE',  ( 120.3026420791192521, 31.18497628975280023, -2.999999999999975131 ) ) ;
#46 = EDGE_CURVE ( 'NONE', #3880, #3257, #2667, .T. ) ;
#47 = CARTESIAN_POINT ( 'NONE',  ( 85.06581804198431485, 10.21259834457873517, -4.979999999999967564 ) ) ;
#48 = VERTEX_POINT ( 'NONE', #159 ) ;
#49 = CARTESIAN_POINT ( 'NONE',  ( 93.57782975213456211, 8.183676927377259602, -4.979999999999967564 ) ) ;
#50 = DIRECTION ( 'NONE',  ( 0.7071065970440503223, 0.7071069653289967505, 0.000000000000000000 ) ) ;
#51 = DIRECTION ( 'NONE',  ( -0.000000000000000000, -0.000000000000000000, -1.000000000000000000 ) ) ;
#52 = CARTESIAN_POINT ( 'NONE',  ( 87.14162738304935374, 3.767321832058573516, -4.979999999999967564 ) ) ;
#53 = ORIENTED_EDGE ( 'NONE', *, *, #2801, .F. ) ;
#54 = EDGE_CURVE ( 'NONE', #1975, #5332, #2579, .T. ) ;
#55 = CARTESIAN_POINT ( 'NONE',  ( 121.6962210810369953, 19.36573759034869724, -0.5000000000000004441 ) ) ;
#56 = DIRECTION ( 'NONE',  ( -0.000000000000000000, 0.000000000000000000, -1.000000000000000000 ) ) ;
#57 = CARTESIAN_POINT ( 'NONE',  ( 102.2080035285296731, 4.899563641367561395, -4.979999999999967564 ) ) ;
#58 = ORIENTED_EDGE ( 'NONE', *, *, #626, .F. ) ;
#59 = ADVANCED_FACE ( 'NONE', ( #923 ), #3081, .F. ) ;
#60 = DIRECTION ( 'NONE',  ( 0.000000000000000000, 0.000000000000000000, -1.000000000000000000 ) ) ;
#61 = ORIENTED_EDGE ( 'NONE', *, *, #4084, .T. ) ;
#62 = VECTOR ( 'NONE', #1755, 1000.000000000000000 ) ;
#63 = EDGE_CURVE ( 'NONE', #1779, #4541, #4777, .T. ) ;
#64 = AXIS2_PLACEMENT_3D ( 'NONE', #2947, #5212, #4634 ) ;
#65 = ORIENTED_EDGE ( 'NONE', *, *, #662, .F. ) ;
#66 = DIRECTION ( 'NONE',  ( 1.000000000000000000, 0.000000000000000000, 0.000000000000000000 ) ) ;
#67 = VERTEX_POINT ( 'NONE', #2181 ) ;
#68 = CARTESIAN_POINT ( 'NONE',  ( 121.8737872635744139, 33.50291971996323070, -1.250000000000001110 ) ) ;
#69 = CIRCLE ( 'NONE', #1137, 1.000000000000000888 ) ;
#70 = EDGE_LOOP ( 'NONE', ( #5345, #2165, #3705, #3794 ) ) ;
#71 = CARTESIAN_POINT ( 'NONE',  ( 102.2080035285296731, 4.899563641367561395, -4.979999999999967564 ) ) ;
#72 = FACE_OUTER_BOUND ( 'NONE', #4617, .T. ) ;
#73 = ORIENTED_EDGE ( 'NONE', *, *, #3791, .T. ) ;
#74 = CARTESIAN_POINT ( 'NONE',  ( 59.76262851142323740, 29.74581418685402667, 2.000000000000000000 ) ) ;
#75 = ORIENTED_EDGE ( 'NONE', *, *, #1363, .F. ) ;
#76 = VECTOR ( 'NONE', #309, 1000.000000000000000 ) ;
#77 = CARTESIAN_POINT ( 'NONE',  ( 81.10534930150754462, 6.507352899486002151, -4.999999999999968026 ) ) ;
#78 = B_SPLINE_CURVE_WITH_KNOTS ( 'NONE', 3,
 ( #4600, #1662, #2145, #3797, #71, #4154, #3343, #4130, #3725, #3324, #1737, #5073, #2920, #891, #4183, #21, #2122, #918, #4966, #425 ),
 .UNSPECIFIED., .F., .F.,
 ( 4, 1, 1, 1, 1, 1, 1, 1, 1, 1, 1, 1, 1, 1, 1, 1, 1, 4 ),
 ( -0.03117994955438785354, 0.001017855261451705573, 0.03321566007729126468, 0.09761126970897049393, 0.1620068793406497232, 0.1942046841564892823, 0.2264024889723288414, 0.2907980986040079596, 0.3551937082356870778, 0.4195893178673661961, 0.4839849274990454253, 0.5483805371307246546, 0.5805783419465642137, 0.6127761467624037728, 0.6771717563940828910, 0.7415673660257620092, 0.8059629756574412385, 0.8635792803726820566 ),
 .UNSPECIFIED. ) ;
#79 = VECTOR ( 'NONE', #2652, 1000.000000000000000 ) ;
#80 = DIRECTION ( 'NONE',  ( -1.000000000000000000, 0.000000000000000000, 0.000000000000000000 ) ) ;
#81 = DIRECTION ( 'NONE',  ( 0.000000000000000000, 0.000000000000000000, -1.000000000000000000 ) ) ;
#82 = FACE_BOUND ( 'NONE', #2115, .T. ) ;
#83 = DIRECTION ( 'NONE',  ( 0.000000000000000000, 0.000000000000000000, -1.000000000000000000 ) ) ;
#84 = AXIS2_PLACEMENT_3D ( 'NONE', #5160, #2695, #624 ) ;
#85 = CIRCLE ( 'NONE', #1392, 1.000000000000000888 ) ;
#86 = ORIENTED_EDGE ( 'NONE', *, *, #1092, .T. ) ;
#87 = FACE_OUTER_BOUND ( 'NONE', #718, .T. ) ;
#88 = CARTESIAN_POINT ( 'NONE',  ( 83.13571508705820179, 8.366002758340407297, -4.999999999999967137 ) ) ;
#89 = CARTESIAN_POINT ( 'NONE',  ( 92.41980518415502388, 4.557222913888810290, -4.979999999999967564 ) ) ;
#90 = VECTOR ( 'NONE', #1760, 1000.000000000000114 ) ;
#91 = VECTOR ( 'NONE', #4833, 1000.000000000000000 ) ;
#92 = VERTEX_POINT ( 'NONE', #591 ) ;
#93 = EDGE_CURVE ( 'NONE', #1360, #322, #3481, .T. ) ;
#94 = DIRECTION ( 'NONE',  ( 0.000000000000000000, 0.000000000000000000, -1.000000000000000000 ) ) ;
#95 = ORIENTED_EDGE ( 'NONE', *, *, #3321, .F. ) ;
#96 = CARTESIAN_POINT ( 'NONE',  ( 93.57782975213459054, 5.978803356177786021, -4.999999999999965361 ) ) ;
#97 = DIRECTION ( 'NONE',  ( -0.000000000000000000, -0.000000000000000000, 1.000000000000000000 ) ) ;
#98 = ORIENTED_EDGE ( 'NONE', *, *, #3853, .F. ) ;
#99 = DIRECTION ( 'NONE',  ( 0.000000000000000000, 0.000000000000000000, -1.000000000000000000 ) ) ;
#100 = ORIENTED_EDGE ( 'NONE', *, *, #2778, .T. ) ;
#101 = LINE ( 'NONE', #532, #2741 ) ;
#102 = ORIENTED_EDGE ( 'NONE', *, *, #773, .T. ) ;
#103 = PLANE ( 'NONE',  #522 ) ;
#104 = DIRECTION ( 'NONE',  ( 0.000000000000000000, -0.3090169943749394577, -0.9510565162951563067 ) ) ;
#105 = CARTESIAN_POINT ( 'NONE',  ( 118.8026420791192521, -15.59745673555395484, -4.999999999999968026 ) ) ;
#106 = EDGE_CURVE ( 'NONE', #205, #1617, #789, .T. ) ;
#107 = EDGE_CURVE ( 'NONE', #677, #1699, #2372, .T. ) ;
#108 = PLANE ( 'NONE',  #4916 ) ;
#109 = CARTESIAN_POINT ( 'NONE',  ( 100.2801324456351324, 8.977475825078204963, -4.979999999999967564 ) ) ;
#110 = CARTESIAN_POINT ( 'NONE',  ( 0.000000000000000000, 33.59581418685401388, -0.5000000000000000000 ) ) ;
#111 = DIRECTION ( 'NONE',  ( 0.000000000000000000, 0.000000000000000000, -1.000000000000000000 ) ) ;
#112 = PLANE ( 'NONE',  #5225 ) ;
#113 = EDGE_LOOP ( 'NONE', ( #4570, #1045, #750, #153 ) ) ;
#114 = VECTOR ( 'NONE', #1860, 1000.000000000000000 ) ;
#115 = LINE ( 'NONE', #2564, #1525 ) ;
#116 = CARTESIAN_POINT ( 'NONE',  ( 88.95329700686097851, 9.506103882827048324, -4.979999999999967564 ) ) ;
#117 = DIRECTION ( 'NONE',  ( -1.000000000000000000, 0.000000000000000000, 0.000000000000000000 ) ) ;
#118 = CARTESIAN_POINT ( 'NONE',  ( 0.000000000000000000, 5.765880612215132039, -4.979999999999967564 ) ) ;
#119 = VECTOR ( 'NONE', #1196, 1000.000000000000000 ) ;
#120 = EDGE_CURVE ( 'NONE', #4312, #5012, #5190, .T. ) ;
#121 = LINE ( 'NONE', #5119, #1211 ) ;
#122 = EDGE_LOOP ( 'NONE', ( #5391, #3499, #2147, #1512 ) ) ;
#123 = AXIS2_PLACEMENT_3D ( 'NONE', #932, #3007, #4220 ) ;
#124 = ADVANCED_FACE ( 'NONE', ( #2264, #3424 ), #2206, .T. ) ;
#125 = CARTESIAN_POINT ( 'NONE',  ( 92.89406585723018850, 7.081240141777514374, -4.999999999999965361 ) ) ;
#126 = DIRECTION ( 'NONE',  ( -1.000000000000000000, 0.000000000000000000, 0.000000000000000000 ) ) ;
#127 = ORIENTED_EDGE ( 'NONE', *, *, #3732, .F. ) ;
#128 = VERTEX_POINT ( 'NONE', #4294 ) ;
#129 = DIRECTION ( 'NONE',  ( 0.000000000000000000, 0.000000000000000000, -1.000000000000000000 ) ) ;
#130 = EDGE_CURVE ( 'NONE', #2476, #3603, #4358, .T. ) ;
#131 = EDGE_LOOP ( 'NONE', ( #285, #4919 ) ) ;
#132 =( NAMED_UNIT ( * ) SI_UNIT ( $, .STERADIAN. ) SOLID_ANGLE_UNIT ( ) );
#133 = LINE ( 'NONE', #2146, #1302 ) ;
#134 = CARTESIAN_POINT ( 'NONE',  ( 87.78219903630926524, 10.23669127012756519, -4.979999999999967564 ) ) ;
#135 = CARTESIAN_POINT ( 'NONE',  ( 87.14000828496686779, 7.740963044856600916, -4.979999999999967564 ) ) ;
#136 = DIRECTION ( 'NONE',  ( 0.000000000000000000, 0.000000000000000000, -1.000000000000000000 ) ) ;
#137 = LINE ( 'NONE', #1800, #4110 ) ;
#138 = EDGE_CURVE ( 'NONE', #4841, #583, #1445, .T. ) ;
#139 = DIRECTION ( 'NONE',  ( 1.000000000000000000, -0.000000000000000000, 0.000000000000000000 ) ) ;
#140 = LINE ( 'NONE', #2583, #697 ) ;
#141 = DIRECTION ( 'NONE',  ( 1.000000000000000000, 2.775557561562888511E-14, 0.000000000000000000 ) ) ;
#142 = VERTEX_POINT ( 'NONE', #5107 ) ;
#143 = CARTESIAN_POINT ( 'NONE',  ( 121.3026420791192521, 29.74581418685401957, -3.999999999999968026 ) ) ;
#144 = CARTESIAN_POINT ( 'NONE',  ( 83.13571508705820179, 8.366002758340407297, -4.979999999999967564 ) ) ;
#145 = DIRECTION ( 'NONE',  ( 0.000000000000000000, 0.000000000000000000, -1.000000000000000000 ) ) ;
#146 = CARTESIAN_POINT ( 'NONE',  ( 70.73262851142325758, -17.05471057676229307, -2.999999999999968026 ) ) ;
#147 = CARTESIAN_POINT ( 'NONE',  ( 122.6526420791192749, -17.07599448707702905, -0.5000000000000000000 ) ) ;
#148 = ORIENTED_EDGE ( 'NONE', *, *, #2521, .F. ) ;
#149 = CARTESIAN_POINT ( 'NONE',  ( 69.95368511499634678, 32.24581418685401957, -2.999999999999968026 ) ) ;
#150 = DIRECTION ( 'NONE',  ( 0.000000000000000000, 0.000000000000000000, -1.000000000000000000 ) ) ;
#151 = VERTEX_POINT ( 'NONE', #5133 ) ;
#152 = FACE_OUTER_BOUND ( 'NONE', #4599, .T. ) ;
#153 = ORIENTED_EDGE ( 'NONE', *, *, #479, .F. ) ;
#154 = CARTESIAN_POINT ( 'NONE',  ( 95.19359532670262070, 11.84766961349087033, -4.999999999999966249 ) ) ;
#155 = ORIENTED_EDGE ( 'NONE', *, *, #1337, .T. ) ;
#156 =( NAMED_UNIT ( * ) PLANE_ANGLE_UNIT ( ) SI_UNIT ( $, .RADIAN. ) );
#157 = VECTOR ( 'NONE', #3715, 1000.000000000000000 ) ;
#158 = CARTESIAN_POINT ( 'NONE',  ( 84.43470446290349685, 9.895094913426232708, -4.979999999999967564 ) ) ;
#159 = CARTESIAN_POINT ( 'NONE',  ( 88.09977142958013019, 7.740963044856600916, -4.979999999999967564 ) ) ;
#160 = EDGE_CURVE ( 'NONE', #4769, #656, #3570, .T. ) ;
#161 = AXIS2_PLACEMENT_3D ( 'NONE', #1640, #4974, #50 ) ;
#162 = CARTESIAN_POINT ( 'NONE',  ( 117.8026420791192521, 29.74581418685401957, -3.999999999999968026 ) ) ;
#163 = DIRECTION ( 'NONE',  ( 0.000000000000000000, 0.000000000000000000, -1.000000000000000000 ) ) ;
#164 = LINE ( 'NONE', #3427, #2086 ) ;
#165 = AXIS2_PLACEMENT_3D ( 'NONE', #417, #4620, #16 ) ;
#166 = CARTESIAN_POINT ( 'NONE',  ( 74.18710827339828029, -18.09745673555395840, -92.58679254334981579 ) ) ;
#167 = ORIENTED_EDGE ( 'NONE', *, *, #3641, .F. ) ;
#168 = EDGE_CURVE ( 'NONE', #3186, #917, #3740, .T. ) ;
#169 = VECTOR ( 'NONE', #456, 1000.000000000000000 ) ;
#170 = DIRECTION ( 'NONE',  ( -1.000000000000000000, 0.000000000000000000, 0.000000000000000000 ) ) ;
#171 = CARTESIAN_POINT ( 'NONE',  ( 87.78219903630926524, 10.23669127012756519, -4.979999999999967564 ) ) ;
#172 = CARTESIAN_POINT ( 'NONE',  ( 83.13571508705820179, 8.366002758340407297, -4.999999999999968026 ) ) ;
#173 = AXIS2_PLACEMENT_3D ( 'NONE', #3974, #4473, #4863 ) ;
#174 = LINE ( 'NONE', #147, #62 ) ;
#175 = ORIENTED_EDGE ( 'NONE', *, *, #1639, .T. ) ;
#176 = CIRCLE ( 'NONE', #2454, 1.000000000000000888 ) ;
#177 = CARTESIAN_POINT ( 'NONE',  ( 0.000000000000000000, 32.24581418685401957, -92.58679254334981579 ) ) ;
#178 = VERTEX_POINT ( 'NONE', #3944 ) ;
#179 = CARTESIAN_POINT ( 'NONE',  ( 57.01262851142327293, 9.695901428058146365, -4.249999999999967137 ) ) ;
#180 = ORIENTED_EDGE ( 'NONE', *, *, #1751, .T. ) ;
#181 = DIRECTION ( 'NONE',  ( -1.000000000000000000, 0.000000000000000000, 0.000000000000000000 ) ) ;
#182 = EDGE_LOOP ( 'NONE', ( #4379, #2634, #1495, #127, #2992, #4361, #3018, #732, #1320, #3072, #715, #530 ) ) ;
#183 = DIRECTION ( 'NONE',  ( 0.000000000000000000, 0.000000000000000000, 1.000000000000000000 ) ) ;
#184 = CARTESIAN_POINT ( 'NONE',  ( 125.5948143801982866, 9.046031344733112434, 2.939233756643952589 ) ) ;
#185 = ORIENTED_EDGE ( 'NONE', *, *, #4970, .F. ) ;
#186 = CARTESIAN_POINT ( 'NONE',  ( 91.87992981812230653, 8.861467282886149377, -4.999999999999968026 ) ) ;
#187 = DIRECTION ( 'NONE',  ( -0.000000000000000000, -0.000000000000000000, -1.000000000000000000 ) ) ;
#188 = ADVANCED_FACE ( 'NONE', ( #1743 ), #1334, .T. ) ;
#189 = CARTESIAN_POINT ( 'NONE',  ( 121.7323656577220703, 33.36149861334138933, -0.5000000000000000000 ) ) ;
#190 = DIRECTION ( 'NONE',  ( -1.000000000000000000, 0.000000000000000000, 0.000000000000000000 ) ) ;
#191 = ADVANCED_FACE ( 'NONE', ( #538 ), #1140, .F. ) ;
#192 = FACE_BOUND ( 'NONE', #131, .T. ) ;
#193 = ORIENTED_EDGE ( 'NONE', *, *, #130, .F. ) ;
#194 = VERTEX_POINT ( 'NONE', #267 ) ;
#195 = CARTESIAN_POINT ( 'NONE',  ( 98.94611461203105307, 2.115417445241024819, -4.999999999999968026 ) ) ;
#196 = LINE ( 'NONE', #1870, #3299 ) ;
#197 = DIRECTION ( 'NONE',  ( 0.000000000000000000, 0.000000000000000000, -1.000000000000000000 ) ) ;
#198 = AXIS2_PLACEMENT_3D ( 'NONE', #5340, #1136, #4944 ) ;
#199 = CARTESIAN_POINT ( 'NONE',  ( 99.32515517334117305, 4.267385370128940814, -4.979999999999967564 ) ) ;
#200 = AXIS2_PLACEMENT_3D ( 'NONE', #4415, #4939, #2728 ) ;
#201 = DIRECTION ( 'NONE',  ( -1.000000000000000000, 0.000000000000000000, 0.000000000000000000 ) ) ;
#202 = EDGE_CURVE ( 'NONE', #4117, #4149, #1914, .T. ) ;
#203 = EDGE_LOOP ( 'NONE', ( #4318, #3541, #4467, #4583 ) ) ;
#204 = CARTESIAN_POINT ( 'NONE',  ( 82.88733903135411651, 7.021124127844889706, -4.999999999999967137 ) ) ;
#205 = VERTEX_POINT ( 'NONE', #1504 ) ;
#206 = VECTOR ( 'NONE', #2502, 1000.000000000000000 ) ;
#207 = CARTESIAN_POINT ( 'NONE',  ( 98.94611460910648759, 12.04706284191918542, -4.999999999999966249 ) ) ;
#208 = ORIENTED_EDGE ( 'NONE', *, *, #2925, .F. ) ;
#209 = DIRECTION ( 'NONE',  ( 0.000000000000000000, 1.000000000000000000, 0.000000000000000000 ) ) ;
#210 = DIRECTION ( 'NONE',  ( -0.000000000000000000, -0.000000000000000000, 1.000000000000000000 ) ) ;
#211 = CARTESIAN_POINT ( 'NONE',  ( 74.18710827339828029, -18.09745673555395840, -2.999999999999968026 ) ) ;
#212 = DIRECTION ( 'NONE',  ( 1.000000000000000000, -0.000000000000000000, 0.000000000000000000 ) ) ;
#213 = DIRECTION ( 'NONE',  ( 0.000000000000000000, 0.000000000000000000, -1.000000000000000000 ) ) ;
#214 = PLANE ( 'NONE',  #1867 ) ;
#215 = DIRECTION ( 'NONE',  ( 0.000000000000000000, 0.000000000000000000, -1.000000000000000000 ) ) ;
#216 = DIRECTION ( 'NONE',  ( 0.000000000000000000, -0.3090169943749446757, -0.9510565162951544194 ) ) ;
#217 = DIRECTION ( 'NONE',  ( -0.000000000000000000, -0.000000000000000000, 1.000000000000000000 ) ) ;
#218 = ORIENTED_EDGE ( 'NONE', *, *, #1659, .T. ) ;
#219 = VERTEX_POINT ( 'NONE', #5215 ) ;
#220 = FACE_OUTER_BOUND ( 'NONE', #4168, .T. ) ;
#221 = ORIENTED_EDGE ( 'NONE', *, *, #4563, .T. ) ;
#222 = LINE ( 'NONE', #3232, #76 ) ;
#223 = DIRECTION ( 'NONE',  ( 0.7071067811864090169, -0.7071067811866860175, 0.000000000000000000 ) ) ;
#224 = CARTESIAN_POINT ( 'NONE',  ( 113.6061745212482919, 26.53114188592600087, -4.999999999999968026 ) ) ;
#225 = ADVANCED_FACE ( 'NONE', ( #4835 ), #2785, .F. ) ;
#226 = DIRECTION ( 'NONE',  ( -1.000000000000000000, 0.000000000000000000, 0.000000000000000000 ) ) ;
#227 = ORIENTED_EDGE ( 'NONE', *, *, #4187, .F. ) ;
#228 = CARTESIAN_POINT ( 'NONE',  ( 85.06581804198428642, 3.949881938976608886, -4.999999999999967137 ) ) ;
#229 = ADVANCED_FACE ( 'NONE', ( #3191 ), #3218, .F. ) ;
#230 = DIRECTION ( 'NONE',  ( 0.000000000000000000, -1.000000000000000000, 0.000000000000000000 ) ) ;
#231 = ORIENTED_EDGE ( 'NONE', *, *, #5183, .F. ) ;
#232 = DIRECTION ( 'NONE',  ( 1.000000000000000000, 0.000000000000000000, 0.000000000000000000 ) ) ;
#233 = DIRECTION ( 'NONE',  ( -0.000000000000000000, -0.000000000000000000, 1.000000000000000000 ) ) ;
#234 = CARTESIAN_POINT ( 'NONE',  ( 120.8026420791192521, -18.09745673555396550, -2.999999999999975131 ) ) ;
#235 = CARTESIAN_POINT ( 'NONE',  ( 82.02339349172356719, 4.125901618896371303, -4.999999999999968026 ) ) ;
#236 = CARTESIAN_POINT ( 'NONE',  ( 122.8026285114232650, -11.97471057676247064, 2.000000000000000000 ) ) ;
#237 = AXIS2_PLACEMENT_3D ( 'NONE', #3491, #1547, #1089 ) ;
#238 = DIRECTION ( 'NONE',  ( -1.000000000000000000, 0.000000000000000000, 0.000000000000000000 ) ) ;
#239 = CARTESIAN_POINT ( 'NONE',  ( 122.1026420791192777, -19.64745673555395200, -1.249999999999999778 ) ) ;
#240 = VERTEX_POINT ( 'NONE', #5330 ) ;
#241 = AXIS2_PLACEMENT_3D ( 'NONE', #3429, #3864, #458 ) ;
#242 = VERTEX_POINT ( 'NONE', #3243 ) ;
#243 = CARTESIAN_POINT ( 'NONE',  ( 87.78219903630919418, 3.925789013427738006, -4.999999999999968026 ) ) ;
#244 = AXIS2_PLACEMENT_3D ( 'NONE', #1147, #2805, #4046 ) ;
#245 = DIRECTION ( 'NONE',  ( -0.000000000000000000, -0.000000000000000000, -1.000000000000000000 ) ) ;
#246 = ORIENTED_EDGE ( 'NONE', *, *, #1421, .T. ) ;
#247 = CARTESIAN_POINT ( 'NONE',  ( 81.08557224947320208, 6.890959614555012713, -4.979999999999967564 ) ) ;
#248 = DIRECTION ( 'NONE',  ( -1.000000000000000000, 0.000000000000000000, 0.000000000000000000 ) ) ;
#249 = CARTESIAN_POINT ( 'NONE',  ( 70.73262851142325758, -17.05471057676229307, -0.5000000000000000000 ) ) ;
#250 = CIRCLE ( 'NONE', #3302, 2.500000000000002220 ) ;
#251 = VECTOR ( 'NONE', #1192, 1000.000000000000000 ) ;
#252 = DIRECTION ( 'NONE',  ( 0.000000000000000000, 0.000000000000000000, -1.000000000000000000 ) ) ;
#253 = AXIS2_PLACEMENT_3D ( 'NONE', #2073, #3704, #3273 ) ;
#254 = EDGE_CURVE ( 'NONE', #1009, #4013, #961, .T. ) ;
#255 = ORIENTED_EDGE ( 'NONE', *, *, #2880, .T. ) ;
#256 = CARTESIAN_POINT ( 'NONE',  ( 88.38337899069527737, 4.228132077665787136, -4.999999999999967137 ) ) ;
#257 = ORIENTED_EDGE ( 'NONE', *, *, #4723, .T. ) ;
#258 = VECTOR ( 'NONE', #2385, 1000.000000000000000 ) ;
#259 = EDGE_CURVE ( 'NONE', #2402, #4819, #1474, .T. ) ;
#260 = CARTESIAN_POINT ( 'NONE',  ( 101.7364661426487942, 10.03657867010265292, -4.999999999999966249 ) ) ;
#261 = EDGE_LOOP ( 'NONE', ( #1524, #4124, #2811, #834 ) ) ;
#262 = CARTESIAN_POINT ( 'NONE',  ( 100.8725206048905250, 7.021124127844700524, -4.979999999999967564 ) ) ;
#263 = DIRECTION ( 'NONE',  ( 1.000000000000000000, -0.000000000000000000, -0.000000000000000000 ) ) ;
#264 = AXIS2_PLACEMENT_3D ( 'NONE', #5299, #1551, #3211 ) ;
#265 = VECTOR ( 'NONE', #4155, 1000.000000000000000 ) ;
#266 = LINE ( 'NONE', #2627, #4706 ) ;
#267 = CARTESIAN_POINT ( 'NONE',  ( 113.6061745212482919, 26.53114188592600087, -2.999999999999968026 ) ) ;
#268 = CARTESIAN_POINT ( 'NONE',  ( 57.01262851142327293, 9.695901428058146365, -4.249999999999967137 ) ) ;
#269 = VERTEX_POINT ( 'NONE', #1630 ) ;
#270 = DIRECTION ( 'NONE',  ( -0.000000000000000000, -0.000000000000000000, -1.000000000000000000 ) ) ;
#271 = CARTESIAN_POINT ( 'NONE',  ( 118.8026420791192521, 29.74581418685401957, -2.999999999999968026 ) ) ;
#272 = EDGE_CURVE ( 'NONE', #2119, #2752, #2069, .T. ) ;
#273 = DIRECTION ( 'NONE',  ( -0.000000000000000000, -0.000000000000000000, 1.000000000000000000 ) ) ;
#274 = ORIENTED_EDGE ( 'NONE', *, *, #3830, .T. ) ;
#275 = FACE_OUTER_BOUND ( 'NONE', #2783, .T. ) ;
#276 = ORIENTED_EDGE ( 'NONE', *, *, #603, .F. ) ;
#277 = FACE_OUTER_BOUND ( 'NONE', #3119, .T. ) ;
#278 = ORIENTED_EDGE ( 'NONE', *, *, #3949, .T. ) ;
#279 = FACE_OUTER_BOUND ( 'NONE', #40, .T. ) ;
#280 = LINE ( 'NONE', #2848, #1224 ) ;
#281 = CARTESIAN_POINT ( 'NONE',  ( 117.0144144982132843, 26.53114188592600087, -4.999999999999968026 ) ) ;
#282 = VERTEX_POINT ( 'NONE', #1612 ) ;
#283 = CARTESIAN_POINT ( 'NONE',  ( 86.12468899693865865, 8.700726189469849103, -4.979999999999967564 ) ) ;
#284 = DIRECTION ( 'NONE',  ( 0.000000000000000000, 0.000000000000000000, -1.000000000000000000 ) ) ;
#285 = ORIENTED_EDGE ( 'NONE', *, *, #3141, .T. ) ;
#286 = CARTESIAN_POINT ( 'NONE',  ( 82.88837248373860689, 7.081240141777757735, -4.979999999999967564 ) ) ;
#287 = EDGE_CURVE ( 'NONE', #3264, #3640, #4355, .T. ) ;
#288 = VECTOR ( 'NONE', #2358, 1000.000000000000000 ) ;
#289 = ORIENTED_EDGE ( 'NONE', *, *, #690, .T. ) ;
#290 = CARTESIAN_POINT ( 'NONE',  ( 87.14000828496686779, 0.000000000000000000, -4.979999999999967564 ) ) ;
#291 = DIRECTION ( 'NONE',  ( 0.000000000000000000, -0.000000000000000000, 1.000000000000000000 ) ) ;
#292 = ORIENTED_EDGE ( 'NONE', *, *, #995, .F. ) ;
#293 = VECTOR ( 'NONE', #3115, 1000.000000000000000 ) ;
#294 = CARTESIAN_POINT ( 'NONE',  ( 83.80641845157784076, 2.537988583367394302, -4.979999999999967564 ) ) ;
#295 = EDGE_CURVE ( 'NONE', #342, #5093, #2890, .T. ) ;
#296 = DIRECTION ( 'NONE',  ( -1.000000000000000000, 0.000000000000000000, 0.000000000000000000 ) ) ;
#297 = ORIENTED_EDGE ( 'NONE', *, *, #5070, .T. ) ;
#298 = PRODUCT ( '\X2\51685305591658f35e9576d6\X0\', '\X2\51685305591658f35e9576d6\X0\', '', ( #3531 ) ) ;
#299 = AXIS2_PLACEMENT_3D ( 'NONE', #518, #1288, #3333 ) ;
#300 = DIRECTION ( 'NONE',  ( -1.000000000000000000, 0.000000000000000000, 0.000000000000000000 ) ) ;
#301 = EDGE_CURVE ( 'NONE', #3184, #2136, #2861, .T. ) ;
#302 = CARTESIAN_POINT ( 'NONE',  ( 68.00283379874937850, 31.24581418685402312, -0.5000000000000004441 ) ) ;
#303 = ORIENTED_EDGE ( 'NONE', *, *, #4717, .T. ) ;
#304 = ORIENTED_EDGE ( 'NONE', *, *, #5242, .F. ) ;
#305 = EDGE_CURVE ( 'NONE', #3936, #3909, #1229, .T. ) ;
#306 = CARTESIAN_POINT ( 'NONE',  ( 91.87992981812230653, 5.301013001641475597, -4.999999999999968026 ) ) ;
#307 = CARTESIAN_POINT ( 'NONE',  ( 125.5948143801982866, 17.94201802533924095, -1.250000000000001110 ) ) ;
#308 = ORIENTED_EDGE ( 'NONE', *, *, #1908, .F. ) ;
#309 = DIRECTION ( 'NONE',  ( -1.000000000000000000, 0.000000000000000000, 0.000000000000000000 ) ) ;
#310 = DIRECTION ( 'NONE',  ( -0.000000000000000000, -0.000000000000000000, -1.000000000000000000 ) ) ;
#311 = CARTESIAN_POINT ( 'NONE',  ( 100.6241445491864113, 8.366002758340451706, -4.979999999999967564 ) ) ;
#312 = ORIENTED_EDGE ( 'NONE', *, *, #800, .F. ) ;
#313 = EDGE_CURVE ( 'NONE', #3865, #558, #4176, .T. ) ;
#314 = DIRECTION ( 'NONE',  ( -0.000000000000000000, -0.000000000000000000, -1.000000000000000000 ) ) ;
#315 = DIRECTION ( 'NONE',  ( 0.000000000000000000, -1.000000000000000000, 0.000000000000000000 ) ) ;
#316 = ORIENTED_EDGE ( 'NONE', *, *, #3893, .T. ) ;
#317 = CARTESIAN_POINT ( 'NONE',  ( 56.51262851142327293, 32.79581418685401673, -1.250000000000001110 ) ) ;
#318 = EDGE_LOOP ( 'NONE', ( #368, #41 ) ) ;
#319 = CARTESIAN_POINT ( 'NONE',  ( 83.80641845450492156, 11.62449170468931392, -4.999999999999968026 ) ) ;
#320 = DIRECTION ( 'NONE',  ( -0.000000000000000000, -0.000000000000000000, 1.000000000000000000 ) ) ;
#321 = DIRECTION ( 'NONE',  ( 0.000000000000000000, 0.000000000000000000, -1.000000000000000000 ) ) ;
#322 = VERTEX_POINT ( 'NONE', #4150 ) ;
#323 = DIRECTION ( 'NONE',  ( 0.000000000000000000, -0.2576626505603351047, -0.9662349396012455127 ) ) ;
#324 = EDGE_CURVE ( 'NONE', #5375, #3901, #3820, .T. ) ;
#325 = DIRECTION ( 'NONE',  ( -1.000000000000000000, 0.000000000000000000, 0.000000000000000000 ) ) ;
#326 = ORIENTED_EDGE ( 'NONE', *, *, #1900, .F. ) ;
#327 = ORIENTED_EDGE ( 'NONE', *, *, #2488, .F. ) ;
#328 = AXIS2_PLACEMENT_3D ( 'NONE', #249, #1932, #3582 ) ;
#329 = CARTESIAN_POINT ( 'NONE',  ( 72.00262851142325360, 31.20528942323797139, 1.250000000000070610 ) ) ;
#330 = DIRECTION ( 'NONE',  ( -1.000000000000000000, 0.000000000000000000, 0.000000000000000000 ) ) ;
#331 = ORIENTED_EDGE ( 'NONE', *, *, #3674, .T. ) ;
#332 = DIRECTION ( 'NONE',  ( -0.000000000000000000, -1.000000000000000000, 0.000000000000000000 ) ) ;
#333 = VECTOR ( 'NONE', #478, 1000.000000000000000 ) ;
#334 = EDGE_CURVE ( 'NONE', #3615, #4497, #612, .T. ) ;
#335 = CARTESIAN_POINT ( 'NONE',  ( 100.8714871525060346, 7.081240141777612074, -4.999999999999968026 ) ) ;
#336 = ORIENTED_EDGE ( 'NONE', *, *, #5377, .T. ) ;
#337 = LINE ( 'NONE', #366, #4115 ) ;
#338 = VECTOR ( 'NONE', #2467, 1000.000000000000000 ) ;
#339 = EDGE_LOOP ( 'NONE', ( #53, #2715, #895, #1539 ) ) ;
#340 = EDGE_CURVE ( 'NONE', #1162, #4095, #1681, .T. ) ;
#341 = CARTESIAN_POINT ( 'NONE',  ( 122.8526420791192777, 0.000000000000000000, -0.5000000000000000000 ) ) ;
#342 = VERTEX_POINT ( 'NONE', #1275 ) ;
#343 = VECTOR ( 'NONE', #2417, 1000.000000000000000 ) ;
#344 = ORIENTED_EDGE ( 'NONE', *, *, #2461, .F. ) ;
#345 = ORIENTED_EDGE ( 'NONE', *, *, #4817, .T. ) ;
#346 = AXIS2_PLACEMENT_3D ( 'NONE', #3773, #3361, #4576 ) ;
#347 = DIRECTION ( 'NONE',  ( 0.7071067811864085728, -0.7071067811866864616, 0.000000000000000000 ) ) ;
#348 = AXIS2_PLACEMENT_3D ( 'NONE', #4314, #1730, #468 ) ;
#349 = VECTOR ( 'NONE', #4892, 1000.000000000000000 ) ;
#350 = CARTESIAN_POINT ( 'NONE',  ( 70.15368511499633541, 26.53114188592600087, -2.999999999999968026 ) ) ;
#351 = ORIENTED_EDGE ( 'NONE', *, *, #4945, .T. ) ;
#352 = CARTESIAN_POINT ( 'NONE',  ( 100.8568353425063009, 7.460141484757901509, -4.999999999999968026 ) ) ;
#353 = AXIS2_PLACEMENT_3D ( 'NONE', #42, #3357, #5035 ) ;
#354 = CARTESIAN_POINT ( 'NONE',  ( 121.3026285114233218, 15.96528942323700839, 2.000000000000000000 ) ) ;
#355 = ADVANCED_FACE ( 'NONE', ( #2937 ), #2118, .T. ) ;
#356 = CARTESIAN_POINT ( 'NONE',  ( 82.88733903135411651, 7.141356155710509412, -4.979999999999967564 ) ) ;
#357 = ORIENTED_EDGE ( 'NONE', *, *, #803, .T. ) ;
#358 = ADVANCED_FACE ( 'NONE', ( #4622 ), #886, .T. ) ;
#359 = CARTESIAN_POINT ( 'NONE',  ( 92.04660895112613161, 5.057944329663973448, -4.999999999999968026 ) ) ;
#360 = DIRECTION ( 'NONE',  ( 0.000000000000000000, 0.3090169943749398462, -0.9510565162951560847 ) ) ;
#361 = DIRECTION ( 'NONE',  ( 0.000000000000000000, 0.000000000000000000, -1.000000000000000000 ) ) ;
#362 = DIRECTION ( 'NONE',  ( 1.000000000000000000, -0.000000000000000000, 0.000000000000000000 ) ) ;
#363 = CARTESIAN_POINT ( 'NONE',  ( 100.8715363860797396, 7.084149243936503026, -4.979999999999967564 ) ) ;
#364 = ORIENTED_EDGE ( 'NONE', *, *, #3830, .F. ) ;
#365 = CARTESIAN_POINT ( 'NONE',  ( 102.5242788458393051, 8.392679732630226042, -4.999999999999966249 ) ) ;
#366 = CARTESIAN_POINT ( 'NONE',  ( 57.51262851142327293, 33.79581418685401673, 2.000000000000000000 ) ) ;
#367 = CARTESIAN_POINT ( 'NONE',  ( 99.95344118448183224, 2.537988583231631345, -4.999999999999966249 ) ) ;
#368 = ORIENTED_EDGE ( 'NONE', *, *, #4961, .F. ) ;
#369 = DIRECTION ( 'NONE',  ( 0.000000000000000000, 0.000000000000000000, -1.000000000000000000 ) ) ;
#370 = ADVANCED_FACE ( 'NONE', ( #1203 ), #788, .F. ) ;
#371 = ADVANCED_FACE ( 'NONE', ( #152 ), #5152, .T. ) ;
#372 = EDGE_LOOP ( 'NONE', ( #3956, #2889 ) ) ;
#373 = ORIENTED_EDGE ( 'NONE', *, *, #313, .T. ) ;
#374 = CARTESIAN_POINT ( 'NONE',  ( 96.79345965067956570, 12.23508241902176685, -4.979999999999967564 ) ) ;
#375 = VECTOR ( 'NONE', #2641, 1000.000000000000000 ) ;
#376 = CARTESIAN_POINT ( 'NONE',  ( 122.8026285114233218, 15.96528942323700839, 2.000000000000000000 ) ) ;
#377 = EDGE_LOOP ( 'NONE', ( #1383, #5362, #1966, #2497 ) ) ;
#378 = CARTESIAN_POINT ( 'NONE',  ( 97.35788106744738002, 10.45167162328543498, -4.999999999999968026 ) ) ;
#379 = CIRCLE ( 'NONE', #4745, 3.000000000000002665 ) ;
#380 = LINE ( 'NONE', #427, #4887 ) ;
#381 = EDGE_LOOP ( 'NONE', ( #61, #2764 ) ) ;
#382 = VECTOR ( 'NONE', #230, 1000.000000000000000 ) ;
#383 = EDGE_CURVE ( 'NONE', #558, #3130, #3470, .T. ) ;
#384 = DIRECTION ( 'NONE',  ( -0.000000000000000000, 0.000000000000000000, -1.000000000000000000 ) ) ;
#385 = PLANE ( 'NONE',  #4962 ) ;
#386 = LINE ( 'NONE', #1643, #3653 ) ;
#387 = FACE_OUTER_BOUND ( 'NONE', #3846, .T. ) ;
#388 = VERTEX_POINT ( 'NONE', #5068 ) ;
#389 = CARTESIAN_POINT ( 'NONE',  ( 88.09977142958013019, 0.000000000000000000, -4.979999999999967564 ) ) ;
#390 = CARTESIAN_POINT ( 'NONE',  ( 86.12468899693865865, 5.765880612215132039, -4.999999999999968026 ) ) ;
#391 = ORIENTED_EDGE ( 'NONE', *, *, #3378, .F. ) ;
#392 = EDGE_CURVE ( 'NONE', #3099, #1990, #3045, .T. ) ;
#393 = DIRECTION ( 'NONE',  ( 0.000000000000000000, 1.000000000000000000, 0.000000000000000000 ) ) ;
#394 = EDGE_CURVE ( 'NONE', #128, #1645, #1412, .T. ) ;
#395 = ORIENTED_EDGE ( 'NONE', *, *, #3223, .F. ) ;
#396 = DIRECTION ( 'NONE',  ( -1.000000000000000000, 0.000000000000000000, 0.000000000000000000 ) ) ;
#397 = ADVANCED_FACE ( 'NONE', ( #1327 ), #2141, .T. ) ;
#398 = CARTESIAN_POINT ( 'NONE',  ( 125.0948143801982866, 0.9393850070267475427, -3.112090360152051538 ) ) ;
#399 = EDGE_LOOP ( 'NONE', ( #2712, #3203, #443, #4373 ) ) ;
#400 = CARTESIAN_POINT ( 'NONE',  ( 113.6061745212482919, 26.53114188592600087, -2.999999999999968026 ) ) ;
#401 = LINE ( 'NONE', #3326, #1925 ) ;
#402 = ORIENTED_EDGE ( 'NONE', *, *, #120, .T. ) ;
#403 = CARTESIAN_POINT ( 'NONE',  ( 69.00283379874937850, 31.24581418685402312, -2.999999999999975131 ) ) ;
#404 = CARTESIAN_POINT ( 'NONE',  ( 121.3026285114232650, -11.97471057676247064, 1.250000000000070610 ) ) ;
#405 = FACE_OUTER_BOUND ( 'NONE', #113, .T. ) ;
#406 = CARTESIAN_POINT ( 'NONE',  ( 82.88733903135411651, 7.021124127844889706, -4.979999999999967564 ) ) ;
#407 = DIRECTION ( 'NONE',  ( 0.000000000000000000, 0.000000000000000000, -1.000000000000000000 ) ) ;
#408 = ORIENTED_EDGE ( 'NONE', *, *, #927, .T. ) ;
#409 = FACE_OUTER_BOUND ( 'NONE', #3078, .T. ) ;
#410 = AXIS2_PLACEMENT_3D ( 'NONE', #4225, #575, #3899 ) ;
#411 = CARTESIAN_POINT ( 'NONE',  ( 125.5948143801982866, -13.91960734795780397, -4.999999999999962697 ) ) ;
#412 = EDGE_LOOP ( 'NONE', ( #2022, #4198, #1510, #742 ) ) ;
#413 = EDGE_CURVE ( 'NONE', #3645, #1096, #3793, .T. ) ;
#414 = CARTESIAN_POINT ( 'NONE',  ( 123.0526420791192805, 33.79581418685401673, -1.249999999999999778 ) ) ;
#415 = VECTOR ( 'NONE', #2438, 1000.000000000000000 ) ;
#416 = ADVANCED_FACE ( 'NONE', ( #3098 ), #2172, .T. ) ;
#417 = CARTESIAN_POINT ( 'NONE',  ( 60.76262851142322319, -15.59745673555393886, -3.999999999999968026 ) ) ;
#418 = AXIS2_PLACEMENT_3D ( 'NONE', #2344, #3261, #2401 ) ;
#419 = ORIENTED_EDGE ( 'NONE', *, *, #3209, .F. ) ;
#420 = CARTESIAN_POINT ( 'NONE',  ( 101.7364661426487942, 10.03657867010265292, -4.979999999999967564 ) ) ;
#421 = EDGE_CURVE ( 'NONE', #1304, #758, #521, .T. ) ;
#422 = AXIS2_PLACEMENT_3D ( 'NONE', #3085, #4756, #5049 ) ;
#423 = CARTESIAN_POINT ( 'NONE',  ( 89.97349910001399564, 11.01278369614810337, -4.979999999999967564 ) ) ;
#424 = VERTEX_POINT ( 'NONE', #179 ) ;
#425 = CARTESIAN_POINT ( 'NONE',  ( 91.87992981812230653, 5.301013001641475597, -4.979999999999967564 ) ) ;
#426 = CIRCLE ( 'NONE', #173, 1.500000000000001332 ) ;
#427 = CARTESIAN_POINT ( 'NONE',  ( 85.16492585232541046, 0.000000000000000000, -4.999999999999968026 ) ) ;
#428 = ORIENTED_EDGE ( 'NONE', *, *, #4961, .T. ) ;
#429 = AXIS2_PLACEMENT_3D ( 'NONE', #4910, #213, #1972 ) ;
#430 = VECTOR ( 'NONE', #3444, 1000.000000000000000 ) ;
#431 = CIRCLE ( 'NONE', #5252, 1.000000000000000888 ) ;
#432 = FACE_BOUND ( 'NONE', #3601, .T. ) ;
#433 = ADVANCED_FACE ( 'NONE', ( #5124 ), #4712, .F. ) ;
#434 = CARTESIAN_POINT ( 'NONE',  ( 92.89406585723018850, 7.081240141777514374, -4.999999999999968026 ) ) ;
#435 = CARTESIAN_POINT ( 'NONE',  ( 83.04167090796339323, 11.11975072594344027, -4.979999999999967564 ) ) ;
#436 = CARTESIAN_POINT ( 'NONE',  ( 125.5948143801982866, -13.91960734795780397, -92.58679254334981579 ) ) ;
#437 = CARTESIAN_POINT ( 'NONE',  ( 59.76262851142322319, -2.684444993235535980E-14, -92.58679254334981579 ) ) ;
#438 = LINE ( 'NONE', #2114, #639 ) ;
#439 = EDGE_LOOP ( 'NONE', ( #3919, #3380, #5290, #1949, #3350, #496, #73, #5009, #3501, #1326, #3828, #5298 ) ) ;
#440 = CARTESIAN_POINT ( 'NONE',  ( 95.66113095924745835, 6.725643756828379338, -4.979999999999967564 ) ) ;
#441 = ORIENTED_EDGE ( 'NONE', *, *, #1366, .F. ) ;
#442 = EDGE_CURVE ( 'NONE', #4208, #1534, #1789, .T. ) ;
#443 = ORIENTED_EDGE ( 'NONE', *, *, #2938, .F. ) ;
#444 = CARTESIAN_POINT ( 'NONE',  ( 100.7181887283366422, 11.11975072575926404, -4.979999999999967564 ) ) ;
#445 = ORIENTED_EDGE ( 'NONE', *, *, #5377, .F. ) ;
#446 = CARTESIAN_POINT ( 'NONE',  ( 91.71325068557820259, 9.104535954424910926, -4.979999999999967564 ) ) ;
#447 = ORIENTED_EDGE ( 'NONE', *, *, #2341, .T. ) ;
#448 = CARTESIAN_POINT ( 'NONE',  ( 56.51262851142327293, 9.695901428058146365, -4.249999999999967137 ) ) ;
#449 = CARTESIAN_POINT ( 'NONE',  ( 118.8026420791192521, 29.74581418685401957, -4.999999999999968026 ) ) ;
#450 = AXIS2_PLACEMENT_3D ( 'NONE', #2106, #2898, #820 ) ;
#451 = ORIENTED_EDGE ( 'NONE', *, *, #4746, .T. ) ;
#452 = EDGE_CURVE ( 'NONE', #3021, #142, #976, .T. ) ;
#453 = PLANE ( 'NONE',  #4556 ) ;
#454 = VECTOR ( 'NONE', #1830, 1000.000000000000000 ) ;
#455 = DIRECTION ( 'NONE',  ( -1.000000000000000000, 0.000000000000000000, 0.000000000000000000 ) ) ;
#456 = DIRECTION ( 'NONE',  ( 0.000000000000000000, 1.000000000000000000, 0.000000000000000000 ) ) ;
#457 = LINE ( 'NONE', #2037, #954 ) ;
#458 = DIRECTION ( 'NONE',  ( -1.000000000000000000, 0.000000000000000000, 0.000000000000000000 ) ) ;
#459 = CONICAL_SURFACE ( 'NONE', #4921, 1.500000000000001332, 0.2606023917473493934 ) ;
#460 = EDGE_LOOP ( 'NONE', ( #963, #2053, #4748, #2480 ) ) ;
#461 = EDGE_CURVE ( 'NONE', #2365, #2524, #581, .T. ) ;
#462 = DIRECTION ( 'NONE',  ( -1.000000000000000000, 5.634916437861264882E-16, 0.000000000000000000 ) ) ;
#463 = FACE_OUTER_BOUND ( 'NONE', #1067, .T. ) ;
#464 = AXIS2_PLACEMENT_3D ( 'NONE', #2308, #3177, #1401 ) ;
#465 = VERTEX_POINT ( 'NONE', #2572 ) ;
#466 = DIRECTION ( 'NONE',  ( -0.000000000000000000, -0.000000000000000000, 1.000000000000000000 ) ) ;
#467 = VERTEX_POINT ( 'NONE', #2254 ) ;
#468 = DIRECTION ( 'NONE',  ( 0.000000000000000000, 0.000000000000000000, -1.000000000000000000 ) ) ;
#469 = EDGE_LOOP ( 'NONE', ( #5260, #1219 ) ) ;
#470 = CARTESIAN_POINT ( 'NONE',  ( 91.71325068557820259, 9.104535954424910926, -4.999999999999966249 ) ) ;
#471 = ORIENTED_EDGE ( 'NONE', *, *, #4219, .T. ) ;
#472 = FACE_OUTER_BOUND ( 'NONE', #4177, .T. ) ;
#473 = CARTESIAN_POINT ( 'NONE',  ( 125.3019213455272904, -14.62671394500184796, -1.250000000000001110 ) ) ;
#474 = ORIENTED_EDGE ( 'NONE', *, *, #1465, .F. ) ;
#475 = CARTESIAN_POINT ( 'NONE',  ( 82.90302429373831217, 7.460141484757859764, -4.979999999999967564 ) ) ;
#476 = ORIENTED_EDGE ( 'NONE', *, *, #2897, .T. ) ;
#477 = CARTESIAN_POINT ( 'NONE',  ( 100.7980518846775908, 7.836802079403089927, -4.979999999999967564 ) ) ;
#478 = DIRECTION ( 'NONE',  ( -0.000000000000000000, -0.000000000000000000, -1.000000000000000000 ) ) ;
#479 = EDGE_CURVE ( 'NONE', #3148, #1606, #4229, .T. ) ;
#480 = CARTESIAN_POINT ( 'NONE',  ( 116.3026420791192521, -15.59745673555395484, -3.999999999999968026 ) ) ;
#481 = DIRECTION ( 'NONE',  ( 0.2576626505603404338, 3.155457402685439408E-17, -0.9662349396012441805 ) ) ;
#482 = DIRECTION ( 'NONE',  ( 0.000000000000000000, 0.000000000000000000, -1.000000000000000000 ) ) ;
#483 = EDGE_CURVE ( 'NONE', #2420, #5167, #1851, .T. ) ;
#484 = ORIENTED_EDGE ( 'NONE', *, *, #1834, .T. ) ;
#485 = PLANE ( 'NONE',  #2123 ) ;
#486 = CARTESIAN_POINT ( 'NONE',  ( 95.19359532950973346, 2.314810671459347269, -4.999999999999966249 ) ) ;
#487 = ORIENTED_EDGE ( 'NONE', *, *, #1170, .T. ) ;
#488 = DIRECTION ( 'NONE',  ( 1.000000000000000000, -0.000000000000000000, 0.000000000000000000 ) ) ;
#489 = ORIENTED_EDGE ( 'NONE', *, *, #915, .F. ) ;
#490 = VECTOR ( 'NONE', #393, 1000.000000000000000 ) ;
#491 = DIRECTION ( 'NONE',  ( 0.8548181763315295667, -0.1603574565909280936, -0.4935295042131994658 ) ) ;
#492 = DIRECTION ( 'NONE',  ( -1.000000000000000000, 0.000000000000000000, 0.000000000000000000 ) ) ;
#493 = VECTOR ( 'NONE', #1855, 1000.000000000000000 ) ;
#494 = ORIENTED_EDGE ( 'NONE', *, *, #837, .T. ) ;
#495 = CARTESIAN_POINT ( 'NONE',  ( 100.8714871525060346, 7.081240141777612074, -4.979999999999967564 ) ) ;
#496 = ORIENTED_EDGE ( 'NONE', *, *, #1931, .F. ) ;
#497 = CYLINDRICAL_SURFACE ( 'NONE', #643, 2.500000000000002220 ) ;
#498 = CIRCLE ( 'NONE', #2685, 1.000000000000000888 ) ;
#499 = ORIENTED_EDGE ( 'NONE', *, *, #334, .T. ) ;
#500 = CARTESIAN_POINT ( 'NONE',  ( 121.3026420791192521, 31.18497628975280023, -0.5000000000000000000 ) ) ;
#501 = CARTESIAN_POINT ( 'NONE',  ( 116.3026420791192521, -15.59745673555395484, -3.999999999999968026 ) ) ;
#502 = ORIENTED_EDGE ( 'NONE', *, *, #4989, .F. ) ;
#503 = CARTESIAN_POINT ( 'NONE',  ( 83.47972719060949487, 8.977475825078181870, -4.979999999999967564 ) ) ;
#504 = CARTESIAN_POINT ( 'NONE',  ( 123.0526420791192805, 31.90984821451102604, -1.250000000000001110 ) ) ;
#505 = CIRCLE ( 'NONE', #4881, 1.500000000000001332 ) ;
#506 = AXIS2_PLACEMENT_3D ( 'NONE', #1738, #1767, #4265 ) ;
#507 = CARTESIAN_POINT ( 'NONE',  ( 122.8342679130044957, -8.974877423357504824, -92.58679254334981579 ) ) ;
#508 = FACE_BOUND ( 'NONE', #745, .T. ) ;
#509 = AXIS2_PLACEMENT_3D ( 'NONE', #1107, #3110, #2761 ) ;
#510 = ADVANCED_FACE ( 'NONE', ( #3825 ), #4387, .T. ) ;
#511 = DIRECTION ( 'NONE',  ( -1.000000000000000000, 0.000000000000000000, 0.000000000000000000 ) ) ;
#512 = FACE_OUTER_BOUND ( 'NONE', #203, .T. ) ;
#513 = CARTESIAN_POINT ( 'NONE',  ( 73.72882458811118056, -17.20573729638482874, -2.999999999999973355 ) ) ;
#514 = AXIS2_PLACEMENT_3D ( 'NONE', #105, #1827, #3055 ) ;
#515 = CIRCLE ( 'NONE', #962, 1.000000000000000888 ) ;
#516 = EDGE_CURVE ( 'NONE', #465, #5302, #4048, .T. ) ;
#517 = ORIENTED_EDGE ( 'NONE', *, *, #2227, .F. ) ;
#518 = CARTESIAN_POINT ( 'NONE',  ( 9.592026696348695364E-15, 32.24581418685403378, -92.58679254334981579 ) ) ;
#519 = CARTESIAN_POINT ( 'NONE',  ( 87.14162738304939637, 10.39515845149673723, -4.999999999999967137 ) ) ;
#520 = CARTESIAN_POINT ( 'NONE',  ( 122.7597501083809703, 32.61695374762023647, -4.999999999999962697 ) ) ;
#521 = CIRCLE ( 'NONE', #3575, 1.000000000000000888 ) ;
#522 = AXIS2_PLACEMENT_3D ( 'NONE', #919, #1307, #4292 ) ;
#523 = ADVANCED_FACE ( 'NONE', ( #1991 ), #1965, .F. ) ;
#524 = DIRECTION ( 'NONE',  ( 0.000000000000000000, 0.000000000000000000, -1.000000000000000000 ) ) ;
#525 = CARTESIAN_POINT ( 'NONE',  ( 59.76262851142323740, 29.74581418685402667, -3.999999999999968026 ) ) ;
#526 = EDGE_CURVE ( 'NONE', #3697, #3210, #1744, .T. ) ;
#527 = ORIENTED_EDGE ( 'NONE', *, *, #800, .T. ) ;
#528 = CARTESIAN_POINT ( 'NONE',  ( 94.25586136148901062, 5.193790713900933831, -4.979999999999967564 ) ) ;
#529 = FACE_OUTER_BOUND ( 'NONE', #70, .T. ) ;
#530 = ORIENTED_EDGE ( 'NONE', *, *, #2632, .T. ) ;
#531 = ORIENTED_EDGE ( 'NONE', *, *, #2929, .F. ) ;
#532 = CARTESIAN_POINT ( 'NONE',  ( 57.01262851142327293, 9.232375936495728297, -3.112090360152052870 ) ) ;
#533 = EDGE_LOOP ( 'NONE', ( #2571, #1523, #890, #4759 ) ) ;
#534 = FACE_OUTER_BOUND ( 'NONE', #4262, .T. ) ;
#535 = CARTESIAN_POINT ( 'NONE',  ( 81.18710827339830871, -18.09745673555395840, -0.5000000000000000000 ) ) ;
#536 = ORIENTED_EDGE ( 'NONE', *, *, #5138, .T. ) ;
#537 = LINE ( 'NONE', #5132, #1658 ) ;
#538 = FACE_OUTER_BOUND ( 'NONE', #1603, .T. ) ;
#539 = DIRECTION ( 'NONE',  ( -0.000000000000000000, -0.000000000000000000, 1.000000000000000000 ) ) ;
#540 = CARTESIAN_POINT ( 'NONE',  ( 121.4033278622236764, 20.07284437153510126, -92.58679254334981579 ) ) ;
#541 = CARTESIAN_POINT ( 'NONE',  ( 69.95368511499633257, -12.36866160237078915, -4.999999999999968026 ) ) ;
#542 = LINE ( 'NONE', #2186, #3047 ) ;
#543 = ADVANCED_FACE ( 'NONE', ( #4797 ), #1151, .T. ) ;
#544 = AXIS2_PLACEMENT_3D ( 'NONE', #4362, #3861, #3538 ) ;
#545 = CARTESIAN_POINT ( 'NONE',  ( 82.88817172619154405, 7.069318558218746773, -4.999999999999968026 ) ) ;
#546 = CARTESIAN_POINT ( 'NONE',  ( 82.90302429373831217, 7.460141484757859764, -4.999999999999967137 ) ) ;
#547 = CARTESIAN_POINT ( 'NONE',  ( 92.41980518415502388, 4.557222913888810290, -4.999999999999966249 ) ) ;
#548 = CARTESIAN_POINT ( 'NONE',  ( 82.88832325016488767, 7.084149243936463058, -4.999999999999968026 ) ) ;
#549 = AXIS2_PLACEMENT_3D ( 'NONE', #4982, #3713, #2014 ) ;
#550 = LINE ( 'NONE', #1725, #4590 ) ;
#551 = CARTESIAN_POINT ( 'NONE',  ( 100.8714871525060346, 7.081240141777612074, -4.999999999999965361 ) ) ;
#552 = LINE ( 'NONE', #2655, #1916 ) ;
#553 = EDGE_CURVE ( 'NONE', #2455, #92, #794, .T. ) ;
#554 = EDGE_LOOP ( 'NONE', ( #893, #5184, #1332, #1356 ) ) ;
#555 = DIRECTION ( 'NONE',  ( 0.000000000000000000, 0.000000000000000000, 1.000000000000000000 ) ) ;
#556 = ORIENTED_EDGE ( 'NONE', *, *, #1915, .F. ) ;
#557 = FACE_OUTER_BOUND ( 'NONE', #1680, .T. ) ;
#558 = VERTEX_POINT ( 'NONE', #1225 ) ;
#559 = APPLICATION_PROTOCOL_DEFINITION ( 'draft international standard', 'automotive_design', 1998, #4164 ) ;
#560 = CARTESIAN_POINT ( 'NONE',  ( 59.76262851142321608, -16.09745673555395484, -0.5000000000000000000 ) ) ;
#561 = ORIENTED_EDGE ( 'NONE', *, *, #3858, .F. ) ;
#562 = EDGE_CURVE ( 'NONE', #1971, #903, #1491, .T. ) ;
#563 = CARTESIAN_POINT ( 'NONE',  ( 72.00262851142325360, 31.20528942323797139, -92.58679254334981579 ) ) ;
#564 = CARTESIAN_POINT ( 'NONE',  ( 74.00262851142325360, 31.24581418685401601, -92.58679254334981579 ) ) ;
#565 = CARTESIAN_POINT ( 'NONE',  ( 122.8026285114232650, -11.97471057676247064, 1.250000000000070610 ) ) ;
#566 = CARTESIAN_POINT ( 'NONE',  ( 125.5948143801982866, 11.38195499308915259, -4.249999999999961808 ) ) ;
#567 = CARTESIAN_POINT ( 'NONE',  ( 95.66113095924745835, 7.740963044856600916, -4.999999999999968026 ) ) ;
#568 = LINE ( 'NONE', #2238, #2522 ) ;
#569 = CARTESIAN_POINT ( 'NONE',  ( 94.80656262938370560, 4.656376400728039933, -4.999999999999968026 ) ) ;
#570 = EDGE_LOOP ( 'NONE', ( #476, #2631, #1852, #102, #1413, #1400 ) ) ;
#571 = CARTESIAN_POINT ( 'NONE',  ( 96.79345965371484795, 1.927397866870671050, -4.999999999999968026 ) ) ;
#572 = CARTESIAN_POINT ( 'NONE',  ( 85.06581804198431485, 10.21259834457873517, -4.979999999999967564 ) ) ;
#573 = ORIENTED_EDGE ( 'NONE', *, *, #5000, .F. ) ;
#574 = CARTESIAN_POINT ( 'NONE',  ( 118.8026420791192521, -15.59745673555395484, -3.999999999999968026 ) ) ;
#575 = DIRECTION ( 'NONE',  ( -0.000000000000000000, -0.000000000000000000, -1.000000000000000000 ) ) ;
#576 = ORIENTED_EDGE ( 'NONE', *, *, #1825, .T. ) ;
#577 = CARTESIAN_POINT ( 'NONE',  ( 96.61823225319530195, 3.767321832058382558, -4.979999999999967564 ) ) ;
#578 = FACE_OUTER_BOUND ( 'NONE', #1651, .T. ) ;
#579 = EDGE_CURVE ( 'NONE', #3021, #705, #4123, .T. ) ;
#580 = VERTEX_POINT ( 'NONE', #1627 ) ;
#581 = LINE ( 'NONE', #3876, #1234 ) ;
#582 = VECTOR ( 'NONE', #2193, 1000.000000000000000 ) ;
#583 = VERTEX_POINT ( 'NONE', #4100 ) ;
#584 = EDGE_CURVE ( 'NONE', #3285, #2919, #1637, .T. ) ;
#585 = CARTESIAN_POINT ( 'NONE',  ( 95.90769820357503761, 12.09321081769391704, -4.999999999999966249 ) ) ;
#586 = LINE ( 'NONE', #184, #1038 ) ;
#587 = VECTOR ( 'NONE', #2585, 1000.000000000000000 ) ;
#588 = CARTESIAN_POINT ( 'NONE',  ( 120.8026420791192521, -18.09745673555396550, -0.5000000000000000000 ) ) ;
#589 = ORIENTED_EDGE ( 'NONE', *, *, #5313, .F. ) ;
#590 = LINE ( 'NONE', #4752, #5 ) ;
#591 = CARTESIAN_POINT ( 'NONE',  ( 121.3026285114233218, 15.96528942323700839, -0.5000000000000000000 ) ) ;
#592 = CIRCLE ( 'NONE', #244, 1.300000000000009592 ) ;
#593 = DIRECTION ( 'NONE',  ( -0.000000000000000000, -0.000000000000000000, -1.000000000000000000 ) ) ;
#594 = ORIENTED_EDGE ( 'NONE', *, *, #2061, .F. ) ;
#595 = DIRECTION ( 'NONE',  ( 0.000000000000000000, 1.000000000000000000, 0.000000000000000000 ) ) ;
#596 = AXIS2_PLACEMENT_3D ( 'NONE', #3933, #2683, #4342 ) ;
#597 = FACE_BOUND ( 'NONE', #3175, .T. ) ;
#598 = ORIENTED_EDGE ( 'NONE', *, *, #2233, .F. ) ;
#599 = CARTESIAN_POINT ( 'NONE',  ( 100.8714871525060346, 7.081240141777612074, -4.999999999999967137 ) ) ;
#600 = ORIENTED_EDGE ( 'NONE', *, *, #2620, .T. ) ;
#601 = AXIS2_PLACEMENT_3D ( 'NONE', #2760, #3142, #4363 ) ;
#602 = VECTOR ( 'NONE', #4207, 1000.000000000000000 ) ;
#603 = EDGE_CURVE ( 'NONE', #4103, #3252, #2116, .T. ) ;
#604 = EDGE_CURVE ( 'NONE', #1178, #4987, #1272, .T. ) ;
#605 = CYLINDRICAL_SURFACE ( 'NONE', #464, 1.000000000000000888 ) ;
#606 = VERTEX_POINT ( 'NONE', #783 ) ;
#607 = CARTESIAN_POINT ( 'NONE',  ( 72.00262851142325360, 31.20528942323797139, 1.250000000000070610 ) ) ;
#608 = CIRCLE ( 'NONE', #3657, 1.000000000000000888 ) ;
#609 = AXIS2_PLACEMENT_3D ( 'NONE', #3950, #217, #1922 ) ;
#610 = CARTESIAN_POINT ( 'NONE',  ( 92.89406585723018850, 7.081240141777514374, -4.979999999999967564 ) ) ;
#611 = ORIENTED_EDGE ( 'NONE', *, *, #392, .T. ) ;
#612 = CIRCLE ( 'NONE', #3664, 3.000000000000002665 ) ;
#613 = AXIS2_PLACEMENT_3D ( 'NONE', #3077, #3856, #4352 ) ;
#614 = VECTOR ( 'NONE', #2716, 1000.000000000000000 ) ;
#615 = FACE_OUTER_BOUND ( 'NONE', #2173, .T. ) ;
#616 = CARTESIAN_POINT ( 'NONE',  ( 61.76262851142324450, -16.09745673555395484, -92.58679254334981579 ) ) ;
#617 = EDGE_LOOP ( 'NONE', ( #4281, #474, #4083, #4654 ) ) ;
#618 = CARTESIAN_POINT ( 'NONE',  ( 88.95329700686093588, 4.656376400728237108, -4.979999999999967564 ) ) ;
#619 = VERTEX_POINT ( 'NONE', #3337 ) ;
#620 = CARTESIAN_POINT ( 'NONE',  ( 96.79345965067956570, 12.23508241902176685, -4.979999999999967564 ) ) ;
#621 = ORIENTED_EDGE ( 'NONE', *, *, #1806, .T. ) ;
#622 = CARTESIAN_POINT ( 'NONE',  ( 124.5948143801982866, -13.91960734795780397, -1.250000000000001110 ) ) ;
#623 = FACE_BOUND ( 'NONE', #2068, .T. ) ;
#624 = DIRECTION ( 'NONE',  ( -1.000000000000000000, 0.000000000000000000, 0.000000000000000000 ) ) ;
#625 = LINE ( 'NONE', #3886, #454 ) ;
#626 = EDGE_CURVE ( 'NONE', #1933, #2841, #2885, .T. ) ;
#627 = DIRECTION ( 'NONE',  ( -1.000000000000000000, 0.000000000000000000, 0.000000000000000000 ) ) ;
#628 = ORIENTED_EDGE ( 'NONE', *, *, #4022, .F. ) ;
#629 = VERTEX_POINT ( 'NONE', #4071 ) ;
#630 = EDGE_CURVE ( 'NONE', #1018, #2289, #5350, .T. ) ;
#631 = DIRECTION ( 'NONE',  ( 0.000000000000000000, -0.000000000000000000, -1.000000000000000000 ) ) ;
#632 = VERTEX_POINT ( 'NONE', #2935 ) ;
#633 = LINE ( 'NONE', #3179, #863 ) ;
#634 = CARTESIAN_POINT ( 'NONE',  ( 89.50399827475565928, 8.968689569654133109, -4.999999999999968026 ) ) ;
#635 = EDGE_CURVE ( 'NONE', #3089, #1661, #852, .T. ) ;
#636 = CARTESIAN_POINT ( 'NONE',  ( 94.25586136148895378, 8.968689569654122451, -4.999999999999968026 ) ) ;
#637 = CIRCLE ( 'NONE', #544, 1.000000000000000888 ) ;
#638 = CARTESIAN_POINT ( 'NONE',  ( 121.1666792343127383, 32.79581418685401673, -0.5000000000000004441 ) ) ;
#639 = VECTOR ( 'NONE', #806, 1000.000000000000114 ) ;
#640 = CARTESIAN_POINT ( 'NONE',  ( 121.8737872635744282, 33.50291971996322360, -4.999999999999962697 ) ) ;
#641 = VERTEX_POINT ( 'NONE', #2452 ) ;
#642 = CARTESIAN_POINT ( 'NONE',  ( 121.1666792343127383, 32.79581418685401673, -92.58679254334981579 ) ) ;
#643 = AXIS2_PLACEMENT_3D ( 'NONE', #3074, #3500, #3048 ) ;
#644 = CARTESIAN_POINT ( 'NONE',  ( 81.18710827339830871, 0.000000000000000000, -0.5000000000000000000 ) ) ;
#645 = VERTEX_POINT ( 'NONE', #1654 ) ;
#646 = DIRECTION ( 'NONE',  ( -0.000000000000000000, -0.000000000000000000, 1.000000000000000000 ) ) ;
#647 = PLANE ( 'NONE',  #2011 ) ;
#648 = CARTESIAN_POINT ( 'NONE',  ( 93.78636053628376601, 11.01278369611535268, -4.999999999999968026 ) ) ;
#649 = CARTESIAN_POINT ( 'NONE',  ( 88.56626430654240778, 2.314810671435642231, -4.999999999999968026 ) ) ;
#650 = LINE ( 'NONE', #4836, #5360 ) ;
#651 = ORIENTED_EDGE ( 'NONE', *, *, #3787, .F. ) ;
#652 = CARTESIAN_POINT ( 'NONE',  ( 69.23262851142325758, -17.05471057676229307, -0.5000000000000000000 ) ) ;
#653 = EDGE_CURVE ( 'NONE', #1271, #4541, #4175, .T. ) ;
#654 = CARTESIAN_POINT ( 'NONE',  ( 125.0948143801982866, 4.095964056626613990E-16, -3.112090360152051538 ) ) ;
#655 = ORIENTED_EDGE ( 'NONE', *, *, #1931, .T. ) ;
#656 = VERTEX_POINT ( 'NONE', #2421 ) ;
#657 = EDGE_CURVE ( 'NONE', #4079, #3441, #2911, .T. ) ;
#658 = LINE ( 'NONE', #3894, #738 ) ;
#659 = ORIENTED_EDGE ( 'NONE', *, *, #5076, .T. ) ;
#660 = CARTESIAN_POINT ( 'NONE',  ( 121.3026420791192521, 0.000000000000000000, -92.58679254334981579 ) ) ;
#661 = CARTESIAN_POINT ( 'NONE',  ( 70.73262851142325758, -17.05471057676229307, -2.999999999999968026 ) ) ;
#662 = EDGE_CURVE ( 'NONE', #4671, #3384, #4985, .T. ) ;
#663 = LINE ( 'NONE', #3984, #3717 ) ;
#664 = ORIENTED_EDGE ( 'NONE', *, *, #4883, .F. ) ;
#665 = DIRECTION ( 'NONE',  ( -1.000000000000000000, 0.000000000000000000, 0.000000000000000000 ) ) ;
#666 = DIRECTION ( 'NONE',  ( 0.000000000000000000, 0.2576626505603351047, 0.9662349396012455127 ) ) ;
#667 = ORIENTED_EDGE ( 'NONE', *, *, #334, .F. ) ;
#668 = CARTESIAN_POINT ( 'NONE',  ( 82.88840377987538943, 6.910493686041516703, -4.999999999999967137 ) ) ;
#669 = ORIENTED_EDGE ( 'NONE', *, *, #5308, .T. ) ;
#670 = CARTESIAN_POINT ( 'NONE',  ( 122.8026285114232650, -11.97471057676247064, 2.000000000000000000 ) ) ;
#671 = ADVANCED_FACE ( 'NONE', ( #4569 ), #5219, .T. ) ;
#672 = CARTESIAN_POINT ( 'NONE',  ( 82.02339349362759435, 10.03657867030905138, -4.999999999999968026 ) ) ;
#673 = CARTESIAN_POINT ( 'NONE',  ( 99.95344118180614146, 11.62449170452183900, -4.999999999999968026 ) ) ;
#674 = CARTESIAN_POINT ( 'NONE',  ( 83.80641845157784076, 2.537988583367394302, -4.999999999999968026 ) ) ;
#675 = CARTESIAN_POINT ( 'NONE',  ( 60.76262851142323740, 29.74581418685402667, -2.999999999999968026 ) ) ;
#676 = VECTOR ( 'NONE', #3356, 1000.000000000000000 ) ;
#677 = VERTEX_POINT ( 'NONE', #2496 ) ;
#678 = DIRECTION ( 'NONE',  ( 0.7071065970440503223, 0.7071069653289967505, 0.000000000000000000 ) ) ;
#679 = CARTESIAN_POINT ( 'NONE',  ( 85.16492585232541046, 7.740963044856599140, -4.979999999999967564 ) ) ;
#680 = ORIENTED_EDGE ( 'NONE', *, *, #2299, .T. ) ;
#681 = VECTOR ( 'NONE', #2077, 1000.000000000000000 ) ;
#682 = CARTESIAN_POINT ( 'NONE',  ( 98.69404159426035505, 3.949881938976430362, -4.999999999999968026 ) ) ;
#683 = ORIENTED_EDGE ( 'NONE', *, *, #2900, .F. ) ;
#684 = CARTESIAN_POINT ( 'NONE',  ( 91.87992981812230653, 8.861467282886149377, -4.999999999999968026 ) ) ;
#685 = VECTOR ( 'NONE', #1937, 1000.000000000000000 ) ;
#686 = VERTEX_POINT ( 'NONE', #2089 ) ;
#687 = CARTESIAN_POINT ( 'NONE',  ( 92.89406585723018850, 7.081240141777514374, -4.979999999999967564 ) ) ;
#688 = CARTESIAN_POINT ( 'NONE',  ( 122.8026285114232650, -11.97471057676247064, -0.5000000000000000000 ) ) ;
#689 = B_SPLINE_SURFACE_WITH_KNOTS ( 'NONE', 3, 1, ( 
 ( #610, #5173 ),
 ( #2714, #4339 ),
 ( #4764, #3548 ),
 ( #2281, #636 ),
 ( #1060, #3959 ),
 ( #1898, #3710 ),
 ( #1218, #848 ),
 ( #2059, #2442 ),
 ( #4948, #2876 ),
 ( #4927, #4979 ),
 ( #2010, #1985 ),
 ( #3636, #2513 ),
 ( #1671, #4536 ),
 ( #4063, #802 ),
 ( #311, #4093 ),
 ( #1193, #3667 ),
 ( #1644, #5317 ),
 ( #3279, #3689 ),
 ( #4137, #4114 ),
 ( #1571, #4899 ),
 ( #363, #1622 ),
 ( #1166, #335 ) ),
 .UNSPECIFIED., .F., .F., .F.,
 ( 4, 1, 1, 1, 1, 1, 1, 1, 1, 1, 1, 1, 1, 1, 1, 1, 1, 1, 1, 4 ),
 ( 2, 2 ),
 ( 0.03472248487134076828, 0.1555153878479091922, 0.2159118393361934007, 0.2763082908244776092, 0.3367047423127618178, 0.3971011938010460263, 0.4574976452893302348, 0.5178940967776144433, 0.5782905482658986518, 0.6386869997541828603, 0.6990834512424670688, 0.7594799027307512773, 0.8198763542190354858, 0.8802728057073196943, 0.9406692571956039028, 0.9708674829397460071, 0.9859665958118171147, 0.9997335728290279722, 1.000266427170972028, 1.001065708683888111 ),
 ( 0.000000000000000000, 1.000000000000000000 ),
 .UNSPECIFIED. ) ;
#690 = EDGE_CURVE ( 'NONE', #3264, #1304, #14, .T. ) ;
#691 = CYLINDRICAL_SURFACE ( 'NONE', #1813, 2.000000000000001776 ) ;
#692 = VECTOR ( 'NONE', #1115, 1000.000000000000000 ) ;
#693 = VECTOR ( 'NONE', #263, 1000.000000000000000 ) ;
#694 = ORIENTED_EDGE ( 'NONE', *, *, #2632, .F. ) ;
#695 = FACE_OUTER_BOUND ( 'NONE', #4906, .T. ) ;
#696 = DIRECTION ( 'NONE',  ( 0.000000000000000000, 0.000000000000000000, -1.000000000000000000 ) ) ;
#697 = VECTOR ( 'NONE', #481, 1000.000000000000114 ) ;
#698 = ORIENTED_EDGE ( 'NONE', *, *, #2557, .T. ) ;
#699 = EDGE_CURVE ( 'NONE', #1990, #2865, #857, .T. ) ;
#700 = CARTESIAN_POINT ( 'NONE',  ( 85.06581804198428642, 3.949881938976608886, -4.979999999999967564 ) ) ;
#701 = VERTEX_POINT ( 'NONE', #3765 ) ;
#702 = AXIS2_PLACEMENT_3D ( 'NONE', #5078, #1771, #3448 ) ;
#703 = AXIS2_PLACEMENT_3D ( 'NONE', #2693, #183, #2290 ) ;
#704 = VECTOR ( 'NONE', #1444, 1000.000000000000000 ) ;
#705 = VERTEX_POINT ( 'NONE', #4513 ) ;
#706 = CARTESIAN_POINT ( 'NONE',  ( 83.04167090796339323, 11.11975072594344027, -4.999999999999968026 ) ) ;
#707 = FACE_OUTER_BOUND ( 'NONE', #4772, .T. ) ;
#708 = VERTEX_POINT ( 'NONE', #39 ) ;
#709 = CARTESIAN_POINT ( 'NONE',  ( 56.71262851142328287, 0.000000000000000000, -0.5000000000000000000 ) ) ;
#710 = ADVANCED_FACE ( 'NONE', ( #1705 ), #2833, .T. ) ;
#711 = DIRECTION ( 'NONE',  ( -0.2576626505603404338, 0.000000000000000000, -0.9662349396012441805 ) ) ;
#712 = CARTESIAN_POINT ( 'NONE',  ( 92.89406585723018850, 7.081240141777514374, -4.999999999999968026 ) ) ;
#713 = DIRECTION ( 'NONE',  ( 0.000000000000000000, 0.000000000000000000, -1.000000000000000000 ) ) ;
#714 = CARTESIAN_POINT ( 'NONE',  ( 82.88837248373860689, 7.081240141777757735, -4.979999999999967564 ) ) ;
#715 = ORIENTED_EDGE ( 'NONE', *, *, #4883, .T. ) ;
#716 = ORIENTED_EDGE ( 'NONE', *, *, #2599, .F. ) ;
#717 = DIRECTION ( 'NONE',  ( 0.000000000000000000, -1.000000000000000000, 0.000000000000000000 ) ) ;
#718 = EDGE_LOOP ( 'NONE', ( #3289, #2503, #2020, #2060 ) ) ;
#719 = CARTESIAN_POINT ( 'NONE',  ( 82.49553072504555473, 3.560532924121067477, -4.979999999999967564 ) ) ;
#720 = DIRECTION ( 'NONE',  ( -1.000000000000000000, 0.000000000000000000, 0.000000000000000000 ) ) ;
#721 = EDGE_CURVE ( 'NONE', #3953, #1804, #4252, .T. ) ;
#722 = DIRECTION ( 'NONE',  ( -2.775557561562888511E-14, 1.000000000000000000, 0.000000000000000000 ) ) ;
#723 = EDGE_LOOP ( 'NONE', ( #5358, #1124, #4843, #3217 ) ) ;
#724 = LINE ( 'NONE', #3155, #4616 ) ;
#725 = PLANE ( 'NONE',  #2001 ) ;
#726 = AXIS2_PLACEMENT_3D ( 'NONE', #3195, #5041, #4992 ) ;
#727 = ORIENTED_EDGE ( 'NONE', *, *, #5055, .F. ) ;
#728 = ORIENTED_EDGE ( 'NONE', *, *, #3594, .T. ) ;
#729 = AXIS2_PLACEMENT_3D ( 'NONE', #3311, #1675, #2474 ) ;
#730 = EDGE_CURVE ( 'NONE', #3544, #2282, #174, .T. ) ;
#731 = CARTESIAN_POINT ( 'NONE',  ( 91.34005445318651084, 9.605257369896378350, -4.999999999999968026 ) ) ;
#732 = ORIENTED_EDGE ( 'NONE', *, *, #2112, .F. ) ;
#733 = VECTOR ( 'NONE', #2516, 1000.000000000000114 ) ;
#734 = CARTESIAN_POINT ( 'NONE',  ( 90.70805276949049301, 3.842822143008361557, -4.979999999999967564 ) ) ;
#735 = PLANE ( 'NONE',  #2736 ) ;
#736 = ORIENTED_EDGE ( 'NONE', *, *, #2469, .F. ) ;
#737 = SURFACE_SIDE_STYLE ('',( #2388 ) ) ;
#738 = VECTOR ( 'NONE', #2214, 1000.000000000000000 ) ;
#739 = EDGE_CURVE ( 'NONE', #2752, #2096, #1351, .T. ) ;
#740 = DIRECTION ( 'NONE',  ( -0.5000000000000045519, -1.139815530887506302E-16, 0.8660254037844361541 ) ) ;
#741 = ORIENTED_EDGE ( 'NONE', *, *, #3496, .F. ) ;
#742 = ORIENTED_EDGE ( 'NONE', *, *, #3160, .T. ) ;
#743 = CARTESIAN_POINT ( 'NONE',  ( 68.00283379874937850, 32.24581418685401957, -0.5000000000000000000 ) ) ;
#744 = CARTESIAN_POINT ( 'NONE',  ( 122.0526420791192805, 31.90984821451102604, -1.250000000000001110 ) ) ;
#745 = EDGE_LOOP ( 'NONE', ( #1164, #2093, #1150, #3097 ) ) ;
#746 = EDGE_CURVE ( 'NONE', #2040, #151, #2163, .T. ) ;
#747 = LINE ( 'NONE', #4847, #692 ) ;
#748 = CARTESIAN_POINT ( 'NONE',  ( 120.2418043967811059, 31.24581418685400180, -0.5000000000000004441 ) ) ;
#749 = CARTESIAN_POINT ( 'NONE',  ( 70.73262851142325758, -17.05471057676229307, -4.999999999999968026 ) ) ;
#750 = ORIENTED_EDGE ( 'NONE', *, *, #1734, .F. ) ;
#751 = CARTESIAN_POINT ( 'NONE',  ( 120.6962210810369953, 19.36573759034869724, -0.5000000000000004441 ) ) ;
#752 = CARTESIAN_POINT ( 'NONE',  ( 0.000000000000000000, 0.000000000000000000, -3.999999999999968026 ) ) ;
#753 = ORIENTED_EDGE ( 'NONE', *, *, #1505, .F. ) ;
#754 = CARTESIAN_POINT ( 'NONE',  ( 73.50262851142325360, 31.20528942323797139, 2.000000000000000000 ) ) ;
#755 = ORIENTED_EDGE ( 'NONE', *, *, #1844, .F. ) ;
#756 = EDGE_CURVE ( 'NONE', #4816, #1461, #1373, .T. ) ;
#757 = DIRECTION ( 'NONE',  ( -1.000000000000000000, 0.000000000000000000, 0.000000000000000000 ) ) ;
#758 = VERTEX_POINT ( 'NONE', #525 ) ;
#759 = CARTESIAN_POINT ( 'NONE',  ( 81.08814080717546346, 7.081240144903952149, -4.999999999999968026 ) ) ;
#760 = CYLINDRICAL_SURFACE ( 'NONE', #4739, 1.000000000000000888 ) ;
#761 = EDGE_LOOP ( 'NONE', ( #1406, #5001, #4222, #2709 ) ) ;
#762 = CARTESIAN_POINT ( 'NONE',  ( 66.74544513803135715, 26.53114188592600087, -2.999999999999968026 ) ) ;
#763 = ADVANCED_FACE ( 'NONE', ( #3845 ), #1322, .T. ) ;
#764 = CARTESIAN_POINT ( 'NONE',  ( 82.88837248373860689, 7.081240141777757735, -4.979999999999967564 ) ) ;
#765 = VERTEX_POINT ( 'NONE', #3407 ) ;
#766 = VECTOR ( 'NONE', #722, 1000.000000000000000 ) ;
#767 = CARTESIAN_POINT ( 'NONE',  ( 88.09977142958013019, 6.725643756828379338, -4.999999999999968026 ) ) ;
#768 = DIRECTION ( 'NONE',  ( 0.2576626505603226147, 0.000000000000000000, -0.9662349396012489544 ) ) ;
#769 = CARTESIAN_POINT ( 'NONE',  ( 89.23072932906616472, 11.52683979247091450, -4.979999999999967564 ) ) ;
#770 = AXIS2_PLACEMENT_3D ( 'NONE', #4803, #4189, #4213 ) ;
#771 = LINE ( 'NONE', #2440, #1741 ) ;
#772 = DIRECTION ( 'NONE',  ( -1.000000000000000000, 0.000000000000000000, 0.000000000000000000 ) ) ;
#773 = EDGE_CURVE ( 'NONE', #2136, #3640, #550, .T. ) ;
#774 = EDGE_LOOP ( 'NONE', ( #716, #1330, #4351, #155 ) ) ;
#775 = EDGE_CURVE ( 'NONE', #4816, #3996, #4592, .T. ) ;
#776 = VECTOR ( 'NONE', #4643, 1000.000000000000000 ) ;
#777 = DIRECTION ( 'NONE',  ( -1.000000000000000000, 0.000000000000000000, 0.000000000000000000 ) ) ;
#778 = PLANE ( 'NONE',  #549 ) ;
#779 = CARTESIAN_POINT ( 'NONE',  ( 102.2080035285296731, 4.899563641367561395, -4.999999999999966249 ) ) ;
#780 = VECTOR ( 'NONE', #2582, 1000.000000000000000 ) ;
#781 = VERTEX_POINT ( 'NONE', #4670 ) ;
#782 = CIRCLE ( 'NONE', #3817, 3.000000000000002665 ) ;
#783 = CARTESIAN_POINT ( 'NONE',  ( 56.71262851142328287, -18.64745673555394845, -0.5000000000000000000 ) ) ;
#784 = VECTOR ( 'NONE', #3233, 999.9999999999998863 ) ;
#785 = ORIENTED_EDGE ( 'NONE', *, *, #1526, .T. ) ;
#786 = DIRECTION ( 'NONE',  ( -0.000000000000000000, -0.000000000000000000, -1.000000000000000000 ) ) ;
#787 = ORIENTED_EDGE ( 'NONE', *, *, #383, .F. ) ;
#788 = PLANE ( 'NONE',  #2707 ) ;
#789 = CIRCLE ( 'NONE', #514, 2.500000000000002220 ) ;
#790 = AXIS2_PLACEMENT_3D ( 'NONE', #2390, #2817, #1979 ) ;
#791 = DIRECTION ( 'NONE',  ( -1.000000000000000000, 0.000000000000000000, 0.000000000000000000 ) ) ;
#792 = ORIENTED_EDGE ( 'NONE', *, *, #4542, .T. ) ;
#793 = DIRECTION ( 'NONE',  ( -1.000000000000000000, 0.000000000000000000, 0.000000000000000000 ) ) ;
#794 = CIRCLE ( 'NONE', #3826, 1.500000000000001332 ) ;
#795 = VECTOR ( 'NONE', #951, 1000.000000000000000 ) ;
#796 = CARTESIAN_POINT ( 'NONE',  ( 68.00283379874937850, 31.24581418685402312, -2.999999999999975131 ) ) ;
#797 = PLANE ( 'NONE',  #1739 ) ;
#798 = CARTESIAN_POINT ( 'NONE',  ( 124.5948143801982866, 17.94201802533924095, -1.250000000000001110 ) ) ;
#799 = DIRECTION ( 'NONE',  ( 0.000000000000000000, 0.000000000000000000, -1.000000000000000000 ) ) ;
#800 = EDGE_CURVE ( 'NONE', #3615, #467, #936, .T. ) ;
#801 = FACE_OUTER_BOUND ( 'NONE', #5367, .T. ) ;
#802 = CARTESIAN_POINT ( 'NONE',  ( 100.2801324456351324, 8.977475825078204963, -4.999999999999968026 ) ) ;
#803 = EDGE_CURVE ( 'NONE', #4302, #2819, #121, .T. ) ;
#804 = ORIENTED_EDGE ( 'NONE', *, *, #3716, .T. ) ;
#805 = DIRECTION ( 'NONE',  ( 0.000000000000000000, 0.000000000000000000, -1.000000000000000000 ) ) ;
#806 = DIRECTION ( 'NONE',  ( 0.1821950074697596123, 0.1821950074696702393, -0.9662349396012447356 ) ) ;
#807 = EDGE_CURVE ( 'NONE', #3323, #4060, #5145, .T. ) ;
#808 = VERTEX_POINT ( 'NONE', #3037 ) ;
#809 = CARTESIAN_POINT ( 'NONE',  ( 117.0144144982132843, -12.36866160237078915, -2.999999999999968026 ) ) ;
#810 = ORIENTED_EDGE ( 'NONE', *, *, #1025, .F. ) ;
#811 = CARTESIAN_POINT ( 'NONE',  ( 91.87992981812230653, 8.861467282886149377, -4.979999999999967564 ) ) ;
#812 = COLOUR_RGB ( '',0.7921568627450980005, 0.8196078431372548767, 0.9333333333333333481 ) ;
#813 = CARTESIAN_POINT ( 'NONE',  ( 91.87992981812230653, 8.861467282886149377, -4.999999999999966249 ) ) ;
#814 = ORIENTED_EDGE ( 'NONE', *, *, #1170, .F. ) ;
#815 = CARTESIAN_POINT ( 'NONE',  ( 121.3026420791192521, 0.000000000000000000, -0.5000000000000000000 ) ) ;
#816 = AXIS2_PLACEMENT_3D ( 'NONE', #3482, #3860, #5161 ) ;
#817 = CARTESIAN_POINT ( 'NONE',  ( 87.14000828496686779, 7.740963044856600916, -4.999999999999968026 ) ) ;
#818 = ORIENTED_EDGE ( 'NONE', *, *, #394, .F. ) ;
#819 = CIRCLE ( 'NONE', #1432, 3.000000000000002665 ) ;
#820 = DIRECTION ( 'NONE',  ( 0.000000000000000000, -0.000000000000000000, -1.000000000000000000 ) ) ;
#821 = DIRECTION ( 'NONE',  ( -0.000000000000000000, -0.000000000000000000, -1.000000000000000000 ) ) ;
#822 = DIRECTION ( 'NONE',  ( -1.000000000000000000, 0.000000000000000000, 0.000000000000000000 ) ) ;
#823 = CARTESIAN_POINT ( 'NONE',  ( 86.40197856879719041, 3.710808660269885095, -4.979999999999967564 ) ) ;
#824 = B_SPLINE_SURFACE_WITH_KNOTS ( 'NONE', 3, 1, ( 
 ( #1435, #551 ),
 ( #3096, #3014 ),
 ( #911, #5175 ),
 ( #1375, #1814 ),
 ( #3465, #1756 ),
 ( #4766, #5121 ),
 ( #3383, #3847 ),
 ( #2654, #2283 ),
 ( #2249, #2595 ),
 ( #1028, #4673 ),
 ( #199, #939 ),
 ( #4310, #3040 ),
 ( #2682, #5149 ),
 ( #972, #1407 ),
 ( #577, #4738 ),
 ( #2221, #3873 ),
 ( #4341, #1324 ),
 ( #4648, #2570 ),
 ( #528, #2196 ),
 ( #3822, #96 ),
 ( #1352, #4256 ),
 ( #3067, #125 ) ),
 .UNSPECIFIED., .F., .F., .F.,
 ( 4, 1, 1, 1, 1, 1, 1, 1, 1, 1, 1, 1, 1, 1, 1, 1, 1, 1, 1, 4 ),
 ( 2, 2 ),
 ( 0.03472248487134121930, 0.03552176638425774691, 0.03605462072620224667, 0.04982159774341221592, 0.06492071061548332356, 0.09511893635962542781, 0.1555153878479096363, 0.2159118393361938448, 0.2763082908244780533, 0.3367047423127622618, 0.3971011938010464704, 0.4574976452893306789, 0.5178940967776149984, 0.5782905482658992069, 0.6386869997541834154, 0.6990834512424676239, 0.7594799027307519435, 0.8198763542190361520, 0.8802728057073203605, 1.001065708683888777 ),
 ( 0.000000000000000000, 1.000000000000000000 ),
 .UNSPECIFIED. ) ;
#825 = FACE_BOUND ( 'NONE', #1940, .T. ) ;
#826 = EDGE_CURVE ( 'NONE', #2282, #2744, #2138, .T. ) ;
#827 = ORIENTED_EDGE ( 'NONE', *, *, #773, .F. ) ;
#828 = CARTESIAN_POINT ( 'NONE',  ( 102.6742873866202217, 7.271520675027718816, -4.999999999999966249 ) ) ;
#829 = LINE ( 'NONE', #4614, #1336 ) ;
#830 = CARTESIAN_POINT ( 'NONE',  ( 98.94611461203105307, 2.115417445241024819, -4.999999999999966249 ) ) ;
#831 = EDGE_CURVE ( 'NONE', #3070, #3521, #2625, .T. ) ;
#832 = ORIENTED_EDGE ( 'NONE', *, *, #46, .T. ) ;
#833 = CARTESIAN_POINT ( 'NONE',  ( 122.8026285114233218, 15.96528942323700839, -0.5000000000000000000 ) ) ;
#834 = ORIENTED_EDGE ( 'NONE', *, *, #2813, .T. ) ;
#835 = ORIENTED_EDGE ( 'NONE', *, *, #324, .F. ) ;
#836 = CARTESIAN_POINT ( 'NONE',  ( 102.5242788458393051, 8.392679732630226042, -4.979999999999967564 ) ) ;
#837 = EDGE_CURVE ( 'NONE', #2844, #583, #5129, .T. ) ;
#838 = ADVANCED_FACE ( 'NONE', ( #3789 ), #4308, .F. ) ;
#839 = CARTESIAN_POINT ( 'NONE',  ( 86.12468899693865865, 6.725643756828379338, -4.979999999999967564 ) ) ;
#840 = ORIENTED_EDGE ( 'NONE', *, *, #626, .T. ) ;
#841 = DIRECTION ( 'NONE',  ( 0.000000000000000000, 0.000000000000000000, -1.000000000000000000 ) ) ;
#842 = DIRECTION ( 'NONE',  ( -1.000000000000000000, 0.000000000000000000, 0.000000000000000000 ) ) ;
#843 = DIRECTION ( 'NONE',  ( 1.000000000000000000, -1.708433511448726678E-16, 0.000000000000000000 ) ) ;
#844 = CARTESIAN_POINT ( 'NONE',  ( 94.25586136148895378, 8.968689569654122451, -4.979999999999967564 ) ) ;
#845 = DIRECTION ( 'NONE',  ( 0.000000000000000000, 0.000000000000000000, -1.000000000000000000 ) ) ;
#846 = CARTESIAN_POINT ( 'NONE',  ( 81.08814080717546346, 7.081240144903952149, -4.979999999999967564 ) ) ;
#847 = CARTESIAN_POINT ( 'NONE',  ( 82.88837248373860689, 7.081240141777757735, -4.979999999999967564 ) ) ;
#848 = CARTESIAN_POINT ( 'NONE',  ( 95.97766059993536203, 10.23669127012755276, -4.999999999999968026 ) ) ;
#849 = ORIENTED_EDGE ( 'NONE', *, *, #4462, .F. ) ;
#850 = ADVANCED_FACE ( 'NONE', ( #2956 ), #882, .F. ) ;
#851 = DIRECTION ( 'NONE',  ( 0.000000000000000000, 0.000000000000000000, -1.000000000000000000 ) ) ;
#852 = CIRCLE ( 'NONE', #4681, 2.500000000000002220 ) ;
#853 = DIRECTION ( 'NONE',  ( 0.000000000000000000, -0.9510565162951563067, 0.3090169943749394577 ) ) ;
#854 = CARTESIAN_POINT ( 'NONE',  ( 122.8526420791192777, 0.000000000000000000, 2.000000000000000000 ) ) ;
#855 = ADVANCED_FACE ( 'NONE', ( #4645 ), #909, .F. ) ;
#856 = VERTEX_POINT ( 'NONE', #4402 ) ;
#857 = LINE ( 'NONE', #440, #3546 ) ;
#858 = AXIS2_PLACEMENT_3D ( 'NONE', #4320, #3940, #4774 ) ;
#859 = CIRCLE ( 'NONE', #1475, 1.000000000000000888 ) ;
#860 = ADVANCED_FACE ( 'NONE', ( #4790 ), #691, .F. ) ;
#861 = ORIENTED_EDGE ( 'NONE', *, *, #5308, .F. ) ;
#862 = CARTESIAN_POINT ( 'NONE',  ( 98.86175350386176319, 7.740963044856599140, -4.979999999999967564 ) ) ;
#863 = VECTOR ( 'NONE', #332, 1000.000000000000000 ) ;
#864 = AXIS2_PLACEMENT_3D ( 'NONE', #2927, #362, #4581 ) ;
#865 = CARTESIAN_POINT ( 'NONE',  ( 91.34005445318651084, 9.605257369896378350, -4.999999999999966249 ) ) ;
#866 = ORIENTED_EDGE ( 'NONE', *, *, #2024, .F. ) ;
#867 = AXIS2_PLACEMENT_3D ( 'NONE', #1368, #3399, #4757 ) ;
#868 = EDGE_CURVE ( 'NONE', #3285, #5157, #663, .T. ) ;
#869 = DIRECTION ( 'NONE',  ( -0.000000000000000000, -0.000000000000000000, 1.000000000000000000 ) ) ;
#870 = VERTEX_POINT ( 'NONE', #224 ) ;
#871 = VECTOR ( 'NONE', #3835, 1000.000000000000000 ) ;
#872 = AXIS2_PLACEMENT_3D ( 'NONE', #5103, #948, #3502 ) ;
#873 = VECTOR ( 'NONE', #4657, 1000.000000000000000 ) ;
#874 = LINE ( 'NONE', #2129, #2909 ) ;
#875 = CARTESIAN_POINT ( 'NONE',  ( 77.68856860454494040, 77.68829435718376430, -1.250000000000001110 ) ) ;
#876 = DIRECTION ( 'NONE',  ( 0.000000000000000000, -1.000000000000000000, -8.021991610562322215E-17 ) ) ;
#877 = DIRECTION ( 'NONE',  ( -1.000000000000000000, 0.000000000000000000, 0.000000000000000000 ) ) ;
#878 = LINE ( 'NONE', #1777, #3643 ) ;
#879 = DIRECTION ( 'NONE',  ( -1.000000000000000000, 0.000000000000000000, 0.000000000000000000 ) ) ;
#880 = CARTESIAN_POINT ( 'NONE',  ( 123.8448143801982440, 0.000000000000000000, -0.5000000000000000000 ) ) ;
#881 = ORIENTED_EDGE ( 'NONE', *, *, #3840, .T. ) ;
#882 = CYLINDRICAL_SURFACE ( 'NONE', #2248, 1.000000000000000888 ) ;
#883 = CARTESIAN_POINT ( 'NONE',  ( 119.8026420791192521, 29.74581418685401957, -2.999999999999968026 ) ) ;
#884 = ORIENTED_EDGE ( 'NONE', *, *, #3136, .F. ) ;
#885 = EDGE_CURVE ( 'NONE', #5248, #4497, #4873, .T. ) ;
#886 = CYLINDRICAL_SURFACE ( 'NONE', #2701, 1.500000000000001332 ) ;
#887 = VERTEX_POINT ( 'NONE', #1845 ) ;
#888 = ADVANCED_FACE ( 'NONE', ( #5264 ), #1141, .F. ) ;
#889 = CARTESIAN_POINT ( 'NONE',  ( 82.02339349362759435, 10.03657867030905138, -4.979999999999967564 ) ) ;
#890 = ORIENTED_EDGE ( 'NONE', *, *, #2148, .T. ) ;
#891 = CARTESIAN_POINT ( 'NONE',  ( 95.19359532950973346, 2.314810671459347269, -4.979999999999967564 ) ) ;
#892 = CARTESIAN_POINT ( 'NONE',  ( 0.000000000000000000, 6.725643756828379338, -4.979999999999967564 ) ) ;
#893 = ORIENTED_EDGE ( 'NONE', *, *, #4591, .F. ) ;
#894 = FACE_OUTER_BOUND ( 'NONE', #1122, .T. ) ;
#895 = ORIENTED_EDGE ( 'NONE', *, *, #1987, .F. ) ;
#896 = EDGE_CURVE ( 'NONE', #856, #3645, #4325, .T. ) ;
#897 = CARTESIAN_POINT ( 'NONE',  ( 100.8568353425063009, 7.460141484757901509, -4.979999999999967564 ) ) ;
#898 = VECTOR ( 'NONE', #2447, 1000.000000000000000 ) ;
#899 = DIRECTION ( 'NONE',  ( 1.000000000000000000, 0.000000000000000000, 0.000000000000000000 ) ) ;
#900 = LINE ( 'NONE', #3780, #1296 ) ;
#901 = LINE ( 'NONE', #1748, #3308 ) ;
#902 = DIRECTION ( 'NONE',  ( -1.000000000000000000, 0.000000000000000000, -0.000000000000000000 ) ) ;
#903 = VERTEX_POINT ( 'NONE', #3153 ) ;
#904 = EDGE_CURVE ( 'NONE', #2119, #3099, #4372, .T. ) ;
#905 = EDGE_CURVE ( 'NONE', #1276, #2391, #3454, .T. ) ;
#906 = LINE ( 'NONE', #3841, #733 ) ;
#907 = LINE ( 'NONE', #2565, #4197 ) ;
#908 = DIRECTION ( 'NONE',  ( -0.000000000000000000, -0.000000000000000000, -1.000000000000000000 ) ) ;
#909 = CYLINDRICAL_SURFACE ( 'NONE', #3638, 1.000000000000000888 ) ;
#910 = ORIENTED_EDGE ( 'NONE', *, *, #3983, .T. ) ;
#911 = CARTESIAN_POINT ( 'NONE',  ( 100.8716879100530832, 7.069318558218559367, -4.979999999999967564 ) ) ;
#912 = VERTEX_POINT ( 'NONE', #281 ) ;
#913 = DIRECTION ( 'NONE',  ( -1.000000000000000000, 0.000000000000000000, 0.000000000000000000 ) ) ;
#914 = ORIENTED_EDGE ( 'NONE', *, *, #3779, .T. ) ;
#915 = EDGE_CURVE ( 'NONE', #2552, #2136, #2679, .T. ) ;
#916 = DIRECTION ( 'NONE',  ( -1.000000000000000000, 0.000000000000000000, 0.000000000000000000 ) ) ;
#917 = VERTEX_POINT ( 'NONE', #4822 ) ;
#918 = CARTESIAN_POINT ( 'NONE',  ( 92.41980518415502388, 4.557222913888810290, -4.979999999999967564 ) ) ;
#919 = CARTESIAN_POINT ( 'NONE',  ( 86.12468899693865865, 0.000000000000000000, -4.979999999999967564 ) ) ;
#920 = ORIENTED_EDGE ( 'NONE', *, *, #2148, .F. ) ;
#921 = EDGE_CURVE ( 'NONE', #3697, #2424, #2743, .T. ) ;
#922 = CARTESIAN_POINT ( 'NONE',  ( 68.00283379874937850, 32.24581418685401957, -92.58679254334981579 ) ) ;
#923 = FACE_OUTER_BOUND ( 'NONE', #2092, .T. ) ;
#924 = CARTESIAN_POINT ( 'NONE',  ( 95.97766059993536203, 10.23669127012755276, -4.979999999999967564 ) ) ;
#925 = FACE_OUTER_BOUND ( 'NONE', #5371, .T. ) ;
#926 = CARTESIAN_POINT ( 'NONE',  ( 111.7992594755730238, 29.67691275818949848, -2.999999999999968026 ) ) ;
#927 = EDGE_CURVE ( 'NONE', #1482, #3742, #3288, .T. ) ;
#928 = FACE_OUTER_BOUND ( 'NONE', #2587, .T. ) ;
#929 = DIRECTION ( 'NONE',  ( 0.2576626505603404338, 3.155457402685439408E-17, -0.9662349396012441805 ) ) ;
#930 = ORIENTED_EDGE ( 'NONE', *, *, #1825, .F. ) ;
#931 = EDGE_CURVE ( 'NONE', #2844, #3044, #2771, .T. ) ;
#932 = CARTESIAN_POINT ( 'NONE',  ( 123.0526420791192805, 0.000000000000000000, -92.58679254334981579 ) ) ;
#933 = CARTESIAN_POINT ( 'NONE',  ( 84.43470446290349685, 9.895094913426232708, -4.999999999999967137 ) ) ;
#934 = CARTESIAN_POINT ( 'NONE',  ( 60.76262851142322319, -15.59745673555393886, -4.999999999999968026 ) ) ;
#935 = EDGE_CURVE ( 'NONE', #44, #4245, #2374, .T. ) ;
#936 = LINE ( 'NONE', #2219, #3798 ) ;
#937 = ORIENTED_EDGE ( 'NONE', *, *, #4077, .F. ) ;
#938 = AXIS2_PLACEMENT_3D ( 'NONE', #749, #407, #4483 ) ;
#939 = CARTESIAN_POINT ( 'NONE',  ( 99.32515517334117305, 4.267385370128940814, -4.999999999999965361 ) ) ;
#940 = CARTESIAN_POINT ( 'NONE',  ( 85.16492585232541046, 0.000000000000000000, -4.979999999999967564 ) ) ;
#941 = VECTOR ( 'NONE', #3925, 1000.000000000000000 ) ;
#942 = ORIENTED_EDGE ( 'NONE', *, *, #2277, .T. ) ;
#943 = DIRECTION ( 'NONE',  ( 0.000000000000000000, -1.000000000000000000, 0.000000000000000000 ) ) ;
#944 = ORIENTED_EDGE ( 'NONE', *, *, #5144, .T. ) ;
#945 = LINE ( 'NONE', #1005, #5363 ) ;
#946 = VECTOR ( 'NONE', #2197, 1000.000000000000000 ) ;
#947 = ORIENTED_EDGE ( 'NONE', *, *, #63, .F. ) ;
#948 = DIRECTION ( 'NONE',  ( -0.000000000000000000, -0.000000000000000000, 1.000000000000000000 ) ) ;
#949 = ORIENTED_EDGE ( 'NONE', *, *, #5183, .T. ) ;
#950 = ADVANCED_FACE ( 'NONE', ( #4043 ), #689, .T. ) ;
#951 = DIRECTION ( 'NONE',  ( -0.000000000000000000, -0.000000000000000000, 1.000000000000000000 ) ) ;
#952 = DIRECTION ( 'NONE',  ( 0.000000000000000000, 0.000000000000000000, -1.000000000000000000 ) ) ;
#953 = VECTOR ( 'NONE', #1919, 1000.000000000000000 ) ;
#954 = VECTOR ( 'NONE', #2491, 1000.000000000000000 ) ;
#955 = LINE ( 'NONE', #1799, #4288 ) ;
#956 = CARTESIAN_POINT ( 'NONE',  ( 72.00262851142325360, 31.20528942323797139, 2.000000000000000000 ) ) ;
#957 = VECTOR ( 'NONE', #4947, 1000.000000000000000 ) ;
#958 = LINE ( 'NONE', #480, #3225 ) ;
#959 = CARTESIAN_POINT ( 'NONE',  ( 123.0526420791192805, 0.000000000000000000, -1.250000000000001110 ) ) ;
#960 = LINE ( 'NONE', #1396, #587 ) ;
#961 = CIRCLE ( 'NONE', #3477, 1.000000000000000888 ) ;
#962 = AXIS2_PLACEMENT_3D ( 'NONE', #2943, #869, #2532 ) ;
#963 = ORIENTED_EDGE ( 'NONE', *, *, #2600, .F. ) ;
#964 = ADVANCED_FACE ( 'NONE', ( #3307 ), #5343, .T. ) ;
#965 = DIRECTION ( 'NONE',  ( -0.000000000000000000, -0.000000000000000000, -1.000000000000000000 ) ) ;
#966 = CARTESIAN_POINT ( 'NONE',  ( 83.47972719060949487, 8.977475825078181870, -4.999999999999967137 ) ) ;
#967 = CARTESIAN_POINT ( 'NONE',  ( 122.7597501083809561, 32.61695374762024358, -1.250000000000027978 ) ) ;
#968 = VECTOR ( 'NONE', #5336, 1000.000000000000000 ) ;
#969 = DIRECTION ( 'NONE',  ( 0.000000000000000000, -0.000000000000000000, -1.000000000000000000 ) ) ;
#970 = ADVANCED_FACE ( 'NONE', ( #4560, #825 ), #1597, .T. ) ;
#971 = DIRECTION ( 'NONE',  ( -0.000000000000000000, -0.000000000000000000, -1.000000000000000000 ) ) ;
#972 = CARTESIAN_POINT ( 'NONE',  ( 97.35788106744743686, 3.710808660269697690, -4.979999999999967564 ) ) ;
#973 = ADVANCED_FACE ( 'NONE', ( #387 ), #2080, .T. ) ;
#974 = LINE ( 'NONE', #4258, #946 ) ;
#975 = ORIENTED_EDGE ( 'NONE', *, *, #1613, .F. ) ;
#976 = LINE ( 'NONE', #5098, #90 ) ;
#977 = ORIENTED_EDGE ( 'NONE', *, *, #3977, .F. ) ;
#978 = DIRECTION ( 'NONE',  ( 0.000000000000000000, -1.000000000000000000, 0.000000000000000000 ) ) ;
#979 = ORIENTED_EDGE ( 'NONE', *, *, #4659, .T. ) ;
#980 = DIRECTION ( 'NONE',  ( -0.000000000000000000, -0.000000000000000000, 1.000000000000000000 ) ) ;
#981 = CARTESIAN_POINT ( 'NONE',  ( 74.00262851142325360, 0.000000000000000000, -92.58679254334981579 ) ) ;
#982 = DIRECTION ( 'NONE',  ( 0.000000000000000000, 1.000000000000000000, 0.000000000000000000 ) ) ;
#983 = CARTESIAN_POINT ( 'NONE',  ( 117.0144144982132843, -12.16866160237078986, -4.999999999999968026 ) ) ;
#984 = FACE_OUTER_BOUND ( 'NONE', #3736, .T. ) ;
#985 = MECHANICAL_DESIGN_GEOMETRIC_PRESENTATION_REPRESENTATION (  '', ( #1171 ), #1679 ) ;
#986 = DIRECTION ( 'NONE',  ( -0.000000000000000000, -0.000000000000000000, 1.000000000000000000 ) ) ;
#987 = CARTESIAN_POINT ( 'NONE',  ( 74.00262851142325360, 0.000000000000000000, -0.5000000000000000000 ) ) ;
#988 = FACE_OUTER_BOUND ( 'NONE', #3309, .T. ) ;
#989 = ORIENTED_EDGE ( 'NONE', *, *, #699, .T. ) ;
#990 = EDGE_CURVE ( 'NONE', #4851, #219, #4998, .T. ) ;
#991 = CARTESIAN_POINT ( 'NONE',  ( 74.72755661367382629, -17.25607953625900493, -92.58679254334981579 ) ) ;
#992 = CARTESIAN_POINT ( 'NONE',  ( 95.90769820652677424, 2.069269467676859264, -4.979999999999967564 ) ) ;
#993 = CARTESIAN_POINT ( 'NONE',  ( 84.43470446290349685, 9.895094913426232708, -4.999999999999968026 ) ) ;
#994 = VECTOR ( 'NONE', #2840, 1000.000000000000000 ) ;
#995 = EDGE_CURVE ( 'NONE', #1274, #240, #2252, .T. ) ;
#996 = DIRECTION ( 'NONE',  ( -1.000000000000000000, 0.000000000000000000, 0.000000000000000000 ) ) ;
#997 = VERTEX_POINT ( 'NONE', #2928 ) ;
#998 = AXIS2_PLACEMENT_3D ( 'NONE', #2931, #3032, #2113 ) ;
#999 = ADVANCED_FACE ( 'NONE', ( #4582 ), #4726, .F. ) ;
#1000 = DIRECTION ( 'NONE',  ( 0.000000000000000000, 0.000000000000000000, -1.000000000000000000 ) ) ;
#1001 = PLANE ( 'NONE',  #596 ) ;
#1002 = ORIENTED_EDGE ( 'NONE', *, *, #1363, .T. ) ;
#1003 = CARTESIAN_POINT ( 'NONE',  ( 69.95368511499633257, 26.53114188592600087, -2.999999999999968026 ) ) ;
#1004 = ORIENTED_EDGE ( 'NONE', *, *, #2557, .F. ) ;
#1005 = CARTESIAN_POINT ( 'NONE',  ( 117.8026420791192521, -15.59745673555395484, 2.000000000000000000 ) ) ;
#1006 = ORIENTED_EDGE ( 'NONE', *, *, #3378, .T. ) ;
#1007 = DIRECTION ( 'NONE',  ( -0.000000000000000000, -0.000000000000000000, -1.000000000000000000 ) ) ;
#1008 = DIRECTION ( 'NONE',  ( -0.000000000000000000, -0.000000000000000000, 1.000000000000000000 ) ) ;
#1009 = VERTEX_POINT ( 'NONE', #1316 ) ;
#1010 = DIRECTION ( 'NONE',  ( 0.7071067811864089059, -0.7071067811866860175, 0.000000000000000000 ) ) ;
#1011 = DIRECTION ( 'NONE',  ( 0.000000000000000000, 0.000000000000000000, 1.000000000000000000 ) ) ;
#1012 = EDGE_CURVE ( 'NONE', #705, #4312, #4664, .T. ) ;
#1013 = CARTESIAN_POINT ( 'NONE',  ( 121.0097501083809277, 31.89208182286202486, -0.5000000000000004441 ) ) ;
#1014 = ORIENTED_EDGE ( 'NONE', *, *, #4279, .T. ) ;
#1015 = CARTESIAN_POINT ( 'NONE',  ( 70.73262851142325758, -17.05471057676229307, -0.5000000000000000000 ) ) ;
#1016 = LINE ( 'NONE', #5163, #780 ) ;
#1017 = PLANE ( 'NONE',  #2702 ) ;
#1018 = VERTEX_POINT ( 'NONE', #1697 ) ;
#1019 = DIRECTION ( 'NONE',  ( -1.000000000000000000, 0.000000000000000000, 0.000000000000000000 ) ) ;
#1020 = ORIENTED_EDGE ( 'NONE', *, *, #287, .F. ) ;
#1021 = PLANE ( 'NONE',  #5186 ) ;
#1022 = CARTESIAN_POINT ( 'NONE',  ( 90.18202988411007937, 8.183676927377259602, -4.999999999999967137 ) ) ;
#1023 = LINE ( 'NONE', #2678, #776 ) ;
#1024 = CARTESIAN_POINT ( 'NONE',  ( 85.06581804198431485, 10.21259834457873517, -4.999999999999968026 ) ) ;
#1025 = EDGE_CURVE ( 'NONE', #2507, #4744, #3802, .T. ) ;
#1026 = DIRECTION ( 'NONE',  ( 0.000000000000000000, 0.000000000000000000, -1.000000000000000000 ) ) ;
#1027 = ORIENTED_EDGE ( 'NONE', *, *, #5070, .F. ) ;
#1028 = CARTESIAN_POINT ( 'NONE',  ( 99.84884978166307690, 4.668641647837796782, -4.979999999999967564 ) ) ;
#1029 = DIRECTION ( 'NONE',  ( -1.000000000000000000, 0.000000000000000000, 0.000000000000000000 ) ) ;
#1030 = ORIENTED_EDGE ( 'NONE', *, *, #3700, .F. ) ;
#1031 = CARTESIAN_POINT ( 'NONE',  ( 84.43470446290348264, 4.267385370129123778, -4.979999999999967564 ) ) ;
#1032 = AXIS2_PLACEMENT_3D ( 'NONE', #1433, #5204, #1456 ) ;
#1033 = VERTEX_POINT ( 'NONE', #2950 ) ;
#1034 = CARTESIAN_POINT ( 'NONE',  ( 93.78636053628376601, 11.01278369611535268, -4.999999999999966249 ) ) ;
#1035 = EDGE_CURVE ( 'NONE', #2225, #4302, #878, .T. ) ;
#1036 = DIRECTION ( 'NONE',  ( -0.000000000000000000, -0.000000000000000000, -1.000000000000000000 ) ) ;
#1037 = DIRECTION ( 'NONE',  ( 0.000000000000000000, 0.000000000000000000, 1.000000000000000000 ) ) ;
#1038 = VECTOR ( 'NONE', #1746, 1000.000000000000000 ) ;
#1039 = LINE ( 'NONE', #1125, #4607 ) ;
#1040 = CARTESIAN_POINT ( 'NONE',  ( 101.7364661426487942, 10.03657867010265292, -4.999999999999968026 ) ) ;
#1041 = DIRECTION ( 'NONE',  ( 0.000000000000000000, 0.000000000000000000, -1.000000000000000000 ) ) ;
#1042 = EDGE_CURVE ( 'NONE', #3384, #4203, #2977, .T. ) ;
#1043 = VECTOR ( 'NONE', #2135, 1000.000000000000000 ) ;
#1044 = DIRECTION ( 'NONE',  ( 0.000000000000000000, -1.000000000000000000, 0.000000000000000000 ) ) ;
#1045 = ORIENTED_EDGE ( 'NONE', *, *, #2441, .F. ) ;
#1046 = PLANE ( 'NONE',  #4912 ) ;
#1047 = LINE ( 'NONE', #3224, #1728 ) ;
#1048 = VECTOR ( 'NONE', #2185, 1000.000000000000114 ) ;
#1049 = DIRECTION ( 'NONE',  ( -0.000000000000000000, -0.000000000000000000, -1.000000000000000000 ) ) ;
#1050 = ORIENTED_EDGE ( 'NONE', *, *, #927, .F. ) ;
#1051 = CARTESIAN_POINT ( 'NONE',  ( 100.8714558563692520, 6.910493686041341732, -4.999999999999968026 ) ) ;
#1052 = ORIENTED_EDGE ( 'NONE', *, *, #1897, .T. ) ;
#1053 = VECTOR ( 'NONE', #2468, 999.9999999999998863 ) ;
#1054 = CARTESIAN_POINT ( 'NONE',  ( 93.05180686661282152, 3.842822143103860277, -4.999999999999968026 ) ) ;
#1055 = ORIENTED_EDGE ( 'NONE', *, *, #3626, .T. ) ;
#1056 = DIRECTION ( 'NONE',  ( -1.000000000000000000, 0.000000000000000000, 0.000000000000000000 ) ) ;
#1057 = CARTESIAN_POINT ( 'NONE',  ( 86.40197856879723304, 10.45167162328543853, -4.999999999999968026 ) ) ;
#1058 = VECTOR ( 'NONE', #4743, 1000.000000000000000 ) ;
#1059 = AXIS2_PLACEMENT_3D ( 'NONE', #3003, #2273, #111 ) ;
#1060 = CARTESIAN_POINT ( 'NONE',  ( 94.80656262938363454, 9.506103882827027007, -4.979999999999967564 ) ) ;
#1061 = VERTEX_POINT ( 'NONE', #4191 ) ;
#1062 = VECTOR ( 'NONE', #2658, 1000.000000000000000 ) ;
#1063 = VECTOR ( 'NONE', #1308, 1000.000000000000000 ) ;
#1064 = CARTESIAN_POINT ( 'NONE',  ( 66.74544513803135715, -12.16866160237078986, -2.999999999999968026 ) ) ;
#1065 = EDGE_CURVE ( 'NONE', #3186, #2919, #3371, .T. ) ;
#1066 = CARTESIAN_POINT ( 'NONE',  ( 60.76262851142322319, -15.59745673555393886, -3.999999999999968026 ) ) ;
#1067 = EDGE_LOOP ( 'NONE', ( #3446, #5178, #3605, #1764 ) ) ;
#1068 = DIRECTION ( 'NONE',  ( -1.000000000000000000, 0.000000000000000000, -0.000000000000000000 ) ) ;
#1069 = ORIENTED_EDGE ( 'NONE', *, *, #931, .T. ) ;
#1070 = DIRECTION ( 'NONE',  ( 0.7071055331092195306, -0.7071080292616725993, 0.000000000000000000 ) ) ;
#1071 = ADVANCED_FACE ( 'NONE', ( #988 ), #112, .T. ) ;
#1072 = ORIENTED_EDGE ( 'NONE', *, *, #4051, .F. ) ;
#1073 = FACE_OUTER_BOUND ( 'NONE', #4802, .T. ) ;
#1074 = LINE ( 'NONE', #3968, #4344 ) ;
#1075 = PLANE ( 'NONE',  #4448 ) ;
#1076 = CARTESIAN_POINT ( 'NONE',  ( 84.81374502401445170, 2.115417445343053426, -4.979999999999967564 ) ) ;
#1077 = EDGE_CURVE ( 'NONE', #4369, #4429, #960, .T. ) ;
#1078 = CARTESIAN_POINT ( 'NONE',  ( 125.0948143801982866, 0.5696557525068771666, -4.249999999999968914 ) ) ;
#1079 = DIRECTION ( 'NONE',  ( 0.000000000000000000, 0.000000000000000000, -1.000000000000000000 ) ) ;
#1080 = ADVANCED_FACE ( 'NONE', ( #1286, #3782 ), #4638, .T. ) ;
#1081 = CARTESIAN_POINT ( 'NONE',  ( 122.8448143801982440, -7.974933038889183479, -2.999999999999975131 ) ) ;
#1082 = VERTEX_POINT ( 'NONE', #4244 ) ;
#1083 = DIRECTION ( 'NONE',  ( 0.000000000000000000, 0.000000000000000000, 1.000000000000000000 ) ) ;
#1084 = ORIENTED_EDGE ( 'NONE', *, *, #2464, .T. ) ;
#1085 = CARTESIAN_POINT ( 'NONE',  ( 86.40197856879719041, 3.710808660269885095, -4.999999999999968026 ) ) ;
#1086 = ORIENTED_EDGE ( 'NONE', *, *, #931, .F. ) ;
#1087 = CARTESIAN_POINT ( 'NONE',  ( 127.9172538241100341, 10.48275734033056317, -1.482554187438161808 ) ) ;
#1088 = DIRECTION ( 'NONE',  ( -1.000000000000000000, 0.000000000000000000, 0.000000000000000000 ) ) ;
#1089 = DIRECTION ( 'NONE',  ( -1.000000000000000000, 0.000000000000000000, 0.000000000000000000 ) ) ;
#1090 = VECTOR ( 'NONE', #1189, 1000.000000000000000 ) ;
#1091 = ADVANCED_FACE ( 'NONE', ( #4166, #4610, #4272 ), #4216, .T. ) ;
#1092 = EDGE_CURVE ( 'NONE', #388, #5167, #2781, .T. ) ;
#1093 = DIRECTION ( 'NONE',  ( -1.000000000000000000, 0.000000000000000000, 0.000000000000000000 ) ) ;
#1094 = CIRCLE ( 'NONE', #2046, 1.000000000000000888 ) ;
#1095 = CARTESIAN_POINT ( 'NONE',  ( 117.8026420791192521, -15.59745673555395484, -3.999999999999968026 ) ) ;
#1096 = VERTEX_POINT ( 'NONE', #513 ) ;
#1097 = CARTESIAN_POINT ( 'NONE',  ( 82.88840377987538943, 6.910493686041516703, -4.979999999999967564 ) ) ;
#1098 = ORIENTED_EDGE ( 'NONE', *, *, #3192, .F. ) ;
#1099 = VECTOR ( 'NONE', #4539, 1000.000000000000000 ) ;
#1100 = CARTESIAN_POINT ( 'NONE',  ( 102.6717188290364078, 7.081240144677177994, -4.999999999999966249 ) ) ;
#1101 = CARTESIAN_POINT ( 'NONE',  ( 100.8714871525060346, 7.081240141777612074, -4.979999999999967564 ) ) ;
#1102 = DIRECTION ( 'NONE',  ( -1.000000000000000000, 0.000000000000000000, -0.000000000000000000 ) ) ;
#1103 = CARTESIAN_POINT ( 'NONE',  ( 89.23072932620189590, 2.635640492090984832, -4.999999999999968026 ) ) ;
#1104 = CARTESIAN_POINT ( 'NONE',  ( 121.3026420791192521, -15.59745673555395484, -3.999999999999968026 ) ) ;
#1105 = CARTESIAN_POINT ( 'NONE',  ( 100.8714871525060346, 7.081240141777612074, -4.999999999999967137 ) ) ;
#1106 = DIRECTION ( 'NONE',  ( 0.000000000000000000, 0.000000000000000000, -1.000000000000000000 ) ) ;
#1107 = CARTESIAN_POINT ( 'NONE',  ( 122.8026285114232650, -11.97471057676247064, -92.58679254334981579 ) ) ;
#1108 = ORIENTED_EDGE ( 'NONE', *, *, #2626, .T. ) ;
#1109 = EDGE_CURVE ( 'NONE', #1457, #2402, #5083, .T. ) ;
#1110 = LINE ( 'NONE', #3952, #4514 ) ;
#1111 = ORIENTED_EDGE ( 'NONE', *, *, #5037, .F. ) ;
#1112 = CARTESIAN_POINT ( 'NONE',  ( 89.50399827475561665, 5.193790713901123013, -4.999999999999968026 ) ) ;
#1113 = ADVANCED_FACE ( 'NONE', ( #275 ), #4301, .T. ) ;
#1114 = EDGE_LOOP ( 'NONE', ( #4490, #3280, #451, #5036 ) ) ;
#1115 = DIRECTION ( 'NONE',  ( 0.000000000000000000, -1.000000000000000000, 0.000000000000000000 ) ) ;
#1116 = CARTESIAN_POINT ( 'NONE',  ( 113.6061745212482919, -12.16866160237078986, -4.999999999999968026 ) ) ;
#1117 = DIRECTION ( 'NONE',  ( -1.000000000000000000, 0.000000000000000000, 0.000000000000000000 ) ) ;
#1118 = ORIENTED_EDGE ( 'NONE', *, *, #2220, .F. ) ;
#1119 = DIRECTION ( 'NONE',  ( -0.000000000000000000, -0.000000000000000000, 1.000000000000000000 ) ) ;
#1120 = DIRECTION ( 'NONE',  ( 0.000000000000000000, -0.000000000000000000, -1.000000000000000000 ) ) ;
#1121 = EDGE_CURVE ( 'NONE', #917, #3285, #2239, .T. ) ;
#1122 = EDGE_LOOP ( 'NONE', ( #3931, #2547, #1202, #312 ) ) ;
#1123 = CARTESIAN_POINT ( 'NONE',  ( 87.78219903630919418, 3.925789013427738006, -4.999999999999967137 ) ) ;
#1124 = ORIENTED_EDGE ( 'NONE', *, *, #1389, .T. ) ;
#1125 = CARTESIAN_POINT ( 'NONE',  ( 116.3026420791192521, 29.74581418685401957, -3.999999999999968026 ) ) ;
#1126 = CARTESIAN_POINT ( 'NONE',  ( 102.5242788458393051, 8.392679732630226042, -4.999999999999968026 ) ) ;
#1127 = CARTESIAN_POINT ( 'NONE',  ( 81.08814080717546346, 7.081240144903952149, -4.979999999999967564 ) ) ;
#1128 = DIRECTION ( 'NONE',  ( 0.000000000000000000, 0.000000000000000000, -1.000000000000000000 ) ) ;
#1129 = AXIS2_PLACEMENT_3D ( 'NONE', #1243, #2470, #2038 ) ;
#1130 = ORIENTED_EDGE ( 'NONE', *, *, #5176, .F. ) ;
#1131 = SURFACE_STYLE_USAGE ( .BOTH. , #737 ) ;
#1132 = LINE ( 'NONE', #3109, #2003 ) ;
#1133 = LINE ( 'NONE', #2792, #3821 ) ;
#1134 = ORIENTED_EDGE ( 'NONE', *, *, #2431, .T. ) ;
#1135 = AXIS2_PLACEMENT_3D ( 'NONE', #2849, #4505, #772 ) ;
#1136 = DIRECTION ( 'NONE',  ( -0.000000000000000000, -0.000000000000000000, -1.000000000000000000 ) ) ;
#1137 = AXIS2_PLACEMENT_3D ( 'NONE', #2981, #3843, #117 ) ;
#1138 = ORIENTED_EDGE ( 'NONE', *, *, #3641, .T. ) ;
#1139 = CYLINDRICAL_SURFACE ( 'NONE', #1142, 1.000000000000000888 ) ;
#1140 = B_SPLINE_SURFACE_WITH_KNOTS ( 'NONE', 3, 1, ( 
 ( #2812, #4886 ),
 ( #3535, #4414 ),
 ( #4443, #1586 ),
 ( #734, #4808 ),
 ( #4468, #4859 ),
 ( #3593, #1103 ),
 ( #2425, #649 ),
 ( #2838, #2756 ),
 ( #2386, #5277 ),
 ( #1155, #4028 ),
 ( #1076, #2727 ),
 ( #294, #674 ),
 ( #2327, #4384 ),
 ( #3970, #1556 ),
 ( #2355, #235 ),
 ( #4050, #1946 ),
 ( #2404, #4000 ),
 ( #3166, #3648 ),
 ( #1531, #3620 ),
 ( #1127, #759 ) ),
 .UNSPECIFIED., .F., .F., .F.,
 ( 4, 1, 1, 1, 1, 1, 1, 1, 1, 1, 1, 1, 1, 1, 1, 1, 1, 4 ),
 ( 2, 2 ),
 ( 0.1043905746147574531, 0.1620068793406475305, 0.2264024889723261769, 0.2907980986040048510, 0.3551937082356834696, 0.3873915130515227512, 0.4195893178673620882, 0.4839849274990407624, 0.5483805371307193255, 0.6127761467623979996, 0.6771717563940766738, 0.7415673660257553479, 0.7737651708415946850, 0.8059629756574340220, 0.8703585852891126962, 0.9347541949207913703, 0.9669519997366307074, 0.9991498045524699334 ),
 ( 0.000000000000000000, 1.000000000000000000 ),
 .UNSPECIFIED. ) ;
#1141 = CYLINDRICAL_SURFACE ( 'NONE', #1905, 1.000000000000000888 ) ;
#1142 = AXIS2_PLACEMENT_3D ( 'NONE', #3545, #4014, #3116 ) ;
#1143 = AXIS2_PLACEMENT_3D ( 'NONE', #1501, #1008, #2353 ) ;
#1144 = ADVANCED_FACE ( 'NONE', ( #4842 ), #3087, .T. ) ;
#1145 = ORIENTED_EDGE ( 'NONE', *, *, #3616, .F. ) ;
#1146 = CARTESIAN_POINT ( 'NONE',  ( 117.0144144982132843, -12.16866160237078986, -2.999999999999968026 ) ) ;
#1147 = CARTESIAN_POINT ( 'NONE',  ( 70.73262851142325758, -17.05471057676229307, 2.000000000000000000 ) ) ;
#1148 = CIRCLE ( 'NONE', #1484, 1.000000000000000888 ) ;
#1149 = EDGE_CURVE ( 'NONE', #2422, #4715, #3120, .T. ) ;
#1150 = ORIENTED_EDGE ( 'NONE', *, *, #2137, .T. ) ;
#1151 = CYLINDRICAL_SURFACE ( 'NONE', #3146, 1.000000000000000888 ) ;
#1152 = VECTOR ( 'NONE', #314, 1000.000000000000000 ) ;
#1153 = EDGE_CURVE ( 'NONE', #1238, #2424, #1110, .T. ) ;
#1154 = CARTESIAN_POINT ( 'NONE',  ( 96.61823225319530195, 3.767321832058382558, -4.979999999999967564 ) ) ;
#1155 = CARTESIAN_POINT ( 'NONE',  ( 85.90971549955189346, 1.915127625333971295, -4.979999999999967564 ) ) ;
#1156 = ADVANCED_FACE ( 'NONE', ( #2674 ), #2304, .F. ) ;
#1157 = CARTESIAN_POINT ( 'NONE',  ( 122.8526420791192777, -17.07599448707702905, -4.999999999999968026 ) ) ;
#1158 = ORIENTED_EDGE ( 'NONE', *, *, #4219, .F. ) ;
#1159 = LINE ( 'NONE', #2029, #288 ) ;
#1160 = DIRECTION ( 'NONE',  ( 0.000000000000000000, 0.000000000000000000, 1.000000000000000000 ) ) ;
#1161 = DIRECTION ( 'NONE',  ( 0.000000000000000000, 0.000000000000000000, -1.000000000000000000 ) ) ;
#1162 = VERTEX_POINT ( 'NONE', #4421 ) ;
#1163 = LINE ( 'NONE', #4867, #4202 ) ;
#1164 = ORIENTED_EDGE ( 'NONE', *, *, #2665, .T. ) ;
#1165 = FACE_BOUND ( 'NONE', #4854, .T. ) ;
#1166 = CARTESIAN_POINT ( 'NONE',  ( 100.8714871525060346, 7.081240141777612074, -4.979999999999967564 ) ) ;
#1167 = EDGE_CURVE ( 'NONE', #1645, #5332, #2007, .T. ) ;
#1168 = CARTESIAN_POINT ( 'NONE',  ( 120.6962210810369953, 19.36573759034869724, -92.58679254334981579 ) ) ;
#1169 = CARTESIAN_POINT ( 'NONE',  ( 0.000000000000000000, 6.725643756828379338, -4.979999999999967564 ) ) ;
#1170 = EDGE_CURVE ( 'NONE', #1187, #1779, #4087, .T. ) ;
#1171 = STYLED_ITEM ( 'NONE', ( #1950 ), #5229 ) ;
#1172 = VERTEX_POINT ( 'NONE', #1263 ) ;
#1173 = DIRECTION ( 'NONE',  ( -0.2576626505603404338, 0.000000000000000000, -0.9662349396012441805 ) ) ;
#1174 = ORIENTED_EDGE ( 'NONE', *, *, #2331, .T. ) ;
#1175 = VECTOR ( 'NONE', #2932, 1000.000000000000000 ) ;
#1176 = ORIENTED_EDGE ( 'NONE', *, *, #4588, .F. ) ;
#1177 = CARTESIAN_POINT ( 'NONE',  ( 95.97766059993544729, 3.925789013427541718, -4.979999999999967564 ) ) ;
#1178 = VERTEX_POINT ( 'NONE', #1594 ) ;
#1179 = VECTOR ( 'NONE', #1557, 1000.000000000000000 ) ;
#1180 = CARTESIAN_POINT ( 'NONE',  ( 118.8026420791192521, 29.74581418685401957, -3.999999999999968026 ) ) ;
#1181 = CARTESIAN_POINT ( 'NONE',  ( 122.7597501083809561, 32.61695374762024358, -1.250000000000028866 ) ) ;
#1182 = EDGE_LOOP ( 'NONE', ( #1252, #736, #4602, #3315 ) ) ;
#1183 = CARTESIAN_POINT ( 'NONE',  ( 99.32515517334110200, 9.895094913426238037, -4.999999999999968026 ) ) ;
#1184 = VECTOR ( 'NONE', #1453, 1000.000000000000000 ) ;
#1185 = EDGE_CURVE ( 'NONE', #3544, #2904, #2822, .T. ) ;
#1186 = FACE_OUTER_BOUND ( 'NONE', #5064, .T. ) ;
#1187 = VERTEX_POINT ( 'NONE', #3304 ) ;
#1188 = ORIENTED_EDGE ( 'NONE', *, *, #5356, .T. ) ;
#1189 = DIRECTION ( 'NONE',  ( -0.000000000000000000, -0.000000000000000000, -1.000000000000000000 ) ) ;
#1190 = DIRECTION ( 'NONE',  ( -1.000000000000000000, 0.000000000000000000, 0.000000000000000000 ) ) ;
#1191 = FACE_OUTER_BOUND ( 'NONE', #381, .T. ) ;
#1192 = DIRECTION ( 'NONE',  ( 0.000000000000000000, 1.000000000000000000, 0.000000000000000000 ) ) ;
#1193 = CARTESIAN_POINT ( 'NONE',  ( 100.7980518846775908, 7.836802079403089927, -4.979999999999967564 ) ) ;
#1194 = ORIENTED_EDGE ( 'NONE', *, *, #1879, .F. ) ;
#1195 = CARTESIAN_POINT ( 'NONE',  ( 70.73262851142325758, -17.05471057676229307, -0.5000000000000000000 ) ) ;
#1196 = DIRECTION ( 'NONE',  ( -0.7071065970440503223, -0.7071069653289968615, 0.000000000000000000 ) ) ;
#1197 = ORIENTED_EDGE ( 'NONE', *, *, #5055, .T. ) ;
#1198 = DIRECTION ( 'NONE',  ( -0.000000000000000000, -0.000000000000000000, -1.000000000000000000 ) ) ;
#1199 = ORIENTED_EDGE ( 'NONE', *, *, #5176, .T. ) ;
#1200 = EDGE_LOOP ( 'NONE', ( #1998, #373, #669, #1541 ) ) ;
#1201 = DIRECTION ( 'NONE',  ( 0.000000000000000000, -1.000000000000000000, 0.000000000000000000 ) ) ;
#1202 = ORIENTED_EDGE ( 'NONE', *, *, #3028, .T. ) ;
#1203 = FACE_OUTER_BOUND ( 'NONE', #17, .T. ) ;
#1204 = B_SPLINE_CURVE_WITH_KNOTS ( 'NONE', 3,
 ( #3803, #4632, #49, #844, #1335, #4660, #924, #3346, #2534, #3328, #2923, #2509, #3837, #109, #4159, #477, #897, #2946, #2558, #5109, #4133, #1745 ),
 .UNSPECIFIED., .F., .F.,
 ( 4, 1, 1, 1, 1, 1, 1, 1, 1, 1, 1, 1, 1, 1, 1, 1, 1, 1, 1, 4 ),
 ( 0.03472248487134076828, 0.1555153878479091922, 0.2159118393361934007, 0.2763082908244776092, 0.3367047423127618178, 0.3971011938010460263, 0.4574976452893302348, 0.5178940967776144433, 0.5782905482658986518, 0.6386869997541828603, 0.6990834512424670688, 0.7594799027307512773, 0.8198763542190354858, 0.8802728057073196943, 0.9406692571956040139, 0.9708674829397460071, 0.9859665958118171147, 0.9997335728290279722, 1.000266427170972028, 1.001065708683888111 ),
 .UNSPECIFIED. ) ;
#1205 = EDGE_CURVE ( 'NONE', #1779, #2402, #4162, .T. ) ;
#1206 = CARTESIAN_POINT ( 'NONE',  ( 83.04167090796339323, 11.11975072594344027, -4.999999999999966249 ) ) ;
#1207 = ORIENTED_EDGE ( 'NONE', *, *, #5144, .F. ) ;
#1208 = DIRECTION ( 'NONE',  ( 0.000000000000000000, 0.000000000000000000, -1.000000000000000000 ) ) ;
#1209 = DIRECTION ( 'NONE',  ( -0.000000000000000000, -0.000000000000000000, -1.000000000000000000 ) ) ;
#1210 = ORIENTED_EDGE ( 'NONE', *, *, #1077, .F. ) ;
#1211 = VECTOR ( 'NONE', #4618, 1000.000000000000341 ) ;
#1212 = EDGE_CURVE ( 'NONE', #4694, #3656, #2924, .T. ) ;
#1213 = LINE ( 'NONE', #2436, #3769 ) ;
#1214 = CARTESIAN_POINT ( 'NONE',  ( 123.0526420791192805, 0.000000000000000000, -1.250000000000001110 ) ) ;
#1215 = CARTESIAN_POINT ( 'NONE',  ( 121.3026285114232650, -11.97471057676247064, -0.5000000000000000000 ) ) ;
#1216 = AXIS2_PLACEMENT_3D ( 'NONE', #2187, #2110, #3455 ) ;
#1217 = CARTESIAN_POINT ( 'NONE',  ( 95.66113095924745835, 6.725643756828379338, -4.999999999999968026 ) ) ;
#1218 = CARTESIAN_POINT ( 'NONE',  ( 95.97766059993536203, 10.23669127012755276, -4.979999999999967564 ) ) ;
#1219 = ORIENTED_EDGE ( 'NONE', *, *, #2220, .T. ) ;
#1220 = LINE ( 'NONE', #5271, #1099 ) ;
#1221 = PLANE ( 'NONE',  #729 ) ;
#1222 = VECTOR ( 'NONE', #4214, 1000.000000000000114 ) ;
#1223 = ORIENTED_EDGE ( 'NONE', *, *, #295, .F. ) ;
#1224 = VECTOR ( 'NONE', #4504, 1000.000000000000114 ) ;
#1225 = CARTESIAN_POINT ( 'NONE',  ( 102.6717188290364078, 7.081240144677177994, -4.979999999999967564 ) ) ;
#1226 = VECTOR ( 'NONE', #2, 1000.000000000000000 ) ;
#1227 = ORIENTED_EDGE ( 'NONE', *, *, #168, .T. ) ;
#1228 = EDGE_LOOP ( 'NONE', ( #1892, #4562 ) ) ;
#1229 = LINE ( 'NONE', #3745, #4704 ) ;
#1230 = VECTOR ( 'NONE', #4237, 1000.000000000000000 ) ;
#1231 = CARTESIAN_POINT ( 'NONE',  ( 83.80641845450492156, 11.62449170468931392, -4.999999999999966249 ) ) ;
#1232 = ORIENTED_EDGE ( 'NONE', *, *, #4717, .F. ) ;
#1233 = CARTESIAN_POINT ( 'NONE',  ( 124.5948143801982866, 17.94201802533924095, -92.58679254334981579 ) ) ;
#1234 = VECTOR ( 'NONE', #4286, 1000.000000000000000 ) ;
#1235 = CIRCLE ( 'NONE', #4261, 0.7999999999999951594 ) ;
#1236 = EDGE_CURVE ( 'NONE', #4186, #1779, #4955, .T. ) ;
#1237 = CARTESIAN_POINT ( 'NONE',  ( 121.8026420791192521, -15.43882002517773167, -2.999999999999975131 ) ) ;
#1238 = VERTEX_POINT ( 'NONE', #3276 ) ;
#1239 = CARTESIAN_POINT ( 'NONE',  ( 56.51262851142327293, 0.2392523534519106487, -0.07773780200660199147 ) ) ;
#1240 = CARTESIAN_POINT ( 'NONE',  ( 122.6526420791192891, -18.89745673555394134, -0.5000000000000000000 ) ) ;
#1241 = CARTESIAN_POINT ( 'NONE',  ( 122.8026285114232650, -11.97471057676247064, -0.5000000000000000000 ) ) ;
#1242 = PLANE ( 'NONE',  #864 ) ;
#1243 = CARTESIAN_POINT ( 'NONE',  ( 0.000000000000000000, 0.000000000000000000, -4.979999999999967564 ) ) ;
#1244 = LINE ( 'NONE', #5368, #4291 ) ;
#1245 = LINE ( 'NONE', #34, #1175 ) ;
#1246 = ORIENTED_EDGE ( 'NONE', *, *, #4519, .F. ) ;
#1247 = ADVANCED_FACE ( 'NONE', ( #4580 ), #3686, .T. ) ;
#1248 = EDGE_CURVE ( 'NONE', #2225, #4621, #3707, .T. ) ;
#1249 = CARTESIAN_POINT ( 'NONE',  ( 70.50262851142325360, 31.20528942323797139, 1.250000000000070610 ) ) ;
#1250 = VERTEX_POINT ( 'NONE', #2414 ) ;
#1251 = B_SPLINE_CURVE_WITH_KNOTS ( 'NONE', 3,
 ( #1101, #4411, #3241, #262, #3646, #4908, #5301, #4049, #1554, #1944, #3590, #1528, #4491, #4856, #1154, #1177, #2836, #1727, #2914, #1325, #2479, #3767 ),
 .UNSPECIFIED., .F., .F.,
 ( 4, 1, 1, 1, 1, 1, 1, 1, 1, 1, 1, 1, 1, 1, 1, 1, 1, 1, 1, 4 ),
 ( 0.03472248487134121930, 0.03552176638425774691, 0.03605462072620224667, 0.04982159774341221592, 0.06492071061548332356, 0.09511893635962542781, 0.1555153878479096363, 0.2159118393361938448, 0.2763082908244780533, 0.3367047423127622618, 0.3971011938010464704, 0.4574976452893306789, 0.5178940967776149984, 0.5782905482658992069, 0.6386869997541834154, 0.6990834512424676239, 0.7594799027307519435, 0.8198763542190361520, 0.8802728057073203605, 1.001065708683888777 ),
 .UNSPECIFIED. ) ;
#1252 = ORIENTED_EDGE ( 'NONE', *, *, #2017, .F. ) ;
#1253 = CARTESIAN_POINT ( 'NONE',  ( 102.6717188290364078, 7.081240144677177994, -4.979999999999967564 ) ) ;
#1254 = AXIS2_PLACEMENT_3D ( 'NONE', #3972, #5136, #238 ) ;
#1255 = CARTESIAN_POINT ( 'NONE',  ( 81.10534930187725422, 7.655127390310837221, -4.979999999999967564 ) ) ;
#1256 = ORIENTED_EDGE ( 'NONE', *, *, #1880, .F. ) ;
#1257 = AXIS2_PLACEMENT_3D ( 'NONE', #2697, #1446, #1885 ) ;
#1258 = DIRECTION ( 'NONE',  ( -0.000000000000000000, -0.000000000000000000, 1.000000000000000000 ) ) ;
#1259 = DIRECTION ( 'NONE',  ( -1.000000000000000000, 0.000000000000000000, 0.000000000000000000 ) ) ;
#1260 = CIRCLE ( 'NONE', #3084, 1.000000000000000888 ) ;
#1261 = EDGE_CURVE ( 'NONE', #1606, #3776, #2160, .T. ) ;
#1262 = CARTESIAN_POINT ( 'NONE',  ( 85.90971549955189346, 1.915127625333971295, -4.999999999999968026 ) ) ;
#1263 = CARTESIAN_POINT ( 'NONE',  ( 86.12468899693865865, 7.740963044856599140, -4.999999999999968026 ) ) ;
#1264 = CARTESIAN_POINT ( 'NONE',  ( 82.96180775156702225, 6.325678204152282547, -4.979999999999967564 ) ) ;
#1265 = CARTESIAN_POINT ( 'NONE',  ( 0.000000000000000000, 6.725643756828379338, -4.999999999999968026 ) ) ;
#1266 = EDGE_LOOP ( 'NONE', ( #3345, #1686, #2562, #5205, #246, #4230, #2966, #4903, #1795, #2879, #3934, #3327, #728, #4568, #621, #3714 ) ) ;
#1267 = ADVANCED_FACE ( 'NONE', ( #3756 ), #1997, .T. ) ;
#1268 = LINE ( 'NONE', #33, #31 ) ;
#1269 = CARTESIAN_POINT ( 'NONE',  ( 82.88837248373860689, 7.081240141777561448, -4.999999999999967137 ) ) ;
#1270 = CARTESIAN_POINT ( 'NONE',  ( 102.6545103346850993, 6.507352899259793766, -4.979999999999967564 ) ) ;
#1271 = VERTEX_POINT ( 'NONE', #2899 ) ;
#1272 = LINE ( 'NONE', #809, #5387 ) ;
#1273 = EDGE_CURVE ( 'NONE', #48, #5237, #2846, .T. ) ;
#1274 = VERTEX_POINT ( 'NONE', #404 ) ;
#1275 = CARTESIAN_POINT ( 'NONE',  ( 123.8448143801982440, -7.974933038889183479, -2.999999999999968026 ) ) ;
#1276 = VERTEX_POINT ( 'NONE', #2466 ) ;
#1277 = CARTESIAN_POINT ( 'NONE',  ( 82.49553072731382031, 10.60194736478018740, -4.999999999999966249 ) ) ;
#1278 = ORIENTED_EDGE ( 'NONE', *, *, #4224, .F. ) ;
#1279 = LINE ( 'NONE', #400, #1311 ) ;
#1280 = DIRECTION ( 'NONE',  ( -1.000000000000000000, 0.000000000000000000, 0.000000000000000000 ) ) ;
#1281 = ORIENTED_EDGE ( 'NONE', *, *, #2778, .F. ) ;
#1282 = CARTESIAN_POINT ( 'NONE',  ( 81.23558078955629469, 5.769800556859148166, -4.999999999999968026 ) ) ;
#1283 = CARTESIAN_POINT ( 'NONE',  ( 61.76262851142323740, 29.74581418685402667, -3.999999999999968026 ) ) ;
#1284 = CARTESIAN_POINT ( 'NONE',  ( 82.02339349362759435, 10.03657867030905138, -4.979999999999967564 ) ) ;
#1285 = CARTESIAN_POINT ( 'NONE',  ( 70.15368511499633541, 26.53114188592600087, -2.999999999999968026 ) ) ;
#1286 = FACE_BOUND ( 'NONE', #4452, .T. ) ;
#1287 = VERTEX_POINT ( 'NONE', #5365 ) ;
#1288 = DIRECTION ( 'NONE',  ( -2.974657932581888574E-16, -1.000000000000000000, 0.000000000000000000 ) ) ;
#1289 = VECTOR ( 'NONE', #3004, 1000.000000000000000 ) ;
#1290 = DIRECTION ( 'NONE',  ( 0.000000000000000000, -1.000000000000000000, 0.000000000000000000 ) ) ;
#1291 = CARTESIAN_POINT ( 'NONE',  ( 100.7181887307150561, 3.042729562444578484, -4.999999999999966249 ) ) ;
#1292 = ORIENTED_EDGE ( 'NONE', *, *, #2710, .T. ) ;
#1293 = ADVANCED_FACE ( 'NONE', ( #4946 ), #4531, .T. ) ;
#1294 = CARTESIAN_POINT ( 'NONE',  ( 118.8026420791192521, -15.59745673555395484, -2.999999999999968026 ) ) ;
#1295 = CIRCLE ( 'NONE', #165, 1.000000000000000888 ) ;
#1296 = VECTOR ( 'NONE', #2153, 1000.000000000000000 ) ;
#1297 = EDGE_LOOP ( 'NONE', ( #4065, #818, #3691, #2527 ) ) ;
#1298 = CARTESIAN_POINT ( 'NONE',  ( 102.2080035272448129, 9.262916647713696605, -4.979999999999967564 ) ) ;
#1299 = EDGE_LOOP ( 'NONE', ( #2718, #2837, #1927, #920 ) ) ;
#1300 = ADVANCED_FACE ( 'NONE', ( #925 ), #5080, .F. ) ;
#1301 = VECTOR ( 'NONE', #3838, 1000.000000000000000 ) ;
#1302 = VECTOR ( 'NONE', #1823, 1000.000000000000227 ) ;
#1303 = CARTESIAN_POINT ( 'NONE',  ( 81.08557224959578491, 7.271520675254553367, -4.999999999999966249 ) ) ;
#1304 = VERTEX_POINT ( 'NONE', #1283 ) ;
#1305 = DIRECTION ( 'NONE',  ( -1.000000000000000000, 0.000000000000000000, 0.000000000000000000 ) ) ;
#1306 = VECTOR ( 'NONE', #5017, 1000.000000000000000 ) ;
#1307 = DIRECTION ( 'NONE',  ( 1.000000000000000000, 0.000000000000000000, -0.000000000000000000 ) ) ;
#1308 = DIRECTION ( 'NONE',  ( -0.000000000000000000, 0.000000000000000000, 1.000000000000000000 ) ) ;
#1309 = ORIENTED_EDGE ( 'NONE', *, *, #1564, .F. ) ;
#1310 = ADVANCED_FACE ( 'NONE', ( #2260 ), #2152, .F. ) ;
#1311 = VECTOR ( 'NONE', #2504, 1000.000000000000000 ) ;
#1312 = FACE_BOUND ( 'NONE', #1358, .T. ) ;
#1313 = DIRECTION ( 'NONE',  ( 0.7071055331092195306, -0.7071080292616725993, 0.000000000000000000 ) ) ;
#1314 = CARTESIAN_POINT ( 'NONE',  ( 59.76262851142321608, -15.59745673555393886, -2.999999999999968026 ) ) ;
#1315 = CARTESIAN_POINT ( 'NONE',  ( 90.18202988411005094, 5.978803356177981421, -4.979999999999967564 ) ) ;
#1316 = CARTESIAN_POINT ( 'NONE',  ( 119.8026420791192521, 29.74581418685401957, -3.999999999999968026 ) ) ;
#1317 = CARTESIAN_POINT ( 'NONE',  ( 74.18710827339829450, -18.59745673555395840, -92.58679254334981579 ) ) ;
#1318 = CARTESIAN_POINT ( 'NONE',  ( 121.8026420791192521, -15.43882002517773167, -0.5000000000000000000 ) ) ;
#1319 = CARTESIAN_POINT ( 'NONE',  ( 93.78636053859919741, 3.149696588006094533, -4.999999999999966249 ) ) ;
#1320 = ORIENTED_EDGE ( 'NONE', *, *, #4519, .T. ) ;
#1321 = ADVANCED_BREP_SHAPE_REPRESENTATION ( '\X2\51685305591658f35e9576d6\X0\', ( #5229, #703 ), #3050 ) ;
#1322 = PLANE ( 'NONE',  #2075 ) ;
#1323 = ORIENTED_EDGE ( 'NONE', *, *, #107, .T. ) ;
#1324 = CARTESIAN_POINT ( 'NONE',  ( 95.37648064554939253, 4.228132077665596178, -4.999999999999965361 ) ) ;
#1325 = CARTESIAN_POINT ( 'NONE',  ( 93.57782975213459054, 5.978803356177786021, -4.979999999999967564 ) ) ;
#1326 = ORIENTED_EDGE ( 'NONE', *, *, #4911, .T. ) ;
#1327 = FACE_OUTER_BOUND ( 'NONE', #4965, .T. ) ;
#1328 = ORIENTED_EDGE ( 'NONE', *, *, #2862, .F. ) ;
#1329 = CARTESIAN_POINT ( 'NONE',  ( 97.85014413344438822, 12.24735266124608302, -4.999999999999966249 ) ) ;
#1330 = ORIENTED_EDGE ( 'NONE', *, *, #3160, .F. ) ;
#1331 = CARTESIAN_POINT ( 'NONE',  ( 57.01262851142327293, -1.116397812524118738, -4.249999999999968026 ) ) ;
#1332 = ORIENTED_EDGE ( 'NONE', *, *, #4211, .T. ) ;
#1333 = CARTESIAN_POINT ( 'NONE',  ( 81.18710827339830871, -18.59745673555396195, -0.5000000000000000000 ) ) ;
#1334 = CYLINDRICAL_SURFACE ( 'NONE', #4254, 1.500000000000001332 ) ;
#1335 = CARTESIAN_POINT ( 'NONE',  ( 94.80656262938363454, 9.506103882827027007, -4.979999999999967564 ) ) ;
#1336 = VECTOR ( 'NONE', #4170, 1000.000000000000000 ) ;
#1337 = EDGE_CURVE ( 'NONE', #1416, #1890, #2663, .T. ) ;
#1338 = DIRECTION ( 'NONE',  ( -1.000000000000000000, 0.000000000000000000, 0.000000000000000000 ) ) ;
#1339 = EDGE_CURVE ( 'NONE', #3441, #3527, #3366, .T. ) ;
#1340 = LINE ( 'NONE', #4270, #3730 ) ;
#1341 = DIRECTION ( 'NONE',  ( -1.000000000000000000, 0.000000000000000000, 0.000000000000000000 ) ) ;
#1342 = CARTESIAN_POINT ( 'NONE',  ( 0.000000000000000000, 0.000000000000000000, -4.979999999999967564 ) ) ;
#1343 = AXIS2_PLACEMENT_3D ( 'NONE', #1195, #805, #1599 ) ;
#1344 = ORIENTED_EDGE ( 'NONE', *, *, #4813, .T. ) ;
#1345 = CARTESIAN_POINT ( 'NONE',  ( 121.3026420791192521, -12.16866160237078986, -2.999999999999968026 ) ) ;
#1346 = CARTESIAN_POINT ( 'NONE',  ( 86.40197856879723304, 10.45167162328543853, -4.979999999999967564 ) ) ;
#1347 = ADVANCED_FACE ( 'NONE', ( #1442 ), #3778, .T. ) ;
#1348 = FACE_OUTER_BOUND ( 'NONE', #533, .T. ) ;
#1349 = CARTESIAN_POINT ( 'NONE',  ( 83.91100985458160721, 9.493838635717370522, -4.999999999999968026 ) ) ;
#1350 = ORIENTED_EDGE ( 'NONE', *, *, #272, .T. ) ;
#1351 = LINE ( 'NONE', #1812, #5032 ) ;
#1352 = CARTESIAN_POINT ( 'NONE',  ( 93.14413112737273082, 6.628013319360158029, -4.979999999999967564 ) ) ;
#1353 = EDGE_CURVE ( 'NONE', #1172, #3521, #4661, .T. ) ;
#1354 = EDGE_LOOP ( 'NONE', ( #2688, #3914 ) ) ;
#1355 = CARTESIAN_POINT ( 'NONE',  ( 0.000000000000000000, 8.700726189469849103, -4.979999999999967564 ) ) ;
#1356 = ORIENTED_EDGE ( 'NONE', *, *, #4121, .T. ) ;
#1357 = CARTESIAN_POINT ( 'NONE',  ( 121.0097501083809419, 31.89208182286201776, -0.5000000000000000000 ) ) ;
#1358 = EDGE_LOOP ( 'NONE', ( #4718, #5031, #3650, #4075 ) ) ;
#1359 = DIRECTION ( 'NONE',  ( -1.000000000000000000, 0.000000000000000000, 0.000000000000000000 ) ) ;
#1360 = VERTEX_POINT ( 'NONE', #3001 ) ;
#1361 = FACE_OUTER_BOUND ( 'NONE', #4924, .T. ) ;
#1362 = DIRECTION ( 'NONE',  ( -1.000000000000000000, 0.000000000000000000, 0.000000000000000000 ) ) ;
#1363 = EDGE_CURVE ( 'NONE', #645, #5127, #586, .T. ) ;
#1364 = DIRECTION ( 'NONE',  ( 0.000000000000000000, 0.000000000000000000, 1.000000000000000000 ) ) ;
#1365 = CYLINDRICAL_SURFACE ( 'NONE', #4283, 1.000000000000000888 ) ;
#1366 = EDGE_CURVE ( 'NONE', #4030, #3111, #4430, .T. ) ;
#1367 = LINE ( 'NONE', #3058, #4437 ) ;
#1368 = CARTESIAN_POINT ( 'NONE',  ( 61.76262851142323740, 30.24581418685401246, -0.5000000000000000000 ) ) ;
#1369 = EDGE_CURVE ( 'NONE', #686, #2973, #2130, .T. ) ;
#1370 = DIRECTION ( 'NONE',  ( -1.000000000000000000, 4.956352788505149463E-16, 0.000000000000000000 ) ) ;
#1371 = CARTESIAN_POINT ( 'NONE',  ( 86.12468899693865865, 0.000000000000000000, -4.979999999999967564 ) ) ;
#1372 = CARTESIAN_POINT ( 'NONE',  ( 93.78636053859919741, 3.149696588006094533, -4.979999999999967564 ) ) ;
#1373 = LINE ( 'NONE', #1784, #1558 ) ;
#1374 = ORIENTED_EDGE ( 'NONE', *, *, #3829, .F. ) ;
#1375 = CARTESIAN_POINT ( 'NONE',  ( 100.8725206048905250, 7.021124127844700524, -4.979999999999967564 ) ) ;
#1376 = DIRECTION ( 'NONE',  ( 0.000000000000000000, -1.000000000000000000, 0.000000000000000000 ) ) ;
#1377 = AXIS2_PLACEMENT_3D ( 'NONE', #5226, #3602, #1019 ) ;
#1378 = VERTEX_POINT ( 'NONE', #3102 ) ;
#1379 = DIRECTION ( 'NONE',  ( 0.000000000000000000, -0.000000000000000000, -1.000000000000000000 ) ) ;
#1380 = ORIENTED_EDGE ( 'NONE', *, *, #392, .F. ) ;
#1381 = FACE_OUTER_BOUND ( 'NONE', #3478, .T. ) ;
#1382 = AXIS2_PLACEMENT_3D ( 'NONE', #1169, #315, #1120 ) ;
#1383 = ORIENTED_EDGE ( 'NONE', *, *, #4666, .F. ) ;
#1384 = CARTESIAN_POINT ( 'NONE',  ( 123.0526420791192805, 20.89840388879221678, -1.250000000000056621 ) ) ;
#1385 = CARTESIAN_POINT ( 'NONE',  ( 69.95368511499633257, -18.59745673555395484, -2.999999999999968026 ) ) ;
#1386 = CARTESIAN_POINT ( 'NONE',  ( 74.18710827339829450, -18.59745673555395840, -0.5000000000000000000 ) ) ;
#1387 = AXIS2_PLACEMENT_3D ( 'NONE', #5081, #986, #2617 ) ;
#1388 = AXIS2_PLACEMENT_3D ( 'NONE', #4751, #4857, #5249 ) ;
#1389 = EDGE_CURVE ( 'NONE', #1287, #2424, #4072, .T. ) ;
#1390 = DIRECTION ( 'NONE',  ( -0.000000000000000000, 0.000000000000000000, 1.000000000000000000 ) ) ;
#1391 = DIRECTION ( 'NONE',  ( -0.000000000000000000, 0.000000000000000000, -1.000000000000000000 ) ) ;
#1392 = AXIS2_PLACEMENT_3D ( 'NONE', #1081, #4364, #627 ) ;
#1393 = PRODUCT_DEFINITION ( 'UNKNOWN', '', #4705, #4400 ) ;
#1394 = DIRECTION ( 'NONE',  ( 1.000000000000000000, 0.000000000000000000, 0.000000000000000000 ) ) ;
#1395 = CARTESIAN_POINT ( 'NONE',  ( 122.8526420791192777, -18.89745673555394134, -1.249999999999999778 ) ) ;
#1396 = CARTESIAN_POINT ( 'NONE',  ( 76.45112955333650007, 76.45085967424274997, -0.5000000000000000000 ) ) ;
#1397 = CLOSED_SHELL ( 'NONE', ( #4066, #671, #3300, #4829, #3759, #4204, #4768, #3167, #855, #4689, #5158, #838, #433, #1310, #4904, #4367, #2218, #358, #4524, #4127, #2523, #2158, #2971, #3558, #4996, #3006, #2660, #2684, #1947, #1113, #1247, #371, #2537, #1144, #1582, #1071, #4672, #4055, #6, #2378, #3196, #2839, #1347, #2770, #1951, #2535, #4710, #3511, #3395, #3621, #860, #4741, #1429, #1592, #2349, #4633, #4649, #3291, #2207, #523, #188, #2039, #4328, #3244, #710, #225, #2835, #1080, #1410, #124, #1608, #1683, #1796, #5100, #4800, #5370, #888, #1472, #4296, #191, #1768, #3922, #3629, #510, #950, #4507, #1091, #970, #4736, #5131, #4781, #4126, #973, #3878, #3930, #999, #4956, #1691, #370, #2472, #1460, #397, #2405, #5006, #4307, #1156, #964, #355, #1293, #1758, #4194, #3810, #1703, #763, #2318, #5304, #5272, #1666, #3106, #3409, #59, #2648, #4359, #3720, #3296, #1300, #1973, #1706, #2267, #229, #850, #2563, #5390, #2451, #1791, #543, #416, #5294, #5164, #2012, #3129, #4495, #38, #4872, #1267, #2236, #3584, #3023, #3783, #4088, #1434, #1694, #1977, #3805, #2908, #3061, #4064, #4538, #2656 ) ) ;
#1398 = AXIS2_PLACEMENT_3D ( 'NONE', #4749, #1007, #2607 ) ;
#1399 = AXIS2_PLACEMENT_3D ( 'NONE', #981, #1102, #5214 ) ;
#1400 = ORIENTED_EDGE ( 'NONE', *, *, #3695, .T. ) ;
#1401 = DIRECTION ( 'NONE',  ( -1.000000000000000000, 0.000000000000000000, 0.000000000000000000 ) ) ;
#1402 = CARTESIAN_POINT ( 'NONE',  ( 83.47972719060949487, 8.977475825078181870, -4.979999999999967564 ) ) ;
#1403 = CARTESIAN_POINT ( 'NONE',  ( 92.04660895112613161, 5.057944329663973448, -4.999999999999966249 ) ) ;
#1404 = DIRECTION ( 'NONE',  ( 0.000000000000000000, -1.000000000000000000, 0.000000000000000000 ) ) ;
#1405 = DIRECTION ( 'NONE',  ( -0.000000000000000000, -0.000000000000000000, -1.000000000000000000 ) ) ;
#1406 = ORIENTED_EDGE ( 'NONE', *, *, #516, .T. ) ;
#1407 = CARTESIAN_POINT ( 'NONE',  ( 97.35788106744743686, 3.710808660269697690, -4.999999999999965361 ) ) ;
#1408 = DIRECTION ( 'NONE',  ( 0.000000000000000000, 0.000000000000000000, 1.000000000000000000 ) ) ;
#1409 = EDGE_CURVE ( 'NONE', #1617, #205, #5315, .T. ) ;
#1410 = ADVANCED_FACE ( 'NONE', ( #3368 ), #3967, .F. ) ;
#1411 = ORIENTED_EDGE ( 'NONE', *, *, #4765, .F. ) ;
#1412 = LINE ( 'NONE', #495, #3317 ) ;
#1413 = ORIENTED_EDGE ( 'NONE', *, *, #4116, .T. ) ;
#1414 = DIRECTION ( 'NONE',  ( -0.000000000000000000, -0.000000000000000000, -1.000000000000000000 ) ) ;
#1415 = ORIENTED_EDGE ( 'NONE', *, *, #803, .F. ) ;
#1416 = VERTEX_POINT ( 'NONE', #3131 ) ;
#1417 = DIRECTION ( 'NONE',  ( -1.000000000000000000, 0.000000000000000000, 0.000000000000000000 ) ) ;
#1418 = PLANE ( 'NONE',  #2609 ) ;
#1419 = DIRECTION ( 'NONE',  ( -1.000000000000000000, 0.000000000000000000, 0.000000000000000000 ) ) ;
#1420 = CARTESIAN_POINT ( 'NONE',  ( 69.95368511499633257, -12.36866160237078915, -4.999999999999968026 ) ) ;
#1421 = EDGE_CURVE ( 'NONE', #4095, #1452, #2427, .T. ) ;
#1422 = AXIS2_PLACEMENT_3D ( 'NONE', #4811, #163, #190 ) ;
#1423 = CARTESIAN_POINT ( 'NONE',  ( 57.01262851142327293, 0.2392523534519106487, -0.07773780200660199147 ) ) ;
#1424 = DIRECTION ( 'NONE',  ( -1.000000000000000000, 0.000000000000000000, 0.000000000000000000 ) ) ;
#1425 = DIRECTION ( 'NONE',  ( -1.000000000000000000, 0.000000000000000000, 0.000000000000000000 ) ) ;
#1426 = EDGE_LOOP ( 'NONE', ( #4276, #4537 ) ) ;
#1427 = AXIS2_PLACEMENT_3D ( 'NONE', #638, #5238, #1093 ) ;
#1428 = CARTESIAN_POINT ( 'NONE',  ( 87.14162738304935374, 3.767321832058573516, -4.999999999999968026 ) ) ;
#1429 = ADVANCED_FACE ( 'NONE', ( #1073 ), #4608, .T. ) ;
#1430 = CARTESIAN_POINT ( 'NONE',  ( 56.51262851142327293, -18.64745673555395200, -4.999999999999962697 ) ) ;
#1431 = CARTESIAN_POINT ( 'NONE',  ( 82.88840377987538943, 7.251986597513859323, -4.999999999999968026 ) ) ;
#1432 = AXIS2_PLACEMENT_3D ( 'NONE', #4508, #4981, #777 ) ;
#1433 = CARTESIAN_POINT ( 'NONE',  ( 122.8026285114233218, 15.96528942323700839, 2.000000000000000000 ) ) ;
#1434 = ADVANCED_FACE ( 'NONE', ( #1910 ), #5020, .F. ) ;
#1435 = CARTESIAN_POINT ( 'NONE',  ( 100.8714871525060346, 7.081240141777612074, -4.979999999999967564 ) ) ;
#1436 = DIRECTION ( 'NONE',  ( 0.000000000000000000, 0.000000000000000000, -1.000000000000000000 ) ) ;
#1437 = EDGE_LOOP ( 'NONE', ( #2450, #4235, #2028, #3164 ) ) ;
#1438 = CARTESIAN_POINT ( 'NONE',  ( 0.000000000000000000, 6.725643756828379338, -4.979999999999967564 ) ) ;
#1439 = VERTEX_POINT ( 'NONE', #2975 ) ;
#1440 = EDGE_CURVE ( 'NONE', #1864, #4986, #1766, .T. ) ;
#1441 = CARTESIAN_POINT ( 'NONE',  ( 92.41980518307809689, 9.605257369890798813, -4.979999999999967564 ) ) ;
#1442 = FACE_OUTER_BOUND ( 'NONE', #5273, .T. ) ;
#1443 = ORIENTED_EDGE ( 'NONE', *, *, #106, .F. ) ;
#1444 = DIRECTION ( 'NONE',  ( -0.000000000000000000, 0.000000000000000000, 1.000000000000000000 ) ) ;
#1445 = LINE ( 'NONE', #4323, #4172 ) ;
#1446 = DIRECTION ( 'NONE',  ( 0.000000000000000000, 0.000000000000000000, -1.000000000000000000 ) ) ;
#1447 = ORIENTED_EDGE ( 'NONE', *, *, #2960, .F. ) ;
#1448 = CARTESIAN_POINT ( 'NONE',  ( 0.000000000000000000, 0.000000000000000000, -3.999999999999968026 ) ) ;
#1449 = CARTESIAN_POINT ( 'NONE',  ( 57.01262851142327293, 0.2392523534519106487, -0.07773780200660199147 ) ) ;
#1450 = DIRECTION ( 'NONE',  ( 0.000000000000000000, 0.000000000000000000, -1.000000000000000000 ) ) ;
#1451 = ORIENTED_EDGE ( 'NONE', *, *, #2545, .F. ) ;
#1452 = VERTEX_POINT ( 'NONE', #3214 ) ;
#1453 = DIRECTION ( 'NONE',  ( 0.000000000000000000, -1.000000000000000000, 0.000000000000000000 ) ) ;
#1454 = CARTESIAN_POINT ( 'NONE',  ( 81.23558078955629469, 5.769800556859148166, -4.979999999999967564 ) ) ;
#1455 = CARTESIAN_POINT ( 'NONE',  ( 90.61572850887192487, 7.534466964194874272, -4.999999999999968026 ) ) ;
#1456 = DIRECTION ( 'NONE',  ( -1.000000000000000000, 0.000000000000000000, 0.000000000000000000 ) ) ;
#1457 = VERTEX_POINT ( 'NONE', #3266 ) ;
#1458 = CARTESIAN_POINT ( 'NONE',  ( 121.3026420791192521, 20.17353015463953980, -2.999999999999968026 ) ) ;
#1459 = DIRECTION ( 'NONE',  ( 0.000000000000000000, -0.2576626505603393236, 0.9662349396012444025 ) ) ;
#1460 = ADVANCED_FACE ( 'NONE', ( #2810 ), #1500, .F. ) ;
#1461 = VERTEX_POINT ( 'NONE', #5327 ) ;
#1462 = DIRECTION ( 'NONE',  ( 1.000000000000000000, 0.000000000000000000, 0.000000000000000000 ) ) ;
#1463 = AXIS2_PLACEMENT_3D ( 'NONE', #3182, #1026, #1960 ) ;
#1464 = ORIENTED_EDGE ( 'NONE', *, *, #5313, .T. ) ;
#1465 = EDGE_CURVE ( 'NONE', #2744, #2904, #1969, .T. ) ;
#1466 = DIRECTION ( 'NONE',  ( -0.7071080292616725993, -0.7071055331092195306, 0.000000000000000000 ) ) ;
#1467 = APPLICATION_PROTOCOL_DEFINITION ( 'draft international standard', 'automotive_design', 1998, #4459 ) ;
#1468 = DIRECTION ( 'NONE',  ( -0.000000000000000000, -0.000000000000000000, -1.000000000000000000 ) ) ;
#1469 = AXIS2_PLACEMENT_3D ( 'NONE', #1511, #1425, #2706 ) ;
#1470 = DIRECTION ( 'NONE',  ( 0.7071055331092226393, -0.7071080292616696017, 0.000000000000000000 ) ) ;
#1471 = ORIENTED_EDGE ( 'NONE', *, *, #935, .T. ) ;
#1472 = ADVANCED_FACE ( 'NONE', ( #2351 ), #2858, .F. ) ;
#1473 = CARTESIAN_POINT ( 'NONE',  ( 101.2643289089748890, 10.60194736458409359, -4.999999999999968026 ) ) ;
#1474 = LINE ( 'NONE', #3134, #2275 ) ;
#1475 = AXIS2_PLACEMENT_3D ( 'NONE', #4767, #1436, #201 ) ;
#1476 = CARTESIAN_POINT ( 'NONE',  ( 95.66113095924745835, 0.000000000000000000, -4.979999999999967564 ) ) ;
#1477 = DIRECTION ( 'NONE',  ( 0.000000000000000000, -1.000000000000000000, 0.000000000000000000 ) ) ;
#1478 = CIRCLE ( 'NONE', #2090, 1.000000000000000888 ) ;
#1479 = AXIS2_PLACEMENT_3D ( 'NONE', #2229, #2970, #3882 ) ;
#1480 = EDGE_CURVE ( 'NONE', #128, #1975, #1251, .T. ) ;
#1481 = CARTESIAN_POINT ( 'NONE',  ( 74.72755661367382629, -17.25607953625900493, -2.999999999999975131 ) ) ;
#1482 = VERTEX_POINT ( 'NONE', #2988 ) ;
#1483 = ORIENTED_EDGE ( 'NONE', *, *, #4596, .T. ) ;
#1484 = AXIS2_PLACEMENT_3D ( 'NONE', #4419, #273, #3600 ) ;
#1485 = CARTESIAN_POINT ( 'NONE',  ( 99.95344118448183224, 2.537988583231631345, -4.999999999999968026 ) ) ;
#1486 = ORIENTED_EDGE ( 'NONE', *, *, #301, .F. ) ;
#1487 = CARTESIAN_POINT ( 'NONE',  ( 81.55185610760912596, 4.899563641578835949, -4.979999999999967564 ) ) ;
#1488 = PLANE ( 'NONE',  #1829 ) ;
#1489 = VECTOR ( 'NONE', #4008, 1000.000000000000000 ) ;
#1490 = DIRECTION ( 'NONE',  ( -1.000000000000000000, 0.000000000000000000, 0.000000000000000000 ) ) ;
#1491 = CIRCLE ( 'NONE', #4534, 1.000000000000000888 ) ;
#1492 = VECTOR ( 'NONE', #491, 1000.000000000000114 ) ;
#1493 = DIRECTION ( 'NONE',  ( -1.000000000000000000, 0.000000000000000000, 0.000000000000000000 ) ) ;
#1494 = LINE ( 'NONE', #4825, #2593 ) ;
#1495 = ORIENTED_EDGE ( 'NONE', *, *, #1628, .F. ) ;
#1496 = CARTESIAN_POINT ( 'NONE',  ( 82.88733903135411651, 7.021124127844889706, -4.979999999999967564 ) ) ;
#1497 = EDGE_CURVE ( 'NONE', #3909, #1378, #2951, .T. ) ;
#1498 = CARTESIAN_POINT ( 'NONE',  ( 123.8448143801982440, 11.96551188536371768, -2.999999999999975131 ) ) ;
#1499 = ORIENTED_EDGE ( 'NONE', *, *, #5321, .T. ) ;
#1500 = PLANE ( 'NONE',  #4878 ) ;
#1501 = CARTESIAN_POINT ( 'NONE',  ( 70.73262851142325758, -17.05471057676229307, -92.58679254334981579 ) ) ;
#1502 = ORIENTED_EDGE ( 'NONE', *, *, #4635, .T. ) ;
#1503 = CARTESIAN_POINT ( 'NONE',  ( 56.51262851142327293, -1.116397812524118738, -4.249999999999968026 ) ) ;
#1504 = CARTESIAN_POINT ( 'NONE',  ( 121.3026420791192521, -15.59745673555395484, -4.999999999999968026 ) ) ;
#1505 = EDGE_CURVE ( 'NONE', #2680, #4474, #1295, .T. ) ;
#1506 = FACE_OUTER_BOUND ( 'NONE', #1182, .T. ) ;
#1507 = CARTESIAN_POINT ( 'NONE',  ( 69.00278247691785793, 31.23568299595001108, -0.5000000000000000000 ) ) ;
#1508 = CARTESIAN_POINT ( 'NONE',  ( 69.96435027598684542, -69.96431383621427358, -1.249999999999999778 ) ) ;
#1509 = FACE_OUTER_BOUND ( 'NONE', #554, .T. ) ;
#1510 = ORIENTED_EDGE ( 'NONE', *, *, #2878, .T. ) ;
#1511 = CARTESIAN_POINT ( 'NONE',  ( 70.15368511499633541, -12.16866160237078986, -2.999999999999968026 ) ) ;
#1512 = ORIENTED_EDGE ( 'NONE', *, *, #4813, .F. ) ;
#1513 = EDGE_CURVE ( 'NONE', #2552, #4474, #5033, .T. ) ;
#1514 = CARTESIAN_POINT ( 'NONE',  ( 90.61572850887191066, 6.628013319360349875, -4.999999999999968026 ) ) ;
#1515 = VERTEX_POINT ( 'NONE', #883 ) ;
#1516 = CARTESIAN_POINT ( 'NONE',  ( 89.23072932620189590, 2.635640492090984832, -4.979999999999967564 ) ) ;
#1517 = DIRECTION ( 'NONE',  ( 0.000000000000000000, -1.000000000000000000, 0.000000000000000000 ) ) ;
#1518 = CARTESIAN_POINT ( 'NONE',  ( 69.00278247691785793, 31.23568299595001108, -92.58679254334981579 ) ) ;
#1519 = AXIS2_PLACEMENT_3D ( 'NONE', #3706, #5382, #1638 ) ;
#1520 = DIRECTION ( 'NONE',  ( -0.000000000000000000, -0.000000000000000000, 1.000000000000000000 ) ) ;
#1521 = AXIS2_PLACEMENT_3D ( 'NONE', #2426, #1128, #5331 ) ;
#1522 = CARTESIAN_POINT ( 'NONE',  ( 73.73262851142325758, -17.05471057676229307, -92.58679254334981579 ) ) ;
#1523 = ORIENTED_EDGE ( 'NONE', *, *, #4180, .F. ) ;
#1524 = ORIENTED_EDGE ( 'NONE', *, *, #5373, .F. ) ;
#1525 = VECTOR ( 'NONE', #2541, 1000.000000000000000 ) ;
#1526 = EDGE_CURVE ( 'NONE', #194, #4783, #3122, .T. ) ;
#1527 = ORIENTED_EDGE ( 'NONE', *, *, #1025, .T. ) ;
#1528 = CARTESIAN_POINT ( 'NONE',  ( 98.69404159426035505, 3.949881938976430362, -4.979999999999967564 ) ) ;
#1529 = LINE ( 'NONE', #3189, #2088 ) ;
#1530 = CARTESIAN_POINT ( 'NONE',  ( 100.7181887283366422, 11.11975072575926404, -4.999999999999968026 ) ) ;
#1531 = CARTESIAN_POINT ( 'NONE',  ( 81.08557224947320208, 6.890959614555012713, -4.979999999999967564 ) ) ;
#1532 = EDGE_CURVE ( 'NONE', #92, #2455, #3554, .T. ) ;
#1533 = CARTESIAN_POINT ( 'NONE',  ( 118.8026420791192521, -15.59745673555395484, -3.999999999999968026 ) ) ;
#1534 = VERTEX_POINT ( 'NONE', #3874 ) ;
#1535 = PLANE ( 'NONE',  #726 ) ;
#1536 = CARTESIAN_POINT ( 'NONE',  ( 122.8026285114233218, 15.96528942323700839, 1.250000000000070610 ) ) ;
#1537 = EDGE_CURVE ( 'NONE', #758, #1304, #498, .T. ) ;
#1538 = LINE ( 'NONE', #4814, #349 ) ;
#1539 = ORIENTED_EDGE ( 'NONE', *, *, #1762, .F. ) ;
#1540 = CARTESIAN_POINT ( 'NONE',  ( 95.97766059993544729, 3.925789013427541718, -4.999999999999968026 ) ) ;
#1541 = ORIENTED_EDGE ( 'NONE', *, *, #1880, .T. ) ;
#1542 = DIRECTION ( 'NONE',  ( 0.000000000000000000, 1.000000000000000000, 0.000000000000000000 ) ) ;
#1543 = LINE ( 'NONE', #4037, #293 ) ;
#1544 = ORIENTED_EDGE ( 'NONE', *, *, #3659, .T. ) ;
#1545 = CARTESIAN_POINT ( 'NONE',  ( 88.56626430654240778, 2.314810671435642231, -4.979999999999967564 ) ) ;
#1546 = DIRECTION ( 'NONE',  ( -0.7071067811866860175, -0.7071067811864090169, 0.000000000000000000 ) ) ;
#1547 = DIRECTION ( 'NONE',  ( 0.000000000000000000, 0.000000000000000000, -1.000000000000000000 ) ) ;
#1548 = DIRECTION ( 'NONE',  ( -1.000000000000000000, 0.000000000000000000, 0.000000000000000000 ) ) ;
#1549 = DIRECTION ( 'NONE',  ( 0.000000000000000000, 0.000000000000000000, -1.000000000000000000 ) ) ;
#1550 = ORIENTED_EDGE ( 'NONE', *, *, #4619, .T. ) ;
#1551 = DIRECTION ( 'NONE',  ( -0.000000000000000000, -0.000000000000000000, 1.000000000000000000 ) ) ;
#1552 = ORIENTED_EDGE ( 'NONE', *, *, #2878, .F. ) ;
#1553 = VERTEX_POINT ( 'NONE', #1815 ) ;
#1554 = CARTESIAN_POINT ( 'NONE',  ( 100.2801324456351892, 5.185004458477001421, -4.979999999999967564 ) ) ;
#1555 = EDGE_CURVE ( 'NONE', #1515, #708, #859, .T. ) ;
#1556 = CARTESIAN_POINT ( 'NONE',  ( 82.49553072504555473, 3.560532924121067477, -4.999999999999968026 ) ) ;
#1557 = DIRECTION ( 'NONE',  ( 0.000000000000000000, 0.000000000000000000, -1.000000000000000000 ) ) ;
#1558 = VECTOR ( 'NONE', #5092, 1000.000000000000000 ) ;
#1559 = EDGE_LOOP ( 'NONE', ( #4201, #441 ) ) ;
#1560 = CARTESIAN_POINT ( 'NONE',  ( 93.14413112737271661, 7.534466964194876937, -4.999999999999968026 ) ) ;
#1561 = DIRECTION ( 'NONE',  ( 0.000000000000000000, 0.000000000000000000, -1.000000000000000000 ) ) ;
#1562 = PLANE ( 'NONE',  #2091 ) ;
#1563 = ORIENTED_EDGE ( 'NONE', *, *, #5066, .T. ) ;
#1564 = EDGE_CURVE ( 'NONE', #3527, #3753, #4787, .T. ) ;
#1565 = DIRECTION ( 'NONE',  ( 2.775557561562888827E-14, -1.000000000000000000, 0.000000000000000000 ) ) ;
#1566 = AXIS2_PLACEMENT_3D ( 'NONE', #3552, #696, #3988 ) ;
#1567 = DIRECTION ( 'NONE',  ( -1.000000000000000000, 0.000000000000000000, 0.000000000000000000 ) ) ;
#1568 = ORIENTED_EDGE ( 'NONE', *, *, #4894, .F. ) ;
#1569 = CARTESIAN_POINT ( 'NONE',  ( 81.08814080717546346, 7.081240144903952149, -4.979999999999967564 ) ) ;
#1570 = DIRECTION ( 'NONE',  ( 0.2576626505603388795, 0.000000000000000000, 0.9662349396012445135 ) ) ;
#1571 = CARTESIAN_POINT ( 'NONE',  ( 100.8716879100530832, 7.093161725336658563, -4.979999999999967564 ) ) ;
#1572 = CIRCLE ( 'NONE', #601, 1.500000000000001332 ) ;
#1573 = VECTOR ( 'NONE', #1517, 1000.000000000000000 ) ;
#1574 = EDGE_LOOP ( 'NONE', ( #4629, #395, #1232, #4959 ) ) ;
#1575 = DIRECTION ( 'NONE',  ( 0.000000000000000000, 0.000000000000000000, -1.000000000000000000 ) ) ;
#1576 = AXIS2_PLACEMENT_3D ( 'NONE', #302, #3627, #325 ) ;
#1577 = ORIENTED_EDGE ( 'NONE', *, *, #2154, .T. ) ;
#1578 = CARTESIAN_POINT ( 'NONE',  ( 89.50399827475561665, 5.193790713901123013, -4.999999999999967137 ) ) ;
#1579 = ORIENTED_EDGE ( 'NONE', *, *, #2813, .F. ) ;
#1580 = AXIS2_PLACEMENT_3D ( 'NONE', #2232, #1041, #1362 ) ;
#1581 = AXIS2_PLACEMENT_3D ( 'NONE', #3960, #4404, #226 ) ;
#1582 = ADVANCED_FACE ( 'NONE', ( #1787 ), #1001, .T. ) ;
#1583 = ORIENTED_EDGE ( 'NONE', *, *, #93, .F. ) ;
#1584 = CARTESIAN_POINT ( 'NONE',  ( 81.55185610901467896, 9.262916647930387271, -4.999999999999968026 ) ) ;
#1585 = ORIENTED_EDGE ( 'NONE', *, *, #1273, .T. ) ;
#1586 = CARTESIAN_POINT ( 'NONE',  ( 91.34005445200837414, 4.557222913812948306, -4.999999999999968026 ) ) ;
#1587 = LINE ( 'NONE', #268, #4561 ) ;
#1588 = ORIENTED_EDGE ( 'NONE', *, *, #5113, .F. ) ;
#1589 =( NAMED_UNIT ( * ) SI_UNIT ( $, .STERADIAN. ) SOLID_ANGLE_UNIT ( ) );
#1590 = CARTESIAN_POINT ( 'NONE',  ( 69.23262851142325758, -17.05471057676229307, 1.250000000000070610 ) ) ;
#1591 = EDGE_LOOP ( 'NONE', ( #683, #849, #3644, #5044 ) ) ;
#1592 = ADVANCED_FACE ( 'NONE', ( #4708 ), #5150, .F. ) ;
#1593 = CARTESIAN_POINT ( 'NONE',  ( 122.8526420791192777, 0.000000000000000000, -1.249999999999999778 ) ) ;
#1594 = CARTESIAN_POINT ( 'NONE',  ( 117.0144144982132843, -12.36866160237078915, -2.999999999999968026 ) ) ;
#1595 = ORIENTED_EDGE ( 'NONE', *, *, #3028, .F. ) ;
#1596 = DIRECTION ( 'NONE',  ( 0.000000000000000000, 0.000000000000000000, -1.000000000000000000 ) ) ;
#1597 = PLANE ( 'NONE',  #938 ) ;
#1598 = ORIENTED_EDGE ( 'NONE', *, *, #3192, .T. ) ;
#1599 = DIRECTION ( 'NONE',  ( -1.000000000000000000, 0.000000000000000000, 0.000000000000000000 ) ) ;
#1600 = CARTESIAN_POINT ( 'NONE',  ( 82.88832325016488767, 7.084149243936463058, -4.979999999999967564 ) ) ;
#1601 = DIRECTION ( 'NONE',  ( 0.000000000000000000, 0.000000000000000000, 1.000000000000000000 ) ) ;
#1602 = AXIS2_PLACEMENT_3D ( 'NONE', #798, #2820, #1981 ) ;
#1603 = EDGE_LOOP ( 'NONE', ( #4571, #628, #1256, #4798 ) ) ;
#1604 = EDGE_CURVE ( 'NONE', #705, #1452, #4794, .T. ) ;
#1605 = CARTESIAN_POINT ( 'NONE',  ( 122.8026285114233218, 15.96528942323700839, 1.250000000000070610 ) ) ;
#1606 = VERTEX_POINT ( 'NONE', #3439 ) ;
#1607 = AXIS2_PLACEMENT_3D ( 'NONE', #3107, #3056, #1419 ) ;
#1608 = ADVANCED_FACE ( 'NONE', ( #529 ), #2168, .F. ) ;
#1609 = CARTESIAN_POINT ( 'NONE',  ( 81.08557224959578491, 7.271520675254553367, -4.999999999999968026 ) ) ;
#1610 = ORIENTED_EDGE ( 'NONE', *, *, #2586, .T. ) ;
#1611 = AXIS2_PLACEMENT_3D ( 'NONE', #675, #2387, #2357 ) ;
#1612 = CARTESIAN_POINT ( 'NONE',  ( 86.12468899693865865, 5.765880612215132039, -4.979999999999967564 ) ) ;
#1613 = EDGE_CURVE ( 'NONE', #781, #4186, #3823, .T. ) ;
#1614 = CARTESIAN_POINT ( 'NONE',  ( 67.73279981951040440, -17.08677019585603674, -92.58679254334981579 ) ) ;
#1615 = FILL_AREA_STYLE_COLOUR ( '', #812 ) ;
#1616 = DIRECTION ( 'NONE',  ( -1.000000000000000000, 0.000000000000000000, 0.000000000000000000 ) ) ;
#1617 = VERTEX_POINT ( 'NONE', #3015 ) ;
#1618 = CARTESIAN_POINT ( 'NONE',  ( 92.41980518415502388, 4.557222913888810290, -4.999999999999968026 ) ) ;
#1619 = CARTESIAN_POINT ( 'NONE',  ( 57.51262851142327293, 32.79581418685401673, -0.5000000000000004441 ) ) ;
#1620 = CARTESIAN_POINT ( 'NONE',  ( 83.80641845450492156, 11.62449170468931392, -4.979999999999967564 ) ) ;
#1621 = CARTESIAN_POINT ( 'NONE',  ( 54.42130733608350113, 8.840059823107223380, -1.615990382012840509 ) ) ;
#1622 = CARTESIAN_POINT ( 'NONE',  ( 100.8715363860797396, 7.084149243936503026, -4.999999999999968026 ) ) ;
#1623 = ORIENTED_EDGE ( 'NONE', *, *, #2250, .F. ) ;
#1624 = DIRECTION ( 'NONE',  ( 0.000000000000000000, 0.000000000000000000, -1.000000000000000000 ) ) ;
#1625 = CARTESIAN_POINT ( 'NONE',  ( 69.96435027598684542, -69.96431383621427358, -4.999999999999968026 ) ) ;
#1626 = ORIENTED_EDGE ( 'NONE', *, *, #1012, .F. ) ;
#1627 = CARTESIAN_POINT ( 'NONE',  ( 123.8448143801982440, 11.96551188536371768, -2.999999999999968026 ) ) ;
#1628 = EDGE_CURVE ( 'NONE', #3070, #765, #5096, .T. ) ;
#1629 = ORIENTED_EDGE ( 'NONE', *, *, #2195, .F. ) ;
#1630 = CARTESIAN_POINT ( 'NONE',  ( 87.14000828496686779, 5.765880612215132039, -4.999999999999968026 ) ) ;
#1631 = EDGE_CURVE ( 'NONE', #3212, #3868, #974, .T. ) ;
#1632 = CARTESIAN_POINT ( 'NONE',  ( 83.04167090796339323, 11.11975072594344027, -4.979999999999967564 ) ) ;
#1633 = ORIENTED_EDGE ( 'NONE', *, *, #5256, .F. ) ;
#1634 = CARTESIAN_POINT ( 'NONE',  ( 121.3026420791192521, -15.59745673555395484, -3.999999999999968026 ) ) ;
#1635 = CARTESIAN_POINT ( 'NONE',  ( 0.000000000000000000, 7.740963044856599140, -4.979999999999967564 ) ) ;
#1636 = ORIENTED_EDGE ( 'NONE', *, *, #2891, .F. ) ;
#1637 = CIRCLE ( 'NONE', #3030, 1.500000000000001332 ) ;
#1638 = DIRECTION ( 'NONE',  ( -1.000000000000000000, 0.000000000000000000, 0.000000000000000000 ) ) ;
#1639 = EDGE_CURVE ( 'NONE', #1682, #1790, #3849, .T. ) ;
#1640 = CARTESIAN_POINT ( 'NONE',  ( 69.96435027598684542, -69.96431383621427358, 2.000000000000000000 ) ) ;
#1641 = DIRECTION ( 'NONE',  ( -1.000000000000000000, 0.000000000000000000, -0.000000000000000000 ) ) ;
#1642 = VECTOR ( 'NONE', #3347, 1000.000000000000000 ) ;
#1643 = CARTESIAN_POINT ( 'NONE',  ( 121.3026420791192521, 20.17353015463953980, -92.58679254334981579 ) ) ;
#1644 = CARTESIAN_POINT ( 'NONE',  ( 100.8568353425063009, 7.460141484757901509, -4.979999999999967564 ) ) ;
#1645 = VERTEX_POINT ( 'NONE', #4284 ) ;
#1646 = VECTOR ( 'NONE', #1376, 1000.000000000000000 ) ;
#1647 = FACE_OUTER_BOUND ( 'NONE', #2601, .T. ) ;
#1648 = CARTESIAN_POINT ( 'NONE',  ( 125.0948143801982866, 3.409346434488961827E-16, -4.249999999999968914 ) ) ;
#1649 = CARTESIAN_POINT ( 'NONE',  ( 100.7181887307150561, 3.042729562444578484, -4.979999999999967564 ) ) ;
#1650 = AXIS2_PLACEMENT_3D ( 'NONE', #1536, #5222, #2703 ) ;
#1651 = EDGE_LOOP ( 'NONE', ( #4146, #2228, #3515, #1174 ) ) ;
#1652 = B_SPLINE_CURVE_WITH_KNOTS ( 'NONE', 3,
 ( #5169, #1514, #3062, #1112, #1926, #4844, #243, #1428, #1085, #3578, #2711, #4818, #3091, #1807, #4396, #1839, #5261, #2766, #4760, #545, #3955, #3927 ),
 .UNSPECIFIED., .F., .F.,
 ( 4, 1, 1, 1, 1, 1, 1, 1, 1, 1, 1, 1, 1, 1, 1, 1, 1, 1, 1, 4 ),
 ( 0.03472248487134088624, 0.1555153878479088869, 0.2159118393361929011, 0.2763082908244768876, 0.3367047423127609296, 0.3971011938010449160, 0.4574976452893289025, 0.5178940967776128890, 0.5782905482658968754, 0.6386869997541808619, 0.6990834512424648484, 0.7594799027307489458, 0.8198763542190330433, 0.8802728057073170298, 0.9406692571956010163, 0.9708674829397430095, 0.9859665958118140061, 0.9997335728290287493, 1.000266427170971362, 1.001065708683885003 ),
 .UNSPECIFIED. ) ;
#1653 = VECTOR ( 'NONE', #1783, 1000.000000000000000 ) ;
#1654 = CARTESIAN_POINT ( 'NONE',  ( 125.5948143801982866, 10.91842950152673808, -2.823415225557232677 ) ) ;
#1655 = CONICAL_SURFACE ( 'NONE', #4349, 1.500000000000001332, 0.2606023917473493934 ) ;
#1656 = CARTESIAN_POINT ( 'NONE',  ( 60.76262851142323740, 29.74581418685402667, -2.999999999999968026 ) ) ;
#1657 = VECTOR ( 'NONE', #3917, 1000.000000000000000 ) ;
#1658 = VECTOR ( 'NONE', #4209, 1000.000000000000000 ) ;
#1659 = EDGE_CURVE ( 'NONE', #1682, #781, #552, .T. ) ;
#1660 = CARTESIAN_POINT ( 'NONE',  ( 86.96639998564486973, 12.23508241912022676, -4.999999999999966249 ) ) ;
#1661 = VERTEX_POINT ( 'NONE', #3069 ) ;
#1662 = CARTESIAN_POINT ( 'NONE',  ( 102.6742873867322885, 6.890959614328150629, -4.979999999999967564 ) ) ;
#1663 = LINE ( 'NONE', #2505, #265 ) ;
#1664 = CARTESIAN_POINT ( 'NONE',  ( 70.15368511499633541, -12.36866160237078915, -2.999999999999968026 ) ) ;
#1665 = EDGE_LOOP ( 'NONE', ( #2750, #3832, #1980, #611 ) ) ;
#1666 = ADVANCED_FACE ( 'NONE', ( #578 ), #4311, .T. ) ;
#1667 = CARTESIAN_POINT ( 'NONE',  ( 83.04167090536151363, 3.042729562605957838, -4.999999999999968026 ) ) ;
#1668 = CARTESIAN_POINT ( 'NONE',  ( 123.0526420791192805, 31.90984821451102604, -92.58679254334981579 ) ) ;
#1669 = DIRECTION ( 'NONE',  ( -1.000000000000000000, 0.000000000000000000, 0.000000000000000000 ) ) ;
#1670 = CARTESIAN_POINT ( 'NONE',  ( 89.50399827475561665, 5.193790713901123013, -4.979999999999967564 ) ) ;
#1671 = CARTESIAN_POINT ( 'NONE',  ( 99.84884978166300584, 9.493838635717398944, -4.979999999999967564 ) ) ;
#1672 = VERTEX_POINT ( 'NONE', #1095 ) ;
#1673 = EDGE_CURVE ( 'NONE', #2240, #856, #4019, .T. ) ;
#1674 = DIRECTION ( 'NONE',  ( 0.000000000000000000, -1.000000000000000000, 0.000000000000000000 ) ) ;
#1675 = DIRECTION ( 'NONE',  ( -0.6832312780115441520, -0.6832312780112757000, -0.2576626505603618611 ) ) ;
#1676 = FACE_OUTER_BOUND ( 'NONE', #4157, .T. ) ;
#1677 = ORIENTED_EDGE ( 'NONE', *, *, #4279, .F. ) ;
#1678 = CARTESIAN_POINT ( 'NONE',  ( 61.76262851142323740, 29.74581418685402667, 2.000000000000000000 ) ) ;
#1679 =( GEOMETRIC_REPRESENTATION_CONTEXT ( 3 ) GLOBAL_UNCERTAINTY_ASSIGNED_CONTEXT ( ( #4062 ) ) GLOBAL_UNIT_ASSIGNED_CONTEXT ( ( #3651, #3597, #1589 ) ) REPRESENTATION_CONTEXT ( 'NONE', 'WORKASPACE' ) );
#1680 = EDGE_LOOP ( 'NONE', ( #2629, #2818, #3877, #977 ) ) ;
#1681 = LINE ( 'NONE', #5395, #5059 ) ;
#1682 = VERTEX_POINT ( 'NONE', #640 ) ;
#1683 = ADVANCED_FACE ( 'NONE', ( #4853, #4902 ), #2316, .T. ) ;
#1684 = VECTOR ( 'NONE', #3282, 1000.000000000000000 ) ;
#1685 = CARTESIAN_POINT ( 'NONE',  ( 88.56626430961337348, 11.84766961355438220, -4.979999999999967564 ) ) ;
#1686 = ORIENTED_EDGE ( 'NONE', *, *, #653, .T. ) ;
#1687 = DIRECTION ( 'NONE',  ( -1.000000000000000000, 0.000000000000000000, 0.000000000000000000 ) ) ;
#1688 = VECTOR ( 'NONE', #1723, 1000.000000000000000 ) ;
#1689 = DIRECTION ( 'NONE',  ( -1.000000000000000000, 0.000000000000000000, 0.000000000000000000 ) ) ;
#1690 = ORIENTED_EDGE ( 'NONE', *, *, #2671, .T. ) ;
#1691 = ADVANCED_FACE ( 'NONE', ( #5266 ), #4432, .F. ) ;
#1692 = VECTOR ( 'NONE', #1780, 1000.000000000000000 ) ;
#1693 = LINE ( 'NONE', #5019, #2300 ) ;
#1694 = ADVANCED_FACE ( 'NONE', ( #2746 ), #3038, .T. ) ;
#1695 = CARTESIAN_POINT ( 'NONE',  ( 87.85216143274631406, 12.09321081777302886, -4.979999999999967564 ) ) ;
#1696 = DIRECTION ( 'NONE',  ( 0.000000000000000000, 0.000000000000000000, -1.000000000000000000 ) ) ;
#1697 = CARTESIAN_POINT ( 'NONE',  ( 81.18710827339830871, -18.59745673555396195, -2.999999999999968026 ) ) ;
#1698 = EDGE_CURVE ( 'NONE', #4245, #2040, #5322, .T. ) ;
#1699 = VERTEX_POINT ( 'NONE', #2831 ) ;
#1700 = DIRECTION ( 'NONE',  ( -1.000000000000000000, 1.708433511448726924E-16, 0.000000000000000000 ) ) ;
#1701 = DIRECTION ( 'NONE',  ( 0.000000000000000000, -0.3090169943749394577, -0.9510565162951563067 ) ) ;
#1702 = CARTESIAN_POINT ( 'NONE',  ( 101.2643289110483806, 3.560532923941400973, -4.999999999999966249 ) ) ;
#1703 = ADVANCED_FACE ( 'NONE', ( #4486 ), #4069, .T. ) ;
#1704 = ORIENTED_EDGE ( 'NONE', *, *, #3666, .F. ) ;
#1705 = FACE_OUTER_BOUND ( 'NONE', #2940, .T. ) ;
#1706 = ADVANCED_FACE ( 'NONE', ( #5347 ), #2377, .F. ) ;
#1707 = ORIENTED_EDGE ( 'NONE', *, *, #313, .F. ) ;
#1708 = CARTESIAN_POINT ( 'NONE',  ( 93.78636053628376601, 11.01278369611535268, -4.979999999999967564 ) ) ;
#1709 = ORIENTED_EDGE ( 'NONE', *, *, #5000, .T. ) ;
#1710 = CARTESIAN_POINT ( 'NONE',  ( 122.8526420791192777, -17.07599448707702905, 2.000000000000000000 ) ) ;
#1711 = ORIENTED_EDGE ( 'NONE', *, *, #2721, .T. ) ;
#1712 = CARTESIAN_POINT ( 'NONE',  ( 70.15368511499633541, -12.16866160237078986, -2.999999999999968026 ) ) ;
#1713 = DIRECTION ( 'NONE',  ( -1.000000000000000000, 0.000000000000000000, 0.000000000000000000 ) ) ;
#1714 = DIRECTION ( 'NONE',  ( -0.000000000000000000, -0.000000000000000000, 1.000000000000000000 ) ) ;
#1715 = EDGE_LOOP ( 'NONE', ( #2126, #3154, #1709, #3157 ) ) ;
#1716 = DIRECTION ( 'NONE',  ( 0.2576626505603388795, 0.000000000000000000, -0.9662349396012445135 ) ) ;
#1717 = CARTESIAN_POINT ( 'NONE',  ( 118.8026420791192521, -15.59745673555395484, -4.999999999999968026 ) ) ;
#1718 = CARTESIAN_POINT ( 'NONE',  ( 84.43470446290348264, 4.267385370129123778, -4.979999999999967564 ) ) ;
#1719 = VECTOR ( 'NONE', #3672, 1000.000000000000000 ) ;
#1720 = CARTESIAN_POINT ( 'NONE',  ( 121.1666792343127383, 33.79581418685401673, 2.000000000000000000 ) ) ;
#1721 = PLANE ( 'NONE',  #123 ) ;
#1722 = AXIS2_PLACEMENT_3D ( 'NONE', #1717, #3532, #2323 ) ;
#1723 = DIRECTION ( 'NONE',  ( -0.000000000000000000, -0.000000000000000000, 1.000000000000000000 ) ) ;
#1724 = ORIENTED_EDGE ( 'NONE', *, *, #4116, .F. ) ;
#1725 = CARTESIAN_POINT ( 'NONE',  ( 59.76262851142321608, -12.16866160237078454, -2.999999999999968026 ) ) ;
#1726 = AXIS2_PLACEMENT_3D ( 'NONE', #616, #97, #1874 ) ;
#1727 = CARTESIAN_POINT ( 'NONE',  ( 94.80656262938370560, 4.656376400728039933, -4.979999999999967564 ) ) ;
#1728 = VECTOR ( 'NONE', #1477, 1000.000000000000000 ) ;
#1729 = VERTEX_POINT ( 'NONE', #4931 ) ;
#1730 = DIRECTION ( 'NONE',  ( 1.000000000000000000, 0.000000000000000000, 0.000000000000000000 ) ) ;
#1731 = ORIENTED_EDGE ( 'NONE', *, *, #3850, .F. ) ;
#1732 = VECTOR ( 'NONE', #3421, 1000.000000000000000 ) ;
#1733 = EDGE_CURVE ( 'NONE', #1461, #1672, #3728, .T. ) ;
#1734 = EDGE_CURVE ( 'NONE', #1606, #1033, #1494, .T. ) ;
#1735 = DIRECTION ( 'NONE',  ( -0.000000000000000000, -0.000000000000000000, -1.000000000000000000 ) ) ;
#1736 = ORIENTED_EDGE ( 'NONE', *, *, #3779, .F. ) ;
#1737 = CARTESIAN_POINT ( 'NONE',  ( 97.85014413648688958, 1.915127625268661982, -4.979999999999967564 ) ) ;
#1738 = CARTESIAN_POINT ( 'NONE',  ( 60.76262851142323740, 29.74581418685402667, -4.999999999999968026 ) ) ;
#1739 = AXIS2_PLACEMENT_3D ( 'NONE', #4994, #2463, #843 ) ;
#1740 = EDGE_LOOP ( 'NONE', ( #1982, #3249, #1943, #3469 ) ) ;
#1741 = VECTOR ( 'NONE', #3688, 1000.000000000000000 ) ;
#1742 = PLANE ( 'NONE',  #2526 ) ;
#1743 = FACE_OUTER_BOUND ( 'NONE', #2668, .T. ) ;
#1744 = CIRCLE ( 'NONE', #264, 0.7999999999999951594 ) ;
#1745 = CARTESIAN_POINT ( 'NONE',  ( 100.8714871525060346, 7.081240141777612074, -4.979999999999967564 ) ) ;
#1746 = DIRECTION ( 'NONE',  ( 0.000000000000000000, 0.3090169943749398462, -0.9510565162951560847 ) ) ;
#1747 = DIRECTION ( 'NONE',  ( -1.000000000000000000, 0.000000000000000000, 0.000000000000000000 ) ) ;
#1748 = CARTESIAN_POINT ( 'NONE',  ( 71.97552298397992843, 71.97552298395164883, -4.999999999999962697 ) ) ;
#1749 = DIRECTION ( 'NONE',  ( -1.000000000000000000, 0.000000000000000000, 0.000000000000000000 ) ) ;
#1750 = ORIENTED_EDGE ( 'NONE', *, *, #3790, .F. ) ;
#1751 = EDGE_CURVE ( 'NONE', #917, #3186, #592, .T. ) ;
#1752 = CARTESIAN_POINT ( 'NONE',  ( 70.70262851142324223, 31.20528942323797139, 2.000000000000000000 ) ) ;
#1753 = CARTESIAN_POINT ( 'NONE',  ( 83.91100985458160721, 9.493838635717370522, -4.979999999999967564 ) ) ;
#1754 = ORIENTED_EDGE ( 'NONE', *, *, #2897, .F. ) ;
#1755 = DIRECTION ( 'NONE',  ( -0.000000000000000000, 1.000000000000000000, 0.000000000000000000 ) ) ;
#1756 = CARTESIAN_POINT ( 'NONE',  ( 100.8714558563692520, 6.910493686041341732, -4.999999999999965361 ) ) ;
#1757 = DIRECTION ( 'NONE',  ( 0.7071055331092195306, -0.7071080292616725993, 0.000000000000000000 ) ) ;
#1758 = ADVANCED_FACE ( 'NONE', ( #4461 ), #725, .T. ) ;
#1759 = ORIENTED_EDGE ( 'NONE', *, *, #2067, .T. ) ;
#1760 = DIRECTION ( 'NONE',  ( 0.000000000000000000, -0.2576626505603388795, 0.9662349396012445135 ) ) ;
#1761 = ORIENTED_EDGE ( 'NONE', *, *, #1659, .F. ) ;
#1762 = EDGE_CURVE ( 'NONE', #5200, #2767, #2517, .T. ) ;
#1763 = CARTESIAN_POINT ( 'NONE',  ( 125.5948143801982866, 17.94201802533924095, -4.999999999999962697 ) ) ;
#1764 = ORIENTED_EDGE ( 'NONE', *, *, #2097, .T. ) ;
#1765 = SHAPE_DEFINITION_REPRESENTATION ( #4041, #1321 ) ;
#1766 = B_SPLINE_CURVE_WITH_KNOTS ( 'NONE', 3,
 ( #2780, #1609, #4102, #4884, #1584, #672, #4074, #706, #319, #3162, #1994, #2023, #4465, #3676, #3997, #4440, #3563, #731, #4024, #5352 ),
 .UNSPECIFIED., .F., .F.,
 ( 4, 1, 1, 1, 1, 1, 1, 1, 1, 1, 1, 1, 1, 1, 1, 1, 1, 4 ),
 ( -0.03117994955438851967, 0.001017855261451372506, 0.03321566007729126468, 0.09761126970897104904, 0.1620068793406508334, 0.1942046841564906146, 0.2264024889723305067, 0.2907980986040101801, 0.3551937082356899644, 0.4195893178673697488, 0.4839849274990495331, 0.5483805371307293175, 0.5805783419465692097, 0.6127761467624091019, 0.6771717563940887752, 0.7415673660257685595, 0.8059629756574483439, 0.8635792802511776944 ),
 .UNSPECIFIED. ) ;
#1767 = DIRECTION ( 'NONE',  ( 0.000000000000000000, 0.000000000000000000, -1.000000000000000000 ) ) ;
#1768 = ADVANCED_FACE ( 'NONE', ( #1676 ), #5282, .F. ) ;
#1769 = CARTESIAN_POINT ( 'NONE',  ( 90.18202988411007937, 8.183676927377259602, -4.979999999999967564 ) ) ;
#1770 = CIRCLE ( 'NONE', #1961, 1.000000000000000888 ) ;
#1771 = DIRECTION ( 'NONE',  ( 0.000000000000000000, 0.000000000000000000, -1.000000000000000000 ) ) ;
#1772 = CARTESIAN_POINT ( 'NONE',  ( 66.73285692220611054, -18.09745673555395840, -0.5000000000000000000 ) ) ;
#1773 = FACE_OUTER_BOUND ( 'NONE', #2247, .T. ) ;
#1774 = AXIS2_PLACEMENT_3D ( 'NONE', #1371, #2134, #56 ) ;
#1775 = CARTESIAN_POINT ( 'NONE',  ( 98.86175350386176319, 7.740963044856599140, -4.979999999999967564 ) ) ;
#1776 = DIRECTION ( 'NONE',  ( -0.9662349396012445135, -0.000000000000000000, -0.2576626505603388795 ) ) ;
#1777 = CARTESIAN_POINT ( 'NONE',  ( 125.0948143801982866, 4.095964056626613990E-16, -3.112090360152051538 ) ) ;
#1778 = VECTOR ( 'NONE', #2905, 1000.000000000000000 ) ;
#1779 = VERTEX_POINT ( 'NONE', #4306 ) ;
#1780 = DIRECTION ( 'NONE',  ( 0.000000000000000000, 1.000000000000000000, 0.000000000000000000 ) ) ;
#1781 = CARTESIAN_POINT ( 'NONE',  ( 90.86579377901445298, 7.081240141777509933, -4.979999999999967564 ) ) ;
#1782 = CARTESIAN_POINT ( 'NONE',  ( 123.0526420791192805, -19.64745673555394845, -4.999999999999968026 ) ) ;
#1783 = DIRECTION ( 'NONE',  ( -1.000000000000000000, 0.000000000000000000, 0.000000000000000000 ) ) ;
#1784 = CARTESIAN_POINT ( 'NONE',  ( 119.8026420791192521, -15.59745673555395484, 2.000000000000000000 ) ) ;
#1785 = ORIENTED_EDGE ( 'NONE', *, *, #990, .T. ) ;
#1786 = LINE ( 'NONE', #149, #2095 ) ;
#1787 = FACE_OUTER_BOUND ( 'NONE', #5153, .T. ) ;
#1788 = ORIENTED_EDGE ( 'NONE', *, *, #4098, .F. ) ;
#1789 = LINE ( 'NONE', #1003, #1062 ) ;
#1790 = VERTEX_POINT ( 'NONE', #520 ) ;
#1791 = ADVANCED_FACE ( 'NONE', ( #2280 ), #3897, .T. ) ;
#1792 = CARTESIAN_POINT ( 'NONE',  ( 61.76262851142322319, -15.59745673555393886, -3.999999999999968026 ) ) ;
#1793 = EDGE_LOOP ( 'NONE', ( #180, #1227 ) ) ;
#1794 = CARTESIAN_POINT ( 'NONE',  ( 122.1026420791192777, -19.64745673555395200, -4.999999999999968026 ) ) ;
#1795 = ORIENTED_EDGE ( 'NONE', *, *, #1942, .T. ) ;
#1796 = ADVANCED_FACE ( 'NONE', ( #1348 ), #3009, .F. ) ;
#1797 = CARTESIAN_POINT ( 'NONE',  ( 69.00283379874937850, 31.24581418685402312, -92.58679254334981579 ) ) ;
#1798 = CARTESIAN_POINT ( 'NONE',  ( 92.89406585723018850, 7.081240141777514374, -4.979999999999967564 ) ) ;
#1799 = CARTESIAN_POINT ( 'NONE',  ( 59.76262851142321608, -12.16866160237078454, -2.999999999999968026 ) ) ;
#1800 = CARTESIAN_POINT ( 'NONE',  ( 0.000000000000000000, 32.24581418685401957, -0.5000000000000000000 ) ) ;
#1801 = CARTESIAN_POINT ( 'NONE',  ( 70.73262851142325758, -17.05471057676229307, -92.58679254334981579 ) ) ;
#1802 = DIRECTION ( 'NONE',  ( -0.000000000000000000, -0.000000000000000000, 1.000000000000000000 ) ) ;
#1803 = DIRECTION ( 'NONE',  ( 0.000000000000000000, 0.000000000000000000, -1.000000000000000000 ) ) ;
#1804 = VERTEX_POINT ( 'NONE', #1810 ) ;
#1805 = EDGE_CURVE ( 'NONE', #465, #3021, #69, .T. ) ;
#1806 = EDGE_CURVE ( 'NONE', #3210, #1061, #3092, .T. ) ;
#1807 = CARTESIAN_POINT ( 'NONE',  ( 83.47972719060946645, 5.185004458477161293, -4.999999999999968026 ) ) ;
#1808 = CARTESIAN_POINT ( 'NONE',  ( 85.71024379530909698, 10.39564195015911174, -4.999999999999967137 ) ) ;
#1809 = EDGE_LOOP ( 'NONE', ( #3557, #1552 ) ) ;
#1810 = CARTESIAN_POINT ( 'NONE',  ( 120.9489124260427673, 31.95291971996320513, -2.999999999999968026 ) ) ;
#1811 = PLANE ( 'NONE',  #3135 ) ;
#1812 = CARTESIAN_POINT ( 'NONE',  ( 0.000000000000000000, 7.740963044856599140, -4.999999999999968026 ) ) ;
#1813 = AXIS2_PLACEMENT_3D ( 'NONE', #2340, #3610, #4016 ) ;
#1814 = CARTESIAN_POINT ( 'NONE',  ( 100.8725206048905250, 7.021124127844700524, -4.999999999999965361 ) ) ;
#1815 = CARTESIAN_POINT ( 'NONE',  ( 74.18710827339829450, -18.59745673555395840, -2.999999999999968026 ) ) ;
#1816 = VECTOR ( 'NONE', #768, 1000.000000000000000 ) ;
#1817 = VERTEX_POINT ( 'NONE', #3035 ) ;
#1818 = CARTESIAN_POINT ( 'NONE',  ( 73.72882458811118056, -17.20573729638482874, -92.58679254334981579 ) ) ;
#1819 = VERTEX_POINT ( 'NONE', #5171 ) ;
#1820 = DIRECTION ( 'NONE',  ( 1.000000000000000000, 0.000000000000000000, 0.000000000000000000 ) ) ;
#1821 = AXIS2_PLACEMENT_3D ( 'NONE', #4545, #4957, #2888 ) ;
#1822 = CARTESIAN_POINT ( 'NONE',  ( 120.2418043967811059, 32.24581418685400536, -2.999999999999968026 ) ) ;
#1823 = DIRECTION ( 'NONE',  ( 0.000000000000000000, -0.3090169943749444537, 0.9510565162951544194 ) ) ;
#1824 = VERTEX_POINT ( 'NONE', #1430 ) ;
#1825 = EDGE_CURVE ( 'NONE', #3049, #2391, #4732, .T. ) ;
#1826 = CARTESIAN_POINT ( 'NONE',  ( 88.95329700686097851, 9.506103882827048324, -4.979999999999967564 ) ) ;
#1827 = DIRECTION ( 'NONE',  ( 0.000000000000000000, 0.000000000000000000, -1.000000000000000000 ) ) ;
#1828 = CIRCLE ( 'NONE', #1387, 1.000000000000000888 ) ;
#1829 = AXIS2_PLACEMENT_3D ( 'NONE', #3607, #1546, #223 ) ;
#1830 = DIRECTION ( 'NONE',  ( -0.000000000000000000, -0.000000000000000000, 1.000000000000000000 ) ) ;
#1831 = DIRECTION ( 'NONE',  ( 1.000000000000000000, 0.000000000000000000, 0.000000000000000000 ) ) ;
#1832 = AXIS2_PLACEMENT_3D ( 'NONE', #4552, #4577, #2462 ) ;
#1833 = CARTESIAN_POINT ( 'NONE',  ( 95.66113095924745835, 7.740963044856599140, -4.979999999999967564 ) ) ;
#1834 = EDGE_CURVE ( 'NONE', #269, #3868, #1023, .T. ) ;
#1835 = DIRECTION ( 'NONE',  ( 0.000000000000000000, -1.000000000000000000, 0.000000000000000000 ) ) ;
#1836 = DIRECTION ( 'NONE',  ( -0.000000000000000000, -0.000000000000000000, 1.000000000000000000 ) ) ;
#1837 = VECTOR ( 'NONE', #4852, 1000.000000000000000 ) ;
#1838 = ORIENTED_EDGE ( 'NONE', *, *, #3075, .F. ) ;
#1839 = CARTESIAN_POINT ( 'NONE',  ( 82.96180775156702225, 6.325678204152282547, -4.999999999999968026 ) ) ;
#1840 = CARTESIAN_POINT ( 'NONE',  ( 88.38337899069532000, 9.934348205889493855, -4.999999999999967137 ) ) ;
#1841 = DIRECTION ( 'NONE',  ( -0.000000000000000000, -0.000000000000000000, -1.000000000000000000 ) ) ;
#1842 = UNCERTAINTY_MEASURE_WITH_UNIT (LENGTH_MEASURE( 1.000000000000000082E-05 ), #2635, 'distance_accuracy_value', 'NONE');
#1843 = CARTESIAN_POINT ( 'NONE',  ( 0.000000000000000000, 6.725643756828379338, -4.999999999999968026 ) ) ;
#1844 = EDGE_CURVE ( 'NONE', #1933, #3384, #2164, .T. ) ;
#1845 = CARTESIAN_POINT ( 'NONE',  ( 121.3026420791192521, 20.17353015463953980, -0.5000000000000000000 ) ) ;
#1846 = EDGE_LOOP ( 'NONE', ( #2081, #5097, #2575, #3681 ) ) ;
#1847 = DIRECTION ( 'NONE',  ( 0.000000000000000000, -0.000000000000000000, -1.000000000000000000 ) ) ;
#1848 = DIRECTION ( 'NONE',  ( 0.000000000000000000, -1.000000000000000000, 0.000000000000000000 ) ) ;
#1849 = B_SPLINE_CURVE_WITH_KNOTS ( 'NONE', 3,
 ( #712, #1560, #4080, #2460, #3170, #1976, #3624, #2816, #378, #5333, #4915, #1183, #2866, #5307, #3222, #4890, #352, #2054, #4837, #4054, #2842, #1105 ),
 .UNSPECIFIED., .F., .F.,
 ( 4, 1, 1, 1, 1, 1, 1, 1, 1, 1, 1, 1, 1, 1, 1, 1, 1, 1, 1, 4 ),
 ( 0.03472248487134076828, 0.1555153878479091922, 0.2159118393361934007, 0.2763082908244776092, 0.3367047423127618178, 0.3971011938010460263, 0.4574976452893302348, 0.5178940967776144433, 0.5782905482658986518, 0.6386869997541828603, 0.6990834512424670688, 0.7594799027307512773, 0.8198763542190354858, 0.8802728057073196943, 0.9406692571956040139, 0.9708674829397460071, 0.9859665958118171147, 0.9997335728290279722, 1.000266427170972028, 1.001065708683888111 ),
 .UNSPECIFIED. ) ;
#1850 = ORIENTED_EDGE ( 'NONE', *, *, #657, .T. ) ;
#1851 = LINE ( 'NONE', #3498, #4091 ) ;
#1852 = ORIENTED_EDGE ( 'NONE', *, *, #301, .T. ) ;
#1853 = CARTESIAN_POINT ( 'NONE',  ( 86.12468899693865865, 0.000000000000000000, -4.979999999999967564 ) ) ;
#1854 = ORIENTED_EDGE ( 'NONE', *, *, #3183, .T. ) ;
#1855 = DIRECTION ( 'NONE',  ( -1.000000000000000000, 0.000000000000000000, 0.000000000000000000 ) ) ;
#1856 = ORIENTED_EDGE ( 'NONE', *, *, #2880, .F. ) ;
#1857 = CARTESIAN_POINT ( 'NONE',  ( 122.6526420791192891, -18.89745673555394134, -0.5000000000000000000 ) ) ;
#1858 = DIRECTION ( 'NONE',  ( 0.000000000000000000, 0.000000000000000000, -1.000000000000000000 ) ) ;
#1859 = LINE ( 'NONE', #5135, #4472 ) ;
#1860 = DIRECTION ( 'NONE',  ( 0.000000000000000000, -1.000000000000000000, 0.000000000000000000 ) ) ;
#1861 = AXIS2_PLACEMENT_3D ( 'NONE', #1015, #215, #2298 ) ;
#1862 = DIRECTION ( 'NONE',  ( -1.000000000000000000, 0.000000000000000000, 0.000000000000000000 ) ) ;
#1863 = PLANE ( 'NONE',  #5240 ) ;
#1864 = VERTEX_POINT ( 'NONE', #5117 ) ;
#1865 = CARTESIAN_POINT ( 'NONE',  ( 99.84884978166307690, 4.668641647837796782, -4.999999999999968026 ) ) ;
#1866 = ORIENTED_EDGE ( 'NONE', *, *, #3700, .T. ) ;
#1867 = AXIS2_PLACEMENT_3D ( 'NONE', #3137, #2296, #1390 ) ;
#1868 = EDGE_CURVE ( 'NONE', #1729, #269, #196, .T. ) ;
#1869 = CARTESIAN_POINT ( 'NONE',  ( 102.6717188290364078, 7.081240144677177994, -4.999999999999968026 ) ) ;
#1870 = CARTESIAN_POINT ( 'NONE',  ( 87.14000828496686779, 5.765880612215132039, -4.979999999999967564 ) ) ;
#1871 = AXIS2_PLACEMENT_3D ( 'NONE', #5126, #1414, #2633 ) ;
#1872 = CARTESIAN_POINT ( 'NONE',  ( 75.00262851142325360, 32.24581418685401957, -2.999999999999968026 ) ) ;
#1873 = EDGE_CURVE ( 'NONE', #4186, #1162, #2566, .T. ) ;
#1874 = DIRECTION ( 'NONE',  ( 1.000000000000000000, 0.000000000000000000, 0.000000000000000000 ) ) ;
#1875 = ORIENTED_EDGE ( 'NONE', *, *, #2192, .T. ) ;
#1876 = CARTESIAN_POINT ( 'NONE',  ( 82.88832325016488767, 7.078331039618875664, -4.979999999999967564 ) ) ;
#1877 = EDGE_LOOP ( 'NONE', ( #1626, #2117, #1761, #1207 ) ) ;
#1878 = CARTESIAN_POINT ( 'NONE',  ( 99.95344118180614146, 11.62449170452183900, -4.979999999999967564 ) ) ;
#1879 = EDGE_CURVE ( 'NONE', #1971, #5200, #5142, .T. ) ;
#1880 = EDGE_CURVE ( 'NONE', #3323, #178, #4218, .T. ) ;
#1881 = ORIENTED_EDGE ( 'NONE', *, *, #2801, .T. ) ;
#1882 = DIRECTION ( 'NONE',  ( -1.000000000000000000, 0.000000000000000000, 0.000000000000000000 ) ) ;
#1883 = DIRECTION ( 'NONE',  ( 0.000000000000000000, 0.000000000000000000, -1.000000000000000000 ) ) ;
#1884 = DIRECTION ( 'NONE',  ( -1.000000000000000000, 0.000000000000000000, 0.000000000000000000 ) ) ;
#1885 = DIRECTION ( 'NONE',  ( -1.000000000000000000, 0.000000000000000000, 0.000000000000000000 ) ) ;
#1886 = ORIENTED_EDGE ( 'NONE', *, *, #2064, .T. ) ;
#1887 = DIRECTION ( 'NONE',  ( -1.000000000000000000, 0.000000000000000000, 0.000000000000000000 ) ) ;
#1888 = LINE ( 'NONE', #3539, #4978 ) ;
#1889 = DIRECTION ( 'NONE',  ( -1.000000000000000000, -4.857225732735055447E-14, 0.000000000000000000 ) ) ;
#1890 = VERTEX_POINT ( 'NONE', #4480 ) ;
#1891 = B_SPLINE_CURVE_WITH_KNOTS ( 'NONE', 3,
 ( #2875, #2902, #1315, #1670, #4559, #3349, #2132, #52, #823, #5022, #30, #1718, #4997, #4136, #4533, #1264, #3370, #3278, #406, #9, #2079, #847 ),
 .UNSPECIFIED., .F., .F.,
 ( 4, 1, 1, 1, 1, 1, 1, 1, 1, 1, 1, 1, 1, 1, 1, 1, 1, 1, 1, 4 ),
 ( 0.03472248487134088624, 0.1555153878479088869, 0.2159118393361929011, 0.2763082908244768876, 0.3367047423127609296, 0.3971011938010449160, 0.4574976452893289025, 0.5178940967776128890, 0.5782905482658968754, 0.6386869997541808619, 0.6990834512424648484, 0.7594799027307489458, 0.8198763542190330433, 0.8802728057073170298, 0.9406692571956010163, 0.9708674829397430095, 0.9859665958118140061, 0.9997335728290287493, 1.000266427170971362, 1.001065708683885003 ),
 .UNSPECIFIED. ) ;
#1892 = ORIENTED_EDGE ( 'NONE', *, *, #635, .T. ) ;
#1893 = LINE ( 'NONE', #4729, #1184 ) ;
#1894 = EDGE_LOOP ( 'NONE', ( #5151, #2369, #3990, #975 ) ) ;
#1895 = PLANE ( 'NONE',  #2437 ) ;
#1896 = CARTESIAN_POINT ( 'NONE',  ( 120.8026420791192521, -17.09745673555396550, -2.999999999999975131 ) ) ;
#1897 = EDGE_CURVE ( 'NONE', #645, #2225, #3580, .T. ) ;
#1898 = CARTESIAN_POINT ( 'NONE',  ( 95.37648064554930727, 9.934348205889497407, -4.979999999999967564 ) ) ;
#1899 = ORIENTED_EDGE ( 'NONE', *, *, #1035, .F. ) ;
#1900 = EDGE_CURVE ( 'NONE', #912, #870, #222, .T. ) ;
#1901 = DIRECTION ( 'NONE',  ( -1.000000000000000000, 0.000000000000000000, 0.000000000000000000 ) ) ;
#1902 = DIRECTION ( 'NONE',  ( 0.000000000000000000, 0.000000000000000000, -1.000000000000000000 ) ) ;
#1903 = EDGE_LOOP ( 'NONE', ( #4846, #2978 ) ) ;
#1904 = CARTESIAN_POINT ( 'NONE',  ( 83.91100985458159300, 4.668641647837965536, -4.979999999999967564 ) ) ;
#1905 = AXIS2_PLACEMENT_3D ( 'NONE', #3093, #2314, #1490 ) ;
#1906 = EDGE_LOOP ( 'NONE', ( #753, #1788 ) ) ;
#1907 = CARTESIAN_POINT ( 'NONE',  ( 88.09977142958013019, 6.725643756828379338, -4.979999999999967564 ) ) ;
#1908 = EDGE_CURVE ( 'NONE', #3966, #1287, #633, .T. ) ;
#1909 = ORIENTED_EDGE ( 'NONE', *, *, #4849, .T. ) ;
#1910 = FACE_OUTER_BOUND ( 'NONE', #1894, .T. ) ;
#1911 = AXIS2_PLACEMENT_3D ( 'NONE', #4380, #646, #232 ) ;
#1912 = DIRECTION ( 'NONE',  ( -1.000000000000000000, 0.000000000000000000, 0.000000000000000000 ) ) ;
#1913 = LINE ( 'NONE', #709, #258 ) ;
#1914 = LINE ( 'NONE', #3566, #4615 ) ;
#1915 = EDGE_CURVE ( 'NONE', #3049, #1824, #5396, .T. ) ;
#1916 = VECTOR ( 'NONE', #1408, 1000.000000000000000 ) ;
#1917 = LINE ( 'NONE', #4445, #28 ) ;
#1918 = FACE_OUTER_BOUND ( 'NONE', #723, .T. ) ;
#1919 = DIRECTION ( 'NONE',  ( -1.000000000000000000, 0.000000000000000000, 0.000000000000000000 ) ) ;
#1920 = AXIS2_PLACEMENT_3D ( 'NONE', #5201, #2416, #3606 ) ;
#1921 = CONICAL_SURFACE ( 'NONE', #4696, 1.500000000000001332, 0.2606023917473493934 ) ;
#1922 = DIRECTION ( 'NONE',  ( 1.000000000000000000, 0.000000000000000000, 0.000000000000000000 ) ) ;
#1923 = ORIENTED_EDGE ( 'NONE', *, *, #5242, .T. ) ;
#1924 = ORIENTED_EDGE ( 'NONE', *, *, #604, .F. ) ;
#1925 = VECTOR ( 'NONE', #1616, 1000.000000000000000 ) ;
#1926 = CARTESIAN_POINT ( 'NONE',  ( 88.95329700686093588, 4.656376400728237108, -4.999999999999968026 ) ) ;
#1927 = ORIENTED_EDGE ( 'NONE', *, *, #106, .T. ) ;
#1928 = CARTESIAN_POINT ( 'NONE',  ( 87.85216142951716733, 2.069269467677078644, -4.979999999999967564 ) ) ;
#1929 = CARTESIAN_POINT ( 'NONE',  ( 56.51262851142327293, 9.232375936495728297, -2.823415225557235342 ) ) ;
#1930 = VECTOR ( 'NONE', #1936, 1000.000000000000000 ) ;
#1931 = EDGE_CURVE ( 'NONE', #5237, #4851, #747, .T. ) ;
#1932 = DIRECTION ( 'NONE',  ( 0.000000000000000000, 0.000000000000000000, -1.000000000000000000 ) ) ;
#1933 = VERTEX_POINT ( 'NONE', #1958 ) ;
#1934 = VECTOR ( 'NONE', #3017, 1000.000000000000000 ) ;
#1935 = CIRCLE ( 'NONE', #2887, 2.500000000000002220 ) ;
#1936 = DIRECTION ( 'NONE',  ( -0.000000000000000000, -0.000000000000000000, -1.000000000000000000 ) ) ;
#1937 = DIRECTION ( 'NONE',  ( -0.000000000000000000, -0.000000000000000000, 1.000000000000000000 ) ) ;
#1938 = EDGE_LOOP ( 'NONE', ( #3517, #278, #3246, #3698 ) ) ;
#1939 = CARTESIAN_POINT ( 'NONE',  ( 89.50399827475561665, 5.193790713901123013, -4.979999999999967564 ) ) ;
#1940 = EDGE_LOOP ( 'NONE', ( #3360, #331, #517, #4683 ) ) ;
#1941 = DIRECTION ( 'NONE',  ( -0.000000000000000000, -0.000000000000000000, -1.000000000000000000 ) ) ;
#1942 = EDGE_CURVE ( 'NONE', #606, #1033, #2871, .T. ) ;
#1943 = ORIENTED_EDGE ( 'NONE', *, *, #2826, .T. ) ;
#1944 = CARTESIAN_POINT ( 'NONE',  ( 99.84884978166307690, 4.668641647837796782, -4.979999999999967564 ) ) ;
#1945 = CARTESIAN_POINT ( 'NONE',  ( 102.6717188290364078, 7.081240144677177994, -4.999999999999968026 ) ) ;
#1946 = CARTESIAN_POINT ( 'NONE',  ( 81.55185610760912596, 4.899563641578835949, -4.999999999999968026 ) ) ;
#1947 = ADVANCED_FACE ( 'NONE', ( #2768 ), #2370, .T. ) ;
#1948 = DIRECTION ( 'NONE',  ( -1.000000000000000000, -0.000000000000000000, -0.000000000000000000 ) ) ;
#1949 = ORIENTED_EDGE ( 'NONE', *, *, #2192, .F. ) ;
#1950 = PRESENTATION_STYLE_ASSIGNMENT (( #1131 ) ) ;
#1951 = ADVANCED_FACE ( 'NONE', ( #4869 ), #1895, .T. ) ;
#1952 = DIRECTION ( 'NONE',  ( 0.2576626505603404338, 3.155457402685439408E-17, -0.9662349396012441805 ) ) ;
#1953 = CYLINDRICAL_SURFACE ( 'NONE', #609, 1.000000000000000888 ) ;
#1954 = ORIENTED_EDGE ( 'NONE', *, *, #1149, .T. ) ;
#1955 = EDGE_LOOP ( 'NONE', ( #37, #357, #2140, #3492 ) ) ;
#1956 = DIRECTION ( 'NONE',  ( 0.000000000000000000, -1.000000000000000000, 0.000000000000000000 ) ) ;
#1957 = EDGE_LOOP ( 'NONE', ( #3066, #3577, #1483, #4206 ) ) ;
#1958 = CARTESIAN_POINT ( 'NONE',  ( 73.50262851142325360, 31.20528942323797139, 1.250000000000070610 ) ) ;
#1959 = DIRECTION ( 'NONE',  ( 0.000000000000000000, 0.000000000000000000, -1.000000000000000000 ) ) ;
#1960 = DIRECTION ( 'NONE',  ( -1.000000000000000000, 0.000000000000000000, 0.000000000000000000 ) ) ;
#1961 = AXIS2_PLACEMENT_3D ( 'NONE', #3083, #1079, #2729 ) ;
#1962 = CARTESIAN_POINT ( 'NONE',  ( 60.76262851142322319, -15.59745673555393886, -3.999999999999968026 ) ) ;
#1963 = AXIS2_PLACEMENT_3D ( 'NONE', #4052, #4913, #3595 ) ;
#1964 = ORIENTED_EDGE ( 'NONE', *, *, #5296, .T. ) ;
#1965 = PLANE ( 'NONE',  #2614 ) ;
#1966 = ORIENTED_EDGE ( 'NONE', *, *, #2488, .T. ) ;
#1967 = B_SPLINE_SURFACE_WITH_KNOTS ( 'NONE', 3, 1, ( 
 ( #2967, #3359 ),
 ( #3721, #1303 ),
 ( #1255, #2939 ),
 ( #5378, #3388 ),
 ( #3341, #2052 ),
 ( #889, #2892 ),
 ( #4964, #1277 ),
 ( #1632, #1206 ),
 ( #2551, #1231 ),
 ( #5038, #4548 ),
 ( #3701, #4597 ),
 ( #2458, #1660 ),
 ( #43, #4128 ),
 ( #1685, #4625 ),
 ( #4205, #5399 ),
 ( #423, #2918 ),
 ( #3322, #3292 ),
 ( #5015, #865 ),
 ( #446, #470 ),
 ( #2863, #813 ) ),
 .UNSPECIFIED., .F., .F., .F.,
 ( 4, 1, 1, 1, 1, 1, 1, 1, 1, 1, 1, 1, 1, 1, 1, 1, 1, 4 ),
 ( 2, 2 ),
 ( -0.03117994955438851967, 0.001017855261451372506, 0.03321566007729126468, 0.09761126970897104904, 0.1620068793406508334, 0.1942046841564906146, 0.2264024889723305067, 0.2907980986040101801, 0.3551937082356899644, 0.4195893178673697488, 0.4839849274990495331, 0.5483805371307293175, 0.5805783419465692097, 0.6127761467624091019, 0.6771717563940887752, 0.7415673660257685595, 0.8059629756574483439, 0.8635792802511776944 ),
 ( 0.000000000000000000, 1.000000000000000000 ),
 .UNSPECIFIED. ) ;
#1968 = EDGE_LOOP ( 'NONE', ( #3239, #3126, #3270, #4011 ) ) ;
#1969 = LINE ( 'NONE', #5274, #3647 ) ;
#1970 = FACE_OUTER_BOUND ( 'NONE', #4949, .T. ) ;
#1971 = VERTEX_POINT ( 'NONE', #2797 ) ;
#1972 = DIRECTION ( 'NONE',  ( -1.000000000000000000, 0.000000000000000000, -0.000000000000000000 ) ) ;
#1973 = ADVANCED_FACE ( 'NONE', ( #4789 ), #1139, .F. ) ;
#1974 = CARTESIAN_POINT ( 'NONE',  ( 86.12468899693865865, 7.740963044856599140, -4.979999999999967564 ) ) ;
#1975 = VERTEX_POINT ( 'NONE', #687 ) ;
#1976 = CARTESIAN_POINT ( 'NONE',  ( 95.37648064554930727, 9.934348205889497407, -4.999999999999968026 ) ) ;
#1977 = ADVANCED_FACE ( 'NONE', ( #279 ), #3128, .T. ) ;
#1978 = DIRECTION ( 'NONE',  ( -1.000000000000000000, 0.000000000000000000, 0.000000000000000000 ) ) ;
#1979 = DIRECTION ( 'NONE',  ( -1.000000000000000000, 0.000000000000000000, 0.000000000000000000 ) ) ;
#1980 = ORIENTED_EDGE ( 'NONE', *, *, #904, .T. ) ;
#1981 = DIRECTION ( 'NONE',  ( -1.000000000000000000, 0.000000000000000000, 0.000000000000000000 ) ) ;
#1982 = ORIENTED_EDGE ( 'NONE', *, *, #3553, .T. ) ;
#1983 = CARTESIAN_POINT ( 'NONE',  ( 91.71325068508308220, 5.057944329622189983, -4.979999999999967564 ) ) ;
#1984 = CARTESIAN_POINT ( 'NONE',  ( 59.76262851142322319, -15.59745673555393886, -3.999999999999968026 ) ) ;
#1985 = CARTESIAN_POINT ( 'NONE',  ( 98.69404159426026979, 10.21259834457874049, -4.999999999999968026 ) ) ;
#1986 = EDGE_CURVE ( 'NONE', #645, #2819, #5231, .T. ) ;
#1987 = EDGE_CURVE ( 'NONE', #2767, #2524, #4343, .T. ) ;
#1988 = DIRECTION ( 'NONE',  ( -1.000000000000000000, 0.000000000000000000, 0.000000000000000000 ) ) ;
#1989 = DIRECTION ( 'NONE',  ( -1.000000000000000000, 0.000000000000000000, -0.000000000000000000 ) ) ;
#1990 = VERTEX_POINT ( 'NONE', #3687 ) ;
#1991 = FACE_OUTER_BOUND ( 'NONE', #1793, .T. ) ;
#1992 = ORIENTED_EDGE ( 'NONE', *, *, #3449, .F. ) ;
#1993 = ORIENTED_EDGE ( 'NONE', *, *, #516, .F. ) ;
#1994 = CARTESIAN_POINT ( 'NONE',  ( 85.90971550288031722, 12.24735266136764267, -4.999999999999968026 ) ) ;
#1995 = DIRECTION ( 'NONE',  ( 1.000000000000000000, 0.000000000000000000, 0.000000000000000000 ) ) ;
#1996 = CARTESIAN_POINT ( 'NONE',  ( 66.73285692220611054, -17.09745673555395484, -92.58679254334981579 ) ) ;
#1997 = CONICAL_SURFACE ( 'NONE', #4875, 0.7999999999999951594, 0.2606023917473468399 ) ;
#1998 = ORIENTED_EDGE ( 'NONE', *, *, #2005, .T. ) ;
#1999 = CARTESIAN_POINT ( 'NONE',  ( 59.76262851142321608, -16.09745673555395484, -2.999999999999975131 ) ) ;
#2000 = ORIENTED_EDGE ( 'NONE', *, *, #2341, .F. ) ;
#2001 = AXIS2_PLACEMENT_3D ( 'NONE', #854, #4983, #3283 ) ;
#2002 = DIRECTION ( 'NONE',  ( -1.000000000000000000, 0.000000000000000000, 0.000000000000000000 ) ) ;
#2003 = VECTOR ( 'NONE', #1952, 1000.000000000000114 ) ;
#2004 = CARTESIAN_POINT ( 'NONE',  ( 69.95368511499633257, 26.53114188592600087, -2.999999999999968026 ) ) ;
#2005 = EDGE_CURVE ( 'NONE', #178, #3865, #2034, .T. ) ;
#2006 = ORIENTED_EDGE ( 'NONE', *, *, #2960, .T. ) ;
#2007 = B_SPLINE_CURVE_WITH_KNOTS ( 'NONE', 3,
 ( #599, #2645, #4865, #2274, #1051, #2734, #2334, #4784, #3891, #1865, #4758, #682, #2364, #5166, #5287, #1540, #3200, #569, #2035, #4111, #4134, #434 ),
 .UNSPECIFIED., .F., .F.,
 ( 4, 1, 1, 1, 1, 1, 1, 1, 1, 1, 1, 1, 1, 1, 1, 1, 1, 1, 1, 4 ),
 ( 0.03472248487134121930, 0.03552176638425774691, 0.03605462072620224667, 0.04982159774341221592, 0.06492071061548332356, 0.09511893635962542781, 0.1555153878479096363, 0.2159118393361938448, 0.2763082908244780533, 0.3367047423127622618, 0.3971011938010464704, 0.4574976452893306789, 0.5178940967776149984, 0.5782905482658992069, 0.6386869997541834154, 0.6990834512424676239, 0.7594799027307519435, 0.8198763542190361520, 0.8802728057073203605, 1.001065708683888777 ),
 .UNSPECIFIED. ) ;
#2008 = DIRECTION ( 'NONE',  ( -0.000000000000000000, 0.000000000000000000, 1.000000000000000000 ) ) ;
#2009 = DIRECTION ( 'NONE',  ( -1.000000000000000000, 0.000000000000000000, -0.000000000000000000 ) ) ;
#2010 = CARTESIAN_POINT ( 'NONE',  ( 98.69404159426026979, 10.21259834457874049, -4.979999999999967564 ) ) ;
#2011 = AXIS2_PLACEMENT_3D ( 'NONE', #2384, #3504, #291 ) ;
#2012 = ADVANCED_FACE ( 'NONE', ( #405 ), #4135, .F. ) ;
#2013 = VERTEX_POINT ( 'NONE', #1215 ) ;
#2014 = DIRECTION ( 'NONE',  ( -1.000000000000000000, 0.000000000000000000, -0.000000000000000000 ) ) ;
#2015 = AXIS2_PLACEMENT_3D ( 'NONE', #3390, #5401, #5380 ) ;
#2016 = DIRECTION ( 'NONE',  ( 0.000000000000000000, -0.9510565162951560847, -0.3090169943749398462 ) ) ;
#2017 = EDGE_CURVE ( 'NONE', #5127, #4149, #5021, .T. ) ;
#2018 = ORIENTED_EDGE ( 'NONE', *, *, #305, .F. ) ;
#2019 = CARTESIAN_POINT ( 'NONE',  ( 60.76262851142323740, 29.74581418685402667, -3.999999999999968026 ) ) ;
#2020 = ORIENTED_EDGE ( 'NONE', *, *, #1212, .F. ) ;
#2021 = AXIS2_PLACEMENT_3D ( 'NONE', #4578, #4553, #1259 ) ;
#2022 = ORIENTED_EDGE ( 'NONE', *, *, #4775, .F. ) ;
#2023 = CARTESIAN_POINT ( 'NONE',  ( 86.96639998564486973, 12.23508241912022676, -4.999999999999968026 ) ) ;
#2024 = EDGE_CURVE ( 'NONE', #3615, #2476, #3708, .T. ) ;
#2025 = EDGE_LOOP ( 'NONE', ( #304, #3294, #4909, #4544 ) ) ;
#2026 = CARTESIAN_POINT ( 'NONE',  ( 97.85014413344438822, 12.24735266124608302, -4.979999999999967564 ) ) ;
#2027 = DIRECTION ( 'NONE',  ( -1.000000000000000000, 0.000000000000000000, 0.000000000000000000 ) ) ;
#2028 = ORIENTED_EDGE ( 'NONE', *, *, #2710, .F. ) ;
#2029 = CARTESIAN_POINT ( 'NONE',  ( 63.26262851142322319, -15.59745673555393886, -3.999999999999968026 ) ) ;
#2030 = DIRECTION ( 'NONE',  ( 1.000000000000000000, -5.634916437861263896E-16, 0.000000000000000000 ) ) ;
#2031 = CARTESIAN_POINT ( 'NONE',  ( 82.88840377987538943, 7.251986597513859323, -4.979999999999967564 ) ) ;
#2032 = ORIENTED_EDGE ( 'NONE', *, *, #3457, .T. ) ;
#2033 = DIRECTION ( 'NONE',  ( -0.000000000000000000, -0.000000000000000000, -1.000000000000000000 ) ) ;
#2034 = B_SPLINE_CURVE_WITH_KNOTS ( 'NONE', 3,
 ( #846, #2439, #2510, #4112, #2926, #1284, #2036, #435, #1620, #2901, #4532, #3253, #1695, #2078, #769, #2948, #3277, #3733, #4925, #29 ),
 .UNSPECIFIED., .F., .F.,
 ( 4, 1, 1, 1, 1, 1, 1, 1, 1, 1, 1, 1, 1, 1, 1, 1, 1, 4 ),
 ( -0.03117994955438851967, 0.001017855261451372506, 0.03321566007729126468, 0.09761126970897104904, 0.1620068793406508334, 0.1942046841564906146, 0.2264024889723305067, 0.2907980986040101801, 0.3551937082356899644, 0.4195893178673697488, 0.4839849274990495331, 0.5483805371307293175, 0.5805783419465692097, 0.6127761467624091019, 0.6771717563940887752, 0.7415673660257685595, 0.8059629756574483439, 0.8635792802511776944 ),
 .UNSPECIFIED. ) ;
#2035 = CARTESIAN_POINT ( 'NONE',  ( 94.25586136148901062, 5.193790713900933831, -4.999999999999968026 ) ) ;
#2036 = CARTESIAN_POINT ( 'NONE',  ( 82.49553072731382031, 10.60194736478018740, -4.979999999999967564 ) ) ;
#2037 = CARTESIAN_POINT ( 'NONE',  ( 81.18710827339830871, -18.09745673555395840, -92.58679254334981579 ) ) ;
#2038 = DIRECTION ( 'NONE',  ( -1.000000000000000000, 0.000000000000000000, -0.000000000000000000 ) ) ;
#2039 = ADVANCED_FACE ( 'NONE', ( #1191 ), #385, .F. ) ;
#2040 = VERTEX_POINT ( 'NONE', #4975 ) ;
#2041 = DIRECTION ( 'NONE',  ( 0.000000000000000000, -1.000000000000000000, 0.000000000000000000 ) ) ;
#2042 = FACE_OUTER_BOUND ( 'NONE', #3811, .T. ) ;
#2043 = CIRCLE ( 'NONE', #3171, 1.000000000000000888 ) ;
#2044 = VERTEX_POINT ( 'NONE', #2490 ) ;
#2045 = DIRECTION ( 'NONE',  ( 1.000000000000000000, 0.000000000000000000, 0.000000000000000000 ) ) ;
#2046 = AXIS2_PLACEMENT_3D ( 'NONE', #4788, #539, #4754 ) ;
#2047 = ORIENTED_EDGE ( 'NONE', *, *, #1248, .T. ) ;
#2048 = ORIENTED_EDGE ( 'NONE', *, *, #3348, .T. ) ;
#2049 = CIRCLE ( 'NONE', #2313, 1.500000000000001332 ) ;
#2050 = DIRECTION ( 'NONE',  ( -0.7071055331092195306, 0.7071080292616725993, 0.000000000000000000 ) ) ;
#2051 = EDGE_CURVE ( 'NONE', #4403, #2013, #505, .T. ) ;
#2052 = CARTESIAN_POINT ( 'NONE',  ( 81.55185610901467896, 9.262916647930387271, -4.999999999999966249 ) ) ;
#2053 = ORIENTED_EDGE ( 'NONE', *, *, #4077, .T. ) ;
#2054 = CARTESIAN_POINT ( 'NONE',  ( 100.8714558563692520, 7.251986597513884192, -4.999999999999968026 ) ) ;
#2055 = DIRECTION ( 'NONE',  ( -1.000000000000000000, 0.000000000000000000, 0.000000000000000000 ) ) ;
#2056 = ORIENTED_EDGE ( 'NONE', *, *, #3635, .T. ) ;
#2057 = CARTESIAN_POINT ( 'NONE',  ( 87.14000828496686779, 0.000000000000000000, -4.979999999999967564 ) ) ;
#2058 = CARTESIAN_POINT ( 'NONE',  ( 118.8026420791192521, 29.74581418685401957, -3.999999999999968026 ) ) ;
#2059 = CARTESIAN_POINT ( 'NONE',  ( 96.61823225319521669, 10.39515845149673723, -4.979999999999967564 ) ) ;
#2060 = ORIENTED_EDGE ( 'NONE', *, *, #3850, .T. ) ;
#2061 = EDGE_CURVE ( 'NONE', #3044, #4192, #3994, .T. ) ;
#2062 = DIRECTION ( 'NONE',  ( -1.000000000000000000, 0.000000000000000000, 0.000000000000000000 ) ) ;
#2063 = FACE_OUTER_BOUND ( 'NONE', #1665, .T. ) ;
#2064 = EDGE_CURVE ( 'NONE', #3210, #1287, #4329, .T. ) ;
#2065 = ORIENTED_EDGE ( 'NONE', *, *, #3524, .T. ) ;
#2066 = DIRECTION ( 'NONE',  ( 0.000000000000000000, 0.000000000000000000, -1.000000000000000000 ) ) ;
#2067 = EDGE_CURVE ( 'NONE', #1360, #3257, #164, .T. ) ;
#2068 = EDGE_LOOP ( 'NONE', ( #1002, #2621, #5192, #2567 ) ) ;
#2069 = LINE ( 'NONE', #862, #3139 ) ;
#2070 = CARTESIAN_POINT ( 'NONE',  ( 85.16492585232541046, 0.000000000000000000, -4.979999999999967564 ) ) ;
#2071 = ORIENTED_EDGE ( 'NONE', *, *, #4727, .T. ) ;
#2072 = CYLINDRICAL_SURFACE ( 'NONE', #4348, 1.000000000000000888 ) ;
#2073 = CARTESIAN_POINT ( 'NONE',  ( 72.00262851142325360, 31.20528942323797139, -0.5000000000000000000 ) ) ;
#2074 = ORIENTED_EDGE ( 'NONE', *, *, #896, .T. ) ;
#2075 = AXIS2_PLACEMENT_3D ( 'NONE', #5030, #488, #3818 ) ;
#2076 = CARTESIAN_POINT ( 'NONE',  ( 57.51262851142327293, 33.79581418685401673, -4.999999999999968026 ) ) ;
#2077 = DIRECTION ( 'NONE',  ( 1.000000000000000000, -2.974657932581888574E-16, 0.000000000000000000 ) ) ;
#2078 = CARTESIAN_POINT ( 'NONE',  ( 88.56626430961337348, 11.84766961355438220, -4.979999999999967564 ) ) ;
#2079 = CARTESIAN_POINT ( 'NONE',  ( 82.88832325016488767, 7.078331039618875664, -4.979999999999967564 ) ) ;
#2080 = PLANE ( 'NONE',  #4148 ) ;
#2081 = ORIENTED_EDGE ( 'NONE', *, *, #690, .F. ) ;
#2082 = AXIS2_PLACEMENT_3D ( 'NONE', #2774, #1902, #4405 ) ;
#2083 = PLANE ( 'NONE',  #35 ) ;
#2084 = DIRECTION ( 'NONE',  ( -0.000000000000000000, -0.000000000000000000, 1.000000000000000000 ) ) ;
#2085 = CARTESIAN_POINT ( 'NONE',  ( 97.85014413648688958, 1.915127625268661982, -4.999999999999966249 ) ) ;
#2086 = VECTOR ( 'NONE', #4299, 1000.000000000000000 ) ;
#2087 = ORIENTED_EDGE ( 'NONE', *, *, #479, .T. ) ;
#2088 = VECTOR ( 'NONE', #3533, 1000.000000000000227 ) ;
#2089 = CARTESIAN_POINT ( 'NONE',  ( 88.09977142958013019, 6.725643756828379338, -4.979999999999967564 ) ) ;
#2090 = AXIS2_PLACEMENT_3D ( 'NONE', #2272, #3921, #1862 ) ;
#2091 = AXIS2_PLACEMENT_3D ( 'NONE', #654, #740, #3655 ) ;
#2092 = EDGE_LOOP ( 'NONE', ( #445, #2087, #4290, #576 ) ) ;
#2093 = ORIENTED_EDGE ( 'NONE', *, *, #3858, .T. ) ;
#2094 = CARTESIAN_POINT ( 'NONE',  ( 122.8026285114233218, 15.96528942323700839, 1.250000000000070610 ) ) ;
#2095 = VECTOR ( 'NONE', #3437, 1000.000000000000000 ) ;
#2096 = VERTEX_POINT ( 'NONE', #567 ) ;
#2097 = EDGE_CURVE ( 'NONE', #282, #3868, #1016, .T. ) ;
#2098 = DIRECTION ( 'NONE',  ( 1.000000000000000000, 0.000000000000000000, -0.000000000000000000 ) ) ;
#2099 = ORIENTED_EDGE ( 'NONE', *, *, #138, .T. ) ;
#2100 = DIRECTION ( 'NONE',  ( -0.000000000000000000, -0.000000000000000000, -1.000000000000000000 ) ) ;
#2101 = CARTESIAN_POINT ( 'NONE',  ( 117.0144144982132843, 26.53114188592600087, -2.999999999999968026 ) ) ;
#2102 = EDGE_CURVE ( 'NONE', #2433, #4969, #2643, .T. ) ;
#2103 = CARTESIAN_POINT ( 'NONE',  ( 69.95368511499633257, 26.53114188592600087, -2.999999999999968026 ) ) ;
#2104 = ORIENTED_EDGE ( 'NONE', *, *, #4389, .F. ) ;
#2105 = EDGE_CURVE ( 'NONE', #583, #2297, #1828, .T. ) ;
#2106 = CARTESIAN_POINT ( 'NONE',  ( 0.000000000000000000, 7.740963044856599140, -4.979999999999967564 ) ) ;
#2107 = CARTESIAN_POINT ( 'NONE',  ( 125.0948143801982866, 9.046031344733112434, 2.939233756643952589 ) ) ;
#2108 = DIRECTION ( 'NONE',  ( 1.000000000000000000, 0.000000000000000000, 0.000000000000000000 ) ) ;
#2109 = CARTESIAN_POINT ( 'NONE',  ( 122.8342679130045099, 12.96545626983204258, -2.999999999999968026 ) ) ;
#2110 = DIRECTION ( 'NONE',  ( 0.000000000000000000, -1.000000000000000000, 0.000000000000000000 ) ) ;
#2111 = EDGE_LOOP ( 'NONE', ( #221, #3194 ) ) ;
#2112 = EDGE_CURVE ( 'NONE', #48, #3880, #1340, .T. ) ;
#2113 = DIRECTION ( 'NONE',  ( -1.000000000000000000, 0.000000000000000000, 0.000000000000000000 ) ) ;
#2114 = CARTESIAN_POINT ( 'NONE',  ( 125.1604998051476230, 18.50770345028836772, -0.5000000000000000000 ) ) ;
#2115 = EDGE_LOOP ( 'NONE', ( #3236, #2411, #1754, #2006, #1199, #1854, #2815, #167, #1595, #1464, #5318, #2199, #3456, #3718, #2662, #2860, #1527, #1866, #2456, #4287, #3422, #2262, #2345, #303, #2198, #5155, #5029, #1502, #2201, #1471, #4713, #1923, #2758, #1838, #3221, #1323, #698 ) ) ;
#2116 = LINE ( 'NONE', #4543, #3890 ) ;
#2117 = ORIENTED_EDGE ( 'NONE', *, *, #5348, .T. ) ;
#2118 = CYLINDRICAL_SURFACE ( 'NONE', #353, 0.7500000000000006661 ) ;
#2119 = VERTEX_POINT ( 'NONE', #1775 ) ;
#2120 = CYLINDRICAL_SURFACE ( 'NONE', #4200, 1.000000000000000888 ) ;
#2121 = ORIENTED_EDGE ( 'NONE', *, *, #3594, .F. ) ;
#2122 = CARTESIAN_POINT ( 'NONE',  ( 93.05180686661282152, 3.842822143103860277, -4.979999999999967564 ) ) ;
#2123 = AXIS2_PLACEMENT_3D ( 'NONE', #2133, #2159, #1370 ) ;
#2124 = DIRECTION ( 'NONE',  ( 1.000000000000000000, 0.000000000000000000, 0.000000000000000000 ) ) ;
#2125 = DIRECTION ( 'NONE',  ( 0.000000000000000000, 0.000000000000000000, -1.000000000000000000 ) ) ;
#2126 = ORIENTED_EDGE ( 'NONE', *, *, #5233, .F. ) ;
#2127 = CIRCLE ( 'NONE', #1602, 1.000000000000000888 ) ;
#2128 = EDGE_CURVE ( 'NONE', #1452, #142, #2670, .T. ) ;
#2129 = CARTESIAN_POINT ( 'NONE',  ( 125.3948143801982837, 17.94201802533924095, -0.5000000000000000000 ) ) ;
#2130 = LINE ( 'NONE', #3397, #4598 ) ;
#2131 = DIRECTION ( 'NONE',  ( -1.000000000000000000, 0.000000000000000000, 0.000000000000000000 ) ) ;
#2132 = CARTESIAN_POINT ( 'NONE',  ( 87.78219903630919418, 3.925789013427738006, -4.979999999999967564 ) ) ;
#2133 = CARTESIAN_POINT ( 'NONE',  ( -9.217555655036655045E-15, -18.59745673555392287, -92.58679254334981579 ) ) ;
#2134 = DIRECTION ( 'NONE',  ( 1.000000000000000000, 0.000000000000000000, -0.000000000000000000 ) ) ;
#2135 = DIRECTION ( 'NONE',  ( -0.000000000000000000, 0.000000000000000000, 1.000000000000000000 ) ) ;
#2136 = VERTEX_POINT ( 'NONE', #1314 ) ;
#2137 = EDGE_CURVE ( 'NONE', #641, #3574, #3002, .T. ) ;
#2138 = LINE ( 'NONE', #2246, #676 ) ;
#2139 = VERTEX_POINT ( 'NONE', #4662 ) ;
#2140 = ORIENTED_EDGE ( 'NONE', *, *, #3406, .T. ) ;
#2141 = PLANE ( 'NONE',  #2886 ) ;
#2142 = VERTEX_POINT ( 'NONE', #3369 ) ;
#2143 = FACE_OUTER_BOUND ( 'NONE', #2968, .T. ) ;
#2144 = ORIENTED_EDGE ( 'NONE', *, *, #584, .T. ) ;
#2145 = CARTESIAN_POINT ( 'NONE',  ( 102.6545103346850993, 6.507352899259793766, -4.979999999999967564 ) ) ;
#2146 = CARTESIAN_POINT ( 'NONE',  ( 57.01262851142327293, 7.520981568449285781, 2.443715046593804008 ) ) ;
#2147 = ORIENTED_EDGE ( 'NONE', *, *, #3746, .F. ) ;
#2148 = EDGE_CURVE ( 'NONE', #2428, #1617, #958, .T. ) ;
#2149 = CARTESIAN_POINT ( 'NONE',  ( 56.51262851142327293, -1.238675182110261025E-16, -2.823415225557235786 ) ) ;
#2150 = ORIENTED_EDGE ( 'NONE', *, *, #2317, .T. ) ;
#2151 = CARTESIAN_POINT ( 'NONE',  ( 89.23072932620189590, 2.635640492090984832, -4.999999999999968026 ) ) ;
#2152 = CYLINDRICAL_SURFACE ( 'NONE', #2681, 2.500000000000002220 ) ;
#2153 = DIRECTION ( 'NONE',  ( 0.000000000000000000, -1.000000000000000000, 0.000000000000000000 ) ) ;
#2154 = EDGE_CURVE ( 'NONE', #3542, #3675, #5137, .T. ) ;
#2155 = FACE_BOUND ( 'NONE', #3747, .T. ) ;
#2156 = VECTOR ( 'NONE', #1173, 1000.000000000000114 ) ;
#2157 = DIRECTION ( 'NONE',  ( -1.000000000000000000, 0.000000000000000000, -0.000000000000000000 ) ) ;
#2158 = ADVANCED_FACE ( 'NONE', ( #3862 ), #5110, .T. ) ;
#2159 = DIRECTION ( 'NONE',  ( 4.956352788505149463E-16, 1.000000000000000000, 0.000000000000000000 ) ) ;
#2160 = CIRCLE ( 'NONE', #5393, 1.000000000000000888 ) ;
#2161 = CARTESIAN_POINT ( 'NONE',  ( 91.87992981812233495, 5.301013001641475597, -4.979999999999967564 ) ) ;
#2162 = ORIENTED_EDGE ( 'NONE', *, *, #2900, .T. ) ;
#2163 = LINE ( 'NONE', #4280, #582 ) ;
#2164 = CIRCLE ( 'NONE', #4158, 1.500000000000001332 ) ;
#2165 = ORIENTED_EDGE ( 'NONE', *, *, #3723, .F. ) ;
#2166 = CARTESIAN_POINT ( 'NONE',  ( 85.16492585232541046, 6.725643756828379338, -4.999999999999968026 ) ) ;
#2167 = EDGE_CURVE ( 'NONE', #240, #4403, #1367, .T. ) ;
#2168 = CYLINDRICAL_SURFACE ( 'NONE', #3219, 2.500000000000002220 ) ;
#2169 = AXIS2_PLACEMENT_3D ( 'NONE', #5291, #2395, #1056 ) ;
#2170 = AXIS2_PLACEMENT_3D ( 'NONE', #2325, #233, #1912 ) ;
#2171 = ORIENTED_EDGE ( 'NONE', *, *, #831, .T. ) ;
#2172 = CYLINDRICAL_SURFACE ( 'NONE', #4804, 1.000000000000000888 ) ;
#2173 = EDGE_LOOP ( 'NONE', ( #2213, #2990, #1130, #5394 ) ) ;
#2174 = CIRCLE ( 'NONE', #5053, 1.000000000000000888 ) ;
#2175 = CARTESIAN_POINT ( 'NONE',  ( 124.3026285114232650, -11.97471057676247064, -0.5000000000000000000 ) ) ;
#2176 = ORIENTED_EDGE ( 'NONE', *, *, #1497, .F. ) ;
#2177 = CIRCLE ( 'NONE', #1398, 0.7500000000000006661 ) ;
#2178 = ORIENTED_EDGE ( 'NONE', *, *, #1762, .T. ) ;
#2179 = VECTOR ( 'NONE', #4018, 1000.000000000000000 ) ;
#2180 = DIRECTION ( 'NONE',  ( 1.000000000000000000, 0.000000000000000000, 0.000000000000000000 ) ) ;
#2181 = CARTESIAN_POINT ( 'NONE',  ( 67.73262851142325758, -17.05471057676229307, -0.5000000000000000000 ) ) ;
#2182 = LINE ( 'NONE', #2268, #5276 ) ;
#2183 = AXIS2_PLACEMENT_3D ( 'NONE', #4460, #2773, #1901 ) ;
#2184 = FACE_BOUND ( 'NONE', #2554, .T. ) ;
#2185 = DIRECTION ( 'NONE',  ( -0.7071067811864089059, 0.7071067811866861286, 0.000000000000000000 ) ) ;
#2186 = CARTESIAN_POINT ( 'NONE',  ( 122.8526420791192919, -17.07599448707703260, -1.250000000000002220 ) ) ;
#2187 = CARTESIAN_POINT ( 'NONE',  ( 0.000000000000000000, 5.765880612215132039, -4.979999999999967564 ) ) ;
#2188 = ORIENTED_EDGE ( 'NONE', *, *, #5024, .F. ) ;
#2189 = DIRECTION ( 'NONE',  ( 0.000000000000000000, 0.000000000000000000, -1.000000000000000000 ) ) ;
#2190 = CARTESIAN_POINT ( 'NONE',  ( 82.88840377987538943, 7.251986597513859323, -4.979999999999967564 ) ) ;
#2191 = DIRECTION ( 'NONE',  ( -1.000000000000000000, 0.000000000000000000, 0.000000000000000000 ) ) ;
#2192 = EDGE_CURVE ( 'NONE', #219, #269, #900, .T. ) ;
#2193 = DIRECTION ( 'NONE',  ( -0.000000000000000000, -0.000000000000000000, -1.000000000000000000 ) ) ;
#2194 = ORIENTED_EDGE ( 'NONE', *, *, #4487, .T. ) ;
#2195 = EDGE_CURVE ( 'NONE', #3464, #2096, #3398, .T. ) ;
#2196 = CARTESIAN_POINT ( 'NONE',  ( 94.25586136148901062, 5.193790713900933831, -4.999999999999965361 ) ) ;
#2197 = DIRECTION ( 'NONE',  ( 0.000000000000000000, -1.000000000000000000, 0.000000000000000000 ) ) ;
#2198 = ORIENTED_EDGE ( 'NONE', *, *, #2748, .F. ) ;
#2199 = ORIENTED_EDGE ( 'NONE', *, *, #2742, .T. ) ;
#2200 = CARTESIAN_POINT ( 'NONE',  ( 120.9489124260427815, 31.95291971996321578, -0.5000000000000000000 ) ) ;
#2201 = ORIENTED_EDGE ( 'NONE', *, *, #3495, .T. ) ;
#2202 = CYLINDRICAL_SURFACE ( 'NONE', #872, 1.000000000000000888 ) ;
#2203 = ORIENTED_EDGE ( 'NONE', *, *, #4224, .T. ) ;
#2204 = CARTESIAN_POINT ( 'NONE',  ( 90.86579377901445298, 7.081240141777706221, -4.979999999999967564 ) ) ;
#2205 = VECTOR ( 'NONE', #4298, 1000.000000000000000 ) ;
#2206 = PLANE ( 'NONE',  #3912 ) ;
#2207 = ADVANCED_FACE ( 'NONE', ( #4724 ), #3485, .T. ) ;
#2208 = FACE_OUTER_BOUND ( 'NONE', #1938, .T. ) ;
#2209 = DIRECTION ( 'NONE',  ( 0.000000000000000000, 0.000000000000000000, 1.000000000000000000 ) ) ;
#2210 = CIRCLE ( 'NONE', #3690, 0.5500000000000088152 ) ;
#2211 = DIRECTION ( 'NONE',  ( -0.000000000000000000, -0.000000000000000000, -1.000000000000000000 ) ) ;
#2212 = DIRECTION ( 'NONE',  ( 0.000000000000000000, -1.000000000000000000, 0.000000000000000000 ) ) ;
#2213 = ORIENTED_EDGE ( 'NONE', *, *, #483, .F. ) ;
#2214 = DIRECTION ( 'NONE',  ( 1.000000000000000000, -0.000000000000000000, 0.000000000000000000 ) ) ;
#2215 = CARTESIAN_POINT ( 'NONE',  ( 82.96180775156702225, 7.836802079403055288, -4.979999999999967564 ) ) ;
#2216 = DIRECTION ( 'NONE',  ( 0.000000000000000000, -1.000000000000000000, 0.000000000000000000 ) ) ;
#2217 = CARTESIAN_POINT ( 'NONE',  ( 90.18202988411007937, 8.183676927377259602, -4.999999999999968026 ) ) ;
#2218 = ADVANCED_FACE ( 'NONE', ( #2560 ), #3027, .T. ) ;
#2219 = CARTESIAN_POINT ( 'NONE',  ( 74.00262851142325360, 28.96922144573818159, -92.58679254334981579 ) ) ;
#2220 = EDGE_CURVE ( 'NONE', #2850, #3936, #250, .T. ) ;
#2221 = CARTESIAN_POINT ( 'NONE',  ( 95.97766059993544729, 3.925789013427541718, -4.979999999999967564 ) ) ;
#2222 = ORIENTED_EDGE ( 'NONE', *, *, #630, .T. ) ;
#2223 = EDGE_CURVE ( 'NONE', #629, #240, #1132, .T. ) ;
#2224 = DIRECTION ( 'NONE',  ( 0.000000000000000000, 0.000000000000000000, -1.000000000000000000 ) ) ;
#2225 = VERTEX_POINT ( 'NONE', #2789 ) ;
#2226 = CARTESIAN_POINT ( 'NONE',  ( 94.52913030724283772, 11.52683979242192436, -4.979999999999967564 ) ) ;
#2227 = EDGE_CURVE ( 'NONE', #1082, #2865, #4449, .T. ) ;
#2228 = ORIENTED_EDGE ( 'NONE', *, *, #4462, .T. ) ;
#2229 = CARTESIAN_POINT ( 'NONE',  ( 70.73262851142325758, -17.05471057676229307, -0.5000000000000000000 ) ) ;
#2230 = ORIENTED_EDGE ( 'NONE', *, *, #1532, .F. ) ;
#2231 = CYLINDRICAL_SURFACE ( 'NONE', #2883, 3.000000000000002665 ) ;
#2232 = CARTESIAN_POINT ( 'NONE',  ( 118.8026420791192521, 29.74581418685401957, -3.999999999999968026 ) ) ;
#2233 = EDGE_CURVE ( 'NONE', #3384, #1933, #1572, .T. ) ;
#2234 = FACE_OUTER_BOUND ( 'NONE', #3596, .T. ) ;
#2235 = FACE_OUTER_BOUND ( 'NONE', #4106, .T. ) ;
#2236 = ADVANCED_FACE ( 'NONE', ( #5257 ), #4418, .T. ) ;
#2237 = DIRECTION ( 'NONE',  ( -0.000000000000000000, -0.000000000000000000, 1.000000000000000000 ) ) ;
#2238 = CARTESIAN_POINT ( 'NONE',  ( 98.86175350386176319, 0.000000000000000000, -4.999999999999968026 ) ) ;
#2239 = LINE ( 'NONE', #4394, #2864 ) ;
#2240 = VERTEX_POINT ( 'NONE', #3625 ) ;
#2241 = FACE_OUTER_BOUND ( 'NONE', #3262, .T. ) ;
#2242 = CARTESIAN_POINT ( 'NONE',  ( 85.71024379530909698, 10.39564195015911174, -4.979999999999967564 ) ) ;
#2243 = CARTESIAN_POINT ( 'NONE',  ( 94.52913030986100296, 2.635640492136963164, -4.999999999999966249 ) ) ;
#2244 = AXIS2_PLACEMENT_3D ( 'NONE', #1605, #1198, #3263 ) ;
#2245 = CARTESIAN_POINT ( 'NONE',  ( 82.90302429373831217, 7.460141484757859764, -4.999999999999968026 ) ) ;
#2246 = CARTESIAN_POINT ( 'NONE',  ( 120.8189613151935475, -16.23361664335681809, 6.376302864721290042 ) ) ;
#2247 = EDGE_LOOP ( 'NONE', ( #930, #4742, #1563, #1006, #3332, #944, #175, #3632, #4646, #4861, #5207, #4376, #4266, #274, #297, #3662 ) ) ;
#2248 = AXIS2_PLACEMENT_3D ( 'NONE', #2544, #466, #2984 ) ;
#2249 = CARTESIAN_POINT ( 'NONE',  ( 100.2801324456351892, 5.185004458477001421, -4.979999999999967564 ) ) ;
#2250 = EDGE_CURVE ( 'NONE', #3901, #5375, #4606, .T. ) ;
#2251 = CARTESIAN_POINT ( 'NONE',  ( 57.01262851142327293, 0.000000000000000000, 0.000000000000000000 ) ) ;
#2252 = CIRCLE ( 'NONE', #1135, 1.500000000000001332 ) ;
#2253 = ORIENTED_EDGE ( 'NONE', *, *, #4098, .T. ) ;
#2254 = CARTESIAN_POINT ( 'NONE',  ( 74.00262851142325360, 28.96922144573818159, -0.5000000000000000000 ) ) ;
#2255 = ORIENTED_EDGE ( 'NONE', *, *, #3351, .T. ) ;
#2256 = CARTESIAN_POINT ( 'NONE',  ( 98.94611460910648759, 12.04706284191918542, -4.979999999999967564 ) ) ;
#2257 = AXIS2_PLACEMENT_3D ( 'NONE', #4877, #2016, #3670 ) ;
#2258 = ORIENTED_EDGE ( 'NONE', *, *, #4397, .F. ) ;
#2259 = LINE ( 'NONE', #5128, #2964 ) ;
#2260 = FACE_OUTER_BOUND ( 'NONE', #3975, .T. ) ;
#2261 = CARTESIAN_POINT ( 'NONE',  ( 121.4033278622236907, 20.07284437153507994, -0.5000000000000000000 ) ) ;
#2262 = ORIENTED_EDGE ( 'NONE', *, *, #5114, .T. ) ;
#2263 = LINE ( 'NONE', #4684, #4356 ) ;
#2264 = FACE_BOUND ( 'NONE', #372, .T. ) ;
#2265 = VECTOR ( 'NONE', #4370, 1000.000000000000114 ) ;
#2266 = CIRCLE ( 'NONE', #506, 2.500000000000002220 ) ;
#2267 = ADVANCED_FACE ( 'NONE', ( #3572 ), #4032, .F. ) ;
#2268 = CARTESIAN_POINT ( 'NONE',  ( 124.3026285114233218, 15.96528942323700839, 2.000000000000000000 ) ) ;
#2269 = LINE ( 'NONE', #3569, #375 ) ;
#2270 = CIRCLE ( 'NONE', #5329, 1.000000000000000888 ) ;
#2271 = CIRCLE ( 'NONE', #867, 2.000000000000001776 ) ;
#2272 = CARTESIAN_POINT ( 'NONE',  ( 120.2418043967811059, 31.24581418685400180, -2.999999999999975131 ) ) ;
#2273 = DIRECTION ( 'NONE',  ( 1.000000000000000000, -0.000000000000000000, 0.000000000000000000 ) ) ;
#2274 = CARTESIAN_POINT ( 'NONE',  ( 100.8725206048905250, 7.021124127844700524, -4.999999999999968026 ) ) ;
#2275 = VECTOR ( 'NONE', #347, 1000.000000000000000 ) ;
#2276 = ORIENTED_EDGE ( 'NONE', *, *, #5296, .F. ) ;
#2277 = EDGE_CURVE ( 'NONE', #3742, #1482, #4160, .T. ) ;
#2278 = CARTESIAN_POINT ( 'NONE',  ( 101.7364661443892828, 4.125901618700900997, -4.999999999999968026 ) ) ;
#2279 = ORIENTED_EDGE ( 'NONE', *, *, #2250, .T. ) ;
#2280 = FACE_OUTER_BOUND ( 'NONE', #2348, .T. ) ;
#2281 = CARTESIAN_POINT ( 'NONE',  ( 94.25586136148895378, 8.968689569654122451, -4.979999999999967564 ) ) ;
#2282 = VERTEX_POINT ( 'NONE', #4007 ) ;
#2283 = CARTESIAN_POINT ( 'NONE',  ( 100.6241445491864539, 5.796477525214777771, -4.999999999999965361 ) ) ;
#2284 = CARTESIAN_POINT ( 'NONE',  ( 122.8026285114233218, 15.96528942323700839, -0.5000000000000000000 ) ) ;
#2285 = ORIENTED_EDGE ( 'NONE', *, *, #23, .F. ) ;
#2286 = CARTESIAN_POINT ( 'NONE',  ( 82.90302429373831217, 6.702338798797476294, -4.979999999999967564 ) ) ;
#2287 = EDGE_LOOP ( 'NONE', ( #1886, #308, #3530, #3419 ) ) ;
#2288 = CARTESIAN_POINT ( 'NONE',  ( 96.79345965067956570, 12.23508241902176685, -4.999999999999966249 ) ) ;
#2289 = VERTEX_POINT ( 'NONE', #2359 ) ;
#2290 = DIRECTION ( 'NONE',  ( 1.000000000000000000, 0.000000000000000000, 0.000000000000000000 ) ) ;
#2291 = CARTESIAN_POINT ( 'NONE',  ( 75.00262851142325360, 31.24581418685401601, -92.58679254334981579 ) ) ;
#2292 = PLANE ( 'NONE',  #1388 ) ;
#2293 = PLANE ( 'NONE',  #3314 ) ;
#2294 = FACE_OUTER_BOUND ( 'NONE', #5341, .T. ) ;
#2295 = EDGE_CURVE ( 'NONE', #708, #1515, #5045, .T. ) ;
#2296 = DIRECTION ( 'NONE',  ( -1.000000000000000000, 0.000000000000000000, -0.000000000000000000 ) ) ;
#2297 = VERTEX_POINT ( 'NONE', #5284 ) ;
#2298 = DIRECTION ( 'NONE',  ( -1.000000000000000000, 0.000000000000000000, 0.000000000000000000 ) ) ;
#2299 = EDGE_CURVE ( 'NONE', #3464, #1990, #1047, .T. ) ;
#2300 = VECTOR ( 'NONE', #4605, 1000.000000000000000 ) ;
#2301 = CARTESIAN_POINT ( 'NONE',  ( 120.8026420791192521, -17.09745673555396550, -92.58679254334981579 ) ) ;
#2302 = DIRECTION ( 'NONE',  ( -0.000000000000000000, -0.000000000000000000, 1.000000000000000000 ) ) ;
#2303 = ORIENTED_EDGE ( 'NONE', *, *, #3183, .F. ) ;
#2304 = PLANE ( 'NONE',  #4332 ) ;
#2305 = EDGE_CURVE ( 'NONE', #5400, #3656, #3197, .T. ) ;
#2306 = ORIENTED_EDGE ( 'NONE', *, *, #4223, .T. ) ;
#2307 = VECTOR ( 'NONE', #3168, 1000.000000000000000 ) ;
#2308 = CARTESIAN_POINT ( 'NONE',  ( 118.8026420791192521, -15.59745673555395484, 2.000000000000000000 ) ) ;
#2309 = ORIENTED_EDGE ( 'NONE', *, *, #868, .F. ) ;
#2310 = CARTESIAN_POINT ( 'NONE',  ( 57.51262851142327293, -18.64745673555394845, -4.999999999999962697 ) ) ;
#2311 = FACE_OUTER_BOUND ( 'NONE', #5338, .T. ) ;
#2312 = B_SPLINE_SURFACE_WITH_KNOTS ( 'NONE', 3, 1, ( 
 ( #3669, #1269 ),
 ( #1600, #3259 ),
 ( #4930, #3374 ),
 ( #4730, #3432 ),
 ( #2190, #5087 ),
 ( #4275, #546 ),
 ( #2215, #4249 ),
 ( #144, #88 ),
 ( #1402, #966 ),
 ( #1753, #2650 ),
 ( #4304, #933 ),
 ( #572, #2980 ),
 ( #2242, #1808 ),
 ( #1346, #5057 ),
 ( #3896, #519 ),
 ( #171, #3008 ),
 ( #3402, #1840 ),
 ( #116, #2590 ),
 ( #3867, #3489 ),
 ( #4761, #1022 ),
 ( #3459, #3842 ),
 ( #1781, #4196 ) ),
 .UNSPECIFIED., .F., .F., .F.,
 ( 4, 1, 1, 1, 1, 1, 1, 1, 1, 1, 1, 1, 1, 1, 1, 1, 1, 1, 1, 4 ),
 ( 2, 2 ),
 ( 0.03472248487134121930, 0.03552176638426018940, 0.03605462072620635450, 0.04982159774341232694, 0.06492071061548343458, 0.09511893635962564986, 0.1555153878479100804, 0.2159118393361945110, 0.2763082908244789415, 0.3367047423127633721, 0.3971011938010478026, 0.4574976452893322332, 0.5178940967776166637, 0.5782905482659010943, 0.6386869997541855248, 0.6990834512424699554, 0.7594799027307543859, 0.8198763542190388165, 0.8802728057073232470, 1.001065708683892108 ),
 ( 0.000000000000000000, 1.000000000000000000 ),
 .UNSPECIFIED. ) ;
#2313 = AXIS2_PLACEMENT_3D ( 'NONE', #3908, #2605, #181 ) ;
#2314 = DIRECTION ( 'NONE',  ( -0.000000000000000000, -0.000000000000000000, -1.000000000000000000 ) ) ;
#2315 = CARTESIAN_POINT ( 'NONE',  ( 59.76262851142323740, 30.24581418685401246, -92.58679254334981579 ) ) ;
#2316 = PLANE ( 'NONE',  #4336 ) ;
#2317 = EDGE_CURVE ( 'NONE', #1804, #5400, #1478, .T. ) ;
#2318 = ADVANCED_FACE ( 'NONE', ( #5194 ), #4812, .F. ) ;
#2319 = ORIENTED_EDGE ( 'NONE', *, *, #3141, .F. ) ;
#2320 = DIRECTION ( 'NONE',  ( 0.2576626505603388795, 0.000000000000000000, 0.9662349396012445135 ) ) ;
#2321 = LINE ( 'NONE', #1907, #4120 ) ;
#2322 = ORIENTED_EDGE ( 'NONE', *, *, #699, .F. ) ;
#2323 = DIRECTION ( 'NONE',  ( -1.000000000000000000, 0.000000000000000000, 0.000000000000000000 ) ) ;
#2324 = EDGE_CURVE ( 'NONE', #1824, #3776, #1888, .T. ) ;
#2325 = CARTESIAN_POINT ( 'NONE',  ( 122.0526420791192805, 31.90984821451102604, -0.5000000000000000000 ) ) ;
#2326 = CARTESIAN_POINT ( 'NONE',  ( 102.6545103343471226, 7.655127390084427219, -4.999999999999968026 ) ) ;
#2327 = CARTESIAN_POINT ( 'NONE',  ( 83.04167090536151363, 3.042729562605957838, -4.979999999999967564 ) ) ;
#2328 = CARTESIAN_POINT ( 'NONE',  ( 123.8448143801982440, 11.96551188536371768, -0.5000000000000000000 ) ) ;
#2329 = ORIENTED_EDGE ( 'NONE', *, *, #3209, .T. ) ;
#2330 = CYLINDRICAL_SURFACE ( 'NONE', #1254, 1.000000000000000888 ) ;
#2331 = EDGE_CURVE ( 'NONE', #424, #2433, #1663, .T. ) ;
#2332 = CARTESIAN_POINT ( 'NONE',  ( 61.76262851142324450, -16.09745673555395484, -2.999999999999968026 ) ) ;
#2333 = ORIENTED_EDGE ( 'NONE', *, *, #657, .F. ) ;
#2334 = CARTESIAN_POINT ( 'NONE',  ( 100.7980518846776050, 6.325678204152121786, -4.999999999999968026 ) ) ;
#2335 = VERTEX_POINT ( 'NONE', #2101 ) ;
#2336 = CARTESIAN_POINT ( 'NONE',  ( 101.2643289110483806, 3.560532923941400973, -4.999999999999968026 ) ) ;
#2337 = ORIENTED_EDGE ( 'NONE', *, *, #483, .T. ) ;
#2338 = CARTESIAN_POINT ( 'NONE',  ( 91.34005445200837414, 4.557222913812948306, -4.979999999999967564 ) ) ;
#2339 = CARTESIAN_POINT ( 'NONE',  ( 69.95368511499633257, 26.53114188592600087, -4.999999999999968026 ) ) ;
#2340 = CARTESIAN_POINT ( 'NONE',  ( 61.76262851142323740, 30.24581418685401246, -92.58679254334981579 ) ) ;
#2341 = EDGE_CURVE ( 'NONE', #3901, #92, #3751, .T. ) ;
#2342 = ORIENTED_EDGE ( 'NONE', *, *, #1986, .T. ) ;
#2343 = FACE_OUTER_BOUND ( 'NONE', #399, .T. ) ;
#2344 = CARTESIAN_POINT ( 'NONE',  ( 66.73285692220611054, -17.09745673555395484, -92.58679254334981579 ) ) ;
#2345 = ORIENTED_EDGE ( 'NONE', *, *, #4211, .F. ) ;
#2346 = CARTESIAN_POINT ( 'NONE',  ( 90.18202988411005094, 5.978803356177981421, -4.979999999999967564 ) ) ;
#2347 = AXIS2_PLACEMENT_3D ( 'NONE', #3065, #4734, #996 ) ;
#2348 = EDGE_LOOP ( 'NONE', ( #3833, #4416, #1750, #391 ) ) ;
#2349 = ADVANCED_FACE ( 'NONE', ( #22 ), #2409, .F. ) ;
#2350 = CARTESIAN_POINT ( 'NONE',  ( 102.6717188290364078, 7.081240144677177994, -4.979999999999967564 ) ) ;
#2351 = FACE_OUTER_BOUND ( 'NONE', #4593, .T. ) ;
#2352 = AXIS2_PLACEMENT_3D ( 'NONE', #2004, #4557, #845 ) ;
#2353 = DIRECTION ( 'NONE',  ( 1.000000000000000000, 0.000000000000000000, 0.000000000000000000 ) ) ;
#2354 = CARTESIAN_POINT ( 'NONE',  ( 67.73285692220611054, -17.09745673555395484, -2.999999999999975131 ) ) ;
#2355 = CARTESIAN_POINT ( 'NONE',  ( 82.02339349172356719, 4.125901618896371303, -4.979999999999967564 ) ) ;
#2356 = VECTOR ( 'NONE', #2624, 1000.000000000000114 ) ;
#2357 = DIRECTION ( 'NONE',  ( -1.000000000000000000, 0.000000000000000000, 0.000000000000000000 ) ) ;
#2358 = DIRECTION ( 'NONE',  ( -0.000000000000000000, -0.000000000000000000, -1.000000000000000000 ) ) ;
#2359 = CARTESIAN_POINT ( 'NONE',  ( 81.18710827339830871, -18.09745673555395840, -2.999999999999968026 ) ) ;
#2360 = AXIS2_PLACEMENT_3D ( 'NONE', #4089, #361, #1669 ) ;
#2361 = VECTOR ( 'NONE', #1570, 1000.000000000000114 ) ;
#2362 = DIRECTION ( 'NONE',  ( -1.000000000000000000, 0.000000000000000000, 0.000000000000000000 ) ) ;
#2363 = ORIENTED_EDGE ( 'NONE', *, *, #1236, .T. ) ;
#2364 = CARTESIAN_POINT ( 'NONE',  ( 98.04961584093557292, 3.766838333396037797, -4.999999999999968026 ) ) ;
#2365 = VERTEX_POINT ( 'NONE', #535 ) ;
#2366 = AXIS2_PLACEMENT_3D ( 'NONE', #4450, #4391, #2362 ) ;
#2367 = CARTESIAN_POINT ( 'NONE',  ( 117.0144144982132843, -12.36866160237078915, -4.999999999999968026 ) ) ;
#2368 = B_SPLINE_CURVE_WITH_KNOTS ( 'NONE', 3,
 ( #5172, #548, #5202, #3461, #1431, #2245, #3898, #172, #4733, #1349, #993, #1024, #4763, #1057, #3404, #4278, #3434, #5143, #634, #2217, #1455, #3815 ),
 .UNSPECIFIED., .F., .F.,
 ( 4, 1, 1, 1, 1, 1, 1, 1, 1, 1, 1, 1, 1, 1, 1, 1, 1, 1, 1, 4 ),
 ( 0.03472248487134121930, 0.03552176638426018940, 0.03605462072620635450, 0.04982159774341232694, 0.06492071061548343458, 0.09511893635962564986, 0.1555153878479100804, 0.2159118393361945110, 0.2763082908244789415, 0.3367047423127633721, 0.3971011938010478026, 0.4574976452893322332, 0.5178940967776166637, 0.5782905482659010943, 0.6386869997541855248, 0.6990834512424699554, 0.7594799027307543859, 0.8198763542190388165, 0.8802728057073232470, 1.001065708683892108 ),
 .UNSPECIFIED. ) ;
#2369 = ORIENTED_EDGE ( 'NONE', *, *, #340, .F. ) ;
#2370 = PLANE ( 'NONE',  #4791 ) ;
#2371 = DIRECTION ( 'NONE',  ( -1.000000000000000000, 0.000000000000000000, 0.000000000000000000 ) ) ;
#2372 = CIRCLE ( 'NONE', #702, 1.000000000000000888 ) ;
#2373 = AXIS2_PLACEMENT_3D ( 'NONE', #4282, #1000, #2986 ) ;
#2374 = LINE ( 'NONE', #4457, #766 ) ;
#2375 = EDGE_CURVE ( 'NONE', #142, #5302, #1235, .T. ) ;
#2376 = CARTESIAN_POINT ( 'NONE',  ( 59.76262851142323740, 29.74581418685402667, -2.999999999999968026 ) ) ;
#2377 = CYLINDRICAL_SURFACE ( 'NONE', #418, 1.000000000000000888 ) ;
#2378 = ADVANCED_FACE ( 'NONE', ( #72 ), #2636, .F. ) ;
#2379 = ORIENTED_EDGE ( 'NONE', *, *, #259, .F. ) ;
#2380 = CARTESIAN_POINT ( 'NONE',  ( 83.47972719060946645, 5.185004458477161293, -4.979999999999967564 ) ) ;
#2381 = EDGE_LOOP ( 'NONE', ( #4893, #2775, #2698, #4228 ) ) ;
#2382 = EDGE_CURVE ( 'NONE', #4182, #2428, #1935, .T. ) ;
#2383 = ORIENTED_EDGE ( 'NONE', *, *, #1409, .F. ) ;
#2384 = CARTESIAN_POINT ( 'NONE',  ( 69.95368511499633257, -12.36866160237078915, -2.999999999999968026 ) ) ;
#2385 = DIRECTION ( 'NONE',  ( 0.000000000000000000, -1.000000000000000000, 0.000000000000000000 ) ) ;
#2386 = CARTESIAN_POINT ( 'NONE',  ( 86.96639998232433300, 1.927397866900574241, -4.979999999999967564 ) ) ;
#2387 = DIRECTION ( 'NONE',  ( 0.000000000000000000, 0.000000000000000000, -1.000000000000000000 ) ) ;
#2388 = SURFACE_STYLE_FILL_AREA ( #2429 ) ;
#2389 = DIRECTION ( 'NONE',  ( -1.000000000000000000, 0.000000000000000000, 0.000000000000000000 ) ) ;
#2390 = CARTESIAN_POINT ( 'NONE',  ( 57.51262851142327293, -18.64745673555394845, -0.5000000000000004441 ) ) ;
#2391 = VERTEX_POINT ( 'NONE', #1794 ) ;
#2392 = CARTESIAN_POINT ( 'NONE',  ( 91.34005445200837414, 4.557222913812948306, -4.999999999999968026 ) ) ;
#2393 = CIRCLE ( 'NONE', #25, 1.000000000000000888 ) ;
#2394 = ORIENTED_EDGE ( 'NONE', *, *, #4666, .T. ) ;
#2395 = DIRECTION ( 'NONE',  ( 0.000000000000000000, 0.000000000000000000, -1.000000000000000000 ) ) ;
#2396 = CARTESIAN_POINT ( 'NONE',  ( 98.86175350386176319, 7.740963044856599140, -4.999999999999968026 ) ) ;
#2397 = DIRECTION ( 'NONE',  ( 0.1821950549163484923, -0.1821949600230696187, -0.9662349396012446245 ) ) ;
#2398 = CIRCLE ( 'NONE', #816, 1.300000000000009592 ) ;
#2399 = LINE ( 'NONE', #4045, #1152 ) ;
#2400 = CONICAL_SURFACE ( 'NONE', #1871, 0.7500000000000006661, 0.2606023917473438423 ) ;
#2401 = DIRECTION ( 'NONE',  ( 1.000000000000000000, 0.000000000000000000, 0.000000000000000000 ) ) ;
#2402 = VERTEX_POINT ( 'NONE', #1384 ) ;
#2403 = VECTOR ( 'NONE', #462, 1000.000000000000000 ) ;
#2404 = CARTESIAN_POINT ( 'NONE',  ( 81.23558078955629469, 5.769800556859148166, -4.979999999999967564 ) ) ;
#2405 = ADVANCED_FACE ( 'NONE', ( #3022 ), #103, .T. ) ;
#2406 = DIRECTION ( 'NONE',  ( 0.000000000000000000, -1.000000000000000000, -8.021991610562322215E-17 ) ) ;
#2407 = ORIENTED_EDGE ( 'NONE', *, *, #5217, .T. ) ;
#2408 = DIRECTION ( 'NONE',  ( 0.000000000000000000, 0.000000000000000000, -1.000000000000000000 ) ) ;
#2409 = PLANE ( 'NONE',  #2615 ) ;
#2410 = CARTESIAN_POINT ( 'NONE',  ( 58.26262851142323740, 29.74581418685402667, -4.999999999999968026 ) ) ;
#2411 = ORIENTED_EDGE ( 'NONE', *, *, #1149, .F. ) ;
#2412 = ORIENTED_EDGE ( 'NONE', *, *, #4970, .T. ) ;
#2413 = CARTESIAN_POINT ( 'NONE',  ( 122.7597501083809561, 32.61695374762024358, -92.58679254334981579 ) ) ;
#2414 = CARTESIAN_POINT ( 'NONE',  ( 82.88837248373860689, 7.081240141777757735, -4.999999999999967137 ) ) ;
#2415 = ORIENTED_EDGE ( 'NONE', *, *, #2154, .F. ) ;
#2416 = DIRECTION ( 'NONE',  ( -0.000000000000000000, -0.000000000000000000, 1.000000000000000000 ) ) ;
#2417 = DIRECTION ( 'NONE',  ( -0.000000000000000000, -0.000000000000000000, -1.000000000000000000 ) ) ;
#2418 = ORIENTED_EDGE ( 'NONE', *, *, #421, .T. ) ;
#2419 = DIRECTION ( 'NONE',  ( -0.000000000000000000, -0.000000000000000000, 1.000000000000000000 ) ) ;
#2420 = VERTEX_POINT ( 'NONE', #4234 ) ;
#2421 = CARTESIAN_POINT ( 'NONE',  ( 116.3026420791192521, 29.74581418685401957, -3.999999999999968026 ) ) ;
#2422 = VERTEX_POINT ( 'NONE', #560 ) ;
#2423 = DIRECTION ( 'NONE',  ( 1.000000000000000000, 0.000000000000000000, 0.000000000000000000 ) ) ;
#2424 = VERTEX_POINT ( 'NONE', #473 ) ;
#2425 = CARTESIAN_POINT ( 'NONE',  ( 88.56626430654240778, 2.314810671435642231, -4.979999999999967564 ) ) ;
#2426 = CARTESIAN_POINT ( 'NONE',  ( 70.73262851142325758, -17.05471057676229307, 2.000000000000000000 ) ) ;
#2427 = CIRCLE ( 'NONE', #770, 0.7999999999999951594 ) ;
#2428 = VERTEX_POINT ( 'NONE', #501 ) ;
#2429 = FILL_AREA_STYLE ('',( #1615 ) ) ;
#2430 = DIRECTION ( 'NONE',  ( -5.634916437861263896E-16, -1.000000000000000000, 0.000000000000000000 ) ) ;
#2431 = EDGE_CURVE ( 'NONE', #677, #67, #3576, .T. ) ;
#2432 = CARTESIAN_POINT ( 'NONE',  ( 82.88832325016488767, 7.084149243936463058, -4.979999999999967564 ) ) ;
#2433 = VERTEX_POINT ( 'NONE', #1331 ) ;
#2434 = AXIS2_PLACEMENT_3D ( 'NONE', #574, #1841, #2191 ) ;
#2435 = EDGE_CURVE ( 'NONE', #3111, #4030, #2266, .T. ) ;
#2436 = CARTESIAN_POINT ( 'NONE',  ( 74.18710827339810976, -12.16866160237067085, -2.999999999999968026 ) ) ;
#2437 = AXIS2_PLACEMENT_3D ( 'NONE', #660, #3151, #2008 ) ;
#2438 = DIRECTION ( 'NONE',  ( 0.000000000000000000, -1.000000000000000000, 0.000000000000000000 ) ) ;
#2439 = CARTESIAN_POINT ( 'NONE',  ( 81.08557224959578491, 7.271520675254553367, -4.979999999999967564 ) ) ;
#2440 = CARTESIAN_POINT ( 'NONE',  ( 59.76262851142322319, -2.684444993235535980E-14, -0.5000000000000000000 ) ) ;
#2441 = EDGE_CURVE ( 'NONE', #1033, #3514, #5042, .T. ) ;
#2442 = CARTESIAN_POINT ( 'NONE',  ( 96.61823225319521669, 10.39515845149673723, -4.999999999999968026 ) ) ;
#2443 = AXIS2_PLACEMENT_3D ( 'NONE', #146, #3118, #5089 ) ;
#2444 = ORIENTED_EDGE ( 'NONE', *, *, #921, .F. ) ;
#2445 = EDGE_CURVE ( 'NONE', #424, #2954, #133, .T. ) ;
#2446 = CARTESIAN_POINT ( 'NONE',  ( 86.12468899693865865, 0.000000000000000000, -4.979999999999967564 ) ) ;
#2447 = DIRECTION ( 'NONE',  ( -0.000000000000000000, -0.000000000000000000, -1.000000000000000000 ) ) ;
#2448 = CARTESIAN_POINT ( 'NONE',  ( 99.95344118448183224, 2.537988583231631345, -4.979999999999967564 ) ) ;
#2449 = VECTOR ( 'NONE', #2917, 1000.000000000000000 ) ;
#2450 = ORIENTED_EDGE ( 'NONE', *, *, #1734, .T. ) ;
#2451 = ADVANCED_FACE ( 'NONE', ( #3476 ), #4184, .T. ) ;
#2452 = CARTESIAN_POINT ( 'NONE',  ( 66.74544513803135715, -12.36866160237078915, -4.999999999999968026 ) ) ;
#2453 = ORIENTED_EDGE ( 'NONE', *, *, #2994, .T. ) ;
#2454 = AXIS2_PLACEMENT_3D ( 'NONE', #2578, #2637, #1417 ) ;
#2455 = VERTEX_POINT ( 'NONE', #3774 ) ;
#2456 = ORIENTED_EDGE ( 'NONE', *, *, #3659, .F. ) ;
#2457 = DIRECTION ( 'NONE',  ( -1.000000000000000000, 0.000000000000000000, 0.000000000000000000 ) ) ;
#2458 = CARTESIAN_POINT ( 'NONE',  ( 86.96639998564486973, 12.23508241912022676, -4.979999999999967564 ) ) ;
#2459 = EDGE_LOOP ( 'NONE', ( #4810, #2519, #5040, #3094 ) ) ;
#2460 = CARTESIAN_POINT ( 'NONE',  ( 94.25586136148895378, 8.968689569654122451, -4.999999999999968026 ) ) ;
#2461 = EDGE_CURVE ( 'NONE', #1439, #765, #3363, .T. ) ;
#2462 = DIRECTION ( 'NONE',  ( -1.000000000000000000, 0.000000000000000000, -0.000000000000000000 ) ) ;
#2463 = DIRECTION ( 'NONE',  ( -1.708433511448726678E-16, -1.000000000000000000, 0.000000000000000000 ) ) ;
#2464 = EDGE_CURVE ( 'NONE', #708, #4013, #1074, .T. ) ;
#2465 = CARTESIAN_POINT ( 'NONE',  ( 86.12468899693865865, 0.000000000000000000, -4.999999999999968026 ) ) ;
#2466 = CARTESIAN_POINT ( 'NONE',  ( 122.8526420791192777, -18.89745673555394134, -4.999999999999968026 ) ) ;
#2467 = DIRECTION ( 'NONE',  ( 0.000000000000000000, -1.000000000000000000, -1.316145607168839545E-16 ) ) ;
#2468 = DIRECTION ( 'NONE',  ( 0.2562075866267587432, 0.1061246571636880881, -0.9607784498503189052 ) ) ;
#2469 = EDGE_CURVE ( 'NONE', #4621, #5127, #3132, .T. ) ;
#2470 = DIRECTION ( 'NONE',  ( 0.000000000000000000, 0.000000000000000000, -1.000000000000000000 ) ) ;
#2471 = VERTEX_POINT ( 'NONE', #4354 ) ;
#2472 = ADVANCED_FACE ( 'NONE', ( #1970 ), #2292, .T. ) ;
#2473 = CYLINDRICAL_SURFACE ( 'NONE', #3260, 1.500000000000001332 ) ;
#2474 = DIRECTION ( 'NONE',  ( 0.7071067811864085728, -0.7071067811866864616, 0.000000000000000000 ) ) ;
#2475 = VECTOR ( 'NONE', #595, 1000.000000000000000 ) ;
#2476 = VERTEX_POINT ( 'NONE', #4321 ) ;
#2477 = DIRECTION ( 'NONE',  ( -1.000000000000000000, 0.000000000000000000, 0.000000000000000000 ) ) ;
#2478 = VECTOR ( 'NONE', #3836, 1000.000000000000000 ) ;
#2479 = CARTESIAN_POINT ( 'NONE',  ( 93.14413112737273082, 6.628013319360158029, -4.979999999999967564 ) ) ;
#2480 = ORIENTED_EDGE ( 'NONE', *, *, #1673, .F. ) ;
#2481 = VECTOR ( 'NONE', #4574, 999.9999999999998863 ) ;
#2482 = CARTESIAN_POINT ( 'NONE',  ( 99.95344118180614146, 11.62449170452183900, -4.979999999999967564 ) ) ;
#2483 = LINE ( 'NONE', #1710, #4476 ) ;
#2484 = ORIENTED_EDGE ( 'NONE', *, *, #5374, .F. ) ;
#2485 = DIRECTION ( 'NONE',  ( 0.000000000000000000, 0.000000000000000000, -1.000000000000000000 ) ) ;
#2486 = DIRECTION ( 'NONE',  ( 0.000000000000000000, -1.000000000000000000, 0.000000000000000000 ) ) ;
#2487 = ORIENTED_EDGE ( 'NONE', *, *, #160, .F. ) ;
#2488 = EDGE_CURVE ( 'NONE', #3089, #3111, #3591, .T. ) ;
#2489 = CARTESIAN_POINT ( 'NONE',  ( 83.80641845157784076, 2.537988583367394302, -4.999999999999968026 ) ) ;
#2490 = CARTESIAN_POINT ( 'NONE',  ( 56.51262851142327293, 32.79581418685402383, -4.999999999999962697 ) ) ;
#2491 = DIRECTION ( 'NONE',  ( -0.000000000000000000, -0.000000000000000000, 1.000000000000000000 ) ) ;
#2492 = ORIENTED_EDGE ( 'NONE', *, *, #3666, .T. ) ;
#2493 = CARTESIAN_POINT ( 'NONE',  ( 60.76262851142322319, -15.59745673555393886, -2.999999999999968026 ) ) ;
#2494 = EDGE_LOOP ( 'NONE', ( #4259, #4677, #2444, #2121 ) ) ;
#2495 = EDGE_CURVE ( 'NONE', #5310, #2738, #1529, .T. ) ;
#2496 = CARTESIAN_POINT ( 'NONE',  ( 67.73279981951040440, -17.08677019585603674, -0.5000000000000000000 ) ) ;
#2497 = ORIENTED_EDGE ( 'NONE', *, *, #2435, .T. ) ;
#2498 = ORIENTED_EDGE ( 'NONE', *, *, #4934, .T. ) ;
#2499 = DIRECTION ( 'NONE',  ( -1.000000000000000000, 0.000000000000000000, 0.000000000000000000 ) ) ;
#2500 = ORIENTED_EDGE ( 'NONE', *, *, #1035, .T. ) ;
#2501 = EDGE_CURVE ( 'NONE', #656, #1819, #1039, .T. ) ;
#2502 = DIRECTION ( 'NONE',  ( -0.000000000000000000, -0.000000000000000000, -1.000000000000000000 ) ) ;
#2503 = ORIENTED_EDGE ( 'NONE', *, *, #2305, .T. ) ;
#2504 = DIRECTION ( 'NONE',  ( 0.000000000000000000, 0.000000000000000000, -1.000000000000000000 ) ) ;
#2505 = CARTESIAN_POINT ( 'NONE',  ( 57.01262851142327293, 0.000000000000000000, -4.249999999999968026 ) ) ;
#2506 = DIRECTION ( 'NONE',  ( -0.7071067811866864616, -0.7071067811864085728, 0.000000000000000000 ) ) ;
#2507 = VERTEX_POINT ( 'NONE', #2261 ) ;
#2508 = AXIS2_PLACEMENT_3D ( 'NONE', #1294, #94, #3012 ) ;
#2509 = CARTESIAN_POINT ( 'NONE',  ( 99.32515517334110200, 9.895094913426238037, -4.979999999999967564 ) ) ;
#2510 = CARTESIAN_POINT ( 'NONE',  ( 81.10534930187725422, 7.655127390310837221, -4.979999999999967564 ) ) ;
#2511 = VECTOR ( 'NONE', #929, 1000.000000000000114 ) ;
#2512 = DIRECTION ( 'NONE',  ( 0.000000000000000000, 0.000000000000000000, -1.000000000000000000 ) ) ;
#2513 = CARTESIAN_POINT ( 'NONE',  ( 99.32515517334110200, 9.895094913426238037, -4.999999999999968026 ) ) ;
#2514 = ORIENTED_EDGE ( 'NONE', *, *, #4147, .T. ) ;
#2515 = VECTOR ( 'NONE', #2628, 1000.000000000000114 ) ;
#2516 = DIRECTION ( 'NONE',  ( 0.2576626505603404338, 3.155457402685439408E-17, -0.9662349396012441805 ) ) ;
#2517 = LINE ( 'NONE', #5058, #1043 ) ;
#2518 = VECTOR ( 'NONE', #2131, 1000.000000000000000 ) ;
#2519 = ORIENTED_EDGE ( 'NONE', *, *, #653, .F. ) ;
#2520 = VECTOR ( 'NONE', #3306, 1000.000000000000000 ) ;
#2521 = EDGE_CURVE ( 'NONE', #701, #1271, #2782, .T. ) ;
#2522 = VECTOR ( 'NONE', #1835, 1000.000000000000000 ) ;
#2523 = ADVANCED_FACE ( 'NONE', ( #4381 ), #3941, .T. ) ;
#2524 = VERTEX_POINT ( 'NONE', #588 ) ;
#2525 = DIRECTION ( 'NONE',  ( -0.000000000000000000, -0.000000000000000000, -1.000000000000000000 ) ) ;
#2526 = AXIS2_PLACEMENT_3D ( 'NONE', #2149, #3024, #3392 ) ;
#2527 = ORIENTED_EDGE ( 'NONE', *, *, #54, .T. ) ;
#2528 = FACE_OUTER_BOUND ( 'NONE', #3471, .T. ) ;
#2529 = VERTEX_POINT ( 'NONE', #211 ) ;
#2530 = CARTESIAN_POINT ( 'NONE',  ( 121.1666792343127383, 32.79581418685401673, -1.250000000000001110 ) ) ;
#2531 = CARTESIAN_POINT ( 'NONE',  ( 57.51262851142327293, 32.79581418685401673, -0.5000000000000000000 ) ) ;
#2532 = DIRECTION ( 'NONE',  ( -1.000000000000000000, 0.000000000000000000, 0.000000000000000000 ) ) ;
#2533 = VERTEX_POINT ( 'NONE', #5213 ) ;
#2534 = CARTESIAN_POINT ( 'NONE',  ( 97.35788106744738002, 10.45167162328543498, -4.979999999999967564 ) ) ;
#2535 = ADVANCED_FACE ( 'NONE', ( #3911 ), #3998, .T. ) ;
#2536 = DIRECTION ( 'NONE',  ( 0.000000000000000000, 0.000000000000000000, -1.000000000000000000 ) ) ;
#2537 = ADVANCED_FACE ( 'NONE', ( #707 ), #647, .T. ) ;
#2538 = CARTESIAN_POINT ( 'NONE',  ( 122.4844156833567581, 20.66303680916896823, 0.8808489841094285788 ) ) ;
#2539 = DIRECTION ( 'NONE',  ( 0.000000000000000000, -1.000000000000000000, -1.316145607168839545E-16 ) ) ;
#2540 = VERTEX_POINT ( 'NONE', #3103 ) ;
#2541 = DIRECTION ( 'NONE',  ( -0.000000000000000000, -0.000000000000000000, -1.000000000000000000 ) ) ;
#2542 = LINE ( 'NONE', #3353, #3507 ) ;
#2543 = ORIENTED_EDGE ( 'NONE', *, *, #4604, .F. ) ;
#2544 = CARTESIAN_POINT ( 'NONE',  ( 122.8448143801982440, -7.974933038889183479, -92.58679254334981579 ) ) ;
#2545 = EDGE_CURVE ( 'NONE', #4541, #1162, #3731, .T. ) ;
#2546 = CIRCLE ( 'NONE', #2821, 1.000000000000000888 ) ;
#2547 = ORIENTED_EDGE ( 'NONE', *, *, #130, .T. ) ;
#2548 = CARTESIAN_POINT ( 'NONE',  ( 122.0526420791192805, 31.90984821451102604, -92.58679254334981579 ) ) ;
#2549 = ORIENTED_EDGE ( 'NONE', *, *, #2102, .F. ) ;
#2550 = CIRCLE ( 'NONE', #4999, 2.500000000000002220 ) ;
#2551 = CARTESIAN_POINT ( 'NONE',  ( 83.80641845450492156, 11.62449170468931392, -4.979999999999967564 ) ) ;
#2552 = VERTEX_POINT ( 'NONE', #4492 ) ;
#2553 = DIRECTION ( 'NONE',  ( -0.000000000000000000, -0.000000000000000000, 1.000000000000000000 ) ) ;
#2554 = EDGE_LOOP ( 'NONE', ( #2823, #2647 ) ) ;
#2555 = LINE ( 'NONE', #3834, #4092 ) ;
#2556 = ORIENTED_EDGE ( 'NONE', *, *, #3791, .F. ) ;
#2557 = EDGE_CURVE ( 'NONE', #1699, #4079, #3995, .T. ) ;
#2558 = CARTESIAN_POINT ( 'NONE',  ( 100.8725206048905250, 7.141356155710513853, -4.979999999999967564 ) ) ;
#2559 = CARTESIAN_POINT ( 'NONE',  ( 60.76262851142323740, 29.74581418685402667, -4.999999999999968026 ) ) ;
#2560 = FACE_OUTER_BOUND ( 'NONE', #3537, .T. ) ;
#2561 = LINE ( 'NONE', #987, #4085 ) ;
#2562 = ORIENTED_EDGE ( 'NONE', *, *, #2545, .T. ) ;
#2563 = ADVANCED_FACE ( 'NONE', ( #3375 ), #5061, .F. ) ;
#2564 = CARTESIAN_POINT ( 'NONE',  ( 63.26262851142323740, 29.74581418685402667, -3.999999999999968026 ) ) ;
#2565 = CARTESIAN_POINT ( 'NONE',  ( 121.3026420791192521, 31.18497628975280023, -2.999999999999975131 ) ) ;
#2566 = LINE ( 'NONE', #967, #2356 ) ;
#2567 = ORIENTED_EDGE ( 'NONE', *, *, #1986, .F. ) ;
#2568 = CARTESIAN_POINT ( 'NONE',  ( 118.8026420791192521, 29.74581418685401957, 2.000000000000000000 ) ) ;
#2569 = ORIENTED_EDGE ( 'NONE', *, *, #1353, .F. ) ;
#2570 = CARTESIAN_POINT ( 'NONE',  ( 94.80656262938370560, 4.656376400728039933, -4.999999999999965361 ) ) ;
#2571 = ORIENTED_EDGE ( 'NONE', *, *, #5344, .F. ) ;
#2572 = CARTESIAN_POINT ( 'NONE',  ( 56.51262851142327293, 32.79581418685401673, -1.250000000000001110 ) ) ;
#2573 = EDGE_LOOP ( 'NONE', ( #4454, #4665, #3011, #1954 ) ) ;
#2574 = CARTESIAN_POINT ( 'NONE',  ( 94.52913030724283772, 11.52683979242192436, -4.999999999999966249 ) ) ;
#2575 = ORIENTED_EDGE ( 'NONE', *, *, #3387, .T. ) ;
#2576 = DIRECTION ( 'NONE',  ( -1.000000000000000000, 2.081668171172166620E-14, 0.000000000000000000 ) ) ;
#2577 = ORIENTED_EDGE ( 'NONE', *, *, #3496, .T. ) ;
#2578 = CARTESIAN_POINT ( 'NONE',  ( 57.51262851142327293, 32.79581418685401673, -4.999999999999962697 ) ) ;
#2579 = LINE ( 'NONE', #1798, #5147 ) ;
#2580 = CARTESIAN_POINT ( 'NONE',  ( 88.56626430654240778, 2.314810671435642231, -4.999999999999968026 ) ) ;
#2581 = EDGE_CURVE ( 'NONE', #5310, #3579, #4143, .T. ) ;
#2582 = DIRECTION ( 'NONE',  ( -0.000000000000000000, -0.000000000000000000, -1.000000000000000000 ) ) ;
#2583 = CARTESIAN_POINT ( 'NONE',  ( 73.50262851142325360, 31.20528942323797139, 1.250000000000070610 ) ) ;
#2584 = VECTOR ( 'NONE', #2653, 1000.000000000000114 ) ;
#2585 = DIRECTION ( 'NONE',  ( 0.7071055331092226393, -0.7071080292616696017, 0.000000000000000000 ) ) ;
#2586 = EDGE_CURVE ( 'NONE', #465, #2044, #5118, .T. ) ;
#2587 = EDGE_LOOP ( 'NONE', ( #4017, #5269, #1610, #4828 ) ) ;
#2588 = CARTESIAN_POINT ( 'NONE',  ( 69.00283379874937850, 31.24581418685402312, -0.5000000000000004441 ) ) ;
#2589 = VECTOR ( 'NONE', #4693, 1000.000000000000000 ) ;
#2590 = CARTESIAN_POINT ( 'NONE',  ( 88.95329700686097851, 9.506103882827048324, -4.999999999999967137 ) ) ;
#2591 = DIRECTION ( 'NONE',  ( 1.000000000000000000, -0.000000000000000000, -0.000000000000000000 ) ) ;
#2592 = CARTESIAN_POINT ( 'NONE',  ( 117.5121794404875004, 35.38966483752571435, -2.999999999999968026 ) ) ;
#2593 = VECTOR ( 'NONE', #666, 1000.000000000000227 ) ;
#2594 = ORIENTED_EDGE ( 'NONE', *, *, #4180, .T. ) ;
#2595 = CARTESIAN_POINT ( 'NONE',  ( 100.2801324456351892, 5.185004458477001421, -4.999999999999965361 ) ) ;
#2596 = DIRECTION ( 'NONE',  ( 0.000000000000000000, 0.000000000000000000, -1.000000000000000000 ) ) ;
#2597 = VECTOR ( 'NONE', #139, 1000.000000000000000 ) ;
#2598 = VECTOR ( 'NONE', #5316, 1000.000000000000000 ) ;
#2599 = EDGE_CURVE ( 'NONE', #1250, #1890, #2368, .T. ) ;
#2600 = EDGE_CURVE ( 'NONE', #2996, #2240, #2696, .T. ) ;
#2601 = EDGE_LOOP ( 'NONE', ( #4232, #1050, #2306, #835 ) ) ;
#2602 = DIRECTION ( 'NONE',  ( -0.000000000000000000, -0.000000000000000000, -1.000000000000000000 ) ) ;
#2603 = EDGE_LOOP ( 'NONE', ( #3758, #257, #1623, #5288 ) ) ;
#2604 = CIRCLE ( 'NONE', #253, 1.500000000000001332 ) ;
#2605 = DIRECTION ( 'NONE',  ( -0.000000000000000000, -0.000000000000000000, -1.000000000000000000 ) ) ;
#2606 = EDGE_LOOP ( 'NONE', ( #4315, #2329, #4026, #1111 ) ) ;
#2607 = DIRECTION ( 'NONE',  ( -1.000000000000000000, 0.000000000000000000, 0.000000000000000000 ) ) ;
#2608 = CARTESIAN_POINT ( 'NONE',  ( 0.000000000000000000, -19.44745673555394561, -0.5000000000000000000 ) ) ;
#2609 = AXIS2_PLACEMENT_3D ( 'NONE', #3393, #3508, #982 ) ;
#2610 = AXIS2_PLACEMENT_3D ( 'NONE', #4942, #3344, #1280 ) ;
#2611 = CARTESIAN_POINT ( 'NONE',  ( 95.66113095924745835, 7.740963044856599140, -4.979999999999967564 ) ) ;
#2612 = DIRECTION ( 'NONE',  ( 0.000000000000000000, 0.000000000000000000, -1.000000000000000000 ) ) ;
#2613 = LINE ( 'NONE', #3082, #2478 ) ;
#2614 = AXIS2_PLACEMENT_3D ( 'NONE', #3614, #3526, #1068 ) ;
#2615 = AXIS2_PLACEMENT_3D ( 'NONE', #4917, #2430, #2030 ) ;
#2616 = LINE ( 'NONE', #540, #4469 ) ;
#2617 = DIRECTION ( 'NONE',  ( -1.000000000000000000, -6.938893903907222067E-15, 0.000000000000000000 ) ) ;
#2618 = CARTESIAN_POINT ( 'NONE',  ( 57.51262851142327293, 33.79581418685401673, -1.250000000000001110 ) ) ;
#2619 = CARTESIAN_POINT ( 'NONE',  ( 0.000000000000000000, 0.000000000000000000, -3.999999999999968026 ) ) ;
#2620 = EDGE_CURVE ( 'NONE', #3212, #3613, #3010, .T. ) ;
#2621 = ORIENTED_EDGE ( 'NONE', *, *, #2017, .T. ) ;
#2622 = FACE_OUTER_BOUND ( 'NONE', #1354, .T. ) ;
#2623 = CARTESIAN_POINT ( 'NONE',  ( 81.18710827339830871, -18.59745673555396195, -92.58679254334981579 ) ) ;
#2624 = DIRECTION ( 'NONE',  ( -0.1821953290520766655, -0.1821946858868108976, 0.9662349396012399616 ) ) ;
#2625 = LINE ( 'NONE', #3379, #3117 ) ;
#2626 = EDGE_CURVE ( 'NONE', #1378, #3909, #2791, .T. ) ;
#2627 = CARTESIAN_POINT ( 'NONE',  ( 125.1604999524615067, -14.48529262559300790, -0.5000000000000000000 ) ) ;
#2628 = DIRECTION ( 'NONE',  ( 0.7071055331092195306, -0.7071080292616725993, 0.000000000000000000 ) ) ;
#2629 = ORIENTED_EDGE ( 'NONE', *, *, #5216, .T. ) ;
#2630 = DIRECTION ( 'NONE',  ( -1.000000000000000000, 0.000000000000000000, 0.000000000000000000 ) ) ;
#2631 = ORIENTED_EDGE ( 'NONE', *, *, #3754, .F. ) ;
#2632 = EDGE_CURVE ( 'NONE', #1729, #282, #3844, .T. ) ;
#2633 = DIRECTION ( 'NONE',  ( -1.000000000000000000, 0.000000000000000000, 0.000000000000000000 ) ) ;
#2634 = ORIENTED_EDGE ( 'NONE', *, *, #2461, .T. ) ;
#2635 =( LENGTH_UNIT ( ) NAMED_UNIT ( * ) SI_UNIT ( .MILLI., .METRE. ) );
#2636 = PLANE ( 'NONE',  #4010 ) ;
#2637 = DIRECTION ( 'NONE',  ( 0.000000000000000000, 0.000000000000000000, -1.000000000000000000 ) ) ;
#2638 = VECTOR ( 'NONE', #323, 1000.000000000000227 ) ;
#2639 = CARTESIAN_POINT ( 'NONE',  ( 0.000000000000000000, 0.000000000000000000, -3.999999999999968026 ) ) ;
#2640 = DIRECTION ( 'NONE',  ( -1.000000000000000000, 0.000000000000000000, 0.000000000000000000 ) ) ;
#2641 = DIRECTION ( 'NONE',  ( -0.000000000000000000, -0.000000000000000000, 1.000000000000000000 ) ) ;
#2642 = VECTOR ( 'NONE', #1290, 1000.000000000000000 ) ;
#2643 = LINE ( 'NONE', #1423, #1301 ) ;
#2644 = CARTESIAN_POINT ( 'NONE',  ( 61.76262851142323740, 32.24581418685401957, -92.58679254334981579 ) ) ;
#2645 = CARTESIAN_POINT ( 'NONE',  ( 100.8715363860797396, 7.078331039618717568, -4.999999999999968026 ) ) ;
#2646 = VECTOR ( 'NONE', #4584, 1000.000000000000000 ) ;
#2647 = ORIENTED_EDGE ( 'NONE', *, *, #5138, .F. ) ;
#2648 = ADVANCED_FACE ( 'NONE', ( #3870 ), #1811, .F. ) ;
#2649 = CARTESIAN_POINT ( 'NONE',  ( 102.2080035285296731, 4.899563641367561395, -4.999999999999968026 ) ) ;
#2650 = CARTESIAN_POINT ( 'NONE',  ( 83.91100985458160721, 9.493838635717370522, -4.999999999999967137 ) ) ;
#2651 = CARTESIAN_POINT ( 'NONE',  ( 92.04660895112613161, 5.057944329663973448, -4.979999999999967564 ) ) ;
#2652 = DIRECTION ( 'NONE',  ( -1.000000000000000000, 0.000000000000000000, 0.000000000000000000 ) ) ;
#2653 = DIRECTION ( 'NONE',  ( -0.7071055331092225282, 0.7071080292616696017, 0.000000000000000000 ) ) ;
#2654 = CARTESIAN_POINT ( 'NONE',  ( 100.6241445491864539, 5.796477525214777771, -4.979999999999967564 ) ) ;
#2655 = CARTESIAN_POINT ( 'NONE',  ( 121.8737872635744139, 33.50291971996323070, -92.58679254334981579 ) ) ;
#2656 = ADVANCED_FACE ( 'NONE', ( #3064 ), #1921, .T. ) ;
#2657 = ORIENTED_EDGE ( 'NONE', *, *, #1613, .T. ) ;
#2658 = DIRECTION ( 'NONE',  ( -1.000000000000000000, 0.000000000000000000, 0.000000000000000000 ) ) ;
#2659 = ORIENTED_EDGE ( 'NONE', *, *, #324, .T. ) ;
#2660 = ADVANCED_FACE ( 'NONE', ( #2740, #2825, #2798, #4015, #1165 ), #4848, .F. ) ;
#2661 = CARTESIAN_POINT ( 'NONE',  ( 69.00278247691785793, 31.23568299595001108, -2.999999999999968026 ) ) ;
#2662 = ORIENTED_EDGE ( 'NONE', *, *, #5351, .T. ) ;
#2663 = LINE ( 'NONE', #3910, #333 ) ;
#2664 = CARTESIAN_POINT ( 'NONE',  ( 125.0948143801982866, 11.38195499308914904, -4.249999999999968026 ) ) ;
#2665 = EDGE_CURVE ( 'NONE', #632, #808, #3663, .T. ) ;
#2666 = FACE_OUTER_BOUND ( 'NONE', #1591, .T. ) ;
#2667 = LINE ( 'NONE', #135, #4447 ) ;
#2668 = EDGE_LOOP ( 'NONE', ( #4309, #4679, #1014, #2832 ) ) ;
#2669 = CARTESIAN_POINT ( 'NONE',  ( 122.8342679130044957, -8.974877423357504824, -0.5000000000000000000 ) ) ;
#2670 = LINE ( 'NONE', #110, #2518 ) ;
#2671 = EDGE_CURVE ( 'NONE', #2904, #1276, #4481, .T. ) ;
#2672 = LINE ( 'NONE', #2644, #4528 ) ;
#2673 = ORIENTED_EDGE ( 'NONE', *, *, #3287, .F. ) ;
#2674 = FACE_OUTER_BOUND ( 'NONE', #2944, .T. ) ;
#2675 = ORIENTED_EDGE ( 'NONE', *, *, #1873, .T. ) ;
#2676 = CARTESIAN_POINT ( 'NONE',  ( 102.6545103346850993, 6.507352899259793766, -4.999999999999968026 ) ) ;
#2677 = ORIENTED_EDGE ( 'NONE', *, *, #2105, .T. ) ;
#2678 = CARTESIAN_POINT ( 'NONE',  ( 0.000000000000000000, 5.765880612215132039, -4.999999999999968026 ) ) ;
#2679 = CIRCLE ( 'NONE', #1463, 1.000000000000000888 ) ;
#2680 = VERTEX_POINT ( 'NONE', #1984 ) ;
#2681 = AXIS2_PLACEMENT_3D ( 'NONE', #3804, #1468, #455 ) ;
#2682 = CARTESIAN_POINT ( 'NONE',  ( 98.04961584093557292, 3.766838333396037797, -4.979999999999967564 ) ) ;
#2683 = DIRECTION ( 'NONE',  ( 0.000000000000000000, -1.000000000000000000, -0.000000000000000000 ) ) ;
#2684 = ADVANCED_FACE ( 'NONE', ( #3982 ), #3180, .T. ) ;
#2685 = AXIS2_PLACEMENT_3D ( 'NONE', #3041, #2596, #126 ) ;
#2686 = ORIENTED_EDGE ( 'NONE', *, *, #739, .F. ) ;
#2687 = CARTESIAN_POINT ( 'NONE',  ( 87.14162738304935374, 3.767321832058573516, -4.999999999999967137 ) ) ;
#2688 = ORIENTED_EDGE ( 'NONE', *, *, #4775, .T. ) ;
#2689 = EDGE_CURVE ( 'NONE', #870, #2540, #4456, .T. ) ;
#2690 = DIRECTION ( 'NONE',  ( 0.000000000000000000, 0.000000000000000000, -1.000000000000000000 ) ) ;
#2691 = AXIS2_PLACEMENT_3D ( 'NONE', #271, #1561, #3599 ) ;
#2692 = ORIENTED_EDGE ( 'NONE', *, *, #4094, .F. ) ;
#2693 = CARTESIAN_POINT ( 'NONE',  ( 0.000000000000000000, 0.000000000000000000, 0.000000000000000000 ) ) ;
#2694 = LINE ( 'NONE', #3506, #704 ) ;
#2695 = DIRECTION ( 'NONE',  ( -0.000000000000000000, -0.000000000000000000, 1.000000000000000000 ) ) ;
#2696 = CIRCLE ( 'NONE', #2443, 3.000000000000002665 ) ;
#2697 = CARTESIAN_POINT ( 'NONE',  ( 60.76262851142322319, -15.59745673555393886, -3.999999999999968026 ) ) ;
#2698 = ORIENTED_EDGE ( 'NONE', *, *, #4313, .F. ) ;
#2699 = DIRECTION ( 'NONE',  ( -1.000000000000000000, 0.000000000000000000, -0.000000000000000000 ) ) ;
#2700 = CIRCLE ( 'NONE', #346, 1.000000000000000888 ) ;
#2701 = AXIS2_PLACEMENT_3D ( 'NONE', #4076, #5354, #3268 ) ;
#2702 = AXIS2_PLACEMENT_3D ( 'NONE', #959, #1776, #3428 ) ;
#2703 = DIRECTION ( 'NONE',  ( -1.000000000000000000, 0.000000000000000000, 0.000000000000000000 ) ) ;
#2704 = DIRECTION ( 'NONE',  ( -1.000000000000000000, 0.000000000000000000, 0.000000000000000000 ) ) ;
#2705 = ORIENTED_EDGE ( 'NONE', *, *, #2903, .T. ) ;
#2706 = DIRECTION ( 'NONE',  ( 0.000000000000000000, 0.000000000000000000, 1.000000000000000000 ) ) ;
#2707 = AXIS2_PLACEMENT_3D ( 'NONE', #4104, #3699, #5376 ) ;
#2708 = AXIS2_PLACEMENT_3D ( 'NONE', #4431, #252, #1988 ) ;
#2709 = ORIENTED_EDGE ( 'NONE', *, *, #1805, .F. ) ;
#2710 = EDGE_CURVE ( 'NONE', #3776, #606, #2769, .T. ) ;
#2711 = CARTESIAN_POINT ( 'NONE',  ( 85.06581804198428642, 3.949881938976608886, -4.999999999999968026 ) ) ;
#2712 = ORIENTED_EDGE ( 'NONE', *, *, #5321, .F. ) ;
#2713 = DIRECTION ( 'NONE',  ( 0.000000000000000000, 0.000000000000000000, -1.000000000000000000 ) ) ;
#2714 = CARTESIAN_POINT ( 'NONE',  ( 93.14413112737271661, 7.534466964194876937, -4.979999999999967564 ) ) ;
#2715 = ORIENTED_EDGE ( 'NONE', *, *, #3520, .F. ) ;
#2716 = DIRECTION ( 'NONE',  ( 0.000000000000000000, -1.000000000000000000, 0.000000000000000000 ) ) ;
#2717 = DIRECTION ( 'NONE',  ( -0.000000000000000000, -0.000000000000000000, -1.000000000000000000 ) ) ;
#2718 = ORIENTED_EDGE ( 'NONE', *, *, #2382, .F. ) ;
#2719 = CARTESIAN_POINT ( 'NONE',  ( 87.14162738304935374, 3.767321832058573516, -4.979999999999967564 ) ) ;
#2720 = EDGE_LOOP ( 'NONE', ( #4900, #4889, #5262, #1223 ) ) ;
#2721 = EDGE_CURVE ( 'NONE', #2013, #4403, #3377, .T. ) ;
#2722 = LINE ( 'NONE', #644, #4838 ) ;
#2723 = ORIENTED_EDGE ( 'NONE', *, *, #3674, .F. ) ;
#2724 = CARTESIAN_POINT ( 'NONE',  ( 0.000000000000000000, 7.740963044856599140, -4.999999999999968026 ) ) ;
#2725 = CARTESIAN_POINT ( 'NONE',  ( 76.45112955333650007, 76.45085967424274997, -92.58679254334981579 ) ) ;
#2726 = CARTESIAN_POINT ( 'NONE',  ( 0.000000000000000000, 33.59581418685401388, -0.5000000000000000000 ) ) ;
#2727 = CARTESIAN_POINT ( 'NONE',  ( 84.81374502401445170, 2.115417445343053426, -4.999999999999968026 ) ) ;
#2728 = DIRECTION ( 'NONE',  ( -1.000000000000000000, 0.000000000000000000, 0.000000000000000000 ) ) ;
#2729 = DIRECTION ( 'NONE',  ( -1.000000000000000000, 0.000000000000000000, 0.000000000000000000 ) ) ;
#2730 = CIRCLE ( 'NONE', #1861, 1.500000000000001332 ) ;
#2731 = EDGE_CURVE ( 'NONE', #4302, #4117, #5342, .T. ) ;
#2732 = CARTESIAN_POINT ( 'NONE',  ( 98.86175350386176319, 6.725643756828379338, -4.979999999999967564 ) ) ;
#2733 = EDGE_LOOP ( 'NONE', ( #2779, #4326, #1210, #979 ) ) ;
#2734 = CARTESIAN_POINT ( 'NONE',  ( 100.8568353425063151, 6.702338798797316421, -4.999999999999968026 ) ) ;
#2735 = EDGE_LOOP ( 'NONE', ( #2412, #1055, #2549, #471 ) ) ;
#2736 = AXIS2_PLACEMENT_3D ( 'NONE', #4860, #4888, #2406 ) ;
#2737 = CARTESIAN_POINT ( 'NONE',  ( 102.5242788466116508, 5.769800556637290967, -4.999999999999968026 ) ) ;
#2738 = VERTEX_POINT ( 'NONE', #1929 ) ;
#2739 = DIRECTION ( 'NONE',  ( -1.000000000000000000, 0.000000000000000000, 0.000000000000000000 ) ) ;
#2740 = FACE_BOUND ( 'NONE', #1903, .T. ) ;
#2741 = VECTOR ( 'NONE', #4263, 1000.000000000000000 ) ;
#2742 = EDGE_CURVE ( 'NONE', #3656, #4369, #3043, .T. ) ;
#2743 = LINE ( 'NONE', #4850, #3362 ) ;
#2744 = VERTEX_POINT ( 'NONE', #3254 ) ;
#2745 = CARTESIAN_POINT ( 'NONE',  ( 98.86175350386176319, 6.725643756828379338, -4.979999999999967564 ) ) ;
#2746 = FACE_OUTER_BOUND ( 'NONE', #3376, .T. ) ;
#2747 = ORIENTED_EDGE ( 'NONE', *, *, #4247, .T. ) ;
#2748 = EDGE_CURVE ( 'NONE', #2767, #3951, #4926, .T. ) ;
#2749 = CARTESIAN_POINT ( 'NONE',  ( 82.88837248373860689, 7.081240141777757735, -4.999999999999967137 ) ) ;
#2750 = ORIENTED_EDGE ( 'NONE', *, *, #2299, .F. ) ;
#2751 = FACE_OUTER_BOUND ( 'NONE', #3749, .T. ) ;
#2752 = VERTEX_POINT ( 'NONE', #2396 ) ;
#2753 = DIRECTION ( 'NONE',  ( -0.000000000000000000, 0.000000000000000000, -1.000000000000000000 ) ) ;
#2754 = DIRECTION ( 'NONE',  ( -0.000000000000000000, -0.000000000000000000, -1.000000000000000000 ) ) ;
#2755 = CARTESIAN_POINT ( 'NONE',  ( 122.1026420791192777, -19.44745673555395271, -0.5000000000000000000 ) ) ;
#2756 = CARTESIAN_POINT ( 'NONE',  ( 87.85216142951716733, 2.069269467677078644, -4.999999999999968026 ) ) ;
#2757 = LINE ( 'NONE', #1614, #2307 ) ;
#2758 = ORIENTED_EDGE ( 'NONE', *, *, #896, .F. ) ;
#2759 = DIRECTION ( 'NONE',  ( -1.000000000000000000, 0.000000000000000000, 0.000000000000000000 ) ) ;
#2760 = CARTESIAN_POINT ( 'NONE',  ( 72.00262851142325360, 31.20528942323797139, 1.250000000000070610 ) ) ;
#2761 = DIRECTION ( 'NONE',  ( 1.000000000000000000, 0.000000000000000000, 0.000000000000000000 ) ) ;
#2762 = ORIENTED_EDGE ( 'NONE', *, *, #904, .F. ) ;
#2763 = DIRECTION ( 'NONE',  ( 0.000000000000000000, -1.000000000000000000, 0.000000000000000000 ) ) ;
#2764 = ORIENTED_EDGE ( 'NONE', *, *, #4142, .T. ) ;
#2765 = EDGE_CURVE ( 'NONE', #2139, #1274, #280, .T. ) ;
#2766 = CARTESIAN_POINT ( 'NONE',  ( 82.88840377987538943, 6.910493686041516703, -4.999999999999968026 ) ) ;
#2767 = VERTEX_POINT ( 'NONE', #3958 ) ;
#2768 = FACE_OUTER_BOUND ( 'NONE', #3961, .T. ) ;
#2769 = LINE ( 'NONE', #5232, #2361 ) ;
#2770 = ADVANCED_FACE ( 'NONE', ( #2311 ), #1488, .T. ) ;
#2771 = LINE ( 'NONE', #4427, #4067 ) ;
#2772 = ORIENTED_EDGE ( 'NONE', *, *, #5374, .T. ) ;
#2773 = DIRECTION ( 'NONE',  ( 0.000000000000000000, 0.000000000000000000, -1.000000000000000000 ) ) ;
#2774 = CARTESIAN_POINT ( 'NONE',  ( 124.5948143801982866, 17.94201802533924095, -0.5000000000000004441 ) ) ;
#2775 = ORIENTED_EDGE ( 'NONE', *, *, #1421, .F. ) ;
#2776 = CARTESIAN_POINT ( 'NONE',  ( 85.71024379530906856, 3.766838333396222982, -4.979999999999967564 ) ) ;
#2777 = VECTOR ( 'NONE', #971, 1000.000000000000000 ) ;
#2778 = EDGE_CURVE ( 'NONE', #4819, #2961, #4898, .T. ) ;
#2779 = ORIENTED_EDGE ( 'NONE', *, *, #721, .F. ) ;
#2780 = CARTESIAN_POINT ( 'NONE',  ( 81.08814080717546346, 7.081240144903952149, -4.999999999999968026 ) ) ;
#2781 = CIRCLE ( 'NONE', #2945, 2.000000000000001776 ) ;
#2782 = LINE ( 'NONE', #5187, #4795 ) ;
#2783 = EDGE_LOOP ( 'NONE', ( #4366, #1924, #4099, #4506 ) ) ;
#2784 = CARTESIAN_POINT ( 'NONE',  ( 102.6742873866202217, 7.271520675027718816, -4.999999999999968026 ) ) ;
#2785 = PLANE ( 'NONE',  #429 ) ;
#2786 = VECTOR ( 'NONE', #2216, 1000.000000000000000 ) ;
#2787 = DIRECTION ( 'NONE',  ( 0.000000000000000000, 0.000000000000000000, -1.000000000000000000 ) ) ;
#2788 = LINE ( 'NONE', #4446, #2638 ) ;
#2789 = CARTESIAN_POINT ( 'NONE',  ( 125.0948143801982866, 11.01222573856927767, -3.112090360152051982 ) ) ;
#2790 = AXIS2_PLACEMENT_3D ( 'NONE', #2310, #2713, #2739 ) ;
#2791 = CIRCLE ( 'NONE', #3468, 2.500000000000002220 ) ;
#2792 = CARTESIAN_POINT ( 'NONE',  ( 87.14000828496686779, 8.700726189469849103, -4.979999999999967564 ) ) ;
#2793 = ORIENTED_EDGE ( 'NONE', *, *, #1532, .T. ) ;
#2794 = CIRCLE ( 'NONE', #1576, 1.000000000000000888 ) ;
#2795 = CARTESIAN_POINT ( 'NONE',  ( 87.14000828496686779, 8.700726189469849103, -4.979999999999967564 ) ) ;
#2796 = ORIENTED_EDGE ( 'NONE', *, *, #4823, .F. ) ;
#2797 = CARTESIAN_POINT ( 'NONE',  ( 121.8026420791192521, -15.43882002517773167, -2.999999999999968026 ) ) ;
#2798 = FACE_BOUND ( 'NONE', #122, .T. ) ;
#2799 = CIRCLE ( 'NONE', #2021, 1.000000000000000888 ) ;
#2800 = CIRCLE ( 'NONE', #2183, 3.000000000000002665 ) ;
#2801 = EDGE_CURVE ( 'NONE', #2142, #5200, #4438, .T. ) ;
#2802 = DIRECTION ( 'NONE',  ( 0.000000000000000000, 0.000000000000000000, -1.000000000000000000 ) ) ;
#2803 = ORIENTED_EDGE ( 'NONE', *, *, #3418, .F. ) ;
#2804 = CYLINDRICAL_SURFACE ( 'NONE', #3665, 1.000000000000000888 ) ;
#2805 = DIRECTION ( 'NONE',  ( -0.000000000000000000, -0.000000000000000000, 1.000000000000000000 ) ) ;
#2806 = ORIENTED_EDGE ( 'NONE', *, *, #1366, .T. ) ;
#2807 = EDGE_CURVE ( 'NONE', #1271, #2402, #3152, .T. ) ;
#2808 = CARTESIAN_POINT ( 'NONE',  ( 86.40197856879719041, 3.710808660269885095, -4.999999999999967137 ) ) ;
#2809 = VERTEX_POINT ( 'NONE', #5384 ) ;
#2810 = FACE_OUTER_BOUND ( 'NONE', #3051, .T. ) ;
#2811 = ORIENTED_EDGE ( 'NONE', *, *, #5278, .T. ) ;
#2812 = CARTESIAN_POINT ( 'NONE',  ( 91.87992981812230653, 5.301013001641475597, -4.979999999999967564 ) ) ;
#2813 = EDGE_CURVE ( 'NONE', #4208, #632, #4190, .T. ) ;
#2814 = FACE_OUTER_BOUND ( 'NONE', #3169, .T. ) ;
#2815 = ORIENTED_EDGE ( 'NONE', *, *, #4529, .T. ) ;
#2816 = CARTESIAN_POINT ( 'NONE',  ( 96.61823225319521669, 10.39515845149673723, -4.999999999999968026 ) ) ;
#2817 = DIRECTION ( 'NONE',  ( 0.000000000000000000, 0.000000000000000000, -1.000000000000000000 ) ) ;
#2818 = ORIENTED_EDGE ( 'NONE', *, *, #5398, .F. ) ;
#2819 = VERTEX_POINT ( 'NONE', #2949 ) ;
#2820 = DIRECTION ( 'NONE',  ( 0.000000000000000000, 0.000000000000000000, -1.000000000000000000 ) ) ;
#2821 = AXIS2_PLACEMENT_3D ( 'NONE', #4941, #1208, #793 ) ;
#2822 = LINE ( 'NONE', #1240, #1816 ) ;
#2823 = ORIENTED_EDGE ( 'NONE', *, *, #3348, .F. ) ;
#2824 = CARTESIAN_POINT ( 'NONE',  ( 82.02339349172356719, 4.125901618896371303, -4.979999999999967564 ) ) ;
#2825 = FACE_BOUND ( 'NONE', #3924, .T. ) ;
#2826 = EDGE_CURVE ( 'NONE', #1287, #3792, #4976, .T. ) ;
#2827 = DIRECTION ( 'NONE',  ( 0.000000000000000000, -1.000000000000000000, 0.000000000000000000 ) ) ;
#2828 = VECTOR ( 'NONE', #4565, 1000.000000000000000 ) ;
#2829 = ORIENTED_EDGE ( 'NONE', *, *, #2671, .F. ) ;
#2830 = VECTOR ( 'NONE', #2979, 1000.000000000000000 ) ;
#2831 = CARTESIAN_POINT ( 'NONE',  ( 67.73285692220611054, -17.09745673555395484, -0.5000000000000004441 ) ) ;
#2832 = ORIENTED_EDGE ( 'NONE', *, *, #2051, .F. ) ;
#2833 = CYLINDRICAL_SURFACE ( 'NONE', #2859, 1.500000000000001332 ) ;
#2834 = AXIS2_PLACEMENT_3D ( 'NONE', #991, #3978, #170 ) ;
#2835 = ADVANCED_FACE ( 'NONE', ( #801 ), #4609, .F. ) ;
#2836 = CARTESIAN_POINT ( 'NONE',  ( 95.37648064554939253, 4.228132077665596178, -4.979999999999967564 ) ) ;
#2837 = ORIENTED_EDGE ( 'NONE', *, *, #5344, .T. ) ;
#2838 = CARTESIAN_POINT ( 'NONE',  ( 87.85216142951716733, 2.069269467677078644, -4.979999999999967564 ) ) ;
#2839 = ADVANCED_FACE ( 'NONE', ( #4113 ), #1242, .F. ) ;
#2840 = DIRECTION ( 'NONE',  ( 0.000000000000000000, -1.000000000000000000, 0.000000000000000000 ) ) ;
#2841 = VERTEX_POINT ( 'NONE', #4090 ) ;
#2842 = CARTESIAN_POINT ( 'NONE',  ( 100.8715363860797396, 7.084149243936503026, -4.999999999999968026 ) ) ;
#2843 = DIRECTION ( 'NONE',  ( -1.000000000000000000, 0.000000000000000000, 0.000000000000000000 ) ) ;
#2844 = VERTEX_POINT ( 'NONE', #2109 ) ;
#2845 = FACE_OUTER_BOUND ( 'NONE', #4943, .T. ) ;
#2846 = LINE ( 'NONE', #4503, #3458 ) ;
#2847 = CARTESIAN_POINT ( 'NONE',  ( 122.8026285114232650, -11.97471057676247064, 2.000000000000000000 ) ) ;
#2848 = CARTESIAN_POINT ( 'NONE',  ( 121.3026285114232650, -11.97471057676247064, 1.250000000000070610 ) ) ;
#2849 = CARTESIAN_POINT ( 'NONE',  ( 122.8026285114232650, -11.97471057676247064, 1.250000000000070610 ) ) ;
#2850 = VERTEX_POINT ( 'NONE', #3757 ) ;
#2851 = LINE ( 'NONE', #3964, #382 ) ;
#2852 = LINE ( 'NONE', #880, #1684 ) ;
#2853 = ORIENTED_EDGE ( 'NONE', *, *, #5356, .F. ) ;
#2854 = DIRECTION ( 'NONE',  ( -0.000000000000000000, -0.000000000000000000, -1.000000000000000000 ) ) ;
#2855 = ORIENTED_EDGE ( 'NONE', *, *, #1698, .F. ) ;
#2856 = EDGE_CURVE ( 'NONE', #2289, #2365, #457, .T. ) ;
#2857 = ORIENTED_EDGE ( 'NONE', *, *, #254, .F. ) ;
#2858 = CYLINDRICAL_SURFACE ( 'NONE', #3463, 1.000000000000000888 ) ;
#2859 = AXIS2_PLACEMENT_3D ( 'NONE', #5063, #60, #4199 ) ;
#2860 = ORIENTED_EDGE ( 'NONE', *, *, #3418, .T. ) ;
#2861 = LINE ( 'NONE', #4178, #4527 ) ;
#2862 = EDGE_CURVE ( 'NONE', #3675, #887, #386, .T. ) ;
#2863 = CARTESIAN_POINT ( 'NONE',  ( 91.87992981812230653, 8.861467282886149377, -4.979999999999967564 ) ) ;
#2864 = VECTOR ( 'NONE', #3174, 1000.000000000000114 ) ;
#2865 = VERTEX_POINT ( 'NONE', #1217 ) ;
#2866 = CARTESIAN_POINT ( 'NONE',  ( 99.84884978166300584, 9.493838635717398944, -4.999999999999968026 ) ) ;
#2867 = LINE ( 'NONE', #1237, #3567 ) ;
#2868 = ORIENTED_EDGE ( 'NONE', *, *, #2382, .T. ) ;
#2869 = VECTOR ( 'NONE', #1848, 1000.000000000000000 ) ;
#2870 = LINE ( 'NONE', #2465, #5270 ) ;
#2871 = CIRCLE ( 'NONE', #1920, 0.7999999999999951594 ) ;
#2872 = VECTOR ( 'NONE', #4371, 1000.000000000000000 ) ;
#2873 = DIRECTION ( 'NONE',  ( -1.000000000000000000, 0.000000000000000000, 0.000000000000000000 ) ) ;
#2874 = DIRECTION ( 'NONE',  ( 0.000000000000000000, 0.000000000000000000, -1.000000000000000000 ) ) ;
#2875 = CARTESIAN_POINT ( 'NONE',  ( 90.86579377901445298, 7.081240141777706221, -4.979999999999967564 ) ) ;
#2876 = CARTESIAN_POINT ( 'NONE',  ( 97.35788106744738002, 10.45167162328543498, -4.999999999999968026 ) ) ;
#2877 = AXIS2_PLACEMENT_3D ( 'NONE', #1481, #2302, #1889 ) ;
#2878 = EDGE_CURVE ( 'NONE', #1416, #3824, #1891, .T. ) ;
#2879 = ORIENTED_EDGE ( 'NONE', *, *, #2441, .T. ) ;
#2880 = EDGE_CURVE ( 'NONE', #3753, #2996, #782, .T. ) ;
#2881 = CARTESIAN_POINT ( 'NONE',  ( 102.6742873866202217, 7.271520675027718816, -4.979999999999967564 ) ) ;
#2882 = CARTESIAN_POINT ( 'NONE',  ( 125.0948143801982866, 1.764302129735664915, -0.5732565120567654215 ) ) ;
#2883 = AXIS2_PLACEMENT_3D ( 'NONE', #563, #3079, #2180 ) ;
#2884 = ORIENTED_EDGE ( 'NONE', *, *, #3528, .F. ) ;
#2885 = LINE ( 'NONE', #754, #4509 ) ;
#2886 = AXIS2_PLACEMENT_3D ( 'NONE', #1355, #943, #1379 ) ;
#2887 = AXIS2_PLACEMENT_3D ( 'NONE', #4682, #5074, #1713 ) ;
#2888 = DIRECTION ( 'NONE',  ( -1.000000000000000000, 0.000000000000000000, 0.000000000000000000 ) ) ;
#2889 = ORIENTED_EDGE ( 'NONE', *, *, #421, .F. ) ;
#2890 = LINE ( 'NONE', #5013, #2449 ) ;
#2891 = EDGE_CURVE ( 'NONE', #4013, #1009, #2174, .T. ) ;
#2892 = CARTESIAN_POINT ( 'NONE',  ( 82.02339349362759435, 10.03657867030905138, -4.999999999999966249 ) ) ;
#2893 = ORIENTED_EDGE ( 'NONE', *, *, #1513, .T. ) ;
#2894 = DIRECTION ( 'NONE',  ( -1.000000000000000000, 0.000000000000000000, 0.000000000000000000 ) ) ;
#2895 = DIRECTION ( 'NONE',  ( 0.000000000000000000, 0.000000000000000000, -1.000000000000000000 ) ) ;
#2896 = ORIENTED_EDGE ( 'NONE', *, *, #721, .T. ) ;
#2897 = EDGE_CURVE ( 'NONE', #242, #2422, #771, .T. ) ;
#2898 = DIRECTION ( 'NONE',  ( 0.000000000000000000, -1.000000000000000000, 0.000000000000000000 ) ) ;
#2899 = CARTESIAN_POINT ( 'NONE',  ( 122.8526420791192777, 20.81556117631758340, -0.5000000000000000000 ) ) ;
#2900 = EDGE_CURVE ( 'NONE', #2954, #2738, #5366, .T. ) ;
#2901 = CARTESIAN_POINT ( 'NONE',  ( 84.81374502721381248, 12.04706284206466727, -4.979999999999967564 ) ) ;
#2902 = CARTESIAN_POINT ( 'NONE',  ( 90.61572850887191066, 6.628013319360349875, -4.979999999999967564 ) ) ;
#2903 = EDGE_CURVE ( 'NONE', #2424, #2744, #542, .T. ) ;
#2904 = VERTEX_POINT ( 'NONE', #1395 ) ;
#2905 = DIRECTION ( 'NONE',  ( 0.000000000000000000, 0.000000000000000000, -1.000000000000000000 ) ) ;
#2906 = CARTESIAN_POINT ( 'NONE',  ( 72.23262851142325758, -17.05471057676229307, 2.000000000000000000 ) ) ;
#2907 = CARTESIAN_POINT ( 'NONE',  ( 102.6717188290364078, 7.081240144677177994, -4.979999999999967564 ) ) ;
#2908 = ADVANCED_FACE ( 'NONE', ( #3486 ), #1017, .F. ) ;
#2909 = VECTOR ( 'NONE', #1716, 1000.000000000000114 ) ;
#2910 = ORIENTED_EDGE ( 'NONE', *, *, #995, .T. ) ;
#2911 = LINE ( 'NONE', #3316, #157 ) ;
#2912 = EDGE_LOOP ( 'NONE', ( #5174, #3386, #3816, #3443 ) ) ;
#2913 = CONICAL_SURFACE ( 'NONE', #1607, 1.500000000000001332, 0.2606023917473493934 ) ;
#2914 = CARTESIAN_POINT ( 'NONE',  ( 94.25586136148901062, 5.193790713900933831, -4.979999999999967564 ) ) ;
#2915 = ORIENTED_EDGE ( 'NONE', *, *, #442, .T. ) ;
#2916 = AXIS2_PLACEMENT_3D ( 'NONE', #2493, #4139, #4801 ) ;
#2917 = DIRECTION ( 'NONE',  ( -0.000000000000000000, -0.000000000000000000, 1.000000000000000000 ) ) ;
#2918 = CARTESIAN_POINT ( 'NONE',  ( 89.97349910001399564, 11.01278369614810337, -4.999999999999966249 ) ) ;
#2919 = VERTEX_POINT ( 'NONE', #5165 ) ;
#2920 = CARTESIAN_POINT ( 'NONE',  ( 95.90769820652677424, 2.069269467676859264, -4.979999999999967564 ) ) ;
#2921 = PLANE ( 'NONE',  #1832 ) ;
#2922 = EDGE_LOOP ( 'NONE', ( #1964, #659 ) ) ;
#2923 = CARTESIAN_POINT ( 'NONE',  ( 98.69404159426026979, 10.21259834457874049, -4.979999999999967564 ) ) ;
#2924 = LINE ( 'NONE', #4478, #681 ) ;
#2925 = EDGE_CURVE ( 'NONE', #2529, #4245, #3086, .T. ) ;
#2926 = CARTESIAN_POINT ( 'NONE',  ( 81.55185610901467896, 9.262916647930387271, -4.979999999999967564 ) ) ;
#2927 = CARTESIAN_POINT ( 'NONE',  ( 123.8448143801982440, 0.000000000000000000, -92.58679254334981579 ) ) ;
#2928 = CARTESIAN_POINT ( 'NONE',  ( 121.3026420791192521, 29.74581418685401957, -4.999999999999968026 ) ) ;
#2929 = EDGE_CURVE ( 'NONE', #1061, #701, #4612, .T. ) ;
#2930 = ORIENTED_EDGE ( 'NONE', *, *, #2989, .F. ) ;
#2931 = CARTESIAN_POINT ( 'NONE',  ( 60.76262851142323740, 29.74581418685402667, 2.000000000000000000 ) ) ;
#2932 = DIRECTION ( 'NONE',  ( -0.000000000000000000, -0.000000000000000000, -1.000000000000000000 ) ) ;
#2933 = CARTESIAN_POINT ( 'NONE',  ( 102.5242788466116508, 5.769800556637290967, -4.979999999999967564 ) ) ;
#2934 = ORIENTED_EDGE ( 'NONE', *, *, #5168, .T. ) ;
#2935 = CARTESIAN_POINT ( 'NONE',  ( 70.15368511499633541, 26.53114188592600087, -4.999999999999968026 ) ) ;
#2936 = EDGE_LOOP ( 'NONE', ( #4932, #3173, #316, #3144 ) ) ;
#2937 = FACE_OUTER_BOUND ( 'NONE', #5084, .T. ) ;
#2938 = EDGE_CURVE ( 'NONE', #4429, #5280, #4701, .T. ) ;
#2939 = CARTESIAN_POINT ( 'NONE',  ( 81.10534930187725422, 7.655127390310837221, -4.999999999999966249 ) ) ;
#2940 = EDGE_LOOP ( 'NONE', ( #58, #3342, #4484, #2673 ) ) ;
#2941 = CARTESIAN_POINT ( 'NONE',  ( 72.00262851142325360, 31.20528942323797139, 2.000000000000000000 ) ) ;
#2942 = VECTOR ( 'NONE', #5293, 1000.000000000000000 ) ;
#2943 = CARTESIAN_POINT ( 'NONE',  ( 75.00262851142325360, 31.24581418685401601, -2.999999999999975131 ) ) ;
#2944 = EDGE_LOOP ( 'NONE', ( #600, #3727, #344, #3354 ) ) ;
#2945 = AXIS2_PLACEMENT_3D ( 'NONE', #3809, #83, #1749 ) ;
#2946 = CARTESIAN_POINT ( 'NONE',  ( 100.8714558563692520, 7.251986597513884192, -4.979999999999967564 ) ) ;
#2947 = CARTESIAN_POINT ( 'NONE',  ( 60.76262851142323740, 29.74581418685402667, -3.999999999999968026 ) ) ;
#2948 = CARTESIAN_POINT ( 'NONE',  ( 89.97349910001399564, 11.01278369614810337, -4.979999999999967564 ) ) ;
#2949 = CARTESIAN_POINT ( 'NONE',  ( 125.5948143801982866, 1.033181244069286020, -2.823415225557234898 ) ) ;
#2950 = CARTESIAN_POINT ( 'NONE',  ( 57.51262851142327293, -19.44745673555394561, -0.5000000000000000000 ) ) ;
#2951 = CIRCLE ( 'NONE', #1821, 2.500000000000002220 ) ;
#2952 = LINE ( 'NONE', #1345, #1692 ) ;
#2953 = CARTESIAN_POINT ( 'NONE',  ( 91.87992981812230653, 8.861467282886149377, -4.979999999999967564 ) ) ;
#2954 = VERTEX_POINT ( 'NONE', #4692 ) ;
#2955 = AXIS2_PLACEMENT_3D ( 'NONE', #748, #1596, #720 ) ;
#2956 = FACE_OUTER_BOUND ( 'NONE', #2720, .T. ) ;
#2957 = VECTOR ( 'NONE', #2100, 1000.000000000000000 ) ;
#2958 = AXIS2_PLACEMENT_3D ( 'NONE', #5139, #4271, #1424 ) ;
#2959 = DIRECTION ( 'NONE',  ( -0.000000000000000000, -0.000000000000000000, -1.000000000000000000 ) ) ;
#2960 = EDGE_CURVE ( 'NONE', #242, #2533, #2271, .T. ) ;
#2961 = VERTEX_POINT ( 'NONE', #3059 ) ;
#2962 = CARTESIAN_POINT ( 'NONE',  ( 72.00262851142325360, 31.20528942323797139, -2.999999999999968026 ) ) ;
#2963 = AXIS2_PLACEMENT_3D ( 'NONE', #2094, #4125, #2457 ) ;
#2964 = VECTOR ( 'NONE', #209, 1000.000000000000000 ) ;
#2965 = VECTOR ( 'NONE', #1119, 1000.000000000000000 ) ;
#2966 = ORIENTED_EDGE ( 'NONE', *, *, #2375, .T. ) ;
#2967 = CARTESIAN_POINT ( 'NONE',  ( 81.08814080717546346, 7.081240144903952149, -4.979999999999967564 ) ) ;
#2968 = EDGE_LOOP ( 'NONE', ( #5146, #5180, #5123, #2032 ) ) ;
#2969 = PLANE ( 'NONE',  #2015 ) ;
#2970 = DIRECTION ( 'NONE',  ( 0.000000000000000000, 0.000000000000000000, -1.000000000000000000 ) ) ;
#2971 = ADVANCED_FACE ( 'NONE', ( #928, #2155 ), #3923, .F. ) ;
#2972 = CARTESIAN_POINT ( 'NONE',  ( 83.91100985458160721, 9.493838635717370522, -4.979999999999967564 ) ) ;
#2973 = VERTEX_POINT ( 'NONE', #3863 ) ;
#2974 = CARTESIAN_POINT ( 'NONE',  ( 84.81374502401445170, 2.115417445343053426, -4.999999999999968026 ) ) ;
#2975 = CARTESIAN_POINT ( 'NONE',  ( 86.12468899693865865, 6.725643756828379338, -4.979999999999967564 ) ) ;
#2976 = CARTESIAN_POINT ( 'NONE',  ( 118.8026420791192521, 29.74581418685401957, -3.999999999999968026 ) ) ;
#2977 = LINE ( 'NONE', #5112, #1289 ) ;
#2978 = ORIENTED_EDGE ( 'NONE', *, *, #775, .T. ) ;
#2979 = DIRECTION ( 'NONE',  ( -0.000000000000000000, -0.000000000000000000, 1.000000000000000000 ) ) ;
#2980 = CARTESIAN_POINT ( 'NONE',  ( 85.06581804198431485, 10.21259834457873517, -4.999999999999967137 ) ) ;
#2981 = CARTESIAN_POINT ( 'NONE',  ( 57.51262851142327293, 32.79581418685401673, -1.250000000000001110 ) ) ;
#2982 = CARTESIAN_POINT ( 'NONE',  ( 66.73285692220611054, -17.09745673555395484, -0.5000000000000004441 ) ) ;
#2983 = ORIENTED_EDGE ( 'NONE', *, *, #756, .T. ) ;
#2984 = DIRECTION ( 'NONE',  ( 1.000000000000000000, 0.000000000000000000, 0.000000000000000000 ) ) ;
#2985 = ORIENTED_EDGE ( 'NONE', *, *, #935, .F. ) ;
#2986 = DIRECTION ( 'NONE',  ( -1.000000000000000000, 0.000000000000000000, 0.000000000000000000 ) ) ;
#2987 = VECTOR ( 'NONE', #4922, 1000.000000000000000 ) ;
#2988 = CARTESIAN_POINT ( 'NONE',  ( 121.5026285114233104, 15.96528942323700839, 2.000000000000000000 ) ) ;
#2989 = EDGE_CURVE ( 'NONE', #2809, #1933, #140, .T. ) ;
#2990 = ORIENTED_EDGE ( 'NONE', *, *, #3484, .T. ) ;
#2991 = CARTESIAN_POINT ( 'NONE',  ( 118.8026420791192521, -15.59745673555395484, -3.999999999999968026 ) ) ;
#2992 = ORIENTED_EDGE ( 'NONE', *, *, #4596, .F. ) ;
#2993 = AXIS2_PLACEMENT_3D ( 'NONE', #2882, #853, #1701 ) ;
#2994 = EDGE_CURVE ( 'NONE', #5167, #2533, #2672, .T. ) ;
#2995 = CARTESIAN_POINT ( 'NONE',  ( 100.7181887283366422, 11.11975072575926404, -4.979999999999967564 ) ) ;
#2996 = VERTEX_POINT ( 'NONE', #5082 ) ;
#2997 = DIRECTION ( 'NONE',  ( 0.000000000000000000, 1.000000000000000000, 0.000000000000000000 ) ) ;
#2998 = LINE ( 'NONE', #3364, #873 ) ;
#2999 = CARTESIAN_POINT ( 'NONE',  ( 122.8026285114232650, -11.97471057676247064, 2.000000000000000000 ) ) ;
#3000 = FACE_BOUND ( 'NONE', #3772, .T. ) ;
#3001 = CARTESIAN_POINT ( 'NONE',  ( 87.14000828496686779, 8.700726189469849103, -4.999999999999968026 ) ) ;
#3002 = LINE ( 'NONE', #541, #2597 ) ;
#3003 = CARTESIAN_POINT ( 'NONE',  ( 56.51262851142327293, 0.000000000000000000, -92.58679254334981579 ) ) ;
#3004 = DIRECTION ( 'NONE',  ( 0.000000000000000000, 0.000000000000000000, -1.000000000000000000 ) ) ;
#3005 = ORIENTED_EDGE ( 'NONE', *, *, #2742, .F. ) ;
#3006 = ADVANCED_FACE ( 'NONE', ( #4330, #82, #3808, #4725, #597, #192 ), #1863, .F. ) ;
#3007 = DIRECTION ( 'NONE',  ( -1.000000000000000000, 0.000000000000000000, -0.000000000000000000 ) ) ;
#3008 = CARTESIAN_POINT ( 'NONE',  ( 87.78219903630926524, 10.23669127012756519, -4.999999999999967137 ) ) ;
#3009 = CYLINDRICAL_SURFACE ( 'NONE', #2434, 2.500000000000002220 ) ;
#3010 = LINE ( 'NONE', #1843, #79 ) ;
#3011 = ORIENTED_EDGE ( 'NONE', *, *, #3754, .T. ) ;
#3012 = DIRECTION ( 'NONE',  ( -1.000000000000000000, 0.000000000000000000, 0.000000000000000000 ) ) ;
#3013 = EDGE_LOOP ( 'NONE', ( #1711, #10 ) ) ;
#3014 = CARTESIAN_POINT ( 'NONE',  ( 100.8715363860797396, 7.078331039618717568, -4.999999999999965361 ) ) ;
#3015 = CARTESIAN_POINT ( 'NONE',  ( 116.3026420791192521, -15.59745673555395484, -4.999999999999968026 ) ) ;
#3016 = ORIENTED_EDGE ( 'NONE', *, *, #107, .F. ) ;
#3017 = DIRECTION ( 'NONE',  ( -1.000000000000000000, 0.000000000000000000, 0.000000000000000000 ) ) ;
#3018 = ORIENTED_EDGE ( 'NONE', *, *, #4187, .T. ) ;
#3019 = EDGE_CURVE ( 'NONE', #1457, #2961, #901, .T. ) ;
#3020 = CARTESIAN_POINT ( 'NONE',  ( 101.2643289089748890, 10.60194736458409359, -4.979999999999967564 ) ) ;
#3021 = VERTEX_POINT ( 'NONE', #2618 ) ;
#3022 = FACE_OUTER_BOUND ( 'NONE', #1957, .T. ) ;
#3023 = ADVANCED_FACE ( 'NONE', ( #512 ), #4001, .T. ) ;
#3024 = DIRECTION ( 'NONE',  ( -0.5000000000000045519, -3.799385102958363379E-17, -0.8660254037844361541 ) ) ;
#3025 = DIRECTION ( 'NONE',  ( -0.2576626505603388795, 0.000000000000000000, 0.9662349396012445135 ) ) ;
#3026 = CARTESIAN_POINT ( 'NONE',  ( 124.5948143801982866, -13.91960734795780397, -92.58679254334981579 ) ) ;
#3027 = CYLINDRICAL_SURFACE ( 'NONE', #3467, 1.500000000000001332 ) ;
#3028 = EDGE_CURVE ( 'NONE', #3603, #467, #2561, .T. ) ;
#3029 = CARTESIAN_POINT ( 'NONE',  ( 57.51262851142327293, -19.64745673555394845, -4.999999999999968026 ) ) ;
#3030 = AXIS2_PLACEMENT_3D ( 'NONE', #3286, #4489, #4933 ) ;
#3031 = ORIENTED_EDGE ( 'NONE', *, *, #3202, .T. ) ;
#3032 = DIRECTION ( 'NONE',  ( -0.000000000000000000, -0.000000000000000000, -1.000000000000000000 ) ) ;
#3033 = AXIS2_PLACEMENT_3D ( 'NONE', #875, #5048, #1313 ) ;
#3034 = CARTESIAN_POINT ( 'NONE',  ( 58.26262851142322319, -15.59745673555393886, -3.999999999999968026 ) ) ;
#3035 = CARTESIAN_POINT ( 'NONE',  ( 61.76262851142324450, -18.09745673555396905, -2.999999999999968026 ) ) ;
#3036 = DIRECTION ( 'NONE',  ( -1.000000000000000000, 0.000000000000000000, 0.000000000000000000 ) ) ;
#3037 = CARTESIAN_POINT ( 'NONE',  ( 66.74544513803135715, 26.53114188592600087, -4.999999999999968026 ) ) ;
#3038 = CONICAL_SURFACE ( 'NONE', #2082, 0.7999999999999951594, 0.2606023917473516693 ) ;
#3039 = ORIENTED_EDGE ( 'NONE', *, *, #4806, .F. ) ;
#3040 = CARTESIAN_POINT ( 'NONE',  ( 98.69404159426035505, 3.949881938976430362, -4.999999999999965361 ) ) ;
#3041 = CARTESIAN_POINT ( 'NONE',  ( 60.76262851142323740, 29.74581418685402667, -3.999999999999968026 ) ) ;
#3042 = AXIS2_PLACEMENT_3D ( 'NONE', #1508, #3512, #678 ) ;
#3043 = CIRCLE ( 'NONE', #2955, 1.000000000000000888 ) ;
#3044 = VERTEX_POINT ( 'NONE', #5111 ) ;
#3045 = LINE ( 'NONE', #1438, #1058 ) ;
#3046 = ORIENTED_EDGE ( 'NONE', *, *, #4591, .T. ) ;
#3047 = VECTOR ( 'NONE', #3889, 1000.000000000000114 ) ;
#3048 = DIRECTION ( 'NONE',  ( -1.000000000000000000, 0.000000000000000000, 0.000000000000000000 ) ) ;
#3049 = VERTEX_POINT ( 'NONE', #3029 ) ;
#3050 =( GEOMETRIC_REPRESENTATION_CONTEXT ( 3 ) GLOBAL_UNCERTAINTY_ASSIGNED_CONTEXT ( ( #1842 ) ) GLOBAL_UNIT_ASSIGNED_CONTEXT ( ( #2635, #156, #132 ) ) REPRESENTATION_CONTEXT ( 'NONE', 'WORKASPACE' ) );
#3051 = EDGE_LOOP ( 'NONE', ( #1759, #4398, #227, #4424 ) ) ;
#3052 = VECTOR ( 'NONE', #4630, 1000.000000000000000 ) ;
#3053 = EDGE_CURVE ( 'NONE', #2752, #1082, #568, .T. ) ;
#3054 = PLANE ( 'NONE',  #1399 ) ;
#3055 = DIRECTION ( 'NONE',  ( -1.000000000000000000, 0.000000000000000000, 0.000000000000000000 ) ) ;
#3056 = DIRECTION ( 'NONE',  ( -0.000000000000000000, -0.000000000000000000, -1.000000000000000000 ) ) ;
#3057 = DIRECTION ( 'NONE',  ( -1.000000000000000000, 0.000000000000000000, 0.000000000000000000 ) ) ;
#3058 = CARTESIAN_POINT ( 'NONE',  ( 124.3026285114232650, -11.97471057676247064, 2.000000000000000000 ) ) ;
#3059 = CARTESIAN_POINT ( 'NONE',  ( 125.3019211613849677, 18.64912480652564852, -4.999999999999962697 ) ) ;
#3060 = ORIENTED_EDGE ( 'NONE', *, *, #4554, .F. ) ;
#3061 = ADVANCED_FACE ( 'NONE', ( #3143 ), #1655, .T. ) ;
#3062 = CARTESIAN_POINT ( 'NONE',  ( 90.18202988411005094, 5.978803356177981421, -4.999999999999968026 ) ) ;
#3063 = CARTESIAN_POINT ( 'NONE',  ( 96.79345965371484795, 1.927397866870671050, -4.979999999999967564 ) ) ;
#3064 = FACE_OUTER_BOUND ( 'NONE', #3474, .T. ) ;
#3065 = CARTESIAN_POINT ( 'NONE',  ( 122.8026285114233218, 15.96528942323700839, -2.999999999999968026 ) ) ;
#3066 = ORIENTED_EDGE ( 'NONE', *, *, #4911, .F. ) ;
#3067 = CARTESIAN_POINT ( 'NONE',  ( 92.89406585723018850, 7.081240141777514374, -4.979999999999967564 ) ) ;
#3068 = EDGE_CURVE ( 'NONE', #4715, #4079, #1538, .T. ) ;
#3069 = CARTESIAN_POINT ( 'NONE',  ( 63.26262851142323740, 29.74581418685402667, -3.999999999999968026 ) ) ;
#3070 = VERTEX_POINT ( 'NONE', #679 ) ;
#3071 = CARTESIAN_POINT ( 'NONE',  ( 60.76262851142323740, 29.74581418685402667, -3.999999999999968026 ) ) ;
#3072 = ORIENTED_EDGE ( 'NONE', *, *, #1369, .T. ) ;
#3073 = VECTOR ( 'NONE', #270, 1000.000000000000000 ) ;
#3074 = CARTESIAN_POINT ( 'NONE',  ( 118.8026420791192521, 29.74581418685401957, -3.999999999999968026 ) ) ;
#3075 = EDGE_CURVE ( 'NONE', #67, #856, #3382, .T. ) ;
#3076 = ORIENTED_EDGE ( 'NONE', *, *, #138, .F. ) ;
#3077 = CARTESIAN_POINT ( 'NONE',  ( 60.76262851142322319, -15.59745673555393886, 2.000000000000000000 ) ) ;
#3078 = EDGE_LOOP ( 'NONE', ( #218, #2657, #351, #4422 ) ) ;
#3079 = DIRECTION ( 'NONE',  ( -0.000000000000000000, -0.000000000000000000, 1.000000000000000000 ) ) ;
#3080 = VECTOR ( 'NONE', #711, 1000.000000000000114 ) ;
#3081 = PLANE ( 'NONE',  #4 ) ;
#3082 = CARTESIAN_POINT ( 'NONE',  ( 86.12468899693865865, 7.740963044856599140, -4.979999999999967564 ) ) ;
#3083 = CARTESIAN_POINT ( 'NONE',  ( 121.1666792343127383, 32.79581418685401673, -4.999999999999962697 ) ) ;
#3084 = AXIS2_PLACEMENT_3D ( 'NONE', #4118, #3712, #3993 ) ;
#3085 = CARTESIAN_POINT ( 'NONE',  ( 70.73262851142325758, -17.05471057676229307, 2.000000000000000000 ) ) ;
#3086 = LINE ( 'NONE', #166, #4799 ) ;
#3087 = PLANE ( 'NONE',  #1469 ) ;
#3088 = CONICAL_SURFACE ( 'NONE', #4482, 1.500000000000001332, 0.2606023917473493934 ) ;
#3089 = VERTEX_POINT ( 'NONE', #3198 ) ;
#3090 = EDGE_CURVE ( 'NONE', #4879, #342, #85, .T. ) ;
#3091 = CARTESIAN_POINT ( 'NONE',  ( 83.91100985458159300, 4.668641647837965536, -4.999999999999968026 ) ) ;
#3092 = LINE ( 'NONE', #4668, #3123 ) ;
#3093 = CARTESIAN_POINT ( 'NONE',  ( 60.76262851142323740, 29.74581418685402667, 2.000000000000000000 ) ) ;
#3094 = ORIENTED_EDGE ( 'NONE', *, *, #1205, .F. ) ;
#3095 = EDGE_CURVE ( 'NONE', #1096, #151, #4444, .T. ) ;
#3096 = CARTESIAN_POINT ( 'NONE',  ( 100.8715363860797396, 7.078331039618717568, -4.979999999999967564 ) ) ;
#3097 = ORIENTED_EDGE ( 'NONE', *, *, #5373, .T. ) ;
#3098 = FACE_OUTER_BOUND ( 'NONE', #4420, .T. ) ;
#3099 = VERTEX_POINT ( 'NONE', #2732 ) ;
#3100 = FACE_OUTER_BOUND ( 'NONE', #4488, .T. ) ;
#3101 = EDGE_LOOP ( 'NONE', ( #4273, #5385, #292, #3440 ) ) ;
#3102 = CARTESIAN_POINT ( 'NONE',  ( 63.26262851142322319, -15.59745673555393886, -4.999999999999968026 ) ) ;
#3103 = CARTESIAN_POINT ( 'NONE',  ( 113.6061745212482919, -12.36866160237078915, -4.999999999999968026 ) ) ;
#3104 = FACE_OUTER_BOUND ( 'NONE', #1740, .T. ) ;
#3105 = DIRECTION ( 'NONE',  ( -0.000000000000000000, -0.000000000000000000, -1.000000000000000000 ) ) ;
#3106 = ADVANCED_FACE ( 'NONE', ( #5223 ), #1562, .F. ) ;
#3107 = CARTESIAN_POINT ( 'NONE',  ( 70.73262851142325758, -17.05471057676229307, 1.250000000000070610 ) ) ;
#3108 = DIRECTION ( 'NONE',  ( 0.000000000000000000, 0.000000000000000000, -1.000000000000000000 ) ) ;
#3109 = CARTESIAN_POINT ( 'NONE',  ( 124.3026285114232650, -11.97471057676247064, 1.250000000000070610 ) ) ;
#3110 = DIRECTION ( 'NONE',  ( -0.000000000000000000, -0.000000000000000000, 1.000000000000000000 ) ) ;
#3111 = VERTEX_POINT ( 'NONE', #2410 ) ;
#3112 = DIRECTION ( 'NONE',  ( 0.000000000000000000, -0.000000000000000000, -1.000000000000000000 ) ) ;
#3113 = ORIENTED_EDGE ( 'NONE', *, *, #2167, .T. ) ;
#3114 = CARTESIAN_POINT ( 'NONE',  ( 100.7181887307150561, 3.042729562444578484, -4.999999999999968026 ) ) ;
#3115 = DIRECTION ( 'NONE',  ( 0.000000000000000000, 1.000000000000000000, 0.000000000000000000 ) ) ;
#3116 = DIRECTION ( 'NONE',  ( -1.000000000000000000, 0.000000000000000000, 0.000000000000000000 ) ) ;
#3117 = VECTOR ( 'NONE', #1405, 1000.000000000000000 ) ;
#3118 = DIRECTION ( 'NONE',  ( 0.000000000000000000, 0.000000000000000000, -1.000000000000000000 ) ) ;
#3119 = EDGE_LOOP ( 'NONE', ( #1145, #2394, #2806, #327 ) ) ;
#3120 = CIRCLE ( 'NONE', #1377, 2.000000000000015543 ) ;
#3121 = CARTESIAN_POINT ( 'NONE',  ( 59.76262851142321608, -16.09745673555395484, -92.58679254334981579 ) ) ;
#3122 = LINE ( 'NONE', #4740, #2869 ) ;
#3123 = VECTOR ( 'NONE', #3490, 1000.000000000000000 ) ;
#3124 = ORIENTED_EDGE ( 'NONE', *, *, #1339, .F. ) ;
#3125 = CARTESIAN_POINT ( 'NONE',  ( 82.88817172619154405, 7.069318558218746773, -4.979999999999967564 ) ) ;
#3126 = ORIENTED_EDGE ( 'NONE', *, *, #4247, .F. ) ;
#3127 = DIRECTION ( 'NONE',  ( 0.000000000000000000, 0.000000000000000000, -1.000000000000000000 ) ) ;
#3128 = CONICAL_SURFACE ( 'NONE', #2169, 0.7999999999999951594, 0.2606023917473456186 ) ;
#3129 = ADVANCED_FACE ( 'NONE', ( #5309 ), #3140, .T. ) ;
#3130 = VERTEX_POINT ( 'NONE', #5285 ) ;
#3131 = CARTESIAN_POINT ( 'NONE',  ( 90.86579377901445298, 7.081240141777706221, -4.979999999999967564 ) ) ;
#3132 = LINE ( 'NONE', #2664, #693 ) ;
#3133 = CARTESIAN_POINT ( 'NONE',  ( 94.52913030724283772, 11.52683979242192436, -4.999999999999968026 ) ) ;
#3134 = CARTESIAN_POINT ( 'NONE',  ( 71.97552298397992843, 71.97552298395164883, -1.250000000000056621 ) ) ;
#3135 = AXIS2_PLACEMENT_3D ( 'NONE', #4700, #1404, #969 ) ;
#3136 = EDGE_CURVE ( 'NONE', #1817, #3184, #3907, .T. ) ;
#3137 = CARTESIAN_POINT ( 'NONE',  ( 81.18710827339830871, 0.000000000000000000, -92.58679254334981579 ) ) ;
#3138 = DIRECTION ( 'NONE',  ( 1.000000000000000000, 0.000000000000000000, -0.000000000000000000 ) ) ;
#3139 = VECTOR ( 'NONE', #2525, 1000.000000000000000 ) ;
#3140 = CONICAL_SURFACE ( 'NONE', #790, 0.7999999999999951594, 0.2606023917473425100 ) ;
#3141 = EDGE_CURVE ( 'NONE', #4203, #2841, #426, .T. ) ;
#3142 = DIRECTION ( 'NONE',  ( -0.000000000000000000, -0.000000000000000000, -1.000000000000000000 ) ) ;
#3143 = FACE_OUTER_BOUND ( 'NONE', #3391, .T. ) ;
#3144 = ORIENTED_EDGE ( 'NONE', *, *, #1505, .T. ) ;
#3145 = DIRECTION ( 'NONE',  ( -1.000000000000000000, 0.000000000000000000, 0.000000000000000000 ) ) ;
#3146 = AXIS2_PLACEMENT_3D ( 'NONE', #642, #5324, #1462 ) ;
#3147 = AXIS2_PLACEMENT_3D ( 'NONE', #4968, #3752, #1689 ) ;
#3148 = VERTEX_POINT ( 'NONE', #239 ) ;
#3149 = CARTESIAN_POINT ( 'NONE',  ( 95.19359532950973346, 2.314810671459347269, -4.999999999999968026 ) ) ;
#3150 = ORIENTED_EDGE ( 'NONE', *, *, #3587, .F. ) ;
#3151 = DIRECTION ( 'NONE',  ( -1.000000000000000000, 0.000000000000000000, -0.000000000000000000 ) ) ;
#3152 = LINE ( 'NONE', #2538, #1053 ) ;
#3153 = CARTESIAN_POINT ( 'NONE',  ( 121.3026386871952695, -14.57279266307392085, -2.999999999999968026 ) ) ;
#3154 = ORIENTED_EDGE ( 'NONE', *, *, #54, .F. ) ;
#3155 = CARTESIAN_POINT ( 'NONE',  ( 95.66113095924745835, 0.000000000000000000, -4.999999999999968026 ) ) ;
#3156 = EDGE_CURVE ( 'NONE', #4984, #1360, #1133, .T. ) ;
#3157 = ORIENTED_EDGE ( 'NONE', *, *, #394, .T. ) ;
#3158 = CARTESIAN_POINT ( 'NONE',  ( 82.88817172619154405, 7.069318558218746773, -4.999999999999967137 ) ) ;
#3159 = CARTESIAN_POINT ( 'NONE',  ( 102.6545103343471226, 7.655127390084427219, -4.979999999999967564 ) ) ;
#3160 = EDGE_CURVE ( 'NONE', #3824, #1250, #4056, .T. ) ;
#3161 = ORIENTED_EDGE ( 'NONE', *, *, #4389, .T. ) ;
#3162 = CARTESIAN_POINT ( 'NONE',  ( 84.81374502721381248, 12.04706284206466727, -4.999999999999968026 ) ) ;
#3163 = DIRECTION ( 'NONE',  ( -0.000000000000000000, -0.000000000000000000, -1.000000000000000000 ) ) ;
#3164 = ORIENTED_EDGE ( 'NONE', *, *, #1261, .F. ) ;
#3165 = CARTESIAN_POINT ( 'NONE',  ( 56.51262851142327293, 0.000000000000000000, -1.250000000000001110 ) ) ;
#3166 = CARTESIAN_POINT ( 'NONE',  ( 81.10534930150754462, 6.507352899486002151, -4.979999999999967564 ) ) ;
#3167 = ADVANCED_FACE ( 'NONE', ( #4033 ), #1953, .F. ) ;
#3168 = DIRECTION ( 'NONE',  ( -0.000000000000000000, -0.000000000000000000, 1.000000000000000000 ) ) ;
#3169 = EDGE_LOOP ( 'NONE', ( #2144, #4855, #4463, #2309 ) ) ;
#3170 = CARTESIAN_POINT ( 'NONE',  ( 94.80656262938363454, 9.506103882827027007, -4.999999999999968026 ) ) ;
#3171 = AXIS2_PLACEMENT_3D ( 'NONE', #3483, #5162, #4755 ) ;
#3172 = DIRECTION ( 'NONE',  ( -0.000000000000000000, -0.000000000000000000, 1.000000000000000000 ) ) ;
#3173 = ORIENTED_EDGE ( 'NONE', *, *, #4623, .F. ) ;
#3174 = DIRECTION ( 'NONE',  ( -0.2576626505603404338, 0.000000000000000000, -0.9662349396012441805 ) ) ;
#3175 = EDGE_LOOP ( 'NONE', ( #2793, #5286 ) ) ;
#3176 = AXIS2_PLACEMENT_3D ( 'NONE', #565, #593, #2640 ) ;
#3177 = DIRECTION ( 'NONE',  ( -0.000000000000000000, -0.000000000000000000, -1.000000000000000000 ) ) ;
#3178 = ORIENTED_EDGE ( 'NONE', *, *, #746, .F. ) ;
#3179 = CARTESIAN_POINT ( 'NONE',  ( 125.5948143801982866, -13.91960734795780397, -1.250000000000001110 ) ) ;
#3180 = PLANE ( 'NONE',  #3561 ) ;
#3181 = AXIS2_PLACEMENT_3D ( 'NONE', #3473, #2690, #916 ) ;
#3182 = CARTESIAN_POINT ( 'NONE',  ( 60.76262851142322319, -15.59745673555393886, -2.999999999999968026 ) ) ;
#3183 = EDGE_CURVE ( 'NONE', #4885, #4669, #2794, .T. ) ;
#3184 = VERTEX_POINT ( 'NONE', #1999 ) ;
#3185 = CARTESIAN_POINT ( 'NONE',  ( 73.72882458811118056, -17.20573729638482874, -0.5000000000000000000 ) ) ;
#3186 = VERTEX_POINT ( 'NONE', #3573 ) ;
#3187 = CARTESIAN_POINT ( 'NONE',  ( 88.95329700686093588, 4.656376400728237108, -4.999999999999967137 ) ) ;
#3188 = ORIENTED_EDGE ( 'NONE', *, *, #2989, .T. ) ;
#3189 = CARTESIAN_POINT ( 'NONE',  ( 56.51262851142327293, 7.520981568449285781, 2.443715046593804008 ) ) ;
#3190 = CARTESIAN_POINT ( 'NONE',  ( 95.90769820357503761, 12.09321081769391704, -4.999999999999968026 ) ) ;
#3191 = FACE_OUTER_BOUND ( 'NONE', #1574, .T. ) ;
#3192 = EDGE_CURVE ( 'NONE', #2297, #4744, #5337, .T. ) ;
#3193 = DIRECTION ( 'NONE',  ( 1.000000000000000000, 0.000000000000000000, 0.000000000000000000 ) ) ;
#3194 = ORIENTED_EDGE ( 'NONE', *, *, #5037, .T. ) ;
#3195 = CARTESIAN_POINT ( 'NONE',  ( 57.01262851142327293, 7.520981568449285781, 2.443715046593804008 ) ) ;
#3196 = ADVANCED_FACE ( 'NONE', ( #1509 ), #4840, .T. ) ;
#3197 = LINE ( 'NONE', #4891, #3812 ) ;
#3198 = CARTESIAN_POINT ( 'NONE',  ( 58.26262851142323740, 29.74581418685402667, -3.999999999999968026 ) ) ;
#3199 = ORIENTED_EDGE ( 'NONE', *, *, #553, .F. ) ;
#3200 = CARTESIAN_POINT ( 'NONE',  ( 95.37648064554939253, 4.228132077665596178, -4.999999999999968026 ) ) ;
#3201 = DIRECTION ( 'NONE',  ( 0.000000000000000000, 0.000000000000000000, -1.000000000000000000 ) ) ;
#3202 = EDGE_CURVE ( 'NONE', #2297, #3542, #1148, .T. ) ;
#3203 = ORIENTED_EDGE ( 'NONE', *, *, #3954, .F. ) ;
#3204 = DIRECTION ( 'NONE',  ( 0.000000000000000000, 1.000000000000000000, 0.000000000000000000 ) ) ;
#3205 = CARTESIAN_POINT ( 'NONE',  ( 125.3019211613849677, 18.64912480652564497, -4.999999999999962697 ) ) ;
#3206 = DIRECTION ( 'NONE',  ( -0.000000000000000000, -0.000000000000000000, -1.000000000000000000 ) ) ;
#3207 = EDGE_LOOP ( 'NONE', ( #75, #1052, #2047, #5067 ) ) ;
#3208 = LINE ( 'NONE', #1146, #1837 ) ;
#3209 = EDGE_CURVE ( 'NONE', #2919, #3285, #4967, .T. ) ;
#3210 = VERTEX_POINT ( 'NONE', #3682 ) ;
#3211 = DIRECTION ( 'NONE',  ( -1.000000000000000000, -1.301042606982613209E-14, 0.000000000000000000 ) ) ;
#3212 = VERTEX_POINT ( 'NONE', #4107 ) ;
#3213 = ORIENTED_EDGE ( 'NONE', *, *, #2331, .F. ) ;
#3214 = CARTESIAN_POINT ( 'NONE',  ( 121.1666792343127383, 33.59581418685401388, -0.5000000000000000000 ) ) ;
#3215 = AXIS2_PLACEMENT_3D ( 'NONE', #4353, #210, #80 ) ;
#3216 = DIRECTION ( 'NONE',  ( 0.000000000000000000, 0.000000000000000000, -1.000000000000000000 ) ) ;
#3217 = ORIENTED_EDGE ( 'NONE', *, *, #4236, .F. ) ;
#3218 = CYLINDRICAL_SURFACE ( 'NONE', #3313, 1.000000000000000888 ) ;
#3219 = AXIS2_PLACEMENT_3D ( 'NONE', #1066, #2717, #492 ) ;
#3220 = CYLINDRICAL_SURFACE ( 'NONE', #1521, 1.500000000000001332 ) ;
#3221 = ORIENTED_EDGE ( 'NONE', *, *, #2431, .F. ) ;
#3222 = CARTESIAN_POINT ( 'NONE',  ( 100.6241445491864113, 8.366002758340451706, -4.999999999999968026 ) ) ;
#3223 = EDGE_CURVE ( 'NONE', #3951, #1971, #2867, .T. ) ;
#3224 = CARTESIAN_POINT ( 'NONE',  ( 95.66113095924745835, 0.000000000000000000, -4.979999999999967564 ) ) ;
#3225 = VECTOR ( 'NONE', #2211, 1000.000000000000000 ) ;
#3226 = AXIS2_PLACEMENT_3D ( 'NONE', #2058, #3781, #3709 ) ;
#3227 = DIRECTION ( 'NONE',  ( -1.000000000000000000, 0.000000000000000000, 0.000000000000000000 ) ) ;
#3228 = ORIENTED_EDGE ( 'NONE', *, *, #1042, .F. ) ;
#3229 = AXIS2_PLACEMENT_3D ( 'NONE', #3297, #2506, #4185 ) ;
#3230 = FACE_OUTER_BOUND ( 'NONE', #4868, .T. ) ;
#3231 = ORIENTED_EDGE ( 'NONE', *, *, #1273, .F. ) ;
#3232 = CARTESIAN_POINT ( 'NONE',  ( 69.95368511499633257, 26.53114188592600087, -4.999999999999968026 ) ) ;
#3233 = DIRECTION ( 'NONE',  ( 0.000000000000000000, -0.3090169943749394577, -0.9510565162951563067 ) ) ;
#3234 = AXIS2_PLACEMENT_3D ( 'NONE', #449, #2125, #3775 ) ;
#3235 = EDGE_CURVE ( 'NONE', #2119, #3464, #3726, .T. ) ;
#3236 = ORIENTED_EDGE ( 'NONE', *, *, #3068, .F. ) ;
#3237 = DIRECTION ( 'NONE',  ( -1.000000000000000000, 0.000000000000000000, 0.000000000000000000 ) ) ;
#3238 = DIRECTION ( 'NONE',  ( -1.000000000000000000, 0.000000000000000000, 0.000000000000000000 ) ) ;
#3239 = ORIENTED_EDGE ( 'NONE', *, *, #1440, .T. ) ;
#3240 = CARTESIAN_POINT ( 'NONE',  ( 87.78219903630919418, 3.925789013427738006, -4.979999999999967564 ) ) ;
#3241 = CARTESIAN_POINT ( 'NONE',  ( 100.8716879100530832, 7.069318558218559367, -4.979999999999967564 ) ) ;
#3242 = DIRECTION ( 'NONE',  ( -0.000000000000000000, -0.000000000000000000, 1.000000000000000000 ) ) ;
#3243 = CARTESIAN_POINT ( 'NONE',  ( 59.76262851142323740, 30.24581418685401246, -0.5000000000000000000 ) ) ;
#3244 = ADVANCED_FACE ( 'NONE', ( #4156 ), #2921, .F. ) ;
#3245 = PLANE ( 'NONE',  #1963 ) ;
#3246 = ORIENTED_EDGE ( 'NONE', *, *, #4635, .F. ) ;
#3247 = LINE ( 'NONE', #762, #5085 ) ;
#3248 = CARTESIAN_POINT ( 'NONE',  ( 70.73262851142325758, -17.05471057676229307, -2.999999999999968026 ) ) ;
#3249 = ORIENTED_EDGE ( 'NONE', *, *, #1908, .T. ) ;
#3250 = DIRECTION ( 'NONE',  ( 0.9662349396012444025, -0.000000000000000000, 0.2576626505603393236 ) ) ;
#3251 = CIRCLE ( 'NONE', #1422, 2.500000000000002220 ) ;
#3252 = VERTEX_POINT ( 'NONE', #1664 ) ;
#3253 = CARTESIAN_POINT ( 'NONE',  ( 86.96639998564486973, 12.23508241912022676, -4.979999999999967564 ) ) ;
#3254 = CARTESIAN_POINT ( 'NONE',  ( 122.8526420791192777, -17.07599448707702905, -1.249999999999999778 ) ) ;
#3255 = DIRECTION ( 'NONE',  ( -1.000000000000000000, 0.000000000000000000, 0.000000000000000000 ) ) ;
#3256 = VECTOR ( 'NONE', #4360, 1000.000000000000000 ) ;
#3257 = VERTEX_POINT ( 'NONE', #817 ) ;
#3258 = CARTESIAN_POINT ( 'NONE',  ( 102.2080035272448129, 9.262916647713696605, -4.979999999999967564 ) ) ;
#3259 = CARTESIAN_POINT ( 'NONE',  ( 82.88832325016488767, 7.084149243936463058, -4.999999999999967137 ) ) ;
#3260 = AXIS2_PLACEMENT_3D ( 'NONE', #670, #3127, #2062 ) ;
#3261 = DIRECTION ( 'NONE',  ( -0.000000000000000000, -0.000000000000000000, 1.000000000000000000 ) ) ;
#3262 = EDGE_LOOP ( 'NONE', ( #4479, #2322, #1380, #4331 ) ) ;
#3263 = DIRECTION ( 'NONE',  ( -1.000000000000000000, 0.000000000000000000, 0.000000000000000000 ) ) ;
#3264 = VERTEX_POINT ( 'NONE', #5361 ) ;
#3265 = EDGE_CURVE ( 'NONE', #3521, #3613, #380, .T. ) ;
#3266 = CARTESIAN_POINT ( 'NONE',  ( 123.0526420791192805, 20.89840388879221678, -4.999999999999962697 ) ) ;
#3267 = ORIENTED_EDGE ( 'NONE', *, *, #3983, .F. ) ;
#3268 = DIRECTION ( 'NONE',  ( -1.000000000000000000, 0.000000000000000000, 0.000000000000000000 ) ) ;
#3269 = FACE_OUTER_BOUND ( 'NONE', #5267, .T. ) ;
#3270 = ORIENTED_EDGE ( 'NONE', *, *, #2005, .F. ) ;
#3271 = CARTESIAN_POINT ( 'NONE',  ( 74.72755661367382629, -17.25607953625900493, -0.5000000000000004441 ) ) ;
#3272 = EDGE_CURVE ( 'NONE', #2335, #194, #4601, .T. ) ;
#3273 = DIRECTION ( 'NONE',  ( -1.000000000000000000, 0.000000000000000000, 0.000000000000000000 ) ) ;
#3274 = ORIENTED_EDGE ( 'NONE', *, *, #2105, .F. ) ;
#3275 = CYLINDRICAL_SURFACE ( 'NONE', #198, 2.500000000000002220 ) ;
#3276 = CARTESIAN_POINT ( 'NONE',  ( 125.3019213455272904, -14.62671394500184796, -4.999999999999968026 ) ) ;
#3277 = CARTESIAN_POINT ( 'NONE',  ( 90.70805277157700175, 10.31965814060167830, -4.979999999999967564 ) ) ;
#3278 = CARTESIAN_POINT ( 'NONE',  ( 82.88840377987538943, 6.910493686041516703, -4.979999999999967564 ) ) ;
#3279 = CARTESIAN_POINT ( 'NONE',  ( 100.8714558563692520, 7.251986597513884192, -4.979999999999967564 ) ) ;
#3280 = ORIENTED_EDGE ( 'NONE', *, *, #3520, .T. ) ;
#3281 = CARTESIAN_POINT ( 'NONE',  ( 102.2080035272448129, 9.262916647713696605, -4.999999999999966249 ) ) ;
#3282 = DIRECTION ( 'NONE',  ( 0.000000000000000000, 1.000000000000000000, 0.000000000000000000 ) ) ;
#3283 = DIRECTION ( 'NONE',  ( -0.000000000000000000, 0.000000000000000000, -1.000000000000000000 ) ) ;
#3284 = EDGE_CURVE ( 'NONE', #4984, #3711, #401, .T. ) ;
#3285 = VERTEX_POINT ( 'NONE', #1590 ) ;
#3286 = CARTESIAN_POINT ( 'NONE',  ( 70.73262851142325758, -17.05471057676229307, 1.250000000000070610 ) ) ;
#3287 = EDGE_CURVE ( 'NONE', #2841, #4203, #2604, .T. ) ;
#3288 = CIRCLE ( 'NONE', #1032, 1.300000000000009592 ) ;
#3289 = ORIENTED_EDGE ( 'NONE', *, *, #3635, .F. ) ;
#3290 = CARTESIAN_POINT ( 'NONE',  ( 94.52913030724283772, 11.52683979242192436, -4.979999999999967564 ) ) ;
#3291 = ADVANCED_FACE ( 'NONE', ( #1186 ), #4525, .F. ) ;
#3292 = CARTESIAN_POINT ( 'NONE',  ( 90.70805277157700175, 10.31965814060167830, -4.999999999999966249 ) ) ;
#3293 = AXIS2_PLACEMENT_3D ( 'NONE', #2619, #1803, #902 ) ;
#3294 = ORIENTED_EDGE ( 'NONE', *, *, #746, .T. ) ;
#3295 = FACE_OUTER_BOUND ( 'NONE', #4439, .T. ) ;
#3296 = ADVANCED_FACE ( 'NONE', ( #4131 ), #24, .F. ) ;
#3297 = CARTESIAN_POINT ( 'NONE',  ( 71.97552298397992843, 71.97552298395164883, -92.58679254334981579 ) ) ;
#3298 = ORIENTED_EDGE ( 'NONE', *, *, #383, .T. ) ;
#3299 = VECTOR ( 'NONE', #908, 1000.000000000000000 ) ;
#3300 = ADVANCED_FACE ( 'NONE', ( #4993 ), #4006, .T. ) ;
#3301 = CARTESIAN_POINT ( 'NONE',  ( 57.01262851142327293, -0.7466685580042424775, -3.112090360152054203 ) ) ;
#3302 = AXIS2_PLACEMENT_3D ( 'NONE', #4862, #1106, #2389 ) ;
#3303 = AXIS2_PLACEMENT_3D ( 'NONE', #1896, #3547, #1088 ) ;
#3304 = CARTESIAN_POINT ( 'NONE',  ( 123.0526420791192805, 31.90984821451102604, -4.999999999999962697 ) ) ;
#3305 = CARTESIAN_POINT ( 'NONE',  ( 0.000000000000000000, -19.44745673555394561, -0.5000000000000000000 ) ) ;
#3306 = DIRECTION ( 'NONE',  ( 0.000000000000000000, 0.000000000000000000, -1.000000000000000000 ) ) ;
#3307 = FACE_OUTER_BOUND ( 'NONE', #182, .T. ) ;
#3308 = VECTOR ( 'NONE', #3453, 1000.000000000000000 ) ;
#3309 = EDGE_LOOP ( 'NONE', ( #2796, #5069, #2985, #1411 ) ) ;
#3310 = CARTESIAN_POINT ( 'NONE',  ( 122.8026285114233218, 15.96528942323700839, 1.250000000000070610 ) ) ;
#3311 = CARTESIAN_POINT ( 'NONE',  ( 71.97552298397992843, 71.97552298395164883, -1.250000000000001110 ) ) ;
#3312 = CARTESIAN_POINT ( 'NONE',  ( 98.94611461203105307, 2.115417445241024819, -4.979999999999967564 ) ) ;
#3313 = AXIS2_PLACEMENT_3D ( 'NONE', #5303, #320, #1995 ) ;
#3314 = AXIS2_PLACEMENT_3D ( 'NONE', #3942, #212, #1883 ) ;
#3315 = ORIENTED_EDGE ( 'NONE', *, *, #202, .T. ) ;
#3316 = CARTESIAN_POINT ( 'NONE',  ( 66.73285692220611054, -18.09745673555395840, -2.999999999999975131 ) ) ;
#3317 = VECTOR ( 'NONE', #2602, 1000.000000000000000 ) ;
#3318 = AXIS2_PLACEMENT_3D ( 'NONE', #1449, #3948, #216 ) ;
#3319 = ORIENTED_EDGE ( 'NONE', *, *, #1012, .T. ) ;
#3320 = CARTESIAN_POINT ( 'NONE',  ( 92.41980518307809689, 9.605257369890798813, -4.979999999999967564 ) ) ;
#3321 = EDGE_CURVE ( 'NONE', #5010, #2420, #5245, .T. ) ;
#3322 = CARTESIAN_POINT ( 'NONE',  ( 90.70805277157700175, 10.31965814060167830, -4.979999999999967564 ) ) ;
#3323 = VERTEX_POINT ( 'NONE', #5381 ) ;
#3324 = CARTESIAN_POINT ( 'NONE',  ( 98.94611461203105307, 2.115417445241024819, -4.979999999999967564 ) ) ;
#3325 = EDGE_CURVE ( 'NONE', #3764, #2476, #515, .T. ) ;
#3326 = CARTESIAN_POINT ( 'NONE',  ( 0.000000000000000000, 8.700726189469849103, -4.979999999999967564 ) ) ;
#3327 = ORIENTED_EDGE ( 'NONE', *, *, #730, .T. ) ;
#3328 = CARTESIAN_POINT ( 'NONE',  ( 98.04961584093548765, 10.39564195015911352, -4.979999999999967564 ) ) ;
#3329 = CARTESIAN_POINT ( 'NONE',  ( 74.00262851142325360, -12.16866160237078986, -2.999999999999968026 ) ) ;
#3330 = DIRECTION ( 'NONE',  ( 0.000000000000000000, 0.000000000000000000, -1.000000000000000000 ) ) ;
#3331 = DIRECTION ( 'NONE',  ( 0.000000000000000000, -0.000000000000000000, -1.000000000000000000 ) ) ;
#3332 = ORIENTED_EDGE ( 'NONE', *, *, #120, .F. ) ;
#3333 = DIRECTION ( 'NONE',  ( 1.000000000000000000, -2.974657932581888574E-16, 0.000000000000000000 ) ) ;
#3334 = FACE_OUTER_BOUND ( 'NONE', #774, .T. ) ;
#3335 = PRESENTATION_LAYER_ASSIGNMENT (  '', '', ( #1171 ) ) ;
#3336 = ORIENTED_EDGE ( 'NONE', *, *, #603, .T. ) ;
#3337 = CARTESIAN_POINT ( 'NONE',  ( 72.23262851142325758, -17.05471057676229307, -0.5000000000000000000 ) ) ;
#3338 = CIRCLE ( 'NONE', #1257, 1.000000000000000888 ) ;
#3339 = AXIS2_PLACEMENT_3D ( 'NONE', #376, #19, #791 ) ;
#3340 = CARTESIAN_POINT ( 'NONE',  ( 95.19359532670262070, 11.84766961349087033, -4.979999999999967564 ) ) ;
#3341 = CARTESIAN_POINT ( 'NONE',  ( 81.55185610901467896, 9.262916647930387271, -4.979999999999967564 ) ) ;
#3342 = ORIENTED_EDGE ( 'NONE', *, *, #1844, .T. ) ;
#3343 = CARTESIAN_POINT ( 'NONE',  ( 101.2643289110483806, 3.560532923941400973, -4.979999999999967564 ) ) ;
#3344 = DIRECTION ( 'NONE',  ( -0.000000000000000000, -0.000000000000000000, -1.000000000000000000 ) ) ;
#3345 = ORIENTED_EDGE ( 'NONE', *, *, #2521, .T. ) ;
#3346 = CARTESIAN_POINT ( 'NONE',  ( 96.61823225319521669, 10.39515845149673723, -4.979999999999967564 ) ) ;
#3347 = DIRECTION ( 'NONE',  ( 0.000000000000000000, 0.000000000000000000, 1.000000000000000000 ) ) ;
#3348 = EDGE_CURVE ( 'NONE', #1819, #997, #3741, .T. ) ;
#3349 = CARTESIAN_POINT ( 'NONE',  ( 88.38337899069527737, 4.228132077665787136, -4.979999999999967564 ) ) ;
#3350 = ORIENTED_EDGE ( 'NONE', *, *, #990, .F. ) ;
#3351 = EDGE_CURVE ( 'NONE', #2240, #1096, #3915, .T. ) ;
#3352 = LINE ( 'NONE', #1317, #2830 ) ;
#3353 = CARTESIAN_POINT ( 'NONE',  ( 75.00262851142325360, 32.24581418685401957, -92.58679254334981579 ) ) ;
#3354 = ORIENTED_EDGE ( 'NONE', *, *, #4317, .T. ) ;
#3355 = EDGE_CURVE ( 'NONE', #3824, #1416, #4845, .T. ) ;
#3356 = DIRECTION ( 'NONE',  ( 0.2562075876894533977, -0.1061246185197651931, -0.9607784538354225967 ) ) ;
#3357 = DIRECTION ( 'NONE',  ( -0.000000000000000000, -0.000000000000000000, -1.000000000000000000 ) ) ;
#3358 = ORIENTED_EDGE ( 'NONE', *, *, #4428, .F. ) ;
#3359 = CARTESIAN_POINT ( 'NONE',  ( 81.08814080717546346, 7.081240144903952149, -4.999999999999966249 ) ) ;
#3360 = ORIENTED_EDGE ( 'NONE', *, *, #739, .T. ) ;
#3361 = DIRECTION ( 'NONE',  ( 0.000000000000000000, 0.000000000000000000, -1.000000000000000000 ) ) ;
#3362 = VECTOR ( 'NONE', #2397, 1000.000000000000114 ) ;
#3363 = LINE ( 'NONE', #892, #602 ) ;
#3364 = CARTESIAN_POINT ( 'NONE',  ( 85.16492585232541046, 6.725643756828379338, -4.979999999999967564 ) ) ;
#3365 = ORIENTED_EDGE ( 'NONE', *, *, #5168, .F. ) ;
#3366 = CIRCLE ( 'NONE', #3215, 1.000000000000000888 ) ;
#3367 = CARTESIAN_POINT ( 'NONE',  ( 82.02339349172356719, 4.125901618896371303, -4.999999999999968026 ) ) ;
#3368 = FACE_OUTER_BOUND ( 'NONE', #377, .T. ) ;
#3369 = CARTESIAN_POINT ( 'NONE',  ( 120.8026420791192521, -18.09745673555396550, -2.999999999999968026 ) ) ;
#3370 = CARTESIAN_POINT ( 'NONE',  ( 82.90302429373831217, 6.702338798797476294, -4.979999999999967564 ) ) ;
#3371 = LINE ( 'NONE', #5051, #2511 ) ;
#3372 = VECTOR ( 'NONE', #51, 1000.000000000000000 ) ;
#3373 = LINE ( 'NONE', #4248, #2646 ) ;
#3374 = CARTESIAN_POINT ( 'NONE',  ( 82.88817172619154405, 7.093161725336652346, -4.999999999999967137 ) ) ;
#3375 = FACE_OUTER_BOUND ( 'NONE', #3, .T. ) ;
#3376 = EDGE_LOOP ( 'NONE', ( #4108, #4466, #1374, #531 ) ) ;
#3377 = CIRCLE ( 'NONE', #4161, 1.500000000000001332 ) ;
#3378 = EDGE_CURVE ( 'NONE', #2044, #5012, #176, .T. ) ;
#3379 = CARTESIAN_POINT ( 'NONE',  ( 85.16492585232541046, 7.740963044856599140, -4.979999999999967564 ) ) ;
#3380 = ORIENTED_EDGE ( 'NONE', *, *, #1631, .T. ) ;
#3381 = VECTOR ( 'NONE', #3414, 1000.000000000000000 ) ;
#3382 = CIRCLE ( 'NONE', #2366, 3.000000000000002665 ) ;
#3383 = CARTESIAN_POINT ( 'NONE',  ( 100.7980518846776050, 6.325678204152121786, -4.979999999999967564 ) ) ;
#3384 = VERTEX_POINT ( 'NONE', #5106 ) ;
#3385 = CARTESIAN_POINT ( 'NONE',  ( 102.6717188290364078, 7.081240144677177994, -4.979999999999967564 ) ) ;
#3386 = ORIENTED_EDGE ( 'NONE', *, *, #1065, .T. ) ;
#3387 = EDGE_CURVE ( 'NONE', #3640, #758, #5043, .T. ) ;
#3388 = CARTESIAN_POINT ( 'NONE',  ( 81.23558079040117264, 8.392679732853814301, -4.999999999999966249 ) ) ;
#3389 = ORIENTED_EDGE ( 'NONE', *, *, #3325, .T. ) ;
#3390 = CARTESIAN_POINT ( 'NONE',  ( 57.01262851142327293, 0.000000000000000000, -4.249999999999968026 ) ) ;
#3391 = EDGE_LOOP ( 'NONE', ( #2930, #2276, #3801, #755 ) ) ;
#3392 = DIRECTION ( 'NONE',  ( 0.000000000000000000, 1.000000000000000000, -4.387152023896142705E-17 ) ) ;
#3393 = CARTESIAN_POINT ( 'NONE',  ( 56.51262851142327293, 0.000000000000000000, -1.250000000000001110 ) ) ;
#3394 = B_SPLINE_CURVE_WITH_KNOTS ( 'NONE', 3,
 ( #3604, #4453, #2392, #5046, #3729, #2151, #2580, #4579, #4555, #1262, #2974, #2489, #1667, #3426, #3367, #4240, #1282, #77, #3777, #4995 ),
 .UNSPECIFIED., .F., .F.,
 ( 4, 1, 1, 1, 1, 1, 1, 1, 1, 1, 1, 1, 1, 1, 1, 1, 1, 4 ),
 ( 0.1043905746147574531, 0.1620068793406475305, 0.2264024889723261769, 0.2907980986040048510, 0.3551937082356834141, 0.3873915130515227512, 0.4195893178673620882, 0.4839849274990407624, 0.5483805371307193255, 0.6127761467623979996, 0.6771717563940766738, 0.7415673660257553479, 0.7737651708415946850, 0.8059629756574340220, 0.8703585852891126962, 0.9347541949207913703, 0.9669519997366307074, 0.9991498045524699334 ),
 .UNSPECIFIED. ) ;
#3395 = ADVANCED_FACE ( 'NONE', ( #1361 ), #2231, .T. ) ;
#3396 = DIRECTION ( 'NONE',  ( -1.000000000000000000, 0.000000000000000000, -0.000000000000000000 ) ) ;
#3397 = CARTESIAN_POINT ( 'NONE',  ( 0.000000000000000000, 6.725643756828379338, -4.979999999999967564 ) ) ;
#3398 = LINE ( 'NONE', #1833, #3372 ) ;
#3399 = DIRECTION ( 'NONE',  ( 0.000000000000000000, 0.000000000000000000, -1.000000000000000000 ) ) ;
#3400 = DIRECTION ( 'NONE',  ( -2.775557561562888511E-14, 1.000000000000000000, 0.000000000000000000 ) ) ;
#3401 = PLANE ( 'NONE',  #299 ) ;
#3402 = CARTESIAN_POINT ( 'NONE',  ( 88.38337899069532000, 9.934348205889493855, -4.979999999999967564 ) ) ;
#3403 = CARTESIAN_POINT ( 'NONE',  ( 94.52913030986100296, 2.635640492136963164, -4.979999999999967564 ) ) ;
#3404 = CARTESIAN_POINT ( 'NONE',  ( 87.14162738304939637, 10.39515845149673723, -4.999999999999968026 ) ) ;
#3405 = ORIENTED_EDGE ( 'NONE', *, *, #3524, .F. ) ;
#3406 = EDGE_CURVE ( 'NONE', #2819, #4149, #2555, .T. ) ;
#3407 = CARTESIAN_POINT ( 'NONE',  ( 85.16492585232541046, 6.725643756828379338, -4.979999999999967564 ) ) ;
#3408 = ORIENTED_EDGE ( 'NONE', *, *, #2626, .F. ) ;
#3409 = ADVANCED_FACE ( 'NONE', ( #2666 ), #1742, .T. ) ;
#3410 = DIRECTION ( 'NONE',  ( 0.7071065970440504334, 0.7071069653289967505, 0.000000000000000000 ) ) ;
#3411 = CIRCLE ( 'NONE', #4640, 1.300000000000009592 ) ;
#3412 = CARTESIAN_POINT ( 'NONE',  ( 66.73285692220611054, -17.09745673555395484, -2.999999999999975131 ) ) ;
#3413 = VERTEX_POINT ( 'NONE', #1333 ) ;
#3414 = DIRECTION ( 'NONE',  ( -0.000000000000000000, -0.000000000000000000, -1.000000000000000000 ) ) ;
#3415 = ORIENTED_EDGE ( 'NONE', *, *, #2581, .F. ) ;
#3416 = CONICAL_SURFACE ( 'NONE', #1427, 0.7999999999999951594, 0.2606023917473468399 ) ;
#3417 = CARTESIAN_POINT ( 'NONE',  ( 91.87992981812230653, 8.861467282886149377, -4.999999999999966249 ) ) ;
#3418 = EDGE_CURVE ( 'NONE', #887, #2507, #590, .T. ) ;
#3419 = ORIENTED_EDGE ( 'NONE', *, *, #1806, .F. ) ;
#3420 = VECTOR ( 'NONE', #2041, 1000.000000000000000 ) ;
#3421 = DIRECTION ( 'NONE',  ( 1.000000000000000000, 0.000000000000000000, 0.000000000000000000 ) ) ;
#3422 = ORIENTED_EDGE ( 'NONE', *, *, #3840, .F. ) ;
#3423 = CARTESIAN_POINT ( 'NONE',  ( 85.71024379530909698, 10.39564195015911174, -4.979999999999967564 ) ) ;
#3424 = FACE_OUTER_BOUND ( 'NONE', #1228, .T. ) ;
#3425 = DIRECTION ( 'NONE',  ( 0.000000000000000000, 0.000000000000000000, -1.000000000000000000 ) ) ;
#3426 = CARTESIAN_POINT ( 'NONE',  ( 82.49553072504555473, 3.560532924121067477, -4.999999999999968026 ) ) ;
#3427 = CARTESIAN_POINT ( 'NONE',  ( 87.14000828496686779, 0.000000000000000000, -4.999999999999968026 ) ) ;
#3428 = DIRECTION ( 'NONE',  ( 0.000000000000000000, -1.000000000000000000, 0.000000000000000000 ) ) ;
#3429 = CARTESIAN_POINT ( 'NONE',  ( 120.6962210810369953, 19.36573759034869724, -0.5000000000000004441 ) ) ;
#3430 = ORIENTED_EDGE ( 'NONE', *, *, #1261, .T. ) ;
#3431 = LINE ( 'NONE', #4697, #2403 ) ;
#3432 = CARTESIAN_POINT ( 'NONE',  ( 82.88733903135411651, 7.141356155710509412, -4.999999999999967137 ) ) ;
#3433 = CARTESIAN_POINT ( 'NONE',  ( 95.19359532950973346, 2.314810671459347269, -4.979999999999967564 ) ) ;
#3434 = CARTESIAN_POINT ( 'NONE',  ( 88.38337899069532000, 9.934348205889493855, -4.999999999999968026 ) ) ;
#3435 = DIRECTION ( 'NONE',  ( 4.491845589961664136E-16, 1.000000000000000000, 0.000000000000000000 ) ) ;
#3436 = ORIENTED_EDGE ( 'NONE', *, *, #4397, .T. ) ;
#3437 = DIRECTION ( 'NONE',  ( -1.000000000000000000, 2.974657932581888574E-16, 0.000000000000000000 ) ) ;
#3438 = EDGE_CURVE ( 'NONE', #903, #5099, #2263, .T. ) ;
#3439 = CARTESIAN_POINT ( 'NONE',  ( 57.51262851142327293, -19.64745673555394845, -1.249999999999999778 ) ) ;
#3440 = ORIENTED_EDGE ( 'NONE', *, *, #2765, .F. ) ;
#3441 = VERTEX_POINT ( 'NONE', #4293 ) ;
#3442 = CARTESIAN_POINT ( 'NONE',  ( 113.6061745212482919, -12.36866160237078915, -2.999999999999968026 ) ) ;
#3443 = ORIENTED_EDGE ( 'NONE', *, *, #1121, .F. ) ;
#3444 = DIRECTION ( 'NONE',  ( 0.000000000000000000, 0.000000000000000000, -1.000000000000000000 ) ) ;
#3445 = DIRECTION ( 'NONE',  ( 1.000000000000000000, -0.000000000000000000, 0.000000000000000000 ) ) ;
#3446 = ORIENTED_EDGE ( 'NONE', *, *, #1631, .F. ) ;
#3447 = LINE ( 'NONE', #1797, #795 ) ;
#3448 = DIRECTION ( 'NONE',  ( -1.000000000000000000, 0.000000000000000000, 0.000000000000000000 ) ) ;
#3449 = EDGE_CURVE ( 'NONE', #5010, #4669, #3447, .T. ) ;
#3450 = LINE ( 'NONE', #1013, #4834 ) ;
#3451 = FACE_BOUND ( 'NONE', #318, .T. ) ;
#3452 = CARTESIAN_POINT ( 'NONE',  ( 122.8448143801982440, 11.96551188536371768, -0.5000000000000004441 ) ) ;
#3453 = DIRECTION ( 'NONE',  ( 0.7071067811864085728, -0.7071067811866864616, 0.000000000000000000 ) ) ;
#3454 = CIRCLE ( 'NONE', #237, 0.7500000000000006661 ) ;
#3455 = DIRECTION ( 'NONE',  ( 0.000000000000000000, -0.000000000000000000, -1.000000000000000000 ) ) ;
#3456 = ORIENTED_EDGE ( 'NONE', *, *, #1077, .T. ) ;
#3457 = EDGE_CURVE ( 'NONE', #765, #3613, #2998, .T. ) ;
#3458 = VECTOR ( 'NONE', #821, 1000.000000000000000 ) ;
#3459 = CARTESIAN_POINT ( 'NONE',  ( 90.61572850887192487, 7.534466964194874272, -4.979999999999967564 ) ) ;
#3460 = DIRECTION ( 'NONE',  ( -0.000000000000000000, -0.000000000000000000, -1.000000000000000000 ) ) ;
#3461 = CARTESIAN_POINT ( 'NONE',  ( 82.88733903135411651, 7.141356155710509412, -4.999999999999968026 ) ) ;
#3462 = DIRECTION ( 'NONE',  ( -1.000000000000000000, 0.000000000000000000, 0.000000000000000000 ) ) ;
#3463 = AXIS2_PLACEMENT_3D ( 'NONE', #3618, #786, #4832 ) ;
#3464 = VERTEX_POINT ( 'NONE', #2611 ) ;
#3465 = CARTESIAN_POINT ( 'NONE',  ( 100.8714558563692520, 6.910493686041341732, -4.979999999999967564 ) ) ;
#3466 = CARTESIAN_POINT ( 'NONE',  ( 77.68856860454494040, 77.68829435718376430, -4.999999999999962697 ) ) ;
#3467 = AXIS2_PLACEMENT_3D ( 'NONE', #3806, #81, #1747 ) ;
#3468 = AXIS2_PLACEMENT_3D ( 'NONE', #934, #524, #3036 ) ;
#3469 = ORIENTED_EDGE ( 'NONE', *, *, #3965, .T. ) ;
#3470 = LINE ( 'NONE', #3385, #3381 ) ;
#3471 = EDGE_LOOP ( 'NONE', ( #2692, #2659, #447, #3199 ) ) ;
#3472 = AXIS2_PLACEMENT_3D ( 'NONE', #5195, #1450, #4637 ) ;
#3473 = CARTESIAN_POINT ( 'NONE',  ( 118.8026420791192521, 29.74581418685401957, -3.999999999999968026 ) ) ;
#3474 = EDGE_LOOP ( 'NONE', ( #4711, #5339, #3617, #3358 ) ) ;
#3475 = CARTESIAN_POINT ( 'NONE',  ( 122.1026420791192777, -19.64745673555395200, 2.000000000000000000 ) ) ;
#3476 = FACE_OUTER_BOUND ( 'NONE', #3678, .T. ) ;
#3477 = AXIS2_PLACEMENT_3D ( 'NONE', #1180, #4494, #1884 ) ;
#3478 = EDGE_LOOP ( 'NONE', ( #2487, #3671, #536, #4521 ) ) ;
#3479 = AXIS2_PLACEMENT_3D ( 'NONE', #751, #1575, #665 ) ;
#3480 = CARTESIAN_POINT ( 'NONE',  ( 82.96180775156702225, 7.836802079403055288, -4.979999999999967564 ) ) ;
#3481 = LINE ( 'NONE', #3885, #871 ) ;
#3482 = CARTESIAN_POINT ( 'NONE',  ( 122.8026285114232650, -11.97471057676247064, 2.000000000000000000 ) ) ;
#3483 = CARTESIAN_POINT ( 'NONE',  ( 74.72755661367382629, -17.25607953625900493, -2.999999999999975131 ) ) ;
#3484 = EDGE_CURVE ( 'NONE', #2420, #4885, #4267, .T. ) ;
#3485 = CYLINDRICAL_SURFACE ( 'NONE', #422, 1.500000000000001332 ) ;
#3486 = FACE_OUTER_BOUND ( 'NONE', #2459, .T. ) ;
#3487 = CARTESIAN_POINT ( 'NONE',  ( 117.0144144982132843, -12.16866160237078986, -2.999999999999968026 ) ) ;
#3488 = FACE_OUTER_BOUND ( 'NONE', #2025, .T. ) ;
#3489 = CARTESIAN_POINT ( 'NONE',  ( 89.50399827475565928, 8.968689569654133109, -4.999999999999967137 ) ) ;
#3490 = DIRECTION ( 'NONE',  ( 0.000000000000000000, 1.000000000000000000, 0.000000000000000000 ) ) ;
#3491 = CARTESIAN_POINT ( 'NONE',  ( 122.1026420791192777, -18.89745673555394490, -4.999999999999968026 ) ) ;
#3492 = ORIENTED_EDGE ( 'NONE', *, *, #202, .F. ) ;
#3493 = CARTESIAN_POINT ( 'NONE',  ( 56.42313507921640081, -0.6360840265996494658, -2.771746168381894471 ) ) ;
#3494 = DIRECTION ( 'NONE',  ( -1.000000000000000000, 0.000000000000000000, 0.000000000000000000 ) ) ;
#3495 = EDGE_CURVE ( 'NONE', #3413, #44, #537, .T. ) ;
#3496 = EDGE_CURVE ( 'NONE', #1553, #1018, #4719, .T. ) ;
#3497 = EDGE_LOOP ( 'NONE', ( #95, #5227, #2303, #4305 ) ) ;
#3498 = CARTESIAN_POINT ( 'NONE',  ( 69.95368511499633257, 32.24581418685401957, -2.999999999999968026 ) ) ;
#3499 = ORIENTED_EDGE ( 'NONE', *, *, #3272, .F. ) ;
#3500 = DIRECTION ( 'NONE',  ( -0.000000000000000000, -0.000000000000000000, -1.000000000000000000 ) ) ;
#3501 = ORIENTED_EDGE ( 'NONE', *, *, #93, .T. ) ;
#3502 = DIRECTION ( 'NONE',  ( 1.000000000000000000, 0.000000000000000000, 0.000000000000000000 ) ) ;
#3503 = DIRECTION ( 'NONE',  ( 0.000000000000000000, 0.000000000000000000, -1.000000000000000000 ) ) ;
#3504 = DIRECTION ( 'NONE',  ( 0.000000000000000000, 1.000000000000000000, 0.000000000000000000 ) ) ;
#3505 = ORIENTED_EDGE ( 'NONE', *, *, #1369, .F. ) ;
#3506 = CARTESIAN_POINT ( 'NONE',  ( 125.5948143801982866, 17.94201802533924095, -0.5000000000000004441 ) ) ;
#3507 = VECTOR ( 'NONE', #4119, 1000.000000000000000 ) ;
#3508 = DIRECTION ( 'NONE',  ( 0.9662349396012445135, 0.000000000000000000, -0.2576626505603388795 ) ) ;
#3509 = CARTESIAN_POINT ( 'NONE',  ( 63.26262851142323740, 29.74581418685402667, -4.999999999999968026 ) ) ;
#3510 = DIRECTION ( 'NONE',  ( -0.000000000000000000, -0.000000000000000000, 1.000000000000000000 ) ) ;
#3511 = ADVANCED_FACE ( 'NONE', ( #894 ), #3054, .F. ) ;
#3512 = DIRECTION ( 'NONE',  ( 0.6832314559362810957, -0.6832311000864981221, 0.2576626505603468176 ) ) ;
#3513 = DIRECTION ( 'NONE',  ( 0.000000000000000000, 0.000000000000000000, -1.000000000000000000 ) ) ;
#3514 = VERTEX_POINT ( 'NONE', #2755 ) ;
#3515 = ORIENTED_EDGE ( 'NONE', *, *, #2445, .F. ) ;
#3516 = CARTESIAN_POINT ( 'NONE',  ( 94.52913030986100296, 2.635640492136963164, -4.999999999999968026 ) ) ;
#3517 = ORIENTED_EDGE ( 'NONE', *, *, #630, .F. ) ;
#3518 = DIRECTION ( 'NONE',  ( 0.000000000000000000, -1.000000000000000000, 0.000000000000000000 ) ) ;
#3519 = CARTESIAN_POINT ( 'NONE',  ( 98.86175350386176319, 0.000000000000000000, -4.979999999999967564 ) ) ;
#3520 = EDGE_CURVE ( 'NONE', #2524, #2142, #3916, .T. ) ;
#3521 = VERTEX_POINT ( 'NONE', #3592 ) ;
#3522 = CARTESIAN_POINT ( 'NONE',  ( 56.51262851142327293, -18.64745673555394845, -1.250000000000001110 ) ) ;
#3523 = CARTESIAN_POINT ( 'NONE',  ( 121.1666792343127383, 33.79581418685401673, -1.249999999999999778 ) ) ;
#3524 = EDGE_CURVE ( 'NONE', #4986, #3130, #5170, .T. ) ;
#3525 = ORIENTED_EDGE ( 'NONE', *, *, #2324, .F. ) ;
#3526 = DIRECTION ( 'NONE',  ( 0.000000000000000000, 0.000000000000000000, -1.000000000000000000 ) ) ;
#3527 = VERTEX_POINT ( 'NONE', #2354 ) ;
#3528 = EDGE_CURVE ( 'NONE', #5302, #606, #1913, .T. ) ;
#3529 = PLANE ( 'NONE',  #5004 ) ;
#3530 = ORIENTED_EDGE ( 'NONE', *, *, #5028, .F. ) ;
#3531 = PRODUCT_CONTEXT ( 'NONE', #4164, 'mechanical' ) ;
#3532 = DIRECTION ( 'NONE',  ( 0.000000000000000000, 0.000000000000000000, -1.000000000000000000 ) ) ;
#3533 = DIRECTION ( 'NONE',  ( 0.000000000000000000, -0.3090169943749444537, 0.9510565162951544194 ) ) ;
#3534 = FACE_OUTER_BOUND ( 'NONE', #4003, .T. ) ;
#3535 = CARTESIAN_POINT ( 'NONE',  ( 91.71325068508308220, 5.057944329622189983, -4.979999999999967564 ) ) ;
#3536 = CARTESIAN_POINT ( 'NONE',  ( 121.3026420791192521, 31.18497628975280023, -2.999999999999968026 ) ) ;
#3537 = EDGE_LOOP ( 'NONE', ( #4044, #840, #2319, #3228 ) ) ;
#3538 = DIRECTION ( 'NONE',  ( -1.000000000000000000, 0.000000000000000000, 0.000000000000000000 ) ) ;
#3539 = CARTESIAN_POINT ( 'NONE',  ( 56.51262851142327293, -18.64745673555394845, -92.58679254334981579 ) ) ;
#3540 = DIRECTION ( 'NONE',  ( -0.000000000000000000, -0.000000000000000000, -1.000000000000000000 ) ) ;
#3541 = ORIENTED_EDGE ( 'NONE', *, *, #1389, .F. ) ;
#3542 = VERTEX_POINT ( 'NONE', #4027 ) ;
#3543 = CARTESIAN_POINT ( 'NONE',  ( 119.8026420791192521, -15.59745673555395484, -2.999999999999968026 ) ) ;
#3544 = VERTEX_POINT ( 'NONE', #1857 ) ;
#3545 = CARTESIAN_POINT ( 'NONE',  ( 74.72755661367382629, -17.25607953625900493, -92.58679254334981579 ) ) ;
#3546 = VECTOR ( 'NONE', #2854, 1000.000000000000000 ) ;
#3547 = DIRECTION ( 'NONE',  ( -0.000000000000000000, -0.000000000000000000, 1.000000000000000000 ) ) ;
#3548 = CARTESIAN_POINT ( 'NONE',  ( 93.57782975213456211, 8.183676927377259602, -4.999999999999968026 ) ) ;
#3549 = ORIENTED_EDGE ( 'NONE', *, *, #3068, .T. ) ;
#3550 = VECTOR ( 'NONE', #3255, 1000.000000000000000 ) ;
#3551 = DIRECTION ( 'NONE',  ( 0.000000000000000000, 0.000000000000000000, -1.000000000000000000 ) ) ;
#3552 = CARTESIAN_POINT ( 'NONE',  ( 74.72755661367382629, -17.25607953625900493, -0.5000000000000004441 ) ) ;
#3553 = EDGE_CURVE ( 'NONE', #4501, #3966, #2694, .T. ) ;
#3554 = CIRCLE ( 'NONE', #4603, 1.500000000000001332 ) ;
#3555 = ORIENTED_EDGE ( 'NONE', *, *, #5351, .F. ) ;
#3556 = CARTESIAN_POINT ( 'NONE',  ( 90.86579377901445298, 7.081240141777706221, -4.999999999999967137 ) ) ;
#3557 = ORIENTED_EDGE ( 'NONE', *, *, #3355, .F. ) ;
#3558 = ADVANCED_FACE ( 'NONE', ( #3104, #623 ), #2293, .T. ) ;
#3559 = LINE ( 'NONE', #1498, #1778 ) ;
#3560 = AXIS2_PLACEMENT_3D ( 'NONE', #3452, #4241, #3888 ) ;
#3561 = AXIS2_PLACEMENT_3D ( 'NONE', #5292, #3634, #4426 ) ;
#3562 = ORIENTED_EDGE ( 'NONE', *, *, #3053, .T. ) ;
#3563 = CARTESIAN_POINT ( 'NONE',  ( 90.70805277157700175, 10.31965814060167830, -4.999999999999968026 ) ) ;
#3564 = DIRECTION ( 'NONE',  ( -0.000000000000000000, -0.000000000000000000, -1.000000000000000000 ) ) ;
#3565 = LINE ( 'NONE', #3165, #91 ) ;
#3566 = CARTESIAN_POINT ( 'NONE',  ( 125.0948143801982866, 0.5696557525068771666, -4.249999999999968914 ) ) ;
#3567 = VECTOR ( 'NONE', #2895, 1000.000000000000000 ) ;
#3568 = CARTESIAN_POINT ( 'NONE',  ( 121.3026285114233218, 15.96528942323700839, 1.250000000000070610 ) ) ;
#3569 = CARTESIAN_POINT ( 'NONE',  ( 67.73285692220611054, -17.09745673555395484, -92.58679254334981579 ) ) ;
#3570 = CIRCLE ( 'NONE', #1580, 2.500000000000002220 ) ;
#3571 = CIRCLE ( 'NONE', #3479, 1.000000000000000888 ) ;
#3572 = FACE_OUTER_BOUND ( 'NONE', #339, .T. ) ;
#3573 = CARTESIAN_POINT ( 'NONE',  ( 72.03262851142326895, -17.05471057676229307, 2.000000000000000000 ) ) ;
#3574 = VERTEX_POINT ( 'NONE', #5253 ) ;
#3575 = AXIS2_PLACEMENT_3D ( 'NONE', #3071, #2224, #2630 ) ;
#3576 = CIRCLE ( 'NONE', #1479, 3.000000000000002665 ) ;
#3577 = ORIENTED_EDGE ( 'NONE', *, *, #3716, .F. ) ;
#3578 = CARTESIAN_POINT ( 'NONE',  ( 85.71024379530906856, 3.766838333396222982, -4.999999999999968026 ) ) ;
#3579 = VERTEX_POINT ( 'NONE', #1503 ) ;
#3580 = LINE ( 'NONE', #1087, #2265 ) ;
#3581 = CARTESIAN_POINT ( 'NONE',  ( 121.8026420791192521, 0.000000000000000000, -0.5000000000000000000 ) ) ;
#3582 = DIRECTION ( 'NONE',  ( -1.000000000000000000, 0.000000000000000000, 0.000000000000000000 ) ) ;
#3583 = CARTESIAN_POINT ( 'NONE',  ( 124.1026285114233332, 15.96528942323700839, 2.000000000000000000 ) ) ;
#3584 = ADVANCED_FACE ( 'NONE', ( #3534 ), #1075, .F. ) ;
#3585 = ORIENTED_EDGE ( 'NONE', *, *, #4817, .F. ) ;
#3586 = ORIENTED_EDGE ( 'NONE', *, *, #1555, .F. ) ;
#3587 = EDGE_CURVE ( 'NONE', #3776, #465, #3565, .T. ) ;
#3588 = DIRECTION ( 'NONE',  ( -1.000000000000000000, 0.000000000000000000, 0.000000000000000000 ) ) ;
#3589 = ORIENTED_EDGE ( 'NONE', *, *, #3351, .F. ) ;
#3590 = CARTESIAN_POINT ( 'NONE',  ( 99.32515517334117305, 4.267385370128940814, -4.979999999999967564 ) ) ;
#3591 = LINE ( 'NONE', #4025, #4518 ) ;
#3592 = CARTESIAN_POINT ( 'NONE',  ( 85.16492585232541046, 7.740963044856599140, -4.999999999999968026 ) ) ;
#3593 = CARTESIAN_POINT ( 'NONE',  ( 89.23072932620189590, 2.635640492090984832, -4.979999999999967564 ) ) ;
#3594 = EDGE_CURVE ( 'NONE', #2282, #3697, #266, .T. ) ;
#3595 = DIRECTION ( 'NONE',  ( -0.000000000000000000, 0.000000000000000000, -1.000000000000000000 ) ) ;
#3596 = EDGE_LOOP ( 'NONE', ( #5300, #4874, #20, #419 ) ) ;
#3597 =( NAMED_UNIT ( * ) PLANE_ANGLE_UNIT ( ) SI_UNIT ( $, .RADIAN. ) );
#3598 = AXIS2_PLACEMENT_3D ( 'NONE', #1476, #3138, #1391 ) ;
#3599 = DIRECTION ( 'NONE',  ( -1.000000000000000000, 0.000000000000000000, 0.000000000000000000 ) ) ;
#3600 = DIRECTION ( 'NONE',  ( -1.000000000000000000, -2.081668171172166620E-14, 0.000000000000000000 ) ) ;
#3601 = EDGE_LOOP ( 'NONE', ( #2383, #1443 ) ) ;
#3602 = DIRECTION ( 'NONE',  ( -0.000000000000000000, -0.000000000000000000, 1.000000000000000000 ) ) ;
#3603 = VERTEX_POINT ( 'NONE', #5065 ) ;
#3604 = CARTESIAN_POINT ( 'NONE',  ( 91.87992981812230653, 5.301013001641475597, -4.999999999999968026 ) ) ;
#3605 = ORIENTED_EDGE ( 'NONE', *, *, #4393, .T. ) ;
#3606 = DIRECTION ( 'NONE',  ( -1.000000000000000000, 0.000000000000000000, 0.000000000000000000 ) ) ;
#3607 = CARTESIAN_POINT ( 'NONE',  ( 70.73808611690317605, 70.73808611687545067, -92.58679254334981579 ) ) ;
#3608 = B_SPLINE_SURFACE_WITH_KNOTS ( 'NONE', 3, 1, ( 
 ( #4316, #3417 ),
 ( #3879, #5154 ),
 ( #1441, #4289 ),
 ( #4678, #4771 ),
 ( #5101, #1034 ),
 ( #2226, #2574 ),
 ( #5071, #154 ),
 ( #5182, #585 ),
 ( #620, #2288 ),
 ( #3937, #1329 ),
 ( #2256, #207 ),
 ( #1878, #4653 ),
 ( #2995, #4231 ),
 ( #3020, #4409 ),
 ( #4950, #260 ),
 ( #3258, #3281 ),
 ( #3692, #365 ),
 ( #3159, #4831 ),
 ( #2881, #828 ),
 ( #2350, #1100 ) ),
 .UNSPECIFIED., .F., .F., .F.,
 ( 4, 1, 1, 1, 1, 1, 1, 1, 1, 1, 1, 1, 1, 1, 1, 1, 1, 4 ),
 ( 2, 2 ),
 ( 0.1043905747462149508, 0.1620068793406497232, 0.2264024889723289247, 0.2907980986040081262, 0.3551937082356873554, 0.3873915130515269700, 0.4195893178673665291, 0.4839849274990457584, 0.5483805371307249876, 0.6127761467624042169, 0.6771717563940833351, 0.7415673660257625643, 0.7737651708416022345, 0.8059629756574417936, 0.8703585852891209118, 0.9347541949208001411, 0.9669519997366398112, 0.9991498045524793703 ),
 ( 0.000000000000000000, 1.000000000000000000 ),
 .UNSPECIFIED. ) ;
#3609 = VECTOR ( 'NONE', #5386, 1000.000000000000000 ) ;
#3610 = DIRECTION ( 'NONE',  ( -0.000000000000000000, -0.000000000000000000, 1.000000000000000000 ) ) ;
#3611 = EDGE_LOOP ( 'NONE', ( #3562, #5295, #2762, #1350 ) ) ;
#3612 = CARTESIAN_POINT ( 'NONE',  ( 0.000000000000000000, 7.740963044856599140, -4.979999999999967564 ) ) ;
#3613 = VERTEX_POINT ( 'NONE', #2166 ) ;
#3614 = CARTESIAN_POINT ( 'NONE',  ( 70.73262851142325758, -17.05471057676229307, 2.000000000000000000 ) ) ;
#3615 = VERTEX_POINT ( 'NONE', #4227 ) ;
#3616 = EDGE_CURVE ( 'NONE', #1661, #3089, #3827, .T. ) ;
#3617 = ORIENTED_EDGE ( 'NONE', *, *, #2765, .T. ) ;
#3618 = CARTESIAN_POINT ( 'NONE',  ( 118.8026420791192521, 29.74581418685401957, 2.000000000000000000 ) ) ;
#3619 = ORIENTED_EDGE ( 'NONE', *, *, #1109, .T. ) ;
#3620 = CARTESIAN_POINT ( 'NONE',  ( 81.08557224947320208, 6.890959614555012713, -4.999999999999968026 ) ) ;
#3621 = ADVANCED_FACE ( 'NONE', ( #615 ), #5095, .T. ) ;
#3622 = LINE ( 'NONE', #5305, #1179 ) ;
#3623 = EDGE_LOOP ( 'NONE', ( #499, #910, #3875, #2337, #3976, #1724, #5102, #3796, #827, #3938, #4009, #1486, #884, #5241, #3926, #4226, #255, #5120, #2255, #3946, #949, #4347, #2577, #2222, #3788, #1881, #1194, #5306, #3046, #4365, #1176, #2492, #494, #2677, #3031, #1577, #4070, #1499, #2896, #2150, #2056, #3389, #866 ) ) ;
#3624 = CARTESIAN_POINT ( 'NONE',  ( 95.97766059993536203, 10.23669127012755276, -4.999999999999968026 ) ) ;
#3625 = CARTESIAN_POINT ( 'NONE',  ( 73.73262851142325758, -17.05471057676229307, -2.999999999999968026 ) ) ;
#3626 = EDGE_CURVE ( 'NONE', #2471, #4969, #4707, .T. ) ;
#3627 = DIRECTION ( 'NONE',  ( 0.000000000000000000, 0.000000000000000000, -1.000000000000000000 ) ) ;
#3628 = EDGE_LOOP ( 'NONE', ( #3589, #4914, #2074, #4624 ) ) ;
#3629 = ADVANCED_FACE ( 'NONE', ( #3932 ), #824, .T. ) ;
#3630 = LINE ( 'NONE', #4012, #4830 ) ;
#3631 = CARTESIAN_POINT ( 'NONE',  ( 122.1026420791192777, -18.89745673555394490, -0.5000000000000000000 ) ) ;
#3632 = ORIENTED_EDGE ( 'NONE', *, *, #5247, .T. ) ;
#3633 = CARTESIAN_POINT ( 'NONE',  ( 85.90971549955189346, 1.915127625333971295, -4.979999999999967564 ) ) ;
#3634 = DIRECTION ( 'NONE',  ( 1.000000000000000000, 0.000000000000000000, 0.000000000000000000 ) ) ;
#3635 = EDGE_CURVE ( 'NONE', #5400, #3764, #1786, .T. ) ;
#3636 = CARTESIAN_POINT ( 'NONE',  ( 99.32515517334110200, 9.895094913426238037, -4.979999999999967564 ) ) ;
#3637 = EDGE_LOOP ( 'NONE', ( #2279, #4493, #2230, #2000 ) ) ;
#3638 = AXIS2_PLACEMENT_3D ( 'NONE', #2568, #3206, #1117 ) ;
#3639 = CARTESIAN_POINT ( 'NONE',  ( 122.8448143801982440, 11.96551188536371768, -2.999999999999975131 ) ) ;
#3640 = VERTEX_POINT ( 'NONE', #2376 ) ;
#3641 = EDGE_CURVE ( 'NONE', #467, #5248, #5148, .T. ) ;
#3642 = CARTESIAN_POINT ( 'NONE',  ( 85.71024379530906856, 3.766838333396222982, -4.999999999999967137 ) ) ;
#3643 = VECTOR ( 'NONE', #2539, 1000.000000000000000 ) ;
#3644 = ORIENTED_EDGE ( 'NONE', *, *, #3626, .F. ) ;
#3645 = VERTEX_POINT ( 'NONE', #3185 ) ;
#3646 = CARTESIAN_POINT ( 'NONE',  ( 100.8714558563692520, 6.910493686041341732, -4.979999999999967564 ) ) ;
#3647 = VECTOR ( 'NONE', #1201, 1000.000000000000000 ) ;
#3648 = CARTESIAN_POINT ( 'NONE',  ( 81.10534930150754462, 6.507352899486002151, -4.999999999999968026 ) ) ;
#3649 = CARTESIAN_POINT ( 'NONE',  ( 122.8026285114232650, -11.97471057676247064, -0.5000000000000000000 ) ) ;
#3650 = ORIENTED_EDGE ( 'NONE', *, *, #5113, .T. ) ;
#3651 =( LENGTH_UNIT ( ) NAMED_UNIT ( * ) SI_UNIT ( .MILLI., .METRE. ) );
#3652 = AXIS2_PLACEMENT_3D ( 'NONE', #4390, #4780, #1978 ) ;
#3653 = VECTOR ( 'NONE', #5050, 1000.000000000000000 ) ;
#3654 = EDGE_CURVE ( 'NONE', #3099, #1082, #4876, .T. ) ;
#3655 = DIRECTION ( 'NONE',  ( 0.000000000000000000, -1.000000000000000000, -1.316145607168839545E-16 ) ) ;
#3656 = VERTEX_POINT ( 'NONE', #3987 ) ;
#3657 = AXIS2_PLACEMENT_3D ( 'NONE', #2530, #841, #2894 ) ;
#3658 = VECTOR ( 'NONE', #3172, 1000.000000000000000 ) ;
#3659 = EDGE_CURVE ( 'NONE', #3044, #4841, #2800, .T. ) ;
#3660 = LINE ( 'NONE', #2413, #1090 ) ;
#3661 = DIRECTION ( 'NONE',  ( 0.000000000000000000, 0.000000000000000000, -1.000000000000000000 ) ) ;
#3662 = ORIENTED_EDGE ( 'NONE', *, *, #905, .T. ) ;
#3663 = LINE ( 'NONE', #2339, #2598 ) ;
#3664 = AXIS2_PLACEMENT_3D ( 'NONE', #2962, #3679, #396 ) ;
#3665 = AXIS2_PLACEMENT_3D ( 'NONE', #1168, #2419, #4068 ) ;
#3666 = EDGE_CURVE ( 'NONE', #580, #2844, #431, .T. ) ;
#3667 = CARTESIAN_POINT ( 'NONE',  ( 100.7980518846775908, 7.836802079403089927, -4.999999999999968026 ) ) ;
#3668 = EDGE_LOOP ( 'NONE', ( #2176, #3408 ) ) ;
#3669 = CARTESIAN_POINT ( 'NONE',  ( 82.88837248373860689, 7.081240141777561448, -4.979999999999967564 ) ) ;
#3670 = DIRECTION ( 'NONE',  ( 0.000000000000000000, 0.3090169943749398462, -0.9510565162951560847 ) ) ;
#3671 = ORIENTED_EDGE ( 'NONE', *, *, #5256, .T. ) ;
#3672 = DIRECTION ( 'NONE',  ( 0.000000000000000000, 1.000000000000000000, 0.000000000000000000 ) ) ;
#3673 = EDGE_LOOP ( 'NONE', ( #1020, #289, #2418, #4144 ) ) ;
#3674 = EDGE_CURVE ( 'NONE', #2096, #2865, #724, .T. ) ;
#3675 = VERTEX_POINT ( 'NONE', #1458 ) ;
#3676 = CARTESIAN_POINT ( 'NONE',  ( 88.56626430961337348, 11.84766961355438220, -4.999999999999968026 ) ) ;
#3677 = ORIENTED_EDGE ( 'NONE', *, *, #259, .T. ) ;
#3678 = EDGE_LOOP ( 'NONE', ( #5211, #3430, #3525, #556 ) ) ;
#3679 = DIRECTION ( 'NONE',  ( 0.000000000000000000, 0.000000000000000000, -1.000000000000000000 ) ) ;
#3680 = DIRECTION ( 'NONE',  ( -1.000000000000000000, -0.000000000000000000, -0.000000000000000000 ) ) ;
#3681 = ORIENTED_EDGE ( 'NONE', *, *, #1537, .T. ) ;
#3682 = CARTESIAN_POINT ( 'NONE',  ( 125.3948143801982837, -13.91960734795780397, -0.5000000000000000000 ) ) ;
#3683 = ORIENTED_EDGE ( 'NONE', *, *, #1604, .F. ) ;
#3684 = FACE_OUTER_BOUND ( 'NONE', #617, .T. ) ;
#3685 = CIRCLE ( 'NONE', #1519, 1.000000000000000888 ) ;
#3686 = PLANE ( 'NONE',  #2352 ) ;
#3687 = CARTESIAN_POINT ( 'NONE',  ( 95.66113095924745835, 6.725643756828379338, -4.979999999999967564 ) ) ;
#3688 = DIRECTION ( 'NONE',  ( -4.491845589961664136E-16, -1.000000000000000000, 0.000000000000000000 ) ) ;
#3689 = CARTESIAN_POINT ( 'NONE',  ( 100.8714558563692520, 7.251986597513884192, -4.999999999999968026 ) ) ;
#3690 = AXIS2_PLACEMENT_3D ( 'NONE', #3631, #5312, #1567 ) ;
#3691 = ORIENTED_EDGE ( 'NONE', *, *, #1480, .T. ) ;
#3692 = CARTESIAN_POINT ( 'NONE',  ( 102.5242788458393051, 8.392679732630226042, -4.979999999999967564 ) ) ;
#3693 = CIRCLE ( 'NONE', #3181, 2.500000000000002220 ) ;
#3694 = EDGE_LOOP ( 'NONE', ( #2194, #4475 ) ) ;
#3695 = EDGE_CURVE ( 'NONE', #388, #242, #5297, .T. ) ;
#3696 = CARTESIAN_POINT ( 'NONE',  ( 81.18710827339830871, -12.16866160237078986, -2.999999999999968026 ) ) ;
#3697 = VERTEX_POINT ( 'NONE', #5320 ) ;
#3698 = ORIENTED_EDGE ( 'NONE', *, *, #2856, .F. ) ;
#3699 = DIRECTION ( 'NONE',  ( 1.000000000000000000, 0.000000000000000000, -0.000000000000000000 ) ) ;
#3700 = EDGE_CURVE ( 'NONE', #4744, #4841, #3571, .T. ) ;
#3701 = CARTESIAN_POINT ( 'NONE',  ( 85.90971550288031722, 12.24735266136764267, -4.979999999999967564 ) ) ;
#3702 = ORIENTED_EDGE ( 'NONE', *, *, #2097, .F. ) ;
#3703 = LINE ( 'NONE', #1634, #2957 ) ;
#3704 = DIRECTION ( 'NONE',  ( 0.000000000000000000, 0.000000000000000000, -1.000000000000000000 ) ) ;
#3705 = ORIENTED_EDGE ( 'NONE', *, *, #305, .T. ) ;
#3706 = CARTESIAN_POINT ( 'NONE',  ( 118.8026420791192521, -15.59745673555395484, -3.999999999999968026 ) ) ;
#3707 = LINE ( 'NONE', #2107, #5319 ) ;
#3708 = LINE ( 'NONE', #3329, #169 ) ;
#3709 = DIRECTION ( 'NONE',  ( -1.000000000000000000, 0.000000000000000000, 0.000000000000000000 ) ) ;
#3710 = CARTESIAN_POINT ( 'NONE',  ( 95.37648064554930727, 9.934348205889497407, -4.999999999999968026 ) ) ;
#3711 = VERTEX_POINT ( 'NONE', #283 ) ;
#3712 = DIRECTION ( 'NONE',  ( 0.000000000000000000, 0.000000000000000000, -1.000000000000000000 ) ) ;
#3713 = DIRECTION ( 'NONE',  ( 0.000000000000000000, 0.000000000000000000, -1.000000000000000000 ) ) ;
#3714 = ORIENTED_EDGE ( 'NONE', *, *, #2929, .T. ) ;
#3715 = DIRECTION ( 'NONE',  ( 0.000000000000000000, 0.000000000000000000, -1.000000000000000000 ) ) ;
#3716 = EDGE_CURVE ( 'NONE', #3711, #322, #2399, .T. ) ;
#3717 = VECTOR ( 'NONE', #197, 1000.000000000000000 ) ;
#3718 = ORIENTED_EDGE ( 'NONE', *, *, #2938, .T. ) ;
#3719 = DIRECTION ( 'NONE',  ( 0.000000000000000000, 0.000000000000000000, -1.000000000000000000 ) ) ;
#3720 = ADVANCED_FACE ( 'NONE', ( #2343 ), #4485, .F. ) ;
#3721 = CARTESIAN_POINT ( 'NONE',  ( 81.08557224959578491, 7.271520675254553367, -4.979999999999967564 ) ) ;
#3722 = AXIS2_PLACEMENT_3D ( 'NONE', #2291, #1037, #899 ) ;
#3723 = EDGE_CURVE ( 'NONE', #3936, #2850, #4255, .T. ) ;
#3724 = ORIENTED_EDGE ( 'NONE', *, *, #4839, .T. ) ;
#3725 = CARTESIAN_POINT ( 'NONE',  ( 99.95344118448183224, 2.537988583231631345, -4.979999999999967564 ) ) ;
#3726 = LINE ( 'NONE', #1635, #1226 ) ;
#3727 = ORIENTED_EDGE ( 'NONE', *, *, #3457, .F. ) ;
#3728 = CIRCLE ( 'NONE', #4958, 1.000000000000000888 ) ;
#3729 = CARTESIAN_POINT ( 'NONE',  ( 89.97349909748092500, 3.149696587935229886, -4.999999999999968026 ) ) ;
#3730 = VECTOR ( 'NONE', #511, 1000.000000000000000 ) ;
#3731 = CIRCLE ( 'NONE', #2170, 0.7999999999999951594 ) ;
#3732 = EDGE_CURVE ( 'NONE', #4264, #3070, #5206, .T. ) ;
#3733 = CARTESIAN_POINT ( 'NONE',  ( 91.34005445318651084, 9.605257369896378350, -4.979999999999967564 ) ) ;
#3734 = CARTESIAN_POINT ( 'NONE',  ( 70.73262851142325758, -17.05471057676229307, -2.999999999999968026 ) ) ;
#3735 = CARTESIAN_POINT ( 'NONE',  ( 0.000000000000000000, 7.740963044856599140, -4.979999999999967564 ) ) ;
#3736 = EDGE_LOOP ( 'NONE', ( #2723, #1629, #680, #989 ) ) ;
#3737 = CARTESIAN_POINT ( 'NONE',  ( 70.73262851142325758, -17.05471057676229307, -4.999999999999968026 ) ) ;
#3738 = CARTESIAN_POINT ( 'NONE',  ( 121.3026285114233218, 15.96528942323700839, 1.250000000000070610 ) ) ;
#3739 = CARTESIAN_POINT ( 'NONE',  ( 102.6545103346850993, 6.507352899259793766, -4.999999999999966249 ) ) ;
#3740 = CIRCLE ( 'NONE', #84, 1.300000000000009592 ) ;
#3741 = CIRCLE ( 'NONE', #3234, 2.500000000000002220 ) ;
#3742 = VERTEX_POINT ( 'NONE', #3583 ) ;
#3743 = DIRECTION ( 'NONE',  ( 0.000000000000000000, 0.000000000000000000, -1.000000000000000000 ) ) ;
#3744 = EDGE_LOOP ( 'NONE', ( #5224, #2162, #4920, #5016 ) ) ;
#3745 = CARTESIAN_POINT ( 'NONE',  ( 58.26262851142322319, -15.59745673555393886, -3.999999999999968026 ) ) ;
#3746 = EDGE_CURVE ( 'NONE', #1178, #2335, #3208, .T. ) ;
#3747 = EDGE_LOOP ( 'NONE', ( #2498, #185, #3415, #4626 ) ) ;
#3748 = LINE ( 'NONE', #68, #2481 ) ;
#3749 = EDGE_LOOP ( 'NONE', ( #2910, #3113, #4770, #1677 ) ) ;
#3750 = LINE ( 'NONE', #1712, #3760 ) ;
#3751 = LINE ( 'NONE', #354, #968 ) ;
#3752 = DIRECTION ( 'NONE',  ( 0.000000000000000000, 0.000000000000000000, -1.000000000000000000 ) ) ;
#3753 = VERTEX_POINT ( 'NONE', #4901 ) ;
#3754 = EDGE_CURVE ( 'NONE', #3184, #2422, #5265, .T. ) ;
#3755 = FACE_BOUND ( 'NONE', #1559, .T. ) ;
#3756 = FACE_OUTER_BOUND ( 'NONE', #761, .T. ) ;
#3757 = CARTESIAN_POINT ( 'NONE',  ( 63.26262851142322319, -15.59745673555393886, -3.999999999999968026 ) ) ;
#3758 = ORIENTED_EDGE ( 'NONE', *, *, #2277, .F. ) ;
#3759 = ADVANCED_FACE ( 'NONE', ( #695 ), #2804, .F. ) ;
#3760 = VECTOR ( 'NONE', #2997, 1000.000000000000000 ) ;
#3761 = CYLINDRICAL_SURFACE ( 'NONE', #998, 1.000000000000000888 ) ;
#3762 = CARTESIAN_POINT ( 'NONE',  ( 82.88837248373860689, 7.081240141777757735, -4.979999999999967564 ) ) ;
#3763 = CIRCLE ( 'NONE', #200, 1.000000000000000888 ) ;
#3764 = VERTEX_POINT ( 'NONE', #1872 ) ;
#3765 = CARTESIAN_POINT ( 'NONE',  ( 125.1604998051476230, 18.50770345028836772, -0.5000000000000000000 ) ) ;
#3766 = AXIS2_PLACEMENT_3D ( 'NONE', #437, #5002, #4169 ) ;
#3767 = CARTESIAN_POINT ( 'NONE',  ( 92.89406585723018850, 7.081240141777514374, -4.979999999999967564 ) ) ;
#3768 = ORIENTED_EDGE ( 'NONE', *, *, #4295, .T. ) ;
#3769 = VECTOR ( 'NONE', #1565, 1000.000000000000000 ) ;
#3770 = CARTESIAN_POINT ( 'NONE',  ( 95.90769820357503761, 12.09321081769391704, -4.979999999999967564 ) ) ;
#3771 = LINE ( 'NONE', #839, #206 ) ;
#3772 = EDGE_LOOP ( 'NONE', ( #5062, #502, #3585, #3405 ) ) ;
#3773 = CARTESIAN_POINT ( 'NONE',  ( 75.00262851142325360, 31.24581418685401601, -0.5000000000000004441 ) ) ;
#3774 = CARTESIAN_POINT ( 'NONE',  ( 124.3026285114233218, 15.96528942323700839, -0.5000000000000000000 ) ) ;
#3775 = DIRECTION ( 'NONE',  ( -1.000000000000000000, 0.000000000000000000, 0.000000000000000000 ) ) ;
#3776 = VERTEX_POINT ( 'NONE', #3522 ) ;
#3777 = CARTESIAN_POINT ( 'NONE',  ( 81.08557224947320208, 6.890959614555012713, -4.999999999999968026 ) ) ;
#3778 = CYLINDRICAL_SURFACE ( 'NONE', #858, 3.000000000000002665 ) ;
#3779 = EDGE_CURVE ( 'NONE', #1534, #4103, #4793, .T. ) ;
#3780 = CARTESIAN_POINT ( 'NONE',  ( 87.14000828496686779, 0.000000000000000000, -4.999999999999968026 ) ) ;
#3781 = DIRECTION ( 'NONE',  ( -0.000000000000000000, -0.000000000000000000, -1.000000000000000000 ) ) ;
#3782 = FACE_OUTER_BOUND ( 'NONE', #3694, .T. ) ;
#3783 = ADVANCED_FACE ( 'NONE', ( #4374 ), #3416, .T. ) ;
#3784 = ORIENTED_EDGE ( 'NONE', *, *, #4588, .T. ) ;
#3785 = FACE_OUTER_BOUND ( 'NONE', #570, .T. ) ;
#3786 = CARTESIAN_POINT ( 'NONE',  ( 102.6717188290364078, 7.081240144677177994, -4.999999999999966249 ) ) ;
#3787 = EDGE_CURVE ( 'NONE', #2973, #219, #1245, .T. ) ;
#3788 = ORIENTED_EDGE ( 'NONE', *, *, #4746, .F. ) ;
#3789 = FACE_OUTER_BOUND ( 'NONE', #3928, .T. ) ;
#3790 = EDGE_CURVE ( 'NONE', #5012, #3021, #337, .T. ) ;
#3791 = EDGE_CURVE ( 'NONE', #5237, #3257, #829, .T. ) ;
#3792 = VERTEX_POINT ( 'NONE', #411 ) ;
#3793 = LINE ( 'NONE', #1818, #5250 ) ;
#3794 = ORIENTED_EDGE ( 'NONE', *, *, #1497, .T. ) ;
#3795 = DIRECTION ( 'NONE',  ( -0.000000000000000000, 0.000000000000000000, -1.000000000000000000 ) ) ;
#3796 = ORIENTED_EDGE ( 'NONE', *, *, #287, .T. ) ;
#3797 = CARTESIAN_POINT ( 'NONE',  ( 102.5242788466116508, 5.769800556637290967, -4.979999999999967564 ) ) ;
#3798 = VECTOR ( 'NONE', #3871, 1000.000000000000000 ) ;
#3799 = ORIENTED_EDGE ( 'NONE', *, *, #2317, .F. ) ;
#3800 = CARTESIAN_POINT ( 'NONE',  ( 88.38337899069532000, 9.934348205889493855, -4.979999999999967564 ) ) ;
#3801 = ORIENTED_EDGE ( 'NONE', *, *, #662, .T. ) ;
#3802 = CIRCLE ( 'NONE', #241, 1.000000000000000888 ) ;
#3803 = CARTESIAN_POINT ( 'NONE',  ( 92.89406585723018850, 7.081240141777514374, -4.979999999999967564 ) ) ;
#3804 = CARTESIAN_POINT ( 'NONE',  ( 60.76262851142322319, -15.59745673555393886, -3.999999999999968026 ) ) ;
#3805 = ADVANCED_FACE ( 'NONE', ( #2042 ), #1221, .F. ) ;
#3806 = CARTESIAN_POINT ( 'NONE',  ( 72.00262851142325360, 31.20528942323797139, 2.000000000000000000 ) ) ;
#3807 = VECTOR ( 'NONE', #1459, 1000.000000000000114 ) ;
#3808 = FACE_BOUND ( 'NONE', #2111, .T. ) ;
#3809 = CARTESIAN_POINT ( 'NONE',  ( 61.76262851142323740, 30.24581418685401246, -2.999999999999968026 ) ) ;
#3810 = ADVANCED_FACE ( 'NONE', ( #5369 ), #4585, .F. ) ;
#3811 = EDGE_LOOP ( 'NONE', ( #4980, #2379, #3855, #148 ) ) ;
#3812 = VECTOR ( 'NONE', #1160, 1000.000000000000000 ) ;
#3813 = FACE_OUTER_BOUND ( 'NONE', #3673, .T. ) ;
#3814 = DIRECTION ( 'NONE',  ( -1.000000000000000000, 0.000000000000000000, 0.000000000000000000 ) ) ;
#3815 = CARTESIAN_POINT ( 'NONE',  ( 90.86579377901445298, 7.081240141777706221, -4.999999999999968026 ) ) ;
#3816 = ORIENTED_EDGE ( 'NONE', *, *, #584, .F. ) ;
#3817 = AXIS2_PLACEMENT_3D ( 'NONE', #3734, #1696, #877 ) ;
#3818 = DIRECTION ( 'NONE',  ( 0.000000000000000000, 0.000000000000000000, -1.000000000000000000 ) ) ;
#3819 = ORIENTED_EDGE ( 'NONE', *, *, #2891, .T. ) ;
#3820 = CIRCLE ( 'NONE', #2963, 1.500000000000001332 ) ;
#3821 = VECTOR ( 'NONE', #3540, 1000.000000000000000 ) ;
#3822 = CARTESIAN_POINT ( 'NONE',  ( 93.57782975213459054, 5.978803356177786021, -4.979999999999967564 ) ) ;
#3823 = LINE ( 'NONE', #5122, #4242 ) ;
#3824 = VERTEX_POINT ( 'NONE', #3762 ) ;
#3825 = FACE_OUTER_BOUND ( 'NONE', #412, .T. ) ;
#3826 = AXIS2_PLACEMENT_3D ( 'NONE', #833, #369, #2477 ) ;
#3827 = CIRCLE ( 'NONE', #2373, 2.500000000000002220 ) ;
#3828 = ORIENTED_EDGE ( 'NONE', *, *, #1353, .T. ) ;
#3829 = EDGE_CURVE ( 'NONE', #701, #4819, #438, .T. ) ;
#3830 = EDGE_CURVE ( 'NONE', #1238, #4210, #4140, .T. ) ;
#3831 = LINE ( 'NONE', #1853, #4647 ) ;
#3832 = ORIENTED_EDGE ( 'NONE', *, *, #3235, .F. ) ;
#3833 = ORIENTED_EDGE ( 'NONE', *, *, #2586, .F. ) ;
#3834 = CARTESIAN_POINT ( 'NONE',  ( 125.5948143801982866, 1.764302129735664915, -0.5732565120567654215 ) ) ;
#3835 = DIRECTION ( 'NONE',  ( -1.000000000000000000, 0.000000000000000000, 0.000000000000000000 ) ) ;
#3836 = DIRECTION ( 'NONE',  ( -0.000000000000000000, -0.000000000000000000, -1.000000000000000000 ) ) ;
#3837 = CARTESIAN_POINT ( 'NONE',  ( 99.84884978166300584, 9.493838635717398944, -4.979999999999967564 ) ) ;
#3838 = DIRECTION ( 'NONE',  ( 0.000000000000000000, 0.3090169943749447312, 0.9510565162951544194 ) ) ;
#3839 = DIRECTION ( 'NONE',  ( -0.000000000000000000, -0.000000000000000000, 1.000000000000000000 ) ) ;
#3840 = EDGE_CURVE ( 'NONE', #5093, #4192, #2852, .T. ) ;
#3841 = CARTESIAN_POINT ( 'NONE',  ( 124.3026285114233218, 15.96528942323700839, 1.250000000000070610 ) ) ;
#3842 = CARTESIAN_POINT ( 'NONE',  ( 90.61572850887192487, 7.534466964194874272, -4.999999999999967137 ) ) ;
#3843 = DIRECTION ( 'NONE',  ( 0.000000000000000000, 0.000000000000000000, -1.000000000000000000 ) ) ;
#3844 = LINE ( 'NONE', #118, #1653 ) ;
#3845 = FACE_OUTER_BOUND ( 'NONE', #3904, .T. ) ;
#3846 = EDGE_LOOP ( 'NONE', ( #2686, #4129, #4796, #4650 ) ) ;
#3847 = CARTESIAN_POINT ( 'NONE',  ( 100.7980518846776050, 6.325678204152121786, -4.999999999999965361 ) ) ;
#3848 = CIRCLE ( 'NONE', #4193, 1.000000000000000888 ) ;
#3849 = LINE ( 'NONE', #3466, #2515 ) ;
#3850 = EDGE_CURVE ( 'NONE', #4694, #3764, #2542, .T. ) ;
#3851 = EDGE_LOOP ( 'NONE', ( #86, #2453, #1447, #5230 ) ) ;
#3852 = ORIENTED_EDGE ( 'NONE', *, *, #3325, .F. ) ;
#3853 = EDGE_CURVE ( 'NONE', #4621, #4117, #4952, .T. ) ;
#3854 = LINE ( 'NONE', #3442, #5283 ) ;
#3855 = ORIENTED_EDGE ( 'NONE', *, *, #2807, .F. ) ;
#3856 = DIRECTION ( 'NONE',  ( -0.000000000000000000, -0.000000000000000000, -1.000000000000000000 ) ) ;
#3857 = CIRCLE ( 'NONE', #1343, 1.500000000000001332 ) ;
#3858 = EDGE_CURVE ( 'NONE', #808, #641, #4540, .T. ) ;
#3859 = CARTESIAN_POINT ( 'NONE',  ( 86.40197856879723304, 10.45167162328543853, -4.979999999999967564 ) ) ;
#3860 = DIRECTION ( 'NONE',  ( -0.000000000000000000, -0.000000000000000000, 1.000000000000000000 ) ) ;
#3861 = DIRECTION ( 'NONE',  ( 0.000000000000000000, 0.000000000000000000, -1.000000000000000000 ) ) ;
#3862 = FACE_OUTER_BOUND ( 'NONE', #3628, .T. ) ;
#3863 = CARTESIAN_POINT ( 'NONE',  ( 87.14000828496686779, 6.725643756828379338, -4.979999999999967564 ) ) ;
#3864 = DIRECTION ( 'NONE',  ( 0.000000000000000000, 0.000000000000000000, -1.000000000000000000 ) ) ;
#3865 = VERTEX_POINT ( 'NONE', #2953 ) ;
#3866 = CARTESIAN_POINT ( 'NONE',  ( 102.6742873867322885, 6.890959614328150629, -4.999999999999968026 ) ) ;
#3867 = CARTESIAN_POINT ( 'NONE',  ( 89.50399827475565928, 8.968689569654133109, -4.979999999999967564 ) ) ;
#3868 = VERTEX_POINT ( 'NONE', #390 ) ;
#3869 = CARTESIAN_POINT ( 'NONE',  ( 91.87992981812230653, 5.301013001641475597, -4.979999999999967564 ) ) ;
#3870 = FACE_OUTER_BOUND ( 'NONE', #4436, .T. ) ;
#3871 = DIRECTION ( 'NONE',  ( -0.000000000000000000, -0.000000000000000000, 1.000000000000000000 ) ) ;
#3872 = EDGE_LOOP ( 'NONE', ( #487, #5034, #4907, #3039 ) ) ;
#3873 = CARTESIAN_POINT ( 'NONE',  ( 95.97766059993544729, 3.925789013427541718, -4.999999999999965361 ) ) ;
#3874 = CARTESIAN_POINT ( 'NONE',  ( 66.74544513803135715, 26.53114188592600087, -2.999999999999968026 ) ) ;
#3875 = ORIENTED_EDGE ( 'NONE', *, *, #3321, .T. ) ;
#3876 = CARTESIAN_POINT ( 'NONE',  ( -3.091830155901383989E-15, -18.09745673555394418, -0.5000000000000000000 ) ) ;
#3877 = ORIENTED_EDGE ( 'NONE', *, *, #1185, .F. ) ;
#3878 = ADVANCED_FACE ( 'NONE', ( #2063 ), #778, .T. ) ;
#3879 = CARTESIAN_POINT ( 'NONE',  ( 92.04660895067354431, 9.104535954424413546, -4.979999999999967564 ) ) ;
#3880 = VERTEX_POINT ( 'NONE', #5003 ) ;
#3881 = CARTESIAN_POINT ( 'NONE',  ( 124.3026285114233218, 15.96528942323700839, 1.250000000000070610 ) ) ;
#3882 = DIRECTION ( 'NONE',  ( -1.000000000000000000, 0.000000000000000000, 0.000000000000000000 ) ) ;
#3883 = EDGE_CURVE ( 'NONE', #2919, #619, #5388, .T. ) ;
#3884 = CARTESIAN_POINT ( 'NONE',  ( 87.14162738304939637, 10.39515845149673723, -4.979999999999967564 ) ) ;
#3885 = CARTESIAN_POINT ( 'NONE',  ( 0.000000000000000000, 8.700726189469849103, -4.999999999999968026 ) ) ;
#3886 = CARTESIAN_POINT ( 'NONE',  ( 67.73262851142325758, -17.05471057676229307, -92.58679254334981579 ) ) ;
#3887 = CARTESIAN_POINT ( 'NONE',  ( 121.3026386871952695, -14.57279266307392085, -0.5000000000000000000 ) ) ;
#3888 = DIRECTION ( 'NONE',  ( -1.000000000000000000, 0.000000000000000000, 0.000000000000000000 ) ) ;
#3889 = DIRECTION ( 'NONE',  ( -0.7071065970440503223, -0.7071069653289967505, 0.000000000000000000 ) ) ;
#3890 = VECTOR ( 'NONE', #5008, 1000.000000000000000 ) ;
#3891 = CARTESIAN_POINT ( 'NONE',  ( 100.2801324456351892, 5.185004458477001421, -4.999999999999968026 ) ) ;
#3892 = EDGE_LOOP ( 'NONE', ( #326, #2543, #4253, #1188 ) ) ;
#3893 = EDGE_CURVE ( 'NONE', #2136, #2680, #4097, .T. ) ;
#3894 = CARTESIAN_POINT ( 'NONE',  ( 69.95368511499633257, -12.36866160237078915, -2.999999999999968026 ) ) ;
#3895 = AXIS2_PLACEMENT_3D ( 'NONE', #2559, #3503, #5185 ) ;
#3896 = CARTESIAN_POINT ( 'NONE',  ( 87.14162738304939637, 10.39515845149673723, -4.979999999999967564 ) ) ;
#3897 = CYLINDRICAL_SURFACE ( 'NONE', #3989, 1.000000000000000888 ) ;
#3898 = CARTESIAN_POINT ( 'NONE',  ( 82.96180775156702225, 7.836802079403055288, -4.999999999999968026 ) ) ;
#3899 = DIRECTION ( 'NONE',  ( -1.000000000000000000, 0.000000000000000000, 0.000000000000000000 ) ) ;
#3900 = AXIS2_PLACEMENT_3D ( 'NONE', #2251, #3238, #1601 ) ;
#3901 = VERTEX_POINT ( 'NONE', #3738 ) ;
#3902 = DIRECTION ( 'NONE',  ( 0.000000000000000000, -1.000000000000000000, 0.000000000000000000 ) ) ;
#3903 = AXIS2_PLACEMENT_3D ( 'NONE', #1801, #2237, #1394 ) ;
#3904 = EDGE_LOOP ( 'NONE', ( #4434, #2500, #5007, #98 ) ) ;
#3905 = CARTESIAN_POINT ( 'NONE',  ( 123.0526420791192805, -19.64745673555394845, -1.249999999999999778 ) ) ;
#3906 = ORIENTED_EDGE ( 'NONE', *, *, #3893, .F. ) ;
#3907 = CIRCLE ( 'NONE', #1, 2.000000000000015543 ) ;
#3908 = CARTESIAN_POINT ( 'NONE',  ( 122.8026285114232650, -11.97471057676247064, 1.250000000000070610 ) ) ;
#3909 = VERTEX_POINT ( 'NONE', #5346 ) ;
#3910 = CARTESIAN_POINT ( 'NONE',  ( 90.86579377901445298, 7.081240141777706221, -4.979999999999967564 ) ) ;
#3911 = FACE_OUTER_BOUND ( 'NONE', #2733, .T. ) ;
#3912 = AXIS2_PLACEMENT_3D ( 'NONE', #2639, #1858, #4685 ) ;
#3913 = VECTOR ( 'NONE', #1036, 1000.000000000000000 ) ;
#3914 = ORIENTED_EDGE ( 'NONE', *, *, #2599, .T. ) ;
#3915 = CIRCLE ( 'NONE', #4535, 3.000000000000002665 ) ;
#3916 = LINE ( 'NONE', #234, #5060 ) ;
#3917 = DIRECTION ( 'NONE',  ( -1.000000000000000000, 0.000000000000000000, 0.000000000000000000 ) ) ;
#3918 = CARTESIAN_POINT ( 'NONE',  ( 125.3948143801982837, 0.000000000000000000, -0.5000000000000000000 ) ) ;
#3919 = ORIENTED_EDGE ( 'NONE', *, *, #2620, .F. ) ;
#3920 = CARTESIAN_POINT ( 'NONE',  ( 123.8448143801982440, -7.974933038889183479, -0.5000000000000000000 ) ) ;
#3921 = DIRECTION ( 'NONE',  ( -0.000000000000000000, -0.000000000000000000, 1.000000000000000000 ) ) ;
#3922 = ADVANCED_FACE ( 'NONE', ( #3334 ), #2312, .T. ) ;
#3923 = PLANE ( 'NONE',  #1059 ) ;
#3924 = EDGE_LOOP ( 'NONE', ( #5025, #4737 ) ) ;
#3925 = DIRECTION ( 'NONE',  ( -0.000000000000000000, -0.000000000000000000, 1.000000000000000000 ) ) ;
#3926 = ORIENTED_EDGE ( 'NONE', *, *, #1339, .T. ) ;
#3927 = CARTESIAN_POINT ( 'NONE',  ( 82.88837248373860689, 7.081240141777757735, -4.999999999999967137 ) ) ;
#3928 = EDGE_LOOP ( 'NONE', ( #4595, #2983, #5259, #2258 ) ) ;
#3929 = CARTESIAN_POINT ( 'NONE',  ( 96.79345965371484795, 1.927397866870671050, -4.999999999999966249 ) ) ;
#3930 = ADVANCED_FACE ( 'NONE', ( #463 ), #5116, .T. ) ;
#3931 = ORIENTED_EDGE ( 'NONE', *, *, #2024, .T. ) ;
#3932 = FACE_OUTER_BOUND ( 'NONE', #1297, .T. ) ;
#3933 = CARTESIAN_POINT ( 'NONE',  ( 69.95368511499633257, 26.53114188592600087, -2.999999999999968026 ) ) ;
#3934 = ORIENTED_EDGE ( 'NONE', *, *, #3977, .T. ) ;
#3935 = CARTESIAN_POINT ( 'NONE',  ( 82.90302429373831217, 6.702338798797476294, -4.999999999999967137 ) ) ;
#3936 = VERTEX_POINT ( 'NONE', #3034 ) ;
#3937 = CARTESIAN_POINT ( 'NONE',  ( 97.85014413344438822, 12.24735266124608302, -4.979999999999967564 ) ) ;
#3938 = ORIENTED_EDGE ( 'NONE', *, *, #4623, .T. ) ;
#3939 = LINE ( 'NONE', #4773, #430 ) ;
#3940 = DIRECTION ( 'NONE',  ( -0.000000000000000000, -0.000000000000000000, 1.000000000000000000 ) ) ;
#3941 = CYLINDRICAL_SURFACE ( 'NONE', #1143, 3.000000000000002665 ) ;
#3942 = CARTESIAN_POINT ( 'NONE',  ( 125.5948143801982866, 0.000000000000000000, -92.58679254334981579 ) ) ;
#3943 = AXIS2_PLACEMENT_3D ( 'NONE', #236, #4002, #296 ) ;
#3944 = CARTESIAN_POINT ( 'NONE',  ( 81.08814080717546346, 7.081240144903952149, -4.979999999999967564 ) ) ;
#3945 = FACE_OUTER_BOUND ( 'NONE', #2287, .T. ) ;
#3946 = ORIENTED_EDGE ( 'NONE', *, *, #3095, .T. ) ;
#3947 = CARTESIAN_POINT ( 'NONE',  ( 122.8526420791192777, 0.000000000000000000, -4.999999999999968026 ) ) ;
#3948 = DIRECTION ( 'NONE',  ( 0.000000000000000000, -0.9510565162951545304, 0.3090169943749447312 ) ) ;
#3949 = EDGE_CURVE ( 'NONE', #1018, #3413, #4698, .T. ) ;
#3950 = CARTESIAN_POINT ( 'NONE',  ( 68.00283379874937850, 31.24581418685402312, -92.58679254334981579 ) ) ;
#3951 = VERTEX_POINT ( 'NONE', #1318 ) ;
#3952 = CARTESIAN_POINT ( 'NONE',  ( 125.3019213455272904, -14.62671394500184796, 2.000000000000000000 ) ) ;
#3953 = VERTEX_POINT ( 'NONE', #4642 ) ;
#3954 = EDGE_CURVE ( 'NONE', #5280, #4101, #907, .T. ) ;
#3955 = CARTESIAN_POINT ( 'NONE',  ( 82.88832325016488767, 7.078331039618875664, -4.999999999999968026 ) ) ;
#3956 = ORIENTED_EDGE ( 'NONE', *, *, #1537, .F. ) ;
#3957 = CARTESIAN_POINT ( 'NONE',  ( 86.96639998232433300, 1.927397866900574241, -4.979999999999967564 ) ) ;
#3958 = CARTESIAN_POINT ( 'NONE',  ( 121.8026420791192521, -17.09745673555396550, -0.5000000000000000000 ) ) ;
#3959 = CARTESIAN_POINT ( 'NONE',  ( 94.80656262938363454, 9.506103882827027007, -4.999999999999968026 ) ) ;
#3960 = CARTESIAN_POINT ( 'NONE',  ( 72.00262851142325360, 31.20528942323797139, -0.5000000000000000000 ) ) ;
#3961 = EDGE_LOOP ( 'NONE', ( #1588, #2104, #1344, #4174 ) ) ;
#3962 = CARTESIAN_POINT ( 'NONE',  ( 90.61572850887191066, 6.628013319360349875, -4.979999999999967564 ) ) ;
#3963 = ORIENTED_EDGE ( 'NONE', *, *, #3790, .T. ) ;
#3964 = CARTESIAN_POINT ( 'NONE',  ( 123.8448143801982440, -12.16866160237078986, -2.999999999999968026 ) ) ;
#3965 = EDGE_CURVE ( 'NONE', #3792, #4501, #1543, .T. ) ;
#3966 = VERTEX_POINT ( 'NONE', #307 ) ;
#3967 = CYLINDRICAL_SURFACE ( 'NONE', #64, 2.500000000000002220 ) ;
#3968 = CARTESIAN_POINT ( 'NONE',  ( 117.8026420791192521, 29.74581418685401957, 2.000000000000000000 ) ) ;
#3969 = CARTESIAN_POINT ( 'NONE',  ( 92.04660895067354431, 9.104535954424413546, -4.999999999999968026 ) ) ;
#3970 = CARTESIAN_POINT ( 'NONE',  ( 82.49553072504555473, 3.560532924121067477, -4.979999999999967564 ) ) ;
#3971 = DIRECTION ( 'NONE',  ( -0.000000000000000000, -0.000000000000000000, -1.000000000000000000 ) ) ;
#3972 = CARTESIAN_POINT ( 'NONE',  ( 60.76262851142322319, -15.59745673555393886, 2.000000000000000000 ) ) ;
#3973 = CARTESIAN_POINT ( 'NONE',  ( 0.000000000000000000, 6.725643756828379338, -4.999999999999968026 ) ) ;
#3974 = CARTESIAN_POINT ( 'NONE',  ( 72.00262851142325360, 31.20528942323797139, -0.5000000000000000000 ) ) ;
#3975 = EDGE_LOOP ( 'NONE', ( #1118, #2407, #1108, #2018 ) ) ;
#3976 = ORIENTED_EDGE ( 'NONE', *, *, #1092, .F. ) ;
#3977 = EDGE_CURVE ( 'NONE', #3514, #3544, #2210, .T. ) ;
#3978 = DIRECTION ( 'NONE',  ( -0.000000000000000000, -0.000000000000000000, -1.000000000000000000 ) ) ;
#3979 = EDGE_LOOP ( 'NONE', ( #3178, #2855, #208, #231 ) ) ;
#3980 = CARTESIAN_POINT ( 'NONE',  ( 81.10534930150754462, 6.507352899486002151, -4.979999999999967564 ) ) ;
#3981 = VECTOR ( 'NONE', #2802, 1000.000000000000000 ) ;
#3982 = FACE_OUTER_BOUND ( 'NONE', #4652, .T. ) ;
#3983 = EDGE_CURVE ( 'NONE', #4497, #5010, #1094, .T. ) ;
#3984 = CARTESIAN_POINT ( 'NONE',  ( 69.23262851142325758, -17.05471057676229307, 2.000000000000000000 ) ) ;
#3985 = AXIS2_PLACEMENT_3D ( 'NONE', #744, #4923, #2873 ) ;
#3986 = EDGE_CURVE ( 'NONE', #4987, #912, #4721, .T. ) ;
#3987 = CARTESIAN_POINT ( 'NONE',  ( 120.2418043967811059, 32.24581418685400536, -0.5000000000000000000 ) ) ;
#3988 = DIRECTION ( 'NONE',  ( -1.000000000000000000, 0.000000000000000000, 0.000000000000000000 ) ) ;
#3989 = AXIS2_PLACEMENT_3D ( 'NONE', #4221, #145, #3814 ) ;
#3990 = ORIENTED_EDGE ( 'NONE', *, *, #1873, .F. ) ;
#3991 = EDGE_CURVE ( 'NONE', #3953, #4429, #3450, .T. ) ;
#3992 = CARTESIAN_POINT ( 'NONE',  ( 83.13571508705820179, 5.796477525214933202, -4.979999999999967564 ) ) ;
#3993 = DIRECTION ( 'NONE',  ( -1.000000000000000000, 0.000000000000000000, 0.000000000000000000 ) ) ;
#3994 = CIRCLE ( 'NONE', #3560, 1.000000000000000888 ) ;
#3995 = CIRCLE ( 'NONE', #5047, 1.000000000000000888 ) ;
#3996 = VERTEX_POINT ( 'NONE', #4687 ) ;
#3997 = CARTESIAN_POINT ( 'NONE',  ( 89.23072932906616472, 11.52683979247091450, -4.999999999999968026 ) ) ;
#3998 = PLANE ( 'NONE',  #5397 ) ;
#3999 = DIRECTION ( 'NONE',  ( -0.000000000000000000, -0.9662349396012444025, -0.2576626505603393236 ) ) ;
#4000 = CARTESIAN_POINT ( 'NONE',  ( 81.23558078955629469, 5.769800556859148166, -4.999999999999968026 ) ) ;
#4001 = CONICAL_SURFACE ( 'NONE', #3472, 0.7999999999999951594, 0.2606023917473468399 ) ;
#4002 = DIRECTION ( 'NONE',  ( -0.000000000000000000, -0.000000000000000000, 1.000000000000000000 ) ) ;
#4003 = EDGE_LOOP ( 'NONE', ( #4038, #4639, #3683, #4703 ) ) ;
#4004 = CARTESIAN_POINT ( 'NONE',  ( 121.3026420791192521, 29.74581418685401957, -3.999999999999968026 ) ) ;
#4005 = VECTOR ( 'NONE', #3025, 1000.000000000000114 ) ;
#4006 = CONICAL_SURFACE ( 'NONE', #2610, 1.500000000000001332, 0.2606023917473493934 ) ;
#4007 = CARTESIAN_POINT ( 'NONE',  ( 122.6526420791192749, -16.99315180511214152, -0.5000000000000000000 ) ) ;
#4008 = DIRECTION ( 'NONE',  ( -0.000000000000000000, -0.000000000000000000, -1.000000000000000000 ) ) ;
#4009 = ORIENTED_EDGE ( 'NONE', *, *, #915, .T. ) ;
#4010 = AXIS2_PLACEMENT_3D ( 'NONE', #4628, #3445, #5130 ) ;
#4011 = ORIENTED_EDGE ( 'NONE', *, *, #4022, .T. ) ;
#4012 = CARTESIAN_POINT ( 'NONE',  ( 87.14000828496686779, 0.000000000000000000, -4.979999999999967564 ) ) ;
#4013 = VERTEX_POINT ( 'NONE', #162 ) ;
#4014 = DIRECTION ( 'NONE',  ( -0.000000000000000000, -0.000000000000000000, -1.000000000000000000 ) ) ;
#4015 = FACE_OUTER_BOUND ( 'NONE', #3623, .T. ) ;
#4016 = DIRECTION ( 'NONE',  ( 1.000000000000000000, 0.000000000000000000, 0.000000000000000000 ) ) ;
#4017 = ORIENTED_EDGE ( 'NONE', *, *, #2324, .T. ) ;
#4018 = DIRECTION ( 'NONE',  ( -0.000000000000000000, -0.000000000000000000, 1.000000000000000000 ) ) ;
#4019 = LINE ( 'NONE', #1522, #685 ) ;
#4020 = EDGE_LOOP ( 'NONE', ( #408, #942 ) ) ;
#4021 = CARTESIAN_POINT ( 'NONE',  ( 82.96180775156702225, 6.325678204152282547, -4.999999999999967137 ) ) ;
#4022 = EDGE_CURVE ( 'NONE', #178, #1864, #1859, .T. ) ;
#4023 = ORIENTED_EDGE ( 'NONE', *, *, #3954, .T. ) ;
#4024 = CARTESIAN_POINT ( 'NONE',  ( 91.71325068557820259, 9.104535954424910926, -4.999999999999968026 ) ) ;
#4025 = CARTESIAN_POINT ( 'NONE',  ( 58.26262851142323740, 29.74581418685402667, -3.999999999999968026 ) ) ;
#4026 = ORIENTED_EDGE ( 'NONE', *, *, #868, .T. ) ;
#4027 = CARTESIAN_POINT ( 'NONE',  ( 121.4033278622236622, 20.07284437153508705, -2.999999999999968026 ) ) ;
#4028 = CARTESIAN_POINT ( 'NONE',  ( 85.90971549955189346, 1.915127625333971295, -4.999999999999968026 ) ) ;
#4029 = CARTESIAN_POINT ( 'NONE',  ( 87.14000828496686779, 0.000000000000000000, -4.979999999999967564 ) ) ;
#4030 = VERTEX_POINT ( 'NONE', #3509 ) ;
#4031 = AXIS2_PLACEMENT_3D ( 'NONE', #2057, #4036, #384 ) ;
#4032 = CYLINDRICAL_SURFACE ( 'NONE', #4695, 1.000000000000000888 ) ;
#4033 = FACE_OUTER_BOUND ( 'NONE', #3497, .T. ) ;
#4034 = ORIENTED_EDGE ( 'NONE', *, *, #4709, .F. ) ;
#4035 = VECTOR ( 'NONE', #5027, 1000.000000000000000 ) ;
#4036 = DIRECTION ( 'NONE',  ( 1.000000000000000000, 0.000000000000000000, -0.000000000000000000 ) ) ;
#4037 = CARTESIAN_POINT ( 'NONE',  ( 125.5948143801982866, 0.000000000000000000, -4.999999999999962697 ) ) ;
#4038 = ORIENTED_EDGE ( 'NONE', *, *, #452, .T. ) ;
#4039 = CARTESIAN_POINT ( 'NONE',  ( 83.04167090536151363, 3.042729562605957838, -4.979999999999967564 ) ) ;
#4040 = DIRECTION ( 'NONE',  ( -0.000000000000000000, -0.000000000000000000, -1.000000000000000000 ) ) ;
#4041 = PRODUCT_DEFINITION_SHAPE ( 'NONE', 'NONE',  #1393 ) ;
#4042 = CIRCLE ( 'NONE', #4750, 1.000000000000000888 ) ;
#4043 = FACE_OUTER_BOUND ( 'NONE', #1715, .T. ) ;
#4044 = ORIENTED_EDGE ( 'NONE', *, *, #2233, .T. ) ;
#4045 = CARTESIAN_POINT ( 'NONE',  ( 86.12468899693865865, 8.700726189469849103, -4.979999999999967564 ) ) ;
#4046 = DIRECTION ( 'NONE',  ( -1.000000000000000000, 0.000000000000000000, 0.000000000000000000 ) ) ;
#4047 = ORIENTED_EDGE ( 'NONE', *, *, #1153, .T. ) ;
#4048 = LINE ( 'NONE', #317, #4977 ) ;
#4049 = CARTESIAN_POINT ( 'NONE',  ( 100.6241445491864539, 5.796477525214777771, -4.979999999999967564 ) ) ;
#4050 = CARTESIAN_POINT ( 'NONE',  ( 81.55185610760912596, 4.899563641578835949, -4.979999999999967564 ) ) ;
#4051 = EDGE_CURVE ( 'NONE', #4264, #1172, #2613, .T. ) ;
#4052 = CARTESIAN_POINT ( 'NONE',  ( 98.86175350386176319, 0.000000000000000000, -4.979999999999967564 ) ) ;
#4053 = ORIENTED_EDGE ( 'NONE', *, *, #3202, .F. ) ;
#4054 = CARTESIAN_POINT ( 'NONE',  ( 100.8716879100530832, 7.093161725336658563, -4.999999999999968026 ) ) ;
#4055 = ADVANCED_FACE ( 'NONE', ( #2208 ), #214, .T. ) ;
#4056 = LINE ( 'NONE', #714, #1489 ) ;
#4057 = ORIENTED_EDGE ( 'NONE', *, *, #295, .T. ) ;
#4058 = EDGE_LOOP ( 'NONE', ( #4047, #2705, #3768, #364 ) ) ;
#4059 = CARTESIAN_POINT ( 'NONE',  ( 122.8342679130044957, -8.974877423357504824, -2.999999999999968026 ) ) ;
#4060 = VERTEX_POINT ( 'NONE', #5191 ) ;
#4061 = DIRECTION ( 'NONE',  ( 0.000000000000000000, -0.000000000000000000, 1.000000000000000000 ) ) ;
#4062 = UNCERTAINTY_MEASURE_WITH_UNIT (LENGTH_MEASURE( 1.000000000000000082E-05 ), #3651, 'distance_accuracy_value', 'NONE');
#4063 = CARTESIAN_POINT ( 'NONE',  ( 100.2801324456351324, 8.977475825078204963, -4.979999999999967564 ) ) ;
#4064 = ADVANCED_FACE ( 'NONE', ( #2234 ), #2913, .T. ) ;
#4065 = ORIENTED_EDGE ( 'NONE', *, *, #1167, .F. ) ;
#4066 = ADVANCED_FACE ( 'NONE', ( #4778 ), #5090, .T. ) ;
#4067 = VECTOR ( 'NONE', #5234, 1000.000000000000000 ) ;
#4068 = DIRECTION ( 'NONE',  ( 1.000000000000000000, 0.000000000000000000, 0.000000000000000000 ) ) ;
#4069 = PLANE ( 'NONE',  #2257 ) ;
#4070 = ORIENTED_EDGE ( 'NONE', *, *, #4709, .T. ) ;
#4071 = CARTESIAN_POINT ( 'NONE',  ( 124.1026285114232763, -11.97471057676247064, 2.000000000000000000 ) ) ;
#4072 = CIRCLE ( 'NONE', #5134, 1.000000000000000888 ) ;
#4073 = ORIENTED_EDGE ( 'NONE', *, *, #5247, .F. ) ;
#4074 = CARTESIAN_POINT ( 'NONE',  ( 82.49553072731382031, 10.60194736478018740, -4.999999999999968026 ) ) ;
#4075 = ORIENTED_EDGE ( 'NONE', *, *, #3986, .T. ) ;
#4076 = CARTESIAN_POINT ( 'NONE',  ( 122.8026285114233218, 15.96528942323700839, 2.000000000000000000 ) ) ;
#4077 = EDGE_CURVE ( 'NONE', #2996, #67, #625, .T. ) ;
#4078 = DIRECTION ( 'NONE',  ( -0.000000000000000000, -0.000000000000000000, 1.000000000000000000 ) ) ;
#4079 = VERTEX_POINT ( 'NONE', #1772 ) ;
#4080 = CARTESIAN_POINT ( 'NONE',  ( 93.57782975213456211, 8.183676927377259602, -4.999999999999968026 ) ) ;
#4081 = VECTOR ( 'NONE', #3330, 1000.000000000000000 ) ;
#4082 = CARTESIAN_POINT ( 'NONE',  ( 82.88817172619154405, 7.093161725336652346, -4.979999999999967564 ) ) ;
#4083 = ORIENTED_EDGE ( 'NONE', *, *, #826, .F. ) ;
#4084 = EDGE_CURVE ( 'NONE', #2139, #629, #2398, .T. ) ;
#4085 = VECTOR ( 'NONE', #2212, 1000.000000000000000 ) ;
#4086 = CARTESIAN_POINT ( 'NONE',  ( 121.2228229386335698, 18.51562554857077814, -0.5000000000000000000 ) ) ;
#4087 = LINE ( 'NONE', #1668, #1642 ) ;
#4088 = ADVANCED_FACE ( 'NONE', ( #3945 ), #108, .T. ) ;
#4089 = CARTESIAN_POINT ( 'NONE',  ( 120.8026420791192521, -17.09745673555396550, -0.5000000000000004441 ) ) ;
#4090 = CARTESIAN_POINT ( 'NONE',  ( 73.50262851142325360, 31.20528942323797139, -0.5000000000000000000 ) ) ;
#4091 = VECTOR ( 'NONE', #4676, 1000.000000000000000 ) ;
#4092 = VECTOR ( 'NONE', #104, 999.9999999999998863 ) ;
#4093 = CARTESIAN_POINT ( 'NONE',  ( 100.6241445491864113, 8.366002758340451706, -4.999999999999968026 ) ) ;
#4094 = EDGE_CURVE ( 'NONE', #5375, #2455, #2182, .T. ) ;
#4095 = VERTEX_POINT ( 'NONE', #189 ) ;
#4096 = DIRECTION ( 'NONE',  ( -0.000000000000000000, -0.000000000000000000, -1.000000000000000000 ) ) ;
#4097 = LINE ( 'NONE', #12, #898 ) ;
#4098 = EDGE_CURVE ( 'NONE', #4474, #2680, #3338, .T. ) ;
#4099 = ORIENTED_EDGE ( 'NONE', *, *, #3746, .T. ) ;
#4100 = CARTESIAN_POINT ( 'NONE',  ( 121.2228229386335698, 18.51562554857077814, -2.999999999999968026 ) ) ;
#4101 = VERTEX_POINT ( 'NONE', #3536 ) ;
#4102 = CARTESIAN_POINT ( 'NONE',  ( 81.10534930187725422, 7.655127390310837221, -4.999999999999968026 ) ) ;
#4103 = VERTEX_POINT ( 'NONE', #5218 ) ;
#4104 = CARTESIAN_POINT ( 'NONE',  ( 88.09977142958013019, 0.000000000000000000, -4.979999999999967564 ) ) ;
#4105 = PLANE ( 'NONE',  #5094 ) ;
#4106 = EDGE_LOOP ( 'NONE', ( #489, #2893, #2253, #3906 ) ) ;
#4107 = CARTESIAN_POINT ( 'NONE',  ( 86.12468899693865865, 6.725643756828381115, -4.999999999999968026 ) ) ;
#4108 = ORIENTED_EDGE ( 'NONE', *, *, #5028, .T. ) ;
#4109 = CARTESIAN_POINT ( 'NONE',  ( 56.51262851142327293, -1.238675182110261025E-16, -2.823415225557235786 ) ) ;
#4110 = VECTOR ( 'NONE', #1831, 1000.000000000000000 ) ;
#4111 = CARTESIAN_POINT ( 'NONE',  ( 93.57782975213459054, 5.978803356177786021, -4.999999999999968026 ) ) ;
#4112 = CARTESIAN_POINT ( 'NONE',  ( 81.23558079040117264, 8.392679732853814301, -4.979999999999967564 ) ) ;
#4113 = FACE_OUTER_BOUND ( 'NONE', #4285, .T. ) ;
#4114 = CARTESIAN_POINT ( 'NONE',  ( 100.8725206048905250, 7.141356155710513853, -4.999999999999968026 ) ) ;
#4115 = VECTOR ( 'NONE', #2084, 1000.000000000000000 ) ;
#4116 = EDGE_CURVE ( 'NONE', #3640, #388, #955, .T. ) ;
#4117 = VERTEX_POINT ( 'NONE', #1078 ) ;
#4118 = CARTESIAN_POINT ( 'NONE',  ( 68.00283379874937850, 31.24581418685402312, -0.5000000000000004441 ) ) ;
#4119 = DIRECTION ( 'NONE',  ( -0.000000000000000000, -0.000000000000000000, -1.000000000000000000 ) ) ;
#4120 = VECTOR ( 'NONE', #4096, 1000.000000000000000 ) ;
#4121 = EDGE_CURVE ( 'NONE', #5188, #4879, #4239, .T. ) ;
#4122 = ORIENTED_EDGE ( 'NONE', *, *, #837, .F. ) ;
#4123 = LINE ( 'NONE', #414, #4870 ) ;
#4124 = ORIENTED_EDGE ( 'NONE', *, *, #4839, .F. ) ;
#4125 = DIRECTION ( 'NONE',  ( -0.000000000000000000, -0.000000000000000000, -1.000000000000000000 ) ) ;
#4126 = ADVANCED_FACE ( 'NONE', ( #5108 ), #3245, .F. ) ;
#4127 = ADVANCED_FACE ( 'NONE', ( #2814 ), #3220, .T. ) ;
#4128 = CARTESIAN_POINT ( 'NONE',  ( 87.85216143274631406, 12.09321081777302886, -4.999999999999966249 ) ) ;
#4129 = ORIENTED_EDGE ( 'NONE', *, *, #272, .F. ) ;
#4130 = CARTESIAN_POINT ( 'NONE',  ( 100.7181887307150561, 3.042729562444578484, -4.979999999999967564 ) ) ;
#4131 = FACE_OUTER_BOUND ( 'NONE', #5353, .T. ) ;
#4132 = ORIENTED_EDGE ( 'NONE', *, *, #3019, .F. ) ;
#4133 = CARTESIAN_POINT ( 'NONE',  ( 100.8715363860797396, 7.084149243936503026, -4.979999999999967564 ) ) ;
#4134 = CARTESIAN_POINT ( 'NONE',  ( 93.14413112737273082, 6.628013319360158029, -4.999999999999968026 ) ) ;
#4135 = PLANE ( 'NONE',  #4517 ) ;
#4136 = CARTESIAN_POINT ( 'NONE',  ( 83.47972719060946645, 5.185004458477161293, -4.979999999999967564 ) ) ;
#4137 = CARTESIAN_POINT ( 'NONE',  ( 100.8725206048905250, 7.141356155710513853, -4.979999999999967564 ) ) ;
#4138 = ORIENTED_EDGE ( 'NONE', *, *, #3284, .T. ) ;
#4139 = DIRECTION ( 'NONE',  ( 0.000000000000000000, 0.000000000000000000, -1.000000000000000000 ) ) ;
#4140 = LINE ( 'NONE', #1625, #119 ) ;
#4141 = CARTESIAN_POINT ( 'NONE',  ( 97.85014413648688958, 1.915127625268661982, -4.979999999999967564 ) ) ;
#4142 = EDGE_CURVE ( 'NONE', #629, #2139, #5177, .T. ) ;
#4143 = LINE ( 'NONE', #4586, #5236 ) ;
#4144 = ORIENTED_EDGE ( 'NONE', *, *, #3387, .F. ) ;
#4145 = CARTESIAN_POINT ( 'NONE',  ( 120.8026420791192521, -15.43882002517773167, -2.999999999999975131 ) ) ;
#4146 = ORIENTED_EDGE ( 'NONE', *, *, #2102, .T. ) ;
#4147 = EDGE_CURVE ( 'NONE', #424, #5310, #1587, .T. ) ;
#4148 = AXIS2_PLACEMENT_3D ( 'NONE', #3735, #2827, #3331 ) ;
#4149 = VERTEX_POINT ( 'NONE', #5279 ) ;
#4150 = CARTESIAN_POINT ( 'NONE',  ( 86.12468899693865865, 8.700726189469849103, -4.999999999999968026 ) ) ;
#4151 = FACE_OUTER_BOUND ( 'NONE', #1968, .T. ) ;
#4152 = AXIS2_PLACEMENT_3D ( 'NONE', #3487, #3145, #1083 ) ;
#4153 = ORIENTED_EDGE ( 'NONE', *, *, #4295, .F. ) ;
#4154 = CARTESIAN_POINT ( 'NONE',  ( 101.7364661443892828, 4.125901618700900997, -4.979999999999967564 ) ) ;
#4155 = DIRECTION ( 'NONE',  ( 0.000000000000000000, -1.000000000000000000, 0.000000000000000000 ) ) ;
#4156 = FACE_OUTER_BOUND ( 'NONE', #4020, .T. ) ;
#4157 = EDGE_LOOP ( 'NONE', ( #345, #4935, #861, #3298 ) ) ;
#4158 = AXIS2_PLACEMENT_3D ( 'NONE', #607, #3460, #4699 ) ;
#4159 = CARTESIAN_POINT ( 'NONE',  ( 100.6241445491864113, 8.366002758340451706, -4.979999999999967564 ) ) ;
#4160 = CIRCLE ( 'NONE', #3652, 1.300000000000009592 ) ;
#4161 = AXIS2_PLACEMENT_3D ( 'NONE', #688, #1959, #248 ) ;
#4162 = LINE ( 'NONE', #1214, #415 ) ;
#4163 = DIRECTION ( 'NONE',  ( 0.000000000000000000, 0.9662349396012456237, -0.2576626505603351602 ) ) ;
#4164 = APPLICATION_CONTEXT ( 'automotive_design' ) ;
#4165 = DIRECTION ( 'NONE',  ( -1.000000000000000000, 0.000000000000000000, 0.000000000000000000 ) ) ;
#4166 = FACE_BOUND ( 'NONE', #4549, .T. ) ;
#4167 = AXIS2_PLACEMENT_3D ( 'NONE', #5018, #1209, #2055 ) ;
#4168 = EDGE_LOOP ( 'NONE', ( #4179, #1568, #3436, #428 ) ) ;
#4169 = DIRECTION ( 'NONE',  ( -4.491845589961664136E-16, -1.000000000000000000, 0.000000000000000000 ) ) ;
#4170 = DIRECTION ( 'NONE',  ( -1.000000000000000000, 0.000000000000000000, 0.000000000000000000 ) ) ;
#4171 = CARTESIAN_POINT ( 'NONE',  ( 102.6742873867322885, 6.890959614328150629, -4.979999999999967564 ) ) ;
#4172 = VECTOR ( 'NONE', #952, 1000.000000000000000 ) ;
#4173 = AXIS2_PLACEMENT_3D ( 'NONE', #177, #3902, #1847 ) ;
#4174 = ORIENTED_EDGE ( 'NONE', *, *, #604, .T. ) ;
#4175 = LINE ( 'NONE', #341, #490 ) ;
#4176 = B_SPLINE_CURVE_WITH_KNOTS ( 'NONE', 3,
 ( #811, #4516, #3320, #4988, #1708, #3290, #3340, #3770, #374, #2026, #4547, #2482, #444, #4938, #420, #1298, #836, #18, #4960, #1253 ),
 .UNSPECIFIED., .F., .F.,
 ( 4, 1, 1, 1, 1, 1, 1, 1, 1, 1, 1, 1, 1, 1, 1, 1, 1, 4 ),
 ( 0.1043905747462149508, 0.1620068793406497232, 0.2264024889723289247, 0.2907980986040081817, 0.3551937082356873554, 0.3873915130515269700, 0.4195893178673665291, 0.4839849274990457584, 0.5483805371307249876, 0.6127761467624042169, 0.6771717563940833351, 0.7415673660257625643, 0.7737651708416022345, 0.8059629756574417936, 0.8703585852891209118, 0.9347541949208001411, 0.9669519997366398112, 0.9991498045524793703 ),
 .UNSPECIFIED. ) ;
#4177 = EDGE_LOOP ( 'NONE', ( #32, #1158, #3213, #2514 ) ) ;
#4178 = CARTESIAN_POINT ( 'NONE',  ( 59.76262851142321608, -12.16866160237078454, -2.999999999999968026 ) ) ;
#4179 = ORIENTED_EDGE ( 'NONE', *, *, #756, .F. ) ;
#4180 = EDGE_CURVE ( 'NONE', #2428, #4182, #2550, .T. ) ;
#4181 = FACE_OUTER_BOUND ( 'NONE', #5209, .T. ) ;
#4182 = VERTEX_POINT ( 'NONE', #1104 ) ;
#4183 = CARTESIAN_POINT ( 'NONE',  ( 94.52913030986100296, 2.635640492136963164, -4.979999999999967564 ) ) ;
#4184 = CYLINDRICAL_SURFACE ( 'NONE', #4963, 1.000000000000000888 ) ;
#4185 = DIRECTION ( 'NONE',  ( 0.7071067811864085728, -0.7071067811866864616, 0.000000000000000000 ) ) ;
#4186 = VERTEX_POINT ( 'NONE', #1181 ) ;
#4187 = EDGE_CURVE ( 'NONE', #4984, #3880, #4496, .T. ) ;
#4188 = CARTESIAN_POINT ( 'NONE',  ( 70.73262851142325758, -17.05471057676229307, -4.999999999999968026 ) ) ;
#4189 = DIRECTION ( 'NONE',  ( -0.000000000000000000, -0.000000000000000000, 1.000000000000000000 ) ) ;
#4190 = LINE ( 'NONE', #1285, #2520 ) ;
#4191 = CARTESIAN_POINT ( 'NONE',  ( 125.3948143801982837, 17.94201802533924095, -0.5000000000000000000 ) ) ;
#4192 = VERTEX_POINT ( 'NONE', #2328 ) ;
#4193 = AXIS2_PLACEMENT_3D ( 'NONE', #5364, #4477, #2002 ) ;
#4194 = ADVANCED_FACE ( 'NONE', ( #1506 ), #735, .T. ) ;
#4195 = LINE ( 'NONE', #4641, #5181 ) ;
#4196 = CARTESIAN_POINT ( 'NONE',  ( 90.86579377901445298, 7.081240141777509933, -4.999999999999967137 ) ) ;
#4197 = VECTOR ( 'NONE', #245, 1000.000000000000000 ) ;
#4198 = ORIENTED_EDGE ( 'NONE', *, *, #1337, .F. ) ;
#4199 = DIRECTION ( 'NONE',  ( -1.000000000000000000, 0.000000000000000000, 0.000000000000000000 ) ) ;
#4200 = AXIS2_PLACEMENT_3D ( 'NONE', #4714, #4747, #1820 ) ;
#4201 = ORIENTED_EDGE ( 'NONE', *, *, #2435, .F. ) ;
#4202 = VECTOR ( 'NONE', #3201, 1000.000000000000000 ) ;
#4203 = VERTEX_POINT ( 'NONE', #5255 ) ;
#4204 = ADVANCED_FACE ( 'NONE', ( #3269 ), #760, .F. ) ;
#4205 = CARTESIAN_POINT ( 'NONE',  ( 89.23072932906616472, 11.52683979247091450, -4.979999999999967564 ) ) ;
#4206 = ORIENTED_EDGE ( 'NONE', *, *, #4051, .T. ) ;
#4207 = DIRECTION ( 'NONE',  ( -1.000000000000000000, 0.000000000000000000, 0.000000000000000000 ) ) ;
#4208 = VERTEX_POINT ( 'NONE', #350 ) ;
#4209 = DIRECTION ( 'NONE',  ( -1.000000000000000000, 4.956352788505149463E-16, 0.000000000000000000 ) ) ;
#4210 = VERTEX_POINT ( 'NONE', #1157 ) ;
#4211 = EDGE_CURVE ( 'NONE', #5099, #5188, #379, .T. ) ;
#4212 = PLANE ( 'NONE',  #450 ) ;
#4213 = DIRECTION ( 'NONE',  ( -1.000000000000000000, 0.000000000000000000, 0.000000000000000000 ) ) ;
#4214 = DIRECTION ( 'NONE',  ( 0.2576626505603388795, 0.000000000000000000, -0.9662349396012445135 ) ) ;
#4215 = CARTESIAN_POINT ( 'NONE',  ( 124.5948143801982866, 17.94201802533924095, -0.5000000000000000000 ) ) ;
#4216 = PLANE ( 'NONE',  #4686 ) ;
#4217 = ORIENTED_EDGE ( 'NONE', *, *, #4659, .F. ) ;
#4218 = B_SPLINE_CURVE_WITH_KNOTS ( 'NONE', 3,
 ( #3869, #1983, #2338, #5314, #4425, #1516, #1545, #1928, #3957, #3633, #4455, #4897, #4039, #719, #2824, #1487, #1454, #3980, #247, #1569 ),
 .UNSPECIFIED., .F., .F.,
 ( 4, 1, 1, 1, 1, 1, 1, 1, 1, 1, 1, 1, 1, 1, 1, 1, 1, 4 ),
 ( 0.1043905746147574531, 0.1620068793406475305, 0.2264024889723261769, 0.2907980986040048510, 0.3551937082356834141, 0.3873915130515227512, 0.4195893178673620882, 0.4839849274990407624, 0.5483805371307193255, 0.6127761467623979996, 0.6771717563940766738, 0.7415673660257553479, 0.7737651708415946850, 0.8059629756574340220, 0.8703585852891126962, 0.9347541949207913703, 0.9669519997366307074, 0.9991498045524699334 ),
 .UNSPECIFIED. ) ;
#4219 = EDGE_CURVE ( 'NONE', #2433, #3579, #1917, .T. ) ;
#4220 = DIRECTION ( 'NONE',  ( -0.000000000000000000, 0.000000000000000000, 1.000000000000000000 ) ) ;
#4221 = CARTESIAN_POINT ( 'NONE',  ( 57.51262851142327293, 32.79581418685401673, -92.58679254334981579 ) ) ;
#4222 = ORIENTED_EDGE ( 'NONE', *, *, #452, .F. ) ;
#4223 = EDGE_CURVE ( 'NONE', #1482, #3901, #5357, .T. ) ;
#4224 = EDGE_CURVE ( 'NONE', #3753, #677, #2757, .T. ) ;
#4225 = CARTESIAN_POINT ( 'NONE',  ( 118.8026420791192521, -15.59745673555395484, 2.000000000000000000 ) ) ;
#4226 = ORIENTED_EDGE ( 'NONE', *, *, #1564, .T. ) ;
#4227 = CARTESIAN_POINT ( 'NONE',  ( 74.00262851142325360, 28.96922144573818514, -2.999999999999968026 ) ) ;
#4228 = ORIENTED_EDGE ( 'NONE', *, *, #5348, .F. ) ;
#4229 = LINE ( 'NONE', #3905, #1934 ) ;
#4230 = ORIENTED_EDGE ( 'NONE', *, *, #2128, .T. ) ;
#4231 = CARTESIAN_POINT ( 'NONE',  ( 100.7181887283366422, 11.11975072575926404, -4.999999999999966249 ) ) ;
#4232 = ORIENTED_EDGE ( 'NONE', *, *, #4723, .F. ) ;
#4233 = CARTESIAN_POINT ( 'NONE',  ( 92.89406585723018850, 7.081240141777514374, -4.999999999999968026 ) ) ;
#4234 = CARTESIAN_POINT ( 'NONE',  ( 68.00283379874937850, 32.24581418685401957, -2.999999999999968026 ) ) ;
#4235 = ORIENTED_EDGE ( 'NONE', *, *, #1942, .F. ) ;
#4236 = EDGE_CURVE ( 'NONE', #3792, #1238, #3763, .T. ) ;
#4237 = DIRECTION ( 'NONE',  ( -0.000000000000000000, -0.000000000000000000, -1.000000000000000000 ) ) ;
#4238 = DIRECTION ( 'NONE',  ( 0.000000000000000000, 0.000000000000000000, 1.000000000000000000 ) ) ;
#4239 = LINE ( 'NONE', #507, #4383 ) ;
#4240 = CARTESIAN_POINT ( 'NONE',  ( 81.55185610760912596, 4.899563641578835949, -4.999999999999968026 ) ) ;
#4241 = DIRECTION ( 'NONE',  ( 0.000000000000000000, 0.000000000000000000, -1.000000000000000000 ) ) ;
#4242 = VECTOR ( 'NONE', #1757, 1000.000000000000114 ) ;
#4243 = CARTESIAN_POINT ( 'NONE',  ( 0.000000000000000000, 0.000000000000000000, -0.5000000000000000000 ) ) ;
#4244 = CARTESIAN_POINT ( 'NONE',  ( 98.86175350386176319, 6.725643756828379338, -4.999999999999968026 ) ) ;
#4245 = VERTEX_POINT ( 'NONE', #4385 ) ;
#4246 = AXIS2_PLACEMENT_3D ( 'NONE', #5328, #3242, #2423 ) ;
#4247 = EDGE_CURVE ( 'NONE', #3865, #4986, #650, .T. ) ;
#4248 = CARTESIAN_POINT ( 'NONE',  ( 120.9489124260427815, 31.95291971996321578, -2.999999999999975131 ) ) ;
#4249 = CARTESIAN_POINT ( 'NONE',  ( 82.96180775156702225, 7.836802079403055288, -4.999999999999967137 ) ) ;
#4250 = CARTESIAN_POINT ( 'NONE',  ( 95.90769820652677424, 2.069269467676859264, -4.999999999999966249 ) ) ;
#4251 = VECTOR ( 'NONE', #842, 1000.000000000000000 ) ;
#4252 = LINE ( 'NONE', #2592, #2584 ) ;
#4253 = ORIENTED_EDGE ( 'NONE', *, *, #3272, .T. ) ;
#4254 = AXIS2_PLACEMENT_3D ( 'NONE', #2999, #2612, #4268 ) ;
#4255 = CIRCLE ( 'NONE', #5335, 2.500000000000002220 ) ;
#4256 = CARTESIAN_POINT ( 'NONE',  ( 93.14413112737273082, 6.628013319360158029, -4.999999999999965361 ) ) ;
#4257 = EDGE_CURVE ( 'NONE', #3640, #3264, #4388, .T. ) ;
#4258 = CARTESIAN_POINT ( 'NONE',  ( 86.12468899693865865, 0.000000000000000000, -4.999999999999968026 ) ) ;
#4259 = ORIENTED_EDGE ( 'NONE', *, *, #826, .T. ) ;
#4260 = AXIS2_PLACEMENT_3D ( 'NONE', #2991, #4651, #913 ) ;
#4261 = AXIS2_PLACEMENT_3D ( 'NONE', #2531, #980, #1359 ) ;
#4262 = EDGE_LOOP ( 'NONE', ( #1098, #3274, #3076, #1030 ) ) ;
#4263 = DIRECTION ( 'NONE',  ( 0.000000000000000000, 1.000000000000000000, -4.387152023896142705E-17 ) ) ;
#4264 = VERTEX_POINT ( 'NONE', #1974 ) ;
#4265 = DIRECTION ( 'NONE',  ( -1.000000000000000000, 0.000000000000000000, 0.000000000000000000 ) ) ;
#4266 = ORIENTED_EDGE ( 'NONE', *, *, #4236, .T. ) ;
#4267 = LINE ( 'NONE', #922, #1063 ) ;
#4268 = DIRECTION ( 'NONE',  ( -1.000000000000000000, 0.000000000000000000, 0.000000000000000000 ) ) ;
#4269 = LINE ( 'NONE', #4327, #2475 ) ;
#4270 = CARTESIAN_POINT ( 'NONE',  ( 0.000000000000000000, 7.740963044856600916, -4.979999999999967564 ) ) ;
#4271 = DIRECTION ( 'NONE',  ( 0.000000000000000000, 0.000000000000000000, -1.000000000000000000 ) ) ;
#4272 = FACE_OUTER_BOUND ( 'NONE', #1200, .T. ) ;
#4273 = ORIENTED_EDGE ( 'NONE', *, *, #4142, .F. ) ;
#4274 = FACE_BOUND ( 'NONE', #439, .T. ) ;
#4275 = CARTESIAN_POINT ( 'NONE',  ( 82.90302429373831217, 7.460141484757859764, -4.979999999999967564 ) ) ;
#4276 = ORIENTED_EDGE ( 'NONE', *, *, #5233, .T. ) ;
#4277 = CARTESIAN_POINT ( 'NONE',  ( 121.8026420791192521, -12.16866160237078986, -2.999999999999968026 ) ) ;
#4278 = CARTESIAN_POINT ( 'NONE',  ( 87.78219903630926524, 10.23669127012756519, -4.999999999999968026 ) ) ;
#4279 = EDGE_CURVE ( 'NONE', #1274, #2013, #3622, .T. ) ;
#4280 = CARTESIAN_POINT ( 'NONE',  ( 73.72755661367382629, -17.25607953625900493, -92.58679254334981579 ) ) ;
#4281 = ORIENTED_EDGE ( 'NONE', *, *, #1185, .T. ) ;
#4282 = CARTESIAN_POINT ( 'NONE',  ( 60.76262851142323740, 29.74581418685402667, -3.999999999999968026 ) ) ;
#4283 = AXIS2_PLACEMENT_3D ( 'NONE', #3026, #4688, #3057 ) ;
#4284 = CARTESIAN_POINT ( 'NONE',  ( 100.8714871525060346, 7.081240141777612074, -4.999999999999967137 ) ) ;
#4285 = EDGE_LOOP ( 'NONE', ( #3784, #4057, #881, #1550 ) ) ;
#4286 = DIRECTION ( 'NONE',  ( 1.000000000000000000, -1.708433511448726678E-16, 0.000000000000000000 ) ) ;
#4287 = ORIENTED_EDGE ( 'NONE', *, *, #2061, .T. ) ;
#4288 = VECTOR ( 'NONE', #4809, 1000.000000000000000 ) ;
#4289 = CARTESIAN_POINT ( 'NONE',  ( 92.41980518307809689, 9.605257369890798813, -4.999999999999966249 ) ) ;
#4290 = ORIENTED_EDGE ( 'NONE', *, *, #4731, .T. ) ;
#4291 = VECTOR ( 'NONE', #1624, 1000.000000000000000 ) ;
#4292 = DIRECTION ( 'NONE',  ( -0.000000000000000000, 0.000000000000000000, -1.000000000000000000 ) ) ;
#4293 = CARTESIAN_POINT ( 'NONE',  ( 66.73285692220611054, -18.09745673555395484, -2.999999999999968026 ) ) ;
#4294 = CARTESIAN_POINT ( 'NONE',  ( 100.8714871525060346, 7.081240141777612074, -4.979999999999967564 ) ) ;
#4295 = EDGE_CURVE ( 'NONE', #2744, #4210, #2483, .T. ) ;
#4296 = ADVANCED_FACE ( 'NONE', ( #4151 ), #1967, .F. ) ;
#4297 = DIRECTION ( 'NONE',  ( -0.000000000000000000, -0.000000000000000000, -1.000000000000000000 ) ) ;
#4298 = DIRECTION ( 'NONE',  ( 1.000000000000000000, -0.000000000000000000, 0.000000000000000000 ) ) ;
#4299 = DIRECTION ( 'NONE',  ( 0.000000000000000000, -1.000000000000000000, 0.000000000000000000 ) ) ;
#4300 = DIRECTION ( 'NONE',  ( -1.000000000000000000, 0.000000000000000000, -0.000000000000000000 ) ) ;
#4301 = PLANE ( 'NONE',  #4152 ) ;
#4302 = VERTEX_POINT ( 'NONE', #398 ) ;
#4303 = CARTESIAN_POINT ( 'NONE',  ( 113.6061745212482919, -12.36866160237078915, -2.999999999999968026 ) ) ;
#4304 = CARTESIAN_POINT ( 'NONE',  ( 84.43470446290349685, 9.895094913426232708, -4.979999999999967564 ) ) ;
#4305 = ORIENTED_EDGE ( 'NONE', *, *, #3484, .F. ) ;
#4306 = CARTESIAN_POINT ( 'NONE',  ( 123.0526420791192805, 31.90984821451102604, -1.250000000000001110 ) ) ;
#4307 = ADVANCED_FACE ( 'NONE', ( #2143 ), #4105, .T. ) ;
#4308 = CYLINDRICAL_SURFACE ( 'NONE', #410, 1.000000000000000888 ) ;
#4309 = ORIENTED_EDGE ( 'NONE', *, *, #2167, .F. ) ;
#4310 = CARTESIAN_POINT ( 'NONE',  ( 98.69404159426035505, 3.949881938976430362, -4.979999999999967564 ) ) ;
#4311 = PLANE ( 'NONE',  #3900 ) ;
#4312 = VERTEX_POINT ( 'NONE', #4990 ) ;
#4313 = EDGE_CURVE ( 'NONE', #781, #4095, #3748, .T. ) ;
#4314 = CARTESIAN_POINT ( 'NONE',  ( 66.74544513803135715, -12.16866160237078986, -2.999999999999968026 ) ) ;
#4315 = ORIENTED_EDGE ( 'NONE', *, *, #3883, .F. ) ;
#4316 = CARTESIAN_POINT ( 'NONE',  ( 91.87992981812230653, 8.861467282886149377, -4.979999999999967564 ) ) ;
#4317 = EDGE_CURVE ( 'NONE', #1439, #3212, #3771, .T. ) ;
#4318 = ORIENTED_EDGE ( 'NONE', *, *, #921, .T. ) ;
#4319 = CYLINDRICAL_SURFACE ( 'NONE', #613, 1.000000000000000888 ) ;
#4320 = CARTESIAN_POINT ( 'NONE',  ( 122.8026285114233218, 15.96528942323700839, -92.58679254334981579 ) ) ;
#4321 = CARTESIAN_POINT ( 'NONE',  ( 74.00262851142325360, 31.24581418685401601, -2.999999999999968026 ) ) ;
#4322 = CARTESIAN_POINT ( 'NONE',  ( 90.61572850887192487, 7.534466964194874272, -4.979999999999967564 ) ) ;
#4323 = CARTESIAN_POINT ( 'NONE',  ( 121.2228229386335698, 18.51562554857077814, -92.58679254334981579 ) ) ;
#4324 = DIRECTION ( 'NONE',  ( 0.9662349396012445135, 0.000000000000000000, 0.2576626505603388795 ) ) ;
#4325 = CIRCLE ( 'NONE', #328, 3.000000000000002665 ) ;
#4326 = ORIENTED_EDGE ( 'NONE', *, *, #3991, .T. ) ;
#4327 = CARTESIAN_POINT ( 'NONE',  ( 56.51262851142327293, 0.000000000000000000, -4.999999999999962697 ) ) ;
#4328 = ADVANCED_FACE ( 'NONE', ( #2528 ), #4520, .T. ) ;
#4329 = LINE ( 'NONE', #4690, #1222 ) ;
#4330 = FACE_OUTER_BOUND ( 'NONE', #1266, .T. ) ;
#4331 = ORIENTED_EDGE ( 'NONE', *, *, #3654, .T. ) ;
#4332 = AXIS2_PLACEMENT_3D ( 'NONE', #4333, #2763, #3112 ) ;
#4333 = CARTESIAN_POINT ( 'NONE',  ( 0.000000000000000000, 6.725643756828379338, -4.979999999999967564 ) ) ;
#4334 = ORIENTED_EDGE ( 'NONE', *, *, #1236, .F. ) ;
#4335 = CARTESIAN_POINT ( 'NONE',  ( 97.85014413648688958, 1.915127625268661982, -4.999999999999968026 ) ) ;
#4336 = AXIS2_PLACEMENT_3D ( 'NONE', #752, #1549, #1989 ) ;
#4337 = CARTESIAN_POINT ( 'NONE',  ( 91.87992981812233495, 5.301013001641475597, -4.999999999999966249 ) ) ;
#4338 = CARTESIAN_POINT ( 'NONE',  ( 56.51262851142327293, 32.79581418685401673, -92.58679254334981579 ) ) ;
#4339 = CARTESIAN_POINT ( 'NONE',  ( 93.14413112737271661, 7.534466964194876937, -4.999999999999968026 ) ) ;
#4340 = ORIENTED_EDGE ( 'NONE', *, *, #2295, .F. ) ;
#4341 = CARTESIAN_POINT ( 'NONE',  ( 95.37648064554939253, 4.228132077665596178, -4.979999999999967564 ) ) ;
#4342 = DIRECTION ( 'NONE',  ( 0.000000000000000000, 0.000000000000000000, -1.000000000000000000 ) ) ;
#4343 = CIRCLE ( 'NONE', #2360, 1.000000000000000888 ) ;
#4344 = VECTOR ( 'NONE', #2754, 1000.000000000000000 ) ;
#4345 = ORIENTED_EDGE ( 'NONE', *, *, #885, .T. ) ;
#4346 = CARTESIAN_POINT ( 'NONE',  ( 83.47972719060946645, 5.185004458477161293, -4.999999999999967137 ) ) ;
#4347 = ORIENTED_EDGE ( 'NONE', *, *, #4823, .T. ) ;
#4348 = AXIS2_PLACEMENT_3D ( 'NONE', #1233, #2485, #1305 ) ;
#4349 = AXIS2_PLACEMENT_3D ( 'NONE', #4782, #1049, #2704 ) ;
#4350 = DIRECTION ( 'NONE',  ( -0.000000000000000000, -0.000000000000000000, -1.000000000000000000 ) ) ;
#4351 = ORIENTED_EDGE ( 'NONE', *, *, #3355, .T. ) ;
#4352 = DIRECTION ( 'NONE',  ( -1.000000000000000000, 0.000000000000000000, 0.000000000000000000 ) ) ;
#4353 = CARTESIAN_POINT ( 'NONE',  ( 66.73285692220611054, -17.09745673555395484, -2.999999999999975131 ) ) ;
#4354 = CARTESIAN_POINT ( 'NONE',  ( 56.51262851142327293, -0.6528723209617015577, -2.823415225557235786 ) ) ;
#4355 = CIRCLE ( 'NONE', #5334, 1.000000000000000888 ) ;
#4356 = VECTOR ( 'NONE', #1714, 1000.000000000000000 ) ;
#4357 = CARTESIAN_POINT ( 'NONE',  ( 96.79345965067956570, 12.23508241902176685, -4.999999999999968026 ) ) ;
#4358 = LINE ( 'NONE', #564, #4971 ) ;
#4359 = ADVANCED_FACE ( 'NONE', ( #4181 ), #2120, .F. ) ;
#4360 = DIRECTION ( 'NONE',  ( 0.000000000000000000, 1.000000000000000000, 0.000000000000000000 ) ) ;
#4361 = ORIENTED_EDGE ( 'NONE', *, *, #3284, .F. ) ;
#4362 = CARTESIAN_POINT ( 'NONE',  ( 122.8448143801982440, -7.974933038889183479, -0.5000000000000004441 ) ) ;
#4363 = DIRECTION ( 'NONE',  ( -1.000000000000000000, 0.000000000000000000, 0.000000000000000000 ) ) ;
#4364 = DIRECTION ( 'NONE',  ( -0.000000000000000000, -0.000000000000000000, 1.000000000000000000 ) ) ;
#4365 = ORIENTED_EDGE ( 'NONE', *, *, #3090, .T. ) ;
#4366 = ORIENTED_EDGE ( 'NONE', *, *, #3986, .F. ) ;
#4367 = ADVANCED_FACE ( 'NONE', ( #1381 ), #497, .F. ) ;
#4368 = CARTESIAN_POINT ( 'NONE',  ( 0.000000000000000000, 6.725643756828379338, -4.979999999999967564 ) ) ;
#4369 = VERTEX_POINT ( 'NONE', #2200 ) ;
#4370 = DIRECTION ( 'NONE',  ( -0.8548181763315300108, 0.1603574565909254013, -0.4935295042131997434 ) ) ;
#4371 = DIRECTION ( 'NONE',  ( 0.000000000000000000, 0.000000000000000000, -1.000000000000000000 ) ) ;
#4372 = LINE ( 'NONE', #3519, #2942 ) ;
#4373 = ORIENTED_EDGE ( 'NONE', *, *, #3991, .F. ) ;
#4374 = FACE_OUTER_BOUND ( 'NONE', #2381, .T. ) ;
#4375 = CARTESIAN_POINT ( 'NONE',  ( 118.8026420791192521, -15.59745673555395484, -3.999999999999968026 ) ) ;
#4376 = ORIENTED_EDGE ( 'NONE', *, *, #3965, .F. ) ;
#4377 = CARTESIAN_POINT ( 'NONE',  ( 83.91100985458159300, 4.668641647837965536, -4.999999999999967137 ) ) ;
#4378 = LINE ( 'NONE', #2446, #3420 ) ;
#4379 = ORIENTED_EDGE ( 'NONE', *, *, #4393, .F. ) ;
#4380 = CARTESIAN_POINT ( 'NONE',  ( 70.73262851142325758, -17.05471057676229307, -92.58679254334981579 ) ) ;
#4381 = FACE_OUTER_BOUND ( 'NONE', #460, .T. ) ;
#4382 = DIRECTION ( 'NONE',  ( -1.000000000000000000, 0.000000000000000000, 0.000000000000000000 ) ) ;
#4383 = VECTOR ( 'NONE', #3425, 1000.000000000000000 ) ;
#4384 = CARTESIAN_POINT ( 'NONE',  ( 83.04167090536151363, 3.042729562605957838, -4.999999999999968026 ) ) ;
#4385 = CARTESIAN_POINT ( 'NONE',  ( 74.18710827339828029, -18.09745673555395840, -0.5000000000000000000 ) ) ;
#4386 = LINE ( 'NONE', #1420, #2205 ) ;
#4387 = B_SPLINE_SURFACE_WITH_KNOTS ( 'NONE', 3, 1, ( 
 ( #5179, #3556 ),
 ( #3962, #4464 ),
 ( #2346, #4435 ),
 ( #1939, #1578 ),
 ( #618, #3187 ),
 ( #5268, #256 ),
 ( #3240, #1123 ),
 ( #2719, #2687 ),
 ( #5243, #2808 ),
 ( #2776, #3642 ),
 ( #700, #228 ),
 ( #1031, #4827 ),
 ( #1904, #4377 ),
 ( #2380, #4346 ),
 ( #3992, #4407 ),
 ( #4880, #4021 ),
 ( #2286, #3935 ),
 ( #1097, #668 ),
 ( #1496, #204 ),
 ( #3125, #3158 ),
 ( #1876, #5208 ),
 ( #286, #2749 ) ),
 .UNSPECIFIED., .F., .F., .F.,
 ( 4, 1, 1, 1, 1, 1, 1, 1, 1, 1, 1, 1, 1, 1, 1, 1, 1, 1, 1, 4 ),
 ( 2, 2 ),
 ( 0.03472248487134088624, 0.1555153878479088869, 0.2159118393361929011, 0.2763082908244768876, 0.3367047423127609296, 0.3971011938010449160, 0.4574976452893289025, 0.5178940967776128890, 0.5782905482658968754, 0.6386869997541808619, 0.6990834512424648484, 0.7594799027307489458, 0.8198763542190330433, 0.8802728057073170298, 0.9406692571956010163, 0.9708674829397430095, 0.9859665958118140061, 0.9997335728290287493, 1.000266427170971362, 1.001065708683885003 ),
 ( 0.000000000000000000, 1.000000000000000000 ),
 .UNSPECIFIED. ) ;
#4388 = CIRCLE ( 'NONE', #1611, 1.000000000000000888 ) ;
#4389 = EDGE_CURVE ( 'NONE', #4783, #2540, #3854, .T. ) ;
#4390 = CARTESIAN_POINT ( 'NONE',  ( 122.8026285114233218, 15.96528942323700839, 2.000000000000000000 ) ) ;
#4391 = DIRECTION ( 'NONE',  ( 0.000000000000000000, 0.000000000000000000, -1.000000000000000000 ) ) ;
#4392 = ORIENTED_EDGE ( 'NONE', *, *, #4554, .T. ) ;
#4393 = EDGE_CURVE ( 'NONE', #1439, #282, #3831, .T. ) ;
#4394 = CARTESIAN_POINT ( 'NONE',  ( 69.23262851142325758, -17.05471057676229307, 1.250000000000070610 ) ) ;
#4395 = ORIENTED_EDGE ( 'NONE', *, *, #1879, .T. ) ;
#4396 = CARTESIAN_POINT ( 'NONE',  ( 83.13571508705820179, 5.796477525214933202, -4.999999999999968026 ) ) ;
#4397 = EDGE_CURVE ( 'NONE', #3996, #1672, #945, .T. ) ;
#4398 = ORIENTED_EDGE ( 'NONE', *, *, #46, .F. ) ;
#4399 = CARTESIAN_POINT ( 'NONE',  ( 69.95368511499633257, -12.36866160237078915, -2.999999999999968026 ) ) ;
#4400 = PRODUCT_DEFINITION_CONTEXT ( 'detailed design', #4459, 'design' ) ;
#4401 = CARTESIAN_POINT ( 'NONE',  ( 122.8026285114232650, -11.97471057676247064, 1.250000000000070610 ) ) ;
#4402 = CARTESIAN_POINT ( 'NONE',  ( 73.73262851142325758, -17.05471057676229307, -0.5000000000000000000 ) ) ;
#4403 = VERTEX_POINT ( 'NONE', #2175 ) ;
#4404 = DIRECTION ( 'NONE',  ( 0.000000000000000000, 0.000000000000000000, -1.000000000000000000 ) ) ;
#4405 = DIRECTION ( 'NONE',  ( -1.000000000000000000, 0.000000000000000000, 0.000000000000000000 ) ) ;
#4406 = ORIENTED_EDGE ( 'NONE', *, *, #2137, .F. ) ;
#4407 = CARTESIAN_POINT ( 'NONE',  ( 83.13571508705820179, 5.796477525214933202, -4.999999999999967137 ) ) ;
#4408 = ORIENTED_EDGE ( 'NONE', *, *, #1868, .T. ) ;
#4409 = CARTESIAN_POINT ( 'NONE',  ( 101.2643289089748890, 10.60194736458409359, -4.999999999999966249 ) ) ;
#4410 = ORIENTED_EDGE ( 'NONE', *, *, #2748, .T. ) ;
#4411 = CARTESIAN_POINT ( 'NONE',  ( 100.8715363860797396, 7.078331039618717568, -4.979999999999967564 ) ) ;
#4412 = DIRECTION ( 'NONE',  ( -0.7071067811864085728, 0.7071067811866864616, 0.000000000000000000 ) ) ;
#4413 = CARTESIAN_POINT ( 'NONE',  ( 102.2080035272448129, 9.262916647713696605, -4.999999999999968026 ) ) ;
#4414 = CARTESIAN_POINT ( 'NONE',  ( 91.71325068508308220, 5.057944329622189983, -4.999999999999968026 ) ) ;
#4415 = CARTESIAN_POINT ( 'NONE',  ( 124.5948143801982866, -13.91960734795780397, -4.999999999999962697 ) ) ;
#4416 = ORIENTED_EDGE ( 'NONE', *, *, #1805, .T. ) ;
#4417 = LINE ( 'NONE', #4004, #3073 ) ;
#4418 = PLANE ( 'NONE',  #3042 ) ;
#4419 = CARTESIAN_POINT ( 'NONE',  ( 120.6962210810369953, 19.36573759034869724, -2.999999999999975131 ) ) ;
#4420 = EDGE_LOOP ( 'NONE', ( #15, #2363, #814, #4073 ) ) ;
#4421 = CARTESIAN_POINT ( 'NONE',  ( 122.6183285025285983, 32.47553264099838088, -0.5000000000000000000 ) ) ;
#4422 = ORIENTED_EDGE ( 'NONE', *, *, #1639, .F. ) ;
#4423 = DIRECTION ( 'NONE',  ( 0.000000000000000000, 0.3090169943749447312, 0.9510565162951544194 ) ) ;
#4424 = ORIENTED_EDGE ( 'NONE', *, *, #3156, .T. ) ;
#4425 = CARTESIAN_POINT ( 'NONE',  ( 89.97349909748092500, 3.149696587935229886, -4.979999999999967564 ) ) ;
#4426 = DIRECTION ( 'NONE',  ( 0.000000000000000000, 0.000000000000000000, -1.000000000000000000 ) ) ;
#4427 = CARTESIAN_POINT ( 'NONE',  ( 122.8342679130045099, 12.96545626983204080, -92.58679254334981579 ) ) ;
#4428 = EDGE_CURVE ( 'NONE', #240, #1274, #2049, .T. ) ;
#4429 = VERTEX_POINT ( 'NONE', #1357 ) ;
#4430 = CIRCLE ( 'NONE', #3895, 2.500000000000002220 ) ;
#4431 = CARTESIAN_POINT ( 'NONE',  ( 120.3026420791192521, 31.18497628975280023, -92.58679254334981579 ) ) ;
#4432 = PLANE ( 'NONE',  #1382 ) ;
#4433 = AXIS2_PLACEMENT_3D ( 'NONE', #3412, #4674, #1029 ) ;
#4434 = ORIENTED_EDGE ( 'NONE', *, *, #1248, .F. ) ;
#4435 = CARTESIAN_POINT ( 'NONE',  ( 90.18202988411005094, 5.978803356177981421, -4.999999999999967137 ) ) ;
#4436 = EDGE_LOOP ( 'NONE', ( #3963, #5379, #3319, #402 ) ) ;
#4437 = VECTOR ( 'NONE', #4636, 1000.000000000000000 ) ;
#4438 = CIRCLE ( 'NONE', #3303, 1.000000000000000888 ) ;
#4439 = EDGE_LOOP ( 'NONE', ( #1281, #1909, #4458, #2285 ) ) ;
#4440 = CARTESIAN_POINT ( 'NONE',  ( 89.97349910001399564, 11.01278369614810337, -4.999999999999968026 ) ) ;
#4441 = DIRECTION ( 'NONE',  ( -0.7071080292616696017, -0.7071055331092226393, 0.000000000000000000 ) ) ;
#4442 = CARTESIAN_POINT ( 'NONE',  ( 97.85014413344438822, 12.24735266124608302, -4.999999999999968026 ) ) ;
#4443 = CARTESIAN_POINT ( 'NONE',  ( 91.34005445200837414, 4.557222913812948306, -4.979999999999967564 ) ) ;
#4444 = CIRCLE ( 'NONE', #2877, 1.000000000000000888 ) ;
#4445 = CARTESIAN_POINT ( 'NONE',  ( 57.01262851142327293, -1.116397812524118738, -4.249999999999968026 ) ) ;
#4446 = CARTESIAN_POINT ( 'NONE',  ( 122.1026420791192777, -19.44745673555394561, -0.5000000000000000000 ) ) ;
#4447 = VECTOR ( 'NONE', #3105, 1000.000000000000000 ) ;
#4448 = AXIS2_PLACEMENT_3D ( 'NONE', #2726, #3999, #4382 ) ;
#4449 = LINE ( 'NONE', #3973, #953 ) ;
#4450 = CARTESIAN_POINT ( 'NONE',  ( 70.73262851142325758, -17.05471057676229307, -0.5000000000000000000 ) ) ;
#4451 = ORIENTED_EDGE ( 'NONE', *, *, #4529, .F. ) ;
#4452 = EDGE_LOOP ( 'NONE', ( #1636, #2857 ) ) ;
#4453 = CARTESIAN_POINT ( 'NONE',  ( 91.71325068508308220, 5.057944329622189983, -4.999999999999968026 ) ) ;
#4454 = ORIENTED_EDGE ( 'NONE', *, *, #4542, .F. ) ;
#4455 = CARTESIAN_POINT ( 'NONE',  ( 84.81374502401445170, 2.115417445343053426, -4.979999999999967564 ) ) ;
#4456 = LINE ( 'NONE', #1116, #1573 ) ;
#4457 = CARTESIAN_POINT ( 'NONE',  ( 74.18710827339778291, 2.059105893387139079E-12, -0.5000000000000000000 ) ) ;
#4458 = ORIENTED_EDGE ( 'NONE', *, *, #3553, .F. ) ;
#4459 = APPLICATION_CONTEXT ( 'automotive_design' ) ;
#4460 = CARTESIAN_POINT ( 'NONE',  ( 122.8026285114233218, 15.96528942323700839, -0.5000000000000000000 ) ) ;
#4461 = FACE_OUTER_BOUND ( 'NONE', #5140, .T. ) ;
#4462 = EDGE_CURVE ( 'NONE', #4969, #2954, #101, .T. ) ;
#4463 = ORIENTED_EDGE ( 'NONE', *, *, #4563, .F. ) ;
#4464 = CARTESIAN_POINT ( 'NONE',  ( 90.61572850887191066, 6.628013319360349875, -4.999999999999967137 ) ) ;
#4465 = CARTESIAN_POINT ( 'NONE',  ( 87.85216143274631406, 12.09321081777302886, -4.999999999999968026 ) ) ;
#4466 = ORIENTED_EDGE ( 'NONE', *, *, #4849, .F. ) ;
#4467 = ORIENTED_EDGE ( 'NONE', *, *, #2064, .F. ) ;
#4468 = CARTESIAN_POINT ( 'NONE',  ( 89.97349909748092500, 3.149696587935229886, -4.979999999999967564 ) ) ;
#4469 = VECTOR ( 'NONE', #2209, 1000.000000000000000 ) ;
#4470 = DIRECTION ( 'NONE',  ( -1.000000000000000000, 0.000000000000000000, 0.000000000000000000 ) ) ;
#4471 = ORIENTED_EDGE ( 'NONE', *, *, #4765, .T. ) ;
#4472 = VECTOR ( 'NONE', #4297, 1000.000000000000000 ) ;
#4473 = DIRECTION ( 'NONE',  ( 0.000000000000000000, 0.000000000000000000, -1.000000000000000000 ) ) ;
#4474 = VERTEX_POINT ( 'NONE', #1792 ) ;
#4475 = ORIENTED_EDGE ( 'NONE', *, *, #160, .T. ) ;
#4476 = VECTOR ( 'NONE', #1735, 1000.000000000000000 ) ;
#4477 = DIRECTION ( 'NONE',  ( 0.000000000000000000, 0.000000000000000000, -1.000000000000000000 ) ) ;
#4478 = CARTESIAN_POINT ( 'NONE',  ( 9.592026696348695364E-15, 32.24581418685403378, -0.5000000000000000000 ) ) ;
#4479 = ORIENTED_EDGE ( 'NONE', *, *, #2227, .T. ) ;
#4480 = CARTESIAN_POINT ( 'NONE',  ( 90.86579377901445298, 7.081240141777706221, -4.999999999999968026 ) ) ;
#4481 = LINE ( 'NONE', #4821, #343 ) ;
#4482 = AXIS2_PLACEMENT_3D ( 'NONE', #329, #2033, #4895 ) ;
#4483 = DIRECTION ( 'NONE',  ( -1.000000000000000000, 0.000000000000000000, -0.000000000000000000 ) ) ;
#4484 = ORIENTED_EDGE ( 'NONE', *, *, #1042, .T. ) ;
#4485 = CYLINDRICAL_SURFACE ( 'NONE', #2708, 1.000000000000000888 ) ;
#4486 = FACE_OUTER_BOUND ( 'NONE', #3207, .T. ) ;
#4487 = EDGE_CURVE ( 'NONE', #656, #4769, #3693, .T. ) ;
#4488 = EDGE_LOOP ( 'NONE', ( #2065, #787, #1707, #2747 ) ) ;
#4489 = DIRECTION ( 'NONE',  ( -0.000000000000000000, -0.000000000000000000, -1.000000000000000000 ) ) ;
#4490 = ORIENTED_EDGE ( 'NONE', *, *, #461, .T. ) ;
#4491 = CARTESIAN_POINT ( 'NONE',  ( 98.04961584093557292, 3.766838333396037797, -4.979999999999967564 ) ) ;
#4492 = CARTESIAN_POINT ( 'NONE',  ( 61.76262851142322319, -15.59745673555393886, -2.999999999999968026 ) ) ;
#4493 = ORIENTED_EDGE ( 'NONE', *, *, #4094, .T. ) ;
#4494 = DIRECTION ( 'NONE',  ( 0.000000000000000000, 0.000000000000000000, -1.000000000000000000 ) ) ;
#4495 = ADVANCED_FACE ( 'NONE', ( #557 ), #2400, .T. ) ;
#4496 = LINE ( 'NONE', #4029, #994 ) ;
#4497 = VERTEX_POINT ( 'NONE', #2661 ) ;
#4498 = CARTESIAN_POINT ( 'NONE',  ( 121.8026420791192521, -17.09745673555396550, -2.999999999999968026 ) ) ;
#4499 = DIRECTION ( 'NONE',  ( -1.000000000000000000, 0.000000000000000000, 0.000000000000000000 ) ) ;
#4500 = ORIENTED_EDGE ( 'NONE', *, *, #885, .F. ) ;
#4501 = VERTEX_POINT ( 'NONE', #1763 ) ;
#4502 = PLANE ( 'NONE',  #4031 ) ;
#4503 = CARTESIAN_POINT ( 'NONE',  ( 88.09977142958013019, 7.740963044856600916, -4.979999999999967564 ) ) ;
#4504 = DIRECTION ( 'NONE',  ( -0.2576626505603404338, 0.000000000000000000, -0.9662349396012441805 ) ) ;
#4505 = DIRECTION ( 'NONE',  ( -0.000000000000000000, -0.000000000000000000, -1.000000000000000000 ) ) ;
#4506 = ORIENTED_EDGE ( 'NONE', *, *, #4604, .T. ) ;
#4507 = ADVANCED_FACE ( 'NONE', ( #3100 ), #3608, .F. ) ;
#4508 = CARTESIAN_POINT ( 'NONE',  ( 122.8026285114232650, -11.97471057676247064, -2.999999999999968026 ) ) ;
#4509 = VECTOR ( 'NONE', #3743, 1000.000000000000000 ) ;
#4510 = CARTESIAN_POINT ( 'NONE',  ( 66.74544513803135715, -12.16866160237078986, -4.999999999999968026 ) ) ;
#4511 = CARTESIAN_POINT ( 'NONE',  ( 101.7364661443892828, 4.125901618700900997, -4.999999999999966249 ) ) ;
#4512 = ORIENTED_EDGE ( 'NONE', *, *, #3156, .F. ) ;
#4513 = CARTESIAN_POINT ( 'NONE',  ( 121.1666792343127383, 33.79581418685401673, -1.249999999999999778 ) ) ;
#4514 = VECTOR ( 'NONE', #1836, 1000.000000000000000 ) ;
#4515 = ORIENTED_EDGE ( 'NONE', *, *, #3495, .F. ) ;
#4516 = CARTESIAN_POINT ( 'NONE',  ( 92.04660895067354431, 9.104535954424413546, -4.979999999999967564 ) ) ;
#4517 = AXIS2_PLACEMENT_3D ( 'NONE', #3305, #4163, #2108 ) ;
#4518 = VECTOR ( 'NONE', #3564, 1000.000000000000000 ) ;
#4519 = EDGE_CURVE ( 'NONE', #48, #686, #4929, .T. ) ;
#4520 = CYLINDRICAL_SURFACE ( 'NONE', #3339, 1.500000000000001332 ) ;
#4521 = ORIENTED_EDGE ( 'NONE', *, *, #2501, .F. ) ;
#4522 = DIRECTION ( 'NONE',  ( 0.000000000000000000, 0.000000000000000000, -1.000000000000000000 ) ) ;
#4523 = AXIS2_PLACEMENT_3D ( 'NONE', #4215, #4663, #1341 ) ;
#4524 = ADVANCED_FACE ( 'NONE', ( #2751 ), #2473, .T. ) ;
#4525 = PLANE ( 'NONE',  #3229 ) ;
#4526 = FACE_OUTER_BOUND ( 'NONE', #1114, .T. ) ;
#4527 = VECTOR ( 'NONE', #4594, 1000.000000000000000 ) ;
#4528 = VECTOR ( 'NONE', #1802, 1000.000000000000000 ) ;
#4529 = EDGE_CURVE ( 'NONE', #4669, #5248, #1260, .T. ) ;
#4530 = LINE ( 'NONE', #4109, #2987 ) ;
#4531 = PLANE ( 'NONE',  #161 ) ;
#4532 = CARTESIAN_POINT ( 'NONE',  ( 85.90971550288031722, 12.24735266136764267, -4.979999999999967564 ) ) ;
#4533 = CARTESIAN_POINT ( 'NONE',  ( 83.13571508705820179, 5.796477525214933202, -4.979999999999967564 ) ) ;
#4534 = AXIS2_PLACEMENT_3D ( 'NONE', #4145, #5392, #5372 ) ;
#4535 = AXIS2_PLACEMENT_3D ( 'NONE', #3248, #4918, #4499 ) ;
#4536 = CARTESIAN_POINT ( 'NONE',  ( 99.84884978166300584, 9.493838635717398944, -4.999999999999968026 ) ) ;
#4537 = ORIENTED_EDGE ( 'NONE', *, *, #1167, .T. ) ;
#4538 = ADVANCED_FACE ( 'NONE', ( #1647 ), #459, .T. ) ;
#4539 = DIRECTION ( 'NONE',  ( -0.000000000000000000, -0.000000000000000000, 1.000000000000000000 ) ) ;
#4540 = LINE ( 'NONE', #4510, #2642 ) ;
#4541 = VERTEX_POINT ( 'NONE', #5246 ) ;
#4542 = EDGE_CURVE ( 'NONE', #1817, #4715, #1220, .T. ) ;
#4543 = CARTESIAN_POINT ( 'NONE',  ( 69.95368511499633257, -12.36866160237078915, -2.999999999999968026 ) ) ;
#4544 = ORIENTED_EDGE ( 'NONE', *, *, #413, .F. ) ;
#4545 = CARTESIAN_POINT ( 'NONE',  ( 60.76262851142322319, -15.59745673555393886, -4.999999999999968026 ) ) ;
#4546 = ORIENTED_EDGE ( 'NONE', *, *, #1868, .F. ) ;
#4547 = CARTESIAN_POINT ( 'NONE',  ( 98.94611460910648759, 12.04706284191918542, -4.979999999999967564 ) ) ;
#4548 = CARTESIAN_POINT ( 'NONE',  ( 84.81374502721381248, 12.04706284206466727, -4.999999999999966249 ) ) ;
#4549 = EDGE_LOOP ( 'NONE', ( #4575, #573 ) ) ;
#4550 = LINE ( 'NONE', #815, #1306 ) ;
#4551 = DIRECTION ( 'NONE',  ( 0.000000000000000000, 0.000000000000000000, 1.000000000000000000 ) ) ;
#4552 = CARTESIAN_POINT ( 'NONE',  ( 122.8026285114233218, 15.96528942323700839, 2.000000000000000000 ) ) ;
#4553 = DIRECTION ( 'NONE',  ( 0.000000000000000000, 0.000000000000000000, -1.000000000000000000 ) ) ;
#4554 = EDGE_CURVE ( 'NONE', #686, #4851, #2321, .T. ) ;
#4555 = CARTESIAN_POINT ( 'NONE',  ( 86.96639998232433300, 1.927397866900574241, -4.999999999999968026 ) ) ;
#4556 = AXIS2_PLACEMENT_3D ( 'NONE', #4188, #27, #3396 ) ;
#4557 = DIRECTION ( 'NONE',  ( 0.000000000000000000, -1.000000000000000000, -0.000000000000000000 ) ) ;
#4558 = DIRECTION ( 'NONE',  ( 0.000000000000000000, 0.000000000000000000, -1.000000000000000000 ) ) ;
#4559 = CARTESIAN_POINT ( 'NONE',  ( 88.95329700686093588, 4.656376400728237108, -4.979999999999967564 ) ) ;
#4560 = FACE_OUTER_BOUND ( 'NONE', #1426, .T. ) ;
#4561 = VECTOR ( 'NONE', #1948, 1000.000000000000000 ) ;
#4562 = ORIENTED_EDGE ( 'NONE', *, *, #3616, .T. ) ;
#4563 = EDGE_CURVE ( 'NONE', #5157, #619, #3857, .T. ) ;
#4564 = CARTESIAN_POINT ( 'NONE',  ( 125.0948143801982866, 11.38195499308914904, -4.249999999999968026 ) ) ;
#4565 = DIRECTION ( 'NONE',  ( 0.000000000000000000, 0.000000000000000000, -1.000000000000000000 ) ) ;
#4566 = CIRCLE ( 'NONE', #2916, 1.000000000000000888 ) ;
#4567 = CARTESIAN_POINT ( 'NONE',  ( 101.2643289110483806, 3.560532923941400973, -4.979999999999967564 ) ) ;
#4568 = ORIENTED_EDGE ( 'NONE', *, *, #526, .T. ) ;
#4569 = FACE_OUTER_BOUND ( 'NONE', #2603, .T. ) ;
#4570 = ORIENTED_EDGE ( 'NONE', *, *, #5216, .F. ) ;
#4571 = ORIENTED_EDGE ( 'NONE', *, *, #4989, .T. ) ;
#4572 = DIRECTION ( 'NONE',  ( -0.000000000000000000, -0.000000000000000000, -1.000000000000000000 ) ) ;
#4573 = B_SPLINE_CURVE_WITH_KNOTS ( 'NONE', 3,
 ( #1869, #3866, #2676, #2737, #2649, #2278, #2336, #3114, #1485, #195, #4335, #571, #5228, #3149, #3516, #4786, #1054, #1618, #359, #306 ),
 .UNSPECIFIED., .F., .F.,
 ( 4, 1, 1, 1, 1, 1, 1, 1, 1, 1, 1, 1, 1, 1, 1, 1, 1, 4 ),
 ( -0.03117994955438785354, 0.001017855261451705573, 0.03321566007729126468, 0.09761126970897049393, 0.1620068793406497232, 0.1942046841564892823, 0.2264024889723288414, 0.2907980986040079596, 0.3551937082356870778, 0.4195893178673661961, 0.4839849274990454253, 0.5483805371307246546, 0.5805783419465642137, 0.6127761467624037728, 0.6771717563940828910, 0.7415673660257620092, 0.8059629756574412385, 0.8635792803726820566 ),
 .UNSPECIFIED. ) ;
#4574 = DIRECTION ( 'NONE',  ( -0.1821953290520661184, -0.1821946858868003505, 0.9662349396012440694 ) ) ;
#4575 = ORIENTED_EDGE ( 'NONE', *, *, #1480, .F. ) ;
#4576 = DIRECTION ( 'NONE',  ( -1.000000000000000000, 0.000000000000000000, 0.000000000000000000 ) ) ;
#4577 = DIRECTION ( 'NONE',  ( 0.000000000000000000, 0.000000000000000000, -1.000000000000000000 ) ) ;
#4578 = CARTESIAN_POINT ( 'NONE',  ( 124.5948143801982866, 17.94201802533924095, -4.999999999999962697 ) ) ;
#4579 = CARTESIAN_POINT ( 'NONE',  ( 87.85216142951716733, 2.069269467677078644, -4.999999999999968026 ) ) ;
#4580 = FACE_OUTER_BOUND ( 'NONE', #3892, .T. ) ;
#4581 = DIRECTION ( 'NONE',  ( 0.000000000000000000, 0.000000000000000000, -1.000000000000000000 ) ) ;
#4582 = FACE_OUTER_BOUND ( 'NONE', #4728, .T. ) ;
#4583 = ORIENTED_EDGE ( 'NONE', *, *, #526, .F. ) ;
#4584 = DIRECTION ( 'NONE',  ( -0.000000000000000000, -0.000000000000000000, -1.000000000000000000 ) ) ;
#4585 = PLANE ( 'NONE',  #2993 ) ;
#4586 = CARTESIAN_POINT ( 'NONE',  ( 56.51262851142327293, -0.000000000000000000, -4.249999999999968026 ) ) ;
#4587 = ORIENTED_EDGE ( 'NONE', *, *, #254, .T. ) ;
#4588 = EDGE_CURVE ( 'NONE', #580, #342, #2851, .T. ) ;
#4589 = DIRECTION ( 'NONE',  ( -0.000000000000000000, -0.000000000000000000, -1.000000000000000000 ) ) ;
#4590 = VECTOR ( 'NONE', #3435, 1000.000000000000000 ) ;
#4591 = EDGE_CURVE ( 'NONE', #903, #4879, #819, .T. ) ;
#4592 = CIRCLE ( 'NONE', #2508, 1.000000000000000888 ) ;
#4593 = EDGE_LOOP ( 'NONE', ( #2188, #4340, #1084, #3819 ) ) ;
#4594 = DIRECTION ( 'NONE',  ( 4.491845589961664136E-16, 1.000000000000000000, 0.000000000000000000 ) ) ;
#4595 = ORIENTED_EDGE ( 'NONE', *, *, #775, .F. ) ;
#4596 = EDGE_CURVE ( 'NONE', #3711, #4264, #4378, .T. ) ;
#4597 = CARTESIAN_POINT ( 'NONE',  ( 85.90971550288031722, 12.24735266136764267, -4.999999999999966249 ) ) ;
#4598 = VECTOR ( 'NONE', #1338, 1000.000000000000000 ) ;
#4599 = EDGE_LOOP ( 'NONE', ( #561, #4815, #914, #2772 ) ) ;
#4600 = CARTESIAN_POINT ( 'NONE',  ( 102.6717188290364078, 7.081240144677177994, -4.979999999999967564 ) ) ;
#4601 = LINE ( 'NONE', #2103, #4251 ) ;
#4602 = ORIENTED_EDGE ( 'NONE', *, *, #3853, .T. ) ;
#4603 = AXIS2_PLACEMENT_3D ( 'NONE', #2284, #150, #3494 ) ;
#4604 = EDGE_CURVE ( 'NONE', #2335, #912, #1244, .T. ) ;
#4605 = DIRECTION ( 'NONE',  ( -0.000000000000000000, -0.000000000000000000, -1.000000000000000000 ) ) ;
#4606 = CIRCLE ( 'NONE', #1650, 1.500000000000001332 ) ;
#4607 = VECTOR ( 'NONE', #3163, 1000.000000000000000 ) ;
#4608 = CYLINDRICAL_SURFACE ( 'NONE', #1911, 3.000000000000002665 ) ;
#4609 = CYLINDRICAL_SURFACE ( 'NONE', #3226, 2.500000000000002220 ) ;
#4610 = FACE_BOUND ( 'NONE', #1809, .T. ) ;
#4611 = AXIS2_PLACEMENT_3D ( 'NONE', #2941, #4627, #1687 ) ;
#4612 = CIRCLE ( 'NONE', #4523, 0.7999999999999951594 ) ;
#4613 = FACE_OUTER_BOUND ( 'NONE', #4656, .T. ) ;
#4614 = CARTESIAN_POINT ( 'NONE',  ( 0.000000000000000000, 7.740963044856600916, -4.999999999999968026 ) ) ;
#4615 = VECTOR ( 'NONE', #5254, 1000.000000000000000 ) ;
#4616 = VECTOR ( 'NONE', #4824, 1000.000000000000000 ) ;
#4617 = EDGE_LOOP ( 'NONE', ( #4395, #2178, #4410, #4864 ) ) ;
#4618 = DIRECTION ( 'NONE',  ( 0.8548181763315300108, 0.1603574565909250682, 0.4935295042131996879 ) ) ;
#4619 = EDGE_CURVE ( 'NONE', #4192, #580, #3559, .T. ) ;
#4620 = DIRECTION ( 'NONE',  ( 0.000000000000000000, 0.000000000000000000, -1.000000000000000000 ) ) ;
#4621 = VERTEX_POINT ( 'NONE', #4564 ) ;
#4622 = FACE_OUTER_BOUND ( 'NONE', #3637, .T. ) ;
#4623 = EDGE_CURVE ( 'NONE', #2136, #2552, #4566, .T. ) ;
#4624 = ORIENTED_EDGE ( 'NONE', *, *, #413, .T. ) ;
#4625 = CARTESIAN_POINT ( 'NONE',  ( 88.56626430961337348, 11.84766961355438220, -4.999999999999966249 ) ) ;
#4626 = ORIENTED_EDGE ( 'NONE', *, *, #2495, .T. ) ;
#4627 = DIRECTION ( 'NONE',  ( -0.000000000000000000, -0.000000000000000000, 1.000000000000000000 ) ) ;
#4628 = CARTESIAN_POINT ( 'NONE',  ( 121.8026420791192521, 0.000000000000000000, -92.58679254334981579 ) ) ;
#4629 = ORIENTED_EDGE ( 'NONE', *, *, #562, .F. ) ;
#4630 = DIRECTION ( 'NONE',  ( 1.000000000000000000, -4.956352788505149463E-16, 0.000000000000000000 ) ) ;
#4631 = ORIENTED_EDGE ( 'NONE', *, *, #3787, .T. ) ;
#4632 = CARTESIAN_POINT ( 'NONE',  ( 93.14413112737271661, 7.534466964194876937, -4.979999999999967564 ) ) ;
#4633 = ADVANCED_FACE ( 'NONE', ( #409 ), #3529, .F. ) ;
#4634 = DIRECTION ( 'NONE',  ( -1.000000000000000000, 0.000000000000000000, 0.000000000000000000 ) ) ;
#4635 = EDGE_CURVE ( 'NONE', #2365, #3413, #2722, .T. ) ;
#4636 = DIRECTION ( 'NONE',  ( 0.000000000000000000, 0.000000000000000000, -1.000000000000000000 ) ) ;
#4637 = DIRECTION ( 'NONE',  ( -1.000000000000000000, 0.000000000000000000, 0.000000000000000000 ) ) ;
#4638 = PLANE ( 'NONE',  #3293 ) ;
#4639 = ORIENTED_EDGE ( 'NONE', *, *, #2128, .F. ) ;
#4640 = AXIS2_PLACEMENT_3D ( 'NONE', #956, #3510, #1887 ) ;
#4641 = CARTESIAN_POINT ( 'NONE',  ( 57.51262851142327293, -19.64745673555394845, 2.000000000000000000 ) ) ;
#4642 = CARTESIAN_POINT ( 'NONE',  ( 121.0097501083809135, 31.89208182286201776, -2.999999999999968026 ) ) ;
#4643 = DIRECTION ( 'NONE',  ( -1.000000000000000000, 0.000000000000000000, 0.000000000000000000 ) ) ;
#4644 = EDGE_LOOP ( 'NONE', ( #2594, #2868 ) ) ;
#4645 = FACE_OUTER_BOUND ( 'NONE', #5198, .T. ) ;
#4646 = ORIENTED_EDGE ( 'NONE', *, *, #4806, .T. ) ;
#4647 = VECTOR ( 'NONE', #978, 1000.000000000000000 ) ;
#4648 = CARTESIAN_POINT ( 'NONE',  ( 94.80656262938370560, 4.656376400728039933, -4.979999999999967564 ) ) ;
#4649 = ADVANCED_FACE ( 'NONE', ( #5115 ), #1721, .F. ) ;
#4650 = ORIENTED_EDGE ( 'NONE', *, *, #2195, .T. ) ;
#4651 = DIRECTION ( 'NONE',  ( -0.000000000000000000, -0.000000000000000000, -1.000000000000000000 ) ) ;
#4652 = EDGE_LOOP ( 'NONE', ( #4792, #2853, #785, #3161 ) ) ;
#4653 = CARTESIAN_POINT ( 'NONE',  ( 99.95344118180614146, 11.62449170452183900, -4.999999999999966249 ) ) ;
#4654 = ORIENTED_EDGE ( 'NONE', *, *, #730, .F. ) ;
#4655 = CARTESIAN_POINT ( 'NONE',  ( 56.71262851142328287, 32.79581418685401673, -0.5000000000000000000 ) ) ;
#4656 = EDGE_LOOP ( 'NONE', ( #741, #4471, #4515, #4675 ) ) ;
#4657 = DIRECTION ( 'NONE',  ( -0.000000000000000000, -0.000000000000000000, -1.000000000000000000 ) ) ;
#4658 = DIRECTION ( 'NONE',  ( 0.000000000000000000, 1.000000000000000000, -0.000000000000000000 ) ) ;
#4659 = EDGE_CURVE ( 'NONE', #4369, #1804, #3373, .T. ) ;
#4660 = CARTESIAN_POINT ( 'NONE',  ( 95.37648064554930727, 9.934348205889497407, -4.979999999999967564 ) ) ;
#4661 = LINE ( 'NONE', #2724, #493 ) ;
#4662 = CARTESIAN_POINT ( 'NONE',  ( 121.5026285114232536, -11.97471057676247064, 2.000000000000000000 ) ) ;
#4663 = DIRECTION ( 'NONE',  ( -0.000000000000000000, -0.000000000000000000, 1.000000000000000000 ) ) ;
#4664 = LINE ( 'NONE', #1720, #2589 ) ;
#4665 = ORIENTED_EDGE ( 'NONE', *, *, #3136, .T. ) ;
#4666 = EDGE_CURVE ( 'NONE', #1661, #4030, #115, .T. ) ;
#4667 = CARTESIAN_POINT ( 'NONE',  ( 61.76262851142324450, -18.09745673555395484, -0.5000000000000000000 ) ) ;
#4668 = CARTESIAN_POINT ( 'NONE',  ( 125.3948143801982837, 17.94201802533924095, -0.5000000000000000000 ) ) ;
#4669 = VERTEX_POINT ( 'NONE', #2588 ) ;
#4670 = CARTESIAN_POINT ( 'NONE',  ( 121.8737872635744139, 33.50291971996323070, -1.250000000000001110 ) ) ;
#4671 = VERTEX_POINT ( 'NONE', #1752 ) ;
#4672 = ADVANCED_FACE ( 'NONE', ( #4613 ), #485, .T. ) ;
#4673 = CARTESIAN_POINT ( 'NONE',  ( 99.84884978166307690, 4.668641647837796782, -4.999999999999965361 ) ) ;
#4674 = DIRECTION ( 'NONE',  ( -0.000000000000000000, -0.000000000000000000, 1.000000000000000000 ) ) ;
#4675 = ORIENTED_EDGE ( 'NONE', *, *, #3949, .F. ) ;
#4676 = DIRECTION ( 'NONE',  ( -1.000000000000000000, 0.000000000000000000, 0.000000000000000000 ) ) ;
#4677 = ORIENTED_EDGE ( 'NONE', *, *, #2903, .F. ) ;
#4678 = CARTESIAN_POINT ( 'NONE',  ( 93.05180686470561113, 10.31965814058498410, -4.979999999999967564 ) ) ;
#4679 = ORIENTED_EDGE ( 'NONE', *, *, #4428, .T. ) ;
#4680 = FACE_OUTER_BOUND ( 'NONE', #2936, .T. ) ;
#4681 = AXIS2_PLACEMENT_3D ( 'NONE', #2019, #2066, #4954 ) ;
#4682 = CARTESIAN_POINT ( 'NONE',  ( 118.8026420791192521, -15.59745673555395484, -3.999999999999968026 ) ) ;
#4683 = ORIENTED_EDGE ( 'NONE', *, *, #3053, .F. ) ;
#4684 = CARTESIAN_POINT ( 'NONE',  ( 121.3026386871952695, -14.57279266307391907, -92.58679254334981579 ) ) ;
#4685 = DIRECTION ( 'NONE',  ( -1.000000000000000000, 0.000000000000000000, -0.000000000000000000 ) ) ;
#4686 = AXIS2_PLACEMENT_3D ( 'NONE', #1342, #482, #2157 ) ;
#4687 = CARTESIAN_POINT ( 'NONE',  ( 117.8026420791192521, -15.59745673555395484, -2.999999999999968026 ) ) ;
#4688 = DIRECTION ( 'NONE',  ( 0.000000000000000000, 0.000000000000000000, -1.000000000000000000 ) ) ;
#4689 = ADVANCED_FACE ( 'NONE', ( #3813 ), #3761, .F. ) ;
#4690 = CARTESIAN_POINT ( 'NONE',  ( 125.3948143801982837, -13.91960734795780397, -0.5000000000000000000 ) ) ;
#4691 = VECTOR ( 'NONE', #2591, 1000.000000000000000 ) ;
#4692 = CARTESIAN_POINT ( 'NONE',  ( 57.01262851142327293, 9.326172173538269661, -3.112090360152054203 ) ) ;
#4693 = DIRECTION ( 'NONE',  ( -0.000000000000000000, -0.000000000000000000, -1.000000000000000000 ) ) ;
#4694 = VERTEX_POINT ( 'NONE', #5056 ) ;
#4695 = AXIS2_PLACEMENT_3D ( 'NONE', #2301, #713, #300 ) ;
#4696 = AXIS2_PLACEMENT_3D ( 'NONE', #4401, #310, #2371 ) ;
#4697 = CARTESIAN_POINT ( 'NONE',  ( 69.95368511499633257, -18.09745673555395840, -2.999999999999968026 ) ) ;
#4698 = LINE ( 'NONE', #2623, #1688 ) ;
#4699 = DIRECTION ( 'NONE',  ( -1.000000000000000000, 0.000000000000000000, 0.000000000000000000 ) ) ;
#4700 = CARTESIAN_POINT ( 'NONE',  ( 123.0526420791192805, 33.79581418685401673, 2.000000000000000000 ) ) ;
#4701 = CIRCLE ( 'NONE', #2958, 1.000000000000000888 ) ;
#4702 = CARTESIAN_POINT ( 'NONE',  ( 91.87992981812230653, 5.301013001641475597, -4.979999999999967564 ) ) ;
#4703 = ORIENTED_EDGE ( 'NONE', *, *, #579, .F. ) ;
#4704 = VECTOR ( 'NONE', #4572, 1000.000000000000000 ) ;
#4705 = PRODUCT_DEFINITION_FORMATION_WITH_SPECIFIED_SOURCE ( 'ANY', '', #298, .NOT_KNOWN. ) ;
#4706 = VECTOR ( 'NONE', #3410, 999.9999999999998863 ) ;
#4707 = LINE ( 'NONE', #3493, #1492 ) ;
#4708 = FACE_OUTER_BOUND ( 'NONE', #2573, .T. ) ;
#4709 = EDGE_CURVE ( 'NONE', #3675, #4101, #2952, .T. ) ;
#4710 = ADVANCED_FACE ( 'NONE', ( #87 ), #3401, .T. ) ;
#4711 = ORIENTED_EDGE ( 'NONE', *, *, #2223, .F. ) ;
#4712 = CYLINDRICAL_SURFACE ( 'NONE', #4260, 2.500000000000002220 ) ;
#4713 = ORIENTED_EDGE ( 'NONE', *, *, #1698, .T. ) ;
#4714 = CARTESIAN_POINT ( 'NONE',  ( 68.00283379874937850, 31.24581418685402312, -92.58679254334981579 ) ) ;
#4715 = VERTEX_POINT ( 'NONE', #4667 ) ;
#4716 = LINE ( 'NONE', #3475, #3913 ) ;
#4717 = EDGE_CURVE ( 'NONE', #5099, #3951, #4042, .T. ) ;
#4718 = ORIENTED_EDGE ( 'NONE', *, *, #1900, .T. ) ;
#4719 = LINE ( 'NONE', #1385, #3052 ) ;
#4720 = CARTESIAN_POINT ( 'NONE',  ( 123.0526420791192805, 33.79581418685401673, -4.999999999999968026 ) ) ;
#4721 = LINE ( 'NONE', #983, #3256 ) ;
#4722 = CARTESIAN_POINT ( 'NONE',  ( 61.76262851142323740, 32.24581418685401957, -2.999999999999968026 ) ) ;
#4723 = EDGE_CURVE ( 'NONE', #3742, #5375, #906, .T. ) ;
#4724 = FACE_OUTER_BOUND ( 'NONE', #2606, .T. ) ;
#4725 = FACE_BOUND ( 'NONE', #3013, .T. ) ;
#4726 = PLANE ( 'NONE',  #1216 ) ;
#4727 = EDGE_CURVE ( 'NONE', #3441, #1817, #3431, .T. ) ;
#4728 = EDGE_LOOP ( 'NONE', ( #484, #3702, #694, #4408 ) ) ;
#4729 = CARTESIAN_POINT ( 'NONE',  ( 123.0526420791192805, 0.000000000000000000, -4.999999999999962697 ) ) ;
#4730 = CARTESIAN_POINT ( 'NONE',  ( 82.88733903135411651, 7.141356155710509412, -4.979999999999967564 ) ) ;
#4731 = EDGE_CURVE ( 'NONE', #1606, #3049, #4195, .T. ) ;
#4732 = LINE ( 'NONE', #1782, #4691 ) ;
#4733 = CARTESIAN_POINT ( 'NONE',  ( 83.47972719060949487, 8.977475825078181870, -4.999999999999968026 ) ) ;
#4734 = DIRECTION ( 'NONE',  ( 0.000000000000000000, 0.000000000000000000, -1.000000000000000000 ) ) ;
#4735 = VECTOR ( 'NONE', #4423, 1000.000000000000000 ) ;
#4736 = ADVANCED_FACE ( 'NONE', ( #2622, #4274 ), #2083, .T. ) ;
#4737 = ORIENTED_EDGE ( 'NONE', *, *, #1555, .T. ) ;
#4738 = CARTESIAN_POINT ( 'NONE',  ( 96.61823225319530195, 3.767321832058382558, -4.999999999999965361 ) ) ;
#4739 = AXIS2_PLACEMENT_3D ( 'NONE', #1996, #4078, #3193 ) ;
#4740 = CARTESIAN_POINT ( 'NONE',  ( 113.6061745212482919, -12.16866160237078986, -2.999999999999968026 ) ) ;
#4741 = ADVANCED_FACE ( 'NONE', ( #3785 ), #5026, .F. ) ;
#4742 = ORIENTED_EDGE ( 'NONE', *, *, #1915, .T. ) ;
#4743 = DIRECTION ( 'NONE',  ( -1.000000000000000000, 0.000000000000000000, 0.000000000000000000 ) ) ;
#4744 = VERTEX_POINT ( 'NONE', #55 ) ;
#4745 = AXIS2_PLACEMENT_3D ( 'NONE', #3649, #2787, #2027 ) ;
#4746 = EDGE_CURVE ( 'NONE', #2142, #2289, #1268, .T. ) ;
#4747 = DIRECTION ( 'NONE',  ( -0.000000000000000000, -0.000000000000000000, 1.000000000000000000 ) ) ;
#4748 = ORIENTED_EDGE ( 'NONE', *, *, #3075, .T. ) ;
#4749 = CARTESIAN_POINT ( 'NONE',  ( 122.1026420791192777, -18.89745673555394490, -1.249999999999999778 ) ) ;
#4750 = AXIS2_PLACEMENT_3D ( 'NONE', #5086, #2189, #879 ) ;
#4751 = CARTESIAN_POINT ( 'NONE',  ( 0.000000000000000000, 7.740963044856600916, -4.979999999999967564 ) ) ;
#4752 = CARTESIAN_POINT ( 'NONE',  ( 70.73808611690317605, 70.73808611687545067, -0.5000000000000000000 ) ) ;
#4753 = CARTESIAN_POINT ( 'NONE',  ( 123.0526420791192805, -19.64745673555394845, 2.000000000000000000 ) ) ;
#4754 = DIRECTION ( 'NONE',  ( -1.000000000000000000, 0.000000000000000000, 0.000000000000000000 ) ) ;
#4755 = DIRECTION ( 'NONE',  ( -1.000000000000000000, 0.000000000000000000, 0.000000000000000000 ) ) ;
#4756 = DIRECTION ( 'NONE',  ( 0.000000000000000000, 0.000000000000000000, -1.000000000000000000 ) ) ;
#4757 = DIRECTION ( 'NONE',  ( -1.000000000000000000, 0.000000000000000000, 0.000000000000000000 ) ) ;
#4758 = CARTESIAN_POINT ( 'NONE',  ( 99.32515517334117305, 4.267385370128940814, -4.999999999999968026 ) ) ;
#4759 = ORIENTED_EDGE ( 'NONE', *, *, #1409, .T. ) ;
#4760 = CARTESIAN_POINT ( 'NONE',  ( 82.88733903135411651, 7.021124127844889706, -4.999999999999968026 ) ) ;
#4761 = CARTESIAN_POINT ( 'NONE',  ( 90.18202988411007937, 8.183676927377259602, -4.979999999999967564 ) ) ;
#4762 = CARTESIAN_POINT ( 'NONE',  ( 93.05180686661282152, 3.842822143103860277, -4.979999999999967564 ) ) ;
#4763 = CARTESIAN_POINT ( 'NONE',  ( 85.71024379530909698, 10.39564195015911174, -4.999999999999968026 ) ) ;
#4764 = CARTESIAN_POINT ( 'NONE',  ( 93.57782975213456211, 8.183676927377259602, -4.979999999999967564 ) ) ;
#4765 = EDGE_CURVE ( 'NONE', #1553, #44, #3352, .T. ) ;
#4766 = CARTESIAN_POINT ( 'NONE',  ( 100.8568353425063151, 6.702338798797316421, -4.979999999999967564 ) ) ;
#4767 = CARTESIAN_POINT ( 'NONE',  ( 118.8026420791192521, 29.74581418685401957, -2.999999999999968026 ) ) ;
#4768 = ADVANCED_FACE ( 'NONE', ( #3488 ), #5199, .F. ) ;
#4769 = VERTEX_POINT ( 'NONE', #143 ) ;
#4770 = ORIENTED_EDGE ( 'NONE', *, *, #2721, .F. ) ;
#4771 = CARTESIAN_POINT ( 'NONE',  ( 93.05180686470561113, 10.31965814058498410, -4.999999999999966249 ) ) ;
#4772 = EDGE_LOOP ( 'NONE', ( #4406, #2484, #3336, #3724 ) ) ;
#4773 = CARTESIAN_POINT ( 'NONE',  ( 66.74544513803135715, -12.36866160237078915, -2.999999999999968026 ) ) ;
#4774 = DIRECTION ( 'NONE',  ( 1.000000000000000000, 0.000000000000000000, 0.000000000000000000 ) ) ;
#4775 = EDGE_CURVE ( 'NONE', #1890, #1250, #1652, .T. ) ;
#4776 = DIRECTION ( 'NONE',  ( -0.000000000000000000, -0.000000000000000000, -1.000000000000000000 ) ) ;
#4777 = LINE ( 'NONE', #504, #4005 ) ;
#4778 = FACE_OUTER_BOUND ( 'NONE', #3101, .T. ) ;
#4779 = LINE ( 'NONE', #3947, #114 ) ;
#4780 = DIRECTION ( 'NONE',  ( -0.000000000000000000, -0.000000000000000000, 1.000000000000000000 ) ) ;
#4781 = ADVANCED_FACE ( 'NONE', ( #2241 ), #1021, .F. ) ;
#4782 = CARTESIAN_POINT ( 'NONE',  ( 72.00262851142325360, 31.20528942323797139, 1.250000000000070610 ) ) ;
#4783 = VERTEX_POINT ( 'NONE', #4303 ) ;
#4784 = CARTESIAN_POINT ( 'NONE',  ( 100.6241445491864539, 5.796477525214777771, -4.999999999999968026 ) ) ;
#4785 = ORIENTED_EDGE ( 'NONE', *, *, #1465, .T. ) ;
#4786 = CARTESIAN_POINT ( 'NONE',  ( 93.78636053859919741, 3.149696588006094533, -4.999999999999968026 ) ) ;
#4787 = CIRCLE ( 'NONE', #4433, 1.000000000000000888 ) ;
#4788 = CARTESIAN_POINT ( 'NONE',  ( 68.00283379874937850, 31.24581418685402312, -2.999999999999975131 ) ) ;
#4789 = FACE_OUTER_BOUND ( 'NONE', #3979, .T. ) ;
#4790 = FACE_OUTER_BOUND ( 'NONE', #3851, .T. ) ;
#4791 = AXIS2_PLACEMENT_3D ( 'NONE', #4399, #3204, #4061 ) ;
#4792 = ORIENTED_EDGE ( 'NONE', *, *, #2689, .F. ) ;
#4793 = LINE ( 'NONE', #1064, #614 ) ;
#4794 = LINE ( 'NONE', #3523, #3807 ) ;
#4795 = VECTOR ( 'NONE', #4412, 1000.000000000000000 ) ;
#4796 = ORIENTED_EDGE ( 'NONE', *, *, #3235, .T. ) ;
#4797 = FACE_OUTER_BOUND ( 'NONE', #1877, .T. ) ;
#4798 = ORIENTED_EDGE ( 'NONE', *, *, #807, .T. ) ;
#4799 = VECTOR ( 'NONE', #3839, 1000.000000000000000 ) ;
#4800 = ADVANCED_FACE ( 'NONE', ( #220 ), #605, .F. ) ;
#4801 = DIRECTION ( 'NONE',  ( -1.000000000000000000, 0.000000000000000000, 0.000000000000000000 ) ) ;
#4802 = EDGE_LOOP ( 'NONE', ( #937, #1856, #2203, #1134 ) ) ;
#4803 = CARTESIAN_POINT ( 'NONE',  ( 121.1666792343127383, 32.79581418685401673, -0.5000000000000000000 ) ) ;
#4804 = AXIS2_PLACEMENT_3D ( 'NONE', #2548, #555, #66 ) ;
#4805 = AXIS2_PLACEMENT_3D ( 'NONE', #796, #1258, #2843 ) ;
#4806 = EDGE_CURVE ( 'NONE', #1187, #1457, #1893, .T. ) ;
#4807 = CARTESIAN_POINT ( 'NONE',  ( 95.19359532670262070, 11.84766961349087033, -4.999999999999968026 ) ) ;
#4808 = CARTESIAN_POINT ( 'NONE',  ( 90.70805276949049301, 3.842822143008361557, -4.999999999999968026 ) ) ;
#4809 = DIRECTION ( 'NONE',  ( 4.491845589961664136E-16, 1.000000000000000000, 0.000000000000000000 ) ) ;
#4810 = ORIENTED_EDGE ( 'NONE', *, *, #63, .T. ) ;
#4811 = CARTESIAN_POINT ( 'NONE',  ( 118.8026420791192521, 29.74581418685401957, -4.999999999999968026 ) ) ;
#4812 = PLANE ( 'NONE',  #3318 ) ;
#4813 = EDGE_CURVE ( 'NONE', #4783, #1178, #658, .T. ) ;
#4814 = CARTESIAN_POINT ( 'NONE',  ( -1.019776564426558395E-14, -18.09745673555392287, -0.5000000000000000000 ) ) ;
#4815 = ORIENTED_EDGE ( 'NONE', *, *, #5203, .F. ) ;
#4816 = VERTEX_POINT ( 'NONE', #3543 ) ;
#4817 = EDGE_CURVE ( 'NONE', #3130, #4060, #4573, .T. ) ;
#4818 = CARTESIAN_POINT ( 'NONE',  ( 84.43470446290348264, 4.267385370129123778, -4.999999999999968026 ) ) ;
#4819 = VERTEX_POINT ( 'NONE', #5311 ) ;
#4820 = CARTESIAN_POINT ( 'NONE',  ( 125.5948143801982866, 3.716025546330773214E-16, -2.823415225557234898 ) ) ;
#4821 = CARTESIAN_POINT ( 'NONE',  ( 122.8526420791192777, -18.89745673555394134, 2.000000000000000000 ) ) ;
#4822 = CARTESIAN_POINT ( 'NONE',  ( 69.43262851142324621, -17.05471057676229307, 2.000000000000000000 ) ) ;
#4823 = EDGE_CURVE ( 'NONE', #2529, #1553, #1213, .T. ) ;
#4824 = DIRECTION ( 'NONE',  ( 0.000000000000000000, -1.000000000000000000, 0.000000000000000000 ) ) ;
#4825 = CARTESIAN_POINT ( 'NONE',  ( 57.51262851142327293, -19.64745673555394845, -1.249999999999999778 ) ) ;
#4826 = ORIENTED_EDGE ( 'NONE', *, *, #5278, .F. ) ;
#4827 = CARTESIAN_POINT ( 'NONE',  ( 84.43470446290348264, 4.267385370129123778, -4.999999999999967137 ) ) ;
#4828 = ORIENTED_EDGE ( 'NONE', *, *, #5066, .F. ) ;
#4829 = ADVANCED_FACE ( 'NONE', ( #3230 ), #3088, .T. ) ;
#4830 = VECTOR ( 'NONE', #1956, 1000.000000000000000 ) ;
#4831 = CARTESIAN_POINT ( 'NONE',  ( 102.6545103343471226, 7.655127390084427219, -4.999999999999966249 ) ) ;
#4832 = DIRECTION ( 'NONE',  ( -1.000000000000000000, 0.000000000000000000, 0.000000000000000000 ) ) ;
#4833 = DIRECTION ( 'NONE',  ( 0.000000000000000000, 1.000000000000000000, 0.000000000000000000 ) ) ;
#4834 = VECTOR ( 'NONE', #1364, 1000.000000000000000 ) ;
#4835 = FACE_OUTER_BOUND ( 'NONE', #2922, .T. ) ;
#4836 = CARTESIAN_POINT ( 'NONE',  ( 91.87992981812230653, 8.861467282886149377, -4.979999999999967564 ) ) ;
#4837 = CARTESIAN_POINT ( 'NONE',  ( 100.8725206048905250, 7.141356155710513853, -4.999999999999968026 ) ) ;
#4838 = VECTOR ( 'NONE', #1674, 1000.000000000000000 ) ;
#4839 = EDGE_CURVE ( 'NONE', #3252, #3574, #1163, .T. ) ;
#4840 = CYLINDRICAL_SURFACE ( 'NONE', #509, 3.000000000000002665 ) ;
#4841 = VERTEX_POINT ( 'NONE', #4086 ) ;
#4842 = FACE_OUTER_BOUND ( 'NONE', #261, .T. ) ;
#4843 = ORIENTED_EDGE ( 'NONE', *, *, #1153, .F. ) ;
#4844 = CARTESIAN_POINT ( 'NONE',  ( 88.38337899069527737, 4.228132077665787136, -4.999999999999968026 ) ) ;
#4845 = B_SPLINE_CURVE_WITH_KNOTS ( 'NONE', 3,
 ( #764, #2432, #4082, #356, #2031, #475, #3480, #5077, #503, #2972, #158, #47, #3423, #3859, #3884, #134, #3800, #1826, #5159, #1769, #4322, #2204 ),
 .UNSPECIFIED., .F., .F.,
 ( 4, 1, 1, 1, 1, 1, 1, 1, 1, 1, 1, 1, 1, 1, 1, 1, 1, 1, 1, 4 ),
 ( 0.03472248487134121930, 0.03552176638426018940, 0.03605462072620635450, 0.04982159774341232694, 0.06492071061548343458, 0.09511893635962564986, 0.1555153878479100804, 0.2159118393361945110, 0.2763082908244789415, 0.3367047423127633721, 0.3971011938010478026, 0.4574976452893322332, 0.5178940967776166637, 0.5782905482659010943, 0.6386869997541855248, 0.6990834512424699554, 0.7594799027307543859, 0.8198763542190388165, 0.8802728057073232470, 1.001065708683892108 ),
 .UNSPECIFIED. ) ;
#4846 = ORIENTED_EDGE ( 'NONE', *, *, #4894, .T. ) ;
#4847 = CARTESIAN_POINT ( 'NONE',  ( 88.09977142958013019, 0.000000000000000000, -4.999999999999968026 ) ) ;
#4848 = PLANE ( 'NONE',  #5326 ) ;
#4849 = EDGE_CURVE ( 'NONE', #4819, #3966, #2127, .T. ) ;
#4850 = CARTESIAN_POINT ( 'NONE',  ( 125.1604999524614783, -14.48529262559303810, -0.5000000000000000000 ) ) ;
#4851 = VERTEX_POINT ( 'NONE', #767 ) ;
#4852 = DIRECTION ( 'NONE',  ( 0.000000000000000000, 1.000000000000000000, 0.000000000000000000 ) ) ;
#4853 = FACE_BOUND ( 'NONE', #1906, .T. ) ;
#4854 = EDGE_LOOP ( 'NONE', ( #1736, #5014, #4826, #276 ) ) ;
#4855 = ORIENTED_EDGE ( 'NONE', *, *, #3883, .T. ) ;
#4856 = CARTESIAN_POINT ( 'NONE',  ( 97.35788106744743686, 3.710808660269697690, -4.979999999999967564 ) ) ;
#4857 = DIRECTION ( 'NONE',  ( 0.000000000000000000, -1.000000000000000000, 0.000000000000000000 ) ) ;
#4858 = CARTESIAN_POINT ( 'NONE',  ( 93.05180686470561113, 10.31965814058498410, -4.999999999999968026 ) ) ;
#4859 = CARTESIAN_POINT ( 'NONE',  ( 89.97349909748092500, 3.149696587935229886, -4.999999999999968026 ) ) ;
#4860 = CARTESIAN_POINT ( 'NONE',  ( 125.0948143801982866, 3.409346434488961827E-16, -4.249999999999968914 ) ) ;
#4861 = ORIENTED_EDGE ( 'NONE', *, *, #3019, .T. ) ;
#4862 = CARTESIAN_POINT ( 'NONE',  ( 60.76262851142322319, -15.59745673555393886, -3.999999999999968026 ) ) ;
#4863 = DIRECTION ( 'NONE',  ( -1.000000000000000000, 0.000000000000000000, 0.000000000000000000 ) ) ;
#4864 = ORIENTED_EDGE ( 'NONE', *, *, #3223, .T. ) ;
#4865 = CARTESIAN_POINT ( 'NONE',  ( 100.8716879100530832, 7.069318558218559367, -4.999999999999968026 ) ) ;
#4866 = PRODUCT_RELATED_PRODUCT_CATEGORY ( 'part', '', ( #298 ) ) ;
#4867 = CARTESIAN_POINT ( 'NONE',  ( 70.15368511499633541, -12.36866160237078915, -2.999999999999968026 ) ) ;
#4868 = EDGE_LOOP ( 'NONE', ( #4991, #3188, #598, #65 ) ) ;
#4869 = FACE_OUTER_BOUND ( 'NONE', #5220, .T. ) ;
#4870 = VECTOR ( 'NONE', #2045, 1000.000000000000000 ) ;
#4871 = DIRECTION ( 'NONE',  ( 0.000000000000000000, 0.000000000000000000, -1.000000000000000000 ) ) ;
#4872 = ADVANCED_FACE ( 'NONE', ( #3684 ), #5289, .T. ) ;
#4873 = LINE ( 'NONE', #1518, #3981 ) ;
#4874 = ORIENTED_EDGE ( 'NONE', *, *, #1751, .F. ) ;
#4875 = AXIS2_PLACEMENT_3D ( 'NONE', #1619, #799, #1190 ) ;
#4876 = LINE ( 'NONE', #2745, #1930 ) ;
#4877 = CARTESIAN_POINT ( 'NONE',  ( 125.0948143801982866, 9.046031344733112434, 2.939233756643952589 ) ) ;
#4878 = AXIS2_PLACEMENT_3D ( 'NONE', #290, #4936, #2753 ) ;
#4879 = VERTEX_POINT ( 'NONE', #4059 ) ;
#4880 = CARTESIAN_POINT ( 'NONE',  ( 82.96180775156702225, 6.325678204152282547, -4.979999999999967564 ) ) ;
#4881 = AXIS2_PLACEMENT_3D ( 'NONE', #1241, #4558, #822 ) ;
#4882 = VECTOR ( 'NONE', #4040, 1000.000000000000000 ) ;
#4883 = EDGE_CURVE ( 'NONE', #2973, #1729, #3630, .T. ) ;
#4884 = CARTESIAN_POINT ( 'NONE',  ( 81.23558079040117264, 8.392679732853814301, -4.999999999999968026 ) ) ;
#4885 = VERTEX_POINT ( 'NONE', #743 ) ;
#4886 = CARTESIAN_POINT ( 'NONE',  ( 91.87992981812230653, 5.301013001641475597, -4.999999999999968026 ) ) ;
#4887 = VECTOR ( 'NONE', #2486, 1000.000000000000000 ) ;
#4888 = DIRECTION ( 'NONE',  ( 0.000000000000000000, -8.021991610562322215E-17, 1.000000000000000000 ) ) ;
#4889 = ORIENTED_EDGE ( 'NONE', *, *, #4121, .F. ) ;
#4890 = CARTESIAN_POINT ( 'NONE',  ( 100.7980518846775908, 7.836802079403089927, -4.999999999999968026 ) ) ;
#4891 = CARTESIAN_POINT ( 'NONE',  ( 120.2418043967811059, 32.24581418685400536, -0.5000000000000004441 ) ) ;
#4892 = DIRECTION ( 'NONE',  ( 1.000000000000000000, -5.634916437861263896E-16, 0.000000000000000000 ) ) ;
#4893 = ORIENTED_EDGE ( 'NONE', *, *, #1604, .T. ) ;
#4894 = EDGE_CURVE ( 'NONE', #3996, #4816, #3848, .T. ) ;
#4895 = DIRECTION ( 'NONE',  ( -1.000000000000000000, 0.000000000000000000, 0.000000000000000000 ) ) ;
#4896 = EDGE_LOOP ( 'NONE', ( #727, #3124, #2333, #1004 ) ) ;
#4897 = CARTESIAN_POINT ( 'NONE',  ( 83.80641845157784076, 2.537988583367394302, -4.979999999999967564 ) ) ;
#4898 = LINE ( 'NONE', #3205, #4882 ) ;
#4899 = CARTESIAN_POINT ( 'NONE',  ( 100.8716879100530832, 7.093161725336658563, -4.999999999999968026 ) ) ;
#4900 = ORIENTED_EDGE ( 'NONE', *, *, #3090, .F. ) ;
#4901 = CARTESIAN_POINT ( 'NONE',  ( 67.73279981951040440, -17.08677019585603674, -2.999999999999968026 ) ) ;
#4902 = FACE_OUTER_BOUND ( 'NONE', #469, .T. ) ;
#4903 = ORIENTED_EDGE ( 'NONE', *, *, #3528, .T. ) ;
#4904 = ADVANCED_FACE ( 'NONE', ( #277 ), #3275, .F. ) ;
#4905 = DIRECTION ( 'NONE',  ( 0.000000000000000000, 0.000000000000000000, -1.000000000000000000 ) ) ;
#4906 = EDGE_LOOP ( 'NONE', ( #4053, #1598, #810, #3365 ) ) ;
#4907 = ORIENTED_EDGE ( 'NONE', *, *, #1109, .F. ) ;
#4908 = CARTESIAN_POINT ( 'NONE',  ( 100.8568353425063151, 6.702338798797316421, -4.979999999999967564 ) ) ;
#4909 = ORIENTED_EDGE ( 'NONE', *, *, #3095, .F. ) ;
#4910 = CARTESIAN_POINT ( 'NONE',  ( 72.00262851142325360, 31.20528942323797139, 2.000000000000000000 ) ) ;
#4911 = EDGE_CURVE ( 'NONE', #322, #1172, #2870, .T. ) ;
#4912 = AXIS2_PLACEMENT_3D ( 'NONE', #1448, #3108, #2699 ) ;
#4913 = DIRECTION ( 'NONE',  ( 1.000000000000000000, 0.000000000000000000, -0.000000000000000000 ) ) ;
#4914 = ORIENTED_EDGE ( 'NONE', *, *, #1673, .T. ) ;
#4915 = CARTESIAN_POINT ( 'NONE',  ( 98.69404159426026979, 10.21259834457874049, -4.999999999999968026 ) ) ;
#4916 = AXIS2_PLACEMENT_3D ( 'NONE', #3918, #4324, #1044 ) ;
#4917 = CARTESIAN_POINT ( 'NONE',  ( -1.019776564426558395E-14, -18.09745673555392287, -92.58679254334981579 ) ) ;
#4918 = DIRECTION ( 'NONE',  ( 0.000000000000000000, 0.000000000000000000, -1.000000000000000000 ) ) ;
#4919 = ORIENTED_EDGE ( 'NONE', *, *, #3287, .T. ) ;
#4920 = ORIENTED_EDGE ( 'NONE', *, *, #2495, .F. ) ;
#4921 = AXIS2_PLACEMENT_3D ( 'NONE', #3310, #1941, #3588 ) ;
#4922 = DIRECTION ( 'NONE',  ( 0.000000000000000000, -1.000000000000000000, 4.387152023896142705E-17 ) ) ;
#4923 = DIRECTION ( 'NONE',  ( 0.000000000000000000, 0.000000000000000000, -1.000000000000000000 ) ) ;
#4924 = EDGE_LOOP ( 'NONE', ( #1138, #4345, #667, #527 ) ) ;
#4925 = CARTESIAN_POINT ( 'NONE',  ( 91.71325068557820259, 9.104535954424910926, -4.979999999999967564 ) ) ;
#4926 = LINE ( 'NONE', #3581, #251 ) ;
#4927 = CARTESIAN_POINT ( 'NONE',  ( 98.04961584093548765, 10.39564195015911352, -4.979999999999967564 ) ) ;
#4928 = ORIENTED_EDGE ( 'NONE', *, *, #5203, .T. ) ;
#4929 = LINE ( 'NONE', #389, #3609 ) ;
#4930 = CARTESIAN_POINT ( 'NONE',  ( 82.88817172619154405, 7.093161725336652346, -4.979999999999967564 ) ) ;
#4931 = CARTESIAN_POINT ( 'NONE',  ( 87.14000828496686779, 5.765880612215132039, -4.979999999999967564 ) ) ;
#4932 = ORIENTED_EDGE ( 'NONE', *, *, #1513, .F. ) ;
#4933 = DIRECTION ( 'NONE',  ( -1.000000000000000000, 0.000000000000000000, 0.000000000000000000 ) ) ;
#4934 = EDGE_CURVE ( 'NONE', #2738, #2471, #4530, .T. ) ;
#4935 = ORIENTED_EDGE ( 'NONE', *, *, #807, .F. ) ;
#4936 = DIRECTION ( 'NONE',  ( 1.000000000000000000, 0.000000000000000000, -0.000000000000000000 ) ) ;
#4937 = ORIENTED_EDGE ( 'NONE', *, *, #4619, .F. ) ;
#4938 = CARTESIAN_POINT ( 'NONE',  ( 101.2643289089748890, 10.60194736458409359, -4.979999999999967564 ) ) ;
#4939 = DIRECTION ( 'NONE',  ( 0.000000000000000000, 0.000000000000000000, -1.000000000000000000 ) ) ;
#4940 = EDGE_LOOP ( 'NONE', ( #1785, #651, #3505, #4392 ) ) ;
#4941 = CARTESIAN_POINT ( 'NONE',  ( 122.0526420791192805, 31.90984821451102604, -4.999999999999962697 ) ) ;
#4942 = CARTESIAN_POINT ( 'NONE',  ( 70.73262851142325758, -17.05471057676229307, 1.250000000000070610 ) ) ;
#4943 = EDGE_LOOP ( 'NONE', ( #1875, #4546, #664, #4631 ) ) ;
#4944 = DIRECTION ( 'NONE',  ( -1.000000000000000000, 0.000000000000000000, 0.000000000000000000 ) ) ;
#4945 = EDGE_CURVE ( 'NONE', #4186, #1790, #3660, .T. ) ;
#4946 = FACE_OUTER_BOUND ( 'NONE', #4058, .T. ) ;
#4947 = DIRECTION ( 'NONE',  ( -0.8548181763315296777, -0.1603574565909280103, 0.4935295042131995213 ) ) ;
#4948 = CARTESIAN_POINT ( 'NONE',  ( 97.35788106744738002, 10.45167162328543498, -4.979999999999967564 ) ) ;
#4949 = EDGE_LOOP ( 'NONE', ( #2556, #3231, #5054, #832 ) ) ;
#4950 = CARTESIAN_POINT ( 'NONE',  ( 101.7364661426487942, 10.03657867010265292, -4.979999999999967564 ) ) ;
#4951 = VECTOR ( 'NONE', #4589, 1000.000000000000000 ) ;
#4952 = LINE ( 'NONE', #1648, #4035 ) ;
#4953 = ORIENTED_EDGE ( 'NONE', *, *, #5398, .T. ) ;
#4954 = DIRECTION ( 'NONE',  ( -1.000000000000000000, 0.000000000000000000, 0.000000000000000000 ) ) ;
#4955 = CIRCLE ( 'NONE', #3985, 1.000000000000000888 ) ;
#4956 = ADVANCED_FACE ( 'NONE', ( #2845 ), #4502, .F. ) ;
#4957 = DIRECTION ( 'NONE',  ( 0.000000000000000000, 0.000000000000000000, -1.000000000000000000 ) ) ;
#4958 = AXIS2_PLACEMENT_3D ( 'NONE', #4375, #284, #5239 ) ;
#4959 = ORIENTED_EDGE ( 'NONE', *, *, #3438, .F. ) ;
#4960 = CARTESIAN_POINT ( 'NONE',  ( 102.6742873866202217, 7.271520675027718816, -4.979999999999967564 ) ) ;
#4961 = EDGE_CURVE ( 'NONE', #1672, #1461, #3685, .T. ) ;
#4962 = AXIS2_PLACEMENT_3D ( 'NONE', #2847, #2874, #1641 ) ;
#4963 = AXIS2_PLACEMENT_3D ( 'NONE', #5156, #5104, #2124 ) ;
#4964 = CARTESIAN_POINT ( 'NONE',  ( 82.49553072731382031, 10.60194736478018740, -4.979999999999967564 ) ) ;
#4965 = EDGE_LOOP ( 'NONE', ( #1583, #4512, #4138, #804 ) ) ;
#4966 = CARTESIAN_POINT ( 'NONE',  ( 92.04660895112613161, 5.057944329663973448, -4.979999999999967564 ) ) ;
#4967 = CIRCLE ( 'NONE', #4167, 1.500000000000001332 ) ;
#4968 = CARTESIAN_POINT ( 'NONE',  ( 120.2418043967811059, 31.24581418685400180, -92.58679254334981579 ) ) ;
#4969 = VERTEX_POINT ( 'NONE', #3301 ) ;
#4970 = EDGE_CURVE ( 'NONE', #3579, #2471, #4973, .T. ) ;
#4971 = VECTOR ( 'NONE', #1011, 1000.000000000000000 ) ;
#4972 = VECTOR ( 'NONE', #1493, 1000.000000000000000 ) ;
#4973 = LINE ( 'NONE', #1239, #4735 ) ;
#4974 = DIRECTION ( 'NONE',  ( 0.7071069653289967505, -0.7071065970440503223, 0.000000000000000000 ) ) ;
#4975 = CARTESIAN_POINT ( 'NONE',  ( 73.72755661367382629, -17.25607953625900493, -0.5000000000000004441 ) ) ;
#4976 = LINE ( 'NONE', #436, #4081 ) ;
#4977 = VECTOR ( 'NONE', #2320, 1000.000000000000114 ) ;
#4978 = VECTOR ( 'NONE', #4551, 1000.000000000000000 ) ;
#4979 = CARTESIAN_POINT ( 'NONE',  ( 98.04961584093548765, 10.39564195015911352, -4.999999999999968026 ) ) ;
#4980 = ORIENTED_EDGE ( 'NONE', *, *, #3829, .T. ) ;
#4981 = DIRECTION ( 'NONE',  ( 0.000000000000000000, 0.000000000000000000, -1.000000000000000000 ) ) ;
#4982 = CARTESIAN_POINT ( 'NONE',  ( 0.000000000000000000, 0.000000000000000000, -4.979999999999967564 ) ) ;
#4983 = DIRECTION ( 'NONE',  ( 1.000000000000000000, 0.000000000000000000, -0.000000000000000000 ) ) ;
#4984 = VERTEX_POINT ( 'NONE', #2795 ) ;
#4985 = LINE ( 'NONE', #1249, #2156 ) ;
#4986 = VERTEX_POINT ( 'NONE', #684 ) ;
#4987 = VERTEX_POINT ( 'NONE', #2367 ) ;
#4988 = CARTESIAN_POINT ( 'NONE',  ( 93.05180686470561113, 10.31965814058498410, -4.979999999999967564 ) ) ;
#4989 = EDGE_CURVE ( 'NONE', #4060, #1864, #3394, .T. ) ;
#4990 = CARTESIAN_POINT ( 'NONE',  ( 121.1666792343127383, 33.79581418685401673, -4.999999999999968026 ) ) ;
#4991 = ORIENTED_EDGE ( 'NONE', *, *, #5076, .F. ) ;
#4992 = DIRECTION ( 'NONE',  ( 0.000000000000000000, 0.3090169943749444537, -0.9510565162951544194 ) ) ;
#4993 = FACE_OUTER_BOUND ( 'NONE', #2912, .T. ) ;
#4994 = CARTESIAN_POINT ( 'NONE',  ( -3.091830155901383989E-15, -18.09745673555394418, -92.58679254334981579 ) ) ;
#4995 = CARTESIAN_POINT ( 'NONE',  ( 81.08814080717546346, 7.081240144903952149, -4.999999999999968026 ) ) ;
#4996 = ADVANCED_FACE ( 'NONE', ( #1773, #3000, #432, #5079, #3755, #2184, #1312, #508 ), #453, .T. ) ;
#4997 = CARTESIAN_POINT ( 'NONE',  ( 83.91100985458159300, 4.668641647837965536, -4.979999999999967564 ) ) ;
#4998 = LINE ( 'NONE', #1265, #3550 ) ;
#4999 = AXIS2_PLACEMENT_3D ( 'NONE', #1533, #321, #4470 ) ;
#5000 = EDGE_CURVE ( 'NONE', #1975, #128, #1204, .T. ) ;
#5001 = ORIENTED_EDGE ( 'NONE', *, *, #2375, .F. ) ;
#5002 = DIRECTION ( 'NONE',  ( -1.000000000000000000, 4.491845589961664136E-16, 0.000000000000000000 ) ) ;
#5003 = CARTESIAN_POINT ( 'NONE',  ( 87.14000828496686779, 7.740963044856600916, -4.979999999999967564 ) ) ;
#5004 = AXIS2_PLACEMENT_3D ( 'NONE', #5210, #1466, #1070 ) ;
#5005 = CARTESIAN_POINT ( 'NONE',  ( 102.6742873867322885, 6.890959614328150629, -4.999999999999966249 ) ) ;
#5006 = ADVANCED_FACE ( 'NONE', ( #7 ), #4212, .T. ) ;
#5007 = ORIENTED_EDGE ( 'NONE', *, *, #2731, .T. ) ;
#5008 = DIRECTION ( 'NONE',  ( 1.000000000000000000, -0.000000000000000000, 0.000000000000000000 ) ) ;
#5009 = ORIENTED_EDGE ( 'NONE', *, *, #2067, .F. ) ;
#5010 = VERTEX_POINT ( 'NONE', #403 ) ;
#5011 = CARTESIAN_POINT ( 'NONE',  ( 61.76262851142322319, -15.59745673555393886, 2.000000000000000000 ) ) ;
#5012 = VERTEX_POINT ( 'NONE', #2076 ) ;
#5013 = CARTESIAN_POINT ( 'NONE',  ( 123.8448143801982440, -7.974933038889183479, -0.5000000000000004441 ) ) ;
#5014 = ORIENTED_EDGE ( 'NONE', *, *, #442, .F. ) ;
#5015 = CARTESIAN_POINT ( 'NONE',  ( 91.34005445318651084, 9.605257369896378350, -4.979999999999967564 ) ) ;
#5016 = ORIENTED_EDGE ( 'NONE', *, *, #4147, .F. ) ;
#5017 = DIRECTION ( 'NONE',  ( 0.000000000000000000, -1.000000000000000000, 0.000000000000000000 ) ) ;
#5018 = CARTESIAN_POINT ( 'NONE',  ( 70.73262851142325758, -17.05471057676229307, 1.250000000000070610 ) ) ;
#5019 = CARTESIAN_POINT ( 'NONE',  ( 119.8026420791192521, 29.74581418685401957, 2.000000000000000000 ) ) ;
#5020 = PLANE ( 'NONE',  #3033 ) ;
#5021 = LINE ( 'NONE', #8, #5235 ) ;
#5022 = CARTESIAN_POINT ( 'NONE',  ( 85.71024379530906856, 3.766838333396222982, -4.979999999999967564 ) ) ;
#5023 = CARTESIAN_POINT ( 'NONE',  ( 74.18710827339778291, 2.059105893387139079E-12, -92.58679254334981579 ) ) ;
#5024 = EDGE_CURVE ( 'NONE', #1515, #1009, #1693, .T. ) ;
#5025 = ORIENTED_EDGE ( 'NONE', *, *, #2295, .T. ) ;
#5026 = PLANE ( 'NONE',  #3766 ) ;
#5027 = DIRECTION ( 'NONE',  ( 0.000000000000000000, -1.000000000000000000, -8.021991610562322215E-17 ) ) ;
#5028 = EDGE_CURVE ( 'NONE', #1061, #3966, #874, .T. ) ;
#5029 = ORIENTED_EDGE ( 'NONE', *, *, #461, .F. ) ;
#5030 = CARTESIAN_POINT ( 'NONE',  ( 125.0948143801982866, 0.000000000000000000, 0.000000000000000000 ) ) ;
#5031 = ORIENTED_EDGE ( 'NONE', *, *, #2689, .T. ) ;
#5032 = VECTOR ( 'NONE', #3462, 1000.000000000000000 ) ;
#5033 = LINE ( 'NONE', #5011, #5039 ) ;
#5034 = ORIENTED_EDGE ( 'NONE', *, *, #1205, .T. ) ;
#5035 = DIRECTION ( 'NONE',  ( -1.000000000000000000, 0.000000000000000000, 0.000000000000000000 ) ) ;
#5036 = ORIENTED_EDGE ( 'NONE', *, *, #2856, .T. ) ;
#5037 = EDGE_CURVE ( 'NONE', #619, #5157, #2730, .T. ) ;
#5038 = CARTESIAN_POINT ( 'NONE',  ( 84.81374502721381248, 12.04706284206466727, -4.979999999999967564 ) ) ;
#5039 = VECTOR ( 'NONE', #2959, 1000.000000000000000 ) ;
#5040 = ORIENTED_EDGE ( 'NONE', *, *, #2807, .T. ) ;
#5041 = DIRECTION ( 'NONE',  ( 0.000000000000000000, -0.9510565162951545304, -0.3090169943749445092 ) ) ;
#5042 = LINE ( 'NONE', #2608, #1732 ) ;
#5043 = LINE ( 'NONE', #74, #1230 ) ;
#5044 = ORIENTED_EDGE ( 'NONE', *, *, #4934, .F. ) ;
#5045 = CIRCLE ( 'NONE', #2691, 1.000000000000000888 ) ;
#5046 = CARTESIAN_POINT ( 'NONE',  ( 90.70805276949049301, 3.842822143008361557, -4.999999999999968026 ) ) ;
#5047 = AXIS2_PLACEMENT_3D ( 'NONE', #2982, #3216, #757 ) ;
#5048 = DIRECTION ( 'NONE',  ( -0.6832324839452035281, -0.6832300720754888035, -0.2576626505603588635 ) ) ;
#5049 = DIRECTION ( 'NONE',  ( -1.000000000000000000, 0.000000000000000000, 0.000000000000000000 ) ) ;
#5050 = DIRECTION ( 'NONE',  ( -0.000000000000000000, -0.000000000000000000, 1.000000000000000000 ) ) ;
#5051 = CARTESIAN_POINT ( 'NONE',  ( 72.23262851142325758, -17.05471057676229307, 1.250000000000070610 ) ) ;
#5052 = CIRCLE ( 'NONE', #4611, 1.300000000000009592 ) ;
#5053 = AXIS2_PLACEMENT_3D ( 'NONE', #2976, #2512, #4165 ) ;
#5054 = ORIENTED_EDGE ( 'NONE', *, *, #2112, .T. ) ;
#5055 = EDGE_CURVE ( 'NONE', #3527, #1699, #2269, .T. ) ;
#5056 = CARTESIAN_POINT ( 'NONE',  ( 75.00262851142325360, 32.24581418685401957, -0.5000000000000000000 ) ) ;
#5057 = CARTESIAN_POINT ( 'NONE',  ( 86.40197856879723304, 10.45167162328543853, -4.999999999999967137 ) ) ;
#5058 = CARTESIAN_POINT ( 'NONE',  ( 121.8026420791192521, -17.09745673555396550, -0.5000000000000004441 ) ) ;
#5059 = VECTOR ( 'NONE', #2050, 1000.000000000000114 ) ;
#5060 = VECTOR ( 'NONE', #4776, 1000.000000000000000 ) ;
#5061 = CYLINDRICAL_SURFACE ( 'NONE', #4246, 1.000000000000000888 ) ;
#5062 = ORIENTED_EDGE ( 'NONE', *, *, #1440, .F. ) ;
#5063 = CARTESIAN_POINT ( 'NONE',  ( 72.00262851142325360, 31.20528942323797139, 2.000000000000000000 ) ) ;
#5064 = EDGE_LOOP ( 'NONE', ( #3619, #3677, #100, #4132 ) ) ;
#5065 = CARTESIAN_POINT ( 'NONE',  ( 74.00262851142325360, 31.24581418685401601, -0.5000000000000000000 ) ) ;
#5066 = EDGE_CURVE ( 'NONE', #1824, #2044, #4269, .T. ) ;
#5067 = ORIENTED_EDGE ( 'NONE', *, *, #2469, .T. ) ;
#5068 = CARTESIAN_POINT ( 'NONE',  ( 59.76262851142323740, 30.24581418685401246, -2.999999999999968026 ) ) ;
#5069 = ORIENTED_EDGE ( 'NONE', *, *, #2925, .T. ) ;
#5070 = EDGE_CURVE ( 'NONE', #4210, #1276, #4779, .T. ) ;
#5071 = CARTESIAN_POINT ( 'NONE',  ( 95.19359532670262070, 11.84766961349087033, -4.979999999999967564 ) ) ;
#5072 = EDGE_LOOP ( 'NONE', ( #5323, #2342, #1415, #1899 ) ) ;
#5073 = CARTESIAN_POINT ( 'NONE',  ( 96.79345965371484795, 1.927397866870671050, -4.979999999999967564 ) ) ;
#5074 = DIRECTION ( 'NONE',  ( 0.000000000000000000, 0.000000000000000000, -1.000000000000000000 ) ) ;
#5075 = ORIENTED_EDGE ( 'NONE', *, *, #905, .F. ) ;
#5076 = EDGE_CURVE ( 'NONE', #2809, #4671, #3411, .T. ) ;
#5077 = CARTESIAN_POINT ( 'NONE',  ( 83.13571508705820179, 8.366002758340407297, -4.979999999999967564 ) ) ;
#5078 = CARTESIAN_POINT ( 'NONE',  ( 66.73285692220611054, -17.09745673555395484, -0.5000000000000004441 ) ) ;
#5079 = FACE_BOUND ( 'NONE', #3668, .T. ) ;
#5080 = CYLINDRICAL_SURFACE ( 'NONE', #3722, 1.000000000000000888 ) ;
#5081 = CARTESIAN_POINT ( 'NONE',  ( 120.6962210810369953, 19.36573759034869724, -2.999999999999975131 ) ) ;
#5082 = CARTESIAN_POINT ( 'NONE',  ( 67.73262851142325758, -17.05471057676229307, -2.999999999999968026 ) ) ;
#5083 = LINE ( 'NONE', #5197, #941 ) ;
#5084 = EDGE_LOOP ( 'NONE', ( #2829, #4953, #336, #5075 ) ) ;
#5085 = VECTOR ( 'NONE', #2408, 1000.000000000000000 ) ;
#5086 = CARTESIAN_POINT ( 'NONE',  ( 120.8026420791192521, -15.43882002517773167, -0.5000000000000004441 ) ) ;
#5087 = CARTESIAN_POINT ( 'NONE',  ( 82.88840377987538943, 7.251986597513859323, -4.999999999999967137 ) ) ;
#5088 = CARTESIAN_POINT ( 'NONE',  ( 93.05180686661282152, 3.842822143103860277, -4.999999999999966249 ) ) ;
#5089 = DIRECTION ( 'NONE',  ( -1.000000000000000000, 0.000000000000000000, 0.000000000000000000 ) ) ;
#5090 = CONICAL_SURFACE ( 'NONE', #3176, 1.500000000000001332, 0.2606023917473493934 ) ;
#5091 = EDGE_LOOP ( 'NONE', ( #3549, #1850, #2071, #792 ) ) ;
#5092 = DIRECTION ( 'NONE',  ( -0.000000000000000000, -0.000000000000000000, -1.000000000000000000 ) ) ;
#5093 = VERTEX_POINT ( 'NONE', #3920 ) ;
#5094 = AXIS2_PLACEMENT_3D ( 'NONE', #2070, #2098, #3795 ) ;
#5095 = PLANE ( 'NONE',  #4173 ) ;
#5096 = LINE ( 'NONE', #940, #1646 ) ;
#5097 = ORIENTED_EDGE ( 'NONE', *, *, #4257, .F. ) ;
#5098 = CARTESIAN_POINT ( 'NONE',  ( 57.51262851142327293, 33.79581418685401673, -1.250000000000001110 ) ) ;
#5099 = VERTEX_POINT ( 'NONE', #3887 ) ;
#5100 = ADVANCED_FACE ( 'NONE', ( #3451, #5193 ), #1046, .T. ) ;
#5101 = CARTESIAN_POINT ( 'NONE',  ( 93.78636053628376601, 11.01278369611535268, -4.979999999999967564 ) ) ;
#5102 = ORIENTED_EDGE ( 'NONE', *, *, #4257, .T. ) ;
#5103 = CARTESIAN_POINT ( 'NONE',  ( 120.6962210810369953, 19.36573759034869724, -92.58679254334981579 ) ) ;
#5104 = DIRECTION ( 'NONE',  ( 0.000000000000000000, 0.000000000000000000, 1.000000000000000000 ) ) ;
#5105 = ORIENTED_EDGE ( 'NONE', *, *, #2305, .F. ) ;
#5106 = CARTESIAN_POINT ( 'NONE',  ( 70.50262851142325360, 31.20528942323797139, 1.250000000000070610 ) ) ;
#5107 = CARTESIAN_POINT ( 'NONE',  ( 57.51262851142327293, 33.59581418685401388, -0.5000000000000000000 ) ) ;
#5108 = FACE_OUTER_BOUND ( 'NONE', #3611, .T. ) ;
#5109 = CARTESIAN_POINT ( 'NONE',  ( 100.8716879100530832, 7.093161725336658563, -4.979999999999967564 ) ) ;
#5110 = CYLINDRICAL_SURFACE ( 'NONE', #3903, 3.000000000000002665 ) ;
#5111 = CARTESIAN_POINT ( 'NONE',  ( 122.8342679130045099, 12.96545626983204258, -0.5000000000000000000 ) ) ;
#5112 = CARTESIAN_POINT ( 'NONE',  ( 70.50262851142325360, 31.20528942323797139, 2.000000000000000000 ) ) ;
#5113 = EDGE_CURVE ( 'NONE', #2540, #4987, #4386, .T. ) ;
#5114 = EDGE_CURVE ( 'NONE', #5093, #5188, #637, .T. ) ;
#5115 = FACE_OUTER_BOUND ( 'NONE', #3872, .T. ) ;
#5116 = PLANE ( 'NONE',  #1774 ) ;
#5117 = CARTESIAN_POINT ( 'NONE',  ( 81.08814080717546346, 7.081240144903952149, -4.999999999999968026 ) ) ;
#5118 = LINE ( 'NONE', #4338, #2872 ) ;
#5119 = CARTESIAN_POINT ( 'NONE',  ( 124.9660468007753167, 0.9152291782208451520, -3.186434356794803247 ) ) ;
#5120 = ORIENTED_EDGE ( 'NONE', *, *, #2600, .T. ) ;
#5121 = CARTESIAN_POINT ( 'NONE',  ( 100.8568353425063151, 6.702338798797316421, -4.999999999999965361 ) ) ;
#5122 = CARTESIAN_POINT ( 'NONE',  ( 77.68856860454494040, 77.68829435718376430, -1.250000000000028866 ) ) ;
#5123 = ORIENTED_EDGE ( 'NONE', *, *, #1628, .T. ) ;
#5124 = FACE_OUTER_BOUND ( 'NONE', #1299, .T. ) ;
#5125 = EDGE_LOOP ( 'NONE', ( #2569, #1072, #13, #2171 ) ) ;
#5126 = CARTESIAN_POINT ( 'NONE',  ( 122.1026420791192777, -18.89745673555394490, -1.249999999999999778 ) ) ;
#5127 = VERTEX_POINT ( 'NONE', #566 ) ;
#5128 = CARTESIAN_POINT ( 'NONE',  ( 70.15368511499633541, -12.16866160237078986, -4.999999999999968026 ) ) ;
#5129 = CIRCLE ( 'NONE', #2347, 3.000000000000002665 ) ;
#5130 = DIRECTION ( 'NONE',  ( 0.000000000000000000, 0.000000000000000000, -1.000000000000000000 ) ) ;
#5131 = ADVANCED_FACE ( 'NONE', ( #984 ), #5221, .T. ) ;
#5132 = CARTESIAN_POINT ( 'NONE',  ( -9.217555655036655045E-15, -18.59745673555392287, -0.5000000000000000000 ) ) ;
#5133 = CARTESIAN_POINT ( 'NONE',  ( 73.72755661367382629, -17.25607953625900493, -2.999999999999975131 ) ) ;
#5134 = AXIS2_PLACEMENT_3D ( 'NONE', #622, #2536, #1882 ) ;
#5135 = CARTESIAN_POINT ( 'NONE',  ( 81.08814080717546346, 7.081240144903952149, -4.979999999999967564 ) ) ;
#5136 = DIRECTION ( 'NONE',  ( -0.000000000000000000, -0.000000000000000000, -1.000000000000000000 ) ) ;
#5137 = LINE ( 'NONE', #926, #1048 ) ;
#5138 = EDGE_CURVE ( 'NONE', #997, #1819, #3251, .T. ) ;
#5139 = CARTESIAN_POINT ( 'NONE',  ( 120.3026420791192521, 31.18497628975280023, -0.5000000000000004441 ) ) ;
#5140 = EDGE_LOOP ( 'NONE', ( #4153, #4785, #1690, #1027 ) ) ;
#5141 = DIRECTION ( 'NONE',  ( 0.000000000000000000, -1.000000000000000000, 0.000000000000000000 ) ) ;
#5142 = LINE ( 'NONE', #4277, #2786 ) ;
#5143 = CARTESIAN_POINT ( 'NONE',  ( 88.95329700686097851, 9.506103882827048324, -4.999999999999968026 ) ) ;
#5144 = EDGE_CURVE ( 'NONE', #4312, #1682, #1770, .T. ) ;
#5145 = LINE ( 'NONE', #4702, #2777 ) ;
#5146 = ORIENTED_EDGE ( 'NONE', *, *, #3265, .F. ) ;
#5147 = VECTOR ( 'NONE', #187, 1000.000000000000000 ) ;
#5148 = CIRCLE ( 'NONE', #1581, 3.000000000000002665 ) ;
#5149 = CARTESIAN_POINT ( 'NONE',  ( 98.04961584093557292, 3.766838333396037797, -4.999999999999965361 ) ) ;
#5150 = CYLINDRICAL_SURFACE ( 'NONE', #1726, 2.000000000000008882 ) ;
#5151 = ORIENTED_EDGE ( 'NONE', *, *, #4313, .T. ) ;
#5152 = PLANE ( 'NONE',  #348 ) ;
#5153 = EDGE_LOOP ( 'NONE', ( #5244, #1579, #2915, #4928 ) ) ;
#5154 = CARTESIAN_POINT ( 'NONE',  ( 92.04660895067354431, 9.104535954424413546, -4.999999999999966249 ) ) ;
#5155 = ORIENTED_EDGE ( 'NONE', *, *, #1987, .T. ) ;
#5156 = CARTESIAN_POINT ( 'NONE',  ( 57.51262851142327293, -18.64745673555394845, -92.58679254334981579 ) ) ;
#5157 = VERTEX_POINT ( 'NONE', #652 ) ;
#5158 = ADVANCED_FACE ( 'NONE', ( #2235 ), #2330, .F. ) ;
#5159 = CARTESIAN_POINT ( 'NONE',  ( 89.50399827475565928, 8.968689569654133109, -4.979999999999967564 ) ) ;
#5160 = CARTESIAN_POINT ( 'NONE',  ( 70.73262851142325758, -17.05471057676229307, 2.000000000000000000 ) ) ;
#5161 = DIRECTION ( 'NONE',  ( -1.000000000000000000, 0.000000000000000000, 0.000000000000000000 ) ) ;
#5162 = DIRECTION ( 'NONE',  ( -0.000000000000000000, -0.000000000000000000, 1.000000000000000000 ) ) ;
#5163 = CARTESIAN_POINT ( 'NONE',  ( 86.12468899693865865, 5.765880612215132039, -4.979999999999967564 ) ) ;
#5164 = ADVANCED_FACE ( 'NONE', ( #1918 ), #1365, .T. ) ;
#5165 = CARTESIAN_POINT ( 'NONE',  ( 72.23262851142325758, -17.05471057676229307, 1.250000000000070610 ) ) ;
#5166 = CARTESIAN_POINT ( 'NONE',  ( 97.35788106744743686, 3.710808660269697690, -4.999999999999968026 ) ) ;
#5167 = VERTEX_POINT ( 'NONE', #4722 ) ;
#5168 = EDGE_CURVE ( 'NONE', #3542, #2507, #2616, .T. ) ;
#5169 = CARTESIAN_POINT ( 'NONE',  ( 90.86579377901445298, 7.081240141777706221, -4.999999999999968026 ) ) ;
#5170 = B_SPLINE_CURVE_WITH_KNOTS ( 'NONE', 3,
 ( #186, #3969, #5189, #4858, #648, #3133, #4807, #3190, #4357, #4442, #5275, #673, #1530, #1473, #1040, #4413, #1126, #2326, #2784, #1945 ),
 .UNSPECIFIED., .F., .F.,
 ( 4, 1, 1, 1, 1, 1, 1, 1, 1, 1, 1, 1, 1, 1, 1, 1, 1, 4 ),
 ( 0.1043905747462149508, 0.1620068793406497232, 0.2264024889723289247, 0.2907980986040081817, 0.3551937082356873554, 0.3873915130515269700, 0.4195893178673665291, 0.4839849274990457584, 0.5483805371307249876, 0.6127761467624042169, 0.6771717563940833351, 0.7415673660257625643, 0.7737651708416022345, 0.8059629756574417936, 0.8703585852891209118, 0.9347541949208001411, 0.9669519997366398112, 0.9991498045524793703 ),
 .UNSPECIFIED. ) ;
#5171 = CARTESIAN_POINT ( 'NONE',  ( 116.3026420791192521, 29.74581418685401957, -4.999999999999968026 ) ) ;
#5172 = CARTESIAN_POINT ( 'NONE',  ( 82.88837248373860689, 7.081240141777757735, -4.999999999999967137 ) ) ;
#5173 = CARTESIAN_POINT ( 'NONE',  ( 92.89406585723018850, 7.081240141777514374, -4.999999999999968026 ) ) ;
#5174 = ORIENTED_EDGE ( 'NONE', *, *, #168, .F. ) ;
#5175 = CARTESIAN_POINT ( 'NONE',  ( 100.8716879100530832, 7.069318558218559367, -4.999999999999965361 ) ) ;
#5176 = EDGE_CURVE ( 'NONE', #2533, #4885, #137, .T. ) ;
#5177 = CIRCLE ( 'NONE', #3943, 1.300000000000009592 ) ;
#5178 = ORIENTED_EDGE ( 'NONE', *, *, #4317, .F. ) ;
#5179 = CARTESIAN_POINT ( 'NONE',  ( 90.86579377901445298, 7.081240141777706221, -4.979999999999967564 ) ) ;
#5180 = ORIENTED_EDGE ( 'NONE', *, *, #831, .F. ) ;
#5181 = VECTOR ( 'NONE', #965, 1000.000000000000000 ) ;
#5182 = CARTESIAN_POINT ( 'NONE',  ( 95.90769820357503761, 12.09321081769391704, -4.979999999999967564 ) ) ;
#5183 = EDGE_CURVE ( 'NONE', #151, #2529, #2043, .T. ) ;
#5184 = ORIENTED_EDGE ( 'NONE', *, *, #3438, .T. ) ;
#5185 = DIRECTION ( 'NONE',  ( -1.000000000000000000, 0.000000000000000000, 0.000000000000000000 ) ) ;
#5186 = AXIS2_PLACEMENT_3D ( 'NONE', #4368, #5141, #631 ) ;
#5187 = CARTESIAN_POINT ( 'NONE',  ( 71.83410162774258367, 71.83410162771433249, -0.5000000000000000000 ) ) ;
#5188 = VERTEX_POINT ( 'NONE', #2669 ) ;
#5189 = CARTESIAN_POINT ( 'NONE',  ( 92.41980518307809689, 9.605257369890798813, -4.999999999999968026 ) ) ;
#5190 = LINE ( 'NONE', #4720, #1657 ) ;
#5191 = CARTESIAN_POINT ( 'NONE',  ( 91.87992981812230653, 5.301013001641475597, -4.999999999999968026 ) ) ;
#5192 = ORIENTED_EDGE ( 'NONE', *, *, #3406, .F. ) ;
#5193 = FACE_OUTER_BOUND ( 'NONE', #4644, .T. ) ;
#5194 = FACE_OUTER_BOUND ( 'NONE', #2735, .T. ) ;
#5195 = CARTESIAN_POINT ( 'NONE',  ( 124.5948143801982866, -13.91960734795780397, -0.5000000000000004441 ) ) ;
#5196 = ORIENTED_EDGE ( 'NONE', *, *, #2862, .T. ) ;
#5197 = CARTESIAN_POINT ( 'NONE',  ( 123.0526420791192805, 20.89840388879221678, -92.58679254334981579 ) ) ;
#5198 = EDGE_LOOP ( 'NONE', ( #3586, #26, #4587, #5325 ) ) ;
#5199 = CYLINDRICAL_SURFACE ( 'NONE', #2834, 1.000000000000000888 ) ;
#5200 = VERTEX_POINT ( 'NONE', #4498 ) ;
#5201 = CARTESIAN_POINT ( 'NONE',  ( 57.51262851142327293, -18.64745673555394845, -0.5000000000000000000 ) ) ;
#5202 = CARTESIAN_POINT ( 'NONE',  ( 82.88817172619154405, 7.093161725336652346, -4.999999999999968026 ) ) ;
#5203 = EDGE_CURVE ( 'NONE', #1534, #808, #3247, .T. ) ;
#5204 = DIRECTION ( 'NONE',  ( -0.000000000000000000, -0.000000000000000000, 1.000000000000000000 ) ) ;
#5205 = ORIENTED_EDGE ( 'NONE', *, *, #340, .T. ) ;
#5206 = LINE ( 'NONE', #3612, #4972 ) ;
#5207 = ORIENTED_EDGE ( 'NONE', *, *, #23, .T. ) ;
#5208 = CARTESIAN_POINT ( 'NONE',  ( 82.88832325016488767, 7.078331039618875664, -4.999999999999967137 ) ) ;
#5209 = EDGE_LOOP ( 'NONE', ( #1992, #3267, #4500, #4451 ) ) ;
#5210 = CARTESIAN_POINT ( 'NONE',  ( 77.68856860454494040, 77.68829435718376430, -92.58679254334981579 ) ) ;
#5211 = ORIENTED_EDGE ( 'NONE', *, *, #4731, .F. ) ;
#5212 = DIRECTION ( 'NONE',  ( -0.000000000000000000, -0.000000000000000000, -1.000000000000000000 ) ) ;
#5213 = CARTESIAN_POINT ( 'NONE',  ( 61.76262851142323740, 32.24581418685401957, -0.5000000000000000000 ) ) ;
#5214 = DIRECTION ( 'NONE',  ( -0.000000000000000000, 0.000000000000000000, 1.000000000000000000 ) ) ;
#5215 = CARTESIAN_POINT ( 'NONE',  ( 87.14000828496686779, 6.725643756828379338, -4.999999999999968026 ) ) ;
#5216 = EDGE_CURVE ( 'NONE', #3514, #3148, #2788, .T. ) ;
#5217 = EDGE_CURVE ( 'NONE', #2850, #1378, #1159, .T. ) ;
#5218 = CARTESIAN_POINT ( 'NONE',  ( 66.74544513803135715, -12.36866160237078915, -2.999999999999968026 ) ) ;
#5219 = CONICAL_SURFACE ( 'NONE', #2244, 1.500000000000001332, 0.2606023917473493934 ) ;
#5220 = EDGE_LOOP ( 'NONE', ( #3555, #4023, #4034, #5196 ) ) ;
#5221 = PLANE ( 'NONE',  #3598 ) ;
#5222 = DIRECTION ( 'NONE',  ( -0.000000000000000000, -0.000000000000000000, -1.000000000000000000 ) ) ;
#5223 = FACE_OUTER_BOUND ( 'NONE', #5072, .T. ) ;
#5224 = ORIENTED_EDGE ( 'NONE', *, *, #2445, .T. ) ;
#5225 = AXIS2_PLACEMENT_3D ( 'NONE', #5023, #141, #3400 ) ;
#5226 = CARTESIAN_POINT ( 'NONE',  ( 61.76262851142324450, -16.09745673555395484, -0.5000000000000000000 ) ) ;
#5227 = ORIENTED_EDGE ( 'NONE', *, *, #3449, .T. ) ;
#5228 = CARTESIAN_POINT ( 'NONE',  ( 95.90769820652677424, 2.069269467676859264, -4.999999999999968026 ) ) ;
#5230 = ORIENTED_EDGE ( 'NONE', *, *, #3695, .F. ) ;
#5229 = MANIFOLD_SOLID_BREP ( 'Chamfer3', #1397 ) ;
#5231 = LINE ( 'NONE', #4820, #338 ) ;
#5232 = CARTESIAN_POINT ( 'NONE',  ( 56.51262851142327293, -18.64745673555394845, -1.250000000000001110 ) ) ;
#5233 = EDGE_CURVE ( 'NONE', #5332, #1645, #1849, .T. ) ;
#5234 = DIRECTION ( 'NONE',  ( -0.000000000000000000, -0.000000000000000000, 1.000000000000000000 ) ) ;
#5235 = VECTOR ( 'NONE', #876, 1000.000000000000000 ) ;
#5236 = VECTOR ( 'NONE', #3518, 1000.000000000000000 ) ;
#5237 = VERTEX_POINT ( 'NONE', #5359 ) ;
#5238 = DIRECTION ( 'NONE',  ( 0.000000000000000000, 0.000000000000000000, -1.000000000000000000 ) ) ;
#5239 = DIRECTION ( 'NONE',  ( -1.000000000000000000, 0.000000000000000000, 0.000000000000000000 ) ) ;
#5240 = AXIS2_PLACEMENT_3D ( 'NONE', #4243, #3513, #4300 ) ;
#5241 = ORIENTED_EDGE ( 'NONE', *, *, #4727, .F. ) ;
#5242 = EDGE_CURVE ( 'NONE', #2040, #3645, #2393, .T. ) ;
#5243 = CARTESIAN_POINT ( 'NONE',  ( 86.40197856879719041, 3.710808660269885095, -4.979999999999967564 ) ) ;
#5244 = ORIENTED_EDGE ( 'NONE', *, *, #2665, .F. ) ;
#5245 = CIRCLE ( 'NONE', #4805, 1.000000000000000888 ) ;
#5246 = CARTESIAN_POINT ( 'NONE',  ( 122.8526420791192777, 31.90984821451102604, -0.5000000000000000000 ) ) ;
#5247 = EDGE_CURVE ( 'NONE', #1790, #1187, #2546, .T. ) ;
#5248 = VERTEX_POINT ( 'NONE', #1507 ) ;
#5249 = DIRECTION ( 'NONE',  ( 0.000000000000000000, -0.000000000000000000, -1.000000000000000000 ) ) ;
#5250 = VECTOR ( 'NONE', #99, 1000.000000000000000 ) ;
#5251 = ORIENTED_EDGE ( 'NONE', *, *, #2501, .T. ) ;
#5252 = AXIS2_PLACEMENT_3D ( 'NONE', #3639, #1520, #1548 ) ;
#5253 = CARTESIAN_POINT ( 'NONE',  ( 70.15368511499633541, -12.36866160237078915, -4.999999999999968026 ) ) ;
#5254 = DIRECTION ( 'NONE',  ( 1.000000000000000000, -0.000000000000000000, -0.000000000000000000 ) ) ;
#5255 = CARTESIAN_POINT ( 'NONE',  ( 70.50262851142325360, 31.20528942323797139, -0.5000000000000000000 ) ) ;
#5256 = EDGE_CURVE ( 'NONE', #4769, #997, #4417, .T. ) ;
#5257 = FACE_OUTER_BOUND ( 'NONE', #2494, .T. ) ;
#5258 = CARTESIAN_POINT ( 'NONE',  ( 121.6962210810369953, 19.36573759034869724, -92.58679254334981579 ) ) ;
#5259 = ORIENTED_EDGE ( 'NONE', *, *, #1733, .T. ) ;
#5260 = ORIENTED_EDGE ( 'NONE', *, *, #3723, .T. ) ;
#5261 = CARTESIAN_POINT ( 'NONE',  ( 82.90302429373831217, 6.702338798797476294, -4.999999999999968026 ) ) ;
#5262 = ORIENTED_EDGE ( 'NONE', *, *, #5114, .F. ) ;
#5263 = CARTESIAN_POINT ( 'NONE',  ( 125.0948143801982866, 1.764302129735664915, -0.5732565120567654215 ) ) ;
#5264 = FACE_OUTER_BOUND ( 'NONE', #1846, .T. ) ;
#5265 = LINE ( 'NONE', #3121, #2965 ) ;
#5266 = FACE_OUTER_BOUND ( 'NONE', #4940, .T. ) ;
#5267 = EDGE_LOOP ( 'NONE', ( #1309, #1197, #3016, #1278 ) ) ;
#5268 = CARTESIAN_POINT ( 'NONE',  ( 88.38337899069527737, 4.228132077665787136, -4.979999999999967564 ) ) ;
#5269 = ORIENTED_EDGE ( 'NONE', *, *, #3587, .T. ) ;
#5270 = VECTOR ( 'NONE', #717, 1000.000000000000000 ) ;
#5271 = CARTESIAN_POINT ( 'NONE',  ( 61.76262851142324450, -18.09745673555395484, -92.58679254334981579 ) ) ;
#5272 = ADVANCED_FACE ( 'NONE', ( #5281 ), #1535, .T. ) ;
#5273 = EDGE_LOOP ( 'NONE', ( #4122, #1069, #1544, #2099 ) ) ;
#5274 = CARTESIAN_POINT ( 'NONE',  ( 122.8526420791192777, -18.89745673555394134, -1.249999999999999778 ) ) ;
#5275 = CARTESIAN_POINT ( 'NONE',  ( 98.94611460910648759, 12.04706284191918542, -4.999999999999968026 ) ) ;
#5276 = VECTOR ( 'NONE', #136, 1000.000000000000000 ) ;
#5277 = CARTESIAN_POINT ( 'NONE',  ( 86.96639998232433300, 1.927397866900574241, -4.999999999999968026 ) ) ;
#5278 = EDGE_CURVE ( 'NONE', #3252, #4208, #3750, .T. ) ;
#5279 = CARTESIAN_POINT ( 'NONE',  ( 125.5948143801982866, 0.5696557525068771666, -4.249999999999968914 ) ) ;
#5280 = VERTEX_POINT ( 'NONE', #500 ) ;
#5281 = FACE_OUTER_BOUND ( 'NONE', #3744, .T. ) ;
#5282 = B_SPLINE_SURFACE_WITH_KNOTS ( 'NONE', 3, 1, ( 
 ( #2907, #3786 ),
 ( #4171, #5005 ),
 ( #1270, #3739 ),
 ( #2933, #36 ),
 ( #57, #779 ),
 ( #5389, #4511 ),
 ( #4567, #1702 ),
 ( #1649, #1291 ),
 ( #2448, #367 ),
 ( #3312, #830 ),
 ( #4141, #2085 ),
 ( #3063, #3929 ),
 ( #992, #4250 ),
 ( #3433, #486 ),
 ( #3403, #2243 ),
 ( #1372, #1319 ),
 ( #4762, #5088 ),
 ( #89, #547 ),
 ( #2651, #1403 ),
 ( #2161, #4337 ) ),
 .UNSPECIFIED., .F., .F., .F.,
 ( 4, 1, 1, 1, 1, 1, 1, 1, 1, 1, 1, 1, 1, 1, 1, 1, 1, 4 ),
 ( 2, 2 ),
 ( -0.03117994955438785354, 0.001017855261451705573, 0.03321566007729126468, 0.09761126970897049393, 0.1620068793406497232, 0.1942046841564892823, 0.2264024889723288414, 0.2907980986040079596, 0.3551937082356870778, 0.4195893178673661961, 0.4839849274990454253, 0.5483805371307246546, 0.5805783419465642137, 0.6127761467624037728, 0.6771717563940828910, 0.7415673660257620092, 0.8059629756574412385, 0.8635792803726820566 ),
 ( 0.000000000000000000, 1.000000000000000000 ),
 .UNSPECIFIED. ) ;
#5283 = VECTOR ( 'NONE', #129, 1000.000000000000000 ) ;
#5284 = CARTESIAN_POINT ( 'NONE',  ( 121.6962210810369953, 19.36573759034869724, -2.999999999999975131 ) ) ;
#5285 = CARTESIAN_POINT ( 'NONE',  ( 102.6717188290364078, 7.081240144677177994, -4.999999999999968026 ) ) ;
#5286 = ORIENTED_EDGE ( 'NONE', *, *, #553, .T. ) ;
#5287 = CARTESIAN_POINT ( 'NONE',  ( 96.61823225319530195, 3.767321832058382558, -4.999999999999968026 ) ) ;
#5288 = ORIENTED_EDGE ( 'NONE', *, *, #4223, .F. ) ;
#5289 = PLANE ( 'NONE',  #5355 ) ;
#5290 = ORIENTED_EDGE ( 'NONE', *, *, #1834, .F. ) ;
#5291 = CARTESIAN_POINT ( 'NONE',  ( 122.0526420791192805, 31.90984821451102604, -0.5000000000000004441 ) ) ;
#5292 = CARTESIAN_POINT ( 'NONE',  ( 113.6061745212482919, -12.16866160237078986, -2.999999999999968026 ) ) ;
#5293 = DIRECTION ( 'NONE',  ( 0.000000000000000000, -1.000000000000000000, 0.000000000000000000 ) ) ;
#5294 = ADVANCED_FACE ( 'NONE', ( #3295 ), #2072, .T. ) ;
#5295 = ORIENTED_EDGE ( 'NONE', *, *, #3654, .F. ) ;
#5296 = EDGE_CURVE ( 'NONE', #4671, #2809, #5052, .T. ) ;
#5297 = LINE ( 'NONE', #2315, #2179 ) ;
#5298 = ORIENTED_EDGE ( 'NONE', *, *, #3265, .T. ) ;
#5299 = CARTESIAN_POINT ( 'NONE',  ( 124.5948143801982866, -13.91960734795780397, -0.5000000000000000000 ) ) ;
#5300 = ORIENTED_EDGE ( 'NONE', *, *, #1065, .F. ) ;
#5301 = CARTESIAN_POINT ( 'NONE',  ( 100.7980518846776050, 6.325678204152121786, -4.979999999999967564 ) ) ;
#5302 = VERTEX_POINT ( 'NONE', #4655 ) ;
#5303 = CARTESIAN_POINT ( 'NONE',  ( 120.8026420791192521, -15.43882002517773167, -92.58679254334981579 ) ) ;
#5304 = ADVANCED_FACE ( 'NONE', ( #472 ), #2969, .F. ) ;
#5305 = CARTESIAN_POINT ( 'NONE',  ( 121.3026285114232650, -11.97471057676247064, 2.000000000000000000 ) ) ;
#5306 = ORIENTED_EDGE ( 'NONE', *, *, #562, .T. ) ;
#5307 = CARTESIAN_POINT ( 'NONE',  ( 100.2801324456351324, 8.977475825078204963, -4.999999999999968026 ) ) ;
#5308 = EDGE_CURVE ( 'NONE', #558, #3323, #78, .T. ) ;
#5309 = FACE_OUTER_BOUND ( 'NONE', #1437, .T. ) ;
#5310 = VERTEX_POINT ( 'NONE', #448 ) ;
#5311 = CARTESIAN_POINT ( 'NONE',  ( 125.3019211613849677, 18.64912480652564497, -1.250000000000001110 ) ) ;
#5312 = DIRECTION ( 'NONE',  ( -0.000000000000000000, -0.000000000000000000, 1.000000000000000000 ) ) ;
#5313 = EDGE_CURVE ( 'NONE', #3603, #4694, #2700, .T. ) ;
#5314 = CARTESIAN_POINT ( 'NONE',  ( 90.70805276949049301, 3.842822143008361557, -4.979999999999967564 ) ) ;
#5315 = CIRCLE ( 'NONE', #1722, 2.500000000000002220 ) ;
#5316 = DIRECTION ( 'NONE',  ( -1.000000000000000000, 0.000000000000000000, 0.000000000000000000 ) ) ;
#5317 = CARTESIAN_POINT ( 'NONE',  ( 100.8568353425063009, 7.460141484757901509, -4.999999999999968026 ) ) ;
#5318 = ORIENTED_EDGE ( 'NONE', *, *, #1212, .T. ) ;
#5319 = VECTOR ( 'NONE', #360, 1000.000000000000000 ) ;
#5320 = CARTESIAN_POINT ( 'NONE',  ( 125.1604999524614783, -14.48529262559303810, -0.5000000000000000000 ) ) ;
#5321 = EDGE_CURVE ( 'NONE', #4101, #3953, #2270, .T. ) ;
#5322 = CIRCLE ( 'NONE', #1566, 1.000000000000000888 ) ;
#5323 = ORIENTED_EDGE ( 'NONE', *, *, #1897, .F. ) ;
#5324 = DIRECTION ( 'NONE',  ( 0.000000000000000000, 0.000000000000000000, 1.000000000000000000 ) ) ;
#5325 = ORIENTED_EDGE ( 'NONE', *, *, #2464, .F. ) ;
#5326 = AXIS2_PLACEMENT_3D ( 'NONE', #661, #4871, #2009 ) ;
#5327 = CARTESIAN_POINT ( 'NONE',  ( 119.8026420791192521, -15.59745673555395484, -3.999999999999968026 ) ) ;
#5328 = CARTESIAN_POINT ( 'NONE',  ( 122.8448143801982440, 11.96551188536371768, -92.58679254334981579 ) ) ;
#5329 = AXIS2_PLACEMENT_3D ( 'NONE', #45, #2553, #2576 ) ;
#5330 = CARTESIAN_POINT ( 'NONE',  ( 124.3026285114232650, -11.97471057676247064, 1.250000000000070610 ) ) ;
#5331 = DIRECTION ( 'NONE',  ( -1.000000000000000000, 0.000000000000000000, 0.000000000000000000 ) ) ;
#5332 = VERTEX_POINT ( 'NONE', #4233 ) ;
#5333 = CARTESIAN_POINT ( 'NONE',  ( 98.04961584093548765, 10.39564195015911352, -4.999999999999968026 ) ) ;
#5334 = AXIS2_PLACEMENT_3D ( 'NONE', #1656, #3719, #2499 ) ;
#5335 = AXIS2_PLACEMENT_3D ( 'NONE', #1962, #3551, #3237 ) ;
#5336 = DIRECTION ( 'NONE',  ( 0.000000000000000000, 0.000000000000000000, -1.000000000000000000 ) ) ;
#5337 = LINE ( 'NONE', #5258, #3658 ) ;
#5338 = EDGE_LOOP ( 'NONE', ( #2415, #2934, #2803, #1328 ) ) ;
#5339 = ORIENTED_EDGE ( 'NONE', *, *, #4084, .F. ) ;
#5340 = CARTESIAN_POINT ( 'NONE',  ( 60.76262851142323740, 29.74581418685402667, -3.999999999999968026 ) ) ;
#5341 = EDGE_LOOP ( 'NONE', ( #1292, #2884, #1993, #3150 ) ) ;
#5342 = LINE ( 'NONE', #5263, #784 ) ;
#5343 = PLANE ( 'NONE',  #1129 ) ;
#5344 = EDGE_CURVE ( 'NONE', #4182, #205, #3703, .T. ) ;
#5345 = ORIENTED_EDGE ( 'NONE', *, *, #5217, .F. ) ;
#5346 = CARTESIAN_POINT ( 'NONE',  ( 58.26262851142322319, -15.59745673555393886, -4.999999999999968026 ) ) ;
#5347 = FACE_OUTER_BOUND ( 'NONE', #4896, .T. ) ;
#5348 = EDGE_CURVE ( 'NONE', #705, #781, #608, .T. ) ;
#5349 = ORIENTED_EDGE ( 'NONE', *, *, #4487, .F. ) ;
#5350 = LINE ( 'NONE', #3696, #1719 ) ;
#5351 = EDGE_CURVE ( 'NONE', #5280, #887, #4550, .T. ) ;
#5352 = CARTESIAN_POINT ( 'NONE',  ( 91.87992981812230653, 8.861467282886149377, -4.999999999999968026 ) ) ;
#5353 = EDGE_LOOP ( 'NONE', ( #3799, #4217, #3005, #5105 ) ) ;
#5354 = DIRECTION ( 'NONE',  ( 0.000000000000000000, 0.000000000000000000, -1.000000000000000000 ) ) ;
#5355 = AXIS2_PLACEMENT_3D ( 'NONE', #1593, #3250, #1542 ) ;
#5356 = EDGE_CURVE ( 'NONE', #194, #870, #1279, .T. ) ;
#5357 = LINE ( 'NONE', #3568, #3080 ) ;
#5358 = ORIENTED_EDGE ( 'NONE', *, *, #2826, .F. ) ;
#5359 = CARTESIAN_POINT ( 'NONE',  ( 88.09977142958013019, 7.740963044856600916, -4.999999999999968026 ) ) ;
#5360 = VECTOR ( 'NONE', #3971, 1000.000000000000000 ) ;
#5361 = CARTESIAN_POINT ( 'NONE',  ( 61.76262851142323740, 29.74581418685402667, -2.999999999999968026 ) ) ;
#5362 = ORIENTED_EDGE ( 'NONE', *, *, #635, .F. ) ;
#5363 = VECTOR ( 'NONE', #4350, 1000.000000000000000 ) ;
#5364 = CARTESIAN_POINT ( 'NONE',  ( 118.8026420791192521, -15.59745673555395484, -2.999999999999968026 ) ) ;
#5365 = CARTESIAN_POINT ( 'NONE',  ( 125.5948143801982866, -13.91960734795780397, -1.250000000000001110 ) ) ;
#5366 = LINE ( 'NONE', #1621, #957 ) ;
#5367 = EDGE_LOOP ( 'NONE', ( #1633, #5349, #5251, #2048 ) ) ;
#5368 = CARTESIAN_POINT ( 'NONE',  ( 117.0144144982132843, 26.53114188592600087, -2.999999999999968026 ) ) ;
#5369 = FACE_OUTER_BOUND ( 'NONE', #1955, .T. ) ;
#5370 = ADVANCED_FACE ( 'NONE', ( #4680 ), #4319, .F. ) ;
#5371 = EDGE_LOOP ( 'NONE', ( #3852, #1731, #589, #193 ) ) ;
#5372 = DIRECTION ( 'NONE',  ( -1.000000000000000000, 0.000000000000000000, 0.000000000000000000 ) ) ;
#5373 = EDGE_CURVE ( 'NONE', #3574, #632, #2259, .T. ) ;
#5374 = EDGE_CURVE ( 'NONE', #4103, #641, #3939, .T. ) ;
#5375 = VERTEX_POINT ( 'NONE', #3881 ) ;
#5376 = DIRECTION ( 'NONE',  ( -0.000000000000000000, 0.000000000000000000, -1.000000000000000000 ) ) ;
#5377 = EDGE_CURVE ( 'NONE', #3148, #2391, #4716, .T. ) ;
#5378 = CARTESIAN_POINT ( 'NONE',  ( 81.23558079040117264, 8.392679732853814301, -4.979999999999967564 ) ) ;
#5379 = ORIENTED_EDGE ( 'NONE', *, *, #579, .T. ) ;
#5380 = DIRECTION ( 'NONE',  ( -1.000000000000000000, 0.000000000000000000, -0.000000000000000000 ) ) ;
#5381 = CARTESIAN_POINT ( 'NONE',  ( 91.87992981812230653, 5.301013001641475597, -4.979999999999967564 ) ) ;
#5382 = DIRECTION ( 'NONE',  ( 0.000000000000000000, 0.000000000000000000, -1.000000000000000000 ) ) ;
#5383 = CARTESIAN_POINT ( 'NONE',  ( 57.51262851142327293, -18.64745673555394845, -1.250000000000001110 ) ) ;
#5384 = CARTESIAN_POINT ( 'NONE',  ( 73.30262851142326497, 31.20528942323797139, 2.000000000000000000 ) ) ;
#5385 = ORIENTED_EDGE ( 'NONE', *, *, #2223, .T. ) ;
#5386 = DIRECTION ( 'NONE',  ( 0.000000000000000000, -1.000000000000000000, 0.000000000000000000 ) ) ;
#5387 = VECTOR ( 'NONE', #4905, 1000.000000000000000 ) ;
#5388 = LINE ( 'NONE', #2906, #2828 ) ;
#5389 = CARTESIAN_POINT ( 'NONE',  ( 101.7364661443892828, 4.125901618700900997, -4.979999999999967564 ) ) ;
#5390 = ADVANCED_FACE ( 'NONE', ( #534 ), #2202, .F. ) ;
#5391 = ORIENTED_EDGE ( 'NONE', *, *, #1526, .F. ) ;
#5392 = DIRECTION ( 'NONE',  ( -0.000000000000000000, -0.000000000000000000, 1.000000000000000000 ) ) ;
#5393 = AXIS2_PLACEMENT_3D ( 'NONE', #5383, #3661, #330 ) ;
#5394 = ORIENTED_EDGE ( 'NONE', *, *, #2994, .F. ) ;
#5395 = CARTESIAN_POINT ( 'NONE',  ( 77.54714699869256833, 77.54687325056188740, -0.5000000000000000000 ) ) ;
#5396 = CIRCLE ( 'NONE', #2790, 1.000000000000000888 ) ;
#5397 = AXIS2_PLACEMENT_3D ( 'NONE', #2725, #4441, #1470 ) ;
#5398 = EDGE_CURVE ( 'NONE', #2904, #3148, #2177, .T. ) ;
#5399 = CARTESIAN_POINT ( 'NONE',  ( 89.23072932906616472, 11.52683979247091450, -4.999999999999966249 ) ) ;
#5400 = VERTEX_POINT ( 'NONE', #1822 ) ;
#5401 = DIRECTION ( 'NONE',  ( 0.000000000000000000, 0.000000000000000000, -1.000000000000000000 ) ) ;
ENDSEC;
END-ISO-10303-21;
