ISO-10303-21;
HEADER;
FILE_DESCRIPTION (( 'STEP AP214' ),
    '1' );
FILE_NAME ('A7670EÕ‚ø«…œ∏«.',
    '2025-12-05T02:39:31',
    ( '' ),
    ( '' ),
    'SwSTEP 2.0',
    'SolidWorks 2024',
    '' );
FILE_SCHEMA (( 'AUTOMOTIVE_DESIGN' ));
ENDSEC;

DATA;
#1 = CARTESIAN_POINT ( 'NONE',  ( 2.805816216627403659, 112.0997068047206255, -2.998419460000012471 ) ) ;
#2 = CARTESIAN_POINT ( 'NONE',  ( 9.207803620000030165, 2.706014209379605860E-15, 2.500000000000000000 ) ) ;
#3 = EDGE_CURVE ( 'NONE', #606, #2714, #1800, .T. ) ;
#4 = AXIS2_PLACEMENT_3D ( 'NONE', #2952, #5691, #2278 ) ;
#5 = DIRECTION ( 'NONE',  ( 1.000000000000000000, 0.000000000000000000, 0.000000000000000000 ) ) ;
#6 = EDGE_CURVE ( 'NONE', #8812, #2358, #2478, .T. ) ;
#7 = CIRCLE ( 'NONE', #1415, 0.5000000000000004441 ) ;
#8 = ORIENTED_EDGE ( 'NONE', *, *, #2652, .T. ) ;
#9 = CARTESIAN_POINT ( 'NONE',  ( 29.96883808238525404, 31.42291474461031342, 117.8988879368424563 ) ) ;
#10 = ORIENTED_EDGE ( 'NONE', *, *, #6, .F. ) ;
#11 = AXIS2_PLACEMENT_3D ( 'NONE', #2325, #3301, #4436 ) ;
#12 = CIRCLE ( 'NONE', #7706, 0.5000000000000004441 ) ;
#13 = DIRECTION ( 'NONE',  ( 0.000000000000000000, -1.000000000000000000, 0.000000000000000000 ) ) ;
#14 = CARTESIAN_POINT ( 'NONE',  ( 32.96825808800254975, 36.41604865686385040, -0.7100000000001026601 ) ) ;
#15 = AXIS2_PLACEMENT_3D ( 'NONE', #8842, #157, #2330 ) ;
#16 = FACE_OUTER_BOUND ( 'NONE', #8743, .T. ) ;
#17 = EDGE_CURVE ( 'NONE', #6913, #1757, #504, .T. ) ;
#18 = DIRECTION ( 'NONE',  ( 0.0001161624429838024213, -0.9999999932531434821, 0.000000000000000000 ) ) ;
#19 = EDGE_CURVE ( 'NONE', #6258, #7079, #4562, .T. ) ;
#20 = ORIENTED_EDGE ( 'NONE', *, *, #2955, .T. ) ;
#21 = ORIENTED_EDGE ( 'NONE', *, *, #8211, .T. ) ;
#22 = LINE ( 'NONE', #5477, #7575 ) ;
#23 = FACE_OUTER_BOUND ( 'NONE', #7401, .T. ) ;
#24 = EDGE_LOOP ( 'NONE', ( #3980, #8666, #1561, #6759 ) ) ;
#25 = LINE ( 'NONE', #7433, #5702 ) ;
#26 = VECTOR ( 'NONE', #5068, 1000.000000000000000 ) ;
#27 = LINE ( 'NONE', #3457, #309 ) ;
#28 = CARTESIAN_POINT ( 'NONE',  ( 33.46718285319543185, 45.67238118296131688, -2.099999999999998757 ) ) ;
#29 = CIRCLE ( 'NONE', #3717, 2.029999995682011171 ) ;
#30 = VERTEX_POINT ( 'NONE', #8690 ) ;
#31 = EDGE_CURVE ( 'NONE', #5386, #8562, #3910, .T. ) ;
#32 = AXIS2_PLACEMENT_3D ( 'NONE', #2585, #6648, #566 ) ;
#33 = VERTEX_POINT ( 'NONE', #2562 ) ;
#34 = ORIENTED_EDGE ( 'NONE', *, *, #3054, .F. ) ;
#35 = DIRECTION ( 'NONE',  ( 0.000000000000000000, -1.000000000000000000, 0.000000000000000000 ) ) ;
#36 = CARTESIAN_POINT ( 'NONE',  ( 2.820070398492491304, 0.9000000000000002442, 117.8988879368424563 ) ) ;
#37 = DIRECTION ( 'NONE',  ( -1.000000000000000000, 0.000000000000000000, 0.000000000000000000 ) ) ;
#38 = EDGE_CURVE ( 'NONE', #5783, #7612, #5307, .T. ) ;
#39 = EDGE_LOOP ( 'NONE', ( #3094, #5353, #7148, #3375 ) ) ;
#40 = TOROIDAL_SURFACE ( 'NONE', #2874, 1.000000000000000000, 0.5000000000000000000 ) ;
#41 = TOROIDAL_SURFACE ( 'NONE', #180, 3.000000000000000000, 1.000000000000000000 ) ;
#42 = ORIENTED_EDGE ( 'NONE', *, *, #4707, .T. ) ;
#43 = ORIENTED_EDGE ( 'NONE', *, *, #5254, .T. ) ;
#44 = CIRCLE ( 'NONE', #1594, 0.5000000000000000000 ) ;
#45 = ORIENTED_EDGE ( 'NONE', *, *, #1324, .T. ) ;
#46 = LINE ( 'NONE', #2080, #1981 ) ;
#47 = CARTESIAN_POINT ( 'NONE',  ( 30.45992962453891906, 108.1126015859694292, 0.000000000000000000 ) ) ;
#48 = CARTESIAN_POINT ( 'NONE',  ( 2.307733980969240761, 108.0997072644481563, 1.000000000000000888 ) ) ;
#49 = CARTESIAN_POINT ( 'NONE',  ( -0.6850345943869041720, 45.84681361558800461, -1.496672395567841588E-19 ) ) ;
#50 = CARTESIAN_POINT ( 'NONE',  ( 9.207803620000030165, 2.706014209379605860E-15, -19.25780817680636048 ) ) ;
#51 = AXIS2_PLACEMENT_3D ( 'NONE', #4745, #6081, #4654 ) ;
#52 = VECTOR ( 'NONE', #3415, 1000.000000000000000 ) ;
#53 = ORIENTED_EDGE ( 'NONE', *, *, #3304, .T. ) ;
#54 = CARTESIAN_POINT ( 'NONE',  ( 25.00780361999600032, 31.42291396461827091, 1.500000000000000000 ) ) ;
#55 = ORIENTED_EDGE ( 'NONE', *, *, #6360, .F. ) ;
#56 = EDGE_CURVE ( 'NONE', #1812, #1046, #7347, .T. ) ;
#57 = DIRECTION ( 'NONE',  ( -3.173724607192532497E-06, -0.9999999999949638063, 0.000000000000000000 ) ) ;
#58 = DIRECTION ( 'NONE',  ( -1.000000000000000000, 0.000000000000000000, 0.000000000000000000 ) ) ;
#59 = EDGE_CURVE ( 'NONE', #1927, #5210, #6011, .T. ) ;
#60 = CIRCLE ( 'NONE', #8474, 1.000000000000000888 ) ;
#61 = FACE_OUTER_BOUND ( 'NONE', #1941, .T. ) ;
#62 = FACE_BOUND ( 'NONE', #1588, .T. ) ;
#63 = AXIS2_PLACEMENT_3D ( 'NONE', #2214, #5502, #8232 ) ;
#64 = ORIENTED_EDGE ( 'NONE', *, *, #650, .T. ) ;
#65 = ADVANCED_FACE ( 'NONE', ( #3322 ), #7391, .F. ) ;
#66 = EDGE_CURVE ( 'NONE', #3694, #7719, #6408, .T. ) ;
#67 = ORIENTED_EDGE ( 'NONE', *, *, #2353, .T. ) ;
#68 = DIRECTION ( 'NONE',  ( 1.000000000000000000, 0.000000000000000000, 0.000000000000000000 ) ) ;
#69 = DIRECTION ( 'NONE',  ( 0.000000000000000000, 0.000000000000000000, -1.000000000000000000 ) ) ;
#70 = ORIENTED_EDGE ( 'NONE', *, *, #619, .T. ) ;
#71 = CARTESIAN_POINT ( 'NONE',  ( 13.86478998223519454, 3.805886980535498676, 1.500000000000000000 ) ) ;
#72 = VECTOR ( 'NONE', #7599, 999.9999999999998863 ) ;
#73 = DIRECTION ( 'NONE',  ( -0.0001161624401731230384, 0.9999999932531437041, 0.000000000000000000 ) ) ;
#74 = DIRECTION ( 'NONE',  ( -4.371139117321150349E-08, 0.9999999999999991118, 0.000000000000000000 ) ) ;
#75 = AXIS2_PLACEMENT_3D ( 'NONE', #3239, #5133, #7851 ) ;
#76 = EDGE_LOOP ( 'NONE', ( #1007, #6456, #1729, #2152 ) ) ;
#77 = AXIS2_PLACEMENT_3D ( 'NONE', #1796, #4535, #7247 ) ;
#78 = ORIENTED_EDGE ( 'NONE', *, *, #5039, .T. ) ;
#79 = CARTESIAN_POINT ( 'NONE',  ( 31.46577730117016714, 57.77214871504761362, -1.599999999999997202 ) ) ;
#80 = EDGE_CURVE ( 'NONE', #6317, #6529, #6852, .T. ) ;
#81 = EDGE_LOOP ( 'NONE', ( #2283, #1784, #3471, #1009, #2615 ) ) ;
#82 = DIRECTION ( 'NONE',  ( 1.000000000000000000, 0.000000000000000000, 0.000000000000000000 ) ) ;
#83 = DIRECTION ( 'NONE',  ( -0.000000000000000000, 0.000000000000000000, 1.000000000000000000 ) ) ;
#84 = CARTESIAN_POINT ( 'NONE',  ( -0.6807365248858050499, 8.846305002834265352, -2.098418713067609076 ) ) ;
#85 = VERTEX_POINT ( 'NONE', #2151 ) ;
#86 = CIRCLE ( 'NONE', #7056, 2.000000000000001332 ) ;
#87 = VECTOR ( 'NONE', #6894, 1000.000000000000114 ) ;
#88 = ORIENTED_EDGE ( 'NONE', *, *, #19, .T. ) ;
#89 =( NAMED_UNIT ( * ) SI_UNIT ( $, .STERADIAN. ) SOLID_ANGLE_UNIT ( ) );
#90 = EDGE_CURVE ( 'NONE', #1096, #3951, #8702, .T. ) ;
#91 = ORIENTED_EDGE ( 'NONE', *, *, #4883, .F. ) ;
#92 = VERTEX_POINT ( 'NONE', #8209 ) ;
#93 = LINE ( 'NONE', #4829, #5435 ) ;
#94 = AXIS2_PLACEMENT_3D ( 'NONE', #14, #4887, #6213 ) ;
#95 = ADVANCED_FACE ( 'NONE', ( #5436 ), #154, .T. ) ;
#96 = CARTESIAN_POINT ( 'NONE',  ( 27.13280362000000068, 30.05000098000000008, 3.000000000000000000 ) ) ;
#97 = DIRECTION ( 'NONE',  ( 0.000000000000000000, 0.000000000000000000, 1.000000000000000000 ) ) ;
#98 = DIRECTION ( 'NONE',  ( -0.000000000000000000, 1.000000000000000000, 0.000000000000000000 ) ) ;
#99 = CYLINDRICAL_SURFACE ( 'NONE', #6190, 0.5000000000000004441 ) ;
#100 = CIRCLE ( 'NONE', #1081, 0.5000000000000000000 ) ;
#101 = EDGE_LOOP ( 'NONE', ( #8526, #1220, #3603, #1121 ) ) ;
#102 = DIRECTION ( 'NONE',  ( 0.9999999932531439262, 0.0001161624401737789536, -0.000000000000000000 ) ) ;
#103 = ADVANCED_FACE ( 'NONE', ( #7616 ), #1347, .F. ) ;
#104 = ORIENTED_EDGE ( 'NONE', *, *, #1954, .F. ) ;
#105 = CARTESIAN_POINT ( 'NONE',  ( 23.63280362000000068, 65.45000098000001287, 1.500000000000000000 ) ) ;
#106 = DIRECTION ( 'NONE',  ( 0.0001161624401668784947, -0.9999999932531439262, 8.060388479369431413E-19 ) ) ;
#107 = DIRECTION ( 'NONE',  ( -0.000000000000000000, -0.000000000000000000, -1.000000000000000000 ) ) ;
#108 = AXIS2_PLACEMENT_3D ( 'NONE', #2301, #4999, #2212 ) ;
#109 = DIRECTION ( 'NONE',  ( 0.9999998850681162121, 0.0004794410854609681559, 3.469446553203547799E-15 ) ) ;
#110 = VERTEX_POINT ( 'NONE', #8342 ) ;
#111 = CARTESIAN_POINT ( 'NONE',  ( 33.48131960858507483, 42.79610825787250405, -0.2100000000001000788 ) ) ;
#112 = DIRECTION ( 'NONE',  ( 0.9999999932531438152, 0.0001161624401737049839, -0.000000000000000000 ) ) ;
#113 = VERTEX_POINT ( 'NONE', #8157 ) ;
#114 = DIRECTION ( 'NONE',  ( 1.000000000000000000, 0.000000000000000000, -0.000000000000000000 ) ) ;
#115 = DIRECTION ( 'NONE',  ( 0.000000000000000000, 0.000000000000000000, 1.000000000000000000 ) ) ;
#116 = DIRECTION ( 'NONE',  ( 1.000000000000000000, 0.000000000000000000, 0.000000000000000000 ) ) ;
#117 = EDGE_CURVE ( 'NONE', #6605, #5259, #4767, .T. ) ;
#118 = ORIENTED_EDGE ( 'NONE', *, *, #2045, .T. ) ;
#119 = ORIENTED_EDGE ( 'NONE', *, *, #2348, .F. ) ;
#120 = DIRECTION ( 'NONE',  ( 0.000000000000000000, 0.000000000000000000, 1.000000000000000000 ) ) ;
#121 = EDGE_LOOP ( 'NONE', ( #823, #925, #7326, #2949 ) ) ;
#122 = FACE_OUTER_BOUND ( 'NONE', #455, .T. ) ;
#123 = CARTESIAN_POINT ( 'NONE',  ( 8.132803620000000677, 74.65143637488998252, 3.000000000000000000 ) ) ;
#124 = CARTESIAN_POINT ( 'NONE',  ( 2.807733980969242094, 108.0997072644481563, 1.000000000000000888 ) ) ;
#125 = EDGE_LOOP ( 'NONE', ( #4138, #465, #3771, #5237 ) ) ;
#126 = ADVANCED_FACE ( 'NONE', ( #724 ), #6266, .T. ) ;
#127 = EDGE_CURVE ( 'NONE', #4010, #8643, #7479, .T. ) ;
#128 = ORIENTED_EDGE ( 'NONE', *, *, #4731, .T. ) ;
#129 = EDGE_LOOP ( 'NONE', ( #4401, #1752, #4467, #2607 ) ) ;
#130 = DIRECTION ( 'NONE',  ( 0.000000000000000000, 0.000000000000000000, -1.000000000000000000 ) ) ;
#131 = DIRECTION ( 'NONE',  ( 0.9999998850681161011, 0.0004794410854584955244, 0.000000000000000000 ) ) ;
#132 = LINE ( 'NONE', #2843, #1489 ) ;
#133 = FACE_OUTER_BOUND ( 'NONE', #2054, .T. ) ;
#134 = PLANE ( 'NONE',  #5063 ) ;
#135 = ORIENTED_EDGE ( 'NONE', *, *, #6709, .F. ) ;
#136 = DIRECTION ( 'NONE',  ( 0.000000000000000000, 0.000000000000000000, 1.000000000000000000 ) ) ;
#137 = ORIENTED_EDGE ( 'NONE', *, *, #6559, .F. ) ;
#138 = EDGE_CURVE ( 'NONE', #7641, #7125, #677, .T. ) ;
#139 = CARTESIAN_POINT ( 'NONE',  ( 29.45897074911485802, 110.1124851936654920, 122.8571184009966686 ) ) ;
#140 = DIRECTION ( 'NONE',  ( 0.000000000000000000, 0.000000000000000000, -1.000000000000000000 ) ) ;
#141 = AXIS2_PLACEMENT_3D ( 'NONE', #412, #5787, #1885 ) ;
#142 = DIRECTION ( 'NONE',  ( 1.469843297447993147E-16, -1.000000000000000000, 0.000000000000000000 ) ) ;
#143 = CARTESIAN_POINT ( 'NONE',  ( 1.316504542633788688, 32.59706199999999399, 1.000000000000000888 ) ) ;
#144 = ADVANCED_FACE ( 'NONE', ( #4091 ), #4901, .F. ) ;
#145 = AXIS2_PLACEMENT_3D ( 'NONE', #4371, #955, #5000 ) ;
#146 = EDGE_LOOP ( 'NONE', ( #6025, #507, #135, #662 ) ) ;
#147 = CARTESIAN_POINT ( 'NONE',  ( 2.806775098798322876, 110.0997070345843980, 122.8571184009966686 ) ) ;
#148 = DIRECTION ( 'NONE',  ( 1.000000000000000000, 0.000000000000000000, 0.000000000000000000 ) ) ;
#149 = DIRECTION ( 'NONE',  ( -0.9999999932531434821, -0.0001161624429837051277, -7.965459555662263154E-59 ) ) ;
#150 = DIRECTION ( 'NONE',  ( -1.000000000000000000, 0.000000000000000000, 0.000000000000000000 ) ) ;
#151 = LINE ( 'NONE', #4126, #5652 ) ;
#152 = FACE_OUTER_BOUND ( 'NONE', #8572, .T. ) ;
#153 = VECTOR ( 'NONE', #8305, 1000.000000000000114 ) ;
#154 = CYLINDRICAL_SURFACE ( 'NONE', #5990, 0.5000000000000019984 ) ;
#155 = VERTEX_POINT ( 'NONE', #2194 ) ;
#156 = EDGE_LOOP ( 'NONE', ( #6005, #6639, #1101, #8608, #4758, #8441, #5967, #3937 ) ) ;
#157 = DIRECTION ( 'NONE',  ( 0.000000000000000000, 0.000000000000000000, 1.000000000000000000 ) ) ;
#158 = DIRECTION ( 'NONE',  ( -0.0001161624401737180621, 0.9999999932531437041, 0.000000000000000000 ) ) ;
#159 = ADVANCED_FACE ( 'NONE', ( #853 ), #1393, .F. ) ;
#160 = ORIENTED_EDGE ( 'NONE', *, *, #3827, .F. ) ;
#161 = DIRECTION ( 'NONE',  ( -0.0001161624401737789265, 0.9999999932531437041, 0.000000000000000000 ) ) ;
#162 = CARTESIAN_POINT ( 'NONE',  ( 2.820070398492491304, -0.09999999999999982514, 0.000000000000000000 ) ) ;
#163 = CARTESIAN_POINT ( 'NONE',  ( 2.820070398492491304, -0.09999999999999982514, 0.000000000000000000 ) ) ;
#164 = VERTEX_POINT ( 'NONE', #4175 ) ;
#165 = AXIS2_PLACEMENT_3D ( 'NONE', #8689, #1887, #6502 ) ;
#166 = AXIS2_PLACEMENT_3D ( 'NONE', #8816, #4799, #6046 ) ;
#167 = ORIENTED_EDGE ( 'NONE', *, *, #2418, .F. ) ;
#168 = CARTESIAN_POINT ( 'NONE',  ( 24.13280362000000068, 65.45000098000001287, 1.500000000000000000 ) ) ;
#169 = EDGE_LOOP ( 'NONE', ( #8440, #3882, #3072, #4505 ) ) ;
#170 = AXIS2_PLACEMENT_3D ( 'NONE', #5392, #8104, #1971 ) ;
#171 = EDGE_CURVE ( 'NONE', #5968, #4323, #4220, .T. ) ;
#172 = VERTEX_POINT ( 'NONE', #6227 ) ;
#173 = CARTESIAN_POINT ( 'NONE',  ( -0.1922659987901881862, 108.0993587771192068, 2.500000000000000000 ) ) ;
#174 = LINE ( 'NONE', #47, #4170 ) ;
#175 = CARTESIAN_POINT ( 'NONE',  ( -0.1922659987901894907, 108.0993587771192068, -3.998419460000000480 ) ) ;
#176 = EDGE_CURVE ( 'NONE', #6319, #1900, #2704, .T. ) ;
#177 = AXIS2_PLACEMENT_3D ( 'NONE', #1150, #524, #7321 ) ;
#178 = CARTESIAN_POINT ( 'NONE',  ( 5.607803620000000322, 109.1010498479614625, 1.000000000000028644 ) ) ;
#179 = DIRECTION ( 'NONE',  ( 0.000000000000000000, 0.000000000000000000, -1.000000000000000000 ) ) ;
#180 = AXIS2_PLACEMENT_3D ( 'NONE', #2906, #1472, #4294 ) ;
#181 = ORIENTED_EDGE ( 'NONE', *, *, #5731, .F. ) ;
#182 = AXIS2_PLACEMENT_3D ( 'NONE', #4507, #3016, #5095 ) ;
#183 = DIRECTION ( 'NONE',  ( -0.0001161624401756147383, 0.9999999932531437041, 0.000000000000000000 ) ) ;
#184 = EDGE_LOOP ( 'NONE', ( #7453, #2706, #6191, #4574 ) ) ;
#185 = DIRECTION ( 'NONE',  ( -0.000000000000000000, -0.000000000000000000, -1.000000000000000000 ) ) ;
#186 = DIRECTION ( 'NONE',  ( 0.000000000000000000, 1.000000000000000000, 0.000000000000000000 ) ) ;
#187 = CARTESIAN_POINT ( 'NONE',  ( 33.46849389438137479, 34.38610676294609192, 2.500000000000002220 ) ) ;
#188 = CIRCLE ( 'NONE', #4612, 0.5000000000000004441 ) ;
#189 = DIRECTION ( 'NONE',  ( -0.9999999932531439262, -0.0001161624401668761094, 0.000000000000000000 ) ) ;
#190 = CIRCLE ( 'NONE', #8467, 0.5000000000000000000 ) ;
#191 = CARTESIAN_POINT ( 'NONE',  ( -1.193595642872014917, 9.346245431239239565, -2.098418713067609076 ) ) ;
#192 = ORIENTED_EDGE ( 'NONE', *, *, #2999, .T. ) ;
#193 = EDGE_CURVE ( 'NONE', #8812, #8723, #3501, .T. ) ;
#194 = DIRECTION ( 'NONE',  ( -1.000000000000000000, -1.192488222418005077E-08, 0.000000000000000000 ) ) ;
#195 = CARTESIAN_POINT ( 'NONE',  ( 0.8092441906817412489, 95.09874794203754789, -2.998419460000000480 ) ) ;
#196 = CARTESIAN_POINT ( 'NONE',  ( 29.96689124644791491, 48.51559628190554463, 1.499999998877215912 ) ) ;
#197 = DIRECTION ( 'NONE',  ( -0.0001161624429838521320, 0.9999999932531434821, 0.000000000000000000 ) ) ;
#198 = DIRECTION ( 'NONE',  ( 1.000000000000000000, -8.673617379884027583E-16, 0.000000000000000000 ) ) ;
#199 = CIRCLE ( 'NONE', #3620, 0.5000000000000019984 ) ;
#200 = EDGE_CURVE ( 'NONE', #1463, #5098, #6587, .T. ) ;
#201 = ORIENTED_EDGE ( 'NONE', *, *, #2226, .T. ) ;
#202 = CARTESIAN_POINT ( 'NONE',  ( 2.820070398492477537, 1.900000000000000577, 1.000000000000000888 ) ) ;
#203 = ORIENTED_EDGE ( 'NONE', *, *, #2177, .F. ) ;
#204 = CARTESIAN_POINT ( 'NONE',  ( 2.820070398492477537, 1.900000000000000577, 122.8571184009966686 ) ) ;
#205 = FACE_OUTER_BOUND ( 'NONE', #4880, .T. ) ;
#206 = DIRECTION ( 'NONE',  ( 0.9999998850681161011, 0.0004794410854595740346, -0.000000000000000000 ) ) ;
#207 = ORIENTED_EDGE ( 'NONE', *, *, #6230, .T. ) ;
#208 = CIRCLE ( 'NONE', #773, 0.5000000000000019984 ) ;
#209 = VERTEX_POINT ( 'NONE', #4260 ) ;
#210 = CARTESIAN_POINT ( 'NONE',  ( 29.47226753285274015, 1.900000000000000133, 2.500000000000002220 ) ) ;
#211 = VERTEX_POINT ( 'NONE', #7745 ) ;
#212 = ORIENTED_EDGE ( 'NONE', *, *, #8588, .F. ) ;
#213 = DIRECTION ( 'NONE',  ( -1.000000000000000000, 0.000000000000000000, 0.000000000000000000 ) ) ;
#214 = LINE ( 'NONE', #6158, #876 ) ;
#215 = DIRECTION ( 'NONE',  ( -0.9999999932531438152, -0.0001161624401668776951, 0.000000000000000000 ) ) ;
#216 = CARTESIAN_POINT ( 'NONE',  ( 5.607803620000000322, 109.1010498479614910, 1.292893218813474077 ) ) ;
#217 = EDGE_CURVE ( 'NONE', #5398, #3844, #7794, .T. ) ;
#218 = EDGE_CURVE ( 'NONE', #1384, #2482, #559, .T. ) ;
#219 = EDGE_LOOP ( 'NONE', ( #7751, #207, #537, #5194 ) ) ;
#220 = DIRECTION ( 'NONE',  ( -0.000000000000000000, -0.000000000000000000, -1.000000000000000000 ) ) ;
#221 = VERTEX_POINT ( 'NONE', #8513 ) ;
#222 = DIRECTION ( 'NONE',  ( 0.0004794410854575053768, -0.9999998850681162121, 0.000000000000000000 ) ) ;
#223 = DIRECTION ( 'NONE',  ( 0.9999999932531434821, 0.0001161624429840690538, 0.000000000000000000 ) ) ;
#224 = PLANE ( 'NONE',  #722 ) ;
#225 = DIRECTION ( 'NONE',  ( -1.345961823075875859E-20, 1.158689342253971313E-16, -1.000000000000000000 ) ) ;
#226 = DIRECTION ( 'NONE',  ( 0.000000000000000000, 0.000000000000000000, 1.000000000000000000 ) ) ;
#227 = PLANE ( 'NONE',  #6884 ) ;
#228 = VECTOR ( 'NONE', #2133, 1000.000000000000227 ) ;
#229 = EDGE_CURVE ( 'NONE', #2287, #4805, #7, .T. ) ;
#230 = EDGE_CURVE ( 'NONE', #7682, #5398, #3586, .T. ) ;
#231 = ORIENTED_EDGE ( 'NONE', *, *, #1206, .F. ) ;
#232 = VECTOR ( 'NONE', #8084, 1000.000000000000000 ) ;
#233 = CARTESIAN_POINT ( 'NONE',  ( 2.807733980969242094, 108.0997072644481563, 0.9999999999999731326 ) ) ;
#234 = CARTESIAN_POINT ( 'NONE',  ( 27.13280362000000068, 30.05000098000000008, 1.500000000000000000 ) ) ;
#235 = CARTESIAN_POINT ( 'NONE',  ( 31.47226751935902556, 1.900232324880361201, 0.000000000000000000 ) ) ;
#236 = DIRECTION ( 'NONE',  ( 1.000000000000000000, 0.000000000000000000, 0.000000000000000000 ) ) ;
#237 = DIRECTION ( 'NONE',  ( -1.000000000000000000, 0.000000000000000000, 0.000000000000000000 ) ) ;
#238 = ORIENTED_EDGE ( 'NONE', *, *, #8170, .F. ) ;
#239 = FACE_OUTER_BOUND ( 'NONE', #8113, .T. ) ;
#240 = CARTESIAN_POINT ( 'NONE',  ( 2.316504549380645095, 32.59706199999999399, 1.500000000000000000 ) ) ;
#241 = ORIENTED_EDGE ( 'NONE', *, *, #1218, .T. ) ;
#242 = DIRECTION ( 'NONE',  ( -0.000000000000000000, -0.000000000000000000, 1.000000000000000000 ) ) ;
#243 = CARTESIAN_POINT ( 'NONE',  ( 29.47226753285274015, 1.900000000000000133, 3.500000000000000000 ) ) ;
#244 = DIRECTION ( 'NONE',  ( 1.000000000000000000, 0.000000000000000000, 0.000000000000000000 ) ) ;
#245 = ADVANCED_FACE ( 'NONE', ( #1603 ), #7700, .T. ) ;
#246 = ORIENTED_EDGE ( 'NONE', *, *, #2807, .T. ) ;
#247 = ORIENTED_EDGE ( 'NONE', *, *, #6931, .T. ) ;
#248 = ORIENTED_EDGE ( 'NONE', *, *, #7883, .T. ) ;
#249 = ORIENTED_EDGE ( 'NONE', *, *, #5464, .T. ) ;
#250 = CARTESIAN_POINT ( 'NONE',  ( 30.96733925660019082, 44.32581622946501909, 1.319999999999899920 ) ) ;
#251 = LINE ( 'NONE', #7765, #3018 ) ;
#252 = CARTESIAN_POINT ( 'NONE',  ( 5.132803619999998901, 29.55000098000000008, 1.500000000000000000 ) ) ;
#253 = LINE ( 'NONE', #8447, #7986 ) ;
#254 = ORIENTED_EDGE ( 'NONE', *, *, #2790, .F. ) ;
#255 = ORIENTED_EDGE ( 'NONE', *, *, #2916, .T. ) ;
#256 = ORIENTED_EDGE ( 'NONE', *, *, #7790, .T. ) ;
#257 = CARTESIAN_POINT ( 'NONE',  ( 0.8077339944629552404, 108.0994749395621994, 0.000000000000000000 ) ) ;
#258 = VERTEX_POINT ( 'NONE', #7022 ) ;
#259 = DIRECTION ( 'NONE',  ( 0.000000000000000000, 0.000000000000000000, -1.000000000000000000 ) ) ;
#260 = LINE ( 'NONE', #5057, #590 ) ;
#261 = FACE_OUTER_BOUND ( 'NONE', #1738, .T. ) ;
#262 = EDGE_CURVE ( 'NONE', #5256, #1707, #3763, .T. ) ;
#263 = CARTESIAN_POINT ( 'NONE',  ( 13.36479015296693795, -0.5999999999999994227, 2.500000000000000000 ) ) ;
#264 = ADVANCED_FACE ( 'NONE', ( #2237 ), #4281, .T. ) ;
#265 = PLANE ( 'NONE',  #1460 ) ;
#266 = ORIENTED_EDGE ( 'NONE', *, *, #1699, .F. ) ;
#267 = VECTOR ( 'NONE', #2912, 1000.000000000000000 ) ;
#268 = CARTESIAN_POINT ( 'NONE',  ( 0.8150234767143027526, 45.34698786262589465, 122.8571184009966686 ) ) ;
#269 = DIRECTION ( 'NONE',  ( 0.0001161624429838024349, -0.9999999932531434821, 0.000000000000000000 ) ) ;
#270 = DIRECTION ( 'NONE',  ( 1.000000000000000000, 0.000000000000000000, -0.000000000000000000 ) ) ;
#271 = EDGE_CURVE ( 'NONE', #2095, #6782, #8707, .T. ) ;
#272 = VECTOR ( 'NONE', #4676, 1000.000000000000000 ) ;
#273 = LINE ( 'NONE', #3673, #267 ) ;
#274 = CARTESIAN_POINT ( 'NONE',  ( 30.46691063262241883, 48.01565436312731805, 1.000000000000000000 ) ) ;
#275 = CARTESIAN_POINT ( 'NONE',  ( 32.46733924647990932, 44.32599047312528029, 2.500000000000002220 ) ) ;
#276 = VECTOR ( 'NONE', #3041, 999.9999999999998863 ) ;
#277 = AXIS2_PLACEMENT_3D ( 'NONE', #6810, #5483, #814 ) ;
#278 = ORIENTED_EDGE ( 'NONE', *, *, #3168, .T. ) ;
#279 = CYLINDRICAL_SURFACE ( 'NONE', #6626, 0.5000000000000004441 ) ;
#280 = CIRCLE ( 'NONE', #7133, 1.000000000000000000 ) ;
#281 = ORIENTED_EDGE ( 'NONE', *, *, #1999, .T. ) ;
#282 = DIRECTION ( 'NONE',  ( 1.000000000000000000, 0.000000000000000000, 0.000000000000000000 ) ) ;
#283 = AXIS2_PLACEMENT_3D ( 'NONE', #7498, #6400, #7703 ) ;
#284 = LINE ( 'NONE', #163, #3152 ) ;
#285 = ADVANCED_FACE ( 'NONE', ( #1559 ), #3715, .F. ) ;
#286 = EDGE_LOOP ( 'NONE', ( #8055, #377, #6004, #4284 ) ) ;
#287 = ORIENTED_EDGE ( 'NONE', *, *, #3911, .F. ) ;
#288 = AXIS2_PLACEMENT_3D ( 'NONE', #588, #4086, #5431 ) ;
#289 = ORIENTED_EDGE ( 'NONE', *, *, #1522, .F. ) ;
#290 = ORIENTED_EDGE ( 'NONE', *, *, #1305, .T. ) ;
#291 = EDGE_CURVE ( 'NONE', #7713, #2099, #2954, .T. ) ;
#292 = DIRECTION ( 'NONE',  ( -0.000000000000000000, -0.000000000000000000, -1.000000000000000000 ) ) ;
#293 = DIRECTION ( 'NONE',  ( 0.0001161624429838024349, -0.9999999932531434821, 0.000000000000000000 ) ) ;
#294 = PLANE ( 'NONE',  #6073 ) ;
#295 = DIRECTION ( 'NONE',  ( -0.000000000000000000, -1.000000000000000000, 0.000000000000000000 ) ) ;
#296 = VERTEX_POINT ( 'NONE', #3042 ) ;
#297 = AXIS2_PLACEMENT_3D ( 'NONE', #4613, #2001, #6797 ) ;
#298 = AXIS2_PLACEMENT_3D ( 'NONE', #946, #1485, #2961 ) ;
#299 = ORIENTED_EDGE ( 'NONE', *, *, #725, .T. ) ;
#300 = DIRECTION ( 'NONE',  ( 1.000000000000000000, -1.755540157688527164E-11, 0.000000000000000000 ) ) ;
#301 = ORIENTED_EDGE ( 'NONE', *, *, #7111, .T. ) ;
#302 = CIRCLE ( 'NONE', #4890, 2.999999999999999556 ) ;
#303 = DIRECTION ( 'NONE',  ( 0.000000000000000000, -1.000000000000000000, 0.000000000000000000 ) ) ;
#304 = ORIENTED_EDGE ( 'NONE', *, *, #2399, .T. ) ;
#305 = DIRECTION ( 'NONE',  ( 1.000000000000000000, 0.000000000000000000, 0.000000000000000000 ) ) ;
#306 = LINE ( 'NONE', #1108, #6306 ) ;
#307 = FACE_OUTER_BOUND ( 'NONE', #501, .T. ) ;
#308 = CARTESIAN_POINT ( 'NONE',  ( 29.47226753285274015, 1.400000000000000133, 1.500000000000000000 ) ) ;
#309 = VECTOR ( 'NONE', #6766, 1000.000000000000000 ) ;
#310 = DIRECTION ( 'NONE',  ( 0.000000000000000000, -0.000000000000000000, -1.000000000000000000 ) ) ;
#311 = VECTOR ( 'NONE', #8569, 999.9999999999998863 ) ;
#312 = EDGE_CURVE ( 'NONE', #4013, #7475, #2280, .T. ) ;
#313 = EDGE_LOOP ( 'NONE', ( #4712, #7909, #4563, #3606 ) ) ;
#314 = ORIENTED_EDGE ( 'NONE', *, *, #585, .T. ) ;
#315 = AXIS2_PLACEMENT_3D ( 'NONE', #7882, #3089, #7925 ) ;
#316 = EDGE_CURVE ( 'NONE', #4954, #2019, #4000, .T. ) ;
#317 = CARTESIAN_POINT ( 'NONE',  ( 0.000000000000000000, 47.75000098000001003, 3.000000000000000000 ) ) ;
#318 = CARTESIAN_POINT ( 'NONE',  ( -0.1806784470377415519, 8.346363087429198302, -3.998419460000000480 ) ) ;
#319 = AXIS2_PLACEMENT_3D ( 'NONE', #5127, #1659, #3051 ) ;
#320 = LINE ( 'NONE', #5070, #1414 ) ;
#321 = DIRECTION ( 'NONE',  ( 8.742277735063156469E-08, -0.9999999999999962252, 0.000000000000000000 ) ) ;
#322 = VECTOR ( 'NONE', #2401, 1000.000000000000227 ) ;
#323 = EDGE_CURVE ( 'NONE', #5617, #4669, #8289, .T. ) ;
#324 = ADVANCED_FACE ( 'NONE', ( #5120 ), #713, .T. ) ;
#325 = VERTEX_POINT ( 'NONE', #2549 ) ;
#326 = CARTESIAN_POINT ( 'NONE',  ( 8.632803620000000677, 64.95000097999999866, 1.500000000000000000 ) ) ;
#327 = CARTESIAN_POINT ( 'NONE',  ( 21.46091302770999931, 90.90681127924001714, 1.500000000000001332 ) ) ;
#328 = ORIENTED_EDGE ( 'NONE', *, *, #958, .F. ) ;
#329 = CARTESIAN_POINT ( 'NONE',  ( 21.55780361999999784, 62.25000098000001003, 1.500000000000000000 ) ) ;
#330 = LINE ( 'NONE', #6458, #7604 ) ;
#331 = CIRCLE ( 'NONE', #3757, 1.000000000000000222 ) ;
#332 = DIRECTION ( 'NONE',  ( -0.000000000000000000, -0.000000000000000000, -1.000000000000000000 ) ) ;
#333 = ORIENTED_EDGE ( 'NONE', *, *, #6245, .F. ) ;
#334 = ORIENTED_EDGE ( 'NONE', *, *, #3577, .T. ) ;
#336 = EDGE_CURVE ( 'NONE', #4737, #4918, #1128, .T. ) ;
#335 = ORIENTED_EDGE ( 'NONE', *, *, #1801, .T. ) ;
#337 = VERTEX_POINT ( 'NONE', #495 ) ;
#338 = CARTESIAN_POINT ( 'NONE',  ( 1.814901497536368424, 46.39712008122149456, 0.000000000000000000 ) ) ;
#339 = ORIENTED_EDGE ( 'NONE', *, *, #4993, .T. ) ;
#340 = CARTESIAN_POINT ( 'NONE',  ( 29.47226753285274015, 1.900000000000000133, 122.8571184009966686 ) ) ;
#341 = CARTESIAN_POINT ( 'NONE',  ( 15.20325953999999946, 0.000000000000000000, 2.500000000000000000 ) ) ;
#342 = FACE_OUTER_BOUND ( 'NONE', #1760, .T. ) ;
#343 = CARTESIAN_POINT ( 'NONE',  ( 0.000000000000000000, 30.05000098000000008, 1.500000000000000000 ) ) ;
#344 = ORIENTED_EDGE ( 'NONE', *, *, #5214, .T. ) ;
#345 = EDGE_CURVE ( 'NONE', #2840, #7426, #7264, .T. ) ;
#346 = ORIENTED_EDGE ( 'NONE', *, *, #2142, .T. ) ;
#347 = DIRECTION ( 'NONE',  ( -0.9999999999999991118, -4.371138811603728483E-08, 0.000000000000000000 ) ) ;
#348 = ADVANCED_FACE ( 'NONE', ( #1789 ), #4617, .F. ) ;
#349 = EDGE_LOOP ( 'NONE', ( #645, #1445, #2826, #2939, #5299 ) ) ;
#350 = EDGE_CURVE ( 'NONE', #7962, #1812, #7926, .T. ) ;
#351 = FACE_OUTER_BOUND ( 'NONE', #6521, .T. ) ;
#352 = ORIENTED_EDGE ( 'NONE', *, *, #7206, .F. ) ;
#353 = CARTESIAN_POINT ( 'NONE',  ( 0.8187116933930678186, 13.59647918577701375, 122.8571184009966686 ) ) ;
#354 = CARTESIAN_POINT ( 'NONE',  ( 29.42110518602579106, 108.6124668669588971, 1.000000000000000000 ) ) ;
#355 = DIRECTION ( 'NONE',  ( -1.156482317317871725E-16, 1.000000000000000000, 0.000000000000000000 ) ) ;
#356 = DIRECTION ( 'NONE',  ( -0.000000000000000000, -0.000000000000000000, -1.000000000000000000 ) ) ;
#357 = CARTESIAN_POINT ( 'NONE',  ( 12.85780362000000032, 110.1045259111624119, 1.500000000000001332 ) ) ;
#358 = VECTOR ( 'NONE', #6919, 1000.000000000000000 ) ;
#359 = EDGE_CURVE ( 'NONE', #6657, #8406, #4136, .T. ) ;
#360 = ORIENTED_EDGE ( 'NONE', *, *, #726, .T. ) ;
#361 = ORIENTED_EDGE ( 'NONE', *, *, #7239, .T. ) ;
#362 = DIRECTION ( 'NONE',  ( -0.000000000000000000, -0.000000000000000000, -1.000000000000000000 ) ) ;
#363 = CARTESIAN_POINT ( 'NONE',  ( 21.55780361999999784, 62.75000098000001003, 3.000000000000000000 ) ) ;
#364 = DIRECTION ( 'NONE',  ( 1.000000000000000000, 0.000000000000000000, 0.000000000000000000 ) ) ;
#365 = CARTESIAN_POINT ( 'NONE',  ( 33.45992960429835250, 108.1129500732899515, -0.7100000000000855627 ) ) ;
#366 = CIRCLE ( 'NONE', #8233, 2.000000000000000000 ) ;
#367 = AXIS2_PLACEMENT_3D ( 'NONE', #7869, #5108, #5727 ) ;
#368 = ORIENTED_EDGE ( 'NONE', *, *, #4945, .F. ) ;
#369 = DIRECTION ( 'NONE',  ( 0.9999998850681162121, 0.0004794410854436209212, 0.000000000000000000 ) ) ;
#370 = CARTESIAN_POINT ( 'NONE',  ( 0.0001229918421319628800, 53.26423083457885355, 2.500000000000000000 ) ) ;
#371 = ORIENTED_EDGE ( 'NONE', *, *, #1514, .T. ) ;
#372 = FACE_OUTER_BOUND ( 'NONE', #3475, .T. ) ;
#373 = DIRECTION ( 'NONE',  ( 1.000000000000000000, 0.000000000000000000, 0.000000000000000000 ) ) ;
#374 = ADVANCED_FACE ( 'NONE', ( #1078 ), #7243, .T. ) ;
#375 = DIRECTION ( 'NONE',  ( -6.311429343820460109E-43, 5.433278725136842152E-39, -1.000000000000000000 ) ) ;
#376 = AXIS2_PLACEMENT_3D ( 'NONE', #4191, #2246, #8352 ) ;
#377 = ORIENTED_EDGE ( 'NONE', *, *, #2901, .F. ) ;
#378 = ORIENTED_EDGE ( 'NONE', *, *, #7198, .F. ) ;
#379 = ORIENTED_EDGE ( 'NONE', *, *, #5157, .F. ) ;
#380 = ORIENTED_EDGE ( 'NONE', *, *, #6776, .F. ) ;
#381 = DIRECTION ( 'NONE',  ( -0.9999999932531434821, -0.0001161624429837051277, 0.000000000000000000 ) ) ;
#382 = CARTESIAN_POINT ( 'NONE',  ( 32.46849390112823386, 34.38599060050592726, 2.500000000000002220 ) ) ;
#383 = LINE ( 'NONE', #8660, #513 ) ;
#384 = EDGE_CURVE ( 'NONE', #468, #3729, #4570, .T. ) ;
#385 = DIRECTION ( 'NONE',  ( 1.000000000000000000, 0.000000000000000000, 0.000000000000000000 ) ) ;
#386 = ORIENTED_EDGE ( 'NONE', *, *, #3765, .F. ) ;
#387 = ADVANCED_FACE ( 'NONE', ( #7286 ), #1161, .T. ) ;
#388 = VERTEX_POINT ( 'NONE', #6535 ) ;
#389 = DIRECTION ( 'NONE',  ( 1.000000000000000000, 4.822594693326356726E-16, 0.000000000000000000 ) ) ;
#390 = DIRECTION ( 'NONE',  ( 0.000000000000000000, 0.000000000000000000, -1.000000000000000000 ) ) ;
#391 = ORIENTED_EDGE ( 'NONE', *, *, #5339, .F. ) ;
#392 = DIRECTION ( 'NONE',  ( -0.0001161624401737789401, 0.9999999932531438152, -0.000000000000000000 ) ) ;
#393 = CARTESIAN_POINT ( 'NONE',  ( 25.00780361999600743, 4.931780622569035711E-15, 1.500000000000000000 ) ) ;
#394 = LINE ( 'NONE', #6524, #4525 ) ;
#395 = DIRECTION ( 'NONE',  ( 1.000000000000000000, 0.000000000000000000, 0.000000000000000000 ) ) ;
#396 = DIRECTION ( 'NONE',  ( 0.000000000000000000, 0.000000000000000000, 1.000000000000000000 ) ) ;
#397 = EDGE_CURVE ( 'NONE', #4469, #5912, #8680, .T. ) ;
#398 = ORIENTED_EDGE ( 'NONE', *, *, #4106, .T. ) ;
#399 = ORIENTED_EDGE ( 'NONE', *, *, #5538, .F. ) ;
#400 = CARTESIAN_POINT ( 'NONE',  ( 0.8077339944629552404, 108.0994749395621994, -0.03000000000000224709 ) ) ;
#401 = DIRECTION ( 'NONE',  ( -0.9999999999999991118, -4.371138674066359935E-08, 0.000000000000000000 ) ) ;
#402 = CARTESIAN_POINT ( 'NONE',  ( 8.707803619999999967, 105.2000009799999987, -19.25780817680636048 ) ) ;
#403 = EDGE_CURVE ( 'NONE', #8623, #7875, #405, .T. ) ;
#404 = DIRECTION ( 'NONE',  ( 0.000000000000000000, 0.000000000000000000, -1.000000000000000000 ) ) ;
#405 = LINE ( 'NONE', #7049, #2849 ) ;
#406 = AXIS2_PLACEMENT_3D ( 'NONE', #2792, #35, #2751 ) ;
#407 = CARTESIAN_POINT ( 'NONE',  ( 30.97075746423341869, 14.90000000000000391, -1.898419459999999948 ) ) ;
#408 = ORIENTED_EDGE ( 'NONE', *, *, #3630, .T. ) ;
#409 = CARTESIAN_POINT ( 'NONE',  ( 5.132803619999998901, 29.55000098000000008, 3.000000000000000000 ) ) ;
#410 = CARTESIAN_POINT ( 'NONE',  ( 19.35780361999999855, 109.1076421636441864, 0.000000000000000000 ) ) ;
#411 = ORIENTED_EDGE ( 'NONE', *, *, #5142, .T. ) ;
#412 = CARTESIAN_POINT ( 'NONE',  ( 30.96728117538010494, 44.82581622609158245, 117.8988879368424563 ) ) ;
#413 = DIRECTION ( 'NONE',  ( 0.000000000000000000, 0.000000000000000000, 1.000000000000000000 ) ) ;
#414 = LINE ( 'NONE', #6010, #4162 ) ;
#415 = ORIENTED_EDGE ( 'NONE', *, *, #7494, .F. ) ;
#416 = VECTOR ( 'NONE', #4304, 999.9999999999998863 ) ;
#417 = ADVANCED_FACE ( 'NONE', ( #6383 ), #1773, .T. ) ;
#418 = CIRCLE ( 'NONE', #7416, 0.5000000000000004441 ) ;
#419 = CIRCLE ( 'NONE', #3282, 1.000000000000000888 ) ;
#420 = VERTEX_POINT ( 'NONE', #962 ) ;
#421 = CARTESIAN_POINT ( 'NONE',  ( 25.33782774328766152, 3.877977072245787582, 2.500000000000000000 ) ) ;
#422 = EDGE_CURVE ( 'NONE', #3742, #5968, #3113, .T. ) ;
#423 = AXIS2_PLACEMENT_3D ( 'NONE', #7697, #5823, #6397 ) ;
#424 = ORIENTED_EDGE ( 'NONE', *, *, #200, .T. ) ;
#425 = CARTESIAN_POINT ( 'NONE',  ( 2.807733980969242094, 108.0997072644481563, -3.998419460000000480 ) ) ;
#426 = CARTESIAN_POINT ( 'NONE',  ( -0.6812302152855709281, 13.09630512123478496, -1.098419372125622129 ) ) ;
#427 = DIRECTION ( 'NONE',  ( 0.000000000000000000, 0.000000000000000000, -1.000000000000000000 ) ) ;
#428 = DIRECTION ( 'NONE',  ( 0.9999999932531437041, 0.0001161624401737049704, -0.000000000000000000 ) ) ;
#429 = ORIENTED_EDGE ( 'NONE', *, *, #6379, .T. ) ;
#430 = AXIS2_PLACEMENT_3D ( 'NONE', #2441, #6552, #4509 ) ;
#431 = VECTOR ( 'NONE', #242, 1000.000000000000000 ) ;
#432 = VECTOR ( 'NONE', #3181, 1000.000000000000000 ) ;
#433 = EDGE_CURVE ( 'NONE', #4918, #5958, #3793, .T. ) ;
#434 = EDGE_LOOP ( 'NONE', ( #1476, #1972, #1482, #1293 ) ) ;
#435 = CARTESIAN_POINT ( 'NONE',  ( 0.000000000000000000, 64.95000097999999866, 3.000000000000000000 ) ) ;
#436 = EDGE_LOOP ( 'NONE', ( #3754, #7304, #6868, #5402 ) ) ;
#437 = EDGE_LOOP ( 'NONE', ( #7110, #2662, #5463, #8759 ) ) ;
#438 = CARTESIAN_POINT ( 'NONE',  ( 16.90893746840101031, 34.88418316782391315, 1.319999999999899920 ) ) ;
#439 = CARTESIAN_POINT ( 'NONE',  ( 33.46751696826535039, 42.79610665593522612, -0.7100000000001001066 ) ) ;
#440 = AXIS2_PLACEMENT_3D ( 'NONE', #7740, #5688, #4977 ) ;
#441 = DIRECTION ( 'NONE',  ( -0.000000000000000000, -0.000000000000000000, -1.000000000000000000 ) ) ;
#442 = DIRECTION ( 'NONE',  ( 0.0001161624401731230384, -0.9999999932531438152, 0.000000000000000000 ) ) ;
#443 = CIRCLE ( 'NONE', #6578, 0.5000000000000004441 ) ;
#444 = CIRCLE ( 'NONE', #5457, 0.5000000000000004441 ) ;
#445 = ORIENTED_EDGE ( 'NONE', *, *, #7154, .T. ) ;
#446 = EDGE_CURVE ( 'NONE', #1143, #6842, #6986, .T. ) ;
#447 = LINE ( 'NONE', #6087, #5514 ) ;
#448 = VECTOR ( 'NONE', #6534, 1000.000000000000114 ) ;
#449 = VECTOR ( 'NONE', #2979, 1000.000000000000114 ) ;
#450 = FACE_OUTER_BOUND ( 'NONE', #6069, .T. ) ;
#451 = CARTESIAN_POINT ( 'NONE',  ( 1.814901497536368424, 46.39712008122239695, 1.131267345649427325 ) ) ;
#452 = ADVANCED_FACE ( 'NONE', ( #1728 ), #4517, .F. ) ;
#453 = EDGE_CURVE ( 'NONE', #5668, #4323, #1634, .T. ) ;
#454 = CIRCLE ( 'NONE', #7742, 0.5000000000000004441 ) ;
#455 = EDGE_LOOP ( 'NONE', ( #1113, #7814, #6664, #8259 ) ) ;
#456 = CARTESIAN_POINT ( 'NONE',  ( 8.632803620000000677, 65.45000098000001287, 1.500000000000000000 ) ) ;
#457 = CARTESIAN_POINT ( 'NONE',  ( 33.48206072494847518, 36.41610834311903488, -0.2100000000001031042 ) ) ;
#458 = ORIENTED_EDGE ( 'NONE', *, *, #4757, .T. ) ;
#459 = DIRECTION ( 'NONE',  ( -0.0001161624401737789401, 0.9999999932531438152, -0.000000000000000000 ) ) ;
#460 = VECTOR ( 'NONE', #6746, 1000.000000000000000 ) ;
#461 = LINE ( 'NONE', #7893, #1004 ) ;
#462 = CARTESIAN_POINT ( 'NONE',  ( 24.13280362000002555, 8.630422051318912278E-15, 1.500000000000000000 ) ) ;
#463 = VECTOR ( 'NONE', #1525, 999.9999999999998863 ) ;
#464 = EDGE_CURVE ( 'NONE', #1061, #1842, #7820, .T. ) ;
#465 = ORIENTED_EDGE ( 'NONE', *, *, #6776, .T. ) ;
#466 = EDGE_LOOP ( 'NONE', ( #3557, #472, #6728, #4818 ) ) ;
#467 = DIRECTION ( 'NONE',  ( -1.000000000000000000, 0.000000000000000000, 0.000000000000000000 ) ) ;
#468 = VERTEX_POINT ( 'NONE', #2311 ) ;
#469 = DIRECTION ( 'NONE',  ( 0.0001161624401737789401, -0.9999999932531438152, 0.000000000000000000 ) ) ;
#470 = DIRECTION ( 'NONE',  ( -0.0001161624429838024349, 0.9999999932531434821, 0.000000000000000000 ) ) ;
#471 = CARTESIAN_POINT ( 'NONE',  ( 30.97075746423341869, 14.90000000000000213, 3.426814665646245039 ) ) ;
#472 = ORIENTED_EDGE ( 'NONE', *, *, #2003, .F. ) ;
#473 = VECTOR ( 'NONE', #2720, 999.9999999999998863 ) ;
#474 = ORIENTED_EDGE ( 'NONE', *, *, #7673, .F. ) ;
#475 = CARTESIAN_POINT ( 'NONE',  ( -1.192265992043333389, 108.0992426146762284, 122.8571184009966686 ) ) ;
#476 = ORIENTED_EDGE ( 'NONE', *, *, #1146, .F. ) ;
#477 = DIRECTION ( 'NONE',  ( 0.000000000000000000, 0.000000000000000000, 1.000000000000000000 ) ) ;
#478 = LINE ( 'NONE', #1775, #7899 ) ;
#479 = CARTESIAN_POINT ( 'NONE',  ( 2.805816216627403215, 112.0997068047206255, -2.998419460000012471 ) ) ;
#480 = LINE ( 'NONE', #3931, #5248 ) ;
#481 = STYLED_ITEM ( 'NONE', ( #6440 ), #3233 ) ;
#482 = CARTESIAN_POINT ( 'NONE',  ( 25.33782779072456393, -0.09999999403755857608, -19.25780817680636048 ) ) ;
#483 = ADVANCED_FACE ( 'NONE', ( #927 ), #7092, .F. ) ;
#484 = DIRECTION ( 'NONE',  ( -1.000000000000000000, 0.000000000000000000, 0.000000000000000000 ) ) ;
#485 = EDGE_CURVE ( 'NONE', #521, #1710, #5055, .T. ) ;
#486 =( BOUNDED_CURVE ( )  B_SPLINE_CURVE ( 3, ( #5774, #6569, #4384, #3035 ),
 .UNSPECIFIED., .F., .F. ) 
 B_SPLINE_CURVE_WITH_KNOTS ( ( 4, 4 ),
 ( 3.141592653589793116, 4.712388980384689674 ),
 .UNSPECIFIED. ) 
 CURVE ( )  GEOMETRIC_REPRESENTATION_ITEM ( )  RATIONAL_B_SPLINE_CURVE ( ( 1.000000000000000000, 0.8047378541243649375, 0.8047378541243649375, 1.000000000000000000 ) ) 
 REPRESENTATION_ITEM ( '' )  );
#487 = ORIENTED_EDGE ( 'NONE', *, *, #3219, .F. ) ;
#488 = ORIENTED_EDGE ( 'NONE', *, *, #3462, .F. ) ;
#489 = LINE ( 'NONE', #3217, #2149 ) ;
#490 = DIRECTION ( 'NONE',  ( 0.9999999932531434821, 0.0001161624429838024349, -0.000000000000000000 ) ) ;
#491 = ADVANCED_FACE ( 'NONE', ( #5104 ), #1587, .F. ) ;
#492 = DIRECTION ( 'NONE',  ( 0.000000000000000000, 0.000000000000000000, 1.000000000000000000 ) ) ;
#493 = EDGE_CURVE ( 'NONE', #4585, #6605, #981, .T. ) ;
#494 = CIRCLE ( 'NONE', #4373, 0.5000000000000004441 ) ;
#495 = CARTESIAN_POINT ( 'NONE',  ( 25.50780378373125856, 30.48645747230914438, 3.495945785979013731 ) ) ;
#496 = EDGE_CURVE ( 'NONE', #1512, #6934, #8540, .T. ) ;
#497 = TOROIDAL_SURFACE ( 'NONE', #4943, 1.000000000000000000, 0.5000000000000000000 ) ;
#498 = VERTEX_POINT ( 'NONE', #2942 ) ;
#499 = CARTESIAN_POINT ( 'NONE',  ( 30.46849391462194845, 34.38575827562557663, 3.500000000000000000 ) ) ;
#500 = DIRECTION ( 'NONE',  ( 0.000000000000000000, 1.000000000000000000, -0.000000000000000000 ) ) ;
#501 = EDGE_LOOP ( 'NONE', ( #2257, #1481, #3271, #3954 ) ) ;
#502 = CARTESIAN_POINT ( 'NONE',  ( 33.45992960429835250, 108.1129500732899373, 2.500000000000002220 ) ) ;
#503 = DIRECTION ( 'NONE',  ( -0.000000000000000000, -0.000000000000000000, -1.000000000000000000 ) ) ;
#504 = LINE ( 'NONE', #6720, #8421 ) ;
#505 = VECTOR ( 'NONE', #220, 1000.000000000000000 ) ;
#506 = VECTOR ( 'NONE', #7270, 1000.000000000000000 ) ;
#507 = ORIENTED_EDGE ( 'NONE', *, *, #7380, .F. ) ;
#508 = ORIENTED_EDGE ( 'NONE', *, *, #8246, .T. ) ;
#509 = DIRECTION ( 'NONE',  ( 0.9999999999999846789, 1.748455523006161675E-07, -0.000000000000000000 ) ) ;
#510 = AXIS2_PLACEMENT_3D ( 'NONE', #5322, #3335, #1947 ) ;
#511 = VERTEX_POINT ( 'NONE', #5677 ) ;
#512 = CARTESIAN_POINT ( 'NONE',  ( 12.85780362000000032, 109.1045257962305328, 1.000000000000028644 ) ) ;
#513 = VECTOR ( 'NONE', #5235, 1000.000000000000000 ) ;
#514 = DIRECTION ( 'NONE',  ( 0.000000000000000000, 0.000000000000000000, -1.000000000000000000 ) ) ;
#515 = DIRECTION ( 'NONE',  ( -0.000000000000000000, 1.000000000000000000, -0.000000000000000000 ) ) ;
#516 = DIRECTION ( 'NONE',  ( 1.000000000000000000, 0.000000000000000000, 0.000000000000000000 ) ) ;
#517 = ADVANCED_FACE ( 'NONE', ( #351 ), #4426, .T. ) ;
#518 = ORIENTED_EDGE ( 'NONE', *, *, #8264, .F. ) ;
#519 = ORIENTED_EDGE ( 'NONE', *, *, #2506, .T. ) ;
#520 = DIRECTION ( 'NONE',  ( 0.000000000000000000, 0.000000000000000000, 1.000000000000000000 ) ) ;
#521 = VERTEX_POINT ( 'NONE', #2449 ) ;
#522 = CARTESIAN_POINT ( 'NONE',  ( 26.64836102379999971, 90.40681127924000293, 2.500000000000000000 ) ) ;
#523 = LINE ( 'NONE', #1907, #7124 ) ;
#524 = DIRECTION ( 'NONE',  ( 1.000000000000000000, 0.000000000000000000, 0.000000000000000000 ) ) ;
#525 = CARTESIAN_POINT ( 'NONE',  ( 13.86479008739985552, 1.400000000000000133, 1.000000000000000888 ) ) ;
#526 = CARTESIAN_POINT ( 'NONE',  ( 32.46843581990817285, 34.88599059713249773, 3.000000000000000000 ) ) ;
#527 = CARTESIAN_POINT ( 'NONE',  ( 1.314901500909796850, 45.89706199999999825, 1.585786437626905743 ) ) ;
#528 = CARTESIAN_POINT ( 'NONE',  ( 15.20325953999999946, 0.000000000000000000, -19.25780817680636048 ) ) ;
#529 = ORIENTED_EDGE ( 'NONE', *, *, #4981, .T. ) ;
#530 = ORIENTED_EDGE ( 'NONE', *, *, #7299, .F. ) ;
#531 = EDGE_LOOP ( 'NONE', ( #951, #6685, #2523, #7404 ) ) ;
#532 = ADVANCED_FACE ( 'NONE', ( #2261 ), #5146, .F. ) ;
#533 = CARTESIAN_POINT ( 'NONE',  ( 0.8077339944629540192, 108.0994749395621994, 122.8571184009966686 ) ) ;
#534 = DIRECTION ( 'NONE',  ( -0.0001161624429838521320, 0.9999999932531434821, 0.000000000000000000 ) ) ;
#535 = CARTESIAN_POINT ( 'NONE',  ( 30.96735440172111353, 44.19543741857188479, 0.7019704427157931192 ) ) ;
#536 = CARTESIAN_POINT ( 'NONE',  ( 1.792914814518223876, 45.89706200000000536, 1.892226872756474831 ) ) ;
#537 = ORIENTED_EDGE ( 'NONE', *, *, #3491, .F. ) ;
#538 = ADVANCED_FACE ( 'NONE', ( #5200 ), #7912, .F. ) ;
#539 = ORIENTED_EDGE ( 'NONE', *, *, #3703, .T. ) ;
#540 = DIRECTION ( 'NONE',  ( 0.000000000000000000, 0.000000000000000000, 1.000000000000000000 ) ) ;
#541 = CARTESIAN_POINT ( 'NONE',  ( 31.46735439834769110, 44.19549549979196712, 0.7019704427157940074 ) ) ;
#542 = ORIENTED_EDGE ( 'NONE', *, *, #4362, .F. ) ;
#543 = CARTESIAN_POINT ( 'NONE',  ( 29.47237574265729521, 48.76255534049764861, 1.500000000000000000 ) ) ;
#544 = DIRECTION ( 'NONE',  ( -0.0001161624429701912931, 0.9999999932531434821, 0.000000000000000000 ) ) ;
#545 = ORIENTED_EDGE ( 'NONE', *, *, #5527, .F. ) ;
#546 = VERTEX_POINT ( 'NONE', #2582 ) ;
#547 = ORIENTED_EDGE ( 'NONE', *, *, #4845, .T. ) ;
#548 = CARTESIAN_POINT ( 'NONE',  ( 1.317979431395450263, 19.89999996626572809, -2.998419460000000480 ) ) ;
#549 = CIRCLE ( 'NONE', #2835, 1.000000000000000888 ) ;
#550 = FACE_OUTER_BOUND ( 'NONE', #6195, .T. ) ;
#551 = LINE ( 'NONE', #3872, #2747 ) ;
#552 = DIRECTION ( 'NONE',  ( 1.000000000000000000, 0.000000000000000000, 0.000000000000000000 ) ) ;
#553 = CARTESIAN_POINT ( 'NONE',  ( -0.6849765133950896923, 45.34681559616981872, -0.02999999999999999889 ) ) ;
#554 = EDGE_LOOP ( 'NONE', ( #2808, #5827, #7509, #5869 ) ) ;
#555 = EDGE_CURVE ( 'NONE', #1969, #388, #4018, .T. ) ;
#556 = AXIS2_PLACEMENT_3D ( 'NONE', #5166, #5328, #1910 ) ;
#557 = CIRCLE ( 'NONE', #4572, 0.5000000000000000000 ) ;
#558 = ORIENTED_EDGE ( 'NONE', *, *, #8343, .F. ) ;
#559 = CIRCLE ( 'NONE', #4995, 0.5000000000000000000 ) ;
#560 = CARTESIAN_POINT ( 'NONE',  ( 29.47226753285274015, 1.900000000000000133, 0.9999999999999731326 ) ) ;
#561 = EDGE_CURVE ( 'NONE', #5578, #7252, #7452, .T. ) ;
#562 = VERTEX_POINT ( 'NONE', #1147 ) ;
#563 = DIRECTION ( 'NONE',  ( 0.000000000000000000, 0.000000000000000000, 1.000000000000000000 ) ) ;
#564 = ORIENTED_EDGE ( 'NONE', *, *, #6050, .F. ) ;
#565 = CARTESIAN_POINT ( 'NONE',  ( 9.057803620000001388, 48.25000098000001003, 3.000000000000000000 ) ) ;
#566 = DIRECTION ( 'NONE',  ( 1.000000000000000000, 0.000000000000000000, 0.000000000000000000 ) ) ;
#567 = FACE_OUTER_BOUND ( 'NONE', #911, .T. ) ;
#568 = AXIS2_PLACEMENT_3D ( 'NONE', #8661, #2529, #1181 ) ;
#569 = CIRCLE ( 'NONE', #8146, 1.000000000000001110 ) ;
#570 = DIRECTION ( 'NONE',  ( 0.9999999932531434821, 0.0001161624429837051277, 0.000000000000000000 ) ) ;
#571 = LINE ( 'NONE', #5372, #5904 ) ;
#572 = CIRCLE ( 'NONE', #2275, 0.5000000000000004441 ) ;
#573 = CARTESIAN_POINT ( 'NONE',  ( 32.96751697163945494, 42.79604856898605192, 1.319999995681913063 ) ) ;
#574 = ORIENTED_EDGE ( 'NONE', *, *, #1514, .F. ) ;
#575 = CARTESIAN_POINT ( 'NONE',  ( -0.6813463777081392170, 14.09630493873912727, -1.496672395567841588E-19 ) ) ;
#576 = VERTEX_POINT ( 'NONE', #1231 ) ;
#577 = DIRECTION ( 'NONE',  ( 0.000000000000000000, 0.000000000000000000, 1.000000000000000000 ) ) ;
#578 = DIRECTION ( 'NONE',  ( 1.000000000000000000, -0.000000000000000000, 0.000000000000000000 ) ) ;
#579 = DIRECTION ( 'NONE',  ( 0.000000000000000000, 0.000000000000000000, -1.000000000000000000 ) ) ;
#580 = CIRCLE ( 'NONE', #3010, 0.5000000000000004441 ) ;
#581 = CYLINDRICAL_SURFACE ( 'NONE', #6734, 4.000000000000000000 ) ;
#582 = VECTOR ( 'NONE', #7511, 1000.000000000000000 ) ;
#583 = EDGE_CURVE ( 'NONE', #8276, #5676, #3972, .T. ) ;
#584 = ORIENTED_EDGE ( 'NONE', *, *, #6978, .T. ) ;
#585 = EDGE_CURVE ( 'NONE', #8601, #8071, #6568, .T. ) ;
#586 = VECTOR ( 'NONE', #771, 1000.000000000000000 ) ;
#587 = ORIENTED_EDGE ( 'NONE', *, *, #8007, .F. ) ;
#588 = CARTESIAN_POINT ( 'NONE',  ( 2.807494260426512067, 108.5997072069822309, 1.000000000000000000 ) ) ;
#589 = DIRECTION ( 'NONE',  ( 0.9999998850681161011, 0.0004794410854595739803, 0.000000000000000000 ) ) ;
#590 = VECTOR ( 'NONE', #1065, 1000.000000000000000 ) ;
#591 = EDGE_LOOP ( 'NONE', ( #4112, #8731, #2291, #4595, #3836, #474, #5139, #4003, #7292, #4386, #1527, #2875, #4452, #7826, #7472, #2738 ) ) ;
#592 = DIRECTION ( 'NONE',  ( 0.000000000000000000, 0.000000000000000000, 1.000000000000000000 ) ) ;
#593 = DIRECTION ( 'NONE',  ( -1.000000000000000000, 0.000000000000000000, 0.000000000000000000 ) ) ;
#594 = CARTESIAN_POINT ( 'NONE',  ( 5.607803620000017197, 8.242592564261618527E-16, -19.25780817680636048 ) ) ;
#595 = EDGE_CURVE ( 'NONE', #3246, #92, #4433, .T. ) ;
#596 = EDGE_CURVE ( 'NONE', #562, #2941, #854, .T. ) ;
#597 = AXIS2_PLACEMENT_3D ( 'NONE', #5270, #2619, #2484 ) ;
#598 = VERTEX_POINT ( 'NONE', #8622 ) ;
#599 = ORIENTED_EDGE ( 'NONE', *, *, #1292, .F. ) ;
#600 = FACE_OUTER_BOUND ( 'NONE', #3812, .T. ) ;
#601 = ORIENTED_EDGE ( 'NONE', *, *, #4411, .T. ) ;
#602 = CARTESIAN_POINT ( 'NONE',  ( 29.47226519898820385, 55.29259629015935218, 1.500000000000000000 ) ) ;
#603 = LINE ( 'NONE', #3243, #5609 ) ;
#604 = VECTOR ( 'NONE', #708, 1000.000000000000114 ) ;
#605 = DIRECTION ( 'NONE',  ( 0.000000000000000000, 0.000000000000000000, -1.000000000000000000 ) ) ;
#606 = VERTEX_POINT ( 'NONE', #5940 ) ;
#607 = EDGE_CURVE ( 'NONE', #1664, #4578, #8667, .T. ) ;
#608 = VERTEX_POINT ( 'NONE', #6739 ) ;
#609 = CARTESIAN_POINT ( 'NONE',  ( 33.46577728767645254, 57.77238103992796425, -1.599999999999997202 ) ) ;
#610 = VERTEX_POINT ( 'NONE', #522 ) ;
#611 = FACE_OUTER_BOUND ( 'NONE', #2525, .T. ) ;
#612 = VERTEX_POINT ( 'NONE', #2494 ) ;
#613 = DIRECTION ( 'NONE',  ( 0.000000000000000000, 0.000000000000000000, -1.000000000000000000 ) ) ;
#614 = CARTESIAN_POINT ( 'NONE',  ( 0.8086633784668232350, 100.0987479083032810, -1.898419459999997505 ) ) ;
#615 = CARTESIAN_POINT ( 'NONE',  ( -0.6838206968647378980, 35.39681374647700096, -1.496672395567841588E-19 ) ) ;
#616 = CARTESIAN_POINT ( 'NONE',  ( 6.107803620000000322, 110.1012896834636337, 0.000000000000000000 ) ) ;
#617 = DIRECTION ( 'NONE',  ( 0.9999998850681163232, 0.0004794410854595740888, 0.000000000000000000 ) ) ;
#618 = CARTESIAN_POINT ( 'NONE',  ( 21.05780361999999428, 62.75000098000001003, 3.500000000000000000 ) ) ;
#619 = EDGE_CURVE ( 'NONE', #5264, #1758, #5365, .T. ) ;
#620 = ORIENTED_EDGE ( 'NONE', *, *, #350, .T. ) ;
#621 = CARTESIAN_POINT ( 'NONE',  ( 29.46847382686193129, 34.55862837873903715, 0.000000000000000000 ) ) ;
#622 = ORIENTED_EDGE ( 'NONE', *, *, #2142, .F. ) ;
#623 = DIRECTION ( 'NONE',  ( -0.000000000000000000, -0.000000000000000000, -1.000000000000000000 ) ) ;
#624 = CARTESIAN_POINT ( 'NONE',  ( -2.416916119837756477E-06, 55.29259500188561560, 2.500000000000000000 ) ) ;
#625 = DIRECTION ( 'NONE',  ( 0.000000000000000000, -1.000000000000000000, -0.000000000000000000 ) ) ;
#626 = CARTESIAN_POINT ( 'NONE',  ( -0.6849765133950896923, 45.34681559616981872, 1.469999999999999973 ) ) ;
#627 = ADVANCED_FACE ( 'NONE', ( #611 ), #3202, .T. ) ;
#628 = CIRCLE ( 'NONE', #5639, 0.5000000000000004441 ) ;
#629 = VERTEX_POINT ( 'NONE', #5277 ) ;
#630 = VERTEX_POINT ( 'NONE', #7364 ) ;
#631 = CARTESIAN_POINT ( 'NONE',  ( 6.107803620000001210, 104.7000009799999987, 2.499999999999998668 ) ) ;
#632 = DIRECTION ( 'NONE',  ( 0.000000000000000000, 0.000000000000000000, 1.000000000000000000 ) ) ;
#633 = ORIENTED_EDGE ( 'NONE', *, *, #4687, .T. ) ;
#634 = DIRECTION ( 'NONE',  ( 1.000000000000000000, 0.000000000000000000, 0.000000000000000000 ) ) ;
#635 = VECTOR ( 'NONE', #943, 1000.000000000000000 ) ;
#636 = DIRECTION ( 'NONE',  ( -1.000000000000000000, 0.000000000000000000, 0.000000000000000000 ) ) ;
#637 = AXIS2_PLACEMENT_3D ( 'NONE', #1691, #2372, #7106 ) ;
#638 = ORIENTED_EDGE ( 'NONE', *, *, #2074, .T. ) ;
#639 = ORIENTED_EDGE ( 'NONE', *, *, #8544, .T. ) ;
#640 = CARTESIAN_POINT ( 'NONE',  ( 31.46847381336823091, 34.55886070361938067, 0.5000000000000000000 ) ) ;
#641 = EDGE_CURVE ( 'NONE', #819, #6415, #8036, .T. ) ;
#642 = ORIENTED_EDGE ( 'NONE', *, *, #2065, .T. ) ;
#643 = DIRECTION ( 'NONE',  ( -0.9999999932531438152, -0.0001161624401737049839, 0.000000000000000000 ) ) ;
#644 = CIRCLE ( 'NONE', #7357, 0.5000000000000004441 ) ;
#645 = ORIENTED_EDGE ( 'NONE', *, *, #176, .T. ) ;
#646 = VERTEX_POINT ( 'NONE', #4645 ) ;
#647 = DIRECTION ( 'NONE',  ( -0.000000000000000000, -0.000000000000000000, -1.000000000000000000 ) ) ;
#648 = VECTOR ( 'NONE', #4689, 1000.000000000000000 ) ;
#649 = ORIENTED_EDGE ( 'NONE', *, *, #3577, .F. ) ;
#650 = EDGE_CURVE ( 'NONE', #6817, #3240, #1672, .T. ) ;
#651 = CARTESIAN_POINT ( 'NONE',  ( 33.46571920645637022, 58.27238103655453472, -5.100000000000000533 ) ) ;
#652 = ORIENTED_EDGE ( 'NONE', *, *, #5832, .F. ) ;
#653 = CARTESIAN_POINT ( 'NONE',  ( 0.8077339944629552404, 108.0994749395621994, -3.998419459999999592 ) ) ;
#654 = FACE_OUTER_BOUND ( 'NONE', #6862, .T. ) ;
#655 = PLANE ( 'NONE',  #5507 ) ;
#656 = EDGE_CURVE ( 'NONE', #5386, #155, #1949, .T. ) ;
#657 = PLANE ( 'NONE',  #2981 ) ;
#658 = DIRECTION ( 'NONE',  ( -8.742277735063196173E-08, 0.9999999999999963363, 0.000000000000000000 ) ) ;
#659 = PLANE ( 'NONE',  #51 ) ;
#660 = EDGE_LOOP ( 'NONE', ( #2630, #1654, #1644, #739 ) ) ;
#661 = FACE_OUTER_BOUND ( 'NONE', #4906, .T. ) ;
#662 = ORIENTED_EDGE ( 'NONE', *, *, #4154, .F. ) ;
#663 = FACE_OUTER_BOUND ( 'NONE', #349, .T. ) ;
#664 = CARTESIAN_POINT ( 'NONE',  ( 29.47226753285273304, 1.400000000000000133, 1.500000000000000000 ) ) ;
#665 = CARTESIAN_POINT ( 'NONE',  ( -0.6813463777081392170, 13.59630493873912727, -1.496672395567841588E-19 ) ) ;
#666 = CARTESIAN_POINT ( 'NONE',  ( 6.107803620000000322, 110.1012896834636337, -19.25780817680636048 ) ) ;
#667 = CARTESIAN_POINT ( 'NONE',  ( 30.96143970264291312, 95.11320414504429266, -1.898419459999999948 ) ) ;
#668 = EDGE_CURVE ( 'NONE', #2986, #4414, #4691, .T. ) ;
#669 = ORIENTED_EDGE ( 'NONE', *, *, #7726, .F. ) ;
#670 = EDGE_CURVE ( 'NONE', #7475, #6700, #5005, .T. ) ;
#671 = EDGE_LOOP ( 'NONE', ( #1352, #4234, #3110, #4747, #3578 ) ) ;
#672 = DIRECTION ( 'NONE',  ( -0.000000000000000000, -0.000000000000000000, -1.000000000000000000 ) ) ;
#673 = CARTESIAN_POINT ( 'NONE',  ( 30.96883807563839497, 31.42303090705048163, 3.000000000000000000 ) ) ;
#674 = ORIENTED_EDGE ( 'NONE', *, *, #7846, .F. ) ;
#675 = CARTESIAN_POINT ( 'NONE',  ( 10.05780362000000139, 48.25000098000001003, 3.500000000000000000 ) ) ;
#676 = CARTESIAN_POINT ( 'NONE',  ( 33.46728115851296792, 44.82610663219202252, 1.319999999999899920 ) ) ;
#677 = LINE ( 'NONE', #2063, #6130 ) ;
#678 = ORIENTED_EDGE ( 'NONE', *, *, #2536, .T. ) ;
#679 = ORIENTED_EDGE ( 'NONE', *, *, #2177, .T. ) ;
#680 = EDGE_LOOP ( 'NONE', ( #5006, #5623, #689, #2293 ) ) ;
#681 = LINE ( 'NONE', #731, #1119 ) ;
#682 = LINE ( 'NONE', #2879, #463 ) ;
#683 = CARTESIAN_POINT ( 'NONE',  ( 27.13280362000000068, 7.550000979999999196, 1.500000000000000000 ) ) ;
#684 = ORIENTED_EDGE ( 'NONE', *, *, #5182, .T. ) ;
#685 = ADVANCED_FACE ( 'NONE', ( #239 ), #6271, .F. ) ;
#686 = ADVANCED_FACE ( 'NONE', ( #5452 ), #5615, .F. ) ;
#687 = AXIS2_PLACEMENT_3D ( 'NONE', #7344, #6847, #5432 ) ;
#688 = ORIENTED_EDGE ( 'NONE', *, *, #1614, .F. ) ;
#689 = ORIENTED_EDGE ( 'NONE', *, *, #670, .F. ) ;
#690 = ORIENTED_EDGE ( 'NONE', *, *, #595, .T. ) ;
#691 = DIRECTION ( 'NONE',  ( 0.9999999932531438152, 0.0001161624401737049839, 0.000000000000000000 ) ) ;
#692 = DIRECTION ( 'NONE',  ( 1.000000000000000000, 0.000000000000000000, -0.000000000000000000 ) ) ;
#693 = DIRECTION ( 'NONE',  ( -0.0001161624401668785082, 0.9999999932531439262, 0.000000000000000000 ) ) ;
#694 = DIRECTION ( 'NONE',  ( 0.000000000000000000, 0.000000000000000000, 1.000000000000000000 ) ) ;
#695 = CARTESIAN_POINT ( 'NONE',  ( 13.86478998223519277, 3.805886980535498232, 1.500000000000001332 ) ) ;
#696 = CIRCLE ( 'NONE', #4, 0.4999999999999995559 ) ;
#697 = ADVANCED_FACE ( 'NONE', ( #5746 ), #4264, .F. ) ;
#698 = VECTOR ( 'NONE', #7660, 1000.000000000000000 ) ;
#699 = ORIENTED_EDGE ( 'NONE', *, *, #8282, .F. ) ;
#700 = DIRECTION ( 'NONE',  ( 0.000000000000000000, 0.000000000000000000, -1.000000000000000000 ) ) ;
#701 = EDGE_LOOP ( 'NONE', ( #4397, #5036, #4660, #4582 ) ) ;
#702 = AXIS2_PLACEMENT_3D ( 'NONE', #1371, #4150, #2805 ) ;
#703 = VECTOR ( 'NONE', #4997, 1000.000000000000000 ) ;
#704 = LINE ( 'NONE', #3439, #72 ) ;
#705 = DIRECTION ( 'NONE',  ( 1.000000000000000000, 0.000000000000000000, 0.000000000000000000 ) ) ;
#706 = CARTESIAN_POINT ( 'NONE',  ( 28.13280362000000068, 7.550000979999999196, 3.500000000000000000 ) ) ;
#707 = VECTOR ( 'NONE', #2713, 1000.000000000000000 ) ;
#708 = DIRECTION ( 'NONE',  ( 0.0001161624401737789265, -0.9999999932531437041, 0.000000000000000000 ) ) ;
#709 = CYLINDRICAL_SURFACE ( 'NONE', #5882, 0.5000000000000004441 ) ;
#710 = VECTOR ( 'NONE', #2576, 1000.000000000000000 ) ;
#711 = EDGE_CURVE ( 'NONE', #3252, #5617, #5859, .T. ) ;
#712 = VECTOR ( 'NONE', #269, 1000.000000000000000 ) ;
#713 =( BOUNDED_SURFACE ( )  B_SPLINE_SURFACE ( 3, 2, ( 
 ( #1694, #8640, #6619 ),
 ( #451, #1247, #3177 ),
 ( #3810, #7966, #8008 ),
 ( #1204, #3267, #536 ),
 ( #3128, #5216, #8730 ),
 ( #2603, #3987, #1877 ) ),
 .UNSPECIFIED., .F., .F., .F. ) 
 B_SPLINE_SURFACE_WITH_KNOTS ( ( 4, 2, 4 ),
 ( 3, 3 ),
 ( 3.141592653589793116, 3.926990816987241395, 4.712388980384689674 ),
 ( 0.000000000000000000, 1.000000000000000000 ),
 .UNSPECIFIED. ) 
 GEOMETRIC_REPRESENTATION_ITEM ( )  RATIONAL_B_SPLINE_SURFACE ( (
 ( 1.000000000000000000, 0.7070657103682242983, 1.000000000000000000),
 ( 1.000000000000000000, 0.7070656355953836014, 1.000000000000000000),
 ( 1.000000000000000000, 0.7070701368547324117, 1.000000000000000000),
 ( 1.000000000000000000, 0.7070853431041460579, 1.000000000000000000),
 ( 1.000000000000000000, 0.7070959989984363370, 1.000000000000000000),
 ( 1.000000000000000000, 0.7071067811865573427, 1.000000000000000000) ) ) 
 REPRESENTATION_ITEM ( '' )  SURFACE ( )  );
#714 = ORIENTED_EDGE ( 'NONE', *, *, #8255, .T. ) ;
#715 = ORIENTED_EDGE ( 'NONE', *, *, #2310, .T. ) ;
#716 = CARTESIAN_POINT ( 'NONE',  ( 25.50780361999599677, 48.01559589207970902, 3.500000000000000000 ) ) ;
#717 = CARTESIAN_POINT ( 'NONE',  ( 25.00780361999600032, 31.42291396461827091, 3.000000000000000000 ) ) ;
#718 = AXIS2_PLACEMENT_3D ( 'NONE', #8836, #2160, #6816 ) ;
#719 = VERTEX_POINT ( 'NONE', #5077 ) ;
#720 = CARTESIAN_POINT ( 'NONE',  ( 32.45992961104521157, 108.1128339108497727, 2.500000000000002220 ) ) ;
#721 = DIRECTION ( 'NONE',  ( 1.000000000000000000, 0.000000000000000000, 0.000000000000000000 ) ) ;
#722 = AXIS2_PLACEMENT_3D ( 'NONE', #1544, #6301, #6253 ) ;
#723 = FACE_OUTER_BOUND ( 'NONE', #4502, .T. ) ;
#724 = FACE_OUTER_BOUND ( 'NONE', #8541, .T. ) ;
#725 = EDGE_CURVE ( 'NONE', #2245, #1045, #1562, .T. ) ;
#726 = EDGE_CURVE ( 'NONE', #6916, #1937, #7749, .T. ) ;
#727 = ORIENTED_EDGE ( 'NONE', *, *, #5172, .T. ) ;
#728 = CIRCLE ( 'NONE', #1869, 0.5000000000000000000 ) ;
#729 = ORIENTED_EDGE ( 'NONE', *, *, #8099, .F. ) ;
#730 = ORIENTED_EDGE ( 'NONE', *, *, #3003, .T. ) ;
#731 = CARTESIAN_POINT ( 'NONE',  ( -0.6849765131654124151, 45.34681361896142704, -0.03000000000000112299 ) ) ;
#732 = LINE ( 'NONE', #3468, #5197 ) ;
#733 = VECTOR ( 'NONE', #977, 1000.000000000000000 ) ;
#734 = LINE ( 'NONE', #3469, #4012 ) ;
#735 = ORIENTED_EDGE ( 'NONE', *, *, #1743, .T. ) ;
#736 = AXIS2_PLACEMENT_3D ( 'NONE', #5713, #1667, #4998 ) ;
#737 = ADVANCED_FACE ( 'NONE', ( #6982 ), #7663, .T. ) ;
#738 = CIRCLE ( 'NONE', #1018, 0.5000000000000023315 ) ;
#739 = ORIENTED_EDGE ( 'NONE', *, *, #5820, .F. ) ;
#740 = ORIENTED_EDGE ( 'NONE', *, *, #5690, .F. ) ;
#741 = CIRCLE ( 'NONE', #3460, 1.000000000000000222 ) ;
#742 = ORIENTED_EDGE ( 'NONE', *, *, #4214, .T. ) ;
#743 = DIRECTION ( 'NONE',  ( -0.000000000000000000, 1.000000000000000000, -0.000000000000000000 ) ) ;
#744 = LINE ( 'NONE', #2081, #4748 ) ;
#745 = CARTESIAN_POINT ( 'NONE',  ( 32.45992961104521157, 108.1128339108497585, -2.998419460000000480 ) ) ;
#746 = DIRECTION ( 'NONE',  ( 0.000000000000000000, -1.000000000000000000, 0.000000000000000000 ) ) ;
#747 = CARTESIAN_POINT ( 'NONE',  ( 0.8187116933930678186, 13.59647918577701375, -2.098419372125612359 ) ) ;
#748 = AXIS2_PLACEMENT_3D ( 'NONE', #3799, #7098, #2542 ) ;
#749 = VECTOR ( 'NONE', #6485, 1000.000000000000000 ) ;
#750 = VERTEX_POINT ( 'NONE', #857 ) ;
#751 = CARTESIAN_POINT ( 'NONE',  ( 0.000000000000000000, 45.89706200000000536, 21.25407275812202812 ) ) ;
#752 = EDGE_LOOP ( 'NONE', ( #4361, #6926, #6437, #4588, #8030 ) ) ;
#753 = DIRECTION ( 'NONE',  ( -1.000000000000000000, 0.000000000000000000, 0.000000000000000000 ) ) ;
#754 = LINE ( 'NONE', #4886, #4306 ) ;
#755 = CARTESIAN_POINT ( 'NONE',  ( 25.34242751537831495, 30.48645745784867245, 3.495945784126253120 ) ) ;
#756 = ADVANCED_FACE ( 'NONE', ( #8345 ), #1552, .F. ) ;
#757 = VECTOR ( 'NONE', #8628, 1000.000000000000000 ) ;
#758 = ADVANCED_FACE ( 'NONE', ( #6318 ), #2919, .T. ) ;
#759 = CARTESIAN_POINT ( 'NONE',  ( -0.6807946061072966959, 9.346304999460837593, -2.098418713067609076 ) ) ;
#760 = DIRECTION ( 'NONE',  ( -0.9999998850681161011, -0.0004794410854595740346, -0.000000000000000000 ) ) ;
#761 = VECTOR ( 'NONE', #3840, 1000.000000000000000 ) ;
#762 = ORIENTED_EDGE ( 'NONE', *, *, #8452, .T. ) ;
#763 = EDGE_LOOP ( 'NONE', ( #7845, #3870, #333, #2420 ) ) ;
#764 = FACE_OUTER_BOUND ( 'NONE', #219, .T. ) ;
#765 = CARTESIAN_POINT ( 'NONE',  ( 2.820070398492506403, -2.100000000000000089, 2.500000000000000000 ) ) ;
#766 = ADVANCED_FACE ( 'NONE', ( #8429 ), #2284, .T. ) ;
#767 = ORIENTED_EDGE ( 'NONE', *, *, #176, .F. ) ;
#768 = LINE ( 'NONE', #6224, #1402 ) ;
#769 = EDGE_CURVE ( 'NONE', #5161, #1493, #7246, .T. ) ;
#770 = VECTOR ( 'NONE', #2263, 1000.000000000000000 ) ;
#771 = DIRECTION ( 'NONE',  ( -0.000000000000000000, -0.000000000000000000, -1.000000000000000000 ) ) ;
#772 = DIRECTION ( 'NONE',  ( -0.9999999932531438152, -0.0001161624401668784947, 0.000000000000000000 ) ) ;
#773 = AXIS2_PLACEMENT_3D ( 'NONE', #4455, #7219, #4404 ) ;
#774 =( BOUNDED_CURVE ( )  B_SPLINE_CURVE ( 3, ( #3534, #2098, #196, #6261 ),
 .UNSPECIFIED., .F., .T. ) 
 B_SPLINE_CURVE_WITH_KNOTS ( ( 4, 4 ),
 ( 1.570796326794896558, 1.570912401811764836 ),
 .UNSPECIFIED. ) 
 CURVE ( )  GEOMETRIC_REPRESENTATION_ITEM ( )  RATIONAL_B_SPLINE_CURVE ( ( 1.000000000000000000, 0.9999999988772156900, 0.9999999988772156900, 1.000000000000000000 ) ) 
 REPRESENTATION_ITEM ( '' )  );
#775 = ORIENTED_EDGE ( 'NONE', *, *, #8691, .F. ) ;
#776 = VERTEX_POINT ( 'NONE', #326 ) ;
#777 = CARTESIAN_POINT ( 'NONE',  ( -5.406733191089808425E-06, 30.92290950469130806, 1.500000000000000000 ) ) ;
#778 = ORIENTED_EDGE ( 'NONE', *, *, #8234, .T. ) ;
#779 = PRODUCT_DEFINITION ( 'UNKNOWN', '', #2224, #4524 ) ;
#780 = CARTESIAN_POINT ( 'NONE',  ( 2.806295657712862823, 111.0997069196525189, 2.500000000000002220 ) ) ;
#781 = CARTESIAN_POINT ( 'NONE',  ( 30.97248786666990483, 0.003597839793141912636, 3.426814665646245039 ) ) ;
#782 = VERTEX_POINT ( 'NONE', #1036 ) ;
#783 = VECTOR ( 'NONE', #2540, 1000.000000000000000 ) ;
#784 = VECTOR ( 'NONE', #1742, 1000.000000000000227 ) ;
#785 = ORIENTED_EDGE ( 'NONE', *, *, #4975, .T. ) ;
#786 = DIRECTION ( 'NONE',  ( -0.000000000000000000, -0.000000000000000000, -1.000000000000000000 ) ) ;
#787 = ORIENTED_EDGE ( 'NONE', *, *, #8544, .F. ) ;
#788 = ORIENTED_EDGE ( 'NONE', *, *, #1936, .F. ) ;
#789 = EDGE_CURVE ( 'NONE', #5783, #1758, #572, .T. ) ;
#790 = CARTESIAN_POINT ( 'NONE',  ( 29.96883808238525404, 31.42291474461031342, 3.500000000000000000 ) ) ;
#791 = CIRCLE ( 'NONE', #94, 0.5000000000000019984 ) ;
#792 = DIRECTION ( 'NONE',  ( -1.000000000000000000, 0.000000000000000000, 0.000000000000000000 ) ) ;
#793 = CYLINDRICAL_SURFACE ( 'NONE', #7783, 0.5000000000000004441 ) ;
#794 = DIRECTION ( 'NONE',  ( 0.000000000000000000, -0.000000000000000000, -1.000000000000000000 ) ) ;
#795 = LINE ( 'NONE', #7679, #6336 ) ;
#796 = VECTOR ( 'NONE', #8364, 1000.000000000000000 ) ;
#797 = VERTEX_POINT ( 'NONE', #5173 ) ;
#798 = CYLINDRICAL_SURFACE ( 'NONE', #5381, 0.5000000000000004441 ) ;
#799 = ORIENTED_EDGE ( 'NONE', *, *, #2889, .F. ) ;
#800 = CARTESIAN_POINT ( 'NONE',  ( 2.820070398492491304, 0.9000000000000002442, 117.8988879368424563 ) ) ;
#801 = CARTESIAN_POINT ( 'NONE',  ( 10.76479015296693476, -0.5999999999999994227, 2.500000000000000000 ) ) ;
#802 = CIRCLE ( 'NONE', #5947, 0.9999999999999974465 ) ;
#803 = DIRECTION ( 'NONE',  ( 1.000000000000000000, 0.000000000000000000, -0.000000000000000000 ) ) ;
#804 = CARTESIAN_POINT ( 'NONE',  ( 26.64836102379999971, 90.90681127924001714, 1.500000000000001332 ) ) ;
#805 = EDGE_CURVE ( 'NONE', #2579, #2683, #3135, .T. ) ;
#806 = VERTEX_POINT ( 'NONE', #5961 ) ;
#807 = CARTESIAN_POINT ( 'NONE',  ( 1.816446464785339998, 33.09706199999999399, 1.000000000000000444 ) ) ;
#808 = LINE ( 'NONE', #4893, #26 ) ;
#809 = DIRECTION ( 'NONE',  ( -0.0001161624401737789265, 0.9999999932531437041, 0.000000000000000000 ) ) ;
#810 = ORIENTED_EDGE ( 'NONE', *, *, #2137, .F. ) ;
#811 = DIRECTION ( 'NONE',  ( 0.000000000000000000, 0.000000000000000000, 1.000000000000000000 ) ) ;
#812 = CARTESIAN_POINT ( 'NONE',  ( 23.63280361999999712, 75.15143637488998252, 3.000000000000000000 ) ) ;
#813 = CARTESIAN_POINT ( 'NONE',  ( 15.20325953999999946, 45.39706200000000536, 1.999999999999998224 ) ) ;
#814 = DIRECTION ( 'NONE',  ( 0.000000000000000000, 0.000000000000000000, 1.000000000000000000 ) ) ;
#815 = ADVANCED_FACE ( 'NONE', ( #3768 ), #7838, .T. ) ;
#816 = ORIENTED_EDGE ( 'NONE', *, *, #4412, .F. ) ;
#817 = ORIENTED_EDGE ( 'NONE', *, *, #2164, .T. ) ;
#818 = DIRECTION ( 'NONE',  ( 1.000000000000000000, 0.000000000000000000, 0.000000000000000000 ) ) ;
#819 = VERTEX_POINT ( 'NONE', #4395 ) ;
#820 = CARTESIAN_POINT ( 'NONE',  ( 30.96842068490750677, 35.01619516436538504, 0.7019704427157941184 ) ) ;
#821 = CARTESIAN_POINT ( 'NONE',  ( 21.73782777283723533, 1.400000000000000133, 1.000000000000000888 ) ) ;
#822 = CARTESIAN_POINT ( 'NONE',  ( 21.05780361999999428, 47.25000098000001003, 3.000000000000000000 ) ) ;
#823 = ORIENTED_EDGE ( 'NONE', *, *, #970, .F. ) ;
#824 = ORIENTED_EDGE ( 'NONE', *, *, #8456, .F. ) ;
#825 = CARTESIAN_POINT ( 'NONE',  ( -0.6813463777081392170, 13.59630493873912727, -2.998419460000012471 ) ) ;
#826 = VERTEX_POINT ( 'NONE', #7161 ) ;
#827 = ORIENTED_EDGE ( 'NONE', *, *, #8252, .T. ) ;
#828 = LINE ( 'NONE', #6289, #2415 ) ;
#829 = FACE_OUTER_BOUND ( 'NONE', #5486, .T. ) ;
#830 = CARTESIAN_POINT ( 'NONE',  ( 2.820070398492477537, 1.900000000000000577, 2.500000000000002220 ) ) ;
#831 = EDGE_CURVE ( 'NONE', #2488, #8621, #6622, .T. ) ;
#832 = CARTESIAN_POINT ( 'NONE',  ( 0.000000000000000000, 47.75000098000001003, 1.500000000000000000 ) ) ;
#833 = CARTESIAN_POINT ( 'NONE',  ( 2.820070398492491304, -0.09999999999999982514, 122.8571184009966686 ) ) ;
#834 = EDGE_CURVE ( 'NONE', #4029, #5199, #1394, .T. ) ;
#835 = ORIENTED_EDGE ( 'NONE', *, *, #6338, .T. ) ;
#836 = LINE ( 'NONE', #8325, #5937 ) ;
#837 = CARTESIAN_POINT ( 'NONE',  ( 29.45992963128577458, 108.1124854235292645, 117.8988879368424563 ) ) ;
#838 = CARTESIAN_POINT ( 'NONE',  ( 9.207803619999999967, 105.2000009799999987, -19.25780817680636048 ) ) ;
#839 = LINE ( 'NONE', #3574, #1643 ) ;
#840 = EDGE_CURVE ( 'NONE', #7669, #1199, #8436, .T. ) ;
#841 = AXIS2_PLACEMENT_3D ( 'NONE', #3404, #4765, #1970 ) ;
#842 = DIRECTION ( 'NONE',  ( -0.0001161624429838521320, 0.9999999932531434821, 0.000000000000000000 ) ) ;
#843 = DIRECTION ( 'NONE',  ( 0.000000000000000000, 0.000000000000000000, -1.000000000000000000 ) ) ;
#844 = CIRCLE ( 'NONE', #11, 0.5000000000000004441 ) ;
#845 = AXIS2_PLACEMENT_3D ( 'NONE', #3163, #5325, #1232 ) ;
#846 = ORIENTED_EDGE ( 'NONE', *, *, #8822, .T. ) ;
#847 = DIRECTION ( 'NONE',  ( -0.000000000000000000, -0.000000000000000000, -1.000000000000000000 ) ) ;
#848 = CARTESIAN_POINT ( 'NONE',  ( -0.1806784470377415519, 8.346363087429184091, -2.998419460000012471 ) ) ;
#849 = DIRECTION ( 'NONE',  ( -1.000000000000000000, 0.000000000000000000, -0.000000000000000000 ) ) ;
#850 = CARTESIAN_POINT ( 'NONE',  ( 22.23782779072455895, -0.09999999999999896472, 2.499999999999998668 ) ) ;
#851 = CARTESIAN_POINT ( 'NONE',  ( 25.50780370741878400, 30.92291396461828157, 1.500000000000000000 ) ) ;
#852 = AXIS2_PLACEMENT_3D ( 'NONE', #5232, #7945, #1808 ) ;
#853 = FACE_OUTER_BOUND ( 'NONE', #6995, .T. ) ;
#854 = CIRCLE ( 'NONE', #7134, 0.5000000000000000000 ) ;
#855 = EDGE_CURVE ( 'NONE', #8308, #8825, #2134, .T. ) ;
#856 = ORIENTED_EDGE ( 'NONE', *, *, #5526, .F. ) ;
#857 = CARTESIAN_POINT ( 'NONE',  ( 30.96691062924898930, 48.01571244434740038, 3.500000000000000000 ) ) ;
#858 = CIRCLE ( 'NONE', #6145, 0.5000000000000004441 ) ;
#859 = ORIENTED_EDGE ( 'NONE', *, *, #2896, .T. ) ;
#860 = CARTESIAN_POINT ( 'NONE',  ( -0.6813463777081392170, 13.59630493873912727, -2.098419372125607030 ) ) ;
#861 = DIRECTION ( 'NONE',  ( 0.000000000000000000, 0.000000000000000000, -1.000000000000000000 ) ) ;
#862 = EDGE_CURVE ( 'NONE', #1199, #6250, #7970, .T. ) ;
#863 = DIRECTION ( 'NONE',  ( 0.0001161624429836354000, -0.9999999932531434821, 0.000000000000000000 ) ) ;
#864 = ADVANCED_FACE ( 'NONE', ( #3856 ), #5719, .T. ) ;
#865 = ORIENTED_EDGE ( 'NONE', *, *, #3170, .F. ) ;
#866 = VECTOR ( 'NONE', #375, 1000.000000000000000 ) ;
#867 = AXIS2_PLACEMENT_3D ( 'NONE', #6123, #13, #4115 ) ;
#868 = ORIENTED_EDGE ( 'NONE', *, *, #3054, .T. ) ;
#869 = PRODUCT_CONTEXT ( 'NONE', #2141, 'mechanical' ) ;
#870 = VERTEX_POINT ( 'NONE', #8685 ) ;
#871 = VECTOR ( 'NONE', #6226, 1000.000000000000000 ) ;
#872 = ORIENTED_EDGE ( 'NONE', *, *, #7806, .T. ) ;
#873 = CARTESIAN_POINT ( 'NONE',  ( 30.97248786666990483, 0.003597839793141912636, -1.898419459999999948 ) ) ;
#874 = CARTESIAN_POINT ( 'NONE',  ( 33.46571920645637022, 58.27238103655453472, -2.099999999999997424 ) ) ;
#875 = FACE_OUTER_BOUND ( 'NONE', #1256, .T. ) ;
#876 = VECTOR ( 'NONE', #5544, 1000.000000000000000 ) ;
#877 = CARTESIAN_POINT ( 'NONE',  ( 1.320291046206874208, 0.0001533682344116208914, -2.998419460000000480 ) ) ;
#878 = LINE ( 'NONE', #4331, #5059 ) ;
#879 = ADVANCED_FACE ( 'NONE', ( #7209 ), #3045, .F. ) ;
#880 = VECTOR ( 'NONE', #4078, 1000.000000000000114 ) ;
#881 = ORIENTED_EDGE ( 'NONE', *, *, #910, .F. ) ;
#882 = DIRECTION ( 'NONE',  ( -0.000000000000000000, -0.000000000000000000, 1.000000000000000000 ) ) ;
#883 = VERTEX_POINT ( 'NONE', #6537 ) ;
#884 = DIRECTION ( 'NONE',  ( -0.0001161624429837051413, 0.9999999932531435931, 5.433278761794396123E-39 ) ) ;
#885 = CARTESIAN_POINT ( 'NONE',  ( 14.70325953999999946, 33.09706199999999399, 2.000000000000001776 ) ) ;
#886 = CARTESIAN_POINT ( 'NONE',  ( 29.47226753285274015, 32.59706199999999399, 1.500000000000000000 ) ) ;
#887 = CARTESIAN_POINT ( 'NONE',  ( 10.26479010925554469, 0.9000000000000002442, 1.000000000000000888 ) ) ;
#888 = AXIS2_PLACEMENT_3D ( 'NONE', #4754, #2004, #3816 ) ;
#889 = DIRECTION ( 'NONE',  ( 0.000000000000000000, 0.000000000000000000, 1.000000000000000000 ) ) ;
#890 = EDGE_CURVE ( 'NONE', #546, #6972, #6285, .T. ) ;
#891 = EDGE_CURVE ( 'NONE', #4914, #776, #7861, .T. ) ;
#892 = ORIENTED_EDGE ( 'NONE', *, *, #5584, .F. ) ;
#893 = CIRCLE ( 'NONE', #4473, 0.5000000000000004441 ) ;
#894 = AXIS2_PLACEMENT_3D ( 'NONE', #3352, #6088, #2732 ) ;
#895 = CARTESIAN_POINT ( 'NONE',  ( 0.9560763199999999795, 2.009813100000000130, 0.000000000000000000 ) ) ;
#896 = CARTESIAN_POINT ( 'NONE',  ( 30.96825810149546498, 36.41581633883156144, 1.319999995681911509 ) ) ;
#897 = CARTESIAN_POINT ( 'NONE',  ( 29.96883808238525404, 31.42291474461031342, 3.500000000000000000 ) ) ;
#898 = EDGE_CURVE ( 'NONE', #7689, #6143, #3708, .T. ) ;
#899 = CARTESIAN_POINT ( 'NONE',  ( 31.46847381336823091, 34.55886070361938067, 0.000000000000000000 ) ) ;
#900 = VECTOR ( 'NONE', #1067, 1000.000000000000000 ) ;
#901 = VERTEX_POINT ( 'NONE', #8644 ) ;
#902 = AXIS2_PLACEMENT_3D ( 'NONE', #2000, #7465, #1505 ) ;
#903 = ORIENTED_EDGE ( 'NONE', *, *, #4678, .T. ) ;
#904 = DIRECTION ( 'NONE',  ( -0.0004794410854596671675, 0.9999998850681163232, 0.000000000000000000 ) ) ;
#905 = FACE_OUTER_BOUND ( 'NONE', #1365, .T. ) ;
#906 = CARTESIAN_POINT ( 'NONE',  ( 22.23782779072455895, -0.5999999999999989786, 0.000000000000000000 ) ) ;
#907 = ORIENTED_EDGE ( 'NONE', *, *, #1978, .F. ) ;
#908 = VECTOR ( 'NONE', #158, 1000.000000000000114 ) ;
#909 = ORIENTED_EDGE ( 'NONE', *, *, #1772, .F. ) ;
#910 = EDGE_CURVE ( 'NONE', #8323, #420, #5257, .T. ) ;
#911 = EDGE_LOOP ( 'NONE', ( #5479, #3901, #6241, #2712 ) ) ;
#912 = ORIENTED_EDGE ( 'NONE', *, *, #6818, .T. ) ;
#913 = VERTEX_POINT ( 'NONE', #6093 ) ;
#914 = FACE_OUTER_BOUND ( 'NONE', #7649, .T. ) ;
#915 = DIRECTION ( 'NONE',  ( 0.9999999932531437041, 0.0001161624401737049704, 0.000000000000000000 ) ) ;
#916 = FACE_OUTER_BOUND ( 'NONE', #554, .T. ) ;
#917 = DIRECTION ( 'NONE',  ( 0.000000000000000000, 0.000000000000000000, 1.000000000000000000 ) ) ;
#918 = VECTOR ( 'NONE', #3428, 1000.000000000000000 ) ;
#919 = ORIENTED_EDGE ( 'NONE', *, *, #5508, .F. ) ;
#920 = EDGE_CURVE ( 'NONE', #6771, #6465, #6853, .T. ) ;
#921 = ORIENTED_EDGE ( 'NONE', *, *, #2682, .F. ) ;
#922 = CARTESIAN_POINT ( 'NONE',  ( 32.96825808800176105, 36.41604866371191207, 1.319999995681911509 ) ) ;
#923 = AXIS2_PLACEMENT_3D ( 'NONE', #1099, #3784, #721 ) ;
#924 = AXIS2_PLACEMENT_3D ( 'NONE', #4076, #6124, #58 ) ;
#925 = ORIENTED_EDGE ( 'NONE', *, *, #6967, .T. ) ;
#926 = ADVANCED_FACE ( 'NONE', ( #1929 ), #3316, .T. ) ;
#927 = FACE_OUTER_BOUND ( 'NONE', #2238, .T. ) ;
#928 = ORIENTED_EDGE ( 'NONE', *, *, #2305, .F. ) ;
#929 = DIRECTION ( 'NONE',  ( 0.000000000000000000, 0.000000000000000000, 1.000000000000000000 ) ) ;
#930 = CARTESIAN_POINT ( 'NONE',  ( 2.820070398492477537, 1.900000000000000577, 3.500000000000000000 ) ) ;
#931 = CARTESIAN_POINT ( 'NONE',  ( 9.557803619999999611, 62.75000098000001003, 3.000000000000000000 ) ) ;
#932 = DIRECTION ( 'NONE',  ( 1.000000000000000000, 0.000000000000000000, 0.000000000000000000 ) ) ;
#933 = CYLINDRICAL_SURFACE ( 'NONE', #5330, 0.5000000000000004441 ) ;
#934 = CIRCLE ( 'NONE', #4657, 1.529999995682009173 ) ;
#935 = ORIENTED_EDGE ( 'NONE', *, *, #8106, .T. ) ;
#936 = CARTESIAN_POINT ( 'NONE',  ( 25.71620372915417363, 30.48645749052805343, 3.495945788313328251 ) ) ;
#937 = PLANE ( 'NONE',  #637 ) ;
#938 = DIRECTION ( 'NONE',  ( -0.000000000000000000, -0.000000000000000000, -1.000000000000000000 ) ) ;
#939 = CARTESIAN_POINT ( 'NONE',  ( 30.46687661256266466, 48.30852062422207638, 1.292866263070691080 ) ) ;
#940 = CARTESIAN_POINT ( 'NONE',  ( 10.05780361999999961, 63.25000098000001003, 3.000000000000000000 ) ) ;
#941 = ADVANCED_FACE ( 'NONE', ( #6761 ), #2571, .T. ) ;
#942 = ORIENTED_EDGE ( 'NONE', *, *, #6196, .T. ) ;
#943 = DIRECTION ( 'NONE',  ( -0.000000000000000000, -0.000000000000000000, -1.000000000000000000 ) ) ;
#944 = LINE ( 'NONE', #1483, #3407 ) ;
#945 = CARTESIAN_POINT ( 'NONE',  ( 29.47226753285274015, 1.900000000000000133, 0.9999999999999731326 ) ) ;
#946 = CARTESIAN_POINT ( 'NONE',  ( 0.000000000000000000, 75.15143637488998252, 3.000000000000000000 ) ) ;
#947 = VERTEX_POINT ( 'NONE', #3952 ) ;
#948 = ORIENTED_EDGE ( 'NONE', *, *, #5475, .T. ) ;
#949 = ORIENTED_EDGE ( 'NONE', *, *, #8416, .T. ) ;
#950 = EDGE_LOOP ( 'NONE', ( #8497, #1285, #2127, #7004 ) ) ;
#951 = ORIENTED_EDGE ( 'NONE', *, *, #7726, .T. ) ;
#952 = CARTESIAN_POINT ( 'NONE',  ( 29.47226753285272949, -1.099999999999999867, -3.998419460000000480 ) ) ;
#953 = CARTESIAN_POINT ( 'NONE',  ( 8.132803620000000677, 74.15143637488998252, 1.500000000000000000 ) ) ;
#954 = DIRECTION ( 'NONE',  ( -1.000000000000000000, 0.000000000000000000, 0.000000000000000000 ) ) ;
#955 = DIRECTION ( 'NONE',  ( -0.9999999932531434821, -0.0001161624429838024349, 0.000000000000000000 ) ) ;
#956 = ORIENTED_EDGE ( 'NONE', *, *, #7303, .T. ) ;
#957 = ADVANCED_FACE ( 'NONE', ( #8100 ), #990, .T. ) ;
#958 = EDGE_CURVE ( 'NONE', #7803, #2341, #8734, .T. ) ;
#959 = ORIENTED_EDGE ( 'NONE', *, *, #3792, .T. ) ;
#960 = CYLINDRICAL_SURFACE ( 'NONE', #5655, 0.5000000000000011102 ) ;
#961 = ORIENTED_EDGE ( 'NONE', *, *, #4461, .T. ) ;
#962 = CARTESIAN_POINT ( 'NONE',  ( 0.8192053837622104151, 9.346479330999676094, -1.598418713067622621 ) ) ;
#963 = ORIENTED_EDGE ( 'NONE', *, *, #2310, .F. ) ;
#964 = LINE ( 'NONE', #438, #8171 ) ;
#965 = DIRECTION ( 'NONE',  ( 0.000000000000000000, 1.000000000000000000, 1.158689342253971313E-16 ) ) ;
#966 = CARTESIAN_POINT ( 'NONE',  ( -0.1799295812669531869, 1.899651512671046483, -3.998419460000000480 ) ) ;
#967 = EDGE_CURVE ( 'NONE', #6934, #6041, #8724, .T. ) ;
#968 = CARTESIAN_POINT ( 'NONE',  ( 24.50780361999599677, 48.01559589207970902, 3.000000000000000000 ) ) ;
#969 = EDGE_CURVE ( 'NONE', #3240, #8017, #4152, .T. ) ;
#970 = EDGE_CURVE ( 'NONE', #7524, #3083, #2011, .T. ) ;
#971 = ORIENTED_EDGE ( 'NONE', *, *, #2901, .T. ) ;
#972 = AXIS2_PLACEMENT_3D ( 'NONE', #675, #8103, #3319 ) ;
#973 = CYLINDRICAL_SURFACE ( 'NONE', #5732, 4.000000000000001776 ) ;
#974 = FACE_OUTER_BOUND ( 'NONE', #4155, .T. ) ;
#975 = AXIS2_PLACEMENT_3D ( 'NONE', #28, #4814, #6977 ) ;
#976 = DIRECTION ( 'NONE',  ( 1.000000000000000000, 0.000000000000000000, 0.000000000000000000 ) ) ;
#977 = DIRECTION ( 'NONE',  ( 1.000000000000000000, -0.000000000000000000, 0.000000000000000000 ) ) ;
#978 = CARTESIAN_POINT ( 'NONE',  ( 0.000000000000000000, 47.75000098000001003, 1.500000000000000000 ) ) ;
#979 = CIRCLE ( 'NONE', #3419, 1.000000000000000888 ) ;
#980 = ADVANCED_FACE ( 'NONE', ( #4621 ), #1712, .T. ) ;
#981 = CIRCLE ( 'NONE', #2126, 0.5000000000000004441 ) ;
#982 = ORIENTED_EDGE ( 'NONE', *, *, #2731, .F. ) ;
#983 = CARTESIAN_POINT ( 'NONE',  ( 1.814901497536368424, 46.39712008122149456, 1.000000000000000888 ) ) ;
#984 = CARTESIAN_POINT ( 'NONE',  ( 1.816504539260360263, 32.59712008122149030, 1.000000000000000888 ) ) ;
#985 = AXIS2_PLACEMENT_3D ( 'NONE', #7260, #1139, #1850 ) ;
#986 = VECTOR ( 'NONE', #4147, 1000.000000000000000 ) ;
#987 = ORIENTED_EDGE ( 'NONE', *, *, #4971, .T. ) ;
#988 = CARTESIAN_POINT ( 'NONE',  ( 27.14836102379999971, 0.000000000000000000, -19.25780817680636048 ) ) ;
#989 = DIRECTION ( 'NONE',  ( -3.278353443883031614E-13, 2.822214665131675072E-09, 1.000000000000000000 ) ) ;
#990 = TOROIDAL_SURFACE ( 'NONE', #5592, 1.000000000000000000, 0.5000000000000000000 ) ;
#991 = CARTESIAN_POINT ( 'NONE',  ( 10.05780361999999961, 62.25000098000001003, 3.000000000000000000 ) ) ;
#992 = EDGE_CURVE ( 'NONE', #1721, #8353, #4762, .T. ) ;
#993 = ORIENTED_EDGE ( 'NONE', *, *, #5387, .T. ) ;
#994 = EDGE_CURVE ( 'NONE', #1207, #1491, #6666, .T. ) ;
#995 = VERTEX_POINT ( 'NONE', #4671 ) ;
#996 = ORIENTED_EDGE ( 'NONE', *, *, #992, .T. ) ;
#997 = AXIS2_PLACEMENT_3D ( 'NONE', #5650, #5607, #6309 ) ;
#998 = ORIENTED_EDGE ( 'NONE', *, *, #3668, .F. ) ;
#999 = CARTESIAN_POINT ( 'NONE',  ( 30.96751698513315887, 42.79581624410570129, 1.319999995681913063 ) ) ;
#1000 = VERTEX_POINT ( 'NONE', #8058 ) ;
#1001 = DIRECTION ( 'NONE',  ( 0.9999999932531437041, 0.0001161624401737049704, -0.000000000000000000 ) ) ;
#1002 = CARTESIAN_POINT ( 'NONE',  ( 4.632803619999999789, 7.550000979999999196, 3.000000000000000000 ) ) ;
#1003 = CARTESIAN_POINT ( 'NONE',  ( 6.107563899457272072, 110.6012896259977083, 2.500000000000000000 ) ) ;
#1004 = VECTOR ( 'NONE', #1755, 1000.000000000000000 ) ;
#1005 = DIRECTION ( 'NONE',  ( 1.000000000000000000, 0.000000000000000000, 0.000000000000000000 ) ) ;
#1006 = EDGE_CURVE ( 'NONE', #1452, #870, #4807, .T. ) ;
#1007 = ORIENTED_EDGE ( 'NONE', *, *, #7382, .T. ) ;
#1008 = VECTOR ( 'NONE', #7021, 1000.000000000000000 ) ;
#1009 = ORIENTED_EDGE ( 'NONE', *, *, #555, .T. ) ;
#1010 = DIRECTION ( 'NONE',  ( 1.000000000000000000, 0.000000000000000000, 0.000000000000000000 ) ) ;
#1011 = ORIENTED_EDGE ( 'NONE', *, *, #7372, .F. ) ;
#1012 = CARTESIAN_POINT ( 'NONE',  ( 2.820070398492477537, 1.900000000000000577, 1.500000000000000000 ) ) ;
#1013 = ORIENTED_EDGE ( 'NONE', *, *, #769, .F. ) ;
#1014 = CARTESIAN_POINT ( 'NONE',  ( 29.47226753285272949, -1.099999999999999867, 3.500000000000000000 ) ) ;
#1015 = CARTESIAN_POINT ( 'NONE',  ( 15.20325953999999946, 33.59706199999999399, 2.500000000000000000 ) ) ;
#1016 = DIRECTION ( 'NONE',  ( -0.000000000000000000, -0.000000000000000000, 1.000000000000000000 ) ) ;
#1017 = CARTESIAN_POINT ( 'NONE',  ( 27.63280362000000068, 7.550000979999999196, 3.000000000000000000 ) ) ;
#1018 = AXIS2_PLACEMENT_3D ( 'NONE', #2548, #4568, #321 ) ;
#1019 = CARTESIAN_POINT ( 'NONE',  ( 2.820070398492506403, -1.099999999999999423, 3.500000000000000000 ) ) ;
#1020 = AXIS2_PLACEMENT_3D ( 'NONE', #4830, #7676, #4276 ) ;
#1021 = ORIENTED_EDGE ( 'NONE', *, *, #3525, .F. ) ;
#1022 = ORIENTED_EDGE ( 'NONE', *, *, #5316, .T. ) ;
#1023 = AXIS2_PLACEMENT_3D ( 'NONE', #968, #6434, #7145 ) ;
#1024 = EDGE_CURVE ( 'NONE', #5430, #6475, #7473, .T. ) ;
#1025 = CARTESIAN_POINT ( 'NONE',  ( 21.46091302770999931, 90.90681127924001714, 1.500000000000000000 ) ) ;
#1026 = LINE ( 'NONE', #6532, #1205 ) ;
#1027 = EDGE_CURVE ( 'NONE', #92, #5660, #22, .T. ) ;
#1028 = AXIS2_PLACEMENT_3D ( 'NONE', #3680, #989, #5829 ) ;
#1029 = LINE ( 'NONE', #7200, #8563 ) ;
#1030 = CARTESIAN_POINT ( 'NONE',  ( 7.632803619999999789, 0.000000000000000000, 3.000000000000000000 ) ) ;
#1031 = CARTESIAN_POINT ( 'NONE',  ( 25.50780361999600032, 31.42291396461827091, 3.000000000000000000 ) ) ;
#1032 = CIRCLE ( 'NONE', #6045, 0.5000000000000000000 ) ;
#1033 = EDGE_CURVE ( 'NONE', #3454, #4659, #3716, .T. ) ;
#1034 = EDGE_CURVE ( 'NONE', #7185, #7079, #2861, .T. ) ;
#1035 = ORIENTED_EDGE ( 'NONE', *, *, #4879, .F. ) ;
#1036 = CARTESIAN_POINT ( 'NONE',  ( -0.1799295812669531591, 1.899651512671047149, 3.500000000000000000 ) ) ;
#1037 = CYLINDRICAL_SURFACE ( 'NONE', #8360, 0.5000000000000004441 ) ;
#1038 = EDGE_CURVE ( 'NONE', #6392, #5758, #5728, .T. ) ;
#1039 = ORIENTED_EDGE ( 'NONE', *, *, #7427, .T. ) ;
#1040 = DIRECTION ( 'NONE',  ( -0.0001161624429838024349, 0.9999999932531434821, 0.000000000000000000 ) ) ;
#1041 = DIRECTION ( 'NONE',  ( -1.000000000000000000, 0.000000000000000000, 0.000000000000000000 ) ) ;
#1042 = VECTOR ( 'NONE', #3210, 1000.000000000000000 ) ;
#1043 = DIRECTION ( 'NONE',  ( -0.9999999932531439262, -0.0001161624401737789536, 0.000000000000000000 ) ) ;
#1044 = EDGE_LOOP ( 'NONE', ( #8394, #865, #5724, #2819 ) ) ;
#1045 = VERTEX_POINT ( 'NONE', #6260 ) ;
#1046 = VERTEX_POINT ( 'NONE', #195 ) ;
#1047 = VECTOR ( 'NONE', #6161, 999.9999999999998863 ) ;
#1048 = ORIENTED_EDGE ( 'NONE', *, *, #422, .F. ) ;
#1049 = DIRECTION ( 'NONE',  ( 0.000000000000000000, 0.000000000000000000, 1.000000000000000000 ) ) ;
#1050 = FACE_OUTER_BOUND ( 'NONE', #6644, .T. ) ;
#1051 = DIRECTION ( 'NONE',  ( -1.000000000000000000, 0.000000000000000000, 0.000000000000000000 ) ) ;
#1052 = CARTESIAN_POINT ( 'NONE',  ( 0.8086633784668220137, 100.0987479083032525, 3.426814665646245039 ) ) ;
#1053 = LINE ( 'NONE', #6292, #8136 ) ;
#1054 = EDGE_LOOP ( 'NONE', ( #1304, #735, #7080, #7132 ) ) ;
#1055 = VECTOR ( 'NONE', #259, 1000.000000000000000 ) ;
#1056 = AXIS2_PLACEMENT_3D ( 'NONE', #7301, #1049, #8613 ) ;
#1057 =( BOUNDED_CURVE ( )  B_SPLINE_CURVE ( 3, ( #2120, #1277, #7456, #6159 ),
 .UNSPECIFIED., .F., .F. ) 
 B_SPLINE_CURVE_WITH_KNOTS ( ( 4, 4 ),
 ( 4.712388980384680792, 4.712505142825122562 ),
 .UNSPECIFIED. ) 
 CURVE ( )  GEOMETRIC_REPRESENTATION_ITEM ( )  RATIONAL_B_SPLINE_CURVE ( ( 1.000000000000000000, 0.9999999988755239322, 0.9999999988755239322, 1.000000000000000000 ) ) 
 REPRESENTATION_ITEM ( '' )  );
#1058 = EDGE_LOOP ( 'NONE', ( #4105, #3589, #8453, #21, #846, #2073, #7240 ) ) ;
#1059 = CARTESIAN_POINT ( 'NONE',  ( 5.132803619999998901, 7.050000979999999196, 1.500000000000000000 ) ) ;
#1060 = EDGE_CURVE ( 'NONE', #6782, #3531, #2910, .T. ) ;
#1061 = VERTEX_POINT ( 'NONE', #234 ) ;
#1062 = DIRECTION ( 'NONE',  ( -0.9999998850681162121, -0.0004794410854595740888, 0.000000000000000000 ) ) ;
#1063 = LINE ( 'NONE', #6608, #3565 ) ;
#1064 = VECTOR ( 'NONE', #7162, 1000.000000000000000 ) ;
#1065 = DIRECTION ( 'NONE',  ( -1.000000000000000000, 0.000000000000000000, 0.000000000000000000 ) ) ;
#1066 = DIRECTION ( 'NONE',  ( 0.000000000000000000, -0.000000000000000000, 1.000000000000000000 ) ) ;
#1067 = DIRECTION ( 'NONE',  ( 0.000000000000000000, 0.000000000000000000, 1.000000000000000000 ) ) ;
#1068 = DIRECTION ( 'NONE',  ( 1.000000000000000000, 0.000000000000000000, 0.000000000000000000 ) ) ;
#1069 = AXIS2_PLACEMENT_3D ( 'NONE', #252, #2347, #954 ) ;
#1070 = AXIS2_PLACEMENT_3D ( 'NONE', #3452, #6845, #2056 ) ;
#1071 = ORIENTED_EDGE ( 'NONE', *, *, #496, .F. ) ;
#1072 = ORIENTED_EDGE ( 'NONE', *, *, #2760, .T. ) ;
#1073 = DIRECTION ( 'NONE',  ( -0.000000000000000000, -0.000000000000000000, -1.000000000000000000 ) ) ;
#1074 = CARTESIAN_POINT ( 'NONE',  ( 25.50780370741878045, 30.92291396461828157, 3.500000000000000000 ) ) ;
#1075 = VECTOR ( 'NONE', #6084, 1000.000000000000227 ) ;
#1076 = DIRECTION ( 'NONE',  ( -0.000000000000000000, -0.000000000000000000, 1.000000000000000000 ) ) ;
#1077 = CARTESIAN_POINT ( 'NONE',  ( 9.057803619999999611, 62.25000098000001003, 3.500000000000000000 ) ) ;
#1078 = FACE_OUTER_BOUND ( 'NONE', #752, .T. ) ;
#1079 = EDGE_CURVE ( 'NONE', #6804, #6415, #3533, .T. ) ;
#1080 = EDGE_CURVE ( 'NONE', #8071, #2836, #5169, .T. ) ;
#1081 = AXIS2_PLACEMENT_3D ( 'NONE', #7910, #3789, #1631 ) ;
#1082 = CARTESIAN_POINT ( 'NONE',  ( 30.96842068490750677, 35.01619516436538504, 0.7019704427157941184 ) ) ;
#1083 = ORIENTED_EDGE ( 'NONE', *, *, #7658, .F. ) ;
#1084 = CARTESIAN_POINT ( 'NONE',  ( 2.807733980969242094, 108.0997072644481563, 117.8988879368424563 ) ) ;
#1085 = DIRECTION ( 'NONE',  ( 0.0001161624401737789265, -0.9999999932531437041, 0.000000000000000000 ) ) ;
#1086 = ORIENTED_EDGE ( 'NONE', *, *, #2168, .T. ) ;
#1087 = FACE_BOUND ( 'NONE', #4124, .T. ) ;
#1088 = DIRECTION ( 'NONE',  ( 0.000000000000000000, 0.000000000000000000, 1.000000000000000000 ) ) ;
#1089 = DIRECTION ( 'NONE',  ( -0.9999999932531434821, -0.0001161624429701912931, 0.000000000000000000 ) ) ;
#1090 = AXIS2_PLACEMENT_3D ( 'NONE', #7670, #5582, #3556 ) ;
#1091 = ORIENTED_EDGE ( 'NONE', *, *, #3241, .F. ) ;
#1092 = ADVANCED_FACE ( 'NONE', ( #764 ), #2950, .F. ) ;
#1093 = EDGE_CURVE ( 'NONE', #4453, #164, #7003, .T. ) ;
#1094 = ORIENTED_EDGE ( 'NONE', *, *, #5952, .F. ) ;
#1095 = DIRECTION ( 'NONE',  ( 0.000000000000000000, 0.000000000000000000, 1.000000000000000000 ) ) ;
#1096 = VERTEX_POINT ( 'NONE', #4168 ) ;
#1097 = DIRECTION ( 'NONE',  ( 0.000000000000000000, 0.000000000000000000, -1.000000000000000000 ) ) ;
#1098 = CYLINDRICAL_SURFACE ( 'NONE', #6597, 0.5000000000000000000 ) ;
#1099 = CARTESIAN_POINT ( 'NONE',  ( 8.707803619999998190, 110.1025362304291093, 2.499999999999998668 ) ) ;
#1100 = PLANE ( 'NONE',  #3570 ) ;
#1101 = ORIENTED_EDGE ( 'NONE', *, *, #898, .T. ) ;
#1102 = EDGE_CURVE ( 'NONE', #3326, #7121, #5017, .T. ) ;
#1103 = ORIENTED_EDGE ( 'NONE', *, *, #2634, .T. ) ;
#1104 = CARTESIAN_POINT ( 'NONE',  ( -5.319310414939500063E-06, 30.42290950469131516, 3.000000000000000000 ) ) ;
#1105 = ORIENTED_EDGE ( 'NONE', *, *, #4569, .F. ) ;
#1106 = CARTESIAN_POINT ( 'NONE',  ( 0.9560763199999999795, 2.009813100000000130, -1.898419459999999725 ) ) ;
#1107 = CARTESIAN_POINT ( 'NONE',  ( 14.70325953999999946, 33.59706199999999399, 2.499999999999998668 ) ) ;
#1108 = CARTESIAN_POINT ( 'NONE',  ( 30.96843583002842593, 34.88581635347223653, 5.500000000000003553 ) ) ;
#1109 = LINE ( 'NONE', #8230, #358 ) ;
#1110 = CARTESIAN_POINT ( 'NONE',  ( 10.05780361999999961, 62.25000098000001003, 3.500000000000000000 ) ) ;
#1111 = CARTESIAN_POINT ( 'NONE',  ( 30.97248786666982312, 0.003597839793098920116, -2.998419460000000480 ) ) ;
#1112 = ADVANCED_FACE ( 'NONE', ( #2097 ), #1554, .T. ) ;
#1113 = ORIENTED_EDGE ( 'NONE', *, *, #8682, .T. ) ;
#1114 = B_SPLINE_CURVE_WITH_KNOTS ( 'NONE', 3,
 ( #7244, #6120, #4702, #8134, #3854, #4073 ),
 .UNSPECIFIED., .F., .F.,
 ( 4, 2, 4 ),
 ( 0.0003049321400493979145, 0.0006041706208422339703, 0.0009034091016350699176 ),
 .UNSPECIFIED. ) ;
#1115 = CARTESIAN_POINT ( 'NONE',  ( 21.96091302770999931, 90.90681127924001714, 2.499999999999998668 ) ) ;
#1116 = CARTESIAN_POINT ( 'NONE',  ( 5.132803619999998901, 7.550000979999999196, 1.500000000000000000 ) ) ;
#1117 = FACE_OUTER_BOUND ( 'NONE', #3315, .T. ) ;
#1118 = DIRECTION ( 'NONE',  ( 1.192488072742265620E-08, -0.9999999999999998890, 0.000000000000000000 ) ) ;
#1119 = VECTOR ( 'NONE', #1976, 1000.000000000000000 ) ;
#1120 = CARTESIAN_POINT ( 'NONE',  ( 19.35780361999999499, 109.1076421636441864, 1.292893218813461198 ) ) ;
#1121 = ORIENTED_EDGE ( 'NONE', *, *, #2859, .F. ) ;
#1122 = DIRECTION ( 'NONE',  ( 0.9999999932531438152, 0.0001161624401737789401, -0.000000000000000000 ) ) ;
#1123 = PLANE ( 'NONE',  #7784 ) ;
#1124 = VERTEX_POINT ( 'NONE', #7693 ) ;
#1125 = CARTESIAN_POINT ( 'NONE',  ( 12.85780362000000032, 109.1045257962305328, 1.000000000000028644 ) ) ;
#1126 = AXIS2_PLACEMENT_3D ( 'NONE', #5964, #1835, #2559 ) ;
#1127 = CARTESIAN_POINT ( 'NONE',  ( -1.183820693491309584, 35.39675566525551176, 1.969999999999999973 ) ) ;
#1128 = CIRCLE ( 'NONE', #5429, 0.5000000000000000000 ) ;
#1129 = ORIENTED_EDGE ( 'NONE', *, *, #6479, .T. ) ;
#1130 = VECTOR ( 'NONE', #694, 1000.000000000000000 ) ;
#1131 = AXIS2_PLACEMENT_3D ( 'NONE', #425, #1097, #1762 ) ;
#1132 = ORIENTED_EDGE ( 'NONE', *, *, #6661, .T. ) ;
#1133 = EDGE_CURVE ( 'NONE', #4272, #4453, #8418, .T. ) ;
#1134 = ADVANCED_FACE ( 'NONE', ( #1599 ), #7060, .T. ) ;
#1135 = ORIENTED_EDGE ( 'NONE', *, *, #2602, .T. ) ;
#1136 = FACE_OUTER_BOUND ( 'NONE', #8336, .T. ) ;
#1137 = CARTESIAN_POINT ( 'NONE',  ( 1.807733987716098722, 108.0995911020051778, 0.000000000000000000 ) ) ;
#1138 = CARTESIAN_POINT ( 'NONE',  ( 28.13280362000000068, 29.55000098000000008, 3.000000000000000000 ) ) ;
#1139 = DIRECTION ( 'NONE',  ( 4.371138843438217064E-08, -0.9999999999999991118, 0.000000000000000000 ) ) ;
#1140 = EDGE_LOOP ( 'NONE', ( #6199, #8179, #5573, #7104 ) ) ;
#1141 = VECTOR ( 'NONE', #6729, 1000.000000000000000 ) ;
#1142 = CIRCLE ( 'NONE', #8583, 1.529999995682016056 ) ;
#1143 = VERTEX_POINT ( 'NONE', #1474 ) ;
#1144 = DIRECTION ( 'NONE',  ( -0.000000000000000000, -0.000000000000000000, -1.000000000000000000 ) ) ;
#1145 = ORIENTED_EDGE ( 'NONE', *, *, #3630, .F. ) ;
#1146 = EDGE_CURVE ( 'NONE', #8256, #7992, #1142, .T. ) ;
#1147 = CARTESIAN_POINT ( 'NONE',  ( 10.05780362000000139, 47.75000098000001003, 3.000000000000000000 ) ) ;
#1148 = ORIENTED_EDGE ( 'NONE', *, *, #8739, .F. ) ;
#1149 = LINE ( 'NONE', #7320, #1315 ) ;
#1150 = CARTESIAN_POINT ( 'NONE',  ( 27.13280362000000068, 6.550000980000000084, 3.000000000000000000 ) ) ;
#1151 = CARTESIAN_POINT ( 'NONE',  ( 8.632803620000000677, 74.65143637488998252, 3.000000000000000000 ) ) ;
#1152 = EDGE_CURVE ( 'NONE', #6817, #337, #8482, .T. ) ;
#1153 = DIRECTION ( 'NONE',  ( -0.0001161624429838024349, 0.9999999932531434821, 0.000000000000000000 ) ) ;
#1154 = AXIS2_PLACEMENT_3D ( 'NONE', #7346, #1215, #7844 ) ;
#1155 = EDGE_LOOP ( 'NONE', ( #7447, #5568, #5841, #6399 ) ) ;
#1156 = CARTESIAN_POINT ( 'NONE',  ( -1.181346374334711014, 14.09624685751763451, -2.998419460000012471 ) ) ;
#1157 = DIRECTION ( 'NONE',  ( -0.9999999932531439262, -0.0001161624401737789536, 0.000000000000000000 ) ) ;
#1158 = VECTOR ( 'NONE', #1300, 999.9999999999998863 ) ;
#1159 = CIRCLE ( 'NONE', #736, 4.000000000000001776 ) ;
#1160 = DIRECTION ( 'NONE',  ( 1.000000000000000000, 0.000000000000000000, 0.000000000000000000 ) ) ;
#1161 = CYLINDRICAL_SURFACE ( 'NONE', #6843, 4.000000000000000000 ) ;
#1162 = EDGE_CURVE ( 'NONE', #4167, #3236, #858, .T. ) ;
#1163 = VECTOR ( 'NONE', #6839, 999.9999999999998863 ) ;
#1164 = VECTOR ( 'NONE', #2842, 1000.000000000000000 ) ;
#1165 = EDGE_CURVE ( 'NONE', #388, #5098, #4937, .T. ) ;
#1166 = ORIENTED_EDGE ( 'NONE', *, *, #4412, .T. ) ;
#1167 = CARTESIAN_POINT ( 'NONE',  ( 1.814901497536368646, 46.39712008122149456, 1.292893218813453204 ) ) ;
#1168 = CARTESIAN_POINT ( 'NONE',  ( 5.132803619999998901, 30.05000098000000008, 3.000000000000000000 ) ) ;
#1169 = ORIENTED_EDGE ( 'NONE', *, *, #1301, .T. ) ;
#1170 = LINE ( 'NONE', #502, #7698 ) ;
#1171 = AXIS2_PLACEMENT_3D ( 'NONE', #6486, #8546, #8630 ) ;
#1172 = ORIENTED_EDGE ( 'NONE', *, *, #3376, .T. ) ;
#1173 = VECTOR ( 'NONE', #2922, 1000.000000000000000 ) ;
#1174 = ORIENTED_EDGE ( 'NONE', *, *, #2270, .T. ) ;
#1175 = ORIENTED_EDGE ( 'NONE', *, *, #7754, .F. ) ;
#1176 = PLANE ( 'NONE',  #8054 ) ;
#1177 = ORIENTED_EDGE ( 'NONE', *, *, #359, .T. ) ;
#1178 = CYLINDRICAL_SURFACE ( 'NONE', #1991, 0.9999999999999971134 ) ;
#1179 = DIRECTION ( 'NONE',  ( -1.000000000000000000, 0.000000000000000000, 0.000000000000000000 ) ) ;
#1180 = DIRECTION ( 'NONE',  ( 0.000000000000000000, 0.000000000000000000, 1.000000000000000000 ) ) ;
#1181 = DIRECTION ( 'NONE',  ( 1.000000000000000000, 0.000000000000000000, 0.000000000000000000 ) ) ;
#1182 = ORIENTED_EDGE ( 'NONE', *, *, #4164, .T. ) ;
#1183 = EDGE_CURVE ( 'NONE', #3647, #2605, #3671, .T. ) ;
#1184 = EDGE_CURVE ( 'NONE', #8723, #3238, #3494, .T. ) ;
#1185 = ORIENTED_EDGE ( 'NONE', *, *, #8627, .T. ) ;
#1186 = CARTESIAN_POINT ( 'NONE',  ( 23.63280361999999712, 74.15143637488998252, 3.000000000000000000 ) ) ;
#1187 = ORIENTED_EDGE ( 'NONE', *, *, #1790, .F. ) ;
#1188 = DIRECTION ( 'NONE',  ( 1.469843297447993147E-16, -1.000000000000000000, 0.000000000000000000 ) ) ;
#1189 = VERTEX_POINT ( 'NONE', #1516 ) ;
#1190 = CARTESIAN_POINT ( 'NONE',  ( 4.132803619999999789, 29.55000098000000008, 3.000000000000000000 ) ) ;
#1191 = DIRECTION ( 'NONE',  ( 0.0001161624401737789401, -0.9999999932531438152, -1.158689350071481811E-16 ) ) ;
#1192 = CARTESIAN_POINT ( 'NONE',  ( 2.820070398492491304, -0.09999999999999982514, -3.998419459999999592 ) ) ;
#1193 = DIRECTION ( 'NONE',  ( -1.000000000000000000, 0.000000000000000000, 0.000000000000000000 ) ) ;
#1194 = DIRECTION ( 'NONE',  ( -1.000000000000000000, 0.000000000000000000, 0.000000000000000000 ) ) ;
#1195 = EDGE_CURVE ( 'NONE', #2482, #3694, #808, .T. ) ;
#1196 = ORIENTED_EDGE ( 'NONE', *, *, #8682, .F. ) ;
#1197 = ORIENTED_EDGE ( 'NONE', *, *, #2116, .T. ) ;
#1198 = VECTOR ( 'NONE', #8476, 1000.000000000000000 ) ;
#1199 = VERTEX_POINT ( 'NONE', #8508 ) ;
#1200 = DIRECTION ( 'NONE',  ( 1.000000000000000000, 0.000000000000000000, 0.000000000000000000 ) ) ;
#1201 = CARTESIAN_POINT ( 'NONE',  ( 14.70325953999999946, 32.59706199999999399, 2.000000000000000000 ) ) ;
#1202 = CARTESIAN_POINT ( 'NONE',  ( 21.96091302770999931, 90.40681127924000293, 2.500000000000000000 ) ) ;
#1203 = VECTOR ( 'NONE', #7766, 1000.000000000000114 ) ;
#1204 = CARTESIAN_POINT ( 'NONE',  ( 2.053908157565695447, 46.39709231762509489, 1.446113436378243744 ) ) ;
#1205 = VECTOR ( 'NONE', #6442, 1000.000000000000000 ) ;
#1206 = EDGE_CURVE ( 'NONE', #5960, #576, #2443, .T. ) ;
#1207 = VERTEX_POINT ( 'NONE', #3039 ) ;
#1208 = CIRCLE ( 'NONE', #5094, 0.5000000000000000000 ) ;
#1209 = VERTEX_POINT ( 'NONE', #1649 ) ;
#1210 = ADVANCED_FACE ( 'NONE', ( #7105 ), #1690, .T. ) ;
#1211 = DIRECTION ( 'NONE',  ( 1.000000000000000000, 0.000000000000000000, 0.000000000000000000 ) ) ;
#1212 = DIRECTION ( 'NONE',  ( -0.9999999932531437041, -0.0001161624401737049704, 0.000000000000000000 ) ) ;
#1213 = ORIENTED_EDGE ( 'NONE', *, *, #4348, .F. ) ;
#1214 = DIRECTION ( 'NONE',  ( -0.000000000000000000, -0.000000000000000000, -1.000000000000000000 ) ) ;
#1215 = DIRECTION ( 'NONE',  ( 0.000000000000000000, 0.000000000000000000, -1.000000000000000000 ) ) ;
#1216 = CARTESIAN_POINT ( 'NONE',  ( 0.8202910825731496436, 9.528701675242542642E-05, -2.998419460000000480 ) ) ;
#1217 = CIRCLE ( 'NONE', #1935, 0.5000000000000019984 ) ;
#1218 = EDGE_CURVE ( 'NONE', #4720, #4994, #4884, .T. ) ;
#1219 = ORIENTED_EDGE ( 'NONE', *, *, #3081, .T. ) ;
#1220 = ORIENTED_EDGE ( 'NONE', *, *, #8720, .F. ) ;
#1221 = CARTESIAN_POINT ( 'NONE',  ( 25.01992769182898613, 30.55000098000000364, 3.500000000000000000 ) ) ;
#1222 = ORIENTED_EDGE ( 'NONE', *, *, #6078, .F. ) ;
#1223 = DIRECTION ( 'NONE',  ( -1.000000000000000000, 0.000000000000000000, 0.000000000000000000 ) ) ;
#1224 = PLANE ( 'NONE',  #7297 ) ;
#1225 = DIRECTION ( 'NONE',  ( -0.9999999932531434821, -0.0001161624429838024349, 0.000000000000000000 ) ) ;
#1226 = DIRECTION ( 'NONE',  ( 0.000000000000000000, 0.000000000000000000, 1.000000000000000000 ) ) ;
#1227 = ORIENTED_EDGE ( 'NONE', *, *, #5556, .T. ) ;
#1228 = ORIENTED_EDGE ( 'NONE', *, *, #6565, .F. ) ;
#1229 = PLANE ( 'NONE',  #6516 ) ;
#1230 = ORIENTED_EDGE ( 'NONE', *, *, #7315, .F. ) ;
#1231 = CARTESIAN_POINT ( 'NONE',  ( 21.46091302770999931, 90.90681127924001714, 2.500000000000000000 ) ) ;
#1232 = DIRECTION ( 'NONE',  ( 0.9999999932531434821, 0.0001161624429840690538, 0.000000000000000000 ) ) ;
#1233 = CARTESIAN_POINT ( 'NONE',  ( 9.207803619999999967, 108.8956690310777589, 1.499999999999992228 ) ) ;
#1234 = DIRECTION ( 'NONE',  ( -0.000000000000000000, -0.000000000000000000, -1.000000000000000000 ) ) ;
#1235 = DIRECTION ( 'NONE',  ( 1.000000000000000000, 0.000000000000000000, 0.000000000000000000 ) ) ;
#1236 = CARTESIAN_POINT ( 'NONE',  ( 1.816504539260360263, 32.59712008122149030, 1.500000000000001332 ) ) ;
#1237 = ADVANCED_FACE ( 'NONE', ( #4388 ), #973, .T. ) ;
#1238 = DIRECTION ( 'NONE',  ( 0.000000000000000000, 0.000000000000000000, 1.000000000000000000 ) ) ;
#1239 = ORIENTED_EDGE ( 'NONE', *, *, #3505, .T. ) ;
#1240 = ORIENTED_EDGE ( 'NONE', *, *, #5082, .T. ) ;
#1241 = FACE_OUTER_BOUND ( 'NONE', #3999, .T. ) ;
#1242 = DIRECTION ( 'NONE',  ( 0.000000000000000000, 0.000000000000000000, 1.000000000000000000 ) ) ;
#1243 = EDGE_CURVE ( 'NONE', #2581, #5376, #6573, .T. ) ;
#1244 = EDGE_CURVE ( 'NONE', #8761, #7962, #3710, .T. ) ;
#1245 = FACE_OUTER_BOUND ( 'NONE', #4385, .T. ) ;
#1246 = PLANE ( 'NONE',  #3595 ) ;
#1247 = CARTESIAN_POINT ( 'NONE',  ( 1.814959585538882259, 45.89706200000000536, 1.131251538744202367 ) ) ;
#1248 = ORIENTED_EDGE ( 'NONE', *, *, #2458, .F. ) ;
#1249 = ORIENTED_EDGE ( 'NONE', *, *, #4971, .F. ) ;
#1250 = DIRECTION ( 'NONE',  ( 0.000000000000000000, -1.000000000000000000, 0.000000000000000000 ) ) ;
#1251 = FACE_OUTER_BOUND ( 'NONE', #1332, .T. ) ;
#1252 = ORIENTED_EDGE ( 'NONE', *, *, #6338, .F. ) ;
#1253 = CARTESIAN_POINT ( 'NONE',  ( 8.707803619999998190, 110.1025362304291093, 0.000000000000000000 ) ) ;
#1254 = EDGE_CURVE ( 'NONE', #562, #7682, #6441, .T. ) ;
#1255 = LINE ( 'NONE', #7478, #2297 ) ;
#1256 = EDGE_LOOP ( 'NONE', ( #5806, #7499, #5879, #1298 ) ) ;
#1257 = ORIENTED_EDGE ( 'NONE', *, *, #2430, .T. ) ;
#1258 = ORIENTED_EDGE ( 'NONE', *, *, #7790, .F. ) ;
#1259 = DIRECTION ( 'NONE',  ( 0.9999999932531438152, 0.0001161624401737789401, -0.000000000000000000 ) ) ;
#1260 = VECTOR ( 'NONE', #114, 1000.000000000000000 ) ;
#1261 = ORIENTED_EDGE ( 'NONE', *, *, #1923, .T. ) ;
#1262 = DIRECTION ( 'NONE',  ( 0.000000000000000000, 0.000000000000000000, 1.000000000000000000 ) ) ;
#1263 = CARTESIAN_POINT ( 'NONE',  ( 2.806775098798322876, 110.0997070345843980, 0.000000000000000000 ) ) ;
#1264 = DIRECTION ( 'NONE',  ( 0.000000000000000000, 0.000000000000000000, 1.000000000000000000 ) ) ;
#1265 = VERTEX_POINT ( 'NONE', #1156 ) ;
#1266 = ADVANCED_FACE ( 'NONE', ( #5116 ), #7877, .F. ) ;
#1267 = AXIS2_PLACEMENT_3D ( 'NONE', #5097, #917, #7857 ) ;
#1268 = VECTOR ( 'NONE', #3149, 1000.000000000000000 ) ;
#1269 = EDGE_LOOP ( 'NONE', ( #742, #8002, #2966, #5657 ) ) ;
#1270 = AXIS2_PLACEMENT_3D ( 'NONE', #3223, #2466, #4667 ) ;
#1271 = CARTESIAN_POINT ( 'NONE',  ( 24.13280362000000068, 65.45000098000001287, 3.000000000000000000 ) ) ;
#1272 = VERTEX_POINT ( 'NONE', #1025 ) ;
#1273 = EDGE_LOOP ( 'NONE', ( #8301, #4082, #1148, #6490 ) ) ;
#1274 = ADVANCED_FACE ( 'NONE', ( #4481 ), #3759, .F. ) ;
#1275 = CARTESIAN_POINT ( 'NONE',  ( 21.55780361999999784, 62.25000098000001003, 3.000000000000000000 ) ) ;
#1276 = DIRECTION ( 'NONE',  ( 0.000000000000000000, 1.000000000000000000, 0.000000000000000000 ) ) ;
#1277 = CARTESIAN_POINT ( 'NONE',  ( 30.46883808126077398, 31.42295346542378809, 1.000019360406760871 ) ) ;
#1278 = VECTOR ( 'NONE', #7222, 1000.000000000000000 ) ;
#1279 = DIRECTION ( 'NONE',  ( -0.000000000000000000, 1.000000000000000000, 0.000000000000000000 ) ) ;
#1280 = CARTESIAN_POINT ( 'NONE',  ( 21.73782779072455895, -0.09999999999999956146, 0.000000000000000000 ) ) ;
#1281 = VECTOR ( 'NONE', #1817, 1000.000000000000000 ) ;
#1282 = DIRECTION ( 'NONE',  ( 1.000000000000000000, 0.000000000000000000, 0.000000000000000000 ) ) ;
#1283 = VERTEX_POINT ( 'NONE', #2462 ) ;
#1284 = CARTESIAN_POINT ( 'NONE',  ( 0.8187697746043520741, 13.09647927702481418, -1.598419372125620574 ) ) ;
#1285 = ORIENTED_EDGE ( 'NONE', *, *, #5082, .F. ) ;
#1286 = AXIS2_PLACEMENT_3D ( 'NONE', #1386, #4122, #6844 ) ;
#1287 = DIRECTION ( 'NONE',  ( -0.000000000000000000, -0.000000000000000000, 1.000000000000000000 ) ) ;
#1288 = DIRECTION ( 'NONE',  ( 0.000000000000000000, 0.000000000000000000, 1.000000000000000000 ) ) ;
#1289 = CARTESIAN_POINT ( 'NONE',  ( 29.96691063599584837, 48.01559628190723572, 3.000000000000000000 ) ) ;
#1290 = PLANE ( 'NONE',  #3731 ) ;
#1291 = AXIS2_PLACEMENT_3D ( 'NONE', #1334, #1871, #7684 ) ;
#1292 = EDGE_CURVE ( 'NONE', #4414, #7682, #6016, .T. ) ;
#1293 = ORIENTED_EDGE ( 'NONE', *, *, #8143, .F. ) ;
#1294 = VECTOR ( 'NONE', #6185, 1000.000000000000000 ) ;
#1295 = ORIENTED_EDGE ( 'NONE', *, *, #7644, .T. ) ;
#1296 = LINE ( 'NONE', #6762, #2061 ) ;
#1297 = AXIS2_PLACEMENT_3D ( 'NONE', #1322, #3975, #6692 ) ;
#1298 = ORIENTED_EDGE ( 'NONE', *, *, #1027, .F. ) ;
#1299 = FACE_OUTER_BOUND ( 'NONE', #2927, .T. ) ;
#1300 = DIRECTION ( 'NONE',  ( -0.0001161624429837653145, 0.9999999932531434821, 0.000000000000000000 ) ) ;
#1301 = EDGE_CURVE ( 'NONE', #3313, #92, #489, .T. ) ;
#1302 = VECTOR ( 'NONE', #7982, 1000.000000000000227 ) ;
#1303 = EDGE_CURVE ( 'NONE', #6751, #3277, #2596, .T. ) ;
#1304 = ORIENTED_EDGE ( 'NONE', *, *, #4698, .F. ) ;
#1305 = EDGE_CURVE ( 'NONE', #1842, #6972, #1959, .T. ) ;
#1306 = ORIENTED_EDGE ( 'NONE', *, *, #2916, .F. ) ;
#1307 = CARTESIAN_POINT ( 'NONE',  ( 2.316504549380645095, 32.59706199999999399, 1.500000000000000000 ) ) ;
#1308 = CIRCLE ( 'NONE', #5755, 0.5000000000000004441 ) ;
#1309 = ORIENTED_EDGE ( 'NONE', *, *, #5231, .F. ) ;
#1310 = CARTESIAN_POINT ( 'NONE',  ( 30.97075746423341869, 14.90000000000000213, -2.998419460000000480 ) ) ;
#1311 = CARTESIAN_POINT ( 'NONE',  ( 14.70325953999999946, 33.59706199999999399, 1.999999999999998224 ) ) ;
#1312 = CIRCLE ( 'NONE', #4178, 2.999999999999999112 ) ;
#1313 = CYLINDRICAL_SURFACE ( 'NONE', #718, 1.999999999999998224 ) ;
#1314 = ORIENTED_EDGE ( 'NONE', *, *, #5362, .F. ) ;
#1315 = VECTOR ( 'NONE', #392, 999.9999999999998863 ) ;
#1316 = VERTEX_POINT ( 'NONE', #2686 ) ;
#1317 = DIRECTION ( 'NONE',  ( -0.9999999999999846789, -1.748455523006161675E-07, 0.000000000000000000 ) ) ;
#1318 = ORIENTED_EDGE ( 'NONE', *, *, #6908, .F. ) ;
#1319 = CARTESIAN_POINT ( 'NONE',  ( 10.05780362000000139, 47.25000098000001003, 3.000000000000000000 ) ) ;
#1320 = EDGE_LOOP ( 'NONE', ( #3971, #2642, #3425, #2723, #4798, #678, #1617, #6460 ) ) ;
#1321 = CARTESIAN_POINT ( 'NONE',  ( 29.47226501374215601, 59.53052868636537198, 1.500000000000000000 ) ) ;
#1322 = CARTESIAN_POINT ( 'NONE',  ( 0.000000000000000000, 0.000000000000000000, -2.998419460000000480 ) ) ;
#1323 = CARTESIAN_POINT ( 'NONE',  ( 2.820070398492491304, -2.100000000000000089, 122.8571184009966686 ) ) ;
#1324 = EDGE_CURVE ( 'NONE', #8204, #7619, #3300, .T. ) ;
#1325 = LINE ( 'NONE', #6114, #6273 ) ;
#1326 = DIRECTION ( 'NONE',  ( 1.000000000000000000, -0.000000000000000000, -0.000000000000000000 ) ) ;
#1327 = FACE_OUTER_BOUND ( 'NONE', #4321, .T. ) ;
#1328 = EDGE_CURVE ( 'NONE', #4379, #5132, #2007, .T. ) ;
#1329 = EDGE_CURVE ( 'NONE', #5668, #5188, #2728, .T. ) ;
#1330 = ORIENTED_EDGE ( 'NONE', *, *, #4179, .T. ) ;
#1331 = CARTESIAN_POINT ( 'NONE',  ( 25.50780357628460848, 48.51559589207970902, 1.500000000000000000 ) ) ;
#1332 = EDGE_LOOP ( 'NONE', ( #3199, #530, #7680, #3512 ) ) ;
#1333 = CARTESIAN_POINT ( 'NONE',  ( -1.180678440290884756, 8.346246924986195026, -2.998419460000012471 ) ) ;
#1334 = CARTESIAN_POINT ( 'NONE',  ( 25.33782778953207071, 3.021505742821452520E-07, -19.25780817680636048 ) ) ;
#1335 = CARTESIAN_POINT ( 'NONE',  ( 31.46724094790923232, 45.17214886145439579, -2.099999999999998757 ) ) ;
#1336 = DIRECTION ( 'NONE',  ( 0.000000000000000000, 0.000000000000000000, -1.000000000000000000 ) ) ;
#1337 = DIRECTION ( 'NONE',  ( 1.000000000000000000, 0.000000000000000000, 0.000000000000000000 ) ) ;
#1338 = AXIS2_PLACEMENT_3D ( 'NONE', #3284, #847, #2021 ) ;
#1339 = ORIENTED_EDGE ( 'NONE', *, *, #3462, .T. ) ;
#1340 = VERTEX_POINT ( 'NONE', #664 ) ;
#1341 = DIRECTION ( 'NONE',  ( 0.000000000000000000, 0.000000000000000000, 1.000000000000000000 ) ) ;
#1342 = CARTESIAN_POINT ( 'NONE',  ( 0.000000000000000000, 64.95000097999999866, 1.500000000000000000 ) ) ;
#1343 = ORIENTED_EDGE ( 'NONE', *, *, #2444, .F. ) ;
#1344 = DIRECTION ( 'NONE',  ( 0.9999999932531438152, 0.0001161624401668784947, 0.000000000000000000 ) ) ;
#1345 = EDGE_CURVE ( 'NONE', #1633, #4235, #5175, .T. ) ;
#1346 = LINE ( 'NONE', #8208, #4449 ) ;
#1347 = PLANE ( 'NONE',  #7119 ) ;
#1348 = EDGE_CURVE ( 'NONE', #7135, #606, #7377, .T. ) ;
#1349 = AXIS2_PLACEMENT_3D ( 'NONE', #2528, #5271, #5839 ) ;
#1350 = AXIS2_PLACEMENT_3D ( 'NONE', #8466, #7061, #5819 ) ;
#1351 = ORIENTED_EDGE ( 'NONE', *, *, #7531, .T. ) ;
#1352 = ORIENTED_EDGE ( 'NONE', *, *, #3491, .T. ) ;
#1353 = CARTESIAN_POINT ( 'NONE',  ( 30.46825810486889097, 36.41575825761147911, 1.319999995681911509 ) ) ;
#1354 = ORIENTED_EDGE ( 'NONE', *, *, #1152, .F. ) ;
#1355 = FACE_OUTER_BOUND ( 'NONE', #5518, .T. ) ;
#1356 = LINE ( 'NONE', #123, #4041 ) ;
#1357 = ADVANCED_FACE ( 'NONE', ( #1241 ), #6703, .F. ) ;
#1358 = PLANE ( 'NONE',  #4437 ) ;
#1359 = ORIENTED_EDGE ( 'NONE', *, *, #5504, .F. ) ;
#1360 = AXIS2_PLACEMENT_3D ( 'NONE', #1116, #3265, #3896 ) ;
#1361 = EDGE_LOOP ( 'NONE', ( #7618, #8710, #3421, #5066 ) ) ;
#1362 = FACE_OUTER_BOUND ( 'NONE', #1564, .T. ) ;
#1363 = VECTOR ( 'NONE', #1856, 1000.000000000000000 ) ;
#1364 = VECTOR ( 'NONE', #6564, 1000.000000000000000 ) ;
#1365 = EDGE_LOOP ( 'NONE', ( #949, #2958, #6200, #5903 ) ) ;
#1366 = CARTESIAN_POINT ( 'NONE',  ( 2.820070398492491304, 1.400000000000000133, 1.000000000000000888 ) ) ;
#1367 = ORIENTED_EDGE ( 'NONE', *, *, #1033, .F. ) ;
#1368 = DIRECTION ( 'NONE',  ( -0.9999999932531438152, -0.0001161624401737049839, 0.000000000000000000 ) ) ;
#1369 = CARTESIAN_POINT ( 'NONE',  ( 9.057803619999999611, 62.25000098000001003, 3.000000000000000000 ) ) ;
#1370 = DIRECTION ( 'NONE',  ( 0.9999999999999991118, 4.371138674066353317E-08, 0.000000000000000000 ) ) ;
#1371 = CARTESIAN_POINT ( 'NONE',  ( 24.83782779072456037, -0.09999999999999896472, -19.25780817680636048 ) ) ;
#1372 = CARTESIAN_POINT ( 'NONE',  ( 0.000000000000000000, 19.89999996626572809, -1.898419459999999948 ) ) ;
#1373 = EDGE_CURVE ( 'NONE', #6934, #30, #1918, .T. ) ;
#1374 = ORIENTED_EDGE ( 'NONE', *, *, #2319, .T. ) ;
#1375 = CARTESIAN_POINT ( 'NONE',  ( 29.96883825723080719, 30.42291474461032408, 3.500000000000000000 ) ) ;
#1376 = ORIENTED_EDGE ( 'NONE', *, *, #5537, .F. ) ;
#1377 = CARTESIAN_POINT ( 'NONE',  ( 0.000000000000000000, 47.25000098000001003, 3.500000000000000000 ) ) ;
#1378 = DIRECTION ( 'NONE',  ( 1.000000000000000000, 0.000000000000000000, 0.000000000000000000 ) ) ;
#1379 = CARTESIAN_POINT ( 'NONE',  ( 5.607803620000001210, 109.1010498479614625, 0.000000000000000000 ) ) ;
#1380 = EDGE_CURVE ( 'NONE', #3238, #2358, #6658, .T. ) ;
#1381 = CARTESIAN_POINT ( 'NONE',  ( 0.000000000000000000, 19.89999996626572454, 3.426814665646245039 ) ) ;
#1382 = EDGE_CURVE ( 'NONE', #1143, #8506, #3154, .T. ) ;
#1383 = LINE ( 'NONE', #4118, #1163 ) ;
#1384 = VERTEX_POINT ( 'NONE', #3394 ) ;
#1385 = ORIENTED_EDGE ( 'NONE', *, *, #6358, .F. ) ;
#1386 = CARTESIAN_POINT ( 'NONE',  ( 29.47226753285274015, 1.900000000000000133, -2.998419460000012471 ) ) ;
#1387 = CARTESIAN_POINT ( 'NONE',  ( 31.46143964517697356, 95.11344386558701558, 3.426814665646245039 ) ) ;
#1388 = EDGE_LOOP ( 'NONE', ( #5130, #2057, #8397, #5453 ) ) ;
#1389 = ADVANCED_FACE ( 'NONE', ( #6753 ), #8139, .F. ) ;
#1390 = FACE_OUTER_BOUND ( 'NONE', #5786, .T. ) ;
#1391 = PLANE ( 'NONE',  #5374 ) ;
#1392 = CARTESIAN_POINT ( 'NONE',  ( 12.85780362000000032, 0.000000000000000000, 1.500000000000001332 ) ) ;
#1393 = PLANE ( 'NONE',  #5154 ) ;
#1394 =( BOUNDED_CURVE ( )  B_SPLINE_CURVE ( 3, ( #983, #1167, #4575, #7289 ),
 .UNSPECIFIED., .F., .F. ) 
 B_SPLINE_CURVE_WITH_KNOTS ( ( 4, 4 ),
 ( 3.141592653589793116, 4.712388980384689674 ),
 .UNSPECIFIED. ) 
 CURVE ( )  GEOMETRIC_REPRESENTATION_ITEM ( )  RATIONAL_B_SPLINE_CURVE ( ( 1.000000000000000000, 0.8047378541243649375, 0.8047378541243649375, 1.000000000000000000 ) ) 
 REPRESENTATION_ITEM ( '' )  );
#1395 = ORIENTED_EDGE ( 'NONE', *, *, #6722, .T. ) ;
#1396 = ORIENTED_EDGE ( 'NONE', *, *, #2797, .T. ) ;
#1397 = ORIENTED_EDGE ( 'NONE', *, *, #8492, .T. ) ;
#1398 = CARTESIAN_POINT ( 'NONE',  ( -0.1922660190307595718, 108.0997072644481563, -3.998419460000000480 ) ) ;
#1399 = DIRECTION ( 'NONE',  ( 0.000000000000000000, 0.000000000000000000, 1.000000000000000000 ) ) ;
#1400 = ORIENTED_EDGE ( 'NONE', *, *, #5475, .F. ) ;
#1401 = EDGE_CURVE ( 'NONE', #6832, #296, #7331, .T. ) ;
#1402 = VECTOR ( 'NONE', #5653, 1000.000000000000227 ) ;
#1403 = ORIENTED_EDGE ( 'NONE', *, *, #2670, .T. ) ;
#1404 = ADVANCED_FACE ( 'NONE', ( #8193 ), #6725, .T. ) ;
#1405 = FACE_OUTER_BOUND ( 'NONE', #4490, .T. ) ;
#1406 = ORIENTED_EDGE ( 'NONE', *, *, #1620, .F. ) ;
#1407 = AXIS2_PLACEMENT_3D ( 'NONE', #594, #7571, #6098 ) ;
#1408 = ORIENTED_EDGE ( 'NONE', *, *, #6106, .T. ) ;
#1409 = DIRECTION ( 'NONE',  ( -1.000000000000000000, 0.000000000000000000, 0.000000000000000000 ) ) ;
#1410 = CARTESIAN_POINT ( 'NONE',  ( 30.45992962453891550, 108.1126015859694292, 1.000000000000000888 ) ) ;
#1411 = CARTESIAN_POINT ( 'NONE',  ( 21.46091302770999931, 96.42773413321998532, 2.499999999999998668 ) ) ;
#1412 = DIRECTION ( 'NONE',  ( -0.0001161624401737789265, 0.9999999932531437041, -0.000000000000000000 ) ) ;
#1413 = DIRECTION ( 'NONE',  ( -1.000000000000000000, -1.972096669307512058E-16, 0.000000000000000000 ) ) ;
#1414 = VECTOR ( 'NONE', #4024, 1000.000000000000000 ) ;
#1415 = AXIS2_PLACEMENT_3D ( 'NONE', #7158, #8424, #198 ) ;
#1416 = ADVANCED_FACE ( 'NONE', ( #3349 ), #8004, .F. ) ;
#1417 = EDGE_LOOP ( 'NONE', ( #7313, #2530, #2668, #6100, #3567 ) ) ;
#1418 = LINE ( 'NONE', #1540, #7068 ) ;
#1419 = ADVANCED_FACE ( 'NONE', ( #4751 ), #7466, .T. ) ;
#1420 = ORIENTED_EDGE ( 'NONE', *, *, #4717, .T. ) ;
#1421 = EDGE_CURVE ( 'NONE', #3967, #8812, #6299, .T. ) ;
#1422 = TOROIDAL_SURFACE ( 'NONE', #6984, 0.4999999999999965583, 0.5000000000000000000 ) ;
#1423 = DIRECTION ( 'NONE',  ( 1.469843297447993147E-16, -1.000000000000000000, 0.000000000000000000 ) ) ;
#1424 = DIRECTION ( 'NONE',  ( 0.000000000000000000, 0.000000000000000000, 1.000000000000000000 ) ) ;
#1425 = CARTESIAN_POINT ( 'NONE',  ( 24.63280362000000068, 65.45000098000001287, 3.000000000000000000 ) ) ;
#1426 = AXIS2_PLACEMENT_3D ( 'NONE', #202, #7024, #4308 ) ;
#1427 = CARTESIAN_POINT ( 'NONE',  ( -1.179929574520096613, 1.899535350228062747, -2.998419460000012471 ) ) ;
#1428 = DIRECTION ( 'NONE',  ( 0.000000000000000000, 0.000000000000000000, 1.000000000000000000 ) ) ;
#1429 = EDGE_LOOP ( 'NONE', ( #2553, #8722, #5228, #3725 ) ) ;
#1430 = VERTEX_POINT ( 'NONE', #6834 ) ;
#1431 = CARTESIAN_POINT ( 'NONE',  ( 15.81018196609150195, 1.382170035077282349E-06, 0.000000000000000000 ) ) ;
#1432 = LINE ( 'NONE', #8291, #8505 ) ;
#1433 = AXIS2_PLACEMENT_3D ( 'NONE', #4951, #2337, #7030 ) ;
#1434 = ORIENTED_EDGE ( 'NONE', *, *, #229, .T. ) ;
#1435 = CARTESIAN_POINT ( 'NONE',  ( -0.000000000000000000, 45.89706200000000536, 0.000000000000000000 ) ) ;
#1436 = CARTESIAN_POINT ( 'NONE',  ( 15.70325953999999946, 45.39706200000000536, 1.500000000000000000 ) ) ;
#1437 = EDGE_CURVE ( 'NONE', #7524, #7625, #2132, .T. ) ;
#1438 = DIRECTION ( 'NONE',  ( 0.9999999932531438152, 0.0001161624401737049839, 1.504632769052528344E-36 ) ) ;
#1439 = DIRECTION ( 'NONE',  ( 0.9999999932531438152, 0.0001161624401737049839, -0.000000000000000000 ) ) ;
#1440 = VECTOR ( 'NONE', #3818, 1000.000000000000114 ) ;
#1441 = ADVANCED_FACE ( 'NONE', ( #2811 ), #2903, .T. ) ;
#1442 = ORIENTED_EDGE ( 'NONE', *, *, #2990, .F. ) ;
#1443 = TOROIDAL_SURFACE ( 'NONE', #7291, 1.000000000000000000, 0.5000000000000000000 ) ;
#1444 = ORIENTED_EDGE ( 'NONE', *, *, #4440, .T. ) ;
#1445 = ORIENTED_EDGE ( 'NONE', *, *, #4923, .F. ) ;
#1446 = CARTESIAN_POINT ( 'NONE',  ( 32.96843581653472199, 34.88604867835258716, 1.319999999999899920 ) ) ;
#1447 = DIRECTION ( 'NONE',  ( 1.000000000000000000, 0.000000000000000000, 0.000000000000000000 ) ) ;
#1448 = CIRCLE ( 'NONE', #1723, 0.5000000000000004441 ) ;
#1449 = FACE_OUTER_BOUND ( 'NONE', #5418, .T. ) ;
#1450 = ORIENTED_EDGE ( 'NONE', *, *, #7032, .T. ) ;
#1451 = CIRCLE ( 'NONE', #7602, 1.000000000000001110 ) ;
#1452 = VERTEX_POINT ( 'NONE', #5641 ) ;
#1453 = APPLICATION_PROTOCOL_DEFINITION ( 'draft international standard', 'automotive_design', 1998, #2141 ) ;
#1454 = AXIS2_PLACEMENT_3D ( 'NONE', #8435, #2289, #7891 ) ;
#1455 = ORIENTED_EDGE ( 'NONE', *, *, #6875, .T. ) ;
#1456 = CARTESIAN_POINT ( 'NONE',  ( 10.05780361999999961, 62.75000098000001003, 1.500000000000000000 ) ) ;
#1457 = CARTESIAN_POINT ( 'NONE',  ( -0.6807365248858050499, 8.846305002834265352, -2.998419460000012471 ) ) ;
#1458 = DIRECTION ( 'NONE',  ( 0.000000000000000000, 0.000000000000000000, -1.000000000000000000 ) ) ;
#1459 = CARTESIAN_POINT ( 'NONE',  ( 0.8179794610148668488, 19.89999996626572099, -1.898419459999994841 ) ) ;
#1460 = AXIS2_PLACEMENT_3D ( 'NONE', #3576, #8285, #6305 ) ;
#1461 = EDGE_CURVE ( 'NONE', #498, #826, #5597, .T. ) ;
#1462 = CIRCLE ( 'NONE', #4474, 0.4999999999999985567 ) ;
#1463 = VERTEX_POINT ( 'NONE', #3573 ) ;
#1464 = DIRECTION ( 'NONE',  ( 0.000000000000000000, -0.000000000000000000, 1.000000000000000000 ) ) ;
#1465 = ORIENTED_EDGE ( 'NONE', *, *, #1486, .T. ) ;
#1466 = CARTESIAN_POINT ( 'NONE',  ( -1.183820693491309584, 35.39675566525551176, -0.5300000000000000266 ) ) ;
#1467 = DIRECTION ( 'NONE',  ( 1.000000000000000000, 0.000000000000000000, 0.000000000000000000 ) ) ;
#1468 = DIRECTION ( 'NONE',  ( -0.0001161624401756152668, 0.9999999932531437041, 0.000000000000000000 ) ) ;
#1469 = AXIS2_PLACEMENT_3D ( 'NONE', #7636, #6293, #6921 ) ;
#1470 = CARTESIAN_POINT ( 'NONE',  ( 1.316504542633788910, 33.09706199999999399, 1.585786437626905743 ) ) ;
#1471 = ADVANCED_FACE ( 'NONE', ( #4968 ), #224, .T. ) ;
#1472 = DIRECTION ( 'NONE',  ( 0.000000000000000000, 0.000000000000000000, -1.000000000000000000 ) ) ;
#1473 = ORIENTED_EDGE ( 'NONE', *, *, #6621, .T. ) ;
#1474 = CARTESIAN_POINT ( 'NONE',  ( 2.820070398492481090, 1.400000000000000577, 1.500000000000000000 ) ) ;
#1475 = LINE ( 'NONE', #4211, #7640 ) ;
#1476 = ORIENTED_EDGE ( 'NONE', *, *, #345, .T. ) ;
#1477 = DIRECTION ( 'NONE',  ( 0.000000000000000000, 0.000000000000000000, 1.000000000000000000 ) ) ;
#1478 = LINE ( 'NONE', #6942, #2502 ) ;
#1479 = DIRECTION ( 'NONE',  ( -0.000000000000000000, -0.000000000000000000, -1.000000000000000000 ) ) ;
#1480 = CARTESIAN_POINT ( 'NONE',  ( -1.192265989512728108, 108.0992208296363231, -1.098436068784416797 ) ) ;
#1481 = ORIENTED_EDGE ( 'NONE', *, *, #5079, .F. ) ;
#1482 = ORIENTED_EDGE ( 'NONE', *, *, #8141, .F. ) ;
#1483 = CARTESIAN_POINT ( 'NONE',  ( 33.45992960429834540, 108.1129500732899231, 122.8571184009966686 ) ) ;
#1484 = CARTESIAN_POINT ( 'NONE',  ( 30.46883808238525404, 31.42291474461031342, 1.000058081220097872 ) ) ;
#1485 = DIRECTION ( 'NONE',  ( 1.000000000000000000, -0.000000000000000000, 0.000000000000000000 ) ) ;
#1486 = EDGE_CURVE ( 'NONE', #5250, #498, #4742, .T. ) ;
#1487 = VERTEX_POINT ( 'NONE', #8410 ) ;
#1488 = ADVANCED_FACE ( 'NONE', ( #5510 ), #3440, .T. ) ;
#1489 = VECTOR ( 'NONE', #97, 1000.000000000000000 ) ;
#1490 = ORIENTED_EDGE ( 'NONE', *, *, #2514, .T. ) ;
#1491 = VERTEX_POINT ( 'NONE', #4289 ) ;
#1492 = CIRCLE ( 'NONE', #3357, 0.5000000000000000000 ) ;
#1493 = VERTEX_POINT ( 'NONE', #885 ) ;
#1494 = LINE ( 'NONE', #250, #8137 ) ;
#1495 = VECTOR ( 'NONE', #2183, 1000.000000000000227 ) ;
#1496 = DIRECTION ( 'NONE',  ( 1.000000000000000000, 1.192488072742265785E-08, 0.000000000000000000 ) ) ;
#1498 = EDGE_CURVE ( 'NONE', #2605, #1938, #6167, .T. ) ;
#1497 = LINE ( 'NONE', #4328, #4797 ) ;
#1499 = CARTESIAN_POINT ( 'NONE',  ( 0.000000000000000000, -0.5999999999999994227, -19.25780817680636048 ) ) ;
#1500 = CARTESIAN_POINT ( 'NONE',  ( 0.0001229918421319628800, 53.26423083457885355, -19.25780817680636048 ) ) ;
#1501 = VECTOR ( 'NONE', #7817, 1000.000000000000000 ) ;
#1502 = AXIS2_PLACEMENT_3D ( 'NONE', #2265, #7235, #6035 ) ;
#1503 = ORIENTED_EDGE ( 'NONE', *, *, #1639, .F. ) ;
#1504 = ORIENTED_EDGE ( 'NONE', *, *, #6875, .F. ) ;
#1505 = DIRECTION ( 'NONE',  ( 0.0004794410854574987632, -0.9999998850681163232, 0.000000000000000000 ) ) ;
#1506 = CARTESIAN_POINT ( 'NONE',  ( -0.1922659987901881862, 108.0993587771192068, -2.998419460000012471 ) ) ;
#1507 = CARTESIAN_POINT ( 'NONE',  ( 2.820070398492491304, -0.09999999999999939493, -3.998419459999999592 ) ) ;
#1508 = EDGE_CURVE ( 'NONE', #5624, #7033, #444, .T. ) ;
#1509 = AXIS2_PLACEMENT_3D ( 'NONE', #210, #8312, #2206 ) ;
#1510 = CARTESIAN_POINT ( 'NONE',  ( 30.96849391124851536, 34.38581635684566606, 3.000000000000000000 ) ) ;
#1511 = CARTESIAN_POINT ( 'NONE',  ( 26.64836102379999971, 96.92773413321998532, 1.500000000000000000 ) ) ;
#1512 = VERTEX_POINT ( 'NONE', #3617 ) ;
#1513 = EDGE_CURVE ( 'NONE', #5367, #4858, #6344, .T. ) ;
#1514 = EDGE_CURVE ( 'NONE', #8623, #2725, #3485, .T. ) ;
#1515 = DIRECTION ( 'NONE',  ( 0.000000000000000000, 0.000000000000000000, -1.000000000000000000 ) ) ;
#1516 = CARTESIAN_POINT ( 'NONE',  ( 19.74645814650587994, -0.09999999999999982514, 0.000000000000000000 ) ) ;
#1517 = DIRECTION ( 'NONE',  ( -0.000000000000000000, -1.000000000000000000, -0.000000000000000000 ) ) ;
#1518 = CARTESIAN_POINT ( 'NONE',  ( 29.45945019020032163, 109.1124853085973854, 0.000000000000000000 ) ) ;
#1519 = CARTESIAN_POINT ( 'NONE',  ( 29.47226753285274015, 1.900000000000000133, -2.998419460000012471 ) ) ;
#1520 = DIRECTION ( 'NONE',  ( 1.000000000000000000, 0.000000000000000000, 0.000000000000000000 ) ) ;
#1521 = ORIENTED_EDGE ( 'NONE', *, *, #1683, .F. ) ;
#1522 = EDGE_CURVE ( 'NONE', #883, #7562, #7734, .T. ) ;
#1523 = ORIENTED_EDGE ( 'NONE', *, *, #7582, .F. ) ;
#1524 = PLANE ( 'NONE',  #6125 ) ;
#1525 = DIRECTION ( 'NONE',  ( -0.9999999932531434821, -0.0001161624429837051277, 0.000000000000000000 ) ) ;
#1526 = DIRECTION ( 'NONE',  ( -0.000000000000000000, 0.000000000000000000, 1.000000000000000000 ) ) ;
#1527 = ORIENTED_EDGE ( 'NONE', *, *, #7067, .T. ) ;
#1528 = ORIENTED_EDGE ( 'NONE', *, *, #6050, .T. ) ;
#1529 = DIRECTION ( 'NONE',  ( 0.000000000000000000, 0.000000000000000000, -1.000000000000000000 ) ) ;
#1530 = ORIENTED_EDGE ( 'NONE', *, *, #4835, .T. ) ;
#1531 = ORIENTED_EDGE ( 'NONE', *, *, #2350, .F. ) ;
#1532 = CARTESIAN_POINT ( 'NONE',  ( 30.96849391124851536, 34.38581635684566606, 5.500000000000003553 ) ) ;
#1533 = ADVANCED_FACE ( 'NONE', ( #8240 ), #2090, .F. ) ;
#1534 = DIRECTION ( 'NONE',  ( 0.000000000000000000, 0.000000000000000000, 1.000000000000000000 ) ) ;
#1535 = CARTESIAN_POINT ( 'NONE',  ( 13.86479010925554789, 0.9000000000000002442, 1.000000000000000888 ) ) ;
#1536 = CARTESIAN_POINT ( 'NONE',  ( -1.197777550159804028, 45.34675602794822424, -0.02999999999999999889 ) ) ;
#1537 = DIRECTION ( 'NONE',  ( 0.9999998850681161011, 0.0004794410854595740346, 0.000000000000000000 ) ) ;
#1538 = EDGE_CURVE ( 'NONE', #3227, #1937, #7730, .T. ) ;
#1539 = ORIENTED_EDGE ( 'NONE', *, *, #2990, .T. ) ;
#1540 = CARTESIAN_POINT ( 'NONE',  ( 5.607803620000000322, 109.1010498479614625, 117.8988879368424563 ) ) ;
#1541 = EDGE_CURVE ( 'NONE', #5050, #782, #754, .T. ) ;
#1542 = ORIENTED_EDGE ( 'NONE', *, *, #59, .T. ) ;
#1543 = DIRECTION ( 'NONE',  ( 0.9999998850681161011, 0.0004794410854713764968, 0.000000000000000000 ) ) ;
#1544 = CARTESIAN_POINT ( 'NONE',  ( -1.192509944071284522, -0.0001385248693202887997, 1.469999999999999973 ) ) ;
#1545 = CARTESIAN_POINT ( 'NONE',  ( 0.8192053837724180276, 9.346479243125312308, -2.098418713067609076 ) ) ;
#1546 = AXIS2_PLACEMENT_3D ( 'NONE', #850, #4301, #2994 ) ;
#1547 = LINE ( 'NONE', #8412, #5051 ) ;
#1548 = AXIS2_PLACEMENT_3D ( 'NONE', #2376, #5782, #4439 ) ;
#1549 = CYLINDRICAL_SURFACE ( 'NONE', #2604, 1.529999995682009173 ) ;
#1550 = VECTOR ( 'NONE', #7813, 1000.000000000000114 ) ;
#1551 = ORIENTED_EDGE ( 'NONE', *, *, #7025, .T. ) ;
#1552 = TOROIDAL_SURFACE ( 'NONE', #1426, 0.5000000000000000000, 0.5000000000000000000 ) ;
#1553 = CARTESIAN_POINT ( 'NONE',  ( -0.1807365282592331701, 8.846363084055756332, -3.498419460000000480 ) ) ;
#1554 = CYLINDRICAL_SURFACE ( 'NONE', #997, 0.5000000000000019984 ) ;
#1555 = DIRECTION ( 'NONE',  ( 0.000000000000000000, -0.000000000000000000, -1.000000000000000000 ) ) ;
#1556 = DIRECTION ( 'NONE',  ( -0.000000000000000000, 0.000000000000000000, 1.000000000000000000 ) ) ;
#1557 = CYLINDRICAL_SURFACE ( 'NONE', #3587, 0.5000000000000000000 ) ;
#1558 = AXIS2_PLACEMENT_3D ( 'NONE', #204, #2921, #8390 ) ;
#1559 = FACE_OUTER_BOUND ( 'NONE', #8176, .T. ) ;
#1560 = EDGE_CURVE ( 'NONE', #4358, #612, #6927, .T. ) ;
#1561 = ORIENTED_EDGE ( 'NONE', *, *, #403, .F. ) ;
#1562 = LINE ( 'NONE', #6783, #707 ) ;
#1563 = LINE ( 'NONE', #2155, #908 ) ;
#1564 = EDGE_LOOP ( 'NONE', ( #558, #4701, #584, #2344 ) ) ;
#1565 = FACE_OUTER_BOUND ( 'NONE', #4052, .T. ) ;
#1566 = DIRECTION ( 'NONE',  ( 1.000000000000000000, 0.000000000000000000, 0.000000000000000000 ) ) ;
#1567 = DIRECTION ( 'NONE',  ( 2.938827022224868799E-16, -1.000000000000000000, 0.000000000000000000 ) ) ;
#1568 = EDGE_LOOP ( 'NONE', ( #6599, #1132, #8159, #5403 ) ) ;
#1569 = AXIS2_PLACEMENT_3D ( 'NONE', #5830, #4626, #3276 ) ;
#1570 = ADVANCED_FACE ( 'NONE', ( #1637 ), #6523, .F. ) ;
#1571 = EDGE_CURVE ( 'NONE', #6963, #3058, #2361, .T. ) ;
#1572 = VECTOR ( 'NONE', #2944, 1000.000000000000114 ) ;
#1573 = VERTEX_POINT ( 'NONE', #5149 ) ;
#1574 = CARTESIAN_POINT ( 'NONE',  ( 32.46728116525982699, 44.82599046975185075, 3.000000000000002220 ) ) ;
#1575 = EDGE_LOOP ( 'NONE', ( #3068, #6607, #5707, #3834 ) ) ;
#1576 = ORIENTED_EDGE ( 'NONE', *, *, #2760, .F. ) ;
#1577 = DIRECTION ( 'NONE',  ( 0.000000000000000000, -0.000000000000000000, -1.000000000000000000 ) ) ;
#1578 = CARTESIAN_POINT ( 'NONE',  ( 27.14836102379999971, 96.42773413321998532, 1.500000000000001332 ) ) ;
#1579 = LINE ( 'NONE', #3063, #1203 ) ;
#1580 = CIRCLE ( 'NONE', #1727, 0.4999999999999985567 ) ;
#1581 = FACE_OUTER_BOUND ( 'NONE', #2519, .T. ) ;
#1582 = SPHERICAL_SURFACE ( 'NONE', #63, 0.5000000000000000000 ) ;
#1583 = ORIENTED_EDGE ( 'NONE', *, *, #5262, .T. ) ;
#1584 = VECTOR ( 'NONE', #6950, 1000.000000000000000 ) ;
#1585 = DIRECTION ( 'NONE',  ( 0.000000000000000000, 0.000000000000000000, 1.000000000000000000 ) ) ;
#1586 = ORIENTED_EDGE ( 'NONE', *, *, #8362, .F. ) ;
#1587 = CYLINDRICAL_SURFACE ( 'NONE', #6279, 0.5000000000000004441 ) ;
#1588 = EDGE_LOOP ( 'NONE', ( #6175, #1395, #1804, #371 ) ) ;
#1589 = DIRECTION ( 'NONE',  ( 0.000000000000000000, 0.000000000000000000, 1.000000000000000000 ) ) ;
#1590 = CARTESIAN_POINT ( 'NONE',  ( 26.60540582195057979, 53.26416940061661620, -19.25780817680636048 ) ) ;
#1591 = DIRECTION ( 'NONE',  ( 0.000000000000000000, -1.000000000000000000, 0.000000000000000000 ) ) ;
#1592 = CIRCLE ( 'NONE', #1171, 0.5000000000000001110 ) ;
#1593 = DIRECTION ( 'NONE',  ( -0.0001161624429838006324, 0.9999999932531280500, -1.757488007574429971E-07 ) ) ;
#1594 = AXIS2_PLACEMENT_3D ( 'NONE', #821, #3548, #7534 ) ;
#1595 = CARTESIAN_POINT ( 'NONE',  ( 30.46728117875353448, 44.82575814487150012, 1.320000001411006485 ) ) ;
#1596 = EDGE_CURVE ( 'NONE', #7992, #4209, #964, .T. ) ;
#1597 = ORIENTED_EDGE ( 'NONE', *, *, #6353, .F. ) ;
#1598 = SURFACE_SIDE_STYLE ('',( #2991 ) ) ;
#1599 = FACE_OUTER_BOUND ( 'NONE', #2622, .T. ) ;
#1600 = DIRECTION ( 'NONE',  ( 0.000000000000000000, -0.000000000000000000, 1.000000000000000000 ) ) ;
#1601 = DIRECTION ( 'NONE',  ( -1.000000000000000000, 0.000000000000000000, 0.000000000000000000 ) ) ;
#1602 = DIRECTION ( 'NONE',  ( -0.9999999932531438152, -0.0001161624401738173886, 0.000000000000000000 ) ) ;
#1603 = FACE_OUTER_BOUND ( 'NONE', #5708, .T. ) ;
#1604 = VECTOR ( 'NONE', #4472, 1000.000000000000227 ) ;
#1605 = ORIENTED_EDGE ( 'NONE', *, *, #2125, .T. ) ;
#1606 = DIRECTION ( 'NONE',  ( 0.000000000000000000, 0.000000000000000000, -1.000000000000000000 ) ) ;
#1607 = CARTESIAN_POINT ( 'NONE',  ( 31.47075743461400776, 14.89999999999999680, -2.998419460000012471 ) ) ;
#1608 = EDGE_CURVE ( 'NONE', #8346, #1207, #1777, .T. ) ;
#1609 = VECTOR ( 'NONE', #753, 1000.000000000000000 ) ;
#1610 = ORIENTED_EDGE ( 'NONE', *, *, #805, .F. ) ;
#1611 = CARTESIAN_POINT ( 'NONE',  ( -5.220685276234232960E-08, 4.377976770095201253, -19.25780817680636048 ) ) ;
#1612 = VECTOR ( 'NONE', #8529, 1000.000000000000000 ) ;
#1613 = CARTESIAN_POINT ( 'NONE',  ( -0.1812882998600756912, 13.59636302333404601, -3.498419460000012471 ) ) ;
#1614 = EDGE_CURVE ( 'NONE', #4541, #8057, #260, .T. ) ;
#1615 = LINE ( 'NONE', #3681, #5861 ) ;
#1616 = ORIENTED_EDGE ( 'NONE', *, *, #3248, .F. ) ;
#1617 = ORIENTED_EDGE ( 'NONE', *, *, #5690, .T. ) ;
#1618 = VERTEX_POINT ( 'NONE', #2402 ) ;
#1619 = ORIENTED_EDGE ( 'NONE', *, *, #7690, .F. ) ;
#1620 = EDGE_CURVE ( 'NONE', #3755, #947, #3796, .T. ) ;
#1621 = EDGE_CURVE ( 'NONE', #7992, #7507, #306, .T. ) ;
#1622 = ORIENTED_EDGE ( 'NONE', *, *, #7770, .F. ) ;
#1623 = CARTESIAN_POINT ( 'NONE',  ( -0.6813463777081392170, 14.09630493873912727, -2.998419460000012471 ) ) ;
#1624 = LINE ( 'NONE', #5670, #5323 ) ;
#1625 = CARTESIAN_POINT ( 'NONE',  ( 2.806775098798322876, 110.0997070345843980, -3.998419459999999592 ) ) ;
#1626 = CARTESIAN_POINT ( 'NONE',  ( 5.607803620000002098, 108.6010497904955088, 1.500000000000000000 ) ) ;
#1627 = CIRCLE ( 'NONE', #4351, 1.000000000000000000 ) ;
#1628 = ORIENTED_EDGE ( 'NONE', *, *, #2740, .T. ) ;
#1629 = VECTOR ( 'NONE', #1600, 1000.000000000000000 ) ;
#1630 = ORIENTED_EDGE ( 'NONE', *, *, #171, .T. ) ;
#1631 = DIRECTION ( 'NONE',  ( 1.000000000000000000, 0.000000000000000000, 0.000000000000000000 ) ) ;
#1632 = AXIS2_PLACEMENT_3D ( 'NONE', #8726, #490, #5906 ) ;
#1633 = VERTEX_POINT ( 'NONE', #1731 ) ;
#1634 = LINE ( 'NONE', #257, #7560 ) ;
#1635 = ORIENTED_EDGE ( 'NONE', *, *, #1928, .T. ) ;
#1636 = FACE_OUTER_BOUND ( 'NONE', #6665, .T. ) ;
#1637 = FACE_OUTER_BOUND ( 'NONE', #1797, .T. ) ;
#1638 = DIRECTION ( 'NONE',  ( -1.000000000000000000, 0.000000000000000000, 0.000000000000000000 ) ) ;
#1639 = EDGE_CURVE ( 'NONE', #1813, #5716, #5602, .T. ) ;
#1640 = CARTESIAN_POINT ( 'NONE',  ( 29.47226753285274015, 1.900000000000000133, -3.998419459999999592 ) ) ;
#1641 = PLANE ( 'NONE',  #2460 ) ;
#1642 = VECTOR ( 'NONE', #3659, 1000.000000000000000 ) ;
#1643 = VECTOR ( 'NONE', #8140, 1000.000000000000000 ) ;
#1644 = ORIENTED_EDGE ( 'NONE', *, *, #6661, .F. ) ;
#1645 = ORIENTED_EDGE ( 'NONE', *, *, #7415, .F. ) ;
#1646 = AXIS2_PLACEMENT_3D ( 'NONE', #1574, #6914, #6286 ) ;
#1647 = EDGE_CURVE ( 'NONE', #2245, #5221, #1580, .T. ) ;
#1648 = DIRECTION ( 'NONE',  ( 0.000000000000000000, 0.000000000000000000, 1.000000000000000000 ) ) ;
#1649 = CARTESIAN_POINT ( 'NONE',  ( 27.14836102379999971, 90.90681127924001714, 2.500000000000000000 ) ) ;
#1650 = DIRECTION ( 'NONE',  ( 0.000000000000000000, 0.000000000000000000, 1.000000000000000000 ) ) ;
#1651 = ADVANCED_FACE ( 'NONE', ( #2314 ), #1443, .T. ) ;
#1652 = CYLINDRICAL_SURFACE ( 'NONE', #4746, 0.4999999999999985567 ) ;
#1653 = EDGE_CURVE ( 'NONE', #2066, #6689, #4520, .T. ) ;
#1654 = ORIENTED_EDGE ( 'NONE', *, *, #1901, .F. ) ;
#1655 = DIRECTION ( 'NONE',  ( 1.000000000000000000, 0.000000000000000000, 0.000000000000000000 ) ) ;
#1656 = CARTESIAN_POINT ( 'NONE',  ( -0.6838787780862298771, 35.89681374310357853, 1.469999999999999973 ) ) ;
#1657 = VERTEX_POINT ( 'NONE', #5770 ) ;
#1658 = DIRECTION ( 'NONE',  ( 0.000000000000000000, 0.000000000000000000, 1.000000000000000000 ) ) ;
#1659 = DIRECTION ( 'NONE',  ( 0.000000000000000000, 0.000000000000000000, 1.000000000000000000 ) ) ;
#1660 = DIRECTION ( 'NONE',  ( 0.000000000000000000, 0.000000000000000000, 1.000000000000000000 ) ) ;
#1661 = ORIENTED_EDGE ( 'NONE', *, *, #7924, .F. ) ;
#1662 = ORIENTED_EDGE ( 'NONE', *, *, #6389, .T. ) ;
#1663 = ORIENTED_EDGE ( 'NONE', *, *, #5789, .T. ) ;
#1664 = VERTEX_POINT ( 'NONE', #1679 ) ;
#1665 = VERTEX_POINT ( 'NONE', #1015 ) ;
#1666 = CARTESIAN_POINT ( 'NONE',  ( 21.46091302770999931, 0.000000000000000000, -19.25780817680636048 ) ) ;
#1667 = DIRECTION ( 'NONE',  ( -0.000000000000000000, -0.000000000000000000, 1.000000000000000000 ) ) ;
#1668 = DIRECTION ( 'NONE',  ( 0.9999999999949638063, -3.173724607192532497E-06, 0.000000000000000000 ) ) ;
#1669 = DIRECTION ( 'NONE',  ( 0.0001161624429838024349, -0.9999999932531434821, -0.000000000000000000 ) ) ;
#1670 = ORIENTED_EDGE ( 'NONE', *, *, #3935, .F. ) ;
#1671 = EDGE_CURVE ( 'NONE', #1430, #7137, #4030, .T. ) ;
#1672 = B_SPLINE_CURVE_WITH_KNOTS ( 'NONE', 3,
 ( #3337, #6031, #3295, #8760 ),
 .UNSPECIFIED., .F., .F.,
 ( 4, 4 ),
 ( 1.983597516375454544E-07, 0.0004922608350278228273 ),
 .UNSPECIFIED. ) ;
#1673 = ORIENTED_EDGE ( 'NONE', *, *, #3551, .T. ) ;
#1674 = CARTESIAN_POINT ( 'NONE',  ( -0.6812302152651550369, 13.09630494548598456, -2.098419372125607030 ) ) ;
#1675 = ORIENTED_EDGE ( 'NONE', *, *, #2226, .F. ) ;
#1676 = DIRECTION ( 'NONE',  ( -0.0001161624429838465484, 0.9999999932531434821, 0.000000000000000000 ) ) ;
#1677 = ORIENTED_EDGE ( 'NONE', *, *, #2168, .F. ) ;
#1678 = DIRECTION ( 'NONE',  ( -0.000000000000000000, -0.000000000000000000, -1.000000000000000000 ) ) ;
#1679 = CARTESIAN_POINT ( 'NONE',  ( 2.820070398492506403, -2.099999999999999645, 2.500000000000002220 ) ) ;
#1680 = CARTESIAN_POINT ( 'NONE',  ( 33.46849389438137479, 34.38610676294607771, 2.500000000000002220 ) ) ;
#1681 = DIRECTION ( 'NONE',  ( -1.000000000000000000, 0.000000000000000000, 0.000000000000000000 ) ) ;
#1682 = FACE_OUTER_BOUND ( 'NONE', #3788, .T. ) ;
#1683 = EDGE_CURVE ( 'NONE', #7956, #4048, #8581, .T. ) ;
#1684 = EDGE_CURVE ( 'NONE', #4053, #608, #5203, .T. ) ;
#1685 = ADVANCED_FACE ( 'NONE', ( #5245 ), #40, .T. ) ;
#1686 = EDGE_LOOP ( 'NONE', ( #5970, #2219, #2850, #6284, #7245, #2963, #5550, #1222, #334, #778, #2675, #7978 ) ) ;
#1687 = ORIENTED_EDGE ( 'NONE', *, *, #3248, .T. ) ;
#1688 = TOROIDAL_SURFACE ( 'NONE', #841, 0.5000000000000000000, 0.5000000000000000000 ) ;
#1689 = CARTESIAN_POINT ( 'NONE',  ( 33.46577728767645254, 57.77238103992796425, -1.599999999999997202 ) ) ;
#1690 = PLANE ( 'NONE',  #5872 ) ;
#1691 = CARTESIAN_POINT ( 'NONE',  ( 0.000000000000000000, 0.000000000000000000, -3.998419460000000480 ) ) ;
#1692 = CARTESIAN_POINT ( 'NONE',  ( 1.814901497536368424, 46.39712008122148035, 0.000000000000000000 ) ) ;
#1693 = DIRECTION ( 'NONE',  ( 2.938827022224868799E-16, -1.000000000000000000, 0.000000000000000000 ) ) ;
#1694 = CARTESIAN_POINT ( 'NONE',  ( 1.814901497536368646, 46.39712008122148745, 1.000000000000000888 ) ) ;
#1695 = CIRCLE ( 'NONE', #2846, 0.5000000000000004441 ) ;
#1696 = AXIS2_PLACEMENT_3D ( 'NONE', #173, #2891, #7129 ) ;
#1697 = AXIS2_PLACEMENT_3D ( 'NONE', #3850, #7334, #2512 ) ;
#1698 = ORIENTED_EDGE ( 'NONE', *, *, #5700, .T. ) ;
#1699 = EDGE_CURVE ( 'NONE', #782, #6367, #302, .T. ) ;
#1700 = CARTESIAN_POINT ( 'NONE',  ( 32.46843581990815153, 34.88599059713249773, 2.500000000000002220 ) ) ;
#1701 = LINE ( 'NONE', #2422, #5917 ) ;
#1702 = ORIENTED_EDGE ( 'NONE', *, *, #2143, .F. ) ;
#1703 = DIRECTION ( 'NONE',  ( 0.000000000000000000, 0.000000000000000000, -1.000000000000000000 ) ) ;
#1704 = CARTESIAN_POINT ( 'NONE',  ( 0.000000000000000000, 33.09706199999999399, 2.000000000000001776 ) ) ;
#1705 = AXIS2_PLACEMENT_3D ( 'NONE', #4491, #5870, #6453 ) ;
#1706 = CARTESIAN_POINT ( 'NONE',  ( -0.9767719949235738053, 35.89677971991174843, 1.469999999999999529 ) ) ;
#1707 = VERTEX_POINT ( 'NONE', #4740 ) ;
#1708 = ADVANCED_FACE ( 'NONE', ( #6742 ), #2539, .T. ) ;
#1709 = CIRCLE ( 'NONE', #3290, 0.5000000000000004441 ) ;
#1710 = VERTEX_POINT ( 'NONE', #614 ) ;
#1711 = ORIENTED_EDGE ( 'NONE', *, *, #6378, .T. ) ;
#1712 = TOROIDAL_SURFACE ( 'NONE', #6432, 1.000000000000000000, 0.5000000000000000000 ) ;
#1713 = ORIENTED_EDGE ( 'NONE', *, *, #3351, .F. ) ;
#1714 = DIRECTION ( 'NONE',  ( 1.000000000000000000, 0.000000000000000000, -0.000000000000000000 ) ) ;
#1715 = EDGE_LOOP ( 'NONE', ( #380, #3880, #278, #2956 ) ) ;
#1716 = LINE ( 'NONE', #2437, #7277 ) ;
#1717 = CARTESIAN_POINT ( 'NONE',  ( 15.81018184369973056, 1.400000000000000133, 1.500000000000000000 ) ) ;
#1718 = FACE_OUTER_BOUND ( 'NONE', #8668, .T. ) ;
#1719 = VECTOR ( 'NONE', #6586, 999.9999999999998863 ) ;
#1720 = DIRECTION ( 'NONE',  ( -0.0001161624401737049839, 0.9999999932531438152, 0.000000000000000000 ) ) ;
#1721 = VERTEX_POINT ( 'NONE', #1989 ) ;
#1722 = VECTOR ( 'NONE', #6212, 1000.000000000000000 ) ;
#1723 = AXIS2_PLACEMENT_3D ( 'NONE', #7793, #4391, #7108 ) ;
#1724 = EDGE_LOOP ( 'NONE', ( #2777, #3843, #2079, #3048 ) ) ;
#1725 = CARTESIAN_POINT ( 'NONE',  ( 8.632803620000000677, 64.95000097999999866, 3.500000000000000000 ) ) ;
#1726 = ORIENTED_EDGE ( 'NONE', *, *, #262, .F. ) ;
#1727 = AXIS2_PLACEMENT_3D ( 'NONE', #2498, #7140, #3030 ) ;
#1728 = FACE_OUTER_BOUND ( 'NONE', #5030, .T. ) ;
#1729 = ORIENTED_EDGE ( 'NONE', *, *, #4011, .F. ) ;
#1730 = CARTESIAN_POINT ( 'NONE',  ( 26.60523677587748637, -8.443769463621132211E-05, 2.500000000000000000 ) ) ;
#1731 = CARTESIAN_POINT ( 'NONE',  ( -0.6812882964866473490, 13.59630494211255503, -2.098419372125607030 ) ) ;
#1732 = CARTESIAN_POINT ( 'NONE',  ( 1.807733987716097390, 108.0995911020051778, 0.000000000000000000 ) ) ;
#1733 = EDGE_CURVE ( 'NONE', #3277, #1045, #7445, .T. ) ;
#1734 = LINE ( 'NONE', #7189, #900 ) ;
#1735 = CARTESIAN_POINT ( 'NONE',  ( 0.000000000000000000, 0.000000000000000000, 2.500000000000000000 ) ) ;
#1736 = AXIS2_PLACEMENT_3D ( 'NONE', #7855, #6417, #1051 ) ;
#1737 = VERTEX_POINT ( 'NONE', #7269 ) ;
#1738 = EDGE_LOOP ( 'NONE', ( #7350, #458, #7847, #8814 ) ) ;
#1739 = VECTOR ( 'NONE', #4427, 1000.000000000000000 ) ;
#1740 =( NAMED_UNIT ( * ) SI_UNIT ( $, .STERADIAN. ) SOLID_ANGLE_UNIT ( ) );
#1741 = DIRECTION ( 'NONE',  ( 0.000000000000000000, 0.000000000000000000, -1.000000000000000000 ) ) ;
#1742 = DIRECTION ( 'NONE',  ( 0.9999998850681161011, 0.0004794410854595739803, -0.000000000000000000 ) ) ;
#1743 = EDGE_CURVE ( 'NONE', #3058, #5386, #7156, .T. ) ;
#1744 = AXIS2_PLACEMENT_3D ( 'NONE', #2645, #8776, #2688 ) ;
#1745 = DIRECTION ( 'NONE',  ( 0.000000000000000000, 0.000000000000000000, 1.000000000000000000 ) ) ;
#1746 = CARTESIAN_POINT ( 'NONE',  ( 4.132803619999999789, 7.550000979999999196, 3.500000000000000000 ) ) ;
#1747 = CIRCLE ( 'NONE', #3047, 0.5000000000000001110 ) ;
#1748 = AXIS2_PLACEMENT_3D ( 'NONE', #1110, #2363, #5854 ) ;
#1749 = PLANE ( 'NONE',  #8642 ) ;
#1750 = EDGE_LOOP ( 'NONE', ( #429, #919, #1503, #1230 ) ) ;
#1751 = DIRECTION ( 'NONE',  ( -0.0001161624429838024213, 0.9999999932531434821, 0.000000000000000000 ) ) ;
#1752 = ORIENTED_EDGE ( 'NONE', *, *, #6140, .F. ) ;
#1753 = CARTESIAN_POINT ( 'NONE',  ( 12.85780362000000032, 108.6045257387645933, 1.500000000000001332 ) ) ;
#1754 = CARTESIAN_POINT ( 'NONE',  ( 0.000000000000000000, 33.09706199999999399, 0.000000000000000000 ) ) ;
#1755 = DIRECTION ( 'NONE',  ( 1.000000000000000000, 0.000000000000000000, 0.000000000000000000 ) ) ;
#1756 = ORIENTED_EDGE ( 'NONE', *, *, #3604, .F. ) ;
#1757 = VERTEX_POINT ( 'NONE', #479 ) ;
#1758 = VERTEX_POINT ( 'NONE', #8083 ) ;
#1759 = CARTESIAN_POINT ( 'NONE',  ( 2.820070398492491304, -1.099999999999999867, -2.998419460000012471 ) ) ;
#1760 = EDGE_LOOP ( 'NONE', ( #1039, #8491, #2558, #5334 ) ) ;
#1761 = ADVANCED_FACE ( 'NONE', ( #5455 ), #6034, .T. ) ;
#1762 = DIRECTION ( 'NONE',  ( -1.000000000000000000, 0.000000000000000000, 0.000000000000000000 ) ) ;
#1763 = EDGE_CURVE ( 'NONE', #3844, #562, #8845, .T. ) ;
#1764 = DIRECTION ( 'NONE',  ( 0.0001161624401737049704, -0.9999999932531437041, 0.000000000000000000 ) ) ;
#1765 = DIRECTION ( 'NONE',  ( 0.000000000000000000, 1.000000000000000000, -0.000000000000000000 ) ) ;
#1766 = LINE ( 'NONE', #5975, #710 ) ;
#1767 = ORIENTED_EDGE ( 'NONE', *, *, #1571, .F. ) ;
#1768 = CIRCLE ( 'NONE', #3034, 0.5000000000000000000 ) ;
#1769 = ORIENTED_EDGE ( 'NONE', *, *, #8525, .T. ) ;
#1770 = CARTESIAN_POINT ( 'NONE',  ( 10.26479014859577532, 4.486882261149463414E-07, -19.25780817680636048 ) ) ;
#1771 = VERTEX_POINT ( 'NONE', #2632 ) ;
#1772 = EDGE_CURVE ( 'NONE', #325, #7252, #6076, .T. ) ;
#1773 = PLANE ( 'NONE',  #8567 ) ;
#1774 = ORIENTED_EDGE ( 'NONE', *, *, #967, .F. ) ;
#1775 = CARTESIAN_POINT ( 'NONE',  ( -0.6850345943869041720, 45.34681361558800461, -1.496672395567841588E-19 ) ) ;
#1776 = TOROIDAL_SURFACE ( 'NONE', #2340, 3.000000000000001776, 1.000000000000000000 ) ;
#1777 = LINE ( 'NONE', #393, #7590 ) ;
#1778 = CARTESIAN_POINT ( 'NONE',  ( 0.8192634649939107838, 8.846479246498740068, -2.098418713067609076 ) ) ;
#1779 = DIRECTION ( 'NONE',  ( -1.000000000000000000, -0.000000000000000000, 0.000000000000000000 ) ) ;
#1780 = DIRECTION ( 'NONE',  ( -0.000000000000000000, 0.000000000000000000, 1.000000000000000000 ) ) ;
#1781 = AXIS2_PLACEMENT_3D ( 'NONE', #7414, #6699, #5506 ) ;
#1782 = AXIS2_PLACEMENT_3D ( 'NONE', #8509, #6395, #3628 ) ;
#1783 = ORIENTED_EDGE ( 'NONE', *, *, #3779, .F. ) ;
#1784 = ORIENTED_EDGE ( 'NONE', *, *, #6652, .T. ) ;
#1785 = DIRECTION ( 'NONE',  ( -0.000000000000000000, -0.000000000000000000, -1.000000000000000000 ) ) ;
#1786 = CYLINDRICAL_SURFACE ( 'NONE', #7506, 0.5000000000000004441 ) ;
#1787 = CIRCLE ( 'NONE', #8077, 3.999999999999996447 ) ;
#1788 = LINE ( 'NONE', #3849, #4305 ) ;
#1789 = FACE_OUTER_BOUND ( 'NONE', #3643, .T. ) ;
#1790 = EDGE_CURVE ( 'NONE', #4688, #5783, #6787, .T. ) ;
#1791 = ADVANCED_FACE ( 'NONE', ( #654 ), #1951, .T. ) ;
#1792 = VECTOR ( 'NONE', #647, 1000.000000000000000 ) ;
#1793 = DIRECTION ( 'NONE',  ( 0.000000000000000000, -0.000000000000000000, 1.000000000000000000 ) ) ;
#1794 = ORIENTED_EDGE ( 'NONE', *, *, #834, .F. ) ;
#1795 = DIRECTION ( 'NONE',  ( 0.000000000000000000, 0.000000000000000000, -1.000000000000000000 ) ) ;
#1796 = CARTESIAN_POINT ( 'NONE',  ( -0.1922659987901899348, 108.0993587771192068, -2.998419460000012471 ) ) ;
#1797 = EDGE_LOOP ( 'NONE', ( #518, #8020, #1248, #2748 ) ) ;
#1798 = DIRECTION ( 'NONE',  ( 0.9999999932531434821, 0.0001161624429838024349, -0.000000000000000000 ) ) ;
#1799 = DIRECTION ( 'NONE',  ( 1.000000000000000000, 0.000000000000000000, 0.000000000000000000 ) ) ;
#1800 = LINE ( 'NONE', #3863, #7259 ) ;
#1801 = EDGE_CURVE ( 'NONE', #6553, #7363, #6733, .T. ) ;
#1802 = ORIENTED_EDGE ( 'NONE', *, *, #1647, .T. ) ;
#1803 = EDGE_CURVE ( 'NONE', #3227, #3951, #3207, .T. ) ;
#1804 = ORIENTED_EDGE ( 'NONE', *, *, #3281, .T. ) ;
#1805 = CARTESIAN_POINT ( 'NONE',  ( 1.309244133215799577, 95.09898766258029923, -1.898419459999999948 ) ) ;
#1806 = APPLICATION_CONTEXT ( 'automotive_design' ) ;
#1807 = ORIENTED_EDGE ( 'NONE', *, *, #1790, .T. ) ;
#1808 = DIRECTION ( 'NONE',  ( 1.000000000000000000, 0.000000000000000000, 0.000000000000000000 ) ) ;
#1809 = DIRECTION ( 'NONE',  ( 0.000000000000000000, 0.000000000000000000, 1.000000000000000000 ) ) ;
#1810 = CARTESIAN_POINT ( 'NONE',  ( 27.13280362000000068, 29.55000098000000008, 1.500000000000000000 ) ) ;
#1811 = PLANE ( 'NONE',  #985 ) ;
#1812 = VERTEX_POINT ( 'NONE', #8807 ) ;
#1813 = VERTEX_POINT ( 'NONE', #1908 ) ;
#1814 = CARTESIAN_POINT ( 'NONE',  ( 4.632803619999999789, 7.550000979999999196, 1.500000000000000000 ) ) ;
#1815 = EDGE_LOOP ( 'NONE', ( #7708, #3193, #5087, #620 ) ) ;
#1816 = EDGE_CURVE ( 'NONE', #7385, #4688, #3588, .T. ) ;
#1817 = DIRECTION ( 'NONE',  ( 1.000000000000000000, 0.000000000000000000, -0.000000000000000000 ) ) ;
#1818 = VERTEX_POINT ( 'NONE', #3257 ) ;
#1819 = DIRECTION ( 'NONE',  ( 0.000000000000000000, 1.000000000000000000, 0.000000000000000000 ) ) ;
#1820 = DIRECTION ( 'NONE',  ( -1.972096669307507374E-16, 1.000000000000000000, 0.000000000000000000 ) ) ;
#1821 = DIRECTION ( 'NONE',  ( 1.000000000000000000, 0.000000000000000000, 0.000000000000000000 ) ) ;
#1822 = EDGE_CURVE ( 'NONE', #7034, #8547, #2938, .T. ) ;
#1823 = DIRECTION ( 'NONE',  ( 1.000000000000000000, -0.000000000000000000, 0.000000000000000000 ) ) ;
#1824 = ADVANCED_FACE ( 'NONE', ( #5409 ), #8712, .T. ) ;
#1825 = ORIENTED_EDGE ( 'NONE', *, *, #6967, .F. ) ;
#1826 = ORIENTED_EDGE ( 'NONE', *, *, #3541, .F. ) ;
#1827 = DIRECTION ( 'NONE',  ( -0.000000000000000000, -0.000000000000000000, -1.000000000000000000 ) ) ;
#1828 = CARTESIAN_POINT ( 'NONE',  ( -0.1806784470377415519, 8.346363087429184091, -2.998419460000012471 ) ) ;
#1829 = DIRECTION ( 'NONE',  ( 0.000000000000000000, 0.000000000000000000, 1.000000000000000000 ) ) ;
#1830 = VECTOR ( 'NONE', #5966, 1000.000000000000000 ) ;
#1831 = ORIENTED_EDGE ( 'NONE', *, *, #3865, .F. ) ;
#1832 = CARTESIAN_POINT ( 'NONE',  ( 0.8077339970037664685, 108.0994530666478965, -1.598436068784445219 ) ) ;
#1833 = DIRECTION ( 'NONE',  ( 0.000000000000000000, 0.000000000000000000, 1.000000000000000000 ) ) ;
#1834 = VERTEX_POINT ( 'NONE', #4067 ) ;
#1835 = DIRECTION ( 'NONE',  ( 0.000000000000000000, -1.000000000000000000, 0.000000000000000000 ) ) ;
#1836 = EDGE_CURVE ( 'NONE', #995, #3215, #4874, .T. ) ;
#1837 = FACE_OUTER_BOUND ( 'NONE', #8843, .T. ) ;
#1838 = ORIENTED_EDGE ( 'NONE', *, *, #2251, .F. ) ;
#1839 = EDGE_CURVE ( 'NONE', #4224, #4167, #728, .T. ) ;
#1840 = ORIENTED_EDGE ( 'NONE', *, *, #8574, .T. ) ;
#1841 = VECTOR ( 'NONE', #3688, 1000.000000000000000 ) ;
#1842 = VERTEX_POINT ( 'NONE', #96 ) ;
#1843 = DIRECTION ( 'NONE',  ( -0.0001161624401733476580, 0.9999999932531437041, 1.417257745810924645E-14 ) ) ;
#1844 = AXIS2_PLACEMENT_3D ( 'NONE', #7112, #8555, #7887 ) ;
#1845 = EDGE_LOOP ( 'NONE', ( #6509, #5145, #5147, #3250, #5695, #5991, #8475, #1086 ) ) ;
#1846 = CARTESIAN_POINT ( 'NONE',  ( 29.47226753285272594, -2.100000000000000089, 122.8571184009966686 ) ) ;
#1847 = DIRECTION ( 'NONE',  ( 0.000000000000000000, 0.000000000000000000, -1.000000000000000000 ) ) ;
#1848 = DIRECTION ( 'NONE',  ( 0.000000000000000000, 0.000000000000000000, 1.000000000000000000 ) ) ;
#1849 = EDGE_CURVE ( 'NONE', #6832, #4659, #5630, .T. ) ;
#1850 = DIRECTION ( 'NONE',  ( 0.9999999999999991118, 4.371138843438217064E-08, 0.000000000000000000 ) ) ;
#1851 = ORIENTED_EDGE ( 'NONE', *, *, #3957, .T. ) ;
#1852 = CIRCLE ( 'NONE', #430, 1.000000000000000888 ) ;
#1853 = VECTOR ( 'NONE', #2817, 1000.000000000000000 ) ;
#1854 = EDGE_CURVE ( 'NONE', #2010, #5758, #744, .T. ) ;
#1855 = ORIENTED_EDGE ( 'NONE', *, *, #56, .F. ) ;
#1856 = DIRECTION ( 'NONE',  ( -4.371138674066353317E-08, 0.9999999999999991118, 0.000000000000000000 ) ) ;
#1857 = ORIENTED_EDGE ( 'NONE', *, *, #1891, .F. ) ;
#1858 = DIRECTION ( 'NONE',  ( 1.000000000000000000, 0.000000000000000000, 0.000000000000000000 ) ) ;
#1859 = ORIENTED_EDGE ( 'NONE', *, *, #4283, .T. ) ;
#1860 = DIRECTION ( 'NONE',  ( 0.0001161624401737789401, -0.9999999932531438152, 0.000000000000000000 ) ) ;
#1861 = CARTESIAN_POINT ( 'NONE',  ( 10.05780362000000139, 47.75000098000001003, 3.500000000000000000 ) ) ;
#1862 = DIRECTION ( 'NONE',  ( 0.9999999999999991118, 4.371138883555511949E-08, 0.000000000000000000 ) ) ;
#1863 = VECTOR ( 'NONE', #2264, 1000.000000000000000 ) ;
#1864 = DIRECTION ( 'NONE',  ( 1.000000000000000000, 0.000000000000000000, 0.000000000000000000 ) ) ;
#1865 = CARTESIAN_POINT ( 'NONE',  ( 30.96143970264291312, 95.11320414504429266, -2.998419460000000480 ) ) ;
#1866 = VECTOR ( 'NONE', #3641, 1000.000000000000227 ) ;
#1867 = ADVANCED_FACE ( 'NONE', ( #2930 ), #2803, .T. ) ;
#1868 = EDGE_LOOP ( 'NONE', ( #7631, #8377, #4865, #5476 ) ) ;
#1869 = AXIS2_PLACEMENT_3D ( 'NONE', #2211, #792, #8182 ) ;
#1870 = EDGE_LOOP ( 'NONE', ( #2924, #1530, #6410, #1367 ) ) ;
#1871 = DIRECTION ( 'NONE',  ( -1.000000000000000000, -1.192488072742265785E-08, 0.000000000000000000 ) ) ;
#1872 = DIRECTION ( 'NONE',  ( 0.9999999932531439262, 0.0001161624401737789536, -0.000000000000000000 ) ) ;
#1873 = VECTOR ( 'NONE', #8469, 1000.000000000000000 ) ;
#1874 = EDGE_CURVE ( 'NONE', #8266, #4048, #214, .T. ) ;
#1875 = AXIS2_PLACEMENT_3D ( 'NONE', #426, #7040, #3106 ) ;
#1876 = CARTESIAN_POINT ( 'NONE',  ( 0.8200704119861902397, 1.899767675114046872, -3.998419459999999592 ) ) ;
#1877 = CARTESIAN_POINT ( 'NONE',  ( 2.314901507656655255, 45.89706200000000536, 2.000000000000000888 ) ) ;
#1878 = AXIS2_PLACEMENT_3D ( 'NONE', #804, #889, #6347 ) ;
#1879 = ORIENTED_EDGE ( 'NONE', *, *, #7655, .T. ) ;
#1880 = CIRCLE ( 'NONE', #319, 0.5000000000000004441 ) ;
#1881 = ORIENTED_EDGE ( 'NONE', *, *, #5121, .T. ) ;
#1882 = DIRECTION ( 'NONE',  ( 0.000000000000000000, -1.000000000000000000, 0.000000000000000000 ) ) ;
#1883 = LINE ( 'NONE', #2012, #2497 ) ;
#1884 = ORIENTED_EDGE ( 'NONE', *, *, #8522, .F. ) ;
#1885 = DIRECTION ( 'NONE',  ( 1.000000000000000000, 0.000000000000000000, 0.000000000000000000 ) ) ;
#1886 = VECTOR ( 'NONE', #6117, 1000.000000000000000 ) ;
#1887 = DIRECTION ( 'NONE',  ( 0.000000000000000000, 0.000000000000000000, 1.000000000000000000 ) ) ;
#1888 = DIRECTION ( 'NONE',  ( 0.000000000000000000, -1.000000000000000000, 0.000000000000000000 ) ) ;
#1889 = CIRCLE ( 'NONE', #5338, 2.000000000000001332 ) ;
#1890 = ORIENTED_EDGE ( 'NONE', *, *, #1034, .F. ) ;
#1891 = EDGE_CURVE ( 'NONE', #4334, #3721, #7451, .T. ) ;
#1892 = ORIENTED_EDGE ( 'NONE', *, *, #7067, .F. ) ;
#1893 = CARTESIAN_POINT ( 'NONE',  ( 15.81018196609150195, 1.382170035077282349E-06, 1.500000000000001332 ) ) ;
#1894 = ADVANCED_FACE ( 'NONE', ( #7501 ), #4239, .F. ) ;
#1895 = ORIENTED_EDGE ( 'NONE', *, *, #583, .T. ) ;
#1896 = CARTESIAN_POINT ( 'NONE',  ( 30.96883808238525404, 31.42291474461031342, 3.500000000000001332 ) ) ;
#1897 = DIRECTION ( 'NONE',  ( 1.000000000000000000, 0.000000000000000000, 0.000000000000000000 ) ) ;
#1898 = DIRECTION ( 'NONE',  ( 1.000000000000000000, 0.000000000000000000, 0.000000000000000000 ) ) ;
#1899 = CARTESIAN_POINT ( 'NONE',  ( -0.6850152339796857781, 45.34681361558800461, -0.03000000112447614997 ) ) ;
#1900 = VERTEX_POINT ( 'NONE', #1410 ) ;
#1901 = EDGE_CURVE ( 'NONE', #3776, #8226, #6243, .T. ) ;
#1902 = ORIENTED_EDGE ( 'NONE', *, *, #3703, .F. ) ;
#1903 = EDGE_CURVE ( 'NONE', #6156, #7630, #3427, .T. ) ;
#1904 = DIRECTION ( 'NONE',  ( 0.000000000000000000, -0.000000000000000000, 1.000000000000000000 ) ) ;
#1905 = ORIENTED_EDGE ( 'NONE', *, *, #596, .T. ) ;
#1906 = DIRECTION ( 'NONE',  ( -0.0001161624401737789265, 0.9999999932531438152, 1.019625874285714176E-16 ) ) ;
#1907 = CARTESIAN_POINT ( 'NONE',  ( 12.85780362000000032, 109.1045257962305328, 117.8988879368424563 ) ) ;
#1908 = CARTESIAN_POINT ( 'NONE',  ( 32.96733924310647978, 44.32604855434536972, 1.319999999999899920 ) ) ;
#1909 = CARTESIAN_POINT ( 'NONE',  ( -0.6806784436643132929, 8.346305006207693111, -2.098418713067609076 ) ) ;
#1910 = DIRECTION ( 'NONE',  ( 1.000000000000000000, 0.000000000000000000, 0.000000000000000000 ) ) ;
#1911 = CARTESIAN_POINT ( 'NONE',  ( 5.132803619999998901, 7.550000979999999196, 1.500000000000000000 ) ) ;
#1912 = AXIS2_PLACEMENT_3D ( 'NONE', #1759, #5267, #1095 ) ;
#1913 = FACE_OUTER_BOUND ( 'NONE', #4430, .T. ) ;
#1914 = VERTEX_POINT ( 'NONE', #1457 ) ;
#1915 = AXIS2_PLACEMENT_3D ( 'NONE', #5962, #5347, #1968 ) ;
#1916 = ORIENTED_EDGE ( 'NONE', *, *, #8481, .T. ) ;
#1917 = EDGE_CURVE ( 'NONE', #5935, #2398, #4755, .T. ) ;
#1918 = LINE ( 'NONE', #8725, #7007 ) ;
#1919 = CARTESIAN_POINT ( 'NONE',  ( 0.8186536121715759506, 14.09647918240360198, -3.498419460000000480 ) ) ;
#1920 = CARTESIAN_POINT ( 'NONE',  ( 5.132803619999998901, 29.55000098000000008, 3.000000000000000000 ) ) ;
#1921 = CARTESIAN_POINT ( 'NONE',  ( 21.70523287589208294, -6.888643168340995615E-05, -19.25780817680636048 ) ) ;
#1922 = DIRECTION ( 'NONE',  ( -0.000000000000000000, -0.000000000000000000, -1.000000000000000000 ) ) ;
#1923 = EDGE_CURVE ( 'NONE', #110, #870, #8018, .T. ) ;
#1924 = ORIENTED_EDGE ( 'NONE', *, *, #7203, .F. ) ;
#1925 = CIRCLE ( 'NONE', #923, 0.5000000000000004441 ) ;
#1926 = AXIS2_PLACEMENT_3D ( 'NONE', #6617, #1242, #7923 ) ;
#1927 = VERTEX_POINT ( 'NONE', #6998 ) ;
#1928 = EDGE_CURVE ( 'NONE', #3755, #4223, #5038, .T. ) ;
#1929 = FACE_OUTER_BOUND ( 'NONE', #434, .T. ) ;
#1930 = LINE ( 'NONE', #7290, #2917 ) ;
#1931 = ORIENTED_EDGE ( 'NONE', *, *, #6965, .T. ) ;
#1932 = DIRECTION ( 'NONE',  ( 1.000000000000000000, 0.000000000000000000, -0.000000000000000000 ) ) ;
#1933 = CARTESIAN_POINT ( 'NONE',  ( 30.97248786666982312, 0.003597839793098920116, 3.426814665646245039 ) ) ;
#1934 = DIRECTION ( 'NONE',  ( -3.576220230030157874E-16, 1.000000000000000000, 0.000000000000000000 ) ) ;
#1935 = AXIS2_PLACEMENT_3D ( 'NONE', #5053, #5240, #4466 ) ;
#1936 = EDGE_CURVE ( 'NONE', #797, #1771, #6918, .T. ) ;
#1937 = VERTEX_POINT ( 'NONE', #874 ) ;
#1938 = VERTEX_POINT ( 'NONE', #3608 ) ;
#1939 = CARTESIAN_POINT ( 'NONE',  ( 2.055498360106693401, 33.09706199999999399, 1.446143470363206784 ) ) ;
#1940 =( GEOMETRIC_REPRESENTATION_CONTEXT ( 3 ) GLOBAL_UNCERTAINTY_ASSIGNED_CONTEXT ( ( #7099 ) ) GLOBAL_UNIT_ASSIGNED_CONTEXT ( ( #4144, #3474, #89 ) ) REPRESENTATION_CONTEXT ( 'NONE', 'WORKASPACE' ) );
#1941 = EDGE_LOOP ( 'NONE', ( #5530, #2885, #55, #4516 ) ) ;
#1942 = CARTESIAN_POINT ( 'NONE',  ( 29.47226753285274015, 1.400000000000000133, 1.500000000000000000 ) ) ;
#1943 = DIRECTION ( 'NONE',  ( 0.000000000000000000, 0.000000000000000000, 1.000000000000000000 ) ) ;
#1944 = CARTESIAN_POINT ( 'NONE',  ( 8.632803620000000677, 75.15143637488998252, 3.500000000000000000 ) ) ;
#1945 = ORIENTED_EDGE ( 'NONE', *, *, #4569, .T. ) ;
#1946 = ORIENTED_EDGE ( 'NONE', *, *, #7582, .T. ) ;
#1947 = DIRECTION ( 'NONE',  ( 0.0004794410854575053768, -0.9999998850681162121, 0.000000000000000000 ) ) ;
#1948 = ORIENTED_EDGE ( 'NONE', *, *, #1684, .T. ) ;
#1949 = LINE ( 'NONE', #5406, #4143 ) ;
#1950 = DIRECTION ( 'NONE',  ( 0.000000000000000000, -0.000000000000000000, -1.000000000000000000 ) ) ;
#1951 = PLANE ( 'NONE',  #4451 ) ;
#1952 = CARTESIAN_POINT ( 'NONE',  ( 31.46842068153407723, 35.01625324558546737, 0.7019704427157940074 ) ) ;
#1953 = DIRECTION ( 'NONE',  ( 0.000000000000000000, 0.000000000000000000, -1.000000000000000000 ) ) ;
#1954 = EDGE_CURVE ( 'NONE', #3454, #8109, #174, .T. ) ;
#1955 = LINE ( 'NONE', #8131, #6463 ) ;
#1956 = ORIENTED_EDGE ( 'NONE', *, *, #8107, .T. ) ;
#1957 = DIRECTION ( 'NONE',  ( 3.155714671910230055E-43, -2.716639362568421076E-39, 1.000000000000000000 ) ) ;
#1958 = ORIENTED_EDGE ( 'NONE', *, *, #446, .T. ) ;
#1959 = LINE ( 'NONE', #6086, #7147 ) ;
#1960 = CARTESIAN_POINT ( 'NONE',  ( 29.96691063599584837, 48.01559628190723572, 1.500000000000000000 ) ) ;
#1961 = CARTESIAN_POINT ( 'NONE',  ( 13.36479015296693795, -0.5999999999999994227, -19.25780817680636048 ) ) ;
#1962 = EDGE_CURVE ( 'NONE', #8646, #8831, #2882, .T. ) ;
#1963 = FACE_OUTER_BOUND ( 'NONE', #4094, .T. ) ;
#1964 = ADVANCED_FACE ( 'NONE', ( #829 ), #3560, .T. ) ;
#1965 = EDGE_LOOP ( 'NONE', ( #7963, #6588, #8315, #7850, #4307 ) ) ;
#1966 = ORIENTED_EDGE ( 'NONE', *, *, #3553, .F. ) ;
#1967 = CARTESIAN_POINT ( 'NONE',  ( 5.132803619999998901, 7.550000979999999196, 3.000000000000000000 ) ) ;
#1968 = DIRECTION ( 'NONE',  ( -0.0001161624401668776951, 0.9999999932531438152, 0.000000000000000000 ) ) ;
#1969 = VERTEX_POINT ( 'NONE', #5499 ) ;
#1970 = DIRECTION ( 'NONE',  ( -0.9999999932531437041, -0.0001161624401737049704, 0.000000000000000000 ) ) ;
#1971 = DIRECTION ( 'NONE',  ( -0.9999999932531434821, -0.0001161624429838024213, 0.000000000000000000 ) ) ;
#1972 = ORIENTED_EDGE ( 'NONE', *, *, #3792, .F. ) ;
#1973 = ORIENTED_EDGE ( 'NONE', *, *, #271, .T. ) ;
#1974 = CARTESIAN_POINT ( 'NONE',  ( 1.816504539260360263, 32.59712008122148319, 1.000000000000000444 ) ) ;
#1975 = AXIS2_PLACEMENT_3D ( 'NONE', #5610, #1556, #236 ) ;
#1976 = DIRECTION ( 'NONE',  ( -3.155714671910230055E-43, 2.716639362568421076E-39, -1.000000000000000000 ) ) ;
#1977 = CARTESIAN_POINT ( 'NONE',  ( 1.820070405239333944, 1.899883837557014843, 117.8988879368424563 ) ) ;
#1978 = EDGE_CURVE ( 'NONE', #6154, #5748, #8400, .T. ) ;
#1979 = ORIENTED_EDGE ( 'NONE', *, *, #8246, .F. ) ;
#1980 = AXIS2_PLACEMENT_3D ( 'NONE', #3430, #6961, #7591 ) ;
#1981 = VECTOR ( 'NONE', #2841, 1000.000000000000000 ) ;
#1982 = VERTEX_POINT ( 'NONE', #1002 ) ;
#1983 = VECTOR ( 'NONE', #1676, 999.9999999999998863 ) ;
#1984 = CARTESIAN_POINT ( 'NONE',  ( 33.45992960429834540, 108.1129500732899231, -2.998419460000012471 ) ) ;
#1985 = ORIENTED_EDGE ( 'NONE', *, *, #8108, .T. ) ;
#1986 = CARTESIAN_POINT ( 'NONE',  ( 21.55780361999999784, 48.25000098000001003, 1.500000000000000000 ) ) ;
#1987 = ORIENTED_EDGE ( 'NONE', *, *, #7037, .T. ) ;
#1988 = DIRECTION ( 'NONE',  ( 0.9999999932531434821, 0.0001161624429837051277, 0.000000000000000000 ) ) ;
#1989 = CARTESIAN_POINT ( 'NONE',  ( 1.316504542633788910, 33.09706199999999399, 1.000000000000000888 ) ) ;
#1990 = FACE_OUTER_BOUND ( 'NONE', #466, .T. ) ;
#1991 = AXIS2_PLACEMENT_3D ( 'NONE', #6593, #469, #8657 ) ;
#1992 = DIRECTION ( 'NONE',  ( 0.000000000000000000, 0.000000000000000000, 1.000000000000000000 ) ) ;
#1993 = DIRECTION ( 'NONE',  ( 0.000000000000000000, 0.000000000000000000, -1.000000000000000000 ) ) ;
#1994 = VECTOR ( 'NONE', #3590, 1000.000000000000000 ) ;
#1995 = CARTESIAN_POINT ( 'NONE',  ( 27.13280362000000068, 29.55000098000000008, 1.500000000000000000 ) ) ;
#1996 = EDGE_LOOP ( 'NONE', ( #1354, #64, #775, #1135, #4064, #7232 ) ) ;
#1997 = CARTESIAN_POINT ( 'NONE',  ( 0.000000000000000000, 33.09706199999999399, 2.500000000000000000 ) ) ;
#1998 = EDGE_LOOP ( 'NONE', ( #2920, #7194, #2661, #928 ) ) ;
#1999 = EDGE_CURVE ( 'NONE', #6043, #4010, #2302, .T. ) ;
#2000 = CARTESIAN_POINT ( 'NONE',  ( 29.45849130802940152, 111.1124850787335987, -2.998419460000012471 ) ) ;
#2001 = DIRECTION ( 'NONE',  ( -0.000000000000000000, -0.000000000000000000, -1.000000000000000000 ) ) ;
#2002 = LINE ( 'NONE', #4929, #3657 ) ;
#2003 = EDGE_CURVE ( 'NONE', #85, #3215, #7224, .T. ) ;
#2004 = DIRECTION ( 'NONE',  ( 0.9999999932531434821, 0.0001161624429837051277, 0.000000000000000000 ) ) ;
#2005 = CIRCLE ( 'NONE', #7581, 1.000000000000001332 ) ;
#2006 = FACE_BOUND ( 'NONE', #5364, .T. ) ;
#2007 = CIRCLE ( 'NONE', #2587, 1.000000000000000888 ) ;
#2008 = VERTEX_POINT ( 'NONE', #2252 ) ;
#2009 = ADVANCED_FACE ( 'NONE', ( #8488 ), #1098, .T. ) ;
#2010 = VERTEX_POINT ( 'NONE', #8444 ) ;
#2011 = LINE ( 'NONE', #6805, #6295 ) ;
#2012 = CARTESIAN_POINT ( 'NONE',  ( 15.70325953999999946, 45.89706200000001246, 1.500000000000000000 ) ) ;
#2013 = AXIS2_PLACEMENT_3D ( 'NONE', #3838, #5726, #2452 ) ;
#2014 = ORIENTED_EDGE ( 'NONE', *, *, #1772, .T. ) ;
#2015 = DIRECTION ( 'NONE',  ( 0.0001161624401737789401, -0.9999999932531438152, 0.000000000000000000 ) ) ;
#2016 = CARTESIAN_POINT ( 'NONE',  ( 0.8077339944629540192, 108.0994749395621994, 0.000000000000000000 ) ) ;
#2017 = DIRECTION ( 'NONE',  ( 1.192488072742265620E-08, -0.9999999999999998890, 0.000000000000000000 ) ) ;
#2018 = AXIS2_PLACEMENT_3D ( 'NONE', #7256, #8026, #1897 ) ;
#2019 = VERTEX_POINT ( 'NONE', #7811 ) ;
#2020 = ORIENTED_EDGE ( 'NONE', *, *, #323, .F. ) ;
#2021 = DIRECTION ( 'NONE',  ( 1.000000000000000000, 0.000000000000000000, 0.000000000000000000 ) ) ;
#2022 = AXIS2_PLACEMENT_3D ( 'NONE', #7238, #2405, #396 ) ;
#2023 = EDGE_CURVE ( 'NONE', #806, #6438, #6469, .T. ) ;
#2024 = EDGE_LOOP ( 'NONE', ( #699, #2029, #3959, #5963, #4055 ) ) ;
#2025 = CARTESIAN_POINT ( 'NONE',  ( 13.86479006554419158, 1.899999317775483920, 1.500000000000000000 ) ) ;
#2026 = CARTESIAN_POINT ( 'NONE',  ( 21.46091302770999931, 0.000000000000000000, 2.500000000000000000 ) ) ;
#2027 = AXIS2_PLACEMENT_3D ( 'NONE', #6501, #4356, #373 ) ;
#2028 = CARTESIAN_POINT ( 'NONE',  ( 2.820070398492491304, -0.09999999999999982514, 0.000000000000000000 ) ) ;
#2029 = ORIENTED_EDGE ( 'NONE', *, *, #7420, .T. ) ;
#2030 = CIRCLE ( 'NONE', #6322, 3.000000000000000000 ) ;
#2031 = ORIENTED_EDGE ( 'NONE', *, *, #7924, .T. ) ;
#2032 = VECTOR ( 'NONE', #8332, 1000.000000000000000 ) ;
#2033 = CARTESIAN_POINT ( 'NONE',  ( 31.46724094790923232, 45.17214886145439579, -1.599999999999998757 ) ) ;
#2034 = EDGE_CURVE ( 'NONE', #7365, #2685, #7904, .T. ) ;
#2035 = ORIENTED_EDGE ( 'NONE', *, *, #7372, .T. ) ;
#2036 = VERTEX_POINT ( 'NONE', #1717 ) ;
#2037 = LINE ( 'NONE', #653, #2272 ) ;
#2038 = DIRECTION ( 'NONE',  ( 1.000000000000000000, 0.000000000000000000, 0.000000000000000000 ) ) ;
#2039 = LINE ( 'NONE', #1411, #918 ) ;
#2040 = LINE ( 'NONE', #8184, #1130 ) ;
#2041 = DIRECTION ( 'NONE',  ( -0.0001161624401738165890, 0.9999999932531438152, 8.890457814381100071E-15 ) ) ;
#2042 = AXIS2_PLACEMENT_3D ( 'NONE', #1911, #1953, #1193 ) ;
#2043 = EDGE_LOOP ( 'NONE', ( #2877, #3490, #5595, #4085 ) ) ;
#2044 = DIRECTION ( 'NONE',  ( 1.000000000000000000, 0.000000000000000000, 0.000000000000000000 ) ) ;
#2045 = EDGE_CURVE ( 'NONE', #1757, #3172, #1159, .T. ) ;
#2046 = ORIENTED_EDGE ( 'NONE', *, *, #6391, .F. ) ;
#2047 = DIRECTION ( 'NONE',  ( -0.9999999932531438152, -0.0001161624401738173886, 0.000000000000000000 ) ) ;
#2048 = AXIS2_PLACEMENT_3D ( 'NONE', #7412, #1282, #2590 ) ;
#2049 = DIRECTION ( 'NONE',  ( -0.0001161624429838024349, 0.9999999932531434821, -0.000000000000000000 ) ) ;
#2050 = LINE ( 'NONE', #6835, #1495 ) ;
#2051 = DIRECTION ( 'NONE',  ( -0.000000000000000000, -0.000000000000000000, 1.000000000000000000 ) ) ;
#2052 = DIRECTION ( 'NONE',  ( 0.000000000000000000, 0.000000000000000000, -1.000000000000000000 ) ) ;
#2053 = AXIS2_PLACEMENT_3D ( 'NONE', #6054, #1833, #4576 ) ;
#2054 = EDGE_LOOP ( 'NONE', ( #5352, #7413, #5449, #4795 ) ) ;
#2055 = DIRECTION ( 'NONE',  ( 0.000000000000000000, 0.000000000000000000, 1.000000000000000000 ) ) ;
#2056 = DIRECTION ( 'NONE',  ( 1.000000000000000000, 0.000000000000000000, -0.000000000000000000 ) ) ;
#2057 = ORIENTED_EDGE ( 'NONE', *, *, #7283, .T. ) ;
#2058 = CIRCLE ( 'NONE', #3355, 0.5000000000000000000 ) ;
#2059 = CARTESIAN_POINT ( 'NONE',  ( 29.45992963128577458, 108.1124854235292645, 1.500000000000000000 ) ) ;
#2060 = DIRECTION ( 'NONE',  ( 0.000000000000000000, 0.000000000000000000, -1.000000000000000000 ) ) ;
#2061 = VECTOR ( 'NONE', #3362, 1000.000000000000114 ) ;
#2062 = CARTESIAN_POINT ( 'NONE',  ( -1.185034591013476080, 45.84675553436651541, 1.969999999999999973 ) ) ;
#2063 = CARTESIAN_POINT ( 'NONE',  ( 0.0001125972305337806701, 48.76262339457220207, 2.500000000000000000 ) ) ;
#2064 = EDGE_CURVE ( 'NONE', #8363, #719, #251, .T. ) ;
#2065 = EDGE_CURVE ( 'NONE', #4074, #4642, #6164, .T. ) ;
#2066 = VERTEX_POINT ( 'NONE', #7083 ) ;
#2067 = ORIENTED_EDGE ( 'NONE', *, *, #1699, .T. ) ;
#2068 = ORIENTED_EDGE ( 'NONE', *, *, #7767, .F. ) ;
#2069 = CARTESIAN_POINT ( 'NONE',  ( 13.86479014859577319, 6.060492333086443809E-07, 0.000000000000000000 ) ) ;
#2070 = CARTESIAN_POINT ( 'NONE',  ( 29.96889616360573783, 30.92291474462045642, 1.500000000000000000 ) ) ;
#2071 = LINE ( 'NONE', #1977, #8300 ) ;
#2072 = CIRCLE ( 'NONE', #4952, 1.000000000000000000 ) ;
#2073 = ORIENTED_EDGE ( 'NONE', *, *, #1060, .F. ) ;
#2074 = EDGE_CURVE ( 'NONE', #3191, #1189, #3736, .T. ) ;
#2075 = ADVANCED_FACE ( 'NONE', ( #5190 ), #4318, .T. ) ;
#2076 = VERTEX_POINT ( 'NONE', #7176 ) ;
#2077 = CARTESIAN_POINT ( 'NONE',  ( 1.807733987716097390, 108.0995911020051778, 1.000000000000000888 ) ) ;
#2078 = ORIENTED_EDGE ( 'NONE', *, *, #8362, .T. ) ;
#2079 = ORIENTED_EDGE ( 'NONE', *, *, #6449, .F. ) ;
#2080 = CARTESIAN_POINT ( 'NONE',  ( 2.820070398492491304, 0.9000000000000002442, 1.000000000000000888 ) ) ;
#2081 = CARTESIAN_POINT ( 'NONE',  ( 24.50780361999600743, 4.833175789103660096E-15, 3.500000000000000000 ) ) ;
#2082 = PRODUCT_DEFINITION_SHAPE ( 'NONE', 'NONE',  #779 ) ;
#2083 = DIRECTION ( 'NONE',  ( -3.155714671910230055E-43, 2.716639362568421076E-39, -1.000000000000000000 ) ) ;
#2084 = DIRECTION ( 'NONE',  ( 1.000000000000000000, 0.000000000000000000, 0.000000000000000000 ) ) ;
#2085 = DIRECTION ( 'NONE',  ( 2.309088861408834200E-06, 0.9999999999973341325, 0.000000000000000000 ) ) ;
#2086 = ORIENTED_EDGE ( 'NONE', *, *, #1328, .F. ) ;
#2087 = CARTESIAN_POINT ( 'NONE',  ( 1.316504542633788910, 33.09706199999999399, 0.000000000000000000 ) ) ;
#2088 = ORIENTED_EDGE ( 'NONE', *, *, #5901, .F. ) ;
#2089 = EDGE_CURVE ( 'NONE', #4688, #1665, #6513, .T. ) ;
#2090 = PLANE ( 'NONE',  #2735 ) ;
#2091 = CARTESIAN_POINT ( 'NONE',  ( 30.96843583002842593, 34.88581635347223653, 3.000000000000000000 ) ) ;
#2092 = CARTESIAN_POINT ( 'NONE',  ( 25.63948489054095248, 59.53052851882922880, 2.500000000000000000 ) ) ;
#2093 = LINE ( 'NONE', #4844, #3887 ) ;
#2094 = EDGE_CURVE ( 'NONE', #6392, #113, #1624, .T. ) ;
#2095 = VERTEX_POINT ( 'NONE', #7721 ) ;
#2096 = ORIENTED_EDGE ( 'NONE', *, *, #1461, .F. ) ;
#2097 = FACE_OUTER_BOUND ( 'NONE', #4611, .T. ) ;
#2098 = CARTESIAN_POINT ( 'NONE',  ( 29.96687190061166106, 48.51559628190385354, 1.500000000000000222 ) ) ;
#2099 = VERTEX_POINT ( 'NONE', #5136 ) ;
#2100 = DIRECTION ( 'NONE',  ( 0.9999999932531438152, 0.0001161624401737789401, -0.000000000000000000 ) ) ;
#2101 = DIRECTION ( 'NONE',  ( -1.000000000000000000, 0.000000000000000000, 0.000000000000000000 ) ) ;
#2102 = FACE_OUTER_BOUND ( 'NONE', #680, .T. ) ;
#2103 = CARTESIAN_POINT ( 'NONE',  ( -2.602162169845566874E-06, 59.53052739809155014, -19.25780817680636048 ) ) ;
#2104 = ORIENTED_EDGE ( 'NONE', *, *, #8530, .T. ) ;
#2105 = ORIENTED_EDGE ( 'NONE', *, *, #5172, .F. ) ;
#2106 = ADVANCED_FACE ( 'NONE', ( #4458 ), #5801, .F. ) ;
#2107 = ORIENTED_EDGE ( 'NONE', *, *, #4050, .F. ) ;
#2108 = LINE ( 'NONE', #1942, #8573 ) ;
#2109 = PLANE ( 'NONE',  #4465 ) ;
#2110 = EDGE_CURVE ( 'NONE', #4772, #819, #4036, .T. ) ;
#2111 = CARTESIAN_POINT ( 'NONE',  ( 27.13280362000000068, 7.050000979999999196, 1.500000000000000000 ) ) ;
#2112 = ORIENTED_EDGE ( 'NONE', *, *, #2489, .T. ) ;
#2113 = CIRCLE ( 'NONE', #7117, 0.5000000000000000000 ) ;
#2114 = EDGE_LOOP ( 'NONE', ( #1616, #4253, #6497, #4692 ) ) ;
#2115 = EDGE_LOOP ( 'NONE', ( #1702, #3280, #2117, #8010, #6384, #6915, #8220, #445 ) ) ;
#2116 = EDGE_CURVE ( 'NONE', #7689, #6032, #2162, .T. ) ;
#2117 = ORIENTED_EDGE ( 'NONE', *, *, #4218, .F. ) ;
#2118 = DIRECTION ( 'NONE',  ( -1.000000000000000000, 3.469446951953614583E-15, 0.000000000000000000 ) ) ;
#2119 = DIRECTION ( 'NONE',  ( -0.000000000000000000, 0.000000000000000000, 1.000000000000000000 ) ) ;
#2120 = CARTESIAN_POINT ( 'NONE',  ( 30.46883807901182450, 31.42297282583039930, 1.000000000000000000 ) ) ;
#2121 = ADVANCED_FACE ( 'NONE', ( #4545 ), #1224, .F. ) ;
#2122 = CARTESIAN_POINT ( 'NONE',  ( 32.96733924310648689, 44.32604855434536972, 2.500000000000002220 ) ) ;
#2123 = DIRECTION ( 'NONE',  ( 0.000000000000000000, 1.000000000000000000, 0.000000000000000000 ) ) ;
#2124 = VECTOR ( 'NONE', #7409, 1000.000000000000114 ) ;
#2125 = EDGE_CURVE ( 'NONE', #6904, #4469, #2600, .T. ) ;
#2126 = AXIS2_PLACEMENT_3D ( 'NONE', #2359, #3661, #5723 ) ;
#2127 = ORIENTED_EDGE ( 'NONE', *, *, #5208, .F. ) ;
#2128 = DIRECTION ( 'NONE',  ( 0.000000000000000000, 1.000000000000000000, 0.000000000000000000 ) ) ;
#2129 = ORIENTED_EDGE ( 'NONE', *, *, #2833, .F. ) ;
#2130 = CIRCLE ( 'NONE', #5004, 0.5000000000000000000 ) ;
#2131 = CARTESIAN_POINT ( 'NONE',  ( 29.97226752947931061, 1.900058081220087125, 1.000000000000000000 ) ) ;
#2132 = LINE ( 'NONE', #6882, #3584 ) ;
#2133 = DIRECTION ( 'NONE',  ( -0.9999998850681161011, -0.0004794410854713767678, 0.000000000000000000 ) ) ;
#2134 = CIRCLE ( 'NONE', #3422, 0.5000000000000019984 ) ;
#2135 = CARTESIAN_POINT ( 'NONE',  ( 1.730718107801523242, 33.09706199999999399, 2.000000000000000888 ) ) ;
#2136 = CARTESIAN_POINT ( 'NONE',  ( 32.46571921320322929, 58.27226487411435585, -2.998419460000000480 ) ) ;
#2137 = EDGE_CURVE ( 'NONE', #6676, #2008, #5192, .T. ) ;
#2138 = AXIS2_PLACEMENT_3D ( 'NONE', #5491, #4137, #4780 ) ;
#2139 = AXIS2_PLACEMENT_3D ( 'NONE', #8247, #8380, #6974 ) ;
#2140 = ORIENTED_EDGE ( 'NONE', *, *, #5557, .T. ) ;
#2141 = APPLICATION_CONTEXT ( 'automotive_design' ) ;
#2142 = EDGE_CURVE ( 'NONE', #4966, #3114, #551, .T. ) ;
#2143 = EDGE_CURVE ( 'NONE', #1209, #85, #5928, .T. ) ;
#2144 = DIRECTION ( 'NONE',  ( 1.000000000000000000, 0.000000000000000000, 0.000000000000000000 ) ) ;
#2145 = CARTESIAN_POINT ( 'NONE',  ( 0.000000000000000000, 30.55000098000000364, 3.000000000000000000 ) ) ;
#2146 = ORIENTED_EDGE ( 'NONE', *, *, #3766, .T. ) ;
#2147 = FACE_OUTER_BOUND ( 'NONE', #4045, .T. ) ;
#2148 = CARTESIAN_POINT ( 'NONE',  ( 29.47226753285274015, 1.900000000000000133, -3.998419460000000480 ) ) ;
#2149 = VECTOR ( 'NONE', #2049, 1000.000000000000000 ) ;
#2150 = CARTESIAN_POINT ( 'NONE',  ( 31.46841573214814858, 35.05886070024595824, 0.5000000000000000000 ) ) ;
#2151 = CARTESIAN_POINT ( 'NONE',  ( 27.14836102379999971, 96.42773413321998532, 2.500000000000000000 ) ) ;
#2152 = ORIENTED_EDGE ( 'NONE', *, *, #1328, .T. ) ;
#2153 = AXIS2_PLACEMENT_3D ( 'NONE', #7455, #1276, #3384 ) ;
#2154 = ORIENTED_EDGE ( 'NONE', *, *, #8492, .F. ) ;
#2155 = CARTESIAN_POINT ( 'NONE',  ( 31.47248783030356378, 0.003655921009371680425, -1.898419459999999948 ) ) ;
#2156 = ORIENTED_EDGE ( 'NONE', *, *, #3446, .F. ) ;
#2157 = DIRECTION ( 'NONE',  ( -0.9999999932531437041, -0.0001161624401668784811, 0.000000000000000000 ) ) ;
#2158 = DIRECTION ( 'NONE',  ( 0.000000000000000000, 0.000000000000000000, 1.000000000000000000 ) ) ;
#2159 = AXIS2_PLACEMENT_3D ( 'NONE', #1030, #5781, #492 ) ;
#2160 = DIRECTION ( 'NONE',  ( -0.000000000000000000, -0.000000000000000000, -1.000000000000000000 ) ) ;
#2161 = ORIENTED_EDGE ( 'NONE', *, *, #3000, .T. ) ;
#2162 = B_SPLINE_CURVE_WITH_KNOTS ( 'NONE', 3,
 ( #7130, #3783, #3825, #6550, #4635, #6679, #5885, #7354 ),
 .UNSPECIFIED., .F., .F.,
 ( 4, 2, 2, 4 ),
 ( 4.546564082524189552E-15, 0.0002261609353762265775, 0.0004523218707479065531, 0.0009046437414912732265 ),
 .UNSPECIFIED. ) ;
#2163 = VECTOR ( 'NONE', #4148, 1000.000000000000000 ) ;
#2164 = EDGE_CURVE ( 'NONE', #5221, #7886, #6450, .T. ) ;
#2165 = ORIENTED_EDGE ( 'NONE', *, *, #5711, .F. ) ;
#2166 = DIRECTION ( 'NONE',  ( -0.9999999999999991118, -4.371138811603728483E-08, -0.000000000000000000 ) ) ;
#2167 = ORIENTED_EDGE ( 'NONE', *, *, #1763, .F. ) ;
#2168 = EDGE_CURVE ( 'NONE', #913, #209, #4590, .T. ) ;
#2169 = CIRCLE ( 'NONE', #2606, 0.5000000000000000000 ) ;
#2170 = ORIENTED_EDGE ( 'NONE', *, *, #1195, .T. ) ;
#2171 = DIRECTION ( 'NONE',  ( 0.000000000000000000, 0.000000000000000000, 1.000000000000000000 ) ) ;
#2172 = CARTESIAN_POINT ( 'NONE',  ( 13.86479014859577319, 6.060492333086443809E-07, 2.500000000000000000 ) ) ;
#2173 = CARTESIAN_POINT ( 'NONE',  ( 2.820070398492491304, -0.09999999999999939493, 0.000000000000000000 ) ) ;
#2174 = DIRECTION ( 'NONE',  ( -0.000000000000000000, -0.000000000000000000, -1.000000000000000000 ) ) ;
#2175 = FACE_OUTER_BOUND ( 'NONE', #2260, .T. ) ;
#2176 = CIRCLE ( 'NONE', #6752, 4.000000000000000000 ) ;
#2177 = EDGE_CURVE ( 'NONE', #3742, #8363, #7398, .T. ) ;
#2178 = ADVANCED_FACE ( 'NONE', ( #3328 ), #8749, .T. ) ;
#2179 = ORIENTED_EDGE ( 'NONE', *, *, #6312, .T. ) ;
#2180 = DIRECTION ( 'NONE',  ( 1.000000000000000000, 0.000000000000000000, 0.000000000000000000 ) ) ;
#2181 = ORIENTED_EDGE ( 'NONE', *, *, #1928, .F. ) ;
#2182 = CARTESIAN_POINT ( 'NONE',  ( 33.46577728767645965, 57.77238103992796425, -2.099999999999997424 ) ) ;
#2183 = DIRECTION ( 'NONE',  ( 0.9999999932531437041, 0.0001161624401737049704, -0.000000000000000000 ) ) ;
#2184 = LINE ( 'NONE', #4843, #8195 ) ;
#2185 = LINE ( 'NONE', #2269, #7015 ) ;
#2186 = EDGE_CURVE ( 'NONE', #6262, #8562, #6730, .T. ) ;
#2187 = AXIS2_PLACEMENT_3D ( 'NONE', #5687, #4480, #2229 ) ;
#2188 = ORIENTED_EDGE ( 'NONE', *, *, #5853, .T. ) ;
#2189 = LINE ( 'NONE', #1893, #4071 ) ;
#2190 = CARTESIAN_POINT ( 'NONE',  ( 25.50780378373125856, 30.48645747230914438, 3.495945785979013731 ) ) ;
#2191 = CYLINDRICAL_SURFACE ( 'NONE', #3067, 2.000000000000001332 ) ;
#2192 = LINE ( 'NONE', #7566, #5284 ) ;
#2193 = AXIS2_PLACEMENT_3D ( 'NONE', #6482, #6300, #3699 ) ;
#2194 = CARTESIAN_POINT ( 'NONE',  ( 22.23782779072455895, -0.5999999999999989786, 2.500000000000000000 ) ) ;
#2195 = VECTOR ( 'NONE', #509, 1000.000000000000114 ) ;
#2196 = EDGE_CURVE ( 'NONE', #1737, #8001, #603, .T. ) ;
#2197 = EDGE_LOOP ( 'NONE', ( #5542, #4065, #4927, #1403, #5505, #1473, #7715, #2140 ) ) ;
#2198 = ORIENTED_EDGE ( 'NONE', *, *, #3079, .T. ) ;
#2199 = DIRECTION ( 'NONE',  ( -0.0001161624401737789265, 0.9999999932531437041, 0.000000000000000000 ) ) ;
#2200 = DIRECTION ( 'NONE',  ( 1.000000000000000000, 0.000000000000000000, 0.000000000000000000 ) ) ;
#2201 = CARTESIAN_POINT ( 'NONE',  ( 16.90785604009369436, 44.19380423292356141, 0.7019704427157931192 ) ) ;
#2202 = ORIENTED_EDGE ( 'NONE', *, *, #8180, .T. ) ;
#2203 = AXIS2_PLACEMENT_3D ( 'NONE', #8272, #1370, #6826 ) ;
#2204 = ADVANCED_FACE ( 'NONE', ( #7947 ), #5973, .T. ) ;
#2205 = EDGE_LOOP ( 'NONE', ( #2964, #5092, #8120, #6517, #5185 ) ) ;
#2206 = DIRECTION ( 'NONE',  ( 1.000000000000000000, 0.000000000000000000, 0.000000000000000000 ) ) ;
#2207 = ORIENTED_EDGE ( 'NONE', *, *, #6479, .F. ) ;
#2208 = ORIENTED_EDGE ( 'NONE', *, *, #6936, .F. ) ;
#2209 = DIRECTION ( 'NONE',  ( 0.000000000000000000, 0.000000000000000000, 1.000000000000000000 ) ) ;
#2210 = CIRCLE ( 'NONE', #1926, 1.000000000000000000 ) ;
#2211 = CARTESIAN_POINT ( 'NONE',  ( 8.632803620000000677, 64.45000097999999866, 3.000000000000000000 ) ) ;
#2212 = DIRECTION ( 'NONE',  ( 0.000000000000000000, -1.000000000000000000, 0.000000000000000000 ) ) ;
#2213 = FACE_OUTER_BOUND ( 'NONE', #1361, .T. ) ;
#2214 = CARTESIAN_POINT ( 'NONE',  ( 30.96728117538010494, 44.82581622609159666, 3.000000000000000000 ) ) ;
#2215 = AXIS2_PLACEMENT_3D ( 'NONE', #3744, #5102, #300 ) ;
#2216 = TOROIDAL_SURFACE ( 'NONE', #2937, 1.000000000000000000, 0.5000000000000000000 ) ;
#2217 = ORIENTED_EDGE ( 'NONE', *, *, #2756, .T. ) ;
#2218 = DIRECTION ( 'NONE',  ( -0.000000000000000000, -0.000000000000000000, -1.000000000000000000 ) ) ;
#2219 = ORIENTED_EDGE ( 'NONE', *, *, #3351, .T. ) ;
#2220 = DIRECTION ( 'NONE',  ( -0.000000000000000000, -0.000000000000000000, -1.000000000000000000 ) ) ;
#2221 = CARTESIAN_POINT ( 'NONE',  ( 25.50780361999600032, 31.42291396461827091, 3.000000000000000000 ) ) ;
#2222 = CARTESIAN_POINT ( 'NONE',  ( 33.46724093441552128, 45.17238118633474642, -1.599999999999998757 ) ) ;
#2223 = EDGE_CURVE ( 'NONE', #296, #4358, #2527, .T. ) ;
#2224 = PRODUCT_DEFINITION_FORMATION_WITH_SPECIFIED_SOURCE ( 'ANY', '', #7368, .NOT_KNOWN. ) ;
#2225 = DIRECTION ( 'NONE',  ( 1.000000000000000000, 0.000000000000000000, 0.000000000000000000 ) ) ;
#2226 = EDGE_CURVE ( 'NONE', #7619, #4737, #6775, .T. ) ;
#2227 = LINE ( 'NONE', #3622, #4313 ) ;
#2228 = ORIENTED_EDGE ( 'NONE', *, *, #316, .T. ) ;
#2229 = DIRECTION ( 'NONE',  ( 1.000000000000000000, 0.000000000000000000, 0.000000000000000000 ) ) ;
#2230 = DIRECTION ( 'NONE',  ( 0.0001161624429837051413, -0.9999999932531435931, -5.433278761794396123E-39 ) ) ;
#2231 = CARTESIAN_POINT ( 'NONE',  ( 9.207803619999999967, 109.1027758360674795, 1.000000000000028644 ) ) ;
#2232 = EDGE_CURVE ( 'NONE', #5398, #2986, #454, .T. ) ;
#2233 = ADVANCED_FACE ( 'NONE', ( #8794 ), #5887, .F. ) ;
#2234 = CARTESIAN_POINT ( 'NONE',  ( 2.820070398492491304, -0.09999999999999982514, 0.000000000000000000 ) ) ;
#2235 = ADVANCED_FACE ( 'NONE', ( #2666 ), #7019, .T. ) ;
#2236 = CARTESIAN_POINT ( 'NONE',  ( 1.320291046206874208, 0.0001533682344116208914, 3.426814665646245039 ) ) ;
#2237 = FACE_OUTER_BOUND ( 'NONE', #4019, .T. ) ;
#2238 = EDGE_LOOP ( 'NONE', ( #7944, #7266, #1610, #5176 ) ) ;
#2239 = DIRECTION ( 'NONE',  ( -0.9999998850681161011, -0.0004794410854595739803, 0.000000000000000000 ) ) ;
#2240 = ORIENTED_EDGE ( 'NONE', *, *, #2896, .F. ) ;
#2241 = LINE ( 'NONE', #7027, #431 ) ;
#2242 = DIRECTION ( 'NONE',  ( 0.000000000000000000, 0.000000000000000000, 1.000000000000000000 ) ) ;
#2243 = DIRECTION ( 'NONE',  ( -1.000000000000000000, 0.000000000000000000, 0.000000000000000000 ) ) ;
#2244 = EDGE_LOOP ( 'NONE', ( #281, #1663, #5794, #7818, #1840 ) ) ;
#2245 = VERTEX_POINT ( 'NONE', #4728 ) ;
#2246 = DIRECTION ( 'NONE',  ( 0.000000000000000000, 1.000000000000000000, 0.000000000000000000 ) ) ;
#2247 = ORIENTED_EDGE ( 'NONE', *, *, #7688, .F. ) ;
#2248 = ORIENTED_EDGE ( 'NONE', *, *, #3409, .F. ) ;
#2249 = EDGE_CURVE ( 'NONE', #4817, #4454, #4226, .T. ) ;
#2250 = CARTESIAN_POINT ( 'NONE',  ( 2.820070398492506403, -1.099999999999999867, -3.998419460000000480 ) ) ;
#2251 = EDGE_CURVE ( 'NONE', #6940, #7103, #44, .T. ) ;
#2252 = CARTESIAN_POINT ( 'NONE',  ( 33.46728115851296792, 44.82610663219199409, 2.500000000000002220 ) ) ;
#2253 = CARTESIAN_POINT ( 'NONE',  ( 1.308663321000880453, 100.0989876288460181, -2.998419460000000480 ) ) ;
#2254 = LINE ( 'NONE', #1536, #1550 ) ;
#2255 = FACE_OUTER_BOUND ( 'NONE', #6380, .T. ) ;
#2256 = TOROIDAL_SURFACE ( 'NONE', #5579, 1.000000000000000000, 0.5000000000000000000 ) ;
#2257 = ORIENTED_EDGE ( 'NONE', *, *, #5907, .T. ) ;
#2258 = CLOSED_SHELL ( 'NONE', ( #7968, #2233, #8235, #5224, #8335, #3378, #5156, #8830, #6854, #5114, #7101, #8800, #6063, #7053, #2627, #1134, #285, #2480, #1708, #6044, #6833, #2669, #6575, #2417, #1488, #1092, #2395, #1471, #766, #4015, #7120, #6267, #4374, #7328, #1533, #8024, #4478, #7142, #4262, #3360, #2106, #2386, #2730, #879, #5289, #3947, #3097, #4282, #685, #6690, #6546, #6040, #7907, #387, #1237, #737, #7100, #5140, #1761, #6724, #6409, #417, #4540, #5109, #2178, #144, #5415, #6910, #4899, #7594, #4700, #1894, #6201, #5341, #5170, #3877, #7815, #1964, #7607, #374, #1210, #6989, #4738, #3655, #348, #8376, #758, #7204, #1389, #4931, #4332, #8415, #3893, #4177, #3211, #159, #1266, #4080, #7871, #5062, #8035, #3157, #6115, #532, #2121, #6406, #103, #3220, #3209, #1416, #65, #1867, #8681, #5159, #1791, #4905, #8503, #4655, #686, #4230, #1419, #4329, #6650, #6330, #3733, #8275, #6990, #7976, #2338, #483, #7928, #4773, #5498, #8213, #5287, #1824, #5843, #8768, #5551, #7835, #7058, #5735, #2593, #8198, #6219, #4026, #5647, #3043, #6900, #8827, #8531, #5807, #6579, #6170, #1441, #8118, #8637, #6294, #8040, #2847, #3514, #7519, #1404, #4561, #8326, #4153, #4261, #8473, #5305, #3025, #2009, #3907, #3756, #5835, #4229, #3470, #957, #2075, #8322, #2534, #926, #6494, #8023, #126, #8132, #941, #4658, #2578, #4109, #7461, #8553, #7070, #7934, #1570, #245, #6473, #3829, #4586, #3118, #6249, #1112, #3329, #5487, #4511, #2336, #7384, #627, #95, #4425, #4842, #3103, #7393, #2566, #5993, #6026, #6151, #8185, #2962, #8372, #864, #8286, #517, #5360, #452, #3279, #5355, #756, #6072, #3982, #2204, #5805, #324, #6629, #815, #6768, #5205, #4291, #1651, #2235, #8798, #2617, #2467, #3701, #1685, #7738, #4974, #7329, #5027, #6013, #5980, #4236, #5425, #2551, #1357, #2550, #8395, #264, #3968, #3989, #5426, #3626, #980, #3133, #7656, #6677, #697, #8714, #4867, #5763, #7716, #7860, #4641, #6935, #5757, #5743, #5627, #7699, #4252, #538, #6528, #4933, #6128, #7217, #1274, #7896, #491, #7250, #2518, #6791 ) ) ;
#2259 = LINE ( 'NONE', #475, #1501 ) ;
#2260 = EDGE_LOOP ( 'NONE', ( #5416, #4548, #4733, #2320 ) ) ;
#2261 = FACE_OUTER_BOUND ( 'NONE', #4781, .T. ) ;
#2262 = ORIENTED_EDGE ( 'NONE', *, *, #2003, .T. ) ;
#2263 = DIRECTION ( 'NONE',  ( 1.000000000000000000, 0.000000000000000000, 0.000000000000000000 ) ) ;
#2264 = DIRECTION ( 'NONE',  ( -0.000000000000000000, -0.000000000000000000, -1.000000000000000000 ) ) ;
#2265 = CARTESIAN_POINT ( 'NONE',  ( 22.23782779072455895, -0.09999999999999896472, -19.25780817680636048 ) ) ;
#2266 = VECTOR ( 'NONE', #938, 1000.000000000000000 ) ;
#2267 = CARTESIAN_POINT ( 'NONE',  ( 30.96849391124851536, 34.38581635684566606, 3.000000000000000000 ) ) ;
#2268 = VECTOR ( 'NONE', #6355, 1000.000000000000000 ) ;
#2269 = CARTESIAN_POINT ( 'NONE',  ( 31.46085883297611474, 100.1134438318527202, 3.426814665646245039 ) ) ;
#2270 = EDGE_CURVE ( 'NONE', #211, #164, #4727, .T. ) ;
#2271 = VECTOR ( 'NONE', #5761, 1000.000000000000114 ) ;
#2272 = VECTOR ( 'NONE', #7500, 999.9999999999998863 ) ;
#2273 = ORIENTED_EDGE ( 'NONE', *, *, #8656, .T. ) ;
#2274 = EDGE_CURVE ( 'NONE', #155, #6262, #4862, .T. ) ;
#2275 = AXIS2_PLACEMENT_3D ( 'NONE', #3719, #4442, #1655 ) ;
#2276 = DIRECTION ( 'NONE',  ( -0.000000000000000000, -0.000000000000000000, -1.000000000000000000 ) ) ;
#2277 = CARTESIAN_POINT ( 'NONE',  ( 23.63280361999999712, 75.15143637488998252, 3.500000000000000000 ) ) ;
#2278 = DIRECTION ( 'NONE',  ( 1.000000000000000000, 0.000000000000000000, 0.000000000000000000 ) ) ;
#2279 = DIRECTION ( 'NONE',  ( -0.9999998850681162121, -0.0004794410854436242822, 0.000000000000000000 ) ) ;
#2280 = LINE ( 'NONE', #2413, #4273 ) ;
#2281 = VECTOR ( 'NONE', #1341, 1000.000000000000000 ) ;
#2282 = EDGE_CURVE ( 'NONE', #3729, #1430, #7488, .T. ) ;
#2283 = ORIENTED_EDGE ( 'NONE', *, *, #6449, .T. ) ;
#2284 = PLANE ( 'NONE',  #5581 ) ;
#2285 = DIRECTION ( 'NONE',  ( -1.000000000000000000, 0.000000000000000000, 0.000000000000000000 ) ) ;
#2286 = VECTOR ( 'NONE', #5905, 999.9999999999998863 ) ;
#2287 = VERTEX_POINT ( 'NONE', #7578 ) ;
#2288 = CARTESIAN_POINT ( 'NONE',  ( 0.000000000000000000, 32.59706199999999399, 2.000000000000001776 ) ) ;
#2289 = DIRECTION ( 'NONE',  ( 0.000000000000000000, 0.000000000000000000, 1.000000000000000000 ) ) ;
#2290 = CARTESIAN_POINT ( 'NONE',  ( 21.05780361999999428, 47.75000098000001003, 1.500000000000000000 ) ) ;
#2291 = ORIENTED_EDGE ( 'NONE', *, *, #4428, .T. ) ;
#2292 = VECTOR ( 'NONE', #7642, 1000.000000000000000 ) ;
#2293 = ORIENTED_EDGE ( 'NONE', *, *, #6118, .F. ) ;
#2295 = EDGE_CURVE ( 'NONE', #8057, #6154, #6461, .T. ) ;
#2294 = ORIENTED_EDGE ( 'NONE', *, *, #4640, .F. ) ;
#2296 = ORIENTED_EDGE ( 'NONE', *, *, #345, .F. ) ;
#2297 = VECTOR ( 'NONE', #5350, 1000.000000000000114 ) ;
#2298 = ORIENTED_EDGE ( 'NONE', *, *, #4362, .T. ) ;
#2299 = CARTESIAN_POINT ( 'NONE',  ( 26.60539153508827326, 48.76256196061894599, -19.25780817680636048 ) ) ;
#2300 = DIRECTION ( 'NONE',  ( 8.742277705180319810E-08, -0.9999999999999961142, 0.000000000000000000 ) ) ;
#2301 = CARTESIAN_POINT ( 'NONE',  ( -0.6850345943869041720, 45.84681361558800461, -1.496672395567841588E-19 ) ) ;
#2302 = CIRCLE ( 'NONE', #1875, 0.5000000000000002220 ) ;
#2303 = LINE ( 'NONE', #877, #5433 ) ;
#2304 = ORIENTED_EDGE ( 'NONE', *, *, #3966, .T. ) ;
#2305 = EDGE_CURVE ( 'NONE', #7402, #4597, #682, .T. ) ;
#2306 =( BOUNDED_SURFACE ( )  B_SPLINE_SURFACE ( 3, 2, ( 
 ( #7438, #8790, #4096 ),
 ( #4681, #3579, #8833 ),
 ( #3325, #1939, #6937 ),
 ( #2663, #3369, #7395 ),
 ( #2909, #6062, #5397 ),
 ( #1974, #807, #6018 ) ),
 .UNSPECIFIED., .F., .F., .F. ) 
 B_SPLINE_SURFACE_WITH_KNOTS ( ( 4, 2, 4 ),
 ( 3, 3 ),
 ( 1.570796326794896558, 2.356194490192344837, 3.141592653589793116 ),
 ( 0.000000000000000000, 1.000000000000000000 ),
 .UNSPECIFIED. ) 
 GEOMETRIC_REPRESENTATION_ITEM ( )  RATIONAL_B_SPLINE_SURFACE ( (
 ( 1.000000000000000000, 0.7071067811865475727, 1.000000000000000000),
 ( 1.000000000000000000, 0.7071175634007427213, 1.000000000000000000),
 ( 1.000000000000000000, 0.7071282187007698061, 1.000000000000000000),
 ( 1.000000000000000000, 0.7071434237011776647, 1.000000000000000000),
 ( 1.000000000000000000, 0.7071479243662621705, 1.000000000000000000),
 ( 1.000000000000000000, 0.7071478496195012786, 1.000000000000000000) ) ) 
 REPRESENTATION_ITEM ( '' )  SURFACE ( )  );
#2307 = ORIENTED_EDGE ( 'NONE', *, *, #1743, .F. ) ;
#2308 = AXIS2_PLACEMENT_3D ( 'NONE', #6860, #6103, #4267 ) ;
#2309 = FACE_OUTER_BOUND ( 'NONE', #1996, .T. ) ;
#2310 = EDGE_CURVE ( 'NONE', #1340, #8646, #732, .T. ) ;
#2311 = CARTESIAN_POINT ( 'NONE',  ( 25.33782777879968151, 0.9000000000000003553, 0.000000000000000000 ) ) ;
#2312 = ORIENTED_EDGE ( 'NONE', *, *, #2947, .F. ) ;
#2313 = CARTESIAN_POINT ( 'NONE',  ( 30.45992962453891550, 108.1126015859694292, 0.000000000000000000 ) ) ;
#2314 = FACE_OUTER_BOUND ( 'NONE', #6407, .T. ) ;
#2315 = PLANE ( 'NONE',  #4665 ) ;
#2316 = CIRCLE ( 'NONE', #1023, 0.5000000000000000000 ) ;
#2317 = LINE ( 'NONE', #308, #6891 ) ;
#2318 = FACE_OUTER_BOUND ( 'NONE', #6740, .T. ) ;
#2319 = EDGE_CURVE ( 'NONE', #5958, #4029, #190, .T. ) ;
#2320 = ORIENTED_EDGE ( 'NONE', *, *, #4924, .T. ) ;
#2321 = ORIENTED_EDGE ( 'NONE', *, *, #127, .F. ) ;
#2322 = CIRCLE ( 'NONE', #5900, 0.5000000000000004441 ) ;
#2323 = DIRECTION ( 'NONE',  ( -3.155714671910230055E-43, 2.716639362568421076E-39, -1.000000000000000000 ) ) ;
#2324 = DIRECTION ( 'NONE',  ( 0.000000000000000000, 0.000000000000000000, -1.000000000000000000 ) ) ;
#2325 = CARTESIAN_POINT ( 'NONE',  ( 5.132803619999998901, 7.550000979999999196, 3.000000000000000000 ) ) ;
#2326 = CARTESIAN_POINT ( 'NONE',  ( 29.47226753285272594, -1.099999999999999867, 3.500000000000000000 ) ) ;
#2327 = DIRECTION ( 'NONE',  ( 0.000000000000000000, 0.000000000000000000, 1.000000000000000000 ) ) ;
#2328 = TOROIDAL_SURFACE ( 'NONE', #8043, 1.000000000000000000, 0.5000000000000000000 ) ;
#2329 = ORIENTED_EDGE ( 'NONE', *, *, #4254, .F. ) ;
#2330 = DIRECTION ( 'NONE',  ( 1.000000000000000000, 0.000000000000000000, 0.000000000000000000 ) ) ;
#2331 = CARTESIAN_POINT ( 'NONE',  ( 1.807733987716098722, 108.0995911020051778, 117.8988879368424563 ) ) ;
#2332 = CIRCLE ( 'NONE', #7335, 0.5000000000000004441 ) ;
#2333 = CARTESIAN_POINT ( 'NONE',  ( 8.632803620000000677, 74.15143637488998252, 3.000000000000000000 ) ) ;
#2334 = AXIS2_PLACEMENT_3D ( 'NONE', #6510, #8696, #467 ) ;
#2335 = CYLINDRICAL_SURFACE ( 'NONE', #5332, 0.5000000000000004441 ) ;
#2336 = ADVANCED_FACE ( 'NONE', ( #3508 ), #2753, .T. ) ;
#2337 = DIRECTION ( 'NONE',  ( 0.0001161624401738173886, -0.9999999932531439262, 0.000000000000000000 ) ) ;
#2338 = ADVANCED_FACE ( 'NONE', ( #2830 ), #2109, .F. ) ;
#2339 = ORIENTED_EDGE ( 'NONE', *, *, #6091, .F. ) ;
#2340 = AXIS2_PLACEMENT_3D ( 'NONE', #4354, #8518, #2379 ) ;
#2341 = VERTEX_POINT ( 'NONE', #5575 ) ;
#2342 = EDGE_LOOP ( 'NONE', ( #7339, #3012, #4819, #7057 ) ) ;
#2343 = ORIENTED_EDGE ( 'NONE', *, *, #5231, .T. ) ;
#2344 = ORIENTED_EDGE ( 'NONE', *, *, #5208, .T. ) ;
#2345 = LINE ( 'NONE', #3607, #7272 ) ;
#2346 = CARTESIAN_POINT ( 'NONE',  ( 30.96883808238525404, 31.42291474461031342, 3.000000000000002665 ) ) ;
#2347 = DIRECTION ( 'NONE',  ( 0.000000000000000000, 0.000000000000000000, -1.000000000000000000 ) ) ;
#2348 = EDGE_CURVE ( 'NONE', #4597, #1265, #741, .T. ) ;
#2349 = CARTESIAN_POINT ( 'NONE',  ( 9.207803619999999967, 109.1027758360674795, 0.000000000000000000 ) ) ;
#2350 = EDGE_CURVE ( 'NONE', #3558, #7758, #1356, .T. ) ;
#2351 = ORIENTED_EDGE ( 'NONE', *, *, #7480, .T. ) ;
#2352 = VECTOR ( 'NONE', #8381, 1000.000000000000000 ) ;
#2353 = EDGE_CURVE ( 'NONE', #5230, #7758, #2169, .T. ) ;
#2354 = VERTEX_POINT ( 'NONE', #7623 ) ;
#2355 = CARTESIAN_POINT ( 'NONE',  ( 24.83782779072456037, -0.5999999999999989786, 0.000000000000000000 ) ) ;
#2356 = CIRCLE ( 'NONE', #6784, 0.5000000000000000000 ) ;
#2357 = CIRCLE ( 'NONE', #4515, 1.529999995682009173 ) ;
#2358 = VERTEX_POINT ( 'NONE', #4100 ) ;
#2359 = CARTESIAN_POINT ( 'NONE',  ( 24.83782774328765797, 3.877977066283346819, 2.499999999999998668 ) ) ;
#2360 = LINE ( 'NONE', #7051, #3770 ) ;
#2361 = LINE ( 'NONE', #7914, #449 ) ;
#2362 = CARTESIAN_POINT ( 'NONE',  ( 26.60540582195057979, 53.26416940061661620, 2.500000000000000000 ) ) ;
#2363 = DIRECTION ( 'NONE',  ( 0.000000000000000000, 0.000000000000000000, 1.000000000000000000 ) ) ;
#2364 = DIRECTION ( 'NONE',  ( 0.0001161624401737049975, -0.9999999932531439262, 0.000000000000000000 ) ) ;
#2365 = CIRCLE ( 'NONE', #2795, 0.4999999999999985567 ) ;
#2366 = AXIS2_PLACEMENT_3D ( 'NONE', #6387, #3618, #355 ) ;
#2367 = EDGE_CURVE ( 'NONE', #6972, #4536, #5619, .T. ) ;
#2368 = ORIENTED_EDGE ( 'NONE', *, *, #453, .F. ) ;
#2369 = ORIENTED_EDGE ( 'NONE', *, *, #6600, .F. ) ;
#2370 = DIRECTION ( 'NONE',  ( 0.000000000000000000, -1.000000000000000000, 0.000000000000000000 ) ) ;
#2371 = CARTESIAN_POINT ( 'NONE',  ( 5.132803619999998901, 6.550000980000000084, 3.000000000000000000 ) ) ;
#2372 = DIRECTION ( 'NONE',  ( 0.000000000000000000, 0.000000000000000000, -1.000000000000000000 ) ) ;
#2373 = EDGE_CURVE ( 'NONE', #8442, #576, #5444, .T. ) ;
#2374 = DIRECTION ( 'NONE',  ( 0.9999998850681161011, 0.0004794410854713764968, 0.000000000000000000 ) ) ;
#2375 = DIRECTION ( 'NONE',  ( -6.311429343820460109E-43, 5.433278725136842152E-39, -1.000000000000000000 ) ) ;
#2376 = CARTESIAN_POINT ( 'NONE',  ( 30.96728117538010494, 44.82581622609159666, 3.000000000000000000 ) ) ;
#2377 = ORIENTED_EDGE ( 'NONE', *, *, #5090, .T. ) ;
#2378 = CARTESIAN_POINT ( 'NONE',  ( -0.04799126095055628038, 100.0983371928263921, -1.898419459999999948 ) ) ;
#2379 = DIRECTION ( 'NONE',  ( -1.000000000000000000, 0.000000000000000000, 0.000000000000000000 ) ) ;
#2380 = ORIENTED_EDGE ( 'NONE', *, *, #4879, .T. ) ;
#2381 = LINE ( 'NONE', #329, #2552 ) ;
#2382 = DIRECTION ( 'NONE',  ( 0.000000000000000000, 0.000000000000000000, 1.000000000000000000 ) ) ;
#2383 = CARTESIAN_POINT ( 'NONE',  ( -0.04559405568415872412, 95.09833809741370203, 3.426814665646245039 ) ) ;
#2384 = ORIENTED_EDGE ( 'NONE', *, *, #2282, .F. ) ;
#2385 = ORIENTED_EDGE ( 'NONE', *, *, #8234, .F. ) ;
#2386 = ADVANCED_FACE ( 'NONE', ( #2752 ), #6148, .T. ) ;
#2387 = ORIENTED_EDGE ( 'NONE', *, *, #3432, .T. ) ;
#2388 = ORIENTED_EDGE ( 'NONE', *, *, #117, .T. ) ;
#2389 = CARTESIAN_POINT ( 'NONE',  ( -5.406733191089808425E-06, 30.92290950469130806, 3.000000000000000000 ) ) ;
#2390 = DIRECTION ( 'NONE',  ( 0.000000000000000000, 1.000000000000000000, 0.000000000000000000 ) ) ;
#2391 = DIRECTION ( 'NONE',  ( 0.000000000000000000, -1.000000000000000000, 0.000000000000000000 ) ) ;
#2392 = DIRECTION ( 'NONE',  ( 3.173724607192532497E-06, 0.9999999999949638063, 0.000000000000000000 ) ) ;
#2393 = CARTESIAN_POINT ( 'NONE',  ( 2.807733980969242094, 108.0997072644481563, 122.8571184009966686 ) ) ;
#2394 = ORIENTED_EDGE ( 'NONE', *, *, #619, .F. ) ;
#2395 = ADVANCED_FACE ( 'NONE', ( #905 ), #8391, .F. ) ;
#2396 = ORIENTED_EDGE ( 'NONE', *, *, #8073, .F. ) ;
#2397 = CARTESIAN_POINT ( 'NONE',  ( 9.207803619999999967, 110.1027759509993587, 0.000000000000000000 ) ) ;
#2398 = VERTEX_POINT ( 'NONE', #5178 ) ;
#2399 = EDGE_CURVE ( 'NONE', #2358, #4541, #1880, .T. ) ;
#2400 = ORIENTED_EDGE ( 'NONE', *, *, #4812, .T. ) ;
#2401 = DIRECTION ( 'NONE',  ( 0.9999998850681161011, 0.0004794410854595739803, -0.000000000000000000 ) ) ;
#2402 = CARTESIAN_POINT ( 'NONE',  ( 1.820070405239333944, 1.899883837557014843, 1.000000000000000888 ) ) ;
#2403 = LINE ( 'NONE', #5681, #5800 ) ;
#2404 = LINE ( 'NONE', #5153, #3185 ) ;
#2405 = DIRECTION ( 'NONE',  ( 1.000000000000000000, -0.000000000000000000, -0.000000000000000000 ) ) ;
#2406 = ORIENTED_EDGE ( 'NONE', *, *, #3766, .F. ) ;
#2407 = ORIENTED_EDGE ( 'NONE', *, *, #8589, .F. ) ;
#2408 = DIRECTION ( 'NONE',  ( 0.000000000000000000, 0.000000000000000000, -1.000000000000000000 ) ) ;
#2409 = DIRECTION ( 'NONE',  ( -1.000000000000000000, 0.000000000000000000, 0.000000000000000000 ) ) ;
#2410 = CARTESIAN_POINT ( 'NONE',  ( 29.47226753285272594, -2.100000000000000089, -2.998419460000012471 ) ) ;
#2411 = DIRECTION ( 'NONE',  ( -0.000000000000000000, -0.000000000000000000, 1.000000000000000000 ) ) ;
#2412 = DIRECTION ( 'NONE',  ( 0.000000000000000000, 0.000000000000000000, -1.000000000000000000 ) ) ;
#2413 = CARTESIAN_POINT ( 'NONE',  ( 31.46571921995008125, 58.27214871167419119, -5.100000000000000533 ) ) ;
#2414 = CIRCLE ( 'NONE', #3851, 0.5000000000000000000 ) ;
#2415 = VECTOR ( 'NONE', #4406, 1000.000000000000000 ) ;
#2416 = VECTOR ( 'NONE', #3539, 1000.000000000000000 ) ;
#2417 = ADVANCED_FACE ( 'NONE', ( #3594 ), #4986, .F. ) ;
#2418 = EDGE_CURVE ( 'NONE', #3326, #2651, #330, .T. ) ;
#2419 = EDGE_CURVE ( 'NONE', #4633, #5745, #7314, .T. ) ;
#2420 = ORIENTED_EDGE ( 'NONE', *, *, #8648, .F. ) ;
#2421 = DIRECTION ( 'NONE',  ( 0.9999999932531434821, 0.0001161624429837051277, 0.000000000000000000 ) ) ;
#2422 = CARTESIAN_POINT ( 'NONE',  ( 30.96143970264291312, 95.11320414504429266, 3.426814665646245039 ) ) ;
#2423 = AXIS2_PLACEMENT_3D ( 'NONE', #6320, #4909, #2199 ) ;
#2424 = VERTEX_POINT ( 'NONE', #8521 ) ;
#2425 = DIRECTION ( 'NONE',  ( -0.0001161624429838177086, 0.9999999932531434821, 0.000000000000000000 ) ) ;
#2426 = DIRECTION ( 'NONE',  ( 0.0004794410854505664829, -0.9999998850681162121, 0.000000000000000000 ) ) ;
#2427 = EDGE_CURVE ( 'NONE', #3403, #2245, #6887, .T. ) ;
#2428 = AXIS2_PLACEMENT_3D ( 'NONE', #4534, #1122, #5913 ) ;
#2429 = CARTESIAN_POINT ( 'NONE',  ( 30.45992962453891906, 108.1126015859694292, 0.000000000000000000 ) ) ;
#2430 = EDGE_CURVE ( 'NONE', #1493, #8406, #7842, .T. ) ;
#2431 = AXIS2_PLACEMENT_3D ( 'NONE', #8263, #7579, #6237 ) ;
#2432 = EDGE_LOOP ( 'NONE', ( #6341, #5509, #289, #3231 ) ) ;
#2433 = VECTOR ( 'NONE', #540, 1000.000000000000000 ) ;
#2434 = EDGE_LOOP ( 'NONE', ( #1072, #3891, #7853, #5883 ) ) ;
#2435 = CYLINDRICAL_SURFACE ( 'NONE', #1912, 1.000000000000000000 ) ;
#2436 = ORIENTED_EDGE ( 'NONE', *, *, #2743, .T. ) ;
#2437 = CARTESIAN_POINT ( 'NONE',  ( 12.85780362000000032, 0.000000000000000000, 0.000000000000000000 ) ) ;
#2438 = DIRECTION ( 'NONE',  ( -1.000000000000000000, 0.000000000000000000, 0.000000000000000000 ) ) ;
#2439 = DIRECTION ( 'NONE',  ( 1.387778780781445676E-14, 0.000000000000000000, 1.000000000000000000 ) ) ;
#2440 = VECTOR ( 'NONE', #206, 1000.000000000000114 ) ;
#2441 = CARTESIAN_POINT ( 'NONE',  ( 14.70325953999999946, 45.39706200000000536, 1.500000000000000000 ) ) ;
#2442 = ORIENTED_EDGE ( 'NONE', *, *, #8143, .T. ) ;
#2443 = CIRCLE ( 'NONE', #3866, 0.5000000000000004441 ) ;
#2444 = EDGE_CURVE ( 'NONE', #8484, #1737, #4324, .T. ) ;
#2445 = ORIENTED_EDGE ( 'NONE', *, *, #4493, .T. ) ;
#2446 = CARTESIAN_POINT ( 'NONE',  ( 4.132803619999999789, 0.000000000000000000, 3.500000000000000000 ) ) ;
#2447 = ORIENTED_EDGE ( 'NONE', *, *, #6171, .T. ) ;
#2448 = VECTOR ( 'NONE', #7234, 1000.000000000000000 ) ;
#2449 = CARTESIAN_POINT ( 'NONE',  ( 0.8092441906817412489, 95.09874794203754789, -1.898419459999999948 ) ) ;
#2450 = ORIENTED_EDGE ( 'NONE', *, *, #485, .F. ) ;
#2451 = DIRECTION ( 'NONE',  ( 0.000000000000000000, -0.000000000000000000, -1.000000000000000000 ) ) ;
#2452 = DIRECTION ( 'NONE',  ( 1.000000000000000000, 0.000000000000000000, 0.000000000000000000 ) ) ;
#2453 = DIRECTION ( 'NONE',  ( 0.000000000000000000, -0.000000000000000000, -1.000000000000000000 ) ) ;
#2454 = CARTESIAN_POINT ( 'NONE',  ( -0.1922659987901881862, 108.0993587771192068, -3.998419460000000480 ) ) ;
#2455 = TOROIDAL_SURFACE ( 'NONE', #6591, 1.000000000000000000, 0.5000000000000000000 ) ;
#2456 = EDGE_CURVE ( 'NONE', #6465, #5492, #1312, .T. ) ;
#2457 = CYLINDRICAL_SURFACE ( 'NONE', #4463, 1.000000000000000000 ) ;
#2458 = EDGE_CURVE ( 'NONE', #2798, #4964, #8752, .T. ) ;
#2459 = ORIENTED_EDGE ( 'NONE', *, *, #7836, .F. ) ;
#2460 = AXIS2_PLACEMENT_3D ( 'NONE', #1735, #1780, #7918 ) ;
#2461 = CARTESIAN_POINT ( 'NONE',  ( 29.47226753285272594, 0.9000000000000002442, 0.000000000000000000 ) ) ;
#2462 = CARTESIAN_POINT ( 'NONE',  ( 1.807733980969240983, 108.0997072644481563, 0.9999999999999731326 ) ) ;
#2463 = DIRECTION ( 'NONE',  ( 1.000000000000000000, 0.000000000000000000, 0.000000000000000000 ) ) ;
#2464 = AXIS2_PLACEMENT_3D ( 'NONE', #8095, #6172, #6126 ) ;
#2465 = DIRECTION ( 'NONE',  ( 0.000000000000000000, 0.000000000000000000, 1.000000000000000000 ) ) ;
#2466 = DIRECTION ( 'NONE',  ( -0.0001161624401737049839, 0.9999999932531438152, 0.000000000000000000 ) ) ;
#2467 = ADVANCED_FACE ( 'NONE', ( #6985 ), #2335, .F. ) ;
#2468 = CIRCLE ( 'NONE', #3612, 1.000000000000000000 ) ;
#2469 = AXIS2_PLACEMENT_3D ( 'NONE', #8283, #107, #6255 ) ;
#2470 = DIRECTION ( 'NONE',  ( -8.742277735063156469E-08, 0.9999999999999962252, 0.000000000000000000 ) ) ;
#2471 = ORIENTED_EDGE ( 'NONE', *, *, #3966, .F. ) ;
#2472 = DIRECTION ( 'NONE',  ( 1.000000000000000000, 0.000000000000000000, -0.000000000000000000 ) ) ;
#2473 = DIRECTION ( 'NONE',  ( -0.000000000000000000, -0.000000000000000000, -1.000000000000000000 ) ) ;
#2474 = ORIENTED_EDGE ( 'NONE', *, *, #4791, .F. ) ;
#2475 = FACE_OUTER_BOUND ( 'NONE', #1575, .T. ) ;
#2476 = CIRCLE ( 'NONE', #8199, 1.999999999999998224 ) ;
#2477 = CARTESIAN_POINT ( 'NONE',  ( 25.50780370741878045, 30.92291396461828157, 3.000000000000000000 ) ) ;
#2478 = LINE ( 'NONE', #462, #3408 ) ;
#2479 = ORIENTED_EDGE ( 'NONE', *, *, #4731, .F. ) ;
#2480 = ADVANCED_FACE ( 'NONE', ( #205 ), #7116, .F. ) ;
#2481 = VECTOR ( 'NONE', #7376, 1000.000000000000114 ) ;
#2482 = VERTEX_POINT ( 'NONE', #5033 ) ;
#2483 = DIRECTION ( 'NONE',  ( 1.000000000000000000, 0.000000000000000000, 0.000000000000000000 ) ) ;
#2484 = DIRECTION ( 'NONE',  ( -0.000000000000000000, 0.000000000000000000, -1.000000000000000000 ) ) ;
#2485 = CYLINDRICAL_SURFACE ( 'NONE', #6351, 0.9999999999999971134 ) ;
#2486 = CARTESIAN_POINT ( 'NONE',  ( 27.13280362000000068, 29.55000098000000008, 3.000000000000000000 ) ) ;
#2487 = EDGE_CURVE ( 'NONE', #8353, #8363, #7753, .T. ) ;
#2488 = VERTEX_POINT ( 'NONE', #1613 ) ;
#2489 = EDGE_CURVE ( 'NONE', #8695, #797, #4903, .T. ) ;
#2490 = CIRCLE ( 'NONE', #7193, 2.029999995682017833 ) ;
#2491 = ORIENTED_EDGE ( 'NONE', *, *, #1671, .T. ) ;
#2492 = DIRECTION ( 'NONE',  ( -0.000000000000000000, 1.000000000000000000, 0.000000000000000000 ) ) ;
#2493 = ORIENTED_EDGE ( 'NONE', *, *, #3234, .F. ) ;
#2494 = CARTESIAN_POINT ( 'NONE',  ( 29.45897074911485802, 110.1124851936654920, -3.998419459999999592 ) ) ;
#2495 = ORIENTED_EDGE ( 'NONE', *, *, #7283, .F. ) ;
#2496 = CARTESIAN_POINT ( 'NONE',  ( 10.26479008739985233, 1.400000000000000133, 1.500000000000000000 ) ) ;
#2497 = VECTOR ( 'NONE', #8645, 1000.000000000000000 ) ;
#2498 = CARTESIAN_POINT ( 'NONE',  ( 29.97226752947931416, 1.900058081220076023, 0.9999999999999731326 ) ) ;
#2499 = DIRECTION ( 'NONE',  ( 1.000000000000000000, 0.000000000000000000, 0.000000000000000000 ) ) ;
#2500 = LINE ( 'NONE', #7960, #3908 ) ;
#2501 = DIRECTION ( 'NONE',  ( 0.000000000000000000, 0.000000000000000000, 1.000000000000000000 ) ) ;
#2502 = VECTOR ( 'NONE', #5481, 1000.000000000000000 ) ;
#2503 = VECTOR ( 'NONE', #5165, 999.9999999999998863 ) ;
#2504 = ORIENTED_EDGE ( 'NONE', *, *, #7206, .T. ) ;
#2505 = ORIENTED_EDGE ( 'NONE', *, *, #5803, .T. ) ;
#2506 = EDGE_CURVE ( 'NONE', #7992, #7702, #6316, .T. ) ;
#2507 = DIRECTION ( 'NONE',  ( 1.000000000000000000, -0.000000000000000000, -0.000000000000000000 ) ) ;
#2508 = CARTESIAN_POINT ( 'NONE',  ( 33.46724093441552128, 45.17238118633474642, -2.099999999999998757 ) ) ;
#2509 = AXIS2_PLACEMENT_3D ( 'NONE', #5845, #1144, #3879 ) ;
#2510 = AXIS2_PLACEMENT_3D ( 'NONE', #7282, #4614, #6659 ) ;
#2511 = CARTESIAN_POINT ( 'NONE',  ( 7.632803619999999789, 65.45000098000001287, 3.000000000000000000 ) ) ;
#2512 = DIRECTION ( 'NONE',  ( 0.000000000000000000, 0.000000000000000000, -1.000000000000000000 ) ) ;
#2513 = AXIS2_PLACEMENT_3D ( 'NONE', #525, #1862, #8582 ) ;
#2514 = EDGE_CURVE ( 'NONE', #5210, #7530, #6039, .T. ) ;
#2515 = ORIENTED_EDGE ( 'NONE', *, *, #1373, .F. ) ;
#2516 = DIRECTION ( 'NONE',  ( 1.000000000000000000, 0.000000000000000000, 0.000000000000000000 ) ) ;
#2517 = CARTESIAN_POINT ( 'NONE',  ( -0.05326511289220822731, 111.0983359285751533, -3.998419460000000480 ) ) ;
#2518 = ADVANCED_FACE ( 'NONE', ( #8818 ), #2599, .F. ) ;
#2519 = EDGE_LOOP ( 'NONE', ( #7772, #6538, #8634, #907 ) ) ;
#2520 = CARTESIAN_POINT ( 'NONE',  ( 29.45897074911485802, 110.1124851936654920, 0.000000000000000000 ) ) ;
#2521 = CARTESIAN_POINT ( 'NONE',  ( 10.05780362000000139, 48.25000098000001003, 3.000000000000000000 ) ) ;
#2522 = ORIENTED_EDGE ( 'NONE', *, *, #117, .F. ) ;
#2523 = ORIENTED_EDGE ( 'NONE', *, *, #5214, .F. ) ;
#2524 = DIRECTION ( 'NONE',  ( -0.9999999932531438152, -0.0001161624401737789401, 0.000000000000000000 ) ) ;
#2525 = EDGE_LOOP ( 'NONE', ( #3555, #8278, #2749, #7931 ) ) ;
#2526 = LINE ( 'NONE', #1846, #3858 ) ;
#2527 = LINE ( 'NONE', #1263, #1302 ) ;
#2528 = CARTESIAN_POINT ( 'NONE',  ( 32.96849389775480432, 34.38604868172600959, 5.500000000000003553 ) ) ;
#2529 = DIRECTION ( 'NONE',  ( 0.000000000000000000, 0.000000000000000000, 1.000000000000000000 ) ) ;
#2530 = ORIENTED_EDGE ( 'NONE', *, *, #4187, .T. ) ;
#2531 = EDGE_CURVE ( 'NONE', #7874, #3601, #5512, .T. ) ;
#2532 = ORIENTED_EDGE ( 'NONE', *, *, #5589, .T. ) ;
#2533 = DIRECTION ( 'NONE',  ( 1.000000000000000000, 0.000000000000000000, 0.000000000000000000 ) ) ;
#2534 = ADVANCED_FACE ( 'NONE', ( #6048 ), #3310, .T. ) ;
#2535 = ORIENTED_EDGE ( 'NONE', *, *, #8000, .F. ) ;
#2536 = EDGE_CURVE ( 'NONE', #3215, #6156, #6747, .T. ) ;
#2537 = CARTESIAN_POINT ( 'NONE',  ( -4.285079355152390997E-06, 49.01559366211630220, 3.000000000000000000 ) ) ;
#2538 = CARTESIAN_POINT ( 'NONE',  ( 0.8150234764846248092, 45.34698983983430054, 1.469999999999999973 ) ) ;
#2539 = PLANE ( 'NONE',  #2153 ) ;
#2540 = DIRECTION ( 'NONE',  ( -0.000000000000000000, 0.000000000000000000, -1.000000000000000000 ) ) ;
#2541 = CYLINDRICAL_SURFACE ( 'NONE', #4341, 0.5000000000000000000 ) ;
#2542 = DIRECTION ( 'NONE',  ( 1.000000000000000000, 0.000000000000000000, 0.000000000000000000 ) ) ;
#2543 = ORIENTED_EDGE ( 'NONE', *, *, #607, .F. ) ;
#2544 = ORIENTED_EDGE ( 'NONE', *, *, #7380, .T. ) ;
#2545 = ORIENTED_EDGE ( 'NONE', *, *, #8262, .F. ) ;
#2546 = CARTESIAN_POINT ( 'NONE',  ( 19.74645821121415068, 1.726290213761730443E-06, 21.25407275812202812 ) ) ;
#2547 = DIRECTION ( 'NONE',  ( 0.000000000000000000, 0.000000000000000000, 1.000000000000000000 ) ) ;
#2548 = CARTESIAN_POINT ( 'NONE',  ( 25.50780353257322020, 49.01559589207970902, 3.000000000000000000 ) ) ;
#2549 = CARTESIAN_POINT ( 'NONE',  ( 5.607803620000001210, 105.2000009799999987, 2.500000000000000000 ) ) ;
#2550 = ADVANCED_FACE ( 'NONE', ( #6706 ), #3396, .T. ) ;
#2551 = ADVANCED_FACE ( 'NONE', ( #1245 ), #7379, .F. ) ;
#2552 = VECTOR ( 'NONE', #6539, 1000.000000000000000 ) ;
#2553 = ORIENTED_EDGE ( 'NONE', *, *, #7540, .F. ) ;
#2554 = AXIS2_PLACEMENT_3D ( 'NONE', #3406, #6186, #2697 ) ;
#2555 = EDGE_LOOP ( 'NONE', ( #1022, #6177, #5288, #346 ) ) ;
#2556 = DIRECTION ( 'NONE',  ( 0.9999999932531438152, 0.0001161624401668776951, 0.000000000000000000 ) ) ;
#2557 = DIRECTION ( 'NONE',  ( 0.9999999932531434821, 0.0001161624429836895152, 6.045291506118706412E-18 ) ) ;
#2558 = ORIENTED_EDGE ( 'NONE', *, *, #6379, .F. ) ;
#2559 = DIRECTION ( 'NONE',  ( 0.000000000000000000, -0.000000000000000000, -1.000000000000000000 ) ) ;
#2560 = AXIS2_PLACEMENT_3D ( 'NONE', #8551, #6533, #2374 ) ;
#2561 = LINE ( 'NONE', #2429, #1719 ) ;
#2562 = CARTESIAN_POINT ( 'NONE',  ( 2.307733984342669409, 108.0996491832266599, 1.500000000000000000 ) ) ;
#2563 = EDGE_CURVE ( 'NONE', #610, #7073, #3985, .T. ) ;
#2564 = AXIS2_PLACEMENT_3D ( 'NONE', #1012, #3746, #7775 ) ;
#2565 = EDGE_CURVE ( 'NONE', #2741, #5210, #5382, .T. ) ;
#2566 = ADVANCED_FACE ( 'NONE', ( #7213 ), #8050, .T. ) ;
#2567 = ORIENTED_EDGE ( 'NONE', *, *, #5977, .F. ) ;
#2568 = VECTOR ( 'NONE', #691, 999.9999999999998863 ) ;
#2569 = ORIENTED_EDGE ( 'NONE', *, *, #1152, .T. ) ;
#2570 = CARTESIAN_POINT ( 'NONE',  ( 23.63280362000000068, 64.95000097999999866, 1.500000000000000000 ) ) ;
#2571 = TOROIDAL_SURFACE ( 'NONE', #4869, 1.000000000000000000, 0.5000000000000000000 ) ;
#2572 = ORIENTED_EDGE ( 'NONE', *, *, #5952, .T. ) ;
#2573 = DIRECTION ( 'NONE',  ( 0.000000000000000000, -1.000000000000000000, 0.000000000000000000 ) ) ;
#2574 = DIRECTION ( 'NONE',  ( 0.0001161624429838024349, -0.9999999932531434821, 0.000000000000000000 ) ) ;
#2575 = CARTESIAN_POINT ( 'NONE',  ( -1.882162718694830788E-07, 4.305886374486270540, 2.500000000000000000 ) ) ;
#2576 = DIRECTION ( 'NONE',  ( 1.000000000000000000, 0.000000000000000000, 0.000000000000000000 ) ) ;
#2577 = VERTEX_POINT ( 'NONE', #7422 ) ;
#2578 = ADVANCED_FACE ( 'NONE', ( #61 ), #4760, .T. ) ;
#2579 = VERTEX_POINT ( 'NONE', #7468 ) ;
#2580 = LINE ( 'NONE', #2033, #3513 ) ;
#2581 = VERTEX_POINT ( 'NONE', #3140 ) ;
#2582 = CARTESIAN_POINT ( 'NONE',  ( 4.632803619999999789, 29.55000098000000008, 3.000000000000000000 ) ) ;
#2583 = ORIENTED_EDGE ( 'NONE', *, *, #8791, .F. ) ;
#2584 = DIRECTION ( 'NONE',  ( 0.000000000000000000, 0.000000000000000000, -1.000000000000000000 ) ) ;
#2585 = CARTESIAN_POINT ( 'NONE',  ( 29.47226753285274015, 1.900000000000000133, 0.000000000000000000 ) ) ;
#2586 = CARTESIAN_POINT ( 'NONE',  ( 0.000000000000000000, 19.89999996626572809, -2.998419460000000480 ) ) ;
#2587 = AXIS2_PLACEMENT_3D ( 'NONE', #4661, #5420, #2643 ) ;
#2588 = CARTESIAN_POINT ( 'NONE',  ( -0.9779008371553779000, 45.34681361558800461, 1.470034023431656012 ) ) ;
#2589 = FACE_OUTER_BOUND ( 'NONE', #5125, .T. ) ;
#2590 = DIRECTION ( 'NONE',  ( 0.000000000000000000, 0.000000000000000000, -1.000000000000000000 ) ) ;
#2591 = EDGE_CURVE ( 'NONE', #4133, #5367, #8188, .T. ) ;
#2592 = VECTOR ( 'NONE', #1479, 1000.000000000000000 ) ;
#2593 = ADVANCED_FACE ( 'NONE', ( #16 ), #8727, .F. ) ;
#2594 = ORIENTED_EDGE ( 'NONE', *, *, #2790, .T. ) ;
#2595 = ORIENTED_EDGE ( 'NONE', *, *, #4154, .T. ) ;
#2596 = LINE ( 'NONE', #7418, #5309 ) ;
#2597 = CARTESIAN_POINT ( 'NONE',  ( 32.96751697163944783, 42.79604856898605192, 1.319999995681913063 ) ) ;
#2598 = AXIS2_PLACEMENT_3D ( 'NONE', #2612, #6137, #636 ) ;
#2599 = CYLINDRICAL_SURFACE ( 'NONE', #3314, 0.4999999999999995559 ) ;
#2600 = CIRCLE ( 'NONE', #6879, 2.999999999999995559 ) ;
#2601 = CARTESIAN_POINT ( 'NONE',  ( 0.8092441906817412489, 95.09874794203754789, 3.426814665646245039 ) ) ;
#2602 = EDGE_CURVE ( 'NONE', #8311, #4272, #5484, .T. ) ;
#2603 = CARTESIAN_POINT ( 'NONE',  ( 2.314901507656654367, 46.39706199999999825, 1.500000000000000888 ) ) ;
#2604 = AXIS2_PLACEMENT_3D ( 'NONE', #6932, #7012, #7646 ) ;
#2605 = VERTEX_POINT ( 'NONE', #4801 ) ;
#2606 = AXIS2_PLACEMENT_3D ( 'NONE', #8306, #4910, #2158 ) ;
#2607 = ORIENTED_EDGE ( 'NONE', *, *, #3388, .F. ) ;
#2608 = CARTESIAN_POINT ( 'NONE',  ( 29.96883808238525404, 31.42291474461031342, 3.000000000000002665 ) ) ;
#2609 = CARTESIAN_POINT ( 'NONE',  ( 22.67155267958086284, 55.29259599289078153, -19.25780817680636048 ) ) ;
#2610 = LINE ( 'NONE', #3995, #5141 ) ;
#2611 = TOROIDAL_SURFACE ( 'NONE', #7606, 2.029999995682011171, 0.5000000000000000000 ) ;
#2612 = CARTESIAN_POINT ( 'NONE',  ( 29.45992963128577458, 108.1124854235292645, -2.998419460000012471 ) ) ;
#2613 = VECTOR ( 'NONE', #8457, 999.9999999999998863 ) ;
#2614 = AXIS2_PLACEMENT_3D ( 'NONE', #6525, #4383, #395 ) ;
#2615 = ORIENTED_EDGE ( 'NONE', *, *, #1165, .T. ) ;
#2616 = CYLINDRICAL_SURFACE ( 'NONE', #7919, 0.5000000000000000000 ) ;
#2617 = ADVANCED_FACE ( 'NONE', ( #4077 ), #6800, .F. ) ;
#2618 = LINE ( 'NONE', #8748, #5439 ) ;
#2619 = DIRECTION ( 'NONE',  ( 1.000000000000000000, 0.000000000000000000, -0.000000000000000000 ) ) ;
#2620 = CARTESIAN_POINT ( 'NONE',  ( 31.47017662241313829, 19.89999996626572454, -1.898419459999999948 ) ) ;
#2621 = CARTESIAN_POINT ( 'NONE',  ( 29.97226752947931061, 1.900058081220064921, 1.500000000000000000 ) ) ;
#2622 = EDGE_LOOP ( 'NONE', ( #2436, #8788, #5180, #8664 ) ) ;
#2623 = CIRCLE ( 'NONE', #4199, 1.000000000000001332 ) ;
#2624 = ORIENTED_EDGE ( 'NONE', *, *, #6908, .T. ) ;
#2625 = CARTESIAN_POINT ( 'NONE',  ( 25.33782777283724386, 1.400000000000000133, 1.500000000000000000 ) ) ;
#2626 = VERTEX_POINT ( 'NONE', #4342 ) ;
#2627 = ADVANCED_FACE ( 'NONE', ( #2905 ), #7011, .F. ) ;
#2628 = CARTESIAN_POINT ( 'NONE',  ( 2.820070398492506403, -2.099999999999999645, 122.8571184009966686 ) ) ;
#2629 = EDGE_CURVE ( 'NONE', #7573, #325, #7554, .T. ) ;
#2630 = ORIENTED_EDGE ( 'NONE', *, *, #6721, .T. ) ;
#2631 = CARTESIAN_POINT ( 'NONE',  ( 32.47248782355671182, 0.003772083449547375747, -3.998419460000000480 ) ) ;
#2632 = CARTESIAN_POINT ( 'NONE',  ( 13.86479015296693795, -0.09999997814430497400, 2.500000000000000000 ) ) ;
#2633 = DIRECTION ( 'NONE',  ( 0.000000000000000000, -1.000000000000000000, -1.019625867406444764E-16 ) ) ;
#2634 = EDGE_CURVE ( 'NONE', #750, #113, #60, .T. ) ;
#2635 = TOROIDAL_SURFACE ( 'NONE', #2193, 0.4999999999999991673, 0.5000000000000000000 ) ;
#2636 = LINE ( 'NONE', #363, #4571 ) ;
#2637 = LINE ( 'NONE', #3343, #4479 ) ;
#2638 = DIRECTION ( 'NONE',  ( -0.9999999932531437041, -0.0001161624401737049704, 0.000000000000000000 ) ) ;
#2639 = ORIENTED_EDGE ( 'NONE', *, *, #1382, .T. ) ;
#2640 = CARTESIAN_POINT ( 'NONE',  ( 32.46843581990815153, 34.88599059713249773, 3.000000000000000000 ) ) ;
#2641 = VECTOR ( 'NONE', #7888, 1000.000000000000114 ) ;
#2642 = ORIENTED_EDGE ( 'NONE', *, *, #6001, .T. ) ;
#2643 = DIRECTION ( 'NONE',  ( 1.000000000000000000, 0.000000000000000000, 0.000000000000000000 ) ) ;
#2644 = CARTESIAN_POINT ( 'NONE',  ( 30.46883807901182450, 31.42297282583039930, 1.000000000000000000 ) ) ;
#2645 = CARTESIAN_POINT ( 'NONE',  ( 30.97248783367698621, 0.003597839789286706551, 3.000000000000000000 ) ) ;
#2646 = DIRECTION ( 'NONE',  ( 1.000000000000000000, 0.000000000000000000, 0.000000000000000000 ) ) ;
#2647 = AXIS2_PLACEMENT_3D ( 'NONE', #2145, #4808, #7523 ) ;
#2648 = ORIENTED_EDGE ( 'NONE', *, *, #2489, .F. ) ;
#2649 = VECTOR ( 'NONE', #5377, 1000.000000000000227 ) ;
#2650 = EDGE_CURVE ( 'NONE', #1493, #7612, #4912, .T. ) ;
#2651 = VERTEX_POINT ( 'NONE', #1427 ) ;
#2652 = EDGE_CURVE ( 'NONE', #1721, #8406, #6542, .T. ) ;
#2653 = DIRECTION ( 'NONE',  ( 1.000000000000000000, 0.000000000000000000, 0.000000000000000000 ) ) ;
#2654 = DIRECTION ( 'NONE',  ( -3.469446951953614189E-15, -1.000000000000000000, 0.000000000000000000 ) ) ;
#2655 = ORIENTED_EDGE ( 'NONE', *, *, #3591, .F. ) ;
#2656 = DIRECTION ( 'NONE',  ( 1.000000000000000000, 0.000000000000000000, 0.000000000000000000 ) ) ;
#2657 = CYLINDRICAL_SURFACE ( 'NONE', #170, 0.5000000000000000000 ) ;
#2658 = ORIENTED_EDGE ( 'NONE', *, *, #8262, .T. ) ;
#2659 = VECTOR ( 'NONE', #3833, 1000.000000000000000 ) ;
#2660 = AXIS2_PLACEMENT_3D ( 'NONE', #7141, #1591, #2980 ) ;
#2661 = ORIENTED_EDGE ( 'NONE', *, *, #6936, .T. ) ;
#2662 = ORIENTED_EDGE ( 'NONE', *, *, #6955, .F. ) ;
#2663 = CARTESIAN_POINT ( 'NONE',  ( 1.870391103972826263, 32.59711382162605275, 1.260993344808319483 ) ) ;
#2664 = VERTEX_POINT ( 'NONE', #4970 ) ;
#2665 = CARTESIAN_POINT ( 'NONE',  ( 32.96825808800176105, 36.41604866371191207, 1.319999995681911509 ) ) ;
#2666 = FACE_OUTER_BOUND ( 'NONE', #76, .T. ) ;
#2667 = DIRECTION ( 'NONE',  ( 0.000000000000000000, -0.000000000000000000, -1.000000000000000000 ) ) ;
#2668 = ORIENTED_EDGE ( 'NONE', *, *, #8089, .F. ) ;
#2669 = ADVANCED_FACE ( 'NONE', ( #7686 ), #5683, .F. ) ;
#2670 = EDGE_CURVE ( 'NONE', #2685, #1834, #1547, .T. ) ;
#2671 = ORIENTED_EDGE ( 'NONE', *, *, #7382, .F. ) ;
#2672 = CARTESIAN_POINT ( 'NONE',  ( 21.55780361999999784, 62.25000098000001003, 1.500000000000000000 ) ) ;
#2673 = ORIENTED_EDGE ( 'NONE', *, *, #6196, .F. ) ;
#2674 = CARTESIAN_POINT ( 'NONE',  ( 31.46825809812263230, 36.41587441489029686, -0.2100000000001007172 ) ) ;
#2675 = ORIENTED_EDGE ( 'NONE', *, *, #3869, .T. ) ;
#2676 = CARTESIAN_POINT ( 'NONE',  ( 25.33782779072456393, -0.09999999999999956146, 0.000000000000000000 ) ) ;
#2677 = DIRECTION ( 'NONE',  ( 0.000000000000000000, -0.000000000000000000, -1.000000000000000000 ) ) ;
#2678 = CARTESIAN_POINT ( 'NONE',  ( 15.20325953999999946, 33.59706199999999399, -19.25780817680636048 ) ) ;
#2679 = CYLINDRICAL_SURFACE ( 'NONE', #6411, 0.5000000000000004441 ) ;
#2680 = LINE ( 'NONE', #2, #7908 ) ;
#2681 = CARTESIAN_POINT ( 'NONE',  ( 32.47226753285274015, 1.900000000000000133, 3.500000000000000000 ) ) ;
#2682 = EDGE_CURVE ( 'NONE', #7507, #1834, #2322, .T. ) ;
#2683 = VERTEX_POINT ( 'NONE', #4888 ) ;
#2684 = CARTESIAN_POINT ( 'NONE',  ( 19.35780361999999855, 108.6076421061782611, 1.500000000000001332 ) ) ;
#2685 = VERTEX_POINT ( 'NONE', #4293 ) ;
#2686 = CARTESIAN_POINT ( 'NONE',  ( 13.86479008739985730, 1.400000000000000133, 1.500000000000000000 ) ) ;
#2687 = CARTESIAN_POINT ( 'NONE',  ( 32.96849389775480432, 34.38604868172600959, 1.319999999999899920 ) ) ;
#2688 = DIRECTION ( 'NONE',  ( -0.9999999932531438152, -0.0001161624401737792789, 0.000000000000000000 ) ) ;
#2689 = FACE_BOUND ( 'NONE', #1320, .T. ) ;
#2690 = ORIENTED_EDGE ( 'NONE', *, *, #4283, .F. ) ;
#2691 = ORIENTED_EDGE ( 'NONE', *, *, #6107, .T. ) ;
#2692 = DIRECTION ( 'NONE',  ( 0.000000000000000000, 0.000000000000000000, -1.000000000000000000 ) ) ;
#2693 = DIRECTION ( 'NONE',  ( 0.9999998850681162121, 0.0004794410854436209212, 0.000000000000000000 ) ) ;
#2694 = ORIENTED_EDGE ( 'NONE', *, *, #3902, .T. ) ;
#2695 = LINE ( 'NONE', #5522, #6696 ) ;
#2696 = PLANE ( 'NONE',  #7296 ) ;
#2697 = DIRECTION ( 'NONE',  ( 1.000000000000000000, 0.000000000000000000, 0.000000000000000000 ) ) ;
#2698 = EDGE_CURVE ( 'NONE', #3158, #6043, #5018, .T. ) ;
#2699 = VERTEX_POINT ( 'NONE', #887 ) ;
#2700 = ORIENTED_EDGE ( 'NONE', *, *, #3170, .T. ) ;
#2701 = VECTOR ( 'NONE', #6352, 1000.000000000000000 ) ;
#2702 = DIRECTION ( 'NONE',  ( 4.371138883555511949E-08, -0.9999999999999991118, 0.000000000000000000 ) ) ;
#2703 = DIRECTION ( 'NONE',  ( -1.000000000000000000, 0.000000000000000000, 0.000000000000000000 ) ) ;
#2704 = CIRCLE ( 'NONE', #7421, 0.4999999999999985567 ) ;
#2705 = DIRECTION ( 'NONE',  ( -1.000000000000000000, 0.000000000000000000, 0.000000000000000000 ) ) ;
#2706 = ORIENTED_EDGE ( 'NONE', *, *, #1183, .T. ) ;
#2707 = CIRCLE ( 'NONE', #5003, 0.9999999999999971134 ) ;
#2708 = CIRCLE ( 'NONE', #1131, 3.000000000000001776 ) ;
#2709 = ORIENTED_EDGE ( 'NONE', *, *, #2305, .T. ) ;
#2710 = VECTOR ( 'NONE', #8517, 999.9999999999998863 ) ;
#2711 = LINE ( 'NONE', #8665, #4816 ) ;
#2712 = ORIENTED_EDGE ( 'NONE', *, *, #641, .F. ) ;
#2713 = DIRECTION ( 'NONE',  ( -0.000000000000000000, -0.000000000000000000, -1.000000000000000000 ) ) ;
#2714 = VERTEX_POINT ( 'NONE', #2092 ) ;
#2715 = CARTESIAN_POINT ( 'NONE',  ( 0.000000000000000000, 64.45000097999999866, 3.000000000000000000 ) ) ;
#2716 = CARTESIAN_POINT ( 'NONE',  ( 14.70325953999999946, 45.39706200000000536, 2.499999999999998668 ) ) ;
#2717 = FACE_OUTER_BOUND ( 'NONE', #763, .T. ) ;
#2718 = AXIS2_PLACEMENT_3D ( 'NONE', #6681, #428, #7984 ) ;
#2719 = CARTESIAN_POINT ( 'NONE',  ( 15.81018196609150195, 1.382170035077282349E-06, 21.25407275812202812 ) ) ;
#2720 = DIRECTION ( 'NONE',  ( 0.0001161624429837653145, -0.9999999932531434821, 0.000000000000000000 ) ) ;
#2721 = AXIS2_PLACEMENT_3D ( 'NONE', #3991, #2055, #68 ) ;
#2722 = DIRECTION ( 'NONE',  ( -0.0001161624401737789265, 0.9999999932531437041, 0.000000000000000000 ) ) ;
#2723 = ORIENTED_EDGE ( 'NONE', *, *, #6217, .T. ) ;
#2724 = CYLINDRICAL_SURFACE ( 'NONE', #7062, 0.5000000000000004441 ) ;
#2725 = VERTEX_POINT ( 'NONE', #3666 ) ;
#2726 = VECTOR ( 'NONE', #6132, 1000.000000000000000 ) ;
#2727 = DIRECTION ( 'NONE',  ( 0.000000000000000000, 0.000000000000000000, -1.000000000000000000 ) ) ;
#2728 = LINE ( 'NONE', #533, #8309 ) ;
#2729 = CARTESIAN_POINT ( 'NONE',  ( 31.46751698175972933, 42.79587432532578362, 1.319999995681913063 ) ) ;
#2730 = ADVANCED_FACE ( 'NONE', ( #6930 ), #6346, .F. ) ;
#2731 = EDGE_CURVE ( 'NONE', #6934, #1283, #5621, .T. ) ;
#2732 = DIRECTION ( 'NONE',  ( -1.748455547012635529E-07, 0.9999999999999847899, 8.673617379884015751E-16 ) ) ;
#2733 = VECTOR ( 'NONE', #8740, 1000.000000000000114 ) ;
#2734 = CARTESIAN_POINT ( 'NONE',  ( 6.107803620000001210, 105.2000009799999987, 2.499999999999998668 ) ) ;
#2735 = AXIS2_PLACEMENT_3D ( 'NONE', #7551, #1424, #3527 ) ;
#2736 = EDGE_LOOP ( 'NONE', ( #6855, #4142, #3635, #7396 ) ) ;
#2737 = AXIS2_PLACEMENT_3D ( 'NONE', #6057, #1438, #3500 ) ;
#2738 = ORIENTED_EDGE ( 'NONE', *, *, #291, .T. ) ;
#2739 = LINE ( 'NONE', #1387, #8641 ) ;
#2740 = EDGE_CURVE ( 'NONE', #3158, #5273, #7901, .T. ) ;
#2741 = VERTEX_POINT ( 'NONE', #263 ) ;
#2742 = CARTESIAN_POINT ( 'NONE',  ( 5.132803619999998901, 30.05000098000000008, 1.500000000000000000 ) ) ;
#2743 = EDGE_CURVE ( 'NONE', #468, #8831, #2982, .T. ) ;
#2744 = CARTESIAN_POINT ( 'NONE',  ( 29.45992963128577458, 108.1124854235292645, 3.500000000000000000 ) ) ;
#2745 = CARTESIAN_POINT ( 'NONE',  ( 16.90778281375268932, 44.82418304044327328, 3.000000000000000000 ) ) ;
#2746 = AXIS2_PLACEMENT_3D ( 'NONE', #8512, #2375, #5119 ) ;
#2747 = VECTOR ( 'NONE', #1847, 1000.000000000000000 ) ;
#2748 = ORIENTED_EDGE ( 'NONE', *, *, #5684, .F. ) ;
#2749 = ORIENTED_EDGE ( 'NONE', *, *, #8310, .F. ) ;
#2750 = EDGE_LOOP ( 'NONE', ( #7637, #5447, #5405, #1330 ) ) ;
#2751 = DIRECTION ( 'NONE',  ( 0.000000000000000000, -0.000000000000000000, -1.000000000000000000 ) ) ;
#2752 = FACE_OUTER_BOUND ( 'NONE', #2815, .T. ) ;
#2753 = TOROIDAL_SURFACE ( 'NONE', #3897, 2.029999995682011171, 0.5000000000000000000 ) ;
#2754 = CARTESIAN_POINT ( 'NONE',  ( 25.50780361999599677, 48.01559589207970902, 1.500000000000000000 ) ) ;
#2755 = ORIENTED_EDGE ( 'NONE', *, *, #8314, .T. ) ;
#2756 = EDGE_CURVE ( 'NONE', #1000, #630, #2184, .T. ) ;
#2757 = ORIENTED_EDGE ( 'NONE', *, *, #5413, .F. ) ;
#2758 = AXIS2_PLACEMENT_3D ( 'NONE', #3529, #8371, #803 ) ;
#2759 = ORIENTED_EDGE ( 'NONE', *, *, #1218, .F. ) ;
#2760 = EDGE_CURVE ( 'NONE', #6250, #1834, #1462, .T. ) ;
#2761 = FACE_OUTER_BOUND ( 'NONE', #1054, .T. ) ;
#2762 = DIRECTION ( 'NONE',  ( 0.0001161624401737049839, -0.9999999932531438152, 0.000000000000000000 ) ) ;
#2763 = DIRECTION ( 'NONE',  ( 0.000000000000000000, 1.000000000000000000, 0.000000000000000000 ) ) ;
#2764 = PLANE ( 'NONE',  #3996 ) ;
#2765 = CARTESIAN_POINT ( 'NONE',  ( -0.1799295812669530759, 1.899651512671047149, 2.500000000000002220 ) ) ;
#2766 = VECTOR ( 'NONE', #356, 1000.000000000000000 ) ;
#2767 = EDGE_LOOP ( 'NONE', ( #6641, #5201, #3791, #7541 ) ) ;
#2768 = CARTESIAN_POINT ( 'NONE',  ( 31.46143964517696290, 95.11344386558701558, -1.898419459999997505 ) ) ;
#2769 = EDGE_LOOP ( 'NONE', ( #8799, #8064, #6141, #998, #6231 ) ) ;
#2770 = AXIS2_PLACEMENT_3D ( 'NONE', #2131, #7550, #2047 ) ;
#2771 = AXIS2_PLACEMENT_3D ( 'NONE', #1995, #7324, #1194 ) ;
#2772 = DIRECTION ( 'NONE',  ( -0.000000000000000000, -0.000000000000000000, 1.000000000000000000 ) ) ;
#2773 = DIRECTION ( 'NONE',  ( 0.000000000000000000, 0.000000000000000000, -1.000000000000000000 ) ) ;
#2774 = DIRECTION ( 'NONE',  ( 0.000000000000000000, 0.000000000000000000, -1.000000000000000000 ) ) ;
#2775 = VECTOR ( 'NONE', #7933, 1000.000000000000227 ) ;
#2776 = EDGE_CURVE ( 'NONE', #6250, #7507, #3752, .T. ) ;
#2777 = ORIENTED_EDGE ( 'NONE', *, *, #3900, .T. ) ;
#2778 = DIRECTION ( 'NONE',  ( 1.000000000000000000, 0.000000000000000000, 0.000000000000000000 ) ) ;
#2779 = CYLINDRICAL_SURFACE ( 'NONE', #2647, 0.5000000000000000000 ) ;
#2780 = ORIENTED_EDGE ( 'NONE', *, *, #8073, .T. ) ;
#2781 = VECTOR ( 'NONE', #5886, 1000.000000000000227 ) ;
#2782 = CARTESIAN_POINT ( 'NONE',  ( -0.1807365282592334477, 8.846363084055703041, -3.998419460000000480 ) ) ;
#2783 = CARTESIAN_POINT ( 'NONE',  ( 1.807733980969240983, 108.0997072644481563, 0.000000000000000000 ) ) ;
#2784 = DIRECTION ( 'NONE',  ( 0.000000000000000000, 0.000000000000000000, -1.000000000000000000 ) ) ;
#2785 = CARTESIAN_POINT ( 'NONE',  ( 0.8149595787582519790, 45.89706200000000536, 21.25407275812202812 ) ) ;
#2786 = EDGE_CURVE ( 'NONE', #8001, #5188, #1889, .T. ) ;
#2787 = AXIS2_PLACEMENT_3D ( 'NONE', #812, #8206, #2060 ) ;
#2788 = ORIENTED_EDGE ( 'NONE', *, *, #5959, .F. ) ;
#2789 = ORIENTED_EDGE ( 'NONE', *, *, #433, .T. ) ;
#2790 = EDGE_CURVE ( 'NONE', #7530, #388, #3119, .T. ) ;
#2791 = ORIENTED_EDGE ( 'NONE', *, *, #3505, .F. ) ;
#2792 = CARTESIAN_POINT ( 'NONE',  ( 0.000000000000000000, 90.40681127924000293, -19.25780817680636048 ) ) ;
#2793 = DIRECTION ( 'NONE',  ( 1.000000000000000000, 0.000000000000000000, 0.000000000000000000 ) ) ;
#2794 = DIRECTION ( 'NONE',  ( -0.9999999932531434821, -0.0001161624429836895152, -0.000000000000000000 ) ) ;
#2795 = AXIS2_PLACEMENT_3D ( 'NONE', #5765, #8576, #6476 ) ;
#2796 = VERTEX_POINT ( 'NONE', #966 ) ;
#2797 = EDGE_CURVE ( 'NONE', #2354, #6940, #8460, .T. ) ;
#2798 = VERTEX_POINT ( 'NONE', #7143 ) ;
#2799 = VECTOR ( 'NONE', #6788, 1000.000000000000000 ) ;
#2800 = ORIENTED_EDGE ( 'NONE', *, *, #2682, .T. ) ;
#2801 = EDGE_LOOP ( 'NONE', ( #8191, #7462, #942, #1698 ) ) ;
#2802 = CARTESIAN_POINT ( 'NONE',  ( 16.90899554962109974, 34.38418317119734269, 3.000000000000000000 ) ) ;
#2803 = PLANE ( 'NONE',  #3011 ) ;
#2804 = CYLINDRICAL_SURFACE ( 'NONE', #4646, 0.5000000000000004441 ) ;
#2805 = DIRECTION ( 'NONE',  ( 1.000000000000000000, 0.000000000000000000, 0.000000000000000000 ) ) ;
#2806 = DIRECTION ( 'NONE',  ( -0.0001161624429845027617, 0.9999999932531435931, 0.000000000000000000 ) ) ;
#2807 = EDGE_CURVE ( 'NONE', #7103, #3001, #2317, .T. ) ;
#2808 = ORIENTED_EDGE ( 'NONE', *, *, #5556, .F. ) ;
#2809 = FACE_OUTER_BOUND ( 'NONE', #5438, .T. ) ;
#2810 = ORIENTED_EDGE ( 'NONE', *, *, #920, .F. ) ;
#2811 = FACE_OUTER_BOUND ( 'NONE', #5678, .T. ) ;
#2812 = DIRECTION ( 'NONE',  ( -1.000000000000000000, 0.000000000000000000, 0.000000000000000000 ) ) ;
#2813 = DIRECTION ( 'NONE',  ( 1.000000000000000000, 0.000000000000000000, -0.000000000000000000 ) ) ;
#2814 = CARTESIAN_POINT ( 'NONE',  ( 32.47226751261217714, 1.900348487320492552, -3.998419460000000480 ) ) ;
#2815 = EDGE_LOOP ( 'NONE', ( #824, #5976, #6071, #2105 ) ) ;
#2816 = ORIENTED_EDGE ( 'NONE', *, *, #4706, .F. ) ;
#2817 = DIRECTION ( 'NONE',  ( -3.576220230030157874E-16, 1.000000000000000000, 0.000000000000000000 ) ) ;
#2818 = DIRECTION ( 'NONE',  ( 0.000000000000000000, 0.000000000000000000, -1.000000000000000000 ) ) ;
#2819 = ORIENTED_EDGE ( 'NONE', *, *, #7025, .F. ) ;
#2820 = DIRECTION ( 'NONE',  ( 0.000000000000000000, 0.000000000000000000, -1.000000000000000000 ) ) ;
#2821 = FACE_OUTER_BOUND ( 'NONE', #6108, .T. ) ;
#2822 = CARTESIAN_POINT ( 'NONE',  ( 0.000000000000000000, 14.90000000000000036, -1.898419459999999948 ) ) ;
#2823 = CARTESIAN_POINT ( 'NONE',  ( 24.13280362000000068, 65.45000098000001287, 1.500000000000000000 ) ) ;
#2824 = EDGE_CURVE ( 'NONE', #4583, #7073, #5110, .T. ) ;
#2825 = ORIENTED_EDGE ( 'NONE', *, *, #6820, .T. ) ;
#2826 = ORIENTED_EDGE ( 'NONE', *, *, #5867, .F. ) ;
#2827 = CARTESIAN_POINT ( 'NONE',  ( 29.47226753285272594, 0.9000000000000002442, 1.000000000000028644 ) ) ;
#2828 = ORIENTED_EDGE ( 'NONE', *, *, #840, .T. ) ;
#2829 = CARTESIAN_POINT ( 'NONE',  ( 30.81200549912765752, 35.05878445003081367, 0.5723140233596968329 ) ) ;
#2830 = FACE_OUTER_BOUND ( 'NONE', #1715, .T. ) ;
#2831 = EDGE_CURVE ( 'NONE', #719, #7911, #6467, .T. ) ;
#2832 = DIRECTION ( 'NONE',  ( 1.000000000000000000, 0.000000000000000000, 0.000000000000000000 ) ) ;
#2833 = EDGE_CURVE ( 'NONE', #1384, #5935, #6755, .T. ) ;
#2834 = ORIENTED_EDGE ( 'NONE', *, *, #6547, .T. ) ;
#2835 = AXIS2_PLACEMENT_3D ( 'NONE', #8783, #592, #7476 ) ;
#2836 = VERTEX_POINT ( 'NONE', #3750 ) ;
#2837 = DIRECTION ( 'NONE',  ( -0.9999999932531434821, -0.0001161624429840690809, 0.000000000000000000 ) ) ;
#2838 = ORIENTED_EDGE ( 'NONE', *, *, #6947, .T. ) ;
#2839 = VECTOR ( 'NONE', #2017, 1000.000000000000114 ) ;
#2840 = VERTEX_POINT ( 'NONE', #1017 ) ;
#2841 = DIRECTION ( 'NONE',  ( 1.000000000000000000, 0.000000000000000000, 0.000000000000000000 ) ) ;
#2842 = DIRECTION ( 'NONE',  ( 1.000000000000000000, 0.000000000000000000, 0.000000000000000000 ) ) ;
#2843 = CARTESIAN_POINT ( 'NONE',  ( 9.207803619999999967, 109.1027758360674795, 117.8988879368424563 ) ) ;
#2844 = CYLINDRICAL_SURFACE ( 'NONE', #8431, 0.5000000000000004441 ) ;
#2845 = CARTESIAN_POINT ( 'NONE',  ( 0.000000000000000000, 0.000000000000000000, 2.500000000000000000 ) ) ;
#2846 = AXIS2_PLACEMENT_3D ( 'NONE', #7635, #7085, #6419 ) ;
#2847 = ADVANCED_FACE ( 'NONE', ( #4424 ), #4522, .T. ) ;
#2848 = AXIS2_PLACEMENT_3D ( 'NONE', #4788, #6202, #5408 ) ;
#2849 = VECTOR ( 'NONE', #3697, 1000.000000000000000 ) ;
#2850 = ORIENTED_EDGE ( 'NONE', *, *, #3492, .T. ) ;
#2851 = DIRECTION ( 'NONE',  ( -0.000000000000000000, 1.000000000000000000, 0.000000000000000000 ) ) ;
#2852 = ORIENTED_EDGE ( 'NONE', *, *, #8791, .T. ) ;
#2853 = CIRCLE ( 'NONE', #7714, 0.5000000000000000000 ) ;
#2854 = DIRECTION ( 'NONE',  ( 0.0001161624429838024349, -0.9999999932531434821, 0.000000000000000000 ) ) ;
#2855 = DIRECTION ( 'NONE',  ( 0.9999998850681163232, 0.0004794410854595740888, -0.000000000000000000 ) ) ;
#2856 = AXIS2_PLACEMENT_3D ( 'NONE', #3677, #4947, #3636 ) ;
#2857 = CARTESIAN_POINT ( 'NONE',  ( -0.6797089072739336268, -7.923756760452098868E-05, -1.598417070451769284 ) ) ;
#2858 = DIRECTION ( 'NONE',  ( 0.0001161624429836352916, -0.9999999932531434821, 0.000000000000000000 ) ) ;
#2859 = EDGE_CURVE ( 'NONE', #6782, #2287, #4558, .T. ) ;
#2860 = AXIS2_PLACEMENT_3D ( 'NONE', #2754, #1399, #6861 ) ;
#2861 = CIRCLE ( 'NONE', #1286, 4.000000000000000000 ) ;
#2862 = ORIENTED_EDGE ( 'NONE', *, *, #6342, .F. ) ;
#2863 = CARTESIAN_POINT ( 'NONE',  ( 15.81018184369973056, 1.400000000000000133, 1.000000000000000888 ) ) ;
#2864 = DIRECTION ( 'NONE',  ( 0.9999999932531434821, 0.0001161624429840690538, 0.000000000000000000 ) ) ;
#2865 = CARTESIAN_POINT ( 'NONE',  ( 32.46728116525984831, 44.82599046975185075, 3.500000000000000000 ) ) ;
#2866 = AXIS2_PLACEMENT_3D ( 'NONE', #3597, #7756, #4315 ) ;
#2867 = EDGE_CURVE ( 'NONE', #4121, #7079, #5060, .T. ) ;
#2868 = CARTESIAN_POINT ( 'NONE',  ( 0.000000000000000000, 62.75000098000001003, 1.500000000000000000 ) ) ;
#2869 = FACE_OUTER_BOUND ( 'NONE', #5196, .T. ) ;
#2870 = AXIS2_PLACEMENT_3D ( 'NONE', #5212, #1785, #1200 ) ;
#2871 = LINE ( 'NONE', #2326, #733 ) ;
#2872 = CARTESIAN_POINT ( 'NONE',  ( 12.85780362000000032, 110.1045259111624119, 21.25407275812202812 ) ) ;
#2873 = CIRCLE ( 'NONE', #5028, 2.999999999999999112 ) ;
#2874 = AXIS2_PLACEMENT_3D ( 'NONE', #3664, #6386, #8126 ) ;
#2875 = ORIENTED_EDGE ( 'NONE', *, *, #4238, .F. ) ;
#2876 = DIRECTION ( 'NONE',  ( 3.173724607192532497E-06, 0.9999999999949638063, -0.000000000000000000 ) ) ;
#2877 = ORIENTED_EDGE ( 'NONE', *, *, #1639, .T. ) ;
#2878 = CARTESIAN_POINT ( 'NONE',  ( 30.96849391124851536, 34.38581635684566606, 3.000000000000000000 ) ) ;
#2879 = CARTESIAN_POINT ( 'NONE',  ( -0.001637470401572071847, 14.09638389538684677, -3.998419460000000480 ) ) ;
#2880 = CARTESIAN_POINT ( 'NONE',  ( 21.05780361999999428, 62.25000098000001003, 1.500000000000000000 ) ) ;
#2881 = EDGE_LOOP ( 'NONE', ( #7866, #8792, #2690, #574 ) ) ;
#2882 = CIRCLE ( 'NONE', #8742, 0.5000000000000000000 ) ;
#2883 = CIRCLE ( 'NONE', #748, 1.000000000000000888 ) ;
#2884 = EDGE_CURVE ( 'NONE', #7596, #3601, #2476, .T. ) ;
#2885 = ORIENTED_EDGE ( 'NONE', *, *, #890, .T. ) ;
#2886 = CARTESIAN_POINT ( 'NONE',  ( -0.1922659987901881862, 108.0993587771192068, -2.998419460000012471 ) ) ;
#2887 = ORIENTED_EDGE ( 'NONE', *, *, #397, .T. ) ;
#2888 =( BOUNDED_CURVE ( )  B_SPLINE_CURVE ( 3, ( #4900, #7066, #939, #274 ),
 .UNSPECIFIED., .F., .T. ) 
 B_SPLINE_CURVE_WITH_KNOTS ( ( 4, 4 ),
 ( 0.0001160750168735770824, 1.570796326794905440 ),
 .UNSPECIFIED. ) 
 CURVE ( )  GEOMETRIC_REPRESENTATION_ITEM ( )  RATIONAL_B_SPLINE_CURVE ( ( 1.000000000000000000, 0.8047652124742717961, 0.8047652124742717961, 1.000000000000000000 ) ) 
 REPRESENTATION_ITEM ( '' )  );
#2889 = EDGE_CURVE ( 'NONE', #6605, #4633, #5815, .T. ) ;
#2890 = ORIENTED_EDGE ( 'NONE', *, *, #7449, .F. ) ;
#2891 = DIRECTION ( 'NONE',  ( -0.0001161624429840690809, 0.9999999932531434821, 3.148589326113781000E-21 ) ) ;
#2892 = CARTESIAN_POINT ( 'NONE',  ( 2.807254539883782485, 109.0997071495162771, 0.000000000000000000 ) ) ;
#2893 = DIRECTION ( 'NONE',  ( -0.0001161624429837653145, 0.9999999932531434821, 0.000000000000000000 ) ) ;
#2894 = CARTESIAN_POINT ( 'NONE',  ( 0.000000000000000000, 0.000000000000000000, 2.500000000000000000 ) ) ;
#2895 = LINE ( 'NONE', #5633, #1047 ) ;
#2896 = EDGE_CURVE ( 'NONE', #719, #5939, #5206, .T. ) ;
#2897 = EDGE_LOOP ( 'NONE', ( #1769, #399, #6769, #7587 ) ) ;
#2898 = LINE ( 'NONE', #5594, #4365 ) ;
#2899 = EDGE_CURVE ( 'NONE', #901, #1657, #8501, .T. ) ;
#2900 = ORIENTED_EDGE ( 'NONE', *, *, #2487, .T. ) ;
#2901 = EDGE_CURVE ( 'NONE', #2036, #1316, #2404, .T. ) ;
#2902 = LINE ( 'NONE', #5640, #322 ) ;
#2903 = CYLINDRICAL_SURFACE ( 'NONE', #8009, 1.000000000000000000 ) ;
#2904 = LINE ( 'NONE', #187, #8078 ) ;
#2905 = FACE_OUTER_BOUND ( 'NONE', #3990, .T. ) ;
#2906 = CARTESIAN_POINT ( 'NONE',  ( 2.820070398492477537, 1.900000000000000577, -2.998419460000012471 ) ) ;
#2907 =( GEOMETRIC_REPRESENTATION_CONTEXT ( 3 ) GLOBAL_UNCERTAINTY_ASSIGNED_CONTEXT ( ( #5856 ) ) GLOBAL_UNIT_ASSIGNED_CONTEXT ( ( #5164, #8379, #1740 ) ) REPRESENTATION_CONTEXT ( 'NONE', 'WORKASPACE' ) );
#2908 = ORIENTED_EDGE ( 'NONE', *, *, #4040, .T. ) ;
#2909 = CARTESIAN_POINT ( 'NONE',  ( 1.816504539260360040, 32.59712008122239268, 1.131267345649414890 ) ) ;
#2910 = LINE ( 'NONE', #6349, #6572 ) ;
#2911 = DIRECTION ( 'NONE',  ( -1.000000000000000000, 0.000000000000000000, 0.000000000000000000 ) ) ;
#2912 = DIRECTION ( 'NONE',  ( -0.000000000000000000, 1.000000000000000000, 0.000000000000000000 ) ) ;
#2913 = EDGE_CURVE ( 'NONE', #3056, #7573, #1734, .T. ) ;
#2914 = LINE ( 'NONE', #3631, #6304 ) ;
#2915 = DIRECTION ( 'NONE',  ( 1.000000000000000000, 0.000000000000000000, 0.000000000000000000 ) ) ;
#2916 = EDGE_CURVE ( 'NONE', #4597, #7969, #7273, .T. ) ;
#2917 = VECTOR ( 'NONE', #8013, 1000.000000000000227 ) ;
#2918 = ORIENTED_EDGE ( 'NONE', *, *, #4953, .F. ) ;
#2919 = PLANE ( 'NONE',  #6424 ) ;
#2920 = ORIENTED_EDGE ( 'NONE', *, *, #7340, .F. ) ;
#2921 = DIRECTION ( 'NONE',  ( -0.000000000000000000, -0.000000000000000000, -1.000000000000000000 ) ) ;
#2922 = DIRECTION ( 'NONE',  ( -1.000000000000000000, 0.000000000000000000, 0.000000000000000000 ) ) ;
#2923 = FACE_OUTER_BOUND ( 'NONE', #5378, .T. ) ;
#2924 = ORIENTED_EDGE ( 'NONE', *, *, #7144, .F. ) ;
#2925 = VECTOR ( 'NONE', #849, 1000.000000000000000 ) ;
#2926 = ORIENTED_EDGE ( 'NONE', *, *, #3933, .F. ) ;
#2927 = EDGE_LOOP ( 'NONE', ( #508, #6890, #8433, #5567 ) ) ;
#2928 = EDGE_LOOP ( 'NONE', ( #3535, #2789, #6131, #70, #3122, #8292, #1630 ) ) ;
#2929 = LINE ( 'NONE', #2250, #703 ) ;
#2930 = FACE_OUTER_BOUND ( 'NONE', #6307, .T. ) ;
#2931 = CARTESIAN_POINT ( 'NONE',  ( 31.46847381336823091, 34.55886070361938067, 0.5000000000000000000 ) ) ;
#2932 = DIRECTION ( 'NONE',  ( -1.000000000000000000, 0.000000000000000000, 0.000000000000000000 ) ) ;
#2933 = DIRECTION ( 'NONE',  ( 0.0001161624401737789130, -0.9999999932531437041, 0.000000000000000000 ) ) ;
#2934 = EDGE_CURVE ( 'NONE', #4578, #7185, #2500, .T. ) ;
#2935 = EDGE_CURVE ( 'NONE', #3729, #5259, #6611, .T. ) ;
#2936 = CIRCLE ( 'NONE', #8087, 0.5000000000000004441 ) ;
#2937 = AXIS2_PLACEMENT_3D ( 'NONE', #8672, #3117, #3299 ) ;
#2938 =( BOUNDED_CURVE ( )  B_SPLINE_CURVE ( 3, ( #4021, #4650, #1233, #7407 ),
 .UNSPECIFIED., .F., .T. ) 
 B_SPLINE_CURVE_WITH_KNOTS ( ( 4, 4 ),
 ( 3.141592653589850404, 4.712388980384662140 ),
 .UNSPECIFIED. ) 
 CURVE ( )  GEOMETRIC_REPRESENTATION_ITEM ( )  RATIONAL_B_SPLINE_CURVE ( ( 1.000000000000000000, 0.8047378541243850325, 0.8047378541243850325, 1.000000000000000000 ) ) 
 REPRESENTATION_ITEM ( '' )  );
#2939 = ORIENTED_EDGE ( 'NONE', *, *, #7013, .F. ) ;
#2940 = LINE ( 'NONE', #8405, #1642 ) ;
#2941 = VERTEX_POINT ( 'NONE', #8717 ) ;
#2942 = CARTESIAN_POINT ( 'NONE',  ( 9.207803619999999967, 105.2000009799999987, 1.500000000000000000 ) ) ;
#2943 = DIRECTION ( 'NONE',  ( 1.000000000000000000, 0.000000000000000000, 0.000000000000000000 ) ) ;
#2944 = DIRECTION ( 'NONE',  ( 0.9999999932531434821, 0.0001161624429837051277, 0.000000000000000000 ) ) ;
#2945 = DIRECTION ( 'NONE',  ( 1.000000000000000000, -0.000000000000000000, -0.000000000000000000 ) ) ;
#2946 = CARTESIAN_POINT ( 'NONE',  ( 2.807733980969242094, 108.0997072644481563, 0.9999999999999731326 ) ) ;
#2947 = EDGE_CURVE ( 'NONE', #2287, #2626, #2637, .T. ) ;
#2948 = CARTESIAN_POINT ( 'NONE',  ( 2.806295657712862823, 111.0997069196525189, -2.998419460000000480 ) ) ;
#2949 = ORIENTED_EDGE ( 'NONE', *, *, #6451, .F. ) ;
#2950 = PLANE ( 'NONE',  #440 ) ;
#2951 = FACE_OUTER_BOUND ( 'NONE', #1686, .T. ) ;
#2952 = CARTESIAN_POINT ( 'NONE',  ( 6.107803620000000322, 110.1012896834636337, 2.499999999999998668 ) ) ;
#2953 = CARTESIAN_POINT ( 'NONE',  ( -0.04559405568151975868, 95.09833809741422783, -2.998419460000000480 ) ) ;
#2954 = LINE ( 'NONE', #365, #416 ) ;
#2955 = EDGE_CURVE ( 'NONE', #7862, #6698, #571, .T. ) ;
#2956 = ORIENTED_EDGE ( 'NONE', *, *, #2023, .T. ) ;
#2957 = DIRECTION ( 'NONE',  ( 0.000000000000000000, 0.000000000000000000, 1.000000000000000000 ) ) ;
#2958 = ORIENTED_EDGE ( 'NONE', *, *, #496, .T. ) ;
#2959 = FACE_OUTER_BOUND ( 'NONE', #5733, .T. ) ;
#2960 = CARTESIAN_POINT ( 'NONE',  ( 29.45968991074304810, 108.6124853660633249, 1.000000000000000000 ) ) ;
#2961 = DIRECTION ( 'NONE',  ( 0.000000000000000000, 0.000000000000000000, -1.000000000000000000 ) ) ;
#2962 = ADVANCED_FACE ( 'NONE', ( #2589 ), #2541, .T. ) ;
#2963 = ORIENTED_EDGE ( 'NONE', *, *, #2884, .T. ) ;
#2964 = ORIENTED_EDGE ( 'NONE', *, *, #4050, .T. ) ;
#2965 = EDGE_LOOP ( 'NONE', ( #835, #128, #5638, #3144 ) ) ;
#2966 = ORIENTED_EDGE ( 'NONE', *, *, #6257, .F. ) ;
#2967 = CARTESIAN_POINT ( 'NONE',  ( 15.70325953999999946, 45.39706200000000536, 2.000000000000000000 ) ) ;
#2968 = CARTESIAN_POINT ( 'NONE',  ( 30.97248786666990483, 0.003597839793141912636, -2.998419460000000480 ) ) ;
#2969 = CARTESIAN_POINT ( 'NONE',  ( 31.45992961779206354, 108.1127177484095938, 122.8571184009966686 ) ) ;
#2970 = CARTESIAN_POINT ( 'NONE',  ( -1.183878774712801674, 35.89675566188209643, 1.969999999999999973 ) ) ;
#2971 = EDGE_CURVE ( 'NONE', #1000, #629, #5283, .T. ) ;
#2972 = EDGE_LOOP ( 'NONE', ( #539, #2673, #1252, #4686 ) ) ;
#2973 = AXIS2_PLACEMENT_3D ( 'NONE', #6585, #1798, #1040 ) ;
#2974 = VERTEX_POINT ( 'NONE', #4653 ) ;
#2975 = CARTESIAN_POINT ( 'NONE',  ( 2.820070398492498853, -1.099999999999999867, -2.998419460000000480 ) ) ;
#2976 = DIRECTION ( 'NONE',  ( 0.000000000000000000, 0.000000000000000000, 1.000000000000000000 ) ) ;
#2977 = ORIENTED_EDGE ( 'NONE', *, *, #3596, .F. ) ;
#2978 = DIRECTION ( 'NONE',  ( 0.000000000000000000, 0.000000000000000000, 1.000000000000000000 ) ) ;
#2979 = DIRECTION ( 'NONE',  ( 1.192488222418004912E-08, -0.9999999999999998890, 0.000000000000000000 ) ) ;
#2980 = DIRECTION ( 'NONE',  ( 0.000000000000000000, 0.000000000000000000, -1.000000000000000000 ) ) ;
#2981 = AXIS2_PLACEMENT_3D ( 'NONE', #2719, #3520, #4792 ) ;
#2982 = LINE ( 'NONE', #4930, #2032 ) ;
#2983 = VECTOR ( 'NONE', #6663, 999.9999999999998863 ) ;
#2984 = CARTESIAN_POINT ( 'NONE',  ( 9.557803620000006717, 1.105343087892674810E-15, 3.000000000000000000 ) ) ;
#2985 = AXIS2_PLACEMENT_3D ( 'NONE', #340, #3061, #1223 ) ;
#2986 = VERTEX_POINT ( 'NONE', #7998 ) ;
#2987 = ORIENTED_EDGE ( 'NONE', *, *, #8155, .F. ) ;
#2988 = EDGE_CURVE ( 'NONE', #5264, #5958, #3226, .T. ) ;
#2989 = AXIS2_PLACEMENT_3D ( 'NONE', #6006, #1882, #2692 ) ;
#2990 = EDGE_CURVE ( 'NONE', #4966, #7862, #6790, .T. ) ;
#2991 = SURFACE_STYLE_FILL_AREA ( #5115 ) ;
#2992 = DIRECTION ( 'NONE',  ( 0.000000000000000000, 0.000000000000000000, -1.000000000000000000 ) ) ;
#2993 = LINE ( 'NONE', #7152, #7930 ) ;
#2994 = DIRECTION ( 'NONE',  ( 1.000000000000000000, -8.944667923005403692E-16, 0.000000000000000000 ) ) ;
#2995 = VECTOR ( 'NONE', #8219, 1000.000000000000000 ) ;
#2996 = DIRECTION ( 'NONE',  ( 0.000000000000000000, -0.000000000000000000, -1.000000000000000000 ) ) ;
#2997 = DIRECTION ( 'NONE',  ( -0.9999999932531438152, -0.0001161624401668776951, 0.000000000000000000 ) ) ;
#2998 = CIRCLE ( 'NONE', #2860, 0.5000000000000004441 ) ;
#2999 = EDGE_CURVE ( 'NONE', #1384, #3569, #6695, .T. ) ;
#3000 = EDGE_CURVE ( 'NONE', #3001, #2354, #8618, .T. ) ;
#3001 = VERTEX_POINT ( 'NONE', #4607 ) ;
#3002 = LINE ( 'NONE', #5747, #1198 ) ;
#3003 = EDGE_CURVE ( 'NONE', #3252, #4669, #7180, .T. ) ;
#3004 = AXIS2_PLACEMENT_3D ( 'NONE', #2182, #4203, #4159 ) ;
#3005 = ORIENTED_EDGE ( 'NONE', *, *, #8587, .F. ) ;
#3006 = LINE ( 'NONE', #4985, #8838 ) ;
#3007 = DIRECTION ( 'NONE',  ( 0.000000000000000000, -0.000000000000000000, 1.000000000000000000 ) ) ;
#3008 = FACE_OUTER_BOUND ( 'NONE', #2965, .T. ) ;
#3009 = ORIENTED_EDGE ( 'NONE', *, *, #1244, .F. ) ;
#3010 = AXIS2_PLACEMENT_3D ( 'NONE', #991, #332, #3052 ) ;
#3011 = AXIS2_PLACEMENT_3D ( 'NONE', #3518, #8229, #131 ) ;
#3012 = ORIENTED_EDGE ( 'NONE', *, *, #4606, .T. ) ;
#3013 = ORIENTED_EDGE ( 'NONE', *, *, #6245, .T. ) ;
#3014 = ORIENTED_EDGE ( 'NONE', *, *, #4619, .T. ) ;
#3015 = DIRECTION ( 'NONE',  ( -0.000000000000000000, -1.000000000000000000, -0.000000000000000000 ) ) ;
#3016 = DIRECTION ( 'NONE',  ( 0.9999999932531439262, 0.0001161624401737789401, -0.000000000000000000 ) ) ;
#3017 = FACE_OUTER_BOUND ( 'NONE', #4377, .T. ) ;
#3018 = VECTOR ( 'NONE', #293, 1000.000000000000000 ) ;
#3019 = CARTESIAN_POINT ( 'NONE',  ( 5.608043340542729460, 108.6010499054274021, 1.500000000000000000 ) ) ;
#3020 = ORIENTED_EDGE ( 'NONE', *, *, #7921, .F. ) ;
#3021 = VECTOR ( 'NONE', #2052, 1000.000000000000000 ) ;
#3022 = ORIENTED_EDGE ( 'NONE', *, *, #2934, .F. ) ;
#3023 = AXIS2_PLACEMENT_3D ( 'NONE', #945, #2382, #1566 ) ;
#3024 = CARTESIAN_POINT ( 'NONE',  ( 23.63280362000000068, 64.95000097999999866, 3.000000000000000000 ) ) ;
#3025 = ADVANCED_FACE ( 'NONE', ( #6828 ), #7323, .F. ) ;
#3026 = VERTEX_POINT ( 'NONE', #4697 ) ;
#3027 = CARTESIAN_POINT ( 'NONE',  ( 0.8202910825731496436, 9.528701675242542642E-05, -1.898419459999999948 ) ) ;
#3028 = ORIENTED_EDGE ( 'NONE', *, *, #2367, .T. ) ;
#3029 = CARTESIAN_POINT ( 'NONE',  ( 21.96091302770999931, 96.42773413321998532, 1.500000000000001332 ) ) ;
#3030 = DIRECTION ( 'NONE',  ( 0.9999999932531438152, 0.0001161624401516996643, 0.000000000000000000 ) ) ;
#3031 = CARTESIAN_POINT ( 'NONE',  ( 21.05780361999999428, 47.75000098000001003, 3.000000000000000000 ) ) ;
#3032 = VECTOR ( 'NONE', #3979, 1000.000000000000000 ) ;
#3033 = CARTESIAN_POINT ( 'NONE',  ( 33.47226750586531807, 1.900464649760666536, 122.8571184009966686 ) ) ;
#3034 = AXIS2_PLACEMENT_3D ( 'NONE', #5679, #7733, #5148 ) ;
#3035 = CARTESIAN_POINT ( 'NONE',  ( -1.183820693491309584, 35.39675566525551176, -0.5300000000000000266 ) ) ;
#3036 = ORIENTED_EDGE ( 'NONE', *, *, #4835, .F. ) ;
#3037 = ORIENTED_EDGE ( 'NONE', *, *, #7088, .T. ) ;
#3038 = CIRCLE ( 'NONE', #1469, 0.5000000000000004441 ) ;
#3039 = CARTESIAN_POINT ( 'NONE',  ( 25.00780361999599677, 48.01559589207970902, 1.500000000000000000 ) ) ;
#3040 = CARTESIAN_POINT ( 'NONE',  ( 26.64836102379999971, 96.42773413321998532, 2.499999999999998668 ) ) ;
#3041 = DIRECTION ( 'NONE',  ( 0.9999999932531438152, 0.0001161624401737049839, -0.000000000000000000 ) ) ;
#3042 = CARTESIAN_POINT ( 'NONE',  ( 19.35780361999999855, 110.1076422785760798, 0.000000000000000000 ) ) ;
#3043 = ADVANCED_FACE ( 'NONE', ( #3932 ), #6651, .T. ) ;
#3044 = ORIENTED_EDGE ( 'NONE', *, *, #4489, .T. ) ;
#3045 = CYLINDRICAL_SURFACE ( 'NONE', #6710, 1.000000000000001332 ) ;
#3046 = CARTESIAN_POINT ( 'NONE',  ( 33.46849389438137479, 34.38610676294609902, 1.319999999999899920 ) ) ;
#3047 = AXIS2_PLACEMENT_3D ( 'NONE', #7008, #884, #223 ) ;
#3048 = ORIENTED_EDGE ( 'NONE', *, *, #200, .F. ) ;
#3049 = CARTESIAN_POINT ( 'NONE',  ( 21.55780361999999784, 48.25000098000001003, 3.000000000000000000 ) ) ;
#3050 = VECTOR ( 'NONE', #6675, 1000.000000000000000 ) ;
#3051 = DIRECTION ( 'NONE',  ( 1.000000000000000000, 0.000000000000000000, 0.000000000000000000 ) ) ;
#3052 = DIRECTION ( 'NONE',  ( 1.000000000000000000, 0.000000000000000000, 0.000000000000000000 ) ) ;
#3053 = ORIENTED_EDGE ( 'NONE', *, *, #464, .T. ) ;
#3054 = EDGE_CURVE ( 'NONE', #797, #8224, #7410, .T. ) ;
#3055 = CIRCLE ( 'NONE', #8062, 0.5000000000000004441 ) ;
#3056 = VERTEX_POINT ( 'NONE', #3260 ) ;
#3057 = VERTEX_POINT ( 'NONE', #5987 ) ;
#3058 = VERTEX_POINT ( 'NONE', #1280 ) ;
#3059 = LINE ( 'NONE', #338, #3190 ) ;
#3060 = ORIENTED_EDGE ( 'NONE', *, *, #3604, .T. ) ;
#3061 = DIRECTION ( 'NONE',  ( -0.000000000000000000, -0.000000000000000000, -1.000000000000000000 ) ) ;
#3062 = DIRECTION ( 'NONE',  ( 0.000000000000000000, 0.000000000000000000, -1.000000000000000000 ) ) ;
#3063 = CARTESIAN_POINT ( 'NONE',  ( -1.197777550159804028, 45.34675602794822424, 1.469999999999999973 ) ) ;
#3064 = CARTESIAN_POINT ( 'NONE',  ( -1.180678440290884978, 8.346246924986193250, -2.098418713067609076 ) ) ;
#3065 = CIRCLE ( 'NONE', #4215, 0.5000000000000000000 ) ;
#3066 = ORIENTED_EDGE ( 'NONE', *, *, #3255, .F. ) ;
#3067 = AXIS2_PLACEMENT_3D ( 'NONE', #4938, #7654, #3581 ) ;
#3068 = ORIENTED_EDGE ( 'NONE', *, *, #31, .F. ) ;
#3069 = LINE ( 'NONE', #1725, #2659 ) ;
#3070 = ORIENTED_EDGE ( 'NONE', *, *, #7921, .T. ) ;
#3071 = CARTESIAN_POINT ( 'NONE',  ( -0.1813463810815675314, 14.09636301996061647, -2.998419460000012471 ) ) ;
#3072 = ORIENTED_EDGE ( 'NONE', *, *, #3993, .F. ) ;
#3073 = LINE ( 'NONE', #5014, #6911 ) ;
#3074 = DIRECTION ( 'NONE',  ( 0.9999998850681161011, 0.0004794410854584955244, 0.000000000000000000 ) ) ;
#3075 = LINE ( 'NONE', #931, #7362 ) ;
#3076 = CARTESIAN_POINT ( 'NONE',  ( -0.1797089106799940883, -2.087542623138956488E-05, 2.500000000000000000 ) ) ;
#3077 = DIRECTION ( 'NONE',  ( -0.000000000000000000, -0.000000000000000000, -1.000000000000000000 ) ) ;
#3078 = CIRCLE ( 'NONE', #4663, 1.529999995682016056 ) ;
#3079 = EDGE_CURVE ( 'NONE', #6327, #826, #2680, .T. ) ;
#3080 = CIRCLE ( 'NONE', #367, 0.5000000000000004441 ) ;
#3081 = EDGE_CURVE ( 'NONE', #7962, #3794, #5412, .T. ) ;
#3082 = ORIENTED_EDGE ( 'NONE', *, *, #6931, .F. ) ;
#3083 = VERTEX_POINT ( 'NONE', #6080 ) ;
#3084 = AXIS2_PLACEMENT_3D ( 'NONE', #5404, #6781, #7717 ) ;
#3085 = DIRECTION ( 'NONE',  ( 1.000000000000000000, 0.000000000000000000, 0.000000000000000000 ) ) ;
#3086 = PLANE ( 'NONE',  #1350 ) ;
#3087 = CARTESIAN_POINT ( 'NONE',  ( -0.6850345943869041720, 45.34681361558800461, 1.470000003373427955 ) ) ;
#3088 = EDGE_CURVE ( 'NONE', #7183, #3496, #199, .T. ) ;
#3089 = DIRECTION ( 'NONE',  ( 0.000000000000000000, 0.000000000000000000, 1.000000000000000000 ) ) ;
#3090 = DIRECTION ( 'NONE',  ( 0.000000000000000000, 0.000000000000000000, 1.000000000000000000 ) ) ;
#3091 = ORIENTED_EDGE ( 'NONE', *, *, #1621, .F. ) ;
#3092 = CARTESIAN_POINT ( 'NONE',  ( -1.194089333251364682, 13.59624537389095877, -3.498419460000000480 ) ) ;
#3093 = CARTESIAN_POINT ( 'NONE',  ( 27.13280362000000068, 30.48645761437114388, 3.495945804180816907 ) ) ;
#3094 = ORIENTED_EDGE ( 'NONE', *, *, #8669, .F. ) ;
#3095 = DIRECTION ( 'NONE',  ( 1.000000000000000000, 0.000000000000000000, 0.000000000000000000 ) ) ;
#3096 = DIRECTION ( 'NONE',  ( 1.000000000000000000, 0.000000000000000000, -0.000000000000000000 ) ) ;
#3097 = ADVANCED_FACE ( 'NONE', ( #4793 ), #4877, .T. ) ;
#3098 = PLANE ( 'NONE',  #1569 ) ;
#3099 = ORIENTED_EDGE ( 'NONE', *, *, #5899, .T. ) ;
#3100 = EDGE_LOOP ( 'NONE', ( #1213, #328, #4846, #1442 ) ) ;
#3101 = DIRECTION ( 'NONE',  ( -0.000000000000000000, -0.000000000000000000, -1.000000000000000000 ) ) ;
#3102 = EDGE_CURVE ( 'NONE', #5748, #7758, #3038, .T. ) ;
#3103 = ADVANCED_FACE ( 'NONE', ( #3611 ), #1582, .T. ) ;
#3104 = ORIENTED_EDGE ( 'NONE', *, *, #6565, .T. ) ;
#3105 = CARTESIAN_POINT ( 'NONE',  ( 33.46718285319543185, 45.67238118296130978, -1.599999999999998757 ) ) ;
#3106 = DIRECTION ( 'NONE',  ( -0.9999999932531434821, -0.0001161624429840690267, 0.000000000000000000 ) ) ;
#3107 = DIRECTION ( 'NONE',  ( 0.9999999932531438152, 0.0001161624401668784947, 0.000000000000000000 ) ) ;
#3108 = LINE ( 'NONE', #5317, #3429 ) ;
#3109 = ORIENTED_EDGE ( 'NONE', *, *, #6818, .F. ) ;
#3110 = ORIENTED_EDGE ( 'NONE', *, *, #2249, .T. ) ;
#3111 = CARTESIAN_POINT ( 'NONE',  ( 32.47248782355671182, 0.003772083449547375747, -2.998419460000000480 ) ) ;
#3112 = EDGE_LOOP ( 'NONE', ( #4786, #2828, #8327, #1400 ) ) ;
#3113 = LINE ( 'NONE', #4336, #1983 ) ;
#3114 = VERTEX_POINT ( 'NONE', #3431 ) ;
#3115 = DIRECTION ( 'NONE',  ( 3.155714671910230055E-43, -2.716639362568421076E-39, 1.000000000000000000 ) ) ;
#3116 = DIRECTION ( 'NONE',  ( 1.000000000000000000, 0.000000000000000000, 0.000000000000000000 ) ) ;
#3117 = DIRECTION ( 'NONE',  ( 0.000000000000000000, 0.000000000000000000, 1.000000000000000000 ) ) ;
#3118 = ADVANCED_FACE ( 'NONE', ( #6962 ), #99, .T. ) ;
#3119 = LINE ( 'NONE', #5898, #4333 ) ;
#3120 = VECTOR ( 'NONE', #4099, 1000.000000000000000 ) ;
#3121 = LINE ( 'NONE', #5111, #1739 ) ;
#3122 = ORIENTED_EDGE ( 'NONE', *, *, #4851, .T. ) ;
#3123 = VECTOR ( 'NONE', #2425, 999.9999999999998863 ) ;
#3124 = CARTESIAN_POINT ( 'NONE',  ( 21.96091302770999931, 96.42773413321998532, -19.25780817680636048 ) ) ;
#3125 = LINE ( 'NONE', #1074, #1629 ) ;
#3126 = EDGE_CURVE ( 'NONE', #629, #1618, #878, .T. ) ;
#3127 = DIRECTION ( 'NONE',  ( -0.000000000000000000, 1.000000000000000000, -0.000000000000000000 ) ) ;
#3128 = CARTESIAN_POINT ( 'NONE',  ( 2.183634159350300585, 46.39707724833665736, 1.500000000000001110 ) ) ;
#3129 = VECTOR ( 'NONE', #98, 1000.000000000000000 ) ;
#3130 = AXIS2_PLACEMENT_3D ( 'NONE', #2802, #1368, #8125 ) ;
#3131 = AXIS2_PLACEMENT_3D ( 'NONE', #1106, #6428, #303 ) ;
#3132 = LINE ( 'NONE', #1997, #8225 ) ;
#3133 = ADVANCED_FACE ( 'NONE', ( #2175 ), #2328, .T. ) ;
#3134 = EDGE_LOOP ( 'NONE', ( #2810, #8236, #948, #8011 ) ) ;
#3135 = LINE ( 'NONE', #2378, #3141 ) ;
#3136 = DIRECTION ( 'NONE',  ( 0.000000000000000000, 0.000000000000000000, -1.000000000000000000 ) ) ;
#3137 = VECTOR ( 'NONE', #3371, 1000.000000000000000 ) ;
#3138 = ORIENTED_EDGE ( 'NONE', *, *, #789, .F. ) ;
#3139 = DIRECTION ( 'NONE',  ( 0.0001161624401737789401, -0.9999999932531438152, 0.000000000000000000 ) ) ;
#3140 = CARTESIAN_POINT ( 'NONE',  ( 31.46085883297610053, 100.1134438318527344, -2.998419460000012471 ) ) ;
#3141 = VECTOR ( 'NONE', #369, 1000.000000000000114 ) ;
#3142 = LINE ( 'NONE', #3186, #866 ) ;
#3143 = VERTEX_POINT ( 'NONE', #747 ) ;
#3144 = ORIENTED_EDGE ( 'NONE', *, *, #1038, .T. ) ;
#3145 = VECTOR ( 'NONE', #5559, 1000.000000000000114 ) ;
#3146 = ORIENTED_EDGE ( 'NONE', *, *, #1093, .F. ) ;
#3147 = CARTESIAN_POINT ( 'NONE',  ( 21.73782777879968009, 0.9000000000000002442, 117.8988879368424563 ) ) ;
#3148 = ORIENTED_EDGE ( 'NONE', *, *, #1006, .F. ) ;
#3149 = DIRECTION ( 'NONE',  ( 0.000000000000000000, 0.000000000000000000, 1.000000000000000000 ) ) ;
#3150 = CARTESIAN_POINT ( 'NONE',  ( 24.83782779072456037, -0.5999999999999989786, -19.25780817680636048 ) ) ;
#3151 = CARTESIAN_POINT ( 'NONE',  ( 5.132803619999998901, 7.550000979999999196, 3.500000000000000000 ) ) ;
#3152 = VECTOR ( 'NONE', #5622, 1000.000000000000000 ) ;
#3153 = CYLINDRICAL_SURFACE ( 'NONE', #2718, 0.5000000000000019984 ) ;
#3154 = CIRCLE ( 'NONE', #166, 0.5000000000000000000 ) ;
#3155 = EDGE_CURVE ( 'NONE', #7840, #782, #331, .T. ) ;
#3156 = CIRCLE ( 'NONE', #4594, 1.000000000000000888 ) ;
#3157 = ADVANCED_FACE ( 'NONE', ( #3563 ), #6247, .F. ) ;
#3158 = VERTEX_POINT ( 'NONE', #4242 ) ;
#3159 = DIRECTION ( 'NONE',  ( 1.000000000000000000, -0.000000000000000000, -0.000000000000000000 ) ) ;
#3160 = ORIENTED_EDGE ( 'NONE', *, *, #3735, .F. ) ;
#3161 = CARTESIAN_POINT ( 'NONE',  ( -0.6850345943869041720, 45.34681361558800461, -0.03000000337342791784 ) ) ;
#3162 = VERTEX_POINT ( 'NONE', #5547 ) ;
#3163 = CARTESIAN_POINT ( 'NONE',  ( -0.6807946061277124761, 9.346305175209637994, -1.098418713067608632 ) ) ;
#3164 = CARTESIAN_POINT ( 'NONE',  ( 0.000000000000000000, 19.89999996626572454, -2.998419460000000480 ) ) ;
#3165 = CARTESIAN_POINT ( 'NONE',  ( 9.557803619999999611, 62.25000098000001003, 1.500000000000000000 ) ) ;
#3166 = CARTESIAN_POINT ( 'NONE',  ( 0.8200704119861902397, 1.899767675114046872, 122.8571184009966686 ) ) ;
#3167 = CIRCLE ( 'NONE', #8173, 0.5000000000000000000 ) ;
#3168 = EDGE_CURVE ( 'NONE', #2579, #806, #8274, .T. ) ;
#3169 = AXIS2_PLACEMENT_3D ( 'NONE', #6332, #2762, #4108 ) ;
#3170 = EDGE_CURVE ( 'NONE', #6043, #8323, #2895, .T. ) ;
#3171 = ORIENTED_EDGE ( 'NONE', *, *, #5469, .F. ) ;
#3172 = VERTEX_POINT ( 'NONE', #4963 ) ;
#3173 = VECTOR ( 'NONE', #5, 1000.000000000000000 ) ;
#3174 = DIRECTION ( 'NONE',  ( 1.000000000000000000, 0.000000000000000000, 0.000000000000000000 ) ) ;
#3175 = DIRECTION ( 'NONE',  ( -0.0001161624401737789401, 0.9999999932531438152, 0.000000000000000000 ) ) ;
#3176 = CARTESIAN_POINT ( 'NONE',  ( 33.45992960429835250, 108.1129500732899373, -2.998419460000012471 ) ) ;
#3177 = CARTESIAN_POINT ( 'NONE',  ( 1.314901500975463655, 45.89706200000000536, 1.262534691298387246 ) ) ;
#3178 = AXIS2_PLACEMENT_3D ( 'NONE', #6303, #189, #6433 ) ;
#3179 = EDGE_LOOP ( 'NONE', ( #7208, #8536, #542, #6478 ) ) ;
#3180 = EDGE_CURVE ( 'NONE', #8484, #1124, #795, .T. ) ;
#3181 = DIRECTION ( 'NONE',  ( -0.000000000000000000, -0.000000000000000000, -1.000000000000000000 ) ) ;
#3182 = PLANE ( 'NONE',  #4208 ) ;
#3183 = ORIENTED_EDGE ( 'NONE', *, *, #8775, .T. ) ;
#3184 = LINE ( 'NONE', #4624, #6404 ) ;
#3185 = VECTOR ( 'NONE', #7870, 1000.000000000000000 ) ;
#3186 = CARTESIAN_POINT ( 'NONE',  ( -1.180678440290884978, 8.346246924986200355, 122.8571184009966686 ) ) ;
#3187 = VERTEX_POINT ( 'NONE', #4151 ) ;
#3188 = EDGE_CURVE ( 'NONE', #4679, #7137, #6335, .T. ) ;
#3189 = EDGE_LOOP ( 'NONE', ( #7352, #2046, #5791, #5084 ) ) ;
#3190 = VECTOR ( 'NONE', #3101, 1000.000000000000000 ) ;
#3191 = VERTEX_POINT ( 'NONE', #5673 ) ;
#3192 = CARTESIAN_POINT ( 'NONE',  ( 21.73782774328765655, 3.877977029316213908, -19.25780817680636048 ) ) ;
#3193 = ORIENTED_EDGE ( 'NONE', *, *, #3400, .T. ) ;
#3194 = CARTESIAN_POINT ( 'NONE',  ( -1.181230211912142725, 13.09624704001329398, -1.098419372125606364 ) ) ;
#3195 = CARTESIAN_POINT ( 'NONE',  ( 0.000000000000000000, 0.000000000000000000, 2.500000000000000000 ) ) ;
#3196 = LINE ( 'NONE', #6680, #5100 ) ;
#3197 = CARTESIAN_POINT ( 'NONE',  ( 14.70325953999999946, 33.09706199999999399, 2.500000000000000000 ) ) ;
#3198 = ORIENTED_EDGE ( 'NONE', *, *, #7701, .T. ) ;
#3199 = ORIENTED_EDGE ( 'NONE', *, *, #90, .F. ) ;
#3200 = LINE ( 'NONE', #5979, #1792 ) ;
#3201 = ORIENTED_EDGE ( 'NONE', *, *, #555, .F. ) ;
#3202 = CYLINDRICAL_SURFACE ( 'NONE', #5442, 0.5000000000000023315 ) ;
#3203 = VECTOR ( 'NONE', #6999, 1000.000000000000227 ) ;
#3204 = EDGE_LOOP ( 'NONE', ( #247, #3022, #1586, #6067 ) ) ;
#3205 = DIRECTION ( 'NONE',  ( 0.0001161624429836786326, -0.9999999932531434821, 0.000000000000000000 ) ) ;
#3206 = VECTOR ( 'NONE', #112, 999.9999999999998863 ) ;
#3207 = LINE ( 'NONE', #8038, #5183 ) ;
#3208 = DIRECTION ( 'NONE',  ( 0.9999999932531434821, 0.0001161624429838024349, 0.000000000000000000 ) ) ;
#3209 = ADVANCED_FACE ( 'NONE', ( #2255 ), #7043, .T. ) ;
#3210 = DIRECTION ( 'NONE',  ( 0.000000000000000000, 0.000000000000000000, 1.000000000000000000 ) ) ;
#3211 = ADVANCED_FACE ( 'NONE', ( #3521 ), #134, .F. ) ;
#3212 = CARTESIAN_POINT ( 'NONE',  ( 9.207803619999998190, 110.1025362304291093, 2.500000000000000000 ) ) ;
#3213 = CIRCLE ( 'NONE', #7647, 0.5000000000000023315 ) ;
#3214 = VERTEX_POINT ( 'NONE', #7016 ) ;
#3215 = VERTEX_POINT ( 'NONE', #7059 ) ;
#3216 = ORIENTED_EDGE ( 'NONE', *, *, #6965, .F. ) ;
#3217 = CARTESIAN_POINT ( 'NONE',  ( -1.184976510021661600, 45.34675751494832951, -0.5300000000000000266 ) ) ;
#3218 = DIRECTION ( 'NONE',  ( 0.9999999932531434821, 0.0001161624429838024349, -0.000000000000000000 ) ) ;
#3219 = EDGE_CURVE ( 'NONE', #1737, #5668, #7044, .T. ) ;
#3220 = ADVANCED_FACE ( 'NONE', ( #8549 ), #5779, .F. ) ;
#3221 = AXIS2_PLACEMENT_3D ( 'NONE', #751, #2851, #1464 ) ;
#3222 = CARTESIAN_POINT ( 'NONE',  ( 24.13280361999999712, 75.15143637488998252, 3.500000000000000000 ) ) ;
#3223 = CARTESIAN_POINT ( 'NONE',  ( 33.48104357473507520, 45.17238278968313381, -1.599999999999998757 ) ) ;
#3224 = AXIS2_PLACEMENT_3D ( 'NONE', #3970, #6686, #7403 ) ;
#3225 = AXIS2_PLACEMENT_3D ( 'NONE', #2969, #5714, #3690 ) ;
#3226 =( BOUNDED_CURVE ( )  B_SPLINE_CURVE ( 3, ( #3302, #8042, #527, #8186 ),
 .UNSPECIFIED., .F., .T. ) 
 B_SPLINE_CURVE_WITH_KNOTS ( ( 4, 4 ),
 ( 1.570796326794896558, 3.141592653589793116 ),
 .UNSPECIFIED. ) 
 CURVE ( )  GEOMETRIC_REPRESENTATION_ITEM ( )  RATIONAL_B_SPLINE_CURVE ( ( 1.000000000000000000, 0.8047378541243649375, 0.8047378541243649375, 1.000000000000000000 ) ) 
 REPRESENTATION_ITEM ( '' )  );
#3227 = VERTEX_POINT ( 'NONE', #1689 ) ;
#3228 = ORIENTED_EDGE ( 'NONE', *, *, #6091, .T. ) ;
#3229 = DIRECTION ( 'NONE',  ( -0.9999999932531438152, -0.0001161624401737049839, 0.000000000000000000 ) ) ;
#3230 = CARTESIAN_POINT ( 'NONE',  ( 2.807254539883782485, 109.0997071495162771, 1.000000000000028644 ) ) ;
#3231 = ORIENTED_EDGE ( 'NONE', *, *, #6722, .F. ) ;
#3232 = CARTESIAN_POINT ( 'NONE',  ( 19.35780361999999855, 110.1076422785760798, 1.500000000000001332 ) ) ;
#3233 = MANIFOLD_SOLID_BREP ( 'Fillet1', #2258 ) ;
#3234 = EDGE_CURVE ( 'NONE', #3625, #6377, #7150, .T. ) ;
#3235 = DIRECTION ( 'NONE',  ( 1.000000000000000000, 0.000000000000000000, 0.000000000000000000 ) ) ;
#3236 = VERTEX_POINT ( 'NONE', #7876 ) ;
#3237 = ORIENTED_EDGE ( 'NONE', *, *, #789, .T. ) ;
#3238 = VERTEX_POINT ( 'NONE', #7829 ) ;
#3239 = CARTESIAN_POINT ( 'NONE',  ( 22.05780361999999784, 62.25000098000001003, 3.000000000000000000 ) ) ;
#3240 = VERTEX_POINT ( 'NONE', #6393 ) ;
#3241 = EDGE_CURVE ( 'NONE', #6689, #2010, #4629, .T. ) ;
#3242 = FACE_OUTER_BOUND ( 'NONE', #7762, .T. ) ;
#3243 = CARTESIAN_POINT ( 'NONE',  ( 0.8077339809692408723, 108.0997072644481563, 122.8571184009966686 ) ) ;
#3244 = DIRECTION ( 'NONE',  ( 0.000000000000000000, 0.000000000000000000, 1.000000000000000000 ) ) ;
#3245 = FACE_OUTER_BOUND ( 'NONE', #5981, .T. ) ;
#3246 = VERTEX_POINT ( 'NONE', #5067 ) ;
#3247 = EDGE_CURVE ( 'NONE', #1283, #8204, #7787, .T. ) ;
#3248 = EDGE_CURVE ( 'NONE', #1283, #8789, #2623, .T. ) ;
#3249 = EDGE_CURVE ( 'NONE', #6377, #1938, #3805, .T. ) ;
#3250 = ORIENTED_EDGE ( 'NONE', *, *, #7828, .T. ) ;
#3251 = CARTESIAN_POINT ( 'NONE',  ( -1.180794602754284162, 9.346247093988145238, -1.098418713067608632 ) ) ;
#3252 = VERTEX_POINT ( 'NONE', #7692 ) ;
#3253 = DIRECTION ( 'NONE',  ( -8.742277783456200153E-08, 0.9999999999999962252, 0.000000000000000000 ) ) ;
#3254 = ORIENTED_EDGE ( 'NONE', *, *, #5932, .T. ) ;
#3255 = EDGE_CURVE ( 'NONE', #1707, #598, #8417, .T. ) ;
#3256 = DIRECTION ( 'NONE',  ( -1.000000000000000000, 0.000000000000000000, 0.000000000000000000 ) ) ;
#3257 = CARTESIAN_POINT ( 'NONE',  ( 29.47226753285272594, -2.100000000000000089, 2.500000000000002220 ) ) ;
#3258 = DIRECTION ( 'NONE',  ( 0.0001161624429838024349, -0.9999999932531434821, 0.000000000000000000 ) ) ;
#3259 = DIRECTION ( 'NONE',  ( 0.000000000000000000, 0.000000000000000000, 1.000000000000000000 ) ) ;
#3260 = CARTESIAN_POINT ( 'NONE',  ( 5.607803620000000322, 110.1012896834636337, 0.000000000000000000 ) ) ;
#3261 = DIRECTION ( 'NONE',  ( -0.000000000000000000, -0.000000000000000000, 1.000000000000000000 ) ) ;
#3262 = ORIENTED_EDGE ( 'NONE', *, *, #8815, .F. ) ;
#3263 = ORIENTED_EDGE ( 'NONE', *, *, #6612, .T. ) ;
#3264 = CARTESIAN_POINT ( 'NONE',  ( 10.05780361999999961, 62.25000098000001003, 1.500000000000000000 ) ) ;
#3265 = DIRECTION ( 'NONE',  ( 0.000000000000000000, 0.000000000000000000, 1.000000000000000000 ) ) ;
#3266 = CARTESIAN_POINT ( 'NONE',  ( 29.47226753285274015, 1.900000000000000133, 1.500000000000000000 ) ) ;
#3267 = CARTESIAN_POINT ( 'NONE',  ( 2.053920997957287664, 45.89706199999999825, 1.446083398729429925 ) ) ;
#3268 = EDGE_CURVE ( 'NONE', #3083, #4013, #8635, .T. ) ;
#3269 = VECTOR ( 'NONE', #8826, 1000.000000000000000 ) ;
#3270 = ORIENTED_EDGE ( 'NONE', *, *, #4598, .F. ) ;
#3271 = ORIENTED_EDGE ( 'NONE', *, *, #6613, .T. ) ;
#3272 = CARTESIAN_POINT ( 'NONE',  ( 29.45992963128577458, 108.1124854235292645, 0.000000000000000000 ) ) ;
#3273 = ORIENTED_EDGE ( 'NONE', *, *, #3353, .F. ) ;
#3274 = DIRECTION ( 'NONE',  ( -0.000000000000000000, -0.000000000000000000, -1.000000000000000000 ) ) ;
#3275 = TOROIDAL_SURFACE ( 'NONE', #6701, 1.000000000000000000, 0.5000000000000000000 ) ;
#3276 = DIRECTION ( 'NONE',  ( 0.000000000000000000, 0.000000000000000000, -1.000000000000000000 ) ) ;
#3277 = VERTEX_POINT ( 'NONE', #2461 ) ;
#3278 = AXIS2_PLACEMENT_3D ( 'NONE', #5654, #3090, #5072 ) ;
#3279 = ADVANCED_FACE ( 'NONE', ( #5465 ), #6122, .F. ) ;
#3280 = ORIENTED_EDGE ( 'NONE', *, *, #7767, .T. ) ;
#3281 = EDGE_CURVE ( 'NONE', #883, #8623, #4839, .T. ) ;
#3282 = AXIS2_PLACEMENT_3D ( 'NONE', #790, #3517, #8316 ) ;
#3283 = ORIENTED_EDGE ( 'NONE', *, *, #3553, .T. ) ;
#3284 = CARTESIAN_POINT ( 'NONE',  ( 2.807733980969242094, 108.0997072644481563, 1.500000000000000000 ) ) ;
#3285 = CYLINDRICAL_SURFACE ( 'NONE', #7997, 0.5000000000000000000 ) ;
#3286 = CARTESIAN_POINT ( 'NONE',  ( 27.14836102379999971, 0.000000000000000000, 2.500000000000000000 ) ) ;
#3287 = DIRECTION ( 'NONE',  ( 0.000000000000000000, -0.000000000000000000, -1.000000000000000000 ) ) ;
#3288 = PLANE ( 'NONE',  #4132 ) ;
#3289 = ORIENTED_EDGE ( 'NONE', *, *, #6171, .F. ) ;
#3290 = AXIS2_PLACEMENT_3D ( 'NONE', #6731, #2794, #7489 ) ;
#3291 = AXIS2_PLACEMENT_3D ( 'NONE', #4298, #7017, #6938 ) ;
#3292 = EDGE_LOOP ( 'NONE', ( #4271, #8124, #8698, #1258 ) ) ;
#3293 = CARTESIAN_POINT ( 'NONE',  ( 29.47226753285274015, 1.900000000000000133, 2.500000000000002220 ) ) ;
#3294 = ORIENTED_EDGE ( 'NONE', *, *, #2295, .T. ) ;
#3295 = CARTESIAN_POINT ( 'NONE',  ( 27.46189087888442870, 30.46401425901091997, 3.500000000000024869 ) ) ;
#3296 = ORIENTED_EDGE ( 'NONE', *, *, #8112, .T. ) ;
#3297 = CARTESIAN_POINT ( 'NONE',  ( 30.46847382011508287, 34.55874454117915917, 0.000000000000000000 ) ) ;
#3298 = DIRECTION ( 'NONE',  ( -1.000000000000000000, -8.944667923005403692E-16, 0.000000000000000000 ) ) ;
#3299 = DIRECTION ( 'NONE',  ( 1.000000000000000000, 0.000000000000000000, 0.000000000000000000 ) ) ;
#3300 = CIRCLE ( 'NONE', #7287, 1.000000000000001332 ) ;
#3301 = DIRECTION ( 'NONE',  ( -0.000000000000000000, -0.000000000000000000, -1.000000000000000000 ) ) ;
#3302 = CARTESIAN_POINT ( 'NONE',  ( 2.314901507656653479, 45.89706200000000536, 2.000000000000001776 ) ) ;
#3303 = CARTESIAN_POINT ( 'NONE',  ( 6.107803620000001210, 104.7000009799999987, 2.500000000000000000 ) ) ;
#3304 = EDGE_CURVE ( 'NONE', #947, #6904, #4782, .T. ) ;
#3305 = AXIS2_PLACEMENT_3D ( 'NONE', #3340, #5369, #3298 ) ;
#3306 = LINE ( 'NONE', #7205, #2649 ) ;
#3307 = ORIENTED_EDGE ( 'NONE', *, *, #6886, .F. ) ;
#3308 = CARTESIAN_POINT ( 'NONE',  ( 25.63948507578686176, 55.29259612262322321, -19.25780817680636048 ) ) ;
#3309 = LINE ( 'NONE', #4034, #7648 ) ;
#3310 = CYLINDRICAL_SURFACE ( 'NONE', #1744, 0.4999999999999985567 ) ;
#3311 = AXIS2_PLACEMENT_3D ( 'NONE', #382, #1764, #915 ) ;
#3312 = FACE_BOUND ( 'NONE', #2750, .T. ) ;
#3313 = VERTEX_POINT ( 'NONE', #1466 ) ;
#3314 = AXIS2_PLACEMENT_3D ( 'NONE', #666, #1088, #5998 ) ;
#3315 = EDGE_LOOP ( 'NONE', ( #339, #684, #5846, #7549 ) ) ;
#3316 = CYLINDRICAL_SURFACE ( 'NONE', #8718, 0.5000000000000000000 ) ;
#3317 = DIRECTION ( 'NONE',  ( 1.000000000000000000, 0.000000000000000000, 0.000000000000000000 ) ) ;
#3318 = ORIENTED_EDGE ( 'NONE', *, *, #2427, .T. ) ;
#3319 = DIRECTION ( 'NONE',  ( 1.000000000000000000, 0.000000000000000000, 0.000000000000000000 ) ) ;
#3320 = EDGE_CURVE ( 'NONE', #3056, #1124, #8192, .T. ) ;
#3321 = CYLINDRICAL_SURFACE ( 'NONE', #5600, 0.5000000000000004441 ) ;
#3322 = FACE_OUTER_BOUND ( 'NONE', #7576, .T. ) ;
#3323 = ORIENTED_EDGE ( 'NONE', *, *, #8420, .T. ) ;
#3324 = ORIENTED_EDGE ( 'NONE', *, *, #2319, .F. ) ;
#3325 = CARTESIAN_POINT ( 'NONE',  ( 2.055511199289672408, 32.59709231762508352, 1.446113436378229533 ) ) ;
#3326 = VERTEX_POINT ( 'NONE', #1333 ) ;
#3327 = CARTESIAN_POINT ( 'NONE',  ( -0.6850152339796858891, 45.34681361558800461, 1.470000001124476041 ) ) ;
#3328 = FACE_OUTER_BOUND ( 'NONE', #8590, .T. ) ;
#3329 = ADVANCED_FACE ( 'NONE', ( #663 ), #3393, .F. ) ;
#3330 = FACE_OUTER_BOUND ( 'NONE', #1998, .T. ) ;
#3331 = EDGE_LOOP ( 'NONE', ( #4145, #2709, #255, #3687, #2304, #2624, #1605, #2887, #7920, #4181, #8045, #7038, #6631, #8527 ) ) ;
#3332 = EDGE_CURVE ( 'NONE', #4735, #2941, #7510, .T. ) ;
#3333 = VECTOR ( 'NONE', #4976, 1000.000000000000000 ) ;
#3334 = EDGE_LOOP ( 'NONE', ( #519, #3598, #921, #3091 ) ) ;
#3335 = DIRECTION ( 'NONE',  ( -0.9999998850681162121, -0.0004794410854595740888, 0.000000000000000000 ) ) ;
#3336 = ORIENTED_EDGE ( 'NONE', *, *, #5658, .T. ) ;
#3337 = CARTESIAN_POINT ( 'NONE',  ( 27.13280362000000068, 30.48645761437114388, 3.495945804180816907 ) ) ;
#3338 = ORIENTED_EDGE ( 'NONE', *, *, #7032, .F. ) ;
#3339 = PLANE ( 'NONE',  #2848 ) ;
#3340 = CARTESIAN_POINT ( 'NONE',  ( 22.23782779072455895, -0.09999999999999896472, 0.000000000000000000 ) ) ;
#3341 = CARTESIAN_POINT ( 'NONE',  ( 15.81018188741112063, 0.9000000000000002442, 1.000000000000000888 ) ) ;
#3342 = DIRECTION ( 'NONE',  ( 1.000000000000000000, 0.000000000000000000, 0.000000000000000000 ) ) ;
#3343 = CARTESIAN_POINT ( 'NONE',  ( 10.26479014859577532, 4.486882261149463414E-07, 2.500000000000000000 ) ) ;
#3344 = CIRCLE ( 'NONE', #6912, 0.5000000000000000000 ) ;
#3345 = CARTESIAN_POINT ( 'NONE',  ( 29.45992963128577458, 108.1124854235292645, -3.998419459999999592 ) ) ;
#3346 = EDGE_LOOP ( 'NONE', ( #5795, #2800, #1576 ) ) ;
#3347 = DIRECTION ( 'NONE',  ( -0.0001161624401738165890, 0.9999999932531438152, 0.000000000000000000 ) ) ;
#3348 = EDGE_LOOP ( 'NONE', ( #1175, #3483, #8687, #3307 ) ) ;
#3349 = FACE_OUTER_BOUND ( 'NONE', #39, .T. ) ;
#3350 = CARTESIAN_POINT ( 'NONE',  ( 33.46825808462832441, 36.41610674493199440, 1.319999995681911509 ) ) ;
#3351 = EDGE_CURVE ( 'NONE', #7121, #1573, #704, .T. ) ;
#3352 = CARTESIAN_POINT ( 'NONE',  ( 29.96883825723080719, 30.42291474461032053, 3.000000000000000000 ) ) ;
#3353 = EDGE_CURVE ( 'NONE', #646, #7786, #2332, .T. ) ;
#3354 = DIRECTION ( 'NONE',  ( 0.9999999932531434821, 0.0001161624429701912931, 0.000000000000000000 ) ) ;
#3355 = AXIS2_PLACEMENT_3D ( 'NONE', #1909, #5204, #2499 ) ;
#3356 = ORIENTED_EDGE ( 'NONE', *, *, #1620, .T. ) ;
#3357 = AXIS2_PLACEMENT_3D ( 'NONE', #1138, #1765, #8750 ) ;
#3358 = CIRCLE ( 'NONE', #4360, 0.5000000000000000000 ) ;
#3359 = ORIENTED_EDGE ( 'NONE', *, *, #969, .T. ) ;
#3360 = ADVANCED_FACE ( 'NONE', ( #4967 ), #5056, .F. ) ;
#3361 = DIRECTION ( 'NONE',  ( 0.000000000000000000, 0.000000000000000000, 1.000000000000000000 ) ) ;
#3362 = DIRECTION ( 'NONE',  ( 0.9999998850681162121, 0.0004794410854436243364, 0.000000000000000000 ) ) ;
#3363 = ORIENTED_EDGE ( 'NONE', *, *, #4587, .F. ) ;
#3364 = CARTESIAN_POINT ( 'NONE',  ( 2.820070398492506403, -2.099999999999999645, -2.998419460000012471 ) ) ;
#3365 = CARTESIAN_POINT ( 'NONE',  ( 0.000000000000000000, 14.90000000000000036, -2.998419460000000480 ) ) ;
#3366 = AXIS2_PLACEMENT_3D ( 'NONE', #8500, #7187, #7010 ) ;
#3367 = ORIENTED_EDGE ( 'NONE', *, *, #1162, .T. ) ;
#3368 = ORIENTED_EDGE ( 'NONE', *, *, #5907, .F. ) ;
#3369 = CARTESIAN_POINT ( 'NONE',  ( 1.870347857279848647, 33.09706199999999399, 1.261023377522319855 ) ) ;
#3370 = EDGE_LOOP ( 'NONE', ( #5395, #249, #2146, #2594, #3201, #5298, #4410, #43, #8507, #8019, #7123, #3510 ) ) ;
#3371 = DIRECTION ( 'NONE',  ( -0.9999999999999991118, -4.371139117321150349E-08, 0.000000000000000000 ) ) ;
#3372 = DIRECTION ( 'NONE',  ( -0.0001161624429837051413, 0.9999999932531435931, 5.433278761794396123E-39 ) ) ;
#3373 = EDGE_CURVE ( 'NONE', #8506, #2699, #8409, .T. ) ;
#3374 = CARTESIAN_POINT ( 'NONE',  ( 0.9560763199999999795, 2.009813100000000130, -1.898419459999999725 ) ) ;
#3375 = ORIENTED_EDGE ( 'NONE', *, *, #5362, .T. ) ;
#3376 = EDGE_CURVE ( 'NONE', #4642, #4272, #893, .T. ) ;
#3377 = ORIENTED_EDGE ( 'NONE', *, *, #641, .T. ) ;
#3378 = ADVANCED_FACE ( 'NONE', ( #1636 ), #2635, .F. ) ;
#3379 = CARTESIAN_POINT ( 'NONE',  ( 25.63948740965128081, 1.899999832463865834, 1.500000000000000000 ) ) ;
#3380 = VERTEX_POINT ( 'NONE', #1014 ) ;
#3381 = CARTESIAN_POINT ( 'NONE',  ( 2.805816216627403659, 112.0997068047206255, 122.8571184009966686 ) ) ;
#3382 = ORIENTED_EDGE ( 'NONE', *, *, #6278, .T. ) ;
#3383 = CARTESIAN_POINT ( 'NONE',  ( 28.13280362000000068, 0.000000000000000000, 3.500000000000000000 ) ) ;
#3384 = DIRECTION ( 'NONE',  ( 0.000000000000000000, -0.000000000000000000, 1.000000000000000000 ) ) ;
#3385 = DIRECTION ( 'NONE',  ( 0.000000000000000000, 0.000000000000000000, 1.000000000000000000 ) ) ;
#3386 = CARTESIAN_POINT ( 'NONE',  ( -0.05326511289220822731, 111.0983359285751391, -2.998419460000000480 ) ) ;
#3387 = PLANE ( 'NONE',  #4320 ) ;
#3388 = EDGE_CURVE ( 'NONE', #7125, #7562, #3748, .T. ) ;
#3389 = ORIENTED_EDGE ( 'NONE', *, *, #1903, .T. ) ;
#3390 = CYLINDRICAL_SURFACE ( 'NONE', #6082, 0.5000000000000019984 ) ;
#3391 = ORIENTED_EDGE ( 'NONE', *, *, #1027, .T. ) ;
#3392 = EDGE_CURVE ( 'NONE', #6913, #3755, #2902, .T. ) ;
#3393 = CYLINDRICAL_SURFACE ( 'NONE', #2770, 0.4999999999999985567 ) ;
#3394 = CARTESIAN_POINT ( 'NONE',  ( 10.05780361999999961, 63.25000098000001003, 3.500000000000000000 ) ) ;
#3395 = CARTESIAN_POINT ( 'NONE',  ( 29.96691059228446008, 48.51559628190723572, 1.500000000000000000 ) ) ;
#3396 = CYLINDRICAL_SURFACE ( 'NONE', #2464, 0.5000000000000004441 ) ;
#3397 = FACE_OUTER_BOUND ( 'NONE', #6993, .T. ) ;
#3398 = ORIENTED_EDGE ( 'NONE', *, *, #2971, .F. ) ;
#3399 = ORIENTED_EDGE ( 'NONE', *, *, #4254, .T. ) ;
#3400 = EDGE_CURVE ( 'NONE', #1710, #8761, #3073, .T. ) ;
#3401 = DIRECTION ( 'NONE',  ( 1.000000000000000000, 0.000000000000000000, 0.000000000000000000 ) ) ;
#3402 = DIRECTION ( 'NONE',  ( 0.0001161624401668785082, -0.9999999932531439262, 0.000000000000000000 ) ) ;
#3403 = VERTEX_POINT ( 'NONE', #4338 ) ;
#3404 = CARTESIAN_POINT ( 'NONE',  ( 32.46728116525982699, 44.82599046975185786, 2.500000000000002220 ) ) ;
#3405 = CARTESIAN_POINT ( 'NONE',  ( 21.73782778953206929, 2.592210361996780784E-07, 2.500000000000000000 ) ) ;
#3406 = CARTESIAN_POINT ( 'NONE',  ( 10.05780361999999961, 62.25000098000001003, 1.500000000000000000 ) ) ;
#3407 = VECTOR ( 'NONE', #5699, 1000.000000000000000 ) ;
#3408 = VECTOR ( 'NONE', #1934, 1000.000000000000000 ) ;
#3409 = EDGE_CURVE ( 'NONE', #6327, #3463, #4470, .T. ) ;
#3410 = ORIENTED_EDGE ( 'NONE', *, *, #5394, .T. ) ;
#3411 = ORIENTED_EDGE ( 'NONE', *, *, #5008, .T. ) ;
#3412 = VECTOR ( 'NONE', #3274, 1000.000000000000000 ) ;
#3413 = ORIENTED_EDGE ( 'NONE', *, *, #5984, .F. ) ;
#3414 = CARTESIAN_POINT ( 'NONE',  ( -2.602162169845566874E-06, 59.53052739809155014, 2.500000000000000000 ) ) ;
#3415 = DIRECTION ( 'NONE',  ( 0.000000000000000000, -1.000000000000000000, 0.000000000000000000 ) ) ;
#3416 = AXIS2_PLACEMENT_3D ( 'NONE', #8598, #5343, #6577 ) ;
#3417 = FACE_OUTER_BOUND ( 'NONE', #121, .T. ) ;
#3418 = ORIENTED_EDGE ( 'NONE', *, *, #607, .T. ) ;
#3419 = AXIS2_PLACEMENT_3D ( 'NONE', #5986, #6079, #1235 ) ;
#3420 = VECTOR ( 'NONE', #4107, 1000.000000000000000 ) ;
#3421 = ORIENTED_EDGE ( 'NONE', *, *, #7754, .T. ) ;
#3422 = AXIS2_PLACEMENT_3D ( 'NONE', #1700, #5825, #2556 ) ;
#3423 = DIRECTION ( 'NONE',  ( -1.000000000000000000, 0.000000000000000000, 0.000000000000000000 ) ) ;
#3424 = ORIENTED_EDGE ( 'NONE', *, *, #6527, .T. ) ;
#3425 = ORIENTED_EDGE ( 'NONE', *, *, #2824, .T. ) ;
#3426 = LINE ( 'NONE', #8270, #6002 ) ;
#3427 = LINE ( 'NONE', #6203, #4895 ) ;
#3428 = DIRECTION ( 'NONE',  ( 0.000000000000000000, 0.000000000000000000, 1.000000000000000000 ) ) ;
#3429 = VECTOR ( 'NONE', #6598, 1000.000000000000000 ) ;
#3430 = CARTESIAN_POINT ( 'NONE',  ( -0.1799295812669531869, 1.899651512671046483, -2.998419460000000480 ) ) ;
#3431 = CARTESIAN_POINT ( 'NONE',  ( 0.8179794610148667378, 19.89999996626572809, -2.998419460000000480 ) ) ;
#3432 = EDGE_CURVE ( 'NONE', #7886, #1340, #628, .T. ) ;
#3433 = AXIS2_PLACEMENT_3D ( 'NONE', #848, #2230, #2864 ) ;
#3434 = CIRCLE ( 'NONE', #8446, 0.5000000000000000000 ) ;
#3435 = ORIENTED_EDGE ( 'NONE', *, *, #1508, .F. ) ;
#3436 = FACE_OUTER_BOUND ( 'NONE', #7114, .T. ) ;
#3437 = ORIENTED_EDGE ( 'NONE', *, *, #4120, .F. ) ;
#3438 = AXIS2_PLACEMENT_3D ( 'NONE', #3264, #577, #1378 ) ;
#3439 = CARTESIAN_POINT ( 'NONE',  ( 0.8193215462154025408, 8.346479249872167827, -3.998419460000000480 ) ) ;
#3440 = PLANE ( 'NONE',  #4302 ) ;
#3441 = DIRECTION ( 'NONE',  ( 0.9999999932531438152, 0.0001161624401668784947, 0.000000000000000000 ) ) ;
#3442 = DIRECTION ( 'NONE',  ( 1.000000000000000000, 0.000000000000000000, 0.000000000000000000 ) ) ;
#3443 = AXIS2_PLACEMENT_3D ( 'NONE', #2383, #6671, #3775 ) ;
#3444 = EDGE_CURVE ( 'NONE', #598, #1914, #1747, .T. ) ;
#3445 = CARTESIAN_POINT ( 'NONE',  ( 26.64836102379999971, 90.90681127924001714, -19.25780817680636048 ) ) ;
#3446 = EDGE_CURVE ( 'NONE', #3143, #8621, #6343, .T. ) ;
#3447 = VECTOR ( 'NONE', #5326, 1000.000000000000000 ) ;
#3448 = ORIENTED_EDGE ( 'NONE', *, *, #6248, .F. ) ;
#3449 = VECTOR ( 'NONE', #4174, 1000.000000000000000 ) ;
#3450 = ORIENTED_EDGE ( 'NONE', *, *, #4822, .T. ) ;
#3451 = DIRECTION ( 'NONE',  ( 0.000000000000000000, 0.000000000000000000, 1.000000000000000000 ) ) ;
#3452 = CARTESIAN_POINT ( 'NONE',  ( 29.45992963128577458, 108.1124854235292645, 0.000000000000000000 ) ) ;
#3453 = AXIS2_PLACEMENT_3D ( 'NONE', #8069, #8115, #4008 ) ;
#3454 = VERTEX_POINT ( 'NONE', #2313 ) ;
#3455 = FACE_OUTER_BOUND ( 'NONE', #7031, .T. ) ;
#3456 = DIRECTION ( 'NONE',  ( -0.000000000000000000, 1.000000000000000000, 0.000000000000000000 ) ) ;
#3457 = CARTESIAN_POINT ( 'NONE',  ( 0.000000000000000000, 62.75000098000001003, 1.500000000000000000 ) ) ;
#3458 = DIRECTION ( 'NONE',  ( 0.9999999999973340215, -2.309088861408834200E-06, 0.000000000000000000 ) ) ;
#3459 = VECTOR ( 'NONE', #7687, 1000.000000000000000 ) ;
#3460 = AXIS2_PLACEMENT_3D ( 'NONE', #6277, #3372, #8166 ) ;
#3461 = ORIENTED_EDGE ( 'NONE', *, *, #1763, .T. ) ;
#3462 = EDGE_CURVE ( 'NONE', #5922, #1982, #1768, .T. ) ;
#3463 = VERTEX_POINT ( 'NONE', #8542 ) ;
#3464 = CIRCLE ( 'NONE', #2022, 0.5000000000000000000 ) ;
#3465 = ORIENTED_EDGE ( 'NONE', *, *, #8099, .T. ) ;
#3466 = ADVANCED_BREP_SHAPE_REPRESENTATION ( 'A7670E\X2\591658f34e0a76d6\X0\', ( #3233, #1090 ), #1940 ) ;
#3467 = FACE_OUTER_BOUND ( 'NONE', #7858, .T. ) ;
#3468 = CARTESIAN_POINT ( 'NONE',  ( 29.47226753285274015, 1.400000000000000133, 1.500000000000000000 ) ) ;
#3469 = CARTESIAN_POINT ( 'NONE',  ( 32.96843581653472199, 34.88604867835258716, 1.319999999999900142 ) ) ;
#3470 = ADVANCED_FACE ( 'NONE', ( #8498 ), #7627, .T. ) ;
#3471 = ORIENTED_EDGE ( 'NONE', *, *, #6683, .F. ) ;
#3472 = ORIENTED_EDGE ( 'NONE', *, *, #217, .F. ) ;
#3473 = VECTOR ( 'NONE', #1593, 999.9999999999998863 ) ;
#3474 =( NAMED_UNIT ( * ) PLANE_ANGLE_UNIT ( ) SI_UNIT ( $, .RADIAN. ) );
#3475 = EDGE_LOOP ( 'NONE', ( #7192, #3450, #7046, #2262 ) ) ;
#3476 = CARTESIAN_POINT ( 'NONE',  ( 27.13280362000000068, 30.55000098000000364, 3.000000000000000000 ) ) ;
#3477 = DIRECTION ( 'NONE',  ( -1.972096669307507374E-16, 1.000000000000000000, 0.000000000000000000 ) ) ;
#3478 = CARTESIAN_POINT ( 'NONE',  ( 29.97226753285274015, 1.900000000000000133, 1.500000000000000000 ) ) ;
#3479 = DIRECTION ( 'NONE',  ( -0.0001161624401737789265, 0.9999999932531437041, -0.000000000000000000 ) ) ;
#3480 = DIRECTION ( 'NONE',  ( -0.9999999932531434821, -0.0001161624429845027346, 0.000000000000000000 ) ) ;
#3481 = ORIENTED_EDGE ( 'NONE', *, *, #38, .T. ) ;
#3482 = CARTESIAN_POINT ( 'NONE',  ( 2.316504549380645095, 33.09706199999999399, 2.000000000000001776 ) ) ;
#3483 = ORIENTED_EDGE ( 'NONE', *, *, #5984, .T. ) ;
#3484 = EDGE_CURVE ( 'NONE', #6319, #5676, #2360, .T. ) ;
#3485 = LINE ( 'NONE', #5015, #6864 ) ;
#3486 = CARTESIAN_POINT ( 'NONE',  ( 10.26479014859577532, 4.486882261149463414E-07, 0.000000000000000000 ) ) ;
#3487 = EDGE_CURVE ( 'NONE', #2354, #3191, #3663, .T. ) ;
#3488 = CARTESIAN_POINT ( 'NONE',  ( 29.96691063599584837, 48.01559628190723572, 3.500000000000000000 ) ) ;
#3489 = DIRECTION ( 'NONE',  ( -0.9999998850681163232, -0.0004794410854596672217, -0.000000000000000000 ) ) ;
#3490 = ORIENTED_EDGE ( 'NONE', *, *, #4488, .F. ) ;
#3491 = EDGE_CURVE ( 'NONE', #6832, #8217, #7094, .T. ) ;
#3492 = EDGE_CURVE ( 'NONE', #1573, #5939, #4419, .T. ) ;
#3493 = ORIENTED_EDGE ( 'NONE', *, *, #3155, .F. ) ;
#3494 = LINE ( 'NONE', #6221, #1853 ) ;
#3495 = CARTESIAN_POINT ( 'NONE',  ( 30.45992962453891906, 108.1126015859694292, 117.8988879368424563 ) ) ;
#3496 = VERTEX_POINT ( 'NONE', #3297 ) ;
#3497 = AXIS2_PLACEMENT_3D ( 'NONE', #3885, #4695, #2633 ) ;
#3498 = CARTESIAN_POINT ( 'NONE',  ( 27.13280362000000068, 29.55000098000000008, 3.000000000000000000 ) ) ;
#3499 = DIRECTION ( 'NONE',  ( -0.0001161624429838024213, 0.9999999932531432600, 0.000000000000000000 ) ) ;
#3500 = DIRECTION ( 'NONE',  ( -0.0001161624401668776951, 0.9999999932531438152, 0.000000000000000000 ) ) ;
#3501 = LINE ( 'NONE', #2823, #698 ) ;
#3502 = ORIENTED_EDGE ( 'NONE', *, *, #1348, .F. ) ;
#3503 = ORIENTED_EDGE ( 'NONE', *, *, #5394, .F. ) ;
#3504 = DIRECTION ( 'NONE',  ( -0.9999999999999846789, -1.748455523006161675E-07, 0.000000000000000000 ) ) ;
#3505 = EDGE_CURVE ( 'NONE', #5915, #8351, #3751, .T. ) ;
#3506 = ORIENTED_EDGE ( 'NONE', *, *, #4164, .F. ) ;
#3507 = CYLINDRICAL_SURFACE ( 'NONE', #1558, 2.000000000000000000 ) ;
#3508 = FACE_OUTER_BOUND ( 'NONE', #8756, .T. ) ;
#3509 = DIRECTION ( 'NONE',  ( 0.000000000000000000, -1.000000000000000000, 0.000000000000000000 ) ) ;
#3510 = ORIENTED_EDGE ( 'NONE', *, *, #7780, .F. ) ;
#3511 = VECTOR ( 'NONE', #7779, 1000.000000000000000 ) ;
#3512 = ORIENTED_EDGE ( 'NONE', *, *, #4757, .F. ) ;
#3513 = VECTOR ( 'NONE', #7316, 1000.000000000000000 ) ;
#3514 = ADVANCED_FACE ( 'NONE', ( #7957 ), #5620, .T. ) ;
#3515 = ORIENTED_EDGE ( 'NONE', *, *, #6765, .F. ) ;
#3516 = ORIENTED_EDGE ( 'NONE', *, *, #1329, .T. ) ;
#3517 = DIRECTION ( 'NONE',  ( 0.000000000000000000, 0.000000000000000000, 1.000000000000000000 ) ) ;
#3518 = CARTESIAN_POINT ( 'NONE',  ( -0.05302539234935916418, 110.5983359860411070, -19.25780817680636048 ) ) ;
#3519 = CARTESIAN_POINT ( 'NONE',  ( 0.9560763199999999795, 2.009813100000000130, -1.898419459999999725 ) ) ;
#3520 = DIRECTION ( 'NONE',  ( -0.9999999999999962252, -8.742277843744316775E-08, 0.000000000000000000 ) ) ;
#3521 = FACE_OUTER_BOUND ( 'NONE', #2115, .T. ) ;
#3522 = EDGE_CURVE ( 'NONE', #4059, #546, #1032, .T. ) ;
#3523 = EDGE_LOOP ( 'NONE', ( #1831, #5451, #6584, #4750 ) ) ;
#3524 = CARTESIAN_POINT ( 'NONE',  ( 29.45945019020032163, 109.1124853085973712, 117.8988879368424563 ) ) ;
#3525 = EDGE_CURVE ( 'NONE', #2651, #4578, #2176, .T. ) ;
#3526 = EDGE_LOOP ( 'NONE', ( #6654, #1687, #4265, #4871 ) ) ;
#3527 = DIRECTION ( 'NONE',  ( 1.000000000000000000, 0.000000000000000000, -0.000000000000000000 ) ) ;
#3528 = LINE ( 'NONE', #8280, #228 ) ;
#3529 = CARTESIAN_POINT ( 'NONE',  ( 29.45992963128577458, 108.1124854235292645, 0.000000000000000000 ) ) ;
#3530 = LINE ( 'NONE', #6888, #8022 ) ;
#3531 = VERTEX_POINT ( 'NONE', #2496 ) ;
#3532 = FACE_OUTER_BOUND ( 'NONE', #8060, .T. ) ;
#3533 = LINE ( 'NONE', #111, #3145 ) ;
#3534 = CARTESIAN_POINT ( 'NONE',  ( 29.96685255477537524, 48.51559628190216245, 1.500000000000000000 ) ) ;
#3535 = ORIENTED_EDGE ( 'NONE', *, *, #4601, .T. ) ;
#3536 = LINE ( 'NONE', #5024, #4990 ) ;
#3537 = CARTESIAN_POINT ( 'NONE',  ( 0.000000000000000000, 0.000000000000000000, -2.998419460000000480 ) ) ;
#3538 = FACE_OUTER_BOUND ( 'NONE', #7520, .T. ) ;
#3539 = DIRECTION ( 'NONE',  ( 0.000000000000000000, 0.000000000000000000, -1.000000000000000000 ) ) ;
#3540 = EDGE_CURVE ( 'NONE', #3246, #7149, #478, .T. ) ;
#3541 = EDGE_CURVE ( 'NONE', #6508, #3794, #8762, .T. ) ;
#3542 = ORIENTED_EDGE ( 'NONE', *, *, #2831, .F. ) ;
#3543 = ORIENTED_EDGE ( 'NONE', *, *, #5263, .T. ) ;
#3544 = DIRECTION ( 'NONE',  ( 0.000000000000000000, -1.000000000000000000, 0.000000000000000000 ) ) ;
#3545 = LINE ( 'NONE', #7704, #5073 ) ;
#3546 = ORIENTED_EDGE ( 'NONE', *, *, #3320, .F. ) ;
#3547 = CARTESIAN_POINT ( 'NONE',  ( 22.23782774328765655, 3.877977035278655116, -19.25780817680636048 ) ) ;
#3548 = DIRECTION ( 'NONE',  ( -1.000000000000000000, -1.192488222418005077E-08, -0.000000000000000000 ) ) ;
#3549 = DIRECTION ( 'NONE',  ( 1.000000000000000000, 0.000000000000000000, 0.000000000000000000 ) ) ;
#3550 = EDGE_LOOP ( 'NONE', ( #6602, #4042, #7179, #5992 ) ) ;
#3551 = EDGE_CURVE ( 'NONE', #5492, #1199, #1149, .T. ) ;
#3552 = EDGE_CURVE ( 'NONE', #4119, #2796, #2030, .T. ) ;
#3553 = EDGE_CURVE ( 'NONE', #1664, #6367, #2468, .T. ) ;
#3554 = AXIS2_PLACEMENT_3D ( 'NONE', #5480, #1932, #8154 ) ;
#3555 = ORIENTED_EDGE ( 'NONE', *, *, #6012, .T. ) ;
#3556 = DIRECTION ( 'NONE',  ( 1.000000000000000000, 0.000000000000000000, 0.000000000000000000 ) ) ;
#3557 = ORIENTED_EDGE ( 'NONE', *, *, #2536, .F. ) ;
#3558 = VERTEX_POINT ( 'NONE', #5983 ) ;
#3559 = DIRECTION ( 'NONE',  ( -0.000000000000000000, 0.000000000000000000, 1.000000000000000000 ) ) ;
#3560 = PLANE ( 'NONE',  #3169 ) ;
#3561 = DIRECTION ( 'NONE',  ( 0.000000000000000000, 0.000000000000000000, 1.000000000000000000 ) ) ;
#3562 = CARTESIAN_POINT ( 'NONE',  ( 8.132803620000000677, 65.45000098000001287, 1.500000000000000000 ) ) ;
#3563 = FACE_OUTER_BOUND ( 'NONE', #24, .T. ) ;
#3564 = AXIS2_PLACEMENT_3D ( 'NONE', #616, #2411, #8511 ) ;
#3565 = VECTOR ( 'NONE', #3205, 999.9999999999998863 ) ;
#3566 = AXIS2_PLACEMENT_3D ( 'NONE', #275, #7202, #2997 ) ;
#3567 = ORIENTED_EDGE ( 'NONE', *, *, #5037, .F. ) ;
#3568 = CARTESIAN_POINT ( 'NONE',  ( 22.23782773732521889, 4.377977035278656004, 2.500000000000000000 ) ) ;
#3569 = VERTEX_POINT ( 'NONE', #8670 ) ;
#3570 = AXIS2_PLACEMENT_3D ( 'NONE', #6024, #4592, #5930 ) ;
#3571 = AXIS2_PLACEMENT_3D ( 'NONE', #4266, #7115, #161 ) ;
#3572 = DIRECTION ( 'NONE',  ( 1.000000000000000000, 0.000000000000000000, 0.000000000000000000 ) ) ;
#3573 = CARTESIAN_POINT ( 'NONE',  ( 13.86479010925554967, 0.9000000000000022427, 0.000000000000000000 ) ) ;
#3574 = CARTESIAN_POINT ( 'NONE',  ( 21.46091302770999931, 1.900000000000000133, 1.500000000000000000 ) ) ;
#3575 = VECTOR ( 'NONE', #1906, 999.9999999999998863 ) ;
#3576 = CARTESIAN_POINT ( 'NONE',  ( 1.807733987716098722, 108.0995911020051778, 117.8988879368424563 ) ) ;
#3577 = EDGE_CURVE ( 'NONE', #1487, #6258, #6691, .T. ) ;
#3578 = ORIENTED_EDGE ( 'NONE', *, *, #1401, .F. ) ;
#3579 = CARTESIAN_POINT ( 'NONE',  ( 2.185239731901504001, 33.09706200000000109, 1.500015248025112768 ) ) ;
#3580 = CARTESIAN_POINT ( 'NONE',  ( 23.63280362000000068, 65.45000098000001287, 3.500000000000000000 ) ) ;
#3581 = DIRECTION ( 'NONE',  ( -1.000000000000000000, 0.000000000000000000, 0.000000000000000000 ) ) ;
#3582 = AXIS2_PLACEMENT_3D ( 'NONE', #2880, #6405, #2243 ) ;
#3583 = LINE ( 'NONE', #2234, #6554 ) ;
#3584 = VECTOR ( 'NONE', #4840, 1000.000000000000227 ) ;
#3585 = FACE_OUTER_BOUND ( 'NONE', #7228, .T. ) ;
#3586 = LINE ( 'NONE', #6315, #6414 ) ;
#3587 = AXIS2_PLACEMENT_3D ( 'NONE', #4259, #6354, #8296 ) ;
#3588 = CIRCLE ( 'NONE', #8454, 0.5000000000000004441 ) ;
#3589 = ORIENTED_EDGE ( 'NONE', *, *, #4706, .T. ) ;
#3590 = DIRECTION ( 'NONE',  ( 0.000000000000000000, 0.000000000000000000, 1.000000000000000000 ) ) ;
#3591 = EDGE_CURVE ( 'NONE', #8442, #6592, #4768, .T. ) ;
#3592 = ORIENTED_EDGE ( 'NONE', *, *, #2824, .F. ) ;
#3593 = CARTESIAN_POINT ( 'NONE',  ( 30.89053710468296998, 35.04349760090755694, 0.6401194669918904845 ) ) ;
#3594 = FACE_OUTER_BOUND ( 'NONE', #3727, .T. ) ;
#3595 = AXIS2_PLACEMENT_3D ( 'NONE', #4037, #5999, #1337 ) ;
#3596 = EDGE_CURVE ( 'NONE', #511, #5941, #6356, .T. ) ;
#3597 = CARTESIAN_POINT ( 'NONE',  ( 24.13280362000002555, 8.630422051318912278E-15, 1.500000000000000000 ) ) ;
#3598 = ORIENTED_EDGE ( 'NONE', *, *, #7312, .F. ) ;
#3599 = VECTOR ( 'NONE', #6636, 1000.000000000000000 ) ;
#3600 = CIRCLE ( 'NONE', #5473, 0.5000000000000019984 ) ;
#3601 = VERTEX_POINT ( 'NONE', #3883 ) ;
#3602 = APPLICATION_PROTOCOL_DEFINITION ( 'draft international standard', 'automotive_design', 1998, #1806 ) ;
#3603 = ORIENTED_EDGE ( 'NONE', *, *, #229, .F. ) ;
#3604 = EDGE_CURVE ( 'NONE', #3994, #3890, #523, .T. ) ;
#3605 = VECTOR ( 'NONE', #4708, 1000.000000000000000 ) ;
#3606 = ORIENTED_EDGE ( 'NONE', *, *, #2913, .F. ) ;
#3607 = CARTESIAN_POINT ( 'NONE',  ( -5.220685276234232960E-08, 4.377976770095201253, 2.500000000000000000 ) ) ;
#3608 = CARTESIAN_POINT ( 'NONE',  ( 0.8161212120690981564, 35.89698561411798039, -0.02999999999999999889 ) ) ;
#3609 = CARTESIAN_POINT ( 'NONE',  ( 30.96843583002842593, 34.88581635347223653, 1.319999999999899920 ) ) ;
#3610 = PLANE ( 'NONE',  #7271 ) ;
#3611 = FACE_OUTER_BOUND ( 'NONE', #7077, .T. ) ;
#3612 = AXIS2_PLACEMENT_3D ( 'NONE', #4555, #3256, #7268 ) ;
#3613 = EDGE_LOOP ( 'NONE', ( #2088, #816, #1857, #3973 ) ) ;
#3614 = DIRECTION ( 'NONE',  ( -1.000000000000000000, 0.000000000000000000, 0.000000000000000000 ) ) ;
#3615 = EDGE_LOOP ( 'NONE', ( #1895, #8031, #4403, #8161, #961 ) ) ;
#3616 = DIRECTION ( 'NONE',  ( -6.311429343820460109E-43, 5.433278725136842152E-39, -1.000000000000000000 ) ) ;
#3617 = CARTESIAN_POINT ( 'NONE',  ( 5.607803620000000322, 109.1010498479614625, 1.000000000000028644 ) ) ;
#3618 = DIRECTION ( 'NONE',  ( 1.000000000000000000, 1.156482317317871725E-16, -0.000000000000000000 ) ) ;
#3619 = EDGE_CURVE ( 'NONE', #7862, #7803, #1063, .T. ) ;
#3620 = AXIS2_PLACEMENT_3D ( 'NONE', #8129, #5459, #2041 ) ;
#3621 = CARTESIAN_POINT ( 'NONE',  ( 5.607803620000017197, 8.242592564261618527E-16, 2.500000000000000000 ) ) ;
#3622 = CARTESIAN_POINT ( 'NONE',  ( 25.00780361999600743, 4.931780622569035711E-15, 3.000000000000000000 ) ) ;
#3623 = MECHANICAL_DESIGN_GEOMETRIC_PRESENTATION_REPRESENTATION (  '', ( #481 ), #2907 ) ;
#3624 = CIRCLE ( 'NONE', #2048, 0.5000000000000000000 ) ;
#3625 = VERTEX_POINT ( 'NONE', #2538 ) ;
#3626 = ADVANCED_FACE ( 'NONE', ( #7233 ), #8711, .T. ) ;
#3627 = CARTESIAN_POINT ( 'NONE',  ( 26.13300362000000021, 30.48645752696584665, 3.495945792981951072 ) ) ;
#3628 = DIRECTION ( 'NONE',  ( 0.000000000000000000, -1.000000000000000000, 0.000000000000000000 ) ) ;
#3629 = CARTESIAN_POINT ( 'NONE',  ( 10.26479015296693476, -0.1000000218556934412, 0.000000000000000000 ) ) ;
#3630 = EDGE_CURVE ( 'NONE', #3158, #8643, #4719, .T. ) ;
#3631 = CARTESIAN_POINT ( 'NONE',  ( 21.96091302770999931, 96.92773413321998532, 1.500000000000001332 ) ) ;
#3632 = DIRECTION ( 'NONE',  ( 0.000000000000000000, 0.000000000000000000, 1.000000000000000000 ) ) ;
#3633 = VECTOR ( 'NONE', #8735, 1000.000000000000000 ) ;
#3634 = CIRCLE ( 'NONE', #7483, 1.999999999999998224 ) ;
#3635 = ORIENTED_EDGE ( 'NONE', *, *, #4139, .F. ) ;
#3636 = DIRECTION ( 'NONE',  ( -0.0001161624401668776951, 0.9999999932531438152, 0.000000000000000000 ) ) ;
#3637 = DIRECTION ( 'NONE',  ( 0.000000000000000000, 0.000000000000000000, 1.000000000000000000 ) ) ;
#3638 = EDGE_LOOP ( 'NONE', ( #2339, #2400, #4857, #2572, #1946 ) ) ;
#3639 = CARTESIAN_POINT ( 'NONE',  ( 30.73941560403399720, 35.05877601781161701, 0.5000000000014571677 ) ) ;
#3640 = DIRECTION ( 'NONE',  ( 1.000000000000000000, 0.000000000000000000, 0.000000000000000000 ) ) ;
#3641 = DIRECTION ( 'NONE',  ( 0.9999999932531437041, 0.0001161624401737049704, -0.000000000000000000 ) ) ;
#3642 = AXIS2_PLACEMENT_3D ( 'NONE', #3040, #1555, #5780 ) ;
#3643 = EDGE_LOOP ( 'NONE', ( #8215, #996, #2900, #203, #4825, #7036, #1257 ) ) ;
#3644 = ORIENTED_EDGE ( 'NONE', *, *, #4251, .F. ) ;
#3645 = AXIS2_PLACEMENT_3D ( 'NONE', #565, #7366, #5202 ) ;
#3646 = AXIS2_PLACEMENT_3D ( 'NONE', #3293, #520, #6109 ) ;
#3647 = VERTEX_POINT ( 'NONE', #5368 ) ;
#3648 = CYLINDRICAL_SURFACE ( 'NONE', #8715, 0.5000000000000004441 ) ;
#3649 = CIRCLE ( 'NONE', #4221, 1.000000000000000888 ) ;
#3650 = DIRECTION ( 'NONE',  ( 0.000000000000000000, 0.000000000000000000, 1.000000000000000000 ) ) ;
#3651 = FACE_BOUND ( 'NONE', #8837, .T. ) ;
#3652 = LINE ( 'NONE', #2970, #4280 ) ;
#3653 = ORIENTED_EDGE ( 'NONE', *, *, #7561, .T. ) ;
#3654 = EDGE_CURVE ( 'NONE', #1665, #5161, #8287, .T. ) ;
#3655 = ADVANCED_FACE ( 'NONE', ( #3837 ), #6562, .F. ) ;
#3656 = CIRCLE ( 'NONE', #3084, 4.000000000000001776 ) ;
#3657 = VECTOR ( 'NONE', #7643, 1000.000000000000000 ) ;
#3658 = ORIENTED_EDGE ( 'NONE', *, *, #1936, .T. ) ;
#3659 = DIRECTION ( 'NONE',  ( 1.000000000000000000, 0.000000000000000000, 0.000000000000000000 ) ) ;
#3660 = ORIENTED_EDGE ( 'NONE', *, *, #1801, .F. ) ;
#3661 = DIRECTION ( 'NONE',  ( 0.000000000000000000, -0.000000000000000000, -1.000000000000000000 ) ) ;
#3662 = EDGE_LOOP ( 'NONE', ( #4310, #5088, #7230, #1879, #5720 ) ) ;
#3663 = LINE ( 'NONE', #6385, #1055 ) ;
#3664 = CARTESIAN_POINT ( 'NONE',  ( 23.63280362000000068, 65.45000098000001287, 3.000000000000000000 ) ) ;
#3665 = CARTESIAN_POINT ( 'NONE',  ( 29.47226753285272594, -0.09999999999999982514, -3.998419459999999592 ) ) ;
#3666 = CARTESIAN_POINT ( 'NONE',  ( 21.70538763508942282, 48.76257327516338336, 1.500000000000001332 ) ) ;
#3667 = DIRECTION ( 'NONE',  ( -0.0004794410854609682101, 0.9999998850681163232, 0.000000000000000000 ) ) ;
#3668 = EDGE_CURVE ( 'NONE', #1842, #6817, #2130, .T. ) ;
#3669 = EDGE_CURVE ( 'NONE', #4013, #5912, #4020, .T. ) ;
#3670 = ORIENTED_EDGE ( 'NONE', *, *, #4212, .F. ) ;
#3671 = LINE ( 'NONE', #6394, #712 ) ;
#3672 = CYLINDRICAL_SURFACE ( 'NONE', #5921, 0.5000000000000004441 ) ;
#3673 = CARTESIAN_POINT ( 'NONE',  ( 4.632803619999999789, 0.000000000000000000, 1.500000000000000000 ) ) ;
#3674 = CARTESIAN_POINT ( 'NONE',  ( 21.73782774328765655, 3.877977029316214796, 1.500000000000000000 ) ) ;
#3675 = CARTESIAN_POINT ( 'NONE',  ( 0.8192634649939100067, 8.846479246498741844, 122.8571184009966686 ) ) ;
#3676 = ORIENTED_EDGE ( 'NONE', *, *, #2251, .T. ) ;
#3677 = CARTESIAN_POINT ( 'NONE',  ( 31.46577730117017069, 57.77214871504761362, -2.099999999999997424 ) ) ;
#3678 = DIRECTION ( 'NONE',  ( -1.000000000000000000, 0.000000000000000000, 0.000000000000000000 ) ) ;
#3679 = ORIENTED_EDGE ( 'NONE', *, *, #56, .T. ) ;
#3680 = CARTESIAN_POINT ( 'NONE',  ( 30.96849391124851536, 34.38581635684566606, 1.320000001411007373 ) ) ;
#3681 = CARTESIAN_POINT ( 'NONE',  ( 8.707803619999999967, 104.7000009799999987, -19.25780817680636048 ) ) ;
#3682 = ORIENTED_EDGE ( 'NONE', *, *, #1292, .T. ) ;
#3683 = EDGE_CURVE ( 'NONE', #221, #1927, #12, .T. ) ;
#3684 = EDGE_CURVE ( 'NONE', #8789, #4029, #7406, .T. ) ;
#3685 = ORIENTED_EDGE ( 'NONE', *, *, #3188, .T. ) ;
#3686 = ORIENTED_EDGE ( 'NONE', *, *, #1874, .F. ) ;
#3687 = ORIENTED_EDGE ( 'NONE', *, *, #5923, .T. ) ;
#3688 = DIRECTION ( 'NONE',  ( -0.000000000000000000, -0.000000000000000000, 1.000000000000000000 ) ) ;
#3689 = DIRECTION ( 'NONE',  ( 0.9999999999999961142, 8.742277783456231917E-08, -0.000000000000000000 ) ) ;
#3690 = DIRECTION ( 'NONE',  ( -0.0001161624401737789130, 0.9999999932531437041, 0.000000000000000000 ) ) ;
#3691 = CARTESIAN_POINT ( 'NONE',  ( 24.63280361999999712, 74.15143637488998252, 3.000000000000000000 ) ) ;
#3692 = ORIENTED_EDGE ( 'NONE', *, *, #6955, .T. ) ;
#3693 = AXIS2_PLACEMENT_3D ( 'NONE', #1253, #6717, #2656 ) ;
#3694 = VERTEX_POINT ( 'NONE', #1456 ) ;
#3695 = DIRECTION ( 'NONE',  ( 0.9999999932531434821, 0.0001161624429838024349, -0.000000000000000000 ) ) ;
#3696 = EDGE_LOOP ( 'NONE', ( #2759, #6119, #3660, #3515 ) ) ;
#3697 = DIRECTION ( 'NONE',  ( -0.000000000000000000, -0.000000000000000000, 1.000000000000000000 ) ) ;
#3698 = ORIENTED_EDGE ( 'NONE', *, *, #8282, .T. ) ;
#3699 = DIRECTION ( 'NONE',  ( 1.000000000000000000, 0.000000000000000000, 0.000000000000000000 ) ) ;
#3700 = DIRECTION ( 'NONE',  ( -0.9999999932531434821, -0.0001161624429838024349, 0.000000000000000000 ) ) ;
#3701 = ADVANCED_FACE ( 'NONE', ( #8181 ), #4873, .T. ) ;
#3702 = CARTESIAN_POINT ( 'NONE',  ( 2.820070398492491304, 0.9000000000000002442, 1.000000000000000888 ) ) ;
#3703 = EDGE_CURVE ( 'NONE', #2010, #7033, #3998, .T. ) ;
#3704 = VECTOR ( 'NONE', #2976, 1000.000000000000000 ) ;
#3705 = CIRCLE ( 'NONE', #1696, 1.000000000000000000 ) ;
#3706 = ORIENTED_EDGE ( 'NONE', *, *, #7236, .T. ) ;
#3707 = ORIENTED_EDGE ( 'NONE', *, *, #5692, .F. ) ;
#3708 = CIRCLE ( 'NONE', #2428, 2.029999995682011171 ) ;
#3709 = FILL_AREA_STYLE_COLOUR ( '', #3764 ) ;
#3710 = LINE ( 'NONE', #7197, #7725 ) ;
#3711 = PLANE ( 'NONE',  #1782 ) ;
#3712 = EDGE_CURVE ( 'NONE', #8831, #6751, #46, .T. ) ;
#3713 = DIRECTION ( 'NONE',  ( 0.0001161624429837051277, -0.9999999932531434821, -5.433278761794395471E-39 ) ) ;
#3714 = CARTESIAN_POINT ( 'NONE',  ( 22.05780361999999784, 48.25000098000001003, 3.000000000000000000 ) ) ;
#3715 = PLANE ( 'NONE',  #5294 ) ;
#3716 = CIRCLE ( 'NONE', #2721, 0.9999999999999974465 ) ;
#3717 = AXIS2_PLACEMENT_3D ( 'NONE', #7166, #1043, #4499 ) ;
#3718 = ORIENTED_EDGE ( 'NONE', *, *, #7065, .T. ) ;
#3719 = CARTESIAN_POINT ( 'NONE',  ( 14.70325953999999946, 45.39706200000000536, 2.000000000000001776 ) ) ;
#3720 = CARTESIAN_POINT ( 'NONE',  ( 2.807733980969242094, 108.0997072644481563, -2.998419460000012471 ) ) ;
#3721 = VERTEX_POINT ( 'NONE', #1275 ) ;
#3722 = PLANE ( 'NONE',  #2973 ) ;
#3723 = DIRECTION ( 'NONE',  ( -0.9999998850681161011, -0.0004794410854595740346, 0.000000000000000000 ) ) ;
#3724 = CARTESIAN_POINT ( 'NONE',  ( 30.46691063262241883, 48.01565436312731805, 3.000000000000000000 ) ) ;
#3725 = ORIENTED_EDGE ( 'NONE', *, *, #1345, .T. ) ;
#3726 = CIRCLE ( 'NONE', #8732, 0.5000000000000000000 ) ;
#3727 = EDGE_LOOP ( 'NONE', ( #1182, #5390, #7288, #5674 ) ) ;
#3728 = ORIENTED_EDGE ( 'NONE', *, *, #5865, .T. ) ;
#3729 = VERTEX_POINT ( 'NONE', #2676 ) ;
#3730 = CARTESIAN_POINT ( 'NONE',  ( 24.63280361999999712, 74.15143637488998252, 3.500000000000000000 ) ) ;
#3731 = AXIS2_PLACEMENT_3D ( 'NONE', #3266, #8777, #8819 ) ;
#3732 = ORIENTED_EDGE ( 'NONE', *, *, #1816, .T. ) ;
#3733 = ADVANCED_FACE ( 'NONE', ( #2761 ), #3339, .F. ) ;
#3734 = LINE ( 'NONE', #8355, #6851 ) ;
#3735 = EDGE_CURVE ( 'NONE', #4454, #296, #93, .T. ) ;
#3736 = LINE ( 'NONE', #6374, #5744 ) ;
#3737 = CYLINDRICAL_SURFACE ( 'NONE', #1069, 0.5000000000000004441 ) ;
#3738 = VECTOR ( 'NONE', #5047, 1000.000000000000000 ) ;
#3739 = DIRECTION ( 'NONE',  ( -0.9999999999999961142, -8.742277783456231917E-08, -0.000000000000000000 ) ) ;
#3740 = ORIENTED_EDGE ( 'NONE', *, *, #3957, .F. ) ;
#3741 = CIRCLE ( 'NONE', #5187, 1.000000000000000000 ) ;
#3742 = VERTEX_POINT ( 'NONE', #6075 ) ;
#3743 = VECTOR ( 'NONE', #1041, 1000.000000000000000 ) ;
#3744 = CARTESIAN_POINT ( 'NONE',  ( 29.96883808238525404, 31.42291474461031342, 3.000000000000002665 ) ) ;
#3745 = ORIENTED_EDGE ( 'NONE', *, *, #5692, .T. ) ;
#3746 = DIRECTION ( 'NONE',  ( -0.000000000000000000, -0.000000000000000000, -1.000000000000000000 ) ) ;
#3747 = ORIENTED_EDGE ( 'NONE', *, *, #7029, .T. ) ;
#3748 = LINE ( 'NONE', #1730, #4494 ) ;
#3749 = CARTESIAN_POINT ( 'NONE',  ( 27.63280362000000068, 7.550000979999999196, 3.500000000000000000 ) ) ;
#3750 = CARTESIAN_POINT ( 'NONE',  ( 24.63280362000000068, 65.45000098000001287, 3.500000000000000000 ) ) ;
#3751 = CIRCLE ( 'NONE', #8755, 0.5000000000000004441 ) ;
#3752 = CIRCLE ( 'NONE', #3178, 0.5000000000000019984 ) ;
#3753 = DIRECTION ( 'NONE',  ( -0.9999999932528159663, -0.0001161652623815624642, 0.000000000000000000 ) ) ;
#3754 = ORIENTED_EDGE ( 'NONE', *, *, #5867, .T. ) ;
#3755 = VERTEX_POINT ( 'NONE', #7454 ) ;
#3756 = ADVANCED_FACE ( 'NONE', ( #4693 ), #6786, .T. ) ;
#3757 = AXIS2_PLACEMENT_3D ( 'NONE', #2765, #2806, #3480 ) ;
#3758 = CARTESIAN_POINT ( 'NONE',  ( 2.807733980969242094, 108.0997072644481563, 0.000000000000000000 ) ) ;
#3759 = CYLINDRICAL_SURFACE ( 'NONE', #4158, 0.5000000000000004441 ) ;
#3760 = CARTESIAN_POINT ( 'NONE',  ( 31.46571921995008125, 58.27214871167419119, -1.599999999999997202 ) ) ;
#3761 = CARTESIAN_POINT ( 'NONE',  ( 29.96691063599584837, 48.01559628190723572, 3.000000000000000000 ) ) ;
#3762 = CARTESIAN_POINT ( 'NONE',  ( 31.47248783030356378, 0.003655921009372651437, -1.898419459999999948 ) ) ;
#3763 = LINE ( 'NONE', #3675, #2268 ) ;
#3764 = COLOUR_RGB ( '',0.7921568627450980005, 0.8196078431372548767, 0.9333333333333333481 ) ;
#3765 = EDGE_CURVE ( 'NONE', #4189, #8408, #4739, .T. ) ;
#3766 = EDGE_CURVE ( 'NONE', #221, #7530, #3426, .T. ) ;
#3767 = ORIENTED_EDGE ( 'NONE', *, *, #3000, .F. ) ;
#3768 = FACE_OUTER_BOUND ( 'NONE', #7221, .T. ) ;
#3769 = FACE_OUTER_BOUND ( 'NONE', #4394, .T. ) ;
#3770 = VECTOR ( 'NONE', #5106, 1000.000000000000114 ) ;
#3771 = ORIENTED_EDGE ( 'NONE', *, *, #5816, .F. ) ;
#3772 = PLANE ( 'NONE',  #4856 ) ;
#3773 = VECTOR ( 'NONE', #2638, 1000.000000000000227 ) ;
#3774 = DIRECTION ( 'NONE',  ( 0.000000000000000000, 0.000000000000000000, 1.000000000000000000 ) ) ;
#3775 = DIRECTION ( 'NONE',  ( 0.9999998850681161011, 0.0004794410854713767678, 0.000000000000000000 ) ) ;
#3776 = VERTEX_POINT ( 'NONE', #4066 ) ;
#3777 = ORIENTED_EDGE ( 'NONE', *, *, #4393, .F. ) ;
#3779 = EDGE_CURVE ( 'NONE', #5188, #7402, #2037, .T. ) ;
#3778 = ORIENTED_EDGE ( 'NONE', *, *, #7102, .F. ) ;
#3780 = ORIENTED_EDGE ( 'NONE', *, *, #5910, .F. ) ;
#3781 = CYLINDRICAL_SURFACE ( 'NONE', #1056, 0.5000000000000004441 ) ;
#3782 = CARTESIAN_POINT ( 'NONE',  ( 0.000000000000000000, 47.25000098000001003, 3.000000000000000000 ) ) ;
#3783 = CARTESIAN_POINT ( 'NONE',  ( 30.46733874097978401, 44.33022597054885239, 0.1103314719909338909 ) ) ;
#3784 = DIRECTION ( 'NONE',  ( 0.000000000000000000, -0.000000000000000000, -1.000000000000000000 ) ) ;
#3785 = FACE_OUTER_BOUND ( 'NONE', #3615, .T. ) ;
#3786 = AXIS2_PLACEMENT_3D ( 'NONE', #745, #693, #8846 ) ;
#3787 = CIRCLE ( 'NONE', #8787, 0.5000000000000000000 ) ;
#3788 = EDGE_LOOP ( 'NONE', ( #8387, #6464, #2388, #6015, #3922, #903, #3707, #1239 ) ) ;
#3789 = DIRECTION ( 'NONE',  ( 0.000000000000000000, 0.000000000000000000, 1.000000000000000000 ) ) ;
#3790 = VECTOR ( 'NONE', #5293, 1000.000000000000000 ) ;
#3791 = ORIENTED_EDGE ( 'NONE', *, *, #6765, .T. ) ;
#3792 = EDGE_CURVE ( 'NONE', #8017, #7426, #5497, .T. ) ;
#3793 = LINE ( 'NONE', #5847, #4721 ) ;
#3794 = VERTEX_POINT ( 'NONE', #8227 ) ;
#3795 = CARTESIAN_POINT ( 'NONE',  ( 21.96091302770999931, 96.42773413321998532, 2.499999999999998668 ) ) ;
#3796 = LINE ( 'NONE', #6430, #2448 ) ;
#3797 = CARTESIAN_POINT ( 'NONE',  ( 27.63280362000000068, 29.55000098000000008, 1.500000000000000000 ) ) ;
#3798 = CARTESIAN_POINT ( 'NONE',  ( 2.807733980969242094, 108.0997072644481563, -3.998419459999999592 ) ) ;
#3799 = CARTESIAN_POINT ( 'NONE',  ( 27.13280362000000068, 7.550000979999999196, 3.500000000000000000 ) ) ;
#3800 = CIRCLE ( 'NONE', #2513, 0.5000000000000000000 ) ;
#3801 = EDGE_CURVE ( 'NONE', #1818, #3380, #280, .T. ) ;
#3802 = ORIENTED_EDGE ( 'NONE', *, *, #6980, .T. ) ;
#3803 = ORIENTED_EDGE ( 'NONE', *, *, #4316, .F. ) ;
#3804 = VECTOR ( 'NONE', #6736, 1000.000000000000000 ) ;
#3805 = LINE ( 'NONE', #400, #3333 ) ;
#3806 =( BOUNDED_CURVE ( )  B_SPLINE_CURVE ( 3, ( #5821, #7370, #2588, #3087 ),
 .UNSPECIFIED., .F., .F. ) 
 B_SPLINE_CURVE_WITH_KNOTS ( ( 4, 4 ),
 ( 4.712388980384689674, 6.283069144736341372 ),
 .UNSPECIFIED. ) 
 CURVE ( )  GEOMETRIC_REPRESENTATION_ITEM ( )  RATIONAL_B_SPLINE_CURVE ( ( 1.000000000000000000, 0.8047652330796708497, 0.8047652330796708497, 1.000000000000000000 ) ) 
 REPRESENTATION_ITEM ( '' )  );
#3807 = CYLINDRICAL_SURFACE ( 'NONE', #6216, 0.5000000000000004441 ) ;
#3808 = LINE ( 'NONE', #4390, #2124 ) ;
#3809 = DIRECTION ( 'NONE',  ( -0.000000000000000000, 1.000000000000000000, -0.000000000000000000 ) ) ;
#3810 = CARTESIAN_POINT ( 'NONE',  ( 1.868788062248820880, 46.39711382162606412, 1.260993344808305494 ) ) ;
#3811 = DIRECTION ( 'NONE',  ( -1.000000000000000000, 0.000000000000000000, -0.000000000000000000 ) ) ;
#3812 = EDGE_LOOP ( 'NONE', ( #8097, #8, #6922, #7864 ) ) ;
#3813 = DIRECTION ( 'NONE',  ( -0.000000000000000000, -0.000000000000000000, -1.000000000000000000 ) ) ;
#3814 = DIRECTION ( 'NONE',  ( 0.000000000000000000, 0.000000000000000000, -1.000000000000000000 ) ) ;
#3815 = FACE_OUTER_BOUND ( 'NONE', #4130, .T. ) ;
#3816 = DIRECTION ( 'NONE',  ( -0.0001161624429836352916, 0.9999999932531434821, 0.000000000000000000 ) ) ;
#3817 = EDGE_CURVE ( 'NONE', #4074, #3214, #419, .T. ) ;
#3818 = DIRECTION ( 'NONE',  ( -0.0001161624401737789265, 0.9999999932531437041, -0.000000000000000000 ) ) ;
#3819 = ORIENTED_EDGE ( 'NONE', *, *, #2988, .T. ) ;
#3820 = EDGE_CURVE ( 'NONE', #6099, #2579, #5799, .T. ) ;
#3821 = ORIENTED_EDGE ( 'NONE', *, *, #5742, .T. ) ;
#3822 = ORIENTED_EDGE ( 'NONE', *, *, #2831, .T. ) ;
#3823 = CARTESIAN_POINT ( 'NONE',  ( 14.70325953999999946, 46.39706200000000536, 1.500000000000000000 ) ) ;
#3824 = FACE_OUTER_BOUND ( 'NONE', #8652, .T. ) ;
#3825 = CARTESIAN_POINT ( 'NONE',  ( 30.48550450865410255, 44.27608547200315314, 0.1640451566284432949 ) ) ;
#3826 = DIRECTION ( 'NONE',  ( 1.748455547012635529E-07, -0.9999999999999847899, 0.000000000000000000 ) ) ;
#3827 = EDGE_CURVE ( 'NONE', #8351, #4585, #2345, .T. ) ;
#3828 = CARTESIAN_POINT ( 'NONE',  ( 32.96849389775480432, 34.38604868172600959, 2.500000000000002220 ) ) ;
#3829 = ADVANCED_FACE ( 'NONE', ( #7082 ), #1422, .F. ) ;
#3830 = ORIENTED_EDGE ( 'NONE', *, *, #3126, .F. ) ;
#3831 = EDGE_CURVE ( 'NONE', #5617, #5218, #1494, .T. ) ;
#3832 = ORIENTED_EDGE ( 'NONE', *, *, #898, .F. ) ;
#3833 = DIRECTION ( 'NONE',  ( -0.000000000000000000, 0.000000000000000000, 1.000000000000000000 ) ) ;
#3834 = ORIENTED_EDGE ( 'NONE', *, *, #2186, .T. ) ;
#3835 = DIRECTION ( 'NONE',  ( -1.000000000000000000, 0.000000000000000000, 0.000000000000000000 ) ) ;
#3836 = ORIENTED_EDGE ( 'NONE', *, *, #6003, .T. ) ;
#3837 = FACE_OUTER_BOUND ( 'NONE', #3662, .T. ) ;
#3838 = CARTESIAN_POINT ( 'NONE',  ( 29.47226753285274015, 1.900000000000000133, 0.000000000000000000 ) ) ;
#3839 = CARTESIAN_POINT ( 'NONE',  ( 2.807733980969242094, 108.0997072644481563, -2.998419460000012471 ) ) ;
#3840 = DIRECTION ( 'NONE',  ( 0.000000000000000000, 0.000000000000000000, 1.000000000000000000 ) ) ;
#3841 = AXIS2_PLACEMENT_3D ( 'NONE', #4183, #1262, #6905 ) ;
#3842 = CARTESIAN_POINT ( 'NONE',  ( 0.000000000000000000, -1.099999999999999867, 2.500000000000000000 ) ) ;
#3843 = ORIENTED_EDGE ( 'NONE', *, *, #4834, .T. ) ;
#3844 = VERTEX_POINT ( 'NONE', #8399 ) ;
#3845 = AXIS2_PLACEMENT_3D ( 'NONE', #2868, #6941, #811 ) ;
#3846 = CARTESIAN_POINT ( 'NONE',  ( 2.807733980969242094, 108.0997072644481563, 122.8571184009966686 ) ) ;
#3847 = CYLINDRICAL_SURFACE ( 'NONE', #5934, 0.4999999999999985567 ) ;
#3848 = EDGE_CURVE ( 'NONE', #5783, #8245, #557, .T. ) ;
#3849 = CARTESIAN_POINT ( 'NONE',  ( 2.806775098798322876, 110.0997070345843980, 0.000000000000000000 ) ) ;
#3850 = CARTESIAN_POINT ( 'NONE',  ( 0.000000000000000000, 33.09706199999999399, 21.25407275812202812 ) ) ;
#3851 = AXIS2_PLACEMENT_3D ( 'NONE', #3691, #7723, #4962 ) ;
#3852 = VECTOR ( 'NONE', #5543, 1000.000000000000000 ) ;
#3853 = AXIS2_PLACEMENT_3D ( 'NONE', #456, #5219, #2516 ) ;
#3854 = CARTESIAN_POINT ( 'NONE',  ( 30.46843391945767010, 34.90223471038270020, 0.1228657894455506550 ) ) ;
#3855 = VERTEX_POINT ( 'NONE', #7632 ) ;
#3856 = FACE_OUTER_BOUND ( 'NONE', #2244, .T. ) ;
#3857 = LINE ( 'NONE', #2517, #6779 ) ;
#3858 = VECTOR ( 'NONE', #5269, 1000.000000000000000 ) ;
#3859 = ORIENTED_EDGE ( 'NONE', *, *, #970, .T. ) ;
#3860 = DIRECTION ( 'NONE',  ( -0.9999998850681162121, -0.0004794410854436209212, 0.000000000000000000 ) ) ;
#3861 = AXIS2_PLACEMENT_3D ( 'NONE', #3580, #4210, #148 ) ;
#3862 = CARTESIAN_POINT ( 'NONE',  ( -1.183854716683140573, 35.68964888209285391, 1.677106781186547657 ) ) ;
#3863 = CARTESIAN_POINT ( 'NONE',  ( 25.63948749270285887, 1.120737553625941340E-06, 2.500000000000000000 ) ) ;
#3864 = ORIENTED_EDGE ( 'NONE', *, *, #4975, .F. ) ;
#3865 = EDGE_CURVE ( 'NONE', #8778, #1265, #6423, .T. ) ;
#3866 = AXIS2_PLACEMENT_3D ( 'NONE', #1115, #7788, #3174 ) ;
#3867 = ORIENTED_EDGE ( 'NONE', *, *, #3619, .T. ) ;
#3868 = CARTESIAN_POINT ( 'NONE',  ( 12.85780362000000210, 110.1045259111624262, 0.000000000000000000 ) ) ;
#3869 = EDGE_CURVE ( 'NONE', #3920, #4119, #2929, .T. ) ;
#3870 = ORIENTED_EDGE ( 'NONE', *, *, #3, .T. ) ;
#3871 = CARTESIAN_POINT ( 'NONE',  ( 0.8161212117934850685, 35.89698798676805325, 1.469999999999999973 ) ) ;
#3872 = CARTESIAN_POINT ( 'NONE',  ( 0.8179794610148667378, 19.89999996626572809, 3.426814665646245039 ) ) ;
#3873 = CARTESIAN_POINT ( 'NONE',  ( 8.632803620000000677, 74.65143637488998252, 1.500000000000000000 ) ) ;
#3874 = CIRCLE ( 'NONE', #6155, 4.000000000000000000 ) ;
#3875 = FACE_OUTER_BOUND ( 'NONE', #4908, .T. ) ;
#3876 = ORIENTED_EDGE ( 'NONE', *, *, #1901, .T. ) ;
#3877 = ADVANCED_FACE ( 'NONE', ( #8487 ), #7674, .F. ) ;
#3878 = ORIENTED_EDGE ( 'NONE', *, *, #1508, .T. ) ;
#3879 = DIRECTION ( 'NONE',  ( 1.000000000000000000, 0.000000000000000000, 0.000000000000000000 ) ) ;
#3880 = ORIENTED_EDGE ( 'NONE', *, *, #3820, .T. ) ;
#3881 = CARTESIAN_POINT ( 'NONE',  ( -1.185034591013476080, 45.84675553436651541, -0.5300000000000000266 ) ) ;
#3882 = ORIENTED_EDGE ( 'NONE', *, *, #5265, .F. ) ;
#3883 = CARTESIAN_POINT ( 'NONE',  ( 31.47226751935902556, 1.900232324880361201, -3.998419459999999592 ) ) ;
#3884 = CARTESIAN_POINT ( 'NONE',  ( 25.00780361999600743, 4.931780622569035711E-15, 1.500000000000000000 ) ) ;
#3885 = CARTESIAN_POINT ( 'NONE',  ( 33.48206072494848229, 36.41610834311903488, -0.2100000000001007172 ) ) ;
#3886 = DIRECTION ( 'NONE',  ( -0.000000000000000000, -0.000000000000000000, 1.000000000000000000 ) ) ;
#3887 = VECTOR ( 'NONE', #7556, 999.9999999999998863 ) ;
#3888 = DIRECTION ( 'NONE',  ( 0.9999999932531438152, 0.0001161624401738173886, 0.000000000000000000 ) ) ;
#3889 = VECTOR ( 'NONE', #8534, 1000.000000000000000 ) ;
#3890 = VERTEX_POINT ( 'NONE', #5093 ) ;
#3891 = ORIENTED_EDGE ( 'NONE', *, *, #2670, .F. ) ;
#3892 = AXIS2_PLACEMENT_3D ( 'NONE', #4475, #5855, #3753 ) ;
#3893 = ADVANCED_FACE ( 'NONE', ( #914 ), #7810, .F. ) ;
#3894 = B_SPLINE_CURVE_WITH_KNOTS ( 'NONE', 3,
 ( #4160, #5467, #755, #6168 ),
 .UNSPECIFIED., .F., .F.,
 ( 4, 4 ),
 ( -6.402666182903141315E-06, 0.0004856606565445500717 ),
 .UNSPECIFIED. ) ;
#3895 = CARTESIAN_POINT ( 'NONE',  ( -1.192509944071284522, -0.0001385248693202887997, -0.02999999999999999889 ) ) ;
#3896 = DIRECTION ( 'NONE',  ( 1.000000000000000000, 0.000000000000000000, 0.000000000000000000 ) ) ;
#3897 = AXIS2_PLACEMENT_3D ( 'NONE', #8261, #6906, #5534 ) ;
#3898 = CARTESIAN_POINT ( 'NONE',  ( 2.314901507656653479, 46.39706200000000536, 2.000000000000000000 ) ) ;
#3899 = DIRECTION ( 'NONE',  ( -1.000000000000000000, 0.000000000000000000, 0.000000000000000000 ) ) ;
#3900 = EDGE_CURVE ( 'NONE', #1463, #7972, #828, .T. ) ;
#3901 = ORIENTED_EDGE ( 'NONE', *, *, #7258, .T. ) ;
#3902 = EDGE_CURVE ( 'NONE', #6543, #5050, #3705, .T. ) ;
#3903 = CARTESIAN_POINT ( 'NONE',  ( -0.000000000000000000, 46.39706200000000536, 2.000000000000001776 ) ) ;
#3904 = CARTESIAN_POINT ( 'NONE',  ( 0.8185602732297858619, 14.90000000000000746, 3.426814665646245039 ) ) ;
#3905 = ORIENTED_EDGE ( 'NONE', *, *, #668, .F. ) ;
#3906 = CARTESIAN_POINT ( 'NONE',  ( 29.96883816980803772, 30.92291474461031342, 1.500000000000000000 ) ) ;
#3907 = ADVANCED_FACE ( 'NONE', ( #4959 ), #3648, .T. ) ;
#3908 = VECTOR ( 'NONE', #1823, 1000.000000000000000 ) ;
#3909 = CARTESIAN_POINT ( 'NONE',  ( -0.6838787780862298771, 35.89681374310357853, 1.469999999999999973 ) ) ;
#3910 = LINE ( 'NONE', #6628, #1830 ) ;
#3911 = EDGE_CURVE ( 'NONE', #5218, #1813, #5629, .T. ) ;
#3912 = ORIENTED_EDGE ( 'NONE', *, *, #3376, .F. ) ;
#3913 = ORIENTED_EDGE ( 'NONE', *, *, #711, .F. ) ;
#3914 = LINE ( 'NONE', #2389, #2195 ) ;
#3915 = ORIENTED_EDGE ( 'NONE', *, *, #5379, .T. ) ;
#3916 = CARTESIAN_POINT ( 'NONE',  ( 4.132803619999999789, 29.55000098000000008, 3.500000000000000000 ) ) ;
#3917 = DIRECTION ( 'NONE',  ( 1.000000000000000000, 0.000000000000000000, 0.000000000000000000 ) ) ;
#3918 = LINE ( 'NONE', #7905, #8374 ) ;
#3919 = CARTESIAN_POINT ( 'NONE',  ( 0.8077339944629540192, 108.0994749395621994, -3.998419459999999592 ) ) ;
#3920 = VERTEX_POINT ( 'NONE', #952 ) ;
#3921 = CIRCLE ( 'NONE', #77, 1.000000000000000000 ) ;
#3922 = ORIENTED_EDGE ( 'NONE', *, *, #2274, .F. ) ;
#3923 = DIRECTION ( 'NONE',  ( -0.000000000000000000, 1.000000000000000000, 0.000000000000000000 ) ) ;
#3924 = ORIENTED_EDGE ( 'NONE', *, *, #127, .T. ) ;
#3925 = CARTESIAN_POINT ( 'NONE',  ( -1.185000570955248245, 45.55388929357396677, -0.2371337572315261044 ) ) ;
#3926 = AXIS2_PLACEMENT_3D ( 'NONE', #1810, #1848, #552 ) ;
#3927 = ORIENTED_EDGE ( 'NONE', *, *, #5803, .F. ) ;
#3928 = DIRECTION ( 'NONE',  ( 0.000000000000000000, 0.000000000000000000, 1.000000000000000000 ) ) ;
#3929 = AXIS2_PLACEMENT_3D ( 'NONE', #6179, #2818, #5478 ) ;
#3930 = DIRECTION ( 'NONE',  ( 0.000000000000000000, 0.000000000000000000, 1.000000000000000000 ) ) ;
#3931 = CARTESIAN_POINT ( 'NONE',  ( 29.47226753285274015, 46.39706200000000536, 1.500000000000000000 ) ) ;
#3932 = FACE_OUTER_BOUND ( 'NONE', #6370, .T. ) ;
#3933 = EDGE_CURVE ( 'NONE', #4366, #7125, #8443, .T. ) ;
#3934 = CARTESIAN_POINT ( 'NONE',  ( 0.000000000000000000, -0.5999999999999994227, 2.500000000000000000 ) ) ;
#3935 = EDGE_CURVE ( 'NONE', #3625, #4016, #3734, .T. ) ;
#3936 = VECTOR ( 'NONE', #1957, 1000.000000000000000 ) ;
#3937 = ORIENTED_EDGE ( 'NONE', *, *, #7144, .T. ) ;
#3938 = ORIENTED_EDGE ( 'NONE', *, *, #4051, .F. ) ;
#3939 = ORIENTED_EDGE ( 'NONE', *, *, #1486, .F. ) ;
#3940 = DIRECTION ( 'NONE',  ( 1.000000000000000000, 0.000000000000000000, 0.000000000000000000 ) ) ;
#3941 = CARTESIAN_POINT ( 'NONE',  ( 5.607803620000002098, 105.2000009799999987, 1.500000000000000000 ) ) ;
#3942 = VECTOR ( 'NONE', #2492, 1000.000000000000000 ) ;
#3943 = VECTOR ( 'NONE', #2945, 1000.000000000000000 ) ;
#3944 = EDGE_CURVE ( 'NONE', #1430, #7596, #7764, .T. ) ;
#3945 = DIRECTION ( 'NONE',  ( -0.000000000000000000, -0.000000000000000000, -1.000000000000000000 ) ) ;
#3946 = DIRECTION ( 'NONE',  ( 1.000000000000000000, -0.000000000000000000, -0.000000000000000000 ) ) ;
#3947 = ADVANCED_FACE ( 'NONE', ( #5759 ), #6468, .F. ) ;
#3948 = CIRCLE ( 'NONE', #5099, 0.5000000000000000000 ) ;
#3949 = AXIS2_PLACEMENT_3D ( 'NONE', #6333, #5671, #215 ) ;
#3950 = EDGE_LOOP ( 'NONE', ( #7668, #714, #2228, #1583, #5614 ) ) ;
#3951 = VERTEX_POINT ( 'NONE', #3105 ) ;
#3952 = CARTESIAN_POINT ( 'NONE',  ( 29.45801186694394147, 112.1124849638017196, -2.998419460000012471 ) ) ;
#3953 = CARTESIAN_POINT ( 'NONE',  ( 2.805816216627403215, 112.0997068047206255, 2.500000000000002220 ) ) ;
#3954 = ORIENTED_EDGE ( 'NONE', *, *, #4815, .F. ) ;
#3955 = LINE ( 'NONE', #543, #3269 ) ;
#3956 = DIRECTION ( 'NONE',  ( 0.0001161624429838177086, -0.9999999932531434821, 0.000000000000000000 ) ) ;
#3957 = EDGE_CURVE ( 'NONE', #7719, #2398, #8568, .T. ) ;
#3958 = EDGE_LOOP ( 'NONE', ( #6996, #5348, #2154, #1103 ) ) ;
#3959 = ORIENTED_EDGE ( 'NONE', *, *, #7987, .F. ) ;
#3960 = DIRECTION ( 'NONE',  ( -0.9999998850681161011, -0.0004794410854595740346, 0.000000000000000000 ) ) ;
#3961 = ORIENTED_EDGE ( 'NONE', *, *, #1254, .T. ) ;
#3962 = CARTESIAN_POINT ( 'NONE',  ( 9.557803619999999611, 62.25000098000001003, 1.500000000000000000 ) ) ;
#3963 = DIRECTION ( 'NONE',  ( -0.000000000000000000, 0.000000000000000000, 1.000000000000000000 ) ) ;
#3964 = CYLINDRICAL_SURFACE ( 'NONE', #1349, 0.5000000000000004441 ) ;
#3965 = DIRECTION ( 'NONE',  ( 0.000000000000000000, 0.000000000000000000, -1.000000000000000000 ) ) ;
#3966 = EDGE_CURVE ( 'NONE', #4192, #7574, #2708, .T. ) ;
#3967 = VERTEX_POINT ( 'NONE', #5312 ) ;
#3968 = ADVANCED_FACE ( 'NONE', ( #1050 ), #3285, .T. ) ;
#3969 = ORIENTED_EDGE ( 'NONE', *, *, #2350, .T. ) ;
#3970 = CARTESIAN_POINT ( 'NONE',  ( 7.632803619999999789, 74.15143637488998252, 3.000000000000000000 ) ) ;
#3971 = ORIENTED_EDGE ( 'NONE', *, *, #7557, .T. ) ;
#3972 = LINE ( 'NONE', #7405, #5437 ) ;
#3973 = ORIENTED_EDGE ( 'NONE', *, *, #6439, .F. ) ;
#3974 = DIRECTION ( 'NONE',  ( 1.000000000000000000, 0.000000000000000000, 0.000000000000000000 ) ) ;
#3975 = DIRECTION ( 'NONE',  ( 0.000000000000000000, 0.000000000000000000, -1.000000000000000000 ) ) ;
#3976 = LINE ( 'NONE', #1778, #7639 ) ;
#3977 = PLANE ( 'NONE',  #2560 ) ;
#3978 = DIRECTION ( 'NONE',  ( 0.0001161624429838006324, -0.9999999932531280500, 1.757488007574429971E-07 ) ) ;
#3979 = DIRECTION ( 'NONE',  ( -6.311429343820460109E-43, 5.433278725136842152E-39, -1.000000000000000000 ) ) ;
#3980 = ORIENTED_EDGE ( 'NONE', *, *, #1522, .T. ) ;
#3981 = ORIENTED_EDGE ( 'NONE', *, *, #670, .T. ) ;
#3982 = ADVANCED_FACE ( 'NONE', ( #3824 ), #7174, .T. ) ;
#3983 = DIRECTION ( 'NONE',  ( -0.000000000000000000, -0.000000000000000000, -1.000000000000000000 ) ) ;
#3984 = LINE ( 'NONE', #624, #6933 ) ;
#3985 = LINE ( 'NONE', #5470, #7895 ) ;
#3986 = DIRECTION ( 'NONE',  ( 0.000000000000000000, 0.000000000000000000, 1.000000000000000000 ) ) ;
#3987 = CARTESIAN_POINT ( 'NONE',  ( 2.314901507656654367, 45.89706199999999825, 1.500000000000014433 ) ) ;
#3988 = ORIENTED_EDGE ( 'NONE', *, *, #7690, .T. ) ;
#3989 = ADVANCED_FACE ( 'NONE', ( #6549 ), #8614, .F. ) ;
#3990 = EDGE_LOOP ( 'NONE', ( #8149, #6957, #3685, #5833, #2384, #6952, #5808, #8003 ) ) ;
#3991 = CARTESIAN_POINT ( 'NONE',  ( 29.45992963128577458, 108.1124854235292645, 0.000000000000000000 ) ) ;
#3992 = FACE_OUTER_BOUND ( 'NONE', #7565, .T. ) ;
#3993 = EDGE_CURVE ( 'NONE', #2840, #6553, #8119, .T. ) ;
#3994 = VERTEX_POINT ( 'NONE', #512 ) ;
#3995 = CARTESIAN_POINT ( 'NONE',  ( 33.46728115851296792, 44.82610663219202252, 1.319999999999899920 ) ) ;
#3996 = AXIS2_PLACEMENT_3D ( 'NONE', #1499, #746, #794 ) ;
#3997 = CYLINDRICAL_SURFACE ( 'NONE', #2737, 0.5000000000000019984 ) ;
#3998 = CIRCLE ( 'NONE', #8564, 0.5000000000000000000 ) ;
#3999 = EDGE_LOOP ( 'NONE', ( #5054, #6363, #6325, #3740 ) ) ;
#4000 = CIRCLE ( 'NONE', #3566, 0.5000000000000019984 ) ;
#4001 = ORIENTED_EDGE ( 'NONE', *, *, #967, .T. ) ;
#4002 = AXIS2_PLACEMENT_3D ( 'NONE', #2665, #6020, #8114 ) ;
#4003 = ORIENTED_EDGE ( 'NONE', *, *, #1803, .F. ) ;
#4004 = FACE_OUTER_BOUND ( 'NONE', #286, .T. ) ;
#4005 = VECTOR ( 'NONE', #1188, 1000.000000000000000 ) ;
#4006 = ORIENTED_EDGE ( 'NONE', *, *, #3552, .F. ) ;
#4007 = DIRECTION ( 'NONE',  ( 0.9999998850681162121, 0.0004794410854596671133, -0.000000000000000000 ) ) ;
#4008 = DIRECTION ( 'NONE',  ( -0.9999999932531438152, -0.0001161624401738173886, 0.000000000000000000 ) ) ;
#4009 = CARTESIAN_POINT ( 'NONE',  ( 30.46733925997362391, 44.32575814824492966, 3.000000000000000000 ) ) ;
#4010 = VERTEX_POINT ( 'NONE', #3194 ) ;
#4011 = EDGE_CURVE ( 'NONE', #4379, #7612, #2853, .T. ) ;
#4012 = VECTOR ( 'NONE', #5535, 1000.000000000000000 ) ;
#4013 = VERTEX_POINT ( 'NONE', #7353 ) ;
#4014 = LINE ( 'NONE', #609, #5528 ) ;
#4015 = ADVANCED_FACE ( 'NONE', ( #1136 ), #5189, .T. ) ;
#4016 = VERTEX_POINT ( 'NONE', #3871 ) ;
#4017 = VECTOR ( 'NONE', #7937, 1000.000000000000000 ) ;
#4018 = LINE ( 'NONE', #4600, #7274 ) ;
#4019 = EDGE_LOOP ( 'NONE', ( #5949, #8839, #7808, #6737 ) ) ;
#4020 = LINE ( 'NONE', #8806, #2568 ) ;
#4021 = CARTESIAN_POINT ( 'NONE',  ( 9.207803619999999967, 109.1027758360674795, 1.000000000000028644 ) ) ;
#4022 = CARTESIAN_POINT ( 'NONE',  ( 33.45992960429835250, 108.1129500732899373, 2.500000000000002220 ) ) ;
#4023 = VECTOR ( 'NONE', #1287, 1000.000000000000000 ) ;
#4024 = DIRECTION ( 'NONE',  ( -0.000000000000000000, 0.000000000000000000, 1.000000000000000000 ) ) ;
#4025 = DIRECTION ( 'NONE',  ( 2.938827022224868799E-16, -1.000000000000000000, 0.000000000000000000 ) ) ;
#4026 = ADVANCED_FACE ( 'NONE', ( #3242 ), #1178, .T. ) ;
#4027 = FACE_OUTER_BOUND ( 'NONE', #7671, .T. ) ;
#4028 = VECTOR ( 'NONE', #4090, 1000.000000000000114 ) ;
#4029 = VERTEX_POINT ( 'NONE', #8699 ) ;
#4030 = CIRCLE ( 'NONE', #2013, 1.999999999999998224 ) ;
#4031 = DIRECTION ( 'NONE',  ( -1.000000000000000000, 0.000000000000000000, 0.000000000000000000 ) ) ;
#4032 = ORIENTED_EDGE ( 'NONE', *, *, #561, .T. ) ;
#4033 = DIRECTION ( 'NONE',  ( 0.000000000000000000, 0.000000000000000000, 1.000000000000000000 ) ) ;
#4034 = CARTESIAN_POINT ( 'NONE',  ( 30.46849391462194490, 34.38575827562558374, 117.8988879368424563 ) ) ;
#4035 = DIRECTION ( 'NONE',  ( 1.000000000000000000, 0.000000000000000000, 0.000000000000000000 ) ) ;
#4036 = CIRCLE ( 'NONE', #182, 1.529999995682016056 ) ;
#4037 = CARTESIAN_POINT ( 'NONE',  ( 0.000000000000000000, 0.000000000000000000, 3.500000000000000000 ) ) ;
#4038 = CIRCLE ( 'NONE', #3892, 0.4999999999999993894 ) ;
#4039 = ORIENTED_EDGE ( 'NONE', *, *, #7276, .F. ) ;
#4040 = EDGE_CURVE ( 'NONE', #4583, #5960, #5837, .T. ) ;
#4041 = VECTOR ( 'NONE', #2703, 1000.000000000000000 ) ;
#4042 = ORIENTED_EDGE ( 'NONE', *, *, #2125, .F. ) ;
#4043 = CARTESIAN_POINT ( 'NONE',  ( 25.00780361999599677, 48.01559589207970902, 3.500000000000000000 ) ) ;
#4044 = CYLINDRICAL_SURFACE ( 'NONE', #1915, 0.5000000000000019984 ) ;
#4045 = EDGE_LOOP ( 'NONE', ( #1376, #34, #2648, #2495 ) ) ;
#4046 = CARTESIAN_POINT ( 'NONE',  ( 23.63280361999999712, 74.65143637488998252, 1.500000000000000000 ) ) ;
#4047 = DIRECTION ( 'NONE',  ( -1.000000000000000000, 0.000000000000000000, 0.000000000000000000 ) ) ;
#4048 = VERTEX_POINT ( 'NONE', #7854 ) ;
#4049 = VECTOR ( 'NONE', #8037, 1000.000000000000000 ) ;
#4050 = EDGE_CURVE ( 'NONE', #1818, #7185, #2526, .T. ) ;
#4051 = EDGE_CURVE ( 'NONE', #1969, #6682, #7981, .T. ) ;
#4052 = EDGE_LOOP ( 'NONE', ( #8464, #3698, #5753, #4228, #476 ) ) ;
#4053 = VERTEX_POINT ( 'NONE', #7903 ) ;
#4054 = LINE ( 'NONE', #8338, #4344 ) ;
#4055 = ORIENTED_EDGE ( 'NONE', *, *, #3088, .F. ) ;
#4056 = LINE ( 'NONE', #2025, #3120 ) ;
#4057 = DIRECTION ( 'NONE',  ( 0.000000000000000000, 1.000000000000000000, -0.000000000000000000 ) ) ;
#4058 = DIRECTION ( 'NONE',  ( -0.000000000000000000, -0.000000000000000000, -1.000000000000000000 ) ) ;
#4059 = VERTEX_POINT ( 'NONE', #3916 ) ;
#4060 = EDGE_CURVE ( 'NONE', #6529, #3890, #1716, .T. ) ;
#4061 = VECTOR ( 'NONE', #179, 1000.000000000000000 ) ;
#4062 = ORIENTED_EDGE ( 'NONE', *, *, #1614, .T. ) ;
#4063 = DIRECTION ( 'NONE',  ( 1.000000000000000000, 0.000000000000000000, 0.000000000000000000 ) ) ;
#4064 = ORIENTED_EDGE ( 'NONE', *, *, #6612, .F. ) ;
#4065 = ORIENTED_EDGE ( 'NONE', *, *, #4953, .T. ) ;
#4066 = CARTESIAN_POINT ( 'NONE',  ( 30.97017665203255632, 19.89999996626572454, -1.898419459999999948 ) ) ;
#4067 = CARTESIAN_POINT ( 'NONE',  ( 30.46849391462194490, 34.38575827562558374, 3.000000000000000000 ) ) ;
#4068 = DIRECTION ( 'NONE',  ( 0.000000000000000000, 1.000000000000000000, 0.000000000000000000 ) ) ;
#4069 = DIRECTION ( 'NONE',  ( 0.000000000000000000, -1.000000000000000000, 0.000000000000000000 ) ) ;
#4070 = DIRECTION ( 'NONE',  ( 4.371138811603728483E-08, -0.9999999999999991118, 0.000000000000000000 ) ) ;
#4071 = VECTOR ( 'NONE', #6727, 1000.000000000000227 ) ;
#4072 = VERTEX_POINT ( 'NONE', #6635 ) ;
#4073 = CARTESIAN_POINT ( 'NONE',  ( 30.46844399400058379, 34.81550666025629681, 0.07096245698405405367 ) ) ;
#4074 = VERTEX_POINT ( 'NONE', #1896 ) ;
#4075 = DIRECTION ( 'NONE',  ( 0.9999999999999962252, 8.742277705180319810E-08, 0.000000000000000000 ) ) ;
#4076 = CARTESIAN_POINT ( 'NONE',  ( 25.50780361999600032, 31.42291396461827091, 1.500000000000000000 ) ) ;
#4077 = FACE_OUTER_BOUND ( 'NONE', #8148, .T. ) ;
#4078 = DIRECTION ( 'NONE',  ( -0.9999999932531437041, -0.0001161624401737049704, 0.000000000000000000 ) ) ;
#4079 = CIRCLE ( 'NONE', #2787, 0.5000000000000000000 ) ;
#4080 = ADVANCED_FACE ( 'NONE', ( #550 ), #4457, .F. ) ;
#4081 = VECTOR ( 'NONE', #362, 1000.000000000000000 ) ;
#4082 = ORIENTED_EDGE ( 'NONE', *, *, #1380, .F. ) ;
#4083 = CIRCLE ( 'NONE', #2509, 0.5000000000000013323 ) ;
#4084 = CIRCLE ( 'NONE', #1360, 0.5000000000000004441 ) ;
#4085 = ORIENTED_EDGE ( 'NONE', *, *, #8255, .F. ) ;
#4086 = DIRECTION ( 'NONE',  ( 0.9999998850681162121, 0.0004794410854592401003, -0.000000000000000000 ) ) ;
#4087 = CARTESIAN_POINT ( 'NONE',  ( 26.64836102379999971, 90.40681127924000293, 1.500000000000000000 ) ) ;
#4088 = ORIENTED_EDGE ( 'NONE', *, *, #7065, .F. ) ;
#4089 = DIRECTION ( 'NONE',  ( 0.000000000000000000, 0.000000000000000000, 1.000000000000000000 ) ) ;
#4090 = DIRECTION ( 'NONE',  ( 1.192488222418004746E-08, -0.9999999999999998890, 0.000000000000000000 ) ) ;
#4091 = FACE_OUTER_BOUND ( 'NONE', #8396, .T. ) ;
#4092 = TOROIDAL_SURFACE ( 'NONE', #1509, 2.999999999999999112, 1.000000000000000000 ) ;
#4093 = AXIS2_PLACEMENT_3D ( 'NONE', #1545, #3700, #6483 ) ;
#4094 = EDGE_LOOP ( 'NONE', ( #5666, #1450, #1444, #6763, #4948, #3802, #4761, #2067, #6298, #5541, #7977, #1673, #5013, #7662, #4231, #6105, #4809, #3359, #959, #5239, #4476, #729, #4882, #2987, #7536, #6181, #5950, #6348, #8398, #4847 ) ) ;
#4095 = EDGE_LOOP ( 'NONE', ( #3821, #2298, #3060, #7050, #4274 ) ) ;
#4096 = CARTESIAN_POINT ( 'NONE',  ( 2.316504549380645095, 33.09706199999999399, 2.000000000000000888 ) ) ;
#4097 = EDGE_CURVE ( 'NONE', #7363, #4720, #6814, .T. ) ;
#4098 = VERTEX_POINT ( 'NONE', #1310 ) ;
#4099 = DIRECTION ( 'NONE',  ( 4.371138883555511949E-08, -0.9999999999999991118, 0.000000000000000000 ) ) ;
#4100 = CARTESIAN_POINT ( 'NONE',  ( 24.13280361999999712, 74.15143637488998252, 1.500000000000000000 ) ) ;
#4101 = CARTESIAN_POINT ( 'NONE',  ( 25.33782779072456393, -0.09999999403755860383, 2.500000000000000000 ) ) ;
#4102 = ORIENTED_EDGE ( 'NONE', *, *, #3332, .T. ) ;
#4103 = EDGE_LOOP ( 'NONE', ( #3915, #956, #3368, #3682 ) ) ;
#4104 = CARTESIAN_POINT ( 'NONE',  ( 22.05780361999999784, 48.25000098000001003, 3.500000000000000000 ) ) ;
#4105 = ORIENTED_EDGE ( 'NONE', *, *, #2947, .T. ) ;
#4106 = EDGE_CURVE ( 'NONE', #1463, #7530, #6147, .T. ) ;
#4107 = DIRECTION ( 'NONE',  ( 0.000000000000000000, -1.000000000000000000, 0.000000000000000000 ) ) ;
#4108 = DIRECTION ( 'NONE',  ( 0.9999999932531437041, 0.0001161624401737049704, 0.000000000000000000 ) ) ;
#4109 = ADVANCED_FACE ( 'NONE', ( #3467 ), #6708, .T. ) ;
#4110 = DIRECTION ( 'NONE',  ( -0.9999998850681161011, -0.0004794410854595739803, -0.000000000000000000 ) ) ;
#4111 = DIRECTION ( 'NONE',  ( 0.9999999932531438152, 0.0001161624401946340703, 0.000000000000000000 ) ) ;
#4112 = ORIENTED_EDGE ( 'NONE', *, *, #7276, .T. ) ;
#4113 = CYLINDRICAL_SURFACE ( 'NONE', #7220, 0.5000000000000004441 ) ;
#4114 = EDGE_LOOP ( 'NONE', ( #2247, #4991, #6371, #352 ) ) ;
#4115 = DIRECTION ( 'NONE',  ( 0.000000000000000000, -0.000000000000000000, -1.000000000000000000 ) ) ;
#4116 = DIRECTION ( 'NONE',  ( -0.9999999932531438152, -0.0001161624401737792789, 0.000000000000000000 ) ) ;
#4117 = CARTESIAN_POINT ( 'NONE',  ( 23.63280362000000068, 65.45000098000001287, 1.500000000000000000 ) ) ;
#4118 = CARTESIAN_POINT ( 'NONE',  ( 31.46571921995008125, 58.27214871167419119, -2.099999999999997424 ) ) ;
#4119 = VERTEX_POINT ( 'NONE', #5399 ) ;
#4120 = EDGE_CURVE ( 'NONE', #2095, #5889, #4726, .T. ) ;
#4121 = VERTEX_POINT ( 'NONE', #4683 ) ;
#4122 = DIRECTION ( 'NONE',  ( -0.000000000000000000, -0.000000000000000000, 1.000000000000000000 ) ) ;
#4123 = LINE ( 'NONE', #6310, #2352 ) ;
#4124 = EDGE_LOOP ( 'NONE', ( #3679, #6220, #7218, #5951 ) ) ;
#4125 = PLANE ( 'NONE',  #6979 ) ;
#4126 = CARTESIAN_POINT ( 'NONE',  ( 10.26479010925554469, 0.9000000000000002442, 117.8988879368424563 ) ) ;
#4127 = LINE ( 'NONE', #6850, #1294 ) ;
#4128 = DIRECTION ( 'NONE',  ( 0.0001161624429838006189, -0.9999999932531279390, 1.757488007574429706E-07 ) ) ;
#4129 = TOROIDAL_SURFACE ( 'NONE', #8130, 1.000000000000000000, 0.5000000000000000000 ) ;
#4130 = EDGE_LOOP ( 'NONE', ( #6548, #6382, #1783, #4896, #8537, #8693, #1048, #679, #5521, #859, #8065, #6794, #1726, #5043, #881, #1956 ) ) ;
#4131 = ORIENTED_EDGE ( 'NONE', *, *, #7561, .F. ) ;
#4132 = AXIS2_PLACEMENT_3D ( 'NONE', #6515, #6638, #5272 ) ;
#4133 = VERTEX_POINT ( 'NONE', #4778 ) ;
#4134 = CARTESIAN_POINT ( 'NONE',  ( -0.6849958735725000247, 45.34681361671248112, 1.469999999999999973 ) ) ;
#4135 = CARTESIAN_POINT ( 'NONE',  ( 30.26176240439854581, 30.92294876804114168, 1.500000000000014433 ) ) ;
#4136 = CIRCLE ( 'NONE', #4567, 0.5000000000000000000 ) ;
#4137 = DIRECTION ( 'NONE',  ( 0.000000000000000000, -0.000000000000000000, -1.000000000000000000 ) ) ;
#4138 = ORIENTED_EDGE ( 'NONE', *, *, #6991, .F. ) ;
#4139 = EDGE_CURVE ( 'NONE', #6059, #3647, #681, .T. ) ;
#4140 = AXIS2_PLACEMENT_3D ( 'NONE', #4685, #8571, #7226 ) ;
#4141 = EDGE_CURVE ( 'NONE', #8224, #1316, #4056, .T. ) ;
#4142 = ORIENTED_EDGE ( 'NONE', *, *, #5121, .F. ) ;
#4143 = VECTOR ( 'NONE', #563, 1000.000000000000000 ) ;
#4144 =( LENGTH_UNIT ( ) NAMED_UNIT ( * ) SI_UNIT ( .MILLI., .METRE. ) );
#4145 = ORIENTED_EDGE ( 'NONE', *, *, #3779, .T. ) ;
#4146 = EDGE_LOOP ( 'NONE', ( #6296, #6008, #287, #7537, #8737, #1645 ) ) ;
#4147 = DIRECTION ( 'NONE',  ( 0.0001161624429838024213, -0.9999999932531434821, 0.000000000000000000 ) ) ;
#4148 = DIRECTION ( 'NONE',  ( 4.371138883555511949E-08, -0.9999999999999991118, 0.000000000000000000 ) ) ;
#4149 = CARTESIAN_POINT ( 'NONE',  ( 26.64836102379999971, 96.42773413321998532, -19.25780817680636048 ) ) ;
#4150 = DIRECTION ( 'NONE',  ( 0.000000000000000000, 0.000000000000000000, 1.000000000000000000 ) ) ;
#4151 = CARTESIAN_POINT ( 'NONE',  ( 21.73782779072455895, -0.1000000059624400889, 2.500000000000000000 ) ) ;
#4152 = CIRCLE ( 'NONE', #4580, 1.000000000000000888 ) ;
#4153 = ADVANCED_FACE ( 'NONE', ( #7440 ), #6192, .F. ) ;
#4154 = EDGE_CURVE ( 'NONE', #2714, #2664, #8068, .T. ) ;
#4155 = EDGE_LOOP ( 'NONE', ( #3939, #1314, #5536, #2096 ) ) ;
#4156 = CARTESIAN_POINT ( 'NONE',  ( 0.8164464580384764858, 33.09706199999999399, 0.000000000000000000 ) ) ;
#4157 = ORIENTED_EDGE ( 'NONE', *, *, #6180, .T. ) ;
#4158 = AXIS2_PLACEMENT_3D ( 'NONE', #3124, #2992, #8593 ) ;
#4159 = DIRECTION ( 'NONE',  ( -0.0001161624401668776951, 0.9999999932531438152, 0.000000000000000000 ) ) ;
#4160 = CARTESIAN_POINT ( 'NONE',  ( 25.01992769182898613, 30.55000098000000364, 3.500000000000000000 ) ) ;
#4161 = CARTESIAN_POINT ( 'NONE',  ( 1.316504542633788910, 33.09706199999999399, 1.000000000000000888 ) ) ;
#4162 = VECTOR ( 'NONE', #4448, 1000.000000000000000 ) ;
#4163 = VECTOR ( 'NONE', #8625, 1000.000000000000000 ) ;
#4164 = EDGE_CURVE ( 'NONE', #3191, #6963, #2618, .T. ) ;
#4165 = ORIENTED_EDGE ( 'NONE', *, *, #464, .F. ) ;
#4166 = CIRCLE ( 'NONE', #7586, 3.000000000000001776 ) ;
#4167 = VERTEX_POINT ( 'NONE', #4820 ) ;
#4168 = CARTESIAN_POINT ( 'NONE',  ( 33.46724093441552128, 45.17238118633474642, -2.099999999999998757 ) ) ;
#4169 = CARTESIAN_POINT ( 'NONE',  ( 33.47226750586531807, 1.900464649760666536, -2.998419460000012471 ) ) ;
#4170 = VECTOR ( 'NONE', #8317, 999.9999999999998863 ) ;
#4171 = ORIENTED_EDGE ( 'NONE', *, *, #1541, .F. ) ;
#4172 = CARTESIAN_POINT ( 'NONE',  ( 1.807733987716097390, 108.0995911020051778, 117.8988879368424563 ) ) ;
#4173 = DIRECTION ( 'NONE',  ( -1.000000000000000000, 0.000000000000000000, -0.000000000000000000 ) ) ;
#4174 = DIRECTION ( 'NONE',  ( 1.000000000000000000, 0.000000000000000000, 0.000000000000000000 ) ) ;
#4175 = CARTESIAN_POINT ( 'NONE',  ( 29.96889616360573783, 30.92291474462045642, 1.500000000000000000 ) ) ;
#4176 = VECTOR ( 'NONE', #5730, 1000.000000000000000 ) ;
#4177 = ADVANCED_FACE ( 'NONE', ( #1355 ), #6102, .F. ) ;
#4178 = AXIS2_PLACEMENT_3D ( 'NONE', #243, #3774, #4399 ) ;
#4179 = EDGE_CURVE ( 'NONE', #4723, #7135, #5489, .T. ) ;
#4180 = EDGE_LOOP ( 'NONE', ( #1397, #892, #730, #7759 ) ) ;
#4181 = ORIENTED_EDGE ( 'NONE', *, *, #3268, .F. ) ;
#4182 = VERTEX_POINT ( 'NONE', #7397 ) ;
#4183 = CARTESIAN_POINT ( 'NONE',  ( 6.107803620000001210, 105.2000009799999987, 1.500000000000001332 ) ) ;
#4184 = CARTESIAN_POINT ( 'NONE',  ( 1.314901500909796850, 46.39706200000000536, 1.000000000000000888 ) ) ;
#4185 = CYLINDRICAL_SURFACE ( 'NONE', #5020, 0.5000000000000004441 ) ;
#4186 = ORIENTED_EDGE ( 'NONE', *, *, #4139, .T. ) ;
#4187 = EDGE_CURVE ( 'NONE', #7149, #6059, #8663, .T. ) ;
#4188 = AXIS2_PLACEMENT_3D ( 'NONE', #3795, #1950, #8580 ) ;
#4189 = VERTEX_POINT ( 'NONE', #8260 ) ;
#4190 = VECTOR ( 'NONE', #5945, 1000.000000000000000 ) ;
#4191 = CARTESIAN_POINT ( 'NONE',  ( 15.70325953999999946, 0.000000000000000000, 1.999999999999998224 ) ) ;
#4192 = VERTEX_POINT ( 'NONE', #1398 ) ;
#4193 = ORIENTED_EDGE ( 'NONE', *, *, #1102, .T. ) ;
#4194 = CARTESIAN_POINT ( 'NONE',  ( 24.50780361999600032, 31.42291396461827091, 3.000000000000000000 ) ) ;
#4195 = DIRECTION ( 'NONE',  ( -0.000000000000000000, -0.000000000000000000, -1.000000000000000000 ) ) ;
#4196 = DIRECTION ( 'NONE',  ( 0.0001161624401737789401, -0.9999999932531438152, 0.000000000000000000 ) ) ;
#4197 = CARTESIAN_POINT ( 'NONE',  ( 31.47226751935902556, 1.900232324880361201, 122.8571184009966686 ) ) ;
#4198 = DIRECTION ( 'NONE',  ( 0.000000000000000000, -0.000000000000000000, 1.000000000000000000 ) ) ;
#4199 = AXIS2_PLACEMENT_3D ( 'NONE', #233, #1648, #4387 ) ;
#4200 = ORIENTED_EDGE ( 'NONE', *, *, #1380, .T. ) ;
#4201 = CARTESIAN_POINT ( 'NONE',  ( 0.000000000000000000, 96.92773413321998532, -19.25780817680636048 ) ) ;
#4202 = EDGE_LOOP ( 'NONE', ( #368, #6624, #5428, #8524, #8539, #304, #4062, #3294 ) ) ;
#4203 = DIRECTION ( 'NONE',  ( -0.9999999932531439262, -0.0001161624401737789536, 0.000000000000000000 ) ) ;
#4204 = CARTESIAN_POINT ( 'NONE',  ( 9.207803619999998190, 109.1027758360674795, 1.000000000000000000 ) ) ;
#4205 = EDGE_CURVE ( 'NONE', #3531, #1143, #2108, .T. ) ;
#4206 = DIRECTION ( 'NONE',  ( -0.0001161624401737789265, 0.9999999932531437041, -0.000000000000000000 ) ) ;
#4207 = DIRECTION ( 'NONE',  ( 0.000000000000000000, 0.000000000000000000, -1.000000000000000000 ) ) ;
#4208 = AXIS2_PLACEMENT_3D ( 'NONE', #5914, #500, #632 ) ;
#4209 = VERTEX_POINT ( 'NONE', #1446 ) ;
#4210 = DIRECTION ( 'NONE',  ( 0.000000000000000000, 0.000000000000000000, 1.000000000000000000 ) ) ;
#4211 = CARTESIAN_POINT ( 'NONE',  ( -1.194089333251364682, 13.59624537389095877, -2.098419372125607030 ) ) ;
#4212 = EDGE_CURVE ( 'NONE', #7252, #5430, #7691, .T. ) ;
#4213 = EDGE_LOOP ( 'NONE', ( #6110, #2504, #6425, #2700 ) ) ;
#4214 = EDGE_CURVE ( 'NONE', #6913, #1657, #569, .T. ) ;
#4215 = AXIS2_PLACEMENT_3D ( 'NONE', #5974, #5137, #2439 ) ;
#4216 = DIRECTION ( 'NONE',  ( 0.000000000000000000, 0.000000000000000000, 1.000000000000000000 ) ) ;
#4217 = FACE_OUTER_BOUND ( 'NONE', #3523, .T. ) ;
#4218 = EDGE_CURVE ( 'NONE', #5960, #610, #3006, .T. ) ;
#4219 = CARTESIAN_POINT ( 'NONE',  ( -1.181230211891727055, 13.09624686426449180, -2.098419372125607030 ) ) ;
#4220 = LINE ( 'NONE', #2785, #2416 ) ;
#4221 = AXIS2_PLACEMENT_3D ( 'NONE', #5251, #2547, #2463 ) ;
#4222 = EDGE_LOOP ( 'NONE', ( #2639, #1011, #3503, #5798 ) ) ;
#4223 = VERTEX_POINT ( 'NONE', #5661 ) ;
#4224 = VERTEX_POINT ( 'NONE', #4225 ) ;
#4225 = CARTESIAN_POINT ( 'NONE',  ( 8.632803620000000677, 64.45000097999999866, 3.500000000000000000 ) ) ;
#4226 = LINE ( 'NONE', #4950, #1584 ) ;
#4227 = FACE_OUTER_BOUND ( 'NONE', #6270, .T. ) ;
#4228 = ORIENTED_EDGE ( 'NONE', *, *, #2506, .F. ) ;
#4229 = ADVANCED_FACE ( 'NONE', ( #6235 ), #5574, .T. ) ;
#4230 = ADVANCED_FACE ( 'NONE', ( #8478 ), #1524, .T. ) ;
#4231 = ORIENTED_EDGE ( 'NONE', *, *, #3817, .F. ) ;
#4232 = CARTESIAN_POINT ( 'NONE',  ( 10.26479008739985233, 1.400000000000000133, 1.000000000000000888 ) ) ;
#4233 = VECTOR ( 'NONE', #8033, 1000.000000000000000 ) ;
#4234 = ORIENTED_EDGE ( 'NONE', *, *, #8264, .T. ) ;
#4235 = VERTEX_POINT ( 'NONE', #860 ) ;
#4236 = ADVANCED_FACE ( 'NONE', ( #122 ), #2256, .T. ) ;
#4237 = DIRECTION ( 'NONE',  ( -1.000000000000000000, 0.000000000000000000, -0.000000000000000000 ) ) ;
#4238 = EDGE_CURVE ( 'NONE', #4223, #8706, #944, .T. ) ;
#4239 = PLANE ( 'NONE',  #6030 ) ;
#4240 = FACE_OUTER_BOUND ( 'NONE', #7432, .T. ) ;
#4241 = CARTESIAN_POINT ( 'NONE',  ( 8.132803620000000677, 0.000000000000000000, 1.500000000000000000 ) ) ;
#4242 = CARTESIAN_POINT ( 'NONE',  ( -0.6807946061175048635, 9.346305087335236905, -1.598418713067616848 ) ) ;
#4243 = EDGE_LOOP ( 'NONE', ( #5495, #4935, #7169, #4102, #6331, #3424, #2129, #192 ) ) ;
#4244 = CARTESIAN_POINT ( 'NONE',  ( 2.820070398492484642, 0.9000000000000005773, 117.8988879368424563 ) ) ;
#4245 = ORIENTED_EDGE ( 'NONE', *, *, #336, .T. ) ;
#4246 = CARTESIAN_POINT ( 'NONE',  ( 5.607803620000017197, 8.242592564261618527E-16, 0.000000000000000000 ) ) ;
#4247 = DIRECTION ( 'NONE',  ( -0.9999999932531434821, -0.0001161624429840690809, 0.000000000000000000 ) ) ;
#4248 = LINE ( 'NONE', #665, #4955 ) ;
#4249 = DIRECTION ( 'NONE',  ( 0.0001161624401668785082, -0.9999999932531439262, -1.387698167533508269E-14 ) ) ;
#4250 = LINE ( 'NONE', #2984, #3459 ) ;
#4251 = EDGE_CURVE ( 'NONE', #8256, #7215, #6448, .T. ) ;
#4252 = ADVANCED_FACE ( 'NONE', ( #6949 ), #5618, .F. ) ;
#4253 = ORIENTED_EDGE ( 'NONE', *, *, #7873, .T. ) ;
#4254 = EDGE_CURVE ( 'NONE', #6813, #4016, #6276, .T. ) ;
#4255 = CARTESIAN_POINT ( 'NONE',  ( 19.74645814650588704, -0.09999999999999982514, 1.500000000000001332 ) ) ;
#4256 = CARTESIAN_POINT ( 'NONE',  ( 8.632803620000000677, 65.45000098000001287, 3.000000000000000000 ) ) ;
#4257 = LINE ( 'NONE', #6133, #6496 ) ;
#4258 = LINE ( 'NONE', #7063, #4565 ) ;
#4259 = CARTESIAN_POINT ( 'NONE',  ( 2.307733984342670297, 108.0996491832266599, 1.000000000000000888 ) ) ;
#4260 = CARTESIAN_POINT ( 'NONE',  ( 7.632803619999999789, 74.15143637488998252, 3.500000000000000000 ) ) ;
#4261 = ADVANCED_FACE ( 'NONE', ( #1565 ), #6283, .T. ) ;
#4262 = ADVANCED_FACE ( 'NONE', ( #4398 ), #5032, .F. ) ;
#4263 = VERTEX_POINT ( 'NONE', #4949 ) ;
#4264 = CYLINDRICAL_SURFACE ( 'NONE', #4432, 0.5000000000000000000 ) ;
#4265 = ORIENTED_EDGE ( 'NONE', *, *, #4640, .T. ) ;
#4266 = CARTESIAN_POINT ( 'NONE',  ( 30.45992962453891906, 108.1126015859694292, 117.8988879368424563 ) ) ;
#4267 = DIRECTION ( 'NONE',  ( 1.000000000000000000, 0.000000000000000000, 0.000000000000000000 ) ) ;
#4268 = CARTESIAN_POINT ( 'NONE',  ( 22.23782773732521534, 4.377977035278656004, 1.500000000000000000 ) ) ;
#4269 = VERTEX_POINT ( 'NONE', #7665 ) ;
#4270 = CIRCLE ( 'NONE', #1546, 0.5000000000000004441 ) ;
#4271 = ORIENTED_EDGE ( 'NONE', *, *, #2514, .F. ) ;
#4272 = VERTEX_POINT ( 'NONE', #6403 ) ;
#4273 = VECTOR ( 'NONE', #8470, 1000.000000000000000 ) ;
#4274 = ORIENTED_EDGE ( 'NONE', *, *, #80, .F. ) ;
#4275 = DIRECTION ( 'NONE',  ( -0.000000000000000000, -0.000000000000000000, -1.000000000000000000 ) ) ;
#4276 = DIRECTION ( 'NONE',  ( 1.000000000000000000, 0.000000000000000000, 0.000000000000000000 ) ) ;
#4277 = DIRECTION ( 'NONE',  ( 0.9999999932531439262, 0.0001161624401737789401, -0.000000000000000000 ) ) ;
#4278 = DIRECTION ( 'NONE',  ( -0.0001161624429836786326, 0.9999999932531434821, 0.000000000000000000 ) ) ;
#4279 = DIRECTION ( 'NONE',  ( 0.000000000000000000, 0.000000000000000000, 1.000000000000000000 ) ) ;
#4280 = VECTOR ( 'NONE', #1669, 1000.000000000000000 ) ;
#4281 = TOROIDAL_SURFACE ( 'NONE', #423, 1.000000000000000000, 0.5000000000000000000 ) ;
#4282 = ADVANCED_FACE ( 'NONE', ( #6364 ), #3507, .F. ) ;
#4283 = EDGE_CURVE ( 'NONE', #2725, #7641, #2241, .T. ) ;
#4284 = ORIENTED_EDGE ( 'NONE', *, *, #4834, .F. ) ;
#4285 = CARTESIAN_POINT ( 'NONE',  ( 2.820070398492477537, 1.900000000000000577, -3.998419459999999592 ) ) ;
#4286 = ORIENTED_EDGE ( 'NONE', *, *, #493, .F. ) ;
#4287 = TOROIDAL_SURFACE ( 'NONE', #4140, 1.000000000000000000, 0.5000000000000000000 ) ;
#4288 = DIRECTION ( 'NONE',  ( 1.000000000000000000, 0.000000000000000000, 0.000000000000000000 ) ) ;
#4289 = CARTESIAN_POINT ( 'NONE',  ( 25.00780361999599677, 48.01559589207970902, 3.000000000000000000 ) ) ;
#4290 = CARTESIAN_POINT ( 'NONE',  ( -0.6807365248858050499, 8.846305002834265352, -1.496672395567841588E-19 ) ) ;
#4291 = ADVANCED_FACE ( 'NONE', ( #2959 ), #8434, .T. ) ;
#4292 = VECTOR ( 'NONE', #5696, 1000.000000000000000 ) ;
#4293 = CARTESIAN_POINT ( 'NONE',  ( 30.46883807901182450, 31.42297282583039930, 3.000000000000000000 ) ) ;
#4294 = DIRECTION ( 'NONE',  ( -1.000000000000000000, 0.000000000000000000, 0.000000000000000000 ) ) ;
#4295 = VECTOR ( 'NONE', #2276, 1000.000000000000000 ) ;
#4296 = ORIENTED_EDGE ( 'NONE', *, *, #5684, .T. ) ;
#4297 = DIRECTION ( 'NONE',  ( -0.9999999932531434821, -0.0001161624429837051277, -7.965459555662263154E-59 ) ) ;
#4298 = CARTESIAN_POINT ( 'NONE',  ( 2.820070398492491304, 0.9000000000000002442, 117.8988879368424563 ) ) ;
#4299 = LINE ( 'NONE', #7018, #784 ) ;
#4300 = AXIS2_PLACEMENT_3D ( 'NONE', #8649, #544, #1089 ) ;
#4301 = DIRECTION ( 'NONE',  ( 0.000000000000000000, -0.000000000000000000, -1.000000000000000000 ) ) ;
#4302 = AXIS2_PLACEMENT_3D ( 'NONE', #800, #186, #8369 ) ;
#4303 = CARTESIAN_POINT ( 'NONE',  ( 9.557803620000001388, 48.25000098000001003, 1.500000000000000000 ) ) ;
#4304 = DIRECTION ( 'NONE',  ( 0.0001161624401737789401, -0.9999999932531438152, -1.019625874285714176E-16 ) ) ;
#4305 = VECTOR ( 'NONE', #4616, 1000.000000000000227 ) ;
#4306 = VECTOR ( 'NONE', #2854, 1000.000000000000000 ) ;
#4307 = ORIENTED_EDGE ( 'NONE', *, *, #6929, .F. ) ;
#4308 = DIRECTION ( 'NONE',  ( 1.000000000000000000, 0.000000000000000000, 0.000000000000000000 ) ) ;
#4309 = LINE ( 'NONE', #5616, #8784 ) ;
#4310 = ORIENTED_EDGE ( 'NONE', *, *, #262, .T. ) ;
#4311 = DIRECTION ( 'NONE',  ( 0.9999999999999998890, 1.192488117318334991E-08, 0.000000000000000000 ) ) ;
#4312 = DIRECTION ( 'NONE',  ( -0.9999998850681162121, -0.0004794410854505797644, 0.000000000000000000 ) ) ;
#4313 = VECTOR ( 'NONE', #4932, 1000.000000000000000 ) ;
#4314 = EDGE_CURVE ( 'NONE', #2581, #806, #6625, .T. ) ;
#4315 = DIRECTION ( 'NONE',  ( -3.576220230030157874E-16, 1.000000000000000000, 0.000000000000000000 ) ) ;
#4316 = EDGE_CURVE ( 'NONE', #5817, #7103, #7841, .T. ) ;
#4317 = ORIENTED_EDGE ( 'NONE', *, *, #1243, .T. ) ;
#4318 = TOROIDAL_SURFACE ( 'NONE', #3311, 0.5000000000000000000, 0.5000000000000000000 ) ;
#4319 = ORIENTED_EDGE ( 'NONE', *, *, #312, .F. ) ;
#4320 = AXIS2_PLACEMENT_3D ( 'NONE', #528, #5373, #8044 ) ;
#4321 = EDGE_LOOP ( 'NONE', ( #6413, #7672, #379, #4165 ) ) ;
#4322 = CYLINDRICAL_SURFACE ( 'NONE', #7802, 1.000000000000001332 ) ;
#4323 = VERTEX_POINT ( 'NONE', #4496 ) ;
#4324 = CIRCLE ( 'NONE', #8028, 2.000000000000000888 ) ;
#4325 = ORIENTED_EDGE ( 'NONE', *, *, #4316, .T. ) ;
#4326 = CARTESIAN_POINT ( 'NONE',  ( 29.45992963128577458, 108.1124854235292645, 1.000000000000000888 ) ) ;
#4327 = CARTESIAN_POINT ( 'NONE',  ( 0.000000000000000000, 6.550000980000000084, 3.000000000000000000 ) ) ;
#4328 = CARTESIAN_POINT ( 'NONE',  ( 30.97017665203255632, 19.89999996626572454, 3.426814665646245039 ) ) ;
#4329 = ADVANCED_FACE ( 'NONE', ( #2475 ), #5916, .F. ) ;
#4330 = CYLINDRICAL_SURFACE ( 'NONE', #1267, 0.5000000000000004441 ) ;
#4331 = CARTESIAN_POINT ( 'NONE',  ( 1.807733987716098722, 108.0995911020051778, 1.000000000000000888 ) ) ;
#4332 = ADVANCED_FACE ( 'NONE', ( #372 ), #3772, .F. ) ;
#4333 = VECTOR ( 'NONE', #7917, 1000.000000000000000 ) ;
#4334 = VERTEX_POINT ( 'NONE', #8605 ) ;
#4335 = DIRECTION ( 'NONE',  ( 0.9999999932531434821, 0.0001161624429837051142, -7.363465796571157976E-59 ) ) ;
#4336 = CARTESIAN_POINT ( 'NONE',  ( 0.8202910825731496436, 9.528701675244908914E-05, 2.500000000000000000 ) ) ;
#4337 = EDGE_LOOP ( 'NONE', ( #6211, #7539, #2156, #1551, #5042 ) ) ;
#4338 = CARTESIAN_POINT ( 'NONE',  ( 30.47226753285274015, 1.900000000000000133, 0.9999999999999731326 ) ) ;
#4339 = DIRECTION ( 'NONE',  ( 0.000000000000000000, 0.000000000000000000, 1.000000000000000000 ) ) ;
#4340 = DIRECTION ( 'NONE',  ( 0.000000000000000000, -0.000000000000000000, -1.000000000000000000 ) ) ;
#4341 = AXIS2_PLACEMENT_3D ( 'NONE', #7458, #3978, #7504 ) ;
#4342 = CARTESIAN_POINT ( 'NONE',  ( 10.26479015296693476, -0.1000000218556934412, 2.500000000000000000 ) ) ;
#4343 = CARTESIAN_POINT ( 'NONE',  ( 32.96728116188639746, 44.82604855097194019, 1.319999999999899920 ) ) ;
#4344 = VECTOR ( 'NONE', #6772, 1000.000000000000114 ) ;
#4345 = EDGE_LOOP ( 'NONE', ( #762, #2825, #4777, #3924, #7227, #7160, #5924, #8485, #3653, #1916 ) ) ;
#4346 = CARTESIAN_POINT ( 'NONE',  ( 26.79953695333333386, 30.48645758523603533, 3.495945800447862961 ) ) ;
#4347 = LINE ( 'NONE', #4482, #4081 ) ;
#4348 = EDGE_CURVE ( 'NONE', #2341, #4966, #5126, .T. ) ;
#4349 = DIRECTION ( 'NONE',  ( 1.000000000000000000, 0.000000000000000000, 0.000000000000000000 ) ) ;
#4350 = AXIS2_PLACEMENT_3D ( 'NONE', #2331, #8556, #1751 ) ;
#4351 = AXIS2_PLACEMENT_3D ( 'NONE', #3151, #1180, #7257 ) ;
#4352 = AXIS2_PLACEMENT_3D ( 'NONE', #897, #1650, #7878 ) ;
#4353 = ORIENTED_EDGE ( 'NONE', *, *, #7173, .T. ) ;
#4354 = CARTESIAN_POINT ( 'NONE',  ( 2.807733980969242094, 108.0997072644481563, -2.998419460000012471 ) ) ;
#4355 = CARTESIAN_POINT ( 'NONE',  ( -1.196679814850944990, 35.89675417488197695, 1.469999999999999973 ) ) ;
#4356 = DIRECTION ( 'NONE',  ( 0.000000000000000000, -0.000000000000000000, -1.000000000000000000 ) ) ;
#4357 = DIRECTION ( 'NONE',  ( 0.9999999932531434821, 0.0001161624429836354000, 0.000000000000000000 ) ) ;
#4358 = VERTEX_POINT ( 'NONE', #2520 ) ;
#4359 = AXIS2_PLACEMENT_3D ( 'NONE', #4508, #3244, #8701 ) ;
#4360 = AXIS2_PLACEMENT_3D ( 'NONE', #1201, #578, #5380 ) ;
#4361 = ORIENTED_EDGE ( 'NONE', *, *, #8692, .F. ) ;
#4362 = EDGE_CURVE ( 'NONE', #2577, #3994, #6594, .T. ) ;
#4363 = ORIENTED_EDGE ( 'NONE', *, *, #4461, .F. ) ;
#4364 = ORIENTED_EDGE ( 'NONE', *, *, #4106, .F. ) ;
#4365 = VECTOR ( 'NONE', #4926, 1000.000000000000000 ) ;
#4366 = VERTEX_POINT ( 'NONE', #7212 ) ;
#4367 = DIRECTION ( 'NONE',  ( 0.9999999999999998890, 1.192488117318334991E-08, 0.000000000000000000 ) ) ;
#4368 = AXIS2_PLACEMENT_3D ( 'NONE', #5246, #2453, #1821 ) ;
#4369 = CARTESIAN_POINT ( 'NONE',  ( 30.46883807901182450, 31.42297282583039930, 117.8988879368424563 ) ) ;
#4370 = DIRECTION ( 'NONE',  ( -0.000000000000000000, -0.000000000000000000, 1.000000000000000000 ) ) ;
#4371 = CARTESIAN_POINT ( 'NONE',  ( -1.180794602733868714, 9.346246918239344836, -2.098418713067609076 ) ) ;
#4372 = ORIENTED_EDGE ( 'NONE', *, *, #4179, .F. ) ;
#4373 = AXIS2_PLACEMENT_3D ( 'NONE', #7856, #1225, #5314 ) ;
#4374 = ADVANCED_FACE ( 'NONE', ( #5222, #1087, #7936, #3815 ), #3722, .T. ) ;
#4375 = ORIENTED_EDGE ( 'NONE', *, *, #7757, .F. ) ;
#4376 = CARTESIAN_POINT ( 'NONE',  ( 21.70540192195172580, 53.26418071516103936, 1.500000000000001332 ) ) ;
#4377 = EDGE_LOOP ( 'NONE', ( #3283, #266, #3493, #7608 ) ) ;
#4378 = DIRECTION ( 'NONE',  ( 0.0001161624429838024349, -0.9999999932531434821, 0.000000000000000000 ) ) ;
#4379 = VERTEX_POINT ( 'NONE', #5304 ) ;
#4380 = CARTESIAN_POINT ( 'NONE',  ( 9.207803619999998190, 110.1025362304291093, 0.000000000000000000 ) ) ;
#4381 = DIRECTION ( 'NONE',  ( 2.822541199282332750E-09, -2.821885528895820386E-09, 1.000000000000000000 ) ) ;
#4382 = CYLINDRICAL_SURFACE ( 'NONE', #2660, 0.5000000000000000000 ) ;
#4383 = DIRECTION ( 'NONE',  ( 0.000000000000000000, 0.000000000000000000, 1.000000000000000000 ) ) ;
#4384 = CARTESIAN_POINT ( 'NONE',  ( -1.183854716683140129, 35.68964888209285391, -0.2371067811865473773 ) ) ;
#4385 = EDGE_LOOP ( 'NONE', ( #3864, #7760, #7799, #2167 ) ) ;
#4386 = ORIENTED_EDGE ( 'NONE', *, *, #726, .F. ) ;
#4387 = DIRECTION ( 'NONE',  ( 1.000000000000000000, 0.000000000000000000, 0.000000000000000000 ) ) ;
#4388 = FACE_OUTER_BOUND ( 'NONE', #8223, .T. ) ;
#4389 = FACE_OUTER_BOUND ( 'NONE', #5485, .T. ) ;
#4390 = CARTESIAN_POINT ( 'NONE',  ( 31.46718286668914644, 45.67214885808097335, -1.599999999999998757 ) ) ;
#4391 = DIRECTION ( 'NONE',  ( 0.000000000000000000, 0.000000000000000000, 1.000000000000000000 ) ) ;
#4392 = DIRECTION ( 'NONE',  ( 1.000000000000000000, -0.000000000000000000, -0.000000000000000000 ) ) ;
#4393 = EDGE_CURVE ( 'NONE', #6143, #3252, #7973, .T. ) ;
#4394 = EDGE_LOOP ( 'NONE', ( #7889, #8662, #3138, #1187 ) ) ;
#4395 = CARTESIAN_POINT ( 'NONE',  ( 31.46825809812263230, 36.41587441489029686, -0.2100000000001019107 ) ) ;
#4396 = CARTESIAN_POINT ( 'NONE',  ( 1.816504539260360040, 32.59712008122149030, 1.292893218813453204 ) ) ;
#4397 = ORIENTED_EDGE ( 'NONE', *, *, #218, .T. ) ;
#4398 = FACE_OUTER_BOUND ( 'NONE', #2197, .T. ) ;
#4399 = DIRECTION ( 'NONE',  ( 1.000000000000000000, 0.000000000000000000, 0.000000000000000000 ) ) ;
#4400 = CARTESIAN_POINT ( 'NONE',  ( 23.63280361999999712, 74.65143637488998252, 3.500000000000000000 ) ) ;
#4401 = ORIENTED_EDGE ( 'NONE', *, *, #138, .F. ) ;
#4402 = EDGE_LOOP ( 'NONE', ( #622, #1539, #20, #8565 ) ) ;
#4403 = ORIENTED_EDGE ( 'NONE', *, *, #6420, .T. ) ;
#4404 = DIRECTION ( 'NONE',  ( -0.0001161624401668776951, 0.9999999932531438152, 0.000000000000000000 ) ) ;
#4405 = EDGE_LOOP ( 'NONE', ( #5626, #4171, #5580, #4131 ) ) ;
#4406 = DIRECTION ( 'NONE',  ( 0.000000000000000000, 0.000000000000000000, 1.000000000000000000 ) ) ;
#4407 = DIRECTION ( 'NONE',  ( 0.000000000000000000, -0.000000000000000000, -1.000000000000000000 ) ) ;
#4408 = CARTESIAN_POINT ( 'NONE',  ( -0.04559405568151975868, 95.09833809741422783, 3.426814665646245039 ) ) ;
#4409 = PLANE ( 'NONE',  #5151 ) ;
#4410 = ORIENTED_EDGE ( 'NONE', *, *, #8361, .T. ) ;
#4411 = EDGE_CURVE ( 'NONE', #6317, #4454, #8688, .T. ) ;
#4412 = EDGE_CURVE ( 'NONE', #3721, #8771, #2381, .T. ) ;
#4413 = VECTOR ( 'NONE', #7293, 1000.000000000000000 ) ;
#4414 = VERTEX_POINT ( 'NONE', #3049 ) ;
#4415 = CARTESIAN_POINT ( 'NONE',  ( -1.192266019030759683, 108.0997072644481563, 122.8571184009966686 ) ) ;
#4416 = ORIENTED_EDGE ( 'NONE', *, *, #1999, .F. ) ;
#4417 = CARTESIAN_POINT ( 'NONE',  ( 2.807254539883781153, 109.0997071495162771, 1.000000000000000000 ) ) ;
#4418 = ORIENTED_EDGE ( 'NONE', *, *, #3400, .F. ) ;
#4419 = LINE ( 'NONE', #5725, #2613 ) ;
#4420 = DIRECTION ( 'NONE',  ( 1.000000000000000000, 0.000000000000000000, -2.822541245867113707E-09 ) ) ;
#4421 = DIRECTION ( 'NONE',  ( -0.0001161624429838024349, 0.9999999932531434821, -0.000000000000000000 ) ) ;
#4422 = CIRCLE ( 'NONE', #7558, 1.000000000000000888 ) ;
#4423 = VECTOR ( 'NONE', #5669, 1000.000000000000114 ) ;
#4424 = FACE_OUTER_BOUND ( 'NONE', #4405, .T. ) ;
#4425 = ADVANCED_FACE ( 'NONE', ( #4446 ), #8520, .T. ) ;
#4426 = TOROIDAL_SURFACE ( 'NONE', #6705, 0.5000000000000000000, 0.5000000000000000000 ) ;
#4427 = DIRECTION ( 'NONE',  ( -0.000000000000000000, 0.000000000000000000, 1.000000000000000000 ) ) ;
#4428 = EDGE_CURVE ( 'NONE', #7669, #4121, #1170, .T. ) ;
#4429 = AXIS2_PLACEMENT_3D ( 'NONE', #2486, #5236, #385 ) ;
#4430 = EDGE_LOOP ( 'NONE', ( #3481, #2031, #6499, #1807 ) ) ;
#4431 = ORIENTED_EDGE ( 'NONE', *, *, #862, .F. ) ;
#4432 = AXIS2_PLACEMENT_3D ( 'NONE', #1366, #818, #1606 ) ;
#4433 =( BOUNDED_CURVE ( )  B_SPLINE_CURVE ( 3, ( #3161, #6688, #3925, #3881 ),
 .UNSPECIFIED., .F., .F. ) 
 B_SPLINE_CURVE_WITH_KNOTS ( ( 4, 4 ),
 ( 3.141708816033037976, 4.712388980384689674 ),
 .UNSPECIFIED. ) 
 CURVE ( )  GEOMETRIC_REPRESENTATION_ITEM ( )  RATIONAL_B_SPLINE_CURVE ( ( 1.000000000000000000, 0.8047652330796708497, 0.8047652330796708497, 1.000000000000000000 ) ) 
 REPRESENTATION_ITEM ( '' )  );
#4434 = DIRECTION ( 'NONE',  ( -0.000000000000000000, 0.000000000000000000, 1.000000000000000000 ) ) ;
#4435 = DIRECTION ( 'NONE',  ( 0.0001161624401737789265, -0.9999999932531438152, -1.158689350071481811E-16 ) ) ;
#4436 = DIRECTION ( 'NONE',  ( 1.000000000000000000, 0.000000000000000000, 0.000000000000000000 ) ) ;
#4437 = AXIS2_PLACEMENT_3D ( 'NONE', #3374, #4729, #3509 ) ;
#4438 = LINE ( 'NONE', #3762, #448 ) ;
#4439 = DIRECTION ( 'NONE',  ( 0.0001161624401738165890, -0.9999999932531438152, 0.000000000000000000 ) ) ;
#4440 = EDGE_CURVE ( 'NONE', #6676, #8619, #6500, .T. ) ;
#4441 = ORIENTED_EDGE ( 'NONE', *, *, #7595, .F. ) ;
#4442 = DIRECTION ( 'NONE',  ( 0.000000000000000000, 0.000000000000000000, 1.000000000000000000 ) ) ;
#4443 = FACE_OUTER_BOUND ( 'NONE', #7580, .T. ) ;
#4444 = AXIS2_PLACEMENT_3D ( 'NONE', #5292, #4033, #8093 ) ;
#4445 = ORIENTED_EDGE ( 'NONE', *, *, #5263, .F. ) ;
#4446 = FACE_OUTER_BOUND ( 'NONE', #8438, .T. ) ;
#4447 = CARTESIAN_POINT ( 'NONE',  ( 29.45992963128577458, 108.1124854235292645, 0.000000000000000000 ) ) ;
#4448 = DIRECTION ( 'NONE',  ( -0.000000000000000000, -0.000000000000000000, -1.000000000000000000 ) ) ;
#4449 = VECTOR ( 'NONE', #4675, 1000.000000000000000 ) ;
#4450 = EDGE_CURVE ( 'NONE', #1938, #4016, #3184, .T. ) ;
#4451 = AXIS2_PLACEMENT_3D ( 'NONE', #4694, #5280, #5943 ) ;
#4452 = ORIENTED_EDGE ( 'NONE', *, *, #7846, .T. ) ;
#4453 = VERTEX_POINT ( 'NONE', #3906 ) ;
#4454 = VERTEX_POINT ( 'NONE', #3232 ) ;
#4455 = CARTESIAN_POINT ( 'NONE',  ( 32.46849390112823386, 34.38599060050592016, 3.000000000000000000 ) ) ;
#4456 = ORIENTED_EDGE ( 'NONE', *, *, #6360, .T. ) ;
#4457 = PLANE ( 'NONE',  #7859 ) ;
#4458 = FACE_OUTER_BOUND ( 'NONE', #7718, .T. ) ;
#4459 = DIRECTION ( 'NONE',  ( 1.000000000000000000, 0.000000000000000000, 0.000000000000000000 ) ) ;
#4460 = AXIS2_PLACEMENT_3D ( 'NONE', #6595, #5400, #6021 ) ;
#4461 = EDGE_CURVE ( 'NONE', #8135, #8276, #7164, .T. ) ;
#4462 = ORIENTED_EDGE ( 'NONE', *, *, #8293, .T. ) ;
#4463 = AXIS2_PLACEMENT_3D ( 'NONE', #3842, #484, #2501 ) ;
#4464 = ORIENTED_EDGE ( 'NONE', *, *, #193, .F. ) ;
#4465 = AXIS2_PLACEMENT_3D ( 'NONE', #781, #6236, #8835 ) ;
#4466 = DIRECTION ( 'NONE',  ( -0.0001161624401668776951, 0.9999999932531438152, 0.000000000000000000 ) ) ;
#4467 = ORIENTED_EDGE ( 'NONE', *, *, #6799, .F. ) ;
#4468 = DIRECTION ( 'NONE',  ( -0.9999998850681161011, -0.0004794410854595740346, -0.000000000000000000 ) ) ;
#4469 = VERTEX_POINT ( 'NONE', #8205 ) ;
#4470 = LINE ( 'NONE', #4380, #6487 ) ;
#4471 = PLANE ( 'NONE',  #2366 ) ;
#4472 = DIRECTION ( 'NONE',  ( -0.9999998850681161011, -0.0004794410854595739803, 0.000000000000000000 ) ) ;
#4473 = AXIS2_PLACEMENT_3D ( 'NONE', #7777, #1678, #3572 ) ;
#4474 = AXIS2_PLACEMENT_3D ( 'NONE', #1510, #4249, #6970 ) ;
#4475 = CARTESIAN_POINT ( 'NONE',  ( 32.96751697163894335, 42.79604857330403433, -0.7100000000001001066 ) ) ;
#4476 = ORIENTED_EDGE ( 'NONE', *, *, #4097, .T. ) ;
#4477 = EDGE_LOOP ( 'NONE', ( #6823, #7495, #4774, #649 ) ) ;
#4478 = ADVANCED_FACE ( 'NONE', ( #6669 ), #4125, .T. ) ;
#4479 = VECTOR ( 'NONE', #4070, 1000.000000000000000 ) ;
#4480 = DIRECTION ( 'NONE',  ( -0.000000000000000000, -0.000000000000000000, -1.000000000000000000 ) ) ;
#4481 = FACE_OUTER_BOUND ( 'NONE', #6061, .T. ) ;
#4482 = CARTESIAN_POINT ( 'NONE',  ( 21.73782779072455895, -0.1000000059624400750, 0.000000000000000000 ) ) ;
#4483 = DIRECTION ( 'NONE',  ( -0.000000000000000000, -0.000000000000000000, -1.000000000000000000 ) ) ;
#4484 = LINE ( 'NONE', #8597, #8167 ) ;
#4485 = DIRECTION ( 'NONE',  ( -1.000000000000000000, 0.000000000000000000, 0.000000000000000000 ) ) ;
#4486 = VECTOR ( 'NONE', #4297, 999.9999999999998863 ) ;
#4487 = FACE_OUTER_BOUND ( 'NONE', #5243, .T. ) ;
#4488 = EDGE_CURVE ( 'NONE', #2008, #5716, #2610, .T. ) ;
#4489 = EDGE_CURVE ( 'NONE', #913, #4224, #549, .T. ) ;
#4490 = EDGE_LOOP ( 'NONE', ( #1306, #4623, #5268, #6507 ) ) ;
#4491 = CARTESIAN_POINT ( 'NONE',  ( 32.46849390112823386, 34.38599060050595568, 2.500000000000002220 ) ) ;
#4492 = CARTESIAN_POINT ( 'NONE',  ( 2.320070401865905740, 1.899941918778506711, 1.500000000000000000 ) ) ;
#4493 = EDGE_CURVE ( 'NONE', #5941, #2941, #5988, .T. ) ;
#4494 = VECTOR ( 'NONE', #5769, 999.9999999999998863 ) ;
#4495 = ORIENTED_EDGE ( 'NONE', *, *, #1437, .F. ) ;
#4496 = CARTESIAN_POINT ( 'NONE',  ( 0.8149595787582519790, 45.89706200000000536, 0.000000000000000000 ) ) ;
#4497 = CIRCLE ( 'NONE', #6770, 0.5000000000000019984 ) ;
#4498 = CARTESIAN_POINT ( 'NONE',  ( 10.05780362000000139, 48.25000098000001003, 1.500000000000000000 ) ) ;
#4499 = DIRECTION ( 'NONE',  ( -0.0001161624401734631526, 0.9999999932531438152, 0.000000000000000000 ) ) ;
#4500 = ORIENTED_EDGE ( 'NONE', *, *, #7675, .T. ) ;
#4501 = TOROIDAL_SURFACE ( 'NONE', #8214, 3.000000000000001776, 1.000000000000000000 ) ;
#4502 = EDGE_LOOP ( 'NONE', ( #8439, #799, #4286, #6778 ) ) ;
#4503 = ORIENTED_EDGE ( 'NONE', *, *, #3487, .T. ) ;
#4504 = DIRECTION ( 'NONE',  ( 0.000000000000000000, 0.000000000000000000, 1.000000000000000000 ) ) ;
#4505 = ORIENTED_EDGE ( 'NONE', *, *, #7675, .F. ) ;
#4506 = DIRECTION ( 'NONE',  ( 0.000000000000000000, 0.000000000000000000, 1.000000000000000000 ) ) ;
#4507 = CARTESIAN_POINT ( 'NONE',  ( 31.46825809812203545, 36.41587442005164377, 1.319999995681911509 ) ) ;
#4508 = CARTESIAN_POINT ( 'NONE',  ( 5.132803619999998901, 29.55000098000000008, 3.500000000000000000 ) ) ;
#4509 = DIRECTION ( 'NONE',  ( 1.000000000000000000, 0.000000000000000000, 0.000000000000000000 ) ) ;
#4510 = ORIENTED_EDGE ( 'NONE', *, *, #6506, .T. ) ;
#4511 = ADVANCED_FACE ( 'NONE', ( #5349 ), #1688, .T. ) ;
#4512 = ORIENTED_EDGE ( 'NONE', *, *, #2935, .T. ) ;
#4513 = CYLINDRICAL_SURFACE ( 'NONE', #6511, 0.9999999999999971134 ) ;
#4514 = EDGE_CURVE ( 'NONE', #4235, #6945, #2113, .T. ) ;
#4515 = AXIS2_PLACEMENT_3D ( 'NONE', #2597, #1872, #5337 ) ;
#4516 = ORIENTED_EDGE ( 'NONE', *, *, #8155, .T. ) ;
#4517 = CYLINDRICAL_SURFACE ( 'NONE', #5576, 0.4999999999999936717 ) ;
#4518 = ORIENTED_EDGE ( 'NONE', *, *, #1254, .F. ) ;
#4519 = DIRECTION ( 'NONE',  ( 1.000000000000000000, -0.000000000000000000, 0.000000000000000000 ) ) ;
#4520 = LINE ( 'NONE', #5849, #8736 ) ;
#4521 = CARTESIAN_POINT ( 'NONE',  ( 13.86479015296693795, -0.09999997814430494625, -19.25780817680636048 ) ) ;
#4522 = CYLINDRICAL_SURFACE ( 'NONE', #4776, 1.000000000000000000 ) ;
#4523 = VECTOR ( 'NONE', #389, 1000.000000000000000 ) ;
#4524 = PRODUCT_DEFINITION_CONTEXT ( 'detailed design', #1806, 'design' ) ;
#4525 = VECTOR ( 'NONE', #1234, 1000.000000000000000 ) ;
#4526 = ORIENTED_EDGE ( 'NONE', *, *, #4314, .T. ) ;
#4527 = CARTESIAN_POINT ( 'NONE',  ( 14.70325953999999946, 45.89706200000001246, 2.500000000000000000 ) ) ;
#4528 = DIRECTION ( 'NONE',  ( 1.000000000000000000, -0.000000000000000000, -0.000000000000000000 ) ) ;
#4529 = CARTESIAN_POINT ( 'NONE',  ( 25.33782778953207071, 3.021505742821452520E-07, 0.000000000000000000 ) ) ;
#4530 = EDGE_CURVE ( 'NONE', #2725, #4366, #3955, .T. ) ;
#4531 = EDGE_CURVE ( 'NONE', #4053, #6901, #25, .T. ) ;
#4532 = CARTESIAN_POINT ( 'NONE',  ( -0.6838787780862297661, 35.89681374310357853, 1.469999999999999973 ) ) ;
#4533 = EDGE_LOOP ( 'NONE', ( #6948, #1129, #104, #5764, #4958, #7739, #6857, #1825 ) ) ;
#4534 = CARTESIAN_POINT ( 'NONE',  ( 30.46751698850658485, 42.79575816288561896, 1.319999995681913063 ) ) ;
#4535 = DIRECTION ( 'NONE',  ( 0.0001161624429840690809, -0.9999999932531434821, 5.037742921782110387E-20 ) ) ;
#4536 = VERTEX_POINT ( 'NONE', #2742 ) ;
#4537 = CARTESIAN_POINT ( 'NONE',  ( -0.05278567180674865328, 110.0983360435070182, 1.500000000000001332 ) ) ;
#4538 = CYLINDRICAL_SURFACE ( 'NONE', #1154, 0.5000000000000004441 ) ;
#4539 = DIRECTION ( 'NONE',  ( 0.0001161624401738174021, -0.9999999932531439262, 0.000000000000000000 ) ) ;
#4540 = ADVANCED_FACE ( 'NONE', ( #1299 ), #5391, .T. ) ;
#4541 = VERTEX_POINT ( 'NONE', #4046 ) ;
#4542 = ORIENTED_EDGE ( 'NONE', *, *, #1162, .F. ) ;
#4543 = LINE ( 'NONE', #6590, #5777 ) ;
#4544 = CARTESIAN_POINT ( 'NONE',  ( 15.70325953999999946, 33.59706199999999399, 1.999999999999998224 ) ) ;
#4545 = FACE_OUTER_BOUND ( 'NONE', #129, .T. ) ;
#4546 = CARTESIAN_POINT ( 'NONE',  ( 23.63280362000000068, 64.45000097999999866, 3.500000000000000000 ) ) ;
#4547 = DIRECTION ( 'NONE',  ( 0.000000000000000000, 0.000000000000000000, -1.000000000000000000 ) ) ;
#4548 = ORIENTED_EDGE ( 'NONE', *, *, #1891, .T. ) ;
#4549 = EDGE_CURVE ( 'NONE', #2798, #6319, #5427, .T. ) ;
#4550 = ORIENTED_EDGE ( 'NONE', *, *, #2023, .F. ) ;
#4551 = CARTESIAN_POINT ( 'NONE',  ( 0.8187116933930678186, 13.59647918577701375, -3.498419460000012915 ) ) ;
#4552 = ORIENTED_EDGE ( 'NONE', *, *, #3596, .T. ) ;
#4553 = CARTESIAN_POINT ( 'NONE',  ( 5.607803620000018086, 1.899999999999996803, 1.500000000000000000 ) ) ;
#4554 = ORIENTED_EDGE ( 'NONE', *, *, #4141, .F. ) ;
#4555 = CARTESIAN_POINT ( 'NONE',  ( 2.820070398492506403, -1.099999999999999867, 2.500000000000000000 ) ) ;
#4556 = DIRECTION ( 'NONE',  ( -0.000000000000000000, -0.000000000000000000, -1.000000000000000000 ) ) ;
#4557 = CARTESIAN_POINT ( 'NONE',  ( 31.47075743461400776, 14.90000000000000036, 3.426814665646245039 ) ) ;
#4558 = LINE ( 'NONE', #8584, #761 ) ;
#4559 = AXIS2_PLACEMENT_3D ( 'NONE', #3547, #1658, #8347 ) ;
#4560 = FACE_OUTER_BOUND ( 'NONE', #6749, .T. ) ;
#4561 = ADVANCED_FACE ( 'NONE', ( #3455 ), #4674, .T. ) ;
#4562 = CIRCLE ( 'NONE', #5705, 0.9999999999999971134 ) ;
#4563 = ORIENTED_EDGE ( 'NONE', *, *, #4707, .F. ) ;
#4564 = EDGE_LOOP ( 'NONE', ( #8122, #7394, #6819, #1166 ) ) ;
#4565 = VECTOR ( 'NONE', #4897, 1000.000000000000114 ) ;
#4566 = DIRECTION ( 'NONE',  ( -1.000000000000000000, 0.000000000000000000, 0.000000000000000000 ) ) ;
#4567 = AXIS2_PLACEMENT_3D ( 'NONE', #8052, #3946, #1829 ) ;
#4568 = DIRECTION ( 'NONE',  ( 0.9999999999999962252, 8.742277735063156469E-08, -1.213234753641872427E-21 ) ) ;
#4569 = EDGE_CURVE ( 'NONE', #211, #4642, #2695, .T. ) ;
#4570 = LINE ( 'NONE', #4529, #7989 ) ;
#4571 = VECTOR ( 'NONE', #1279, 1000.000000000000000 ) ;
#4572 = AXIS2_PLACEMENT_3D ( 'NONE', #2967, #3015, #2171 ) ;
#4573 = VECTOR ( 'NONE', #7267, 1000.000000000000000 ) ;
#4574 = ORIENTED_EDGE ( 'NONE', *, *, #3249, .F. ) ;
#4575 = CARTESIAN_POINT ( 'NONE',  ( 2.022008282914875110, 46.39709602319182835, 1.500000000000000444 ) ) ;
#4576 = DIRECTION ( 'NONE',  ( 1.000000000000000000, 0.000000000000000000, 0.000000000000000000 ) ) ;
#4577 = AXIS2_PLACEMENT_3D ( 'NONE', #4589, #5927, #2483 ) ;
#4578 = VERTEX_POINT ( 'NONE', #3364 ) ;
#4579 = CARTESIAN_POINT ( 'NONE',  ( 30.46728117875353448, 44.82575814487151433, 117.8988879368424563 ) ) ;
#4580 = AXIS2_PLACEMENT_3D ( 'NONE', #5388, #4713, #8150 ) ;
#4581 = FACE_OUTER_BOUND ( 'NONE', #4402, .T. ) ;
#4582 = ORIENTED_EDGE ( 'NONE', *, *, #2999, .F. ) ;
#4583 = VERTEX_POINT ( 'NONE', #6096 ) ;
#4584 = AXIS2_PLACEMENT_3D ( 'NONE', #2546, #4075, #5466 ) ;
#4585 = VERTEX_POINT ( 'NONE', #7525 ) ;
#4586 = ADVANCED_FACE ( 'NONE', ( #1390 ), #7389, .F. ) ;
#4587 = EDGE_CURVE ( 'NONE', #2796, #7121, #6182, .T. ) ;
#4588 = ORIENTED_EDGE ( 'NONE', *, *, #5089, .T. ) ;
#4589 = CARTESIAN_POINT ( 'NONE',  ( 21.05780361999999428, 48.25000098000001003, 1.500000000000000000 ) ) ;
#4590 = LINE ( 'NONE', #7306, #3599 ) ;
#4591 = LINE ( 'NONE', #2575, #8243 ) ;
#4592 = DIRECTION ( 'NONE',  ( 0.0001161624401737049839, -0.9999999932531438152, 0.000000000000000000 ) ) ;
#4593 = ORIENTED_EDGE ( 'NONE', *, *, #4214, .F. ) ;
#4594 = AXIS2_PLACEMENT_3D ( 'NONE', #4219, #6265, #197 ) ;
#4595 = ORIENTED_EDGE ( 'NONE', *, *, #2867, .T. ) ;
#4596 = LINE ( 'NONE', #6028, #4233 ) ;
#4597 = VERTEX_POINT ( 'NONE', #6009 ) ;
#4598 = EDGE_CURVE ( 'NONE', #3463, #8554, #6268, .T. ) ;
#4599 = VECTOR ( 'NONE', #5234, 1000.000000000000000 ) ;
#4600 = CARTESIAN_POINT ( 'NONE',  ( 15.81018190138322055, -0.09999999999999982514, 21.25407275812202812 ) ) ;
#4601 = EDGE_CURVE ( 'NONE', #4323, #4918, #6263, .T. ) ;
#4602 = ORIENTED_EDGE ( 'NONE', *, *, #8629, .F. ) ;
#4603 = DIRECTION ( 'NONE',  ( 0.000000000000000000, 0.000000000000000000, 1.000000000000000000 ) ) ;
#4604 = DIRECTION ( 'NONE',  ( 1.000000000000000000, 1.972096669307507374E-16, -0.000000000000000000 ) ) ;
#4605 = FACE_OUTER_BOUND ( 'NONE', #6580, .T. ) ;
#4606 = EDGE_CURVE ( 'NONE', #1927, #7486, #2192, .T. ) ;
#4607 = CARTESIAN_POINT ( 'NONE',  ( 19.74645808882241482, 1.400000000000000355, 1.500000000000001332 ) ) ;
#4608 = CARTESIAN_POINT ( 'NONE',  ( 33.46724093441552128, 45.17238118633474642, -2.998419460000000480 ) ) ;
#4609 = AXIS2_PLACEMENT_3D ( 'NONE', #7710, #7165, #5750 ) ;
#4610 = ORIENTED_EDGE ( 'NONE', *, *, #2913, .T. ) ;
#4611 = EDGE_LOOP ( 'NONE', ( #787, #3171, #5664, #2862, #2207 ) ) ;
#4612 = AXIS2_PLACEMENT_3D ( 'NONE', #7275, #310, #7961 ) ;
#4613 = CARTESIAN_POINT ( 'NONE',  ( -0.6813463777081393280, 14.09630493873912727, -2.098419372125607030 ) ) ;
#4614 = DIRECTION ( 'NONE',  ( 0.9999999932531439262, 0.0001161624401737789401, -0.000000000000000000 ) ) ;
#4615 = AXIS2_PLACEMENT_3D ( 'NONE', #2946, #5599, #932 ) ;
#4616 = DIRECTION ( 'NONE',  ( 0.9999998850681161011, 0.0004794410854595740346, 0.000000000000000000 ) ) ;
#4617 = PLANE ( 'NONE',  #1697 ) ;
#4618 = ORIENTED_EDGE ( 'NONE', *, *, #8088, .F. ) ;
#4619 = EDGE_CURVE ( 'NONE', #4536, #1061, #4940, .T. ) ;
#4620 = EDGE_LOOP ( 'NONE', ( #6288, #2491, #987, #8265 ) ) ;
#4621 = FACE_OUTER_BOUND ( 'NONE', #4103, .T. ) ;
#4622 = LINE ( 'NONE', #457, #5226 ) ;
#4623 = ORIENTED_EDGE ( 'NONE', *, *, #2348, .T. ) ;
#4624 = CARTESIAN_POINT ( 'NONE',  ( 0.8161212117934854016, 35.89698798676806035, 122.8571184009966686 ) ) ;
#4625 = VECTOR ( 'NONE', #8810, 1000.000000000000000 ) ;
#4626 = DIRECTION ( 'NONE',  ( 0.000000000000000000, -1.000000000000000000, -0.000000000000000000 ) ) ;
#4627 = DIRECTION ( 'NONE',  ( -4.371138674066353317E-08, 0.9999999999999991118, 0.000000000000000000 ) ) ;
#4628 = ORIENTED_EDGE ( 'NONE', *, *, #4450, .T. ) ;
#4629 = CIRCLE ( 'NONE', #2187, 1.000000000000000888 ) ;
#4630 = AXIS2_PLACEMENT_3D ( 'NONE', #7652, #4632, #4775 ) ;
#4631 = EDGE_LOOP ( 'NONE', ( #5227, #6785, #2757, #2515 ) ) ;
#4632 = DIRECTION ( 'NONE',  ( 0.0001161624429837051413, -0.9999999932531435931, -5.433278761794396123E-39 ) ) ;
#4633 = VERTEX_POINT ( 'NONE', #6313 ) ;
#4634 = DIRECTION ( 'NONE',  ( 0.000000000000000000, 0.000000000000000000, -1.000000000000000000 ) ) ;
#4635 = CARTESIAN_POINT ( 'NONE',  ( 30.59199087417005813, 44.17614156709981188, 0.3381148493722591630 ) ) ;
#4636 = FACE_OUTER_BOUND ( 'NONE', #3112, .T. ) ;
#4637 = LINE ( 'NONE', #7356, #5857 ) ;
#4638 = ORIENTED_EDGE ( 'NONE', *, *, #5282, .F. ) ;
#4639 = AXIS2_PLACEMENT_3D ( 'NONE', #6714, #5389, #2654 ) ;
#4640 = EDGE_CURVE ( 'NONE', #8789, #7619, #8382, .T. ) ;
#4641 = ADVANCED_FACE ( 'NONE', ( #2147 ), #5562, .F. ) ;
#4642 = VERTEX_POINT ( 'NONE', #7743 ) ;
#4643 = FACE_OUTER_BOUND ( 'NONE', #6329, .T. ) ;
#4644 = ORIENTED_EDGE ( 'NONE', *, *, #8589, .T. ) ;
#4645 = CARTESIAN_POINT ( 'NONE',  ( 21.96091302770999931, 96.92773413321998532, 1.500000000000000000 ) ) ;
#4646 = AXIS2_PLACEMENT_3D ( 'NONE', #615, #2083, #2763 ) ;
#4647 = ORIENTED_EDGE ( 'NONE', *, *, #4549, .F. ) ;
#4648 = DIRECTION ( 'NONE',  ( -1.000000000000000000, 0.000000000000000000, 0.000000000000000000 ) ) ;
#4649 = AXIS2_PLACEMENT_3D ( 'NONE', #673, #3402, #8550 ) ;
#4650 = CARTESIAN_POINT ( 'NONE',  ( 9.207803619999999967, 109.1027758360674795, 1.292893218813461198 ) ) ;
#4651 = LINE ( 'NONE', #1192, #1364 ) ;
#4652 = CARTESIAN_POINT ( 'NONE',  ( 25.50780361999599677, 48.01559589207970902, 3.000000000000000000 ) ) ;
#4653 = CARTESIAN_POINT ( 'NONE',  ( 1.318560243610368499, 14.90000000000000568, -2.998419460000000480 ) ) ;
#4654 = DIRECTION ( 'NONE',  ( 0.000000000000000000, 0.000000000000000000, 1.000000000000000000 ) ) ;
#4655 = ADVANCED_FACE ( 'NONE', ( #6396 ), #7695, .F. ) ;
#4656 = AXIS2_PLACEMENT_3D ( 'NONE', #3537, #6183, #4173 ) ;
#4657 = AXIS2_PLACEMENT_3D ( 'NONE', #2729, #8241, #1468 ) ;
#4658 = ADVANCED_FACE ( 'NONE', ( #7657 ), #4129, .T. ) ;
#4659 = VERTEX_POINT ( 'NONE', #1518 ) ;
#4660 = ORIENTED_EDGE ( 'NONE', *, *, #7195, .F. ) ;
#4661 = CARTESIAN_POINT ( 'NONE',  ( 14.70325953999999946, 33.59706199999999399, 1.500000000000000000 ) ) ;
#4662 = FACE_OUTER_BOUND ( 'NONE', #4345, .T. ) ;
#4663 = AXIS2_PLACEMENT_3D ( 'NONE', #922, #102, #183 ) ;
#4664 = CARTESIAN_POINT ( 'NONE',  ( 26.64836102379999971, 96.42773413321998532, 1.500000000000001332 ) ) ;
#4665 = AXIS2_PLACEMENT_3D ( 'NONE', #7824, #225, #965 ) ;
#4666 = DIRECTION ( 'NONE',  ( -0.9999999999949638063, 3.173724607192532497E-06, 0.000000000000000000 ) ) ;
#4667 = DIRECTION ( 'NONE',  ( -0.9999999932531437041, -0.0001161624401737049704, 0.000000000000000000 ) ) ;
#4668 = ORIENTED_EDGE ( 'NONE', *, *, #4212, .T. ) ;
#4669 = VERTEX_POINT ( 'NONE', #6976 ) ;
#4670 = EDGE_CURVE ( 'NONE', #4453, #5831, #4258, .T. ) ;
#4671 = CARTESIAN_POINT ( 'NONE',  ( 27.14836102379999971, 90.90681127924001714, 1.500000000000000000 ) ) ;
#4672 = CARTESIAN_POINT ( 'NONE',  ( 21.73782777879968009, 0.9000000000000002442, 1.000000000000000888 ) ) ;
#4673 = ORIENTED_EDGE ( 'NONE', *, *, #3848, .F. ) ;
#4674 = CYLINDRICAL_SURFACE ( 'NONE', #7843, 0.9999999999999971134 ) ;
#4675 = DIRECTION ( 'NONE',  ( -1.000000000000000000, 0.000000000000000000, 0.000000000000000000 ) ) ;
#4676 = DIRECTION ( 'NONE',  ( 1.000000000000000000, 0.000000000000000000, 0.000000000000000000 ) ) ;
#4677 = EDGE_CURVE ( 'NONE', #8611, #7026, #273, .T. ) ;
#4678 = EDGE_CURVE ( 'NONE', #155, #3187, #4270, .T. ) ;
#4679 = VERTEX_POINT ( 'NONE', #899 ) ;
#4680 = ORIENTED_EDGE ( 'NONE', *, *, #8588, .T. ) ;
#4681 = CARTESIAN_POINT ( 'NONE',  ( 2.185237201074304636, 32.59707724833666020, 1.500000000000000888 ) ) ;
#4682 = ORIENTED_EDGE ( 'NONE', *, *, #2531, .T. ) ;
#4683 = CARTESIAN_POINT ( 'NONE',  ( 33.47226750586531807, 1.900464649760666536, 2.500000000000002220 ) ) ;
#4684 = DIRECTION ( 'NONE',  ( 0.000000000000000000, 0.000000000000000000, -1.000000000000000000 ) ) ;
#4685 = CARTESIAN_POINT ( 'NONE',  ( 29.96883808238525404, 31.42291474461031342, 3.000000000000002665 ) ) ;
#4686 = ORIENTED_EDGE ( 'NONE', *, *, #1854, .F. ) ;
#4687 = EDGE_CURVE ( 'NONE', #4772, #8256, #768, .T. ) ;
#4688 = VERTEX_POINT ( 'NONE', #8294 ) ;
#4689 = DIRECTION ( 'NONE',  ( -0.0001161624429838024213, 0.9999999932531434821, -0.000000000000000000 ) ) ;
#4690 = ORIENTED_EDGE ( 'NONE', *, *, #7175, .F. ) ;
#4691 = LINE ( 'NONE', #1986, #4292 ) ;
#4692 = ORIENTED_EDGE ( 'NONE', *, *, #5589, .F. ) ;
#4693 = FACE_OUTER_BOUND ( 'NONE', #8528, .T. ) ;
#4694 = CARTESIAN_POINT ( 'NONE',  ( 13.86479014859577319, 6.060492333086443809E-07, -19.25780817680636048 ) ) ;
#4695 = DIRECTION ( 'NONE',  ( 1.184422296212758850E-20, -1.019625867406444764E-16, 1.000000000000000000 ) ) ;
#4696 = CARTESIAN_POINT ( 'NONE',  ( 10.76478996037950431, 4.305886845030193477, 2.500000000000000000 ) ) ;
#4697 = CARTESIAN_POINT ( 'NONE',  ( 2.307733980969240761, 108.0997072644481563, 1.500000000000000000 ) ) ;
#4698 = EDGE_CURVE ( 'NONE', #3058, #3729, #3583, .T. ) ;
#4699 = LINE ( 'NONE', #8811, #3032 ) ;
#4700 = ADVANCED_FACE ( 'NONE', ( #7613 ), #4979, .F. ) ;
#4701 = ORIENTED_EDGE ( 'NONE', *, *, #958, .T. ) ;
#4702 = CARTESIAN_POINT ( 'NONE',  ( 30.60256257496648402, 35.04453358275923591, 0.3537263994463879513 ) ) ;
#4703 = ORIENTED_EDGE ( 'NONE', *, *, #7239, .F. ) ;
#4704 = DIRECTION ( 'NONE',  ( -0.000000000000000000, -0.000000000000000000, -1.000000000000000000 ) ) ;
#4705 = CARTESIAN_POINT ( 'NONE',  ( 13.36478996037949685, 4.305886958679804088, 2.499999999999998668 ) ) ;
#4706 = EDGE_CURVE ( 'NONE', #2626, #221, #7020, .T. ) ;
#4707 = EDGE_CURVE ( 'NONE', #7573, #7956, #696, .T. ) ;
#4708 = DIRECTION ( 'NONE',  ( -0.000000000000000000, -0.000000000000000000, -1.000000000000000000 ) ) ;
#4709 = CARTESIAN_POINT ( 'NONE',  ( 2.307733984342670297, 108.0996491832266599, 1.000000000000000888 ) ) ;
#4710 = VECTOR ( 'NONE', #8341, 1000.000000000000000 ) ;
#4711 = EDGE_LOOP ( 'NONE', ( #1105, #1174, #3146, #5031, #3912 ) ) ;
#4712 = ORIENTED_EDGE ( 'NONE', *, *, #4812, .F. ) ;
#4713 = DIRECTION ( 'NONE',  ( -0.000000000000000000, -0.000000000000000000, -1.000000000000000000 ) ) ;
#4714 = DIRECTION ( 'NONE',  ( 0.0004794410854436209212, -0.9999998850681162121, 0.000000000000000000 ) ) ;
#4715 = DIRECTION ( 'NONE',  ( -0.000000000000000000, -0.000000000000000000, -1.000000000000000000 ) ) ;
#4716 = CIRCLE ( 'NONE', #1980, 1.000000000000000000 ) ;
#4717 = EDGE_CURVE ( 'NONE', #7630, #6592, #3536, .T. ) ;
#4718 = LINE ( 'NONE', #7434, #1158 ) ;
#4719 = CIRCLE ( 'NONE', #845, 0.5000000000000001110 ) ;
#4720 = VERTEX_POINT ( 'NONE', #8468 ) ;
#4721 = VECTOR ( 'NONE', #8496, 1000.000000000000000 ) ;
#4722 = ORIENTED_EDGE ( 'NONE', *, *, #8694, .F. ) ;
#4723 = VERTEX_POINT ( 'NONE', #4852 ) ;
#4724 = DIRECTION ( 'NONE',  ( 8.742277735063197497E-08, -0.9999999999999963363, 0.000000000000000000 ) ) ;
#4725 = AXIS2_PLACEMENT_3D ( 'NONE', #7797, #6361, #3544 ) ;
#4726 = LINE ( 'NONE', #8165, #7424 ) ;
#4727 =( BOUNDED_CURVE ( )  B_SPLINE_CURVE ( 3, ( #1484, #8218, #4135, #2070 ),
 .UNSPECIFIED., .F., .F. ) 
 B_SPLINE_CURVE_WITH_KNOTS ( ( 4, 4 ),
 ( 4.712505142825122562, 6.283185307179586232 ),
 .UNSPECIFIED. ) 
 CURVE ( )  GEOMETRIC_REPRESENTATION_ITEM ( )  RATIONAL_B_SPLINE_CURVE ( ( 1.000000000000000000, 0.8047652330790080466, 0.8047652330790080466, 1.000000000000000000 ) ) 
 REPRESENTATION_ITEM ( '' )  );
#4728 = CARTESIAN_POINT ( 'NONE',  ( 30.47226752610588107, 1.900116162440151912, 1.000000000000000888 ) ) ;
#4729 = DIRECTION ( 'NONE',  ( 0.000000000000000000, 0.000000000000000000, -1.000000000000000000 ) ) ;
#4730 = ORIENTED_EDGE ( 'NONE', *, *, #4530, .F. ) ;
#4731 = EDGE_CURVE ( 'NONE', #1491, #8135, #7262, .T. ) ;
#4732 = AXIS2_PLACEMENT_3D ( 'NONE', #124, #1264, #2832 ) ;
#4733 = ORIENTED_EDGE ( 'NONE', *, *, #6613, .F. ) ;
#4734 = DIRECTION ( 'NONE',  ( -0.000000000000000000, -0.000000000000000000, -1.000000000000000000 ) ) ;
#4735 = VERTEX_POINT ( 'NONE', #6036 ) ;
#4736 = CIRCLE ( 'NONE', #7146, 0.5000000000000004441 ) ;
#4737 = VERTEX_POINT ( 'NONE', #1692 ) ;
#4738 = ADVANCED_FACE ( 'NONE', ( #8041 ), #8716, .T. ) ;
#4739 = LINE ( 'NONE', #1321, #3852 ) ;
#4740 = CARTESIAN_POINT ( 'NONE',  ( 0.8192634649939100067, 8.846479246498741844, -3.498419460000012915 ) ) ;
#4741 = PLANE ( 'NONE',  #7804 ) ;
#4742 = CIRCLE ( 'NONE', #8160, 0.5000000000000004441 ) ;
#4743 = FACE_OUTER_BOUND ( 'NONE', #2342, .T. ) ;
#4744 = CARTESIAN_POINT ( 'NONE',  ( 30.96728117538010139, 44.82581622609159666, 3.000000000000000000 ) ) ;
#4745 = CARTESIAN_POINT ( 'NONE',  ( 27.63280362000000068, 0.000000000000000000, 1.500000000000000000 ) ) ;
#4746 = AXIS2_PLACEMENT_3D ( 'NONE', #7659, #8383, #1602 ) ;
#4747 = ORIENTED_EDGE ( 'NONE', *, *, #3735, .T. ) ;
#4748 = VECTOR ( 'NONE', #3477, 1000.000000000000000 ) ;
#4749 = DIRECTION ( 'NONE',  ( 0.9999999932531437041, 0.0001161624401737049704, -0.000000000000000000 ) ) ;
#4750 = ORIENTED_EDGE ( 'NONE', *, *, #6820, .F. ) ;
#4751 = FACE_OUTER_BOUND ( 'NONE', #5308, .T. ) ;
#4752 = DIRECTION ( 'NONE',  ( 4.371138811603728483E-08, -0.9999999999999991118, 0.000000000000000000 ) ) ;
#4753 = AXIS2_PLACEMENT_3D ( 'NONE', #1921, #4666, #7517 ) ;
#4754 = CARTESIAN_POINT ( 'NONE',  ( -1.193479480429031403, 8.346245437986095084, -3.498419460000000480 ) ) ;
#4755 = CIRCLE ( 'NONE', #8462, 0.5000000000000000000 ) ;
#4756 = CARTESIAN_POINT ( 'NONE',  ( -0.05302539234935916418, 110.5983359860411070, 0.000000000000000000 ) ) ;
#4757 = EDGE_CURVE ( 'NONE', #3951, #4182, #3808, .T. ) ;
#4758 = ORIENTED_EDGE ( 'NONE', *, *, #5584, .T. ) ;
#4759 = EDGE_CURVE ( 'NONE', #5660, #7149, #3806, .T. ) ;
#4760 = TOROIDAL_SURFACE ( 'NONE', #5891, 1.000000000000000000, 0.5000000000000000000 ) ;
#4761 = ORIENTED_EDGE ( 'NONE', *, *, #1541, .T. ) ;
#4762 = LINE ( 'NONE', #5346, #2726 ) ;
#4763 = CARTESIAN_POINT ( 'NONE',  ( 33.46571920645637022, 58.27238103655453472, -2.998419460000000480 ) ) ;
#4764 = EDGE_LOOP ( 'NONE', ( #2107, #3037, #3418, #8651 ) ) ;
#4765 = DIRECTION ( 'NONE',  ( -0.0001161624401737049704, 0.9999999932531437041, 0.000000000000000000 ) ) ;
#4766 = LINE ( 'NONE', #3365, #3449 ) ;
#4767 = LINE ( 'NONE', #5525, #2839 ) ;
#4768 = CIRCLE ( 'NONE', #4188, 0.5000000000000004441 ) ;
#4769 = AXIS2_PLACEMENT_3D ( 'NONE', #759, #6388, #842 ) ;
#4770 = EDGE_CURVE ( 'NONE', #6771, #1818, #6840, .T. ) ;
#4771 = EDGE_CURVE ( 'NONE', #5230, #209, #979, .T. ) ;
#4772 = VERTEX_POINT ( 'NONE', #1952 ) ;
#4773 = ADVANCED_FACE ( 'NONE', ( #8765 ), #3977, .F. ) ;
#4774 = ORIENTED_EDGE ( 'NONE', *, *, #19, .F. ) ;
#4775 = DIRECTION ( 'NONE',  ( 0.9999999932531434821, 0.0001161624429840690538, 0.000000000000000000 ) ) ;
#4776 = AXIS2_PLACEMENT_3D ( 'NONE', #3076, #1153, #7237 ) ;
#4777 = ORIENTED_EDGE ( 'NONE', *, *, #5789, .F. ) ;
#4778 = CARTESIAN_POINT ( 'NONE',  ( 29.96691059228446008, 48.51559628190723572, 3.000000000000000000 ) ) ;
#4779 = DIRECTION ( 'NONE',  ( 1.000000000000000000, 0.000000000000000000, 0.000000000000000000 ) ) ;
#4780 = DIRECTION ( 'NONE',  ( 1.000000000000000000, 0.000000000000000000, 0.000000000000000000 ) ) ;
#4781 = EDGE_LOOP ( 'NONE', ( #1859, #6561, #2926, #4730 ) ) ;
#4782 = CIRCLE ( 'NONE', #902, 1.000000000000001110 ) ;
#4783 = AXIS2_PLACEMENT_3D ( 'NONE', #8566, #5969, #5229 ) ;
#4784 = ORIENTED_EDGE ( 'NONE', *, *, #8694, .T. ) ;
#4785 = LINE ( 'NONE', #7496, #3804 ) ;
#4786 = ORIENTED_EDGE ( 'NONE', *, *, #4428, .F. ) ;
#4787 = ORIENTED_EDGE ( 'NONE', *, *, #4601, .F. ) ;
#4788 = CARTESIAN_POINT ( 'NONE',  ( 0.9560763199999999795, 2.009813100000000130, 0.000000000000000000 ) ) ;
#4789 = CARTESIAN_POINT ( 'NONE',  ( 21.55780361999999784, 0.000000000000000000, 1.500000000000000000 ) ) ;
#4790 = CARTESIAN_POINT ( 'NONE',  ( 32.96825808800235080, 36.41604865855055806, -0.2100000000001031042 ) ) ;
#4791 = EDGE_CURVE ( 'NONE', #7507, #8308, #6694, .T. ) ;
#4792 = DIRECTION ( 'NONE',  ( 8.742277843744315452E-08, -0.9999999999999961142, 0.000000000000000000 ) ) ;
#4793 = FACE_OUTER_BOUND ( 'NONE', #3370, .T. ) ;
#4794 = EDGE_CURVE ( 'NONE', #4994, #1982, #844, .T. ) ;
#4795 = ORIENTED_EDGE ( 'NONE', *, *, #1184, .F. ) ;
#4796 = LINE ( 'NONE', #6831, #8514 ) ;
#4797 = VECTOR ( 'NONE', #7041, 1000.000000000000000 ) ;
#4798 = ORIENTED_EDGE ( 'NONE', *, *, #1836, .T. ) ;
#4799 = DIRECTION ( 'NONE',  ( 1.000000000000000000, 6.938893903907228378E-15, -0.000000000000000000 ) ) ;
#4800 = CARTESIAN_POINT ( 'NONE',  ( 2.806295657712863267, 111.0997069196525189, 2.500000000000002220 ) ) ;
#4801 = CARTESIAN_POINT ( 'NONE',  ( -0.6838787778106170112, 35.89681137045349857, -0.02999999999999999889 ) ) ;
#4802 = PLANE ( 'NONE',  #4753 ) ;
#4803 = AXIS2_PLACEMENT_3D ( 'NONE', #2148, #8251, #2101 ) ;
#4804 = CIRCLE ( 'NONE', #4352, 1.000000000000000888 ) ;
#4805 = VERTEX_POINT ( 'NONE', #4696 ) ;
#4806 = ORIENTED_EDGE ( 'NONE', *, *, #3831, .F. ) ;
#4807 = LINE ( 'NONE', #7387, #6718 ) ;
#4808 = DIRECTION ( 'NONE',  ( 1.000000000000000000, 0.000000000000000000, -0.000000000000000000 ) ) ;
#4809 = ORIENTED_EDGE ( 'NONE', *, *, #8691, .T. ) ;
#4810 = CARTESIAN_POINT ( 'NONE',  ( 33.45992960429835250, 108.1129500732899373, 122.8571184009966686 ) ) ;
#4811 = CARTESIAN_POINT ( 'NONE',  ( 32.96733924310647978, 44.32604855434536972, 2.500000000000002220 ) ) ;
#4812 = EDGE_CURVE ( 'NONE', #4263, #3056, #6136, .T. ) ;
#4813 = CARTESIAN_POINT ( 'NONE',  ( 29.96685255477537524, 48.51559628190216245, 1.500000000000000000 ) ) ;
#4814 = DIRECTION ( 'NONE',  ( -0.9999999932531439262, -0.0001161624401737789536, 0.000000000000000000 ) ) ;
#4815 = EDGE_CURVE ( 'NONE', #4414, #3721, #2636, .T. ) ;
#4816 = VECTOR ( 'NONE', #1317, 1000.000000000000114 ) ;
#4817 = VERTEX_POINT ( 'NONE', #5371 ) ;
#4818 = ORIENTED_EDGE ( 'NONE', *, *, #1903, .F. ) ;
#4819 = ORIENTED_EDGE ( 'NONE', *, *, #6398, .T. ) ;
#4820 = CARTESIAN_POINT ( 'NONE',  ( 8.632803620000000677, 64.95000097999999866, 3.000000000000000000 ) ) ;
#4821 = DIRECTION ( 'NONE',  ( 0.000000000000000000, 0.000000000000000000, 1.000000000000000000 ) ) ;
#4822 = EDGE_CURVE ( 'NONE', #995, #1209, #320, .T. ) ;
#4823 = CARTESIAN_POINT ( 'NONE',  ( 0.8202910825731496436, 9.528701675242542642E-05, -2.998419460000000480 ) ) ;
#4824 = EDGE_CURVE ( 'NONE', #3380, #6465, #5851, .T. ) ;
#4825 = ORIENTED_EDGE ( 'NONE', *, *, #8293, .F. ) ;
#4826 = ORIENTED_EDGE ( 'NONE', *, *, #994, .F. ) ;
#4827 = DIRECTION ( 'NONE',  ( 4.371138867531598748E-08, -0.9999999999999991118, 0.000000000000000000 ) ) ;
#4828 = ORIENTED_EDGE ( 'NONE', *, *, #583, .F. ) ;
#4829 = CARTESIAN_POINT ( 'NONE',  ( 19.35780361999999855, 110.1076422785760798, 21.25407275812202812 ) ) ;
#4830 = CARTESIAN_POINT ( 'NONE',  ( 27.13280362000000068, 7.550000979999999196, 1.500000000000000000 ) ) ;
#4831 = DIRECTION ( 'NONE',  ( 1.224646799147353207E-16, 1.000000000000000000, -0.000000000000000000 ) ) ;
#4832 = LINE ( 'NONE', #4241, #3129 ) ;
#4833 = DIRECTION ( 'NONE',  ( -1.972096669307507374E-16, 1.000000000000000000, 0.000000000000000000 ) ) ;
#4834 = EDGE_CURVE ( 'NONE', #7972, #7837, #6744, .T. ) ;
#4835 = EDGE_CURVE ( 'NONE', #1900, #4964, #7122, .T. ) ;
#4836 = ORIENTED_EDGE ( 'NONE', *, *, #6506, .F. ) ;
#4837 = PLANE ( 'NONE',  #3221 ) ;
#4838 = EDGE_LOOP ( 'NONE', ( #8046, #3461, #3961, #6058 ) ) ;
#4839 = LINE ( 'NONE', #5419, #7477 ) ;
#4840 = DIRECTION ( 'NONE',  ( 0.0001161624401737789130, -0.9999999932531437041, 0.000000000000000000 ) ) ;
#4841 = DIRECTION ( 'NONE',  ( -0.000000000000000000, 1.000000000000000000, -0.000000000000000000 ) ) ;
#4842 = ADVANCED_FACE ( 'NONE', ( #6444 ), #3275, .T. ) ;
#4843 = CARTESIAN_POINT ( 'NONE',  ( 1.807733987716098722, 108.0995911020051778, 0.000000000000000000 ) ) ;
#4844 = CARTESIAN_POINT ( 'NONE',  ( 21.70523287589208294, -6.888643168340995615E-05, 2.500000000000000000 ) ) ;
#4845 = EDGE_CURVE ( 'NONE', #8408, #2664, #1029, .T. ) ;
#4846 = ORIENTED_EDGE ( 'NONE', *, *, #3619, .F. ) ;
#4847 = ORIENTED_EDGE ( 'NONE', *, *, #2634, .F. ) ;
#4848 = CARTESIAN_POINT ( 'NONE',  ( 29.96883816980803061, 30.92291474461031342, 1.500000000000000000 ) ) ;
#4849 = PLANE ( 'NONE',  #5075 ) ;
#4850 = ORIENTED_EDGE ( 'NONE', *, *, #2743, .F. ) ;
#4851 = EDGE_CURVE ( 'NONE', #1758, #7385, #2040, .T. ) ;
#4852 = CARTESIAN_POINT ( 'NONE',  ( 22.67155267958086284, 55.29259599289078153, 1.500000000000001332 ) ) ;
#4853 = DIRECTION ( 'NONE',  ( 6.311429343820460109E-43, -5.433278725136842152E-39, 1.000000000000000000 ) ) ;
#4854 = CARTESIAN_POINT ( 'NONE',  ( 24.83782774328765797, 3.877977066283346819, -19.25780817680636048 ) ) ;
#4855 = CARTESIAN_POINT ( 'NONE',  ( 29.95992962791234149, 108.1125435047493397, 1.000000000000000000 ) ) ;
#4856 = AXIS2_PLACEMENT_3D ( 'NONE', #988, #3095, #1703 ) ;
#4857 = ORIENTED_EDGE ( 'NONE', *, *, #3320, .T. ) ;
#4858 = VERTEX_POINT ( 'NONE', #6827 ) ;
#4859 = VECTOR ( 'NONE', #3342, 1000.000000000000000 ) ;
#4860 = ORIENTED_EDGE ( 'NONE', *, *, #4549, .T. ) ;
#4861 = DIRECTION ( 'NONE',  ( -1.000000000000000000, -0.000000000000000000, 0.000000000000000000 ) ) ;
#4862 = LINE ( 'NONE', #7666, #8333 ) ;
#4863 = VECTOR ( 'NONE', #5767, 999.9999999999998863 ) ;
#4864 = CYLINDRICAL_SURFACE ( 'NONE', #6863, 0.5000000000000004441 ) ;
#4865 = ORIENTED_EDGE ( 'NONE', *, *, #1382, .F. ) ;
#4866 = AXIS2_PLACEMENT_3D ( 'NONE', #3828, #8168, #2705 ) ;
#4867 = ADVANCED_FACE ( 'NONE', ( #8128 ), #2679, .T. ) ;
#4868 = EDGE_LOOP ( 'NONE', ( #3670, #909, #4956, #4946 ) ) ;
#4869 = AXIS2_PLACEMENT_3D ( 'NONE', #2608, #6053, #2653 ) ;
#4870 = FACE_OUTER_BOUND ( 'NONE', #4631, .T. ) ;
#4871 = ORIENTED_EDGE ( 'NONE', *, *, #1324, .F. ) ;
#4872 = EDGE_LOOP ( 'NONE', ( #547, #6780, #3216, #8200 ) ) ;
#4873 = CYLINDRICAL_SURFACE ( 'NONE', #5852, 0.5000000000000000000 ) ;
#4874 = LINE ( 'NONE', #5587, #8596 ) ;
#4875 = CARTESIAN_POINT ( 'NONE',  ( -1.179929574520096613, 1.899535350228062747, 2.500000000000002220 ) ) ;
#4876 = CARTESIAN_POINT ( 'NONE',  ( 29.45945019020032163, 109.1124853085973712, 1.000000000000028644 ) ) ;
#4877 = PLANE ( 'NONE',  #6615 ) ;
#4878 = AXIS2_PLACEMENT_3D ( 'NONE', #5225, #7294, #8561 ) ;
#4879 = EDGE_CURVE ( 'NONE', #947, #1757, #8231, .T. ) ;
#4880 = EDGE_LOOP ( 'NONE', ( #4364, #424, #7349, #254 ) ) ;
#4881 = DIRECTION ( 'NONE',  ( 0.000000000000000000, 0.000000000000000000, -1.000000000000000000 ) ) ;
#4882 = ORIENTED_EDGE ( 'NONE', *, *, #8522, .T. ) ;
#4883 = EDGE_CURVE ( 'NONE', #2796, #2651, #4716, .T. ) ;
#4884 = CIRCLE ( 'NONE', #6152, 0.5000000000000000000 ) ;
#4885 = DIRECTION ( 'NONE',  ( 1.000000000000000000, 0.000000000000000000, 0.000000000000000000 ) ) ;
#4886 = CARTESIAN_POINT ( 'NONE',  ( -0.1799295812669531591, 1.899651512671046705, 3.500000000000000000 ) ) ;
#4887 = DIRECTION ( 'NONE',  ( -0.0001161624401668793214, 0.9999999932531439262, -3.373426560489497757E-09 ) ) ;
#4888 = CARTESIAN_POINT ( 'NONE',  ( 31.46085883297611474, 100.1134438318527202, -1.898419459999999948 ) ) ;
#4889 = DIRECTION ( 'NONE',  ( 1.000000000000000000, 0.000000000000000000, 0.000000000000000000 ) ) ;
#4890 = AXIS2_PLACEMENT_3D ( 'NONE', #930, #3930, #8671 ) ;
#4891 = ORIENTED_EDGE ( 'NONE', *, *, #7626, .T. ) ;
#4892 = CIRCLE ( 'NONE', #315, 0.5000000000000004441 ) ;
#4893 = CARTESIAN_POINT ( 'NONE',  ( 10.05780361999999961, 62.75000098000001003, 1.500000000000000000 ) ) ;
#4894 = CARTESIAN_POINT ( 'NONE',  ( 30.96889616359556996, 30.92297291326333308, 3.500000000000000000 ) ) ;
#4895 = VECTOR ( 'NONE', #2119, 1000.000000000000000 ) ;
#4896 = ORIENTED_EDGE ( 'NONE', *, *, #1329, .F. ) ;
#4897 = DIRECTION ( 'NONE',  ( -0.9999999999999846789, -1.748455523006161675E-07, 0.000000000000000000 ) ) ;
#4898 = CYLINDRICAL_SURFACE ( 'NONE', #8070, 0.5000000000000004441 ) ;
#4899 = ADVANCED_FACE ( 'NONE', ( #8809 ), #6789, .T. ) ;
#4900 = CARTESIAN_POINT ( 'NONE',  ( 29.96691059228446008, 48.51559628190723572, 1.500000000000000000 ) ) ;
#4901 = PLANE ( 'NONE',  #277 ) ;
#4902 = AXIS2_PLACEMENT_3D ( 'NONE', #4343, #843, #8461 ) ;
#4903 = CIRCLE ( 'NONE', #2027, 0.5000000000000004441 ) ;
#4904 = EDGE_CURVE ( 'NONE', #5493, #5745, #5501, .T. ) ;
#4905 = ADVANCED_FACE ( 'NONE', ( #4743 ), #2764, .F. ) ;
#4906 = EDGE_LOOP ( 'NONE', ( #6052, #1945, #8079, #7211 ) ) ;
#4907 = ORIENTED_EDGE ( 'NONE', *, *, #2196, .F. ) ;
#4908 = EDGE_LOOP ( 'NONE', ( #7897, #7529, #7375, #6773, #7532 ) ) ;
#4909 = DIRECTION ( 'NONE',  ( 0.9999999932531438152, 0.0001161624401737789401, -0.000000000000000000 ) ) ;
#4910 = DIRECTION ( 'NONE',  ( 1.000000000000000000, -0.000000000000000000, -0.000000000000000000 ) ) ;
#4911 = AXIS2_PLACEMENT_3D ( 'NONE', #8624, #4603, #5895 ) ;
#4912 = CIRCLE ( 'NONE', #8337, 0.5000000000000004441 ) ;
#4913 = DIRECTION ( 'NONE',  ( 0.0001161624429837051684, -0.9999999932531434821, 0.000000000000000000 ) ) ;
#4914 = VERTEX_POINT ( 'NONE', #3562 ) ;
#4915 = ORIENTED_EDGE ( 'NONE', *, *, #323, .T. ) ;
#4916 = FACE_OUTER_BOUND ( 'NONE', #7261, .T. ) ;
#4917 = ORIENTED_EDGE ( 'NONE', *, *, #585, .F. ) ;
#4918 = VERTEX_POINT ( 'NONE', #5411 ) ;
#4919 = DIRECTION ( 'NONE',  ( -0.0001161624401737049839, 0.9999999932531438152, 0.000000000000000000 ) ) ;
#4920 = CARTESIAN_POINT ( 'NONE',  ( 29.45992963128577458, 108.1124854235292645, 2.500000000000002220 ) ) ;
#4921 = LINE ( 'NONE', #4022, #8504 ) ;
#4922 = DIRECTION ( 'NONE',  ( 1.000000000000000000, 3.576220230030146041E-16, 0.000000000000000000 ) ) ;
#4923 = EDGE_CURVE ( 'NONE', #4858, #1900, #1325, .T. ) ;
#4924 = EDGE_CURVE ( 'NONE', #3057, #3569, #4422, .T. ) ;
#4925 = ORIENTED_EDGE ( 'NONE', *, *, #6118, .T. ) ;
#4926 = DIRECTION ( 'NONE',  ( -0.000000000000000000, -0.000000000000000000, -1.000000000000000000 ) ) ;
#4927 = ORIENTED_EDGE ( 'NONE', *, *, #2034, .T. ) ;
#4928 = DIRECTION ( 'NONE',  ( 0.000000000000000000, 0.000000000000000000, 1.000000000000000000 ) ) ;
#4929 = CARTESIAN_POINT ( 'NONE',  ( 21.55780361999999784, 0.000000000000000000, 1.500000000000000000 ) ) ;
#4930 = CARTESIAN_POINT ( 'NONE',  ( 25.33782777879968151, 0.9000000000000002442, 117.8988879368424563 ) ) ;
#4931 = ADVANCED_FACE ( 'NONE', ( #5458 ), #657, .F. ) ;
#4932 = DIRECTION ( 'NONE',  ( 1.972096669307507374E-16, -1.000000000000000000, -0.000000000000000000 ) ) ;
#4933 = ADVANCED_FACE ( 'NONE', ( #5546 ), #6205, .F. ) ;
#4934 = AXIS2_PLACEMENT_3D ( 'NONE', #777, #8216, #3504 ) ;
#4935 = ORIENTED_EDGE ( 'NONE', *, *, #5079, .T. ) ;
#4936 = DIRECTION ( 'NONE',  ( -0.0001161624401734627732, 0.9999999932531438152, 0.000000000000000000 ) ) ;
#4937 = LINE ( 'NONE', #1431, #7280 ) ;
#4938 = CARTESIAN_POINT ( 'NONE',  ( 2.807733980969242094, 108.0997072644481563, 122.8571184009966686 ) ) ;
#4939 = AXIS2_PLACEMENT_3D ( 'NONE', #48, #4831, #5456 ) ;
#4940 = LINE ( 'NONE', #8422, #1260 ) ;
#4941 = DIRECTION ( 'NONE',  ( 0.000000000000000000, 0.000000000000000000, -1.000000000000000000 ) ) ;
#4942 = DIRECTION ( 'NONE',  ( -0.9999999999999991118, -4.371139117321150349E-08, 0.000000000000000000 ) ) ;
#4943 = AXIS2_PLACEMENT_3D ( 'NONE', #6897, #6848, #3499 ) ;
#4944 = AXIS2_PLACEMENT_3D ( 'NONE', #8774, #7378, #4566 ) ;
#4945 = EDGE_CURVE ( 'NONE', #4914, #6154, #4832, .T. ) ;
#4946 = ORIENTED_EDGE ( 'NONE', *, *, #1024, .F. ) ;
#4947 = DIRECTION ( 'NONE',  ( 0.9999999932531439262, 0.0001161624401737789401, -0.000000000000000000 ) ) ;
#4948 = ORIENTED_EDGE ( 'NONE', *, *, #2899, .T. ) ;
#4949 = CARTESIAN_POINT ( 'NONE',  ( 6.107563899457272072, 110.6012896259977083, 0.000000000000000000 ) ) ;
#4950 = CARTESIAN_POINT ( 'NONE',  ( 19.35780361999999855, 0.000000000000000000, 1.500000000000001332 ) ) ;
#4951 = CARTESIAN_POINT ( 'NONE',  ( 32.47226751261217714, 1.900348487320492552, 2.500000000000002220 ) ) ;
#4952 = AXIS2_PLACEMENT_3D ( 'NONE', #2975, #5549, #7598 ) ;
#4953 = EDGE_CURVE ( 'NONE', #2245, #7365, #6246, .T. ) ;
#4954 = VERTEX_POINT ( 'NONE', #2122 ) ;
#4955 = VECTOR ( 'NONE', #6969, 1000.000000000000000 ) ;
#4956 = ORIENTED_EDGE ( 'NONE', *, *, #6106, .F. ) ;
#4957 = ORIENTED_EDGE ( 'NONE', *, *, #3683, .T. ) ;
#4958 = ORIENTED_EDGE ( 'NONE', *, *, #1849, .F. ) ;
#4959 = FACE_OUTER_BOUND ( 'NONE', #3334, .T. ) ;
#4960 = DIRECTION ( 'NONE',  ( 0.000000000000000000, 1.000000000000000000, 0.000000000000000000 ) ) ;
#4961 = DIRECTION ( 'NONE',  ( 3.278351932560236788E-13, -2.822213364089116066E-09, 1.000000000000000000 ) ) ;
#4962 = DIRECTION ( 'NONE',  ( 0.000000000000000000, 0.000000000000000000, 1.000000000000000000 ) ) ;
#4963 = CARTESIAN_POINT ( 'NONE',  ( -1.192266019030759683, 108.0997072644481563, -2.998419460000012471 ) ) ;
#4964 = VERTEX_POINT ( 'NONE', #4876 ) ;
#4965 = FACE_OUTER_BOUND ( 'NONE', #1044, .T. ) ;
#4966 = VERTEX_POINT ( 'NONE', #1459 ) ;
#4967 = FACE_OUTER_BOUND ( 'NONE', #1870, .T. ) ;
#4968 = FACE_OUTER_BOUND ( 'NONE', #5532, .T. ) ;
#4969 = CARTESIAN_POINT ( 'NONE',  ( 31.46730126651353743, 44.65288804175804671, 0.000000000000000000 ) ) ;
#4970 = CARTESIAN_POINT ( 'NONE',  ( 22.67155249433496067, 59.53052838909677291, 2.500000000000000000 ) ) ;
#4971 = EDGE_CURVE ( 'NONE', #7137, #3601, #6920, .T. ) ;
#4972 = DIRECTION ( 'NONE',  ( -0.9999999932531434821, -0.0001161624429837051142, -3.231174267785265072E-27 ) ) ;
#4973 = ORIENTED_EDGE ( 'NONE', *, *, #3126, .T. ) ;
#4974 = ADVANCED_FACE ( 'NONE', ( #133 ), #2844, .T. ) ;
#4975 = EDGE_CURVE ( 'NONE', #172, #3844, #1695, .T. ) ;
#4976 = DIRECTION ( 'NONE',  ( 0.0001161624429838024349, -0.9999999932531434821, 0.000000000000000000 ) ) ;
#4977 = DIRECTION ( 'NONE',  ( -0.9999998850681161011, -0.0004794410854595740346, 0.000000000000000000 ) ) ;
#4978 = DIRECTION ( 'NONE',  ( 0.000000000000000000, 0.000000000000000000, 1.000000000000000000 ) ) ;
#4979 = PLANE ( 'NONE',  #3845 ) ;
#4980 = DIRECTION ( 'NONE',  ( 0.0001161624429836786326, -0.9999999932531434821, 0.000000000000000000 ) ) ;
#4981 = EDGE_CURVE ( 'NONE', #5112, #8643, #6849, .T. ) ;
#4982 = ORIENTED_EDGE ( 'NONE', *, *, #6929, .T. ) ;
#4983 = EDGE_CURVE ( 'NONE', #3647, #6377, #2254, .T. ) ;
#4984 = VERTEX_POINT ( 'NONE', #2349 ) ;
#4985 = CARTESIAN_POINT ( 'NONE',  ( -0.000000000000000000, 90.40681127924000293, 2.500000000000000000 ) ) ;
#4986 = PLANE ( 'NONE',  #5044 ) ;
#4987 = VECTOR ( 'NONE', #6064, 1000.000000000000000 ) ;
#4988 = LINE ( 'NONE', #7712, #8586 ) ;
#4989 = ORIENTED_EDGE ( 'NONE', *, *, #3268, .T. ) ;
#4990 = VECTOR ( 'NONE', #150, 1000.000000000000000 ) ;
#4991 = ORIENTED_EDGE ( 'NONE', *, *, #7809, .F. ) ;
#4992 = CARTESIAN_POINT ( 'NONE',  ( 29.97226753285274015, 1.900000000000000133, 1.000000000000000888 ) ) ;
#4993 = EDGE_CURVE ( 'NONE', #3238, #6519, #2414, .T. ) ;
#4994 = VERTEX_POINT ( 'NONE', #7768 ) ;
#4995 = AXIS2_PLACEMENT_3D ( 'NONE', #940, #4392, #3632 ) ;
#4996 = ORIENTED_EDGE ( 'NONE', *, *, #5775, .F. ) ;
#4997 = DIRECTION ( 'NONE',  ( -1.000000000000000000, -0.000000000000000000, -0.000000000000000000 ) ) ;
#4998 = DIRECTION ( 'NONE',  ( -1.000000000000000000, 0.000000000000000000, 0.000000000000000000 ) ) ;
#4999 = DIRECTION ( 'NONE',  ( 3.155714671910230055E-43, -2.716639362568421076E-39, 1.000000000000000000 ) ) ;
#5000 = DIRECTION ( 'NONE',  ( -0.0001161624429838521320, 0.9999999932531434821, 0.000000000000000000 ) ) ;
#5001 = DIRECTION ( 'NONE',  ( 1.000000000000000000, 0.000000000000000000, 0.000000000000000000 ) ) ;
#5002 = EDGE_CURVE ( 'NONE', #4133, #8135, #1053, .T. ) ;
#5003 = AXIS2_PLACEMENT_3D ( 'NONE', #5049, #1720, #7001 ) ;
#5004 = AXIS2_PLACEMENT_3D ( 'NONE', #3476, #6741, #613 ) ;
#5005 = CIRCLE ( 'NONE', #2856, 0.5000000000000019984 ) ;
#5006 = ORIENTED_EDGE ( 'NONE', *, *, #1538, .F. ) ;
#5007 = CARTESIAN_POINT ( 'NONE',  ( 10.05780362000000139, 48.25000098000001003, 3.000000000000000000 ) ) ;
#5008 = EDGE_CURVE ( 'NONE', #5578, #1512, #5972, .T. ) ;
#5009 = ORIENTED_EDGE ( 'NONE', *, *, #2563, .T. ) ;
#5010 = CIRCLE ( 'NONE', #568, 1.000000000000000888 ) ;
#5011 = CARTESIAN_POINT ( 'NONE',  ( 0.0001125972305337806701, 48.76262339457220207, -19.25780817680636048 ) ) ;
#5012 = AXIS2_PLACEMENT_3D ( 'NONE', #7255, #6512, #381 ) ;
#5013 = ORIENTED_EDGE ( 'NONE', *, *, #862, .T. ) ;
#5014 = CARTESIAN_POINT ( 'NONE',  ( -0.04799126095333432901, 100.0983371928258805, -1.898419459999999948 ) ) ;
#5015 = CARTESIAN_POINT ( 'NONE',  ( 21.70523890626569496, 1.900024650409877447, 1.500000000000000000 ) ) ;
#5016 = CARTESIAN_POINT ( 'NONE',  ( 24.83782779072456037, -0.09999999999999896472, 2.499999999999998668 ) ) ;
#5017 = CIRCLE ( 'NONE', #3433, 1.000000000000000222 ) ;
#5018 = LINE ( 'NONE', #2857, #3473 ) ;
#5019 = FACE_OUTER_BOUND ( 'NONE', #4146, .T. ) ;
#5020 = AXIS2_PLACEMENT_3D ( 'NONE', #5577, #8116, #4913 ) ;
#5021 = ORIENTED_EDGE ( 'NONE', *, *, #2629, .T. ) ;
#5022 = CARTESIAN_POINT ( 'NONE',  ( 26.46627028666666703, 30.48645755610094454, 3.495945796714908571 ) ) ;
#5023 = FACE_OUTER_BOUND ( 'NONE', #4095, .T. ) ;
#5024 = CARTESIAN_POINT ( 'NONE',  ( 0.000000000000000000, 96.92773413321998532, 2.500000000000000000 ) ) ;
#5025 = VECTOR ( 'NONE', #4556, 1000.000000000000000 ) ;
#5026 = LINE ( 'NONE', #4303, #1008 ) ;
#5027 = ADVANCED_FACE ( 'NONE', ( #1581 ), #4330, .F. ) ;
#5028 = AXIS2_PLACEMENT_3D ( 'NONE', #2744, #8156, #5482 ) ;
#5029 = VECTOR ( 'NONE', #3074, 1000.000000000000227 ) ;
#5030 = EDGE_LOOP ( 'NONE', ( #6909, #5052, #1774, #1071 ) ) ;
#5031 = ORIENTED_EDGE ( 'NONE', *, *, #1133, .F. ) ;
#5032 = PLANE ( 'NONE',  #3571 ) ;
#5033 = CARTESIAN_POINT ( 'NONE',  ( 10.05780361999999961, 62.75000098000001003, 3.000000000000000000 ) ) ;
#5034 = AXIS2_PLACEMENT_3D ( 'NONE', #4709, #18, #3354 ) ;
#5035 = CARTESIAN_POINT ( 'NONE',  ( 2.807733980969242094, 108.0997072644481563, 0.000000000000000000 ) ) ;
#5036 = ORIENTED_EDGE ( 'NONE', *, *, #7644, .F. ) ;
#5037 = EDGE_CURVE ( 'NONE', #5660, #7827, #3652, .T. ) ;
#5038 = CIRCLE ( 'NONE', #6738, 4.000000000000000000 ) ;
#5039 = EDGE_CURVE ( 'NONE', #8723, #8601, #418, .T. ) ;
#5040 = ORIENTED_EDGE ( 'NONE', *, *, #3669, .T. ) ;
#5041 = CIRCLE ( 'NONE', #6889, 1.999999999999998224 ) ;
#5042 = ORIENTED_EDGE ( 'NONE', *, *, #6455, .T. ) ;
#5043 = ORIENTED_EDGE ( 'NONE', *, *, #7688, .T. ) ;
#5044 = AXIS2_PLACEMENT_3D ( 'NONE', #4447, #2242, #3096 ) ;
#5045 = ORIENTED_EDGE ( 'NONE', *, *, #7929, .T. ) ;
#5046 = CARTESIAN_POINT ( 'NONE',  ( 16.90784089497277520, 44.32418304381669572, 1.319999999999899920 ) ) ;
#5047 = DIRECTION ( 'NONE',  ( 0.000000000000000000, -1.000000000000000000, 0.000000000000000000 ) ) ;
#5048 = DIRECTION ( 'NONE',  ( 0.9999999932531434821, 0.0001161624429837653145, 0.000000000000000000 ) ) ;
#5049 = CARTESIAN_POINT ( 'NONE',  ( 32.46724094116238035, 45.17226502389457465, -2.998419460000000480 ) ) ;
#5050 = VERTEX_POINT ( 'NONE', #5715 ) ;
#5051 = VECTOR ( 'NONE', #4206, 1000.000000000000114 ) ;
#5052 = ORIENTED_EDGE ( 'NONE', *, *, #5090, .F. ) ;
#5053 = CARTESIAN_POINT ( 'NONE',  ( 31.46730126651353743, 44.65288804175804671, 0.5000000000000000000 ) ) ;
#5054 = ORIENTED_EDGE ( 'NONE', *, *, #66, .F. ) ;
#5055 = LINE ( 'NONE', #3027, #4863 ) ;
#5056 = CYLINDRICAL_SURFACE ( 'NONE', #5207, 0.9999999999999974465 ) ;
#5057 = CARTESIAN_POINT ( 'NONE',  ( 0.000000000000000000, 74.65143637488998252, 1.500000000000000000 ) ) ;
#5058 = LINE ( 'NONE', #2222, #3511 ) ;
#5059 = VECTOR ( 'NONE', #8359, 1000.000000000000000 ) ;
#5060 = LINE ( 'NONE', #3033, #2766 ) ;
#5061 = FACE_OUTER_BOUND ( 'NONE', #2043, .T. ) ;
#5062 = ADVANCED_FACE ( 'NONE', ( #5632 ), #4409, .F. ) ;
#5063 = AXIS2_PLACEMENT_3D ( 'NONE', #2845, #5591, #8320 ) ;
#5064 = ORIENTED_EDGE ( 'NONE', *, *, #5820, .T. ) ;
#5065 = AXIS2_PLACEMENT_3D ( 'NONE', #6101, #194, #8067 ) ;
#5066 = ORIENTED_EDGE ( 'NONE', *, *, #8481, .F. ) ;
#5067 = CARTESIAN_POINT ( 'NONE',  ( -0.6850345943869041720, 45.34681361558800461, -0.03000000337342791784 ) ) ;
#5068 = DIRECTION ( 'NONE',  ( -0.000000000000000000, -0.000000000000000000, -1.000000000000000000 ) ) ;
#5069 = DIRECTION ( 'NONE',  ( -1.000000000000000000, 0.000000000000000000, 0.000000000000000000 ) ) ;
#5070 = CARTESIAN_POINT ( 'NONE',  ( 27.14836102379999971, 90.90681127924001714, 2.499999999999998668 ) ) ;
#5071 = LINE ( 'NONE', #2953, #6443 ) ;
#5072 = DIRECTION ( 'NONE',  ( 1.000000000000000000, 0.000000000000000000, 0.000000000000000000 ) ) ;
#5073 = VECTOR ( 'NONE', #8258, 1000.000000000000000 ) ;
#5074 = CIRCLE ( 'NONE', #7492, 0.5000000000000004441 ) ;
#5075 = AXIS2_PLACEMENT_3D ( 'NONE', #3495, #6939, #809 ) ;
#5076 = ORIENTED_EDGE ( 'NONE', *, *, #1461, .T. ) ;
#5077 = CARTESIAN_POINT ( 'NONE',  ( 0.8200704119861902397, 1.899767675114046872, 0.000000000000000000 ) ) ;
#5078 = CARTESIAN_POINT ( 'NONE',  ( 2.806775098798322876, 110.0997070345843980, 0.000000000000000000 ) ) ;
#5079 = EDGE_CURVE ( 'NONE', #3057, #8744, #253, .T. ) ;
#5080 = EDGE_LOOP ( 'NONE', ( #3745, #6240, #1767, #7559, #3676, #3803, #4510 ) ) ;
#5081 = CARTESIAN_POINT ( 'NONE',  ( 2.807254539883782485, 109.0997071495162771, 117.8988879368424563 ) ) ;
#5082 = EDGE_CURVE ( 'NONE', #2974, #6698, #2303, .T. ) ;
#5083 = CARTESIAN_POINT ( 'NONE',  ( 32.47226751261217714, 1.900348487320492552, 3.500000000000000000 ) ) ;
#5084 = ORIENTED_EDGE ( 'NONE', *, *, #4531, .T. ) ;
#5085 = AXIS2_PLACEMENT_3D ( 'NONE', #8817, #106, #3441 ) ;
#5086 = EDGE_LOOP ( 'NONE', ( #6544, #4088, #1196, #1677 ) ) ;
#5087 = ORIENTED_EDGE ( 'NONE', *, *, #1244, .T. ) ;
#5088 = ORIENTED_EDGE ( 'NONE', *, *, #3255, .T. ) ;
#5089 = EDGE_CURVE ( 'NONE', #6452, #1487, #2707, .T. ) ;
#5090 = EDGE_CURVE ( 'NONE', #6041, #5578, #6334, .T. ) ;
#5091 = AXIS2_PLACEMENT_3D ( 'NONE', #1674, #3695, #7773 ) ;
#5092 = ORIENTED_EDGE ( 'NONE', *, *, #1034, .T. ) ;
#5093 = CARTESIAN_POINT ( 'NONE',  ( 12.85780362000000032, 109.1045257962305328, 0.000000000000000000 ) ) ;
#5094 = AXIS2_PLACEMENT_3D ( 'NONE', #1425, #4841, #140 ) ;
#5095 = DIRECTION ( 'NONE',  ( -0.0001161624401756147383, 0.9999999932531437041, 0.000000000000000000 ) ) ;
#5096 = PLANE ( 'NONE',  #3225 ) ;
#5097 = CARTESIAN_POINT ( 'NONE',  ( 8.632803620000000677, 74.15143637488998252, 1.500000000000000000 ) ) ;
#5098 = VERTEX_POINT ( 'NONE', #8490 ) ;
#5099 = AXIS2_PLACEMENT_3D ( 'NONE', #4992, #7629, #1529 ) ;
#5100 = VECTOR ( 'NONE', #470, 1000.000000000000000 ) ;
#5101 = ORIENTED_EDGE ( 'NONE', *, *, #4141, .T. ) ;
#5102 = DIRECTION ( 'NONE',  ( -0.000000000000000000, -0.000000000000000000, -1.000000000000000000 ) ) ;
#5103 = ORIENTED_EDGE ( 'NONE', *, *, #2270, .F. ) ;
#5104 = FACE_OUTER_BOUND ( 'NONE', #4868, .T. ) ;
#5105 = ORIENTED_EDGE ( 'NONE', *, *, #1560, .F. ) ;
#5106 = DIRECTION ( 'NONE',  ( 0.0001161624401737789265, -0.9999999932531437041, 0.000000000000000000 ) ) ;
#5107 = CARTESIAN_POINT ( 'NONE',  ( 14.70325953999999946, 45.39706200000000536, 2.000000000000001776 ) ) ;
#5108 = DIRECTION ( 'NONE',  ( -0.000000000000000000, -0.000000000000000000, 1.000000000000000000 ) ) ;
#5109 = ADVANCED_FACE ( 'NONE', ( #6471 ), #3610, .T. ) ;
#5110 = LINE ( 'NONE', #5247, #8032 ) ;
#5111 = CARTESIAN_POINT ( 'NONE',  ( 5.132803619999998901, 7.050000979999999196, 3.500000000000000000 ) ) ;
#5112 = VERTEX_POINT ( 'NONE', #3064 ) ;
#5113 = ORIENTED_EDGE ( 'NONE', *, *, #6841, .F. ) ;
#5114 = ADVANCED_FACE ( 'NONE', ( #2213 ), #5804, .T. ) ;
#5115 = FILL_AREA_STYLE ('',( #3709 ) ) ;
#5116 = FACE_OUTER_BOUND ( 'NONE', #4872, .T. ) ;
#5117 = CARTESIAN_POINT ( 'NONE',  ( -0.6850345943869041720, 45.34681361558800461, 1.470000003373427955 ) ) ;
#5118 = DIRECTION ( 'NONE',  ( 1.000000000000000000, 0.000000000000000000, 0.000000000000000000 ) ) ;
#5119 = DIRECTION ( 'NONE',  ( 0.000000000000000000, 1.000000000000000000, 0.000000000000000000 ) ) ;
#5120 = FACE_OUTER_BOUND ( 'NONE', #8034, .T. ) ;
#5121 = EDGE_CURVE ( 'NONE', #3647, #3246, #7109, .T. ) ;
#5122 = ORIENTED_EDGE ( 'NONE', *, *, #6527, .F. ) ;
#5123 = CARTESIAN_POINT ( 'NONE',  ( 14.70325953999999946, 33.09706199999999399, 21.25407275812202812 ) ) ;
#5124 = DIRECTION ( 'NONE',  ( 0.000000000000000000, 0.000000000000000000, -1.000000000000000000 ) ) ;
#5125 = EDGE_LOOP ( 'NONE', ( #408, #2321, #4416, #5844 ) ) ;
#5126 = LINE ( 'NONE', #7890, #3123 ) ;
#5127 = CARTESIAN_POINT ( 'NONE',  ( 23.63280361999999712, 74.15143637488998252, 1.500000000000000000 ) ) ;
#5128 = CARTESIAN_POINT ( 'NONE',  ( 9.557803620000006717, 1.105343087892674810E-15, 1.500000000000000000 ) ) ;
#5129 = ORIENTED_EDGE ( 'NONE', *, *, #3409, .T. ) ;
#5130 = ORIENTED_EDGE ( 'NONE', *, *, #4120, .T. ) ;
#5131 = EDGE_LOOP ( 'NONE', ( #1802, #3109, #5103, #2459, #2918 ) ) ;
#5132 = VERTEX_POINT ( 'NONE', #7178 ) ;
#5133 = DIRECTION ( 'NONE',  ( -0.000000000000000000, -1.000000000000000000, 0.000000000000000000 ) ) ;
#5134 = ORIENTED_EDGE ( 'NONE', *, *, #8343, .T. ) ;
#5135 = CARTESIAN_POINT ( 'NONE',  ( 21.96091302770999931, 90.40681127924000293, 2.499999999999998668 ) ) ;
#5136 = CARTESIAN_POINT ( 'NONE',  ( 33.46825808462912022, 36.41610673808393273, -0.7100000000001007727 ) ) ;
#5137 = DIRECTION ( 'NONE',  ( -1.000000000000000000, 0.000000000000000000, 1.387778780781448200E-14 ) ) ;
#5138 = DIRECTION ( 'NONE',  ( -0.000000000000000000, -0.000000000000000000, -1.000000000000000000 ) ) ;
#5139 = ORIENTED_EDGE ( 'NONE', *, *, #90, .T. ) ;
#5140 = ADVANCED_FACE ( 'NONE', ( #3785 ), #3288, .T. ) ;
#5141 = VECTOR ( 'NONE', #1214, 1000.000000000000000 ) ;
#5142 = EDGE_CURVE ( 'NONE', #8268, #4098, #8703, .T. ) ;
#5143 = VERTEX_POINT ( 'NONE', #5888 ) ;
#5144 = FACE_OUTER_BOUND ( 'NONE', #1058, .T. ) ;
#5145 = ORIENTED_EDGE ( 'NONE', *, *, #5910, .T. ) ;
#5146 = PLANE ( 'NONE',  #7852 ) ;
#5147 = ORIENTED_EDGE ( 'NONE', *, *, #5182, .F. ) ;
#5148 = DIRECTION ( 'NONE',  ( 0.000000000000000000, 0.000000000000000000, -1.000000000000000000 ) ) ;
#5149 = CARTESIAN_POINT ( 'NONE',  ( 0.8193215462154018747, 8.346479249872126971, -3.998419459999999592 ) ) ;
#5150 = FACE_OUTER_BOUND ( 'NONE', #8797, .T. ) ;
#5151 = AXIS2_PLACEMENT_3D ( 'NONE', #2894, #7678, #1005 ) ;
#5152 = AXIS2_PLACEMENT_3D ( 'NONE', #7720, #4919, #7039 ) ;
#5153 = CARTESIAN_POINT ( 'NONE',  ( 29.47226753285274015, 1.400000000000000133, 1.500000000000000000 ) ) ;
#5154 = AXIS2_PLACEMENT_3D ( 'NONE', #2103, #74, #4942 ) ;
#5155 = CARTESIAN_POINT ( 'NONE',  ( 2.807733980969242094, 108.0997072644481563, 2.500000000000002220 ) ) ;
#5156 = ADVANCED_FACE ( 'NONE', ( #8617 ), #3153, .T. ) ;
#5157 = EDGE_CURVE ( 'NONE', #1842, #5361, #7568, .T. ) ;
#5158 = AXIS2_PLACEMENT_3D ( 'NONE', #2393, #5138, #2932 ) ;
#5159 = ADVANCED_FACE ( 'NONE', ( #7949 ), #1811, .T. ) ;
#5160 = VECTOR ( 'NONE', #7305, 1000.000000000000000 ) ;
#5161 = VERTEX_POINT ( 'NONE', #3197 ) ;
#5162 = ORIENTED_EDGE ( 'NONE', *, *, #8089, .T. ) ;
#5163 = AXIS2_PLACEMENT_3D ( 'NONE', #8080, #7318, #8123 ) ;
#5164 =( LENGTH_UNIT ( ) NAMED_UNIT ( * ) SI_UNIT ( .MILLI., .METRE. ) );
#5165 = DIRECTION ( 'NONE',  ( -0.9999999932531434821, -0.0001161624429837051277, -0.000000000000000000 ) ) ;
#5166 = CARTESIAN_POINT ( 'NONE',  ( 29.47226753285274015, 1.900000000000000133, 2.500000000000002220 ) ) ;
#5167 = DIRECTION ( 'NONE',  ( 0.000000000000000000, 0.000000000000000000, -1.000000000000000000 ) ) ;
#5168 = DIRECTION ( 'NONE',  ( -0.000000000000000000, -0.000000000000000000, -1.000000000000000000 ) ) ;
#5169 = CIRCLE ( 'NONE', #3861, 1.000000000000000888 ) ;
#5170 = ADVANCED_FACE ( 'NONE', ( #3875 ), #1100, .F. ) ;
#5171 = ORIENTED_EDGE ( 'NONE', *, *, #3525, .T. ) ;
#5172 = EDGE_CURVE ( 'NONE', #5143, #3162, #3108, .T. ) ;
#5173 = CARTESIAN_POINT ( 'NONE',  ( 13.86478998223519277, 3.805886980535498676, 2.500000000000000000 ) ) ;
#5174 = CARTESIAN_POINT ( 'NONE',  ( 33.47226753285274015, 1.900000000000000133, 2.500000000000002220 ) ) ;
#5175 = CIRCLE ( 'NONE', #297, 0.5000000000000000000 ) ;
#5176 = ORIENTED_EDGE ( 'NONE', *, *, #3820, .F. ) ;
#5177 = CARTESIAN_POINT ( 'NONE',  ( 12.85780361999999855, 108.8974189912408121, 1.500000000000000222 ) ) ;
#5178 = CARTESIAN_POINT ( 'NONE',  ( 9.557803619999999611, 62.25000098000001003, 3.000000000000000000 ) ) ;
#5179 = DIRECTION ( 'NONE',  ( 0.000000000000000000, 0.000000000000000000, 1.000000000000000000 ) ) ;
#5180 = ORIENTED_EDGE ( 'NONE', *, *, #1303, .T. ) ;
#5181 = VECTOR ( 'NONE', #5564, 1000.000000000000000 ) ;
#5182 = EDGE_CURVE ( 'NONE', #6519, #7181, #5010, .T. ) ;
#5183 = VECTOR ( 'NONE', #1191, 999.9999999999998863 ) ;
#5184 = ORIENTED_EDGE ( 'NONE', *, *, #5423, .T. ) ;
#5185 = ORIENTED_EDGE ( 'NONE', *, *, #4770, .T. ) ;
#5186 = DIRECTION ( 'NONE',  ( -1.156482317317871725E-16, 1.000000000000000000, 0.000000000000000000 ) ) ;
#5187 = AXIS2_PLACEMENT_3D ( 'NONE', #7157, #5862, #5167 ) ;
#5188 = VERTEX_POINT ( 'NONE', #3919 ) ;
#5189 = PLANE ( 'NONE',  #5012 ) ;
#5190 = FACE_OUTER_BOUND ( 'NONE', #1155, .T. ) ;
#5191 = DIRECTION ( 'NONE',  ( -0.9999999999999849010, -1.748455547012635794E-07, 0.000000000000000000 ) ) ;
#5192 = CIRCLE ( 'NONE', #3453, 0.9999999999999971134 ) ;
#5193 = CARTESIAN_POINT ( 'NONE',  ( -0.6849958735725000247, 45.34681361671248112, -0.03000000000000007869 ) ) ;
#5194 = ORIENTED_EDGE ( 'NONE', *, *, #1849, .T. ) ;
#5195 = AXIS2_PLACEMENT_3D ( 'NONE', #5155, #3077, #7782 ) ;
#5196 = EDGE_LOOP ( 'NONE', ( #669, #5064, #411, #3336 ) ) ;
#5197 = VECTOR ( 'NONE', #6193, 1000.000000000000000 ) ;
#5198 = CARTESIAN_POINT ( 'NONE',  ( 2.806775098798322876, 110.0997070345843980, 0.000000000000000000 ) ) ;
#5199 = VERTEX_POINT ( 'NONE', #8029 ) ;
#5200 = FACE_OUTER_BOUND ( 'NONE', #101, .T. ) ;
#5201 = ORIENTED_EDGE ( 'NONE', *, *, #6358, .T. ) ;
#5202 = DIRECTION ( 'NONE',  ( 0.000000000000000000, 0.000000000000000000, -1.000000000000000000 ) ) ;
#5203 = LINE ( 'NONE', #3164, #4163 ) ;
#5204 = DIRECTION ( 'NONE',  ( 0.000000000000000000, 0.000000000000000000, 1.000000000000000000 ) ) ;
#5205 = ADVANCED_FACE ( 'NONE', ( #3245 ), #7399, .F. ) ;
#5206 = LINE ( 'NONE', #3166, #7330 ) ;
#5207 = AXIS2_PLACEMENT_3D ( 'NONE', #837, #185, #7683 ) ;
#5208 = EDGE_CURVE ( 'NONE', #7898, #2974, #1766, .T. ) ;
#5209 = CARTESIAN_POINT ( 'NONE',  ( 29.95992962791234149, 108.1125435047493397, 1.500000000000000000 ) ) ;
#5210 = VERTEX_POINT ( 'NONE', #5358 ) ;
#5211 = EDGE_LOOP ( 'NONE', ( #2078, #1021, #91, #4006 ) ) ;
#5212 = CARTESIAN_POINT ( 'NONE',  ( 21.05780361999999428, 48.25000098000001003, 3.000000000000000000 ) ) ;
#5213 = PLANE ( 'NONE',  #1632 ) ;
#5214 = EDGE_CURVE ( 'NONE', #8226, #4053, #4637, .T. ) ;
#5215 = DIRECTION ( 'NONE',  ( 0.0001161624429837051142, -0.9999999932531433711, -5.433278761794394818E-39 ) ) ;
#5216 = CARTESIAN_POINT ( 'NONE',  ( 2.183631627877344439, 45.89706199999999114, 1.499984751321243204 ) ) ;
#5217 = CARTESIAN_POINT ( 'NONE',  ( 16.90897545511423772, 34.55716943675097497, 0.5000000000000000000 ) ) ;
#5218 = VERTEX_POINT ( 'NONE', #8753 ) ;
#5219 = DIRECTION ( 'NONE',  ( 0.000000000000000000, 0.000000000000000000, 1.000000000000000000 ) ) ;
#5220 = CARTESIAN_POINT ( 'NONE',  ( 32.96751697163894335, 42.79604857330403433, -0.2100000000001000788 ) ) ;
#5221 = VERTEX_POINT ( 'NONE', #2621 ) ;
#5222 = FACE_BOUND ( 'NONE', #2555, .T. ) ;
#5223 = CIRCLE ( 'NONE', #1338, 0.5000000000000013323 ) ;
#5224 = ADVANCED_FACE ( 'NONE', ( #5840 ), #4287, .T. ) ;
#5225 = CARTESIAN_POINT ( 'NONE',  ( 5.132803619999998901, 29.55000098000000008, 1.500000000000000000 ) ) ;
#5226 = VECTOR ( 'NONE', #1212, 1000.000000000000114 ) ;
#5227 = ORIENTED_EDGE ( 'NONE', *, *, #2731, .T. ) ;
#5228 = ORIENTED_EDGE ( 'NONE', *, *, #6455, .F. ) ;
#5229 = DIRECTION ( 'NONE',  ( -0.0001161624429838521320, 0.9999999932531434821, 0.000000000000000000 ) ) ;
#5230 = VERTEX_POINT ( 'NONE', #1944 ) ;
#5231 = EDGE_CURVE ( 'NONE', #6571, #8245, #1852, .T. ) ;
#5232 = CARTESIAN_POINT ( 'NONE',  ( 27.13280362000000068, 7.550000979999999196, 3.000000000000000000 ) ) ;
#5233 = EDGE_CURVE ( 'NONE', #8825, #7669, #6856, .T. ) ;
#5234 = DIRECTION ( 'NONE',  ( -0.000000000000000000, -0.000000000000000000, -1.000000000000000000 ) ) ;
#5235 = DIRECTION ( 'NONE',  ( -3.155714671910230055E-43, 2.716639362568421076E-39, -1.000000000000000000 ) ) ;
#5236 = DIRECTION ( 'NONE',  ( -0.000000000000000000, -0.000000000000000000, -1.000000000000000000 ) ) ;
#5237 = ORIENTED_EDGE ( 'NONE', *, *, #7037, .F. ) ;
#5238 = AXIS2_PLACEMENT_3D ( 'NONE', #8824, #4714, #2693 ) ;
#5239 = ORIENTED_EDGE ( 'NONE', *, *, #6378, .F. ) ;
#5240 = DIRECTION ( 'NONE',  ( 0.9999999932531439262, 0.0001161624401737789401, -0.000000000000000000 ) ) ;
#5241 = VECTOR ( 'NONE', #2218, 1000.000000000000000 ) ;
#5242 = CARTESIAN_POINT ( 'NONE',  ( -0.000000000000000000, 45.89706200000000536, 2.000000000000001776 ) ) ;
#5243 = EDGE_LOOP ( 'NONE', ( #6218, #3644, #5706, #6150 ) ) ;
#5244 = DIRECTION ( 'NONE',  ( -1.000000000000000000, 0.000000000000000000, 0.000000000000000000 ) ) ;
#5245 = FACE_OUTER_BOUND ( 'NONE', #6760, .T. ) ;
#5246 = CARTESIAN_POINT ( 'NONE',  ( 26.64836102379999971, 90.90681127924001714, 2.499999999999998668 ) ) ;
#5247 = CARTESIAN_POINT ( 'NONE',  ( 29.47226753285274015, 90.40681127924000293, 1.500000000000000000 ) ) ;
#5248 = VECTOR ( 'NONE', #5850, 1000.000000000000000 ) ;
#5249 = ORIENTED_EDGE ( 'NONE', *, *, #711, .T. ) ;
#5250 = VERTEX_POINT ( 'NONE', #8307 ) ;
#5251 = CARTESIAN_POINT ( 'NONE',  ( 21.05780361999999428, 48.25000098000001003, 3.500000000000000000 ) ) ;
#5252 = CARTESIAN_POINT ( 'NONE',  ( 23.63280361999999712, 74.15143637488998252, 3.000000000000000000 ) ) ;
#5253 = DIRECTION ( 'NONE',  ( -0.9999998850681161011, -0.0004794410854713765510, 0.000000000000000000 ) ) ;
#5254 = EDGE_CURVE ( 'NONE', #1189, #3058, #7443, .T. ) ;
#5255 = EDGE_CURVE ( 'NONE', #826, #2424, #8721, .T. ) ;
#5256 = VERTEX_POINT ( 'NONE', #6777 ) ;
#5257 = LINE ( 'NONE', #1832, #6139 ) ;
#5258 = LINE ( 'NONE', #2609, #7493 ) ;
#5259 = VERTEX_POINT ( 'NONE', #4101 ) ;
#5260 = DIRECTION ( 'NONE',  ( 1.000000000000000000, 0.000000000000000000, 0.000000000000000000 ) ) ;
#5261 = ORIENTED_EDGE ( 'NONE', *, *, #1421, .F. ) ;
#5262 = EDGE_CURVE ( 'NONE', #2019, #5617, #6149, .T. ) ;
#5263 = EDGE_CURVE ( 'NONE', #598, #7121, #1709, .T. ) ;
#5264 = VERTEX_POINT ( 'NONE', #6194 ) ;
#5265 = EDGE_CURVE ( 'NONE', #6553, #110, #7535, .T. ) ;
#5266 = EDGE_LOOP ( 'NONE', ( #238, #7763, #7254, #3398 ) ) ;
#5267 = DIRECTION ( 'NONE',  ( -1.000000000000000000, 0.000000000000000000, 0.000000000000000000 ) ) ;
#5268 = ORIENTED_EDGE ( 'NONE', *, *, #8452, .F. ) ;
#5269 = DIRECTION ( 'NONE',  ( -0.000000000000000000, -0.000000000000000000, -1.000000000000000000 ) ) ;
#5270 = CARTESIAN_POINT ( 'NONE',  ( 8.132803620000000677, 0.000000000000000000, 1.500000000000000000 ) ) ;
#5271 = DIRECTION ( 'NONE',  ( 0.000000000000000000, 0.000000000000000000, 1.000000000000000000 ) ) ;
#5272 = DIRECTION ( 'NONE',  ( 0.9999999999999961142, 8.742277783456231917E-08, 0.000000000000000000 ) ) ;
#5273 = VERTEX_POINT ( 'NONE', #84 ) ;
#5274 = EDGE_LOOP ( 'NONE', ( #2532, #1619, #1794, #6017 ) ) ;
#5275 = CARTESIAN_POINT ( 'NONE',  ( 0.000000000000000000, 14.90000000000000568, 3.426814665646245039 ) ) ;
#5276 = ORIENTED_EDGE ( 'NONE', *, *, #4824, .F. ) ;
#5277 = CARTESIAN_POINT ( 'NONE',  ( 1.816504539260360263, 32.59712008122149030, 1.000000000000000888 ) ) ;
#5278 = EDGE_LOOP ( 'NONE', ( #6867, #1713, #4445, #3066 ) ) ;
#5279 = CARTESIAN_POINT ( 'NONE',  ( 2.820070398492477537, 1.900000000000000577, -3.998419460000000480 ) ) ;
#5280 = DIRECTION ( 'NONE',  ( -0.9999999999999991118, -4.371138883555511949E-08, 0.000000000000000000 ) ) ;
#5281 = LINE ( 'NONE', #7959, #7651 ) ;
#5282 = EDGE_CURVE ( 'NONE', #1618, #630, #2071, .T. ) ;
#5283 = LINE ( 'NONE', #1236, #4625 ) ;
#5284 = VECTOR ( 'NONE', #1477, 1000.000000000000000 ) ;
#5285 = DIRECTION ( 'NONE',  ( 0.9999999932531437041, 0.0001161624401737789265, -0.000000000000000000 ) ) ;
#5286 = VECTOR ( 'NONE', #3956, 999.9999999999998863 ) ;
#5287 = ADVANCED_FACE ( 'NONE', ( #5445 ), #1358, .F. ) ;
#5288 = ORIENTED_EDGE ( 'NONE', *, *, #4348, .T. ) ;
#5289 = ADVANCED_FACE ( 'NONE', ( #3417 ), #1313, .F. ) ;
#5290 = ORIENTED_EDGE ( 'NONE', *, *, #5665, .F. ) ;
#5291 = AXIS2_PLACEMENT_3D ( 'NONE', #7880, #3259, #7832 ) ;
#5292 = CARTESIAN_POINT ( 'NONE',  ( 29.45992963128577458, 108.1124854235292645, 2.500000000000002220 ) ) ;
#5293 = DIRECTION ( 'NONE',  ( 0.000000000000000000, 0.000000000000000000, 1.000000000000000000 ) ) ;
#5294 = AXIS2_PLACEMENT_3D ( 'NONE', #5694, #6447, #8384 ) ;
#5295 = CYLINDRICAL_SURFACE ( 'NONE', #2746, 0.5000000000000004441 ) ;
#5296 = CARTESIAN_POINT ( 'NONE',  ( 32.47248782355671182, 0.003772083449547375747, -3.998419460000000480 ) ) ;
#5297 = AXIS2_PLACEMENT_3D ( 'NONE', #5942, #4519, #2584 ) ;
#5298 = ORIENTED_EDGE ( 'NONE', *, *, #4051, .T. ) ;
#5299 = ORIENTED_EDGE ( 'NONE', *, *, #3484, .F. ) ;
#5300 = DIRECTION ( 'NONE',  ( -0.000000000000000000, -0.000000000000000000, -1.000000000000000000 ) ) ;
#5301 = CARTESIAN_POINT ( 'NONE',  ( -1.181346374334711014, 14.09624685751763451, -2.098419372125607030 ) ) ;
#5302 = VECTOR ( 'NONE', #2667, 1000.000000000000000 ) ;
#5303 = EDGE_LOOP ( 'NONE', ( #6673, #7172, #599, #3905 ) ) ;
#5304 = CARTESIAN_POINT ( 'NONE',  ( 15.70325953999999946, 33.59706199999999399, 1.500000000000000000 ) ) ;
#5305 = ADVANCED_FACE ( 'NONE', ( #6104 ), #4864, .F. ) ;
#5306 = LINE ( 'NONE', #5128, #4017 ) ;
#5307 = LINE ( 'NONE', #6672, #6838 ) ;
#5308 = EDGE_LOOP ( 'NONE', ( #2522, #5585, #7732, #7089, #4850, #7167, #4512 ) ) ;
#5309 = VECTOR ( 'NONE', #5336, 1000.000000000000000 ) ;
#5310 = EDGE_LOOP ( 'NONE', ( #7170, #3778, #4917, #2407 ) ) ;
#5311 = CARTESIAN_POINT ( 'NONE',  ( 29.45992963128577458, 108.1124854235292645, 0.000000000000000000 ) ) ;
#5312 = CARTESIAN_POINT ( 'NONE',  ( 23.63280362000000068, 64.95000097999999866, 1.500000000000000000 ) ) ;
#5313 = DIRECTION ( 'NONE',  ( 1.000000000000000000, 0.000000000000000000, 0.000000000000000000 ) ) ;
#5314 = DIRECTION ( 'NONE',  ( -0.0001161624429838521320, 0.9999999932531434821, 3.035766082959409891E-14 ) ) ;
#5315 = CIRCLE ( 'NONE', #165, 1.000000000000000000 ) ;
#5316 = EDGE_CURVE ( 'NONE', #3114, #7898, #6066, .T. ) ;
#5317 = CARTESIAN_POINT ( 'NONE',  ( 2.820070398492491304, 0.9000000000000002442, 0.000000000000000000 ) ) ;
#5318 = ORIENTED_EDGE ( 'NONE', *, *, #7834, .F. ) ;
#5319 = EDGE_CURVE ( 'NONE', #8276, #1207, #2998, .T. ) ;
#5320 = AXIS2_PLACEMENT_3D ( 'NONE', #3714, #3809, #404 ) ;
#5321 = EDGE_LOOP ( 'NONE', ( #564, #6074, #3435, #4703 ) ) ;
#5322 = CARTESIAN_POINT ( 'NONE',  ( 29.42110518602579106, 108.6124668669588971, 1.000000000000000000 ) ) ;
#5323 = VECTOR ( 'NONE', #3689, 1000.000000000000227 ) ;
#5324 = ORIENTED_EDGE ( 'NONE', *, *, #6248, .T. ) ;
#5325 = DIRECTION ( 'NONE',  ( -0.0001161624429840672919, 0.9999999932531280500, -1.757488021147859783E-07 ) ) ;
#5326 = DIRECTION ( 'NONE',  ( -0.000000000000000000, -0.000000000000000000, -1.000000000000000000 ) ) ;
#5327 = CARTESIAN_POINT ( 'NONE',  ( 1.318560243610368499, 14.90000000000000568, -1.898419459999999948 ) ) ;
#5328 = DIRECTION ( 'NONE',  ( -0.000000000000000000, -0.000000000000000000, -1.000000000000000000 ) ) ;
#5329 = CARTESIAN_POINT ( 'NONE',  ( 21.55780361999999784, 63.25000098000001003, 3.500000000000000000 ) ) ;
#5330 = AXIS2_PLACEMENT_3D ( 'NONE', #191, #4972, #2858 ) ;
#5331 = LINE ( 'NONE', #618, #1886 ) ;
#5332 = AXIS2_PLACEMENT_3D ( 'NONE', #5701, #861, #7028 ) ;
#5333 = ORIENTED_EDGE ( 'NONE', *, *, #4314, .F. ) ;
#5334 = ORIENTED_EDGE ( 'NONE', *, *, #7258, .F. ) ;
#5335 = VECTOR ( 'NONE', #2978, 1000.000000000000000 ) ;
#5336 = DIRECTION ( 'NONE',  ( -0.000000000000000000, -0.000000000000000000, -1.000000000000000000 ) ) ;
#5337 = DIRECTION ( 'NONE',  ( -0.0001161624401756152668, 0.9999999932531437041, 0.000000000000000000 ) ) ;
#5338 = AXIS2_PLACEMENT_3D ( 'NONE', #3798, #3886, #1681 ) ;
#5339 = EDGE_CURVE ( 'NONE', #8825, #4209, #734, .T. ) ;
#5340 = DIRECTION ( 'NONE',  ( -1.000000000000000000, 0.000000000000000000, 0.000000000000000000 ) ) ;
#5341 = ADVANCED_FACE ( 'NONE', ( #5401 ), #8795, .F. ) ;
#5342 = FACE_OUTER_BOUND ( 'NONE', #2205, .T. ) ;
#5343 = DIRECTION ( 'NONE',  ( -0.000000000000000000, 1.000000000000000000, -0.000000000000000000 ) ) ;
#5344 = ORIENTED_EDGE ( 'NONE', *, *, #7400, .T. ) ;
#5345 = ORIENTED_EDGE ( 'NONE', *, *, #2065, .F. ) ;
#5346 = CARTESIAN_POINT ( 'NONE',  ( 1.316504542633788910, 33.09706199999999399, 0.000000000000000000 ) ) ;
#5347 = DIRECTION ( 'NONE',  ( 0.9999999932531438152, 0.0001161624401737049839, 1.504632769052528010E-36 ) ) ;
#5348 = ORIENTED_EDGE ( 'NONE', *, *, #2591, .T. ) ;
#5349 = FACE_OUTER_BOUND ( 'NONE', #5873, .T. ) ;
#5350 = DIRECTION ( 'NONE',  ( 0.9999998850681161011, 0.0004794410854595740346, -0.000000000000000000 ) ) ;
#5351 = CARTESIAN_POINT ( 'NONE',  ( 0.000000000000000000, -0.5999999999999994227, 0.000000000000000000 ) ) ;
#5352 = ORIENTED_EDGE ( 'NONE', *, *, #7518, .T. ) ;
#5353 = ORIENTED_EDGE ( 'NONE', *, *, #1024, .T. ) ;
#5354 = DIRECTION ( 'NONE',  ( 1.000000000000000000, 0.000000000000000000, 0.000000000000000000 ) ) ;
#5355 = ADVANCED_FACE ( 'NONE', ( #1449 ), #7431, .F. ) ;
#5356 = DIRECTION ( 'NONE',  ( 1.000000000000000000, 0.000000000000000000, 0.000000000000000000 ) ) ;
#5357 = DIRECTION ( 'NONE',  ( 1.000000000000000000, 0.000000000000000000, 0.000000000000000000 ) ) ;
#5358 = CARTESIAN_POINT ( 'NONE',  ( 13.36479015296693795, -0.5999999999999994227, 0.000000000000000000 ) ) ;
#5359 = ORIENTED_EDGE ( 'NONE', *, *, #7987, .T. ) ;
#5360 = ADVANCED_FACE ( 'NONE', ( #3330 ), #4185, .T. ) ;
#5361 = VERTEX_POINT ( 'NONE', #5703 ) ;
#5362 = EDGE_CURVE ( 'NONE', #2424, #5250, #1615, .T. ) ;
#5363 = CARTESIAN_POINT ( 'NONE',  ( 22.23782773732521534, 4.377977035278656004, -19.25780817680636048 ) ) ;
#5364 = EDGE_LOOP ( 'NONE', ( #3148, #3296, #5396, #1227, #6634, #7437, #2165, #1261 ) ) ;
#5365 = LINE ( 'NONE', #5242, #1281 ) ;
#5366 = CIRCLE ( 'NONE', #3786, 0.9999999999999971134 ) ;
#5367 = VERTEX_POINT ( 'NONE', #3724 ) ;
#5368 = CARTESIAN_POINT ( 'NONE',  ( -0.6849765133950896923, 45.34681559616981872, -0.02999999999999999889 ) ) ;
#5369 = DIRECTION ( 'NONE',  ( -0.000000000000000000, -0.000000000000000000, 1.000000000000000000 ) ) ;
#5370 = FACE_OUTER_BOUND ( 'NONE', #1417, .T. ) ;
#5371 = CARTESIAN_POINT ( 'NONE',  ( 19.35780361999999855, 108.6076421061782611, 1.500000000000001332 ) ) ;
#5372 = CARTESIAN_POINT ( 'NONE',  ( 1.317979431395450263, 19.89999996626572809, 3.426814665646245039 ) ) ;
#5373 = DIRECTION ( 'NONE',  ( -1.000000000000000000, 0.000000000000000000, -0.000000000000000000 ) ) ;
#5374 = AXIS2_PLACEMENT_3D ( 'NONE', #6264, #3456, #5523 ) ;
#5375 = VECTOR ( 'NONE', #4752, 1000.000000000000000 ) ;
#5376 = VERTEX_POINT ( 'NONE', #6280 ) ;
#5377 = DIRECTION ( 'NONE',  ( 0.9999998850681161011, 0.0004794410854713767678, 0.000000000000000000 ) ) ;
#5378 = EDGE_LOOP ( 'NONE', ( #827, #3780, #67, #1531 ) ) ;
#5379 = EDGE_CURVE ( 'NONE', #7682, #4735, #7284, .T. ) ;
#5380 = DIRECTION ( 'NONE',  ( 0.000000000000000000, 0.000000000000000000, -1.000000000000000000 ) ) ;
#5381 = AXIS2_PLACEMENT_3D ( 'NONE', #8237, #4335, #5675 ) ;
#5382 = LINE ( 'NONE', #1961, #3605 ) ;
#5383 = VECTOR ( 'NONE', #1066, 1000.000000000000000 ) ;
#5384 = FACE_BOUND ( 'NONE', #6632, .T. ) ;
#5385 = ORIENTED_EDGE ( 'NONE', *, *, #2430, .F. ) ;
#5386 = VERTEX_POINT ( 'NONE', #906 ) ;
#5387 = EDGE_CURVE ( 'NONE', #4541, #3558, #8392, .T. ) ;
#5388 = CARTESIAN_POINT ( 'NONE',  ( 27.13280362000000068, 29.55000098000000008, 3.500000000000000000 ) ) ;
#5389 = DIRECTION ( 'NONE',  ( -1.000000000000000000, 3.469446951953614189E-15, 0.000000000000000000 ) ) ;
#5390 = ORIENTED_EDGE ( 'NONE', *, *, #1571, .T. ) ;
#5391 = PLANE ( 'NONE',  #3554 ) ;
#5392 = CARTESIAN_POINT ( 'NONE',  ( -0.6797089073065658571, -7.895664772317414928E-05, -0.5300000000000000266 ) ) ;
#5393 = ORIENTED_EDGE ( 'NONE', *, *, #5464, .F. ) ;
#5394 = EDGE_CURVE ( 'NONE', #6842, #1618, #3434, .T. ) ;
#5395 = ORIENTED_EDGE ( 'NONE', *, *, #8631, .F. ) ;
#5396 = ORIENTED_EDGE ( 'NONE', *, *, #4619, .F. ) ;
#5397 = CARTESIAN_POINT ( 'NONE',  ( 1.316504542699455271, 33.09706199999999399, 1.262534691298365930 ) ) ;
#5398 = VERTEX_POINT ( 'NONE', #2290 ) ;
#5399 = CARTESIAN_POINT ( 'NONE',  ( 2.820070398492498853, -1.099999999999999867, -3.998419460000000480 ) ) ;
#5400 = DIRECTION ( 'NONE',  ( -0.000000000000000000, -0.000000000000000000, -1.000000000000000000 ) ) ;
#5401 = FACE_OUTER_BOUND ( 'NONE', #6287, .T. ) ;
#5402 = ORIENTED_EDGE ( 'NONE', *, *, #6420, .F. ) ;
#5403 = ORIENTED_EDGE ( 'NONE', *, *, #6391, .T. ) ;
#5404 = CARTESIAN_POINT ( 'NONE',  ( 2.807733980969242094, 108.0997072644481563, 2.500000000000002220 ) ) ;
#5405 = ORIENTED_EDGE ( 'NONE', *, *, #6660, .T. ) ;
#5406 = CARTESIAN_POINT ( 'NONE',  ( 22.23782779072455895, -0.5999999999999989786, 2.499999999999998668 ) ) ;
#5407 = ORIENTED_EDGE ( 'NONE', *, *, #6257, .T. ) ;
#5408 = DIRECTION ( 'NONE',  ( 0.000000000000000000, -1.000000000000000000, 0.000000000000000000 ) ) ;
#5409 = FACE_OUTER_BOUND ( 'NONE', #950, .T. ) ;
#5410 = PLANE ( 'NONE',  #6229 ) ;
#5411 = CARTESIAN_POINT ( 'NONE',  ( 1.314901500909796850, 45.89706200000000536, 0.000000000000000000 ) ) ;
#5412 = LINE ( 'NONE', #6745, #473 ) ;
#5413 = EDGE_CURVE ( 'NONE', #30, #8204, #2005, .T. ) ;
#5414 = FACE_OUTER_BOUND ( 'NONE', #1750, .T. ) ;
#5415 = ADVANCED_FACE ( 'NONE', ( #4227 ), #6324, .F. ) ;
#5416 = ORIENTED_EDGE ( 'NONE', *, *, #7195, .T. ) ;
#5417 = CARTESIAN_POINT ( 'NONE',  ( 8.707563899457269940, 110.6025361729631555, 0.000000000000000000 ) ) ;
#5418 = EDGE_LOOP ( 'NONE', ( #8575, #982, #4001, #6956 ) ) ;
#5419 = CARTESIAN_POINT ( 'NONE',  ( 29.47238613726889511, 53.26416278050430009, 1.500000000000000000 ) ) ;
#5420 = DIRECTION ( 'NONE',  ( -0.000000000000000000, -0.000000000000000000, -1.000000000000000000 ) ) ;
#5421 = DIRECTION ( 'NONE',  ( -0.0004794410854596671675, 0.9999998850681163232, 0.000000000000000000 ) ) ;
#5422 = CARTESIAN_POINT ( 'NONE',  ( 31.45992961779206354, 108.1127177484095938, -3.998419459999999592 ) ) ;
#5423 = EDGE_CURVE ( 'NONE', #8547, #2577, #6366, .T. ) ;
#5424 = CARTESIAN_POINT ( 'NONE',  ( 25.50780361999600032, 31.42291396461827091, 1.500000000000000000 ) ) ;
#5425 = ADVANCED_FACE ( 'NONE', ( #2923 ), #5662, .T. ) ;
#5426 = ADVANCED_FACE ( 'NONE', ( #7624 ), #5752, .F. ) ;
#5427 = CIRCLE ( 'NONE', #8425, 0.4999999999999970024 ) ;
#5428 = ORIENTED_EDGE ( 'NONE', *, *, #7029, .F. ) ;
#5429 = AXIS2_PLACEMENT_3D ( 'NONE', #6000, #1922, #5863 ) ;
#5430 = VERTEX_POINT ( 'NONE', #6951 ) ;
#5431 = DIRECTION ( 'NONE',  ( -0.0004794410854592401003, 0.9999998850681162121, 0.000000000000000000 ) ) ;
#5432 = DIRECTION ( 'NONE',  ( -1.000000000000000000, 0.000000000000000000, 0.000000000000000000 ) ) ;
#5433 = VECTOR ( 'NONE', #4278, 999.9999999999998863 ) ;
#5434 = DIRECTION ( 'NONE',  ( -0.000000000000000000, -0.000000000000000000, 1.000000000000000000 ) ) ;
#5435 = VECTOR ( 'NONE', #5586, 1000.000000000000000 ) ;
#5436 = FACE_OUTER_BOUND ( 'NONE', #8189, .T. ) ;
#5437 = VECTOR ( 'NONE', #7955, 1000.000000000000114 ) ;
#5438 = EDGE_LOOP ( 'NONE', ( #3262, #4722, #2780, #7894 ) ) ;
#5439 = VECTOR ( 'NONE', #82, 1000.000000000000000 ) ;
#5440 = ORIENTED_EDGE ( 'NONE', *, *, #1243, .F. ) ;
#5441 = CARTESIAN_POINT ( 'NONE',  ( 22.67155501344528901, 1.899999702731425266, 1.500000000000000000 ) ) ;
#5442 = AXIS2_PLACEMENT_3D ( 'NONE', #2537, #8804, #3253 ) ;
#5443 = CARTESIAN_POINT ( 'NONE',  ( -2.416916119837756477E-06, 55.29259500188561560, -19.25780817680636048 ) ) ;
#5444 = LINE ( 'NONE', #2026, #52 ) ;
#5445 = FACE_OUTER_BOUND ( 'NONE', #8674, .T. ) ;
#5446 = EDGE_CURVE ( 'NONE', #3463, #4984, #4988, .T. ) ;
#5447 = ORIENTED_EDGE ( 'NONE', *, *, #3765, .T. ) ;
#5448 = VECTOR ( 'NONE', #643, 999.9999999999998863 ) ;
#5449 = ORIENTED_EDGE ( 'NONE', *, *, #4993, .F. ) ;
#5450 = FACE_OUTER_BOUND ( 'NONE', #3179, .T. ) ;
#5451 = ORIENTED_EDGE ( 'NONE', *, *, #7540, .T. ) ;
#5452 = FACE_OUTER_BOUND ( 'NONE', #8675, .T. ) ;
#5453 = ORIENTED_EDGE ( 'NONE', *, *, #8720, .T. ) ;
#5454 = DIRECTION ( 'NONE',  ( -0.000000000000000000, -0.000000000000000000, 1.000000000000000000 ) ) ;
#5455 = FACE_OUTER_BOUND ( 'NONE', #2801, .T. ) ;
#5456 = DIRECTION ( 'NONE',  ( -1.000000000000000000, 0.000000000000000000, 0.000000000000000000 ) ) ;
#5457 = AXIS2_PLACEMENT_3D ( 'NONE', #2221, #8279, #1467 ) ;
#5458 = FACE_OUTER_BOUND ( 'NONE', #81, .T. ) ;
#5459 = DIRECTION ( 'NONE',  ( -0.9999999932531438152, -0.0001161624401737789401, 0.000000000000000000 ) ) ;
#5460 = CARTESIAN_POINT ( 'NONE',  ( 31.46751698175923195, 42.79587432964376603, -0.2100000000001000788 ) ) ;
#5461 = ORIENTED_EDGE ( 'NONE', *, *, #8108, .F. ) ;
#5462 = CYLINDRICAL_SURFACE ( 'NONE', #1781, 0.5000000000000004441 ) ;
#5463 = ORIENTED_EDGE ( 'NONE', *, *, #4011, .T. ) ;
#5464 = EDGE_CURVE ( 'NONE', #7911, #221, #284, .T. ) ;
#5465 = FACE_OUTER_BOUND ( 'NONE', #1868, .T. ) ;
#5466 = DIRECTION ( 'NONE',  ( -8.742277705180318487E-08, 0.9999999999999961142, 0.000000000000000000 ) ) ;
#5467 = CARTESIAN_POINT ( 'NONE',  ( 25.17871595440791310, 30.50890091010208849, 3.500000000000000000 ) ) ;
#5468 = VECTOR ( 'NONE', #5908, 999.9999999999998863 ) ;
#5469 = EDGE_CURVE ( 'NONE', #6032, #6966, #8349, .T. ) ;
#5470 = CARTESIAN_POINT ( 'NONE',  ( 26.64836102379999971, 90.40681127924000293, 1.500000000000001332 ) ) ;
#5471 = AXIS2_PLACEMENT_3D ( 'NONE', #1311, #4821, #2200 ) ;
#5472 = DIRECTION ( 'NONE',  ( 0.000000000000000000, -0.000000000000000000, -1.000000000000000000 ) ) ;
#5473 = AXIS2_PLACEMENT_3D ( 'NONE', #5946, #8502, #8585 ) ;
#5474 = EDGE_LOOP ( 'NONE', ( #7300, #3036, #767, #4647 ) ) ;
#5475 = EDGE_CURVE ( 'NONE', #4121, #5492, #6435, .T. ) ;
#5476 = ORIENTED_EDGE ( 'NONE', *, *, #4205, .F. ) ;
#5477 = CARTESIAN_POINT ( 'NONE',  ( -1.185034591013476080, 45.84675553436651541, 1.469999999999999973 ) ) ;
#5478 = DIRECTION ( 'NONE',  ( -1.000000000000000000, 0.000000000000000000, -0.000000000000000000 ) ) ;
#5479 = ORIENTED_EDGE ( 'NONE', *, *, #6947, .F. ) ;
#5480 = CARTESIAN_POINT ( 'NONE',  ( 4.632803619999999789, 0.000000000000000000, 1.500000000000000000 ) ) ;
#5481 = DIRECTION ( 'NONE',  ( -0.000000000000000000, -1.000000000000000000, -0.000000000000000000 ) ) ;
#5482 = DIRECTION ( 'NONE',  ( 1.000000000000000000, 0.000000000000000000, 0.000000000000000000 ) ) ;
#5483 = DIRECTION ( 'NONE',  ( 0.000000000000000000, 1.000000000000000000, -0.000000000000000000 ) ) ;
#5484 = CIRCLE ( 'NONE', #894, 0.5000000000000011102 ) ;
#5485 = EDGE_LOOP ( 'NONE', ( #8354, #1504, #231, #8610 ) ) ;
#5486 = EDGE_LOOP ( 'NONE', ( #360, #4925, #4319, #5040, #3382 ) ) ;
#5487 = ADVANCED_FACE ( 'NONE', ( #3008 ), #8158, .T. ) ;
#5488 = ORIENTED_EDGE ( 'NONE', *, *, #4440, .F. ) ;
#5489 = LINE ( 'NONE', #602, #4987 ) ;
#5490 = DIRECTION ( 'NONE',  ( 0.000000000000000000, 1.000000000000000000, 0.000000000000000000 ) ) ;
#5491 = CARTESIAN_POINT ( 'NONE',  ( 8.707803619999999967, 105.2000009799999987, 2.499999999999998668 ) ) ;
#5492 = VERTEX_POINT ( 'NONE', #5083 ) ;
#5493 = VERTEX_POINT ( 'NONE', #4268 ) ;
#5494 = EDGE_CURVE ( 'NONE', #2398, #2482, #580, .T. ) ;
#5495 = ORIENTED_EDGE ( 'NONE', *, *, #4924, .F. ) ;
#5496 = EDGE_LOOP ( 'NONE', ( #4628, #1670, #7748, #7081 ) ) ;
#5497 = LINE ( 'NONE', #3383, #3420 ) ;
#5498 = ADVANCED_FACE ( 'NONE', ( #5790 ), #8523, .T. ) ;
#5499 = CARTESIAN_POINT ( 'NONE',  ( 15.81018190138322055, -0.09999999999999982514, 1.500000000000001332 ) ) ;
#5500 = CARTESIAN_POINT ( 'NONE',  ( 0.8185602732297858619, 14.90000000000000746, -2.998419460000000480 ) ) ;
#5501 = LINE ( 'NONE', #6873, #6983 ) ;
#5502 = DIRECTION ( 'NONE',  ( -0.000000000000000000, 0.000000000000000000, 1.000000000000000000 ) ) ;
#5503 = VECTOR ( 'NONE', #120, 1000.000000000000000 ) ;
#5504 = EDGE_CURVE ( 'NONE', #3236, #4914, #414, .T. ) ;
#5505 = ORIENTED_EDGE ( 'NONE', *, *, #7312, .T. ) ;
#5506 = DIRECTION ( 'NONE',  ( 1.000000000000000000, 0.000000000000000000, 0.000000000000000000 ) ) ;
#5507 = AXIS2_PLACEMENT_3D ( 'NONE', #6113, #5048, #2893 ) ;
#5508 = EDGE_CURVE ( 'NONE', #5716, #7713, #29, .T. ) ;
#5509 = ORIENTED_EDGE ( 'NONE', *, *, #3388, .T. ) ;
#5510 = FACE_OUTER_BOUND ( 'NONE', #8754, .T. ) ;
#5511 = CARTESIAN_POINT ( 'NONE',  ( 0.8186536121715759506, 14.09647918240355935, -3.998419459999999592 ) ) ;
#5512 = LINE ( 'NONE', #5422, #604 ) ;
#5513 = CARTESIAN_POINT ( 'NONE',  ( 2.807494260426512067, 108.5997072069822309, 1.500000000000000000 ) ) ;
#5514 = VECTOR ( 'NONE', #5996, 999.9999999999998863 ) ;
#5515 = ORIENTED_EDGE ( 'NONE', *, *, #3392, .T. ) ;
#5516 = AXIS2_PLACEMENT_3D ( 'NONE', #5007, #6381, #2180 ) ;
#5517 = AXIS2_PLACEMENT_3D ( 'NONE', #7369, #3258, #3208 ) ;
#5518 = EDGE_LOOP ( 'NONE', ( #6232, #5009, #3592, #2908 ) ) ;
#5519 = CARTESIAN_POINT ( 'NONE',  ( 27.13280362000000068, 30.48645761437114388, 3.495945804180816907 ) ) ;
#5520 = FACE_OUTER_BOUND ( 'NONE', #156, .T. ) ;
#5521 = ORIENTED_EDGE ( 'NONE', *, *, #2064, .T. ) ;
#5522 = CARTESIAN_POINT ( 'NONE',  ( 30.46883808238525404, 31.42291474461031342, 117.8988879368424563 ) ) ;
#5523 = DIRECTION ( 'NONE',  ( 0.000000000000000000, -0.000000000000000000, 1.000000000000000000 ) ) ;
#5524 = CARTESIAN_POINT ( 'NONE',  ( 8.132803620000000677, 74.15143637488998252, 3.000000000000000000 ) ) ;
#5525 = CARTESIAN_POINT ( 'NONE',  ( 25.33782778953207071, 3.021505742821452520E-07, 2.500000000000000000 ) ) ;
#5526 = EDGE_CURVE ( 'NONE', #630, #5143, #5315, .T. ) ;
#5527 = EDGE_CURVE ( 'NONE', #172, #7719, #5306, .T. ) ;
#5528 = VECTOR ( 'NONE', #6070, 999.9999999999998863 ) ;
#5529 = CIRCLE ( 'NONE', #3926, 0.5000000000000004441 ) ;
#5530 = ORIENTED_EDGE ( 'NONE', *, *, #3522, .T. ) ;
#5531 = ORIENTED_EDGE ( 'NONE', *, *, #1146, .T. ) ;
#5532 = EDGE_LOOP ( 'NONE', ( #2329, #5162, #5894, #8480 ) ) ;
#5533 = CARTESIAN_POINT ( 'NONE',  ( -0.6849765133950896923, 45.34681559616981872, 1.469999999999999973 ) ) ;
#5534 = DIRECTION ( 'NONE',  ( -0.0001161624401737789265, 0.9999999932531437041, 0.000000000000000000 ) ) ;
#5535 = DIRECTION ( 'NONE',  ( 0.000000000000000000, 0.000000000000000000, -1.000000000000000000 ) ) ;
#5536 = ORIENTED_EDGE ( 'NONE', *, *, #5255, .F. ) ;
#5537 = EDGE_CURVE ( 'NONE', #8224, #5889, #4736, .T. ) ;
#5538 = EDGE_CURVE ( 'NONE', #5112, #3326, #3142, .T. ) ;
#5539 = ORIENTED_EDGE ( 'NONE', *, *, #2602, .F. ) ;
#5540 = CYLINDRICAL_SURFACE ( 'NONE', #7661, 1.000000000000000000 ) ;
#5541 = ORIENTED_EDGE ( 'NONE', *, *, #4824, .T. ) ;
#5542 = ORIENTED_EDGE ( 'NONE', *, *, #725, .F. ) ;
#5543 = DIRECTION ( 'NONE',  ( -0.9999999999999991118, -4.371139117321150349E-08, 0.000000000000000000 ) ) ;
#5544 = DIRECTION ( 'NONE',  ( 0.000000000000000000, 0.000000000000000000, 1.000000000000000000 ) ) ;
#5545 = PLANE ( 'NONE',  #2203 ) ;
#5546 = FACE_OUTER_BOUND ( 'NONE', #1140, .T. ) ;
#5547 = CARTESIAN_POINT ( 'NONE',  ( 10.26479010925554647, 0.9000000000000022427, 0.000000000000000000 ) ) ;
#5548 = ORIENTED_EDGE ( 'NONE', *, *, #2110, .T. ) ;
#5549 = DIRECTION ( 'NONE',  ( -1.000000000000000000, -7.372574772901430151E-15, -0.000000000000000000 ) ) ;
#5550 = ORIENTED_EDGE ( 'NONE', *, *, #2531, .F. ) ;
#5551 = ADVANCED_FACE ( 'NONE', ( #4581 ), #3098, .F. ) ;
#5552 = DIRECTION ( 'NONE',  ( 0.000000000000000000, 0.000000000000000000, 1.000000000000000000 ) ) ;
#5553 = LINE ( 'NONE', #3486, #5375 ) ;
#5554 = CARTESIAN_POINT ( 'NONE',  ( 14.70325953999999946, 33.59706199999999399, 1.999999999999998224 ) ) ;
#5555 = CARTESIAN_POINT ( 'NONE',  ( 0.9560763199999999795, 2.009813100000000130, -1.898419459999999725 ) ) ;
#5556 = EDGE_CURVE ( 'NONE', #4536, #7026, #8728, .T. ) ;
#5557 = EDGE_CURVE ( 'NONE', #3496, #1045, #2561, .T. ) ;
#5558 = EDGE_LOOP ( 'NONE', ( #6822, #5461, #6711, #5880 ) ) ;
#5559 = DIRECTION ( 'NONE',  ( -0.9999999932531437041, -0.0001161624401737049704, 0.000000000000000000 ) ) ;
#5560 = LINE ( 'NONE', #2865, #3206 ) ;
#5561 = ORIENTED_EDGE ( 'NONE', *, *, #4670, .F. ) ;
#5562 = CYLINDRICAL_SURFACE ( 'NONE', #5842, 0.5000000000000004441 ) ;
#5563 = PLANE ( 'NONE',  #4656 ) ;
#5564 = DIRECTION ( 'NONE',  ( -1.000000000000000000, 0.000000000000000000, 0.000000000000000000 ) ) ;
#5565 = CARTESIAN_POINT ( 'NONE',  ( 2.820070398492491304, 0.9000000000000002442, 0.000000000000000000 ) ) ;
#5566 = VECTOR ( 'NONE', #6457, 1000.000000000000114 ) ;
#5567 = ORIENTED_EDGE ( 'NONE', *, *, #6748, .T. ) ;
#5568 = ORIENTED_EDGE ( 'NONE', *, *, #840, .F. ) ;
#5569 = LINE ( 'NONE', #6233, #5503 ) ;
#5570 = EDGE_CURVE ( 'NONE', #6475, #2424, #461, .T. ) ;
#5571 = VECTOR ( 'NONE', #1412, 1000.000000000000114 ) ;
#5572 = VECTOR ( 'NONE', #292, 1000.000000000000000 ) ;
#5573 = ORIENTED_EDGE ( 'NONE', *, *, #7583, .F. ) ;
#5574 = SPHERICAL_SURFACE ( 'NONE', #6142, 0.5000000000000000000 ) ;
#5575 = CARTESIAN_POINT ( 'NONE',  ( 0.8185602732297858619, 14.90000000000000568, -1.898419459999999948 ) ) ;
#5576 = AXIS2_PLACEMENT_3D ( 'NONE', #6480, #1062, #222 ) ;
#5577 = CARTESIAN_POINT ( 'NONE',  ( -0.001637470401572071847, 14.09638389538684855, -3.498419460000000480 ) ) ;
#5578 = VERTEX_POINT ( 'NONE', #5875 ) ;
#5579 = AXIS2_PLACEMENT_3D ( 'NONE', #2333, #7709, #7800 ) ;
#5580 = ORIENTED_EDGE ( 'NONE', *, *, #3902, .F. ) ;
#5581 = AXIS2_PLACEMENT_3D ( 'NONE', #6581, #7932, #2421 ) ;
#5582 = DIRECTION ( 'NONE',  ( 0.000000000000000000, 0.000000000000000000, 1.000000000000000000 ) ) ;
#5583 = ORIENTED_EDGE ( 'NONE', *, *, #1733, .F. ) ;
#5584 = EDGE_CURVE ( 'NONE', #3252, #5367, #5918, .T. ) ;
#5585 = ORIENTED_EDGE ( 'NONE', *, *, #2889, .T. ) ;
#5586 = DIRECTION ( 'NONE',  ( 0.000000000000000000, 0.000000000000000000, -1.000000000000000000 ) ) ;
#5587 = CARTESIAN_POINT ( 'NONE',  ( 27.14836102379999971, 1.900000000000000133, 1.500000000000000000 ) ) ;
#5588 = LINE ( 'NONE', #2678, #2799 ) ;
#5589 = EDGE_CURVE ( 'NONE', #8789, #33, #6014, .T. ) ;
#5590 = CARTESIAN_POINT ( 'NONE',  ( 24.63280362000002555, 8.809233062820419136E-15, 3.000000000000000000 ) ) ;
#5591 = DIRECTION ( 'NONE',  ( -0.000000000000000000, 0.000000000000000000, 1.000000000000000000 ) ) ;
#5592 = AXIS2_PLACEMENT_3D ( 'NONE', #1967, #3361, #1211 ) ;
#5593 = ORIENTED_EDGE ( 'NONE', *, *, #7491, .F. ) ;
#5594 = CARTESIAN_POINT ( 'NONE',  ( -1.179929574520096613, 1.899535350228062747, 122.8571184009966686 ) ) ;
#5595 = ORIENTED_EDGE ( 'NONE', *, *, #6389, .F. ) ;
#5596 = AXIS2_PLACEMENT_3D ( 'NONE', #105, #4928, #705 ) ;
#5597 = LINE ( 'NONE', #838, #1722 ) ;
#5598 = CARTESIAN_POINT ( 'NONE',  ( 31.45992961779206354, 108.1127177484095938, 0.000000000000000000 ) ) ;
#5599 = DIRECTION ( 'NONE',  ( 0.000000000000000000, 0.000000000000000000, 1.000000000000000000 ) ) ;
#5600 = AXIS2_PLACEMENT_3D ( 'NONE', #4854, #2784, #593 ) ;
#5601 = CYLINDRICAL_SURFACE ( 'NONE', #4902, 0.5000000000000004441 ) ;
#5602 = CIRCLE ( 'NONE', #5878, 0.5000000000000004441 ) ;
#5603 = ORIENTED_EDGE ( 'NONE', *, *, #5262, .F. ) ;
#5604 = EDGE_CURVE ( 'NONE', #562, #511, #443, .T. ) ;
#5605 = DIRECTION ( 'NONE',  ( -0.0004794410854595740888, 0.9999998850681162121, 0.000000000000000000 ) ) ;
#5606 = EDGE_CURVE ( 'NONE', #750, #4669, #6627, .T. ) ;
#5607 = DIRECTION ( 'NONE',  ( 0.9999999932531437041, 0.0001161624401737049704, -0.000000000000000000 ) ) ;
#5608 = LINE ( 'NONE', #765, #2925 ) ;
#5609 = VECTOR ( 'NONE', #8659, 1000.000000000000000 ) ;
#5610 = CARTESIAN_POINT ( 'NONE',  ( 0.000000000000000000, 0.000000000000000000, 2.500000000000000000 ) ) ;
#5611 = LINE ( 'NONE', #2822, #5181 ) ;
#5612 = CARTESIAN_POINT ( 'NONE',  ( 0.000000000000000000, 0.000000000000000000, 2.500000000000000000 ) ) ;
#5613 = AXIS2_PLACEMENT_3D ( 'NONE', #4664, #413, #8196 ) ;
#5614 = ORIENTED_EDGE ( 'NONE', *, *, #3831, .T. ) ;
#5615 = PLANE ( 'NONE',  #4725 ) ;
#5616 = CARTESIAN_POINT ( 'NONE',  ( 26.60524280625109839, 1.900009099146924507, 1.500000000000000000 ) ) ;
#5617 = VERTEX_POINT ( 'NONE', #7974 ) ;
#5618 = CYLINDRICAL_SURFACE ( 'NONE', #4559, 0.5000000000000004441 ) ;
#5619 = LINE ( 'NONE', #6815, #7747 ) ;
#5620 = TOROIDAL_SURFACE ( 'NONE', #4911, 3.000000000000001776, 1.000000000000000000 ) ;
#5621 = CIRCLE ( 'NONE', #4615, 1.000000000000001332 ) ;
#5622 = DIRECTION ( 'NONE',  ( 1.000000000000000000, 0.000000000000000000, 0.000000000000000000 ) ) ;
#5623 = ORIENTED_EDGE ( 'NONE', *, *, #8751, .F. ) ;
#5624 = VERTEX_POINT ( 'NONE', #2477 ) ;
#5625 = CYLINDRICAL_SURFACE ( 'NONE', #376, 0.5000000000000000000 ) ;
#5626 = ORIENTED_EDGE ( 'NONE', *, *, #3155, .T. ) ;
#5627 = ADVANCED_FACE ( 'NONE', ( #1837 ), #4538, .F. ) ;
#5628 = EDGE_LOOP ( 'NONE', ( #3413, #7975, #5324, #2471 ) ) ;
#5629 = LINE ( 'NONE', #5046, #6566 ) ;
#5630 = LINE ( 'NONE', #2892, #6872 ) ;
#5631 = FACE_BOUND ( 'NONE', #531, .T. ) ;
#5632 = FACE_OUTER_BOUND ( 'NONE', #146, .T. ) ;
#5633 = CARTESIAN_POINT ( 'NONE',  ( -1.194031252040080648, 13.09624546513878585, -1.598419372125614579 ) ) ;
#5634 = EDGE_CURVE ( 'NONE', #7827, #6813, #7516, .T. ) ;
#5635 = EDGE_CURVE ( 'NONE', #1664, #7840, #3874, .T. ) ;
#5636 = ORIENTED_EDGE ( 'NONE', *, *, #1303, .F. ) ;
#5637 = LINE ( 'NONE', #7047, #796 ) ;
#5638 = ORIENTED_EDGE ( 'NONE', *, *, #6012, .F. ) ;
#5639 = AXIS2_PLACEMENT_3D ( 'NONE', #8368, #2220, #4288 ) ;
#5640 = CARTESIAN_POINT ( 'NONE',  ( 2.805816216627403659, 112.0997068047206255, 2.500000000000002220 ) ) ;
#5641 = CARTESIAN_POINT ( 'NONE',  ( 27.63280362000000068, 29.55000098000000008, 1.500000000000000000 ) ) ;
#5642 = CARTESIAN_POINT ( 'NONE',  ( 21.70538763508942282, 48.76257327516338336, 2.500000000000000000 ) ) ;
#5643 = DIRECTION ( 'NONE',  ( 1.000000000000000000, 0.000000000000000000, 0.000000000000000000 ) ) ;
#5644 =( BOUNDED_CURVE ( )  B_SPLINE_CURVE ( 3, ( #240, #7072, #4396, #984 ),
 .UNSPECIFIED., .F., .F. ) 
 B_SPLINE_CURVE_WITH_KNOTS ( ( 4, 4 ),
 ( 1.570796326794896558, 3.141592653589793116 ),
 .UNSPECIFIED. ) 
 CURVE ( )  GEOMETRIC_REPRESENTATION_ITEM ( )  RATIONAL_B_SPLINE_CURVE ( ( 1.000000000000000000, 0.8047378541243649375, 0.8047378541243649375, 1.000000000000000000 ) ) 
 REPRESENTATION_ITEM ( '' )  );
#5645 = CARTESIAN_POINT ( 'NONE',  ( 8.132803620000000677, 74.15143637488998252, 1.500000000000000000 ) ) ;
#5646 = AXIS2_PLACEMENT_3D ( 'NONE', #5697, #2473, #5871 ) ;
#5647 = ADVANCED_FACE ( 'NONE', ( #5965 ), #7153, .T. ) ;
#5648 = EDGE_LOOP ( 'NONE', ( #8075, #5515, #3356, #2380 ) ) ;
#5649 = DIRECTION ( 'NONE',  ( 0.9999999932531439262, 0.0001161624401737789401, -0.000000000000000000 ) ) ;
#5650 = CARTESIAN_POINT ( 'NONE',  ( 16.90780290825954424, 44.65119677488963390, 0.5000000000000000000 ) ) ;
#5651 = FACE_OUTER_BOUND ( 'NONE', #6421, .T. ) ;
#5652 = VECTOR ( 'NONE', #115, 1000.000000000000000 ) ;
#5653 = DIRECTION ( 'NONE',  ( -0.9999999932531437041, -0.0001161624401737049704, 0.000000000000000000 ) ) ;
#5654 = CARTESIAN_POINT ( 'NONE',  ( 10.76478998223519845, 3.805886845030193921, 1.500000000000001332 ) ) ;
#5655 = AXIS2_PLACEMENT_3D ( 'NONE', #1104, #8451, #6518 ) ;
#5656 = CIRCLE ( 'NONE', #8072, 0.5000000000000004441 ) ;
#5657 = ORIENTED_EDGE ( 'NONE', *, *, #3392, .F. ) ;
#5658 = EDGE_CURVE ( 'NONE', #4098, #6901, #4766, .T. ) ;
#5659 = CARTESIAN_POINT ( 'NONE',  ( 19.35780361999999855, 0.000000000000000000, 21.25407275812202812 ) ) ;
#5660 = VERTEX_POINT ( 'NONE', #2062 ) ;
#5661 = CARTESIAN_POINT ( 'NONE',  ( 33.45992960429834540, 108.1129500732899231, 2.500000000000002220 ) ) ;
#5662 = CYLINDRICAL_SURFACE ( 'NONE', #298, 0.5000000000000000000 ) ;
#5663 = VECTOR ( 'NONE', #6426, 1000.000000000000000 ) ;
#5664 = ORIENTED_EDGE ( 'NONE', *, *, #2116, .F. ) ;
#5665 = EDGE_CURVE ( 'NONE', #8619, #901, #2873, .T. ) ;
#5666 = ORIENTED_EDGE ( 'NONE', *, *, #5606, .T. ) ;
#5667 = ORIENTED_EDGE ( 'NONE', *, *, #7707, .T. ) ;
#5668 = VERTEX_POINT ( 'NONE', #2016 ) ;
#5669 = DIRECTION ( 'NONE',  ( -0.0001161624401745108036, 0.9999999932531437041, 0.000000000000000000 ) ) ;
#5670 = CARTESIAN_POINT ( 'NONE',  ( -4.285079355152390997E-06, 49.01559366211630220, 3.500000000000000000 ) ) ;
#5671 = DIRECTION ( 'NONE',  ( -0.0001161624401737789401, 0.9999999932531438152, 1.019625874285714176E-16 ) ) ;
#5672 = DIRECTION ( 'NONE',  ( 0.000000000000000000, -0.000000000000000000, -1.000000000000000000 ) ) ;
#5673 = CARTESIAN_POINT ( 'NONE',  ( 19.74645813253380311, 0.9000000000000025757, 0.000000000000000000 ) ) ;
#5674 = ORIENTED_EDGE ( 'NONE', *, *, #2074, .F. ) ;
#5675 = DIRECTION ( 'NONE',  ( -0.0001161624429836352916, 0.9999999932531434821, 0.000000000000000000 ) ) ;
#5676 = VERTEX_POINT ( 'NONE', #4813 ) ;
#5677 = CARTESIAN_POINT ( 'NONE',  ( 9.557803620000001388, 48.25000098000001003, 3.000000000000000000 ) ) ;
#5678 = EDGE_LOOP ( 'NONE', ( #167, #4193, #3363, #8367 ) ) ;
#5679 = CARTESIAN_POINT ( 'NONE',  ( 4.132803619999999789, 7.550000979999999196, 3.000000000000000000 ) ) ;
#5680 = CARTESIAN_POINT ( 'NONE',  ( 30.46691063262241883, 48.01565436312731805, 117.8988879368424563 ) ) ;
#5681 = CARTESIAN_POINT ( 'NONE',  ( 2.320070761503010282, 1.896845934469383321, 1.500000000000000000 ) ) ;
#5682 = EDGE_CURVE ( 'NONE', #8562, #3729, #6162, .T. ) ;
#5683 = PLANE ( 'NONE',  #6187 ) ;
#5684 = EDGE_CURVE ( 'NONE', #4817, #2798, #1255, .T. ) ;
#5685 = DIRECTION ( 'NONE',  ( 0.0004794410854596671675, -0.9999998850681163232, 0.000000000000000000 ) ) ;
#5686 = ORIENTED_EDGE ( 'NONE', *, *, #2249, .F. ) ;
#5687 = CARTESIAN_POINT ( 'NONE',  ( 25.50780361999600032, 31.42291396461827091, 3.500000000000000000 ) ) ;
#5688 = DIRECTION ( 'NONE',  ( -0.0004794410854595740888, 0.9999998850681162121, 0.000000000000000000 ) ) ;
#5689 = DIRECTION ( 'NONE',  ( 1.192488072742265620E-08, -0.9999999999999998890, 0.000000000000000000 ) ) ;
#5690 = EDGE_CURVE ( 'NONE', #6156, #646, #1346, .T. ) ;
#5691 = DIRECTION ( 'NONE',  ( 0.000000000000000000, -0.000000000000000000, -1.000000000000000000 ) ) ;
#5692 = EDGE_CURVE ( 'NONE', #5915, #3187, #6097, .T. ) ;
#5693 = CARTESIAN_POINT ( 'NONE',  ( 2.806775098798322876, 110.0997070345843980, 122.8571184009966686 ) ) ;
#5694 = CARTESIAN_POINT ( 'NONE',  ( 2.807254539883782485, 109.0997071495162771, 117.8988879368424563 ) ) ;
#5695 = ORIENTED_EDGE ( 'NONE', *, *, #1080, .F. ) ;
#5696 = DIRECTION ( 'NONE',  ( 0.000000000000000000, 0.000000000000000000, 1.000000000000000000 ) ) ;
#5697 = CARTESIAN_POINT ( 'NONE',  ( 29.47226753285274015, 1.900000000000000133, 2.500000000000002220 ) ) ;
#5698 = ORIENTED_EDGE ( 'NONE', *, *, #1839, .T. ) ;
#5699 = DIRECTION ( 'NONE',  ( -0.000000000000000000, -0.000000000000000000, -1.000000000000000000 ) ) ;
#5700 = EDGE_CURVE ( 'NONE', #7033, #8346, #6809, .T. ) ;
#5701 = CARTESIAN_POINT ( 'NONE',  ( 8.632803620000000677, 65.45000098000001287, 1.500000000000000000 ) ) ;
#5702 = VECTOR ( 'NONE', #8061, 999.9999999999998863 ) ;
#5703 = CARTESIAN_POINT ( 'NONE',  ( 27.63280362000000068, 29.55000098000000008, 3.000000000000000000 ) ) ;
#5704 = ORIENTED_EDGE ( 'NONE', *, *, #1917, .F. ) ;
#5705 = AXIS2_PLACEMENT_3D ( 'NONE', #8105, #4539, #5919 ) ;
#5706 = ORIENTED_EDGE ( 'NONE', *, *, #4687, .F. ) ;
#5707 = ORIENTED_EDGE ( 'NONE', *, *, #2274, .T. ) ;
#5708 = EDGE_LOOP ( 'NONE', ( #7023, #3878, #1902, #1091, #8747 ) ) ;
#5709 = VECTOR ( 'NONE', #4485, 1000.000000000000000 ) ;
#5710 = ORIENTED_EDGE ( 'NONE', *, *, #5865, .F. ) ;
#5711 = EDGE_CURVE ( 'NONE', #110, #8604, #4127, .T. ) ;
#5712 = DIRECTION ( 'NONE',  ( 1.000000000000000000, 0.000000000000000000, 0.000000000000000000 ) ) ;
#5713 = CARTESIAN_POINT ( 'NONE',  ( 2.807733980969242094, 108.0997072644481563, -2.998419460000012471 ) ) ;
#5714 = DIRECTION ( 'NONE',  ( 0.9999999932531438152, 0.0001161624401737789265, -0.000000000000000000 ) ) ;
#5715 = CARTESIAN_POINT ( 'NONE',  ( -0.1922659987901881862, 108.0993587771192068, 3.500000000000000000 ) ) ;
#5716 = VERTEX_POINT ( 'NONE', #676 ) ;
#5717 = AXIS2_PLACEMENT_3D ( 'NONE', #7791, #7107, #976 ) ;
#5718 = AXIS2_PLACEMENT_3D ( 'NONE', #1666, #4237, #3559 ) ;
#5719 = TOROIDAL_SURFACE ( 'NONE', #1844, 1.000000000000000000, 0.5000000000000000000 ) ;
#5720 = ORIENTED_EDGE ( 'NONE', *, *, #7809, .T. ) ;
#5721 = CARTESIAN_POINT ( 'NONE',  ( -2.213429276404708017E-14, 45.89706200000000536, 2.500000000000000000 ) ) ;
#5722 = ORIENTED_EDGE ( 'NONE', *, *, #6477, .F. ) ;
#5723 = DIRECTION ( 'NONE',  ( 1.000000000000000000, 8.673617379884027583E-16, 0.000000000000000000 ) ) ;
#5724 = ORIENTED_EDGE ( 'NONE', *, *, #8574, .F. ) ;
#5725 = CARTESIAN_POINT ( 'NONE',  ( 0.8077339944629552404, 108.0994749395621994, -3.998419459999999592 ) ) ;
#5726 = DIRECTION ( 'NONE',  ( 0.000000000000000000, 0.000000000000000000, 1.000000000000000000 ) ) ;
#5727 = DIRECTION ( 'NONE',  ( -1.000000000000000000, 2.775557561562888827E-14, 0.000000000000000000 ) ) ;
#5728 = CIRCLE ( 'NONE', #5864, 1.000000000000000888 ) ;
#5729 = DIRECTION ( 'NONE',  ( 0.000000000000000000, 0.000000000000000000, 1.000000000000000000 ) ) ;
#5730 = DIRECTION ( 'NONE',  ( -0.000000000000000000, -0.000000000000000000, 1.000000000000000000 ) ) ;
#5731 = EDGE_CURVE ( 'NONE', #4072, #3694, #27, .T. ) ;
#5732 = AXIS2_PLACEMENT_3D ( 'NONE', #3846, #6531, #7922 ) ;
#5733 = EDGE_LOOP ( 'NONE', ( #1177, #5385, #2671, #1083 ) ) ;
#5734 = VERTEX_POINT ( 'NONE', #7527 ) ;
#5735 = ADVANCED_FACE ( 'NONE', ( #8063 ), #2696, .F. ) ;
#5736 = DIRECTION ( 'NONE',  ( 1.000000000000000000, 0.000000000000000000, 0.000000000000000000 ) ) ;
#5737 = CARTESIAN_POINT ( 'NONE',  ( 30.46844399400058379, 34.81550666025629681, 0.07096245698405405367 ) ) ;
#5738 = DIRECTION ( 'NONE',  ( 1.000000000000000000, 0.000000000000000000, 0.000000000000000000 ) ) ;
#5739 = AXIS2_PLACEMENT_3D ( 'NONE', #3884, #4604, #1820 ) ;
#5740 = LINE ( 'NONE', #7615, #1873 ) ;
#5741 = CIRCLE ( 'NONE', #5320, 0.5000000000000000000 ) ;
#5742 = EDGE_CURVE ( 'NONE', #6317, #2577, #8253, .T. ) ;
#5743 = ADVANCED_FACE ( 'NONE', ( #723 ), #3321, .F. ) ;
#5744 = VECTOR ( 'NONE', #2300, 1000.000000000000227 ) ;
#5745 = VERTEX_POINT ( 'NONE', #7390 ) ;
#5746 = FACE_OUTER_BOUND ( 'NONE', #7310, .T. ) ;
#5747 = CARTESIAN_POINT ( 'NONE',  ( -1.181346374334711014, 14.09624685751763451, -1.598419459999999903 ) ) ;
#5748 = VERTEX_POINT ( 'NONE', #5524 ) ;
#5749 = DIRECTION ( 'NONE',  ( 0.000000000000000000, 0.000000000000000000, 1.000000000000000000 ) ) ;
#5750 = DIRECTION ( 'NONE',  ( 1.000000000000000000, 0.000000000000000000, 0.000000000000000000 ) ) ;
#5751 = CIRCLE ( 'NONE', #1878, 0.5000000000000004441 ) ;
#5752 = CYLINDRICAL_SURFACE ( 'NONE', #3582, 0.5000000000000004441 ) ;
#5753 = ORIENTED_EDGE ( 'NONE', *, *, #6621, .F. ) ;
#5754 = AXIS2_PLACEMENT_3D ( 'NONE', #5081, #6365, #3723 ) ;
#5755 = AXIS2_PLACEMENT_3D ( 'NONE', #7872, #7190, #1068 ) ;
#5757 = ADVANCED_FACE ( 'NONE', ( #2102 ), #3997, .F. ) ;
#5756 = EDGE_LOOP ( 'NONE', ( #7807, #3099, #160, #2273 ) ) ;
#5758 = VERTEX_POINT ( 'NONE', #6898 ) ;
#5759 = FACE_OUTER_BOUND ( 'NONE', #4620, .T. ) ;
#5760 = FACE_OUTER_BOUND ( 'NONE', #125, .T. ) ;
#5761 = DIRECTION ( 'NONE',  ( 0.9999998850681161011, 0.0004794410854595740346, -0.000000000000000000 ) ) ;
#5762 = EDGE_LOOP ( 'NONE', ( #6892, #963, #2396, #8304 ) ) ;
#5763 = ADVANCED_FACE ( 'NONE', ( #8785 ), #2657, .T. ) ;
#5764 = ORIENTED_EDGE ( 'NONE', *, *, #1033, .T. ) ;
#5765 = CARTESIAN_POINT ( 'NONE',  ( 30.96691062924898930, 48.01571244434740038, 3.000000000000000000 ) ) ;
#5766 = ORIENTED_EDGE ( 'NONE', *, *, #6670, .T. ) ;
#5767 = DIRECTION ( 'NONE',  ( -0.0001161624429838177086, 0.9999999932531434821, 0.000000000000000000 ) ) ;
#5768 = ORIENTED_EDGE ( 'NONE', *, *, #8170, .T. ) ;
#5769 = DIRECTION ( 'NONE',  ( 3.173724607192532074E-06, 0.9999999999949638063, 0.000000000000000000 ) ) ;
#5770 = CARTESIAN_POINT ( 'NONE',  ( 2.806295657712862823, 111.0997069196525189, 3.500000000000000000 ) ) ;
#5771 = CARTESIAN_POINT ( 'NONE',  ( 5.607803620000000322, 110.1012896834636337, 2.500000000000000000 ) ) ;
#5772 = AXIS2_PLACEMENT_3D ( 'NONE', #895, #2408, #2370 ) ;
#5773 = DIRECTION ( 'NONE',  ( -0.000000000000000000, -0.000000000000000000, -1.000000000000000000 ) ) ;
#5774 = CARTESIAN_POINT ( 'NONE',  ( -0.6838787778106170112, 35.89681137045349857, -0.02999999999999999889 ) ) ;
#5775 = EDGE_CURVE ( 'NONE', #6508, #8761, #4718, .T. ) ;
#5776 = ORIENTED_EDGE ( 'NONE', *, *, #2110, .F. ) ;
#5777 = VECTOR ( 'NONE', #5186, 1000.000000000000000 ) ;
#5778 = ORIENTED_EDGE ( 'NONE', *, *, #1102, .F. ) ;
#5779 = PLANE ( 'NONE',  #5772 ) ;
#5780 = DIRECTION ( 'NONE',  ( 1.000000000000000000, 0.000000000000000000, 0.000000000000000000 ) ) ;
#5781 = DIRECTION ( 'NONE',  ( -0.000000000000000000, 1.000000000000000000, 0.000000000000000000 ) ) ;
#5782 = DIRECTION ( 'NONE',  ( -0.9999999932531439262, -0.0001161624401738165890, -6.938893857091509607E-15 ) ) ;
#5783 = VERTEX_POINT ( 'NONE', #813 ) ;
#5784 = DIRECTION ( 'NONE',  ( -1.000000000000000000, 0.000000000000000000, 0.000000000000000000 ) ) ;
#5785 = CARTESIAN_POINT ( 'NONE',  ( 8.707803619999998190, 110.1025362304291093, -19.25780817680636048 ) ) ;
#5786 = EDGE_LOOP ( 'NONE', ( #6095, #4363, #2479, #4826 ) ) ;
#5787 = DIRECTION ( 'NONE',  ( 0.000000000000000000, 0.000000000000000000, 1.000000000000000000 ) ) ;
#5788 = DIRECTION ( 'NONE',  ( 0.0001161624429838024349, -0.9999999932531434821, 0.000000000000000000 ) ) ;
#5789 = EDGE_CURVE ( 'NONE', #4010, #6945, #3156, .T. ) ;
#5790 = FACE_OUTER_BOUND ( 'NONE', #8428, .T. ) ;
#5791 = ORIENTED_EDGE ( 'NONE', *, *, #1684, .F. ) ;
#5792 = CIRCLE ( 'NONE', #2510, 0.5000000000000019984 ) ;
#5793 = VERTEX_POINT ( 'NONE', #2150 ) ;
#5794 = ORIENTED_EDGE ( 'NONE', *, *, #4514, .F. ) ;
#5795 = ORIENTED_EDGE ( 'NONE', *, *, #2776, .T. ) ;
#5796 = CARTESIAN_POINT ( 'NONE',  ( -1.192265992043333389, 108.0992426146762284, 2.500000000000002220 ) ) ;
#5797 = TOROIDAL_SURFACE ( 'NONE', #6793, 0.4999999999999991673, 0.5000000000000000000 ) ;
#5798 = ORIENTED_EDGE ( 'NONE', *, *, #446, .F. ) ;
#5799 = LINE ( 'NONE', #873, #4423 ) ;
#5800 = VECTOR ( 'NONE', #6431, 1000.000000000000000 ) ;
#5801 = CYLINDRICAL_SURFACE ( 'NONE', #1736, 0.9999999999999974465 ) ;
#5802 = DIRECTION ( 'NONE',  ( 0.9999998850681162121, 0.0004794410854436243364, 0.000000000000000000 ) ) ;
#5803 = EDGE_CURVE ( 'NONE', #6592, #646, #2914, .T. ) ;
#5804 = CYLINDRICAL_SURFACE ( 'NONE', #5158, 4.000000000000001776 ) ;
#5805 = ADVANCED_FACE ( 'NONE', ( #3538 ), #1557, .F. ) ;
#5806 = ORIENTED_EDGE ( 'NONE', *, *, #595, .F. ) ;
#5807 = ADVANCED_FACE ( 'NONE', ( #152 ), #7442, .T. ) ;
#5808 = ORIENTED_EDGE ( 'NONE', *, *, #8472, .T. ) ;
#5809 = CARTESIAN_POINT ( 'NONE',  ( 9.207803619999999967, 108.6027757786015542, 1.500000000000000000 ) ) ;
#5810 = ORIENTED_EDGE ( 'NONE', *, *, #6180, .F. ) ;
#5811 = DIRECTION ( 'NONE',  ( 0.0001161624429837051142, -0.9999999932531433711, -5.433278761794394818E-39 ) ) ;
#5812 = ORIENTED_EDGE ( 'NONE', *, *, #7449, .T. ) ;
#5813 = DIRECTION ( 'NONE',  ( -0.000000000000000000, -0.000000000000000000, -1.000000000000000000 ) ) ;
#5814 = LINE ( 'NONE', #3749, #5383 ) ;
#5815 = LINE ( 'NONE', #7825, #7761 ) ;
#5816 = EDGE_CURVE ( 'NONE', #5376, #6438, #5071, .T. ) ;
#5817 = VERTEX_POINT ( 'NONE', #3674 ) ;
#5818 = DIRECTION ( 'NONE',  ( 0.000000000000000000, 0.000000000000000000, 1.000000000000000000 ) ) ;
#5819 = DIRECTION ( 'NONE',  ( 0.000000000000000000, 0.000000000000000000, -1.000000000000000000 ) ) ;
#5820 = EDGE_CURVE ( 'NONE', #258, #8268, #5611, .T. ) ;
#5821 = CARTESIAN_POINT ( 'NONE',  ( -1.185034591013476080, 45.84675553436651541, 1.969999999999999973 ) ) ;
#5822 = LINE ( 'NONE', #3222, #6876 ) ;
#5823 = DIRECTION ( 'NONE',  ( 0.000000000000000000, 0.000000000000000000, 1.000000000000000000 ) ) ;
#5824 = ORIENTED_EDGE ( 'NONE', *, *, #5604, .T. ) ;
#5825 = DIRECTION ( 'NONE',  ( -0.0001161624401737049975, 0.9999999932531439262, -0.000000000000000000 ) ) ;
#5826 = PLANE ( 'NONE',  #4350 ) ;
#5827 = ORIENTED_EDGE ( 'NONE', *, *, #2367, .F. ) ;
#5828 = CARTESIAN_POINT ( 'NONE',  ( 12.85780361999999855, 109.1045257962305186, 1.292893218813467637 ) ) ;
#5829 = DIRECTION ( 'NONE',  ( 0.000000000000000000, -1.000000000000000000, 2.822214684172761073E-09 ) ) ;
#5830 = CARTESIAN_POINT ( 'NONE',  ( 0.000000000000000000, 19.89999996626572809, 3.426814665646245039 ) ) ;
#5831 = VERTEX_POINT ( 'NONE', #851 ) ;
#5832 = EDGE_CURVE ( 'NONE', #6367, #3380, #2871, .T. ) ;
#5833 = ORIENTED_EDGE ( 'NONE', *, *, #1671, .F. ) ;
#5834 = FACE_OUTER_BOUND ( 'NONE', #7048, .T. ) ;
#5835 = ADVANCED_FACE ( 'NONE', ( #7696 ), #1652, .F. ) ;
#5836 = EDGE_LOOP ( 'NONE', ( #5407, #5290, #5593, #2181 ) ) ;
#5837 = LINE ( 'NONE', #5135, #1278 ) ;
#5838 = DIRECTION ( 'NONE',  ( 0.000000000000000000, 0.000000000000000000, 1.000000000000000000 ) ) ;
#5839 = DIRECTION ( 'NONE',  ( 1.000000000000000000, 0.000000000000000000, 0.000000000000000000 ) ) ;
#5840 = FACE_OUTER_BOUND ( 'NONE', #7263, .T. ) ;
#5841 = ORIENTED_EDGE ( 'NONE', *, *, #5233, .F. ) ;
#5842 = AXIS2_PLACEMENT_3D ( 'NONE', #6896, #2820, #1601 ) ;
#5843 = ADVANCED_FACE ( 'NONE', ( #3585 ), #6314, .F. ) ;
#5844 = ORIENTED_EDGE ( 'NONE', *, *, #2698, .F. ) ;
#5845 = CARTESIAN_POINT ( 'NONE',  ( 2.807733980969242094, 108.0997072644481563, 1.500000000000000000 ) ) ;
#5846 = ORIENTED_EDGE ( 'NONE', *, *, #8252, .F. ) ;
#5847 = CARTESIAN_POINT ( 'NONE',  ( 1.314901500909796850, 45.89706200000000536, 1.500000000000001332 ) ) ;
#5848 = DIRECTION ( 'NONE',  ( 1.000000000000000000, 0.000000000000000000, 0.000000000000000000 ) ) ;
#5849 = CARTESIAN_POINT ( 'NONE',  ( 0.000000000000000000, 30.55000098000000364, 3.500000000000000000 ) ) ;
#5850 = DIRECTION ( 'NONE',  ( -1.000000000000000000, -0.000000000000000000, 0.000000000000000000 ) ) ;
#5851 = CIRCLE ( 'NONE', #5291, 2.999999999999999112 ) ;
#5852 = AXIS2_PLACEMENT_3D ( 'NONE', #2715, #6869, #6824 ) ;
#5853 = EDGE_CURVE ( 'NONE', #511, #172, #5026, .T. ) ;
#5854 = DIRECTION ( 'NONE',  ( 1.000000000000000000, 0.000000000000000000, 0.000000000000000000 ) ) ;
#5855 = DIRECTION ( 'NONE',  ( -0.0001161652623815624777, 0.9999999932528160773, 0.000000000000000000 ) ) ;
#5856 = UNCERTAINTY_MEASURE_WITH_UNIT (LENGTH_MEASURE( 1.000000000000000082E-05 ), #5164, 'distance_accuracy_value', 'NONE');
#5857 = VECTOR ( 'NONE', #3965, 1000.000000000000000 ) ;
#5858 = EDGE_LOOP ( 'NONE', ( #3263, #6111, #6830, #361 ) ) ;
#5859 = CIRCLE ( 'NONE', #15, 0.5000000000000004441 ) ;
#5860 = CARTESIAN_POINT ( 'NONE',  ( 21.96091302770999931, 90.90681127924001714, -19.25780817680636048 ) ) ;
#5861 = VECTOR ( 'NONE', #7667, 1000.000000000000000 ) ;
#5862 = DIRECTION ( 'NONE',  ( -0.000000000000000000, -1.000000000000000000, -0.000000000000000000 ) ) ;
#5863 = DIRECTION ( 'NONE',  ( 1.000000000000000000, 0.000000000000000000, 0.000000000000000000 ) ) ;
#5864 = AXIS2_PLACEMENT_3D ( 'NONE', #716, #3451, #2778 ) ;
#5865 = EDGE_CURVE ( 'NONE', #8484, #3855, #7744, .T. ) ;
#5866 = DIRECTION ( 'NONE',  ( 0.9999999999999963363, 8.742277735063036031E-08, -0.000000000000000000 ) ) ;
#5867 = EDGE_CURVE ( 'NONE', #7471, #4858, #2888, .T. ) ;
#5868 = AXIS2_PLACEMENT_3D ( 'NONE', #7801, #1660, #7118 ) ;
#5869 = ORIENTED_EDGE ( 'NONE', *, *, #6748, .F. ) ;
#5870 = DIRECTION ( 'NONE',  ( 0.0001161624401737049975, -0.9999999932531439262, 0.000000000000000000 ) ) ;
#5871 = DIRECTION ( 'NONE',  ( 1.000000000000000000, 1.288303231455900644E-11, 0.000000000000000000 ) ) ;
#5872 = AXIS2_PLACEMENT_3D ( 'NONE', #3895, #4434, #3085 ) ;
#5873 = EDGE_LOOP ( 'NONE', ( #1662, #810, #2583, #7585 ) ) ;
#5874 = CARTESIAN_POINT ( 'NONE',  ( -0.04799126095055628038, 100.0983371928263921, -2.998419460000000480 ) ) ;
#5875 = CARTESIAN_POINT ( 'NONE',  ( 5.607803620000002098, 108.6010497904955088, 1.500000000000000000 ) ) ;
#5876 = ORIENTED_EDGE ( 'NONE', *, *, #6829, .F. ) ;
#5877 = AXIS2_PLACEMENT_3D ( 'NONE', #2236, #6943, #4980 ) ;
#5878 = AXIS2_PLACEMENT_3D ( 'NONE', #8458, #4381, #4420 ) ;
#5879 = ORIENTED_EDGE ( 'NONE', *, *, #4759, .F. ) ;
#5880 = ORIENTED_EDGE ( 'NONE', *, *, #8314, .F. ) ;
#5881 = DIRECTION ( 'NONE',  ( 0.000000000000000000, 0.000000000000000000, 1.000000000000000000 ) ) ;
#5882 = AXIS2_PLACEMENT_3D ( 'NONE', #3445, #2774, #8244 ) ;
#5883 = ORIENTED_EDGE ( 'NONE', *, *, #7087, .F. ) ;
#5884 = DIRECTION ( 'NONE',  ( -1.000000000000000000, 0.000000000000000000, 0.000000000000000000 ) ) ;
#5885 = CARTESIAN_POINT ( 'NONE',  ( 30.85350472848393366, 44.15549720470453110, 0.6115497521437577300 ) ) ;
#5886 = DIRECTION ( 'NONE',  ( 8.742277705180318487E-08, -0.9999999999999961142, 0.000000000000000000 ) ) ;
#5887 = TOROIDAL_SURFACE ( 'NONE', #2018, 0.5000000000000013323, 0.5000000000000000000 ) ;
#5888 = CARTESIAN_POINT ( 'NONE',  ( 2.820070398492484642, 0.9000000000000005773, 0.000000000000000000 ) ) ;
#5889 = VERTEX_POINT ( 'NONE', #8423 ) ;
#5890 = ORIENTED_EDGE ( 'NONE', *, *, #8456, .T. ) ;
#5891 = AXIS2_PLACEMENT_3D ( 'NONE', #1920, #6540, #4035 ) ;
#5892 = CARTESIAN_POINT ( 'NONE',  ( 2.820070398492484642, 0.9000000000000005773, 1.000000000000028644 ) ) ;
#5893 = ORIENTED_EDGE ( 'NONE', *, *, #7557, .F. ) ;
#5894 = ORIENTED_EDGE ( 'NONE', *, *, #7967, .T. ) ;
#5895 = DIRECTION ( 'NONE',  ( 1.000000000000000000, 0.000000000000000000, 0.000000000000000000 ) ) ;
#5896 = DIRECTION ( 'NONE',  ( 0.0004794410854575053768, -0.9999998850681162121, 0.000000000000000000 ) ) ;
#5897 = CARTESIAN_POINT ( 'NONE',  ( 21.46091302770999931, 96.42773413321998532, 1.500000000000000000 ) ) ;
#5898 = CARTESIAN_POINT ( 'NONE',  ( 2.820070398492491304, -0.09999999999999982514, 0.000000000000000000 ) ) ;
#5899 = EDGE_CURVE ( 'NONE', #5745, #4585, #5740, .T. ) ;
#5900 = AXIS2_PLACEMENT_3D ( 'NONE', #2267, #5729, #6214 ) ;
#5901 = EDGE_CURVE ( 'NONE', #8771, #4072, #1448, .T. ) ;
#5902 = ORIENTED_EDGE ( 'NONE', *, *, #8164, .F. ) ;
#5903 = ORIENTED_EDGE ( 'NONE', *, *, #7175, .T. ) ;
#5904 = VECTOR ( 'NONE', #1993, 1000.000000000000000 ) ;
#5905 = DIRECTION ( 'NONE',  ( 0.0001161624401737489212, -0.9999999932531438152, 0.000000000000000000 ) ) ;
#5906 = DIRECTION ( 'NONE',  ( -0.0001161624429838024349, 0.9999999932531434821, 0.000000000000000000 ) ) ;
#5907 = EDGE_CURVE ( 'NONE', #4414, #8744, #5741, .T. ) ;
#5908 = DIRECTION ( 'NONE',  ( -0.0001161624401737789401, 0.9999999932531438152, -0.000000000000000000 ) ) ;
#5909 = CARTESIAN_POINT ( 'NONE',  ( -0.04799126095333432901, 100.0983371928258805, -2.998419460000000480 ) ) ;
#5910 = EDGE_CURVE ( 'NONE', #5230, #7181, #5822, .T. ) ;
#5911 = AXIS2_PLACEMENT_3D ( 'NONE', #1500, #2085, #6206 ) ;
#5912 = VERTEX_POINT ( 'NONE', #7242 ) ;
#5913 = DIRECTION ( 'NONE',  ( -0.0001161624401734631526, 0.9999999932531438152, 0.000000000000000000 ) ) ;
#5914 = CARTESIAN_POINT ( 'NONE',  ( 0.000000000000000000, 64.95000097999999866, 1.500000000000000000 ) ) ;
#5915 = VERTEX_POINT ( 'NONE', #8006 ) ;
#5916 = PLANE ( 'NONE',  #1126 ) ;
#5917 = VECTOR ( 'NONE', #5124, 1000.000000000000000 ) ;
#5918 = LINE ( 'NONE', #7214, #1440 ) ;
#5919 = DIRECTION ( 'NONE',  ( 0.9999999932531438152, 0.0001161624401738173886, 0.000000000000000000 ) ) ;
#5920 = TOROIDAL_SURFACE ( 'NONE', #8221, 3.000000000000000000, 1.000000000000000000 ) ;
#5921 = AXIS2_PLACEMENT_3D ( 'NONE', #5860, #2324, #5069 ) ;
#5922 = VERTEX_POINT ( 'NONE', #1746 ) ;
#5923 = EDGE_CURVE ( 'NONE', #7969, #4192, #4166, .T. ) ;
#5924 = ORIENTED_EDGE ( 'NONE', *, *, #2418, .T. ) ;
#5925 = LINE ( 'NONE', #3147, #7771 ) ;
#5926 = ORIENTED_EDGE ( 'NONE', *, *, #2807, .F. ) ;
#5927 = DIRECTION ( 'NONE',  ( 0.000000000000000000, 0.000000000000000000, 1.000000000000000000 ) ) ;
#5928 = LINE ( 'NONE', #3286, #8324 ) ;
#5929 = LINE ( 'NONE', #7307, #2781 ) ;
#5930 = DIRECTION ( 'NONE',  ( 0.9999999932531437041, 0.0001161624401737049704, 0.000000000000000000 ) ) ;
#5931 = CIRCLE ( 'NONE', #4803, 2.999999999999999112 ) ;
#5932 = EDGE_CURVE ( 'NONE', #8547, #498, #4484, .T. ) ;
#5933 = ORIENTED_EDGE ( 'NONE', *, *, #7658, .T. ) ;
#5934 = AXIS2_PLACEMENT_3D ( 'NONE', #6574, #3175, #4116 ) ;
#5935 = VERTEX_POINT ( 'NONE', #1077 ) ;
#5936 = CARTESIAN_POINT ( 'NONE',  ( 0.000000000000000000, 0.000000000000000000, 2.500000000000000000 ) ) ;
#5937 = VECTOR ( 'NONE', #4881, 1000.000000000000000 ) ;
#5938 = VECTOR ( 'NONE', #6928, 1000.000000000000114 ) ;
#5939 = VERTEX_POINT ( 'NONE', #1876 ) ;
#5940 = CARTESIAN_POINT ( 'NONE',  ( 25.63948507578686176, 55.29259612262322321, 2.500000000000000000 ) ) ;
#5941 = VERTEX_POINT ( 'NONE', #7833 ) ;
#5942 = CARTESIAN_POINT ( 'NONE',  ( 0.000000000000000000, 63.25000098000001003, 3.000000000000000000 ) ) ;
#5943 = DIRECTION ( 'NONE',  ( 4.371138883555511949E-08, -0.9999999999999991118, 0.000000000000000000 ) ) ;
#5944 = LINE ( 'NONE', #4557, #232 ) ;
#5945 = DIRECTION ( 'NONE',  ( -0.000000000000000000, -0.000000000000000000, -1.000000000000000000 ) ) ;
#5946 = CARTESIAN_POINT ( 'NONE',  ( 30.46730127326039650, 44.65277187931786784, 0.5000000000000000000 ) ) ;
#5947 = AXIS2_PLACEMENT_3D ( 'NONE', #560, #8758, #4063 ) ;
#5948 = AXIS2_PLACEMENT_3D ( 'NONE', #4800, #2855, #5421 ) ;
#5949 = ORIENTED_EDGE ( 'NONE', *, *, #1917, .T. ) ;
#5950 = ORIENTED_EDGE ( 'NONE', *, *, #1854, .T. ) ;
#5951 = ORIENTED_EDGE ( 'NONE', *, *, #8172, .T. ) ;
#5952 = EDGE_CURVE ( 'NONE', #1124, #8554, #1788, .T. ) ;
#5953 = DIRECTION ( 'NONE',  ( -1.000000000000000000, -0.000000000000000000, -0.000000000000000000 ) ) ;
#5954 = DIRECTION ( 'NONE',  ( -0.0001161624401734627732, 0.9999999932531438152, 0.000000000000000000 ) ) ;
#5955 = EDGE_CURVE ( 'NONE', #8350, #2683, #4438, .T. ) ;
#5956 = DIRECTION ( 'NONE',  ( 0.000000000000000000, 0.000000000000000000, 1.000000000000000000 ) ) ;
#5957 = CARTESIAN_POINT ( 'NONE',  ( 2.820070398492477537, 1.900000000000000577, 122.8571184009966686 ) ) ;
#5958 = VERTEX_POINT ( 'NONE', #7333 ) ;
#5959 = EDGE_CURVE ( 'NONE', #5264, #5199, #3726, .T. ) ;
#5960 = VERTEX_POINT ( 'NONE', #1202 ) ;
#5961 = CARTESIAN_POINT ( 'NONE',  ( 30.96085889044203654, 100.1132041113100115, -2.998419460000000480 ) ) ;
#5962 = CARTESIAN_POINT ( 'NONE',  ( 33.48098549351499287, 45.67238278630971138, -2.099999999999998757 ) ) ;
#5963 = ORIENTED_EDGE ( 'NONE', *, *, #8328, .F. ) ;
#5964 = CARTESIAN_POINT ( 'NONE',  ( 0.000000000000000000, -0.5999999999999989786, -19.25780817680636048 ) ) ;
#5965 = FACE_OUTER_BOUND ( 'NONE', #3550, .T. ) ;
#5966 = DIRECTION ( 'NONE',  ( 1.000000000000000000, 0.000000000000000000, 0.000000000000000000 ) ) ;
#5967 = ORIENTED_EDGE ( 'NONE', *, *, #4923, .T. ) ;
#5968 = VERTEX_POINT ( 'NONE', #7965 ) ;
#5969 = DIRECTION ( 'NONE',  ( 0.9999999932531434821, 0.0001161624429838024349, -0.000000000000000000 ) ) ;
#5970 = ORIENTED_EDGE ( 'NONE', *, *, #4587, .T. ) ;
#5971 = DIRECTION ( 'NONE',  ( 0.000000000000000000, 0.000000000000000000, -1.000000000000000000 ) ) ;
#5972 =( BOUNDED_CURVE ( )  B_SPLINE_CURVE ( 3, ( #1626, #8358, #216, #178 ),
 .UNSPECIFIED., .F., .F. ) 
 B_SPLINE_CURVE_WITH_KNOTS ( ( 4, 4 ),
 ( 1.570796326794868802, 3.141592653589735828 ),
 .UNSPECIFIED. ) 
 CURVE ( )  GEOMETRIC_REPRESENTATION_ITEM ( )  RATIONAL_B_SPLINE_CURVE ( ( 1.000000000000000000, 0.8047378541243720429, 0.8047378541243720429, 1.000000000000000000 ) ) 
 REPRESENTATION_ITEM ( '' )  );
#5973 = CYLINDRICAL_SURFACE ( 'NONE', #6311, 0.5000000000000000000 ) ;
#5974 = CARTESIAN_POINT ( 'NONE',  ( 29.47226753285272594, 1.400000000000000133, 1.000000000000000888 ) ) ;
#5975 = CARTESIAN_POINT ( 'NONE',  ( 0.000000000000000000, 14.90000000000000568, -2.998419460000000480 ) ) ;
#5976 = ORIENTED_EDGE ( 'NONE', *, *, #3373, .T. ) ;
#5977 = EDGE_CURVE ( 'NONE', #913, #3236, #6023, .T. ) ;
#5978 = ORIENTED_EDGE ( 'NONE', *, *, #6493, .F. ) ;
#5979 = CARTESIAN_POINT ( 'NONE',  ( 2.820070398492491304, -0.09999999999999939493, 122.8571184009966686 ) ) ;
#5980 = ADVANCED_FACE ( 'NONE', ( #1117 ), #2455, .T. ) ;
#5981 = EDGE_LOOP ( 'NONE', ( #8519, #1661, #6121, #1013 ) ) ;
#5982 = ORIENTED_EDGE ( 'NONE', *, *, #1596, .T. ) ;
#5983 = CARTESIAN_POINT ( 'NONE',  ( 23.63280361999999712, 74.65143637488998252, 3.000000000000000000 ) ) ;
#5984 = EDGE_CURVE ( 'NONE', #3172, #4192, #3741, .T. ) ;
#5985 = LINE ( 'NONE', #4521, #8658 ) ;
#5986 = CARTESIAN_POINT ( 'NONE',  ( 8.632803620000000677, 74.15143637488998252, 3.500000000000000000 ) ) ;
#5987 = CARTESIAN_POINT ( 'NONE',  ( 22.05780361999999784, 62.25000098000001003, 3.500000000000000000 ) ) ;
#5988 = CIRCLE ( 'NONE', #972, 0.9999999999999991118 ) ;
#5989 = CARTESIAN_POINT ( 'NONE',  ( 5.607803620000017197, 8.242592564261618527E-16, 0.000000000000000000 ) ) ;
#5990 = AXIS2_PLACEMENT_3D ( 'NONE', #2745, #1439, #6944 ) ;
#5991 = ORIENTED_EDGE ( 'NONE', *, *, #7102, .T. ) ;
#5992 = ORIENTED_EDGE ( 'NONE', *, *, #8420, .F. ) ;
#5993 = ADVANCED_FACE ( 'NONE', ( #450 ), #8741, .T. ) ;
#5994 = VECTOR ( 'NONE', #2174, 1000.000000000000000 ) ;
#5995 = CARTESIAN_POINT ( 'NONE',  ( 24.13280361999999712, 74.15143637488998252, 1.500000000000000000 ) ) ;
#5996 = DIRECTION ( 'NONE',  ( -0.0001161624401737789401, 0.9999999932531438152, 1.019625874285714176E-16 ) ) ;
#5997 = AXIS2_PLACEMENT_3D ( 'NONE', #1031, #2327, #2915 ) ;
#5998 = DIRECTION ( 'NONE',  ( 1.000000000000000000, 0.000000000000000000, 0.000000000000000000 ) ) ;
#5999 = DIRECTION ( 'NONE',  ( 0.000000000000000000, 0.000000000000000000, 1.000000000000000000 ) ) ;
#6000 = CARTESIAN_POINT ( 'NONE',  ( 1.314901500909796850, 46.39706200000000536, 0.000000000000000000 ) ) ;
#6001 = EDGE_CURVE ( 'NONE', #1272, #4583, #4892, .T. ) ;
#6002 = VECTOR ( 'NONE', #6112, 1000.000000000000000 ) ;
#6003 = EDGE_CURVE ( 'NONE', #7079, #6452, #6576, .T. ) ;
#6004 = ORIENTED_EDGE ( 'NONE', *, *, #6652, .F. ) ;
#6005 = ORIENTED_EDGE ( 'NONE', *, *, #1954, .T. ) ;
#6006 = CARTESIAN_POINT ( 'NONE',  ( 32.47226753285274015, 1.900000000000000133, 2.500000000000002220 ) ) ;
#6007 = DIRECTION ( 'NONE',  ( 0.000000000000000000, 0.000000000000000000, 1.000000000000000000 ) ) ;
#6008 = ORIENTED_EDGE ( 'NONE', *, *, #7315, .T. ) ;
#6009 = CARTESIAN_POINT ( 'NONE',  ( -0.1813463810815675314, 14.09636301996063068, -3.998419460000000480 ) ) ;
#6010 = CARTESIAN_POINT ( 'NONE',  ( 8.132803620000000677, 65.45000098000001287, 1.500000000000000000 ) ) ;
#6011 = LINE ( 'NONE', #5351, #272 ) ;
#6012 = EDGE_CURVE ( 'NONE', #6392, #8135, #738, .T. ) ;
#6013 = ADVANCED_FACE ( 'NONE', ( #6618 ), #7285, .T. ) ;
#6014 = CIRCLE ( 'NONE', #4300, 0.5000000000000000000 ) ;
#6015 = ORIENTED_EDGE ( 'NONE', *, *, #7583, .T. ) ;
#6016 = CIRCLE ( 'NONE', #2870, 0.5000000000000004441 ) ;
#6017 = ORIENTED_EDGE ( 'NONE', *, *, #3684, .F. ) ;
#6018 = CARTESIAN_POINT ( 'NONE',  ( 1.316504542633788688, 33.09706199999999399, 1.000000000000000000 ) ) ;
#6019 = ORIENTED_EDGE ( 'NONE', *, *, #7481, .T. ) ;
#6020 = DIRECTION ( 'NONE',  ( 0.9999999932531437041, 0.0001161624401737789265, -0.000000000000000000 ) ) ;
#6021 = DIRECTION ( 'NONE',  ( 1.000000000000000000, -1.717419609303936828E-11, 0.000000000000000000 ) ) ;
#6022 = DIRECTION ( 'NONE',  ( -0.000000000000000000, -0.000000000000000000, -1.000000000000000000 ) ) ;
#6023 = CIRCLE ( 'NONE', #7884, 0.5000000000000000000 ) ;
#6024 = CARTESIAN_POINT ( 'NONE',  ( 16.90893746840101031, 34.88418316782391315, 5.500000000000003553 ) ) ;
#6025 = ORIENTED_EDGE ( 'NONE', *, *, #3, .F. ) ;
#6026 = ADVANCED_FACE ( 'NONE', ( #8679 ), #5295, .T. ) ;
#6027 = ORIENTED_EDGE ( 'NONE', *, *, #1301, .F. ) ;
#6028 = CARTESIAN_POINT ( 'NONE',  ( 29.47226753285274015, 104.7000009799999987, 1.500000000000000000 ) ) ;
#6029 = ORIENTED_EDGE ( 'NONE', *, *, #3683, .F. ) ;
#6030 = AXIS2_PLACEMENT_3D ( 'NONE', #4789, #692, #8356 ) ;
#6031 = CARTESIAN_POINT ( 'NONE',  ( 27.29817959838000263, 30.48645762883159449, 3.495945806032848768 ) ) ;
#6032 = VERTEX_POINT ( 'NONE', #535 ) ;
#6033 = DIRECTION ( 'NONE',  ( -0.000000000000000000, -0.000000000000000000, 1.000000000000000000 ) ) ;
#6034 = PLANE ( 'NONE',  #5739 ) ;
#6035 = DIRECTION ( 'NONE',  ( -1.000000000000000000, 0.000000000000000000, 0.000000000000000000 ) ) ;
#6036 = CARTESIAN_POINT ( 'NONE',  ( 21.05780361999999428, 47.25000098000001003, 3.500000000000000000 ) ) ;
#6037 = DIRECTION ( 'NONE',  ( 0.9999999999999963363, 8.742277705180321134E-08, 0.000000000000000000 ) ) ;
#6038 = LINE ( 'NONE', #5989, #8746 ) ;
#6039 = CIRCLE ( 'NONE', #6176, 0.5000000000000004441 ) ;
#6040 = ADVANCED_FACE ( 'NONE', ( #5342 ), #581, .T. ) ;
#6041 = VERTEX_POINT ( 'NONE', #5513 ) ;
#6042 = DIRECTION ( 'NONE',  ( 0.000000000000000000, -1.000000000000000000, 0.000000000000000000 ) ) ;
#6043 = VERTEX_POINT ( 'NONE', #6662 ) ;
#6044 = ADVANCED_FACE ( 'NONE', ( #62, #3312, #2689, #5384, #2006, #6049, #3397 ), #1290, .F. ) ;
#6045 = AXIS2_PLACEMENT_3D ( 'NONE', #1190, #1819, #3928 ) ;
#6046 = DIRECTION ( 'NONE',  ( -6.938893903907228378E-15, 1.000000000000000000, 0.000000000000000000 ) ) ;
#6047 = FACE_BOUND ( 'NONE', #8779, .T. ) ;
#6048 = FACE_OUTER_BOUND ( 'NONE', #2434, .T. ) ;
#6049 = FACE_BOUND ( 'NONE', #4202, .T. ) ;
#6050 = EDGE_CURVE ( 'NONE', #8346, #5831, #7446, .T. ) ;
#6051 = ORIENTED_EDGE ( 'NONE', *, *, #6547, .F. ) ;
#6052 = ORIENTED_EDGE ( 'NONE', *, *, #7836, .T. ) ;
#6053 = DIRECTION ( 'NONE',  ( 0.000000000000000000, 0.000000000000000000, 1.000000000000000000 ) ) ;
#6054 = CARTESIAN_POINT ( 'NONE',  ( 2.807733980969242094, 108.0997072644481563, 3.500000000000000000 ) ) ;
#6055 = ORIENTED_EDGE ( 'NONE', *, *, #8775, .F. ) ;
#6056 = DIRECTION ( 'NONE',  ( 1.000000000000000000, 0.000000000000000000, 0.000000000000000000 ) ) ;
#6057 = CARTESIAN_POINT ( 'NONE',  ( 33.47957992799601357, 57.77238264327635164, -2.099999999999997424 ) ) ;
#6058 = ORIENTED_EDGE ( 'NONE', *, *, #230, .T. ) ;
#6059 = VERTEX_POINT ( 'NONE', #626 ) ;
#6060 = AXIS2_PLACEMENT_3D ( 'NONE', #999, #2524, #1843 ) ;
#6061 = EDGE_LOOP ( 'NONE', ( #3273, #3927, #2655, #7278 ) ) ;
#6062 = CARTESIAN_POINT ( 'NONE',  ( 1.816446464817361939, 33.09706199999999399, 1.131283148573349440 ) ) ;
#6063 = ADVANCED_FACE ( 'NONE', ( #6802, #1963, #8145 ), #1246, .T. ) ;
#6064 = DIRECTION ( 'NONE',  ( 0.9999999999999991118, 4.371138883525599113E-08, -0.000000000000000000 ) ) ;
#6065 = CARTESIAN_POINT ( 'NONE',  ( 21.05780361999999428, 48.25000098000001003, 1.500000000000000000 ) ) ;
#6066 = LINE ( 'NONE', #4823, #6715 ) ;
#6067 = ORIENTED_EDGE ( 'NONE', *, *, #3869, .F. ) ;
#6068 = VECTOR ( 'NONE', #1085, 1000.000000000000114 ) ;
#6069 = EDGE_LOOP ( 'NONE', ( #3543, #5778, #8683, #6807 ) ) ;
#6070 = DIRECTION ( 'NONE',  ( 0.9999999932531438152, 0.0001161624401737049839, 1.504632769052528344E-36 ) ) ;
#6071 = ORIENTED_EDGE ( 'NONE', *, *, #8211, .F. ) ;
#6072 = ADVANCED_FACE ( 'NONE', ( #6757 ), #6127, .F. ) ;
#6073 = AXIS2_PLACEMENT_3D ( 'NONE', #6470, #1668, #2392 ) ;
#6074 = ORIENTED_EDGE ( 'NONE', *, *, #5700, .F. ) ;
#6075 = CARTESIAN_POINT ( 'NONE',  ( 0.8164464580384753756, 33.09706199999999399, 2.500000000000000000 ) ) ;
#6076 = LINE ( 'NONE', #7367, #3447 ) ;
#6077 = CARTESIAN_POINT ( 'NONE',  ( 21.70540192195172580, 53.26418071516103936, 2.500000000000000000 ) ) ;
#6078 = EDGE_CURVE ( 'NONE', #1487, #7874, #6174, .T. ) ;
#6079 = DIRECTION ( 'NONE',  ( 0.000000000000000000, 0.000000000000000000, 1.000000000000000000 ) ) ;
#6080 = CARTESIAN_POINT ( 'NONE',  ( 31.45992961779206354, 108.1127177484095938, -3.998419459999999592 ) ) ;
#6081 = DIRECTION ( 'NONE',  ( -1.000000000000000000, 0.000000000000000000, 0.000000000000000000 ) ) ;
#6082 = AXIS2_PLACEMENT_3D ( 'NONE', #5217, #4749, #3347 ) ;
#6083 = ORIENTED_EDGE ( 'NONE', *, *, #805, .T. ) ;
#6084 = DIRECTION ( 'NONE',  ( 0.9999999932531437041, 0.0001161624401737049704, -0.000000000000000000 ) ) ;
#6085 = ORIENTED_EDGE ( 'NONE', *, *, #6601, .F. ) ;
#6086 = CARTESIAN_POINT ( 'NONE',  ( 0.000000000000000000, 30.05000098000000008, 3.000000000000000000 ) ) ;
#6087 = CARTESIAN_POINT ( 'NONE',  ( 32.96825808800235080, 36.41604865855055806, -0.2100000000001007172 ) ) ;
#6088 = DIRECTION ( 'NONE',  ( -0.9999999999999849010, -1.748455547012635794E-07, 1.213234753641875624E-21 ) ) ;
#6089 = LINE ( 'NONE', #4756, #6169 ) ;
#6090 = ORIENTED_EDGE ( 'NONE', *, *, #5775, .T. ) ;
#6091 = EDGE_CURVE ( 'NONE', #4263, #8266, #6089, .T. ) ;
#6092 = ORIENTED_EDGE ( 'NONE', *, *, #1184, .T. ) ;
#6093 = CARTESIAN_POINT ( 'NONE',  ( 7.632803619999999789, 65.45000098000001287, 3.500000000000000000 ) ) ;
#6094 = CARTESIAN_POINT ( 'NONE',  ( -1.192509944038652181, -0.0001388057892016356120, -1.598417070451769284 ) ) ;
#6095 = ORIENTED_EDGE ( 'NONE', *, *, #5319, .F. ) ;
#6096 = CARTESIAN_POINT ( 'NONE',  ( 21.96091302770999931, 90.40681127924000293, 1.500000000000000000 ) ) ;
#6097 = LINE ( 'NONE', #3405, #4028 ) ;
#6098 = DIRECTION ( 'NONE',  ( 1.469843297447993147E-16, -1.000000000000000000, 0.000000000000000000 ) ) ;
#6099 = VERTEX_POINT ( 'NONE', #667 ) ;
#6100 = ORIENTED_EDGE ( 'NONE', *, *, #5634, .F. ) ;
#6101 = CARTESIAN_POINT ( 'NONE',  ( 21.73782778953206929, 2.592210361996780784E-07, -19.25780817680636048 ) ) ;
#6102 = PLANE ( 'NONE',  #406 ) ;
#6103 = DIRECTION ( 'NONE',  ( 0.000000000000000000, 0.000000000000000000, 1.000000000000000000 ) ) ;
#6104 = FACE_OUTER_BOUND ( 'NONE', #169, .T. ) ;
#6105 = ORIENTED_EDGE ( 'NONE', *, *, #7236, .F. ) ;
#6106 = EDGE_CURVE ( 'NONE', #6475, #325, #7593, .T. ) ;
#6107 = EDGE_CURVE ( 'NONE', #521, #1046, #8197, .T. ) ;
#6108 = EDGE_LOOP ( 'NONE', ( #872, #529, #1145, #1628 ) ) ;
#6109 = DIRECTION ( 'NONE',  ( 1.000000000000000000, 0.000000000000000000, 0.000000000000000000 ) ) ;
#6110 = ORIENTED_EDGE ( 'NONE', *, *, #910, .T. ) ;
#6111 = ORIENTED_EDGE ( 'NONE', *, *, #1133, .T. ) ;
#6112 = DIRECTION ( 'NONE',  ( 1.000000000000000000, 0.000000000000000000, 0.000000000000000000 ) ) ;
#6113 = CARTESIAN_POINT ( 'NONE',  ( 1.320291046206870877, 0.0001533682344117349495, 3.426814665646245039 ) ) ;
#6114 = CARTESIAN_POINT ( 'NONE',  ( 30.45992962453891906, 108.1126015859694576, 1.000000000000000000 ) ) ;
#6115 = ADVANCED_FACE ( 'NONE', ( #8051 ), #4802, .F. ) ;
#6116 = DIRECTION ( 'NONE',  ( -0.0004794410854595722998, 0.9999998850681163232, 0.000000000000000000 ) ) ;
#6117 = DIRECTION ( 'NONE',  ( -0.000000000000000000, 0.000000000000000000, 1.000000000000000000 ) ) ;
#6118 = EDGE_CURVE ( 'NONE', #1937, #7475, #1383, .T. ) ;
#6119 = ORIENTED_EDGE ( 'NONE', *, *, #4097, .F. ) ;
#6120 = CARTESIAN_POINT ( 'NONE',  ( 30.66921072635849654, 35.05876786264187217, 0.4300619300051014560 ) ) ;
#6121 = ORIENTED_EDGE ( 'NONE', *, *, #2650, .F. ) ;
#6122 = CYLINDRICAL_SURFACE ( 'NONE', #6484, 0.5000000000000000000 ) ;
#6123 = CARTESIAN_POINT ( 'NONE',  ( 0.000000000000000000, 104.7000009799999987, -19.25780817680636048 ) ) ;
#6124 = DIRECTION ( 'NONE',  ( 0.000000000000000000, 0.000000000000000000, -1.000000000000000000 ) ) ;
#6125 = AXIS2_PLACEMENT_3D ( 'NONE', #1611, #7622, #4311 ) ;
#6126 = DIRECTION ( 'NONE',  ( -1.000000000000000000, -1.156482317317870246E-16, 0.000000000000000000 ) ) ;
#6127 = CYLINDRICAL_SURFACE ( 'NONE', #5034, 0.5000000000000000000 ) ;
#6128 = ADVANCED_FACE ( 'NONE', ( #7381 ), #709, .F. ) ;
#6129 = ORIENTED_EDGE ( 'NONE', *, *, #1006, .T. ) ;
#6130 = VECTOR ( 'NONE', #3458, 1000.000000000000114 ) ;
#6131 = ORIENTED_EDGE ( 'NONE', *, *, #2988, .F. ) ;
#6132 = DIRECTION ( 'NONE',  ( 0.000000000000000000, 0.000000000000000000, -1.000000000000000000 ) ) ;
#6133 = CARTESIAN_POINT ( 'NONE',  ( 33.45992960429835250, 108.1129500732899373, -2.998419460000012471 ) ) ;
#6134 = ORIENTED_EDGE ( 'NONE', *, *, #5742, .F. ) ;
#6135 = CARTESIAN_POINT ( 'NONE',  ( -0.6813463777081393280, 14.09630493873912727, -2.098419372125607030 ) ) ;
#6136 = CIRCLE ( 'NONE', #3564, 0.4999999999999995559 ) ;
#6137 = DIRECTION ( 'NONE',  ( 0.000000000000000000, 0.000000000000000000, -1.000000000000000000 ) ) ;
#6138 = DIRECTION ( 'NONE',  ( 0.000000000000000000, 0.000000000000000000, -1.000000000000000000 ) ) ;
#6139 = VECTOR ( 'NONE', #8012, 999.9999999999998863 ) ;
#6140 = EDGE_CURVE ( 'NONE', #7875, #7641, #2093, .T. ) ;
#6141 = ORIENTED_EDGE ( 'NONE', *, *, #650, .F. ) ;
#6142 = AXIS2_PLACEMENT_3D ( 'NONE', #2878, #5749, #2157 ) ;
#6143 = VERTEX_POINT ( 'NONE', #1595 ) ;
#6144 = PLANE ( 'NONE',  #4934 ) ;
#6145 = AXIS2_PLACEMENT_3D ( 'NONE', #4256, #7563, #2144 ) ;
#6146 = ORIENTED_EDGE ( 'NONE', *, *, #6684, .T. ) ;
#6147 = LINE ( 'NONE', #2069, #6992 ) ;
#6148 = PLANE ( 'NONE',  #7308 ) ;
#6149 = LINE ( 'NONE', #4009, #5448 ) ;
#6150 = ORIENTED_EDGE ( 'NONE', *, *, #6670, .F. ) ;
#6151 = ADVANCED_FACE ( 'NONE', ( #8413 ), #933, .F. ) ;
#6152 = AXIS2_PLACEMENT_3D ( 'NONE', #2371, #2409, #6616 ) ;
#6153 = EDGE_LOOP ( 'NONE', ( #6239, #6620, #2068, #8414 ) ) ;
#6154 = VERTEX_POINT ( 'NONE', #5645 ) ;
#6155 = AXIS2_PLACEMENT_3D ( 'NONE', #7251, #503, #3235 ) ;
#6156 = VERTEX_POINT ( 'NONE', #1511 ) ;
#6157 = CARTESIAN_POINT ( 'NONE',  ( -1.193537561650523049, 8.846245434612667324, -1.496672395567841588E-19 ) ) ;
#6158 = CARTESIAN_POINT ( 'NONE',  ( 8.707563899457268164, 110.6025361729631555, 2.499999999999998668 ) ) ;
#6159 = CARTESIAN_POINT ( 'NONE',  ( 30.46883808238525404, 31.42291474461031342, 1.000058081220097872 ) ) ;
#6160 = DIRECTION ( 'NONE',  ( 0.000000000000000000, 1.000000000000000000, -0.000000000000000000 ) ) ;
#6161 = DIRECTION ( 'NONE',  ( 0.9999999932531434821, 0.0001161624429837051277, 0.000000000000000000 ) ) ;
#6162 = CIRCLE ( 'NONE', #7879, 0.5000000000000004441 ) ;
#6163 = ORIENTED_EDGE ( 'NONE', *, *, #3003, .F. ) ;
#6164 = CIRCLE ( 'NONE', #7159, 0.5000000000000000000 ) ;
#6165 = FACE_OUTER_BOUND ( 'NONE', #1429, .T. ) ;
#6166 = ORIENTED_EDGE ( 'NONE', *, *, #3817, .T. ) ;
#6167 = LINE ( 'NONE', #7009, #1572 ) ;
#6168 = CARTESIAN_POINT ( 'NONE',  ( 25.50780378373125856, 30.48645747230914438, 3.495945785979013731 ) ) ;
#6169 = VECTOR ( 'NONE', #7469, 1000.000000000000227 ) ;
#6170 = ADVANCED_FACE ( 'NONE', ( #8373 ), #41, .T. ) ;
#6171 = EDGE_CURVE ( 'NONE', #2683, #2581, #2185, .T. ) ;
#6172 = DIRECTION ( 'NONE',  ( -1.156482317317871725E-16, 1.000000000000000000, 0.000000000000000000 ) ) ;
#6173 = VECTOR ( 'NONE', #3650, 1000.000000000000000 ) ;
#6174 = LINE ( 'NONE', #6707, #880 ) ;
#6175 = ORIENTED_EDGE ( 'NONE', *, *, #4530, .T. ) ;
#6176 = AXIS2_PLACEMENT_3D ( 'NONE', #8559, #2051, #8242 ) ;
#6177 = ORIENTED_EDGE ( 'NONE', *, *, #6978, .F. ) ;
#6178 = DIRECTION ( 'NONE',  ( -1.000000000000000000, 0.000000000000000000, 0.000000000000000000 ) ) ;
#6179 = CARTESIAN_POINT ( 'NONE',  ( 0.000000000000000000, 0.000000000000000000, -2.998419460000000480 ) ) ;
#6180 = EDGE_CURVE ( 'NONE', #2398, #511, #4250, .T. ) ;
#6181 = ORIENTED_EDGE ( 'NONE', *, *, #3241, .T. ) ;
#6182 = LINE ( 'NONE', #2782, #8281 ) ;
#6183 = DIRECTION ( 'NONE',  ( 0.000000000000000000, 0.000000000000000000, -1.000000000000000000 ) ) ;
#6184 = EDGE_CURVE ( 'NONE', #629, #1721, #3167, .T. ) ;
#6185 = DIRECTION ( 'NONE',  ( -1.000000000000000000, 0.000000000000000000, 0.000000000000000000 ) ) ;
#6186 = DIRECTION ( 'NONE',  ( 0.000000000000000000, 0.000000000000000000, 1.000000000000000000 ) ) ;
#6187 = AXIS2_PLACEMENT_3D ( 'NONE', #7736, #6885, #2813 ) ;
#6188 = ORIENTED_EDGE ( 'NONE', *, *, #1647, .F. ) ;
#6189 = EDGE_LOOP ( 'NONE', ( #1420, #2505, #740, #3389 ) ) ;
#6190 = AXIS2_PLACEMENT_3D ( 'NONE', #7592, #4833, #1413 ) ;
#6191 = ORIENTED_EDGE ( 'NONE', *, *, #1498, .T. ) ;
#6192 = CYLINDRICAL_SURFACE ( 'NONE', #8297, 0.5000000000000000000 ) ;
#6193 = DIRECTION ( 'NONE',  ( -1.000000000000000000, -0.000000000000000000, 0.000000000000000000 ) ) ;
#6194 = CARTESIAN_POINT ( 'NONE',  ( 2.314901507656653479, 45.89706200000000536, 2.000000000000001776 ) ) ;
#6195 = EDGE_LOOP ( 'NONE', ( #1931, #2544, #3502, #4372 ) ) ;
#6196 = EDGE_CURVE ( 'NONE', #1491, #7033, #2227, .T. ) ;
#6197 = EDGE_LOOP ( 'NONE', ( #6503, #5768, #2217, #6481, #727, #5344, #5393, #3542, #8081 ) ) ;
#6198 = CARTESIAN_POINT ( 'NONE',  ( 25.33782777879968151, 0.9000000000000002442, 1.000000000000000888 ) ) ;
#6199 = ORIENTED_EDGE ( 'NONE', *, *, #5682, .F. ) ;
#6200 = ORIENTED_EDGE ( 'NONE', *, *, #1373, .T. ) ;
#6201 = ADVANCED_FACE ( 'NONE', ( #5019 ), #1549, .F. ) ;
#6202 = DIRECTION ( 'NONE',  ( 0.000000000000000000, 0.000000000000000000, -1.000000000000000000 ) ) ;
#6203 = CARTESIAN_POINT ( 'NONE',  ( 26.64836102379999971, 96.92773413321998532, 2.499999999999998668 ) ) ;
#6204 = DIRECTION ( 'NONE',  ( 0.000000000000000000, 0.000000000000000000, -1.000000000000000000 ) ) ;
#6205 = CYLINDRICAL_SURFACE ( 'NONE', #702, 0.5000000000000004441 ) ;
#6206 = DIRECTION ( 'NONE',  ( -0.9999999999973340215, 2.309088861408833776E-06, 0.000000000000000000 ) ) ;
#6207 = CIRCLE ( 'NONE', #5646, 4.000000000000000000 ) ;
#6208 = ORIENTED_EDGE ( 'NONE', *, *, #3484, .T. ) ;
#6209 = CARTESIAN_POINT ( 'NONE',  ( 29.45992963128577458, 108.1124854235292645, -2.998419460000012471 ) ) ;
#6210 = CIRCLE ( 'NONE', #3642, 0.5000000000000004441 ) ;
#6211 = ORIENTED_EDGE ( 'NONE', *, *, #6655, .T. ) ;
#6212 = DIRECTION ( 'NONE',  ( 0.000000000000000000, 0.000000000000000000, 1.000000000000000000 ) ) ;
#6213 = DIRECTION ( 'NONE',  ( -0.9999999932531438152, -0.0001161624401668776951, 0.000000000000000000 ) ) ;
#6214 = DIRECTION ( 'NONE',  ( 1.000000000000000000, 0.000000000000000000, 0.000000000000000000 ) ) ;
#6215 = CARTESIAN_POINT ( 'NONE',  ( 30.96849391124851181, 34.38581635684565896, 3.500000000000000000 ) ) ;
#6216 = AXIS2_PLACEMENT_3D ( 'NONE', #402, #4978, #7964 ) ;
#6217 = EDGE_CURVE ( 'NONE', #7073, #995, #5751, .T. ) ;
#6218 = ORIENTED_EDGE ( 'NONE', *, *, #7420, .F. ) ;
#6219 = ADVANCED_FACE ( 'NONE', ( #7737 ), #227, .F. ) ;
#6220 = ORIENTED_EDGE ( 'NONE', *, *, #6107, .F. ) ;
#6221 = CARTESIAN_POINT ( 'NONE',  ( 24.13280361999999712, 74.65143637488998252, 3.000000000000000000 ) ) ;
#6222 = PLANE ( 'NONE',  #1070 ) ;
#6223 = EDGE_LOOP ( 'NONE', ( #8102, #2112, #3658, #2179, #8313, #8269, #2312, #1434 ) ) ;
#6224 = CARTESIAN_POINT ( 'NONE',  ( 16.90892232328008760, 35.01456197871706166, 0.7019704427157940074 ) ) ;
#6225 = FACE_OUTER_BOUND ( 'NONE', #6372, .T. ) ;
#6226 = DIRECTION ( 'NONE',  ( 0.000000000000000000, -1.000000000000000000, 0.000000000000000000 ) ) ;
#6227 = CARTESIAN_POINT ( 'NONE',  ( 9.557803620000001388, 48.25000098000001003, 1.500000000000000000 ) ) ;
#6228 = AXIS2_PLACEMENT_3D ( 'NONE', #4232, #2166, #4827 ) ;
#6229 = AXIS2_PLACEMENT_3D ( 'NONE', #3519, #1458, #8127 ) ;
#6230 = EDGE_CURVE ( 'NONE', #4964, #8217, #3530, .T. ) ;
#6231 = ORIENTED_EDGE ( 'NONE', *, *, #5157, .T. ) ;
#6232 = ORIENTED_EDGE ( 'NONE', *, *, #4218, .T. ) ;
#6233 = CARTESIAN_POINT ( 'NONE',  ( 4.632803619999999789, 29.55000098000000008, 3.500000000000000000 ) ) ;
#6234 = ORIENTED_EDGE ( 'NONE', *, *, #7491, .T. ) ;
#6235 = FACE_OUTER_BOUND ( 'NONE', #3346, .T. ) ;
#6236 = DIRECTION ( 'NONE',  ( 0.9999999932531438152, 0.0001161624401745108172, 0.000000000000000000 ) ) ;
#6237 = DIRECTION ( 'NONE',  ( -0.0001161624401733471295, 0.9999999932531437041, 0.000000000000000000 ) ) ;
#6238 = ORIENTED_EDGE ( 'NONE', *, *, #2776, .F. ) ;
#6239 = ORIENTED_EDGE ( 'NONE', *, *, #6217, .F. ) ;
#6240 = ORIENTED_EDGE ( 'NONE', *, *, #7203, .T. ) ;
#6241 = ORIENTED_EDGE ( 'NONE', *, *, #1079, .T. ) ;
#6242 = DIRECTION ( 'NONE',  ( 0.0001161624429837051277, -0.9999999932531434821, -5.433278761794395471E-39 ) ) ;
#6243 = LINE ( 'NONE', #8271, #1164 ) ;
#6244 = DIRECTION ( 'NONE',  ( -1.000000000000000000, 0.000000000000000000, 0.000000000000000000 ) ) ;
#6245 = EDGE_CURVE ( 'NONE', #4189, #2714, #6390, .T. ) ;
#6246 = LINE ( 'NONE', #7545, #5571 ) ;
#6247 = PLANE ( 'NONE',  #5911 ) ;
#6248 = EDGE_CURVE ( 'NONE', #1757, #7574, #1451, .T. ) ;
#6249 = ADVANCED_FACE ( 'NONE', ( #5061 ), #5601, .T. ) ;
#6250 = VERTEX_POINT ( 'NONE', #6215 ) ;
#6251 = DIRECTION ( 'NONE',  ( 0.000000000000000000, -0.000000000000000000, 1.000000000000000000 ) ) ;
#6252 = ORIENTED_EDGE ( 'NONE', *, *, #656, .F. ) ;
#6253 = DIRECTION ( 'NONE',  ( -1.000000000000000000, 0.000000000000000000, -0.000000000000000000 ) ) ;
#6254 = LINE ( 'NONE', #4204, #5938 ) ;
#6255 = DIRECTION ( 'NONE',  ( -1.000000000000000000, 0.000000000000000000, 0.000000000000000000 ) ) ;
#6256 = CARTESIAN_POINT ( 'NONE',  ( 25.63948489054095248, 59.53052851882922880, -19.25780817680636048 ) ) ;
#6257 = EDGE_CURVE ( 'NONE', #3755, #901, #8331, .T. ) ;
#6258 = VERTEX_POINT ( 'NONE', #2814 ) ;
#6259 = PLANE ( 'NONE',  #7778 ) ;
#6260 = CARTESIAN_POINT ( 'NONE',  ( 30.47226752610588107, 1.900116162440151912, -1.734723475976807094E-15 ) ) ;
#6261 = CARTESIAN_POINT ( 'NONE',  ( 29.96691059228446008, 48.51559628190723572, 1.500000000000000000 ) ) ;
#6262 = VERTEX_POINT ( 'NONE', #8334 ) ;
#6263 = LINE ( 'NONE', #1435, #4710 ) ;
#6264 = CARTESIAN_POINT ( 'NONE',  ( 0.000000000000000000, 14.90000000000000036, 3.426814665646245039 ) ) ;
#6265 = DIRECTION ( 'NONE',  ( -0.9999999932531434821, -0.0001161624429838024349, 0.000000000000000000 ) ) ;
#6266 = CYLINDRICAL_SURFACE ( 'NONE', #6556, 0.5000000000000000000 ) ;
#6267 = ADVANCED_FACE ( 'NONE', ( #2318 ), #265, .T. ) ;
#6268 = CIRCLE ( 'NONE', #3693, 0.5000000000000004441 ) ;
#6269 = ORIENTED_EDGE ( 'NONE', *, *, #4606, .F. ) ;
#6270 = EDGE_LOOP ( 'NONE', ( #10, #7785, #6092, #4200 ) ) ;
#6271 = CYLINDRICAL_SURFACE ( 'NONE', #283, 2.000000000000001332 ) ;
#6272 = CARTESIAN_POINT ( 'NONE',  ( 0.000000000000000000, 7.050000979999999196, 3.000000000000000000 ) ) ;
#6273 = VECTOR ( 'NONE', #3479, 1000.000000000000114 ) ;
#6274 = AXIS2_PLACEMENT_3D ( 'NONE', #8025, #5971, #8533 ) ;
#6275 = ORIENTED_EDGE ( 'NONE', *, *, #2196, .T. ) ;
#6276 = LINE ( 'NONE', #4355, #153 ) ;
#6277 = CARTESIAN_POINT ( 'NONE',  ( -0.1813463810815675314, 14.09636301996064489, -2.998419460000012471 ) ) ;
#6278 = EDGE_CURVE ( 'NONE', #5912, #6916, #8187, .T. ) ;
#6279 = AXIS2_PLACEMENT_3D ( 'NONE', #8578, #390, #3835 ) ;
#6280 = CARTESIAN_POINT ( 'NONE',  ( 31.46143964517696645, 95.11344386558701558, -2.998419460000012471 ) ) ;
#6281 = EDGE_CURVE ( 'NONE', #2076, #8778, #1592, .T. ) ;
#6282 = ORIENTED_EDGE ( 'NONE', *, *, #1093, .T. ) ;
#6283 = TOROIDAL_SURFACE ( 'NONE', #2423, 2.029999995682014280, 0.5000000000000000000 ) ;
#6284 = ORIENTED_EDGE ( 'NONE', *, *, #8427, .T. ) ;
#6285 = CIRCLE ( 'NONE', #7711, 0.5000000000000004441 ) ;
#6286 = DIRECTION ( 'NONE',  ( 0.0001161624401668776951, -0.9999999932531438152, 0.000000000000000000 ) ) ;
#6287 = EDGE_LOOP ( 'NONE', ( #5982, #6865, #2838, #5776, #633, #5531 ) ) ;
#6288 = ORIENTED_EDGE ( 'NONE', *, *, #3944, .F. ) ;
#6289 = CARTESIAN_POINT ( 'NONE',  ( 13.86479010925554789, 0.9000000000000002442, 117.8988879368424563 ) ) ;
#6290 = DIRECTION ( 'NONE',  ( 0.000000000000000000, 1.000000000000000000, 0.000000000000000000 ) ) ;
#6291 = DIRECTION ( 'NONE',  ( -0.0001161624401668776951, 0.9999999932531438152, 0.000000000000000000 ) ) ;
#6292 = CARTESIAN_POINT ( 'NONE',  ( -4.241367966235109037E-06, 48.51559366211629509, 3.000000000000000000 ) ) ;
#6293 = DIRECTION ( 'NONE',  ( -0.000000000000000000, -0.000000000000000000, -1.000000000000000000 ) ) ;
#6294 = ADVANCED_FACE ( 'NONE', ( #4560 ), #2457, .T. ) ;
#6295 = VECTOR ( 'NONE', #672, 1000.000000000000000 ) ;
#6296 = ORIENTED_EDGE ( 'NONE', *, *, #1079, .F. ) ;
#6297 = LINE ( 'NONE', #3524, #5241 ) ;
#6298 = ORIENTED_EDGE ( 'NONE', *, *, #5832, .T. ) ;
#6299 = CIRCLE ( 'NONE', #5596, 0.5000000000000004441 ) ;
#6300 = DIRECTION ( 'NONE',  ( 0.000000000000000000, 0.000000000000000000, 1.000000000000000000 ) ) ;
#6301 = DIRECTION ( 'NONE',  ( 0.000000000000000000, 0.000000000000000000, -1.000000000000000000 ) ) ;
#6302 = FACE_OUTER_BOUND ( 'NONE', #8495, .T. ) ;
#6303 = CARTESIAN_POINT ( 'NONE',  ( 30.96849391124851181, 34.38581635684565896, 3.000000000000000000 ) ) ;
#6304 = VECTOR ( 'NONE', #2996, 1000.000000000000000 ) ;
#6305 = DIRECTION ( 'NONE',  ( -0.0001161624429838024213, 0.9999999932531434821, 0.000000000000000000 ) ) ;
#6306 = VECTOR ( 'NONE', #7868, 1000.000000000000000 ) ;
#6307 = EDGE_LOOP ( 'NONE', ( #1521, #935, #3228, #7484 ) ) ;
#6308 = FACE_OUTER_BOUND ( 'NONE', #5080, .T. ) ;
#6309 = DIRECTION ( 'NONE',  ( -0.0001161624401738165890, 0.9999999932531438152, 0.000000000000000000 ) ) ;
#6310 = CARTESIAN_POINT ( 'NONE',  ( 0.000000000000000000, 64.45000097999999866, 3.500000000000000000 ) ) ;
#6311 = AXIS2_PLACEMENT_3D ( 'NONE', #8700, #1943, #5357 ) ;
#6312 = EDGE_CURVE ( 'NONE', #1771, #2741, #188, .T. ) ;
#6313 = CARTESIAN_POINT ( 'NONE',  ( 25.33782774328766152, 3.877977072245788026, 1.500000000000000000 ) ) ;
#6314 = PLANE ( 'NONE',  #5877 ) ;
#6315 = CARTESIAN_POINT ( 'NONE',  ( 21.05780361999999428, 47.75000098000001003, 1.500000000000000000 ) ) ;
#6316 = CIRCLE ( 'NONE', #1028, 0.5000000000000004441 ) ;
#6317 = VERTEX_POINT ( 'NONE', #357 ) ;
#6318 = FACE_OUTER_BOUND ( 'NONE', #671, .T. ) ;
#6319 = VERTEX_POINT ( 'NONE', #5209 ) ;
#6320 = CARTESIAN_POINT ( 'NONE',  ( 30.96825810149546498, 36.41581633883156144, 1.319999995681911509 ) ) ;
#6321 = DIRECTION ( 'NONE',  ( 0.000000000000000000, 0.000000000000000000, 1.000000000000000000 ) ) ;
#6322 = AXIS2_PLACEMENT_3D ( 'NONE', #5279, #7993, #5244 ) ;
#6323 = AXIS2_PLACEMENT_3D ( 'NONE', #4117, #6837, #3442 ) ;
#6324 = PLANE ( 'NONE',  #2866 ) ;
#6325 = ORIENTED_EDGE ( 'NONE', *, *, #5494, .F. ) ;
#6326 = EDGE_CURVE ( 'NONE', #2605, #3313, #486, .T. ) ;
#6327 = VERTEX_POINT ( 'NONE', #3212 ) ;
#6328 = SHAPE_DEFINITION_REPRESENTATION ( #2082, #3466 ) ;
#6329 = EDGE_LOOP ( 'NONE', ( #8404, #1408, #8249, #42, #6462, #2202, #2198, #6981 ) ) ;
#6330 = ADVANCED_FACE ( 'NONE', ( #1682 ), #1641, .F. ) ;
#6331 = ORIENTED_EDGE ( 'NONE', *, *, #4493, .F. ) ;
#6332 = CARTESIAN_POINT ( 'NONE',  ( 33.47952184677593124, 58.27238263990292921, -5.100000000000000533 ) ) ;
#6333 = CARTESIAN_POINT ( 'NONE',  ( 32.96825808800235080, 36.41604865855055806, -0.7100000000001007727 ) ) ;
#6334 = LINE ( 'NONE', #3019, #2271 ) ;
#6335 = LINE ( 'NONE', #7724, #8772 ) ;
#6336 = VECTOR ( 'NONE', #1537, 1000.000000000000227 ) ;
#6337 = CIRCLE ( 'NONE', #4783, 0.5000000000000004441 ) ;
#6338 = EDGE_CURVE ( 'NONE', #5758, #1491, #2316, .T. ) ;
#6339 = ORIENTED_EDGE ( 'NONE', *, *, #5901, .T. ) ;
#6340 = LINE ( 'NONE', #4244, #505 ) ;
#6341 = ORIENTED_EDGE ( 'NONE', *, *, #3933, .T. ) ;
#6342 = EDGE_CURVE ( 'NONE', #8109, #7689, #3600, .T. ) ;
#6343 = LINE ( 'NONE', #353, #8053 ) ;
#6344 = LINE ( 'NONE', #5680, #1863 ) ;
#6345 = CARTESIAN_POINT ( 'NONE',  ( 26.64836102379999971, 96.92773413321998532, 2.500000000000000000 ) ) ;
#6346 = CYLINDRICAL_SURFACE ( 'NONE', #2469, 1.000000000000000000 ) ;
#6347 = DIRECTION ( 'NONE',  ( 1.000000000000000000, 0.000000000000000000, 0.000000000000000000 ) ) ;
#6348 = ORIENTED_EDGE ( 'NONE', *, *, #1038, .F. ) ;
#6349 = CARTESIAN_POINT ( 'NONE',  ( 10.26479006554419371, 1.899999160414497901, 1.500000000000000000 ) ) ;
#6350 = CARTESIAN_POINT ( 'NONE',  ( 26.60539153508827326, 48.76256196061894599, 2.500000000000000000 ) ) ;
#6351 = AXIS2_PLACEMENT_3D ( 'NONE', #7948, #6596, #3107 ) ;
#6352 = DIRECTION ( 'NONE',  ( -0.000000000000000000, -0.000000000000000000, -1.000000000000000000 ) ) ;
#6353 = EDGE_CURVE ( 'NONE', #6543, #4269, #7311, .T. ) ;
#6354 = DIRECTION ( 'NONE',  ( 0.0001161624429838024213, -0.9999999932531434821, 0.000000000000000000 ) ) ;
#6355 = DIRECTION ( 'NONE',  ( -6.311429343820460109E-43, 5.433278725136842152E-39, -1.000000000000000000 ) ) ;
#6356 = CIRCLE ( 'NONE', #3645, 0.5000000000000000000 ) ;
#6357 = TOROIDAL_SURFACE ( 'NONE', #5516, 1.000000000000000000, 0.5000000000000000000 ) ;
#6358 = EDGE_CURVE ( 'NONE', #8604, #4994, #3121, .T. ) ;
#6359 = ORIENTED_EDGE ( 'NONE', *, *, #4794, .F. ) ;
#6360 = EDGE_CURVE ( 'NONE', #2066, #6972, #3464, .T. ) ;
#6361 = DIRECTION ( 'NONE',  ( 0.000000000000000000, 0.000000000000000000, -1.000000000000000000 ) ) ;
#6362 = LINE ( 'NONE', #6401, #6068 ) ;
#6363 = ORIENTED_EDGE ( 'NONE', *, *, #1195, .F. ) ;
#6364 = FACE_OUTER_BOUND ( 'NONE', #7444, .T. ) ;
#6365 = DIRECTION ( 'NONE',  ( -0.0004794410854595740888, 0.9999998850681162121, 0.000000000000000000 ) ) ;
#6366 = LINE ( 'NONE', #7075, #2440 ) ;
#6367 = VERTEX_POINT ( 'NONE', #1019 ) ;
#6368 = CIRCLE ( 'NONE', #3366, 0.5000000000000004441 ) ;
#6369 = ORIENTED_EDGE ( 'NONE', *, *, #5413, .T. ) ;
#6370 = EDGE_LOOP ( 'NONE', ( #53, #1318, #3448, #1035 ) ) ;
#6371 = ORIENTED_EDGE ( 'NONE', *, *, #2740, .F. ) ;
#6372 = EDGE_LOOP ( 'NONE', ( #1219, #5812, #1855, #8486 ) ) ;
#6373 = DIRECTION ( 'NONE',  ( 0.000000000000000000, 0.000000000000000000, 1.000000000000000000 ) ) ;
#6374 = CARTESIAN_POINT ( 'NONE',  ( 19.74645821121415068, 1.726290213761730443E-06, 0.000000000000000000 ) ) ;
#6375 = LINE ( 'NONE', #1625, #3203 ) ;
#6376 = DIRECTION ( 'NONE',  ( 1.000000000000000000, 0.000000000000000000, 0.000000000000000000 ) ) ;
#6377 = VERTEX_POINT ( 'NONE', #8673 ) ;
#6378 = EDGE_CURVE ( 'NONE', #7363, #7426, #2883, .T. ) ;
#6379 = EDGE_CURVE ( 'NONE', #6804, #7713, #4038, .T. ) ;
#6380 = EDGE_LOOP ( 'NONE', ( #3254, #5076, #8133, #5129, #8098, #3070, #6589 ) ) ;
#6381 = DIRECTION ( 'NONE',  ( 0.000000000000000000, 0.000000000000000000, 1.000000000000000000 ) ) ;
#6382 = ORIENTED_EDGE ( 'NONE', *, *, #7340, .T. ) ;
#6383 = FACE_OUTER_BOUND ( 'NONE', #2767, .T. ) ;
#6384 = ORIENTED_EDGE ( 'NONE', *, *, #2373, .F. ) ;
#6385 = CARTESIAN_POINT ( 'NONE',  ( 19.74645813253380311, 0.9000000000000002442, 117.8988879368424563 ) ) ;
#6386 = DIRECTION ( 'NONE',  ( 0.000000000000000000, 0.000000000000000000, 1.000000000000000000 ) ) ;
#6387 = CARTESIAN_POINT ( 'NONE',  ( 9.557803620000006717, 1.105343087892674810E-15, 1.500000000000000000 ) ) ;
#6388 = DIRECTION ( 'NONE',  ( 0.9999999932531434821, 0.0001161624429838024349, -0.000000000000000000 ) ) ;
#6389 = EDGE_CURVE ( 'NONE', #4954, #2008, #1308, .T. ) ;
#6390 = LINE ( 'NONE', #6256, #4176 ) ;
#6391 = EDGE_CURVE ( 'NONE', #608, #4098, #6526, .T. ) ;
#6392 = VERTEX_POINT ( 'NONE', #6697 ) ;
#6393 = CARTESIAN_POINT ( 'NONE',  ( 27.62067888718387465, 30.42291433404509959, 3.500000000000000000 ) ) ;
#6394 = CARTESIAN_POINT ( 'NONE',  ( -0.6838787780862298771, 35.89681374310359274, -0.02999999999999999889 ) ) ;
#6395 = DIRECTION ( 'NONE',  ( 0.000000000000000000, 0.000000000000000000, -1.000000000000000000 ) ) ;
#6396 = FACE_OUTER_BOUND ( 'NONE', #6223, .T. ) ;
#6397 = DIRECTION ( 'NONE',  ( 1.000000000000000000, 0.000000000000000000, 0.000000000000000000 ) ) ;
#6398 = EDGE_CURVE ( 'NONE', #7486, #2741, #8767, .T. ) ;
#6399 = ORIENTED_EDGE ( 'NONE', *, *, #855, .F. ) ;
#6400 = DIRECTION ( 'NONE',  ( -0.000000000000000000, -0.000000000000000000, -1.000000000000000000 ) ) ;
#6401 = CARTESIAN_POINT ( 'NONE',  ( 29.97226752947931061, 1.900058081220064921, 1.500000000000000000 ) ) ;
#6402 = EDGE_LOOP ( 'NONE', ( #335, #1711, #2296, #7325 ) ) ;
#6403 = CARTESIAN_POINT ( 'NONE',  ( 29.96883816980803061, 30.92291474461031342, 3.000000000000000000 ) ) ;
#6404 = VECTOR ( 'NONE', #8647, 1000.000000000000000 ) ;
#6405 = DIRECTION ( 'NONE',  ( 0.000000000000000000, 0.000000000000000000, -1.000000000000000000 ) ) ;
#6406 = ADVANCED_FACE ( 'NONE', ( #1913 ), #3387, .T. ) ;
#6407 = EDGE_LOOP ( 'NONE', ( #8769, #2343, #4673, #3237 ) ) ;
#6408 = CIRCLE ( 'NONE', #2554, 0.5000000000000004441 ) ;
#6409 = ADVANCED_FACE ( 'NONE', ( #4027 ), #659, .T. ) ;
#6410 = ORIENTED_EDGE ( 'NONE', *, *, #8385, .T. ) ;
#6411 = AXIS2_PLACEMENT_3D ( 'NONE', #49, #8273, #4069 ) ;
#6412 = ORIENTED_EDGE ( 'NONE', *, *, #8180, .F. ) ;
#6413 = ORIENTED_EDGE ( 'NONE', *, *, #8112, .F. ) ;
#6414 = VECTOR ( 'NONE', #5168, 1000.000000000000000 ) ;
#6415 = VERTEX_POINT ( 'NONE', #5460 ) ;
#6416 = CARTESIAN_POINT ( 'NONE',  ( 29.47226753285272594, -0.09999999999999982514, 122.8571184009966686 ) ) ;
#6417 = DIRECTION ( 'NONE',  ( -0.000000000000000000, -0.000000000000000000, -1.000000000000000000 ) ) ;
#6418 = FACE_OUTER_BOUND ( 'NONE', #2432, .T. ) ;
#6419 = DIRECTION ( 'NONE',  ( 1.000000000000000000, 0.000000000000000000, 0.000000000000000000 ) ) ;
#6420 = EDGE_CURVE ( 'NONE', #7471, #4133, #8086, .T. ) ;
#6421 = EDGE_LOOP ( 'NONE', ( #6735, #2569, #415, #6429, #4456, #7317 ) ) ;
#6422 = VECTOR ( 'NONE', #4547, 1000.000000000000000 ) ;
#6423 = CIRCLE ( 'NONE', #7570, 0.5000000000000001110 ) ;
#6424 = AXIS2_PLACEMENT_3D ( 'NONE', #5659, #8388, #2957 ) ;
#6425 = ORIENTED_EDGE ( 'NONE', *, *, #2698, .T. ) ;
#6426 = DIRECTION ( 'NONE',  ( -0.000000000000000000, -0.000000000000000000, -1.000000000000000000 ) ) ;
#6427 = ORIENTED_EDGE ( 'NONE', *, *, #7967, .F. ) ;
#6428 = DIRECTION ( 'NONE',  ( 0.000000000000000000, 0.000000000000000000, -1.000000000000000000 ) ) ;
#6429 = ORIENTED_EDGE ( 'NONE', *, *, #1653, .F. ) ;
#6430 = CARTESIAN_POINT ( 'NONE',  ( 29.45801186694394147, 112.1124849638017196, 122.8571184009966686 ) ) ;
#6431 = DIRECTION ( 'NONE',  ( -0.0001161624429838024213, 0.9999999932531434821, -0.000000000000000000 ) ) ;
#6432 = AXIS2_PLACEMENT_3D ( 'NONE', #6713, #7429, #3401 ) ;
#6433 = DIRECTION ( 'NONE',  ( 0.0001161624401668776951, -0.9999999932531438152, 0.000000000000000000 ) ) ;
#6434 = DIRECTION ( 'NONE',  ( 0.000000000000000000, 1.000000000000000000, 0.000000000000000000 ) ) ;
#6435 = CIRCLE ( 'NONE', #1433, 0.9999999999999971134 ) ;
#6436 = AXIS2_PLACEMENT_3D ( 'NONE', #7830, #401, #7151 ) ;
#6437 = ORIENTED_EDGE ( 'NONE', *, *, #7673, .T. ) ;
#6438 = VERTEX_POINT ( 'NONE', #1865 ) ;
#6439 = EDGE_CURVE ( 'NONE', #4072, #4334, #5331, .T. ) ;
#6440 = PRESENTATION_STYLE_ASSIGNMENT (( #6530 ) ) ;
#6441 = LINE ( 'NONE', #317, #7436 ) ;
#6442 = DIRECTION ( 'NONE',  ( -0.000000000000000000, -0.000000000000000000, -1.000000000000000000 ) ) ;
#6443 = VECTOR ( 'NONE', #2279, 1000.000000000000000 ) ;
#6444 = FACE_OUTER_BOUND ( 'NONE', #3958, .T. ) ;
#6445 = AXIS2_PLACEMENT_3D ( 'NONE', #354, #7095, #5896 ) ;
#6446 = DIRECTION ( 'NONE',  ( 0.9999999932531434821, 0.0001161624429837051142, -1.977349438223735199E-54 ) ) ;
#6447 = DIRECTION ( 'NONE',  ( -0.0004794410854595740888, 0.9999998850681162121, 0.000000000000000000 ) ) ;
#6448 = B_SPLINE_CURVE_WITH_KNOTS ( 'NONE', 3,
 ( #820, #3593, #2829, #3639 ),
 .UNSPECIFIED., .F., .F.,
 ( 4, 4 ),
 ( -4.472144210452423161E-06, 0.0003049321400493979145 ),
 .UNSPECIFIED. ) ;
#6449 = EDGE_CURVE ( 'NONE', #5098, #7837, #1955, .T. ) ;
#6450 = CIRCLE ( 'NONE', #4460, 0.5000000000000004441 ) ;
#6451 = EDGE_CURVE ( 'NONE', #3083, #612, #5041, .T. ) ;
#6452 = VERTEX_POINT ( 'NONE', #4608 ) ;
#6453 = DIRECTION ( 'NONE',  ( 0.9999999932531438152, 0.0001161624401738173886, 0.000000000000000000 ) ) ;
#6454 = LINE ( 'NONE', #327, #635 ) ;
#6455 = EDGE_CURVE ( 'NONE', #1633, #2076, #4699, .T. ) ;
#6456 = ORIENTED_EDGE ( 'NONE', *, *, #2650, .T. ) ;
#6457 = DIRECTION ( 'NONE',  ( 1.192488222418004912E-08, -0.9999999999999998890, 0.000000000000000000 ) ) ;
#6458 = CARTESIAN_POINT ( 'NONE',  ( -1.179929574520096613, 1.899535350228048980, -2.998419460000012471 ) ) ;
#6459 = DIRECTION ( 'NONE',  ( 0.000000000000000000, 0.000000000000000000, 1.000000000000000000 ) ) ;
#6460 = ORIENTED_EDGE ( 'NONE', *, *, #3353, .T. ) ;
#6461 = CIRCLE ( 'NONE', #2308, 0.5000000000000004441 ) ;
#6462 = ORIENTED_EDGE ( 'NONE', *, *, #1683, .T. ) ;
#6463 = VECTOR ( 'NONE', #1238, 1000.000000000000000 ) ;
#6464 = ORIENTED_EDGE ( 'NONE', *, *, #493, .T. ) ;
#6465 = VERTEX_POINT ( 'NONE', #2681 ) ;
#6466 = CARTESIAN_POINT ( 'NONE',  ( 27.13280362000000068, 7.050000979999999196, 3.000000000000000000 ) ) ;
#6467 = CIRCLE ( 'NONE', #2614, 2.000000000000000444 ) ;
#6468 = CYLINDRICAL_SURFACE ( 'NONE', #2985, 1.999999999999998224 ) ;
#6469 = LINE ( 'NONE', #2968, #311 ) ;
#6470 = CARTESIAN_POINT ( 'NONE',  ( 26.60523677587748637, -8.443769463621132211E-05, -19.25780817680636048 ) ) ;
#6471 = FACE_OUTER_BOUND ( 'NONE', #8344, .T. ) ;
#6472 = ORIENTED_EDGE ( 'NONE', *, *, #596, .F. ) ;
#6473 = ADVANCED_FACE ( 'NONE', ( #5414 ), #2611, .T. ) ;
#6474 = VECTOR ( 'NONE', #1326, 1000.000000000000000 ) ;
#6475 = VERTEX_POINT ( 'NONE', #3303 ) ;
#6476 = DIRECTION ( 'NONE',  ( -0.9999999932531438152, -0.0001161624401668784947, 0.000000000000000000 ) ) ;
#6477 = EDGE_CURVE ( 'NONE', #1124, #7450, #6038, .T. ) ;
#6478 = ORIENTED_EDGE ( 'NONE', *, *, #5423, .F. ) ;
#6479 = EDGE_CURVE ( 'NONE', #7625, #8109, #7459, .T. ) ;
#6480 = CARTESIAN_POINT ( 'NONE',  ( 29.42110518602579106, 108.6124668669588971, 1.000000000000000000 ) ) ;
#6481 = ORIENTED_EDGE ( 'NONE', *, *, #5526, .T. ) ;
#6482 = CARTESIAN_POINT ( 'NONE',  ( 29.47226753285274015, 1.900000000000000133, 1.000000000000000888 ) ) ;
#6483 = DIRECTION ( 'NONE',  ( -0.0001161624429838521320, 0.9999999932531434821, 0.000000000000000000 ) ) ;
#6484 = AXIS2_PLACEMENT_3D ( 'NONE', #8239, #4885, #2727 ) ;
#6485 = DIRECTION ( 'NONE',  ( 1.000000000000000000, 0.000000000000000000, 0.000000000000000000 ) ) ;
#6486 = CARTESIAN_POINT ( 'NONE',  ( -0.6813463777081392170, 14.09630493873912727, -2.998419460000012471 ) ) ;
#6487 = VECTOR ( 'NONE', #5813, 1000.000000000000000 ) ;
#6488 = ORIENTED_EDGE ( 'NONE', *, *, #2137, .T. ) ;
#6489 = CIRCLE ( 'NONE', #6060, 1.529999995682009173 ) ;
#6490 = ORIENTED_EDGE ( 'NONE', *, *, #5387, .F. ) ;
#6491 = DIRECTION ( 'NONE',  ( 0.000000000000000000, 0.000000000000000000, -1.000000000000000000 ) ) ;
#6492 = DIRECTION ( 'NONE',  ( 1.000000000000000000, 0.000000000000000000, 0.000000000000000000 ) ) ;
#6493 = EDGE_CURVE ( 'NONE', #1758, #6571, #3624, .T. ) ;
#6494 = ADVANCED_FACE ( 'NONE', ( #1327 ), #6792, .F. ) ;
#6495 = CIRCLE ( 'NONE', #8365, 0.5000000000000019984 ) ;
#6496 = VECTOR ( 'NONE', #8203, 999.9999999999998863 ) ;
#6497 = ORIENTED_EDGE ( 'NONE', *, *, #8627, .F. ) ;
#6498 = LINE ( 'NONE', #370, #2641 ) ;
#6499 = ORIENTED_EDGE ( 'NONE', *, *, #2089, .F. ) ;
#6500 = LINE ( 'NONE', #7249, #7553 ) ;
#6501 = CARTESIAN_POINT ( 'NONE',  ( 13.36478998223519099, 3.805886958679804088, 2.499999999999998668 ) ) ;
#6502 = DIRECTION ( 'NONE',  ( 1.000000000000000000, 0.000000000000000000, 0.000000000000000000 ) ) ;
#6503 = ORIENTED_EDGE ( 'NONE', *, *, #2487, .F. ) ;
#6504 = EDGE_CURVE ( 'NONE', #1573, #1707, #6337, .T. ) ;
#6505 = VECTOR ( 'NONE', #1793, 1000.000000000000000 ) ;
#6506 = EDGE_CURVE ( 'NONE', #5817, #5915, #7942, .T. ) ;
#6507 = ORIENTED_EDGE ( 'NONE', *, *, #6886, .T. ) ;
#6508 = VERTEX_POINT ( 'NONE', #1805 ) ;
#6509 = ORIENTED_EDGE ( 'NONE', *, *, #4771, .F. ) ;
#6510 = CARTESIAN_POINT ( 'NONE',  ( 29.45992963128577458, 108.1124854235292645, 122.8571184009966686 ) ) ;
#6511 = AXIS2_PLACEMENT_3D ( 'NONE', #3111, #7863, #8620 ) ;
#6512 = DIRECTION ( 'NONE',  ( -0.0001161624429837051277, 0.9999999932531434821, 2.716639380897197735E-39 ) ) ;
#6513 = LINE ( 'NONE', #341, #3738 ) ;
#6514 = DIRECTION ( 'NONE',  ( 1.000000000000000000, 0.000000000000000000, 0.000000000000000000 ) ) ;
#6515 = CARTESIAN_POINT ( 'NONE',  ( -4.241367966235109037E-06, 48.51559366211629509, 1.500000000000000000 ) ) ;
#6516 = AXIS2_PLACEMENT_3D ( 'NONE', #5936, #8175, #8840 ) ;
#6517 = ORIENTED_EDGE ( 'NONE', *, *, #6877, .T. ) ;
#6518 = DIRECTION ( 'NONE',  ( 1.748455523006150028E-07, -0.9999999999999847899, 0.000000000000000000 ) ) ;
#6519 = VERTEX_POINT ( 'NONE', #3730 ) ;
#6520 = CARTESIAN_POINT ( 'NONE',  ( 27.13280362000000068, 30.05000098000000008, 3.500000000000000000 ) ) ;
#6521 = EDGE_LOOP ( 'NONE', ( #7664, #7216, #119, #2208, #7729 ) ) ;
#6522 = CARTESIAN_POINT ( 'NONE',  ( 22.23782774328765655, 3.877977035278655116, 2.499999999999998668 ) ) ;
#6523 = CYLINDRICAL_SURFACE ( 'NONE', #6445, 0.4999999999999936717 ) ;
#6524 = CARTESIAN_POINT ( 'NONE',  ( 4.632803619999999789, 7.550000979999999196, 1.500000000000000000 ) ) ;
#6525 = CARTESIAN_POINT ( 'NONE',  ( 2.820070398492477537, 1.900000000000000577, 0.000000000000000000 ) ) ;
#6526 = LINE ( 'NONE', #1111, #8606 ) ;
#6527 = EDGE_CURVE ( 'NONE', #5941, #5935, #4543, .T. ) ;
#6528 = ADVANCED_FACE ( 'NONE', ( #7126 ), #3781, .F. ) ;
#6529 = VERTEX_POINT ( 'NONE', #3868 ) ;
#6530 = SURFACE_STYLE_USAGE ( .BOTH. , #1598 ) ;
#6531 = DIRECTION ( 'NONE',  ( -0.000000000000000000, -0.000000000000000000, -1.000000000000000000 ) ) ;
#6532 = CARTESIAN_POINT ( 'NONE',  ( 30.45992962453891550, 108.1126015859694292, 117.8988879368424563 ) ) ;
#6533 = DIRECTION ( 'NONE',  ( 0.0004794410854713765510, -0.9999998850681162121, 0.000000000000000000 ) ) ;
#6534 = DIRECTION ( 'NONE',  ( -0.0001161624401737489077, 0.9999999932531437041, 0.000000000000000000 ) ) ;
#6535 = CARTESIAN_POINT ( 'NONE',  ( 15.81018190138322055, -0.09999999999999982514, 0.000000000000000000 ) ) ;
#6536 = EDGE_LOOP ( 'NONE', ( #5345, #6166, #301, #6767 ) ) ;
#6537 = CARTESIAN_POINT ( 'NONE',  ( 26.60540582195057979, 53.26416940061661620, 1.500000000000001332 ) ) ;
#6538 = ORIENTED_EDGE ( 'NONE', *, *, #7701, .F. ) ;
#6539 = DIRECTION ( 'NONE',  ( -0.000000000000000000, -0.000000000000000000, -1.000000000000000000 ) ) ;
#6540 = DIRECTION ( 'NONE',  ( 0.000000000000000000, 0.000000000000000000, 1.000000000000000000 ) ) ;
#6541 = DIRECTION ( 'NONE',  ( -0.000000000000000000, -0.000000000000000000, -1.000000000000000000 ) ) ;
#6542 =( BOUNDED_CURVE ( )  B_SPLINE_CURVE ( 3, ( #4161, #1470, #2135, #7603 ),
 .UNSPECIFIED., .F., .F. ) 
 B_SPLINE_CURVE_WITH_KNOTS ( ( 4, 4 ),
 ( 3.141592653589793116, 4.712388980384689674 ),
 .UNSPECIFIED. ) 
 CURVE ( )  GEOMETRIC_REPRESENTATION_ITEM ( )  RATIONAL_B_SPLINE_CURVE ( ( 1.000000000000000000, 0.8047378541243649375, 0.8047378541243649375, 1.000000000000000000 ) ) 
 REPRESENTATION_ITEM ( '' )  );
#6543 = VERTEX_POINT ( 'NONE', #5796 ) ;
#6544 = ORIENTED_EDGE ( 'NONE', *, *, #5977, .T. ) ;
#6545 = CYLINDRICAL_SURFACE ( 'NONE', #2334, 3.999999999999996447 ) ;
#6546 = ADVANCED_FACE ( 'NONE', ( #6633 ), #6545, .T. ) ;
#6547 = EDGE_CURVE ( 'NONE', #4029, #4737, #3059, .T. ) ;
#6548 = ORIENTED_EDGE ( 'NONE', *, *, #3446, .T. ) ;
#6549 = FACE_OUTER_BOUND ( 'NONE', #5303, .T. ) ;
#6550 = CARTESIAN_POINT ( 'NONE',  ( 30.54851859949085124, 44.19918821360410277, 0.2786107507934523220 ) ) ;
#6551 = DIRECTION ( 'NONE',  ( 0.9999999999999991118, 4.371138843438217064E-08, 0.000000000000000000 ) ) ;
#6552 = DIRECTION ( 'NONE',  ( -0.000000000000000000, -0.000000000000000000, -1.000000000000000000 ) ) ;
#6553 = VERTEX_POINT ( 'NONE', #6466 ) ;
#6554 = VECTOR ( 'NONE', #5738, 1000.000000000000000 ) ;
#6555 = ORIENTED_EDGE ( 'NONE', *, *, #4238, .T. ) ;
#6556 = AXIS2_PLACEMENT_3D ( 'NONE', #7528, #8298, #8254 ) ;
#6557 = LINE ( 'NONE', #435, #7361 ) ;
#6558 = ORIENTED_EDGE ( 'NONE', *, *, #5959, .T. ) ;
#6559 = EDGE_CURVE ( 'NONE', #6963, #6940, #5925, .T. ) ;
#6560 = DIRECTION ( 'NONE',  ( 0.000000000000000000, 0.000000000000000000, 1.000000000000000000 ) ) ;
#6561 = ORIENTED_EDGE ( 'NONE', *, *, #138, .T. ) ;
#6562 = PLANE ( 'NONE',  #7417 ) ;
#6563 = CARTESIAN_POINT ( 'NONE',  ( -0.05302539234935916418, 110.5983359860411070, 2.500000000000000000 ) ) ;
#6564 = DIRECTION ( 'NONE',  ( 1.000000000000000000, 0.000000000000000000, 0.000000000000000000 ) ) ;
#6565 = EDGE_CURVE ( 'NONE', #8601, #3967, #8653, .T. ) ;
#6566 = VECTOR ( 'NONE', #1001, 1000.000000000000227 ) ;
#6567 = DIRECTION ( 'NONE',  ( -0.000000000000000000, -0.000000000000000000, 1.000000000000000000 ) ) ;
#6568 = CIRCLE ( 'NONE', #5163, 0.5000000000000000000 ) ;
#6569 = CARTESIAN_POINT ( 'NONE',  ( -0.9767719949235734722, 35.89677971991174843, -0.02999999999999993297 ) ) ;
#6570 = ORIENTED_EDGE ( 'NONE', *, *, #2223, .F. ) ;
#6571 = VERTEX_POINT ( 'NONE', #3823 ) ;
#6572 = VECTOR ( 'NONE', #6893, 1000.000000000000000 ) ;
#6573 = LINE ( 'NONE', #7281, #2286 ) ;
#6574 = CARTESIAN_POINT ( 'NONE',  ( 30.97248783367698621, 0.003597839789286706551, 3.000000000000000000 ) ) ;
#6575 = ADVANCED_FACE ( 'NONE', ( #5834 ), #1176, .F. ) ;
#6576 = LINE ( 'NONE', #3176, #5468 ) ;
#6577 = DIRECTION ( 'NONE',  ( 0.000000000000000000, 0.000000000000000000, -1.000000000000000000 ) ) ;
#6578 = AXIS2_PLACEMENT_3D ( 'NONE', #2521, #6541, #5260 ) ;
#6579 = ADVANCED_FACE ( 'NONE', ( #8021 ), #2435, .T. ) ;
#6580 = EDGE_LOOP ( 'NONE', ( #5698, #3367, #2567, #3044 ) ) ;
#6581 = CARTESIAN_POINT ( 'NONE',  ( -1.197777549930126639, 45.34675405073983256, -1.496672395567841588E-19 ) ) ;
#6582 = DIRECTION ( 'NONE',  ( -0.0001161624429836895017, 0.9999999932531434821, 0.000000000000000000 ) ) ;
#6583 = VECTOR ( 'NONE', #2772, 1000.000000000000000 ) ;
#6584 = ORIENTED_EDGE ( 'NONE', *, *, #4514, .T. ) ;
#6585 = CARTESIAN_POINT ( 'NONE',  ( 0.8077339944629552404, 108.0994749395621994, 122.8571184009966686 ) ) ;
#6586 = DIRECTION ( 'NONE',  ( 0.0001161624401737789401, -0.9999999932531438152, 0.000000000000000000 ) ) ;
#6587 = LINE ( 'NONE', #5565, #8142 ) ;
#6588 = ORIENTED_EDGE ( 'NONE', *, *, #4598, .T. ) ;
#6589 = ORIENTED_EDGE ( 'NONE', *, *, #1822, .T. ) ;
#6590 = CARTESIAN_POINT ( 'NONE',  ( 9.057803620000006717, 1.047518972026781372E-15, 3.500000000000000000 ) ) ;
#6591 = AXIS2_PLACEMENT_3D ( 'NONE', #5252, #2465, #364 ) ;
#6592 = VERTEX_POINT ( 'NONE', #7979 ) ;
#6593 = CARTESIAN_POINT ( 'NONE',  ( 32.47248782355671182, 0.003772083449547375747, -2.998419460000000480 ) ) ;
#6594 =( BOUNDED_CURVE ( )  B_SPLINE_CURVE ( 3, ( #1753, #5177, #5828, #1125 ),
 .UNSPECIFIED., .F., .T. ) 
 B_SPLINE_CURVE_WITH_KNOTS ( ( 4, 4 ),
 ( 1.570796326794896558, 3.141592653589735828 ),
 .UNSPECIFIED. ) 
 CURVE ( )  GEOMETRIC_REPRESENTATION_ITEM ( )  RATIONAL_B_SPLINE_CURVE ( ( 1.000000000000000000, 0.8047378541243785932, 0.8047378541243785932, 1.000000000000000000 ) ) 
 REPRESENTATION_ITEM ( '' )  );
#6595 = CARTESIAN_POINT ( 'NONE',  ( 29.47226753285274015, 1.900000000000000133, 1.500000000000000000 ) ) ;
#6596 = DIRECTION ( 'NONE',  ( 0.0001161624401737789401, -0.9999999932531438152, 0.000000000000000000 ) ) ;
#6597 = AXIS2_PLACEMENT_3D ( 'NONE', #4327, #2438, #5838 ) ;
#6598 = DIRECTION ( 'NONE',  ( 1.000000000000000000, 0.000000000000000000, 0.000000000000000000 ) ) ;
#6599 = ORIENTED_EDGE ( 'NONE', *, *, #5142, .F. ) ;
#6600 = EDGE_CURVE ( 'NONE', #8308, #1199, #208, .T. ) ;
#6601 = EDGE_CURVE ( 'NONE', #5218, #6032, #6489, .T. ) ;
#6602 = ORIENTED_EDGE ( 'NONE', *, *, #7834, .T. ) ;
#6603 = VECTOR ( 'NONE', #4779, 1000.000000000000000 ) ;
#6604 = CARTESIAN_POINT ( 'NONE',  ( 2.320070761503010282, 1.896845934469383321, 1.500000000000000000 ) ) ;
#6605 = VERTEX_POINT ( 'NONE', #421 ) ;
#6606 = DIRECTION ( 'NONE',  ( 0.000000000000000000, 0.000000000000000000, -1.000000000000000000 ) ) ;
#6607 = ORIENTED_EDGE ( 'NONE', *, *, #656, .T. ) ;
#6608 = CARTESIAN_POINT ( 'NONE',  ( 1.320291046206874208, 0.0001533682344116208914, -1.898419459999999948 ) ) ;
#6609 = DIRECTION ( 'NONE',  ( 1.000000000000000000, 0.000000000000000000, 0.000000000000000000 ) ) ;
#6610 = DIRECTION ( 'NONE',  ( -0.000000000000000000, -0.000000000000000000, 1.000000000000000000 ) ) ;
#6611 = LINE ( 'NONE', #482, #1042 ) ;
#6612 = EDGE_CURVE ( 'NONE', #5624, #4272, #3914, .T. ) ;
#6613 = EDGE_CURVE ( 'NONE', #3057, #3721, #7336, .T. ) ;
#6614 = EDGE_LOOP ( 'NONE', ( #6427, #4186, #7821, #2493 ) ) ;
#6615 = AXIS2_PLACEMENT_3D ( 'NONE', #833, #2123, #4198 ) ;
#6616 = DIRECTION ( 'NONE',  ( 0.000000000000000000, 0.000000000000000000, 1.000000000000000000 ) ) ;
#6617 = CARTESIAN_POINT ( 'NONE',  ( 2.820070398492477537, 1.900000000000000577, 0.9999999999999731326 ) ) ;
#6618 = FACE_OUTER_BOUND ( 'NONE', #5086, .T. ) ;
#6619 = CARTESIAN_POINT ( 'NONE',  ( 1.314901500909797072, 45.89706200000000536, 1.000000000000000666 ) ) ;
#6620 = ORIENTED_EDGE ( 'NONE', *, *, #2563, .F. ) ;
#6621 = EDGE_CURVE ( 'NONE', #7702, #7183, #2490, .T. ) ;
#6622 = LINE ( 'NONE', #3092, #2710 ) ;
#6623 = CARTESIAN_POINT ( 'NONE',  ( 29.45849130802940152, 111.1124850787335987, -3.998419460000000480 ) ) ;
#6624 = ORIENTED_EDGE ( 'NONE', *, *, #891, .T. ) ;
#6625 = LINE ( 'NONE', #5874, #6836 ) ;
#6626 = AXIS2_PLACEMENT_3D ( 'NONE', #7113, #3637, #7798 ) ;
#6627 = LINE ( 'NONE', #8016, #2733 ) ;
#6628 = CARTESIAN_POINT ( 'NONE',  ( 0.000000000000000000, -0.5999999999999989786, 0.000000000000000000 ) ) ;
#6629 = ADVANCED_FACE ( 'NONE', ( #600 ), #2306, .T. ) ;
#6630 = CIRCLE ( 'NONE', #6924, 0.5000000000000011102 ) ;
#6631 = ORIENTED_EDGE ( 'NONE', *, *, #7953, .T. ) ;
#6632 = EDGE_LOOP ( 'NONE', ( #3472, #7428, #1351, #6339, #7295, #6803, #545, #785 ) ) ;
#6633 = FACE_OUTER_BOUND ( 'NONE', #8483, .T. ) ;
#6634 = ORIENTED_EDGE ( 'NONE', *, *, #4677, .F. ) ;
#6635 = CARTESIAN_POINT ( 'NONE',  ( 21.05780361999999428, 62.75000098000001003, 1.500000000000000000 ) ) ;
#6636 = DIRECTION ( 'NONE',  ( -0.000000000000000000, 1.000000000000000000, 0.000000000000000000 ) ) ;
#6637 = CARTESIAN_POINT ( 'NONE',  ( 25.50780357628460848, 48.51559589207970902, 3.000000000000000000 ) ) ;
#6638 = DIRECTION ( 'NONE',  ( 8.742277783456233240E-08, -0.9999999999999962252, 0.000000000000000000 ) ) ;
#6639 = ORIENTED_EDGE ( 'NONE', *, *, #6342, .T. ) ;
#6640 = CIRCLE ( 'NONE', #5085, 0.9999999999999971134 ) ;
#6641 = ORIENTED_EDGE ( 'NONE', *, *, #5711, .T. ) ;
#6642 = LINE ( 'NONE', #5363, #7513 ) ;
#6643 = AXIS2_PLACEMENT_3D ( 'NONE', #5016, #4340, #7735 ) ;
#6644 = EDGE_LOOP ( 'NONE', ( #1905, #7327, #8066, #4518 ) ) ;
#6645 = DIRECTION ( 'NONE',  ( 1.000000000000000000, -0.000000000000000000, -0.000000000000000000 ) ) ;
#6646 = EDGE_LOOP ( 'NONE', ( #3270, #2248, #6412, #3686, #1523 ) ) ;
#6647 = CARTESIAN_POINT ( 'NONE',  ( 1.309244133215799577, 95.09898766258027081, 3.426814665646245039 ) ) ;
#6648 = DIRECTION ( 'NONE',  ( 0.000000000000000000, 0.000000000000000000, 1.000000000000000000 ) ) ;
#6649 = DIRECTION ( 'NONE',  ( -0.000000000000000000, -0.000000000000000000, -1.000000000000000000 ) ) ;
#6650 = ADVANCED_FACE ( 'NONE', ( #6308 ), #6973, .F. ) ;
#6651 = CYLINDRICAL_SURFACE ( 'NONE', #7617, 1.000000000000001110 ) ;
#6652 = EDGE_CURVE ( 'NONE', #7837, #2036, #3344, .T. ) ;
#6653 = DIRECTION ( 'NONE',  ( -1.000000000000000000, 0.000000000000000000, 0.000000000000000000 ) ) ;
#6654 = ORIENTED_EDGE ( 'NONE', *, *, #3247, .F. ) ;
#6655 = EDGE_CURVE ( 'NONE', #2076, #2488, #8210, .T. ) ;
#6656 = ORIENTED_EDGE ( 'NONE', *, *, #7953, .F. ) ;
#6657 = VERTEX_POINT ( 'NONE', #1307 ) ;
#6658 = LINE ( 'NONE', #5995, #8449 ) ;
#6659 = DIRECTION ( 'NONE',  ( -0.0001161624401668776951, 0.9999999932531438152, 0.000000000000000000 ) ) ;
#6660 = EDGE_CURVE ( 'NONE', #8408, #4723, #7485, .T. ) ;
#6661 = EDGE_CURVE ( 'NONE', #8268, #3776, #4054, .T. ) ;
#6662 = CARTESIAN_POINT ( 'NONE',  ( -0.6812302152753633155, 13.09630503336038387, -1.598419372125614579 ) ) ;
#6663 = DIRECTION ( 'NONE',  ( 0.0001161624401737789401, -0.9999999932531438152, 0.000000000000000000 ) ) ;
#6664 = ORIENTED_EDGE ( 'NONE', *, *, #2353, .F. ) ;
#6665 = EDGE_LOOP ( 'NONE', ( #8684, #8655, #8238, #6188 ) ) ;
#6666 = LINE ( 'NONE', #4043, #2433 ) ;
#6667 = DIRECTION ( 'NONE',  ( -0.000000000000000000, -0.000000000000000000, 1.000000000000000000 ) ) ;
#6668 = ORIENTED_EDGE ( 'NONE', *, *, #4205, .T. ) ;
#6669 = FACE_OUTER_BOUND ( 'NONE', #591, .T. ) ;
#6670 = EDGE_CURVE ( 'NONE', #5793, #4772, #4497, .T. ) ;
#6671 = DIRECTION ( 'NONE',  ( 0.0004794410854713768220, -0.9999998850681162121, 0.000000000000000000 ) ) ;
#6672 = CARTESIAN_POINT ( 'NONE',  ( 15.20325953999999946, 33.09706199999999399, 1.999999999999998224 ) ) ;
#6673 = ORIENTED_EDGE ( 'NONE', *, *, #2232, .F. ) ;
#6674 = EDGE_LOOP ( 'NONE', ( #4638, #2035, #5890, #856 ) ) ;
#6675 = DIRECTION ( 'NONE',  ( 4.371138674066359935E-08, -0.9999999999999991118, 0.000000000000000000 ) ) ;
#6676 = VERTEX_POINT ( 'NONE', #8745 ) ;
#6677 = ADVANCED_FACE ( 'NONE', ( #4004 ), #2616, .F. ) ;
#6678 = CARTESIAN_POINT ( 'NONE',  ( 0.000000000000000000, -0.09999999999999982514, 1.500000000000001332 ) ) ;
#6679 = CARTESIAN_POINT ( 'NONE',  ( 30.73818681652248586, 44.13947512256710581, 0.5090764665296173552 ) ) ;
#6680 = CARTESIAN_POINT ( 'NONE',  ( -0.6849765133950898033, 45.34681559616981872, 1.469999999999999973 ) ) ;
#6681 = CARTESIAN_POINT ( 'NONE',  ( 16.90897545511423772, 34.55716943675097497, 0.5000000000000000000 ) ) ;
#6682 = VERTEX_POINT ( 'NONE', #4255 ) ;
#6683 = EDGE_CURVE ( 'NONE', #1969, #2036, #2189, .T. ) ;
#6684 = EDGE_CURVE ( 'NONE', #3026, #6041, #5223, .T. ) ;
#6685 = ORIENTED_EDGE ( 'NONE', *, *, #4531, .F. ) ;
#6686 = DIRECTION ( 'NONE',  ( 0.000000000000000000, 1.000000000000000000, 0.000000000000000000 ) ) ;
#6687 = ORIENTED_EDGE ( 'NONE', *, *, #3188, .F. ) ;
#6688 = CARTESIAN_POINT ( 'NONE',  ( -0.9779008371553779000, 45.34681361558800461, -0.03003402343165573196 ) ) ;
#6689 = VERTEX_POINT ( 'NONE', #1221 ) ;
#6690 = ADVANCED_FACE ( 'NONE', ( #3532 ), #6259, .F. ) ;
#6691 = LINE ( 'NONE', #2631, #8612 ) ;
#6692 = DIRECTION ( 'NONE',  ( -1.000000000000000000, 0.000000000000000000, -0.000000000000000000 ) ) ;
#6693 = DIRECTION ( 'NONE',  ( 0.9999999932531434821, 0.0001161624429837051277, 3.231174267785263996E-27 ) ) ;
#6694 = LINE ( 'NONE', #526, #276 ) ;
#6695 = LINE ( 'NONE', #5329, #6474 ) ;
#6696 = VECTOR ( 'NONE', #4089, 1000.000000000000000 ) ;
#6697 = CARTESIAN_POINT ( 'NONE',  ( 25.50780353257322020, 49.01559589207971612, 3.500000000000000000 ) ) ;
#6698 = VERTEX_POINT ( 'NONE', #548 ) ;
#6699 = DIRECTION ( 'NONE',  ( 0.000000000000000000, 0.000000000000000000, 1.000000000000000000 ) ) ;
#6700 = VERTEX_POINT ( 'NONE', #79 ) ;
#6701 = AXIS2_PLACEMENT_3D ( 'NONE', #3761, #1745, #6492 ) ;
#6702 = AXIS2_PLACEMENT_3D ( 'NONE', #1107, #8082, #5848 ) ;
#6703 = CYLINDRICAL_SURFACE ( 'NONE', #3438, 0.5000000000000004441 ) ;
#6704 = DIRECTION ( 'NONE',  ( 0.9999999999999991118, 4.371138883525599113E-08, 0.000000000000000000 ) ) ;
#6705 = AXIS2_PLACEMENT_3D ( 'NONE', #3071, #5811, #8407 ) ;
#6706 = FACE_OUTER_BOUND ( 'NONE', #6796, .T. ) ;
#6707 = CARTESIAN_POINT ( 'NONE',  ( 33.48104357473507520, 45.17238278968313381, -3.998419460000000480 ) ) ;
#6708 = TOROIDAL_SURFACE ( 'NONE', #4002, 2.029999995682014280, 0.5000000000000000000 ) ;
#6709 = EDGE_CURVE ( 'NONE', #2664, #7014, #3545, .T. ) ;
#6710 = AXIS2_PLACEMENT_3D ( 'NONE', #1084, #3813, #5784 ) ;
#6711 = ORIENTED_EDGE ( 'NONE', *, *, #5634, .T. ) ;
#6712 = ORIENTED_EDGE ( 'NONE', *, *, #5537, .T. ) ;
#6713 = CARTESIAN_POINT ( 'NONE',  ( 21.05780361999999428, 48.25000098000001003, 3.000000000000000000 ) ) ;
#6714 = CARTESIAN_POINT ( 'NONE',  ( 29.47226753285272949, -1.099999999999998979, -2.998419460000000480 ) ) ;
#6715 = VECTOR ( 'NONE', #6907, 999.9999999999998863 ) ;
#6716 = ORIENTED_EDGE ( 'NONE', *, *, #8088, .T. ) ;
#6717 = DIRECTION ( 'NONE',  ( 0.000000000000000000, 0.000000000000000000, 1.000000000000000000 ) ) ;
#6718 = VECTOR ( 'NONE', #1250, 1000.000000000000000 ) ;
#6719 = CARTESIAN_POINT ( 'NONE',  ( 25.00780361999600032, 31.42291396461827091, 1.500000000000000000 ) ) ;
#6720 = CARTESIAN_POINT ( 'NONE',  ( 2.805816216627403215, 112.0997068047206255, 122.8571184009966686 ) ) ;
#6721 = EDGE_CURVE ( 'NONE', #258, #8226, #1563, .T. ) ;
#6722 = EDGE_CURVE ( 'NONE', #4366, #883, #4309, .T. ) ;
#6723 = ORIENTED_EDGE ( 'NONE', *, *, #80, .T. ) ;
#6724 = ADVANCED_FACE ( 'NONE', ( #6902 ), #6144, .T. ) ;
#6725 = TOROIDAL_SURFACE ( 'NONE', #4444, 2.999999999999996447, 1.000000000000000000 ) ;
#6726 = ORIENTED_EDGE ( 'NONE', *, *, #8393, .F. ) ;
#6727 = DIRECTION ( 'NONE',  ( -8.742277843744315452E-08, 0.9999999999999961142, 0.000000000000000000 ) ) ;
#6728 = ORIENTED_EDGE ( 'NONE', *, *, #7154, .F. ) ;
#6729 = DIRECTION ( 'NONE',  ( -1.000000000000000000, 0.000000000000000000, 0.000000000000000000 ) ) ;
#6730 = LINE ( 'NONE', #3150, #4599 ) ;
#6731 = CARTESIAN_POINT ( 'NONE',  ( -0.1806784470377415519, 8.346363087429184091, -3.498419460000000480 ) ) ;
#6732 = ORIENTED_EDGE ( 'NONE', *, *, #5527, .T. ) ;
#6733 = CIRCLE ( 'NONE', #177, 0.5000000000000000000 ) ;
#6734 = AXIS2_PLACEMENT_3D ( 'NONE', #7423, #3945, #8096 ) ;
#6735 = ORIENTED_EDGE ( 'NONE', *, *, #3668, .T. ) ;
#6736 = DIRECTION ( 'NONE',  ( -0.000000000000000000, -0.000000000000000000, -1.000000000000000000 ) ) ;
#6737 = ORIENTED_EDGE ( 'NONE', *, *, #2833, .T. ) ;
#6738 = AXIS2_PLACEMENT_3D ( 'NONE', #4920, #4195, #7543 ) ;
#6739 = CARTESIAN_POINT ( 'NONE',  ( 30.97017665203255632, 19.89999996626572454, -2.998419460000000480 ) ) ;
#6740 = EDGE_LOOP ( 'NONE', ( #2294, #8389, #2834, #1675 ) ) ;
#6741 = DIRECTION ( 'NONE',  ( -1.000000000000000000, -0.000000000000000000, 0.000000000000000000 ) ) ;
#6742 = FACE_OUTER_BOUND ( 'NONE', #1724, .T. ) ;
#6743 = FACE_OUTER_BOUND ( 'NONE', #5558, .T. ) ;
#6744 = LINE ( 'NONE', #7155, #4859 ) ;
#6745 = CARTESIAN_POINT ( 'NONE',  ( 1.320291046206870877, 0.0001533682344117349495, -2.998419460000000480 ) ) ;
#6746 = DIRECTION ( 'NONE',  ( 0.000000000000000000, 0.000000000000000000, 1.000000000000000000 ) ) ;
#6747 = CIRCLE ( 'NONE', #5613, 0.5000000000000004441 ) ;
#6748 = EDGE_CURVE ( 'NONE', #7026, #546, #5569, .T. ) ;
#6749 = EDGE_LOOP ( 'NONE', ( #7805, #652, #1966, #6988 ) ) ;
#6750 = DIRECTION ( 'NONE',  ( 0.000000000000000000, 0.000000000000000000, -1.000000000000000000 ) ) ;
#6751 = VERTEX_POINT ( 'NONE', #2827 ) ;
#6752 = AXIS2_PLACEMENT_3D ( 'NONE', #7186, #6033, #4648 ) ;
#6753 = FACE_OUTER_BOUND ( 'NONE', #7940, .T. ) ;
#6754 = DIRECTION ( 'NONE',  ( 1.000000000000000000, 0.000000000000000000, 0.000000000000000000 ) ) ;
#6755 = CIRCLE ( 'NONE', #1748, 1.000000000000000888 ) ;
#6756 = DIRECTION ( 'NONE',  ( 1.000000000000000000, 0.000000000000000000, 0.000000000000000000 ) ) ;
#6757 = FACE_OUTER_BOUND ( 'NONE', #5274, .T. ) ;
#6758 = AXIS2_PLACEMENT_3D ( 'NONE', #4744, #8766, #4111 ) ;
#6759 = ORIENTED_EDGE ( 'NONE', *, *, #3281, .F. ) ;
#6760 = EDGE_LOOP ( 'NONE', ( #314, #8676, #7128, #78 ) ) ;
#6761 = FACE_OUTER_BOUND ( 'NONE', #6536, .T. ) ;
#6762 = CARTESIAN_POINT ( 'NONE',  ( -0.04559405568151975868, 95.09833809741422783, -1.898419459999999948 ) ) ;
#6763 = ORIENTED_EDGE ( 'NONE', *, *, #5665, .T. ) ;
#6764 = DIRECTION ( 'NONE',  ( -0.000000000000000000, -0.000000000000000000, -1.000000000000000000 ) ) ;
#6765 = EDGE_CURVE ( 'NONE', #4994, #6553, #8302, .T. ) ;
#6766 = DIRECTION ( 'NONE',  ( -1.000000000000000000, 0.000000000000000000, 0.000000000000000000 ) ) ;
#6767 = ORIENTED_EDGE ( 'NONE', *, *, #8609, .T. ) ;
#6768 = ADVANCED_FACE ( 'NONE', ( #3769 ), #279, .F. ) ;
#6769 = ORIENTED_EDGE ( 'NONE', *, *, #7806, .F. ) ;
#6770 = AXIS2_PLACEMENT_3D ( 'NONE', #640, #5649, #8162 ) ;
#6771 = VERTEX_POINT ( 'NONE', #5174 ) ;
#6772 = DIRECTION ( 'NONE',  ( -0.0001161624401731230384, 0.9999999932531437041, 0.000000000000000000 ) ) ;
#6773 = ORIENTED_EDGE ( 'NONE', *, *, #1621, .T. ) ;
#6774 = DIRECTION ( 'NONE',  ( 0.000000000000000000, 0.000000000000000000, -1.000000000000000000 ) ) ;
#6775 = LINE ( 'NONE', #1137, #8600 ) ;
#6776 = EDGE_CURVE ( 'NONE', #6099, #6438, #1701, .T. ) ;
#6777 = CARTESIAN_POINT ( 'NONE',  ( 0.8192634649939100067, 8.846479246498741844, -2.098418713067609520 ) ) ;
#6778 = ORIENTED_EDGE ( 'NONE', *, *, #5899, .F. ) ;
#6779 = VECTOR ( 'NONE', #589, 1000.000000000000227 ) ;
#6780 = ORIENTED_EDGE ( 'NONE', *, *, #6709, .T. ) ;
#6781 = DIRECTION ( 'NONE',  ( -0.000000000000000000, -0.000000000000000000, -1.000000000000000000 ) ) ;
#6782 = VERTEX_POINT ( 'NONE', #7750 ) ;
#6783 = CARTESIAN_POINT ( 'NONE',  ( 30.47226752610588107, 1.900116162440151912, 117.8988879368424563 ) ) ;
#6784 = AXIS2_PLACEMENT_3D ( 'NONE', #7355, #6022, #4459 ) ;
#6785 = ORIENTED_EDGE ( 'NONE', *, *, #3247, .T. ) ;
#6786 = CYLINDRICAL_SURFACE ( 'NONE', #3130, 0.5000000000000019984 ) ;
#6787 = LINE ( 'NONE', #8763, #5025 ) ;
#6788 = DIRECTION ( 'NONE',  ( 0.000000000000000000, 0.000000000000000000, 1.000000000000000000 ) ) ;
#6789 = PLANE ( 'NONE',  #8705 ) ;
#6790 = LINE ( 'NONE', #1372, #7470 ) ;
#6791 = ADVANCED_FACE ( 'NONE', ( #7839 ), #1037, .F. ) ;
#6792 = CYLINDRICAL_SURFACE ( 'NONE', #2771, 0.5000000000000004441 ) ;
#6793 = AXIS2_PLACEMENT_3D ( 'NONE', #7728, #1585, #1010 ) ;
#6794 = ORIENTED_EDGE ( 'NONE', *, *, #6504, .T. ) ;
#6795 = LINE ( 'NONE', #621, #1075 ) ;
#6796 = EDGE_LOOP ( 'NONE', ( #5704, #5122, #2977, #5810 ) ) ;
#6797 = DIRECTION ( 'NONE',  ( 1.000000000000000000, 0.000000000000000000, 0.000000000000000000 ) ) ;
#6798 = CARTESIAN_POINT ( 'NONE',  ( 31.46571921995008125, 58.27214871167419119, -2.099999999999997424 ) ) ;
#6799 = EDGE_CURVE ( 'NONE', #7562, #7875, #6498, .T. ) ;
#6800 = CYLINDRICAL_SURFACE ( 'NONE', #6323, 0.5000000000000004441 ) ;
#6801 = CIRCLE ( 'NONE', #4368, 0.5000000000000004441 ) ;
#6802 = FACE_BOUND ( 'NONE', #4243, .T. ) ;
#6803 = ORIENTED_EDGE ( 'NONE', *, *, #66, .T. ) ;
#6804 = VERTEX_POINT ( 'NONE', #5220 ) ;
#6805 = CARTESIAN_POINT ( 'NONE',  ( 31.45992961779206354, 108.1127177484095938, 122.8571184009966686 ) ) ;
#6806 = CARTESIAN_POINT ( 'NONE',  ( 21.73782777283723533, 1.400000000000000133, 1.500000000000000000 ) ) ;
#6807 = ORIENTED_EDGE ( 'NONE', *, *, #3444, .F. ) ;
#6808 = CARTESIAN_POINT ( 'NONE',  ( 25.50780357628460848, 48.51559589207970902, 1.500000000000000000 ) ) ;
#6809 = LINE ( 'NONE', #6719, #586 ) ;
#6810 = CARTESIAN_POINT ( 'NONE',  ( 0.000000000000000000, 74.65143637488998252, 1.500000000000000000 ) ) ;
#6811 = ORIENTED_EDGE ( 'NONE', *, *, #2955, .F. ) ;
#6812 = ORIENTED_EDGE ( 'NONE', *, *, #2444, .T. ) ;
#6813 = VERTEX_POINT ( 'NONE', #1656 ) ;
#6814 = LINE ( 'NONE', #8834, #1141 ) ;
#6815 = CARTESIAN_POINT ( 'NONE',  ( 5.132803619999998901, 30.05000098000000008, 1.500000000000000000 ) ) ;
#6816 = DIRECTION ( 'NONE',  ( -1.000000000000000000, 0.000000000000000000, 0.000000000000000000 ) ) ;
#6817 = VERTEX_POINT ( 'NONE', #3093 ) ;
#6818 = EDGE_CURVE ( 'NONE', #164, #5221, #6362, .T. ) ;
#6819 = ORIENTED_EDGE ( 'NONE', *, *, #4815, .T. ) ;
#6820 = EDGE_CURVE ( 'NONE', #1265, #6945, #3002, .T. ) ;
#6821 = FACE_OUTER_BOUND ( 'NONE', #3134, .T. ) ;
#6822 = ORIENTED_EDGE ( 'NONE', *, *, #6326, .T. ) ;
#6823 = ORIENTED_EDGE ( 'NONE', *, *, #5089, .F. ) ;
#6824 = DIRECTION ( 'NONE',  ( 0.000000000000000000, 0.000000000000000000, 1.000000000000000000 ) ) ;
#6825 = DIRECTION ( 'NONE',  ( 0.9999998850681161011, 0.0004794410854595739803, -0.000000000000000000 ) ) ;
#6826 = DIRECTION ( 'NONE',  ( -4.371138674066353317E-08, 0.9999999999999991118, 0.000000000000000000 ) ) ;
#6827 = CARTESIAN_POINT ( 'NONE',  ( 30.46691063262241883, 48.01565436312731805, 1.000000000000000000 ) ) ;
#6828 = FACE_OUTER_BOUND ( 'NONE', #7163, .T. ) ;
#6829 = EDGE_CURVE ( 'NONE', #6657, #629, #5644, .T. ) ;
#6830 = ORIENTED_EDGE ( 'NONE', *, *, #4670, .T. ) ;
#6831 = CARTESIAN_POINT ( 'NONE',  ( 1.318560243610368499, 14.90000000000000568, 3.426814665646245039 ) ) ;
#6832 = VERTEX_POINT ( 'NONE', #410 ) ;
#6833 = ADVANCED_FACE ( 'NONE', ( #4443 ), #5826, .T. ) ;
#6834 = CARTESIAN_POINT ( 'NONE',  ( 29.47226753285272594, -0.09999999999999982514, 0.000000000000000000 ) ) ;
#6835 = CARTESIAN_POINT ( 'NONE',  ( 16.90891737389415184, 35.05716943337754543, 0.5000000000000000000 ) ) ;
#6836 = VECTOR ( 'NONE', #3860, 1000.000000000000114 ) ;
#6837 = DIRECTION ( 'NONE',  ( 0.000000000000000000, 0.000000000000000000, 1.000000000000000000 ) ) ;
#6838 = VECTOR ( 'NONE', #1888, 1000.000000000000000 ) ;
#6839 = DIRECTION ( 'NONE',  ( -0.9999999932531438152, -0.0001161624401737049839, -1.504632769052527843E-36 ) ) ;
#6840 = CIRCLE ( 'NONE', #556, 4.000000000000000000 ) ;
#6841 = EDGE_CURVE ( 'NONE', #8554, #6529, #8603, .T. ) ;
#6842 = VERTEX_POINT ( 'NONE', #4492 ) ;
#6843 = AXIS2_PLACEMENT_3D ( 'NONE', #5957, #7383, #3899 ) ;
#6844 = DIRECTION ( 'NONE',  ( -1.000000000000000000, 0.000000000000000000, 0.000000000000000000 ) ) ;
#6845 = DIRECTION ( 'NONE',  ( 0.000000000000000000, 0.000000000000000000, 1.000000000000000000 ) ) ;
#6846 = ORIENTED_EDGE ( 'NONE', *, *, #3219, .T. ) ;
#6847 = DIRECTION ( 'NONE',  ( 0.000000000000000000, 0.000000000000000000, -1.000000000000000000 ) ) ;
#6848 = DIRECTION ( 'NONE',  ( 0.9999999932531434821, 0.0001161624429838024349, -0.000000000000000000 ) ) ;
#6849 = CIRCLE ( 'NONE', #145, 1.000000000000000888 ) ;
#6850 = CARTESIAN_POINT ( 'NONE',  ( 0.000000000000000000, 7.050000979999999196, 1.500000000000000000 ) ) ;
#6851 = VECTOR ( 'NONE', #6997, 999.9999999999998863 ) ;
#6852 = LINE ( 'NONE', #2872, #7555 ) ;
#6853 = CIRCLE ( 'NONE', #2989, 1.000000000000000000 ) ;
#6854 = ADVANCED_FACE ( 'NONE', ( #7210 ), #4501, .T. ) ;
#6855 = ORIENTED_EDGE ( 'NONE', *, *, #3540, .F. ) ;
#6856 = CIRCLE ( 'NONE', #4866, 0.5000000000000004441 ) ;
#6857 = ORIENTED_EDGE ( 'NONE', *, *, #2223, .T. ) ;
#6858 = ORIENTED_EDGE ( 'NONE', *, *, #5932, .F. ) ;
#6859 = DIRECTION ( 'NONE',  ( 0.9999999999999991118, 4.371138843438217064E-08, -0.000000000000000000 ) ) ;
#6860 = CARTESIAN_POINT ( 'NONE',  ( 8.632803620000000677, 74.15143637488998252, 1.500000000000000000 ) ) ;
#6861 = DIRECTION ( 'NONE',  ( 1.000000000000000000, 0.000000000000000000, 0.000000000000000000 ) ) ;
#6862 = EDGE_LOOP ( 'NONE', ( #788, #868, #5101, #5667, #7358, #398, #256 ) ) ;
#6863 = AXIS2_PLACEMENT_3D ( 'NONE', #683, #605, #37 ) ;
#6864 = VECTOR ( 'NONE', #57, 999.9999999999998863 ) ;
#6865 = ORIENTED_EDGE ( 'NONE', *, *, #8393, .T. ) ;
#6866 = FACE_OUTER_BOUND ( 'NONE', #437, .T. ) ;
#6867 = ORIENTED_EDGE ( 'NONE', *, *, #6504, .F. ) ;
#6868 = ORIENTED_EDGE ( 'NONE', *, *, #2591, .F. ) ;
#6869 = DIRECTION ( 'NONE',  ( -1.000000000000000000, 0.000000000000000000, 0.000000000000000000 ) ) ;
#6870 = DIRECTION ( 'NONE',  ( -0.000000000000000000, -0.000000000000000000, -1.000000000000000000 ) ) ;
#6871 = FACE_OUTER_BOUND ( 'NONE', #4764, .T. ) ;
#6872 = VECTOR ( 'NONE', #6825, 1000.000000000000227 ) ;
#6873 = CARTESIAN_POINT ( 'NONE',  ( 29.47226750330315781, 4.377977121548489947, 1.500000000000000000 ) ) ;
#6874 = DIRECTION ( 'NONE',  ( 2.938827022224868799E-16, -1.000000000000000000, 0.000000000000000000 ) ) ;
#6875 = EDGE_CURVE ( 'NONE', #576, #1272, #6454, .T. ) ;
#6876 = VECTOR ( 'NONE', #4528, 1000.000000000000000 ) ;
#6877 = EDGE_CURVE ( 'NONE', #4121, #6771, #6207, .T. ) ;
#6878 = ORIENTED_EDGE ( 'NONE', *, *, #920, .T. ) ;
#6879 = AXIS2_PLACEMENT_3D ( 'NONE', #8615, #4684, #1179 ) ;
#6880 = DIRECTION ( 'NONE',  ( -1.000000000000000000, 0.000000000000000000, 0.000000000000000000 ) ) ;
#6881 = VERTEX_POINT ( 'NONE', #3046 ) ;
#6882 = CARTESIAN_POINT ( 'NONE',  ( 31.45992961779206354, 108.1127177484095938, 0.000000000000000000 ) ) ;
#6883 = FACE_OUTER_BOUND ( 'NONE', #1269, .T. ) ;
#6884 = AXIS2_PLACEMENT_3D ( 'NONE', #5555, #7605, #6971 ) ;
#6885 = DIRECTION ( 'NONE',  ( 0.000000000000000000, 0.000000000000000000, 1.000000000000000000 ) ) ;
#6886 = EDGE_CURVE ( 'NONE', #5734, #7969, #3921, .T. ) ;
#6887 = CIRCLE ( 'NONE', #3023, 0.9999999999999974465 ) ;
#6888 = CARTESIAN_POINT ( 'NONE',  ( 19.35780361999999855, 109.1076421636441864, 1.000000000000000000 ) ) ;
#6889 = AXIS2_PLACEMENT_3D ( 'NONE', #3345, #3261, #6653 ) ;
#6890 = ORIENTED_EDGE ( 'NONE', *, *, #7757, .T. ) ;
#6891 = VECTOR ( 'NONE', #1779, 1000.000000000000000 ) ;
#6892 = ORIENTED_EDGE ( 'NONE', *, *, #1962, .F. ) ;
#6893 = DIRECTION ( 'NONE',  ( 4.371138811603728483E-08, -0.9999999999999991118, 0.000000000000000000 ) ) ;
#6894 = DIRECTION ( 'NONE',  ( 0.0001161624401737789265, -0.9999999932531437041, 0.000000000000000000 ) ) ;
#6895 = ORIENTED_EDGE ( 'NONE', *, *, #4678, .F. ) ;
#6896 = CARTESIAN_POINT ( 'NONE',  ( 13.36478998223519099, 3.805886958679804088, -19.25780817680636048 ) ) ;
#6897 = CARTESIAN_POINT ( 'NONE',  ( -0.6807946061072970290, 9.346304999460837593, -2.098418713067609076 ) ) ;
#6898 = CARTESIAN_POINT ( 'NONE',  ( 24.50780361999599677, 48.01559589207970902, 3.500000000000000000 ) ) ;
#6899 = DIRECTION ( 'NONE',  ( -0.0001161624401668776951, 0.9999999932531439262, 0.000000000000000000 ) ) ;
#6900 = ADVANCED_FACE ( 'NONE', ( #8430 ), #1776, .T. ) ;
#6901 = VERTEX_POINT ( 'NONE', #1607 ) ;
#6902 = FACE_OUTER_BOUND ( 'NONE', #5858, .T. ) ;
#6903 = PRESENTATION_LAYER_ASSIGNMENT (  '', '', ( #481 ) ) ;
#6904 = VERTEX_POINT ( 'NONE', #6623 ) ;
#6905 = DIRECTION ( 'NONE',  ( 1.000000000000000000, 0.000000000000000000, 0.000000000000000000 ) ) ;
#6906 = DIRECTION ( 'NONE',  ( 0.9999999932531438152, 0.0001161624401737789401, -0.000000000000000000 ) ) ;
#6907 = DIRECTION ( 'NONE',  ( 0.0001161624429838177086, -0.9999999932531434821, 0.000000000000000000 ) ) ;
#6908 = EDGE_CURVE ( 'NONE', #7574, #6904, #3857, .T. ) ;
#6909 = ORIENTED_EDGE ( 'NONE', *, *, #5008, .F. ) ;
#6910 = ADVANCED_FACE ( 'NONE', ( #8059 ), #3182, .T. ) ;
#6911 = VECTOR ( 'NONE', #1543, 1000.000000000000227 ) ;
#6912 = AXIS2_PLACEMENT_3D ( 'NONE', #2863, #8111, #4724 ) ;
#6913 = VERTEX_POINT ( 'NONE', #3953 ) ;
#6914 = DIRECTION ( 'NONE',  ( -0.9999999932531439262, -0.0001161624401668776951, 9.672466175243229487E-18 ) ) ;
#6915 = ORIENTED_EDGE ( 'NONE', *, *, #3591, .T. ) ;
#6916 = VERTEX_POINT ( 'NONE', #4763 ) ;
#6917 = CARTESIAN_POINT ( 'NONE',  ( 29.47226753285272949, -1.099999999999998979, 2.500000000000002220 ) ) ;
#6918 = LINE ( 'NONE', #2172, #2163 ) ;
#6919 = DIRECTION ( 'NONE',  ( 3.576220230030157874E-16, -1.000000000000000000, -0.000000000000000000 ) ) ;
#6920 = LINE ( 'NONE', #4197, #5994 ) ;
#6921 = DIRECTION ( 'NONE',  ( 1.000000000000000000, 0.000000000000000000, 0.000000000000000000 ) ) ;
#6922 = ORIENTED_EDGE ( 'NONE', *, *, #359, .F. ) ;
#6923 = CARTESIAN_POINT ( 'NONE',  ( 22.67155249433496067, 59.53052838909677291, 1.500000000000001332 ) ) ;
#6924 = AXIS2_PLACEMENT_3D ( 'NONE', #6960, #5191, #3826 ) ;
#6925 = VECTOR ( 'NONE', #2911, 1000.000000000000000 ) ;
#6926 = ORIENTED_EDGE ( 'NONE', *, *, #7299, .T. ) ;
#6927 = LINE ( 'NONE', #139, #2292 ) ;
#6928 = DIRECTION ( 'NONE',  ( -0.9999998850681161011, -0.0004794410854595740346, -0.000000000000000000 ) ) ;
#6929 = EDGE_CURVE ( 'NONE', #4984, #3890, #1930, .T. ) ;
#6930 = FACE_OUTER_BOUND ( 'NONE', #6674, .T. ) ;
#6931 = EDGE_CURVE ( 'NONE', #3920, #7185, #7345, .T. ) ;
#6932 = CARTESIAN_POINT ( 'NONE',  ( 16.90801862350573614, 42.79418305845737791, 1.319999995681913063 ) ) ;
#6933 = VECTOR ( 'NONE', #6704, 1000.000000000000000 ) ;
#6934 = VERTEX_POINT ( 'NONE', #3230 ) ;
#6935 = ADVANCED_FACE ( 'NONE', ( #1251 ), #4044, .F. ) ;
#6936 = EDGE_CURVE ( 'NONE', #2488, #4597, #3055, .T. ) ;
#6937 = CARTESIAN_POINT ( 'NONE',  ( 1.794517856242271447, 33.09706199999999399, 1.892226872756445522 ) ) ;
#6938 = DIRECTION ( 'NONE',  ( 0.000000000000000000, -0.000000000000000000, 1.000000000000000000 ) ) ;
#6939 = DIRECTION ( 'NONE',  ( 0.9999999932531438152, 0.0001161624401737789401, -0.000000000000000000 ) ) ;
#6940 = VERTEX_POINT ( 'NONE', #4672 ) ;
#6941 = DIRECTION ( 'NONE',  ( 0.000000000000000000, 1.000000000000000000, -0.000000000000000000 ) ) ;
#6942 = CARTESIAN_POINT ( 'NONE',  ( 4.632803619999999789, 0.000000000000000000, 3.000000000000000000 ) ) ;
#6943 = DIRECTION ( 'NONE',  ( -0.9999999932531434821, -0.0001161624429836786326, 0.000000000000000000 ) ) ;
#6944 = DIRECTION ( 'NONE',  ( -0.0001161624401738165890, 0.9999999932531438152, 0.000000000000000000 ) ) ;
#6945 = VERTEX_POINT ( 'NONE', #5301 ) ;
#6946 = ORIENTED_EDGE ( 'NONE', *, *, #7626, .F. ) ;
#6947 = EDGE_CURVE ( 'NONE', #7902, #819, #4622, .T. ) ;
#6948 = ORIENTED_EDGE ( 'NONE', *, *, #1437, .T. ) ;
#6949 = FACE_OUTER_BOUND ( 'NONE', #8212, .T. ) ;
#6950 = DIRECTION ( 'NONE',  ( 0.000000000000000000, 1.000000000000000000, -0.000000000000000000 ) ) ;
#6951 = CARTESIAN_POINT ( 'NONE',  ( 6.107803620000001210, 104.7000009799999987, 1.500000000000000000 ) ) ;
#6952 = ORIENTED_EDGE ( 'NONE', *, *, #384, .F. ) ;
#6953 = ORIENTED_EDGE ( 'NONE', *, *, #6439, .T. ) ;
#6954 = DIRECTION ( 'NONE',  ( -0.0001161624429838024349, 0.9999999932531434821, 0.000000000000000000 ) ) ;
#6955 = EDGE_CURVE ( 'NONE', #4379, #8245, #1883, .T. ) ;
#6956 = ORIENTED_EDGE ( 'NONE', *, *, #6684, .F. ) ;
#6957 = ORIENTED_EDGE ( 'NONE', *, *, #8328, .T. ) ;
#6958 = DIRECTION ( 'NONE',  ( 1.000000000000000000, 0.000000000000000000, 0.000000000000000000 ) ) ;
#6959 = DIRECTION ( 'NONE',  ( 1.192487775192319077E-08, -1.000000000000000000, 0.000000000000000000 ) ) ;
#6960 = CARTESIAN_POINT ( 'NONE',  ( 25.50780379484155702, 30.42291396461828867, 3.000000000000000000 ) ) ;
#6961 = DIRECTION ( 'NONE',  ( -0.0001161624429838522404, 0.9999999932531434821, 0.000000000000000000 ) ) ;
#6962 = FACE_OUTER_BOUND ( 'NONE', #2972, .T. ) ;
#6963 = VERTEX_POINT ( 'NONE', #7342 ) ;
#6964 = FACE_OUTER_BOUND ( 'NONE', #2928, .T. ) ;
#6965 = EDGE_CURVE ( 'NONE', #4723, #7014, #5258, .T. ) ;
#6966 = VERTEX_POINT ( 'NONE', #541 ) ;
#6967 = EDGE_CURVE ( 'NONE', #7524, #4358, #3634, .T. ) ;
#6968 = CARTESIAN_POINT ( 'NONE',  ( 8.707803619999999967, 105.2000009799999987, 1.500000000000001332 ) ) ;
#6969 = DIRECTION ( 'NONE',  ( 6.311429343820460109E-43, -5.433278725136842152E-39, 1.000000000000000000 ) ) ;
#6970 = DIRECTION ( 'NONE',  ( -0.9999999932531438152, -0.0001161624401668784947, 8.673617379884060124E-16 ) ) ;
#6971 = DIRECTION ( 'NONE',  ( 0.000000000000000000, -1.000000000000000000, 0.000000000000000000 ) ) ;
#6972 = VERTEX_POINT ( 'NONE', #1168 ) ;
#6973 = PLANE ( 'NONE',  #5065 ) ;
#6974 = DIRECTION ( 'NONE',  ( 1.000000000000000000, 0.000000000000000000, 0.000000000000000000 ) ) ;
#6975 = LINE ( 'NONE', #4894, #87 ) ;
#6976 = CARTESIAN_POINT ( 'NONE',  ( 30.96728117538010139, 44.82581622609159666, 3.500000000000000000 ) ) ;
#6977 = DIRECTION ( 'NONE',  ( -0.0001161624401668776951, 0.9999999932531438152, 0.000000000000000000 ) ) ;
#6978 = EDGE_CURVE ( 'NONE', #2341, #7898, #7971, .T. ) ;
#6979 = AXIS2_PLACEMENT_3D ( 'NONE', #4810, #2100, #8738 ) ;
#6980 = EDGE_CURVE ( 'NONE', #1657, #5050, #8633, .T. ) ;
#6981 = ORIENTED_EDGE ( 'NONE', *, *, #5255, .T. ) ;
#6982 = FACE_OUTER_BOUND ( 'NONE', #5648, .T. ) ;
#6983 = VECTOR ( 'NONE', #7503, 1000.000000000000114 ) ;
#6984 = AXIS2_PLACEMENT_3D ( 'NONE', #4326, #2209, #6958 ) ;
#6985 = FACE_OUTER_BOUND ( 'NONE', #8163, .T. ) ;
#6986 = CIRCLE ( 'NONE', #2564, 0.5000000000000000000 ) ;
#6987 = DIRECTION ( 'NONE',  ( 0.000000000000000000, 0.000000000000000000, -1.000000000000000000 ) ) ;
#6988 = ORIENTED_EDGE ( 'NONE', *, *, #7088, .F. ) ;
#6989 = ADVANCED_FACE ( 'NONE', ( #7388 ), #1123, .F. ) ;
#6990 = ADVANCED_FACE ( 'NONE', ( #3992 ), #8101, .F. ) ;
#6991 = EDGE_CURVE ( 'NONE', #6099, #8350, #1296, .T. ) ;
#6992 = VECTOR ( 'NONE', #2702, 1000.000000000000000 ) ;
#6993 = EDGE_LOOP ( 'NONE', ( #8014, #971, #4554, #6712, #3437, #1973, #8299, #6668, #1958, #8110, #5933, #2086, #3692, #1309, #8709, #3988, #1185, #6146, #2377, #4032, #4668, #7985, #1465, #6858, #5184, #6134, #601, #5686, #4296, #4860, #6208, #4828, #8117, #7628, #1528, #5561, #6282, #912, #817, #2387, #715, #378, #7490, #8832, #4891, #4325, #246, #6716, #3938 ) ) ;
#6994 = AXIS2_PLACEMENT_3D ( 'NONE', #7231, #6560, #1858 ) ;
#6995 = EDGE_LOOP ( 'NONE', ( #3013, #2595, #8288, #386 ) ) ;
#6996 = ORIENTED_EDGE ( 'NONE', *, *, #8310, .T. ) ;
#6997 = DIRECTION ( 'NONE',  ( 0.0001161624429838024078, -0.9999999932531434821, 0.000000000000000000 ) ) ;
#6998 = CARTESIAN_POINT ( 'NONE',  ( 10.76479015296693476, -0.5999999999999994227, 0.000000000000000000 ) ) ;
#6999 = DIRECTION ( 'NONE',  ( 0.9999998850681161011, 0.0004794410854595740346, 0.000000000000000000 ) ) ;
#7000 = AXIS2_PLACEMENT_3D ( 'NONE', #822, #3549, #6987 ) ;
#7001 = DIRECTION ( 'NONE',  ( -0.9999999932531438152, -0.0001161624401738173886, 0.000000000000000000 ) ) ;
#7002 = CARTESIAN_POINT ( 'NONE',  ( 30.96085889044203654, 100.1132041113100115, 3.426814665646245039 ) ) ;
#7003 = CIRCLE ( 'NONE', #2139, 0.5000000000000004441 ) ;
#7004 = ORIENTED_EDGE ( 'NONE', *, *, #5316, .F. ) ;
#7005 = DIRECTION ( 'NONE',  ( -0.000000000000000000, -0.000000000000000000, 1.000000000000000000 ) ) ;
#7006 = ORIENTED_EDGE ( 'NONE', *, *, #561, .F. ) ;
#7007 = VECTOR ( 'NONE', #3983, 1000.000000000000000 ) ;
#7008 = CARTESIAN_POINT ( 'NONE',  ( -0.1807365282592333922, 8.846363084055756332, -2.998419460000012471 ) ) ;
#7009 = CARTESIAN_POINT ( 'NONE',  ( -1.196679814575332346, 35.89675180223190409, -0.02999999999999999889 ) ) ;
#7010 = DIRECTION ( 'NONE',  ( 1.000000000000000000, 0.000000000000000000, 0.000000000000000000 ) ) ;
#7011 = PLANE ( 'NONE',  #2758 ) ;
#7012 = DIRECTION ( 'NONE',  ( 0.9999999932531437041, 0.0001161624401737049704, -0.000000000000000000 ) ) ;
#7013 = EDGE_CURVE ( 'NONE', #5676, #7471, #774, .T. ) ;
#7014 = VERTEX_POINT ( 'NONE', #8151 ) ;
#7015 = VECTOR ( 'NONE', #4207, 1000.000000000000000 ) ;
#7016 = CARTESIAN_POINT ( 'NONE',  ( 30.96883807563839497, 31.42303090705048163, 3.500000000000000000 ) ) ;
#7017 = DIRECTION ( 'NONE',  ( 0.000000000000000000, 1.000000000000000000, 0.000000000000000000 ) ) ;
#7018 = CARTESIAN_POINT ( 'NONE',  ( 2.807254539883782485, 109.0997071495162771, 0.000000000000000000 ) ) ;
#7019 = TOROIDAL_SURFACE ( 'NONE', #5471, 1.000000000000000000, 0.5000000000000000000 ) ;
#7020 = LINE ( 'NONE', #3629, #2701 ) ;
#7021 = DIRECTION ( 'NONE',  ( -0.000000000000000000, -0.000000000000000000, -1.000000000000000000 ) ) ;
#7022 = CARTESIAN_POINT ( 'NONE',  ( 31.47075743461400776, 14.89999999999999680, -1.898419459999994841 ) ) ;
#7023 = ORIENTED_EDGE ( 'NONE', *, *, #8056, .T. ) ;
#7024 = DIRECTION ( 'NONE',  ( 0.000000000000000000, 0.000000000000000000, 1.000000000000000000 ) ) ;
#7025 = EDGE_CURVE ( 'NONE', #3143, #1633, #1475, .T. ) ;
#7026 = VERTEX_POINT ( 'NONE', #7611 ) ;
#7027 = CARTESIAN_POINT ( 'NONE',  ( 21.70538763508942282, 48.76257327516338336, -19.25780817680636048 ) ) ;
#7028 = DIRECTION ( 'NONE',  ( -1.000000000000000000, 0.000000000000000000, 0.000000000000000000 ) ) ;
#7029 = EDGE_CURVE ( 'NONE', #3967, #776, #7474, .T. ) ;
#7030 = DIRECTION ( 'NONE',  ( 0.9999999932531438152, 0.0001161624401738173886, 0.000000000000000000 ) ) ;
#7031 = EDGE_LOOP ( 'NONE', ( #5488, #6488, #674, #6234 ) ) ;
#7032 = EDGE_CURVE ( 'NONE', #4669, #6676, #5560, .T. ) ;
#7033 = VERTEX_POINT ( 'NONE', #717 ) ;
#7034 = VERTEX_POINT ( 'NONE', #2231 ) ;
#7035 = AXIS2_PLACEMENT_3D ( 'NONE', #7371, #6037, #658 ) ;
#7036 = ORIENTED_EDGE ( 'NONE', *, *, #769, .T. ) ;
#7037 = EDGE_CURVE ( 'NONE', #8350, #5376, #2739, .T. ) ;
#7038 = ORIENTED_EDGE ( 'NONE', *, *, #7929, .F. ) ;
#7039 = DIRECTION ( 'NONE',  ( -0.9999999932531437041, -0.0001161624401737049704, 0.000000000000000000 ) ) ;
#7040 = DIRECTION ( 'NONE',  ( -0.0001161624429840672784, 0.9999999932531280500, -1.757488021148166832E-07 ) ) ;
#7041 = DIRECTION ( 'NONE',  ( 0.000000000000000000, 0.000000000000000000, -1.000000000000000000 ) ) ;
#7042 = DIRECTION ( 'NONE',  ( -0.000000000000000000, -0.000000000000000000, -1.000000000000000000 ) ) ;
#7043 = PLANE ( 'NONE',  #8047 ) ;
#7044 = CIRCLE ( 'NONE', #7620, 2.000000000000000888 ) ;
#7045 = VECTOR ( 'NONE', #5881, 1000.000000000000000 ) ;
#7046 = ORIENTED_EDGE ( 'NONE', *, *, #2143, .T. ) ;
#7047 = CARTESIAN_POINT ( 'NONE',  ( -1.181288293113219146, 13.59624686089101786, -2.998419460000012471 ) ) ;
#7048 = EDGE_LOOP ( 'NONE', ( #201, #4245, #4787, #2368, #487, #1343, #7338, #7816, #4690, #6369, #45 ) ) ;
#7049 = CARTESIAN_POINT ( 'NONE',  ( 21.70540192195172580, 53.26418071516103936, -19.25780817680636048 ) ) ;
#7050 = ORIENTED_EDGE ( 'NONE', *, *, #4060, .F. ) ;
#7051 = CARTESIAN_POINT ( 'NONE',  ( 29.96685256151715038, 48.51553824439348261, 1.500000000000000000 ) ) ;
#7052 = CARTESIAN_POINT ( 'NONE',  ( 15.20325953999999946, 33.59706199999999399, 1.999999999999998224 ) ) ;
#7053 = ADVANCED_FACE ( 'NONE', ( #8340 ), #6222, .F. ) ;
#7054 = DIRECTION ( 'NONE',  ( 0.000000000000000000, 0.000000000000000000, 1.000000000000000000 ) ) ;
#7055 = CARTESIAN_POINT ( 'NONE',  ( 29.45849130802940508, 111.1124850787335987, 2.500000000000002220 ) ) ;
#7056 = AXIS2_PLACEMENT_3D ( 'NONE', #7677, #4370, #8401 ) ;
#7057 = ORIENTED_EDGE ( 'NONE', *, *, #2565, .T. ) ;
#7058 = ADVANCED_FACE ( 'NONE', ( #7564 ), #8248, .T. ) ;
#7059 = CARTESIAN_POINT ( 'NONE',  ( 27.14836102379999971, 96.42773413321998532, 1.500000000000000000 ) ) ;
#7060 = PLANE ( 'NONE',  #3291 ) ;
#7061 = DIRECTION ( 'NONE',  ( 1.000000000000000000, 0.000000000000000000, 0.000000000000000000 ) ) ;
#7062 = AXIS2_PLACEMENT_3D ( 'NONE', #575, #8770, #6042 ) ;
#7063 = CARTESIAN_POINT ( 'NONE',  ( -5.406733191089808425E-06, 30.92290950469130806, 1.500000000000000000 ) ) ;
#7064 = CIRCLE ( 'NONE', #8228, 0.5000000000000004441 ) ;
#7065 = EDGE_CURVE ( 'NONE', #5748, #3236, #1432, .T. ) ;
#7066 = CARTESIAN_POINT ( 'NONE',  ( 30.25977685535476525, 48.51559630751064844, 1.499966002175296298 ) ) ;
#7067 = EDGE_CURVE ( 'NONE', #6916, #8706, #4257, .T. ) ;
#7068 = VECTOR ( 'NONE', #136, 1000.000000000000000 ) ;
#7069 = VECTOR ( 'NONE', #7685, 1000.000000000000000 ) ;
#7070 = ADVANCED_FACE ( 'NONE', ( #5651 ), #2779, .T. ) ;
#7071 = ORIENTED_EDGE ( 'NONE', *, *, #5816, .T. ) ;
#7072 = CARTESIAN_POINT ( 'NONE',  ( 2.023611324638866726, 32.59709602319183119, 1.500000000000000444 ) ) ;
#7073 = VERTEX_POINT ( 'NONE', #4087 ) ;
#7074 = DIRECTION ( 'NONE',  ( 0.000000000000000000, 0.000000000000000000, 1.000000000000000000 ) ) ;
#7075 = CARTESIAN_POINT ( 'NONE',  ( 12.85804334054273212, 108.6045258536965008, 1.500000000000000000 ) ) ;
#7076 = CIRCLE ( 'NONE', #1646, 0.5000000000000019984 ) ;
#7077 = EDGE_LOOP ( 'NONE', ( #5249, #4915, #6163 ) ) ;
#7078 = ORIENTED_EDGE ( 'NONE', *, *, #8416, .F. ) ;
#7079 = VERTEX_POINT ( 'NONE', #4169 ) ;
#7080 = ORIENTED_EDGE ( 'NONE', *, *, #31, .T. ) ;
#7081 = ORIENTED_EDGE ( 'NONE', *, *, #3249, .T. ) ;
#7082 = FACE_OUTER_BOUND ( 'NONE', #5474, .T. ) ;
#7083 = CARTESIAN_POINT ( 'NONE',  ( 5.132803619999998901, 30.55000098000000364, 3.500000000000000000 ) ) ;
#7084 = DIRECTION ( 'NONE',  ( 0.0004794410854436243364, -0.9999998850681162121, 0.000000000000000000 ) ) ;
#7085 = DIRECTION ( 'NONE',  ( 0.000000000000000000, 0.000000000000000000, 1.000000000000000000 ) ) ;
#7086 = ORIENTED_EDGE ( 'NONE', *, *, #7819, .T. ) ;
#7087 = EDGE_CURVE ( 'NONE', #6250, #3214, #6975, .T. ) ;
#7088 = EDGE_CURVE ( 'NONE', #1818, #1664, #5608, .T. ) ;
#7089 = ORIENTED_EDGE ( 'NONE', *, *, #1962, .T. ) ;
#7090 = LINE ( 'NONE', #2446, #3942 ) ;
#7091 = ORIENTED_EDGE ( 'NONE', *, *, #2089, .T. ) ;
#7092 = PLANE ( 'NONE',  #3131 ) ;
#7093 = ORIENTED_EDGE ( 'NONE', *, *, #2971, .T. ) ;
#7094 = LINE ( 'NONE', #7822, #5335 ) ;
#7095 = DIRECTION ( 'NONE',  ( -0.9999998850681162121, -0.0004794410854595740888, 0.000000000000000000 ) ) ;
#7096 = LINE ( 'NONE', #886, #3943 ) ;
#7097 = DIRECTION ( 'NONE',  ( -1.000000000000000000, 0.000000000000000000, 0.000000000000000000 ) ) ;
#7098 = DIRECTION ( 'NONE',  ( 0.000000000000000000, 0.000000000000000000, 1.000000000000000000 ) ) ;
#7099 = UNCERTAINTY_MEASURE_WITH_UNIT (LENGTH_MEASURE( 1.000000000000000082E-05 ), #4144, 'distance_accuracy_value', 'NONE');
#7100 = ADVANCED_FACE ( 'NONE', ( #5520 ), #4849, .F. ) ;
#7101 = ADVANCED_FACE ( 'NONE', ( #23 ), #2191, .F. ) ;
#7102 = EDGE_CURVE ( 'NONE', #8071, #4224, #4123, .T. ) ;
#7103 = VERTEX_POINT ( 'NONE', #6806 ) ;
#7104 = ORIENTED_EDGE ( 'NONE', *, *, #2935, .F. ) ;
#7105 = FACE_OUTER_BOUND ( 'NONE', #184, .T. ) ;
#7106 = DIRECTION ( 'NONE',  ( 0.000000000000000000, -1.000000000000000000, 0.000000000000000000 ) ) ;
#7107 = DIRECTION ( 'NONE',  ( 0.000000000000000000, 0.000000000000000000, 1.000000000000000000 ) ) ;
#7108 = DIRECTION ( 'NONE',  ( 1.000000000000000000, 0.000000000000000000, 0.000000000000000000 ) ) ;
#7109 =( BOUNDED_CURVE ( )  B_SPLINE_CURVE ( 3, ( #553, #5193, #1899, #7309 ),
 .UNSPECIFIED., .F., .F. ) 
 B_SPLINE_CURVE_WITH_KNOTS ( ( 4, 4 ),
 ( 3.141592653589793116, 3.141708816033037976 ),
 .UNSPECIFIED. ) 
 CURVE ( )  GEOMETRIC_REPRESENTATION_ITEM ( )  RATIONAL_B_SPLINE_CURVE ( ( 1.000000000000000000, 0.9999999988755239322, 0.9999999988755239322, 1.000000000000000000 ) ) 
 REPRESENTATION_ITEM ( '' )  );
#7110 = ORIENTED_EDGE ( 'NONE', *, *, #3848, .T. ) ;
#7111 = EDGE_CURVE ( 'NONE', #3214, #2685, #8366, .T. ) ;
#7112 = CARTESIAN_POINT ( 'NONE',  ( -0.6812302152651554810, 13.09630494548598456, -2.098419372125607030 ) ) ;
#7113 = CARTESIAN_POINT ( 'NONE',  ( 14.70325953999999946, 45.39706200000000536, 21.25407275812202812 ) ) ;
#7114 = EDGE_LOOP ( 'NONE', ( #4550, #5333, #4317, #7071 ) ) ;
#7115 = DIRECTION ( 'NONE',  ( 0.9999999932531438152, 0.0001161624401737789401, -0.000000000000000000 ) ) ;
#7116 = PLANE ( 'NONE',  #1454 ) ;
#7117 = AXIS2_PLACEMENT_3D ( 'NONE', #6135, #4715, #6056 ) ;
#7118 = DIRECTION ( 'NONE',  ( 1.000000000000000000, 0.000000000000000000, 0.000000000000000000 ) ) ;
#7119 = AXIS2_PLACEMENT_3D ( 'NONE', #5612, #8829, #116 ) ;
#7120 = ADVANCED_FACE ( 'NONE', ( #8419 ), #3711, .T. ) ;
#7121 = VERTEX_POINT ( 'NONE', #318 ) ;
#7122 = CIRCLE ( 'NONE', #5717, 0.9999999999999974465 ) ;
#7123 = ORIENTED_EDGE ( 'NONE', *, *, #3944, .T. ) ;
#7124 = VECTOR ( 'NONE', #7913, 1000.000000000000000 ) ;
#7125 = VERTEX_POINT ( 'NONE', #6350 ) ;
#7126 = FACE_OUTER_BOUND ( 'NONE', #3292, .T. ) ;
#7127 = VECTOR ( 'NONE', #4468, 1000.000000000000114 ) ;
#7128 = ORIENTED_EDGE ( 'NONE', *, *, #7518, .F. ) ;
#7129 = DIRECTION ( 'NONE',  ( -0.9999999932531434821, -0.0001161624429840690809, 0.000000000000000000 ) ) ;
#7130 = CARTESIAN_POINT ( 'NONE',  ( 30.46733109937489203, 44.39600976024078705, 0.07096245698404970992 ) ) ;
#7131 = CARTESIAN_POINT ( 'NONE',  ( 23.63280362000000068, 65.45000098000001287, 3.000000000000000000 ) ) ;
#7132 = ORIENTED_EDGE ( 'NONE', *, *, #5682, .T. ) ;
#7133 = AXIS2_PLACEMENT_3D ( 'NONE', #6917, #2118, #7588 ) ;
#7134 = AXIS2_PLACEMENT_3D ( 'NONE', #1319, #6645, #477 ) ;
#7135 = VERTEX_POINT ( 'NONE', #7694 ) ;
#7136 = PLANE ( 'NONE',  #7795 ) ;
#7137 = VERTEX_POINT ( 'NONE', #235 ) ;
#7138 = DIRECTION ( 'NONE',  ( 0.000000000000000000, 1.000000000000000000, -0.000000000000000000 ) ) ;
#7139 = CARTESIAN_POINT ( 'NONE',  ( 2.820070398492491304, 0.9000000000000002442, 1.000000000000000888 ) ) ;
#7140 = DIRECTION ( 'NONE',  ( 0.0001161624401516996778, -0.9999999932531439262, -2.211691813063016656E-14 ) ) ;
#7141 = CARTESIAN_POINT ( 'NONE',  ( 22.05780361999999784, 0.000000000000000000, 3.000000000000000000 ) ) ;
#7142 = ADVANCED_FACE ( 'NONE', ( #2951 ), #937, .T. ) ;
#7143 = CARTESIAN_POINT ( 'NONE',  ( 29.45968991074304810, 108.6124853660633249, 1.500000000000000000 ) ) ;
#7144 = EDGE_CURVE ( 'NONE', #1900, #3454, #1026, .T. ) ;
#7145 = DIRECTION ( 'NONE',  ( 0.000000000000000000, 0.000000000000000000, 1.000000000000000000 ) ) ;
#7146 = AXIS2_PLACEMENT_3D ( 'NONE', #8607, #5179, #1799 ) ;
#7147 = VECTOR ( 'NONE', #5953, 1000.000000000000000 ) ;
#7148 = ORIENTED_EDGE ( 'NONE', *, *, #5570, .T. ) ;
#7149 = VERTEX_POINT ( 'NONE', #5117 ) ;
#7150 = LINE ( 'NONE', #268, #7916 ) ;
#7151 = DIRECTION ( 'NONE',  ( 4.371138674066359935E-08, -0.9999999999999991118, 0.000000000000000000 ) ) ;
#7152 = CARTESIAN_POINT ( 'NONE',  ( 25.33782776687480265, 1.899999950697299100, 1.500000000000000000 ) ) ;
#7153 = TOROIDAL_SURFACE ( 'NONE', #2598, 2.999999999999996447, 1.000000000000000000 ) ;
#7154 = EDGE_CURVE ( 'NONE', #7630, #85, #6210, .T. ) ;
#7155 = CARTESIAN_POINT ( 'NONE',  ( 2.820070398492491304, 0.9000000000000002442, 1.000000000000000888 ) ) ;
#7156 = CIRCLE ( 'NONE', #3305, 0.5000000000000004441 ) ;
#7157 = CARTESIAN_POINT ( 'NONE',  ( -0.1922660190307595718, 108.0997072644481563, -2.998419460000012471 ) ) ;
#7158 = CARTESIAN_POINT ( 'NONE',  ( 10.76478998223519845, 3.805886845030193921, 2.499999999999998668 ) ) ;
#7159 = AXIS2_PLACEMENT_3D ( 'NONE', #2346, #2391, #3062 ) ;
#7160 = ORIENTED_EDGE ( 'NONE', *, *, #5538, .T. ) ;
#7161 = CARTESIAN_POINT ( 'NONE',  ( 9.207803619999999967, 105.2000009799999987, 2.500000000000000000 ) ) ;
#7162 = DIRECTION ( 'NONE',  ( 1.000000000000000000, -0.000000000000000000, -0.000000000000000000 ) ) ;
#7163 = EDGE_LOOP ( 'NONE', ( #7951, #4375, #6359, #1385 ) ) ;
#7164 = LINE ( 'NONE', #6808, #3412 ) ;
#7165 = DIRECTION ( 'NONE',  ( 0.000000000000000000, 0.000000000000000000, 1.000000000000000000 ) ) ;
#7166 = CARTESIAN_POINT ( 'NONE',  ( 33.46751696826601830, 42.79610665020613425, 1.319999995681913063 ) ) ;
#7167 = ORIENTED_EDGE ( 'NONE', *, *, #384, .T. ) ;
#7168 = AXIS2_PLACEMENT_3D ( 'NONE', #2960, #4312, #2426 ) ;
#7169 = ORIENTED_EDGE ( 'NONE', *, *, #7303, .F. ) ;
#7170 = ORIENTED_EDGE ( 'NONE', *, *, #1839, .F. ) ;
#7171 = EDGE_LOOP ( 'NONE', ( #7091, #7988, #4462, #8803, #2104, #3732 ) ) ;
#7172 = ORIENTED_EDGE ( 'NONE', *, *, #230, .F. ) ;
#7173 = EDGE_CURVE ( 'NONE', #6700, #4182, #7831, .T. ) ;
#7174 = CYLINDRICAL_SURFACE ( 'NONE', #6274, 0.5000000000000000000 ) ;
#7175 = EDGE_CURVE ( 'NONE', #30, #7450, #4299, .T. ) ;
#7176 = CARTESIAN_POINT ( 'NONE',  ( -0.6812882964866473490, 13.59630494211255503, -2.998419460000012471 ) ) ;
#7177 = LINE ( 'NONE', #1052, #8510 ) ;
#7178 = CARTESIAN_POINT ( 'NONE',  ( 14.70325953999999946, 32.59706199999999399, 1.500000000000000000 ) ) ;
#7179 = ORIENTED_EDGE ( 'NONE', *, *, #3304, .F. ) ;
#7180 = CIRCLE ( 'NONE', #6758, 0.4999999999999985567 ) ;
#7181 = VERTEX_POINT ( 'NONE', #2277 ) ;
#7182 = FACE_OUTER_BOUND ( 'NONE', #4477, .T. ) ;
#7183 = VERTEX_POINT ( 'NONE', #5737 ) ;
#7184 = DIRECTION ( 'NONE',  ( 0.9999999999973340215, -2.309088861408833776E-06, 0.000000000000000000 ) ) ;
#7185 = VERTEX_POINT ( 'NONE', #2410 ) ;
#7186 = CARTESIAN_POINT ( 'NONE',  ( 2.820070398492477537, 1.900000000000000577, -2.998419460000012471 ) ) ;
#7187 = DIRECTION ( 'NONE',  ( 0.000000000000000000, 0.000000000000000000, 1.000000000000000000 ) ) ;
#7188 = VECTOR ( 'NONE', #1073, 1000.000000000000000 ) ;
#7189 = CARTESIAN_POINT ( 'NONE',  ( 5.607803620000000322, 110.1012896834636337, -19.25780817680636048 ) ) ;
#7190 = DIRECTION ( 'NONE',  ( -0.000000000000000000, 0.000000000000000000, 1.000000000000000000 ) ) ;
#7191 = AXIS2_PLACEMENT_3D ( 'NONE', #7867, #929, #305 ) ;
#7192 = ORIENTED_EDGE ( 'NONE', *, *, #1836, .F. ) ;
#7193 = AXIS2_PLACEMENT_3D ( 'NONE', #1353, #1259, #4936 ) ;
#7194 = ORIENTED_EDGE ( 'NONE', *, *, #831, .F. ) ;
#7195 = EDGE_CURVE ( 'NONE', #3569, #4334, #3787, .T. ) ;
#7196 = CARTESIAN_POINT ( 'NONE',  ( 1.807733980969240983, 108.0997072644481563, 117.8988879368424563 ) ) ;
#7197 = CARTESIAN_POINT ( 'NONE',  ( 1.308663321000880453, 100.0989876288460181, 3.426814665646245039 ) ) ;
#7198 = EDGE_CURVE ( 'NONE', #4633, #8646, #2993, .T. ) ;
#7199 = LINE ( 'NONE', #7741, #2503 ) ;
#7200 = CARTESIAN_POINT ( 'NONE',  ( 22.67155249433496067, 59.53052838909677291, -19.25780817680636048 ) ) ;
#7201 = DIRECTION ( 'NONE',  ( -1.000000000000000000, 0.000000000000000000, 0.000000000000000000 ) ) ;
#7202 = DIRECTION ( 'NONE',  ( 0.0001161624401737049975, -0.9999999932531439262, -0.000000000000000000 ) ) ;
#7203 = EDGE_CURVE ( 'NONE', #3187, #3058, #4347, .T. ) ;
#7204 = ADVANCED_FACE ( 'NONE', ( #5023 ), #3086, .T. ) ;
#7205 = CARTESIAN_POINT ( 'NONE',  ( -0.04559405568415872412, 95.09833809741370203, -1.898419459999999948 ) ) ;
#7206 = EDGE_CURVE ( 'NONE', #420, #3158, #7199, .T. ) ;
#7207 = VECTOR ( 'NONE', #8570, 1000.000000000000000 ) ;
#7208 = ORIENTED_EDGE ( 'NONE', *, *, #1822, .F. ) ;
#7209 = FACE_OUTER_BOUND ( 'NONE', #3526, .T. ) ;
#7210 = FACE_OUTER_BOUND ( 'NONE', #3348, .T. ) ;
#7211 = ORIENTED_EDGE ( 'NONE', *, *, #2034, .F. ) ;
#7212 = CARTESIAN_POINT ( 'NONE',  ( 26.60539153508827326, 48.76256196061894599, 1.500000000000000000 ) ) ;
#7213 = FACE_OUTER_BOUND ( 'NONE', #5278, .T. ) ;
#7214 = CARTESIAN_POINT ( 'NONE',  ( 30.46685255814372084, 48.51559632561356494, 3.000000000000000000 ) ) ;
#7215 = VERTEX_POINT ( 'NONE', #8594 ) ;
#7216 = ORIENTED_EDGE ( 'NONE', *, *, #3865, .T. ) ;
#7217 = ADVANCED_FACE ( 'NONE', ( #4389 ), #3672, .F. ) ;
#7218 = ORIENTED_EDGE ( 'NONE', *, *, #485, .T. ) ;
#7219 = DIRECTION ( 'NONE',  ( 0.9999999932531439262, 0.0001161624401668776951, -0.000000000000000000 ) ) ;
#7220 = AXIS2_PLACEMENT_3D ( 'NONE', #9, #8190, #2044 ) ;
#7221 = EDGE_LOOP ( 'NONE', ( #6558, #1622, #5978, #2394 ) ) ;
#7222 = DIRECTION ( 'NONE',  ( 0.000000000000000000, 0.000000000000000000, 1.000000000000000000 ) ) ;
#7223 = CIRCLE ( 'NONE', #7515, 4.000000000000001776 ) ;
#7224 = LINE ( 'NONE', #1578, #7885 ) ;
#7225 = LINE ( 'NONE', #8616, #7207 ) ;
#7226 = DIRECTION ( 'NONE',  ( 1.000000000000000000, 0.000000000000000000, 0.000000000000000000 ) ) ;
#7227 = ORIENTED_EDGE ( 'NONE', *, *, #4981, .F. ) ;
#7228 = EDGE_LOOP ( 'NONE', ( #6811, #3867, #5134, #1240 ) ) ;
#7229 = LINE ( 'NONE', #5721, #4523 ) ;
#7230 = ORIENTED_EDGE ( 'NONE', *, *, #3444, .T. ) ;
#7231 = CARTESIAN_POINT ( 'NONE',  ( 10.76478998223519845, 3.805886845030193921, -19.25780817680636048 ) ) ;
#7232 = ORIENTED_EDGE ( 'NONE', *, *, #8056, .F. ) ;
#7233 = FACE_OUTER_BOUND ( 'NONE', #701, .T. ) ;
#7234 = DIRECTION ( 'NONE',  ( -0.000000000000000000, -0.000000000000000000, -1.000000000000000000 ) ) ;
#7235 = DIRECTION ( 'NONE',  ( 0.000000000000000000, 0.000000000000000000, -1.000000000000000000 ) ) ;
#7236 = EDGE_CURVE ( 'NONE', #8311, #4074, #4804, .T. ) ;
#7237 = DIRECTION ( 'NONE',  ( -0.9999999932531434821, -0.0001161624429838024484, 0.000000000000000000 ) ) ;
#7238 = CARTESIAN_POINT ( 'NONE',  ( 5.132803619999998901, 30.55000098000000364, 3.000000000000000000 ) ) ;
#7239 = EDGE_CURVE ( 'NONE', #5831, #5624, #3125, .T. ) ;
#7240 = ORIENTED_EDGE ( 'NONE', *, *, #2859, .T. ) ;
#7241 = FACE_OUTER_BOUND ( 'NONE', #4180, .T. ) ;
#7242 = CARTESIAN_POINT ( 'NONE',  ( 32.46571921320322929, 58.27226487411436295, -3.998419460000000480 ) ) ;
#7243 = PLANE ( 'NONE',  #1270 ) ;
#7244 = CARTESIAN_POINT ( 'NONE',  ( 30.73941560403399720, 35.05877601781161701, 0.5000000000014571677 ) ) ;
#7245 = ORIENTED_EDGE ( 'NONE', *, *, #7780, .T. ) ;
#7246 = LINE ( 'NONE', #5123, #432 ) ;
#7247 = DIRECTION ( 'NONE',  ( 0.9999999932531434821, 0.0001161624429840690809, 0.000000000000000000 ) ) ;
#7248 = ORIENTED_EDGE ( 'NONE', *, *, #7427, .F. ) ;
#7249 = CARTESIAN_POINT ( 'NONE',  ( 32.47248782355671182, 0.003772083449547375747, 3.500000000000000000 ) ) ;
#7250 = ADVANCED_FACE ( 'NONE', ( #974 ), #3807, .F. ) ;
#7251 = CARTESIAN_POINT ( 'NONE',  ( 2.820070398492477537, 1.900000000000000577, 2.500000000000002220 ) ) ;
#7252 = VERTEX_POINT ( 'NONE', #3941 ) ;
#7253 = ORIENTED_EDGE ( 'NONE', *, *, #3081, .F. ) ;
#7254 = ORIENTED_EDGE ( 'NONE', *, *, #6184, .F. ) ;
#7255 = CARTESIAN_POINT ( 'NONE',  ( -1.196679814850944990, 35.89675417488197695, -1.496672395567841588E-19 ) ) ;
#7256 = CARTESIAN_POINT ( 'NONE',  ( 2.807733980969242094, 108.0997072644481563, 1.000000000000000888 ) ) ;
#7257 = DIRECTION ( 'NONE',  ( 1.000000000000000000, 0.000000000000000000, 0.000000000000000000 ) ) ;
#7258 = EDGE_CURVE ( 'NONE', #7902, #6804, #447, .T. ) ;
#7259 = VECTOR ( 'NONE', #4627, 1000.000000000000000 ) ;
#7260 = CARTESIAN_POINT ( 'NONE',  ( -1.882162718694830788E-07, 4.305886374486270540, -19.25780817680636048 ) ) ;
#7261 = EDGE_LOOP ( 'NONE', ( #7360, #6878, #5276, #8733 ) ) ;
#7262 = CIRCLE ( 'NONE', #8697, 0.5000000000000004441 ) ;
#7263 = EDGE_LOOP ( 'NONE', ( #3706, #642, #1172, #5539 ) ) ;
#7264 = CIRCLE ( 'NONE', #3416, 0.5000000000000000000 ) ;
#7265 = DIRECTION ( 'NONE',  ( 4.371138811603728483E-08, -0.9999999999999991118, 0.000000000000000000 ) ) ;
#7266 = ORIENTED_EDGE ( 'NONE', *, *, #5955, .T. ) ;
#7267 = DIRECTION ( 'NONE',  ( -0.000000000000000000, -0.000000000000000000, -1.000000000000000000 ) ) ;
#7268 = DIRECTION ( 'NONE',  ( 0.000000000000000000, 0.000000000000000000, 1.000000000000000000 ) ) ;
#7269 = CARTESIAN_POINT ( 'NONE',  ( 0.8077339809692408723, 108.0997072644481563, 0.000000000000000000 ) ) ;
#7270 = DIRECTION ( 'NONE',  ( -1.000000000000000000, 0.000000000000000000, 0.000000000000000000 ) ) ;
#7271 = AXIS2_PLACEMENT_3D ( 'NONE', #343, #8402, #5672 ) ;
#7272 = VECTOR ( 'NONE', #4367, 1000.000000000000114 ) ;
#7273 = LINE ( 'NONE', #2454, #757 ) ;
#7274 = VECTOR ( 'NONE', #6606, 1000.000000000000000 ) ;
#7275 = CARTESIAN_POINT ( 'NONE',  ( 13.36479015296693795, -0.09999999999999939493, 2.499999999999998668 ) ) ;
#7276 = EDGE_CURVE ( 'NONE', #2099, #6881, #7359, .T. ) ;
#7277 = VECTOR ( 'NONE', #2573, 1000.000000000000000 ) ;
#7278 = ORIENTED_EDGE ( 'NONE', *, *, #7883, .F. ) ;
#7279 = ORIENTED_EDGE ( 'NONE', *, *, #834, .T. ) ;
#7280 = VECTOR ( 'NONE', #7653, 1000.000000000000227 ) ;
#7281 = CARTESIAN_POINT ( 'NONE',  ( 31.47248783030356378, 0.003655921009372651437, -2.998419460000000480 ) ) ;
#7282 = CARTESIAN_POINT ( 'NONE',  ( 31.46718286668913933, 45.67214885808097335, -2.099999999999998757 ) ) ;
#7283 = EDGE_CURVE ( 'NONE', #5889, #8695, #8678, .T. ) ;
#7284 = CIRCLE ( 'NONE', #7000, 0.5000000000000000000 ) ;
#7285 = CYLINDRICAL_SURFACE ( 'NONE', #2159, 0.5000000000000000000 ) ;
#7286 = FACE_OUTER_BOUND ( 'NONE', #7727, .T. ) ;
#7287 = AXIS2_PLACEMENT_3D ( 'NONE', #8048, #8677, #3940 ) ;
#7288 = ORIENTED_EDGE ( 'NONE', *, *, #5254, .F. ) ;
#7289 = CARTESIAN_POINT ( 'NONE',  ( 2.314901507656653479, 46.39706200000000536, 1.500000000000000000 ) ) ;
#7290 = CARTESIAN_POINT ( 'NONE',  ( 2.807254539883782485, 109.0997071495162771, 0.000000000000000000 ) ) ;
#7291 = AXIS2_PLACEMENT_3D ( 'NONE', #5107, #4339, #3116 ) ;
#7292 = ORIENTED_EDGE ( 'NONE', *, *, #1538, .T. ) ;
#7293 = DIRECTION ( 'NONE',  ( 0.000000000000000000, 0.000000000000000000, 1.000000000000000000 ) ) ;
#7294 = DIRECTION ( 'NONE',  ( 0.000000000000000000, 0.000000000000000000, 1.000000000000000000 ) ) ;
#7295 = ORIENTED_EDGE ( 'NONE', *, *, #5731, .T. ) ;
#7296 = AXIS2_PLACEMENT_3D ( 'NONE', #1933, #7569, #73 ) ;
#7297 = AXIS2_PLACEMENT_3D ( 'NONE', #3195, #3963, #3917 ) ;
#7298 = EDGE_LOOP ( 'NONE', ( #4996, #8821, #7253, #3009 ) ) ;
#7299 = EDGE_CURVE ( 'NONE', #7464, #1096, #8636, .T. ) ;
#7300 = ORIENTED_EDGE ( 'NONE', *, *, #2458, .T. ) ;
#7301 = CARTESIAN_POINT ( 'NONE',  ( 13.36479015296693795, -0.09999999999999939493, -19.25780817680636048 ) ) ;
#7302 = AXIS2_PLACEMENT_3D ( 'NONE', #1828, #5215, #6446 ) ;
#7303 = EDGE_CURVE ( 'NONE', #4735, #8744, #3649, .T. ) ;
#7304 = ORIENTED_EDGE ( 'NONE', *, *, #1513, .F. ) ;
#7305 = DIRECTION ( 'NONE',  ( 1.000000000000000000, 0.000000000000000000, -0.000000000000000000 ) ) ;
#7306 = CARTESIAN_POINT ( 'NONE',  ( 7.632803619999999789, 0.000000000000000000, 3.500000000000000000 ) ) ;
#7307 = CARTESIAN_POINT ( 'NONE',  ( 19.74645821121415068, 1.726290213761730443E-06, 1.500000000000001332 ) ) ;
#7308 = AXIS2_PLACEMENT_3D ( 'NONE', #36, #5490, #3007 ) ;
#7309 = CARTESIAN_POINT ( 'NONE',  ( -0.6850345943869041720, 45.34681361558800461, -0.03000000337342791784 ) ) ;
#7310 = EDGE_LOOP ( 'NONE', ( #3767, #5926, #1838, #8820 ) ) ;
#7311 = CIRCLE ( 'NONE', #5195, 4.000000000000001776 ) ;
#7312 = EDGE_CURVE ( 'NONE', #1834, #7702, #3309, .T. ) ;
#7313 = ORIENTED_EDGE ( 'NONE', *, *, #4759, .T. ) ;
#7314 = CIRCLE ( 'NONE', #4609, 0.5000000000000004441 ) ;
#7315 = EDGE_CURVE ( 'NONE', #6804, #1813, #2357, .T. ) ;
#7316 = DIRECTION ( 'NONE',  ( 0.000000000000000000, 0.000000000000000000, -1.000000000000000000 ) ) ;
#7317 = ORIENTED_EDGE ( 'NONE', *, *, #1305, .F. ) ;
#7318 = DIRECTION ( 'NONE',  ( 1.000000000000000000, 0.000000000000000000, 0.000000000000000000 ) ) ;
#7319 = ORIENTED_EDGE ( 'NONE', *, *, #1183, .F. ) ;
#7320 = CARTESIAN_POINT ( 'NONE',  ( 32.47248782355671182, 0.003772083449547375747, 3.500000000000000000 ) ) ;
#7321 = DIRECTION ( 'NONE',  ( 0.000000000000000000, 0.000000000000000000, -1.000000000000000000 ) ) ;
#7322 = DIRECTION ( 'NONE',  ( -1.000000000000000000, 0.000000000000000000, 0.000000000000000000 ) ) ;
#7323 = CYLINDRICAL_SURFACE ( 'NONE', #2042, 0.5000000000000004441 ) ;
#7324 = DIRECTION ( 'NONE',  ( 0.000000000000000000, 0.000000000000000000, -1.000000000000000000 ) ) ;
#7325 = ORIENTED_EDGE ( 'NONE', *, *, #3993, .T. ) ;
#7326 = ORIENTED_EDGE ( 'NONE', *, *, #1560, .T. ) ;
#7327 = ORIENTED_EDGE ( 'NONE', *, *, #3332, .F. ) ;
#7328 = ADVANCED_FACE ( 'NONE', ( #4662, #6047 ), #5213, .F. ) ;
#7329 = ADVANCED_FACE ( 'NONE', ( #8049 ), #7419, .F. ) ;
#7330 = VECTOR ( 'NONE', #5773, 1000.000000000000000 ) ;
#7331 = LINE ( 'NONE', #8773, #582 ) ;
#7332 = CARTESIAN_POINT ( 'NONE',  ( 27.13280362000000068, 6.550000980000000084, 3.500000000000000000 ) ) ;
#7333 = CARTESIAN_POINT ( 'NONE',  ( 1.314901500909796850, 45.89706200000000536, 1.000000000000000888 ) ) ;
#7334 = DIRECTION ( 'NONE',  ( 0.000000000000000000, -1.000000000000000000, -0.000000000000000000 ) ) ;
#7335 = AXIS2_PLACEMENT_3D ( 'NONE', #3029, #1589, #2943 ) ;
#7336 = CIRCLE ( 'NONE', #75, 0.5000000000000000000 ) ;
#7337 = EDGE_CURVE ( 'NONE', #4182, #7464, #5792, .T. ) ;
#7338 = ORIENTED_EDGE ( 'NONE', *, *, #3180, .T. ) ;
#7339 = ORIENTED_EDGE ( 'NONE', *, *, #59, .F. ) ;
#7340 = EDGE_CURVE ( 'NONE', #8621, #7402, #5656, .T. ) ;
#7341 = DIRECTION ( 'NONE',  ( 0.000000000000000000, -1.000000000000000000, 0.000000000000000000 ) ) ;
#7342 = CARTESIAN_POINT ( 'NONE',  ( 21.73782777879968009, 0.9000000000000003553, 0.000000000000000000 ) ) ;
#7343 = ORIENTED_EDGE ( 'NONE', *, *, #397, .F. ) ;
#7344 = CARTESIAN_POINT ( 'NONE',  ( 25.50780361999599677, 48.01559589207970902, 1.500000000000000000 ) ) ;
#7345 = CIRCLE ( 'NONE', #4639, 1.000000000000000000 ) ;
#7346 = CARTESIAN_POINT ( 'NONE',  ( 10.76479015296693476, -0.09999999999999939493, -19.25780817680636048 ) ) ;
#7347 = LINE ( 'NONE', #1216, #5286 ) ;
#7348 = EDGE_CURVE ( 'NONE', #8611, #8604, #4084, .T. ) ;
#7349 = ORIENTED_EDGE ( 'NONE', *, *, #1165, .F. ) ;
#7350 = ORIENTED_EDGE ( 'NONE', *, *, #1803, .T. ) ;
#7351 = CARTESIAN_POINT ( 'NONE',  ( 2.820070398492491304, 1.400000000000000133, 1.000000000000000888 ) ) ;
#7352 = ORIENTED_EDGE ( 'NONE', *, *, #5658, .F. ) ;
#7353 = CARTESIAN_POINT ( 'NONE',  ( 31.46571921995008125, 58.27214871167419119, -3.998419459999999592 ) ) ;
#7354 = CARTESIAN_POINT ( 'NONE',  ( 30.96735440172111353, 44.19543741857188479, 0.7019704427157931192 ) ) ;
#7355 = CARTESIAN_POINT ( 'NONE',  ( 1.316504542633788910, 32.59706199999999399, 0.000000000000000000 ) ) ;
#7356 = CARTESIAN_POINT ( 'NONE',  ( 31.47017662241313829, 19.89999996626572454, 3.426814665646245039 ) ) ;
#7357 = AXIS2_PLACEMENT_3D ( 'NONE', #8027, #3287, #1898 ) ;
#7358 = ORIENTED_EDGE ( 'NONE', *, *, #3900, .F. ) ;
#7359 = CIRCLE ( 'NONE', #7939, 2.029999995682017833 ) ;
#7360 = ORIENTED_EDGE ( 'NONE', *, *, #4770, .F. ) ;
#7361 = VECTOR ( 'NONE', #3159, 1000.000000000000000 ) ;
#7362 = VECTOR ( 'NONE', #1638, 1000.000000000000000 ) ;
#7363 = VERTEX_POINT ( 'NONE', #7332 ) ;
#7364 = CARTESIAN_POINT ( 'NONE',  ( 1.820070405239333944, 1.899883837557014843, -1.734723475976807094E-15 ) ) ;
#7365 = VERTEX_POINT ( 'NONE', #2644 ) ;
#7366 = DIRECTION ( 'NONE',  ( 0.000000000000000000, -1.000000000000000000, 0.000000000000000000 ) ) ;
#7367 = CARTESIAN_POINT ( 'NONE',  ( 5.607803620000001210, 105.2000009799999987, 1.500000000000001332 ) ) ;
#7368 = PRODUCT ( 'A7670E\X2\591658f34e0a76d6\X0\', 'A7670E\X2\591658f34e0a76d6\X0\', '', ( #869 ) ) ;
#7369 = CARTESIAN_POINT ( 'NONE',  ( -0.6797089073065658571, -7.895664772317414928E-05, 1.969999999999999973 ) ) ;
#7370 = CARTESIAN_POINT ( 'NONE',  ( -1.185000570955248467, 45.55388929357396677, 1.677133757231526356 ) ) ;
#7371 = CARTESIAN_POINT ( 'NONE',  ( 19.74645808882241482, 1.400000000000000133, 1.000000000000000888 ) ) ;
#7372 = EDGE_CURVE ( 'NONE', #1618, #8506, #2210, .T. ) ;
#7373 = CARTESIAN_POINT ( 'NONE',  ( 29.96691059228446008, 48.51559628190723572, 1.500000000000000000 ) ) ;
#7374 = ORIENTED_EDGE ( 'NONE', *, *, #7481, .F. ) ;
#7375 = ORIENTED_EDGE ( 'NONE', *, *, #1596, .F. ) ;
#7376 = DIRECTION ( 'NONE',  ( 0.0001161624401737789265, -0.9999999932531437041, 0.000000000000000000 ) ) ;
#7377 = LINE ( 'NONE', #3308, #4023 ) ;
#7378 = DIRECTION ( 'NONE',  ( 0.000000000000000000, 0.000000000000000000, -1.000000000000000000 ) ) ;
#7379 = CYLINDRICAL_SURFACE ( 'NONE', #7460, 0.5000000000000004441 ) ;
#7380 = EDGE_CURVE ( 'NONE', #7014, #606, #3984, .T. ) ;
#7381 = FACE_OUTER_BOUND ( 'NONE', #6153, .T. ) ;
#7382 = EDGE_CURVE ( 'NONE', #5132, #1493, #3358, .T. ) ;
#7383 = DIRECTION ( 'NONE',  ( -0.000000000000000000, -0.000000000000000000, -1.000000000000000000 ) ) ;
#7384 = ADVANCED_FACE ( 'NONE', ( #8094 ), #1786, .F. ) ;
#7385 = VERTEX_POINT ( 'NONE', #4527 ) ;
#7386 = ORIENTED_EDGE ( 'NONE', *, *, #3522, .F. ) ;
#7387 = CARTESIAN_POINT ( 'NONE',  ( 27.63280362000000068, 0.000000000000000000, 1.500000000000000000 ) ) ;
#7388 = FACE_OUTER_BOUND ( 'NONE', #4213, .T. ) ;
#7389 = CYLINDRICAL_SURFACE ( 'NONE', #687, 0.5000000000000004441 ) ;
#7390 = CARTESIAN_POINT ( 'NONE',  ( 24.83782773732521676, 4.377977066283346375, 1.500000000000000000 ) ) ;
#7391 = PLANE ( 'NONE',  #1407 ) ;
#7392 = ORIENTED_EDGE ( 'NONE', *, *, #4450, .F. ) ;
#7393 = ADVANCED_FACE ( 'NONE', ( #7241 ), #3847, .T. ) ;
#7394 = ORIENTED_EDGE ( 'NONE', *, *, #668, .T. ) ;
#7395 = CARTESIAN_POINT ( 'NONE',  ( 1.424277670604426893, 33.09706199999999399, 1.521986689616650512 ) ) ;
#7396 = ORIENTED_EDGE ( 'NONE', *, *, #4187, .F. ) ;
#7397 = CARTESIAN_POINT ( 'NONE',  ( 31.46718286668913933, 45.67214885808096625, -1.599999999999998757 ) ) ;
#7398 = LINE ( 'NONE', #7441, #7597 ) ;
#7399 = CYLINDRICAL_SURFACE ( 'NONE', #7996, 0.5000000000000004441 ) ;
#7400 = EDGE_CURVE ( 'NONE', #3162, #221, #5553, .T. ) ;
#7401 = EDGE_LOOP ( 'NONE', ( #6812, #6275, #6656, #5710 ) ) ;
#7402 = VERTEX_POINT ( 'NONE', #5511 ) ;
#7403 = DIRECTION ( 'NONE',  ( 0.000000000000000000, 0.000000000000000000, 1.000000000000000000 ) ) ;
#7404 = ORIENTED_EDGE ( 'NONE', *, *, #6721, .F. ) ;
#7405 = CARTESIAN_POINT ( 'NONE',  ( -4.241367966235109037E-06, 48.51559366211629509, 1.500000000000000000 ) ) ;
#7406 = LINE ( 'NONE', #8844, #986 ) ;
#7407 = CARTESIAN_POINT ( 'NONE',  ( 9.207803619999999967, 108.6027757786015542, 1.500000000000000000 ) ) ;
#7408 = LINE ( 'NONE', #3797, #783 ) ;
#7409 = DIRECTION ( 'NONE',  ( -0.9999999932531437041, -0.0001161624401737049704, -1.504632769052527843E-36 ) ) ;
#7410 = LINE ( 'NONE', #695, #4190 ) ;
#7411 = AXIS2_PLACEMENT_3D ( 'NONE', #2288, #7752, #7074 ) ;
#7412 = CARTESIAN_POINT ( 'NONE',  ( 14.70325953999999946, 46.39706200000000536, 2.000000000000001776 ) ) ;
#7413 = ORIENTED_EDGE ( 'NONE', *, *, #7828, .F. ) ;
#7414 = CARTESIAN_POINT ( 'NONE',  ( 29.96883808238525404, 31.42291474461031342, 117.8988879368424563 ) ) ;
#7415 = EDGE_CURVE ( 'NONE', #6415, #6966, #934, .T. ) ;
#7416 = AXIS2_PLACEMENT_3D ( 'NONE', #7131, #7042, #6376 ) ;
#7417 = AXIS2_PLACEMENT_3D ( 'NONE', #6157, #6242, #1988 ) ;
#7418 = CARTESIAN_POINT ( 'NONE',  ( 29.47226753285272594, 0.9000000000000002442, 117.8988879368424563 ) ) ;
#7419 = CYLINDRICAL_SURFACE ( 'NONE', #4944, 0.5000000000000004441 ) ;
#7420 = EDGE_CURVE ( 'NONE', #7215, #5793, #2050, .T. ) ;
#7421 = AXIS2_PLACEMENT_3D ( 'NONE', #4855, #6899, #772 ) ;
#7422 = CARTESIAN_POINT ( 'NONE',  ( 12.85780362000000032, 108.6045257387645933, 1.500000000000001332 ) ) ;
#7423 = CARTESIAN_POINT ( 'NONE',  ( 29.47226753285274015, 1.900000000000000133, 122.8571184009966686 ) ) ;
#7424 = VECTOR ( 'NONE', #6859, 1000.000000000000000 ) ;
#7425 = AXIS2_PLACEMENT_3D ( 'NONE', #3381, #8178, #2239 ) ;
#7426 = VERTEX_POINT ( 'NONE', #706 ) ;
#7427 = EDGE_CURVE ( 'NONE', #7902, #2099, #791, .T. ) ;
#7428 = ORIENTED_EDGE ( 'NONE', *, *, #2232, .T. ) ;
#7429 = DIRECTION ( 'NONE',  ( 0.000000000000000000, 0.000000000000000000, 1.000000000000000000 ) ) ;
#7430 = DIRECTION ( 'NONE',  ( -2.041541004744102042E-11, 1.757487995716910240E-07, 0.9999999999999845679 ) ) ;
#7431 = TOROIDAL_SURFACE ( 'NONE', #4732, 0.5000000000000013323, 0.5000000000000000000 ) ;
#7432 = EDGE_LOOP ( 'NONE', ( #3377, #8782, #639, #4495, #3859, #4989, #7584, #3981, #4353, #7482, #8463, #4682, #1249, #6687, #5359, #5766, #5548 ) ) ;
#7433 = CARTESIAN_POINT ( 'NONE',  ( 31.47248783030356378, 0.003655921009371680425, -2.998419460000000480 ) ) ;
#7434 = CARTESIAN_POINT ( 'NONE',  ( 1.320291046206870877, 0.0001533682344117349495, -1.898419459999999948 ) ) ;
#7435 = ORIENTED_EDGE ( 'NONE', *, *, #3168, .F. ) ;
#7436 = VECTOR ( 'NONE', #2507, 1000.000000000000000 ) ;
#7437 = ORIENTED_EDGE ( 'NONE', *, *, #7348, .T. ) ;
#7438 = CARTESIAN_POINT ( 'NONE',  ( 2.316504549380645095, 32.59706199999999399, 1.500000000000000888 ) ) ;
#7439 = VERTEX_POINT ( 'NONE', #1507 ) ;
#7440 = FACE_OUTER_BOUND ( 'NONE', #5762, .T. ) ;
#7441 = CARTESIAN_POINT ( 'NONE',  ( 0.8164464580384764858, 33.09706199999999399, 21.25407275812202812 ) ) ;
#7442 = TOROIDAL_SURFACE ( 'NONE', #8595, 2.999999999999999112, 1.000000000000000000 ) ;
#7443 = LINE ( 'NONE', #2028, #2995 ) ;
#7444 = EDGE_LOOP ( 'NONE', ( #2240, #3822, #7954, #7521 ) ) ;
#7445 = CIRCLE ( 'NONE', #32, 0.9999999999999974465 ) ;
#7446 = CIRCLE ( 'NONE', #8465, 0.5000000000000004441 ) ;
#7447 = ORIENTED_EDGE ( 'NONE', *, *, #6600, .T. ) ;
#7448 = PLANE ( 'NONE',  #7943 ) ;
#7449 = EDGE_CURVE ( 'NONE', #3794, #1046, #3528, .T. ) ;
#7450 = VERTEX_POINT ( 'NONE', #1379 ) ;
#7451 = CIRCLE ( 'NONE', #8177, 0.5000000000000004441 ) ;
#7452 = LINE ( 'NONE', #4553, #4005 ) ;
#7453 = ORIENTED_EDGE ( 'NONE', *, *, #4983, .F. ) ;
#7454 = CARTESIAN_POINT ( 'NONE',  ( 29.45801186694394147, 112.1124849638017196, 2.500000000000002220 ) ) ;
#7455 = CARTESIAN_POINT ( 'NONE',  ( 2.820070398492491304, 0.9000000000000002442, 117.8988879368424563 ) ) ;
#7456 = CARTESIAN_POINT ( 'NONE',  ( 30.46883808238525404, 31.42293410501706319, 1.000038720813479554 ) ) ;
#7457 = CARTESIAN_POINT ( 'NONE',  ( 21.05780361999999428, 62.25000098000001003, 3.500000000000000000 ) ) ;
#7458 = CARTESIAN_POINT ( 'NONE',  ( -0.6922659928861565337, 108.0992789108578194, -1.098436068784430786 ) ) ;
#7459 = LINE ( 'NONE', #7999, #3773 ) ;
#7460 = AXIS2_PLACEMENT_3D ( 'NONE', #4498, #579, #5340 ) ;
#7461 = ADVANCED_FACE ( 'NONE', ( #7601 ), #7552, .F. ) ;
#7462 = ORIENTED_EDGE ( 'NONE', *, *, #994, .T. ) ;
#7463 = CARTESIAN_POINT ( 'NONE',  ( 19.35780361999999499, 108.9005353586544800, 1.499999999999992228 ) ) ;
#7464 = VERTEX_POINT ( 'NONE', #1335 ) ;
#7465 = DIRECTION ( 'NONE',  ( -0.9999998850681163232, -0.0004794410854574987632, -0.000000000000000000 ) ) ;
#7466 = PLANE ( 'NONE',  #1291 ) ;
#7467 = LINE ( 'NONE', #7512, #8802 ) ;
#7468 = CARTESIAN_POINT ( 'NONE',  ( 30.96085889044203299, 100.1132041113100115, -1.898419459999999948 ) ) ;
#7469 = DIRECTION ( 'NONE',  ( 0.9999998850681161011, 0.0004794410854584955244, 0.000000000000000000 ) ) ;
#7470 = VECTOR ( 'NONE', #1864, 1000.000000000000000 ) ;
#7471 = VERTEX_POINT ( 'NONE', #3395 ) ;
#7472 = ORIENTED_EDGE ( 'NONE', *, *, #5508, .T. ) ;
#7473 = LINE ( 'NONE', #631, #2281 ) ;
#7474 = LINE ( 'NONE', #1342, #6925 ) ;
#7475 = VERTEX_POINT ( 'NONE', #6798 ) ;
#7476 = DIRECTION ( 'NONE',  ( 1.000000000000000000, 0.000000000000000000, 0.000000000000000000 ) ) ;
#7477 = VECTOR ( 'NONE', #8138, 1000.000000000000000 ) ;
#7478 = CARTESIAN_POINT ( 'NONE',  ( 29.45968991074305166, 108.6124853660633249, 1.500000000000000000 ) ) ;
#7479 = LINE ( 'NONE', #1480, #8284 ) ;
#7480 = EDGE_CURVE ( 'NONE', #3994, #7034, #6254, .T. ) ;
#7481 = EDGE_CURVE ( 'NONE', #4209, #6881, #7064, .T. ) ;
#7482 = ORIENTED_EDGE ( 'NONE', *, *, #7337, .T. ) ;
#7483 = AXIS2_PLACEMENT_3D ( 'NONE', #3272, #6007, #3317 ) ;
#7484 = ORIENTED_EDGE ( 'NONE', *, *, #1874, .T. ) ;
#7485 = LINE ( 'NONE', #5441, #3050 ) ;
#7486 = VERTEX_POINT ( 'NONE', #801 ) ;
#7487 = CARTESIAN_POINT ( 'NONE',  ( 2.820070398492491304, 1.400000000000000133, 1.000000000000000888 ) ) ;
#7488 = LINE ( 'NONE', #162, #6603 ) ;
#7489 = DIRECTION ( 'NONE',  ( 0.0001161624429836895017, -0.9999999932531434821, 0.000000000000000000 ) ) ;
#7490 = ORIENTED_EDGE ( 'NONE', *, *, #2419, .T. ) ;
#7491 = EDGE_CURVE ( 'NONE', #4223, #8619, #6640, .T. ) ;
#7492 = AXIS2_PLACEMENT_3D ( 'NONE', #8535, #4961, #7812 ) ;
#7493 = VECTOR ( 'NONE', #6667, 1000.000000000000000 ) ;
#7494 = EDGE_CURVE ( 'NONE', #6689, #337, #3894, .T. ) ;
#7495 = ORIENTED_EDGE ( 'NONE', *, *, #6003, .F. ) ;
#7496 = CARTESIAN_POINT ( 'NONE',  ( 10.76478996037950253, 4.305886845030193477, -19.25780817680636048 ) ) ;
#7497 = ORIENTED_EDGE ( 'NONE', *, *, #3487, .F. ) ;
#7498 = CARTESIAN_POINT ( 'NONE',  ( 2.807733980969242094, 108.0997072644481563, 122.8571184009966686 ) ) ;
#7499 = ORIENTED_EDGE ( 'NONE', *, *, #3540, .T. ) ;
#7500 = DIRECTION ( 'NONE',  ( 0.0001161624429838024484, -0.9999999932531434821, 0.000000000000000000 ) ) ;
#7501 = FACE_OUTER_BOUND ( 'NONE', #4564, .T. ) ;
#7502 = FACE_OUTER_BOUND ( 'NONE', #3100, .T. ) ;
#7503 = DIRECTION ( 'NONE',  ( 0.9999999999999998890, 1.192488117318334991E-08, -0.000000000000000000 ) ) ;
#7504 = DIRECTION ( 'NONE',  ( 0.9999999932531434821, 0.0001161624429701912931, 0.000000000000000000 ) ) ;
#7505 = TOROIDAL_SURFACE ( 'NONE', #3646, 2.999999999999999112, 1.000000000000000000 ) ;
#7506 = AXIS2_PLACEMENT_3D ( 'NONE', #1960, #1288, #6754 ) ;
#7507 = VERTEX_POINT ( 'NONE', #2091 ) ;
#7508 = CARTESIAN_POINT ( 'NONE',  ( 29.96691054857307179, 49.01559628190724283, 3.000000000000000000 ) ) ;
#7509 = ORIENTED_EDGE ( 'NONE', *, *, #890, .F. ) ;
#7510 = LINE ( 'NONE', #1377, #1609 ) ;
#7511 = DIRECTION ( 'NONE',  ( 0.000000000000000000, 1.000000000000000000, -0.000000000000000000 ) ) ;
#7512 = CARTESIAN_POINT ( 'NONE',  ( -1.192265992043331613, 108.0992426146762426, 2.500000000000000000 ) ) ;
#7513 = VECTOR ( 'NONE', #8708, 1000.000000000000000 ) ;
#7514 = DIRECTION ( 'NONE',  ( -0.000000000000000000, -0.000000000000000000, -1.000000000000000000 ) ) ;
#7515 = AXIS2_PLACEMENT_3D ( 'NONE', #3839, #6610, #7322 ) ;
#7516 =( BOUNDED_CURVE ( )  B_SPLINE_CURVE ( 3, ( #1127, #3862, #1706, #3909 ),
 .UNSPECIFIED., .F., .F. ) 
 B_SPLINE_CURVE_WITH_KNOTS ( ( 4, 4 ),
 ( 4.712388980384688786, 6.283185307179586232 ),
 .UNSPECIFIED. ) 
 CURVE ( )  GEOMETRIC_REPRESENTATION_ITEM ( )  RATIONAL_B_SPLINE_CURVE ( ( 1.000000000000000000, 0.8047378541243648264, 0.8047378541243648264, 1.000000000000000000 ) ) 
 REPRESENTATION_ITEM ( '' )  );
#7517 = DIRECTION ( 'NONE',  ( -3.173724607192532497E-06, -0.9999999999949638063, 0.000000000000000000 ) ) ;
#7518 = EDGE_CURVE ( 'NONE', #8723, #2836, #1208, .T. ) ;
#7519 = ADVANCED_FACE ( 'NONE', ( #6883 ), #8194, .T. ) ;
#7520 = EDGE_LOOP ( 'NONE', ( #3410, #3830, #5876, #4602 ) ) ;
#7521 = ORIENTED_EDGE ( 'NONE', *, *, #8427, .F. ) ;
#7522 = DIRECTION ( 'NONE',  ( 0.000000000000000000, 0.000000000000000000, -1.000000000000000000 ) ) ;
#7523 = DIRECTION ( 'NONE',  ( 0.000000000000000000, 0.000000000000000000, -1.000000000000000000 ) ) ;
#7524 = VERTEX_POINT ( 'NONE', #5598 ) ;
#7525 = CARTESIAN_POINT ( 'NONE',  ( 24.83782773732522031, 4.377977066283346375, 2.500000000000000000 ) ) ;
#7526 = LINE ( 'NONE', #4811, #6505 ) ;
#7527 = CARTESIAN_POINT ( 'NONE',  ( -1.192265992043333389, 108.0992426146762284, -2.998419460000012471 ) ) ;
#7528 = CARTESIAN_POINT ( 'NONE',  ( 4.132803619999999789, 0.000000000000000000, 3.000000000000000000 ) ) ;
#7529 = ORIENTED_EDGE ( 'NONE', *, *, #5339, .T. ) ;
#7530 = VERTEX_POINT ( 'NONE', #8330 ) ;
#7531 = EDGE_CURVE ( 'NONE', #2986, #8771, #2002, .T. ) ;
#7532 = ORIENTED_EDGE ( 'NONE', *, *, #4791, .T. ) ;
#7533 = DIRECTION ( 'NONE',  ( 4.371138883525599113E-08, -0.9999999999999991118, 0.000000000000000000 ) ) ;
#7534 = DIRECTION ( 'NONE',  ( 1.192488469081709468E-08, -1.000000000000000000, 0.000000000000000000 ) ) ;
#7535 = LINE ( 'NONE', #2111, #5302 ) ;
#7536 = ORIENTED_EDGE ( 'NONE', *, *, #1653, .T. ) ;
#7537 = ORIENTED_EDGE ( 'NONE', *, *, #6601, .T. ) ;
#7538 = CARTESIAN_POINT ( 'NONE',  ( 32.96843581653472199, 34.88604867835258716, 2.500000000000002220 ) ) ;
#7539 = ORIENTED_EDGE ( 'NONE', *, *, #831, .T. ) ;
#7540 = EDGE_CURVE ( 'NONE', #8778, #4235, #4248, .T. ) ;
#7541 = ORIENTED_EDGE ( 'NONE', *, *, #5265, .T. ) ;
#7542 = CARTESIAN_POINT ( 'NONE',  ( 10.76479015296693476, -0.09999999999999939493, 0.000000000000000000 ) ) ;
#7543 = DIRECTION ( 'NONE',  ( 1.000000000000000000, -3.469446951953614189E-15, 0.000000000000000000 ) ) ;
#7544 = CARTESIAN_POINT ( 'NONE',  ( 31.46724094790923232, 45.17214886145440289, -3.998419459999999592 ) ) ;
#7545 = CARTESIAN_POINT ( 'NONE',  ( 30.46889616696900305, 30.92291483204325075, 1.000000000000000000 ) ) ;
#7546 = DIRECTION ( 'NONE',  ( -1.000000000000000000, -2.938827022224868799E-16, 0.000000000000000000 ) ) ;
#7547 = ORIENTED_EDGE ( 'NONE', *, *, #2756, .F. ) ;
#7548 = PLANE ( 'NONE',  #8378 ) ;
#7549 = ORIENTED_EDGE ( 'NONE', *, *, #8739, .T. ) ;
#7550 = DIRECTION ( 'NONE',  ( -0.0001161624401737789401, 0.9999999932531438152, 0.000000000000000000 ) ) ;
#7551 = CARTESIAN_POINT ( 'NONE',  ( 29.45992963128577458, 108.1124854235292645, 0.000000000000000000 ) ) ;
#7552 = CYLINDRICAL_SURFACE ( 'NONE', #924, 0.5000000000000004441 ) ;
#7553 = VECTOR ( 'NONE', #459, 999.9999999999998863 ) ;
#7554 = LINE ( 'NONE', #3621, #7755 ) ;
#7555 = VECTOR ( 'NONE', #6138, 1000.000000000000000 ) ;
#7556 = DIRECTION ( 'NONE',  ( -3.173724607192532074E-06, -0.9999999999949638063, 0.000000000000000000 ) ) ;
#7557 = EDGE_CURVE ( 'NONE', #7786, #1272, #839, .T. ) ;
#7558 = AXIS2_PLACEMENT_3D ( 'NONE', #7457, #3385, #2084 ) ;
#7559 = ORIENTED_EDGE ( 'NONE', *, *, #6559, .T. ) ;
#7560 = VECTOR ( 'NONE', #4378, 1000.000000000000000 ) ;
#7561 = EDGE_CURVE ( 'NONE', #7840, #6543, #7467, .T. ) ;
#7562 = VERTEX_POINT ( 'NONE', #2362 ) ;
#7563 = DIRECTION ( 'NONE',  ( -0.000000000000000000, -0.000000000000000000, -1.000000000000000000 ) ) ;
#7564 = FACE_OUTER_BOUND ( 'NONE', #3189, .T. ) ;
#7565 = EDGE_LOOP ( 'NONE', ( #7435, #6083, #2447, #4526 ) ) ;
#7566 = CARTESIAN_POINT ( 'NONE',  ( 10.76479015296693476, -0.5999999999999994227, 2.499999999999998668 ) ) ;
#7567 = DIRECTION ( 'NONE',  ( 0.000000000000000000, -1.000000000000000000, 0.000000000000000000 ) ) ;
#7568 = CIRCLE ( 'NONE', #4429, 0.5000000000000004441 ) ;
#7569 = DIRECTION ( 'NONE',  ( 0.9999999932531438152, 0.0001161624401731230520, 0.000000000000000000 ) ) ;
#7570 = AXIS2_PLACEMENT_3D ( 'NONE', #1623, #1577, #213 ) ;
#7571 = DIRECTION ( 'NONE',  ( -1.000000000000000000, -1.469843297447993147E-16, 0.000000000000000000 ) ) ;
#7572 = AXIS2_PLACEMENT_3D ( 'NONE', #3903, #2472, #1795 ) ;
#7573 = VERTEX_POINT ( 'NONE', #5771 ) ;
#7574 = VERTEX_POINT ( 'NONE', #8459 ) ;
#7575 = VECTOR ( 'NONE', #8202, 1000.000000000000000 ) ;
#7576 = EDGE_LOOP ( 'NONE', ( #5021, #2014, #7006, #3411, #7078, #5722, #3546, #4610 ) ) ;
#7577 = CARTESIAN_POINT ( 'NONE',  ( -0.6850345943869041720, 45.34681361558800461, 1.470000003373427955 ) ) ;
#7578 = CARTESIAN_POINT ( 'NONE',  ( 10.26478998223519845, 3.805886823174500222, 2.500000000000000000 ) ) ;
#7579 = DIRECTION ( 'NONE',  ( 0.9999999932531437041, 0.0001161624401737049704, -0.000000000000000000 ) ) ;
#7580 = EDGE_LOOP ( 'NONE', ( #7093, #4973, #8632, #7547 ) ) ;
#7581 = AXIS2_PLACEMENT_3D ( 'NONE', #5035, #6459, #244 ) ;
#7582 = EDGE_CURVE ( 'NONE', #8554, #8266, #3080, .T. ) ;
#7583 = EDGE_CURVE ( 'NONE', #5259, #6262, #7946, .T. ) ;
#7584 = ORIENTED_EDGE ( 'NONE', *, *, #312, .T. ) ;
#7585 = ORIENTED_EDGE ( 'NONE', *, *, #316, .F. ) ;
#7586 = AXIS2_PLACEMENT_3D ( 'NONE', #8552, #8638, #7201 ) ;
#7587 = ORIENTED_EDGE ( 'NONE', *, *, #7655, .F. ) ;
#7588 = DIRECTION ( 'NONE',  ( -3.469446951953614189E-15, -1.000000000000000000, 0.000000000000000000 ) ) ;
#7589 = CARTESIAN_POINT ( 'NONE',  ( 21.05780361999999428, 62.25000098000001003, 3.000000000000000000 ) ) ;
#7590 = VECTOR ( 'NONE', #8499, 1000.000000000000000 ) ;
#7591 = DIRECTION ( 'NONE',  ( -0.9999999932531434821, -0.0001161624429838522404, 0.000000000000000000 ) ) ;
#7592 = CARTESIAN_POINT ( 'NONE',  ( 24.50780361999600743, 4.833175789103660096E-15, 3.000000000000000000 ) ) ;
#7593 = CIRCLE ( 'NONE', #8321, 0.5000000000000004441 ) ;
#7594 = ADVANCED_FACE ( 'NONE', ( #6302 ), #4471, .T. ) ;
#7595 = EDGE_CURVE ( 'NONE', #6881, #7669, #2904, .T. ) ;
#7596 = VERTEX_POINT ( 'NONE', #3665 ) ;
#7597 = VECTOR ( 'NONE', #514, 1000.000000000000000 ) ;
#7598 = DIRECTION ( 'NONE',  ( 7.372574772901430151E-15, -1.000000000000000000, 0.000000000000000000 ) ) ;
#7599 = DIRECTION ( 'NONE',  ( 0.9999999932531434821, 0.0001161624429837051277, -0.000000000000000000 ) ) ;
#7600 = DIRECTION ( 'NONE',  ( 1.000000000000000000, 0.000000000000000000, 0.000000000000000000 ) ) ;
#7601 = FACE_OUTER_BOUND ( 'NONE', #5321, .T. ) ;
#7602 = AXIS2_PLACEMENT_3D ( 'NONE', #2948, #3489, #5685 ) ;
#7603 = CARTESIAN_POINT ( 'NONE',  ( 2.316504549380645095, 33.09706199999999399, 2.000000000000001776 ) ) ;
#7604 = VECTOR ( 'NONE', #5788, 1000.000000000000000 ) ;
#7605 = DIRECTION ( 'NONE',  ( 0.000000000000000000, 0.000000000000000000, -1.000000000000000000 ) ) ;
#7606 = AXIS2_PLACEMENT_3D ( 'NONE', #573, #5285, #2722 ) ;
#7607 = ADVANCED_FACE ( 'NONE', ( #261 ), #2315, .T. ) ;
#7608 = ORIENTED_EDGE ( 'NONE', *, *, #5635, .F. ) ;
#7609 = AXIS2_PLACEMENT_3D ( 'NONE', #1381, #625, #1336 ) ;
#7610 = CARTESIAN_POINT ( 'NONE',  ( 25.92460367457708514, 30.48645750874694471, 3.495945790647640106 ) ) ;
#7611 = CARTESIAN_POINT ( 'NONE',  ( 4.632803619999999789, 29.55000098000000008, 1.500000000000000000 ) ) ;
#7612 = VERTEX_POINT ( 'NONE', #7052 ) ;
#7613 = FACE_OUTER_BOUND ( 'NONE', #8493, .T. ) ;
#7614 = CARTESIAN_POINT ( 'NONE',  ( -0.6813463777081392170, 14.09630493873912727, -1.496672395567841588E-19 ) ) ;
#7615 = CARTESIAN_POINT ( 'NONE',  ( 24.83782773732521676, 4.377977066283346375, 2.499999999999998668 ) ) ;
#7616 = FACE_OUTER_BOUND ( 'NONE', #7171, .T. ) ;
#7617 = AXIS2_PLACEMENT_3D ( 'NONE', #3386, #617, #6116 ) ;
#7618 = ORIENTED_EDGE ( 'NONE', *, *, #6353, .T. ) ;
#7619 = VERTEX_POINT ( 'NONE', #1732 ) ;
#7620 = AXIS2_PLACEMENT_3D ( 'NONE', #3758, #5818, #5736 ) ;
#7621 = ORIENTED_EDGE ( 'NONE', *, *, #2373, .T. ) ;
#7622 = DIRECTION ( 'NONE',  ( 1.192488117318335156E-08, -1.000000000000000000, 0.000000000000000000 ) ) ;
#7623 = CARTESIAN_POINT ( 'NONE',  ( 19.74645813253380311, 0.9000000000000002442, 1.000000000000000888 ) ) ;
#7624 = FACE_OUTER_BOUND ( 'NONE', #3613, .T. ) ;
#7625 = VERTEX_POINT ( 'NONE', #4969 ) ;
#7626 = EDGE_CURVE ( 'NONE', #5493, #5817, #6368, .T. ) ;
#7627 = TOROIDAL_SURFACE ( 'NONE', #7191, 1.000000000000000000, 0.5000000000000000000 ) ;
#7628 = ORIENTED_EDGE ( 'NONE', *, *, #1608, .F. ) ;
#7629 = DIRECTION ( 'NONE',  ( 0.000000000000000000, -1.000000000000000000, 0.000000000000000000 ) ) ;
#7630 = VERTEX_POINT ( 'NONE', #6345 ) ;
#7631 = ORIENTED_EDGE ( 'NONE', *, *, #8822, .F. ) ;
#7632 = CARTESIAN_POINT ( 'NONE',  ( 2.806775098798322876, 110.0997070345843980, -3.998419459999999592 ) ) ;
#7633 = CARTESIAN_POINT ( 'NONE',  ( 25.33782777283724386, 1.400000000000000133, 1.000000000000000888 ) ) ;
#7634 = CYLINDRICAL_SURFACE ( 'NONE', #108, 0.5000000000000004441 ) ;
#7635 = CARTESIAN_POINT ( 'NONE',  ( 10.05780362000000139, 48.25000098000001003, 1.500000000000000000 ) ) ;
#7636 = CARTESIAN_POINT ( 'NONE',  ( 8.632803620000000677, 74.15143637488998252, 3.000000000000000000 ) ) ;
#7637 = ORIENTED_EDGE ( 'NONE', *, *, #8648, .T. ) ;
#7638 = CARTESIAN_POINT ( 'NONE',  ( 21.46091302770999931, 96.42773413321998532, 2.500000000000000000 ) ) ;
#7639 = VECTOR ( 'NONE', #6693, 999.9999999999998863 ) ;
#7640 = VECTOR ( 'NONE', #149, 999.9999999999998863 ) ;
#7641 = VERTEX_POINT ( 'NONE', #5642 ) ;
#7642 = DIRECTION ( 'NONE',  ( -0.000000000000000000, -0.000000000000000000, -1.000000000000000000 ) ) ;
#7643 = DIRECTION ( 'NONE',  ( -0.000000000000000000, 1.000000000000000000, 0.000000000000000000 ) ) ;
#7644 = EDGE_CURVE ( 'NONE', #4334, #2482, #3075, .T. ) ;
#7645 = DIRECTION ( 'NONE',  ( 0.0001161624429838024349, -0.9999999932531434821, 0.000000000000000000 ) ) ;
#7646 = DIRECTION ( 'NONE',  ( -0.0001161624401733476580, 0.9999999932531437041, 0.000000000000000000 ) ) ;
#7647 = AXIS2_PLACEMENT_3D ( 'NONE', #7508, #5866, #2470 ) ;
#7648 = VECTOR ( 'NONE', #1827, 1000.000000000000000 ) ;
#7649 = EDGE_LOOP ( 'NONE', ( #7621, #1455, #5893, #248 ) ) ;
#7650 = CIRCLE ( 'NONE', #2215, 0.5000000000000004441 ) ;
#7651 = VECTOR ( 'NONE', #6649, 1000.000000000000000 ) ;
#7652 = CARTESIAN_POINT ( 'NONE',  ( -0.1812882998600756912, 13.59636302333404601, -2.998419460000012471 ) ) ;
#7653 = DIRECTION ( 'NONE',  ( -8.742277843744316775E-08, 0.9999999999999961142, 0.000000000000000000 ) ) ;
#7654 = DIRECTION ( 'NONE',  ( -0.000000000000000000, -0.000000000000000000, -1.000000000000000000 ) ) ;
#7655 = EDGE_CURVE ( 'NONE', #1914, #5273, #8370, .T. ) ;
#7656 = ADVANCED_FACE ( 'NONE', ( #307 ), #4382, .T. ) ;
#7657 = FACE_OUTER_BOUND ( 'NONE', #2769, .T. ) ;
#7658 = EDGE_CURVE ( 'NONE', #6657, #5132, #7096, .T. ) ;
#7659 = CARTESIAN_POINT ( 'NONE',  ( 29.97226752947931061, 1.900058081220087125, 1.000000000000000000 ) ) ;
#7660 = DIRECTION ( 'NONE',  ( 0.000000000000000000, 0.000000000000000000, 1.000000000000000000 ) ) ;
#7661 = AXIS2_PLACEMENT_3D ( 'NONE', #2886, #6954, #2837 ) ;
#7662 = ORIENTED_EDGE ( 'NONE', *, *, #7087, .T. ) ;
#7663 = PLANE ( 'NONE',  #7425 ) ;
#7664 = ORIENTED_EDGE ( 'NONE', *, *, #6281, .T. ) ;
#7665 = CARTESIAN_POINT ( 'NONE',  ( -1.192266019030759683, 108.0997072644481563, 2.500000000000002220 ) ) ;
#7666 = CARTESIAN_POINT ( 'NONE',  ( 0.000000000000000000, -0.5999999999999989786, 2.500000000000000000 ) ) ;
#7667 = DIRECTION ( 'NONE',  ( -0.000000000000000000, -0.000000000000000000, -1.000000000000000000 ) ) ;
#7668 = ORIENTED_EDGE ( 'NONE', *, *, #3911, .T. ) ;
#7669 = VERTEX_POINT ( 'NONE', #1680 ) ;
#7670 = CARTESIAN_POINT ( 'NONE',  ( 0.000000000000000000, 0.000000000000000000, 0.000000000000000000 ) ) ;
#7671 = EDGE_LOOP ( 'NONE', ( #6129, #4500, #2442, #7086 ) ) ;
#7672 = ORIENTED_EDGE ( 'NONE', *, *, #7819, .F. ) ;
#7673 = EDGE_CURVE ( 'NONE', #1096, #6452, #5058, .T. ) ;
#7674 = PLANE ( 'NONE',  #5152 ) ;
#7675 = EDGE_CURVE ( 'NONE', #870, #2840, #5814, .T. ) ;
#7676 = DIRECTION ( 'NONE',  ( 0.000000000000000000, 0.000000000000000000, 1.000000000000000000 ) ) ;
#7677 = CARTESIAN_POINT ( 'NONE',  ( 2.807733980969242094, 108.0997072644481563, -3.998419459999999592 ) ) ;
#7678 = DIRECTION ( 'NONE',  ( -0.000000000000000000, 0.000000000000000000, 1.000000000000000000 ) ) ;
#7679 = CARTESIAN_POINT ( 'NONE',  ( 2.806775098798322876, 110.0997070345843980, 0.000000000000000000 ) ) ;
#7680 = ORIENTED_EDGE ( 'NONE', *, *, #7337, .F. ) ;
#7681 = FACE_OUTER_BOUND ( 'NONE', #6189, .T. ) ;
#7682 = VERTEX_POINT ( 'NONE', #3031 ) ;
#7683 = DIRECTION ( 'NONE',  ( -1.000000000000000000, 0.000000000000000000, 0.000000000000000000 ) ) ;
#7684 = DIRECTION ( 'NONE',  ( 1.192488072742265620E-08, -0.9999999999999998890, 0.000000000000000000 ) ) ;
#7685 = DIRECTION ( 'NONE',  ( 6.311429343820460109E-43, -5.433278725136842152E-39, 1.000000000000000000 ) ) ;
#7686 = FACE_OUTER_BOUND ( 'NONE', #4533, .T. ) ;
#7687 = DIRECTION ( 'NONE',  ( 1.156482317317871725E-16, -1.000000000000000000, -0.000000000000000000 ) ) ;
#7688 = EDGE_CURVE ( 'NONE', #5256, #420, #8515, .T. ) ;
#7689 = VERTEX_POINT ( 'NONE', #8543 ) ;
#7690 = EDGE_CURVE ( 'NONE', #5199, #33, #2403, .T. ) ;
#7691 = CIRCLE ( 'NONE', #3841, 0.5000000000000004441 ) ;
#7692 = CARTESIAN_POINT ( 'NONE',  ( 30.46728117875353448, 44.82575814487150012, 3.000000000000000000 ) ) ;
#7693 = CARTESIAN_POINT ( 'NONE',  ( 5.607803620000000322, 110.1010499628933417, 0.000000000000000000 ) ) ;
#7694 = CARTESIAN_POINT ( 'NONE',  ( 25.63948507578686176, 55.29259612262322321, 1.500000000000001332 ) ) ;
#7695 = PLANE ( 'NONE',  #1975 ) ;
#7696 = FACE_OUTER_BOUND ( 'NONE', #5131, .T. ) ;
#7697 = CARTESIAN_POINT ( 'NONE',  ( 10.05780361999999961, 62.25000098000001003, 3.000000000000000000 ) ) ;
#7698 = VECTOR ( 'NONE', #3139, 999.9999999999998863 ) ;
#7699 = ADVANCED_FACE ( 'NONE', ( #5150 ), #8411, .F. ) ;
#7700 = TOROIDAL_SURFACE ( 'NONE', #5997, 1.000000000000000000, 0.5000000000000000000 ) ;
#7701 = EDGE_CURVE ( 'NONE', #7758, #8057, #5281, .T. ) ;
#7702 = VERTEX_POINT ( 'NONE', #8039 ) ;
#7703 = DIRECTION ( 'NONE',  ( -1.000000000000000000, 0.000000000000000000, 0.000000000000000000 ) ) ;
#7704 = CARTESIAN_POINT ( 'NONE',  ( 22.67155509649686707, 9.910051128352382599E-07, 2.500000000000000000 ) ) ;
#7705 = AXIS2_PLACEMENT_3D ( 'NONE', #8085, #3713, #570 ) ;
#7706 = AXIS2_PLACEMENT_3D ( 'NONE', #7542, #5454, #1409 ) ;
#7707 = EDGE_CURVE ( 'NONE', #1316, #7972, #3800, .T. ) ;
#7708 = ORIENTED_EDGE ( 'NONE', *, *, #8172, .F. ) ;
#7709 = DIRECTION ( 'NONE',  ( 0.000000000000000000, 0.000000000000000000, 1.000000000000000000 ) ) ;
#7710 = CARTESIAN_POINT ( 'NONE',  ( 24.83782774328765797, 3.877977066283346819, 1.500000000000001332 ) ) ;
#7711 = AXIS2_PLACEMENT_3D ( 'NONE', #409, #5300, #8602 ) ;
#7712 = CARTESIAN_POINT ( 'NONE',  ( 9.207803620000030165, 2.706014209379605860E-15, 0.000000000000000000 ) ) ;
#7713 = VERTEX_POINT ( 'NONE', #439 ) ;
#7714 = AXIS2_PLACEMENT_3D ( 'NONE', #4544, #2390, #4634 ) ;
#7716 = ADVANCED_FACE ( 'NONE', ( #5370 ), #7995, .T. ) ;
#7715 = ORIENTED_EDGE ( 'NONE', *, *, #3088, .T. ) ;
#7717 = DIRECTION ( 'NONE',  ( 1.000000000000000000, 0.000000000000000000, 0.000000000000000000 ) ) ;
#7718 = EDGE_LOOP ( 'NONE', ( #5636, #4784, #3318, #299, #5583 ) ) ;
#7719 = VERTEX_POINT ( 'NONE', #3165 ) ;
#7720 = CARTESIAN_POINT ( 'NONE',  ( 16.90784089497277520, 44.32418304381669572, 1.319999999999899920 ) ) ;
#7721 = CARTESIAN_POINT ( 'NONE',  ( 10.76478996037950608, 4.305886845030193477, 1.500000000000000000 ) ) ;
#7722 = CARTESIAN_POINT ( 'NONE',  ( 0.8077339809692408723, 108.0997072644481563, -3.998419459999999592 ) ) ;
#7723 = DIRECTION ( 'NONE',  ( 0.000000000000000000, 1.000000000000000000, -0.000000000000000000 ) ) ;
#7724 = CARTESIAN_POINT ( 'NONE',  ( 31.45992961779206354, 108.1127177484095938, 0.000000000000000000 ) ) ;
#7725 = VECTOR ( 'NONE', #1741, 1000.000000000000000 ) ;
#7726 = EDGE_CURVE ( 'NONE', #258, #6901, #5944, .T. ) ;
#7727 = EDGE_LOOP ( 'NONE', ( #7849, #5171, #2543, #8201 ) ) ;
#7728 = CARTESIAN_POINT ( 'NONE',  ( 29.47226753285274015, 1.900000000000000133, 1.000000000000000888 ) ) ;
#7729 = ORIENTED_EDGE ( 'NONE', *, *, #6655, .F. ) ;
#7730 = CIRCLE ( 'NONE', #3004, 0.5000000000000019984 ) ;
#7731 = CARTESIAN_POINT ( 'NONE',  ( 0.000000000000000000, 7.050000979999999196, 1.500000000000000000 ) ) ;
#7732 = ORIENTED_EDGE ( 'NONE', *, *, #7198, .T. ) ;
#7733 = DIRECTION ( 'NONE',  ( -0.000000000000000000, 1.000000000000000000, -0.000000000000000000 ) ) ;
#7734 = LINE ( 'NONE', #1590, #6583 ) ;
#7735 = DIRECTION ( 'NONE',  ( 1.000000000000000000, 0.000000000000000000, 0.000000000000000000 ) ) ;
#7736 = CARTESIAN_POINT ( 'NONE',  ( 29.45992963128577458, 108.1124854235292645, 0.000000000000000000 ) ) ;
#7737 = FACE_OUTER_BOUND ( 'NONE', #660, .T. ) ;
#7738 = ADVANCED_FACE ( 'NONE', ( #4605 ), #2216, .T. ) ;
#7739 = ORIENTED_EDGE ( 'NONE', *, *, #1401, .T. ) ;
#7740 = CARTESIAN_POINT ( 'NONE',  ( 2.807254539883782485, 109.0997071495162771, 117.8988879368424563 ) ) ;
#7741 = CARTESIAN_POINT ( 'NONE',  ( -1.180794602744076327, 9.346247006113745925, -1.598418713067616848 ) ) ;
#7742 = AXIS2_PLACEMENT_3D ( 'NONE', #6065, #1809, #5313 ) ;
#7743 = CARTESIAN_POINT ( 'NONE',  ( 30.46883808238525404, 31.42291474461031342, 3.000000000000002665 ) ) ;
#7744 = LINE ( 'NONE', #5693, #2592 ) ;
#7745 = CARTESIAN_POINT ( 'NONE',  ( 30.46883808238525404, 31.42291474461031342, 1.000058081220097872 ) ) ;
#7746 =( BOUNDED_CURVE ( )  B_SPLINE_CURVE ( 3, ( #8813, #1120, #7463, #2684 ),
 .UNSPECIFIED., .F., .T. ) 
 B_SPLINE_CURVE_WITH_KNOTS ( ( 4, 4 ),
 ( 3.141592653589850404, 4.712388980384662140 ),
 .UNSPECIFIED. ) 
 CURVE ( )  GEOMETRIC_REPRESENTATION_ITEM ( )  RATIONAL_B_SPLINE_CURVE ( ( 1.000000000000000000, 0.8047378541243850325, 0.8047378541243850325, 1.000000000000000000 ) ) 
 REPRESENTATION_ITEM ( '' )  );
#7747 = VECTOR ( 'NONE', #8348, 1000.000000000000000 ) ;
#7748 = ORIENTED_EDGE ( 'NONE', *, *, #3234, .T. ) ;
#7749 = LINE ( 'NONE', #651, #1994 ) ;
#7750 = CARTESIAN_POINT ( 'NONE',  ( 10.26478998223519845, 3.805886823174500222, 1.500000000000000000 ) ) ;
#7751 = ORIENTED_EDGE ( 'NONE', *, *, #8385, .F. ) ;
#7752 = DIRECTION ( 'NONE',  ( -1.000000000000000000, 0.000000000000000000, 0.000000000000000000 ) ) ;
#7753 = LINE ( 'NONE', #1754, #1173 ) ;
#7754 = EDGE_CURVE ( 'NONE', #3172, #5734, #7223, .T. ) ;
#7755 = VECTOR ( 'NONE', #142, 1000.000000000000000 ) ;
#7756 = DIRECTION ( 'NONE',  ( 1.000000000000000000, 3.576220230030157874E-16, -0.000000000000000000 ) ) ;
#7757 = EDGE_CURVE ( 'NONE', #1982, #8611, #394, .T. ) ;
#7758 = VERTEX_POINT ( 'NONE', #1151 ) ;
#7759 = ORIENTED_EDGE ( 'NONE', *, *, #5606, .F. ) ;
#7760 = ORIENTED_EDGE ( 'NONE', *, *, #5853, .F. ) ;
#7761 = VECTOR ( 'NONE', #441, 1000.000000000000000 ) ;
#7762 = EDGE_LOOP ( 'NONE', ( #7991, #7343, #5318, #1892 ) ) ;
#7763 = ORIENTED_EDGE ( 'NONE', *, *, #992, .F. ) ;
#7764 = LINE ( 'NONE', #6416, #5572 ) ;
#7765 = CARTESIAN_POINT ( 'NONE',  ( 0.8077339944629552404, 108.0994749395621994, 0.000000000000000000 ) ) ;
#7766 = DIRECTION ( 'NONE',  ( 0.9999999932531434821, 0.0001161624429837051277, 0.000000000000000000 ) ) ;
#7767 = EDGE_CURVE ( 'NONE', #1209, #610, #6801, .T. ) ;
#7768 = CARTESIAN_POINT ( 'NONE',  ( 5.132803619999998901, 7.050000979999999196, 3.000000000000000000 ) ) ;
#7769 = ORIENTED_EDGE ( 'NONE', *, *, #3180, .F. ) ;
#7770 = EDGE_CURVE ( 'NONE', #6571, #5199, #480, .T. ) ;
#7771 = VECTOR ( 'NONE', #7900, 1000.000000000000000 ) ;
#7772 = ORIENTED_EDGE ( 'NONE', *, *, #2295, .F. ) ;
#7773 = DIRECTION ( 'NONE',  ( -0.0001161624429838521320, 0.9999999932531434821, 0.000000000000000000 ) ) ;
#7774 = ORIENTED_EDGE ( 'NONE', *, *, #4794, .T. ) ;
#7775 = DIRECTION ( 'NONE',  ( 1.000000000000000000, 0.000000000000000000, 0.000000000000000000 ) ) ;
#7776 = ORIENTED_EDGE ( 'NONE', *, *, #891, .F. ) ;
#7777 = CARTESIAN_POINT ( 'NONE',  ( 29.96883808238525404, 31.42291474461031342, 3.000000000000002665 ) ) ;
#7778 = AXIS2_PLACEMENT_3D ( 'NONE', #147, #5605, #3960 ) ;
#7779 = DIRECTION ( 'NONE',  ( 0.000000000000000000, 0.000000000000000000, -1.000000000000000000 ) ) ;
#7780 = EDGE_CURVE ( 'NONE', #7439, #7596, #4651, .T. ) ;
#7781 = DIRECTION ( 'NONE',  ( 1.000000000000000000, 0.000000000000000000, -0.000000000000000000 ) ) ;
#7782 = DIRECTION ( 'NONE',  ( 1.000000000000000000, 0.000000000000000000, 0.000000000000000000 ) ) ;
#7783 = AXIS2_PLACEMENT_3D ( 'NONE', #4149, #6204, #6244 ) ;
#7784 = AXIS2_PLACEMENT_3D ( 'NONE', #6094, #7430, #8781 ) ;
#7785 = ORIENTED_EDGE ( 'NONE', *, *, #193, .T. ) ;
#7786 = VERTEX_POINT ( 'NONE', #5897 ) ;
#7787 = LINE ( 'NONE', #7196, #7188 ) ;
#7788 = DIRECTION ( 'NONE',  ( 0.000000000000000000, -0.000000000000000000, -1.000000000000000000 ) ) ;
#7789 = CARTESIAN_POINT ( 'NONE',  ( 21.05780361999999428, 63.25000098000001003, 3.000000000000000000 ) ) ;
#7790 = EDGE_CURVE ( 'NONE', #7530, #1771, #5985, .T. ) ;
#7791 = CARTESIAN_POINT ( 'NONE',  ( 29.45992963128577458, 108.1124854235292645, 0.9999999999999731326 ) ) ;
#7792 = EDGE_CURVE ( 'NONE', #6698, #3114, #8713, .T. ) ;
#7793 = CARTESIAN_POINT ( 'NONE',  ( 21.05780361999999428, 62.25000098000001003, 1.500000000000000000 ) ) ;
#7794 = LINE ( 'NONE', #978, #5709 ) ;
#7795 = AXIS2_PLACEMENT_3D ( 'NONE', #1770, #347, #7265 ) ;
#7796 = ORIENTED_EDGE ( 'NONE', *, *, #5037, .T. ) ;
#7797 = CARTESIAN_POINT ( 'NONE',  ( 0.9560763199999999795, 2.009813100000000130, 0.000000000000000000 ) ) ;
#7798 = DIRECTION ( 'NONE',  ( 1.000000000000000000, 0.000000000000000000, 0.000000000000000000 ) ) ;
#7799 = ORIENTED_EDGE ( 'NONE', *, *, #5604, .F. ) ;
#7800 = DIRECTION ( 'NONE',  ( 1.000000000000000000, 0.000000000000000000, 0.000000000000000000 ) ) ;
#7801 = CARTESIAN_POINT ( 'NONE',  ( 25.50780361999599677, 48.01559589207970902, 3.000000000000000000 ) ) ;
#7802 = AXIS2_PLACEMENT_3D ( 'NONE', #8267, #786, #3423 ) ;
#7803 = VERTEX_POINT ( 'NONE', #5327 ) ;
#7804 = AXIS2_PLACEMENT_3D ( 'NONE', #1323, #4068, #8808 ) ;
#7805 = ORIENTED_EDGE ( 'NONE', *, *, #3801, .T. ) ;
#7806 = EDGE_CURVE ( 'NONE', #5273, #5112, #2058, .T. ) ;
#7807 = ORIENTED_EDGE ( 'NONE', *, *, #4904, .T. ) ;
#7808 = ORIENTED_EDGE ( 'NONE', *, *, #218, .F. ) ;
#7809 = EDGE_CURVE ( 'NONE', #5273, #5256, #3976, .T. ) ;
#7810 = PLANE ( 'NONE',  #5718 ) ;
#7811 = CARTESIAN_POINT ( 'NONE',  ( 32.46733924647990932, 44.32599047312528029, 3.000000000000000000 ) ) ;
#7812 = DIRECTION ( 'NONE',  ( 0.000000000000000000, -1.000000000000000000, -2.822213383130154091E-09 ) ) ;
#7813 = DIRECTION ( 'NONE',  ( 0.9999999932531434821, 0.0001161624429837051277, 0.000000000000000000 ) ) ;
#7814 = ORIENTED_EDGE ( 'NONE', *, *, #3102, .T. ) ;
#7815 = ADVANCED_FACE ( 'NONE', ( #567 ), #8764, .T. ) ;
#7816 = ORIENTED_EDGE ( 'NONE', *, *, #6477, .T. ) ;
#7817 = DIRECTION ( 'NONE',  ( -0.000000000000000000, -0.000000000000000000, -1.000000000000000000 ) ) ;
#7818 = ORIENTED_EDGE ( 'NONE', *, *, #1345, .F. ) ;
#7819 = EDGE_CURVE ( 'NONE', #5361, #1452, #7408, .T. ) ;
#7820 = LINE ( 'NONE', #6520, #3704 ) ;
#7821 = ORIENTED_EDGE ( 'NONE', *, *, #4983, .T. ) ;
#7822 = CARTESIAN_POINT ( 'NONE',  ( 19.35780361999999855, 109.1076421636441864, 117.8988879368424563 ) ) ;
#7823 = DIRECTION ( 'NONE',  ( 1.000000000000000000, 0.000000000000000000, -0.000000000000000000 ) ) ;
#7824 = CARTESIAN_POINT ( 'NONE',  ( 33.47952184677593124, 58.27238263990292921, -1.599999999999997202 ) ) ;
#7825 = CARTESIAN_POINT ( 'NONE',  ( 25.33782774328766152, 3.877977072245787138, 1.500000000000001332 ) ) ;
#7826 = ORIENTED_EDGE ( 'NONE', *, *, #4488, .T. ) ;
#7827 = VERTEX_POINT ( 'NONE', #7915 ) ;
#7828 = EDGE_CURVE ( 'NONE', #6519, #2836, #1109, .T. ) ;
#7829 = CARTESIAN_POINT ( 'NONE',  ( 24.13280361999999712, 74.15143637488998252, 3.000000000000000000 ) ) ;
#7830 = CARTESIAN_POINT ( 'NONE',  ( 22.67155509649686707, 9.910051128352382599E-07, -19.25780817680636048 ) ) ;
#7831 = LINE ( 'NONE', #3760, #8222 ) ;
#7832 = DIRECTION ( 'NONE',  ( 1.000000000000000000, 0.000000000000000000, 0.000000000000000000 ) ) ;
#7833 = CARTESIAN_POINT ( 'NONE',  ( 9.057803620000001388, 48.25000098000001003, 3.500000000000000000 ) ) ;
#7834 = EDGE_CURVE ( 'NONE', #8706, #4469, #5366, .T. ) ;
#7835 = ADVANCED_FACE ( 'NONE', ( #7502 ), #5410, .F. ) ;
#7836 = EDGE_CURVE ( 'NONE', #7365, #211, #1057, .T. ) ;
#7837 = VERTEX_POINT ( 'NONE', #3341 ) ;
#7838 = CYLINDRICAL_SURFACE ( 'NONE', #7572, 0.5000000000000000000 ) ;
#7839 = FACE_OUTER_BOUND ( 'NONE', #6646, .T. ) ;
#7840 = VERTEX_POINT ( 'NONE', #4875 ) ;
#7841 = LINE ( 'NONE', #8558, #5566 ) ;
#7842 = LINE ( 'NONE', #1704, #3743 ) ;
#7843 = AXIS2_PLACEMENT_3D ( 'NONE', #720, #2015, #1344 ) ;
#7844 = DIRECTION ( 'NONE',  ( -1.000000000000000000, 0.000000000000000000, 0.000000000000000000 ) ) ;
#7845 = ORIENTED_EDGE ( 'NONE', *, *, #1348, .T. ) ;
#7846 = EDGE_CURVE ( 'NONE', #4223, #2008, #4921, .T. ) ;
#7847 = ORIENTED_EDGE ( 'NONE', *, *, #7173, .F. ) ;
#7848 = VECTOR ( 'NONE', #4110, 1000.000000000000227 ) ;
#7849 = ORIENTED_EDGE ( 'NONE', *, *, #8432, .T. ) ;
#7850 = ORIENTED_EDGE ( 'NONE', *, *, #4060, .T. ) ;
#7851 = DIRECTION ( 'NONE',  ( 0.000000000000000000, 0.000000000000000000, 1.000000000000000000 ) ) ;
#7852 = AXIS2_PLACEMENT_3D ( 'NONE', #5011, #7865, #7184 ) ;
#7853 = ORIENTED_EDGE ( 'NONE', *, *, #7111, .F. ) ;
#7854 = CARTESIAN_POINT ( 'NONE',  ( 8.707563899457269940, 110.6025361729631555, 2.500000000000000000 ) ) ;
#7855 = CARTESIAN_POINT ( 'NONE',  ( 29.47226753285274015, 1.900000000000000133, 117.8988879368424563 ) ) ;
#7856 = CARTESIAN_POINT ( 'NONE',  ( 0.8187697746145593536, 13.09647918915046105, -2.098419372125607030 ) ) ;
#7857 = DIRECTION ( 'NONE',  ( 1.000000000000000000, 0.000000000000000000, 0.000000000000000000 ) ) ;
#7858 = EDGE_LOOP ( 'NONE', ( #6019, #4039, #7248, #6726 ) ) ;
#7859 = AXIS2_PLACEMENT_3D ( 'NONE', #5443, #7533, #8793 ) ;
#7860 = ADVANCED_FACE ( 'NONE', ( #6743 ), #2804, .T. ) ;
#7861 = CIRCLE ( 'NONE', #3853, 0.5000000000000004441 ) ;
#7862 = VERTEX_POINT ( 'NONE', #8183 ) ;
#7863 = DIRECTION ( 'NONE',  ( 0.0001161624401737789401, -0.9999999932531438152, 0.000000000000000000 ) ) ;
#7864 = ORIENTED_EDGE ( 'NONE', *, *, #6829, .T. ) ;
#7865 = DIRECTION ( 'NONE',  ( -2.309088861408834200E-06, -0.9999999999973341325, 0.000000000000000000 ) ) ;
#7866 = ORIENTED_EDGE ( 'NONE', *, *, #403, .T. ) ;
#7867 = CARTESIAN_POINT ( 'NONE',  ( 27.13280362000000068, 7.550000979999999196, 3.000000000000000000 ) ) ;
#7868 = DIRECTION ( 'NONE',  ( 0.000000000000000000, 0.000000000000000000, 1.000000000000000000 ) ) ;
#7869 = CARTESIAN_POINT ( 'NONE',  ( 8.707803619999998190, 110.1025362304291093, 0.000000000000000000 ) ) ;
#7870 = DIRECTION ( 'NONE',  ( -1.000000000000000000, -0.000000000000000000, 0.000000000000000000 ) ) ;
#7871 = ADVANCED_FACE ( 'NONE', ( #2717 ), #5545, .F. ) ;
#7872 = CARTESIAN_POINT ( 'NONE',  ( 32.96728116188639746, 44.82604855097194019, 2.500000000000002220 ) ) ;
#7873 = EDGE_CURVE ( 'NONE', #1283, #3026, #8786, .T. ) ;
#7874 = VERTEX_POINT ( 'NONE', #7544 ) ;
#7875 = VERTEX_POINT ( 'NONE', #6077 ) ;
#7876 = CARTESIAN_POINT ( 'NONE',  ( 8.132803620000000677, 65.45000098000001287, 3.000000000000000000 ) ) ;
#7877 = PLANE ( 'NONE',  #6436 ) ;
#7878 = DIRECTION ( 'NONE',  ( 1.000000000000000000, 0.000000000000000000, 0.000000000000000000 ) ) ;
#7879 = AXIS2_PLACEMENT_3D ( 'NONE', #8828, #5434, #4047 ) ;
#7880 = CARTESIAN_POINT ( 'NONE',  ( 29.47226753285274015, 1.900000000000000133, 3.500000000000000000 ) ) ;
#7881 = VECTOR ( 'NONE', #7994, 1000.000000000000000 ) ;
#7882 = CARTESIAN_POINT ( 'NONE',  ( 21.96091302770999931, 90.90681127924001714, 1.500000000000001332 ) ) ;
#7883 = EDGE_CURVE ( 'NONE', #7786, #8442, #2039, .T. ) ;
#7884 = AXIS2_PLACEMENT_3D ( 'NONE', #2511, #3127, #2412 ) ;
#7885 = VECTOR ( 'NONE', #4407, 1000.000000000000000 ) ;
#7886 = VERTEX_POINT ( 'NONE', #3478 ) ;
#7887 = DIRECTION ( 'NONE',  ( -0.0001161624429838024213, 0.9999999932531432600, 0.000000000000000000 ) ) ;
#7888 = DIRECTION ( 'NONE',  ( -0.9999999999973340215, 2.309088861408834200E-06, 0.000000000000000000 ) ) ;
#7889 = ORIENTED_EDGE ( 'NONE', *, *, #1816, .F. ) ;
#7890 = CARTESIAN_POINT ( 'NONE',  ( 0.8202910825731496436, 9.528701675242542642E-05, -1.898419459999999948 ) ) ;
#7891 = DIRECTION ( 'NONE',  ( 1.000000000000000000, 0.000000000000000000, -0.000000000000000000 ) ) ;
#7892 = AXIS2_PLACEMENT_3D ( 'NONE', #7055, #109, #3667 ) ;
#7893 = CARTESIAN_POINT ( 'NONE',  ( -0.000000000000000000, 104.7000009799999987, 2.500000000000000000 ) ) ;
#7894 = ORIENTED_EDGE ( 'NONE', *, *, #3432, .F. ) ;
#7895 = VECTOR ( 'NONE', #8144, 1000.000000000000000 ) ;
#7896 = ADVANCED_FACE ( 'NONE', ( #1990 ), #793, .F. ) ;
#7897 = ORIENTED_EDGE ( 'NONE', *, *, #855, .T. ) ;
#7898 = VERTEX_POINT ( 'NONE', #5500 ) ;
#7899 = VECTOR ( 'NONE', #3115, 1000.000000000000000 ) ;
#7900 = DIRECTION ( 'NONE',  ( 0.000000000000000000, 0.000000000000000000, 1.000000000000000000 ) ) ;
#7901 = CIRCLE ( 'NONE', #4769, 0.5000000000000004441 ) ;
#7902 = VERTEX_POINT ( 'NONE', #4790 ) ;
#7903 = CARTESIAN_POINT ( 'NONE',  ( 31.47017662241313829, 19.89999996626572099, -2.998419460000012471 ) ) ;
#7904 = LINE ( 'NONE', #4369, #6173 ) ;
#7905 = CARTESIAN_POINT ( 'NONE',  ( 27.63280362000000068, 0.000000000000000000, 3.000000000000000000 ) ) ;
#7906 = CARTESIAN_POINT ( 'NONE',  ( 14.70325953999999946, 33.59706199999999399, -19.25780817680636048 ) ) ;
#7907 = ADVANCED_FACE ( 'NONE', ( #6871 ), #4741, .F. ) ;
#7908 = VECTOR ( 'NONE', #4025, 1000.000000000000000 ) ;
#7909 = ORIENTED_EDGE ( 'NONE', *, *, #8106, .F. ) ;
#7910 = CARTESIAN_POINT ( 'NONE',  ( -0.6806784436643132929, 8.346305006207693111, -2.998419460000012471 ) ) ;
#7911 = VERTEX_POINT ( 'NONE', #2173 ) ;
#7912 = CYLINDRICAL_SURFACE ( 'NONE', #6994, 0.5000000000000004441 ) ;
#7913 = DIRECTION ( 'NONE',  ( 0.000000000000000000, 0.000000000000000000, -1.000000000000000000 ) ) ;
#7914 = CARTESIAN_POINT ( 'NONE',  ( 21.73782778953206929, 2.592210361996780784E-07, 0.000000000000000000 ) ) ;
#7915 = CARTESIAN_POINT ( 'NONE',  ( -1.183820693491309584, 35.39675566525551176, 1.969999999999999973 ) ) ;
#7916 = VECTOR ( 'NONE', #2323, 1000.000000000000000 ) ;
#7917 = DIRECTION ( 'NONE',  ( 1.000000000000000000, 0.000000000000000000, 0.000000000000000000 ) ) ;
#7918 = DIRECTION ( 'NONE',  ( 1.000000000000000000, 0.000000000000000000, 0.000000000000000000 ) ) ;
#7919 = AXIS2_PLACEMENT_3D ( 'NONE', #7351, #5354, #1515 ) ;
#7920 = ORIENTED_EDGE ( 'NONE', *, *, #3669, .F. ) ;
#7921 = EDGE_CURVE ( 'NONE', #4984, #7034, #132, .T. ) ;
#7922 = DIRECTION ( 'NONE',  ( -1.000000000000000000, 0.000000000000000000, 0.000000000000000000 ) ) ;
#7923 = DIRECTION ( 'NONE',  ( 1.000000000000000000, 0.000000000000000000, 0.000000000000000000 ) ) ;
#7924 = EDGE_CURVE ( 'NONE', #7612, #1665, #5588, .T. ) ;
#7925 = DIRECTION ( 'NONE',  ( 1.000000000000000000, 0.000000000000000000, 0.000000000000000000 ) ) ;
#7926 = LINE ( 'NONE', #5909, #8426 ) ;
#7927 = CARTESIAN_POINT ( 'NONE',  ( 0.000000000000000000, 0.000000000000000000, -2.998419460000000480 ) ) ;
#7928 = ADVANCED_FACE ( 'NONE', ( #8318 ), #655, .T. ) ;
#7929 = EDGE_CURVE ( 'NONE', #3855, #612, #6375, .T. ) ;
#7930 = VECTOR ( 'NONE', #5689, 1000.000000000000114 ) ;
#7931 = ORIENTED_EDGE ( 'NONE', *, *, #2094, .F. ) ;
#7932 = DIRECTION ( 'NONE',  ( 0.0001161624429837051277, -0.9999999932531434821, -2.716639380897197735E-39 ) ) ;
#7933 = DIRECTION ( 'NONE',  ( 0.9999998850681161011, 0.0004794410854595740346, 0.000000000000000000 ) ) ;
#7934 = ADVANCED_FACE ( 'NONE', ( #342 ), #8489, .T. ) ;
#7935 = ORIENTED_EDGE ( 'NONE', *, *, #1978, .T. ) ;
#7936 = FACE_BOUND ( 'NONE', #5496, .T. ) ;
#7937 = DIRECTION ( 'NONE',  ( -1.156482317317871478E-16, 1.000000000000000000, 0.000000000000000000 ) ) ;
#7938 = CIRCLE ( 'NONE', #5091, 0.5000000000000004441 ) ;
#7939 = AXIS2_PLACEMENT_3D ( 'NONE', #3350, #1157, #5954 ) ;
#7940 = EDGE_LOOP ( 'NONE', ( #4618, #2161, #4503, #638, #8448 ) ) ;
#7941 = ORIENTED_EDGE ( 'NONE', *, *, #1498, .F. ) ;
#7942 = LINE ( 'NONE', #3192, #7045 ) ;
#7943 = AXIS2_PLACEMENT_3D ( 'NONE', #5275, #3923, #1904 ) ;
#7944 = ORIENTED_EDGE ( 'NONE', *, *, #6991, .T. ) ;
#7945 = DIRECTION ( 'NONE',  ( -0.000000000000000000, -0.000000000000000000, -1.000000000000000000 ) ) ;
#7946 = CIRCLE ( 'NONE', #6643, 0.5000000000000004441 ) ;
#7947 = FACE_OUTER_BOUND ( 'NONE', #5266, .T. ) ;
#7948 = CARTESIAN_POINT ( 'NONE',  ( 32.45992961104521157, 108.1128339108497727, 2.500000000000002220 ) ) ;
#7949 = FACE_OUTER_BOUND ( 'NONE', #1388, .T. ) ;
#7950 = EDGE_LOOP ( 'NONE', ( #2694, #8257, #4593, #6055, #1597 ) ) ;
#7951 = ORIENTED_EDGE ( 'NONE', *, *, #7348, .F. ) ;
#7952 = LINE ( 'NONE', #4415, #5663 ) ;
#7953 = EDGE_CURVE ( 'NONE', #3855, #8001, #86, .T. ) ;
#7954 = ORIENTED_EDGE ( 'NONE', *, *, #8631, .T. ) ;
#7955 = DIRECTION ( 'NONE',  ( 0.9999999999999961142, 8.742277783456231917E-08, -0.000000000000000000 ) ) ;
#7956 = VERTEX_POINT ( 'NONE', #1003 ) ;
#7957 = FACE_OUTER_BOUND ( 'NONE', #7950, .T. ) ;
#7958 = DIRECTION ( 'NONE',  ( 0.9999999932531437041, 0.0001161624401737049704, -0.000000000000000000 ) ) ;
#7959 = CARTESIAN_POINT ( 'NONE',  ( 8.632803620000000677, 74.65143637488998252, 1.500000000000000000 ) ) ;
#7960 = CARTESIAN_POINT ( 'NONE',  ( 29.47226753285272594, -2.100000000000000089, -2.998419460000012471 ) ) ;
#7961 = DIRECTION ( 'NONE',  ( 1.000000000000000000, 0.000000000000000000, 0.000000000000000000 ) ) ;
#7962 = VERTEX_POINT ( 'NONE', #2253 ) ;
#7963 = ORIENTED_EDGE ( 'NONE', *, *, #5446, .F. ) ;
#7964 = DIRECTION ( 'NONE',  ( 1.000000000000000000, 0.000000000000000000, 0.000000000000000000 ) ) ;
#7965 = CARTESIAN_POINT ( 'NONE',  ( 0.8149595787582504247, 45.89706200000000536, 2.500000000000000000 ) ) ;
#7966 = CARTESIAN_POINT ( 'NONE',  ( 1.868831317601649333, 45.89706200000000536, 1.260963305889670538 ) ) ;
#7967 = EDGE_CURVE ( 'NONE', #6059, #3625, #1579, .T. ) ;
#7968 = ADVANCED_FACE ( 'NONE', ( #875 ), #7634, .T. ) ;
#7969 = VERTEX_POINT ( 'NONE', #175 ) ;
#7970 = LINE ( 'NONE', #499, #8147 ) ;
#7971 = LINE ( 'NONE', #3904, #3633 ) ;
#7972 = VERTEX_POINT ( 'NONE', #1535 ) ;
#7973 = LINE ( 'NONE', #4579, #4413 ) ;
#7974 = CARTESIAN_POINT ( 'NONE',  ( 30.96733925660019082, 44.32581622946501909, 3.000000000000000000 ) ) ;
#7975 = ORIENTED_EDGE ( 'NONE', *, *, #2045, .F. ) ;
#7976 = ADVANCED_FACE ( 'NONE', ( #5760 ), #8357, .T. ) ;
#7977 = ORIENTED_EDGE ( 'NONE', *, *, #2456, .T. ) ;
#7978 = ORIENTED_EDGE ( 'NONE', *, *, #3552, .T. ) ;
#7979 = CARTESIAN_POINT ( 'NONE',  ( 21.96091302770999931, 96.92773413321998532, 2.500000000000000000 ) ) ;
#7980 = EDGE_LOOP ( 'NONE', ( #4552, #2445, #6472, #5824 ) ) ;
#7981 = LINE ( 'NONE', #6678, #5160 ) ;
#7982 = DIRECTION ( 'NONE',  ( 0.9999998850681161011, 0.0004794410854595740346, 0.000000000000000000 ) ) ;
#7983 = CARTESIAN_POINT ( 'NONE',  ( 30.46730127326039295, 44.65277187931783232, 0.000000000000000000 ) ) ;
#7984 = DIRECTION ( 'NONE',  ( -0.0001161624401738165890, 0.9999999932531438152, 0.000000000000000000 ) ) ;
#7985 = ORIENTED_EDGE ( 'NONE', *, *, #8669, .T. ) ;
#7986 = VECTOR ( 'NONE', #295, 1000.000000000000000 ) ;
#7987 = EDGE_CURVE ( 'NONE', #4679, #5793, #6495, .T. ) ;
#7988 = ORIENTED_EDGE ( 'NONE', *, *, #3654, .T. ) ;
#7989 = VECTOR ( 'NONE', #1118, 1000.000000000000114 ) ;
#7990 = LINE ( 'NONE', #3379, #1363 ) ;
#7991 = ORIENTED_EDGE ( 'NONE', *, *, #6278, .F. ) ;
#7992 = VERTEX_POINT ( 'NONE', #3609 ) ;
#7993 = DIRECTION ( 'NONE',  ( 0.000000000000000000, 0.000000000000000000, -1.000000000000000000 ) ) ;
#7994 = DIRECTION ( 'NONE',  ( -0.000000000000000000, 0.000000000000000000, 1.000000000000000000 ) ) ;
#7995 = CYLINDRICAL_SURFACE ( 'NONE', #5517, 0.5000000000000000000 ) ;
#7996 = AXIS2_PLACEMENT_3D ( 'NONE', #7906, #1226, #516 ) ;
#7997 = AXIS2_PLACEMENT_3D ( 'NONE', #3782, #5884, #4506 ) ;
#7998 = CARTESIAN_POINT ( 'NONE',  ( 21.55780361999999784, 48.25000098000001003, 1.500000000000000000 ) ) ;
#7999 = CARTESIAN_POINT ( 'NONE',  ( 29.46730128000724136, 44.65265571687769608, 0.000000000000000000 ) ) ;
#8000 = EDGE_CURVE ( 'NONE', #6143, #5218, #5074, .T. ) ;
#8001 = VERTEX_POINT ( 'NONE', #7722 ) ;
#8002 = ORIENTED_EDGE ( 'NONE', *, *, #2899, .F. ) ;
#8003 = ORIENTED_EDGE ( 'NONE', *, *, #1733, .T. ) ;
#8004 = PLANE ( 'NONE',  #867 ) ;
#8005 = DIRECTION ( 'NONE',  ( 0.9999999932531437041, 0.0001161624401737049704, 1.504632769052527676E-36 ) ) ;
#8006 = CARTESIAN_POINT ( 'NONE',  ( 21.73782774328765655, 3.877977029316214796, 2.500000000000000000 ) ) ;
#8007 = EDGE_CURVE ( 'NONE', #3776, #608, #1497, .T. ) ;
#8008 = CARTESIAN_POINT ( 'NONE',  ( 1.422674628880493009, 45.89706200000000536, 1.521986689616622979 ) ) ;
#8009 = AXIS2_PLACEMENT_3D ( 'NONE', #1506, #8329, #4247 ) ;
#8010 = ORIENTED_EDGE ( 'NONE', *, *, #1206, .T. ) ;
#8011 = ORIENTED_EDGE ( 'NONE', *, *, #2456, .F. ) ;
#8012 = DIRECTION ( 'NONE',  ( 0.0001161624429838006324, -0.9999999932531280500, 1.757488007574429971E-07 ) ) ;
#8013 = DIRECTION ( 'NONE',  ( 0.9999998850681161011, 0.0004794410854595739803, -0.000000000000000000 ) ) ;
#8014 = ORIENTED_EDGE ( 'NONE', *, *, #6683, .T. ) ;
#8015 = DIRECTION ( 'NONE',  ( 0.9999998850681161011, 0.0004794410854595740346, -0.000000000000000000 ) ) ;
#8016 = CARTESIAN_POINT ( 'NONE',  ( 30.96733925660018727, 44.32581622946503330, 3.500000000000000000 ) ) ;
#8017 = VERTEX_POINT ( 'NONE', #8445 ) ;
#8018 = CIRCLE ( 'NONE', #1020, 0.5000000000000004441 ) ;
#8019 = ORIENTED_EDGE ( 'NONE', *, *, #2282, .T. ) ;
#8020 = ORIENTED_EDGE ( 'NONE', *, *, #6230, .F. ) ;
#8021 = FACE_OUTER_BOUND ( 'NONE', #3204, .T. ) ;
#8022 = VECTOR ( 'NONE', #760, 1000.000000000000114 ) ;
#8023 = ADVANCED_FACE ( 'NONE', ( #916 ), #3737, .F. ) ;
#8024 = ADVANCED_FACE ( 'NONE', ( #5631, #3651, #4240 ), #5096, .F. ) ;
#8025 = CARTESIAN_POINT ( 'NONE',  ( 1.314901500909796850, 46.39706200000000536, 21.25407275812202812 ) ) ;
#8026 = DIRECTION ( 'NONE',  ( 0.000000000000000000, 0.000000000000000000, 1.000000000000000000 ) ) ;
#8027 = CARTESIAN_POINT ( 'NONE',  ( 10.76479015296693476, -0.09999999999999939493, 2.499999999999998668 ) ) ;
#8028 = AXIS2_PLACEMENT_3D ( 'NONE', #8479, #6321, #3640 ) ;
#8029 = CARTESIAN_POINT ( 'NONE',  ( 2.314901507656653479, 46.39706200000000536, 1.500000000000000000 ) ) ;
#8030 = ORIENTED_EDGE ( 'NONE', *, *, #6078, .T. ) ;
#8031 = ORIENTED_EDGE ( 'NONE', *, *, #7013, .T. ) ;
#8032 = VECTOR ( 'NONE', #7781, 1000.000000000000000 ) ;
#8033 = DIRECTION ( 'NONE',  ( 1.000000000000000000, 0.000000000000000000, -0.000000000000000000 ) ) ;
#8034 = EDGE_LOOP ( 'NONE', ( #1374, #7279, #2788, #3819 ) ) ;
#8035 = ADVANCED_FACE ( 'NONE', ( #6418 ), #294, .F. ) ;
#8036 = LINE ( 'NONE', #2674, #3575 ) ;
#8037 = DIRECTION ( 'NONE',  ( 0.000000000000000000, 0.000000000000000000, -1.000000000000000000 ) ) ;
#8038 = CARTESIAN_POINT ( 'NONE',  ( 33.46571920645637022, 58.27238103655453472, -1.599999999999997202 ) ) ;
#8039 = CARTESIAN_POINT ( 'NONE',  ( 30.46849391462194490, 34.38575827562558374, 1.320000001411007373 ) ) ;
#8040 = ADVANCED_FACE ( 'NONE', ( #3017 ), #5920, .T. ) ;
#8041 = FACE_OUTER_BOUND ( 'NONE', #4337, .T. ) ;
#8042 = CARTESIAN_POINT ( 'NONE',  ( 1.729115066077531404, 45.89706199999999825, 2.000000000000000888 ) ) ;
#8043 = AXIS2_PLACEMENT_3D ( 'NONE', #8403, #4279, #5001 ) ;
#8044 = DIRECTION ( 'NONE',  ( -0.000000000000000000, 0.000000000000000000, 1.000000000000000000 ) ) ;
#8045 = ORIENTED_EDGE ( 'NONE', *, *, #6451, .T. ) ;
#8046 = ORIENTED_EDGE ( 'NONE', *, *, #217, .T. ) ;
#8047 = AXIS2_PLACEMENT_3D ( 'NONE', #50, #7546, #6874 ) ;
#8048 = CARTESIAN_POINT ( 'NONE',  ( 2.807733980969242094, 108.0997072644481563, 0.000000000000000000 ) ) ;
#8049 = FACE_OUTER_BOUND ( 'NONE', #1273, .T. ) ;
#8050 = CYLINDRICAL_SURFACE ( 'NONE', #888, 0.5000000000000004441 ) ;
#8051 = FACE_OUTER_BOUND ( 'NONE', #2881, .T. ) ;
#8052 = CARTESIAN_POINT ( 'NONE',  ( 2.316504549380645095, 32.59706199999999399, 2.000000000000001776 ) ) ;
#8053 = VECTOR ( 'NONE', #3616, 1000.000000000000000 ) ;
#8054 = AXIS2_PLACEMENT_3D ( 'NONE', #5311, #4504, #1714 ) ;
#8055 = ORIENTED_EDGE ( 'NONE', *, *, #7707, .F. ) ;
#8056 = EDGE_CURVE ( 'NONE', #337, #5624, #6630, .T. ) ;
#8057 = VERTEX_POINT ( 'NONE', #3873 ) ;
#8058 = CARTESIAN_POINT ( 'NONE',  ( 1.816504539260360263, 32.59712008122146898, 0.000000000000000000 ) ) ;
#8059 = FACE_OUTER_BOUND ( 'NONE', #8450, .T. ) ;
#8060 = EDGE_LOOP ( 'NONE', ( #7769, #3728, #5045, #5105, #6570, #3160, #8516, #6723, #5113, #1094 ) ) ;
#8061 = DIRECTION ( 'NONE',  ( 0.0001161624401737180621, -0.9999999932531438152, 0.000000000000000000 ) ) ;
#8062 = AXIS2_PLACEMENT_3D ( 'NONE', #8686, #2557, #6582 ) ;
#8063 = FACE_OUTER_BOUND ( 'NONE', #1568, .T. ) ;
#8064 = ORIENTED_EDGE ( 'NONE', *, *, #969, .F. ) ;
#8065 = ORIENTED_EDGE ( 'NONE', *, *, #3492, .F. ) ;
#8066 = ORIENTED_EDGE ( 'NONE', *, *, #5379, .F. ) ;
#8067 = DIRECTION ( 'NONE',  ( 1.192488222418004912E-08, -0.9999999999999998890, 0.000000000000000000 ) ) ;
#8068 = LINE ( 'NONE', #3414, #3137 ) ;
#8069 = CARTESIAN_POINT ( 'NONE',  ( 32.46728116525982699, 44.82599046975190049, 2.500000000000002220 ) ) ;
#8070 = AXIS2_PLACEMENT_3D ( 'NONE', #7614, #4853, #7567 ) ;
#8071 = VERTEX_POINT ( 'NONE', #4546 ) ;
#8072 = AXIS2_PLACEMENT_3D ( 'NONE', #1919, #3218, #534 ) ;
#8073 = EDGE_CURVE ( 'NONE', #6751, #1340, #3065, .T. ) ;
#8074 = EDGE_CURVE ( 'NONE', #4805, #8695, #4591, .T. ) ;
#8075 = ORIENTED_EDGE ( 'NONE', *, *, #17, .F. ) ;
#8076 = CYLINDRICAL_SURFACE ( 'NONE', #510, 0.4999999999999936717 ) ;
#8077 = AXIS2_PLACEMENT_3D ( 'NONE', #6209, #882, #6880 ) ;
#8078 = VECTOR ( 'NONE', #1016, 1000.000000000000000 ) ;
#8079 = ORIENTED_EDGE ( 'NONE', *, *, #8609, .F. ) ;
#8080 = CARTESIAN_POINT ( 'NONE',  ( 23.63280362000000068, 64.45000097999999866, 3.000000000000000000 ) ) ;
#8081 = ORIENTED_EDGE ( 'NONE', *, *, #2064, .F. ) ;
#8082 = DIRECTION ( 'NONE',  ( 0.000000000000000000, -0.000000000000000000, -1.000000000000000000 ) ) ;
#8083 = CARTESIAN_POINT ( 'NONE',  ( 14.70325953999999946, 45.89706200000000536, 2.000000000000001776 ) ) ;
#8084 = DIRECTION ( 'NONE',  ( 0.000000000000000000, 0.000000000000000000, -1.000000000000000000 ) ) ;
#8085 = CARTESIAN_POINT ( 'NONE',  ( -1.194089333251364682, 13.59624537389095877, -1.496672395567841588E-19 ) ) ;
#8086 = LINE ( 'NONE', #7373, #460 ) ;
#8087 = AXIS2_PLACEMENT_3D ( 'NONE', #1186, #4734, #2533 ) ;
#8088 = EDGE_CURVE ( 'NONE', #3001, #6682, #5929, .T. ) ;
#8089 = EDGE_CURVE ( 'NONE', #6813, #6059, #3196, .T. ) ;
#8090 = ORIENTED_EDGE ( 'NONE', *, *, #5233, .T. ) ;
#8091 = LINE ( 'NONE', #4532, #3936 ) ;
#8092 = ORIENTED_EDGE ( 'NONE', *, *, #433, .F. ) ;
#8093 = DIRECTION ( 'NONE',  ( 1.000000000000000000, 0.000000000000000000, 0.000000000000000000 ) ) ;
#8094 = FACE_OUTER_BOUND ( 'NONE', #436, .T. ) ;
#8095 = CARTESIAN_POINT ( 'NONE',  ( 9.057803620000006717, 1.047518972026781372E-15, 3.000000000000000000 ) ) ;
#8096 = DIRECTION ( 'NONE',  ( -1.000000000000000000, 0.000000000000000000, 0.000000000000000000 ) ) ;
#8097 = ORIENTED_EDGE ( 'NONE', *, *, #6184, .T. ) ;
#8098 = ORIENTED_EDGE ( 'NONE', *, *, #5446, .T. ) ;
#8099 = EDGE_CURVE ( 'NONE', #5922, #4720, #1627, .T. ) ;
#8100 = FACE_OUTER_BOUND ( 'NONE', #8591, .T. ) ;
#8101 = PLANE ( 'NONE',  #5238 ) ;
#8102 = ORIENTED_EDGE ( 'NONE', *, *, #8074, .T. ) ;
#8103 = DIRECTION ( 'NONE',  ( 0.000000000000000000, 0.000000000000000000, 1.000000000000000000 ) ) ;
#8104 = DIRECTION ( 'NONE',  ( -0.0001161624429838024349, 0.9999999932531434821, 0.000000000000000000 ) ) ;
#8105 = CARTESIAN_POINT ( 'NONE',  ( 32.47226751261217714, 1.900348487320492552, -2.998419460000000480 ) ) ;
#8106 = EDGE_CURVE ( 'NONE', #7956, #4263, #7225, .T. ) ;
#8107 = EDGE_CURVE ( 'NONE', #8323, #3143, #494, .T. ) ;
#8108 = EDGE_CURVE ( 'NONE', #7827, #3313, #383, .T. ) ;
#8109 = VERTEX_POINT ( 'NONE', #7983 ) ;
#8110 = ORIENTED_EDGE ( 'NONE', *, *, #8629, .T. ) ;
#8111 = DIRECTION ( 'NONE',  ( -0.9999999999999963363, -8.742277843744316775E-08, -0.000000000000000000 ) ) ;
#8112 = EDGE_CURVE ( 'NONE', #1452, #1061, #5529, .T. ) ;
#8113 = EDGE_LOOP ( 'NONE', ( #4907, #6846, #3516, #8579 ) ) ;
#8114 = DIRECTION ( 'NONE',  ( -0.0001161624401737789265, 0.9999999932531437041, 0.000000000000000000 ) ) ;
#8115 = DIRECTION ( 'NONE',  ( -0.0001161624401737049975, 0.9999999932531439262, 0.000000000000000000 ) ) ;
#8116 = DIRECTION ( 'NONE',  ( -0.9999999932531434821, -0.0001161624429837051277, 0.000000000000000000 ) ) ;
#8117 = ORIENTED_EDGE ( 'NONE', *, *, #5319, .T. ) ;
#8118 = ADVANCED_FACE ( 'NONE', ( #4636 ), #2485, .T. ) ;
#8119 = CIRCLE ( 'NONE', #852, 0.5000000000000004441 ) ;
#8120 = ORIENTED_EDGE ( 'NONE', *, *, #2867, .F. ) ;
#8121 = CARTESIAN_POINT ( 'NONE',  ( 13.36478996037949862, 4.305886958679804088, 2.500000000000000000 ) ) ;
#8122 = ORIENTED_EDGE ( 'NONE', *, *, #7531, .F. ) ;
#8123 = DIRECTION ( 'NONE',  ( 0.000000000000000000, 0.000000000000000000, -1.000000000000000000 ) ) ;
#8124 = ORIENTED_EDGE ( 'NONE', *, *, #2565, .F. ) ;
#8125 = DIRECTION ( 'NONE',  ( 0.0001161624401738165890, -0.9999999932531438152, 0.000000000000000000 ) ) ;
#8126 = DIRECTION ( 'NONE',  ( 1.000000000000000000, 0.000000000000000000, 0.000000000000000000 ) ) ;
#8127 = DIRECTION ( 'NONE',  ( 0.000000000000000000, -1.000000000000000000, 0.000000000000000000 ) ) ;
#8128 = FACE_OUTER_BOUND ( 'NONE', #2736, .T. ) ;
#8129 = CARTESIAN_POINT ( 'NONE',  ( 30.46847382011508287, 34.55874454117920891, 0.5000000000000000000 ) ) ;
#8130 = AXIS2_PLACEMENT_3D ( 'NONE', #3498, #4216, #4349 ) ;
#8131 = CARTESIAN_POINT ( 'NONE',  ( 15.81018188741112063, 0.9000000000000002442, 117.8988879368424563 ) ) ;
#8132 = ADVANCED_FACE ( 'NONE', ( #1718 ), #3964, .T. ) ;
#8133 = ORIENTED_EDGE ( 'NONE', *, *, #3079, .F. ) ;
#8134 = CARTESIAN_POINT ( 'NONE',  ( 30.50104049251570260, 34.96789714767618307, 0.2000515622124958426 ) ) ;
#8135 = VERTEX_POINT ( 'NONE', #6637 ) ;
#8136 = VECTOR ( 'NONE', #3739, 1000.000000000000227 ) ;
#8137 = VECTOR ( 'NONE', #4275, 1000.000000000000000 ) ;
#8138 = DIRECTION ( 'NONE',  ( -0.9999999999973340215, 2.309088861408833776E-06, 0.000000000000000000 ) ) ;
#8139 = PLANE ( 'NONE',  #4584 ) ;
#8140 = DIRECTION ( 'NONE',  ( 0.000000000000000000, -1.000000000000000000, 0.000000000000000000 ) ) ;
#8141 = EDGE_CURVE ( 'NONE', #5361, #8017, #1492, .T. ) ;
#8142 = VECTOR ( 'NONE', #1520, 1000.000000000000000 ) ;
#8143 = EDGE_CURVE ( 'NONE', #2840, #5361, #3918, .T. ) ;
#8144 = DIRECTION ( 'NONE',  ( -0.000000000000000000, -0.000000000000000000, -1.000000000000000000 ) ) ;
#8145 = FACE_BOUND ( 'NONE', #1845, .T. ) ;
#8146 = AXIS2_PLACEMENT_3D ( 'NONE', #780, #4007, #904 ) ;
#8147 = VECTOR ( 'NONE', #3229, 999.9999999999998863 ) ;
#8148 = EDGE_LOOP ( 'NONE', ( #5261, #1228, #8805, #4464 ) ) ;
#8149 = ORIENTED_EDGE ( 'NONE', *, *, #5557, .F. ) ;
#8150 = DIRECTION ( 'NONE',  ( 1.000000000000000000, 0.000000000000000000, 0.000000000000000000 ) ) ;
#8151 = CARTESIAN_POINT ( 'NONE',  ( 22.67155267958086284, 55.29259599289078153, 2.500000000000000000 ) ) ;
#8152 = VECTOR ( 'NONE', #1526, 1000.000000000000000 ) ;
#8153 = ORIENTED_EDGE ( 'NONE', *, *, #8656, .F. ) ;
#8154 = DIRECTION ( 'NONE',  ( -0.000000000000000000, 0.000000000000000000, -1.000000000000000000 ) ) ;
#8155 = EDGE_CURVE ( 'NONE', #2066, #4059, #8796, .T. ) ;
#8156 = DIRECTION ( 'NONE',  ( 0.000000000000000000, 0.000000000000000000, 1.000000000000000000 ) ) ;
#8157 = CARTESIAN_POINT ( 'NONE',  ( 29.96691054857307179, 49.01559628190724283, 3.500000000000000000 ) ) ;
#8158 = TOROIDAL_SURFACE ( 'NONE', #5868, 1.000000000000000000, 0.5000000000000000000 ) ;
#8159 = ORIENTED_EDGE ( 'NONE', *, *, #8007, .T. ) ;
#8160 = AXIS2_PLACEMENT_3D ( 'NONE', #6968, #5552, #7600 ) ;
#8161 = ORIENTED_EDGE ( 'NONE', *, *, #5002, .T. ) ;
#8162 = DIRECTION ( 'NONE',  ( -0.0001161624401668776951, 0.9999999932531438152, 0.000000000000000000 ) ) ;
#8163 = EDGE_LOOP ( 'NONE', ( #7776, #1359, #4542, #212 ) ) ;
#8164 = EDGE_CURVE ( 'NONE', #7486, #2626, #644, .T. ) ;
#8165 = CARTESIAN_POINT ( 'NONE',  ( 29.47226742768805252, 4.305887662760008006, 1.500000000000000000 ) ) ;
#8166 = DIRECTION ( 'NONE',  ( 0.9999999932531434821, 0.0001161624429840690538, 0.000000000000000000 ) ) ;
#8167 = VECTOR ( 'NONE', #1693, 1000.000000000000000 ) ;
#8168 = DIRECTION ( 'NONE',  ( 0.000000000000000000, 0.000000000000000000, -1.000000000000000000 ) ) ;
#8169 = ORIENTED_EDGE ( 'NONE', *, *, #8000, .T. ) ;
#8170 = EDGE_CURVE ( 'NONE', #8353, #1000, #2356, .T. ) ;
#8171 = VECTOR ( 'NONE', #7958, 1000.000000000000227 ) ;
#8172 = EDGE_CURVE ( 'NONE', #1710, #1812, #7177, .T. ) ;
#8173 = AXIS2_PLACEMENT_3D ( 'NONE', #143, #1428, #4889 ) ;
#8174 = ORIENTED_EDGE ( 'NONE', *, *, #336, .F. ) ;
#8175 = DIRECTION ( 'NONE',  ( -0.000000000000000000, 0.000000000000000000, 1.000000000000000000 ) ) ;
#8176 = EDGE_LOOP ( 'NONE', ( #1756, #2351, #3020, #4982 ) ) ;
#8177 = AXIS2_PLACEMENT_3D ( 'NONE', #7589, #6870, #2038 ) ;
#8178 = DIRECTION ( 'NONE',  ( -0.0004794410854595740346, 0.9999998850681162121, 0.000000000000000000 ) ) ;
#8179 = ORIENTED_EDGE ( 'NONE', *, *, #2186, .F. ) ;
#8180 = EDGE_CURVE ( 'NONE', #4048, #6327, #1925, .T. ) ;
#8181 = FACE_OUTER_BOUND ( 'NONE', #5310, .T. ) ;
#8182 = DIRECTION ( 'NONE',  ( 0.000000000000000000, 0.000000000000000000, 1.000000000000000000 ) ) ;
#8183 = CARTESIAN_POINT ( 'NONE',  ( 1.317979431395450263, 19.89999996626572809, -1.898419459999999948 ) ) ;
#8184 = CARTESIAN_POINT ( 'NONE',  ( 14.70325953999999946, 45.89706200000000536, 21.25407275812202812 ) ) ;
#8185 = ADVANCED_FACE ( 'NONE', ( #2821 ), #497, .T. ) ;
#8186 = CARTESIAN_POINT ( 'NONE',  ( 1.314901500909796850, 45.89706200000000536, 1.000000000000000888 ) ) ;
#8187 = CIRCLE ( 'NONE', #8471, 0.9999999999999971134 ) ;
#8188 = CIRCLE ( 'NONE', #8757, 0.5000000000000004441 ) ;
#8189 = EDGE_LOOP ( 'NONE', ( #2852, #3338, #2020, #5603 ) ) ;
#8190 = DIRECTION ( 'NONE',  ( 0.000000000000000000, 0.000000000000000000, 1.000000000000000000 ) ) ;
#8191 = ORIENTED_EDGE ( 'NONE', *, *, #1608, .T. ) ;
#8192 = LINE ( 'NONE', #4246, #8207 ) ;
#8193 = FACE_OUTER_BOUND ( 'NONE', #5836, .T. ) ;
#8194 = CYLINDRICAL_SURFACE ( 'NONE', #5948, 1.000000000000001110 ) ;
#8195 = VECTOR ( 'NONE', #7645, 1000.000000000000000 ) ;
#8196 = DIRECTION ( 'NONE',  ( 1.000000000000000000, 0.000000000000000000, 0.000000000000000000 ) ) ;
#8197 = LINE ( 'NONE', #2601, #3021 ) ;
#8198 = ADVANCED_FACE ( 'NONE', ( #2869 ), #1391, .F. ) ;
#8199 = AXIS2_PLACEMENT_3D ( 'NONE', #1640, #6567, #7097 ) ;
#8200 = ORIENTED_EDGE ( 'NONE', *, *, #6660, .F. ) ;
#8201 = ORIENTED_EDGE ( 'NONE', *, *, #5635, .T. ) ;
#8202 = DIRECTION ( 'NONE',  ( 3.155714671910230055E-43, -2.716639362568421076E-39, 1.000000000000000000 ) ) ;
#8203 = DIRECTION ( 'NONE',  ( -0.0001161624401737789401, 0.9999999932531438152, -0.000000000000000000 ) ) ;
#8204 = VERTEX_POINT ( 'NONE', #2783 ) ;
#8205 = CARTESIAN_POINT ( 'NONE',  ( 32.45992961104519736, 108.1128339108497585, -3.998419460000000480 ) ) ;
#8206 = DIRECTION ( 'NONE',  ( -1.000000000000000000, -0.000000000000000000, 0.000000000000000000 ) ) ;
#8207 = VECTOR ( 'NONE', #1423, 1000.000000000000000 ) ;
#8208 = CARTESIAN_POINT ( 'NONE',  ( 29.47226753285274015, 96.92773413321998532, 1.500000000000000000 ) ) ;
#8209 = CARTESIAN_POINT ( 'NONE',  ( -1.185034591013476080, 45.84675553436651541, -0.5300000000000000266 ) ) ;
#8210 = CIRCLE ( 'NONE', #4630, 0.5000000000000001110 ) ;
#8211 = EDGE_CURVE ( 'NONE', #3162, #2699, #151, .T. ) ;
#8212 = EDGE_LOOP ( 'NONE', ( #6946, #8153, #2791, #4836 ) ) ;
#8213 = ADVANCED_FACE ( 'NONE', ( #6225 ), #5563, .T. ) ;
#8214 = AXIS2_PLACEMENT_3D ( 'NONE', #3720, #3136, #3678 ) ;
#8215 = ORIENTED_EDGE ( 'NONE', *, *, #2652, .F. ) ;
#8216 = DIRECTION ( 'NONE',  ( -1.748455523006161940E-07, 0.9999999999999847899, 0.000000000000000000 ) ) ;
#8217 = VERTEX_POINT ( 'NONE', #8295 ) ;
#8218 = CARTESIAN_POINT ( 'NONE',  ( 30.46883808238525404, 31.13004850184119121, 1.292924322013300653 ) ) ;
#8219 = DIRECTION ( 'NONE',  ( 1.000000000000000000, 0.000000000000000000, 0.000000000000000000 ) ) ;
#8220 = ORIENTED_EDGE ( 'NONE', *, *, #4717, .F. ) ;
#8221 = AXIS2_PLACEMENT_3D ( 'NONE', #830, #3561, #6514 ) ;
#8222 = VECTOR ( 'NONE', #4435, 999.9999999999998863 ) ;
#8223 = EDGE_LOOP ( 'NONE', ( #3005, #3183, #8577, #118 ) ) ;
#8224 = VERTEX_POINT ( 'NONE', #71 ) ;
#8225 = VECTOR ( 'NONE', #4031, 1000.000000000000000 ) ;
#8226 = VERTEX_POINT ( 'NONE', #2620 ) ;
#8227 = CARTESIAN_POINT ( 'NONE',  ( 1.309244133215799577, 95.09898766258027081, -2.998419460000000480 ) ) ;
#8228 = AXIS2_PLACEMENT_3D ( 'NONE', #2687, #2773, #2812 ) ;
#8229 = DIRECTION ( 'NONE',  ( 0.0004794410854584955787, -0.9999998850681162121, 0.000000000000000000 ) ) ;
#8230 = CARTESIAN_POINT ( 'NONE',  ( 24.63280362000000068, 64.95000097999999866, 3.500000000000000000 ) ) ;
#8231 = LINE ( 'NONE', #1, #7848 ) ;
#8232 = DIRECTION ( 'NONE',  ( 0.9999999932531437041, 0.0001161624401668776815, 0.000000000000000000 ) ) ;
#8233 = AXIS2_PLACEMENT_3D ( 'NONE', #4285, #7005, #3614 ) ;
#8234 = EDGE_CURVE ( 'NONE', #6258, #3920, #5931, .T. ) ;
#8235 = ADVANCED_FACE ( 'NONE', ( #4217 ), #4898, .T. ) ;
#8236 = ORIENTED_EDGE ( 'NONE', *, *, #6877, .F. ) ;
#8237 = CARTESIAN_POINT ( 'NONE',  ( -1.194031252029872814, 13.09624537726438831, -2.098419372125607030 ) ) ;
#8238 = ORIENTED_EDGE ( 'NONE', *, *, #2164, .F. ) ;
#8239 = CARTESIAN_POINT ( 'NONE',  ( 2.820070398492491304, 1.400000000000000133, 1.000000000000000888 ) ) ;
#8240 = FACE_OUTER_BOUND ( 'NONE', #6197, .T. ) ;
#8241 = DIRECTION ( 'NONE',  ( 0.9999999932531439262, 0.0001161624401737789401, -0.000000000000000000 ) ) ;
#8242 = DIRECTION ( 'NONE',  ( -1.000000000000000000, 0.000000000000000000, 0.000000000000000000 ) ) ;
#8243 = VECTOR ( 'NONE', #6551, 1000.000000000000000 ) ;
#8244 = DIRECTION ( 'NONE',  ( -1.000000000000000000, 0.000000000000000000, 0.000000000000000000 ) ) ;
#8245 = VERTEX_POINT ( 'NONE', #1436 ) ;
#8246 = EDGE_CURVE ( 'NONE', #546, #1982, #1478, .T. ) ;
#8247 = CARTESIAN_POINT ( 'NONE',  ( 29.96883808238525404, 31.42291474461031342, 1.500000000000001332 ) ) ;
#8248 = PLANE ( 'NONE',  #3929 ) ;
#8249 = ORIENTED_EDGE ( 'NONE', *, *, #2629, .F. ) ;
#8250 = DIRECTION ( 'NONE',  ( -0.0001161624429838024349, 0.9999999932531434821, -0.000000000000000000 ) ) ;
#8251 = DIRECTION ( 'NONE',  ( 0.000000000000000000, 0.000000000000000000, -1.000000000000000000 ) ) ;
#8252 = EDGE_CURVE ( 'NONE', #3558, #7181, #4079, .T. ) ;
#8253 = LINE ( 'NONE', #1392, #871 ) ;
#8254 = DIRECTION ( 'NONE',  ( 0.000000000000000000, 0.000000000000000000, 1.000000000000000000 ) ) ;
#8255 = EDGE_CURVE ( 'NONE', #1813, #4954, #7526, .T. ) ;
#8256 = VERTEX_POINT ( 'NONE', #1082 ) ;
#8257 = ORIENTED_EDGE ( 'NONE', *, *, #6980, .F. ) ;
#8258 = DIRECTION ( 'NONE',  ( 4.371138674066359935E-08, -0.9999999999999991118, 0.000000000000000000 ) ) ;
#8259 = ORIENTED_EDGE ( 'NONE', *, *, #4771, .T. ) ;
#8260 = CARTESIAN_POINT ( 'NONE',  ( 25.63948489054095248, 59.53052851882922880, 1.500000000000000000 ) ) ;
#8261 = CARTESIAN_POINT ( 'NONE',  ( 30.96751698513315532, 42.79581624410570129, 1.319999995681913063 ) ) ;
#8262 = EDGE_CURVE ( 'NONE', #521, #6508, #3306, .T. ) ;
#8263 = CARTESIAN_POINT ( 'NONE',  ( 16.90875973986804581, 36.41418315318323806, 1.319999995681911509 ) ) ;
#8264 = EDGE_CURVE ( 'NONE', #8217, #4817, #7746, .T. ) ;
#8265 = ORIENTED_EDGE ( 'NONE', *, *, #2884, .F. ) ;
#8266 = VERTEX_POINT ( 'NONE', #5417 ) ;
#8267 = CARTESIAN_POINT ( 'NONE',  ( 2.807733980969242094, 108.0997072644481563, 117.8988879368424563 ) ) ;
#8268 = VERTEX_POINT ( 'NONE', #407 ) ;
#8269 = ORIENTED_EDGE ( 'NONE', *, *, #8164, .T. ) ;
#8270 = CARTESIAN_POINT ( 'NONE',  ( 2.820070398492491304, -0.09999999999999982514, 0.000000000000000000 ) ) ;
#8271 = CARTESIAN_POINT ( 'NONE',  ( 0.000000000000000000, 19.89999996626572454, -1.898419459999999948 ) ) ;
#8272 = CARTESIAN_POINT ( 'NONE',  ( 25.63948749270285887, 1.120737553625941340E-06, -19.25780817680636048 ) ) ;
#8273 = DIRECTION ( 'NONE',  ( 3.155714671910230055E-43, -2.716639362568421076E-39, 1.000000000000000000 ) ) ;
#8274 = LINE ( 'NONE', #7002, #4061 ) ;
#8275 = ADVANCED_FACE ( 'NONE', ( #3436 ), #1749, .T. ) ;
#8276 = VERTEX_POINT ( 'NONE', #1331 ) ;
#8277 = FACE_OUTER_BOUND ( 'NONE', #7980, .T. ) ;
#8278 = ORIENTED_EDGE ( 'NONE', *, *, #5002, .F. ) ;
#8279 = DIRECTION ( 'NONE',  ( -0.000000000000000000, -0.000000000000000000, -1.000000000000000000 ) ) ;
#8280 = CARTESIAN_POINT ( 'NONE',  ( -0.04559405568415872412, 95.09833809741370203, -2.998419460000000480 ) ) ;
#8281 = VECTOR ( 'NONE', #8250, 1000.000000000000000 ) ;
#8282 = EDGE_CURVE ( 'NONE', #7215, #7183, #1114, .T. ) ;
#8283 = CARTESIAN_POINT ( 'NONE',  ( 2.820070398492477537, 1.900000000000000577, 117.8988879368424563 ) ) ;
#8284 = VECTOR ( 'NONE', #4128, 1000.000000000000114 ) ;
#8285 = DIRECTION ( 'NONE',  ( 0.9999999932531434821, 0.0001161624429838024213, -0.000000000000000000 ) ) ;
#8286 = ADVANCED_FACE ( 'NONE', ( #6165 ), #2724, .T. ) ;
#8287 = CIRCLE ( 'NONE', #6702, 0.5000000000000004441 ) ;
#8288 = ORIENTED_EDGE ( 'NONE', *, *, #4845, .F. ) ;
#8289 = CIRCLE ( 'NONE', #1548, 0.5000000000000019984 ) ;
#8290 = DIRECTION ( 'NONE',  ( -0.0001161624401733471295, 0.9999999932531437041, -7.086288729054591671E-15 ) ) ;
#8291 = CARTESIAN_POINT ( 'NONE',  ( 8.132803620000000677, 0.000000000000000000, 3.000000000000000000 ) ) ;
#8292 = ORIENTED_EDGE ( 'NONE', *, *, #8530, .F. ) ;
#8293 = EDGE_CURVE ( 'NONE', #5161, #3742, #3132, .T. ) ;
#8294 = CARTESIAN_POINT ( 'NONE',  ( 15.20325953999999946, 45.39706200000000536, 2.500000000000000000 ) ) ;
#8295 = CARTESIAN_POINT ( 'NONE',  ( 19.35780361999999855, 109.1076421636441864, 1.000000000000028644 ) ) ;
#8296 = DIRECTION ( 'NONE',  ( 0.9999999932531434821, 0.0001161624429701912931, 0.000000000000000000 ) ) ;
#8297 = AXIS2_PLACEMENT_3D ( 'NONE', #7487, #5356, #6774 ) ;
#8298 = DIRECTION ( 'NONE',  ( -0.000000000000000000, 1.000000000000000000, 0.000000000000000000 ) ) ;
#8299 = ORIENTED_EDGE ( 'NONE', *, *, #1060, .T. ) ;
#8300 = VECTOR ( 'NONE', #4058, 1000.000000000000000 ) ;
#8301 = ORIENTED_EDGE ( 'NONE', *, *, #2399, .F. ) ;
#8302 = LINE ( 'NONE', #6272, #1064 ) ;
#8303 = VECTOR ( 'NONE', #6178, 1000.000000000000000 ) ;
#8304 = ORIENTED_EDGE ( 'NONE', *, *, #3712, .F. ) ;
#8305 = DIRECTION ( 'NONE',  ( 0.9999999932531434821, 0.0001161624429837051277, 0.000000000000000000 ) ) ;
#8306 = CARTESIAN_POINT ( 'NONE',  ( 8.632803620000000677, 75.15143637488998252, 3.000000000000000000 ) ) ;
#8307 = CARTESIAN_POINT ( 'NONE',  ( 8.707803619999999967, 104.7000009799999987, 1.500000000000000000 ) ) ;
#8308 = VERTEX_POINT ( 'NONE', #2640 ) ;
#8309 = VECTOR ( 'NONE', #623, 1000.000000000000000 ) ;
#8310 = EDGE_CURVE ( 'NONE', #113, #4133, #3213, .T. ) ;
#8311 = VERTEX_POINT ( 'NONE', #1375 ) ;
#8312 = DIRECTION ( 'NONE',  ( 0.000000000000000000, 0.000000000000000000, 1.000000000000000000 ) ) ;
#8313 = ORIENTED_EDGE ( 'NONE', *, *, #6398, .F. ) ;
#8314 = EDGE_CURVE ( 'NONE', #2605, #6813, #8091, .T. ) ;
#8315 = ORIENTED_EDGE ( 'NONE', *, *, #6841, .T. ) ;
#8316 = DIRECTION ( 'NONE',  ( 1.000000000000000000, 0.000000000000000000, 0.000000000000000000 ) ) ;
#8317 = DIRECTION ( 'NONE',  ( 0.0001161624401737789401, -0.9999999932531438152, 0.000000000000000000 ) ) ;
#8318 = FACE_OUTER_BOUND ( 'NONE', #7298, .T. ) ;
#8319 = DIRECTION ( 'NONE',  ( 3.576220230030157874E-16, -1.000000000000000000, 0.000000000000000000 ) ) ;
#8320 = DIRECTION ( 'NONE',  ( 1.000000000000000000, 0.000000000000000000, 0.000000000000000000 ) ) ;
#8321 = AXIS2_PLACEMENT_3D ( 'NONE', #2734, #5472, #8729 ) ;
#8322 = ADVANCED_FACE ( 'NONE', ( #8599 ), #5462, .F. ) ;
#8323 = VERTEX_POINT ( 'NONE', #1284 ) ;
#8324 = VECTOR ( 'NONE', #4057, 1000.000000000000000 ) ;
#8325 = CARTESIAN_POINT ( 'NONE',  ( 19.74645814650588704, -0.09999999999999982514, 21.25407275812202812 ) ) ;
#8326 = ADVANCED_FACE ( 'NONE', ( #4487 ), #3390, .T. ) ;
#8327 = ORIENTED_EDGE ( 'NONE', *, *, #3551, .F. ) ;
#8328 = EDGE_CURVE ( 'NONE', #3496, #4679, #6795, .T. ) ;
#8329 = DIRECTION ( 'NONE',  ( -0.0001161624429838024349, 0.9999999932531434821, 0.000000000000000000 ) ) ;
#8330 = CARTESIAN_POINT ( 'NONE',  ( 13.86479015296693795, -0.09999999999999610589, 0.000000000000000000 ) ) ;
#8331 = CIRCLE ( 'NONE', #7892, 1.000000000000001110 ) ;
#8332 = DIRECTION ( 'NONE',  ( 0.000000000000000000, 0.000000000000000000, 1.000000000000000000 ) ) ;
#8333 = VECTOR ( 'NONE', #1447, 1000.000000000000000 ) ;
#8334 = CARTESIAN_POINT ( 'NONE',  ( 24.83782779072456037, -0.5999999999999989786, 2.500000000000000000 ) ) ;
#8335 = ADVANCED_FACE ( 'NONE', ( #661 ), #4113, .F. ) ;
#8336 = EDGE_LOOP ( 'NONE', ( #7941, #2755, #3399, #7392 ) ) ;
#8337 = AXIS2_PLACEMENT_3D ( 'NONE', #5554, #7054, #2225 ) ;
#8338 = CARTESIAN_POINT ( 'NONE',  ( 30.97248786666982312, 0.003597839793098920116, -1.898419459999999948 ) ) ;
#8339 = DIRECTION ( 'NONE',  ( -0.9999999932531438152, -0.0001161624401737789401, 0.000000000000000000 ) ) ;
#8340 = FACE_OUTER_BOUND ( 'NONE', #1965, .T. ) ;
#8341 = DIRECTION ( 'NONE',  ( 1.000000000000000000, 0.000000000000000000, 0.000000000000000000 ) ) ;
#8342 = CARTESIAN_POINT ( 'NONE',  ( 27.13280362000000068, 7.050000979999999196, 1.500000000000000000 ) ) ;
#8343 = EDGE_CURVE ( 'NONE', #7803, #2974, #4796, .T. ) ;
#8344 = EDGE_LOOP ( 'NONE', ( #3014, #3053, #290, #3028 ) ) ;
#8345 = FACE_OUTER_BOUND ( 'NONE', #4222, .T. ) ;
#8346 = VERTEX_POINT ( 'NONE', #54 ) ;
#8347 = DIRECTION ( 'NONE',  ( 1.000000000000000000, 0.000000000000000000, 0.000000000000000000 ) ) ;
#8348 = DIRECTION ( 'NONE',  ( -0.000000000000000000, -0.000000000000000000, -1.000000000000000000 ) ) ;
#8349 = LINE ( 'NONE', #2201, #1866 ) ;
#8350 = VERTEX_POINT ( 'NONE', #2768 ) ;
#8351 = VERTEX_POINT ( 'NONE', #3568 ) ;
#8352 = DIRECTION ( 'NONE',  ( 0.000000000000000000, 0.000000000000000000, 1.000000000000000000 ) ) ;
#8353 = VERTEX_POINT ( 'NONE', #2087 ) ;
#8354 = ORIENTED_EDGE ( 'NONE', *, *, #6001, .F. ) ;
#8355 = CARTESIAN_POINT ( 'NONE',  ( 0.8202910825731494215, 9.528701675252945562E-05, 1.469999999999999973 ) ) ;
#8356 = DIRECTION ( 'NONE',  ( -0.000000000000000000, 0.000000000000000000, -1.000000000000000000 ) ) ;
#8357 = PLANE ( 'NONE',  #8639 ) ;
#8358 = CARTESIAN_POINT ( 'NONE',  ( 5.607803620000000322, 108.8939430429717277, 1.500000000000008438 ) ) ;
#8359 = DIRECTION ( 'NONE',  ( 0.0001161624429838024213, -0.9999999932531434821, 0.000000000000000000 ) ) ;
#8360 = AXIS2_PLACEMENT_3D ( 'NONE', #5785, #3814, #2285 ) ;
#8361 = EDGE_CURVE ( 'NONE', #6682, #1189, #836, .T. ) ;
#8362 = EDGE_CURVE ( 'NONE', #4119, #4578, #2072, .T. ) ;
#8363 = VERTEX_POINT ( 'NONE', #4156 ) ;
#8364 = DIRECTION ( 'NONE',  ( 0.0001161624429838024349, -0.9999999932531434821, 0.000000000000000000 ) ) ;
#8365 = AXIS2_PLACEMENT_3D ( 'NONE', #2931, #4277, #6291 ) ;
#8366 = CIRCLE ( 'NONE', #4649, 0.4999999999999985567 ) ;
#8367 = ORIENTED_EDGE ( 'NONE', *, *, #4883, .T. ) ;
#8368 = CARTESIAN_POINT ( 'NONE',  ( 29.47226753285274015, 1.900000000000000133, 1.500000000000000000 ) ) ;
#8369 = DIRECTION ( 'NONE',  ( 0.000000000000000000, -0.000000000000000000, 1.000000000000000000 ) ) ;
#8370 = LINE ( 'NONE', #4290, #7069 ) ;
#8371 = DIRECTION ( 'NONE',  ( 0.000000000000000000, 0.000000000000000000, 1.000000000000000000 ) ) ;
#8372 = ADVANCED_FACE ( 'NONE', ( #4965 ), #798, .F. ) ;
#8373 = FACE_OUTER_BOUND ( 'NONE', #5211, .T. ) ;
#8374 = VECTOR ( 'NONE', #515, 1000.000000000000000 ) ;
#8375 = VECTOR ( 'NONE', #8005, 1000.000000000000114 ) ;
#8376 = ADVANCED_FACE ( 'NONE', ( #6964 ), #4837, .F. ) ;
#8377 = ORIENTED_EDGE ( 'NONE', *, *, #3373, .F. ) ;
#8378 = AXIS2_PLACEMENT_3D ( 'NONE', #4201, #2128, #6251 ) ;
#8379 =( NAMED_UNIT ( * ) PLANE_ANGLE_UNIT ( ) SI_UNIT ( $, .RADIAN. ) );
#8380 = DIRECTION ( 'NONE',  ( 0.000000000000000000, 0.000000000000000000, 1.000000000000000000 ) ) ;
#8381 = DIRECTION ( 'NONE',  ( -1.000000000000000000, 0.000000000000000000, 0.000000000000000000 ) ) ;
#8382 = LINE ( 'NONE', #4172, #2266 ) ;
#8383 = DIRECTION ( 'NONE',  ( -0.0001161624401737789401, 0.9999999932531438152, 0.000000000000000000 ) ) ;
#8384 = DIRECTION ( 'NONE',  ( -0.9999998850681161011, -0.0004794410854595740346, 0.000000000000000000 ) ) ;
#8385 = EDGE_CURVE ( 'NONE', #4964, #4659, #6297, .T. ) ;
#8386 = CIRCLE ( 'NONE', #6228, 0.5000000000000000000 ) ;
#8387 = ORIENTED_EDGE ( 'NONE', *, *, #3827, .T. ) ;
#8388 = DIRECTION ( 'NONE',  ( -1.000000000000000000, 0.000000000000000000, 0.000000000000000000 ) ) ;
#8389 = ORIENTED_EDGE ( 'NONE', *, *, #3684, .T. ) ;
#8390 = DIRECTION ( 'NONE',  ( -1.000000000000000000, 0.000000000000000000, 0.000000000000000000 ) ) ;
#8391 = PLANE ( 'NONE',  #5754 ) ;
#8392 = LINE ( 'NONE', #4400, #8152 ) ;
#8393 = EDGE_CURVE ( 'NONE', #4209, #7902, #3078, .T. ) ;
#8394 = ORIENTED_EDGE ( 'NONE', *, *, #8107, .F. ) ;
#8395 = ADVANCED_FACE ( 'NONE', ( #8277 ), #6357, .T. ) ;
#8396 = EDGE_LOOP ( 'NONE', ( #688, #993, #3969, #3198 ) ) ;
#8397 = ORIENTED_EDGE ( 'NONE', *, *, #8074, .F. ) ;
#8398 = ORIENTED_EDGE ( 'NONE', *, *, #2094, .T. ) ;
#8399 = CARTESIAN_POINT ( 'NONE',  ( 10.05780362000000139, 47.75000098000001003, 1.500000000000000000 ) ) ;
#8400 = LINE ( 'NONE', #953, #3889 ) ;
#8401 = DIRECTION ( 'NONE',  ( -1.000000000000000000, 0.000000000000000000, 0.000000000000000000 ) ) ;
#8402 = DIRECTION ( 'NONE',  ( 0.000000000000000000, -1.000000000000000000, 0.000000000000000000 ) ) ;
#8403 = CARTESIAN_POINT ( 'NONE',  ( 21.05780361999999428, 62.25000098000001003, 3.000000000000000000 ) ) ;
#8404 = ORIENTED_EDGE ( 'NONE', *, *, #5570, .F. ) ;
#8405 = CARTESIAN_POINT ( 'NONE',  ( 2.820070398492491304, 0.9000000000000002442, 0.000000000000000000 ) ) ;
#8406 = VERTEX_POINT ( 'NONE', #3482 ) ;
#8407 = DIRECTION ( 'NONE',  ( 0.9999999932531434821, 0.0001161624429837051142, -1.977349438223735199E-54 ) ) ;
#8408 = VERTEX_POINT ( 'NONE', #6923 ) ;
#8409 = LINE ( 'NONE', #7139, #770 ) ;
#8410 = CARTESIAN_POINT ( 'NONE',  ( 32.46724094116238035, 45.17226502389456755, -3.998419460000000480 ) ) ;
#8411 = CYLINDRICAL_SURFACE ( 'NONE', #1502, 0.5000000000000004441 ) ;
#8412 = CARTESIAN_POINT ( 'NONE',  ( 30.46843583340185546, 34.88575827225216131, 3.000000000000000000 ) ) ;
#8413 = FACE_OUTER_BOUND ( 'NONE', #4114, .T. ) ;
#8414 = ORIENTED_EDGE ( 'NONE', *, *, #4822, .F. ) ;
#8415 = ADVANCED_FACE ( 'NONE', ( #7681 ), #7548, .F. ) ;
#8416 = EDGE_CURVE ( 'NONE', #7450, #1512, #1418, .T. ) ;
#8417 = LINE ( 'NONE', #1553, #4486 ) ;
#8418 = LINE ( 'NONE', #4848, #4295 ) ;
#8419 = FACE_OUTER_BOUND ( 'NONE', #3331, .T. ) ;
#8420 = EDGE_CURVE ( 'NONE', #8706, #947, #1787, .T. ) ;
#8421 = VECTOR ( 'NONE', #8650, 1000.000000000000000 ) ;
#8422 = CARTESIAN_POINT ( 'NONE',  ( 0.000000000000000000, 30.05000098000000008, 1.500000000000000000 ) ) ;
#8423 = CARTESIAN_POINT ( 'NONE',  ( 13.36478996037949329, 4.305886958679804088, 1.500000000000000000 ) ) ;
#8424 = DIRECTION ( 'NONE',  ( 0.000000000000000000, -0.000000000000000000, -1.000000000000000000 ) ) ;
#8425 = AXIS2_PLACEMENT_3D ( 'NONE', #2059, #6764, #634 ) ;
#8426 = VECTOR ( 'NONE', #5253, 1000.000000000000227 ) ;
#8427 = EDGE_CURVE ( 'NONE', #5939, #7439, #366, .T. ) ;
#8428 = EDGE_LOOP ( 'NONE', ( #2545, #2691, #2890, #1826 ) ) ;
#8429 = FACE_OUTER_BOUND ( 'NONE', #6614, .T. ) ;
#8430 = FACE_OUTER_BOUND ( 'NONE', #5628, .T. ) ;
#8431 = AXIS2_PLACEMENT_3D ( 'NONE', #5590, #8319, #4922 ) ;
#8432 = EDGE_CURVE ( 'NONE', #7840, #2651, #2898, .T. ) ;
#8433 = ORIENTED_EDGE ( 'NONE', *, *, #4677, .T. ) ;
#8434 = CYLINDRICAL_SURFACE ( 'NONE', #7411, 0.5000000000000000000 ) ;
#8435 = CARTESIAN_POINT ( 'NONE',  ( 29.45992963128577458, 108.1124854235292645, 0.000000000000000000 ) ) ;
#8436 = CIRCLE ( 'NONE', #1705, 0.9999999999999971134 ) ;
#8437 = CARTESIAN_POINT ( 'NONE',  ( 2.320070401865905740, 1.899941918778506711, 1.000000000000000000 ) ) ;
#8438 = EDGE_LOOP ( 'NONE', ( #8169, #4806, #3913, #3777 ) ) ;
#8439 = ORIENTED_EDGE ( 'NONE', *, *, #2419, .F. ) ;
#8440 = ORIENTED_EDGE ( 'NONE', *, *, #1923, .F. ) ;
#8441 = ORIENTED_EDGE ( 'NONE', *, *, #1513, .T. ) ;
#8442 = VERTEX_POINT ( 'NONE', #7638 ) ;
#8443 = LINE ( 'NONE', #2299, #1841 ) ;
#8444 = CARTESIAN_POINT ( 'NONE',  ( 24.50780361999600032, 31.42291396461827091, 3.500000000000000000 ) ) ;
#8445 = CARTESIAN_POINT ( 'NONE',  ( 28.13280362000000068, 29.55000098000000008, 3.500000000000000000 ) ) ;
#8446 = AXIS2_PLACEMENT_3D ( 'NONE', #8437, #863, #4357 ) ;
#8447 = CARTESIAN_POINT ( 'NONE',  ( 22.05780361999999784, 47.75000098000001003, 3.500000000000000000 ) ) ;
#8448 = ORIENTED_EDGE ( 'NONE', *, *, #8361, .F. ) ;
#8449 = VECTOR ( 'NONE', #4704, 1000.000000000000000 ) ;
#8450 = EDGE_LOOP ( 'NONE', ( #4644, #3104, #3747, #4680 ) ) ;
#8451 = DIRECTION ( 'NONE',  ( -0.9999999999999847899, -1.748455523006161940E-07, 0.000000000000000000 ) ) ;
#8452 = EDGE_CURVE ( 'NONE', #5734, #1265, #5637, .T. ) ;
#8453 = ORIENTED_EDGE ( 'NONE', *, *, #7400, .F. ) ;
#8454 = AXIS2_PLACEMENT_3D ( 'NONE', #2716, #2677, #6609 ) ;
#8455 = DIRECTION ( 'NONE',  ( 0.000000000000000000, 0.000000000000000000, 1.000000000000000000 ) ) ;
#8456 = EDGE_CURVE ( 'NONE', #8506, #5143, #6340, .T. ) ;
#8457 = DIRECTION ( 'NONE',  ( 0.0001161624429838024484, -0.9999999932531434821, 0.000000000000000000 ) ) ;
#8458 = CARTESIAN_POINT ( 'NONE',  ( 32.96728116188639746, 44.82604855097194019, 1.320000001411006485 ) ) ;
#8459 = CARTESIAN_POINT ( 'NONE',  ( 2.806295657712862823, 111.0997069196525189, -3.998419460000000480 ) ) ;
#8460 = LINE ( 'NONE', #3702, #749 ) ;
#8461 = DIRECTION ( 'NONE',  ( -1.000000000000000000, 0.000000000000000000, 0.000000000000000000 ) ) ;
#8462 = AXIS2_PLACEMENT_3D ( 'NONE', #1369, #4960, #1534 ) ;
#8463 = ORIENTED_EDGE ( 'NONE', *, *, #8692, .T. ) ;
#8464 = ORIENTED_EDGE ( 'NONE', *, *, #4251, .T. ) ;
#8465 = AXIS2_PLACEMENT_3D ( 'NONE', #5424, #3986, #2646 ) ;
#8466 = CARTESIAN_POINT ( 'NONE',  ( 12.85780362000000032, 0.000000000000000000, 21.25407275812202812 ) ) ;
#8467 = AXIS2_PLACEMENT_3D ( 'NONE', #4184, #83, #2793 ) ;
#8468 = CARTESIAN_POINT ( 'NONE',  ( 5.132803619999998901, 6.550000980000000084, 3.500000000000000000 ) ) ;
#8469 = DIRECTION ( 'NONE',  ( 0.000000000000000000, 0.000000000000000000, 1.000000000000000000 ) ) ;
#8470 = DIRECTION ( 'NONE',  ( 0.000000000000000000, 0.000000000000000000, 1.000000000000000000 ) ) ;
#8471 = AXIS2_PLACEMENT_3D ( 'NONE', #2136, #2364, #3888 ) ;
#8472 = EDGE_CURVE ( 'NONE', #468, #3277, #2940, .T. ) ;
#8473 = ADVANCED_FACE ( 'NONE', ( #2809 ), #5797, .F. ) ;
#8474 = AXIS2_PLACEMENT_3D ( 'NONE', #3488, #226, #5643 ) ;
#8475 = ORIENTED_EDGE ( 'NONE', *, *, #4489, .F. ) ;
#8476 = DIRECTION ( 'NONE',  ( 6.311429343820460109E-43, -5.433278725136842152E-39, 1.000000000000000000 ) ) ;
#8477 = ORIENTED_EDGE ( 'NONE', *, *, #5504, .T. ) ;
#8478 = FACE_OUTER_BOUND ( 'NONE', #5756, .T. ) ;
#8479 = CARTESIAN_POINT ( 'NONE',  ( 2.807733980969242094, 108.0997072644481563, 0.000000000000000000 ) ) ;
#8480 = ORIENTED_EDGE ( 'NONE', *, *, #3935, .T. ) ;
#8481 = EDGE_CURVE ( 'NONE', #6543, #5734, #2259, .T. ) ;
#8482 = B_SPLINE_CURVE_WITH_KNOTS ( 'NONE', 3,
 ( #5519, #4346, #5022, #3627, #7610, #936, #2190 ),
 .UNSPECIFIED., .F., .F.,
 ( 4, 3, 4 ),
 ( 1.999999999988130066E-07, 0.001000000000000001322, 0.001625199836268745573 ),
 .UNSPECIFIED. ) ;
#8483 = EDGE_LOOP ( 'NONE', ( #6555, #3323, #1406, #1635 ) ) ;
#8484 = VERTEX_POINT ( 'NONE', #5198 ) ;
#8485 = ORIENTED_EDGE ( 'NONE', *, *, #8432, .F. ) ;
#8486 = ORIENTED_EDGE ( 'NONE', *, *, #350, .F. ) ;
#8487 = FACE_OUTER_BOUND ( 'NONE', #3950, .T. ) ;
#8488 = FACE_OUTER_BOUND ( 'NONE', #3696, .T. ) ;
#8489 = CYLINDRICAL_SURFACE ( 'NONE', #3949, 0.5000000000000019984 ) ;
#8490 = CARTESIAN_POINT ( 'NONE',  ( 15.81018188741112240, 0.9000000000000025757, 0.000000000000000000 ) ) ;
#8491 = ORIENTED_EDGE ( 'NONE', *, *, #291, .F. ) ;
#8492 = EDGE_CURVE ( 'NONE', #750, #5367, #2365, .T. ) ;
#8493 = EDGE_LOOP ( 'NONE', ( #1295, #2170, #181, #6953 ) ) ;
#8494 = CARTESIAN_POINT ( 'NONE',  ( 32.45992961104519736, 108.1128339108497585, 3.500000000000000000 ) ) ;
#8495 = EDGE_LOOP ( 'NONE', ( #6732, #1851, #4157, #2188 ) ) ;
#8496 = DIRECTION ( 'NONE',  ( 0.000000000000000000, -0.000000000000000000, 1.000000000000000000 ) ) ;
#8497 = ORIENTED_EDGE ( 'NONE', *, *, #7792, .F. ) ;
#8498 = FACE_OUTER_BOUND ( 'NONE', #6402, .T. ) ;
#8499 = DIRECTION ( 'NONE',  ( -1.972096669307507374E-16, 1.000000000000000000, 0.000000000000000000 ) ) ;
#8500 = CARTESIAN_POINT ( 'NONE',  ( 22.23782774328765655, 3.877977035278655116, 1.500000000000001332 ) ) ;
#8501 = LINE ( 'NONE', #8545, #1604 ) ;
#8502 = DIRECTION ( 'NONE',  ( -0.9999999932531438152, -0.0001161624401737789401, 0.000000000000000000 ) ) ;
#8503 = ADVANCED_FACE ( 'NONE', ( #5144 ), #7136, .F. ) ;
#8504 = VECTOR ( 'NONE', #4196, 999.9999999999998863 ) ;
#8505 = VECTOR ( 'NONE', #1517, 1000.000000000000000 ) ;
#8506 = VERTEX_POINT ( 'NONE', #5892 ) ;
#8507 = ORIENTED_EDGE ( 'NONE', *, *, #4698, .T. ) ;
#8508 = CARTESIAN_POINT ( 'NONE',  ( 32.46849390112823386, 34.38599060050595568, 3.500000000000000000 ) ) ;
#8509 = CARTESIAN_POINT ( 'NONE',  ( 0.000000000000000000, 0.000000000000000000, -3.998419460000000480 ) ) ;
#8510 = VECTOR ( 'NONE', #427, 1000.000000000000000 ) ;
#8511 = DIRECTION ( 'NONE',  ( -1.000000000000000000, 0.000000000000000000, 0.000000000000000000 ) ) ;
#8512 = CARTESIAN_POINT ( 'NONE',  ( -0.6806784436643132929, 8.346305006207686006, 122.8571184009966686 ) ) ;
#8513 = CARTESIAN_POINT ( 'NONE',  ( 10.26479015296693298, -0.09999999999999610589, 0.000000000000000000 ) ) ;
#8514 = VECTOR ( 'NONE', #700, 1000.000000000000000 ) ;
#8515 = CIRCLE ( 'NONE', #4093, 0.5000000000000004441 ) ;
#8516 = ORIENTED_EDGE ( 'NONE', *, *, #4411, .F. ) ;
#8517 = DIRECTION ( 'NONE',  ( 0.9999999932531434821, 0.0001161624429837051277, 7.965459555662263154E-59 ) ) ;
#8518 = DIRECTION ( 'NONE',  ( 0.000000000000000000, 0.000000000000000000, -1.000000000000000000 ) ) ;
#8519 = ORIENTED_EDGE ( 'NONE', *, *, #3654, .F. ) ;
#8520 = CYLINDRICAL_SURFACE ( 'NONE', #141, 0.5000000000000004441 ) ;
#8521 = CARTESIAN_POINT ( 'NONE',  ( 8.707803619999999967, 104.7000009799999987, 2.500000000000000000 ) ) ;
#8522 = EDGE_CURVE ( 'NONE', #5922, #4059, #7090, .T. ) ;
#8523 = PLANE ( 'NONE',  #3443 ) ;
#8524 = ORIENTED_EDGE ( 'NONE', *, *, #1421, .T. ) ;
#8525 = EDGE_CURVE ( 'NONE', #1914, #3326, #100, .T. ) ;
#8526 = ORIENTED_EDGE ( 'NONE', *, *, #271, .F. ) ;
#8527 = ORIENTED_EDGE ( 'NONE', *, *, #2786, .T. ) ;
#8528 = EDGE_LOOP ( 'NONE', ( #2369, #2474, #6238, #4431 ) ) ;
#8529 = DIRECTION ( 'NONE',  ( -0.000000000000000000, -0.000000000000000000, -1.000000000000000000 ) ) ;
#8530 = EDGE_CURVE ( 'NONE', #5968, #7385, #7229, .T. ) ;
#8531 = ADVANCED_FACE ( 'NONE', ( #7182 ), #4513, .T. ) ;
#8532 = ORIENTED_EDGE ( 'NONE', *, *, #5955, .F. ) ;
#8533 = DIRECTION ( 'NONE',  ( -1.000000000000000000, 0.000000000000000000, 0.000000000000000000 ) ) ;
#8534 = DIRECTION ( 'NONE',  ( 0.000000000000000000, 0.000000000000000000, 1.000000000000000000 ) ) ;
#8535 = CARTESIAN_POINT ( 'NONE',  ( 30.96728117538010494, 44.82581622609158956, 1.320000001411006485 ) ) ;
#8536 = ORIENTED_EDGE ( 'NONE', *, *, #7480, .F. ) ;
#8537 = ORIENTED_EDGE ( 'NONE', *, *, #453, .T. ) ;
#8538 = LINE ( 'NONE', #6604, #648 ) ;
#8539 = ORIENTED_EDGE ( 'NONE', *, *, #6, .T. ) ;
#8540 = LINE ( 'NONE', #4417, #7127 ) ;
#8541 = EDGE_LOOP ( 'NONE', ( #1339, #1979, #7386, #1884 ) ) ;
#8542 = CARTESIAN_POINT ( 'NONE',  ( 9.207803619999998190, 110.1025362304291093, 0.000000000000000000 ) ) ;
#8543 = CARTESIAN_POINT ( 'NONE',  ( 30.46733109937489203, 44.39600976024078705, 0.07096245698404970992 ) ) ;
#8544 = EDGE_CURVE ( 'NONE', #6966, #7625, #1217, .T. ) ;
#8545 = CARTESIAN_POINT ( 'NONE',  ( -0.05326511289220822731, 111.0983359285751391, 3.500000000000000000 ) ) ;
#8546 = DIRECTION ( 'NONE',  ( 0.000000000000000000, -0.000000000000000000, -1.000000000000000000 ) ) ;
#8547 = VERTEX_POINT ( 'NONE', #5809 ) ;
#8548 = PRODUCT_RELATED_PRODUCT_CATEGORY ( 'part', '', ( #7368 ) ) ;
#8549 = FACE_OUTER_BOUND ( 'NONE', #3638, .T. ) ;
#8550 = DIRECTION ( 'NONE',  ( 0.9999999932531438152, 0.0001161624401668784947, 0.000000000000000000 ) ) ;
#8551 = CARTESIAN_POINT ( 'NONE',  ( -0.04799126095333432901, 100.0983371928258805, 3.426814665646245039 ) ) ;
#8552 = CARTESIAN_POINT ( 'NONE',  ( 2.807733980969242094, 108.0997072644481563, -3.998419460000000480 ) ) ;
#8553 = ADVANCED_FACE ( 'NONE', ( #2309 ), #960, .T. ) ;
#8554 = VERTEX_POINT ( 'NONE', #2397 ) ;
#8555 = DIRECTION ( 'NONE',  ( 0.9999999932531434821, 0.0001161624429838024349, -0.000000000000000000 ) ) ;
#8556 = DIRECTION ( 'NONE',  ( 0.9999999932531434821, 0.0001161624429838024213, -0.000000000000000000 ) ) ;
#8557 = ORIENTED_EDGE ( 'NONE', *, *, #6326, .F. ) ;
#8558 = CARTESIAN_POINT ( 'NONE',  ( 21.73782776687479767, 1.899999907767716989, 1.500000000000000000 ) ) ;
#8559 = CARTESIAN_POINT ( 'NONE',  ( 13.36479015296693795, -0.09999999999999939493, 0.000000000000000000 ) ) ;
#8560 = VECTOR ( 'NONE', #8015, 1000.000000000000114 ) ;
#8561 = DIRECTION ( 'NONE',  ( 1.000000000000000000, 0.000000000000000000, 0.000000000000000000 ) ) ;
#8562 = VERTEX_POINT ( 'NONE', #2355 ) ;
#8563 = VECTOR ( 'NONE', #1076, 1000.000000000000000 ) ;
#8564 = AXIS2_PLACEMENT_3D ( 'NONE', #4194, #743, #130 ) ;
#8565 = ORIENTED_EDGE ( 'NONE', *, *, #7792, .T. ) ;
#8566 = CARTESIAN_POINT ( 'NONE',  ( 0.8193215462154020967, 8.346479249872167827, -3.498419460000000480 ) ) ;
#8567 = AXIS2_PLACEMENT_3D ( 'NONE', #7731, #7138, #8455 ) ;
#8568 = LINE ( 'NONE', #3962, #1268 ) ;
#8569 = DIRECTION ( 'NONE',  ( 0.0001161624401745108036, -0.9999999932531438152, 0.000000000000000000 ) ) ;
#8570 = DIRECTION ( 'NONE',  ( -0.000000000000000000, -0.000000000000000000, -1.000000000000000000 ) ) ;
#8571 = DIRECTION ( 'NONE',  ( 0.000000000000000000, 0.000000000000000000, 1.000000000000000000 ) ) ;
#8572 = EDGE_LOOP ( 'NONE', ( #88, #1890, #3082, #2385 ) ) ;
#8573 = VECTOR ( 'NONE', #4861, 1000.000000000000000 ) ;
#8574 = EDGE_CURVE ( 'NONE', #1633, #6043, #7938, .T. ) ;
#8575 = ORIENTED_EDGE ( 'NONE', *, *, #7873, .F. ) ;
#8576 = DIRECTION ( 'NONE',  ( 0.0001161624401668785082, -0.9999999932531439262, -0.000000000000000000 ) ) ;
#8577 = ORIENTED_EDGE ( 'NONE', *, *, #17, .T. ) ;
#8578 = CARTESIAN_POINT ( 'NONE',  ( 6.107803620000001210, 105.2000009799999987, -19.25780817680636048 ) ) ;
#8579 = ORIENTED_EDGE ( 'NONE', *, *, #2786, .F. ) ;
#8580 = DIRECTION ( 'NONE',  ( 1.000000000000000000, 0.000000000000000000, 0.000000000000000000 ) ) ;
#8581 = LINE ( 'NONE', #6563, #5029 ) ;
#8582 = DIRECTION ( 'NONE',  ( 4.371138867531598748E-08, -0.9999999999999991118, 0.000000000000000000 ) ) ;
#8583 = AXIS2_PLACEMENT_3D ( 'NONE', #896, #8339, #8290 ) ;
#8584 = CARTESIAN_POINT ( 'NONE',  ( 10.26478998223519845, 3.805886823174499778, -19.25780817680636048 ) ) ;
#8585 = DIRECTION ( 'NONE',  ( -0.0001161624401738165890, 0.9999999932531438152, 6.288372600415900474E-15 ) ) ;
#8586 = VECTOR ( 'NONE', #1567, 1000.000000000000000 ) ;
#8587 = EDGE_CURVE ( 'NONE', #4269, #3172, #7952, .T. ) ;
#8588 = EDGE_CURVE ( 'NONE', #776, #4167, #3069, .T. ) ;
#8589 = EDGE_CURVE ( 'NONE', #4167, #8601, #6557, .T. ) ;
#8590 = EDGE_LOOP ( 'NONE', ( #8841, #7935, #3718, #8477 ) ) ;
#8591 = EDGE_LOOP ( 'NONE', ( #241, #7774, #488, #3465 ) ) ;
#8592 = CARTESIAN_POINT ( 'NONE',  ( 31.45992961779206354, 108.1127177484095938, -3.998419459999999592 ) ) ;
#8593 = DIRECTION ( 'NONE',  ( -1.000000000000000000, 0.000000000000000000, 0.000000000000000000 ) ) ;
#8594 = CARTESIAN_POINT ( 'NONE',  ( 30.73941560403399720, 35.05877601781161701, 0.5000000000014571677 ) ) ;
#8595 = AXIS2_PLACEMENT_3D ( 'NONE', #1519, #4941, #237 ) ;
#8596 = VECTOR ( 'NONE', #6290, 1000.000000000000000 ) ;
#8597 = CARTESIAN_POINT ( 'NONE',  ( 9.207803620000030165, 1.899999999999994360, 1.500000000000000000 ) ) ;
#8598 = CARTESIAN_POINT ( 'NONE',  ( 28.13280362000000068, 7.550000979999999196, 3.000000000000000000 ) ) ;
#8599 = FACE_OUTER_BOUND ( 'NONE', #4711, .T. ) ;
#8600 = VECTOR ( 'NONE', #2574, 1000.000000000000000 ) ;
#8601 = VERTEX_POINT ( 'NONE', #3024 ) ;
#8602 = DIRECTION ( 'NONE',  ( 1.000000000000000000, 0.000000000000000000, 0.000000000000000000 ) ) ;
#8603 = LINE ( 'NONE', #5078, #2775 ) ;
#8604 = VERTEX_POINT ( 'NONE', #1059 ) ;
#8605 = CARTESIAN_POINT ( 'NONE',  ( 21.05780361999999428, 62.75000098000001003, 3.000000000000000000 ) ) ;
#8606 = VECTOR ( 'NONE', #442, 999.9999999999998863 ) ;
#8607 = CARTESIAN_POINT ( 'NONE',  ( 13.36478998223519099, 3.805886958679804088, 1.500000000000001332 ) ) ;
#8608 = ORIENTED_EDGE ( 'NONE', *, *, #4393, .T. ) ;
#8609 = EDGE_CURVE ( 'NONE', #2685, #4642, #7650, .T. ) ;
#8610 = ORIENTED_EDGE ( 'NONE', *, *, #4040, .F. ) ;
#8611 = VERTEX_POINT ( 'NONE', #1814 ) ;
#8612 = VECTOR ( 'NONE', #1860, 999.9999999999998863 ) ;
#8613 = DIRECTION ( 'NONE',  ( 1.000000000000000000, 0.000000000000000000, 0.000000000000000000 ) ) ;
#8614 = CYLINDRICAL_SURFACE ( 'NONE', #4577, 0.5000000000000004441 ) ;
#8615 = CARTESIAN_POINT ( 'NONE',  ( 29.45992963128577458, 108.1124854235292645, -3.998419460000000480 ) ) ;
#8616 = CARTESIAN_POINT ( 'NONE',  ( 6.107563899457270296, 110.6012896259977083, -19.25780817680636048 ) ) ;
#8617 = FACE_OUTER_BOUND ( 'NONE', #2024, .T. ) ;
#8618 = CIRCLE ( 'NONE', #7035, 0.5000000000000001110 ) ;
#8619 = VERTEX_POINT ( 'NONE', #8494 ) ;
#8620 = DIRECTION ( 'NONE',  ( 0.9999999932531438152, 0.0001161624401737792789, 0.000000000000000000 ) ) ;
#8621 = VERTEX_POINT ( 'NONE', #4551 ) ;
#8622 = CARTESIAN_POINT ( 'NONE',  ( -0.1807365282592333922, 8.846363084055756332, -3.498419460000012471 ) ) ;
#8623 = VERTEX_POINT ( 'NONE', #4376 ) ;
#8624 = CARTESIAN_POINT ( 'NONE',  ( 2.807733980969242094, 108.0997072644481563, 2.500000000000002220 ) ) ;
#8625 = DIRECTION ( 'NONE',  ( -1.000000000000000000, 0.000000000000000000, 0.000000000000000000 ) ) ;
#8626 = DIRECTION ( 'NONE',  ( 0.000000000000000000, 0.000000000000000000, 1.000000000000000000 ) ) ;
#8627 = EDGE_CURVE ( 'NONE', #33, #3026, #4083, .T. ) ;
#8628 = DIRECTION ( 'NONE',  ( -0.0001161624429838024349, 0.9999999932531434821, -0.000000000000000000 ) ) ;
#8629 = EDGE_CURVE ( 'NONE', #6842, #6657, #8538, .T. ) ;
#8630 = DIRECTION ( 'NONE',  ( -1.000000000000000000, 0.000000000000000000, 0.000000000000000000 ) ) ;
#8631 = EDGE_CURVE ( 'NONE', #7911, #7439, #3200, .T. ) ;
#8632 = ORIENTED_EDGE ( 'NONE', *, *, #5282, .T. ) ;
#8633 = CIRCLE ( 'NONE', #2053, 3.000000000000001776 ) ;
#8634 = ORIENTED_EDGE ( 'NONE', *, *, #3102, .F. ) ;
#8635 = LINE ( 'NONE', #8592, #2481 ) ;
#8636 = LINE ( 'NONE', #2508, #8375 ) ;
#8637 = ADVANCED_FACE ( 'NONE', ( #6821 ), #7505, .T. ) ;
#8638 = DIRECTION ( 'NONE',  ( 0.000000000000000000, 0.000000000000000000, -1.000000000000000000 ) ) ;
#8639 = AXIS2_PLACEMENT_3D ( 'NONE', #4408, #7084, #5802 ) ;
#8640 = CARTESIAN_POINT ( 'NONE',  ( 1.814959585505095285, 45.89706200000000536, 1.000000000000000888 ) ) ;
#8641 = VECTOR ( 'NONE', #69, 1000.000000000000000 ) ;
#8642 = AXIS2_PLACEMENT_3D ( 'NONE', #7927, #6750, #3811 ) ;
#8643 = VERTEX_POINT ( 'NONE', #3251 ) ;
#8644 = CARTESIAN_POINT ( 'NONE',  ( 29.45849130802940152, 111.1124850787335987, 3.500000000000000000 ) ) ;
#8645 = DIRECTION ( 'NONE',  ( -0.000000000000000000, 1.000000000000000000, -0.000000000000000000 ) ) ;
#8646 = VERTEX_POINT ( 'NONE', #2625 ) ;
#8647 = DIRECTION ( 'NONE',  ( 3.155714671910230055E-43, -2.716639362568421076E-39, 1.000000000000000000 ) ) ;
#8648 = EDGE_CURVE ( 'NONE', #7135, #4189, #7990, .T. ) ;
#8649 = CARTESIAN_POINT ( 'NONE',  ( 2.307733984342669409, 108.0996491832266599, 0.9999999999999731326 ) ) ;
#8650 = DIRECTION ( 'NONE',  ( -0.000000000000000000, -0.000000000000000000, -1.000000000000000000 ) ) ;
#8651 = ORIENTED_EDGE ( 'NONE', *, *, #2934, .T. ) ;
#8652 = EDGE_LOOP ( 'NONE', ( #8174, #6051, #3324, #8092 ) ) ;
#8653 = LINE ( 'NONE', #2570, #1612 ) ;
#8654 = CIRCLE ( 'NONE', #3224, 0.5000000000000000000 ) ;
#8655 = ORIENTED_EDGE ( 'NONE', *, *, #8815, .T. ) ;
#8656 = EDGE_CURVE ( 'NONE', #8351, #5493, #6642, .T. ) ;
#8657 = DIRECTION ( 'NONE',  ( 0.9999999932531438152, 0.0001161624401737792789, 0.000000000000000000 ) ) ;
#8658 = VECTOR ( 'NONE', #8626, 1000.000000000000000 ) ;
#8659 = DIRECTION ( 'NONE',  ( -0.000000000000000000, -0.000000000000000000, -1.000000000000000000 ) ) ;
#8660 = CARTESIAN_POINT ( 'NONE',  ( -1.183820693491309584, 35.39675566525551176, -0.03000000000000224709 ) ) ;
#8661 = CARTESIAN_POINT ( 'NONE',  ( 23.63280361999999712, 74.15143637488998252, 3.500000000000000000 ) ) ;
#8662 = ORIENTED_EDGE ( 'NONE', *, *, #4851, .F. ) ;
#8663 =( BOUNDED_CURVE ( )  B_SPLINE_CURVE ( 3, ( #7577, #3327, #4134, #5533 ),
 .UNSPECIFIED., .F., .F. ) 
 B_SPLINE_CURVE_WITH_KNOTS ( ( 4, 4 ),
 ( 6.283069144736341372, 6.283185307179586232 ),
 .UNSPECIFIED. ) 
 CURVE ( )  GEOMETRIC_REPRESENTATION_ITEM ( )  RATIONAL_B_SPLINE_CURVE ( ( 1.000000000000000000, 0.9999999988755239322, 0.9999999988755239322, 1.000000000000000000 ) ) 
 REPRESENTATION_ITEM ( '' )  );
#8664 = ORIENTED_EDGE ( 'NONE', *, *, #8472, .F. ) ;
#8665 = CARTESIAN_POINT ( 'NONE',  ( -5.319310414939500063E-06, 30.42290950469131516, 3.500000000000000000 ) ) ;
#8666 = ORIENTED_EDGE ( 'NONE', *, *, #6799, .T. ) ;
#8667 = LINE ( 'NONE', #2628, #4573 ) ;
#8668 = EDGE_LOOP ( 'NONE', ( #8090, #4441, #7374, #391 ) ) ;
#8669 = EDGE_CURVE ( 'NONE', #5430, #5250, #4596, .T. ) ;
#8670 = CARTESIAN_POINT ( 'NONE',  ( 21.05780361999999428, 63.25000098000001003, 3.500000000000000000 ) ) ;
#8671 = DIRECTION ( 'NONE',  ( 1.000000000000000000, 0.000000000000000000, 0.000000000000000000 ) ) ;
#8672 = CARTESIAN_POINT ( 'NONE',  ( 8.632803620000000677, 65.45000098000001287, 3.000000000000000000 ) ) ;
#8673 = CARTESIAN_POINT ( 'NONE',  ( 0.8150234764846252533, 45.34698983983428633, -0.03000000000000112299 ) ) ;
#8674 = EDGE_LOOP ( 'NONE', ( #6090, #4418, #2450, #2658 ) ) ;
#8675 = EDGE_LOOP ( 'NONE', ( #2406, #4957, #1542, #1490 ) ) ;
#8676 = ORIENTED_EDGE ( 'NONE', *, *, #1080, .T. ) ;
#8677 = DIRECTION ( 'NONE',  ( 0.000000000000000000, 0.000000000000000000, 1.000000000000000000 ) ) ;
#8678 = LINE ( 'NONE', #4705, #3790 ) ;
#8679 = FACE_OUTER_BOUND ( 'NONE', #2897, .T. ) ;
#8680 = LINE ( 'NONE', #5296, #2983 ) ;
#8681 = ADVANCED_FACE ( 'NONE', ( #4643 ), #1229, .F. ) ;
#8682 = EDGE_CURVE ( 'NONE', #209, #5748, #8654, .T. ) ;
#8683 = ORIENTED_EDGE ( 'NONE', *, *, #8525, .F. ) ;
#8684 = ORIENTED_EDGE ( 'NONE', *, *, #2427, .F. ) ;
#8685 = CARTESIAN_POINT ( 'NONE',  ( 27.63280362000000068, 7.550000979999999196, 1.500000000000000000 ) ) ;
#8686 = CARTESIAN_POINT ( 'NONE',  ( -0.1813463810815675314, 14.09636301996061825, -3.498419460000012471 ) ) ;
#8687 = ORIENTED_EDGE ( 'NONE', *, *, #5923, .F. ) ;
#8688 = LINE ( 'NONE', #4537, #8560 ) ;
#8689 = CARTESIAN_POINT ( 'NONE',  ( 2.820070398492477537, 1.900000000000000577, 0.000000000000000000 ) ) ;
#8690 = CARTESIAN_POINT ( 'NONE',  ( 2.807254539883782485, 109.0997071495162771, 0.000000000000000000 ) ) ;
#8691 = EDGE_CURVE ( 'NONE', #8311, #3240, #2711, .T. ) ;
#8692 = EDGE_CURVE ( 'NONE', #7464, #7874, #2580, .T. ) ;
#8693 = ORIENTED_EDGE ( 'NONE', *, *, #171, .F. ) ;
#8694 = EDGE_CURVE ( 'NONE', #6751, #3403, #802, .T. ) ;
#8695 = VERTEX_POINT ( 'NONE', #8121 ) ;
#8696 = DIRECTION ( 'NONE',  ( -0.000000000000000000, -0.000000000000000000, -1.000000000000000000 ) ) ;
#8697 = AXIS2_PLACEMENT_3D ( 'NONE', #4652, #4483, #5118 ) ;
#8698 = ORIENTED_EDGE ( 'NONE', *, *, #6312, .F. ) ;
#8699 = CARTESIAN_POINT ( 'NONE',  ( 1.814901497536368424, 46.39712008122149456, 1.000000000000000888 ) ) ;
#8700 = CARTESIAN_POINT ( 'NONE',  ( 1.316504542633788910, 32.59706199999999399, 21.25407275812202812 ) ) ;
#8701 = DIRECTION ( 'NONE',  ( 1.000000000000000000, 0.000000000000000000, 0.000000000000000000 ) ) ;
#8702 = CIRCLE ( 'NONE', #975, 0.5000000000000019984 ) ;
#8703 = LINE ( 'NONE', #471, #6422 ) ;
#8704 = EDGE_LOOP ( 'NONE', ( #1881, #690, #6027, #8557, #7319 ) ) ;
#8705 = AXIS2_PLACEMENT_3D ( 'NONE', #832, #6160, #1992 ) ;
#8706 = VERTEX_POINT ( 'NONE', #1984 ) ;
#8707 = CIRCLE ( 'NONE', #3278, 0.5000000000000004441 ) ;
#8708 = DIRECTION ( 'NONE',  ( -0.000000000000000000, -0.000000000000000000, -1.000000000000000000 ) ) ;
#8709 = ORIENTED_EDGE ( 'NONE', *, *, #7770, .T. ) ;
#8710 = ORIENTED_EDGE ( 'NONE', *, *, #8587, .T. ) ;
#8711 = CYLINDRICAL_SURFACE ( 'NONE', #5297, 0.5000000000000000000 ) ;
#8712 = PLANE ( 'NONE',  #1297 ) ;
#8713 = LINE ( 'NONE', #2586, #506 ) ;
#8714 = ADVANCED_FACE ( 'NONE', ( #5450 ), #8076, .F. ) ;
#8715 = AXIS2_PLACEMENT_3D ( 'NONE', #1532, #6373, #5712 ) ;
#8716 = PLANE ( 'NONE',  #7705 ) ;
#8717 = CARTESIAN_POINT ( 'NONE',  ( 10.05780362000000139, 47.25000098000001003, 3.500000000000000000 ) ) ;
#8718 = AXIS2_PLACEMENT_3D ( 'NONE', #8823, #7341, #7522 ) ;
#8719 = DIRECTION ( 'NONE',  ( 1.469843297447993147E-16, -1.000000000000000000, 0.000000000000000000 ) ) ;
#8720 = EDGE_CURVE ( 'NONE', #4805, #2095, #4785, .T. ) ;
#8721 = CIRCLE ( 'NONE', #2138, 0.5000000000000004441 ) ;
#8722 = ORIENTED_EDGE ( 'NONE', *, *, #6281, .F. ) ;
#8723 = VERTEX_POINT ( 'NONE', #1271 ) ;
#8724 = CIRCLE ( 'NONE', #288, 0.4999999999999936717 ) ;
#8725 = CARTESIAN_POINT ( 'NONE',  ( 2.807254539883782485, 109.0997071495162771, 117.8988879368424563 ) ) ;
#8726 = CARTESIAN_POINT ( 'NONE',  ( -1.192265992043331613, 108.0992426146762284, 122.8571184009966686 ) ) ;
#8727 = PLANE ( 'NONE',  #7609 ) ;
#8728 = CIRCLE ( 'NONE', #4878, 0.5000000000000004441 ) ;
#8729 = DIRECTION ( 'NONE',  ( 1.000000000000000000, 0.000000000000000000, 0.000000000000000000 ) ) ;
#8730 = CARTESIAN_POINT ( 'NONE',  ( 2.052366814587010424, 45.89706200000000536, 1.999999999934362949 ) ) ;
#8731 = ORIENTED_EDGE ( 'NONE', *, *, #7595, .T. ) ;
#8732 = AXIS2_PLACEMENT_3D ( 'NONE', #3898, #1160, #5956 ) ;
#8733 = ORIENTED_EDGE ( 'NONE', *, *, #3801, .F. ) ;
#8734 = LINE ( 'NONE', #8780, #8303 ) ;
#8735 = DIRECTION ( 'NONE',  ( 0.000000000000000000, 0.000000000000000000, -1.000000000000000000 ) ) ;
#8736 = VECTOR ( 'NONE', #7823, 1000.000000000000000 ) ;
#8737 = ORIENTED_EDGE ( 'NONE', *, *, #5469, .T. ) ;
#8738 = DIRECTION ( 'NONE',  ( -0.0001161624401737789265, 0.9999999932531437041, 0.000000000000000000 ) ) ;
#8739 = EDGE_CURVE ( 'NONE', #3558, #3238, #2936, .T. ) ;
#8740 = DIRECTION ( 'NONE',  ( 0.0001161624401737789265, -0.9999999932531437041, 0.000000000000000000 ) ) ;
#8741 = TOROIDAL_SURFACE ( 'NONE', #7302, 0.5000000000000000000, 0.5000000000000000000 ) ;
#8742 = AXIS2_PLACEMENT_3D ( 'NONE', #7633, #1496, #6959 ) ;
#8743 = EDGE_LOOP ( 'NONE', ( #587, #3876, #344, #1948 ) ) ;
#8744 = VERTEX_POINT ( 'NONE', #4104 ) ;
#8745 = CARTESIAN_POINT ( 'NONE',  ( 32.46728116525982699, 44.82599046975191470, 3.500000000000000000 ) ) ;
#8746 = VECTOR ( 'NONE', #8719, 1000.000000000000000 ) ;
#8747 = ORIENTED_EDGE ( 'NONE', *, *, #7494, .T. ) ;
#8748 = CARTESIAN_POINT ( 'NONE',  ( 2.820070398492491304, 0.9000000000000002442, 0.000000000000000000 ) ) ;
#8749 = PLANE ( 'NONE',  #597 ) ;
#8750 = DIRECTION ( 'NONE',  ( 0.000000000000000000, 0.000000000000000000, 1.000000000000000000 ) ) ;
#8751 = EDGE_CURVE ( 'NONE', #6700, #3227, #4014, .T. ) ;
#8752 = CIRCLE ( 'NONE', #7168, 0.4999999999999936717 ) ;
#8753 = CARTESIAN_POINT ( 'NONE',  ( 30.96733925660019082, 44.32581622946501909, 1.319999999999899920 ) ) ;
#8754 = EDGE_LOOP ( 'NONE', ( #7497, #1396, #137, #3506 ) ) ;
#8755 = AXIS2_PLACEMENT_3D ( 'NONE', #6522, #2451, #3974 ) ;
#8756 = EDGE_LOOP ( 'NONE', ( #1197, #6085, #2535, #3832 ) ) ;
#8757 = AXIS2_PLACEMENT_3D ( 'NONE', #1289, #7514, #6756 ) ;
#8758 = DIRECTION ( 'NONE',  ( 0.000000000000000000, 0.000000000000000000, 1.000000000000000000 ) ) ;
#8759 = ORIENTED_EDGE ( 'NONE', *, *, #38, .F. ) ;
#8760 = CARTESIAN_POINT ( 'NONE',  ( 27.62067888718387465, 30.42291433404509959, 3.500000000000000000 ) ) ;
#8761 = VERTEX_POINT ( 'NONE', #8801 ) ;
#8762 = LINE ( 'NONE', #6647, #4049 ) ;
#8763 = CARTESIAN_POINT ( 'NONE',  ( 15.20325953999999946, 45.39706200000000536, -19.25780817680636048 ) ) ;
#8764 = PLANE ( 'NONE',  #3497 ) ;
#8765 = FACE_OUTER_BOUND ( 'NONE', #1815, .T. ) ;
#8766 = DIRECTION ( 'NONE',  ( -0.0001161624401946348970, 0.9999999932531439262, -0.000000000000000000 ) ) ;
#8767 = LINE ( 'NONE', #3934, #3173 ) ;
#8768 = ADVANCED_FACE ( 'NONE', ( #1362 ), #7448, .F. ) ;
#8769 = ORIENTED_EDGE ( 'NONE', *, *, #6493, .T. ) ;
#8770 = DIRECTION ( 'NONE',  ( 6.311429343820460109E-43, -5.433278725136842152E-39, 1.000000000000000000 ) ) ;
#8771 = VERTEX_POINT ( 'NONE', #2672 ) ;
#8772 = VECTOR ( 'NONE', #2933, 1000.000000000000227 ) ;
#8773 = CARTESIAN_POINT ( 'NONE',  ( 19.35780361999999855, 0.000000000000000000, 0.000000000000000000 ) ) ;
#8774 = CARTESIAN_POINT ( 'NONE',  ( 23.63280361999999712, 74.15143637488998252, 1.500000000000000000 ) ) ;
#8775 = EDGE_CURVE ( 'NONE', #4269, #6913, #3656, .T. ) ;
#8776 = DIRECTION ( 'NONE',  ( -0.0001161624401737789401, 0.9999999932531438152, 0.000000000000000000 ) ) ;
#8777 = DIRECTION ( 'NONE',  ( 0.000000000000000000, 0.000000000000000000, 1.000000000000000000 ) ) ;
#8778 = VERTEX_POINT ( 'NONE', #825 ) ;
#8779 = EDGE_LOOP ( 'NONE', ( #7796, #1985, #1169, #3391 ) ) ;
#8780 = CARTESIAN_POINT ( 'NONE',  ( 0.000000000000000000, 14.90000000000000568, -1.898419459999999948 ) ) ;
#8781 = DIRECTION ( 'NONE',  ( 0.000000000000000000, -0.9999999999999845679, 1.757487995716910240E-07 ) ) ;
#8782 = ORIENTED_EDGE ( 'NONE', *, *, #7415, .T. ) ;
#8783 = CARTESIAN_POINT ( 'NONE',  ( 8.632803620000000677, 65.45000098000001287, 3.500000000000000000 ) ) ;
#8784 = VECTOR ( 'NONE', #2876, 999.9999999999998863 ) ;
#8785 = FACE_OUTER_BOUND ( 'NONE', #8704, .T. ) ;
#8786 = CIRCLE ( 'NONE', #4939, 0.5000000000000000000 ) ;
#8787 = AXIS2_PLACEMENT_3D ( 'NONE', #7789, #270, #6491 ) ;
#8788 = ORIENTED_EDGE ( 'NONE', *, *, #3712, .T. ) ;
#8789 = VERTEX_POINT ( 'NONE', #2077 ) ;
#8790 = CARTESIAN_POINT ( 'NONE',  ( 2.316504549380645095, 33.09706199999999399, 1.500000000000001110 ) ) ;
#8791 = EDGE_CURVE ( 'NONE', #2019, #6676, #7076, .T. ) ;
#8792 = ORIENTED_EDGE ( 'NONE', *, *, #6140, .T. ) ;
#8793 = DIRECTION ( 'NONE',  ( 0.9999999999999991118, 4.371138883525599113E-08, 0.000000000000000000 ) ) ;
#8794 = FACE_OUTER_BOUND ( 'NONE', #2114, .T. ) ;
#8795 = CYLINDRICAL_SURFACE ( 'NONE', #2431, 1.529999995682016056 ) ;
#8796 = CIRCLE ( 'NONE', #4359, 1.000000000000000000 ) ;
#8797 = EDGE_LOOP ( 'NONE', ( #2307, #1924, #6895, #6252 ) ) ;
#8798 = ADVANCED_FACE ( 'NONE', ( #6866 ), #5625, .T. ) ;
#8799 = ORIENTED_EDGE ( 'NONE', *, *, #8141, .T. ) ;
#8800 = ADVANCED_FACE ( 'NONE', ( #4870 ), #4322, .F. ) ;
#8801 = CARTESIAN_POINT ( 'NONE',  ( 1.308663321000880231, 100.0989876288460181, -1.898419459999999948 ) ) ;
#8802 = VECTOR ( 'NONE', #4421, 1000.000000000000000 ) ;
#8803 = ORIENTED_EDGE ( 'NONE', *, *, #422, .T. ) ;
#8804 = DIRECTION ( 'NONE',  ( 0.9999999999999963363, 8.742277783456233240E-08, -0.000000000000000000 ) ) ;
#8805 = ORIENTED_EDGE ( 'NONE', *, *, #5039, .F. ) ;
#8806 = CARTESIAN_POINT ( 'NONE',  ( 33.47952184677593124, 58.27238263990292921, -3.998419460000000480 ) ) ;
#8807 = CARTESIAN_POINT ( 'NONE',  ( 0.8086633784668220137, 100.0987479083032525, -2.998419460000000480 ) ) ;
#8808 = DIRECTION ( 'NONE',  ( 0.000000000000000000, -0.000000000000000000, 1.000000000000000000 ) ) ;
#8809 = FACE_OUTER_BOUND ( 'NONE', #4838, .T. ) ;
#8810 = DIRECTION ( 'NONE',  ( -0.000000000000000000, -0.000000000000000000, 1.000000000000000000 ) ) ;
#8811 = CARTESIAN_POINT ( 'NONE',  ( -0.6812882964866473490, 13.59630494211255503, -2.998419460000012471 ) ) ;
#8812 = VERTEX_POINT ( 'NONE', #168 ) ;
#8813 = CARTESIAN_POINT ( 'NONE',  ( 19.35780361999999855, 109.1076421636441864, 1.000000000000028644 ) ) ;
#8814 = ORIENTED_EDGE ( 'NONE', *, *, #8751, .T. ) ;
#8815 = EDGE_CURVE ( 'NONE', #3403, #7886, #3948, .T. ) ;
#8816 = CARTESIAN_POINT ( 'NONE',  ( 2.820070398492481090, 1.400000000000000133, 1.000000000000000000 ) ) ;
#8817 = CARTESIAN_POINT ( 'NONE',  ( 32.45992961104520447, 108.1128339108497585, 2.500000000000002220 ) ) ;
#8818 = FACE_OUTER_BOUND ( 'NONE', #313, .T. ) ;
#8819 = DIRECTION ( 'NONE',  ( 1.000000000000000000, 0.000000000000000000, -0.000000000000000000 ) ) ;
#8820 = ORIENTED_EDGE ( 'NONE', *, *, #2797, .F. ) ;
#8821 = ORIENTED_EDGE ( 'NONE', *, *, #3541, .T. ) ;
#8822 = EDGE_CURVE ( 'NONE', #2699, #3531, #8386, .T. ) ;
#8823 = CARTESIAN_POINT ( 'NONE',  ( 28.13280362000000068, 0.000000000000000000, 3.000000000000000000 ) ) ;
#8824 = CARTESIAN_POINT ( 'NONE',  ( -0.04799126095055628038, 100.0983371928263921, 3.426814665646245039 ) ) ;
#8825 = VERTEX_POINT ( 'NONE', #7538 ) ;
#8826 = DIRECTION ( 'NONE',  ( 0.9999999999973340215, -2.309088861408833776E-06, 0.000000000000000000 ) ) ;
#8827 = ADVANCED_FACE ( 'NONE', ( #1405 ), #5540, .T. ) ;
#8828 = CARTESIAN_POINT ( 'NONE',  ( 24.83782779072456037, -0.09999999999999896472, 0.000000000000000000 ) ) ;
#8829 = DIRECTION ( 'NONE',  ( -0.000000000000000000, 0.000000000000000000, 1.000000000000000000 ) ) ;
#8830 = ADVANCED_FACE ( 'NONE', ( #4916 ), #4092, .T. ) ;
#8831 = VERTEX_POINT ( 'NONE', #6198 ) ;
#8832 = ORIENTED_EDGE ( 'NONE', *, *, #4904, .F. ) ;
#8833 = CARTESIAN_POINT ( 'NONE',  ( 2.053969856310961628, 33.09706199999999399, 1.999999999934362949 ) ) ;
#8834 = CARTESIAN_POINT ( 'NONE',  ( 0.000000000000000000, 6.550000980000000084, 3.500000000000000000 ) ) ;
#8835 = DIRECTION ( 'NONE',  ( -0.0001161624401745108036, 0.9999999932531437041, 0.000000000000000000 ) ) ;
#8836 = CARTESIAN_POINT ( 'NONE',  ( 29.45992963128577458, 108.1124854235292645, 122.8571184009966686 ) ) ;
#8837 = EDGE_LOOP ( 'NONE', ( #1987, #5440, #3289, #8532 ) ) ;
#8838 = VECTOR ( 'NONE', #282, 1000.000000000000000 ) ;
#8839 = ORIENTED_EDGE ( 'NONE', *, *, #5494, .T. ) ;
#8840 = DIRECTION ( 'NONE',  ( 1.000000000000000000, 0.000000000000000000, 0.000000000000000000 ) ) ;
#8841 = ORIENTED_EDGE ( 'NONE', *, *, #4945, .T. ) ;
#8842 = CARTESIAN_POINT ( 'NONE',  ( 30.96728117538010494, 44.82581622609158245, 3.000000000000000000 ) ) ;
#8843 = EDGE_LOOP ( 'NONE', ( #6029, #2816, #5902, #6269 ) ) ;
#8844 = CARTESIAN_POINT ( 'NONE',  ( 1.807733987716098722, 108.0995911020051778, 1.000000000000000888 ) ) ;
#8845 = LINE ( 'NONE', #1861, #7881 ) ;
#8846 = DIRECTION ( 'NONE',  ( -0.9999999932531438152, -0.0001161624401668784947, 0.000000000000000000 ) ) ;
ENDSEC;
END-ISO-10303-21;
