ISO-10303-21;
HEADER;
FILE_DESCRIPTION (( 'STEP AP214' ),
    '1' );
FILE_NAME ('A7670EÍâ¿ÇÏÂ¸Ç.',
    '2025-12-08T08:13:27',
    ( '' ),
    ( '' ),
    'SwSTEP 2.0',
    'SolidWorks 2024',
    '' );
FILE_SCHEMA (( 'AUTOMOTIVE_DESIGN' ));
ENDSEC;

DATA;
#1 = VERTEX_POINT ( 'NONE', #3237 ) ;
#2 = VECTOR ( 'NONE', #4325, 1000.000000000000000 ) ;
#3 = CIRCLE ( 'NONE', #3233, 0.5000000000000004441 ) ;
#4 = LINE ( 'NONE', #45, #1114 ) ;
#5 = ORIENTED_EDGE ( 'NONE', *, *, #44, .T. ) ;
#6 = CARTESIAN_POINT ( 'NONE',  ( 13.44193287193109398, 33.50596112700797136, 32.11356641178824844 ) ) ;
#7 = CARTESIAN_POINT ( 'NONE',  ( 33.06111319306151586, 47.09579988552805219, 40.26491364505290704 ) ) ;
#8 = ORIENTED_EDGE ( 'NONE', *, *, #714, .T. ) ;
#9 = DIRECTION ( 'NONE',  ( 0.8669063030575347994, 0.000000000000000000, 0.4984711242580834312 ) ) ;
#10 = EDGE_CURVE ( 'NONE', #7089, #6615, #505, .T. ) ;
#11 = EDGE_CURVE ( 'NONE', #7119, #69, #1998, .T. ) ;
#12 = DIRECTION ( 'NONE',  ( 0.4984711242580832091, -4.531078101458345980E-14, -0.8669063030575349105 ) ) ;
#13 = CARTESIAN_POINT ( 'NONE',  ( 38.29694517765580031, 49.19353042514004670, 39.26491364505291415 ) ) ;
#14 = ORIENTED_EDGE ( 'NONE', *, *, #5799, .F. ) ;
#15 = FACE_OUTER_BOUND ( 'NONE', #1611, .T. ) ;
#16 = CIRCLE ( 'NONE', #5791, 0.5000000000000004441 ) ;
#17 = SPHERICAL_SURFACE ( 'NONE', #5519, 2.000000000000000000 ) ;
#18 = LINE ( 'NONE', #2178, #1249 ) ;
#19 = CIRCLE ( 'NONE', #4972, 0.5000000000000004441 ) ;
#20 = ORIENTED_EDGE ( 'NONE', *, *, #3089, .F. ) ;
#21 = DIRECTION ( 'NONE',  ( 0.000000000000000000, -1.000000000000000000, 0.000000000000000000 ) ) ;
#22 = CARTESIAN_POINT ( 'NONE',  ( 17.10600289698727750, 31.50596112700796425, 22.26491364505289994 ) ) ;
#23 = CYLINDRICAL_SURFACE ( 'NONE', #2372, 0.5000000000000004441 ) ;
#24 = CARTESIAN_POINT ( 'NONE',  ( 11.41920384669860411, 29.67342937227742894, 35.78702796208288106 ) ) ;
#25 = EDGE_LOOP ( 'NONE', ( #5522, #658, #310, #2731 ) ) ;
#26 = DIRECTION ( 'NONE',  ( 0.4457554083369029141, -0.4475773999931242364, -0.7752267971076567399 ) ) ;
#27 = DIRECTION ( 'NONE',  ( -0.000000000000000000, -0.000000000000000000, 1.000000000000000000 ) ) ;
#28 = ORIENTED_EDGE ( 'NONE', *, *, #3976, .T. ) ;
#29 = MANIFOLD_SOLID_BREP ( 'Fillet2', #59 ) ;
#30 = ADVANCED_FACE ( 'NONE', ( #3267 ), #7101, .F. ) ;
#31 = EDGE_CURVE ( 'NONE', #2260, #5234, #4797, .T. ) ;
#32 = VERTEX_POINT ( 'NONE', #3986 ) ;
#33 = LINE ( 'NONE', #6805, #2943 ) ;
#34 = LINE ( 'NONE', #6740, #1586 ) ;
#35 = PRODUCT_RELATED_PRODUCT_CATEGORY ( 'part', '', ( #4496 ) ) ;
#36 = CARTESIAN_POINT ( 'NONE',  ( 0.000000000000000000, 59.50596112700796425, 41.26491364505290704 ) ) ;
#37 = CARTESIAN_POINT ( 'NONE',  ( 33.19894853087960485, 119.0059670551349313, 42.76491364505290704 ) ) ;
#38 = CARTESIAN_POINT ( 'NONE',  ( 38.64137970506475739, 46.68088289926405565, 38.86044617912180854 ) ) ;
#39 = VERTEX_POINT ( 'NONE', #3952 ) ;
#40 = CARTESIAN_POINT ( 'NONE',  ( 37.87222482509337596, 112.7319042614477951, 40.26491364505296389 ) ) ;
#41 = ORIENTED_EDGE ( 'NONE', *, *, #2593, .F. ) ;
#42 = EDGE_CURVE ( 'NONE', #4534, #2899, #7151, .T. ) ;
#43 = EDGE_LOOP ( 'NONE', ( #3655, #6217, #3922, #3195 ) ) ;
#44 = EDGE_CURVE ( 'NONE', #4283, #2260, #169, .T. ) ;
#45 = CARTESIAN_POINT ( 'NONE',  ( 0.000000000000000000, 116.5059670551347750, 41.26491364505290704 ) ) ;
#46 = VERTEX_POINT ( 'NONE', #2330 ) ;
#47 = PLANE ( 'NONE',  #349 ) ;
#48 = CARTESIAN_POINT ( 'NONE',  ( 13.74035607321162011, 16.90596112700796283, 40.26491364505290704 ) ) ;
#49 = VERTEX_POINT ( 'NONE', #1674 ) ;
#50 = CARTESIAN_POINT ( 'NONE',  ( 7.448948465071308256, 66.40596409107159559, 40.26491364505290704 ) ) ;
#51 = EDGE_CURVE ( 'NONE', #1641, #6254, #2876, .T. ) ;
#52 = DIRECTION ( 'NONE',  ( -0.8669063030575385742, 0.000000000000000000, 0.4984711242580767143 ) ) ;
#53 = FACE_OUTER_BOUND ( 'NONE', #1709, .T. ) ;
#54 = ORIENTED_EDGE ( 'NONE', *, *, #2365, .F. ) ;
#55 = EDGE_CURVE ( 'NONE', #6330, #6774, #1637, .T. ) ;
#56 = CARTESIAN_POINT ( 'NONE',  ( 32.27669707894501272, 109.5059670551350592, 31.28596052318589216 ) ) ;
#57 =( BOUNDED_CURVE ( )  B_SPLINE_CURVE ( 3, ( #989, #3659, #3727, #1601 ),
 .UNSPECIFIED., .F., .F. ) 
 B_SPLINE_CURVE_WITH_KNOTS ( ( 4, 4 ),
 ( 3.141592653589793116, 4.552468270798352812 ),
 .UNSPECIFIED. ) 
 CURVE ( )  GEOMETRIC_REPRESENTATION_ITEM ( )  RATIONAL_B_SPLINE_CURVE ( ( 1.000000000000000000, 0.8408851759954806271, 0.8408851759954806271, 1.000000000000000000 ) ) 
 REPRESENTATION_ITEM ( '' )  );
#58 = CARTESIAN_POINT ( 'NONE',  ( 9.098948465071329039, 122.6059670551352383, 41.26491364505290704 ) ) ;
#59 = CLOSED_SHELL ( 'NONE', ( #2387, #2244, #2674, #2498, #4622, #4551, #1270, #1594, #5011, #3406, #3482, #7032, #791, #4757, #399, #3260, #2745, #2678, #3368, #3170, #4058, #7087, #2366, #1506, #690, #5225, #6207, #6245, #5958, #4674, #1460, #3361, #4020, #964, #1731, #5783, #6152, #1983, #514, #2279, #4416, #5386, #6803, #2094, #1315, #3034, #2254, #1009, #3661, #3616, #4281, #2462, #4912, #5184, #2210, #4683, #5488, #3652, #865, #2680, #7102, #2506, #108, #3697, #2471, #5758, #6463, #3384, #4178, #6007, #6289, #450, #6364, #440, #4643, #2071, #3516, #5713, #2958, #6773, #3477, #5397, #2027, #2165, #6783, #5603, #3513, #6512, #245, #5293, #1895, #2651, #4691, #3605, #910, #1977, #5247, #1622, #7048, #4830, #219, #5315, #779, #783, #1232, #2987, #84, #5696, #582, #3687, #5916, #2644, #610, #7028, #30, #5070, #2670, #6288, #4725, #6367, #1268, #3825, #2771, #3025, #4068, #1183, #105, #506, #5174, #792, #5877, #1191, #2406, #566, #976, #2746, #4081, #5702, #139, #1066, #2864, #3217, #5444, #170, #4295, #2596, #2163, #1543, #2707, #3188, #3063, #3704, #5673, #5198, #4182, #2868, #6829, #619, #6231, #5257, #5889, #1759, #4190, #6059, #176, #5611, #4146, #5049, #5353, #3896, #6613, #4365, #3231, #468, #615, #132, #1014, #3520, #3708, #4294, #1757, #1542, #1494, #1065, #4103, #5478, #1105, #2708, #231, #6638, #1278, #2234, #5547, #4815, #2544, #711, #125, #935, #5663, #5976, #775, #6982, #2089, #663, #7067, #3886, #5038, #6593, #670, #4828, #1578, #2884, #5089, #1715, #6866, #4029, #6443, #6813, #2967, #2333, #5708, #6935, #6139, #6491, #2794, #98 ) ) ;
#60 = DIRECTION ( 'NONE',  ( 4.269421518900731583E-16, 1.000000000000000000, 0.000000000000000000 ) ) ;
#61 = CARTESIAN_POINT ( 'NONE',  ( 32.27669707894494167, 1.092148475516835360, 31.28596052318589216 ) ) ;
#62 = CARTESIAN_POINT ( 'NONE',  ( 30.94894849797543657, 23.00596112700796425, 41.76491364505290704 ) ) ;
#63 = EDGE_CURVE ( 'NONE', #32, #2946, #133, .T. ) ;
#64 = DIRECTION ( 'NONE',  ( 1.000000000000000000, 0.000000000000000000, 0.000000000000000000 ) ) ;
#65 = ORIENTED_EDGE ( 'NONE', *, *, #2947, .T. ) ;
#66 = CARTESIAN_POINT ( 'NONE',  ( 23.23780842569873428, 33.50596112700796425, 10.56264019349941563 ) ) ;
#67 = DIRECTION ( 'NONE',  ( 0.000000000000000000, -2.775557561562888827E-14, -1.000000000000000000 ) ) ;
#68 = ORIENTED_EDGE ( 'NONE', *, *, #5214, .T. ) ;
#69 = VERTEX_POINT ( 'NONE', #6759 ) ;
#70 = LINE ( 'NONE', #571, #1093 ) ;
#71 = DIRECTION ( 'NONE',  ( -0.8669063030575347994, 0.000000000000000000, 0.4984711242580834312 ) ) ;
#72 = CIRCLE ( 'NONE', #7007, 0.5000000000000004441 ) ;
#73 = FACE_OUTER_BOUND ( 'NONE', #3146, .T. ) ;
#74 = DIRECTION ( 'NONE',  ( 0.000000000000000000, -0.000000000000000000, 1.000000000000000000 ) ) ;
#75 = DIRECTION ( 'NONE',  ( -0.000000000000000000, -0.000000000000000000, 1.000000000000000000 ) ) ;
#76 = ORIENTED_EDGE ( 'NONE', *, *, #3830, .T. ) ;
#77 = VECTOR ( 'NONE', #4706, 1000.000000000000000 ) ;
#78 = ORIENTED_EDGE ( 'NONE', *, *, #390, .F. ) ;
#79 = DIRECTION ( 'NONE',  ( 0.000000000000000000, 0.000000000000000000, 1.000000000000000000 ) ) ;
#80 = AXIS2_PLACEMENT_3D ( 'NONE', #6228, #722, #3498 ) ;
#81 = DIRECTION ( 'NONE',  ( 1.084202172485504187E-16, -1.000000000000000000, 0.000000000000000000 ) ) ;
#82 = VECTOR ( 'NONE', #6368, 1000.000000000000000 ) ;
#83 = DIRECTION ( 'NONE',  ( -0.0004794411333293943384, -0.9999998850680932305, 0.000000000000000000 ) ) ;
#84 = ADVANCED_FACE ( 'NONE', ( #2719 ), #4538, .F. ) ;
#85 = ORIENTED_EDGE ( 'NONE', *, *, #5010, .T. ) ;
#86 = CARTESIAN_POINT ( 'NONE',  ( 9.939144468283068079, 31.50596112700797846, 34.72901526019064278 ) ) ;
#87 = EDGE_CURVE ( 'NONE', #1350, #4862, #3408, .T. ) ;
#88 = VECTOR ( 'NONE', #4447, 1000.000000000000000 ) ;
#89 = CIRCLE ( 'NONE', #5393, 2.000000000000001776 ) ;
#90 = DIRECTION ( 'NONE',  ( 0.000000000000000000, -0.000000000000000000, -1.000000000000000000 ) ) ;
#91 = DIRECTION ( 'NONE',  ( -0.000000000000000000, -0.000000000000000000, 1.000000000000000000 ) ) ;
#92 = VERTEX_POINT ( 'NONE', #6616 ) ;
#93 = CARTESIAN_POINT ( 'NONE',  ( 13.24035607321161834, 0.000000000000000000, 40.26491364505290704 ) ) ;
#94 = DIRECTION ( 'NONE',  ( 0.000000000000000000, -1.000000000000000000, 0.000000000000000000 ) ) ;
#95 = AXIS2_PLACEMENT_3D ( 'NONE', #3480, #5698, #6526 ) ;
#96 = AXIS2_PLACEMENT_3D ( 'NONE', #3794, #5937, #6013 ) ;
#97 = DIRECTION ( 'NONE',  ( 0.9999998850680932305, -0.0004794411333293943384, 2.135044032740586940E-15 ) ) ;
#98 = ADVANCED_FACE ( 'NONE', ( #1750 ), #5481, .F. ) ;
#99 = DIRECTION ( 'NONE',  ( 1.000000000000000000, -4.269421518900740951E-16, 2.891205793294677833E-16 ) ) ;
#100 = VECTOR ( 'NONE', #6409, 1000.000000000000000 ) ;
#101 = FACE_OUTER_BOUND ( 'NONE', #4884, .T. ) ;
#102 = CARTESIAN_POINT ( 'NONE',  ( 26.79189409896351748, -12.80532761448479562, 22.26491364505290349 ) ) ;
#103 = CARTESIAN_POINT ( 'NONE',  ( 32.94894849797539393, 73.27725659993912188, 38.76491364505291415 ) ) ;
#104 = ORIENTED_EDGE ( 'NONE', *, *, #1308, .T. ) ;
#105 = ADVANCED_FACE ( 'NONE', ( #5523 ), #5564, .T. ) ;
#106 = AXIS2_PLACEMENT_3D ( 'NONE', #2363, #303, #5770 ) ;
#107 = EDGE_CURVE ( 'NONE', #4514, #2692, #6210, .T. ) ;
#108 = ADVANCED_FACE ( 'NONE', ( #6102 ), #5595, .F. ) ;
#109 = ORIENTED_EDGE ( 'NONE', *, *, #4733, .T. ) ;
#110 = ORIENTED_EDGE ( 'NONE', *, *, #1928, .F. ) ;
#111 = LINE ( 'NONE', #2776, #3630 ) ;
#112 = CARTESIAN_POINT ( 'NONE',  ( 0.000000000000000000, 121.5059670551347750, 40.26491364505290704 ) ) ;
#113 = AXIS2_PLACEMENT_3D ( 'NONE', #6499, #6572, #3126 ) ;
#114 = CARTESIAN_POINT ( 'NONE',  ( 29.21887598968097421, 46.09784593897521177, 23.47655032585032941 ) ) ;
#115 = LINE ( 'NONE', #1794, #3812 ) ;
#116 = VERTEX_POINT ( 'NONE', #2837 ) ;
#117 = VERTEX_POINT ( 'NONE', #2220 ) ;
#118 = CARTESIAN_POINT ( 'NONE',  ( 6.698948465071330460, 112.9759263931391047, 40.26491364505289994 ) ) ;
#119 = VECTOR ( 'NONE', #7085, 1000.000000000000000 ) ;
#120 = DIRECTION ( 'NONE',  ( -0.000000000000000000, 1.000000000000000000, 0.000000000000000000 ) ) ;
#121 = DIRECTION ( 'NONE',  ( 0.000000000000000000, 0.000000000000000000, 1.000000000000000000 ) ) ;
#122 = VERTEX_POINT ( 'NONE', #633 ) ;
#123 = CARTESIAN_POINT ( 'NONE',  ( 5.960946405147629967, 30.94600387635518857, 40.26491364505289994 ) ) ;
#124 = CIRCLE ( 'NONE', #2189, 2.000000000000000444 ) ;
#125 = ADVANCED_FACE ( 'NONE', ( #1137 ), #2255, .F. ) ;
#126 = CARTESIAN_POINT ( 'NONE',  ( 0.000000000000000000, 60.50596112700797136, 41.26491364505290704 ) ) ;
#127 = DIRECTION ( 'NONE',  ( 3.469446694862101795E-16, 1.000000000000000000, 0.000000000000000000 ) ) ;
#128 = ORIENTED_EDGE ( 'NONE', *, *, #1410, .F. ) ;
#129 = PLANE ( 'NONE',  #3523 ) ;
#130 = DIRECTION ( 'NONE',  ( -1.084202172485504187E-16, 1.000000000000000000, -0.000000000000000000 ) ) ;
#131 = AXIS2_PLACEMENT_3D ( 'NONE', #2897, #2241, #4493 ) ;
#132 = ADVANCED_FACE ( 'NONE', ( #1236 ), #2801, .F. ) ;
#133 = LINE ( 'NONE', #1781, #277 ) ;
#134 = VECTOR ( 'NONE', #4989, 1000.000000000000000 ) ;
#135 = DIRECTION ( 'NONE',  ( 0.000000000000000000, 0.000000000000000000, -1.000000000000000000 ) ) ;
#136 = LINE ( 'NONE', #2222, #184 ) ;
#137 = LINE ( 'NONE', #677, #2404 ) ;
#138 = ORIENTED_EDGE ( 'NONE', *, *, #1974, .T. ) ;
#139 = ADVANCED_FACE ( 'NONE', ( #6141 ), #3087, .T. ) ;
#140 =( LENGTH_UNIT ( ) NAMED_UNIT ( * ) SI_UNIT ( .MILLI., .METRE. ) );
#141 = AXIS2_PLACEMENT_3D ( 'NONE', #1000, #1467, #3208 ) ;
#142 = ORIENTED_EDGE ( 'NONE', *, *, #4521, .T. ) ;
#143 = ORIENTED_EDGE ( 'NONE', *, *, #1879, .F. ) ;
#144 = CYLINDRICAL_SURFACE ( 'NONE', #2127, 7.500000000000000000 ) ;
#145 = CARTESIAN_POINT ( 'NONE',  ( 10.94894849797543479, 38.50596112700797136, 41.26491364505290704 ) ) ;
#146 = EDGE_CURVE ( 'NONE', #4845, #2847, #5802, .T. ) ;
#147 = CARTESIAN_POINT ( 'NONE',  ( 0.000000000000000000, 0.000000000000000000, 41.26491364505290704 ) ) ;
#148 = EDGE_CURVE ( 'NONE', #2916, #4378, #2979, .T. ) ;
#149 = ORIENTED_EDGE ( 'NONE', *, *, #2050, .F. ) ;
#150 = ORIENTED_EDGE ( 'NONE', *, *, #6050, .F. ) ;
#151 = DIRECTION ( 'NONE',  ( -1.000000000000000000, 0.000000000000000000, 0.000000000000000000 ) ) ;
#152 = VERTEX_POINT ( 'NONE', #2359 ) ;
#153 = CARTESIAN_POINT ( 'NONE',  ( 9.598948465071343250, 1.040720077940674922E-15, 41.26491364505290704 ) ) ;
#154 = CARTESIAN_POINT ( 'NONE',  ( 7.448948465071308256, 0.000000000000000000, 41.26491364505290704 ) ) ;
#155 = ORIENTED_EDGE ( 'NONE', *, *, #5873, .F. ) ;
#156 = ORIENTED_EDGE ( 'NONE', *, *, #4721, .T. ) ;
#157 = CARTESIAN_POINT ( 'NONE',  ( 6.698948465071248748, -4.842009353798626454E-15, 40.26491364505290704 ) ) ;
#158 = CARTESIAN_POINT ( 'NONE',  ( 11.59894846507153865, 30.36591882637166151, 38.15632786135751076 ) ) ;
#159 = VERTEX_POINT ( 'NONE', #4026 ) ;
#160 = CARTESIAN_POINT ( 'NONE',  ( 17.10600289698727750, 31.50596112700797136, 22.26491364505290349 ) ) ;
#161 = FACE_OUTER_BOUND ( 'NONE', #5912, .T. ) ;
#162 = EDGE_CURVE ( 'NONE', #5229, #6283, #5250, .T. ) ;
#163 = CARTESIAN_POINT ( 'NONE',  ( 7.023784657675813392, 32.63927724216964066, 35.78693771513913902 ) ) ;
#164 = CARTESIAN_POINT ( 'NONE',  ( 37.19894853087983222, 0.000000000000000000, 41.26491364505290704 ) ) ;
#165 = DIRECTION ( 'NONE',  ( 1.000000000000000000, 0.000000000000000000, 0.000000000000000000 ) ) ;
#166 = DIRECTION ( 'NONE',  ( 0.000000000000000000, 0.000000000000000000, 1.000000000000000000 ) ) ;
#167 = VERTEX_POINT ( 'NONE', #2910 ) ;
#168 = ORIENTED_EDGE ( 'NONE', *, *, #87, .F. ) ;
#169 = CIRCLE ( 'NONE', #6645, 0.5000000000000004441 ) ;
#170 = ADVANCED_FACE ( 'NONE', ( #4168 ), #2463, .F. ) ;
#171 = ORIENTED_EDGE ( 'NONE', *, *, #5521, .T. ) ;
#172 = CARTESIAN_POINT ( 'NONE',  ( 15.44894849797545788, 117.0059670551347750, 42.76491364505290704 ) ) ;
#173 = DIRECTION ( 'NONE',  ( 0.0004794411333293975910, 0.9999998850680932305, 0.000000000000000000 ) ) ;
#174 = CYLINDRICAL_SURFACE ( 'NONE', #1972, 0.5000000000000004441 ) ;
#175 = AXIS2_PLACEMENT_3D ( 'NONE', #5321, #4329, #6548 ) ;
#176 = ADVANCED_FACE ( 'NONE', ( #4608 ), #322, .T. ) ;
#177 = ORIENTED_EDGE ( 'NONE', *, *, #1550, .T. ) ;
#178 = EDGE_CURVE ( 'NONE', #6818, #5782, #2821, .T. ) ;
#179 = VERTEX_POINT ( 'NONE', #5978 ) ;
#180 = DIRECTION ( 'NONE',  ( -1.000000000000000000, 0.000000000000000000, 0.000000000000000000 ) ) ;
#181 = EDGE_LOOP ( 'NONE', ( #1366, #4210, #6977, #739 ) ) ;
#182 = CARTESIAN_POINT ( 'NONE',  ( 35.29894853087961337, 126.5059670551352013, 42.76491364505290704 ) ) ;
#183 = CARTESIAN_POINT ( 'NONE',  ( 37.87218913377530782, 30.28000096057197510, 40.26491364505297099 ) ) ;
#184 = VECTOR ( 'NONE', #2332, 1000.000000000000000 ) ;
#185 = CARTESIAN_POINT ( 'NONE',  ( 38.29718489822247562, 62.17725764581898318, 39.26491364505291415 ) ) ;
#186 = EDGE_CURVE ( 'NONE', #1847, #1963, #5403, .T. ) ;
#187 = VERTEX_POINT ( 'NONE', #4348 ) ;
#188 = EDGE_CURVE ( 'NONE', #4624, #5234, #6524, .T. ) ;
#189 = CYLINDRICAL_SURFACE ( 'NONE', #977, 2.000000000000001776 ) ;
#190 = DIRECTION ( 'NONE',  ( -1.000000000000000000, 0.000000000000000000, 0.000000000000000000 ) ) ;
#191 = VECTOR ( 'NONE', #6448, 1000.000000000000000 ) ;
#192 = VERTEX_POINT ( 'NONE', #4788 ) ;
#193 = CARTESIAN_POINT ( 'NONE',  ( 38.73063804975124214, 74.27725659993862450, 39.01567808292386985 ) ) ;
#194 = DIRECTION ( 'NONE',  ( 1.000000000000000000, -9.089951014118086735E-14, -1.563499775122000228E-13 ) ) ;
#195 = DIRECTION ( 'NONE',  ( -6.308085367188390241E-16, -1.000000000000000000, -0.000000000000000000 ) ) ;
#196 = AXIS2_PLACEMENT_3D ( 'NONE', #4838, #5370, #3094 ) ;
#197 = AXIS2_PLACEMENT_3D ( 'NONE', #7167, #4484, #1730 ) ;
#198 = CARTESIAN_POINT ( 'NONE',  ( 37.79475772033956105, 73.52906608051159765, 38.82802044689416476 ) ) ;
#199 = DIRECTION ( 'NONE',  ( 0.000000000000000000, 1.000000000000000000, 0.000000000000000000 ) ) ;
#200 = EDGE_LOOP ( 'NONE', ( #961, #719, #2413, #6358 ) ) ;
#201 = CARTESIAN_POINT ( 'NONE',  ( 25.19894853087959774, 111.5059670551350592, 42.76491364505290704 ) ) ;
#202 = AXIS2_PLACEMENT_3D ( 'NONE', #5043, #4388, #6608 ) ;
#203 = VERTEX_POINT ( 'NONE', #6455 ) ;
#204 = AXIS2_PLACEMENT_3D ( 'NONE', #3265, #4864, #513 ) ;
#205 = AXIS2_PLACEMENT_3D ( 'NONE', #2831, #1168, #3370 ) ;
#206 = VERTEX_POINT ( 'NONE', #4889 ) ;
#207 = ORIENTED_EDGE ( 'NONE', *, *, #1128, .F. ) ;
#208 = CARTESIAN_POINT ( 'NONE',  ( 8.598948465071330816, 16.50596112700797136, 42.76491364505290704 ) ) ;
#209 = DIRECTION ( 'NONE',  ( 1.000000000000000000, 0.000000000000000000, 0.000000000000000000 ) ) ;
#210 = VECTOR ( 'NONE', #5322, 1000.000000000000000 ) ;
#211 = CARTESIAN_POINT ( 'NONE',  ( 10.94894849797544012, 117.0059670551347750, 40.26491364505290704 ) ) ;
#212 = ORIENTED_EDGE ( 'NONE', *, *, #2722, .T. ) ;
#213 = ORIENTED_EDGE ( 'NONE', *, *, #5258, .T. ) ;
#214 = VECTOR ( 'NONE', #5374, 1000.000000000000000 ) ;
#215 = DIRECTION ( 'NONE',  ( 1.000000000000000000, -9.156478491488235634E-14, 2.135044278125296610E-15 ) ) ;
#216 = VERTEX_POINT ( 'NONE', #3688 ) ;
#217 = CARTESIAN_POINT ( 'NONE',  ( 15.94894849797545966, 116.5059670551347750, 42.76491364505290704 ) ) ;
#218 = DIRECTION ( 'NONE',  ( -0.000000000000000000, -0.000000000000000000, -1.000000000000000000 ) ) ;
#219 = ADVANCED_FACE ( 'NONE', ( #1487 ), #5909, .F. ) ;
#220 = AXIS2_PLACEMENT_3D ( 'NONE', #872, #1599, #4829 ) ;
#221 = VERTEX_POINT ( 'NONE', #409 ) ;
#222 = CARTESIAN_POINT ( 'NONE',  ( 6.580724360075326906, 30.89340827502001474, 39.71160749080731023 ) ) ;
#223 = ORIENTED_EDGE ( 'NONE', *, *, #3885, .T. ) ;
#224 = PLANE ( 'NONE',  #5490 ) ;
#225 = VECTOR ( 'NONE', #1780, 1000.000000000000000 ) ;
#226 = DIRECTION ( 'NONE',  ( -1.000000000000000000, 0.000000000000000000, 0.000000000000000000 ) ) ;
#227 = ORIENTED_EDGE ( 'NONE', *, *, #4114, .T. ) ;
#228 = CARTESIAN_POINT ( 'NONE',  ( 11.44894849797543834, 116.5059670551347750, 41.26491364505290704 ) ) ;
#229 = CARTESIAN_POINT ( 'NONE',  ( 11.73945922832567668, 29.50596112700797136, 35.59504066397509803 ) ) ;
#230 = LINE ( 'NONE', #2976, #6441 ) ;
#231 = ADVANCED_FACE ( 'NONE', ( #3120 ), #2120, .F. ) ;
#232 = EDGE_CURVE ( 'NONE', #2916, #4065, #1522, .T. ) ;
#233 = CARTESIAN_POINT ( 'NONE',  ( 20.77829802542630233, 111.5059670551350592, 29.26491364505290704 ) ) ;
#234 = CARTESIAN_POINT ( 'NONE',  ( 33.56111319306151586, 47.09579988552805219, 40.26491364505290704 ) ) ;
#235 = CARTESIAN_POINT ( 'NONE',  ( 32.94894849797545078, 73.27725659993912188, 38.76491364505291415 ) ) ;
#236 = ORIENTED_EDGE ( 'NONE', *, *, #2947, .F. ) ;
#237 = DIRECTION ( 'NONE',  ( -4.163336342344333871E-15, -1.000000000000000000, 0.000000000000000000 ) ) ;
#238 = AXIS2_PLACEMENT_3D ( 'NONE', #3717, #3257, #6521 ) ;
#239 = ORIENTED_EDGE ( 'NONE', *, *, #361, .T. ) ;
#240 = ORIENTED_EDGE ( 'NONE', *, *, #2337, .T. ) ;
#241 = ORIENTED_EDGE ( 'NONE', *, *, #2656, .T. ) ;
#242 = CARTESIAN_POINT ( 'NONE',  ( 11.97107819548685015, 29.50596112700796780, 35.98140591548577305 ) ) ;
#243 = CARTESIAN_POINT ( 'NONE',  ( 21.94894849797543301, 23.00596112700796425, 42.76491364505290704 ) ) ;
#244 = DIRECTION ( 'NONE',  ( 0.000000000000000000, 0.000000000000000000, 1.000000000000000000 ) ) ;
#245 = ADVANCED_FACE ( 'NONE', ( #3720 ), #1022, .F. ) ;
#246 = VERTEX_POINT ( 'NONE', #948 ) ;
#247 = ORIENTED_EDGE ( 'NONE', *, *, #5351, .F. ) ;
#248 = DIRECTION ( 'NONE',  ( 9.156478491488279810E-14, 1.000000000000000000, 0.000000000000000000 ) ) ;
#249 = EDGE_LOOP ( 'NONE', ( #1073, #2040, #4869 ) ) ;
#250 = DIRECTION ( 'NONE',  ( -1.000000000000000000, -2.891205793294677833E-16, 0.000000000000000000 ) ) ;
#251 = CARTESIAN_POINT ( 'NONE',  ( 37.18023980342938017, 29.52876957581460005, 39.72738039751214245 ) ) ;
#252 = ORIENTED_EDGE ( 'NONE', *, *, #1818, .F. ) ;
#253 = EDGE_CURVE ( 'NONE', #2423, #1497, #6964, .T. ) ;
#254 = CARTESIAN_POINT ( 'NONE',  ( 6.564262150983566357, 30.83766063930905688, 40.26491364505289994 ) ) ;
#255 = EDGE_LOOP ( 'NONE', ( #5067, #991, #2109, #3586 ) ) ;
#256 = EDGE_CURVE ( 'NONE', #5206, #5960, #1554, .T. ) ;
#257 = CYLINDRICAL_SURFACE ( 'NONE', #2702, 2.000000000000001776 ) ;
#258 = DIRECTION ( 'NONE',  ( 6.308085367188390241E-16, 1.000000000000000000, 0.000000000000000000 ) ) ;
#259 = ORIENTED_EDGE ( 'NONE', *, *, #1301, .F. ) ;
#260 = LINE ( 'NONE', #4640, #77 ) ;
#261 = CARTESIAN_POINT ( 'NONE',  ( 38.15563804975122508, 47.09383909050607997, 38.01567808292386985 ) ) ;
#262 = FACE_OUTER_BOUND ( 'NONE', #1388, .T. ) ;
#263 = EDGE_CURVE ( 'NONE', #2355, #4459, #4750, .T. ) ;
#264 = DIRECTION ( 'NONE',  ( -1.000000000000000000, 6.360652745248293008E-16, 0.000000000000000000 ) ) ;
#265 = EDGE_CURVE ( 'NONE', #5711, #6233, #7038, .T. ) ;
#266 = CARTESIAN_POINT ( 'NONE',  ( 6.362713907797489021, 30.77697881187790685, 36.93662597580075868 ) ) ;
#267 = CARTESIAN_POINT ( 'NONE',  ( 13.95054944445670309, 1.092148475516835360, 26.16139156279402300 ) ) ;
#268 = ORIENTED_EDGE ( 'NONE', *, *, #5735, .F. ) ;
#269 = CARTESIAN_POINT ( 'NONE',  ( 38.58468489822249836, 49.69339252833242426, 39.76491364505297099 ) ) ;
#270 = VERTEX_POINT ( 'NONE', #4860 ) ;
#271 = PLANE ( 'NONE',  #6100 ) ;
#272 = EDGE_LOOP ( 'NONE', ( #5097, #1178, #6837, #6354, #5848, #5309 ) ) ;
#273 = EDGE_CURVE ( 'NONE', #4669, #1296, #3620, .T. ) ;
#274 = ORIENTED_EDGE ( 'NONE', *, *, #3647, .F. ) ;
#275 = CARTESIAN_POINT ( 'NONE',  ( 0.000000000000000000, 116.5059670551347750, 42.76491364505290704 ) ) ;
#276 = DIRECTION ( 'NONE',  ( -1.000000000000000000, 2.081668171173105301E-13, 0.000000000000000000 ) ) ;
#277 = VECTOR ( 'NONE', #5013, 1000.000000000000000 ) ;
#278 = ORIENTED_EDGE ( 'NONE', *, *, #2470, .T. ) ;
#279 = ORIENTED_EDGE ( 'NONE', *, *, #3938, .T. ) ;
#280 = VECTOR ( 'NONE', #5759, 1000.000000000000000 ) ;
#281 = LINE ( 'NONE', #3599, #4347 ) ;
#282 = VERTEX_POINT ( 'NONE', #2023 ) ;
#283 = LINE ( 'NONE', #6915, #5784 ) ;
#284 = DIRECTION ( 'NONE',  ( 0.000000000000000000, -1.000000000000000000, 0.000000000000000000 ) ) ;
#285 = ORIENTED_EDGE ( 'NONE', *, *, #5666, .T. ) ;
#286 = CARTESIAN_POINT ( 'NONE',  ( 11.09894846507153687, 30.16495693204830886, 37.40632786135749654 ) ) ;
#287 = AXIS2_PLACEMENT_3D ( 'NONE', #2721, #5338, #5372 ) ;
#288 = VERTEX_POINT ( 'NONE', #5869 ) ;
#289 = CARTESIAN_POINT ( 'NONE',  ( 9.098948465071329039, 122.1059670551352383, 41.76491364505290704 ) ) ;
#290 = CARTESIAN_POINT ( 'NONE',  ( 33.56111319306151586, 47.09579988552805219, 41.26491364505290704 ) ) ;
#291 = CARTESIAN_POINT ( 'NONE',  ( 17.10600289698733079, 111.5059670551350592, 22.26491364505289994 ) ) ;
#292 = CARTESIAN_POINT ( 'NONE',  ( 37.19894853087983222, 39.50596112700796425, 41.76491364505290704 ) ) ;
#293 = AXIS2_PLACEMENT_3D ( 'NONE', #3448, #5597, #3918 ) ;
#294 = DIRECTION ( 'NONE',  ( 1.000000000000000000, 0.000000000000000000, 0.000000000000000000 ) ) ;
#295 = EDGE_CURVE ( 'NONE', #2817, #1334, #446, .T. ) ;
#296 = CARTESIAN_POINT ( 'NONE',  ( -1.736407636530387730E-12, 126.5059670551347324, 40.26491364505290704 ) ) ;
#297 = CIRCLE ( 'NONE', #416, 0.5000000000000004441 ) ;
#298 = VECTOR ( 'NONE', #3644, 1000.000000000000000 ) ;
#299 = CARTESIAN_POINT ( 'NONE',  ( 37.19894853087983222, 40.00596112700796425, 41.26491364505290704 ) ) ;
#300 = DIRECTION ( 'NONE',  ( -0.000000000000000000, 0.000000000000000000, 1.000000000000000000 ) ) ;
#301 = ORIENTED_EDGE ( 'NONE', *, *, #3530, .F. ) ;
#302 = EDGE_CURVE ( 'NONE', #7089, #2355, #2064, .T. ) ;
#303 = DIRECTION ( 'NONE',  ( 0.000000000000000000, 0.000000000000000000, 1.000000000000000000 ) ) ;
#304 = ORIENTED_EDGE ( 'NONE', *, *, #5867, .F. ) ;
#305 = CARTESIAN_POINT ( 'NONE',  ( 11.32113536332820303, 29.58244807527568199, 35.45576186641844885 ) ) ;
#306 = AXIS2_PLACEMENT_3D ( 'NONE', #4558, #6779, #5171 ) ;
#307 = AXIS2_PLACEMENT_3D ( 'NONE', #2380, #5071, #3568 ) ;
#308 = EDGE_CURVE ( 'NONE', #5563, #4074, #5328, .T. ) ;
#309 = ORIENTED_EDGE ( 'NONE', *, *, #2373, .F. ) ;
#310 = ORIENTED_EDGE ( 'NONE', *, *, #1438, .F. ) ;
#311 = VECTOR ( 'NONE', #2298, 1000.000000000000000 ) ;
#312 = VECTOR ( 'NONE', #1492, 1000.000000000000000 ) ;
#313 = CARTESIAN_POINT ( 'NONE',  ( 11.73945922832567668, 29.50596112700797136, 35.59504066397509803 ) ) ;
#314 = FACE_OUTER_BOUND ( 'NONE', #616, .T. ) ;
#315 = CARTESIAN_POINT ( 'NONE',  ( 9.098948465071329039, 122.1059670551352383, 41.76491364505290704 ) ) ;
#316 = DIRECTION ( 'NONE',  ( -2.081668171173105301E-13, -1.000000000000000000, 0.000000000000000000 ) ) ;
#317 = EDGE_CURVE ( 'NONE', #4648, #1685, #6566, .T. ) ;
#318 = EDGE_CURVE ( 'NONE', #4979, #6034, #6607, .T. ) ;
#319 = ORIENTED_EDGE ( 'NONE', *, *, #867, .F. ) ;
#320 = ORIENTED_EDGE ( 'NONE', *, *, #3140, .F. ) ;
#321 = AXIS2_PLACEMENT_3D ( 'NONE', #6017, #1130, #5558 ) ;
#322 =( BOUNDED_SURFACE ( )  B_SPLINE_SURFACE ( 3, 2, ( 
 ( #3445, #835, #2499 ),
 ( #4061, #5667, #6860 ),
 ( #4570, #4676, #4712 ),
 ( #6244, #5767, #3479 ),
 ( #5728, #1271, #6794 ),
 ( #1880, #5697, #2941 ),
 ( #198, #6830, #1852 ),
 ( #6277, #1302, #763 ),
 ( #803, #3013, #5219 ),
 ( #6891, #6525, #5439 ) ),
 .UNSPECIFIED., .F., .F., .T. ) 
 B_SPLINE_SURFACE_WITH_KNOTS ( ( 4, 2, 2, 2, 4 ),
 ( 3, 3 ),
 ( 1.570796326794896114, 1.963495408493620920, 2.356194490192345725, 2.748893571891070753, 3.141592653589795781 ),
 ( 0.000000000000000000, 1.000000000000000000 ),
 .UNSPECIFIED. ) 
 GEOMETRIC_REPRESENTATION_ITEM ( )  RATIONAL_B_SPLINE_SURFACE ( (
 ( 1.000000000000000000, 0.7071067811865471286, 1.000000000000000000),
 ( 1.000000000000000000, 0.6840558350805813204, 1.000000000000000000),
 ( 1.000000000000000000, 0.6597912132949370623, 1.000000000000000000),
 ( 1.000000000000000000, 0.6124063808185213897, 1.000000000000000000),
 ( 1.000000000000000000, 0.5892741618689039118, 1.000000000000000000),
 ( 1.000000000000000000, 0.5487308361969454040, 1.000000000000000000),
 ( 1.000000000000000000, 0.5313810531908336188, 1.000000000000000000),
 ( 1.000000000000000000, 0.5073419423667535622, 1.000000000000000000),
 ( 1.000000000000000000, 0.5006985450772568624, 1.000000000000000000),
 ( 1.000000000000000000, 0.5007638543974211043, 1.000000000000000000) ) ) 
 REPRESENTATION_ITEM ( '' )  SURFACE ( )  );
#323 = DIRECTION ( 'NONE',  ( 0.9103664774626049061, 0.000000000000000000, 0.4138029443011835840 ) ) ;
#324 = ORIENTED_EDGE ( 'NONE', *, *, #1047, .T. ) ;
#325 = DIRECTION ( 'NONE',  ( -1.000000000000000000, 0.000000000000000000, 0.000000000000000000 ) ) ;
#326 = FACE_OUTER_BOUND ( 'NONE', #856, .T. ) ;
#327 = DIRECTION ( 'NONE',  ( -0.000000000000000000, 0.4999999999999986677, 0.8660254037844395958 ) ) ;
#328 = VECTOR ( 'NONE', #6731, 1000.000000000000000 ) ;
#329 = ORIENTED_EDGE ( 'NONE', *, *, #3938, .F. ) ;
#330 = CARTESIAN_POINT ( 'NONE',  ( 37.72218489822246568, 48.69380593142552272, 38.76491364505291415 ) ) ;
#331 = LINE ( 'NONE', #2529, #100 ) ;
#332 = CARTESIAN_POINT ( 'NONE',  ( 38.58468489822245573, -12.80532761448481160, 40.26491364505297099 ) ) ;
#333 = VECTOR ( 'NONE', #1560, 1000.000000000000000 ) ;
#334 = CARTESIAN_POINT ( 'NONE',  ( 7.196156169193795193, 30.86592662334902570, 39.51063316696848915 ) ) ;
#335 = DIRECTION ( 'NONE',  ( 0.9999998850680932305, -0.0004794411333274459729, 0.000000000000000000 ) ) ;
#336 = DIRECTION ( 'NONE',  ( -1.000000000000000000, 0.000000000000000000, -2.135044278125296610E-15 ) ) ;
#337 = AXIS2_PLACEMENT_3D ( 'NONE', #1520, #981, #5400 ) ;
#338 = CARTESIAN_POINT ( 'NONE',  ( 37.19894853087961906, 0.000000000000000000, 42.76491364505290704 ) ) ;
#339 = LINE ( 'NONE', #1555, #4479 ) ;
#340 = EDGE_LOOP ( 'NONE', ( #6966, #6950, #3809, #2377, #3163, #4032, #419, #2774 ) ) ;
#341 = LINE ( 'NONE', #5874, #2057 ) ;
#342 = EDGE_LOOP ( 'NONE', ( #7111, #1398, #3382, #3996, #1304, #3849 ) ) ;
#343 = CARTESIAN_POINT ( 'NONE',  ( 25.18809523561003871, 126.1057274495004350, 40.26491364505290704 ) ) ;
#344 = CYLINDRICAL_SURFACE ( 'NONE', #113, 0.5000000000000004441 ) ;
#345 = EDGE_CURVE ( 'NONE', #1834, #4122, #4926, .T. ) ;
#346 = ORIENTED_EDGE ( 'NONE', *, *, #6698, .F. ) ;
#347 = AXIS2_PLACEMENT_3D ( 'NONE', #1145, #4981, #1723 ) ;
#348 = ORIENTED_EDGE ( 'NONE', *, *, #1217, .F. ) ;
#349 = AXIS2_PLACEMENT_3D ( 'NONE', #153, #2825, #81 ) ;
#350 = DIRECTION ( 'NONE',  ( 0.9103664774626043510, 0.000000000000000000, 0.4138029443011850272 ) ) ;
#351 = CARTESIAN_POINT ( 'NONE',  ( 32.69894853087974695, 113.0059670551349029, 42.76491364505290704 ) ) ;
#352 = EDGE_CURVE ( 'NONE', #376, #811, #5621, .T. ) ;
#353 = CARTESIAN_POINT ( 'NONE',  ( 7.037652779468490216, 30.89181641139725087, 39.92645433818550771 ) ) ;
#354 = ORIENTED_EDGE ( 'NONE', *, *, #2118, .T. ) ;
#355 = CARTESIAN_POINT ( 'NONE',  ( 34.79894853087962758, 74.60596705513525251, 41.76491364505290704 ) ) ;
#356 = DIRECTION ( 'NONE',  ( -0.4984711105067752834, 0.0002348913312108638141, -0.8669062791422179615 ) ) ;
#357 = ORIENTED_EDGE ( 'NONE', *, *, #1933, .F. ) ;
#358 = ORIENTED_EDGE ( 'NONE', *, *, #5996, .F. ) ;
#359 = EDGE_CURVE ( 'NONE', #221, #3696, #590, .T. ) ;
#360 = AXIS2_PLACEMENT_3D ( 'NONE', #1288, #325, #6402 ) ;
#361 = EDGE_CURVE ( 'NONE', #6707, #805, #3399, .T. ) ;
#362 = CARTESIAN_POINT ( 'NONE',  ( 8.598948465071330816, 16.50596112700797136, 40.26491364505290704 ) ) ;
#363 = CARTESIAN_POINT ( 'NONE',  ( 38.15563804977000473, 63.04633436550061276, 38.01567808295649797 ) ) ;
#364 = LINE ( 'NONE', #855, #7128 ) ;
#365 = VECTOR ( 'NONE', #3524, 1000.000000000000114 ) ;
#366 = ORIENTED_EDGE ( 'NONE', *, *, #6010, .F. ) ;
#367 = EDGE_CURVE ( 'NONE', #2847, #6079, #3623, .T. ) ;
#368 = CARTESIAN_POINT ( 'NONE',  ( 7.448948465071308256, 76.60596409107161264, 40.26491364505290704 ) ) ;
#369 = CARTESIAN_POINT ( 'NONE',  ( 6.698948465071296710, 31.37591959267694364, 40.26462139302515197 ) ) ;
#370 = CARTESIAN_POINT ( 'NONE',  ( 4.975665586867521029, 112.8275252851135662, 40.26491364505290704 ) ) ;
#371 = DIRECTION ( 'NONE',  ( 1.000000000000000000, 1.372589512535495125E-14, 0.000000000000000000 ) ) ;
#372 = SPHERICAL_SURFACE ( 'NONE', #5726, 0.5000000000000000000 ) ;
#373 = DIRECTION ( 'NONE',  ( -6.308085367188390241E-16, -1.000000000000000000, -0.000000000000000000 ) ) ;
#374 = CARTESIAN_POINT ( 'NONE',  ( 30.45596412401980402, 109.5059670551350592, 32.11356641178826266 ) ) ;
#375 = DIRECTION ( 'NONE',  ( 0.000000000000000000, -0.000000000000000000, 1.000000000000000000 ) ) ;
#376 = VERTEX_POINT ( 'NONE', #1629 ) ;
#377 = CARTESIAN_POINT ( 'NONE',  ( 0.02220009784989298088, 47.11160421155246780, 38.76491364505291415 ) ) ;
#378 = ORIENTED_EDGE ( 'NONE', *, *, #6937, .T. ) ;
#379 = DIRECTION ( 'NONE',  ( 0.000000000000000000, 0.000000000000000000, -1.000000000000000000 ) ) ;
#380 = EDGE_CURVE ( 'NONE', #6701, #1074, #1429, .T. ) ;
#381 = DIRECTION ( 'NONE',  ( -1.000000000000000000, 9.156478491488235634E-14, 0.000000000000000000 ) ) ;
#382 = ORIENTED_EDGE ( 'NONE', *, *, #6542, .F. ) ;
#383 = SURFACE_STYLE_FILL_AREA ( #6425 ) ;
#384 = DIRECTION ( 'NONE',  ( 0.000000000000000000, -1.000000000000000000, 0.000000000000000000 ) ) ;
#385 = CARTESIAN_POINT ( 'NONE',  ( 11.09894846507153687, 29.34089761754688297, 35.97901526019065699 ) ) ;
#386 = FACE_OUTER_BOUND ( 'NONE', #6556, .T. ) ;
#387 = ORIENTED_EDGE ( 'NONE', *, *, #263, .F. ) ;
#388 = CARTESIAN_POINT ( 'NONE',  ( 0.000000000000000000, 76.60596409107161264, 41.26491364505290704 ) ) ;
#389 = CARTESIAN_POINT ( 'NONE',  ( 37.19894853087944142, 113.4804468804926358, 39.72522539197139224 ) ) ;
#390 = EDGE_CURVE ( 'NONE', #2033, #5340, #2937, .T. ) ;
#391 = ORIENTED_EDGE ( 'NONE', *, *, #5438, .F. ) ;
#392 = ORIENTED_EDGE ( 'NONE', *, *, #2116, .F. ) ;
#393 = DIRECTION ( 'NONE',  ( 0.000000000000000000, 0.000000000000000000, 1.000000000000000000 ) ) ;
#394 = CARTESIAN_POINT ( 'NONE',  ( 38.56123339714815046, 63.12456296877272166, 38.72106129578852318 ) ) ;
#395 = VECTOR ( 'NONE', #4396, 1000.000000000000000 ) ;
#396 = DIRECTION ( 'NONE',  ( -1.000000000000000000, 0.000000000000000000, 0.000000000000000000 ) ) ;
#397 = ORIENTED_EDGE ( 'NONE', *, *, #5209, .F. ) ;
#398 = CARTESIAN_POINT ( 'NONE',  ( 21.44894849797543301, 25.00596112700795715, 41.76491364505290704 ) ) ;
#399 = ADVANCED_FACE ( 'NONE', ( #2754 ), #6132, .F. ) ;
#400 = ORIENTED_EDGE ( 'NONE', *, *, #5001, .F. ) ;
#401 = CIRCLE ( 'NONE', #4905, 0.4999999999999982236 ) ;
#402 = CARTESIAN_POINT ( 'NONE',  ( 11.59894846507153865, 30.86591882637161532, 40.26491364505290704 ) ) ;
#403 = CARTESIAN_POINT ( 'NONE',  ( 4.879758946199486580, 31.64815071829453785, 39.51567808292385564 ) ) ;
#404 = DIRECTION ( 'NONE',  ( 0.9103664774626049061, 0.000000000000000000, -0.4138029443011835840 ) ) ;
#405 = VERTEX_POINT ( 'NONE', #3292 ) ;
#406 = DIRECTION ( 'NONE',  ( -1.000000000000000000, 9.251858538542973800E-16, 9.251858538542973800E-16 ) ) ;
#407 = EDGE_CURVE ( 'NONE', #2611, #1279, #4967, .T. ) ;
#408 = EDGE_CURVE ( 'NONE', #49, #6511, #508, .T. ) ;
#409 = CARTESIAN_POINT ( 'NONE',  ( 21.44894849797543301, 23.00596112700796425, 42.76491364505290704 ) ) ;
#410 = DIRECTION ( 'NONE',  ( 0.000000000000000000, -1.000000000000000000, 0.000000000000000000 ) ) ;
#411 = VERTEX_POINT ( 'NONE', #1743 ) ;
#412 = DIRECTION ( 'NONE',  ( 0.000000000000000000, 0.000000000000000000, 1.000000000000000000 ) ) ;
#413 = ORIENTED_EDGE ( 'NONE', *, *, #4623, .F. ) ;
#414 = CARTESIAN_POINT ( 'NONE',  ( 30.94894849797546144, 111.5059670551350592, 42.76491364505290704 ) ) ;
#415 = CARTESIAN_POINT ( 'NONE',  ( 20.77829802542625615, 31.50596112700796425, 23.76491364505290704 ) ) ;
#416 = AXIS2_PLACEMENT_3D ( 'NONE', #2059, #473, #6488 ) ;
#417 = CIRCLE ( 'NONE', #3992, 0.5000000000000004441 ) ;
#418 = ORIENTED_EDGE ( 'NONE', *, *, #4958, .F. ) ;
#419 = ORIENTED_EDGE ( 'NONE', *, *, #148, .T. ) ;
#420 = CARTESIAN_POINT ( 'NONE',  ( 25.19894853087959063, 119.0059670551349171, 42.76491364505290704 ) ) ;
#421 = DIRECTION ( 'NONE',  ( -0.4984711242580832646, 4.531078101458346611E-14, 0.8669063030575349105 ) ) ;
#422 = CARTESIAN_POINT ( 'NONE',  ( 0.000000000000000000, 76.60596409107161264, 40.26491364505290704 ) ) ;
#423 = AXIS2_PLACEMENT_3D ( 'NONE', #2630, #4739, #4810 ) ;
#424 = ORIENTED_EDGE ( 'NONE', *, *, #1800, .T. ) ;
#425 = TOROIDAL_SURFACE ( 'NONE', #998, 1.000000000000000000, 0.5000000000000000000 ) ;
#426 = DIRECTION ( 'NONE',  ( -6.308085367188377422E-16, -1.000000000000000000, 0.000000000000000000 ) ) ;
#427 = CARTESIAN_POINT ( 'NONE',  ( 25.69894853087959063, 119.0059670551349171, 42.76491364505290704 ) ) ;
#428 = ORIENTED_EDGE ( 'NONE', *, *, #6514, .F. ) ;
#429 = EDGE_CURVE ( 'NONE', #7009, #772, #3854, .T. ) ;
#430 = EDGE_LOOP ( 'NONE', ( #5066, #2315, #1869, #1025 ) ) ;
#431 = CARTESIAN_POINT ( 'NONE',  ( 23.11959897052461699, 111.5059670551350592, 23.76491364505290704 ) ) ;
#432 = AXIS2_PLACEMENT_3D ( 'NONE', #1822, #4027, #6246 ) ;
#433 = FACE_OUTER_BOUND ( 'NONE', #5542, .T. ) ;
#434 = AXIS2_PLACEMENT_3D ( 'NONE', #6461, #2029, #4793 ) ;
#435 = DIRECTION ( 'NONE',  ( 0.000000000000000000, 1.000000000000000000, -0.000000000000000000 ) ) ;
#436 = ORIENTED_EDGE ( 'NONE', *, *, #6138, .T. ) ;
#437 = DIRECTION ( 'NONE',  ( 1.000000000000000000, 0.000000000000000000, 0.000000000000000000 ) ) ;
#438 = EDGE_CURVE ( 'NONE', #4096, #2281, #3820, .T. ) ;
#439 = VERTEX_POINT ( 'NONE', #6094 ) ;
#440 = ADVANCED_FACE ( 'NONE', ( #3907 ), #2869, .F. ) ;
#441 = CARTESIAN_POINT ( 'NONE',  ( 5.597706650852606103, 112.3489105155209558, 40.26491364505289994 ) ) ;
#442 = CARTESIAN_POINT ( 'NONE',  ( 5.739029615394402920E-12, 62.67725764582249326, 42.76491364505290704 ) ) ;
#443 = CYLINDRICAL_SURFACE ( 'NONE', #3067, 0.5000000000000004441 ) ;
#444 = AXIS2_PLACEMENT_3D ( 'NONE', #3378, #4938, #3411 ) ;
#445 = CARTESIAN_POINT ( 'NONE',  ( 37.72218489822246568, 63.17725764581904002, 38.26491364505291415 ) ) ;
#446 = LINE ( 'NONE', #477, #2357 ) ;
#447 = AXIS2_PLACEMENT_3D ( 'NONE', #5943, #986, #7076 ) ;
#448 = DIRECTION ( 'NONE',  ( 0.000000000000000000, 1.000000000000000000, 0.000000000000000000 ) ) ;
#449 = ORIENTED_EDGE ( 'NONE', *, *, #3474, .T. ) ;
#450 = ADVANCED_FACE ( 'NONE', ( #5590 ), #625, .T. ) ;
#451 = PLANE ( 'NONE',  #5544 ) ;
#452 = EDGE_CURVE ( 'NONE', #6615, #2516, #3946, .T. ) ;
#453 = FACE_OUTER_BOUND ( 'NONE', #181, .T. ) ;
#454 = CARTESIAN_POINT ( 'NONE',  ( 30.94894849797543657, 22.50596112700796425, 41.76491364505290704 ) ) ;
#455 = VECTOR ( 'NONE', #3546, 1000.000000000000227 ) ;
#456 = ORIENTED_EDGE ( 'NONE', *, *, #4932, .F. ) ;
#457 = DIRECTION ( 'NONE',  ( 0.000000000000000000, -1.000000000000000000, -0.000000000000000000 ) ) ;
#458 = CARTESIAN_POINT ( 'NONE',  ( 5.313212097728343686, -12.80532761448479206, 39.76491364505289283 ) ) ;
#459 = DIRECTION ( 'NONE',  ( -0.000000000000000000, -0.000000000000000000, -1.000000000000000000 ) ) ;
#460 = EDGE_LOOP ( 'NONE', ( #4382, #85, #5610, #3600 ) ) ;
#461 = CARTESIAN_POINT ( 'NONE',  ( 38.58468489822249126, 46.09343254915983579, 39.76491364505297099 ) ) ;
#462 = DIRECTION ( 'NONE',  ( 1.000000000000000000, 0.000000000000000000, 0.000000000000000000 ) ) ;
#463 = VERTEX_POINT ( 'NONE', #2322 ) ;
#464 = ORIENTED_EDGE ( 'NONE', *, *, #1684, .F. ) ;
#465 = DIRECTION ( 'NONE',  ( -1.000000000000000000, 0.000000000000000000, -0.000000000000000000 ) ) ;
#466 = CARTESIAN_POINT ( 'NONE',  ( 15.44894849797545788, 117.0059670551347750, 40.26491364505290704 ) ) ;
#467 = DIRECTION ( 'NONE',  ( 0.9999998889741967822, -0.0004712235075974231303, 2.135044041080290718E-15 ) ) ;
#468 = ADVANCED_FACE ( 'NONE', ( #1775 ), #3038, .F. ) ;
#469 = CARTESIAN_POINT ( 'NONE',  ( 39.44894849785089974, 111.8019524924445705, 40.26491364505296389 ) ) ;
#470 = EDGE_LOOP ( 'NONE', ( #1698, #5044, #2865, #5298 ) ) ;
#471 = FACE_OUTER_BOUND ( 'NONE', #6595, .T. ) ;
#472 = CARTESIAN_POINT ( 'NONE',  ( 37.19894853088031539, 2.365992001542803562E-13, 40.26491364505290704 ) ) ;
#473 = DIRECTION ( 'NONE',  ( 0.000000000000000000, 0.000000000000000000, -1.000000000000000000 ) ) ;
#474 = EDGE_CURVE ( 'NONE', #2481, #2699, #827, .T. ) ;
#475 = CARTESIAN_POINT ( 'NONE',  ( 32.94894849797545788, 109.5059670551350592, 34.38948260544477620 ) ) ;
#476 = EDGE_CURVE ( 'NONE', #1484, #6101, #725, .T. ) ;
#477 = CARTESIAN_POINT ( 'NONE',  ( 9.598948465071329039, 122.1059670551352383, 41.26491364505290704 ) ) ;
#478 = DIRECTION ( 'NONE',  ( -4.163336342344333871E-15, -1.000000000000000000, 0.000000000000000000 ) ) ;
#479 = VERTEX_POINT ( 'NONE', #6753 ) ;
#480 = CARTESIAN_POINT ( 'NONE',  ( 11.59894846507153865, 32.03032570077274954, 41.26491364505290704 ) ) ;
#481 = LINE ( 'NONE', #2069, #3538 ) ;
#482 = CARTESIAN_POINT ( 'NONE',  ( 13.74035607321163077, 17.40596112700796283, 42.76491364505290704 ) ) ;
#483 = EDGE_CURVE ( 'NONE', #1672, #206, #401, .T. ) ;
#484 = VERTEX_POINT ( 'NONE', #1330 ) ;
#485 = PRESENTATION_STYLE_ASSIGNMENT (( #5950 ) ) ;
#486 = CARTESIAN_POINT ( 'NONE',  ( 21.44894849797543301, 25.00596112700795715, 42.76491364505290704 ) ) ;
#487 = CARTESIAN_POINT ( 'NONE',  ( 32.94894849797542236, -1.143146204654824465E-14, 40.26491364505290704 ) ) ;
#488 = LINE ( 'NONE', #4840, #2514 ) ;
#489 = ORIENTED_EDGE ( 'NONE', *, *, #1521, .T. ) ;
#490 = DIRECTION ( 'NONE',  ( 1.595945597898635706E-14, -1.000000000000000000, 2.775557561562888827E-14 ) ) ;
#491 = DIRECTION ( 'NONE',  ( 0.000000000000000000, 1.000000000000000000, 0.000000000000000000 ) ) ;
#492 = ORIENTED_EDGE ( 'NONE', *, *, #31, .F. ) ;
#493 = EDGE_LOOP ( 'NONE', ( #6838, #171, #41, #2276 ) ) ;
#494 = CYLINDRICAL_SURFACE ( 'NONE', #175, 0.5000000000000004441 ) ;
#495 = CARTESIAN_POINT ( 'NONE',  ( 37.19894853087983222, 49.69405690742323145, 40.26491364505290704 ) ) ;
#496 = DIRECTION ( 'NONE',  ( -6.308085367188389255E-16, -1.000000000000000000, 0.000000000000000000 ) ) ;
#497 = LINE ( 'NONE', #3251, #4166 ) ;
#498 = CARTESIAN_POINT ( 'NONE',  ( 37.72232291639239321, 46.80094577413650825, 38.76491364505292125 ) ) ;
#499 = ORIENTED_EDGE ( 'NONE', *, *, #6071, .T. ) ;
#500 = CARTESIAN_POINT ( 'NONE',  ( 10.94894849797540992, 109.5059670551350735, 41.76491364505290704 ) ) ;
#501 = ORIENTED_EDGE ( 'NONE', *, *, #2585, .F. ) ;
#502 = LINE ( 'NONE', #3791, #2957 ) ;
#503 = CARTESIAN_POINT ( 'NONE',  ( 4.221849852007517004E-13, 36.50596112700841189, 40.26491364505290704 ) ) ;
#504 = LINE ( 'NONE', #544, #1803 ) ;
#505 = CIRCLE ( 'NONE', #6765, 2.000000000000001776 ) ;
#506 = ADVANCED_FACE ( 'NONE', ( #3471 ), #6270, .T. ) ;
#507 = EDGE_CURVE ( 'NONE', #5502, #2508, #3172, .T. ) ;
#508 = LINE ( 'NONE', #2247, #2361 ) ;
#509 = LINE ( 'NONE', #5512, #2396 ) ;
#510 = ORIENTED_EDGE ( 'NONE', *, *, #6997, .T. ) ;
#511 = DIRECTION ( 'NONE',  ( 6.308085367188390241E-16, 1.000000000000000000, 0.000000000000000000 ) ) ;
#512 = VECTOR ( 'NONE', #6822, 1000.000000000000000 ) ;
#513 = DIRECTION ( 'NONE',  ( 0.000000000000000000, 0.000000000000000000, 1.000000000000000000 ) ) ;
#514 = ADVANCED_FACE ( 'NONE', ( #1229 ), #224, .F. ) ;
#515 = LINE ( 'NONE', #2253, #1939 ) ;
#516 = EDGE_LOOP ( 'NONE', ( #4173, #2249, #3245, #1627, #3470, #3485, #6082, #5581, #1754 ) ) ;
#517 = DIRECTION ( 'NONE',  ( -1.000000000000000000, 0.000000000000000000, 0.000000000000000000 ) ) ;
#518 = CARTESIAN_POINT ( 'NONE',  ( 37.19894853087943432, 29.53148130165038410, 39.72522539197138514 ) ) ;
#519 = DIRECTION ( 'NONE',  ( -1.600840570528599533E-14, 1.000000000000000000, 0.000000000000000000 ) ) ;
#520 = DIRECTION ( 'NONE',  ( -7.228014036897248881E-16, -1.000000000000000000, -1.964088442545314592E-31 ) ) ;
#521 = ORIENTED_EDGE ( 'NONE', *, *, #452, .T. ) ;
#522 = FACE_OUTER_BOUND ( 'NONE', #4933, .T. ) ;
#523 = EDGE_CURVE ( 'NONE', #2885, #1334, #3507, .T. ) ;
#524 = DIRECTION ( 'NONE',  ( 0.000000000000000000, -1.000000000000000000, 0.000000000000000000 ) ) ;
#525 = ORIENTED_EDGE ( 'NONE', *, *, #7157, .T. ) ;
#526 = ORIENTED_EDGE ( 'NONE', *, *, #2414, .T. ) ;
#527 = CIRCLE ( 'NONE', #1214, 0.5000000000000004441 ) ;
#528 = TOROIDAL_SURFACE ( 'NONE', #2378, 5.500000000000000000, 2.000000000000000000 ) ;
#529 = CARTESIAN_POINT ( 'NONE',  ( 38.58013300720441663, 49.66757519315525826, 38.75393018284243851 ) ) ;
#530 = CARTESIAN_POINT ( 'NONE',  ( 37.19894853088031539, 2.365992001542803562E-13, 41.26491364505290704 ) ) ;
#531 = EDGE_CURVE ( 'NONE', #2140, #1567, #3437, .T. ) ;
#532 = LINE ( 'NONE', #2737, #3764 ) ;
#533 = CARTESIAN_POINT ( 'NONE',  ( 11.85146919359822171, 29.50596112700797136, 35.78188528616576036 ) ) ;
#534 = CARTESIAN_POINT ( 'NONE',  ( 38.29742050997626990, 46.59356797042042331, 39.26491364505290704 ) ) ;
#535 = VECTOR ( 'NONE', #1942, 1000.000000000000000 ) ;
#536 = ORIENTED_EDGE ( 'NONE', *, *, #4353, .F. ) ;
#537 = CARTESIAN_POINT ( 'NONE',  ( 11.44894849797541170, 110.8288427106673595, 41.26491364505290704 ) ) ;
#538 = EDGE_LOOP ( 'NONE', ( #5491, #1585, #6655, #392 ) ) ;
#539 = VECTOR ( 'NONE', #4269, 1000.000000000000000 ) ;
#540 = VECTOR ( 'NONE', #3544, 1000.000000000000000 ) ;
#541 = CARTESIAN_POINT ( 'NONE',  ( 0.02220009784989298435, 47.11160421155247491, 39.26491364505291415 ) ) ;
#542 = ORIENTED_EDGE ( 'NONE', *, *, #2216, .F. ) ;
#543 = SPHERICAL_SURFACE ( 'NONE', #6836, 0.5000000000000000000 ) ;
#544 = CARTESIAN_POINT ( 'NONE',  ( 33.06188035674887971, 48.69604027337334173, 41.26491364505290704 ) ) ;
#545 = ORIENTED_EDGE ( 'NONE', *, *, #5864, .F. ) ;
#546 = AXIS2_PLACEMENT_3D ( 'NONE', #764, #6861, #4647 ) ;
#547 = DIRECTION ( 'NONE',  ( -1.000000000000000000, 0.000000000000000000, 0.000000000000000000 ) ) ;
#548 = CARTESIAN_POINT ( 'NONE',  ( 37.96011797602032800, 49.19369191397388619, 38.97202042623945317 ) ) ;
#549 = ORIENTED_EDGE ( 'NONE', *, *, #5080, .F. ) ;
#550 = DIRECTION ( 'NONE',  ( -1.952415606740757108E-16, -1.000000000000000000, 0.000000000000000000 ) ) ;
#551 = AXIS2_PLACEMENT_3D ( 'NONE', #5642, #683, #173 ) ;
#552 =( BOUNDED_CURVE ( )  B_SPLINE_CURVE ( 3, ( #1816, #2493, #4021, #5796 ),
 .UNSPECIFIED., .F., .T. ) 
 B_SPLINE_CURVE_WITH_KNOTS ( ( 4, 4 ),
 ( 4.188790204786540627, 4.712388980384848658 ),
 .UNSPECIFIED. ) 
 CURVE ( )  GEOMETRIC_REPRESENTATION_ITEM ( )  RATIONAL_B_SPLINE_CURVE ( ( 1.000000000000000000, 0.9772838841927113940, 0.9772838841927113940, 1.000000000000000000 ) ) 
 REPRESENTATION_ITEM ( '' )  );
#553 = DIRECTION ( 'NONE',  ( -1.000000000000000000, 9.089951014118085473E-14, 0.000000000000000000 ) ) ;
#554 = EDGE_CURVE ( 'NONE', #1857, #4731, #794, .T. ) ;
#555 = DIRECTION ( 'NONE',  ( -0.000000000000000000, 0.000000000000000000, 1.000000000000000000 ) ) ;
#556 = AXIS2_PLACEMENT_3D ( 'NONE', #5016, #6106, #4509 ) ;
#557 = ORIENTED_EDGE ( 'NONE', *, *, #4460, .T. ) ;
#558 = CARTESIAN_POINT ( 'NONE',  ( 36.69894853087959063, 0.000000000000000000, 42.76491364505290704 ) ) ;
#559 = DIRECTION ( 'NONE',  ( 0.4984711105067752279, -0.0002348913312079840376, 0.8669062791422177394 ) ) ;
#560 = CARTESIAN_POINT ( 'NONE',  ( 29.94734755149408301, 1.092148475516849349, 26.16139156279401945 ) ) ;
#561 = LINE ( 'NONE', #1753, #4835 ) ;
#562 = EDGE_LOOP ( 'NONE', ( #6264, #4664, #2427, #6920, #2418, #567, #3276 ) ) ;
#563 = PLANE ( 'NONE',  #5897 ) ;
#564 = VECTOR ( 'NONE', #4312, 1000.000000000000000 ) ;
#565 = DIRECTION ( 'NONE',  ( -0.000000000000000000, -0.000000000000000000, 1.000000000000000000 ) ) ;
#566 = ADVANCED_FACE ( 'NONE', ( #2972 ), #257, .T. ) ;
#567 = ORIENTED_EDGE ( 'NONE', *, *, #3561, .T. ) ;
#568 = EDGE_CURVE ( 'NONE', #39, #2916, #2353, .T. ) ;
#569 = ORIENTED_EDGE ( 'NONE', *, *, #6262, .F. ) ;
#570 = AXIS2_PLACEMENT_3D ( 'NONE', #1435, #3035, #2563 ) ;
#571 = CARTESIAN_POINT ( 'NONE',  ( 39.44894849797545788, 62.17725764581892633, 40.26491364505295678 ) ) ;
#572 = CARTESIAN_POINT ( 'NONE',  ( 37.19894853087959774, 124.6059670551352241, 40.26491364505290704 ) ) ;
#573 = DIRECTION ( 'NONE',  ( 0.000000000000000000, -1.000000000000000000, 0.000000000000000000 ) ) ;
#574 = CARTESIAN_POINT ( 'NONE',  ( 11.65846406910910815, 29.50596112700797136, 36.89040955579157810 ) ) ;
#575 = DIRECTION ( 'NONE',  ( -0.000000000000000000, -0.000000000000000000, 1.000000000000000000 ) ) ;
#576 = AXIS2_PLACEMENT_3D ( 'NONE', #6581, #6031, #3845 ) ;
#577 = VERTEX_POINT ( 'NONE', #3539 ) ;
#578 = CARTESIAN_POINT ( 'NONE',  ( 39.01813804974728583, 111.7425938080109376, 39.51567808291692074 ) ) ;
#579 = VERTEX_POINT ( 'NONE', #4125 ) ;
#580 = EDGE_CURVE ( 'NONE', #6086, #642, #1909, .T. ) ;
#581 = ORIENTED_EDGE ( 'NONE', *, *, #5051, .T. ) ;
#582 = ADVANCED_FACE ( 'NONE', ( #699 ), #189, .F. ) ;
#583 = AXIS2_PLACEMENT_3D ( 'NONE', #4886, #4341, #6012 ) ;
#584 = CARTESIAN_POINT ( 'NONE',  ( 37.19894853087983222, 59.50596112700796425, 41.76491364505290704 ) ) ;
#585 = EDGE_LOOP ( 'NONE', ( #5253, #3323, #3246, #5480 ) ) ;
#586 = CARTESIAN_POINT ( 'NONE',  ( 25.69894853087959063, 119.5059670551349171, 42.76491364505290704 ) ) ;
#587 = DIRECTION ( 'NONE',  ( 0.000000000000000000, 0.000000000000000000, -1.000000000000000000 ) ) ;
#588 = EDGE_LOOP ( 'NONE', ( #3030, #7058, #4420, #6444 ) ) ;
#589 = CARTESIAN_POINT ( 'NONE',  ( 0.000000000000000000, 39.50596112700796425, 41.26491364505290704 ) ) ;
#590 = LINE ( 'NONE', #6717, #738 ) ;
#591 = LINE ( 'NONE', #2797, #4596 ) ;
#592 = ORIENTED_EDGE ( 'NONE', *, *, #1082, .F. ) ;
#593 = DIRECTION ( 'NONE',  ( -0.000000000000000000, -0.000000000000000000, 1.000000000000000000 ) ) ;
#594 = VECTOR ( 'NONE', #6038, 1000.000000000000000 ) ;
#595 = CARTESIAN_POINT ( 'NONE',  ( 23.11959897052457436, 31.50596112700796425, 29.26491364505290704 ) ) ;
#596 = B_SPLINE_CURVE_WITH_KNOTS ( 'NONE', 3,
 ( #229, #3042, #2429, #3645 ),
 .UNSPECIFIED., .F., .F.,
 ( 4, 4 ),
 ( 0.000000000000000000, 0.001077159840205688720 ),
 .UNSPECIFIED. ) ;
#597 = CARTESIAN_POINT ( 'NONE',  ( 39.44918821854214031, 49.69297804983312261, 40.26491364505297099 ) ) ;
#598 = AXIS2_PLACEMENT_3D ( 'NONE', #963, #6734, #7159 ) ;
#599 = ORIENTED_EDGE ( 'NONE', *, *, #4604, .F. ) ;
#600 = DIRECTION ( 'NONE',  ( -1.000000000000000000, 0.000000000000000000, 0.000000000000000000 ) ) ;
#601 = DIRECTION ( 'NONE',  ( -1.000000000000000000, 0.000000000000000000, 0.000000000000000000 ) ) ;
#602 = DIRECTION ( 'NONE',  ( 1.734723475976805517E-15, 0.000000000000000000, 1.000000000000000000 ) ) ;
#603 = PLANE ( 'NONE',  #1711 ) ;
#604 = ORIENTED_EDGE ( 'NONE', *, *, #253, .F. ) ;
#605 = DIRECTION ( 'NONE',  ( -0.000000000000000000, -0.000000000000000000, 1.000000000000000000 ) ) ;
#606 = CARTESIAN_POINT ( 'NONE',  ( 25.19894853088036868, 1.748528303458243677E-13, 41.26491364505290704 ) ) ;
#607 = EDGE_LOOP ( 'NONE', ( #6990, #5463, #6126, #3905 ) ) ;
#608 = ORIENTED_EDGE ( 'NONE', *, *, #2729, .T. ) ;
#609 = DIRECTION ( 'NONE',  ( 0.000000000000000000, 0.000000000000000000, -1.000000000000000000 ) ) ;
#610 = ADVANCED_FACE ( 'NONE', ( #6301 ), #3004, .F. ) ;
#611 = DIRECTION ( 'NONE',  ( -0.4984711242580827650, 4.564240127897088841E-14, -0.8669063030575352435 ) ) ;
#612 = LINE ( 'NONE', #5024, #5971 ) ;
#613 = CARTESIAN_POINT ( 'NONE',  ( 33.91289214232726579, 16.90596112700742637, 40.26491364505290704 ) ) ;
#614 = CARTESIAN_POINT ( 'NONE',  ( 38.58644849797541809, 47.09383909050607997, 38.76491364505291415 ) ) ;
#615 = ADVANCED_FACE ( 'NONE', ( #2454 ), #1950, .F. ) ;
#616 = EDGE_LOOP ( 'NONE', ( #3692, #4922, #3591 ) ) ;
#617 = ORIENTED_EDGE ( 'NONE', *, *, #3554, .T. ) ;
#618 = ORIENTED_EDGE ( 'NONE', *, *, #6324, .T. ) ;
#619 = ADVANCED_FACE ( 'NONE', ( #1371 ), #3274, .T. ) ;
#620 = CARTESIAN_POINT ( 'NONE',  ( 37.19894853087983222, 75.10596705513525251, 41.76491364505290704 ) ) ;
#621 = DIRECTION ( 'NONE',  ( 6.308085367188377422E-16, 1.000000000000000000, 0.000000000000000000 ) ) ;
#622 = DIRECTION ( 'NONE',  ( -0.4984711242580835422, 0.000000000000000000, 0.8669063030575349105 ) ) ;
#623 = EDGE_CURVE ( 'NONE', #6668, #1496, #3607, .T. ) ;
#624 = ORIENTED_EDGE ( 'NONE', *, *, #2375, .F. ) ;
#625 = PLANE ( 'NONE',  #2590 ) ;
#626 = FACE_OUTER_BOUND ( 'NONE', #2848, .T. ) ;
#627 = VERTEX_POINT ( 'NONE', #3815 ) ;
#628 = DIRECTION ( 'NONE',  ( -6.308085367188390241E-16, -1.000000000000000000, -0.000000000000000000 ) ) ;
#629 = CARTESIAN_POINT ( 'NONE',  ( 26.79189409896354590, 29.50596112700796425, 20.26491364505290704 ) ) ;
#630 = EDGE_CURVE ( 'NONE', #4122, #5430, #1889, .T. ) ;
#631 = EDGE_CURVE ( 'NONE', #6815, #4356, #4326, .T. ) ;
#632 = AXIS2_PLACEMENT_3D ( 'NONE', #5050, #4934, #4471 ) ;
#633 = CARTESIAN_POINT ( 'NONE',  ( 33.56087758130771448, 46.59579994104095135, 39.26491364505291415 ) ) ;
#634 = CARTESIAN_POINT ( 'NONE',  ( 32.94894849797543657, 39.50596112700796425, 41.26491364505290704 ) ) ;
#635 = VECTOR ( 'NONE', #1210, 1000.000000000000000 ) ;
#636 = FACE_OUTER_BOUND ( 'NONE', #2151, .T. ) ;
#637 = LINE ( 'NONE', #5090, #6456 ) ;
#638 = EDGE_LOOP ( 'NONE', ( #6030, #1516, #2061, #1290, #5857, #6660 ) ) ;
#639 = CARTESIAN_POINT ( 'NONE',  ( 5.313212097728296612, 32.12104993135084641, 40.26491364505289994 ) ) ;
#640 = CARTESIAN_POINT ( 'NONE',  ( 6.698948465071303815, 0.000000000000000000, 41.26491364505290704 ) ) ;
#641 = VECTOR ( 'NONE', #1932, 1000.000000000000000 ) ;
#642 = VERTEX_POINT ( 'NONE', #3777 ) ;
#643 =( BOUNDED_CURVE ( )  B_SPLINE_CURVE ( 3, ( #4601, #6826, #2530, #2601 ),
 .UNSPECIFIED., .F., .F. ) 
 B_SPLINE_CURVE_WITH_KNOTS ( ( 4, 4 ),
 ( 1.570796326794895004, 1.595529271640675484 ),
 .UNSPECIFIED. ) 
 CURVE ( )  GEOMETRIC_REPRESENTATION_ITEM ( )  RATIONAL_B_SPLINE_CURVE ( ( 1.000000000000000000, 0.9999490241029200810, 0.9999490241029200810, 1.000000000000000000 ) ) 
 REPRESENTATION_ITEM ( '' )  );
#644 = ORIENTED_EDGE ( 'NONE', *, *, #1364, .F. ) ;
#645 = DIRECTION ( 'NONE',  ( -1.000000000000000000, 0.000000000000000000, 0.000000000000000000 ) ) ;
#646 = CIRCLE ( 'NONE', #4569, 0.5000000000000004441 ) ;
#647 = DIRECTION ( 'NONE',  ( 0.4984711105067752279, -0.0002348913312079840376, 0.8669062791422178504 ) ) ;
#648 = DIRECTION ( 'NONE',  ( 0.4138029443011844721, -2.610304297845774153E-16, 0.9103664774626044620 ) ) ;
#649 = EDGE_CURVE ( 'NONE', #6366, #6799, #4908, .T. ) ;
#650 = ORIENTED_EDGE ( 'NONE', *, *, #6859, .F. ) ;
#651 = AXIS2_PLACEMENT_3D ( 'NONE', #541, #2124, #1655 ) ;
#652 = ORIENTED_EDGE ( 'NONE', *, *, #5613, .F. ) ;
#653 = DIRECTION ( 'NONE',  ( -0.4138029443011836395, 0.000000000000000000, 0.9103664774626049061 ) ) ;
#654 = VECTOR ( 'NONE', #587, 1000.000000000000000 ) ;
#655 = CARTESIAN_POINT ( 'NONE',  ( 32.69894853087974695, 112.5059670551349029, 42.76491364505290704 ) ) ;
#656 = AXIS2_PLACEMENT_3D ( 'NONE', #3315, #5577, #4410 ) ;
#657 = FACE_OUTER_BOUND ( 'NONE', #6938, .T. ) ;
#658 = ORIENTED_EDGE ( 'NONE', *, *, #4768, .F. ) ;
#659 = EDGE_CURVE ( 'NONE', #2421, #805, #6035, .T. ) ;
#660 = LINE ( 'NONE', #4345, #788 ) ;
#661 = AXIS2_PLACEMENT_3D ( 'NONE', #5882, #384, #2583 ) ;
#662 = VECTOR ( 'NONE', #6156, 1000.000000000000114 ) ;
#663 = ADVANCED_FACE ( 'NONE', ( #2567 ), #7091, .F. ) ;
#664 = DIRECTION ( 'NONE',  ( -1.000000000000000000, 0.000000000000000000, 0.000000000000000000 ) ) ;
#665 = CARTESIAN_POINT ( 'NONE',  ( 30.94894849797546144, 109.5059670551350592, 40.26491364505290704 ) ) ;
#666 = ORIENTED_EDGE ( 'NONE', *, *, #4198, .T. ) ;
#667 = CARTESIAN_POINT ( 'NONE',  ( 11.09894846507153687, 23.86152165282470605, 26.48845769552026752 ) ) ;
#668 = FACE_OUTER_BOUND ( 'NONE', #3528, .T. ) ;
#669 = VECTOR ( 'NONE', #300, 1000.000000000000000 ) ;
#670 = ADVANCED_FACE ( 'NONE', ( #3111 ), #494, .F. ) ;
#671 = EDGE_CURVE ( 'NONE', #2033, #4759, #1041, .T. ) ;
#672 = CARTESIAN_POINT ( 'NONE',  ( 6.234627116497126309, 32.86591882637194573, 37.15938561284120567 ) ) ;
#673 = EDGE_CURVE ( 'NONE', #932, #5408, #3286, .T. ) ;
#674 = VECTOR ( 'NONE', #91, 1000.000000000000000 ) ;
#675 = DIRECTION ( 'NONE',  ( 0.000000000000000000, 0.000000000000000000, 1.000000000000000000 ) ) ;
#676 = DIRECTION ( 'NONE',  ( 1.000000000000000000, -8.673617379884043361E-16, 0.000000000000000000 ) ) ;
#677 = CARTESIAN_POINT ( 'NONE',  ( 36.69894853087959063, 36.50596112700799267, 40.26491364505290704 ) ) ;
#678 = VERTEX_POINT ( 'NONE', #5126 ) ;
#679 = DIRECTION ( 'NONE',  ( 5.204171026055666413E-15, -1.000000000000000000, 0.000000000000000000 ) ) ;
#680 = ORIENTED_EDGE ( 'NONE', *, *, #3433, .T. ) ;
#681 = VERTEX_POINT ( 'NONE', #6218 ) ;
#682 = FACE_OUTER_BOUND ( 'NONE', #1720, .T. ) ;
#683 = DIRECTION ( 'NONE',  ( 0.9999998850680933415, -0.0004794411333293943926, 0.000000000000000000 ) ) ;
#684 = VECTOR ( 'NONE', #4245, 1000.000000000000000 ) ;
#685 = DIRECTION ( 'NONE',  ( 0.000000000000000000, 0.000000000000000000, 1.000000000000000000 ) ) ;
#686 = DIRECTION ( 'NONE',  ( -1.000000000000000000, 0.000000000000000000, 0.000000000000000000 ) ) ;
#687 = AXIS2_PLACEMENT_3D ( 'NONE', #1260, #6299, #2966 ) ;
#688 = VERTEX_POINT ( 'NONE', #6255 ) ;
#689 = VERTEX_POINT ( 'NONE', #6184 ) ;
#690 = ADVANCED_FACE ( 'NONE', ( #1179 ), #1281, .F. ) ;
#691 = DIRECTION ( 'NONE',  ( -1.000000000000000000, 0.000000000000000000, 0.000000000000000000 ) ) ;
#692 = ORIENTED_EDGE ( 'NONE', *, *, #1632, .T. ) ;
#693 = CIRCLE ( 'NONE', #6934, 0.5000000000000018874 ) ;
#694 = DIRECTION ( 'NONE',  ( -0.000000000000000000, -0.000000000000000000, 1.000000000000000000 ) ) ;
#695 = CARTESIAN_POINT ( 'NONE',  ( 37.51411049633345129, 30.10796039446674399, 40.26491364505297099 ) ) ;
#696 = ORIENTED_EDGE ( 'NONE', *, *, #1321, .F. ) ;
#697 = CARTESIAN_POINT ( 'NONE',  ( 4.879758946204327152, 32.59424823439989183, 39.51567808291559203 ) ) ;
#698 = AXIS2_PLACEMENT_3D ( 'NONE', #3609, #6305, #5324 ) ;
#699 = FACE_OUTER_BOUND ( 'NONE', #1766, .T. ) ;
#700 = DIRECTION ( 'NONE',  ( -1.000000000000000000, 0.000000000000000000, 0.000000000000000000 ) ) ;
#701 = ORIENTED_EDGE ( 'NONE', *, *, #1572, .F. ) ;
#702 = EDGE_CURVE ( 'NONE', #6390, #2929, #70, .T. ) ;
#703 = DIRECTION ( 'NONE',  ( 1.000000000000000000, 0.000000000000000000, -1.734723475976805319E-15 ) ) ;
#704 = CARTESIAN_POINT ( 'NONE',  ( 8.598948465071316605, 124.6059670551352241, 40.26491364505290704 ) ) ;
#705 = VECTOR ( 'NONE', #2318, 1000.000000000000000 ) ;
#706 = EDGE_CURVE ( 'NONE', #2951, #3537, #1829, .T. ) ;
#707 = DIRECTION ( 'NONE',  ( 0.000000000000000000, -0.000000000000000000, -1.000000000000000000 ) ) ;
#708 = CARTESIAN_POINT ( 'NONE',  ( 6.636037182789787714, 32.81996702088652285, 36.46128114972353274 ) ) ;
#709 = DIRECTION ( 'NONE',  ( 3.522281157729884820E-16, 1.000000000000000000, -0.000000000000000000 ) ) ;
#710 = CARTESIAN_POINT ( 'NONE',  ( 38.15563804975124640, 73.27725659993869556, 38.01567808292386985 ) ) ;
#711 = ADVANCED_FACE ( 'NONE', ( #682 ), #4516, .F. ) ;
#712 = FACE_OUTER_BOUND ( 'NONE', #3148, .T. ) ;
#713 = ORIENTED_EDGE ( 'NONE', *, *, #2554, .T. ) ;
#714 = EDGE_CURVE ( 'NONE', #5430, #4220, #33, .T. ) ;
#715 = ORIENTED_EDGE ( 'NONE', *, *, #3915, .T. ) ;
#716 = CARTESIAN_POINT ( 'NONE',  ( 11.44894849797545611, 121.0059670551347750, 42.76491364505290704 ) ) ;
#717 = CYLINDRICAL_SURFACE ( 'NONE', #551, 0.4999999999999982236 ) ;
#718 = CARTESIAN_POINT ( 'NONE',  ( 11.59894846507153865, 25.11591931483222240, 42.76491364505290704 ) ) ;
#719 = ORIENTED_EDGE ( 'NONE', *, *, #5521, .F. ) ;
#720 = ORIENTED_EDGE ( 'NONE', *, *, #4154, .T. ) ;
#721 = CARTESIAN_POINT ( 'NONE',  ( 7.198948465071300262, 24.11591931483222240, 42.76491364505290704 ) ) ;
#722 = DIRECTION ( 'NONE',  ( 6.308085367188390241E-16, 1.000000000000000000, 0.000000000000000000 ) ) ;
#723 = DIRECTION ( 'NONE',  ( 0.000000000000000000, -1.000000000000000000, 0.000000000000000000 ) ) ;
#724 = ORIENTED_EDGE ( 'NONE', *, *, #3493, .T. ) ;
#725 = LINE ( 'NONE', #4052, #280 ) ;
#726 = CARTESIAN_POINT ( 'NONE',  ( -3.709915889053858940E-14, 113.5059670551350735, 40.26491364505288573 ) ) ;
#727 = EDGE_LOOP ( 'NONE', ( #6312, #4841, #6945, #4311 ) ) ;
#728 = DIRECTION ( 'NONE',  ( -1.000000000000000000, -1.387778780781444413E-14, 0.000000000000000000 ) ) ;
#729 = CARTESIAN_POINT ( 'NONE',  ( 11.09894846507153687, 30.59796963394049030, 37.15632786135741839 ) ) ;
#730 = CARTESIAN_POINT ( 'NONE',  ( 36.69894853087959774, 0.000000000000000000, 40.26491364505290704 ) ) ;
#731 = ORIENTED_EDGE ( 'NONE', *, *, #3173, .T. ) ;
#732 = FACE_OUTER_BOUND ( 'NONE', #3899, .T. ) ;
#733 = EDGE_LOOP ( 'NONE', ( #3157, #3383, #227, #1654, #2236, #7027, #3193, #2088 ) ) ;
#734 = VECTOR ( 'NONE', #3300, 1000.000000000000000 ) ;
#735 =( BOUNDED_CURVE ( )  B_SPLINE_CURVE ( 3, ( #4439, #639, #2147, #5530 ),
 .UNSPECIFIED., .F., .F. ) 
 B_SPLINE_CURVE_WITH_KNOTS ( ( 4, 4 ),
 ( -1.776356839400250465E-15, 1.370325307321732300 ),
 .UNSPECIFIED. ) 
 CURVE ( )  GEOMETRIC_REPRESENTATION_ITEM ( )  RATIONAL_B_SPLINE_CURVE ( ( 1.000000000000000000, 0.8495440868445598426, 0.8495440868445598426, 1.000000000000000000 ) ) 
 REPRESENTATION_ITEM ( '' )  );
#736 = EDGE_CURVE ( 'NONE', #6809, #122, #5605, .T. ) ;
#737 = ORIENTED_EDGE ( 'NONE', *, *, #4308, .T. ) ;
#738 = VECTOR ( 'NONE', #4387, 1000.000000000000000 ) ;
#739 = ORIENTED_EDGE ( 'NONE', *, *, #4067, .F. ) ;
#740 = CARTESIAN_POINT ( 'NONE',  ( 13.44193287193114195, 111.5059670551350592, 32.11356641178824844 ) ) ;
#741 = DIRECTION ( 'NONE',  ( -2.081668171173105301E-13, -1.000000000000000000, 0.000000000000000000 ) ) ;
#742 = DIRECTION ( 'NONE',  ( -1.000000000000000000, 0.000000000000000000, 0.000000000000000000 ) ) ;
#743 = CIRCLE ( 'NONE', #6192, 0.5000000000000004441 ) ;
#744 = VERTEX_POINT ( 'NONE', #3487 ) ;
#745 = EDGE_LOOP ( 'NONE', ( #4183, #5367, #4328, #2894 ) ) ;
#746 = EDGE_CURVE ( 'NONE', #4378, #3379, #111, .T. ) ;
#747 = DIRECTION ( 'NONE',  ( 0.000000000000000000, 1.000000000000000000, 0.000000000000000000 ) ) ;
#748 = CARTESIAN_POINT ( 'NONE',  ( 32.69894853087960485, 119.0059670551349171, 40.26491364505290704 ) ) ;
#749 = CYLINDRICAL_SURFACE ( 'NONE', #5153, 0.5000000000000004441 ) ;
#750 = CIRCLE ( 'NONE', #3522, 0.5000000000000004441 ) ;
#751 = ORIENTED_EDGE ( 'NONE', *, *, #4157, .T. ) ;
#752 = CARTESIAN_POINT ( 'NONE',  ( 6.027531289870775133, 31.63475128552573068, 40.26491364505289994 ) ) ;
#753 = ORIENTED_EDGE ( 'NONE', *, *, #4384, .F. ) ;
#754 = DIRECTION ( 'NONE',  ( -1.000000000000000000, -2.142535656610104685E-14, 0.000000000000000000 ) ) ;
#755 = CARTESIAN_POINT ( 'NONE',  ( 25.19894853088036868, 1.748528303458243677E-13, 41.26491364505290704 ) ) ;
#756 = VECTOR ( 'NONE', #4970, 1000.000000000000114 ) ;
#757 = ORIENTED_EDGE ( 'NONE', *, *, #568, .F. ) ;
#758 = CARTESIAN_POINT ( 'NONE',  ( 11.59894846507153865, 30.00596112700797136, 40.26491364505290704 ) ) ;
#759 = CARTESIAN_POINT ( 'NONE',  ( 37.19894853087983222, 62.67725764581907555, 42.76491364505290704 ) ) ;
#760 = DIRECTION ( 'NONE',  ( 6.308085367188390241E-16, 1.000000000000000000, 0.000000000000000000 ) ) ;
#761 = CIRCLE ( 'NONE', #6558, 1.999999999999998890 ) ;
#762 = CIRCLE ( 'NONE', #3643, 0.5000000000000004441 ) ;
#763 = CARTESIAN_POINT ( 'NONE',  ( 38.17060376524586474, 73.53900450352264784, 38.04170541421885332 ) ) ;
#764 = CARTESIAN_POINT ( 'NONE',  ( 37.19894853087960485, 122.1059670551352525, 41.76491364505290704 ) ) ;
#765 = ORIENTED_EDGE ( 'NONE', *, *, #345, .F. ) ;
#766 = CARTESIAN_POINT ( 'NONE',  ( 17.10600289698727750, 31.50596112700797136, 22.26491364505289994 ) ) ;
#767 = VECTOR ( 'NONE', #2212, 1000.000000000000000 ) ;
#768 = ORIENTED_EDGE ( 'NONE', *, *, #1217, .T. ) ;
#769 = CIRCLE ( 'NONE', #1812, 1.899999999999988587 ) ;
#770 = VECTOR ( 'NONE', #190, 1000.000000000000000 ) ;
#771 = ORIENTED_EDGE ( 'NONE', *, *, #3737, .F. ) ;
#772 = VERTEX_POINT ( 'NONE', #2888 ) ;
#773 = CARTESIAN_POINT ( 'NONE',  ( 10.94894849797495340, -4.558415519207552897E-14, 41.76491364505290704 ) ) ;
#774 = CARTESIAN_POINT ( 'NONE',  ( 6.775956857116994136, 31.09042231917125321, 40.17688074482150995 ) ) ;
#775 = ADVANCED_FACE ( 'NONE', ( #6767 ), #2370, .F. ) ;
#776 = AXIS2_PLACEMENT_3D ( 'NONE', #3521, #1934, #5231 ) ;
#777 = LINE ( 'NONE', #4844, #3249 ) ;
#778 =( BOUNDED_CURVE ( )  B_SPLINE_CURVE ( 3, ( #6681, #4968, #2710, #6567 ),
 .UNSPECIFIED., .F., .F. ) 
 B_SPLINE_CURVE_WITH_KNOTS ( ( 4, 4 ),
 ( 3.141592653589793116, 4.552468270798375016 ),
 .UNSPECIFIED. ) 
 CURVE ( )  GEOMETRIC_REPRESENTATION_ITEM ( )  RATIONAL_B_SPLINE_CURVE ( ( 1.000000000000000000, 0.8408851759954757421, 0.8408851759954757421, 1.000000000000000000 ) ) 
 REPRESENTATION_ITEM ( '' )  );
#779 = ADVANCED_FACE ( 'NONE', ( #5098 ), #144, .F. ) ;
#780 = ORIENTED_EDGE ( 'NONE', *, *, #3995, .F. ) ;
#781 = ORIENTED_EDGE ( 'NONE', *, *, #5040, .T. ) ;
#782 = VECTOR ( 'NONE', #3234, 1000.000000000000000 ) ;
#783 = ADVANCED_FACE ( 'NONE', ( #1689 ), #4038, .F. ) ;
#784 = FACE_OUTER_BOUND ( 'NONE', #1166, .T. ) ;
#785 = ORIENTED_EDGE ( 'NONE', *, *, #1841, .T. ) ;
#786 = PLANE ( 'NONE',  #1853 ) ;
#787 = CARTESIAN_POINT ( 'NONE',  ( 38.97224341715826057, 31.03281404578940084, 39.52096455619151527 ) ) ;
#788 = VECTOR ( 'NONE', #1705, 1000.000000000000000 ) ;
#789 = ORIENTED_EDGE ( 'NONE', *, *, #1887, .F. ) ;
#790 = CARTESIAN_POINT ( 'NONE',  ( 7.170845889815940843, 30.86938551571771328, 39.77958192518342884 ) ) ;
#791 = ADVANCED_FACE ( 'NONE', ( #3890 ), #5061, .F. ) ;
#792 = ADVANCED_FACE ( 'NONE', ( #2268 ), #2918, .T. ) ;
#793 = ORIENTED_EDGE ( 'NONE', *, *, #2388, .T. ) ;
#794 = LINE ( 'NONE', #2425, #512 ) ;
#795 = CIRCLE ( 'NONE', #1251, 0.5000000000000004441 ) ;
#796 = LINE ( 'NONE', #6302, #4831 ) ;
#797 = ORIENTED_EDGE ( 'NONE', *, *, #2689, .F. ) ;
#798 = CARTESIAN_POINT ( 'NONE',  ( 37.19894853087983222, 46.09408554078395781, 40.26491364505290704 ) ) ;
#799 = LINE ( 'NONE', #1205, #2650 ) ;
#800 = CARTESIAN_POINT ( 'NONE',  ( 37.19894853087983222, 36.50596112700798557, 40.26491364505296389 ) ) ;
#801 = DIRECTION ( 'NONE',  ( 0.000000000000000000, -1.000000000000000000, 0.000000000000000000 ) ) ;
#802 = VECTOR ( 'NONE', #2080, 1000.000000000000000 ) ;
#803 = CARTESIAN_POINT ( 'NONE',  ( 37.72218489824110321, 73.34271824009815077, 38.76491364505292125 ) ) ;
#804 = CARTESIAN_POINT ( 'NONE',  ( 37.19894853087961906, 18.40596112700797349, 40.26491364505290704 ) ) ;
#805 = VERTEX_POINT ( 'NONE', #4482 ) ;
#806 = CARTESIAN_POINT ( 'NONE',  ( 27.07200408204426267, 12.56217280551551241, 0.9204691510201236104 ) ) ;
#807 = AXIS2_PLACEMENT_3D ( 'NONE', #3413, #1442, #4641 ) ;
#808 = ORIENTED_EDGE ( 'NONE', *, *, #1659, .T. ) ;
#809 = PLANE ( 'NONE',  #1463 ) ;
#810 = VECTOR ( 'NONE', #5272, 1000.000000000000000 ) ;
#811 = VERTEX_POINT ( 'NONE', #6739 ) ;
#812 = ORIENTED_EDGE ( 'NONE', *, *, #2460, .T. ) ;
#813 = PLANE ( 'NONE',  #2251 ) ;
#814 = FACE_OUTER_BOUND ( 'NONE', #5717, .T. ) ;
#815 = AXIS2_PLACEMENT_3D ( 'NONE', #3894, #6120, #1153 ) ;
#816 = CARTESIAN_POINT ( 'NONE',  ( 28.12661459656894181, 109.5059670551350592, 26.98899745139638640 ) ) ;
#817 = ORIENTED_EDGE ( 'NONE', *, *, #1851, .F. ) ;
#818 = VERTEX_POINT ( 'NONE', #740 ) ;
#819 = EDGE_CURVE ( 'NONE', #282, #1207, #5777, .T. ) ;
#820 = FACE_OUTER_BOUND ( 'NONE', #1117, .T. ) ;
#821 = ORIENTED_EDGE ( 'NONE', *, *, #6160, .F. ) ;
#822 = DIRECTION ( 'NONE',  ( -0.000000000000000000, -0.000000000000000000, 1.000000000000000000 ) ) ;
#823 = CARTESIAN_POINT ( 'NONE',  ( 38.79433857681389242, 30.58909577556165615, 39.54145691291011389 ) ) ;
#824 = EDGE_LOOP ( 'NONE', ( #3517, #5380, #6053, #881 ) ) ;
#825 = CARTESIAN_POINT ( 'NONE',  ( -3.451219266626532747E-13, 74.60596705513508198, 41.26491364505290704 ) ) ;
#826 = EDGE_LOOP ( 'NONE', ( #4761, #6781, #4574, #2381 ) ) ;
#827 = LINE ( 'NONE', #157, #6652 ) ;
#828 = DIRECTION ( 'NONE',  ( -1.000000000000000000, 0.000000000000000000, 0.000000000000000000 ) ) ;
#829 = EDGE_LOOP ( 'NONE', ( #5155, #1476, #1245, #2415, #3138, #2055, #1858, #3822, #424, #2445, #6632, #5037, #3298, #2725, #608, #6183, #753, #5291 ) ) ;
#830 = EDGE_CURVE ( 'NONE', #2832, #49, #3593, .T. ) ;
#831 = DIRECTION ( 'NONE',  ( 1.000000000000000000, 0.000000000000000000, 0.000000000000000000 ) ) ;
#832 = CARTESIAN_POINT ( 'NONE',  ( 21.94894849797543301, 22.50596112700796425, 41.76491364505290704 ) ) ;
#833 = CARTESIAN_POINT ( 'NONE',  ( 30.94894849797543657, 22.50596112700796425, 42.76491364505290704 ) ) ;
#834 = CARTESIAN_POINT ( 'NONE',  ( 25.69894853087959063, 113.0059670551349029, 41.26491364505290704 ) ) ;
#835 = CARTESIAN_POINT ( 'NONE',  ( 38.73063804975129187, 73.77725659993862450, 39.01567808292395512 ) ) ;
#836 = DIRECTION ( 'NONE',  ( 0.000000000000000000, 0.000000000000000000, -1.000000000000000000 ) ) ;
#837 = VERTEX_POINT ( 'NONE', #2988 ) ;
#838 = EDGE_CURVE ( 'NONE', #894, #5612, #6881, .T. ) ;
#839 = PLANE ( 'NONE',  #1019 ) ;
#840 = EDGE_CURVE ( 'NONE', #2609, #4116, #4015, .T. ) ;
#841 = EDGE_LOOP ( 'NONE', ( #3974, #76, #6359, #6642, #6122, #1122, #6496, #2082, #3356, #4193, #5893, #4544, #2302, #2044, #4652, #5456 ) ) ;
#842 = DIRECTION ( 'NONE',  ( -0.000000000000000000, -0.000000000000000000, 1.000000000000000000 ) ) ;
#843 = ORIENTED_EDGE ( 'NONE', *, *, #1795, .F. ) ;
#844 = ORIENTED_EDGE ( 'NONE', *, *, #4448, .F. ) ;
#845 = DIRECTION ( 'NONE',  ( -1.000000000000000000, 0.000000000000000000, 0.000000000000000000 ) ) ;
#846 = LINE ( 'NONE', #4764, #1826 ) ;
#847 = DIRECTION ( 'NONE',  ( 1.000000000000000000, 0.000000000000000000, 0.000000000000000000 ) ) ;
#848 = VECTOR ( 'NONE', #5286, 1000.000000000000000 ) ;
#849 = ORIENTED_EDGE ( 'NONE', *, *, #1311, .T. ) ;
#850 = ORIENTED_EDGE ( 'NONE', *, *, #1227, .T. ) ;
#851 = VECTOR ( 'NONE', #4017, 1000.000000000000114 ) ;
#852 = CARTESIAN_POINT ( 'NONE',  ( 7.032951139956021613, 32.68313386711548674, 35.77099600682574021 ) ) ;
#853 = EDGE_LOOP ( 'NONE', ( #1547, #3674, #309, #4806, #1265, #6867, #2917 ) ) ;
#854 = LINE ( 'NONE', #3066, #6727 ) ;
#855 = CARTESIAN_POINT ( 'NONE',  ( 0.000000000000000000, 121.5059670551347750, 42.76491364505290704 ) ) ;
#856 = EDGE_LOOP ( 'NONE', ( #6972, #110, #997, #5733 ) ) ;
#857 = DIRECTION ( 'NONE',  ( 1.000000000000000000, -4.163336342344330716E-15, 0.000000000000000000 ) ) ;
#858 = VERTEX_POINT ( 'NONE', #208 ) ;
#859 = DIRECTION ( 'NONE',  ( -1.000000000000000000, 0.000000000000000000, 0.000000000000000000 ) ) ;
#860 = CARTESIAN_POINT ( 'NONE',  ( 37.19894853087983222, 49.40116365494699835, 40.26491364505295678 ) ) ;
#861 = LINE ( 'NONE', #332, #298 ) ;
#862 = CARTESIAN_POINT ( 'NONE',  ( 32.94894849797545788, 109.5059670551350592, 42.76491364505290704 ) ) ;
#863 = CIRCLE ( 'NONE', #293, 0.5000000000000004441 ) ;
#864 = LINE ( 'NONE', #6381, #5844 ) ;
#865 = ADVANCED_FACE ( 'NONE', ( #5230 ), #813, .F. ) ;
#866 = DIRECTION ( 'NONE',  ( -6.308085367188389255E-16, -1.000000000000000000, 0.000000000000000000 ) ) ;
#867 = EDGE_CURVE ( 'NONE', #5859, #2227, #5159, .T. ) ;
#868 = CIRCLE ( 'NONE', #5961, 0.4999999999999982236 ) ;
#869 = CARTESIAN_POINT ( 'NONE',  ( 34.79894853087962758, 75.10596705513525251, 41.76491364505290704 ) ) ;
#870 = LINE ( 'NONE', #6385, #5401 ) ;
#871 = ORIENTED_EDGE ( 'NONE', *, *, #2101, .F. ) ;
#872 = CARTESIAN_POINT ( 'NONE',  ( 38.58468489822249836, 62.17725764581896897, 39.76491364505297099 ) ) ;
#873 = ORIENTED_EDGE ( 'NONE', *, *, #2818, .F. ) ;
#874 = CARTESIAN_POINT ( 'NONE',  ( 11.54332225747383944, 29.50596112700797136, 35.29352679156639283 ) ) ;
#875 = VECTOR ( 'NONE', #5469, 1000.000000000000000 ) ;
#876 = VECTOR ( 'NONE', #5682, 1000.000000000000000 ) ;
#877 = FACE_OUTER_BOUND ( 'NONE', #915, .T. ) ;
#878 = EDGE_CURVE ( 'NONE', #2266, #282, #1421, .T. ) ;
#879 = EDGE_CURVE ( 'NONE', #4406, #4918, #6905, .T. ) ;
#880 = ORIENTED_EDGE ( 'NONE', *, *, #5069, .F. ) ;
#881 = ORIENTED_EDGE ( 'NONE', *, *, #1258, .F. ) ;
#882 = VECTOR ( 'NONE', #559, 1000.000000000000114 ) ;
#883 = DIRECTION ( 'NONE',  ( -0.4138029443011846942, 0.000000000000000000, 0.9103664774626044620 ) ) ;
#884 = VECTOR ( 'NONE', #3762, 1000.000000000000000 ) ;
#885 = DIRECTION ( 'NONE',  ( -1.000000000000000000, 0.000000000000000000, -0.000000000000000000 ) ) ;
#886 = PLANE ( 'NONE',  #5181 ) ;
#887 = PLANE ( 'NONE',  #3798 ) ;
#888 = DIRECTION ( 'NONE',  ( 0.0004794411333254539683, 0.9999998850680932305, 0.000000000000000000 ) ) ;
#889 = AXIS2_PLACEMENT_3D ( 'NONE', #4093, #1381, #5803 ) ;
#890 = EDGE_LOOP ( 'NONE', ( #4832, #6732, #6619 ) ) ;
#891 = ORIENTED_EDGE ( 'NONE', *, *, #1896, .T. ) ;
#892 = VECTOR ( 'NONE', #6219, 1000.000000000000114 ) ;
#893 = LINE ( 'NONE', #5895, #5510 ) ;
#894 = VERTEX_POINT ( 'NONE', #1968 ) ;
#895 = CARTESIAN_POINT ( 'NONE',  ( 15.44894849797544190, 121.0059670551347750, 40.26491364505290704 ) ) ;
#896 = VERTEX_POINT ( 'NONE', #1390 ) ;
#897 = DIRECTION ( 'NONE',  ( -4.163336342344333871E-15, -1.000000000000000000, 0.000000000000000000 ) ) ;
#898 = VECTOR ( 'NONE', #5953, 1000.000000000000000 ) ;
#899 = ORIENTED_EDGE ( 'NONE', *, *, #5508, .F. ) ;
#900 = EDGE_CURVE ( 'NONE', #6882, #187, #5145, .T. ) ;
#901 = CARTESIAN_POINT ( 'NONE',  ( 38.55432821300793478, 48.79242799587925816, 38.70905227989216968 ) ) ;
#902 = DIRECTION ( 'NONE',  ( -0.000000000000000000, -0.000000000000000000, -1.000000000000000000 ) ) ;
#903 = DIRECTION ( 'NONE',  ( -1.000000000000000000, 7.228014036897248881E-16, 0.000000000000000000 ) ) ;
#904 = TOROIDAL_SURFACE ( 'NONE', #2410, 5.499999999999996447, 2.000000000000000000 ) ;
#905 = SPHERICAL_SURFACE ( 'NONE', #698, 0.5000000000000000000 ) ;
#906 = DIRECTION ( 'NONE',  ( 0.000000000000000000, -0.000000000000000000, -1.000000000000000000 ) ) ;
#907 = VERTEX_POINT ( 'NONE', #6939 ) ;
#908 = LINE ( 'NONE', #3118, #3792 ) ;
#909 = CIRCLE ( 'NONE', #1946, 2.000000000000001776 ) ;
#910 = ADVANCED_FACE ( 'NONE', ( #4142 ), #5810, .F. ) ;
#911 = CARTESIAN_POINT ( 'NONE',  ( 15.94894849797541170, 31.50596112700797136, 20.26491364505290349 ) ) ;
#912 = PLANE ( 'NONE',  #6909 ) ;
#913 = EDGE_LOOP ( 'NONE', ( #1046, #4451, #3086, #3981, #5055, #4035, #1480, #5736, #4723, #2324, #1343 ) ) ;
#914 = DIRECTION ( 'NONE',  ( -1.000000000000000000, 0.000000000000000000, 0.000000000000000000 ) ) ;
#915 = EDGE_LOOP ( 'NONE', ( #274, #3662, #2626, #1459 ) ) ;
#916 = CARTESIAN_POINT ( 'NONE',  ( 30.94894849797546144, 109.5059670551350592, 42.76491364505290704 ) ) ;
#917 = EDGE_CURVE ( 'NONE', #6763, #2132, #743, .T. ) ;
#918 = AXIS2_PLACEMENT_3D ( 'NONE', #461, #6539, #4324 ) ;
#919 = CARTESIAN_POINT ( 'NONE',  ( 5.739029615394402920E-12, 62.67725764582249326, 39.26491364505291415 ) ) ;
#920 = ORIENTED_EDGE ( 'NONE', *, *, #2365, .T. ) ;
#921 = CIRCLE ( 'NONE', #2207, 0.5000000000000004441 ) ;
#922 = ORIENTED_EDGE ( 'NONE', *, *, #2060, .F. ) ;
#923 = AXIS2_PLACEMENT_3D ( 'NONE', #3008, #6960, #2458 ) ;
#924 = DIRECTION ( 'NONE',  ( -0.000000000000000000, -1.000000000000000000, -0.000000000000000000 ) ) ;
#925 = DIRECTION ( 'NONE',  ( 3.469446694862101795E-16, 1.000000000000000000, 0.000000000000000000 ) ) ;
#926 = CARTESIAN_POINT ( 'NONE',  ( 36.69894853087959774, 106.5059670551352298, 40.26491364505296389 ) ) ;
#927 = EDGE_LOOP ( 'NONE', ( #4481, #5954, #252, #5747 ) ) ;
#928 = CARTESIAN_POINT ( 'NONE',  ( 37.19894853087983222, 46.59408559629686408, 40.26491364505290704 ) ) ;
#929 = EDGE_CURVE ( 'NONE', #4562, #3550, #6840, .T. ) ;
#930 = CARTESIAN_POINT ( 'NONE',  ( 38.29694517765580031, 49.19353042514004670, 39.26491364505291415 ) ) ;
#931 = VECTOR ( 'NONE', #6749, 1000.000000000000000 ) ;
#932 = VERTEX_POINT ( 'NONE', #4724 ) ;
#933 = ORIENTED_EDGE ( 'NONE', *, *, #5625, .T. ) ;
#934 = VECTOR ( 'NONE', #1616, 1000.000000000000000 ) ;
#935 = ADVANCED_FACE ( 'NONE', ( #6392 ), #1860, .F. ) ;
#936 = DIRECTION ( 'NONE',  ( 0.000000000000000000, 0.000000000000000000, -1.000000000000000000 ) ) ;
#937 = ORIENTED_EDGE ( 'NONE', *, *, #5173, .T. ) ;
#938 = EDGE_CURVE ( 'NONE', #1389, #4489, #1313, .T. ) ;
#939 = LINE ( 'NONE', #3819, #594 ) ;
#940 = CARTESIAN_POINT ( 'NONE',  ( 11.44894849797544012, 116.5059670551347750, 42.76491364505290704 ) ) ;
#941 = ORIENTED_EDGE ( 'NONE', *, *, #3994, .T. ) ;
#942 = CARTESIAN_POINT ( 'NONE',  ( 38.58468489822248415, 31.50596112700795715, 40.26491364505297099 ) ) ;
#943 = ORIENTED_EDGE ( 'NONE', *, *, #6578, .T. ) ;
#944 = DIRECTION ( 'NONE',  ( 6.308085367188389255E-16, 1.000000000000000000, -0.000000000000000000 ) ) ;
#945 = FACE_OUTER_BOUND ( 'NONE', #6042, .T. ) ;
#946 = CARTESIAN_POINT ( 'NONE',  ( 33.03852587496549376, -0.01584003010948646997, 40.26491364505290704 ) ) ;
#947 = DIRECTION ( 'NONE',  ( 1.000000000000000000, -0.000000000000000000, -0.000000000000000000 ) ) ;
#948 = CARTESIAN_POINT ( 'NONE',  ( 37.19894853087983932, 73.77725659993873819, 39.76491364505296389 ) ) ;
#949 = PLANE ( 'NONE',  #3202 ) ;
#950 = VERTEX_POINT ( 'NONE', #2547 ) ;
#951 = DIRECTION ( 'NONE',  ( 0.000000000000000000, 0.000000000000000000, -1.000000000000000000 ) ) ;
#952 = ORIENTED_EDGE ( 'NONE', *, *, #5890, .F. ) ;
#953 = CARTESIAN_POINT ( 'NONE',  ( 13.24035607321161834, 16.50596112700797136, 40.26491364505290704 ) ) ;
#954 = EDGE_CURVE ( 'NONE', #6506, #5289, #6974, .T. ) ;
#955 = DIRECTION ( 'NONE',  ( 0.000000000000000000, 0.000000000000000000, -1.000000000000000000 ) ) ;
#956 = ORIENTED_EDGE ( 'NONE', *, *, #6890, .F. ) ;
#957 = ORIENTED_EDGE ( 'NONE', *, *, #4897, .F. ) ;
#958 = FACE_OUTER_BOUND ( 'NONE', #5683, .T. ) ;
#959 = CARTESIAN_POINT ( 'NONE',  ( 38.58468489822249126, 49.69339252833241716, 39.76491364505297099 ) ) ;
#960 = DIRECTION ( 'NONE',  ( -1.000000000000000000, 0.000000000000000000, 0.000000000000000000 ) ) ;
#961 = ORIENTED_EDGE ( 'NONE', *, *, #1370, .T. ) ;
#962 = DIRECTION ( 'NONE',  ( 0.8669063030575385742, 0.000000000000000000, -0.4984711242580767143 ) ) ;
#963 = CARTESIAN_POINT ( 'NONE',  ( 0.000000000000000000, 0.000000000000000000, 42.76491364505290704 ) ) ;
#964 = ADVANCED_FACE ( 'NONE', ( #4214 ), #1351, .F. ) ;
#965 = EDGE_LOOP ( 'NONE', ( #6666, #3293, #5699, #3432 ) ) ;
#966 = EDGE_CURVE ( 'NONE', #7119, #2929, #6533, .T. ) ;
#967 = ORIENTED_EDGE ( 'NONE', *, *, #2690, .F. ) ;
#968 = CARTESIAN_POINT ( 'NONE',  ( 15.94894849797545966, 116.5059670551347750, 42.76491364505290704 ) ) ;
#969 = CARTESIAN_POINT ( 'NONE',  ( 38.68203679360794212, 62.71100505263724756, 38.93115415919543665 ) ) ;
#970 = AXIS2_PLACEMENT_3D ( 'NONE', #4975, #6061, #517 ) ;
#971 = PLANE ( 'NONE',  #6798 ) ;
#972 = VERTEX_POINT ( 'NONE', #3204 ) ;
#973 = DIRECTION ( 'NONE',  ( 6.308085367188390241E-16, 1.000000000000000000, 0.000000000000000000 ) ) ;
#974 = EDGE_CURVE ( 'NONE', #5850, #122, #3983, .T. ) ;
#975 = ORIENTED_EDGE ( 'NONE', *, *, #3915, .F. ) ;
#976 = ADVANCED_FACE ( 'NONE', ( #1033 ), #4872, .T. ) ;
#977 = AXIS2_PLACEMENT_3D ( 'NONE', #2902, #6235, #4084 ) ;
#978 = CYLINDRICAL_SURFACE ( 'NONE', #2846, 0.5000000000000004441 ) ;
#979 = CARTESIAN_POINT ( 'NONE',  ( 31.21060825237540470, 31.52095836238081361, 41.31950747000459501 ) ) ;
#980 = DIRECTION ( 'NONE',  ( -1.540743955509785813E-27, -1.387778780781444413E-14, 1.000000000000000000 ) ) ;
#981 = DIRECTION ( 'NONE',  ( 5.006213283395919931E-15, -1.000000000000000000, 0.000000000000000000 ) ) ;
#982 = DIRECTION ( 'NONE',  ( 0.000000000000000000, 0.000000000000000000, -1.000000000000000000 ) ) ;
#983 = CARTESIAN_POINT ( 'NONE',  ( 4.221849852007517004E-13, 36.50596112700841189, 40.26491364505290704 ) ) ;
#984 = AXIS2_PLACEMENT_3D ( 'NONE', #3768, #421, #5989 ) ;
#985 = ORIENTED_EDGE ( 'NONE', *, *, #5532, .F. ) ;
#986 = DIRECTION ( 'NONE',  ( -6.308085367188390241E-16, -1.000000000000000000, -0.000000000000000000 ) ) ;
#987 = ORIENTED_EDGE ( 'NONE', *, *, #4805, .F. ) ;
#988 = CYLINDRICAL_SURFACE ( 'NONE', #204, 0.5000000000000004441 ) ;
#989 = CARTESIAN_POINT ( 'NONE',  ( 39.01813804975125777, 31.50596112700795715, 39.51567808292393380 ) ) ;
#990 = AXIS2_PLACEMENT_3D ( 'NONE', #6344, #5693, #1375 ) ;
#991 = ORIENTED_EDGE ( 'NONE', *, *, #5029, .F. ) ;
#992 = LINE ( 'NONE', #5414, #2030 ) ;
#993 = CYLINDRICAL_SURFACE ( 'NONE', #4684, 0.5000000000000004441 ) ;
#994 = EDGE_CURVE ( 'NONE', #4272, #6072, #2859, .T. ) ;
#995 = LINE ( 'NONE', #3701, #2046 ) ;
#996 = AXIS2_PLACEMENT_3D ( 'NONE', #4494, #4921, #4456 ) ;
#997 = ORIENTED_EDGE ( 'NONE', *, *, #4384, .T. ) ;
#998 = AXIS2_PLACEMENT_3D ( 'NONE', #4590, #5785, #5751 ) ;
#999 = CARTESIAN_POINT ( 'NONE',  ( 12.94894849797540992, 109.5059670551350592, 34.38948260544476199 ) ) ;
#1000 = CARTESIAN_POINT ( 'NONE',  ( 11.73945922832567668, 30.00596112700797136, 35.59504066397509803 ) ) ;
#1001 = ORIENTED_EDGE ( 'NONE', *, *, #5431, .T. ) ;
#1002 = AXIS2_PLACEMENT_3D ( 'NONE', #6136, #3835, #1197 ) ;
#1003 = EDGE_LOOP ( 'NONE', ( #2994, #1536, #5604 ) ) ;
#1004 = EDGE_CURVE ( 'NONE', #5886, #6615, #2658, .T. ) ;
#1005 = CARTESIAN_POINT ( 'NONE',  ( 34.79894853087961337, 122.1059670551352525, 41.26491364505290704 ) ) ;
#1006 = FACE_OUTER_BOUND ( 'NONE', #5457, .T. ) ;
#1007 = VECTOR ( 'NONE', #2091, 1000.000000000000000 ) ;
#1008 = DIRECTION ( 'NONE',  ( 3.469446694862101795E-16, 1.000000000000000000, 0.000000000000000000 ) ) ;
#1009 = ADVANCED_FACE ( 'NONE', ( #2684 ), #2142, .T. ) ;
#1010 = ORIENTED_EDGE ( 'NONE', *, *, #1047, .F. ) ;
#1011 = CARTESIAN_POINT ( 'NONE',  ( 38.58468489822254099, 111.5059670551350592, 40.26491364505297099 ) ) ;
#1012 = VERTEX_POINT ( 'NONE', #4289 ) ;
#1013 = VECTOR ( 'NONE', #127, 1000.000000000000000 ) ;
#1014 = ADVANCED_FACE ( 'NONE', ( #5883 ), #1068, .F. ) ;
#1015 = CARTESIAN_POINT ( 'NONE',  ( 5.492178822862986642, 112.1936160687195354, 40.26491364505289994 ) ) ;
#1016 = FACE_OUTER_BOUND ( 'NONE', #1385, .T. ) ;
#1017 = LINE ( 'NONE', #2640, #4124 ) ;
#1018 = EDGE_CURVE ( 'NONE', #3481, #3624, #1673, .T. ) ;
#1019 = AXIS2_PLACEMENT_3D ( 'NONE', #5805, #3017, #3514 ) ;
#1020 =( BOUNDED_CURVE ( )  B_SPLINE_CURVE ( 3, ( #4976, #5482, #2838, #6728 ),
 .UNSPECIFIED., .F., .F. ) 
 B_SPLINE_CURVE_WITH_KNOTS ( ( 4, 4 ),
 ( 4.924893848207951130E-16, 1.370325307321638819 ),
 .UNSPECIFIED. ) 
 CURVE ( )  GEOMETRIC_REPRESENTATION_ITEM ( )  RATIONAL_B_SPLINE_CURVE ( ( 1.000000000000000000, 0.8495440868445799376, 0.8495440868445799376, 1.000000000000000000 ) ) 
 REPRESENTATION_ITEM ( '' )  );
#1021 = PLANE ( 'NONE',  #3677 ) ;
#1022 = PLANE ( 'NONE',  #4207 ) ;
#1023 = CIRCLE ( 'NONE', #1596, 0.5000000000000004441 ) ;
#1024 = CARTESIAN_POINT ( 'NONE',  ( 2.805696901374727607E-12, 30.86591882637267048, 40.26491364505290704 ) ) ;
#1025 = ORIENTED_EDGE ( 'NONE', *, *, #308, .F. ) ;
#1026 = CARTESIAN_POINT ( 'NONE',  ( 33.56188029928292593, 48.69580055280668063, 41.26491364505290704 ) ) ;
#1027 = DIRECTION ( 'NONE',  ( -0.000000000000000000, -0.000000000000000000, 1.000000000000000000 ) ) ;
#1028 = DIRECTION ( 'NONE',  ( 0.000000000000000000, -0.000000000000000000, 1.000000000000000000 ) ) ;
#1029 = VECTOR ( 'NONE', #6639, 1000.000000000000000 ) ;
#1030 = ORIENTED_EDGE ( 'NONE', *, *, #3386, .T. ) ;
#1031 =( NAMED_UNIT ( * ) SI_UNIT ( $, .STERADIAN. ) SOLID_ANGLE_UNIT ( ) );
#1032 = DIRECTION ( 'NONE',  ( 3.469446951953611033E-15, 1.000000000000000000, 0.000000000000000000 ) ) ;
#1033 = FACE_OUTER_BOUND ( 'NONE', #2820, .T. ) ;
#1034 = LINE ( 'NONE', #3733, #214 ) ;
#1035 = VECTOR ( 'NONE', #6482, 1000.000000000000000 ) ;
#1036 = ORIENTED_EDGE ( 'NONE', *, *, #10, .F. ) ;
#1037 = CARTESIAN_POINT ( 'NONE',  ( 9.598948465071343250, 1.040720077940674922E-15, 42.76491364505290704 ) ) ;
#1038 = LINE ( 'NONE', #7056, #5329 ) ;
#1039 = ORIENTED_EDGE ( 'NONE', *, *, #7166, .T. ) ;
#1040 = ORIENTED_EDGE ( 'NONE', *, *, #878, .F. ) ;
#1041 = LINE ( 'NONE', #4368, #635 ) ;
#1042 = PLANE ( 'NONE',  #1347 ) ;
#1043 = PLANE ( 'NONE',  #3425 ) ;
#1044 = LINE ( 'NONE', #5461, #3360 ) ;
#1045 = CARTESIAN_POINT ( 'NONE',  ( 38.27082962298243274, 46.47923800808249695, 38.21601125376073327 ) ) ;
#1046 = ORIENTED_EDGE ( 'NONE', *, *, #1671, .T. ) ;
#1047 = EDGE_CURVE ( 'NONE', #4096, #152, #3407, .T. ) ;
#1048 = CARTESIAN_POINT ( 'NONE',  ( 11.16152281322502127, 110.4119975299350074, 41.34962869735601743 ) ) ;
#1049 = ORIENTED_EDGE ( 'NONE', *, *, #3567, .F. ) ;
#1050 = AXIS2_PLACEMENT_3D ( 'NONE', #3058, #4690, #244 ) ;
#1051 = EDGE_CURVE ( 'NONE', #678, #463, #7082, .T. ) ;
#1052 = DIRECTION ( 'NONE',  ( -1.000000000000000000, 0.000000000000000000, 0.000000000000000000 ) ) ;
#1053 = DIRECTION ( 'NONE',  ( -0.4984711242580603385, 4.842373543543248261E-14, -0.8669063030575481221 ) ) ;
#1054 = DIRECTION ( 'NONE',  ( 6.308085367188390241E-16, 1.000000000000000000, 0.000000000000000000 ) ) ;
#1055 = CIRCLE ( 'NONE', #5105, 0.5000000000000004441 ) ;
#1056 = ORIENTED_EDGE ( 'NONE', *, *, #5249, .F. ) ;
#1057 = EDGE_CURVE ( 'NONE', #4998, #4122, #4399, .T. ) ;
#1058 = CARTESIAN_POINT ( 'NONE',  ( 37.19894853087964037, 113.1155265198443090, 40.26491364505296389 ) ) ;
#1059 = CARTESIAN_POINT ( 'NONE',  ( 6.698948465071298486, 39.00596112700797136, 41.76491364505290704 ) ) ;
#1060 = CARTESIAN_POINT ( 'NONE',  ( 7.856920691573978417E-12, 74.27725659994213459, 40.26491364505288573 ) ) ;
#1061 = ORIENTED_EDGE ( 'NONE', *, *, #3554, .F. ) ;
#1062 = LINE ( 'NONE', #5476, #1682 ) ;
#1063 = CARTESIAN_POINT ( 'NONE',  ( 26.79189409896359919, 111.5059670551350592, 22.26491364505290349 ) ) ;
#1064 = ORIENTED_EDGE ( 'NONE', *, *, #5431, .F. ) ;
#1065 = ADVANCED_FACE ( 'NONE', ( #4799 ), #993, .T. ) ;
#1066 = ADVANCED_FACE ( 'NONE', ( #3166 ), #4320, .T. ) ;
#1067 = DIRECTION ( 'NONE',  ( 1.000000000000000000, 4.625929269271481378E-15, 0.000000000000000000 ) ) ;
#1068 = CYLINDRICAL_SURFACE ( 'NONE', #6083, 0.5000000000000004441 ) ;
#1069 = CARTESIAN_POINT ( 'NONE',  ( 0.000000000000000000, 24.61591931483222240, 42.76491364505290704 ) ) ;
#1070 = VERTEX_POINT ( 'NONE', #7011 ) ;
#1071 = DIRECTION ( 'NONE',  ( -1.000000000000000000, 0.000000000000000000, 0.000000000000000000 ) ) ;
#1072 = CYLINDRICAL_SURFACE ( 'NONE', #6024, 7.499999999999998224 ) ;
#1073 = ORIENTED_EDGE ( 'NONE', *, *, #1391, .T. ) ;
#1074 = VERTEX_POINT ( 'NONE', #2038 ) ;
#1075 = CARTESIAN_POINT ( 'NONE',  ( 38.73057846078520328, 49.19332252348344525, 39.01557444993945722 ) ) ;
#1076 = DIRECTION ( 'NONE',  ( -0.4984711242580827650, 3.144398404898357508E-16, -0.8669063030575352435 ) ) ;
#1077 = DIRECTION ( 'NONE',  ( 0.000000000000000000, 0.000000000000000000, 1.000000000000000000 ) ) ;
#1078 = ORIENTED_EDGE ( 'NONE', *, *, #265, .T. ) ;
#1079 = CARTESIAN_POINT ( 'NONE',  ( 38.79435044089004236, 112.4228093166255178, 39.54145554632122384 ) ) ;
#1080 = ORIENTED_EDGE ( 'NONE', *, *, #1396, .T. ) ;
#1081 = EDGE_CURVE ( 'NONE', #4113, #3452, #1500, .T. ) ;
#1082 = EDGE_CURVE ( 'NONE', #5241, #3363, #2836, .T. ) ;
#1083 = PLANE ( 'NONE',  #1805 ) ;
#1084 = DIRECTION ( 'NONE',  ( -1.000000000000000000, 9.156478491488235634E-14, 0.000000000000000000 ) ) ;
#1085 = CARTESIAN_POINT ( 'NONE',  ( 9.598948465071329039, 122.1059670551352383, 42.76491364505290704 ) ) ;
#1086 = ORIENTED_EDGE ( 'NONE', *, *, #51, .F. ) ;
#1087 = VECTOR ( 'NONE', #4242, 1000.000000000000000 ) ;
#1088 = DIRECTION ( 'NONE',  ( 6.308085367188390241E-16, 1.000000000000000000, 0.000000000000000000 ) ) ;
#1089 = LINE ( 'NONE', #3800, #674 ) ;
#1090 = ORIENTED_EDGE ( 'NONE', *, *, #5977, .T. ) ;
#1091 = EDGE_CURVE ( 'NONE', #5731, #2558, #72, .T. ) ;
#1092 = DIRECTION ( 'NONE',  ( 1.000000000000000000, 0.000000000000000000, 0.000000000000000000 ) ) ;
#1093 = VECTOR ( 'NONE', #3351, 1000.000000000000114 ) ;
#1094 = CARTESIAN_POINT ( 'NONE',  ( 0.000000000000000000, 119.5059670551349171, 42.76491364505290704 ) ) ;
#1095 = EDGE_CURVE ( 'NONE', #1531, #4591, #3410, .T. ) ;
#1096 = ORIENTED_EDGE ( 'NONE', *, *, #5656, .T. ) ;
#1097 = DIRECTION ( 'NONE',  ( 1.000000000000000000, 1.372589512535495125E-14, 0.000000000000000000 ) ) ;
#1098 = DIRECTION ( 'NONE',  ( -0.8669063030575347994, 0.000000000000000000, -0.4984711242580834312 ) ) ;
#1099 = CARTESIAN_POINT ( 'NONE',  ( 38.58468489822249836, 49.69339252833241716, 39.76491364505297099 ) ) ;
#1100 = CARTESIAN_POINT ( 'NONE',  ( 38.15317243883792031, 46.59363594351000870, 39.01404743437753808 ) ) ;
#1101 = ORIENTED_EDGE ( 'NONE', *, *, #265, .F. ) ;
#1102 = CARTESIAN_POINT ( 'NONE',  ( 6.698948465071330460, 112.9759263931391047, 40.26491364505289994 ) ) ;
#1103 = CARTESIAN_POINT ( 'NONE',  ( 37.96035769658697490, 73.77725659993865293, 38.97202042623946028 ) ) ;
#1104 = EDGE_CURVE ( 'NONE', #6283, #1847, #2131, .T. ) ;
#1105 = ADVANCED_FACE ( 'NONE', ( #636 ), #23, .F. ) ;
#1106 = ORIENTED_EDGE ( 'NONE', *, *, #4945, .T. ) ;
#1107 = ORIENTED_EDGE ( 'NONE', *, *, #3492, .T. ) ;
#1108 = AXIS2_PLACEMENT_3D ( 'NONE', #4422, #6636, #1658 ) ;
#1109 = CARTESIAN_POINT ( 'NONE',  ( 38.58644849797543230, 48.69380593142552272, 38.76491364505289994 ) ) ;
#1110 = LINE ( 'NONE', #5127, #5175 ) ;
#1111 = DIRECTION ( 'NONE',  ( 0.000000000000000000, 0.000000000000000000, 1.000000000000000000 ) ) ;
#1112 = CARTESIAN_POINT ( 'NONE',  ( 33.41289214232728000, 17.40596112700752940, 40.26491364505290704 ) ) ;
#1113 = CARTESIAN_POINT ( 'NONE',  ( 20.94894849797543301, 25.50596112700795715, 41.76491364505290704 ) ) ;
#1114 = VECTOR ( 'NONE', #2239, 1000.000000000000000 ) ;
#1115 = ORIENTED_EDGE ( 'NONE', *, *, #5828, .T. ) ;
#1116 = DIRECTION ( 'NONE',  ( 6.308085367188390241E-16, 1.000000000000000000, 0.000000000000000000 ) ) ;
#1117 = EDGE_LOOP ( 'NONE', ( #510, #1431, #880, #1557 ) ) ;
#1118 = ORIENTED_EDGE ( 'NONE', *, *, #4185, .T. ) ;
#1119 = VECTOR ( 'NONE', #5768, 1000.000000000000000 ) ;
#1120 = AXIS2_PLACEMENT_3D ( 'NONE', #2759, #1171, #3442 ) ;
#1121 = CARTESIAN_POINT ( 'NONE',  ( 11.59894846507153865, 30.16495693204830886, 37.40632786135749654 ) ) ;
#1122 = ORIENTED_EDGE ( 'NONE', *, *, #5527, .F. ) ;
#1123 = CARTESIAN_POINT ( 'NONE',  ( 4.634498044966539585E-14, 109.5059670551350735, 23.76491364505290704 ) ) ;
#1124 = DIRECTION ( 'NONE',  ( -6.308085367188390241E-16, -1.000000000000000000, 3.973526951304734759E-32 ) ) ;
#1125 = VERTEX_POINT ( 'NONE', #710 ) ;
#1126 = LINE ( 'NONE', #1592, #1029 ) ;
#1127 = AXIS2_PLACEMENT_3D ( 'NONE', #5099, #6768, #2341 ) ;
#1128 = EDGE_CURVE ( 'NONE', #4534, #5711, #4436, .T. ) ;
#1129 = CARTESIAN_POINT ( 'NONE',  ( 11.41920384669860411, 29.67342937227742894, 35.78702796208288106 ) ) ;
#1130 = DIRECTION ( 'NONE',  ( 0.000000000000000000, 0.000000000000000000, -1.000000000000000000 ) ) ;
#1131 = EDGE_LOOP ( 'NONE', ( #2478, #4229, #4078, #20 ) ) ;
#1132 = DIRECTION ( 'NONE',  ( 0.000000000000000000, 0.8660254037844348218, -0.5000000000000066613 ) ) ;
#1133 = CARTESIAN_POINT ( 'NONE',  ( 38.29718489822252536, 62.67725764581898318, 39.26491364505291415 ) ) ;
#1134 = LINE ( 'NONE', #3913, #1832 ) ;
#1135 = VECTOR ( 'NONE', #4618, 1000.000000000000000 ) ;
#1136 = ORIENTED_EDGE ( 'NONE', *, *, #2072, .F. ) ;
#1137 = FACE_OUTER_BOUND ( 'NONE', #3003, .T. ) ;
#1138 = CARTESIAN_POINT ( 'NONE',  ( 0.000000000000000000, 0.000000000000000000, 40.26491364505290704 ) ) ;
#1139 = DIRECTION ( 'NONE',  ( -2.891205793294677833E-16, 1.000000000000000000, -0.000000000000000000 ) ) ;
#1140 = EDGE_CURVE ( 'NONE', #5092, #5969, #136, .T. ) ;
#1141 = DIRECTION ( 'NONE',  ( -0.4984711105067751724, 0.0002348913312079840376, -0.8669062791422177394 ) ) ;
#1142 = ORIENTED_EDGE ( 'NONE', *, *, #2153, .T. ) ;
#1143 = PLANE ( 'NONE',  #576 ) ;
#1144 = VECTOR ( 'NONE', #1416, 1000.000000000000000 ) ;
#1145 = CARTESIAN_POINT ( 'NONE',  ( 6.698948465071291380, -1.307913153195722673E-15, 40.26491364505290704 ) ) ;
#1146 = ORIENTED_EDGE ( 'NONE', *, *, #2438, .F. ) ;
#1147 = ORIENTED_EDGE ( 'NONE', *, *, #7005, .F. ) ;
#1148 = VECTOR ( 'NONE', #947, 1000.000000000000000 ) ;
#1149 = DIRECTION ( 'NONE',  ( -1.000000000000000000, 6.360652745248293008E-16, 0.000000000000000000 ) ) ;
#1150 = EDGE_CURVE ( 'NONE', #4220, #3128, #863, .T. ) ;
#1151 = LINE ( 'NONE', #3352, #4943 ) ;
#1152 = LINE ( 'NONE', #4372, #6898 ) ;
#1153 = DIRECTION ( 'NONE',  ( -1.000000000000000000, 0.000000000000000000, 0.000000000000000000 ) ) ;
#1154 = CARTESIAN_POINT ( 'NONE',  ( 38.58198595142964393, 46.80442868744108154, 38.75715269453796452 ) ) ;
#1155 = AXIS2_PLACEMENT_3D ( 'NONE', #1970, #4180, #426 ) ;
#1156 = ORIENTED_EDGE ( 'NONE', *, *, #6865, .F. ) ;
#1157 = CARTESIAN_POINT ( 'NONE',  ( 11.28894512429928731, 110.6285402594988483, 41.28587916565700766 ) ) ;
#1158 = ORIENTED_EDGE ( 'NONE', *, *, #4308, .F. ) ;
#1159 = VERTEX_POINT ( 'NONE', #5053 ) ;
#1160 = EDGE_CURVE ( 'NONE', #69, #1484, #646, .T. ) ;
#1161 = AXIS2_PLACEMENT_3D ( 'NONE', #3307, #605, #3242 ) ;
#1162 = EDGE_CURVE ( 'NONE', #3363, #5079, #5501, .T. ) ;
#1163 = CARTESIAN_POINT ( 'NONE',  ( -1.167774018521435950E-13, -12.80532761448478851, 40.26491364505288573 ) ) ;
#1164 = LINE ( 'NONE', #3364, #931 ) ;
#1165 = DIRECTION ( 'NONE',  ( 1.000000000000000000, 0.000000000000000000, 0.000000000000000000 ) ) ;
#1166 = EDGE_LOOP ( 'NONE', ( #2440, #413, #6862, #4005 ) ) ;
#1167 = DIRECTION ( 'NONE',  ( 0.000000000000000000, 1.000000000000000000, -0.000000000000000000 ) ) ;
#1168 = DIRECTION ( 'NONE',  ( -1.000000000000000000, 3.522281157729884820E-16, 0.000000000000000000 ) ) ;
#1169 = EDGE_LOOP ( 'NONE', ( #1836, #3993, #7162, #1285, #6538, #6854 ) ) ;
#1170 = FACE_OUTER_BOUND ( 'NONE', #1218, .T. ) ;
#1171 = DIRECTION ( 'NONE',  ( -6.308085367188389255E-16, -1.000000000000000000, 0.000000000000000000 ) ) ;
#1172 = LINE ( 'NONE', #5630, #4354 ) ;
#1173 = DIRECTION ( 'NONE',  ( -6.308085367188390241E-16, -1.000000000000000000, -0.000000000000000000 ) ) ;
#1174 = CARTESIAN_POINT ( 'NONE',  ( 11.31615482150776764, 29.57897087643655354, 35.43936592520907425 ) ) ;
#1175 = EDGE_LOOP ( 'NONE', ( #4137, #4984, #6214, #1591 ) ) ;
#1176 = FACE_OUTER_BOUND ( 'NONE', #5635, .T. ) ;
#1177 = ORIENTED_EDGE ( 'NONE', *, *, #6946, .F. ) ;
#1178 = ORIENTED_EDGE ( 'NONE', *, *, #2062, .T. ) ;
#1179 = FACE_OUTER_BOUND ( 'NONE', #3648, .T. ) ;
#1180 = DIRECTION ( 'NONE',  ( -1.000000000000000000, 0.000000000000000000, 0.000000000000000000 ) ) ;
#1181 = CARTESIAN_POINT ( 'NONE',  ( 10.59894846507198984, 5.515874050858483060E-14, 40.26491364505290704 ) ) ;
#1182 = CARTESIAN_POINT ( 'NONE',  ( 12.06650065049242038, 29.50596112700797136, 36.54736071965556476 ) ) ;
#1183 = ADVANCED_FACE ( 'NONE', ( #4540 ), #2362, .T. ) ;
#1184 = ORIENTED_EDGE ( 'NONE', *, *, #1539, .F. ) ;
#1185 = ORIENTED_EDGE ( 'NONE', *, *, #42, .T. ) ;
#1186 = CARTESIAN_POINT ( 'NONE',  ( 12.94894849797541170, 111.5059670551348034, 41.26491364505290704 ) ) ;
#1187 = CARTESIAN_POINT ( 'NONE',  ( 37.72218489822247989, 73.27725659993869556, 38.76491364505291415 ) ) ;
#1188 = DIRECTION ( 'NONE',  ( 1.000000000000000000, 0.000000000000000000, 0.000000000000000000 ) ) ;
#1189 = VERTEX_POINT ( 'NONE', #3377 ) ;
#1190 = DIRECTION ( 'NONE',  ( 9.714451465470110893E-14, 1.000000000000000000, 0.000000000000000000 ) ) ;
#1191 = ADVANCED_FACE ( 'NONE', ( #5669 ), #5088, .T. ) ;
#1192 = EDGE_CURVE ( 'NONE', #5229, #688, #4473, .T. ) ;
#1193 = DIRECTION ( 'NONE',  ( 0.000000000000000000, -1.000000000000000000, 0.000000000000000000 ) ) ;
#1194 = CARTESIAN_POINT ( 'NONE',  ( 37.19894853087983222, 36.50596112700798557, 42.76491364505290704 ) ) ;
#1195 = VERTEX_POINT ( 'NONE', #6692 ) ;
#1196 = CARTESIAN_POINT ( 'NONE',  ( 6.698948465071435265, 3.742641356105138122E-14, 40.26491364505290704 ) ) ;
#1197 = DIRECTION ( 'NONE',  ( 0.000000000000000000, 0.000000000000000000, -1.000000000000000000 ) ) ;
#1198 = DIRECTION ( 'NONE',  ( 0.000000000000000000, 0.000000000000000000, -1.000000000000000000 ) ) ;
#1199 = CARTESIAN_POINT ( 'NONE',  ( 5.313212097728372996, 32.86591882637206652, 39.76491364505289994 ) ) ;
#1200 = DIRECTION ( 'NONE',  ( 0.000000000000000000, 0.000000000000000000, 1.000000000000000000 ) ) ;
#1201 = VECTOR ( 'NONE', #1595, 1000.000000000000000 ) ;
#1202 = CYLINDRICAL_SURFACE ( 'NONE', #4576, 1.999999999999998224 ) ;
#1203 = LINE ( 'NONE', #5633, #6339 ) ;
#1204 = ORIENTED_EDGE ( 'NONE', *, *, #6193, .F. ) ;
#1205 = CARTESIAN_POINT ( 'NONE',  ( 10.94894849797542591, -4.036096775217347784E-15, 42.76491364505290704 ) ) ;
#1206 = CARTESIAN_POINT ( 'NONE',  ( 6.698948465071338454, 124.6059670551352241, 40.26491364505290704 ) ) ;
#1207 = VERTEX_POINT ( 'NONE', #4508 ) ;
#1208 = EDGE_CURVE ( 'NONE', #6818, #2526, #6105, .T. ) ;
#1209 = VERTEX_POINT ( 'NONE', #3340 ) ;
#1210 = DIRECTION ( 'NONE',  ( 0.000000000000000000, 0.000000000000000000, 1.000000000000000000 ) ) ;
#1211 = CARTESIAN_POINT ( 'NONE',  ( 15.77128239938193133, 31.50596112700797136, 26.98899745139638640 ) ) ;
#1212 = CARTESIAN_POINT ( 'NONE',  ( 11.32629712999943727, 29.50596112700797136, 35.00745055498037317 ) ) ;
#1213 = LINE ( 'NONE', #6077, #5677 ) ;
#1214 = AXIS2_PLACEMENT_3D ( 'NONE', #1409, #4130, #728 ) ;
#1215 = ORIENTED_EDGE ( 'NONE', *, *, #7166, .F. ) ;
#1216 = CIRCLE ( 'NONE', #6088, 0.5000000000000004441 ) ;
#1217 = EDGE_CURVE ( 'NONE', #1871, #2516, #3062, .T. ) ;
#1218 = EDGE_LOOP ( 'NONE', ( #1361, #329, #3348, #899 ) ) ;
#1219 = EDGE_CURVE ( 'NONE', #4979, #3129, #4920, .T. ) ;
#1220 = LINE ( 'NONE', #6875, #5267 ) ;
#1221 = VERTEX_POINT ( 'NONE', #6144 ) ;
#1222 = CARTESIAN_POINT ( 'NONE',  ( 25.69894853087959063, 113.0059670551349029, 40.26491364505294257 ) ) ;
#1223 = CIRCLE ( 'NONE', #2146, 0.5000000000000004441 ) ;
#1224 = CARTESIAN_POINT ( 'NONE',  ( 36.69894853087959063, 31.30596112700797917, 40.26491364505296389 ) ) ;
#1225 = ORIENTED_EDGE ( 'NONE', *, *, #4031, .F. ) ;
#1226 = CARTESIAN_POINT ( 'NONE',  ( 6.231716953977301188, 31.52567831139842980, 40.26491364505289994 ) ) ;
#1227 = EDGE_CURVE ( 'NONE', #6204, #4964, #7015, .T. ) ;
#1228 = AXIS2_PLACEMENT_3D ( 'NONE', #4936, #4539, #1751 ) ;
#1229 = FACE_OUTER_BOUND ( 'NONE', #6084, .T. ) ;
#1230 = LINE ( 'NONE', #6271, #1013 ) ;
#1231 = ORIENTED_EDGE ( 'NONE', *, *, #5214, .F. ) ;
#1232 = ADVANCED_FACE ( 'NONE', ( #6176 ), #1202, .F. ) ;
#1233 = CARTESIAN_POINT ( 'NONE',  ( 37.19894853087983222, 0.000000000000000000, 40.26491364505290704 ) ) ;
#1234 = CARTESIAN_POINT ( 'NONE',  ( 37.72218489822247278, 63.17725764581904002, 38.76491364505291415 ) ) ;
#1235 = PLANE ( 'NONE',  #2063 ) ;
#1236 = FACE_OUTER_BOUND ( 'NONE', #1960, .T. ) ;
#1237 = AXIS2_PLACEMENT_3D ( 'NONE', #6589, #1076, #2193 ) ;
#1238 = DIRECTION ( 'NONE',  ( -1.000000000000000000, 0.000000000000000000, -0.000000000000000000 ) ) ;
#1239 = DIRECTION ( 'NONE',  ( -1.000000000000000000, 9.251858538542971828E-16, 6.476300976980080082E-15 ) ) ;
#1240 = EDGE_CURVE ( 'NONE', #6609, #484, #1633, .T. ) ;
#1241 = DIRECTION ( 'NONE',  ( 0.000000000000000000, -2.775557561562888827E-14, -1.000000000000000000 ) ) ;
#1242 = ORIENTED_EDGE ( 'NONE', *, *, #4819, .F. ) ;
#1243 = AXIS2_PLACEMENT_3D ( 'NONE', #6702, #6155, #1180 ) ;
#1244 =( BOUNDED_CURVE ( )  B_SPLINE_CURVE ( 3, ( #4990, #498, #4412, #7169 ),
 .UNSPECIFIED., .F., .T. ) 
 B_SPLINE_CURVE_WITH_KNOTS ( ( 4, 4 ),
 ( 0.0008195189601961804697, 1.571615845755076180 ),
 .UNSPECIFIED. ) 
 CURVE ( )  GEOMETRIC_REPRESENTATION_ITEM ( )  RATIONAL_B_SPLINE_CURVE ( ( 1.000000000000000000, 0.8047378541243689343, 0.8047378541243689343, 1.000000000000000000 ) ) 
 REPRESENTATION_ITEM ( '' )  );
#1245 = ORIENTED_EDGE ( 'NONE', *, *, #4778, .F. ) ;
#1246 = ORIENTED_EDGE ( 'NONE', *, *, #4457, .F. ) ;
#1247 = DIRECTION ( 'NONE',  ( 1.000000000000000000, 0.000000000000000000, 0.000000000000000000 ) ) ;
#1248 = LINE ( 'NONE', #112, #2867 ) ;
#1249 = VECTOR ( 'NONE', #1713, 1000.000000000000000 ) ;
#1250 = CARTESIAN_POINT ( 'NONE',  ( 11.41920384669860589, 29.67342937227742539, 35.78702796208287396 ) ) ;
#1251 = AXIS2_PLACEMENT_3D ( 'NONE', #6678, #6715, #1190 ) ;
#1252 = EDGE_LOOP ( 'NONE', ( #268, #3305, #5103, #240 ) ) ;
#1253 = VERTEX_POINT ( 'NONE', #4929 ) ;
#1254 = LINE ( 'NONE', #3464, #876 ) ;
#1255 = TOROIDAL_SURFACE ( 'NONE', #6475, 5.499999999999996447, 2.000000000000000000 ) ;
#1256 = CARTESIAN_POINT ( 'NONE',  ( 0.000000000000000000, 38.50596112700797136, 41.26491364505290704 ) ) ;
#1257 = CARTESIAN_POINT ( 'NONE',  ( 38.32873988691891753, 30.02311527541391456, 39.59508791262318539 ) ) ;
#1258 = EDGE_CURVE ( 'NONE', #1857, #6893, #2799, .T. ) ;
#1259 = VERTEX_POINT ( 'NONE', #3911 ) ;
#1260 = CARTESIAN_POINT ( 'NONE',  ( 25.44894849797546499, 111.5059670551350592, 34.38948260544476199 ) ) ;
#1261 = EDGE_CURVE ( 'NONE', #6902, #2741, #1062, .T. ) ;
#1262 = ORIENTED_EDGE ( 'NONE', *, *, #2603, .F. ) ;
#1263 = CARTESIAN_POINT ( 'NONE',  ( 12.94894849797509195, 33.50596112700797136, 40.26491364505290704 ) ) ;
#1264 = LINE ( 'NONE', #3503, #770 ) ;
#1265 = ORIENTED_EDGE ( 'NONE', *, *, #5672, .T. ) ;
#1266 = CARTESIAN_POINT ( 'NONE',  ( 10.94894849797544012, 116.7130738363212998, 41.47202042623945317 ) ) ;
#1267 = DIRECTION ( 'NONE',  ( -1.000000000000000000, 0.000000000000000000, -0.000000000000000000 ) ) ;
#1268 = ADVANCED_FACE ( 'NONE', ( #1170 ), #528, .F. ) ;
#1269 = CARTESIAN_POINT ( 'NONE',  ( 29.94734755149410432, 33.50596112700795715, 26.16139156279401945 ) ) ;
#1270 = ADVANCED_FACE ( 'NONE', ( #3870 ), #129, .F. ) ;
#1271 = CARTESIAN_POINT ( 'NONE',  ( 38.56533077513156371, 73.49628733065821962, 38.72818717054251891 ) ) ;
#1272 = CIRCLE ( 'NONE', #4634, 0.5000000000000004441 ) ;
#1273 = CARTESIAN_POINT ( 'NONE',  ( 33.06111325052746963, 47.09603960609471329, 39.26491364505291415 ) ) ;
#1274 = ORIENTED_EDGE ( 'NONE', *, *, #2840, .F. ) ;
#1275 = DIRECTION ( 'NONE',  ( 1.000000000000000000, 4.625929269271481378E-15, 0.000000000000000000 ) ) ;
#1276 = ORIENTED_EDGE ( 'NONE', *, *, #6671, .F. ) ;
#1277 = EDGE_CURVE ( 'NONE', #2842, #2692, #6643, .T. ) ;
#1278 = ADVANCED_FACE ( 'NONE', ( #15 ), #5008, .F. ) ;
#1279 = VERTEX_POINT ( 'NONE', #6054 ) ;
#1280 = ORIENTED_EDGE ( 'NONE', *, *, #4956, .T. ) ;
#1281 = PLANE ( 'NONE',  #6772 ) ;
#1282 = CARTESIAN_POINT ( 'NONE',  ( 11.59894846507153865, -0.000000000000000000, 41.26491364505290704 ) ) ;
#1283 = DIRECTION ( 'NONE',  ( 0.000000000000000000, 1.000000000000000000, 0.000000000000000000 ) ) ;
#1284 = ORIENTED_EDGE ( 'NONE', *, *, #2294, .F. ) ;
#1285 = ORIENTED_EDGE ( 'NONE', *, *, #5962, .T. ) ;
#1286 = LINE ( 'NONE', #3971, #2613 ) ;
#1287 = VERTEX_POINT ( 'NONE', #2833 ) ;
#1288 = CARTESIAN_POINT ( 'NONE',  ( 17.10600289698733079, 111.5059670551350592, 22.26491364505289994 ) ) ;
#1289 = DIRECTION ( 'NONE',  ( 0.000000000000000000, 0.000000000000000000, -1.000000000000000000 ) ) ;
#1290 = ORIENTED_EDGE ( 'NONE', *, *, #6149, .F. ) ;
#1291 = LINE ( 'NONE', #5687, #2524 ) ;
#1292 = ORIENTED_EDGE ( 'NONE', *, *, #6897, .F. ) ;
#1293 = EDGE_CURVE ( 'NONE', #4759, #1913, #6684, .T. ) ;
#1294 = DIRECTION ( 'NONE',  ( 0.4984711242580832646, -2.128183344458105009E-16, -0.8669063030575349105 ) ) ;
#1295 = CARTESIAN_POINT ( 'NONE',  ( 20.94894849797543301, 25.00596112700795715, 41.76491364505290704 ) ) ;
#1296 = VERTEX_POINT ( 'NONE', #56 ) ;
#1297 = DIRECTION ( 'NONE',  ( 0.000000000000000000, 0.000000000000000000, -1.000000000000000000 ) ) ;
#1298 = LINE ( 'NONE', #5217, #6081 ) ;
#1299 = CARTESIAN_POINT ( 'NONE',  ( 18.44894849797539038, 1.092148475516835360, 34.38948260544476199 ) ) ;
#1300 = B_SPLINE_CURVE_WITH_KNOTS ( 'NONE', 3,
 ( #518, #6691, #1717, #2764, #7152, #3301 ),
 .UNSPECIFIED., .F., .F.,
 ( 4, 2, 4 ),
 ( 0.000000000000000000, 0.0004129717344618059763, 0.0008259434689236119526 ),
 .UNSPECIFIED. ) ;
#1301 = EDGE_CURVE ( 'NONE', #1603, #1012, #2758, .T. ) ;
#1302 = CARTESIAN_POINT ( 'NONE',  ( 38.57801440814247229, 73.27939305648588686, 38.75024566273343396 ) ) ;
#1303 = LINE ( 'NONE', #4134, #669 ) ;
#1304 = ORIENTED_EDGE ( 'NONE', *, *, #2636, .F. ) ;
#1305 = LINE ( 'NONE', #5732, #1359 ) ;
#1306 = ORIENTED_EDGE ( 'NONE', *, *, #5297, .T. ) ;
#1307 = AXIS2_PLACEMENT_3D ( 'NONE', #3375, #4434, #6726 ) ;
#1308 = EDGE_CURVE ( 'NONE', #4624, #4283, #6020, .T. ) ;
#1309 = EDGE_LOOP ( 'NONE', ( #3275, #1080, #1404 ) ) ;
#1310 = VECTOR ( 'NONE', #2933, 1000.000000000000000 ) ;
#1311 = EDGE_CURVE ( 'NONE', #4488, #6283, #3068, .T. ) ;
#1312 = VERTEX_POINT ( 'NONE', #1746 ) ;
#1313 = LINE ( 'NONE', #3519, #4796 ) ;
#1314 = DIRECTION ( 'NONE',  ( 0.000000000000000000, -1.000000000000000000, 0.000000000000000000 ) ) ;
#1315 = ADVANCED_FACE ( 'NONE', ( #3334 ), #4464, .T. ) ;
#1316 = EDGE_CURVE ( 'NONE', #3501, #1070, #5727, .T. ) ;
#1317 = CARTESIAN_POINT ( 'NONE',  ( 14.96405834093916987, 109.5059670551350735, -6.801844700426885382 ) ) ;
#1318 = VECTOR ( 'NONE', #4177, 1000.000000000000000 ) ;
#1319 = VERTEX_POINT ( 'NONE', #6135 ) ;
#1320 = VERTEX_POINT ( 'NONE', #3372 ) ;
#1321 = EDGE_CURVE ( 'NONE', #5002, #4147, #1688, .T. ) ;
#1322 = PLANE ( 'NONE',  #307 ) ;
#1323 = ORIENTED_EDGE ( 'NONE', *, *, #994, .F. ) ;
#1324 = CARTESIAN_POINT ( 'NONE',  ( 38.58468489822253389, 111.5059670551350592, 40.26491364505297099 ) ) ;
#1325 = CARTESIAN_POINT ( 'NONE',  ( 38.23628600736403627, 29.70489895010749848, 40.26491364505296389 ) ) ;
#1326 = AXIS2_PLACEMENT_3D ( 'NONE', #2126, #2019, #5974 ) ;
#1327 = AXIS2_PLACEMENT_3D ( 'NONE', #6304, #6790, #1297 ) ;
#1328 = ORIENTED_EDGE ( 'NONE', *, *, #4505, .T. ) ;
#1329 = ORIENTED_EDGE ( 'NONE', *, *, #4091, .T. ) ;
#1330 = CARTESIAN_POINT ( 'NONE',  ( 6.698948465071332237, 18.40596112700797349, 40.26491364505290704 ) ) ;
#1331 = TOROIDAL_SURFACE ( 'NONE', #3189, 5.500000000000000000, 2.000000000000000000 ) ;
#1332 = CARTESIAN_POINT ( 'NONE',  ( 6.698948465071330460, 113.5031248350763775, 40.08402796441503568 ) ) ;
#1333 = AXIS2_PLACEMENT_3D ( 'NONE', #5851, #465, #6703 ) ;
#1334 = VERTEX_POINT ( 'NONE', #2872 ) ;
#1335 = CARTESIAN_POINT ( 'NONE',  ( 23.11959897052457080, 31.50596112700796425, 23.76491364505290704 ) ) ;
#1336 = LINE ( 'NONE', #3543, #2773 ) ;
#1337 = LINE ( 'NONE', #3582, #1904 ) ;
#1338 = CARTESIAN_POINT ( 'NONE',  ( 25.69894853087959063, 112.5059670551349029, 40.26491364505290704 ) ) ;
#1339 = VECTOR ( 'NONE', #3268, 1000.000000000000000 ) ;
#1340 = CIRCLE ( 'NONE', #1574, 0.5000000000000004441 ) ;
#1341 = CARTESIAN_POINT ( 'NONE',  ( 6.752514359324874427, 30.19278794532925758, 36.25871214705341572 ) ) ;
#1342 = PLANE ( 'NONE',  #5163 ) ;
#1343 = ORIENTED_EDGE ( 'NONE', *, *, #7133, .T. ) ;
#1344 = LINE ( 'NONE', #5121, #3212 ) ;
#1345 = ORIENTED_EDGE ( 'NONE', *, *, #3612, .F. ) ;
#1346 = CARTESIAN_POINT ( 'NONE',  ( 11.54712099029011085, 29.50596112700797491, 35.71034395241838411 ) ) ;
#1347 = AXIS2_PLACEMENT_3D ( 'NONE', #3779, #4744, #7124 ) ;
#1348 = ORIENTED_EDGE ( 'NONE', *, *, #3101, .T. ) ;
#1349 = EDGE_CURVE ( 'NONE', #2320, #2526, #2022, .T. ) ;
#1350 = VERTEX_POINT ( 'NONE', #5661 ) ;
#1351 = PLANE ( 'NONE',  #1668 ) ;
#1352 = CARTESIAN_POINT ( 'NONE',  ( 33.91289214232374860, -7.059538816510185492E-12, 40.26491364505290704 ) ) ;
#1353 = VECTOR ( 'NONE', #2223, 1000.000000000000000 ) ;
#1354 = DIRECTION ( 'NONE',  ( 6.308085367188390241E-16, 1.000000000000000000, 0.000000000000000000 ) ) ;
#1355 = EDGE_CURVE ( 'NONE', #1125, #4303, #4760, .T. ) ;
#1356 = EDGE_LOOP ( 'NONE', ( #2289, #3671, #5075, #5997 ) ) ;
#1357 = EDGE_CURVE ( 'NONE', #69, #907, #3542, .T. ) ;
#1358 = ORIENTED_EDGE ( 'NONE', *, *, #3778, .F. ) ;
#1359 = VECTOR ( 'NONE', #237, 1000.000000000000000 ) ;
#1360 = CARTESIAN_POINT ( 'NONE',  ( 15.94894849797545966, 117.0059670551347750, 40.26491364505290704 ) ) ;
#1361 = ORIENTED_EDGE ( 'NONE', *, *, #273, .T. ) ;
#1362 = DIRECTION ( 'NONE',  ( -1.000000000000000000, 0.000000000000000000, 0.000000000000000000 ) ) ;
#1363 = CARTESIAN_POINT ( 'NONE',  ( 37.67937528978752226, 29.64196015028587183, 39.66988638881674945 ) ) ;
#1364 = EDGE_CURVE ( 'NONE', #5582, #1612, #6565, .T. ) ;
#1365 = VECTOR ( 'NONE', #5938, 1000.000000000000114 ) ;
#1366 = ORIENTED_EDGE ( 'NONE', *, *, #3316, .F. ) ;
#1367 = LINE ( 'NONE', #5790, #5302 ) ;
#1368 = EDGE_CURVE ( 'NONE', #1419, #2227, #2263, .T. ) ;
#1369 = ORIENTED_EDGE ( 'NONE', *, *, #3710, .F. ) ;
#1370 = EDGE_CURVE ( 'NONE', #3928, #5533, #417, .T. ) ;
#1371 = FACE_OUTER_BOUND ( 'NONE', #6284, .T. ) ;
#1372 = VECTOR ( 'NONE', #2487, 1000.000000000000000 ) ;
#1373 = CARTESIAN_POINT ( 'NONE',  ( 6.698948465071332237, 18.40596112700797349, 40.26491364505290704 ) ) ;
#1374 = ORIENTED_EDGE ( 'NONE', *, *, #2197, .T. ) ;
#1375 = DIRECTION ( 'NONE',  ( 0.000000000000000000, -0.000000000000000000, -1.000000000000000000 ) ) ;
#1376 = CARTESIAN_POINT ( 'NONE',  ( 33.56087758130772158, 46.59579994104095135, 41.26491364505290704 ) ) ;
#1377 = CARTESIAN_POINT ( 'NONE',  ( 34.29894853087962758, 74.60596705513523830, 41.76491364505290704 ) ) ;
#1378 = CARTESIAN_POINT ( 'NONE',  ( 32.69894853087974695, 113.0059670551349029, 42.76491364505290704 ) ) ;
#1379 = CIRCLE ( 'NONE', #5432, 0.5000000000000004441 ) ;
#1380 = CARTESIAN_POINT ( 'NONE',  ( 32.27669707894495588, 33.50596112700795715, 31.28596052318589216 ) ) ;
#1381 = DIRECTION ( 'NONE',  ( -1.000000000000000000, -6.360373330387821219E-15, -0.000000000000000000 ) ) ;
#1382 = ORIENTED_EDGE ( 'NONE', *, *, #3295, .F. ) ;
#1383 = CARTESIAN_POINT ( 'NONE',  ( 21.94894849797543301, 22.50596112700796425, 42.76491364505290704 ) ) ;
#1384 = VECTOR ( 'NONE', #6227, 1000.000000000000114 ) ;
#1385 = EDGE_LOOP ( 'NONE', ( #68, #3667, #6291, #4497, #3453, #4184, #6914, #1056, #1246, #1864 ) ) ;
#1386 = DIRECTION ( 'NONE',  ( -0.000000000000000000, -0.000000000000000000, 1.000000000000000000 ) ) ;
#1387 = VECTOR ( 'NONE', #822, 1000.000000000000000 ) ;
#1388 = EDGE_LOOP ( 'NONE', ( #3722, #3744, #5405, #2369 ) ) ;
#1389 = VERTEX_POINT ( 'NONE', #758 ) ;
#1390 = CARTESIAN_POINT ( 'NONE',  ( 32.69894853087960485, 119.5059670551349171, 42.76491364505290704 ) ) ;
#1391 = EDGE_CURVE ( 'NONE', #3678, #3565, #4462, .T. ) ;
#1392 = SPHERICAL_SURFACE ( 'NONE', #4713, 0.5000000000000000000 ) ;
#1393 = DIRECTION ( 'NONE',  ( 0.000000000000000000, -0.000000000000000000, -1.000000000000000000 ) ) ;
#1394 = ORIENTED_EDGE ( 'NONE', *, *, #6331, .F. ) ;
#1395 = ORIENTED_EDGE ( 'NONE', *, *, #830, .T. ) ;
#1396 = EDGE_CURVE ( 'NONE', #6034, #2003, #1905, .T. ) ;
#1397 = DIRECTION ( 'NONE',  ( -0.4984711242580832091, 0.000000000000000000, 0.8669063030575349105 ) ) ;
#1398 = ORIENTED_EDGE ( 'NONE', *, *, #3710, .T. ) ;
#1399 = DIRECTION ( 'NONE',  ( -0.000000000000000000, -0.000000000000000000, 1.000000000000000000 ) ) ;
#1400 = CARTESIAN_POINT ( 'NONE',  ( 12.94894849797541170, 111.5059670551350592, 40.26491364505290704 ) ) ;
#1401 = EDGE_CURVE ( 'NONE', #1738, #1672, #1216, .T. ) ;
#1402 = ORIENTED_EDGE ( 'NONE', *, *, #5632, .T. ) ;
#1403 = LINE ( 'NONE', #5901, #1372 ) ;
#1404 = ORIENTED_EDGE ( 'NONE', *, *, #5489, .F. ) ;
#1405 = CARTESIAN_POINT ( 'NONE',  ( 38.15563804977016815, 48.82472926026579785, 38.01567808295678930 ) ) ;
#1406 = CYLINDRICAL_SURFACE ( 'NONE', #1237, 2.000000000000000444 ) ;
#1407 = CARTESIAN_POINT ( 'NONE',  ( 6.176255370710630466, 113.4764429685518508, 40.26491364505154991 ) ) ;
#1408 = DIRECTION ( 'NONE',  ( 1.000000000000000000, -3.469446694862101795E-16, 0.000000000000000000 ) ) ;
#1409 = CARTESIAN_POINT ( 'NONE',  ( 38.58468489822249126, 46.09343254915983579, 39.76491364505297099 ) ) ;
#1410 = EDGE_CURVE ( 'NONE', #1738, #206, #868, .T. ) ;
#1411 = EDGE_CURVE ( 'NONE', #1074, #1279, #552, .T. ) ;
#1412 = CYLINDRICAL_SURFACE ( 'NONE', #4500, 0.5000000000000013323 ) ;
#1413 = DIRECTION ( 'NONE',  ( -1.000000000000000000, 0.000000000000000000, -2.135044278125296610E-15 ) ) ;
#1414 = CARTESIAN_POINT ( 'NONE',  ( 38.29718489822252536, 62.67725764581898318, 39.26491364505291415 ) ) ;
#1415 = ORIENTED_EDGE ( 'NONE', *, *, #6648, .T. ) ;
#1416 = DIRECTION ( 'NONE',  ( 0.000000000000000000, 1.000000000000000000, 0.000000000000000000 ) ) ;
#1417 = ORIENTED_EDGE ( 'NONE', *, *, #6356, .F. ) ;
#1418 = LINE ( 'NONE', #6933, #6904 ) ;
#1419 = VERTEX_POINT ( 'NONE', #1335 ) ;
#1420 = EDGE_LOOP ( 'NONE', ( #5179, #6801, #7014, #1524 ) ) ;
#1421 = LINE ( 'NONE', #2510, #1318 ) ;
#1422 = CARTESIAN_POINT ( 'NONE',  ( 6.698948465071296710, 31.36591882637202033, 40.26403719366631151 ) ) ;
#1423 = FACE_OUTER_BOUND ( 'NONE', #2161, .T. ) ;
#1424 = DIRECTION ( 'NONE',  ( 0.000000000000000000, 0.000000000000000000, 1.000000000000000000 ) ) ;
#1425 = AXIS2_PLACEMENT_3D ( 'NONE', #374, #3191, #6415 ) ;
#1426 = EDGE_CURVE ( 'NONE', #2355, #5942, #5381, .T. ) ;
#1427 = ORIENTED_EDGE ( 'NONE', *, *, #5536, .T. ) ;
#1428 = ORIENTED_EDGE ( 'NONE', *, *, #7114, .F. ) ;
#1429 = CIRCLE ( 'NONE', #6188, 1.999999999999999556 ) ;
#1430 = CARTESIAN_POINT ( 'NONE',  ( 25.19894853087959063, 112.5059670551349029, 42.76491364505290704 ) ) ;
#1431 = ORIENTED_EDGE ( 'NONE', *, *, #3930, .T. ) ;
#1432 = LINE ( 'NONE', #3533, #4397 ) ;
#1433 = DIRECTION ( 'NONE',  ( 0.000000000000000000, -1.000000000000000000, 0.000000000000000000 ) ) ;
#1434 = ORIENTED_EDGE ( 'NONE', *, *, #4249, .T. ) ;
#1435 = CARTESIAN_POINT ( 'NONE',  ( 11.09894846507153687, 31.50596112700797136, 34.72901526019064278 ) ) ;
#1436 = VECTOR ( 'NONE', #2309, 1000.000000000000114 ) ;
#1437 = EDGE_LOOP ( 'NONE', ( #5804, #2045, #3707, #2949, #3022 ) ) ;
#1438 = EDGE_CURVE ( 'NONE', #1207, #3734, #4334, .T. ) ;
#1439 = DIRECTION ( 'NONE',  ( 1.000000000000000000, 0.000000000000000000, 0.000000000000000000 ) ) ;
#1440 = CARTESIAN_POINT ( 'NONE',  ( 25.19894853087959063, 119.0059670551349171, 42.76491364505290704 ) ) ;
#1441 = CARTESIAN_POINT ( 'NONE',  ( 6.580539867773860685, 112.9621334830490440, 40.26491364505289994 ) ) ;
#1442 = DIRECTION ( 'NONE',  ( 2.775557561562888511E-14, 1.000000000000000000, 0.000000000000000000 ) ) ;
#1443 = DIRECTION ( 'NONE',  ( -1.000000000000000000, 6.308085367188390241E-16, 0.000000000000000000 ) ) ;
#1444 = ORIENTED_EDGE ( 'NONE', *, *, #1819, .T. ) ;
#1445 = DIRECTION ( 'NONE',  ( 1.000000000000000000, 0.000000000000000000, 0.000000000000000000 ) ) ;
#1446 = AXIS2_PLACEMENT_3D ( 'NONE', #2291, #4502, #6172 ) ;
#1447 = EDGE_CURVE ( 'NONE', #6932, #2423, #260, .T. ) ;
#1448 = DIRECTION ( 'NONE',  ( 0.000000000000000000, 0.000000000000000000, 1.000000000000000000 ) ) ;
#1449 = CARTESIAN_POINT ( 'NONE',  ( 10.94894849797495340, -4.558415519207552897E-14, 40.26491364505290704 ) ) ;
#1450 = ORIENTED_EDGE ( 'NONE', *, *, #6725, .F. ) ;
#1451 = DIRECTION ( 'NONE',  ( -0.000000000000000000, -0.000000000000000000, -1.000000000000000000 ) ) ;
#1452 = ORIENTED_EDGE ( 'NONE', *, *, #4114, .F. ) ;
#1453 = CARTESIAN_POINT ( 'NONE',  ( 6.698948465071332237, 18.40596112700797349, 42.76491364505290704 ) ) ;
#1454 = AXIS2_PLACEMENT_3D ( 'NONE', #4529, #83, #6045 ) ;
#1455 = CIRCLE ( 'NONE', #2267, 0.5000000000000004441 ) ;
#1456 = DIRECTION ( 'NONE',  ( -1.000000000000000000, 0.000000000000000000, 0.000000000000000000 ) ) ;
#1457 = ORIENTED_EDGE ( 'NONE', *, *, #2216, .T. ) ;
#1458 = EDGE_CURVE ( 'NONE', #2227, #5229, #4107, .T. ) ;
#1459 = ORIENTED_EDGE ( 'NONE', *, *, #6374, .F. ) ;
#1460 = ADVANCED_FACE ( 'NONE', ( #3041 ), #4566, .F. ) ;
#1461 = CIRCLE ( 'NONE', #1694, 2.000000000000001776 ) ;
#1462 = CARTESIAN_POINT ( 'NONE',  ( 9.098948465071329039, 122.1059670551352383, 41.76491364505290704 ) ) ;
#1463 = AXIS2_PLACEMENT_3D ( 'NONE', #1181, #3052, #1964 ) ;
#1464 = CARTESIAN_POINT ( 'NONE',  ( 37.14189409896363259, 113.5059670551350592, 40.26491364505296389 ) ) ;
#1465 = ORIENTED_EDGE ( 'NONE', *, *, #6117, .T. ) ;
#1466 = DIRECTION ( 'NONE',  ( -0.4984711105067691772, 0.0002348913312108609139, -0.8669062791422211811 ) ) ;
#1467 = DIRECTION ( 'NONE',  ( -0.5141689635272225223, -0.000000000000000000, -0.8576889161842665699 ) ) ;
#1468 = VECTOR ( 'NONE', #1523, 1000.000000000000000 ) ;
#1469 = ORIENTED_EDGE ( 'NONE', *, *, #5132, .F. ) ;
#1470 = ORIENTED_EDGE ( 'NONE', *, *, #6648, .F. ) ;
#1471 = CIRCLE ( 'NONE', #3893, 7.500000000000000000 ) ;
#1472 = CARTESIAN_POINT ( 'NONE',  ( 7.384627116496889521, 32.33002044150958909, 35.15938561284161779 ) ) ;
#1473 = ORIENTED_EDGE ( 'NONE', *, *, #474, .F. ) ;
#1474 = CARTESIAN_POINT ( 'NONE',  ( 38.00760399354776808, 62.74036444838622373, 39.01310416272731629 ) ) ;
#1475 = DIRECTION ( 'NONE',  ( 0.000000000000000000, 0.000000000000000000, 1.000000000000000000 ) ) ;
#1476 = ORIENTED_EDGE ( 'NONE', *, *, #4321, .T. ) ;
#1477 = PLANE ( 'NONE',  #6004 ) ;
#1478 = VECTOR ( 'NONE', #5195, 1000.000000000000000 ) ;
#1479 =( BOUNDED_CURVE ( )  B_SPLINE_CURVE ( 3, ( #3381, #1103, #5601, #3308 ),
 .UNSPECIFIED., .F., .F. ) 
 B_SPLINE_CURVE_WITH_KNOTS ( ( 4, 4 ),
 ( 1.570796326795058206, 3.141592653589904138 ),
 .UNSPECIFIED. ) 
 CURVE ( )  GEOMETRIC_REPRESENTATION_ITEM ( )  RATIONAL_B_SPLINE_CURVE ( ( 1.000000000000000000, 0.8047378541243769279, 0.8047378541243769279, 1.000000000000000000 ) ) 
 REPRESENTATION_ITEM ( '' )  );
#1480 = ORIENTED_EDGE ( 'NONE', *, *, #5165, .T. ) ;
#1481 = CARTESIAN_POINT ( 'NONE',  ( 6.712359534432457586, 113.5232752306759636, 40.26491364505290704 ) ) ;
#1482 = DIRECTION ( 'NONE',  ( 1.000000000000000000, 0.000000000000000000, 0.000000000000000000 ) ) ;
#1483 = CARTESIAN_POINT ( 'NONE',  ( 6.698948465071331348, 113.5053553677569766, 40.26491364505289994 ) ) ;
#1484 = VERTEX_POINT ( 'NONE', #5144 ) ;
#1485 = LINE ( 'NONE', #4749, #1365 ) ;
#1486 = AXIS2_PLACEMENT_3D ( 'NONE', #1917, #801, #707 ) ;
#1487 = FACE_OUTER_BOUND ( 'NONE', #2138, .T. ) ;
#1488 = ORIENTED_EDGE ( 'NONE', *, *, #6859, .T. ) ;
#1489 = EDGE_CURVE ( 'NONE', #681, #2699, #643, .T. ) ;
#1490 = CARTESIAN_POINT ( 'NONE',  ( 32.94894849797543657, 40.00596112700796425, 41.26491364505290704 ) ) ;
#1491 = ORIENTED_EDGE ( 'NONE', *, *, #1162, .F. ) ;
#1492 = DIRECTION ( 'NONE',  ( -0.000000000000000000, 0.000000000000000000, 1.000000000000000000 ) ) ;
#1493 = AXIS2_PLACEMENT_3D ( 'NONE', #315, #4292, #3628 ) ;
#1494 = ADVANCED_FACE ( 'NONE', ( #2428 ), #4097, .T. ) ;
#1495 = DIRECTION ( 'NONE',  ( 0.000000000000000000, 1.000000000000000000, 0.000000000000000000 ) ) ;
#1496 = VERTEX_POINT ( 'NONE', #4304 ) ;
#1497 = VERTEX_POINT ( 'NONE', #4196 ) ;
#1498 = CIRCLE ( 'NONE', #6250, 0.5000000000000004441 ) ;
#1499 = CARTESIAN_POINT ( 'NONE',  ( 30.94894849797541525, 31.50596112700795715, 34.38948260544477620 ) ) ;
#1500 = LINE ( 'NONE', #3700, #6199 ) ;
#1501 = CARTESIAN_POINT ( 'NONE',  ( 11.09894846507133437, 126.1059671700671174, 42.76491364505290704 ) ) ;
#1502 = ORIENTED_EDGE ( 'NONE', *, *, #4256, .T. ) ;
#1503 = LINE ( 'NONE', #2110, #5665 ) ;
#1504 = PLANE ( 'NONE',  #598 ) ;
#1505 = EDGE_CURVE ( 'NONE', #5241, #7119, #861, .T. ) ;
#1506 = ADVANCED_FACE ( 'NONE', ( #5281 ), #5865, .T. ) ;
#1507 = ORIENTED_EDGE ( 'NONE', *, *, #3612, .T. ) ;
#1508 = VERTEX_POINT ( 'NONE', #4234 ) ;
#1509 = CIRCLE ( 'NONE', #3244, 0.5000000000000004441 ) ;
#1510 = DIRECTION ( 'NONE',  ( 0.000000000000000000, 0.000000000000000000, -1.000000000000000000 ) ) ;
#1511 = CARTESIAN_POINT ( 'NONE',  ( 38.44105714507662697, 62.30347125095340033, 38.51205911827236861 ) ) ;
#1512 = CARTESIAN_POINT ( 'NONE',  ( 26.79189409896359919, 111.5059670551350592, 22.26491364505290349 ) ) ;
#1513 = ORIENTED_EDGE ( 'NONE', *, *, #4584, .F. ) ;
#1514 = CARTESIAN_POINT ( 'NONE',  ( 7.033891591346882439E-14, 111.5059670551350735, 42.76491364505290704 ) ) ;
#1515 = VECTOR ( 'NONE', #2305, 1000.000000000000000 ) ;
#1516 = ORIENTED_EDGE ( 'NONE', *, *, #2636, .T. ) ;
#1517 = DIRECTION ( 'NONE',  ( -0.000000000000000000, -0.000000000000000000, 1.000000000000000000 ) ) ;
#1518 = CARTESIAN_POINT ( 'NONE',  ( 38.58468489822250547, 74.27725659993859608, 39.76491364505296389 ) ) ;
#1519 = DIRECTION ( 'NONE',  ( -0.9999998850680932305, 0.0004794411333274460271, 0.000000000000000000 ) ) ;
#1520 = CARTESIAN_POINT ( 'NONE',  ( -8.263236184924311597E-14, 16.50596112700779727, 40.26491364505290704 ) ) ;
#1521 = EDGE_CURVE ( 'NONE', #5375, #2243, #3182, .T. ) ;
#1522 = LINE ( 'NONE', #5831, #5129 ) ;
#1523 = DIRECTION ( 'NONE',  ( -0.000000000000000000, -0.000000000000000000, 1.000000000000000000 ) ) ;
#1524 = ORIENTED_EDGE ( 'NONE', *, *, #5588, .F. ) ;
#1525 = DIRECTION ( 'NONE',  ( -0.8669063030575351325, 0.000000000000000000, -0.4984711242580830981 ) ) ;
#1526 = ORIENTED_EDGE ( 'NONE', *, *, #5223, .F. ) ;
#1527 = CARTESIAN_POINT ( 'NONE',  ( 17.10600289698727750, 31.50596112700797136, 20.26491364505290349 ) ) ;
#1528 = LINE ( 'NONE', #6423, #782 ) ;
#1529 = EDGE_CURVE ( 'NONE', #4731, #4065, #3074, .T. ) ;
#1530 = ORIENTED_EDGE ( 'NONE', *, *, #1321, .T. ) ;
#1531 = VERTEX_POINT ( 'NONE', #6520 ) ;
#1532 = CARTESIAN_POINT ( 'NONE',  ( 9.098948465071329039, 122.1059670551352383, 42.76491364505290704 ) ) ;
#1533 = DIRECTION ( 'NONE',  ( -0.4984711242580832646, 3.144398404898360959E-16, 0.8669063030575349105 ) ) ;
#1534 = EDGE_CURVE ( 'NONE', #3105, #6303, #3219, .T. ) ;
#1535 = LINE ( 'NONE', #5416, #3780 ) ;
#1536 = ORIENTED_EDGE ( 'NONE', *, *, #966, .T. ) ;
#1537 = LINE ( 'NONE', #4261, #3921 ) ;
#1538 = CARTESIAN_POINT ( 'NONE',  ( 30.94894849797543301, 33.50596112700795715, 42.76491364505290704 ) ) ;
#1539 = EDGE_CURVE ( 'NONE', #5808, #4795, #5354, .T. ) ;
#1540 = VERTEX_POINT ( 'NONE', #3716 ) ;
#1541 = VERTEX_POINT ( 'NONE', #5935 ) ;
#1542 = ADVANCED_FACE ( 'NONE', ( #471 ), #978, .F. ) ;
#1543 = ADVANCED_FACE ( 'NONE', ( #2788 ), #5549, .F. ) ;
#1544 = DIRECTION ( 'NONE',  ( 1.000000000000000000, -6.308085367188390241E-16, 2.135044278125296610E-15 ) ) ;
#1545 = CARTESIAN_POINT ( 'NONE',  ( 38.37727367815360680, 62.37759081665915062, 38.40113134971058884 ) ) ;
#1546 = DIRECTION ( 'NONE',  ( 6.308085367188390241E-16, 1.000000000000000000, 0.000000000000000000 ) ) ;
#1547 = ORIENTED_EDGE ( 'NONE', *, *, #1293, .T. ) ;
#1548 = ORIENTED_EDGE ( 'NONE', *, *, #4249, .F. ) ;
#1549 = VECTOR ( 'NONE', #4743, 1000.000000000000000 ) ;
#1550 = EDGE_CURVE ( 'NONE', #2320, #5960, #4340, .T. ) ;
#1551 = DIRECTION ( 'NONE',  ( 1.000000000000000000, -1.110223024625155531E-13, 0.000000000000000000 ) ) ;
#1552 = FACE_OUTER_BOUND ( 'NONE', #3796, .T. ) ;
#1553 = LINE ( 'NONE', #475, #3108 ) ;
#1554 = LINE ( 'NONE', #3155, #4900 ) ;
#1555 = CARTESIAN_POINT ( 'NONE',  ( 2.805696901374728011E-12, 30.86591882637267048, 41.26491364505290704 ) ) ;
#1556 = VECTOR ( 'NONE', #1139, 1000.000000000000000 ) ;
#1557 = ORIENTED_EDGE ( 'NONE', *, *, #2822, .T. ) ;
#1558 = CYLINDRICAL_SURFACE ( 'NONE', #2991, 1.899999999999988587 ) ;
#1559 = CARTESIAN_POINT ( 'NONE',  ( 33.91289214232374860, -7.059538816510185492E-12, 42.76491364505290704 ) ) ;
#1560 = DIRECTION ( 'NONE',  ( 2.379049338482476317E-14, -1.000000000000000000, 0.000000000000000000 ) ) ;
#1561 = AXIS2_PLACEMENT_3D ( 'NONE', #6011, #4491, #2860 ) ;
#1562 = EDGE_LOOP ( 'NONE', ( #4753, #492, #1898, #6847 ) ) ;
#1563 = CARTESIAN_POINT ( 'NONE',  ( 7.198948465071251412, 30.86591882637201678, 42.76491364505290704 ) ) ;
#1564 = DIRECTION ( 'NONE',  ( 0.000000000000000000, 0.000000000000000000, 1.000000000000000000 ) ) ;
#1565 = CARTESIAN_POINT ( 'NONE',  ( 13.24035607321161834, 16.90596112700796283, 40.26491364505290704 ) ) ;
#1566 = CIRCLE ( 'NONE', #6316, 1.000000000000000888 ) ;
#1567 = VERTEX_POINT ( 'NONE', #1186 ) ;
#1568 = VECTOR ( 'NONE', #5583, 1000.000000000000114 ) ;
#1569 = DIRECTION ( 'NONE',  ( -0.8669063030575385742, 0.000000000000000000, 0.4984711242580767143 ) ) ;
#1570 = EDGE_CURVE ( 'NONE', #6755, #439, #3637, .T. ) ;
#1571 = DIRECTION ( 'NONE',  ( 0.000000000000000000, 0.000000000000000000, 1.000000000000000000 ) ) ;
#1572 = EDGE_CURVE ( 'NONE', #405, #3036, #502, .T. ) ;
#1573 = ORIENTED_EDGE ( 'NONE', *, *, #5278, .T. ) ;
#1574 = AXIS2_PLACEMENT_3D ( 'NONE', #3803, #5409, #4833 ) ;
#1575 = ORIENTED_EDGE ( 'NONE', *, *, #5968, .F. ) ;
#1576 = CARTESIAN_POINT ( 'NONE',  ( 38.27082962298617730, 49.30829750768810982, 38.21601125376724184 ) ) ;
#1577 = CARTESIAN_POINT ( 'NONE',  ( 26.79189409896354945, 31.50596112700796425, 22.26491364505290349 ) ) ;
#1578 = ADVANCED_FACE ( 'NONE', ( #5503 ), #4997, .F. ) ;
#1579 = DIRECTION ( 'NONE',  ( 0.000000000000000000, 0.000000000000000000, 1.000000000000000000 ) ) ;
#1580 = AXIS2_PLACEMENT_3D ( 'NONE', #1744, #4927, #2756 ) ;
#1581 = DIRECTION ( 'NONE',  ( 0.000000000000000000, 0.000000000000000000, 1.000000000000000000 ) ) ;
#1582 = CARTESIAN_POINT ( 'NONE',  ( 38.57795617511815323, 47.09165086842558168, 38.75014438791039595 ) ) ;
#1583 = VERTEX_POINT ( 'NONE', #2703 ) ;
#1584 = CARTESIAN_POINT ( 'NONE',  ( 38.97224591156774665, 111.9791014138172329, 39.52096426886694047 ) ) ;
#1585 = ORIENTED_EDGE ( 'NONE', *, *, #5532, .T. ) ;
#1586 = VECTOR ( 'NONE', #4444, 1000.000000000000000 ) ;
#1587 = DIRECTION ( 'NONE',  ( -1.000000000000000000, -6.360373330387821219E-15, -0.000000000000000000 ) ) ;
#1588 = DIRECTION ( 'NONE',  ( 6.360373330387821219E-15, -1.000000000000000000, 0.000000000000000000 ) ) ;
#1589 = FACE_OUTER_BOUND ( 'NONE', #6900, .T. ) ;
#1590 = CIRCLE ( 'NONE', #5538, 0.4999999999999995559 ) ;
#1591 = ORIENTED_EDGE ( 'NONE', *, *, #5371, .T. ) ;
#1592 = CARTESIAN_POINT ( 'NONE',  ( 15.37219029087218125, -12.80532761448479739, 21.26797139653673341 ) ) ;
#1593 = EDGE_CURVE ( 'NONE', #3557, #2213, #4689, .T. ) ;
#1594 = ADVANCED_FACE ( 'NONE', ( #6043 ), #5467, .F. ) ;
#1595 = DIRECTION ( 'NONE',  ( -1.000000000000000000, -0.000000000000000000, -0.000000000000000000 ) ) ;
#1596 = AXIS2_PLACEMENT_3D ( 'NONE', #2580, #1495, #1198 ) ;
#1597 = LINE ( 'NONE', #1060, #2158 ) ;
#1598 = ORIENTED_EDGE ( 'NONE', *, *, #867, .T. ) ;
#1599 = DIRECTION ( 'NONE',  ( -0.4984711242580768809, 5.534141192621191887E-14, -0.8669063030575387963 ) ) ;
#1600 = CYLINDRICAL_SURFACE ( 'NONE', #1920, 1.899999999999999023 ) ;
#1601 = CARTESIAN_POINT ( 'NONE',  ( 37.19894853087943432, 29.53148130165038410, 39.72522539197138514 ) ) ;
#1602 = VECTOR ( 'NONE', #1989, 1000.000000000000000 ) ;
#1603 = VERTEX_POINT ( 'NONE', #2280 ) ;
#1604 = DIRECTION ( 'NONE',  ( -0.4984711242580835422, -0.000000000000000000, 0.8669063030575349105 ) ) ;
#1605 = CARTESIAN_POINT ( 'NONE',  ( 38.39381084811575562, 46.09372674684636451, 38.42989164529696922 ) ) ;
#1606 = DIRECTION ( 'NONE',  ( 0.4984711242580827650, -4.564240127897094521E-14, 0.8669063030575352435 ) ) ;
#1607 = AXIS2_PLACEMENT_3D ( 'NONE', #4302, #3714, #6518 ) ;
#1608 = ORIENTED_EDGE ( 'NONE', *, *, #6555, .F. ) ;
#1609 = LINE ( 'NONE', #6695, #1837 ) ;
#1610 = DIRECTION ( 'NONE',  ( -1.000000000000000000, 0.000000000000000000, 0.000000000000000000 ) ) ;
#1611 = EDGE_LOOP ( 'NONE', ( #1096, #1797, #1010, #4280, #3702 ) ) ;
#1612 = VERTEX_POINT ( 'NONE', #6633 ) ;
#1613 = CARTESIAN_POINT ( 'NONE',  ( 38.15563804975123929, 48.69380593142552272, 38.01567808292386985 ) ) ;
#1614 = FACE_OUTER_BOUND ( 'NONE', #430, .T. ) ;
#1615 = CYLINDRICAL_SURFACE ( 'NONE', #5636, 0.5000000000000004441 ) ;
#1616 = DIRECTION ( 'NONE',  ( -0.000000000000000000, -0.000000000000000000, 1.000000000000000000 ) ) ;
#1617 = CARTESIAN_POINT ( 'NONE',  ( 38.58013300720735828, 46.11966628018650738, 38.75393018284756153 ) ) ;
#1618 = ORIENTED_EDGE ( 'NONE', *, *, #3346, .F. ) ;
#1619 = CARTESIAN_POINT ( 'NONE',  ( 38.12720042581464241, 113.1405499968851700, 39.61830267463754751 ) ) ;
#1620 = EDGE_CURVE ( 'NONE', #1531, #3865, #1737, .T. ) ;
#1621 = ORIENTED_EDGE ( 'NONE', *, *, #2735, .T. ) ;
#1622 = ADVANCED_FACE ( 'NONE', ( #6672 ), #1083, .F. ) ;
#1623 = CARTESIAN_POINT ( 'NONE',  ( 25.18828712696221928, 126.5059670551350592, 42.76491364505290704 ) ) ;
#1624 = DIRECTION ( 'NONE',  ( -1.000000000000000000, 0.000000000000000000, 0.000000000000000000 ) ) ;
#1625 = DIRECTION ( 'NONE',  ( -0.000000000000000000, -0.000000000000000000, 1.000000000000000000 ) ) ;
#1626 = AXIS2_PLACEMENT_3D ( 'NONE', #5888, #356, #2553 ) ;
#1627 = ORIENTED_EDGE ( 'NONE', *, *, #6331, .T. ) ;
#1628 = FACE_OUTER_BOUND ( 'NONE', #6637, .T. ) ;
#1629 = CARTESIAN_POINT ( 'NONE',  ( 10.94894849797543657, 60.00596112700797136, 41.26491364505290704 ) ) ;
#1630 = CARTESIAN_POINT ( 'NONE',  ( 33.19894853088243281, 7.898193654070962700E-13, 42.76491364505290704 ) ) ;
#1631 = EDGE_LOOP ( 'NONE', ( #3824, #780, #3016, #5268 ) ) ;
#1632 = EDGE_CURVE ( 'NONE', #5289, #3206, #4419, .T. ) ;
#1633 = LINE ( 'NONE', #1196, #5154 ) ;
#1634 = EDGE_CURVE ( 'NONE', #4147, #2653, #3860, .T. ) ;
#1635 = LINE ( 'NONE', #6722, #4118 ) ;
#1636 = VERTEX_POINT ( 'NONE', #2823 ) ;
#1637 = LINE ( 'NONE', #5629, #4441 ) ;
#1638 = DIRECTION ( 'NONE',  ( -1.000000000000000000, 0.000000000000000000, -0.000000000000000000 ) ) ;
#1639 = DIRECTION ( 'NONE',  ( 6.308085367188391227E-16, 1.000000000000000000, 0.000000000000000000 ) ) ;
#1640 = CARTESIAN_POINT ( 'NONE',  ( 39.01813804975130751, 111.5059670551350592, 39.51567808292392670 ) ) ;
#1641 = VERTEX_POINT ( 'NONE', #1623 ) ;
#1642 = CARTESIAN_POINT ( 'NONE',  ( 37.19894853087983932, 73.77725659993873819, 42.76491364505290704 ) ) ;
#1643 = CARTESIAN_POINT ( 'NONE',  ( 10.94894849797543834, 60.50596112700797136, 41.76491364505290704 ) ) ;
#1644 = ORIENTED_EDGE ( 'NONE', *, *, #6039, .T. ) ;
#1645 = VERTEX_POINT ( 'NONE', #1121 ) ;
#1646 = CARTESIAN_POINT ( 'NONE',  ( 38.17060376524670318, 48.95554668991630365, 38.04170541422033125 ) ) ;
#1647 = CARTESIAN_POINT ( 'NONE',  ( 2.294220541229316932E-12, 28.86591882637267048, 38.15632786135924448 ) ) ;
#1648 = CARTESIAN_POINT ( 'NONE',  ( 15.44894849797545788, 116.5059670551347750, 41.26491364505290704 ) ) ;
#1649 = DIRECTION ( 'NONE',  ( -0.4984711100229774483, 0.0002389875813886759384, -0.8669062783008303352 ) ) ;
#1650 = CARTESIAN_POINT ( 'NONE',  ( 38.56530755983781233, 46.87443387626796465, 38.72814679611875022 ) ) ;
#1651 = VERTEX_POINT ( 'NONE', #5033 ) ;
#1652 = CARTESIAN_POINT ( 'NONE',  ( 38.40572766048707365, 112.1935987512527930, 40.26491364505296389 ) ) ;
#1653 = ORIENTED_EDGE ( 'NONE', *, *, #3161, .F. ) ;
#1654 = ORIENTED_EDGE ( 'NONE', *, *, #1593, .T. ) ;
#1655 = DIRECTION ( 'NONE',  ( -0.0004712235075974200403, -0.9999998889741967822, 0.000000000000000000 ) ) ;
#1656 = EDGE_LOOP ( 'NONE', ( #1450, #5167, #4661, #5213 ) ) ;
#1657 = DIRECTION ( 'NONE',  ( -0.8669063030575347994, 0.000000000000000000, 0.4984711242580834312 ) ) ;
#1658 = DIRECTION ( 'NONE',  ( 0.000000000000000000, 1.000000000000000000, 1.387778780781444413E-14 ) ) ;
#1659 = EDGE_CURVE ( 'NONE', #818, #2787, #2747, .T. ) ;
#1660 = VERTEX_POINT ( 'NONE', #584 ) ;
#1661 = CARTESIAN_POINT ( 'NONE',  ( 0.02172887434229663073, 46.11160432257827324, 39.76491364505288573 ) ) ;
#1662 = AXIS2_PLACEMENT_3D ( 'NONE', #5177, #4563, #5720 ) ;
#1663 = EDGE_CURVE ( 'NONE', #4220, #1834, #1455, .T. ) ;
#1664 = DIRECTION ( 'NONE',  ( 0.4984711100229713976, -0.0002389875813849828205, 0.8669062783008337769 ) ) ;
#1665 = CARTESIAN_POINT ( 'NONE',  ( 8.983916628745105382E-15, 25.50596112700796425, 41.76491364505290704 ) ) ;
#1666 = ORIENTED_EDGE ( 'NONE', *, *, #6784, .F. ) ;
#1667 = DIRECTION ( 'NONE',  ( -1.000000000000000000, 0.000000000000000000, -2.135044278125296610E-15 ) ) ;
#1668 = AXIS2_PLACEMENT_3D ( 'NONE', #487, #6577, #925 ) ;
#1669 = DIRECTION ( 'NONE',  ( -1.000000000000000000, 0.000000000000000000, 0.000000000000000000 ) ) ;
#1670 = LINE ( 'NONE', #5012, #6924 ) ;
#1671 = EDGE_CURVE ( 'NONE', #2086, #3734, #4, .T. ) ;
#1672 = VERTEX_POINT ( 'NONE', #4453 ) ;
#1673 = CIRCLE ( 'NONE', #4458, 0.4999999999999982236 ) ;
#1674 = CARTESIAN_POINT ( 'NONE',  ( 25.19894853087956221, 116.5059670551347750, 42.76491364505290704 ) ) ;
#1675 = FACE_OUTER_BOUND ( 'NONE', #829, .T. ) ;
#1676 = DIRECTION ( 'NONE',  ( -1.000000000000000000, -0.000000000000000000, -0.000000000000000000 ) ) ;
#1677 = CARTESIAN_POINT ( 'NONE',  ( 5.313212097728420957, 111.5059670551350592, 40.26491364505289994 ) ) ;
#1678 = EDGE_LOOP ( 'NONE', ( #149, #6682, #3322, #751 ) ) ;
#1679 = CARTESIAN_POINT ( 'NONE',  ( 6.698948465071330460, 113.1155189461746460, 40.26491364505289994 ) ) ;
#1680 = AXIS2_PLACEMENT_3D ( 'NONE', #5325, #1054, #4306 ) ;
#1681 = DIRECTION ( 'NONE',  ( -1.000000000000000000, 6.360652745248293994E-16, 0.000000000000000000 ) ) ;
#1682 = VECTOR ( 'NONE', #1778, 1000.000000000000000 ) ;
#1683 = EDGE_CURVE ( 'NONE', #1484, #2951, #4044, .T. ) ;
#1684 = EDGE_CURVE ( 'NONE', #2929, #2219, #6334, .T. ) ;
#1685 = VERTEX_POINT ( 'NONE', #1360 ) ;
#1686 = ORIENTED_EDGE ( 'NONE', *, *, #4160, .T. ) ;
#1687 = CIRCLE ( 'NONE', #4468, 2.000000000000001776 ) ;
#1688 = CIRCLE ( 'NONE', #1446, 5.499999999999998224 ) ;
#1689 = FACE_OUTER_BOUND ( 'NONE', #4003, .T. ) ;
#1690 = CARTESIAN_POINT ( 'NONE',  ( 37.72218489822245147, 47.09383909050607997, 38.26491364505291415 ) ) ;
#1691 = DIRECTION ( 'NONE',  ( 0.000000000000000000, -1.000000000000000000, 0.000000000000000000 ) ) ;
#1692 = DIRECTION ( 'NONE',  ( -0.000000000000000000, -0.000000000000000000, 1.000000000000000000 ) ) ;
#1693 = CARTESIAN_POINT ( 'NONE',  ( 38.55420533063819732, 46.99468051751388487, 38.70883857142208484 ) ) ;
#1694 = AXIS2_PLACEMENT_3D ( 'NONE', #4899, #883, #350 ) ;
#1695 = VECTOR ( 'NONE', #6438, 1000.000000000000000 ) ;
#1696 = EDGE_LOOP ( 'NONE', ( #6113, #4338, #1513 ) ) ;
#1697 = CARTESIAN_POINT ( 'NONE',  ( 28.80581668815933227, 12.56217280551551418, 1.917411399536288474 ) ) ;
#1698 = ORIENTED_EDGE ( 'NONE', *, *, #3149, .T. ) ;
#1699 = ORIENTED_EDGE ( 'NONE', *, *, #6318, .T. ) ;
#1700 = AXIS2_PLACEMENT_3D ( 'NONE', #1094, #3294, #5516 ) ;
#1701 = DIRECTION ( 'NONE',  ( -0.000000000000000000, -0.000000000000000000, 1.000000000000000000 ) ) ;
#1702 = CARTESIAN_POINT ( 'NONE',  ( 37.19894853087983222, 0.000000000000000000, 41.26491364505290704 ) ) ;
#1703 = DIRECTION ( 'NONE',  ( -0.000000000000000000, 0.000000000000000000, 1.000000000000000000 ) ) ;
#1704 = ORIENTED_EDGE ( 'NONE', *, *, #6160, .T. ) ;
#1705 = DIRECTION ( 'NONE',  ( -0.000000000000000000, -0.000000000000000000, 1.000000000000000000 ) ) ;
#1706 = VECTOR ( 'NONE', #3980, 1000.000000000000000 ) ;
#1707 = CARTESIAN_POINT ( 'NONE',  ( 11.59894846507153865, 30.00596112700797136, 37.13093904883731255 ) ) ;
#1708 = LINE ( 'NONE', #1665, #767 ) ;
#1709 = EDGE_LOOP ( 'NONE', ( #1770, #247, #1284, #7059 ) ) ;
#1710 = DIRECTION ( 'NONE',  ( 0.000000000000000000, 1.000000000000000000, 0.000000000000000000 ) ) ;
#1711 = AXIS2_PLACEMENT_3D ( 'NONE', #7154, #1719, #4474 ) ;
#1712 = CARTESIAN_POINT ( 'NONE',  ( 11.59894846507153865, 26.00596112700796070, 41.26491364505290704 ) ) ;
#1713 = DIRECTION ( 'NONE',  ( 0.000000000000000000, -0.000000000000000000, -1.000000000000000000 ) ) ;
#1714 = AXIS2_PLACEMENT_3D ( 'NONE', #2102, #5947, #4314 ) ;
#1715 = ADVANCED_FACE ( 'NONE', ( #2347 ), #2447, .F. ) ;
#1716 = DIRECTION ( 'NONE',  ( 0.000000000000000000, 0.000000000000000000, -1.000000000000000000 ) ) ;
#1717 = CARTESIAN_POINT ( 'NONE',  ( 37.19894853087962616, 29.57082890229565919, 40.00511871834640942 ) ) ;
#1718 = DIRECTION ( 'NONE',  ( 0.000000000000000000, 0.000000000000000000, 1.000000000000000000 ) ) ;
#1719 = DIRECTION ( 'NONE',  ( 2.135044278125296610E-15, -1.346804156914148331E-30, -1.000000000000000000 ) ) ;
#1720 = EDGE_LOOP ( 'NONE', ( #1863, #5310, #5722, #1548 ) ) ;
#1721 = CARTESIAN_POINT ( 'NONE',  ( 11.09894846507158306, 30.86591882637166151, 40.26491364505290704 ) ) ;
#1722 = CIRCLE ( 'NONE', #6128, 7.499999999999998224 ) ;
#1723 = DIRECTION ( 'NONE',  ( -1.952415606740757108E-16, -1.000000000000000000, 0.000000000000000000 ) ) ;
#1724 = ORIENTED_EDGE ( 'NONE', *, *, #4339, .T. ) ;
#1725 = ORIENTED_EDGE ( 'NONE', *, *, #2641, .F. ) ;
#1726 = AXIS2_PLACEMENT_3D ( 'NONE', #3735, #6431, #3668 ) ;
#1727 = CARTESIAN_POINT ( 'NONE',  ( 17.10600289698732723, 111.5059670551350592, 22.26491364505289994 ) ) ;
#1728 = CARTESIAN_POINT ( 'NONE',  ( 0.02359420235014746126, 49.21188024601693911, 41.26491364505290704 ) ) ;
#1729 = EDGE_CURVE ( 'NONE', #1287, #3481, #3531, .T. ) ;
#1730 = DIRECTION ( 'NONE',  ( 1.000000000000000000, 0.000000000000000000, 0.000000000000000000 ) ) ;
#1731 = ADVANCED_FACE ( 'NONE', ( #5134 ), #1322, .T. ) ;
#1732 = CARTESIAN_POINT ( 'NONE',  ( 34.79894853087962758, 75.10596705513525251, 42.76491364505290704 ) ) ;
#1733 = CIRCLE ( 'NONE', #1493, 0.5000000000000004441 ) ;
#1734 = ORIENTED_EDGE ( 'NONE', *, *, #4371, .F. ) ;
#1735 = ORIENTED_EDGE ( 'NONE', *, *, #6730, .F. ) ;
#1736 = CIRCLE ( 'NONE', #1161, 0.5000000000000004441 ) ;
#1737 = LINE ( 'NONE', #5614, #4925 ) ;
#1738 = VERTEX_POINT ( 'NONE', #5649 ) ;
#1739 = DIRECTION ( 'NONE',  ( 0.4138029443011845276, -2.610304297845774646E-16, 0.9103664774626045730 ) ) ;
#1740 = CYLINDRICAL_SURFACE ( 'NONE', #3296, 0.5000000000000004441 ) ;
#1741 = ORIENTED_EDGE ( 'NONE', *, *, #2346, .F. ) ;
#1742 = CARTESIAN_POINT ( 'NONE',  ( 7.448948465071308256, 75.10596705513523830, 41.26491364505290704 ) ) ;
#1743 = CARTESIAN_POINT ( 'NONE',  ( 33.06188035674887971, 48.69604027337335594, 41.26491364505290704 ) ) ;
#1744 = CARTESIAN_POINT ( 'NONE',  ( 33.56188029928292593, 48.69580055280668063, 39.26491364505291415 ) ) ;
#1745 = ORIENTED_EDGE ( 'NONE', *, *, #5382, .F. ) ;
#1746 = CARTESIAN_POINT ( 'NONE',  ( 37.19894853087983932, 49.19405684995726347, 41.26491364505290704 ) ) ;
#1747 = VECTOR ( 'NONE', #3318, 1000.000000000000000 ) ;
#1748 = FACE_OUTER_BOUND ( 'NONE', #1943, .T. ) ;
#1749 = DIRECTION ( 'NONE',  ( 0.4138029443011836395, -2.610304297845769223E-16, -0.9103664774626049061 ) ) ;
#1750 = FACE_OUTER_BOUND ( 'NONE', #4586, .T. ) ;
#1751 = DIRECTION ( 'NONE',  ( -0.9999998889741967822, 0.0004712235075974231303, 0.000000000000000000 ) ) ;
#1752 = DIRECTION ( 'NONE',  ( -1.000000000000000000, 0.000000000000000000, 0.000000000000000000 ) ) ;
#1753 = CARTESIAN_POINT ( 'NONE',  ( 0.000000000000000000, 112.5059670551349029, 40.26491364505290704 ) ) ;
#1754 = ORIENTED_EDGE ( 'NONE', *, *, #476, .T. ) ;
#1755 = CYLINDRICAL_SURFACE ( 'NONE', #7170, 2.000000000000000444 ) ;
#1756 = CARTESIAN_POINT ( 'NONE',  ( 34.79894853087961337, 122.1059670551352525, 41.76491364505290704 ) ) ;
#1757 = ADVANCED_FACE ( 'NONE', ( #820 ), #425, .F. ) ;
#1758 = ORIENTED_EDGE ( 'NONE', *, *, #3314, .F. ) ;
#1759 = ADVANCED_FACE ( 'NONE', ( #784 ), #4008, .F. ) ;
#1760 = ORIENTED_EDGE ( 'NONE', *, *, #1081, .F. ) ;
#1761 = DIRECTION ( 'NONE',  ( 0.000000000000000000, 0.000000000000000000, -1.000000000000000000 ) ) ;
#1762 = CARTESIAN_POINT ( 'NONE',  ( 34.79894853087962758, 74.60596705513523830, 41.26491364505290704 ) ) ;
#1763 = CYLINDRICAL_SURFACE ( 'NONE', #4931, 0.5000000000000013323 ) ;
#1764 = CARTESIAN_POINT ( 'NONE',  ( 11.68541764250838355, 29.50596112700796425, 36.61798567176873576 ) ) ;
#1765 = EDGE_CURVE ( 'NONE', #6962, #1159, #1769, .T. ) ;
#1766 = EDGE_LOOP ( 'NONE', ( #5303, #319, #4407, #4722 ) ) ;
#1767 = EDGE_CURVE ( 'NONE', #4452, #484, #4112, .T. ) ;
#1768 = ORIENTED_EDGE ( 'NONE', *, *, #1529, .F. ) ;
#1769 = LINE ( 'NONE', #5714, #5048 ) ;
#1770 = ORIENTED_EDGE ( 'NONE', *, *, #5589, .T. ) ;
#1771 = CARTESIAN_POINT ( 'NONE',  ( 38.73063804975123503, 62.17725764581899028, 39.01567808292387696 ) ) ;
#1772 = CARTESIAN_POINT ( 'NONE',  ( 6.698948465071303815, 60.50596112700797136, 41.26491364505290704 ) ) ;
#1773 = ORIENTED_EDGE ( 'NONE', *, *, #429, .T. ) ;
#1774 = CARTESIAN_POINT ( 'NONE',  ( 5.547954867388180666, 32.08451902576118897, 40.26491364505289994 ) ) ;
#1775 = FACE_OUTER_BOUND ( 'NONE', #255, .T. ) ;
#1776 = CARTESIAN_POINT ( 'NONE',  ( 15.94894849797594638, 6.640083690380133511E-14, 41.26491364505290704 ) ) ;
#1777 = ORIENTED_EDGE ( 'NONE', *, *, #1570, .T. ) ;
#1778 = DIRECTION ( 'NONE',  ( 1.000000000000000000, -3.495664429423239514E-16, 0.000000000000000000 ) ) ;
#1779 = CARTESIAN_POINT ( 'NONE',  ( 11.09894846507153687, 24.61591931483222240, 40.26491364505290704 ) ) ;
#1780 = DIRECTION ( 'NONE',  ( -0.000000000000000000, 1.000000000000000000, -1.346804156914148331E-30 ) ) ;
#1781 = CARTESIAN_POINT ( 'NONE',  ( 37.72218489822243725, -2.379547625748518140E-14, 38.76491364505291415 ) ) ;
#1782 = CARTESIAN_POINT ( 'NONE',  ( 8.983916628745105382E-15, 25.50596112700796425, 41.26491364505290704 ) ) ;
#1783 = AXIS2_PLACEMENT_3D ( 'NONE', #1985, #7122, #3850 ) ;
#1784 = CARTESIAN_POINT ( 'NONE',  ( 37.19894853087983222, 62.17725764581908265, 39.76491364505296389 ) ) ;
#1785 = CARTESIAN_POINT ( 'NONE',  ( 33.56111319306151586, 47.09579988552805219, 40.26491364505290704 ) ) ;
#1786 = ORIENTED_EDGE ( 'NONE', *, *, #6070, .F. ) ;
#1787 = DIRECTION ( 'NONE',  ( 1.000000000000000000, 0.000000000000000000, 0.000000000000000000 ) ) ;
#1788 = VECTOR ( 'NONE', #6617, 1000.000000000000114 ) ;
#1789 = ORIENTED_EDGE ( 'NONE', *, *, #2950, .T. ) ;
#1790 = EDGE_LOOP ( 'NONE', ( #526, #4270, #2924, #1115, #4928, #8 ) ) ;
#1791 = CARTESIAN_POINT ( 'NONE',  ( 11.44894849797545611, 121.0059670551347750, 42.76491364505290704 ) ) ;
#1792 = LINE ( 'NONE', #145, #2166 ) ;
#1793 = LINE ( 'NONE', #3088, #662 ) ;
#1794 = CARTESIAN_POINT ( 'NONE',  ( -0.000000000000000000, 31.30596112700797917, 42.76491364505290704 ) ) ;
#1795 = EDGE_CURVE ( 'NONE', #4362, #4624, #2106, .T. ) ;
#1796 = CIRCLE ( 'NONE', #5402, 5.500000000000001776 ) ;
#1797 = ORIENTED_EDGE ( 'NONE', *, *, #5201, .F. ) ;
#1798 = AXIS2_PLACEMENT_3D ( 'NONE', #1848, #703, #6923 ) ;
#1799 = ORIENTED_EDGE ( 'NONE', *, *, #6222, .F. ) ;
#1800 = EDGE_CURVE ( 'NONE', #6267, #5344, #1286, .T. ) ;
#1801 = CARTESIAN_POINT ( 'NONE',  ( 9.098948465071334368, 74.60596705513523830, 41.76491364505290704 ) ) ;
#1802 = ORIENTED_EDGE ( 'NONE', *, *, #1458, .F. ) ;
#1803 = VECTOR ( 'NONE', #6676, 1000.000000000000000 ) ;
#1804 = CYLINDRICAL_SURFACE ( 'NONE', #4393, 2.000000000000001776 ) ;
#1805 = AXIS2_PLACEMENT_3D ( 'NONE', #3940, #6162, #653 ) ;
#1806 = CARTESIAN_POINT ( 'NONE',  ( 9.098948465071329039, 122.1059670551352383, 41.26491364505290704 ) ) ;
#1807 = EDGE_CURVE ( 'NONE', #4028, #4918, #1220, .T. ) ;
#1808 = APPLICATION_CONTEXT ( 'automotive_design' ) ;
#1809 = ORIENTED_EDGE ( 'NONE', *, *, #706, .F. ) ;
#1810 = CARTESIAN_POINT ( 'NONE',  ( 6.870347411449627018, 30.83430360047170993, 40.26491364505289994 ) ) ;
#1811 = ORIENTED_EDGE ( 'NONE', *, *, #345, .T. ) ;
#1812 = AXIS2_PLACEMENT_3D ( 'NONE', #704, #2252, #2874 ) ;
#1813 = CARTESIAN_POINT ( 'NONE',  ( 37.72218489822246568, 48.69380593142552982, 38.26491364505291415 ) ) ;
#1814 = DIRECTION ( 'NONE',  ( 0.000000000000000000, -0.000000000000000000, 1.000000000000000000 ) ) ;
#1815 = ORIENTED_EDGE ( 'NONE', *, *, #232, .F. ) ;
#1816 = CARTESIAN_POINT ( 'NONE',  ( 9.118439722611954679, 30.59796963394071057, 37.15632786135780208 ) ) ;
#1817 = DIRECTION ( 'NONE',  ( -0.000000000000000000, 1.000000000000000000, 0.000000000000000000 ) ) ;
#1818 = EDGE_CURVE ( 'NONE', #1949, #1636, #3496, .T. ) ;
#1819 = EDGE_CURVE ( 'NONE', #6774, #4113, #3190, .T. ) ;
#1820 = VECTOR ( 'NONE', #410, 1000.000000000000000 ) ;
#1821 = AXIS2_PLACEMENT_3D ( 'NONE', #6203, #1846, #1911 ) ;
#1822 = CARTESIAN_POINT ( 'NONE',  ( 20.94894849797543301, 25.00596112700795715, 41.26491364505290704 ) ) ;
#1823 = VERTEX_POINT ( 'NONE', #6776 ) ;
#1824 = DIRECTION ( 'NONE',  ( 0.000000000000000000, -1.000000000000000000, -0.000000000000000000 ) ) ;
#1825 = ORIENTED_EDGE ( 'NONE', *, *, #7157, .F. ) ;
#1826 = VECTOR ( 'NONE', #4726, 1000.000000000000114 ) ;
#1827 = ORIENTED_EDGE ( 'NONE', *, *, #232, .T. ) ;
#1828 = ORIENTED_EDGE ( 'NONE', *, *, #4237, .F. ) ;
#1829 = LINE ( 'NONE', #3998, #5139 ) ;
#1830 = CARTESIAN_POINT ( 'NONE',  ( 6.698948465071336678, 122.1059670551352383, 41.76491364505290704 ) ) ;
#1831 = CIRCLE ( 'NONE', #3672, 0.5000000000000004441 ) ;
#1832 = VECTOR ( 'NONE', #6140, 1000.000000000000000 ) ;
#1833 = ORIENTED_EDGE ( 'NONE', *, *, #6362, .T. ) ;
#1834 = VERTEX_POINT ( 'NONE', #1801 ) ;
#1835 = CARTESIAN_POINT ( 'NONE',  ( 8.598948465071330816, 18.40596112700797349, 40.26491364505290704 ) ) ;
#1836 = ORIENTED_EDGE ( 'NONE', *, *, #5173, .F. ) ;
#1837 = VECTOR ( 'NONE', #26, 1000.000000000000000 ) ;
#1838 = CARTESIAN_POINT ( 'NONE',  ( 23.11959897052462409, 111.5059670551350592, 29.26491364505290704 ) ) ;
#1839 = DIRECTION ( 'NONE',  ( -1.000000000000000000, 0.000000000000000000, 0.000000000000000000 ) ) ;
#1840 = ORIENTED_EDGE ( 'NONE', *, *, #2009, .T. ) ;
#1841 = EDGE_CURVE ( 'NONE', #5942, #1603, #1254, .T. ) ;
#1842 = CARTESIAN_POINT ( 'NONE',  ( 5.124320873147103939, 31.39736247098600330, 40.26491364505289283 ) ) ;
#1843 = ORIENTED_EDGE ( 'NONE', *, *, #6498, .T. ) ;
#1844 = EDGE_CURVE ( 'NONE', #858, #2275, #5849, .T. ) ;
#1845 = DIRECTION ( 'NONE',  ( -1.000000000000000000, 0.000000000000000000, 0.000000000000000000 ) ) ;
#1846 = DIRECTION ( 'NONE',  ( 0.000000000000000000, 0.000000000000000000, -1.000000000000000000 ) ) ;
#1847 = VERTEX_POINT ( 'NONE', #6846 ) ;
#1848 = CARTESIAN_POINT ( 'NONE',  ( 23.11959897052457080, 33.50596112700796425, 23.76491364505291415 ) ) ;
#1849 = DIRECTION ( 'NONE',  ( -0.000000000000000000, 0.000000000000000000, -1.000000000000000000 ) ) ;
#1850 = DIRECTION ( 'NONE',  ( -1.000000000000000000, 6.308085367188390241E-16, 0.000000000000000000 ) ) ;
#1851 = EDGE_CURVE ( 'NONE', #1636, #5021, #3882, .T. ) ;
#1852 = CARTESIAN_POINT ( 'NONE',  ( 38.22821087186872546, 73.78087556108515344, 38.14189168660644214 ) ) ;
#1853 = AXIS2_PLACEMENT_3D ( 'NONE', #5204, #250, #2482 ) ;
#1854 = EDGE_CURVE ( 'NONE', #1859, #1913, #893, .T. ) ;
#1855 = ORIENTED_EDGE ( 'NONE', *, *, #2656, .F. ) ;
#1856 = DIRECTION ( 'NONE',  ( 0.000000000000000000, 0.000000000000000000, -1.000000000000000000 ) ) ;
#1857 = VERTEX_POINT ( 'NONE', #2557 ) ;
#1858 = ORIENTED_EDGE ( 'NONE', *, *, #1875, .T. ) ;
#1859 = VERTEX_POINT ( 'NONE', #6513 ) ;
#1860 = CYLINDRICAL_SURFACE ( 'NONE', #3864, 0.5000000000000004441 ) ;
#1861 = CARTESIAN_POINT ( 'NONE',  ( 6.908435142819881136, 30.95426180172567143, 40.04985783004748612 ) ) ;
#1862 = CARTESIAN_POINT ( 'NONE',  ( 38.29742050997626279, 46.59356797042041620, 39.26491364505291415 ) ) ;
#1863 = ORIENTED_EDGE ( 'NONE', *, *, #7133, .F. ) ;
#1864 = ORIENTED_EDGE ( 'NONE', *, *, #6501, .T. ) ;
#1865 = DIRECTION ( 'NONE',  ( -6.308085367188390241E-16, -1.000000000000000000, -1.221322793807759193E-32 ) ) ;
#1866 = ORIENTED_EDGE ( 'NONE', *, *, #819, .T. ) ;
#1867 = DIRECTION ( 'NONE',  ( -0.000000000000000000, -0.000000000000000000, 1.000000000000000000 ) ) ;
#1868 = CARTESIAN_POINT ( 'NONE',  ( 38.48221257168381726, 29.83535068040611193, 40.26491364505361048 ) ) ;
#1869 = ORIENTED_EDGE ( 'NONE', *, *, #3173, .F. ) ;
#1870 = CARTESIAN_POINT ( 'NONE',  ( 4.940433917715910894, 32.32281474604356930, 39.52266706173877253 ) ) ;
#1871 = VERTEX_POINT ( 'NONE', #3104 ) ;
#1872 = DIRECTION ( 'NONE',  ( -0.000000000000000000, 1.000000000000000000, 0.000000000000000000 ) ) ;
#1873 = CARTESIAN_POINT ( 'NONE',  ( 37.19894853087959774, 124.6059670551352241, 42.76491364505290704 ) ) ;
#1874 = ORIENTED_EDGE ( 'NONE', *, *, #6820, .F. ) ;
#1875 = EDGE_CURVE ( 'NONE', #3056, #1012, #6400, .T. ) ;
#1876 = DIRECTION ( 'NONE',  ( 0.000000000000000000, 0.000000000000000000, 1.000000000000000000 ) ) ;
#1877 = DIRECTION ( 'NONE',  ( 0.000000000000000000, 0.000000000000000000, -1.000000000000000000 ) ) ;
#1878 = DIRECTION ( 'NONE',  ( -1.000000000000000000, -4.625929269271481378E-15, 0.000000000000000000 ) ) ;
#1879 = EDGE_CURVE ( 'NONE', #6879, #4953, #762, .T. ) ;
#1880 = CARTESIAN_POINT ( 'NONE',  ( 37.83737647145563443, 73.58452996654503409, 38.86508023047272076 ) ) ;
#1881 = DIRECTION ( 'NONE',  ( -1.000000000000000000, 0.000000000000000000, -0.000000000000000000 ) ) ;
#1882 = ORIENTED_EDGE ( 'NONE', *, *, #3838, .T. ) ;
#1883 = DIRECTION ( 'NONE',  ( -1.000000000000000000, 6.308085367188390241E-16, 0.000000000000000000 ) ) ;
#1884 = ORIENTED_EDGE ( 'NONE', *, *, #3977, .F. ) ;
#1885 = AXIS2_PLACEMENT_3D ( 'NONE', #3876, #99, #60 ) ;
#1886 =( NAMED_UNIT ( * ) PLANE_ANGLE_UNIT ( ) SI_UNIT ( $, .RADIAN. ) );
#1887 = EDGE_CURVE ( 'NONE', #6511, #5704, #3029, .T. ) ;
#1888 = ORIENTED_EDGE ( 'NONE', *, *, #1671, .F. ) ;
#1889 = CIRCLE ( 'NONE', #1783, 0.5000000000000004441 ) ;
#1890 = ORIENTED_EDGE ( 'NONE', *, *, #3433, .F. ) ;
#1891 = DIRECTION ( 'NONE',  ( 0.000000000000000000, 0.000000000000000000, 1.000000000000000000 ) ) ;
#1892 = LINE ( 'NONE', #2990, #1135 ) ;
#1893 = DIRECTION ( 'NONE',  ( -1.000000000000000000, 0.000000000000000000, 0.000000000000000000 ) ) ;
#1894 = AXIS2_PLACEMENT_3D ( 'NONE', #2340, #5573, #4985 ) ;
#1895 = ADVANCED_FACE ( 'NONE', ( #5235 ), #4298, .T. ) ;
#1896 = EDGE_CURVE ( 'NONE', #270, #2748, #281, .T. ) ;
#1897 = ORIENTED_EDGE ( 'NONE', *, *, #5890, .T. ) ;
#1898 = ORIENTED_EDGE ( 'NONE', *, *, #44, .F. ) ;
#1899 = VECTOR ( 'NONE', #2878, 1000.000000000000000 ) ;
#1900 = DIRECTION ( 'NONE',  ( 1.000000000000000000, -9.156478491488224274E-14, 0.000000000000000000 ) ) ;
#1901 = ORIENTED_EDGE ( 'NONE', *, *, #408, .T. ) ;
#1902 = DIRECTION ( 'NONE',  ( -1.000000000000000000, 0.000000000000000000, 6.308085367188391227E-16 ) ) ;
#1903 = CARTESIAN_POINT ( 'NONE',  ( 37.11496459031491213, 30.02306746361293932, 40.26491364505297099 ) ) ;
#1904 = VECTOR ( 'NONE', #5764, 1000.000000000000000 ) ;
#1905 = CIRCLE ( 'NONE', #1327, 0.5000000000000004441 ) ;
#1906 = ORIENTED_EDGE ( 'NONE', *, *, #3995, .T. ) ;
#1907 = CARTESIAN_POINT ( 'NONE',  ( 5.345398771689697348, 31.59700743585936067, 39.56931382092988514 ) ) ;
#1908 = VERTEX_POINT ( 'NONE', #2480 ) ;
#1909 = LINE ( 'NONE', #6852, #851 ) ;
#1910 = VECTOR ( 'NONE', #5553, 1000.000000000000000 ) ;
#1911 = DIRECTION ( 'NONE',  ( -1.000000000000000000, 0.000000000000000000, 0.000000000000000000 ) ) ;
#1912 = CIRCLE ( 'NONE', #197, 0.5000000000000004441 ) ;
#1913 = VERTEX_POINT ( 'NONE', #3142 ) ;
#1914 = DIRECTION ( 'NONE',  ( -0.8669063030575351325, 0.000000000000000000, -0.4984711242580830981 ) ) ;
#1915 = CARTESIAN_POINT ( 'NONE',  ( 11.62119991700592969, 109.5059670551350592, 31.28596052318587795 ) ) ;
#1916 = CARTESIAN_POINT ( 'NONE',  ( 7.198948465071252301, 30.86591882637201678, 39.49457352664565235 ) ) ;
#1917 = CARTESIAN_POINT ( 'NONE',  ( 0.000000000000000000, 126.5059670551352298, 40.26491364505290704 ) ) ;
#1918 = AXIS2_PLACEMENT_3D ( 'NONE', #3203, #6535, #1032 ) ;
#1919 = EDGE_CURVE ( 'NONE', #5782, #6517, #6913, .T. ) ;
#1920 = AXIS2_PLACEMENT_3D ( 'NONE', #4208, #1027, #2612 ) ;
#1921 = EDGE_CURVE ( 'NONE', #2997, #2509, #4149, .T. ) ;
#1922 = CARTESIAN_POINT ( 'NONE',  ( 6.809043434434163267, 30.02297082621256408, 36.16040071208115592 ) ) ;
#1923 = CARTESIAN_POINT ( 'NONE',  ( 21.94894849797543301, 22.50596112700796425, 42.76491364505290704 ) ) ;
#1924 = ORIENTED_EDGE ( 'NONE', *, *, #4108, .F. ) ;
#1925 = FACE_OUTER_BOUND ( 'NONE', #6153, .T. ) ;
#1926 = VECTOR ( 'NONE', #478, 1000.000000000000000 ) ;
#1927 = ORIENTED_EDGE ( 'NONE', *, *, #4771, .F. ) ;
#1928 = EDGE_CURVE ( 'NONE', #4452, #858, #3633, .T. ) ;
#1929 = CIRCLE ( 'NONE', #321, 0.5000000000000004441 ) ;
#1930 = EDGE_LOOP ( 'NONE', ( #2517, #812, #2441, #1306 ) ) ;
#1931 = ORIENTED_EDGE ( 'NONE', *, *, #1150, .F. ) ;
#1932 = DIRECTION ( 'NONE',  ( 3.469446694862101795E-16, 1.000000000000000000, 0.000000000000000000 ) ) ;
#1933 = EDGE_CURVE ( 'NONE', #1319, #3050, #4267, .T. ) ;
#1934 = DIRECTION ( 'NONE',  ( -0.000000000000000000, -1.000000000000000000, -0.000000000000000000 ) ) ;
#1935 = AXIS2_PLACEMENT_3D ( 'NONE', #6863, #4573, #1883 ) ;
#1936 = FACE_OUTER_BOUND ( 'NONE', #3271, .T. ) ;
#1937 = ORIENTED_EDGE ( 'NONE', *, *, #2072, .T. ) ;
#1938 = ORIENTED_EDGE ( 'NONE', *, *, #483, .F. ) ;
#1939 = VECTOR ( 'NONE', #555, 1000.000000000000000 ) ;
#1940 = EDGE_CURVE ( 'NONE', #6204, #92, #4772, .T. ) ;
#1941 = EDGE_CURVE ( 'NONE', #5234, #3678, #5346, .T. ) ;
#1942 = DIRECTION ( 'NONE',  ( 1.000000000000000000, -6.308085367188390241E-16, 0.000000000000000000 ) ) ;
#1943 = EDGE_LOOP ( 'NONE', ( #5991, #5692, #6910, #3576, #5130, #1745, #6895 ) ) ;
#1944 = LINE ( 'NONE', #5854, #4626 ) ;
#1945 = FACE_OUTER_BOUND ( 'NONE', #7173, .T. ) ;
#1946 = AXIS2_PLACEMENT_3D ( 'NONE', #3468, #5138, #6338 ) ;
#1947 = ORIENTED_EDGE ( 'NONE', *, *, #188, .F. ) ;
#1948 = CARTESIAN_POINT ( 'NONE',  ( 37.31741583433208120, 112.9621188729975358, 40.26491364505296389 ) ) ;
#1949 = VERTEX_POINT ( 'NONE', #2010 ) ;
#1950 = SPHERICAL_SURFACE ( 'NONE', #5026, 0.5000000000000000000 ) ;
#1951 = AXIS2_PLACEMENT_3D ( 'NONE', #3536, #437, #5275 ) ;
#1952 = DIRECTION ( 'NONE',  ( -1.000000000000000000, 9.089951014118087997E-14, 1.563499775122000228E-13 ) ) ;
#1953 = CARTESIAN_POINT ( 'NONE',  ( 5.864506208910449381, 112.6181014438309660, 40.26491364505289994 ) ) ;
#1954 = FACE_OUTER_BOUND ( 'NONE', #826, .T. ) ;
#1955 = DIRECTION ( 'NONE',  ( 0.000000000000000000, 0.000000000000000000, 1.000000000000000000 ) ) ;
#1956 = FACE_OUTER_BOUND ( 'NONE', #1169, .T. ) ;
#1957 = VECTOR ( 'NONE', #6380, 1000.000000000000000 ) ;
#1958 = CARTESIAN_POINT ( 'NONE',  ( 6.477553502119358875, 30.65367171912794930, 36.73690494219466274 ) ) ;
#1959 = LINE ( 'NONE', #3082, #2278 ) ;
#1960 = EDGE_LOOP ( 'NONE', ( #4287, #5789, #6281, #6314 ) ) ;
#1961 = PLANE ( 'NONE',  #1935 ) ;
#1962 = AXIS2_PLACEMENT_3D ( 'NONE', #4077, #5715, #5815 ) ;
#1963 = VERTEX_POINT ( 'NONE', #2084 ) ;
#1964 = DIRECTION ( 'NONE',  ( 5.204171026055666413E-15, -1.000000000000000000, 0.000000000000000000 ) ) ;
#1965 = VECTOR ( 'NONE', #5779, 1000.000000000000000 ) ;
#1966 = ORIENTED_EDGE ( 'NONE', *, *, #2920, .T. ) ;
#1967 = ORIENTED_EDGE ( 'NONE', *, *, #5863, .F. ) ;
#1968 = CARTESIAN_POINT ( 'NONE',  ( 12.94894849797540992, 31.50596112700797136, 34.38948260544476199 ) ) ;
#1969 = CARTESIAN_POINT ( 'NONE',  ( 7.146551603551857035, 30.86866082032178582, 39.79614380860746792 ) ) ;
#1970 = CARTESIAN_POINT ( 'NONE',  ( 2.507839966437895415E-14, 31.50596112700797846, 22.26491364505289638 ) ) ;
#1971 = EDGE_CURVE ( 'NONE', #2798, #6701, #3588, .T. ) ;
#1972 = AXIS2_PLACEMENT_3D ( 'NONE', #3595, #1354, #5743 ) ;
#1973 = CARTESIAN_POINT ( 'NONE',  ( 10.94894849797509195, 33.50596112700797846, 34.38948260544476199 ) ) ;
#1974 = EDGE_CURVE ( 'NONE', #818, #6008, #4579, .T. ) ;
#1975 = ORIENTED_EDGE ( 'NONE', *, *, #3529, .T. ) ;
#1976 = ORIENTED_EDGE ( 'NONE', *, *, #649, .F. ) ;
#1977 = ADVANCED_FACE ( 'NONE', ( #4808 ), #6478, .F. ) ;
#1978 = FACE_OUTER_BOUND ( 'NONE', #965, .T. ) ;
#1979 = ORIENTED_EDGE ( 'NONE', *, *, #3618, .F. ) ;
#1980 = CARTESIAN_POINT ( 'NONE',  ( 33.91289214232718763, 16.50596112700797136, 40.26491364505290704 ) ) ;
#1981 = CARTESIAN_POINT ( 'NONE',  ( 25.44894849797541525, 33.50596112700796425, 34.38948260544476199 ) ) ;
#1982 = CARTESIAN_POINT ( 'NONE',  ( 37.18562192259464183, 113.5232743672335545, 40.26491364505296389 ) ) ;
#1983 = ADVANCED_FACE ( 'NONE', ( #1978 ), #4848, .F. ) ;
#1984 = ORIENTED_EDGE ( 'NONE', *, *, #659, .F. ) ;
#1985 = CARTESIAN_POINT ( 'NONE',  ( 7.448948465071308256, 75.10596705513523830, 41.76491364505290704 ) ) ;
#1986 = LINE ( 'NONE', #530, #2286 ) ;
#1987 = CARTESIAN_POINT ( 'NONE',  ( 6.383786499617385424, 112.9039677876766348, 40.26491364505289994 ) ) ;
#1988 = DIRECTION ( 'NONE',  ( 0.4138029443011834729, 0.000000000000000000, 0.9103664774626051281 ) ) ;
#1989 = DIRECTION ( 'NONE',  ( -0.000000000000000000, -0.000000000000000000, 1.000000000000000000 ) ) ;
#1990 = CARTESIAN_POINT ( 'NONE',  ( 0.000000000000000000, 125.6059671700671174, 40.26491364505290704 ) ) ;
#1991 = CARTESIAN_POINT ( 'NONE',  ( 32.94894849797543657, 59.50596112700796425, 41.26491364505290704 ) ) ;
#1992 = ORIENTED_EDGE ( 'NONE', *, *, #6046, .F. ) ;
#1993 = DIRECTION ( 'NONE',  ( 1.084202172485504187E-16, -1.000000000000000000, 0.000000000000000000 ) ) ;
#1994 = ORIENTED_EDGE ( 'NONE', *, *, #2329, .T. ) ;
#1995 = CARTESIAN_POINT ( 'NONE',  ( 11.27063508635850297, 29.50596112700796780, 35.05641904764748773 ) ) ;
#1996 = CARTESIAN_POINT ( 'NONE',  ( 20.77829802542630233, 109.5059670551350592, 21.76491364505290704 ) ) ;
#1997 = ORIENTED_EDGE ( 'NONE', *, *, #6956, .F. ) ;
#1998 = LINE ( 'NONE', #4212, #6986 ) ;
#1999 = DIRECTION ( 'NONE',  ( -1.000000000000000000, 0.000000000000000000, 0.000000000000000000 ) ) ;
#2000 = COLOUR_RGB ( '',0.7921568627450980005, 0.8196078431372548767, 0.9333333333333333481 ) ;
#2001 = DIRECTION ( 'NONE',  ( 1.000000000000000000, 0.000000000000000000, 0.000000000000000000 ) ) ;
#2002 = CARTESIAN_POINT ( 'NONE',  ( 31.44894849797543657, 23.00596112700796425, 41.76491364505290704 ) ) ;
#2003 = VERTEX_POINT ( 'NONE', #2270 ) ;
#2004 = DIRECTION ( 'NONE',  ( 1.000000000000000000, 0.000000000000000000, 0.000000000000000000 ) ) ;
#2005 = DIRECTION ( 'NONE',  ( -0.000000000000000000, 0.000000000000000000, 1.000000000000000000 ) ) ;
#2006 = AXIS2_PLACEMENT_3D ( 'NONE', #234, #3584, #4646 ) ;
#2007 = EDGE_CURVE ( 'NONE', #4979, #4327, #1912, .T. ) ;
#2008 = ORIENTED_EDGE ( 'NONE', *, *, #4418, .F. ) ;
#2009 = EDGE_CURVE ( 'NONE', #4740, #1074, #2666, .T. ) ;
#2010 = CARTESIAN_POINT ( 'NONE',  ( 13.24035607321161834, 16.50596112700797136, 42.76491364505290704 ) ) ;
#2011 = ORIENTED_EDGE ( 'NONE', *, *, #5928, .F. ) ;
#2012 = CARTESIAN_POINT ( 'NONE',  ( 37.72218489822247278, 63.17725764581911818, 38.76491364505291415 ) ) ;
#2013 = CARTESIAN_POINT ( 'NONE',  ( 39.01813804975126487, 62.17725764581896897, 39.51567808292392670 ) ) ;
#2014 = CARTESIAN_POINT ( 'NONE',  ( 38.58468489822249126, 30.76109223198669795, 40.26491364505297810 ) ) ;
#2015 = VECTOR ( 'NONE', #3057, 1000.000000000000000 ) ;
#2016 = ORIENTED_EDGE ( 'NONE', *, *, #2313, .F. ) ;
#2017 = CARTESIAN_POINT ( 'NONE',  ( 6.717657192521556908, 113.4831586063284163, 39.72738039751208561 ) ) ;
#2018 = CYLINDRICAL_SURFACE ( 'NONE', #4858, 0.4999999999999995559 ) ;
#2019 = DIRECTION ( 'NONE',  ( 1.000000000000000000, 4.163336342344333871E-15, -0.000000000000000000 ) ) ;
#2020 = DIRECTION ( 'NONE',  ( -0.8669063030575356876, 0.000000000000000000, 0.4984711242580819879 ) ) ;
#2021 = VECTOR ( 'NONE', #6481, 1000.000000000000114 ) ;
#2022 = CIRCLE ( 'NONE', #3753, 0.5000000000000004441 ) ;
#2023 = CARTESIAN_POINT ( 'NONE',  ( 10.94894849797540992, 109.5059670551350735, 41.76491364505290704 ) ) ;
#2024 = EDGE_LOOP ( 'NONE', ( #2074, #7120, #5554, #4615, #871, #1768, #5413, #6766 ) ) ;
#2025 = EDGE_CURVE ( 'NONE', #4327, #3129, #1223, .T. ) ;
#2026 = DIRECTION ( 'NONE',  ( 0.000000000000000000, 0.000000000000000000, -1.000000000000000000 ) ) ;
#2027 = ADVANCED_FACE ( 'NONE', ( #73 ), #3892, .F. ) ;
#2028 = ORIENTED_EDGE ( 'NONE', *, *, #3739, .T. ) ;
#2029 = DIRECTION ( 'NONE',  ( -1.000000000000000000, 0.000000000000000000, -0.000000000000000000 ) ) ;
#2030 = VECTOR ( 'NONE', #5014, 1000.000000000000000 ) ;
#2031 = AXIS2_PLACEMENT_3D ( 'NONE', #5168, #2417, #4627 ) ;
#2032 = LINE ( 'NONE', #7078, #333 ) ;
#2033 = VERTEX_POINT ( 'NONE', #4950 ) ;
#2034 = ORIENTED_EDGE ( 'NONE', *, *, #3392, .F. ) ;
#2035 = AXIS2_PLACEMENT_3D ( 'NONE', #1782, #709, #5118 ) ;
#2036 = DIRECTION ( 'NONE',  ( -1.000000000000000000, 0.000000000000000000, 0.000000000000000000 ) ) ;
#2037 = VECTOR ( 'NONE', #1691, 1000.000000000000000 ) ;
#2038 = CARTESIAN_POINT ( 'NONE',  ( 9.118439722611954679, 30.59796963394071057, 37.15632786135780208 ) ) ;
#2039 = DIRECTION ( 'NONE',  ( -0.000000000000000000, -0.000000000000000000, 1.000000000000000000 ) ) ;
#2040 = ORIENTED_EDGE ( 'NONE', *, *, #6484, .T. ) ;
#2041 = DIRECTION ( 'NONE',  ( 0.000000000000000000, 0.000000000000000000, 1.000000000000000000 ) ) ;
#2042 = LINE ( 'NONE', #5455, #6614 ) ;
#2043 = VECTOR ( 'NONE', #5691, 1000.000000000000000 ) ;
#2044 = ORIENTED_EDGE ( 'NONE', *, *, #5466, .T. ) ;
#2045 = ORIENTED_EDGE ( 'NONE', *, *, #7160, .T. ) ;
#2046 = VECTOR ( 'NONE', #4322, 1000.000000000000000 ) ;
#2047 = B_SPLINE_CURVE_WITH_KNOTS ( 'NONE', 3,
 ( #3906, #1058, #3290, #4965, #6167, #2285 ),
 .UNSPECIFIED., .F., .F.,
 ( 4, 2, 4 ),
 ( 0.000000000000000000, 0.0004129132480556433498, 0.0008258264961112866996 ),
 .UNSPECIFIED. ) ;
#2048 = CARTESIAN_POINT ( 'NONE',  ( 34.79894853087962758, 74.60596705513525251, 42.76491364505290704 ) ) ;
#2049 = FACE_OUTER_BOUND ( 'NONE', #890, .T. ) ;
#2050 = EDGE_CURVE ( 'NONE', #5502, #1189, #2157, .T. ) ;
#2051 = DIRECTION ( 'NONE',  ( 0.000000000000000000, 0.000000000000000000, 1.000000000000000000 ) ) ;
#2052 = EDGE_CURVE ( 'NONE', #4769, #6303, #5966, .T. ) ;
#2053 = CYLINDRICAL_SURFACE ( 'NONE', #5773, 0.5000000000000004441 ) ;
#2054 = AXIS2_PLACEMENT_3D ( 'NONE', #3449, #5567, #5598 ) ;
#2055 = ORIENTED_EDGE ( 'NONE', *, *, #6745, .T. ) ;
#2056 = CARTESIAN_POINT ( 'NONE',  ( 5.569157109032658148, 112.9888129067299616, 39.59508791262339855 ) ) ;
#2057 = VECTOR ( 'NONE', #2133, 1000.000000000000000 ) ;
#2058 = DIRECTION ( 'NONE',  ( -1.000000000000000000, 0.000000000000000000, 0.000000000000000000 ) ) ;
#2059 = CARTESIAN_POINT ( 'NONE',  ( 11.09894846507153687, 25.11591931483222240, 42.76491364505290704 ) ) ;
#2060 = EDGE_CURVE ( 'NONE', #5021, #2364, #1152, .T. ) ;
#2061 = ORIENTED_EDGE ( 'NONE', *, *, #3919, .F. ) ;
#2062 = EDGE_CURVE ( 'NONE', #5169, #4051, #5424, .T. ) ;
#2063 = AXIS2_PLACEMENT_3D ( 'NONE', #296, #4606, #6858 ) ;
#2064 = LINE ( 'NONE', #911, #3281 ) ;
#2065 = CARTESIAN_POINT ( 'NONE',  ( 10.94894849797495340, -4.558415519207552897E-14, 42.76491364505290704 ) ) ;
#2066 = ORIENTED_EDGE ( 'NONE', *, *, #830, .F. ) ;
#2067 = CARTESIAN_POINT ( 'NONE',  ( 25.69894853087959063, 113.0059670551349029, 42.76491364505290704 ) ) ;
#2068 = ORIENTED_EDGE ( 'NONE', *, *, #5132, .T. ) ;
#2069 = CARTESIAN_POINT ( 'NONE',  ( 34.29894853087961337, 122.1059670551352525, 42.76491364505290704 ) ) ;
#2070 = DIRECTION ( 'NONE',  ( 0.000000000000000000, -0.000000000000000000, -1.000000000000000000 ) ) ;
#2071 = ADVANCED_FACE ( 'NONE', ( #7092 ), #5460, .T. ) ;
#2072 = EDGE_CURVE ( 'NONE', #2379, #152, #2492, .T. ) ;
#2073 = EDGE_LOOP ( 'NONE', ( #5892, #6634, #3770, #3713 ) ) ;
#2074 = ORIENTED_EDGE ( 'NONE', *, *, #4108, .T. ) ;
#2075 = CIRCLE ( 'NONE', #5780, 0.5000000000000004441 ) ;
#2076 = DIRECTION ( 'NONE',  ( -1.000000000000000000, 6.308085367188390241E-16, 0.000000000000000000 ) ) ;
#2077 = CARTESIAN_POINT ( 'NONE',  ( 38.15563804975122508, 47.09383909050607997, 38.01567808292386985 ) ) ;
#2078 = CARTESIAN_POINT ( 'NONE',  ( 9.098948465071334368, 74.60596705513523830, 42.76491364505290704 ) ) ;
#2079 = ORIENTED_EDGE ( 'NONE', *, *, #6557, .T. ) ;
#2080 = DIRECTION ( 'NONE',  ( 1.000000000000000000, -0.000000000000000000, 0.000000000000000000 ) ) ;
#2081 = EDGE_CURVE ( 'NONE', #896, #6743, #3419, .T. ) ;
#2082 = ORIENTED_EDGE ( 'NONE', *, *, #3575, .T. ) ;
#2083 = ORIENTED_EDGE ( 'NONE', *, *, #1729, .F. ) ;
#2084 = CARTESIAN_POINT ( 'NONE',  ( 32.94894849797546499, 109.5059670551350592, 34.38948260544477620 ) ) ;
#2085 = FACE_OUTER_BOUND ( 'NONE', #460, .T. ) ;
#2086 = VERTEX_POINT ( 'NONE', #1648 ) ;
#2087 = CARTESIAN_POINT ( 'NONE',  ( 38.58468489822245573, -12.80532761448481160, 39.76491364505297099 ) ) ;
#2088 = ORIENTED_EDGE ( 'NONE', *, *, #6544, .T. ) ;
#2089 = ADVANCED_FACE ( 'NONE', ( #6001 ), #1615, .F. ) ;
#2090 = CARTESIAN_POINT ( 'NONE',  ( 5.313212097743580387, 111.6834418967380316, 40.26491364505289283 ) ) ;
#2091 = DIRECTION ( 'NONE',  ( 1.000000000000000000, 0.000000000000000000, 0.000000000000000000 ) ) ;
#2092 = ORIENTED_EDGE ( 'NONE', *, *, #6501, .F. ) ;
#2093 = CARTESIAN_POINT ( 'NONE',  ( 37.19894853087962616, 113.4948093465062016, 39.90385758905928526 ) ) ;
#2094 = ADVANCED_FACE ( 'NONE', ( #4332 ), #1043, .F. ) ;
#2095 = EDGE_CURVE ( 'NONE', #2421, #6947, #6037, .T. ) ;
#2096 = DIRECTION ( 'NONE',  ( -1.000000000000000000, 6.308085367188390241E-16, -2.891205793294677833E-16 ) ) ;
#2097 = DIRECTION ( 'NONE',  ( 6.360373330387821219E-15, -1.000000000000000000, 0.000000000000000000 ) ) ;
#2098 = EDGE_LOOP ( 'NONE', ( #3416, #4148, #2112, #2587 ) ) ;
#2099 = DIRECTION ( 'NONE',  ( 1.000000000000000000, 0.000000000000000000, 0.000000000000000000 ) ) ;
#2100 = DIRECTION ( 'NONE',  ( -1.000000000000000000, 9.156478491488224274E-14, -2.135044278125296610E-15 ) ) ;
#2101 = EDGE_CURVE ( 'NONE', #4065, #3379, #532, .T. ) ;
#2102 = CARTESIAN_POINT ( 'NONE',  ( 12.24734478314322672, -12.80532761448478851, -7.042223250307372950 ) ) ;
#2103 = ORIENTED_EDGE ( 'NONE', *, *, #580, .F. ) ;
#2104 = ORIENTED_EDGE ( 'NONE', *, *, #1841, .F. ) ;
#2105 = LINE ( 'NONE', #3238, #5271 ) ;
#2106 =( BOUNDED_CURVE ( )  B_SPLINE_CURVE ( 3, ( #118, #5202, #4115, #4526 ),
 .UNSPECIFIED., .F., .F. ) 
 B_SPLINE_CURVE_WITH_KNOTS ( ( 4, 4 ),
 ( 1.771267346268150966, 3.141592653589793560 ),
 .UNSPECIFIED. ) 
 CURVE ( )  GEOMETRIC_REPRESENTATION_ITEM ( )  RATIONAL_B_SPLINE_CURVE ( ( 1.000000000000000000, 0.8495440868445791605, 0.8495440868445791605, 1.000000000000000000 ) ) 
 REPRESENTATION_ITEM ( '' )  );
#2107 = DIRECTION ( 'NONE',  ( 1.000000000000000000, 0.000000000000000000, 0.000000000000000000 ) ) ;
#2108 = DIRECTION ( 'NONE',  ( 1.000000000000000000, 0.000000000000000000, 0.000000000000000000 ) ) ;
#2109 = ORIENTED_EDGE ( 'NONE', *, *, #2007, .F. ) ;
#2110 = CARTESIAN_POINT ( 'NONE',  ( 6.698948465071291380, -1.307913153195722673E-15, 42.76491364505290704 ) ) ;
#2111 = DIRECTION ( 'NONE',  ( 1.000000000000000000, 0.000000000000000000, -0.000000000000000000 ) ) ;
#2112 = ORIENTED_EDGE ( 'NONE', *, *, #3963, .F. ) ;
#2113 = ORIENTED_EDGE ( 'NONE', *, *, #1919, .F. ) ;
#2114 = CARTESIAN_POINT ( 'NONE',  ( 38.22821087186779465, 49.19739015604950083, 38.14189168660483631 ) ) ;
#2115 = DIRECTION ( 'NONE',  ( 0.000000000000000000, 0.000000000000000000, 1.000000000000000000 ) ) ;
#2116 = EDGE_CURVE ( 'NONE', #1195, #5731, #2779, .T. ) ;
#2117 = DIRECTION ( 'NONE',  ( -1.000000000000000000, 0.000000000000000000, 0.000000000000000000 ) ) ;
#2118 = EDGE_CURVE ( 'NONE', #1651, #1660, #612, .T. ) ;
#2119 = CARTESIAN_POINT ( 'NONE',  ( 38.58644849779830110, 63.17685868478615419, 38.76491364474404833 ) ) ;
#2120 = TOROIDAL_SURFACE ( 'NONE', #3970, 1.500000000000000000, 0.5000000000000000000 ) ;
#2121 = CARTESIAN_POINT ( 'NONE',  ( 38.58468489822255520, 62.67725764581895476, 39.76491364505297099 ) ) ;
#2122 = CYLINDRICAL_SURFACE ( 'NONE', #5085, 0.5000000000000004441 ) ;
#2123 = ORIENTED_EDGE ( 'NONE', *, *, #5201, .T. ) ;
#2124 = DIRECTION ( 'NONE',  ( -0.9999998889741968933, 0.0004712235075974231845, 0.000000000000000000 ) ) ;
#2125 = CARTESIAN_POINT ( 'NONE',  ( 31.39423823123716772, 31.55393170712163808, 41.50305578037148280 ) ) ;
#2126 = CARTESIAN_POINT ( 'NONE',  ( 15.94894849797594638, 6.640083690380133511E-14, 42.76491364505290704 ) ) ;
#2127 = AXIS2_PLACEMENT_3D ( 'NONE', #3455, #4580, #1149 ) ;
#2128 = ORIENTED_EDGE ( 'NONE', *, *, #4645, .F. ) ;
#2129 = DIRECTION ( 'NONE',  ( -1.000000000000000000, -0.000000000000000000, -0.000000000000000000 ) ) ;
#2130 = CARTESIAN_POINT ( 'NONE',  ( 21.44894849797543301, 23.00596112700796425, 41.76491364505290704 ) ) ;
#2131 = CIRCLE ( 'NONE', #3746, 7.500000000000000000 ) ;
#2132 = VERTEX_POINT ( 'NONE', #4549 ) ;
#2133 = DIRECTION ( 'NONE',  ( -1.000000000000000000, 0.000000000000000000, 0.000000000000000000 ) ) ;
#2134 = CARTESIAN_POINT ( 'NONE',  ( 38.58468489822249836, 49.69339252833241716, 39.76491364505297099 ) ) ;
#2135 = CARTESIAN_POINT ( 'NONE',  ( 11.09894846507133437, 125.6059671700671174, 40.26491364505290704 ) ) ;
#2136 = AXIS2_PLACEMENT_3D ( 'NONE', #3506, #6306, #5724 ) ;
#2137 = VECTOR ( 'NONE', #3750, 1000.000000000000000 ) ;
#2138 = EDGE_LOOP ( 'NONE', ( #4755, #4625, #2931, #1039 ) ) ;
#2139 = EDGE_CURVE ( 'NONE', #3910, #1508, #3388, .T. ) ;
#2140 = VERTEX_POINT ( 'NONE', #4519 ) ;
#2141 = DIRECTION ( 'NONE',  ( -0.000000000000000000, -0.000000000000000000, 1.000000000000000000 ) ) ;
#2142 = PLANE ( 'NONE',  #7118 ) ;
#2143 = DIRECTION ( 'NONE',  ( -1.000000000000000000, 0.000000000000000000, 0.000000000000000000 ) ) ;
#2144 = AXIS2_PLACEMENT_3D ( 'NONE', #2928, #5136, #1839 ) ;
#2145 = ORIENTED_EDGE ( 'NONE', *, *, #1162, .T. ) ;
#2146 = AXIS2_PLACEMENT_3D ( 'NONE', #3353, #2230, #2194 ) ;
#2147 = CARTESIAN_POINT ( 'NONE',  ( 5.856929757118185975, 31.54428593100173828, 40.26491364505290704 ) ) ;
#2148 = CARTESIAN_POINT ( 'NONE',  ( 9.598948465071329039, 122.6059670551352383, 41.76491364505290704 ) ) ;
#2149 = EDGE_CURVE ( 'NONE', #1012, #6267, #5307, .T. ) ;
#2150 = CIRCLE ( 'NONE', #6092, 0.5000000000000004441 ) ;
#2151 = EDGE_LOOP ( 'NONE', ( #5399, #2809, #6292, #5900 ) ) ;
#2152 = VECTOR ( 'NONE', #94, 1000.000000000000000 ) ;
#2153 = EDGE_CURVE ( 'NONE', #5412, #1, #89, .T. ) ;
#2154 = ORIENTED_EDGE ( 'NONE', *, *, #5625, .F. ) ;
#2155 = DIRECTION ( 'NONE',  ( 0.000000000000000000, 0.000000000000000000, -1.000000000000000000 ) ) ;
#2156 = DIRECTION ( 'NONE',  ( -1.000000000000000000, 0.000000000000000000, 0.000000000000000000 ) ) ;
#2157 = LINE ( 'NONE', #4880, #6317 ) ;
#2158 = VECTOR ( 'NONE', #6052, 1000.000000000000000 ) ;
#2159 = DIRECTION ( 'NONE',  ( -1.000000000000000000, 0.000000000000000000, 0.000000000000000000 ) ) ;
#2160 = CARTESIAN_POINT ( 'NONE',  ( 37.72218489822247278, 47.09383909050607997, 38.76491364505291415 ) ) ;
#2161 = EDGE_LOOP ( 'NONE', ( #5819, #6386, #5499, #549 ) ) ;
#2162 = FACE_OUTER_BOUND ( 'NONE', #538, .T. ) ;
#2163 = ADVANCED_FACE ( 'NONE', ( #4756 ), #1763, .T. ) ;
#2164 = ORIENTED_EDGE ( 'NONE', *, *, #3493, .F. ) ;
#2165 = ADVANCED_FACE ( 'NONE', ( #5772 ), #271, .T. ) ;
#2166 = VECTOR ( 'NONE', #2919, 1000.000000000000000 ) ;
#2167 = CARTESIAN_POINT ( 'NONE',  ( 6.698948465071300262, 24.11591931483221884, 40.26491364505290704 ) ) ;
#2168 = DIRECTION ( 'NONE',  ( -1.000000000000000000, 0.000000000000000000, 0.000000000000000000 ) ) ;
#2169 = CIRCLE ( 'NONE', #5648, 0.5000000000000004441 ) ;
#2170 = EDGE_LOOP ( 'NONE', ( #1827, #5361, #3724, #5125 ) ) ;
#2171 = DIRECTION ( 'NONE',  ( -3.469446951953611033E-15, 0.000000000000000000, -1.000000000000000000 ) ) ;
#2172 = CARTESIAN_POINT ( 'NONE',  ( 0.000000000000000000, 60.00596112700797136, 41.26491364505290704 ) ) ;
#2173 = VECTOR ( 'NONE', #7045, 1000.000000000000000 ) ;
#2174 = DIRECTION ( 'NONE',  ( 0.000000000000000000, -1.387778780781444413E-14, -1.000000000000000000 ) ) ;
#2175 = ORIENTED_EDGE ( 'NONE', *, *, #4219, .F. ) ;
#2176 = CARTESIAN_POINT ( 'NONE',  ( 36.69894853087959063, 31.30596112700797917, 40.26491364505290704 ) ) ;
#2177 = DIRECTION ( 'NONE',  ( 6.308085367188390241E-16, 1.000000000000000000, 0.000000000000000000 ) ) ;
#2178 = CARTESIAN_POINT ( 'NONE',  ( 31.44894849797543657, 31.56946945390425086, 42.76491364505290704 ) ) ;
#2179 = CIRCLE ( 'NONE', #4961, 0.4999999999999996669 ) ;
#2180 = ORIENTED_EDGE ( 'NONE', *, *, #1081, .T. ) ;
#2181 = CARTESIAN_POINT ( 'NONE',  ( 34.29894853087964890, 9.916531869639522015E-15, 42.76491364505290704 ) ) ;
#2182 = CARTESIAN_POINT ( 'NONE',  ( 36.69894853087959774, 106.5059670551352298, 41.26491364505290704 ) ) ;
#2183 = DIRECTION ( 'NONE',  ( -0.9999998850680932305, 0.0004794411333358689228, 0.000000000000000000 ) ) ;
#2184 = DIRECTION ( 'NONE',  ( -1.000000000000000000, -0.000000000000000000, -0.000000000000000000 ) ) ;
#2185 = ORIENTED_EDGE ( 'NONE', *, *, #6996, .T. ) ;
#2186 = FACE_OUTER_BOUND ( 'NONE', #1790, .T. ) ;
#2187 = LINE ( 'NONE', #5019, #5575 ) ;
#2188 = CIRCLE ( 'NONE', #1626, 0.4999999999999996669 ) ;
#2189 = AXIS2_PLACEMENT_3D ( 'NONE', #6, #2672, #2749 ) ;
#2190 = ORIENTED_EDGE ( 'NONE', *, *, #1355, .F. ) ;
#2191 = EDGE_LOOP ( 'NONE', ( #1758, #2886, #4111, #279 ) ) ;
#2192 = DIRECTION ( 'NONE',  ( 0.000000000000000000, 0.000000000000000000, -1.000000000000000000 ) ) ;
#2193 = DIRECTION ( 'NONE',  ( -0.8669063030575352435, 0.000000000000000000, 0.4984711242580827650 ) ) ;
#2194 = DIRECTION ( 'NONE',  ( 0.000000000000000000, 0.000000000000000000, 1.000000000000000000 ) ) ;
#2195 = DIRECTION ( 'NONE',  ( 0.000000000000000000, 0.000000000000000000, -1.000000000000000000 ) ) ;
#2196 = CARTESIAN_POINT ( 'NONE',  ( 38.14690933508737913, 46.60665256119798983, 39.13403969501440827 ) ) ;
#2197 = EDGE_CURVE ( 'NONE', #1660, #3033, #6770, .T. ) ;
#2198 = VERTEX_POINT ( 'NONE', #5807 ) ;
#2199 = CARTESIAN_POINT ( 'NONE',  ( 38.92225724147897381, 112.8274971435359646, 40.26491364505160675 ) ) ;
#2200 = ORIENTED_EDGE ( 'NONE', *, *, #1261, .F. ) ;
#2201 = ORIENTED_EDGE ( 'NONE', *, *, #3026, .T. ) ;
#2202 = DIRECTION ( 'NONE',  ( -0.4984711242580827095, 2.128183344458104269E-16, -0.8669063030575352435 ) ) ;
#2203 = ORIENTED_EDGE ( 'NONE', *, *, #4157, .F. ) ;
#2204 = DIRECTION ( 'NONE',  ( -0.000000000000000000, -0.000000000000000000, 1.000000000000000000 ) ) ;
#2205 = CARTESIAN_POINT ( 'NONE',  ( 25.19894853087956221, 116.5059670551347750, 41.26491364505290704 ) ) ;
#2206 = EDGE_CURVE ( 'NONE', #2946, #206, #1793, .T. ) ;
#2207 = AXIS2_PLACEMENT_3D ( 'NONE', #6509, #4218, #491 ) ;
#2208 = ORIENTED_EDGE ( 'NONE', *, *, #630, .F. ) ;
#2209 = CYLINDRICAL_SURFACE ( 'NONE', #3908, 0.5000000000000022204 ) ;
#2210 = ADVANCED_FACE ( 'NONE', ( #4098 ), #809, .F. ) ;
#2211 = DIRECTION ( 'NONE',  ( -1.000000000000000000, 0.000000000000000000, 0.000000000000000000 ) ) ;
#2212 = DIRECTION ( 'NONE',  ( -1.000000000000000000, 3.522281157729884820E-16, 0.000000000000000000 ) ) ;
#2213 = VERTEX_POINT ( 'NONE', #2852 ) ;
#2214 = CARTESIAN_POINT ( 'NONE',  ( 30.45596412401974362, 33.50596112700795715, 32.11356641178826266 ) ) ;
#2215 = DIRECTION ( 'NONE',  ( -0.000000000000000000, -0.000000000000000000, -1.000000000000000000 ) ) ;
#2216 = EDGE_CURVE ( 'NONE', #4874, #1221, #5063, .T. ) ;
#2217 = EDGE_CURVE ( 'NONE', #2281, #1389, #1418, .T. ) ;
#2218 = CARTESIAN_POINT ( 'NONE',  ( 33.19894853087974695, 113.0059670551349171, 42.76491364505290704 ) ) ;
#2219 = VERTEX_POINT ( 'NONE', #2311 ) ;
#2220 = CARTESIAN_POINT ( 'NONE',  ( 37.19894853087943432, 29.53148130165038410, 39.72522539197138514 ) ) ;
#2221 = FACE_OUTER_BOUND ( 'NONE', #913, .T. ) ;
#2222 = CARTESIAN_POINT ( 'NONE',  ( 15.44894849797544190, 121.5059670551347750, 42.76491364505290704 ) ) ;
#2223 = DIRECTION ( 'NONE',  ( -1.000000000000000000, 1.156482317317771421E-14, 0.000000000000000000 ) ) ;
#2224 = ORIENTED_EDGE ( 'NONE', *, *, #5373, .F. ) ;
#2225 = DIRECTION ( 'NONE',  ( 0.4138029443011836950, -2.610304297845769223E-16, -0.9103664774626049061 ) ) ;
#2226 = VERTEX_POINT ( 'NONE', #2469 ) ;
#2227 = VERTEX_POINT ( 'NONE', #6896 ) ;
#2228 = DIRECTION ( 'NONE',  ( 0.000000000000000000, 0.000000000000000000, 1.000000000000000000 ) ) ;
#2229 = LINE ( 'NONE', #1762, #5284 ) ;
#2230 = DIRECTION ( 'NONE',  ( -0.000000000000000000, 1.000000000000000000, 0.000000000000000000 ) ) ;
#2231 = CARTESIAN_POINT ( 'NONE',  ( 12.09894846507153865, 30.00596112700797136, 40.26491364505290704 ) ) ;
#2232 = LINE ( 'NONE', #3319, #88 ) ;
#2233 = ORIENTED_EDGE ( 'NONE', *, *, #1311, .F. ) ;
#2234 = ADVANCED_FACE ( 'NONE', ( #3964 ), #6049, .T. ) ;
#2235 = CARTESIAN_POINT ( 'NONE',  ( 23.11959897052457436, 33.50596112700796425, 29.26491364505290704 ) ) ;
#2236 = ORIENTED_EDGE ( 'NONE', *, *, #3660, .T. ) ;
#2237 = ORIENTED_EDGE ( 'NONE', *, *, #3838, .F. ) ;
#2238 = AXIS2_PLACEMENT_3D ( 'NONE', #2297, #3916, #6174 ) ;
#2239 = DIRECTION ( 'NONE',  ( -1.000000000000000000, 0.000000000000000000, 0.000000000000000000 ) ) ;
#2240 = ORIENTED_EDGE ( 'NONE', *, *, #507, .T. ) ;
#2241 = DIRECTION ( 'NONE',  ( -1.000000000000000000, -0.000000000000000000, -0.000000000000000000 ) ) ;
#2242 = DIRECTION ( 'NONE',  ( -1.000000000000000000, 0.000000000000000000, 0.000000000000000000 ) ) ;
#2243 = VERTEX_POINT ( 'NONE', #414 ) ;
#2244 = ADVANCED_FACE ( 'NONE', ( #7077 ), #7147, .T. ) ;
#2245 = DIRECTION ( 'NONE',  ( -0.4984711242580834867, 0.000000000000000000, 0.8669063030575349105 ) ) ;
#2246 = AXIS2_PLACEMENT_3D ( 'NONE', #6680, #4461, #547 ) ;
#2247 = CARTESIAN_POINT ( 'NONE',  ( 0.000000000000000000, 116.5059670551347750, 42.76491364505290704 ) ) ;
#2248 = SPHERICAL_SURFACE ( 'NONE', #1580, 0.5000000000000000000 ) ;
#2249 = ORIENTED_EDGE ( 'NONE', *, *, #2197, .F. ) ;
#2250 = CARTESIAN_POINT ( 'NONE',  ( 27.91311909738924157, 29.50596112700796070, 24.21487016405410486 ) ) ;
#2251 = AXIS2_PLACEMENT_3D ( 'NONE', #275, #5261, #2474 ) ;
#2252 = DIRECTION ( 'NONE',  ( 0.000000000000000000, 0.000000000000000000, -1.000000000000000000 ) ) ;
#2253 = CARTESIAN_POINT ( 'NONE',  ( 21.44894849797543301, 25.00596112700795715, 41.26491364505290704 ) ) ;
#2254 = ADVANCED_FACE ( 'NONE', ( #3658 ), #1600, .T. ) ;
#2255 = CYLINDRICAL_SURFACE ( 'NONE', #5358, 0.5000000000000004441 ) ;
#2256 = EDGE_CURVE ( 'NONE', #3028, #6511, #6497, .T. ) ;
#2257 = LINE ( 'NONE', #4398, #5634 ) ;
#2258 = DIRECTION ( 'NONE',  ( 1.000000000000000000, 0.000000000000000000, 0.000000000000000000 ) ) ;
#2259 = DIRECTION ( 'NONE',  ( 0.000000000000000000, 0.000000000000000000, -1.000000000000000000 ) ) ;
#2260 = VERTEX_POINT ( 'NONE', #5365 ) ;
#2261 = DIRECTION ( 'NONE',  ( 0.000000000000000000, -2.775557561562888827E-14, -1.000000000000000000 ) ) ;
#2262 = DIRECTION ( 'NONE',  ( 6.308085367188390241E-16, 1.000000000000000000, 0.000000000000000000 ) ) ;
#2263 = CIRCLE ( 'NONE', #1798, 2.000000000000001776 ) ;
#2264 =( BOUNDED_CURVE ( )  B_SPLINE_CURVE ( 3, ( #2461, #3755, #2093, #4307 ),
 .UNSPECIFIED., .F., .F. ) 
 B_SPLINE_CURVE_WITH_KNOTS ( ( 4, 4 ),
 ( 1.595529271640698576, 1.730717036381298701 ),
 .UNSPECIFIED. ) 
 CURVE ( )  GEOMETRIC_REPRESENTATION_ITEM ( )  RATIONAL_B_SPLINE_CURVE ( ( 1.000000000000000000, 0.9984776021322915307, 0.9984776021322915307, 1.000000000000000000 ) ) 
 REPRESENTATION_ITEM ( '' )  );
#2265 = VERTEX_POINT ( 'NONE', #2713 ) ;
#2266 = VERTEX_POINT ( 'NONE', #4893 ) ;
#2267 = AXIS2_PLACEMENT_3D ( 'NONE', #3287, #4959, #79 ) ;
#2268 = FACE_OUTER_BOUND ( 'NONE', #249, .T. ) ;
#2269 = CARTESIAN_POINT ( 'NONE',  ( 11.41920384669860411, 29.67342937227742894, 35.78702796208288106 ) ) ;
#2270 = CARTESIAN_POINT ( 'NONE',  ( 21.94894849797543301, 23.00596112700796425, 41.26491364505290704 ) ) ;
#2271 = CARTESIAN_POINT ( 'NONE',  ( 7.384627116496889521, 32.33002044150958909, 35.15938561284161779 ) ) ;
#2272 = CARTESIAN_POINT ( 'NONE',  ( 25.19894853087959063, 113.0059670551349029, 42.76491364505290704 ) ) ;
#2273 = CIRCLE ( 'NONE', #7134, 1.999999999999999556 ) ;
#2274 = VECTOR ( 'NONE', #553, 1000.000000000000000 ) ;
#2275 = VERTEX_POINT ( 'NONE', #1453 ) ;
#2276 = ORIENTED_EDGE ( 'NONE', *, *, #1411, .F. ) ;
#2277 = ORIENTED_EDGE ( 'NONE', *, *, #4778, .T. ) ;
#2278 = VECTOR ( 'NONE', #4789, 1000.000000000000000 ) ;
#2279 = ADVANCED_FACE ( 'NONE', ( #4352 ), #4930, .F. ) ;
#2280 = CARTESIAN_POINT ( 'NONE',  ( 26.79189409896355301, 29.50596112700796070, 22.26491364505290349 ) ) ;
#2281 = VERTEX_POINT ( 'NONE', #5876 ) ;
#2282 = FACE_OUTER_BOUND ( 'NONE', #6421, .T. ) ;
#2283 = FACE_OUTER_BOUND ( 'NONE', #5719, .T. ) ;
#2284 = VERTEX_POINT ( 'NONE', #6571 ) ;
#2285 = CARTESIAN_POINT ( 'NONE',  ( 37.19894853087944142, 113.4804468804926358, 39.72522539197139224 ) ) ;
#2286 = VECTOR ( 'NONE', #2694, 1000.000000000000000 ) ;
#2287 = DIRECTION ( 'NONE',  ( 0.000000000000000000, -0.8660254037844343777, 0.5000000000000074385 ) ) ;
#2288 = CARTESIAN_POINT ( 'NONE',  ( 37.19894853087963327, 106.5059670551352298, 40.26491364505296389 ) ) ;
#2289 = ORIENTED_EDGE ( 'NONE', *, *, #4160, .F. ) ;
#2290 = EDGE_CURVE ( 'NONE', #270, #5886, #1340, .T. ) ;
#2291 = CARTESIAN_POINT ( 'NONE',  ( 20.77829802542625259, 31.50596112700796425, 29.26491364505290704 ) ) ;
#2292 = AXIS2_PLACEMENT_3D ( 'NONE', #1785, #6762, #3989 ) ;
#2293 = CARTESIAN_POINT ( 'NONE',  ( 10.59894846507133437, 126.1059671700671174, 40.26491364505290704 ) ) ;
#2294 = EDGE_CURVE ( 'NONE', #2243, #6096, #4699, .T. ) ;
#2295 = DIRECTION ( 'NONE',  ( 0.000000000000000000, 0.000000000000000000, -1.000000000000000000 ) ) ;
#2296 = CIRCLE ( 'NONE', #447, 5.500000000000001776 ) ;
#2297 = CARTESIAN_POINT ( 'NONE',  ( 0.000000000000000000, 23.00596112700796425, 41.76491364505290704 ) ) ;
#2298 = DIRECTION ( 'NONE',  ( 0.000000000000000000, 0.000000000000000000, 1.000000000000000000 ) ) ;
#2299 = DIRECTION ( 'NONE',  ( 0.000000000000000000, 1.000000000000000000, 1.387778780781444413E-14 ) ) ;
#2300 = EDGE_CURVE ( 'NONE', #376, #6279, #7043, .T. ) ;
#2301 = CARTESIAN_POINT ( 'NONE',  ( 11.15350793534346785, 29.50596112700797136, 34.90720573539668692 ) ) ;
#2302 = ORIENTED_EDGE ( 'NONE', *, *, #1316, .T. ) ;
#2303 = CARTESIAN_POINT ( 'NONE',  ( 38.73063804975122792, 49.69353036767409293, 39.01567808292387696 ) ) ;
#2304 = VECTOR ( 'NONE', #6348, 1000.000000000000000 ) ;
#2305 = DIRECTION ( 'NONE',  ( 0.000000000000000000, -1.000000000000000000, 0.000000000000000000 ) ) ;
#2306 = EDGE_CURVE ( 'NONE', #3865, #1871, #5273, .T. ) ;
#2307 = ORIENTED_EDGE ( 'NONE', *, *, #4385, .F. ) ;
#2308 = ORIENTED_EDGE ( 'NONE', *, *, #2294, .T. ) ;
#2309 = DIRECTION ( 'NONE',  ( -0.9999998889741967822, 0.0004712235075974231303, 0.000000000000000000 ) ) ;
#2310 = FACE_OUTER_BOUND ( 'NONE', #4666, .T. ) ;
#2311 = CARTESIAN_POINT ( 'NONE',  ( 39.01813804975125777, 49.69339252833241716, 39.51567808292392670 ) ) ;
#2312 = DIRECTION ( 'NONE',  ( 1.000000000000000000, 0.000000000000000000, 0.000000000000000000 ) ) ;
#2313 = EDGE_CURVE ( 'NONE', #192, #246, #3725, .T. ) ;
#2314 = ORIENTED_EDGE ( 'NONE', *, *, #4692, .F. ) ;
#2315 = ORIENTED_EDGE ( 'NONE', *, *, #295, .F. ) ;
#2316 = CARTESIAN_POINT ( 'NONE',  ( 39.44894849797547209, 62.67725764581888370, 39.76491364505297099 ) ) ;
#2317 = ORIENTED_EDGE ( 'NONE', *, *, #4254, .F. ) ;
#2318 = DIRECTION ( 'NONE',  ( 0.000000000000000000, -1.000000000000000000, 0.000000000000000000 ) ) ;
#2319 = CARTESIAN_POINT ( 'NONE',  ( 15.94894849797546321, 113.5059670551350735, 22.26491364505289994 ) ) ;
#2320 = VERTEX_POINT ( 'NONE', #7004 ) ;
#2321 = AXIS2_PLACEMENT_3D ( 'NONE', #4373, #1581, #7061 ) ;
#2322 = CARTESIAN_POINT ( 'NONE',  ( 11.59894846507153865, 25.50596112700796070, 42.76491364505290704 ) ) ;
#2323 = SPHERICAL_SURFACE ( 'NONE', #6103, 0.5000000000000000000 ) ;
#2324 = ORIENTED_EDGE ( 'NONE', *, *, #3939, .F. ) ;
#2325 = DIRECTION ( 'NONE',  ( 0.000000000000000000, 0.000000000000000000, -1.000000000000000000 ) ) ;
#2326 = CIRCLE ( 'NONE', #4169, 0.5000000000000004441 ) ;
#2327 = CARTESIAN_POINT ( 'NONE',  ( 2.805696901374727607E-12, 30.86591882637267048, 42.76491364505290704 ) ) ;
#2328 = EDGE_CURVE ( 'NONE', #894, #6902, #3693, .T. ) ;
#2329 = EDGE_CURVE ( 'NONE', #3450, #6962, #4313, .T. ) ;
#2330 = CARTESIAN_POINT ( 'NONE',  ( 6.698948465071303815, 60.50596112700797136, 42.76491364505290704 ) ) ;
#2331 = DIRECTION ( 'NONE',  ( 1.000000000000000000, 0.000000000000000000, 0.000000000000000000 ) ) ;
#2332 = DIRECTION ( 'NONE',  ( -0.000000000000000000, -0.000000000000000000, 1.000000000000000000 ) ) ;
#2333 = ADVANCED_FACE ( 'NONE', ( #453 ), #988, .F. ) ;
#2334 = DIRECTION ( 'NONE',  ( -1.000000000000000000, 2.198557299338474958E-14, 0.000000000000000000 ) ) ;
#2335 = ORIENTED_EDGE ( 'NONE', *, *, #1887, .T. ) ;
#2336 = DIRECTION ( 'NONE',  ( 0.000000000000000000, 0.000000000000000000, 1.000000000000000000 ) ) ;
#2337 = EDGE_CURVE ( 'NONE', #3128, #6815, #5915, .T. ) ;
#2338 = EDGE_LOOP ( 'NONE', ( #4176, #2923, #1786, #1924 ) ) ;
#2339 = VERTEX_POINT ( 'NONE', #953 ) ;
#2340 = CARTESIAN_POINT ( 'NONE',  ( 1.861261216301085068E-14, 29.50596112700797846, 35.26491364505289283 ) ) ;
#2341 = DIRECTION ( 'NONE',  ( -1.000000000000000000, 0.000000000000000000, 0.000000000000000000 ) ) ;
#2342 = CARTESIAN_POINT ( 'NONE',  ( 37.19894853087983222, 59.50596112700796425, 41.26491364505290704 ) ) ;
#2343 = CARTESIAN_POINT ( 'NONE',  ( 11.54712099029010375, 29.50596112700797136, 35.71034395241837700 ) ) ;
#2344 = EDGE_LOOP ( 'NONE', ( #873, #6585, #1040, #4264, #5199 ) ) ;
#2345 = ORIENTED_EDGE ( 'NONE', *, *, #4721, .F. ) ;
#2346 = EDGE_CURVE ( 'NONE', #2526, #1350, #481, .T. ) ;
#2347 = FACE_OUTER_BOUND ( 'NONE', #7049, .T. ) ;
#2348 = CARTESIAN_POINT ( 'NONE',  ( 34.79894853087962758, 75.10596705513523830, 41.26491364505290704 ) ) ;
#2349 = SPHERICAL_SURFACE ( 'NONE', #306, 0.5000000000000000000 ) ;
#2350 = ORIENTED_EDGE ( 'NONE', *, *, #3349, .T. ) ;
#2351 = CARTESIAN_POINT ( 'NONE',  ( 21.94894849797543301, 23.00596112700796425, 41.76491364505290704 ) ) ;
#2352 = ORIENTED_EDGE ( 'NONE', *, *, #7005, .T. ) ;
#2353 = LINE ( 'NONE', #6341, #1310 ) ;
#2354 = DIRECTION ( 'NONE',  ( -1.000000000000000000, 0.000000000000000000, 0.000000000000000000 ) ) ;
#2355 = VERTEX_POINT ( 'NONE', #1527 ) ;
#2356 = CARTESIAN_POINT ( 'NONE',  ( 37.72218489822242304, -12.80532761448480272, 38.26491364505291415 ) ) ;
#2357 = VECTOR ( 'NONE', #7073, 1000.000000000000000 ) ;
#2358 = LINE ( 'NONE', #3984, #225 ) ;
#2359 = CARTESIAN_POINT ( 'NONE',  ( 11.09894846507153687, 29.77391031943909994, 35.72901526019065699 ) ) ;
#2360 = FACE_OUTER_BOUND ( 'NONE', #6545, .T. ) ;
#2361 = VECTOR ( 'NONE', #2211, 1000.000000000000000 ) ;
#2362 = CYLINDRICAL_SURFACE ( 'NONE', #2479, 1.999999999999998224 ) ;
#2363 = CARTESIAN_POINT ( 'NONE',  ( 0.000000000000000000, 0.000000000000000000, 41.26491364505290704 ) ) ;
#2364 = VERTEX_POINT ( 'NONE', #6530 ) ;
#2365 = EDGE_CURVE ( 'NONE', #2632, #4401, #5946, .T. ) ;
#2366 = ADVANCED_FACE ( 'NONE', ( #668 ), #3335, .F. ) ;
#2367 = AXIS2_PLACEMENT_3D ( 'NONE', #1727, #3929, #6154 ) ;
#2368 = VERTEX_POINT ( 'NONE', #1779 ) ;
#2369 = ORIENTED_EDGE ( 'NONE', *, *, #4505, .F. ) ;
#2370 = CYLINDRICAL_SURFACE ( 'NONE', #5252, 0.5000000000000004441 ) ;
#2371 = DIRECTION ( 'NONE',  ( -0.000000000000000000, -0.5000000000000057732, -0.8660254037844352659 ) ) ;
#2372 = AXIS2_PLACEMENT_3D ( 'NONE', #2839, #2912, #165 ) ;
#2373 = EDGE_CURVE ( 'NONE', #4795, #3102, #3373, .T. ) ;
#2374 = CARTESIAN_POINT ( 'NONE',  ( 37.72218489822245147, 47.09383909050607997, 38.26491364505291415 ) ) ;
#2375 = EDGE_CURVE ( 'NONE', #6851, #1419, #6322, .T. ) ;
#2376 = AXIS2_PLACEMENT_3D ( 'NONE', #3258, #5000, #2168 ) ;
#2377 = ORIENTED_EDGE ( 'NONE', *, *, #3346, .T. ) ;
#2378 = AXIS2_PLACEMENT_3D ( 'NONE', #4390, #511, #3404 ) ;
#2379 = VERTEX_POINT ( 'NONE', #5662 ) ;
#2380 = CARTESIAN_POINT ( 'NONE',  ( 5.739029615394402920E-12, 62.67725764582249326, 40.26491364505290704 ) ) ;
#2381 = ORIENTED_EDGE ( 'NONE', *, *, #2604, .F. ) ;
#2382 = DIRECTION ( 'NONE',  ( -6.308085367188390241E-16, -1.000000000000000000, -0.000000000000000000 ) ) ;
#2383 = VECTOR ( 'NONE', #747, 1000.000000000000000 ) ;
#2384 = DIRECTION ( 'NONE',  ( -1.000000000000000000, 0.000000000000000000, 0.000000000000000000 ) ) ;
#2385 = ORIENTED_EDGE ( 'NONE', *, *, #3885, .F. ) ;
#2386 = DIRECTION ( 'NONE',  ( 0.4984711242580828205, -4.842373543543467249E-14, 0.8669063030575353546 ) ) ;
#2387 = ADVANCED_FACE ( 'NONE', ( #2800 ), #6173, .T. ) ;
#2388 = EDGE_CURVE ( 'NONE', #5326, #2842, #4431, .T. ) ;
#2389 = EDGE_LOOP ( 'NONE', ( #104, #3359, #652, #223, #4012, #6500, #844, #5197 ) ) ;
#2390 = AXIS2_PLACEMENT_3D ( 'NONE', #4359, #4288, #3664 ) ;
#2391 = AXIS2_PLACEMENT_3D ( 'NONE', #2356, #3076, #294 ) ;
#2392 = CARTESIAN_POINT ( 'NONE',  ( 0.000000000000000000, 31.30596112700797917, 40.26491364505290704 ) ) ;
#2393 = FACE_OUTER_BOUND ( 'NONE', #1003, .T. ) ;
#2394 = ORIENTED_EDGE ( 'NONE', *, *, #4734, .F. ) ;
#2395 = DIRECTION ( 'NONE',  ( -0.9999998850680933415, 0.0004794411333358689770, -0.000000000000000000 ) ) ;
#2396 = VECTOR ( 'NONE', #6095, 1000.000000000000000 ) ;
#2397 = FACE_OUTER_BOUND ( 'NONE', #588, .T. ) ;
#2398 = CARTESIAN_POINT ( 'NONE',  ( 8.944624962569958981, 30.68523224133150862, 37.30747113095959833 ) ) ;
#2399 = CIRCLE ( 'NONE', #4251, 0.5000000000000004441 ) ;
#2400 = DIRECTION ( 'NONE',  ( 0.4984711100229670677, -0.0002389875813918983770, 0.8669062783008364415 ) ) ;
#2401 = ORIENTED_EDGE ( 'NONE', *, *, #1807, .F. ) ;
#2402 = LINE ( 'NONE', #806, #4133 ) ;
#2403 = ORIENTED_EDGE ( 'NONE', *, *, #3001, .F. ) ;
#2404 = VECTOR ( 'NONE', #4400, 1000.000000000000000 ) ;
#2405 = ORIENTED_EDGE ( 'NONE', *, *, #706, .T. ) ;
#2406 = ADVANCED_FACE ( 'NONE', ( #5561 ), #17, .T. ) ;
#2407 = EDGE_LOOP ( 'NONE', ( #3357, #5619, #5059, #3956 ) ) ;
#2408 = CARTESIAN_POINT ( 'NONE',  ( 0.000000000000000000, 0.000000000000000000, 38.76491364505291415 ) ) ;
#2409 = DIRECTION ( 'NONE',  ( -0.9999998889741966712, 0.0004712235076032001389, 0.000000000000000000 ) ) ;
#2410 = AXIS2_PLACEMENT_3D ( 'NONE', #3049, #6387, #4611 ) ;
#2411 = DIRECTION ( 'NONE',  ( 1.000000000000000000, -0.000000000000000000, 0.000000000000000000 ) ) ;
#2412 = VECTOR ( 'NONE', #1445, 1000.000000000000000 ) ;
#2413 = ORIENTED_EDGE ( 'NONE', *, *, #5656, .F. ) ;
#2414 = EDGE_CURVE ( 'NONE', #4220, #2885, #4391, .T. ) ;
#2415 = ORIENTED_EDGE ( 'NONE', *, *, #2915, .T. ) ;
#2416 = EDGE_CURVE ( 'NONE', #3105, #3537, #6802, .T. ) ;
#2417 = DIRECTION ( 'NONE',  ( 0.000000000000000000, 0.000000000000000000, -1.000000000000000000 ) ) ;
#2418 = ORIENTED_EDGE ( 'NONE', *, *, #5956, .T. ) ;
#2419 = DIRECTION ( 'NONE',  ( -1.000000000000000000, -6.938893903908281507E-15, 0.000000000000000000 ) ) ;
#2420 = FACE_OUTER_BOUND ( 'NONE', #2896, .T. ) ;
#2421 = VERTEX_POINT ( 'NONE', #1712 ) ;
#2422 = EDGE_CURVE ( 'NONE', #2481, #6506, #769, .T. ) ;
#2423 = VERTEX_POINT ( 'NONE', #4465 ) ;
#2424 = VECTOR ( 'NONE', #3902, 1000.000000000000000 ) ;
#2425 = CARTESIAN_POINT ( 'NONE',  ( 37.19894853087993170, 1.000463399971634232E-13, 41.26491364505290704 ) ) ;
#2426 = LINE ( 'NONE', #5794, #210 ) ;
#2427 = ORIENTED_EDGE ( 'NONE', *, *, #407, .T. ) ;
#2428 = FACE_OUTER_BOUND ( 'NONE', #6460, .T. ) ;
#2429 = CARTESIAN_POINT ( 'NONE',  ( 11.32603301710426003, 29.50596112700797136, 35.00713729124192497 ) ) ;
#2430 = CARTESIAN_POINT ( 'NONE',  ( 38.58468489822253389, 111.5059670551350592, 39.76491364505297099 ) ) ;
#2431 = CIRCLE ( 'NONE', #360, 1.999999999999998224 ) ;
#2432 = SPHERICAL_SURFACE ( 'NONE', #3451, 2.000000000000000000 ) ;
#2433 = CARTESIAN_POINT ( 'NONE',  ( 8.169159768997417359, 30.86591882637189599, 37.98178869059117346 ) ) ;
#2434 = LINE ( 'NONE', #1923, #4006 ) ;
#2435 = ORIENTED_EDGE ( 'NONE', *, *, #7110, .F. ) ;
#2436 = EDGE_CURVE ( 'NONE', #2508, #6072, #2907, .T. ) ;
#2437 = PLANE ( 'NONE',  #5068 ) ;
#2438 = EDGE_CURVE ( 'NONE', #3033, #4816, #6685, .T. ) ;
#2439 = EDGE_LOOP ( 'NONE', ( #5922, #922, #817, #2307 ) ) ;
#2440 = ORIENTED_EDGE ( 'NONE', *, *, #1316, .F. ) ;
#2441 = ORIENTED_EDGE ( 'NONE', *, *, #4241, .T. ) ;
#2442 = CARTESIAN_POINT ( 'NONE',  ( 32.94894849797542236, -1.143146204654824465E-14, 42.76491364505290704 ) ) ;
#2443 = DIRECTION ( 'NONE',  ( 0.000000000000000000, 0.000000000000000000, -1.000000000000000000 ) ) ;
#2444 = LINE ( 'NONE', #718, #1965 ) ;
#2445 = ORIENTED_EDGE ( 'NONE', *, *, #3737, .T. ) ;
#2446 = EDGE_LOOP ( 'NONE', ( #4776, #4631, #6981, #1049, #1465, #2786, #1348, #1686, #1992, #7008, #5571, #6026, #1866, #1502 ) ) ;
#2447 = CYLINDRICAL_SURFACE ( 'NONE', #5740, 0.5000000000000004441 ) ;
#2448 = ORIENTED_EDGE ( 'NONE', *, *, #5371, .F. ) ;
#2449 = DIRECTION ( 'NONE',  ( 6.938893903908281507E-15, -1.000000000000000000, 0.000000000000000000 ) ) ;
#2450 = CARTESIAN_POINT ( 'NONE',  ( 38.58468489820586456, 31.32848628540482139, 40.26491364505297810 ) ) ;
#2451 = ORIENTED_EDGE ( 'NONE', *, *, #702, .T. ) ;
#2452 = CARTESIAN_POINT ( 'NONE',  ( 5.313212097745773299, 32.66216588239274898, 40.26491364505289283 ) ) ;
#2453 = ORIENTED_EDGE ( 'NONE', *, *, #2025, .T. ) ;
#2454 = FACE_OUTER_BOUND ( 'NONE', #5599, .T. ) ;
#2455 = DIRECTION ( 'NONE',  ( -1.000000000000000000, 0.000000000000000000, 0.000000000000000000 ) ) ;
#2456 = EDGE_LOOP ( 'NONE', ( #1470, #2113, #6191, #3159 ) ) ;
#2457 = CARTESIAN_POINT ( 'NONE',  ( 10.94894849797544012, 117.0059670551347750, 41.76491364505290704 ) ) ;
#2458 = DIRECTION ( 'NONE',  ( 8.673617379884023639E-16, 0.8660254037844348218, -0.5000000000000066613 ) ) ;
#2459 = CARTESIAN_POINT ( 'NONE',  ( 12.09894846507153865, 29.50596112700797136, 37.13093904883731255 ) ) ;
#2460 = EDGE_CURVE ( 'NONE', #3450, #6763, #1635, .T. ) ;
#2461 = CARTESIAN_POINT ( 'NONE',  ( 37.19894853087962616, 113.5053553677569766, 40.26491364505290704 ) ) ;
#2462 = ADVANCED_FACE ( 'NONE', ( #1748 ), #3950, .F. ) ;
#2463 = CYLINDRICAL_SURFACE ( 'NONE', #2006, 0.5000000000000004441 ) ;
#2464 = DIRECTION ( 'NONE',  ( -0.000000000000000000, -0.000000000000000000, 1.000000000000000000 ) ) ;
#2465 = ORIENTED_EDGE ( 'NONE', *, *, #1128, .T. ) ;
#2466 = CARTESIAN_POINT ( 'NONE',  ( 37.19894853087963327, 111.7059670551352326, 41.26491364505290704 ) ) ;
#2467 = ORIENTED_EDGE ( 'NONE', *, *, #10, .T. ) ;
#2468 = VECTOR ( 'NONE', #3613, 1000.000000000000000 ) ;
#2469 = CARTESIAN_POINT ( 'NONE',  ( 6.698948465071303815, 66.40596409107159559, 40.26491364505289994 ) ) ;
#2470 = EDGE_CURVE ( 'NONE', #1871, #7089, #3405, .T. ) ;
#2471 = ADVANCED_FACE ( 'NONE', ( #5627 ), #6055, .T. ) ;
#2472 = EDGE_LOOP ( 'NONE', ( #3959, #5559, #2711, #2103, #1906, #2614, #456, #3941, #3579, #1394, #5602 ) ) ;
#2473 = ORIENTED_EDGE ( 'NONE', *, *, #2513, .T. ) ;
#2474 = DIRECTION ( 'NONE',  ( 0.000000000000000000, -0.000000000000000000, -1.000000000000000000 ) ) ;
#2475 = CARTESIAN_POINT ( 'NONE',  ( 6.959504518002128215, 30.92339855731320597, 40.00232953980916051 ) ) ;
#2476 = CARTESIAN_POINT ( 'NONE',  ( 34.79894853087961337, 122.6059670551352525, 41.26491364505290704 ) ) ;
#2477 = ORIENTED_EDGE ( 'NONE', *, *, #474, .T. ) ;
#2478 = ORIENTED_EDGE ( 'NONE', *, *, #5165, .F. ) ;
#2479 = AXIS2_PLACEMENT_3D ( 'NONE', #102, #6761, #676 ) ;
#2480 = CARTESIAN_POINT ( 'NONE',  ( 11.09894846507133437, 125.6059671700671174, 42.76491364505290704 ) ) ;
#2481 = VERTEX_POINT ( 'NONE', #3476 ) ;
#2482 = DIRECTION ( 'NONE',  ( 2.891205793294677833E-16, -1.000000000000000000, 0.000000000000000000 ) ) ;
#2483 = FACE_OUTER_BOUND ( 'NONE', #1420, .T. ) ;
#2484 = AXIS2_PLACEMENT_3D ( 'NONE', #7070, #7035, #1519 ) ;
#2485 = AXIS2_PLACEMENT_3D ( 'NONE', #3150, #903, #7033 ) ;
#2486 = ORIENTED_EDGE ( 'NONE', *, *, #4099, .F. ) ;
#2487 = DIRECTION ( 'NONE',  ( -1.952415606740757108E-16, -1.000000000000000000, 0.000000000000000000 ) ) ;
#2488 =( BOUNDED_CURVE ( )  B_SPLINE_CURVE ( 3, ( #4162, #6036, #860, #495 ),
 .UNSPECIFIED., .F., .F. ) 
 B_SPLINE_CURVE_WITH_KNOTS ( ( 4, 4 ),
 ( -4.453326596376427915E-12, 1.570796326790443453 ),
 .UNSPECIFIED. ) 
 CURVE ( )  GEOMETRIC_REPRESENTATION_ITEM ( )  RATIONAL_B_SPLINE_CURVE ( ( 1.000000000000000000, 0.8047378541243649375, 0.8047378541243649375, 1.000000000000000000 ) ) 
 REPRESENTATION_ITEM ( '' )  );
#2489 = ORIENTED_EDGE ( 'NONE', *, *, #7114, .T. ) ;
#2490 = CARTESIAN_POINT ( 'NONE',  ( 38.29694517765580741, 49.19353042514005381, 39.26491364505291415 ) ) ;
#2491 = CARTESIAN_POINT ( 'NONE',  ( 9.098948465071329039, 122.6059670551352383, 42.76491364505290704 ) ) ;
#2492 = CIRCLE ( 'NONE', #6553, 2.000000000000001776 ) ;
#2493 = CARTESIAN_POINT ( 'NONE',  ( 8.766763746071022823, 30.77452634674368070, 37.46213305834989171 ) ) ;
#2494 = DIRECTION ( 'NONE',  ( 0.000000000000000000, 1.000000000000000000, 0.000000000000000000 ) ) ;
#2495 = DIRECTION ( 'NONE',  ( -1.000000000000000000, 0.000000000000000000, 0.000000000000000000 ) ) ;
#2496 = AXIS2_PLACEMENT_3D ( 'NONE', #2720, #4435, #2877 ) ;
#2497 = VECTOR ( 'NONE', #1386, 1000.000000000000000 ) ;
#2498 = ADVANCED_FACE ( 'NONE', ( #6926 ), #4603, .T. ) ;
#2499 = CARTESIAN_POINT ( 'NONE',  ( 38.73063804975134161, 74.27725659993862450, 39.01567808292403328 ) ) ;
#2500 = FACE_OUTER_BOUND ( 'NONE', #5111, .T. ) ;
#2501 = EDGE_LOOP ( 'NONE', ( #3786, #6796, #3858, #6510 ) ) ;
#2502 = DIRECTION ( 'NONE',  ( -0.4457554083369029141, 0.4475773999931242364, 0.7752267971076566289 ) ) ;
#2503 = AXIS2_PLACEMENT_3D ( 'NONE', #2065, #7074, #6416 ) ;
#2504 = VERTEX_POINT ( 'NONE', #800 ) ;
#2505 = CARTESIAN_POINT ( 'NONE',  ( 11.37288488098364958, 29.62513874115964185, 35.62612113830480354 ) ) ;
#2506 = ADVANCED_FACE ( 'NONE', ( #161 ), #6857, .T. ) ;
#2507 = CIRCLE ( 'NONE', #6570, 0.5000000000000004441 ) ;
#2508 = VERTEX_POINT ( 'NONE', #3043 ) ;
#2509 = VERTEX_POINT ( 'NONE', #5826 ) ;
#2510 = CARTESIAN_POINT ( 'NONE',  ( 10.94894849797540992, 109.5059670551350735, 42.76491364505290704 ) ) ;
#2511 = SPHERICAL_SURFACE ( 'NONE', #4370, 0.5000000000000000000 ) ;
#2512 = DIRECTION ( 'NONE',  ( 0.000000000000000000, -0.000000000000000000, 1.000000000000000000 ) ) ;
#2513 = EDGE_CURVE ( 'NONE', #2946, #5502, #6800, .T. ) ;
#2514 = VECTOR ( 'NONE', #3205, 1000.000000000000000 ) ;
#2515 = CARTESIAN_POINT ( 'NONE',  ( 34.29894853087962758, 75.10596705513525251, 41.76491364505290704 ) ) ;
#2516 = VERTEX_POINT ( 'NONE', #5246 ) ;
#2517 = ORIENTED_EDGE ( 'NONE', *, *, #2329, .F. ) ;
#2518 = CIRCLE ( 'NONE', #220, 0.4999999999999996669 ) ;
#2519 = EDGE_CURVE ( 'NONE', #4795, #1221, #4672, .T. ) ;
#2520 = CARTESIAN_POINT ( 'NONE',  ( 0.000000000000000000, 0.000000000000000000, 38.76491364505291415 ) ) ;
#2521 = ORIENTED_EDGE ( 'NONE', *, *, #6022, .F. ) ;
#2522 = CYLINDRICAL_SURFACE ( 'NONE', #2542, 0.5000000000000004441 ) ;
#2523 = CARTESIAN_POINT ( 'NONE',  ( 0.000000000000000000, 16.50596112700797136, 40.26491364505290704 ) ) ;
#2524 = VECTOR ( 'NONE', #723, 1000.000000000000000 ) ;
#2525 = CARTESIAN_POINT ( 'NONE',  ( 37.19894853087961906, 30.03600178900392237, 40.26491364505290704 ) ) ;
#2526 = VERTEX_POINT ( 'NONE', #5694 ) ;
#2527 = CARTESIAN_POINT ( 'NONE',  ( 11.59894846507153865, -0.000000000000000000, 41.26491364505290704 ) ) ;
#2528 = CIRCLE ( 'NONE', #918, 0.5000000000000022204 ) ;
#2529 = CARTESIAN_POINT ( 'NONE',  ( 10.94894849797538505, 1.092148475516849349, 34.38948260544476199 ) ) ;
#2530 = CARTESIAN_POINT ( 'NONE',  ( 6.717963215624815909, 113.5057631489480912, 40.26491364505290704 ) ) ;
#2531 = CARTESIAN_POINT ( 'NONE',  ( 25.19894853087959063, 113.0059670551349029, 40.26491364505294257 ) ) ;
#2532 = DIRECTION ( 'NONE',  ( -0.4984711242580832091, 2.128183344458104762E-16, 0.8669063030575349105 ) ) ;
#2533 = CARTESIAN_POINT ( 'NONE',  ( 33.91289214232718763, 16.50596112700797136, 40.26491364505290704 ) ) ;
#2534 = VECTOR ( 'NONE', #1084, 1000.000000000000000 ) ;
#2535 = CARTESIAN_POINT ( 'NONE',  ( 32.94894849797539393, 1.092148475516835360, 34.38948260544477620 ) ) ;
#2536 = CARTESIAN_POINT ( 'NONE',  ( 37.19894853087983222, 36.50596112700798557, 40.26491364505290704 ) ) ;
#2537 = ORIENTED_EDGE ( 'NONE', *, *, #2641, .T. ) ;
#2538 = DIRECTION ( 'NONE',  ( 1.000000000000000000, 0.000000000000000000, 0.000000000000000000 ) ) ;
#2539 = ORIENTED_EDGE ( 'NONE', *, *, #5744, .T. ) ;
#2540 = CARTESIAN_POINT ( 'NONE',  ( 37.17993378032612384, 29.50616503319495365, 40.26491364505291415 ) ) ;
#2541 = CARTESIAN_POINT ( 'NONE',  ( 5.784812007851843751E-12, 63.17725764582249326, 39.26491364505291415 ) ) ;
#2542 = AXIS2_PLACEMENT_3D ( 'NONE', #3497, #6951, #5237 ) ;
#2543 = EDGE_LOOP ( 'NONE', ( #1328, #4102, #5572, #987 ) ) ;
#2544 = ADVANCED_FACE ( 'NONE', ( #4165 ), #4057, .F. ) ;
#2545 = EDGE_LOOP ( 'NONE', ( #6868, #2621, #3541, #1402, #4693, #6018 ) ) ;
#2546 = CARTESIAN_POINT ( 'NONE',  ( 38.58468489822245573, -12.80532761448481160, 39.76491364505297099 ) ) ;
#2547 = CARTESIAN_POINT ( 'NONE',  ( 11.59894846507153865, 25.11591931483222240, 42.76491364505290704 ) ) ;
#2548 = CARTESIAN_POINT ( 'NONE',  ( 9.098948465071334368, 75.10596705513523830, 41.26491364505290704 ) ) ;
#2549 = ORIENTED_EDGE ( 'NONE', *, *, #2822, .F. ) ;
#2550 = PRODUCT_DEFINITION_CONTEXT ( 'detailed design', #1808, 'design' ) ;
#2551 = LINE ( 'NONE', #3771, #4386 ) ;
#2552 = AXIS2_PLACEMENT_3D ( 'NONE', #6287, #4729, #1893 ) ;
#2553 = DIRECTION ( 'NONE',  ( -0.8669063030575385742, 0.000000000000000000, 0.4984711242580767143 ) ) ;
#2554 = EDGE_CURVE ( 'NONE', #4488, #6851, #230, .T. ) ;
#2555 = ORIENTED_EDGE ( 'NONE', *, *, #4330, .T. ) ;
#2556 = ORIENTED_EDGE ( 'NONE', *, *, #507, .F. ) ;
#2557 = CARTESIAN_POINT ( 'NONE',  ( 37.19894853087960485, 122.1059670551352525, 41.26491364505290704 ) ) ;
#2558 = VERTEX_POINT ( 'NONE', #833 ) ;
#2559 = CARTESIAN_POINT ( 'NONE',  ( 37.79475772033952552, 62.92544816524637952, 38.82802044689401555 ) ) ;
#2560 = FACE_OUTER_BOUND ( 'NONE', #2810, .T. ) ;
#2561 = EDGE_CURVE ( 'NONE', #4204, #1641, #864, .T. ) ;
#2562 = ORIENTED_EDGE ( 'NONE', *, *, #3939, .T. ) ;
#2563 = DIRECTION ( 'NONE',  ( 0.000000000000000000, 0.000000000000000000, 1.000000000000000000 ) ) ;
#2564 = EDGE_CURVE ( 'NONE', #2748, #2926, #527, .T. ) ;
#2565 = ORIENTED_EDGE ( 'NONE', *, *, #3694, .F. ) ;
#2566 = EDGE_CURVE ( 'NONE', #4562, #6446, #750, .T. ) ;
#2567 = FACE_OUTER_BOUND ( 'NONE', #824, .T. ) ;
#2568 = CARTESIAN_POINT ( 'NONE',  ( 6.698948465071296710, 31.39595948836799266, 40.26491364505290704 ) ) ;
#2569 = CARTESIAN_POINT ( 'NONE',  ( 5.235521901546351664, 112.6298916689825802, 39.55665741420156678 ) ) ;
#2570 = DIRECTION ( 'NONE',  ( 1.000000000000000000, 0.000000000000000000, 0.000000000000000000 ) ) ;
#2571 = DIRECTION ( 'NONE',  ( 0.0004794411333274459729, 0.9999998850680932305, 0.000000000000000000 ) ) ;
#2572 = LINE ( 'NONE', #6927, #4613 ) ;
#2573 = B_SPLINE_CURVE_WITH_KNOTS ( 'NONE', 3,
 ( #5936, #2639, #979, #2125, #3827, #3221 ),
 .UNSPECIFIED., .F., .F.,
 ( 4, 2, 4 ),
 ( 3.469446951953614189E-18, 0.0003921038166128786463, 0.0007842076332257465589 ),
 .UNSPECIFIED. ) ;
#2574 = CARTESIAN_POINT ( 'NONE',  ( 9.098948465071329039, 122.6059670551352383, 42.76491364505290704 ) ) ;
#2575 = CARTESIAN_POINT ( 'NONE',  ( 15.37219029087225941, 111.5059670551350592, 21.26797139653673341 ) ) ;
#2576 = ORIENTED_EDGE ( 'NONE', *, *, #4330, .F. ) ;
#2577 = CARTESIAN_POINT ( 'NONE',  ( 34.29894853087962758, 75.10596705513525251, 42.76491364505290704 ) ) ;
#2578 = VERTEX_POINT ( 'NONE', #6347 ) ;
#2579 = CARTESIAN_POINT ( 'NONE',  ( 6.756466154322841021E-12, 73.77725659994213459, 39.76491364505288573 ) ) ;
#2580 = CARTESIAN_POINT ( 'NONE',  ( 21.94894849797543301, 25.00596112700795715, 41.76491364505290704 ) ) ;
#2581 = ORIENTED_EDGE ( 'NONE', *, *, #5799, .T. ) ;
#2582 =( LENGTH_UNIT ( ) NAMED_UNIT ( * ) SI_UNIT ( .MILLI., .METRE. ) );
#2583 = DIRECTION ( 'NONE',  ( 0.000000000000000000, 0.000000000000000000, -1.000000000000000000 ) ) ;
#2584 = DIRECTION ( 'NONE',  ( 0.000000000000000000, -0.8660254037844377084, 0.5000000000000015543 ) ) ;
#2585 = EDGE_CURVE ( 'NONE', #2885, #167, #5146, .T. ) ;
#2586 = CYLINDRICAL_SURFACE ( 'NONE', #2627, 1.899999999999985034 ) ;
#2587 = ORIENTED_EDGE ( 'NONE', *, *, #1447, .T. ) ;
#2588 = DIRECTION ( 'NONE',  ( 1.000000000000000000, 0.000000000000000000, 0.000000000000000000 ) ) ;
#2589 = LINE ( 'NONE', #2688, #2 ) ;
#2590 = AXIS2_PLACEMENT_3D ( 'NONE', #2830, #5041, #90 ) ;
#2591 = ORIENTED_EDGE ( 'NONE', *, *, #1572, .T. ) ;
#2592 = ORIENTED_EDGE ( 'NONE', *, *, #476, .F. ) ;
#2593 = EDGE_CURVE ( 'NONE', #1279, #5533, #1298, .T. ) ;
#2594 = CARTESIAN_POINT ( 'NONE',  ( 38.22821087186845546, 62.67363868467374033, 38.14189168660598028 ) ) ;
#2595 = CARTESIAN_POINT ( 'NONE',  ( 0.000000000000000000, 22.50596112700796425, 41.26491364505290704 ) ) ;
#2596 = ADVANCED_FACE ( 'NONE', ( #262 ), #4089, .F. ) ;
#2597 = EDGE_LOOP ( 'NONE', ( #1621, #737, #3326, #357, #4350, #2477, #4301, #4546, #5806, #6623 ) ) ;
#2598 = FACE_OUTER_BOUND ( 'NONE', #25, .T. ) ;
#2599 = ORIENTED_EDGE ( 'NONE', *, *, #6050, .T. ) ;
#2600 = EDGE_CURVE ( 'NONE', #2653, #894, #1796, .T. ) ;
#2601 = CARTESIAN_POINT ( 'NONE',  ( 6.698948465071331348, 113.5053553677569766, 40.26491364505289994 ) ) ;
#2602 = LINE ( 'NONE', #4821, #3686 ) ;
#2603 = EDGE_CURVE ( 'NONE', #439, #5782, #4642, .T. ) ;
#2604 = EDGE_CURVE ( 'NONE', #3417, #627, #1337, .T. ) ;
#2605 = DIRECTION ( 'NONE',  ( -0.4984711100229774483, 0.0002389875813886759384, -0.8669062783008303352 ) ) ;
#2606 = VECTOR ( 'NONE', #215, 1000.000000000000000 ) ;
#2607 = DIRECTION ( 'NONE',  ( -1.000000000000000000, 6.360652745248295966E-16, 0.000000000000000000 ) ) ;
#2608 = DIRECTION ( 'NONE',  ( 0.000000000000000000, 0.000000000000000000, 1.000000000000000000 ) ) ;
#2609 = VERTEX_POINT ( 'NONE', #2459 ) ;
#2610 = CARTESIAN_POINT ( 'NONE',  ( 9.098948465071334368, 75.10596705513523830, 41.26491364505290704 ) ) ;
#2611 = VERTEX_POINT ( 'NONE', #1916 ) ;
#2612 = DIRECTION ( 'NONE',  ( 1.000000000000000000, 0.000000000000000000, 0.000000000000000000 ) ) ;
#2613 = VECTOR ( 'NONE', #6194, 1000.000000000000000 ) ;
#2614 = ORIENTED_EDGE ( 'NONE', *, *, #3001, .T. ) ;
#2615 = ORIENTED_EDGE ( 'NONE', *, *, #6332, .T. ) ;
#2616 = CIRCLE ( 'NONE', #4589, 0.4999999999999996669 ) ;
#2617 = DIRECTION ( 'NONE',  ( 6.938893903907222067E-14, 0.000000000000000000, 1.000000000000000000 ) ) ;
#2618 = VECTOR ( 'NONE', #4503, 1000.000000000000000 ) ;
#2619 = DIRECTION ( 'NONE',  ( -7.979727989493115419E-15, 1.000000000000000000, -1.387778780781433527E-14 ) ) ;
#2620 = CARTESIAN_POINT ( 'NONE',  ( 17.10600289698733079, 111.5059670551350592, 20.26491364505290349 ) ) ;
#2621 = ORIENTED_EDGE ( 'NONE', *, *, #3077, .T. ) ;
#2622 = FACE_OUTER_BOUND ( 'NONE', #4552, .T. ) ;
#2623 = DIRECTION ( 'NONE',  ( 1.000000000000000000, 0.000000000000000000, 0.000000000000000000 ) ) ;
#2624 = VECTOR ( 'NONE', #5659, 1000.000000000000000 ) ;
#2625 = ORIENTED_EDGE ( 'NONE', *, *, #2909, .F. ) ;
#2626 = ORIENTED_EDGE ( 'NONE', *, *, #2416, .F. ) ;
#2627 = AXIS2_PLACEMENT_3D ( 'NONE', #7012, #2039, #2108 ) ;
#2628 = DIRECTION ( 'NONE',  ( -1.000000000000000000, 0.000000000000000000, -0.000000000000000000 ) ) ;
#2629 = CARTESIAN_POINT ( 'NONE',  ( 38.58013300720584482, 62.20328497566215020, 38.75393018284491120 ) ) ;
#2630 = CARTESIAN_POINT ( 'NONE',  ( 0.000000000000000000, 40.00596112700796425, 41.76491364505290704 ) ) ;
#2631 = EDGE_CURVE ( 'NONE', #4086, #49, #4822, .T. ) ;
#2632 = VERTEX_POINT ( 'NONE', #4276 ) ;
#2633 = CARTESIAN_POINT ( 'NONE',  ( 7.448948465071308256, -0.000000000000000000, 42.76491364505290704 ) ) ;
#2634 = AXIS2_PLACEMENT_3D ( 'NONE', #2541, #5878, #4758 ) ;
#2635 = ORIENTED_EDGE ( 'NONE', *, *, #4060, .T. ) ;
#2636 = EDGE_CURVE ( 'NONE', #3565, #681, #6562, .T. ) ;
#2637 = CARTESIAN_POINT ( 'NONE',  ( 5.313212097728417405, 111.5059670551350592, 40.26491364505289283 ) ) ;
#2638 = AXIS2_PLACEMENT_3D ( 'NONE', #2351, #4560, #6782 ) ;
#2639 = CARTESIAN_POINT ( 'NONE',  ( 31.08157070183809978, 31.50596112700795715, 41.26491364505290704 ) ) ;
#2640 = CARTESIAN_POINT ( 'NONE',  ( 7.198948465071251412, 30.86591882637201678, 40.36413874403686464 ) ) ;
#2641 = EDGE_CURVE ( 'NONE', #6851, #5229, #2844, .T. ) ;
#2642 = PLANE ( 'NONE',  #337 ) ;
#2643 = CIRCLE ( 'NONE', #4730, 2.000000000000000000 ) ;
#2644 = ADVANCED_FACE ( 'NONE', ( #5356 ), #6888, .F. ) ;
#2645 = DIRECTION ( 'NONE',  ( 6.308085367188390241E-16, 1.000000000000000000, 0.000000000000000000 ) ) ;
#2646 = PLANE ( 'NONE',  #5058 ) ;
#2647 = ORIENTED_EDGE ( 'NONE', *, *, #3446, .F. ) ;
#2648 = CARTESIAN_POINT ( 'NONE',  ( 6.698948465071435265, 3.742641356105138122E-14, 42.76491364505290704 ) ) ;
#2649 = DIRECTION ( 'NONE',  ( 0.9999998850680933415, -0.0004794411333358689770, 0.000000000000000000 ) ) ;
#2650 = VECTOR ( 'NONE', #4088, 1000.000000000000000 ) ;
#2651 = ADVANCED_FACE ( 'NONE', ( #1589 ), #4747, .T. ) ;
#2652 = CARTESIAN_POINT ( 'NONE',  ( 7.448948465071308256, 74.60596705513523830, 42.76491364505290704 ) ) ;
#2653 = VERTEX_POINT ( 'NONE', #3646 ) ;
#2654 = EDGE_CURVE ( 'NONE', #3102, #2611, #1017, .T. ) ;
#2655 = VECTOR ( 'NONE', #6561, 1000.000000000000000 ) ;
#2656 = EDGE_CURVE ( 'NONE', #4998, #4356, #4887, .T. ) ;
#2657 = CARTESIAN_POINT ( 'NONE',  ( 6.698948465071303815, 76.60596409107161264, 40.26491364505289994 ) ) ;
#2658 = LINE ( 'NONE', #4937, #1788 ) ;
#2659 = DIRECTION ( 'NONE',  ( 0.000000000000000000, 0.000000000000000000, -1.000000000000000000 ) ) ;
#2660 = ORIENTED_EDGE ( 'NONE', *, *, #5069, .T. ) ;
#2661 = FACE_OUTER_BOUND ( 'NONE', #516, .T. ) ;
#2662 = DIRECTION ( 'NONE',  ( -0.000000000000000000, 0.000000000000000000, 1.000000000000000000 ) ) ;
#2663 = EDGE_LOOP ( 'NONE', ( #2537, #1802, #5586, #624 ) ) ;
#2664 = ORIENTED_EDGE ( 'NONE', *, *, #367, .F. ) ;
#2665 = AXIS2_PLACEMENT_3D ( 'NONE', #3562, #276, #316 ) ;
#2666 = LINE ( 'NONE', #7125, #5628 ) ;
#2667 = CARTESIAN_POINT ( 'NONE',  ( 11.59894846507153865, 29.50596112700797136, 37.13093904883731255 ) ) ;
#2668 = CARTESIAN_POINT ( 'NONE',  ( 7.323948497975402816, 29.50596112700797491, 34.72901526019064278 ) ) ;
#2669 = EDGE_LOOP ( 'NONE', ( #5226, #4045, #6825, #3532, #7116, #4221, #6631 ) ) ;
#2670 = ADVANCED_FACE ( 'NONE', ( #3152 ), #2954, .F. ) ;
#2671 = DIRECTION ( 'NONE',  ( -0.000000000000000000, 1.000000000000000000, 0.000000000000000000 ) ) ;
#2672 = DIRECTION ( 'NONE',  ( 0.4138029443011836395, -3.589168409537928860E-16, -0.9103664774626050171 ) ) ;
#2673 = CARTESIAN_POINT ( 'NONE',  ( 28.12661459656889917, 33.50596112700795715, 26.98899745139638284 ) ) ;
#2674 = ADVANCED_FACE ( 'NONE', ( #6995 ), #372, .T. ) ;
#2675 = CARTESIAN_POINT ( 'NONE',  ( 9.098948465071334368, 74.60596705513523830, 41.26491364505290704 ) ) ;
#2676 = FACE_OUTER_BOUND ( 'NONE', #7003, .T. ) ;
#2677 = ORIENTED_EDGE ( 'NONE', *, *, #2769, .F. ) ;
#2678 = ADVANCED_FACE ( 'NONE', ( #3222 ), #6412, .T. ) ;
#2679 = FACE_OUTER_BOUND ( 'NONE', #607, .T. ) ;
#2680 = ADVANCED_FACE ( 'NONE', ( #1552 ), #5435, .F. ) ;
#2681 = CARTESIAN_POINT ( 'NONE',  ( 32.94894849797543657, 39.50596112700796425, 42.76491364505290704 ) ) ;
#2682 = ORIENTED_EDGE ( 'NONE', *, *, #6383, .T. ) ;
#2683 = CARTESIAN_POINT ( 'NONE',  ( 9.598948465071334368, 75.10596705513523830, 41.76491364505290704 ) ) ;
#2684 = FACE_OUTER_BOUND ( 'NONE', #5752, .T. ) ;
#2685 = DIRECTION ( 'NONE',  ( -1.000000000000000000, 0.000000000000000000, 0.000000000000000000 ) ) ;
#2686 = ORIENTED_EDGE ( 'NONE', *, *, #6374, .T. ) ;
#2687 = LINE ( 'NONE', #4511, #3112 ) ;
#2688 = CARTESIAN_POINT ( 'NONE',  ( 0.000000000000000000, 60.50596112700797136, 42.76491364505290704 ) ) ;
#2689 = EDGE_CURVE ( 'NONE', #1, #152, #4782, .T. ) ;
#2690 = EDGE_CURVE ( 'NONE', #950, #2265, #297, .T. ) ;
#2691 = ORIENTED_EDGE ( 'NONE', *, *, #6730, .T. ) ;
#2692 = VERTEX_POINT ( 'NONE', #7099 ) ;
#2693 = CARTESIAN_POINT ( 'NONE',  ( 38.56130685322406748, 48.74630742770392544, 38.72118904548581497 ) ) ;
#2694 = DIRECTION ( 'NONE',  ( 6.360373330387821219E-15, -1.000000000000000000, 0.000000000000000000 ) ) ;
#2695 = CARTESIAN_POINT ( 'NONE',  ( 25.69894853087959063, 112.5059670551349029, 42.76491364505290704 ) ) ;
#2696 = DIRECTION ( 'NONE',  ( 6.308085367188390241E-16, 1.000000000000000000, 0.000000000000000000 ) ) ;
#2697 = VECTOR ( 'NONE', #4825, 1000.000000000000000 ) ;
#2698 = CARTESIAN_POINT ( 'NONE',  ( 6.698948465071303815, 60.50596112700797136, 41.76491364505290704 ) ) ;
#2699 = VERTEX_POINT ( 'NONE', #1483 ) ;
#2700 = CARTESIAN_POINT ( 'NONE',  ( 11.09894846507133437, 126.1059671700671174, 40.26491364505290704 ) ) ;
#2701 = ORIENTED_EDGE ( 'NONE', *, *, #6698, .T. ) ;
#2702 = AXIS2_PLACEMENT_3D ( 'NONE', #3502, #5657, #4637 ) ;
#2703 = CARTESIAN_POINT ( 'NONE',  ( 37.19894853087983932, 74.27725659993873819, 40.26491364505290704 ) ) ;
#2704 = DIRECTION ( 'NONE',  ( -1.000000000000000000, 1.156482317317771421E-14, 0.000000000000000000 ) ) ;
#2705 = LINE ( 'NONE', #2319, #3997 ) ;
#2706 = ORIENTED_EDGE ( 'NONE', *, *, #5828, .F. ) ;
#2707 = ADVANCED_FACE ( 'NONE', ( #3684 ), #5906, .F. ) ;
#2708 = ADVANCED_FACE ( 'NONE', ( #3718 ), #443, .T. ) ;
#2709 = DIRECTION ( 'NONE',  ( -1.000000000000000000, -0.000000000000000000, -0.000000000000000000 ) ) ;
#2710 = CARTESIAN_POINT ( 'NONE',  ( 5.600899624619560591, 113.3167369381875744, 39.59874424345301236 ) ) ;
#2711 = ORIENTED_EDGE ( 'NONE', *, *, #3436, .T. ) ;
#2712 = DIRECTION ( 'NONE',  ( -0.000000000000000000, 0.000000000000000000, 1.000000000000000000 ) ) ;
#2713 = CARTESIAN_POINT ( 'NONE',  ( 11.09894846507153687, 24.61591931483222240, 42.76491364505290704 ) ) ;
#2714 = FACE_OUTER_BOUND ( 'NONE', #6532, .T. ) ;
#2715 = VECTOR ( 'NONE', #1878, 1000.000000000000000 ) ;
#2716 = AXIS2_PLACEMENT_3D ( 'NONE', #62, #2258, #1718 ) ;
#2717 = ORIENTED_EDGE ( 'NONE', *, *, #2139, .T. ) ;
#2718 =( BOUNDED_CURVE ( )  B_SPLINE_CURVE ( 3, ( #4599, #5142, #1332, #4533 ),
 .UNSPECIFIED., .F., .F. ) 
 B_SPLINE_CURVE_WITH_KNOTS ( ( 4, 4 ),
 ( 1.410875617208502186, 1.546063381949114524 ),
 .UNSPECIFIED. ) 
 CURVE ( )  GEOMETRIC_REPRESENTATION_ITEM ( )  RATIONAL_B_SPLINE_CURVE ( ( 1.000000000000000000, 0.9984776021322911976, 0.9984776021322911976, 1.000000000000000000 ) ) 
 REPRESENTATION_ITEM ( '' )  );
#2719 = FACE_OUTER_BOUND ( 'NONE', #6025, .T. ) ;
#2720 = CARTESIAN_POINT ( 'NONE',  ( 37.19894853088031539, 2.365992001542803562E-13, 40.26491364505290704 ) ) ;
#2721 = CARTESIAN_POINT ( 'NONE',  ( 33.56111319306151586, 47.09579988552805219, 39.26491364505291415 ) ) ;
#2722 = EDGE_CURVE ( 'NONE', #1125, #6879, #3328, .T. ) ;
#2723 = DIRECTION ( 'NONE',  ( -0.000000000000000000, 0.000000000000000000, 1.000000000000000000 ) ) ;
#2724 = AXIS2_PLACEMENT_3D ( 'NONE', #2595, #435, #5816 ) ;
#2725 = ORIENTED_EDGE ( 'NONE', *, *, #4199, .T. ) ;
#2726 = AXIS2_PLACEMENT_3D ( 'NONE', #1835, #4660, #2996 ) ;
#2727 = CARTESIAN_POINT ( 'NONE',  ( 15.44894849797544190, 121.5059670551347750, 42.76491364505290704 ) ) ;
#2728 = LINE ( 'NONE', #5638, #3117 ) ;
#2729 = EDGE_CURVE ( 'NONE', #2364, #972, #3991, .T. ) ;
#2730 = VECTOR ( 'NONE', #3712, 1000.000000000000000 ) ;
#2731 = ORIENTED_EDGE ( 'NONE', *, *, #819, .F. ) ;
#2732 = AXIS2_PLACEMENT_3D ( 'NONE', #4708, #6827, #1849 ) ;
#2733 = ORIENTED_EDGE ( 'NONE', *, *, #5830, .T. ) ;
#2734 = CARTESIAN_POINT ( 'NONE',  ( 37.94362883003764608, 49.09353322261547703, 38.95764027844452926 ) ) ;
#2735 = EDGE_CURVE ( 'NONE', #3263, #167, #6713, .T. ) ;
#2736 = CYLINDRICAL_SURFACE ( 'NONE', #6452, 0.5000000000000004441 ) ;
#2737 = CARTESIAN_POINT ( 'NONE',  ( 36.69894853087959774, 0.000000000000000000, 41.26491364505290704 ) ) ;
#2738 = VECTOR ( 'NONE', #5404, 1000.000000000000000 ) ;
#2739 = LINE ( 'NONE', #1112, #6257 ) ;
#2740 = CARTESIAN_POINT ( 'NONE',  ( 38.73063804975122792, 46.09356802593332247, 39.01567808292386275 ) ) ;
#2741 = VERTEX_POINT ( 'NONE', #5585 ) ;
#2742 = CARTESIAN_POINT ( 'NONE',  ( 31.44894849797543657, 23.00596112700796425, 42.76491364505290704 ) ) ;
#2743 = EDGE_LOOP ( 'NONE', ( #4487, #7171, #2200, #3253, #2317, #3690, #239, #1984, #5775, #2549, #4094 ) ) ;
#2744 = CIRCLE ( 'NONE', #1243, 1.899999999999985034 ) ;
#2745 = ADVANCED_FACE ( 'NONE', ( #2826 ), #6089, .T. ) ;
#2746 = ADVANCED_FACE ( 'NONE', ( #657 ), #5036, .T. ) ;
#2747 = LINE ( 'NONE', #3826, #4233 ) ;
#2748 = VERTEX_POINT ( 'NONE', #3288 ) ;
#2749 = DIRECTION ( 'NONE',  ( -0.9103664774626049061, 0.000000000000000000, -0.4138029443011835840 ) ) ;
#2750 = CARTESIAN_POINT ( 'NONE',  ( 6.698948465071248748, -4.842009353798626454E-15, 41.26491364505290704 ) ) ;
#2751 = VECTOR ( 'NONE', #4290, 1000.000000000000000 ) ;
#2752 = ORIENTED_EDGE ( 'NONE', *, *, #3919, .T. ) ;
#2753 = LINE ( 'NONE', #3945, #5078 ) ;
#2754 = FACE_OUTER_BOUND ( 'NONE', #4992, .T. ) ;
#2755 = AXIS2_PLACEMENT_3D ( 'NONE', #269, #5254, #6797 ) ;
#2756 = DIRECTION ( 'NONE',  ( -0.0004794411333219911892, -0.9999998850680933415, 0.000000000000000000 ) ) ;
#2757 = EDGE_LOOP ( 'NONE', ( #1491, #592, #109 ) ) ;
#2758 = LINE ( 'NONE', #2250, #756 ) ;
#2759 = CARTESIAN_POINT ( 'NONE',  ( 37.72218489822242304, -12.80532761448480272, 38.26491364505291415 ) ) ;
#2760 = LINE ( 'NONE', #2218, #7158 ) ;
#2761 = AXIS2_PLACEMENT_3D ( 'NONE', #7140, #5555, #2171 ) ;
#2762 = ORIENTED_EDGE ( 'NONE', *, *, #3830, .F. ) ;
#2763 = DIRECTION ( 'NONE',  ( 0.000000000000000000, 0.000000000000000000, -1.000000000000000000 ) ) ;
#2764 = CARTESIAN_POINT ( 'NONE',  ( 37.19894853087960485, 29.75944639304128714, 40.20574033433594963 ) ) ;
#2765 = DIRECTION ( 'NONE',  ( 6.308085367188390241E-16, 1.000000000000000000, 0.000000000000000000 ) ) ;
#2766 = CARTESIAN_POINT ( 'NONE',  ( 11.36925043085716247, 29.62134959144182744, 35.61349548629158335 ) ) ;
#2767 = VECTOR ( 'NONE', #4363, 1000.000000000000000 ) ;
#2768 = VERTEX_POINT ( 'NONE', #6602 ) ;
#2769 = EDGE_CURVE ( 'NONE', #3865, #3565, #2705, .T. ) ;
#2770 = DIRECTION ( 'NONE',  ( -1.000000000000000000, 0.000000000000000000, 0.000000000000000000 ) ) ;
#2771 = ADVANCED_FACE ( 'NONE', ( #2283 ), #5073, .T. ) ;
#2772 = LINE ( 'NONE', #640, #1515 ) ;
#2773 = VECTOR ( 'NONE', #5637, 1000.000000000000114 ) ;
#2774 = ORIENTED_EDGE ( 'NONE', *, *, #5373, .T. ) ;
#2775 = ORIENTED_EDGE ( 'NONE', *, *, #1683, .F. ) ;
#2776 = CARTESIAN_POINT ( 'NONE',  ( 36.69894853087959774, 106.5059670551352298, 40.26491364505290704 ) ) ;
#2777 = FACE_OUTER_BOUND ( 'NONE', #3439, .T. ) ;
#2778 = EDGE_CURVE ( 'NONE', #1672, #411, #504, .T. ) ;
#2779 = LINE ( 'NONE', #6663, #2037 ) ;
#2780 = AXIS2_PLACEMENT_3D ( 'NONE', #895, #1399, #1362 ) ;
#2781 = CARTESIAN_POINT ( 'NONE',  ( 39.01813804975122935, -12.80532761448480450, 39.51567808292393380 ) ) ;
#2782 = DIRECTION ( 'NONE',  ( 0.000000000000000000, 0.000000000000000000, -1.000000000000000000 ) ) ;
#2783 = ORIENTED_EDGE ( 'NONE', *, *, #6769, .F. ) ;
#2784 = CARTESIAN_POINT ( 'NONE',  ( 39.01813804975130751, 111.5059670551350592, 39.51567808292392670 ) ) ;
#2785 = EDGE_CURVE ( 'NONE', #3060, #46, #6750, .T. ) ;
#2786 = ORIENTED_EDGE ( 'NONE', *, *, #2300, .T. ) ;
#2787 = VERTEX_POINT ( 'NONE', #3973 ) ;
#2788 = FACE_OUTER_BOUND ( 'NONE', #2543, .T. ) ;
#2789 = ORIENTED_EDGE ( 'NONE', *, *, #4457, .T. ) ;
#2790 = LINE ( 'NONE', #4999, #1384 ) ;
#2791 = CARTESIAN_POINT ( 'NONE',  ( 9.939144468283069855, 31.50596112700797136, 34.72901526019064278 ) ) ;
#2792 = VERTEX_POINT ( 'NONE', #6197 ) ;
#2793 = CARTESIAN_POINT ( 'NONE',  ( 37.19894853087961906, 29.50657281438603974, 40.26491364505290704 ) ) ;
#2794 = ADVANCED_FACE ( 'NONE', ( #7138 ), #1740, .F. ) ;
#2795 = EDGE_CURVE ( 'NONE', #2003, #3129, #3903, .T. ) ;
#2796 = CARTESIAN_POINT ( 'NONE',  ( 11.53501333027919351, 29.75707990301437889, 36.12509755715471726 ) ) ;
#2797 = CARTESIAN_POINT ( 'NONE',  ( 38.58644849797544651, 73.77725659993859608, 39.26491364505291415 ) ) ;
#2798 = VERTEX_POINT ( 'NONE', #2863 ) ;
#2799 = LINE ( 'NONE', #6756, #5263 ) ;
#2800 = FACE_OUTER_BOUND ( 'NONE', #3663, .T. ) ;
#2801 = CYLINDRICAL_SURFACE ( 'NONE', #2238, 0.5000000000000004441 ) ;
#2802 = CARTESIAN_POINT ( 'NONE',  ( 32.94894849797545078, 62.67725764581948056, 40.26491364505290704 ) ) ;
#2803 = CARTESIAN_POINT ( 'NONE',  ( 26.79189409896359919, 111.5059670551350592, 22.26491364505290349 ) ) ;
#2804 = CARTESIAN_POINT ( 'NONE',  ( 37.19894853087983222, 59.00596112700796425, 41.26491364505290704 ) ) ;
#2805 = ORIENTED_EDGE ( 'NONE', *, *, #3299, .T. ) ;
#2806 = CARTESIAN_POINT ( 'NONE',  ( 38.15563804975124640, 49.27959243637800313, 38.01567808292386985 ) ) ;
#2807 = CARTESIAN_POINT ( 'NONE',  ( 11.59894846507153865, 26.00596112700796070, 41.76491364505290704 ) ) ;
#2808 = AXIS2_PLACEMENT_3D ( 'NONE', #3590, #4066, #1787 ) ;
#2809 = ORIENTED_EDGE ( 'NONE', *, *, #5956, .F. ) ;
#2810 = EDGE_LOOP ( 'NONE', ( #142, #5660, #2233, #150 ) ) ;
#2811 = DIRECTION ( 'NONE',  ( 0.000000000000000000, 0.000000000000000000, -1.000000000000000000 ) ) ;
#2812 = CARTESIAN_POINT ( 'NONE',  ( 38.15563804975123929, 63.17725764581904002, 38.01567808292386985 ) ) ;
#2813 = DIRECTION ( 'NONE',  ( -1.000000000000000000, 2.198557299338474958E-14, 0.000000000000000000 ) ) ;
#2814 = CARTESIAN_POINT ( 'NONE',  ( 12.94894849797545966, 111.5059670551350592, 34.38948260544476199 ) ) ;
#2815 = CARTESIAN_POINT ( 'NONE',  ( 38.17060376524479182, 46.83208410566684421, 38.04170541421701301 ) ) ;
#2816 = ORIENTED_EDGE ( 'NONE', *, *, #1505, .F. ) ;
#2817 = VERTEX_POINT ( 'NONE', #1085 ) ;
#2818 = EDGE_CURVE ( 'NONE', #2198, #1567, #5847, .T. ) ;
#2819 = ADVANCED_BREP_SHAPE_REPRESENTATION ( 'A7670E\X2\591658f34e0b76d6\X0\', ( #29, #2808 ), #5007 ) ;
#2820 = EDGE_LOOP ( 'NONE', ( #2350, #4837, #1064, #4367 ) ) ;
#2821 = CIRCLE ( 'NONE', #3731, 0.5000000000000004441 ) ;
#2822 = EDGE_CURVE ( 'NONE', #577, #6947, #1566, .T. ) ;
#2823 = CARTESIAN_POINT ( 'NONE',  ( 13.24035607321161834, 16.90596112700796283, 42.76491364505290704 ) ) ;
#2824 = ORIENTED_EDGE ( 'NONE', *, *, #4897, .T. ) ;
#2825 = DIRECTION ( 'NONE',  ( -1.000000000000000000, -1.084202172485504187E-16, 0.000000000000000000 ) ) ;
#2826 = FACE_OUTER_BOUND ( 'NONE', #2545, .T. ) ;
#2827 = ORIENTED_EDGE ( 'NONE', *, *, #6022, .T. ) ;
#2828 = VECTOR ( 'NONE', #2192, 1000.000000000000000 ) ;
#2829 = EDGE_CURVE ( 'NONE', #288, #5850, #4963, .T. ) ;
#2830 = CARTESIAN_POINT ( 'NONE',  ( 0.000000000000000000, 122.6059670551352383, 41.26491364505290704 ) ) ;
#2831 = CARTESIAN_POINT ( 'NONE',  ( 9.160030686631598391E-15, 26.00596112700796425, 41.76491364505290704 ) ) ;
#2832 = VERTEX_POINT ( 'NONE', #2205 ) ;
#2833 = CARTESIAN_POINT ( 'NONE',  ( 33.06111325052746963, 47.09603960609472040, 41.26491364505290704 ) ) ;
#2834 = DIRECTION ( 'NONE',  ( -6.308085367188389255E-16, -1.000000000000000000, 2.189528850507526673E-47 ) ) ;
#2835 = CARTESIAN_POINT ( 'NONE',  ( 15.44894849797544190, 121.5059670551347750, 40.26491364505290704 ) ) ;
#2836 = CIRCLE ( 'NONE', #3985, 0.5000000000000004441 ) ;
#2837 = CARTESIAN_POINT ( 'NONE',  ( 32.94894849797544367, 63.17725764581946635, 38.76491364505291415 ) ) ;
#2838 = CARTESIAN_POINT ( 'NONE',  ( 38.04096723883267828, 112.8275999505053449, 40.26491364505296389 ) ) ;
#2839 = CARTESIAN_POINT ( 'NONE',  ( 11.09894846507153687, 30.36591882637166151, 40.26491364505290704 ) ) ;
#2840 = EDGE_CURVE ( 'NONE', #179, #192, #4227, .T. ) ;
#2841 = FACE_OUTER_BOUND ( 'NONE', #4896, .T. ) ;
#2842 = VERTEX_POINT ( 'NONE', #1224 ) ;
#2843 = DIRECTION ( 'NONE',  ( 0.000000000000000000, -1.000000000000000000, 0.000000000000000000 ) ) ;
#2844 = CIRCLE ( 'NONE', #6308, 2.000000000000000444 ) ;
#2845 = CARTESIAN_POINT ( 'NONE',  ( 20.77829802542623128, 1.092148475516835360, 29.26491364505290704 ) ) ;
#2846 = AXIS2_PLACEMENT_3D ( 'NONE', #5394, #2671, #4885 ) ;
#2847 = VERTEX_POINT ( 'NONE', #3535 ) ;
#2848 = EDGE_LOOP ( 'NONE', ( #3875, #6873, #3805, #6014, #2068 ) ) ;
#2849 = AXIS2_PLACEMENT_3D ( 'NONE', #3250, #6076, #1111 ) ;
#2850 = DIRECTION ( 'NONE',  ( 1.000000000000000000, 0.000000000000000000, 0.000000000000000000 ) ) ;
#2851 = CARTESIAN_POINT ( 'NONE',  ( 5.694314745076023745E-12, 62.17725764582249326, 39.76491364505288573 ) ) ;
#2852 = CARTESIAN_POINT ( 'NONE',  ( 10.94894849797545611, 121.0059670551347750, 40.26491364505290704 ) ) ;
#2853 = DIRECTION ( 'NONE',  ( 0.4984711242580832091, -3.144398404898360466E-16, -0.8669063030575349105 ) ) ;
#2854 = VECTOR ( 'NONE', #575, 1000.000000000000000 ) ;
#2855 = AXIS2_PLACEMENT_3D ( 'NONE', #2134, #7108, #2649 ) ;
#2856 = ORIENTED_EDGE ( 'NONE', *, *, #2313, .T. ) ;
#2857 = ORIENTED_EDGE ( 'NONE', *, *, #5083, .T. ) ;
#2858 = AXIS2_PLACEMENT_3D ( 'NONE', #4279, #448, #3759 ) ;
#2859 =( BOUNDED_CURVE ( )  B_SPLINE_CURVE ( 3, ( #6468, #1605, #7052, #2077 ),
 .UNSPECIFIED., .F., .F. ) 
 B_SPLINE_CURVE_WITH_KNOTS ( ( 4, 4 ),
 ( 4.711569461424517158, 6.282365788219400393 ),
 .UNSPECIFIED. ) 
 CURVE ( )  GEOMETRIC_REPRESENTATION_ITEM ( )  RATIONAL_B_SPLINE_CURVE ( ( 1.000000000000000000, 0.8047378541243681571, 0.8047378541243681571, 1.000000000000000000 ) ) 
 REPRESENTATION_ITEM ( '' )  );
#2860 = DIRECTION ( 'NONE',  ( 0.000000000000000000, 0.000000000000000000, -1.000000000000000000 ) ) ;
#2861 = ORIENTED_EDGE ( 'NONE', *, *, #2554, .F. ) ;
#2862 = DIRECTION ( 'NONE',  ( 0.9103664774626049061, 0.000000000000000000, -0.4138029443011835840 ) ) ;
#2863 = CARTESIAN_POINT ( 'NONE',  ( 6.234627116496763044, 32.86591882637195283, 37.15938561284183805 ) ) ;
#2864 = ADVANCED_FACE ( 'NONE', ( #2483 ), #4253, .T. ) ;
#2865 = ORIENTED_EDGE ( 'NONE', *, *, #6234, .F. ) ;
#2866 = CARTESIAN_POINT ( 'NONE',  ( 5.173306856215538652, 31.82405242555796221, 39.54949103862876569 ) ) ;
#2867 = VECTOR ( 'NONE', #5537, 1000.000000000000000 ) ;
#2868 = ADVANCED_FACE ( 'NONE', ( #1945 ), #749, .T. ) ;
#2869 = PLANE ( 'NONE',  #3054 ) ;
#2870 = LINE ( 'NONE', #5760, #1706 ) ;
#2871 = ORIENTED_EDGE ( 'NONE', *, *, #3336, .F. ) ;
#2872 = CARTESIAN_POINT ( 'NONE',  ( 9.598948465071329039, 122.1059670551352383, 41.76491364505290704 ) ) ;
#2873 = VECTOR ( 'NONE', #2723, 1000.000000000000000 ) ;
#2874 = DIRECTION ( 'NONE',  ( -1.000000000000000000, 0.000000000000000000, 0.000000000000000000 ) ) ;
#2875 = EDGE_CURVE ( 'NONE', #1496, #5430, #5108, .T. ) ;
#2876 = LINE ( 'NONE', #6649, #6407 ) ;
#2877 = DIRECTION ( 'NONE',  ( 6.360373330387821219E-15, -1.000000000000000000, 0.000000000000000000 ) ) ;
#2878 = DIRECTION ( 'NONE',  ( -1.000000000000000000, 4.269421518900740951E-16, -2.135044278125296610E-15 ) ) ;
#2879 = LINE ( 'NONE', #6693, #328 ) ;
#2880 = ORIENTED_EDGE ( 'NONE', *, *, #5305, .T. ) ;
#2881 = VECTOR ( 'NONE', #3398, 1000.000000000000000 ) ;
#2882 = CARTESIAN_POINT ( 'NONE',  ( 38.58468489822251257, 74.27725659993859608, 39.76491364505297099 ) ) ;
#2883 = EDGE_CURVE ( 'NONE', #6902, #4874, #3418, .T. ) ;
#2884 = ADVANCED_FACE ( 'NONE', ( #2420 ), #2349, .F. ) ;
#2885 = VERTEX_POINT ( 'NONE', #1806 ) ;
#2886 = ORIENTED_EDGE ( 'NONE', *, *, #1104, .T. ) ;
#2887 = AXIS2_PLACEMENT_3D ( 'NONE', #2087, #973, #4814 ) ;
#2888 = CARTESIAN_POINT ( 'NONE',  ( 38.73063804975122792, 49.69353036767409293, 39.01567808292387696 ) ) ;
#2889 = CYLINDRICAL_SURFACE ( 'NONE', #6807, 0.4999999999999998890 ) ;
#2890 = CARTESIAN_POINT ( 'NONE',  ( 11.21261276845556587, 29.50596112700797136, 34.86822572885626670 ) ) ;
#2891 = CARTESIAN_POINT ( 'NONE',  ( 11.59894846507153687, 29.94275018486963091, 36.87547506762177818 ) ) ;
#2892 = VECTOR ( 'NONE', #5035, 1000.000000000000000 ) ;
#2893 = ORIENTED_EDGE ( 'NONE', *, *, #1004, .T. ) ;
#2894 = ORIENTED_EDGE ( 'NONE', *, *, #7044, .T. ) ;
#2895 = CARTESIAN_POINT ( 'NONE',  ( 13.24035607321161834, -0.000000000000000000, 42.76491364505290704 ) ) ;
#2896 = EDGE_LOOP ( 'NONE', ( #4939, #3775, #1931 ) ) ;
#2897 = CARTESIAN_POINT ( 'NONE',  ( 11.59894846507153865, 28.86591882637165796, 38.15632786135751076 ) ) ;
#2898 = CARTESIAN_POINT ( 'NONE',  ( 38.30019034509830078, 30.66301766662175510, 40.26491364505297099 ) ) ;
#2899 = VERTEX_POINT ( 'NONE', #4011 ) ;
#2900 = CARTESIAN_POINT ( 'NONE',  ( 5.313212097728365890, 32.86591882637218731, 40.26491364505289283 ) ) ;
#2901 = ORIENTED_EDGE ( 'NONE', *, *, #5398, .F. ) ;
#2902 = CARTESIAN_POINT ( 'NONE',  ( -1.596472080479546874E-15, 33.50596112700797846, 23.76491364505290704 ) ) ;
#2903 = LINE ( 'NONE', #5113, #2043 ) ;
#2904 = ORIENTED_EDGE ( 'NONE', *, *, #6944, .F. ) ;
#2905 = DIRECTION ( 'NONE',  ( 0.000000000000000000, -0.000000000000000000, 1.000000000000000000 ) ) ;
#2906 = CIRCLE ( 'NONE', #2552, 1.899999999999978151 ) ;
#2907 = LINE ( 'NONE', #5594, #2618 ) ;
#2908 = CARTESIAN_POINT ( 'NONE',  ( 8.598948465071316605, 126.5059670551352298, 42.76491364505290704 ) ) ;
#2909 = EDGE_CURVE ( 'NONE', #6008, #2266, #4346, .T. ) ;
#2910 = CARTESIAN_POINT ( 'NONE',  ( 6.698948465071336678, 122.1059670551352383, 41.26491364505290704 ) ) ;
#2911 = DIRECTION ( 'NONE',  ( 0.000000000000000000, 0.000000000000000000, -1.000000000000000000 ) ) ;
#2912 = DIRECTION ( 'NONE',  ( 0.000000000000000000, 0.000000000000000000, 1.000000000000000000 ) ) ;
#2913 = CARTESIAN_POINT ( 'NONE',  ( 21.44894849797543301, -0.000000000000000000, 42.76491364505290704 ) ) ;
#2914 = ORIENTED_EDGE ( 'NONE', *, *, #838, .T. ) ;
#2915 = EDGE_CURVE ( 'NONE', #2368, #4489, #7013, .T. ) ;
#2916 = VERTEX_POINT ( 'NONE', #4047 ) ;
#2917 = ORIENTED_EDGE ( 'NONE', *, *, #6019, .T. ) ;
#2918 = SPHERICAL_SURFACE ( 'NONE', #2367, 2.000000000000000000 ) ;
#2919 = DIRECTION ( 'NONE',  ( 0.000000000000000000, 0.000000000000000000, 1.000000000000000000 ) ) ;
#2920 = EDGE_CURVE ( 'NONE', #2609, #2281, #3641, .T. ) ;
#2921 = EDGE_CURVE ( 'NONE', #4816, #5137, #6849, .T. ) ;
#2922 = LINE ( 'NONE', #2476, #6735 ) ;
#2923 = ORIENTED_EDGE ( 'NONE', *, *, #1208, .F. ) ;
#2924 = ORIENTED_EDGE ( 'NONE', *, *, #2735, .F. ) ;
#2925 = DIRECTION ( 'NONE',  ( 0.000000000000000000, 0.000000000000000000, 1.000000000000000000 ) ) ;
#2926 = VERTEX_POINT ( 'NONE', #3602 ) ;
#2927 = DIRECTION ( 'NONE',  ( 0.000000000000000000, 0.000000000000000000, 1.000000000000000000 ) ) ;
#2928 = CARTESIAN_POINT ( 'NONE',  ( 11.09894846507153687, 25.11591931483222240, 40.26491364505290704 ) ) ;
#2929 = VERTEX_POINT ( 'NONE', #2013 ) ;
#2930 = DIRECTION ( 'NONE',  ( 0.000000000000000000, -1.000000000000000000, 0.000000000000000000 ) ) ;
#2931 = ORIENTED_EDGE ( 'NONE', *, *, #1192, .T. ) ;
#2932 = AXIS2_PLACEMENT_3D ( 'NONE', #4255, #6466, #3698 ) ;
#2933 = DIRECTION ( 'NONE',  ( -1.000000000000000000, 0.000000000000000000, 0.000000000000000000 ) ) ;
#2934 = DIRECTION ( 'NONE',  ( -0.000000000000000000, -0.000000000000000000, 1.000000000000000000 ) ) ;
#2935 = ORIENTED_EDGE ( 'NONE', *, *, #4083, .F. ) ;
#2936 = DIRECTION ( 'NONE',  ( 0.000000000000000000, 0.000000000000000000, -1.000000000000000000 ) ) ;
#2937 = CIRCLE ( 'NONE', #5945, 0.5000000000000004441 ) ;
#2938 = EDGE_CURVE ( 'NONE', #1738, #7009, #4850, .T. ) ;
#2939 = CARTESIAN_POINT ( 'NONE',  ( 33.41289214232728000, 17.40596112700752940, 42.76491364505290704 ) ) ;
#2940 = B_SPLINE_CURVE_WITH_KNOTS ( 'NONE', 3,
 ( #2568, #4948, #369, #3039 ),
 .UNSPECIFIED., .F., .F.,
 ( 4, 4 ),
 ( 0.000000000000000000, 3.005344473083595413E-05 ),
 .UNSPECIFIED. ) ;
#2941 = CARTESIAN_POINT ( 'NONE',  ( 38.27082962298435120, 73.89180333315188420, 38.21601125376405150 ) ) ;
#2942 = LINE ( 'NONE', #804, #4704 ) ;
#2943 = VECTOR ( 'NONE', #3385, 1000.000000000000000 ) ;
#2944 = VERTEX_POINT ( 'NONE', #5385 ) ;
#2945 = LINE ( 'NONE', #6894, #1144 ) ;
#2946 = VERTEX_POINT ( 'NONE', #3636 ) ;
#2947 = EDGE_CURVE ( 'NONE', #92, #4048, #1687, .T. ) ;
#2948 = AXIS2_PLACEMENT_3D ( 'NONE', #2408, #3626, #885 ) ;
#2949 = ORIENTED_EDGE ( 'NONE', *, *, #3132, .F. ) ;
#2950 = EDGE_CURVE ( 'NONE', #5969, #5408, #364, .T. ) ;
#2951 = VERTEX_POINT ( 'NONE', #2121 ) ;
#2952 = DIRECTION ( 'NONE',  ( -0.000000000000000000, -0.000000000000000000, 1.000000000000000000 ) ) ;
#2953 = CARTESIAN_POINT ( 'NONE',  ( 38.73063804975122082, 46.09356802593331537, 39.01567808292387696 ) ) ;
#2954 = TOROIDAL_SURFACE ( 'NONE', #1680, 5.499999999999998224, 2.000000000000000000 ) ;
#2955 = CARTESIAN_POINT ( 'NONE',  ( 38.15563804975123929, 63.17725764581904002, 38.01567808292386985 ) ) ;
#2956 = ORIENTED_EDGE ( 'NONE', *, *, #6158, .F. ) ;
#2957 = VECTOR ( 'NONE', #7097, 1000.000000000000000 ) ;
#2958 = ADVANCED_FACE ( 'NONE', ( #2085 ), #3178, .T. ) ;
#2959 = ORIENTED_EDGE ( 'NONE', *, *, #5800, .F. ) ;
#2960 = DIRECTION ( 'NONE',  ( -0.000000000000000000, -0.000000000000000000, 1.000000000000000000 ) ) ;
#2961 = ORIENTED_EDGE ( 'NONE', *, *, #2631, .F. ) ;
#2962 = LINE ( 'NONE', #4152, #810 ) ;
#2963 = VECTOR ( 'NONE', #1544, 1000.000000000000000 ) ;
#2964 = DIRECTION ( 'NONE',  ( 9.156478491488279810E-14, 1.000000000000000000, 0.000000000000000000 ) ) ;
#2965 = ORIENTED_EDGE ( 'NONE', *, *, #2414, .F. ) ;
#2966 = DIRECTION ( 'NONE',  ( -1.000000000000000000, 0.000000000000000000, 6.308085367188391227E-15 ) ) ;
#2967 = ADVANCED_FACE ( 'NONE', ( #6371 ), #6516, .F. ) ;
#2968 = ORIENTED_EDGE ( 'NONE', *, *, #1933, .T. ) ;
#2969 = EDGE_CURVE ( 'NONE', #1567, #6764, #7062, .T. ) ;
#2970 = AXIS2_PLACEMENT_3D ( 'NONE', #3614, #5832, #7040 ) ;
#2971 = VECTOR ( 'NONE', #6023, 1000.000000000000000 ) ;
#2972 = FACE_OUTER_BOUND ( 'NONE', #5914, .T. ) ;
#2973 = DIRECTION ( 'NONE',  ( 6.938893903908282296E-15, -1.000000000000000000, 0.000000000000000000 ) ) ;
#2974 = EDGE_LOOP ( 'NONE', ( #5017, #3459, #1358, #2224 ) ) ;
#2975 = CARTESIAN_POINT ( 'NONE',  ( 25.69894853087959063, 119.0059670551349171, 42.76491364505290704 ) ) ;
#2976 = CARTESIAN_POINT ( 'NONE',  ( 28.12661459656889562, 31.50596112700795715, 26.98899745139637929 ) ) ;
#2977 = AXIS2_PLACEMENT_3D ( 'NONE', #6754, #4053, #700 ) ;
#2978 = DIRECTION ( 'NONE',  ( 1.000000000000000000, 0.000000000000000000, 0.000000000000000000 ) ) ;
#2979 = LINE ( 'NONE', #730, #4319 ) ;
#2980 = CIRCLE ( 'NONE', #4949, 0.5000000000000004441 ) ;
#2981 = CARTESIAN_POINT ( 'NONE',  ( 25.12762917984034061, -0.01204722039637441157, 40.26491364505290704 ) ) ;
#2982 = CARTESIAN_POINT ( 'NONE',  ( 30.45596412401980402, 111.5059670551350592, 32.11356641178826266 ) ) ;
#2983 = ORIENTED_EDGE ( 'NONE', *, *, #5391, .F. ) ;
#2984 = CIRCLE ( 'NONE', #3904, 0.5000000000000004441 ) ;
#2985 = ORIENTED_EDGE ( 'NONE', *, *, #429, .F. ) ;
#2986 = ORIENTED_EDGE ( 'NONE', *, *, #3795, .T. ) ;
#2987 = ADVANCED_FACE ( 'NONE', ( #2560 ), #1331, .F. ) ;
#2988 = CARTESIAN_POINT ( 'NONE',  ( 38.29718489822242589, 73.77725659993862450, 39.26491364505291415 ) ) ;
#2989 = EDGE_CURVE ( 'NONE', #2339, #1949, #3214, .T. ) ;
#2990 = CARTESIAN_POINT ( 'NONE',  ( 10.94894849797544012, 117.0059670551347750, 42.76491364505290704 ) ) ;
#2991 = AXIS2_PLACEMENT_3D ( 'NONE', #7106, #4351, #6569 ) ;
#2992 = PLANE ( 'NONE',  #1050 ) ;
#2993 = CIRCLE ( 'NONE', #3914, 0.5000000000000004441 ) ;
#2994 = ORIENTED_EDGE ( 'NONE', *, *, #5448, .T. ) ;
#2995 = ORIENTED_EDGE ( 'NONE', *, *, #6725, .T. ) ;
#2996 = DIRECTION ( 'NONE',  ( -1.000000000000000000, 0.000000000000000000, 0.000000000000000000 ) ) ;
#2997 = VERTEX_POINT ( 'NONE', #6987 ) ;
#2998 = AXIS2_PLACEMENT_3D ( 'NONE', #4875, #3098, #1569 ) ;
#2999 = FACE_OUTER_BOUND ( 'NONE', #727, .T. ) ;
#3000 = CARTESIAN_POINT ( 'NONE',  ( 37.43333106644980290, 29.56440555242251378, 39.69822752885448125 ) ) ;
#3001 = EDGE_CURVE ( 'NONE', #288, #1287, #5047, .T. ) ;
#3002 = CARTESIAN_POINT ( 'NONE',  ( 4.544236012511282397, 32.19736524669567501, 40.26491364505289283 ) ) ;
#3003 = EDGE_LOOP ( 'NONE', ( #6821, #3859, #3153, #569 ) ) ;
#3004 = CYLINDRICAL_SURFACE ( 'NONE', #5364, 2.000000000000000000 ) ;
#3005 = DIRECTION ( 'NONE',  ( 1.000000000000000000, -4.269421518900740951E-16, 2.891205793294677833E-16 ) ) ;
#3006 = ORIENTED_EDGE ( 'NONE', *, *, #6897, .T. ) ;
#3007 = DIRECTION ( 'NONE',  ( 0.4984711242580830981, 0.000000000000000000, -0.8669063030575350215 ) ) ;
#3008 = CARTESIAN_POINT ( 'NONE',  ( 9.939144468283066303, 31.50596112700797136, 34.72901526019064278 ) ) ;
#3009 = DIRECTION ( 'NONE',  ( -0.000000000000000000, -0.000000000000000000, 1.000000000000000000 ) ) ;
#3010 = EDGE_CURVE ( 'NONE', #1612, #1540, #5965, .T. ) ;
#3011 = EDGE_CURVE ( 'NONE', #2379, #5412, #4882, .T. ) ;
#3012 = CARTESIAN_POINT ( 'NONE',  ( 37.19894853087961195, 122.6059670551352525, 42.76491364505290704 ) ) ;
#3013 = CARTESIAN_POINT ( 'NONE',  ( 38.58644849779830821, 73.27765556097340038, 38.76491364474403412 ) ) ;
#3014 = AXIS2_PLACEMENT_3D ( 'NONE', #466, #7093, #2159 ) ;
#3015 = DIRECTION ( 'NONE',  ( 0.000000000000000000, 0.000000000000000000, -1.000000000000000000 ) ) ;
#3016 = ORIENTED_EDGE ( 'NONE', *, *, #3474, .F. ) ;
#3017 = DIRECTION ( 'NONE',  ( -1.000000000000000000, 0.000000000000000000, -0.000000000000000000 ) ) ;
#3018 = EDGE_LOOP ( 'NONE', ( #2539, #4906, #3343 ) ) ;
#3019 = CARTESIAN_POINT ( 'NONE',  ( 11.09894846507153687, 29.50596112700797136, 34.72901526019064278 ) ) ;
#3020 =( NAMED_UNIT ( * ) SI_UNIT ( $, .STERADIAN. ) SOLID_ANGLE_UNIT ( ) );
#3021 = ORIENTED_EDGE ( 'NONE', *, *, #5001, .T. ) ;
#3022 = ORIENTED_EDGE ( 'NONE', *, *, #1355, .T. ) ;
#3023 = CARTESIAN_POINT ( 'NONE',  ( 6.816527379245226115, 31.03787369310246547, 40.13737303589373795 ) ) ;
#3024 = PLANE ( 'NONE',  #7071 ) ;
#3025 = ADVANCED_FACE ( 'NONE', ( #7094 ), #3107, .T. ) ;
#3026 = EDGE_CURVE ( 'NONE', #187, #3734, #5317, .T. ) ;
#3027 = VERTEX_POINT ( 'NONE', #3676 ) ;
#3028 = VERTEX_POINT ( 'NONE', #5274 ) ;
#3029 = LINE ( 'NONE', #968, #82 ) ;
#3030 = ORIENTED_EDGE ( 'NONE', *, *, #51, .T. ) ;
#3031 = CARTESIAN_POINT ( 'NONE',  ( 34.79894853087962758, 74.60596705513525251, 42.76491364505290704 ) ) ;
#3032 = CARTESIAN_POINT ( 'NONE',  ( 37.72164162524061481, 29.53548521359033785, 40.26491364505296389 ) ) ;
#3033 = VERTEX_POINT ( 'NONE', #5931 ) ;
#3034 = ADVANCED_FACE ( 'NONE', ( #326 ), #971, .T. ) ;
#3035 = DIRECTION ( 'NONE',  ( -1.000000000000000000, -0.000000000000000000, -0.000000000000000000 ) ) ;
#3036 = VERTEX_POINT ( 'NONE', #1113 ) ;
#3037 = EDGE_CURVE ( 'NONE', #1685, #3776, #6552, .T. ) ;
#3038 = CYLINDRICAL_SURFACE ( 'NONE', #1662, 0.5000000000000004441 ) ;
#3039 = CARTESIAN_POINT ( 'NONE',  ( 6.698948465071296710, 31.36591882637202033, 40.26403719366631151 ) ) ;
#3040 = ORIENTED_EDGE ( 'NONE', *, *, #3994, .F. ) ;
#3041 = FACE_OUTER_BOUND ( 'NONE', #2974, .T. ) ;
#3042 = CARTESIAN_POINT ( 'NONE',  ( 11.55398358206829457, 29.50596112700797136, 35.28564741525434556 ) ) ;
#3043 = CARTESIAN_POINT ( 'NONE',  ( 38.15563804975123219, 48.69380593142552982, 38.01567808292386985 ) ) ;
#3044 = CARTESIAN_POINT ( 'NONE',  ( 26.79189409896354945, 31.50596112700796425, 22.26491364505290349 ) ) ;
#3045 = EDGE_CURVE ( 'NONE', #4878, #896, #2232, .T. ) ;
#3046 = CARTESIAN_POINT ( 'NONE',  ( 7.968439722612014720, 30.86591882637194217, 38.15632786135768129 ) ) ;
#3047 = PLANE ( 'NONE',  #5745 ) ;
#3048 = EDGE_LOOP ( 'NONE', ( #3266, #5529, #4530, #4523 ) ) ;
#3049 = CARTESIAN_POINT ( 'NONE',  ( 23.11959897052462409, 109.5059670551350592, 29.26491364505290704 ) ) ;
#3050 = VERTEX_POINT ( 'NONE', #3821 ) ;
#3051 = AXIS2_PLACEMENT_3D ( 'NONE', #3758, #2645, #2607 ) ;
#3052 = DIRECTION ( 'NONE',  ( -1.000000000000000000, -5.204171026055666413E-15, 0.000000000000000000 ) ) ;
#3053 = EDGE_LOOP ( 'NONE', ( #6917, #5686, #4187, #3881 ) ) ;
#3054 = AXIS2_PLACEMENT_3D ( 'NONE', #126, #1167, #3369 ) ;
#3055 = EDGE_CURVE ( 'NONE', #32, #6809, #1244, .T. ) ;
#3056 = VERTEX_POINT ( 'NONE', #4486 ) ;
#3057 = DIRECTION ( 'NONE',  ( -6.308085367188390241E-16, -1.000000000000000000, -1.221322793807759193E-32 ) ) ;
#3058 = CARTESIAN_POINT ( 'NONE',  ( 0.000000000000000000, 122.6059670551352525, 41.26491364505290704 ) ) ;
#3059 = VECTOR ( 'NONE', #3558, 1000.000000000000000 ) ;
#3060 = VERTEX_POINT ( 'NONE', #2698 ) ;
#3061 = ORIENTED_EDGE ( 'NONE', *, *, #1057, .F. ) ;
#3062 = CIRCLE ( 'NONE', #4917, 2.000000000000001776 ) ;
#3063 = ADVANCED_FACE ( 'NONE', ( #4335 ), #4996, .T. ) ;
#3064 = CARTESIAN_POINT ( 'NONE',  ( 13.44193287193113484, 109.5059670551350592, 32.11356641178824844 ) ) ;
#3065 = ORIENTED_EDGE ( 'NONE', *, *, #4785, .T. ) ;
#3066 = CARTESIAN_POINT ( 'NONE',  ( 33.19894853088243281, 7.898193654070962700E-13, 40.26491364505290704 ) ) ;
#3067 = AXIS2_PLACEMENT_3D ( 'NONE', #4857, #3365, #1165 ) ;
#3068 = CIRCLE ( 'NONE', #4228, 2.000000000000000444 ) ;
#3069 = FACE_OUTER_BOUND ( 'NONE', #4686, .T. ) ;
#3070 = ORIENTED_EDGE ( 'NONE', *, *, #3180, .T. ) ;
#3071 = CARTESIAN_POINT ( 'NONE',  ( 38.14644637439578645, 49.18058891404747612, 39.13403969501224111 ) ) ;
#3072 = CARTESIAN_POINT ( 'NONE',  ( 25.69894853087959063, 112.5059670551349029, 41.26491364505290704 ) ) ;
#3073 = VECTOR ( 'NONE', #6263, 1000.000000000000000 ) ;
#3074 = LINE ( 'NONE', #3682, #2137 ) ;
#3075 = LINE ( 'NONE', #6885, #4737 ) ;
#3076 = DIRECTION ( 'NONE',  ( -6.308085367188389255E-16, -1.000000000000000000, 0.000000000000000000 ) ) ;
#3077 = EDGE_CURVE ( 'NONE', #3748, #1312, #6078, .T. ) ;
#3078 = CARTESIAN_POINT ( 'NONE',  ( 14.96405834093910237, 1.092148475516849349, -6.801844700426885382 ) ) ;
#3079 = CIRCLE ( 'NONE', #4001, 0.5000000000000004441 ) ;
#3080 = AXIS2_PLACEMENT_3D ( 'NONE', #6644, #5046, #6757 ) ;
#3081 = DIRECTION ( 'NONE',  ( 2.135044278125296610E-15, -1.346804156914148331E-30, -1.000000000000000000 ) ) ;
#3082 = CARTESIAN_POINT ( 'NONE',  ( 10.94894849797543834, 60.50596112700797136, 41.26491364505290704 ) ) ;
#3083 = EDGE_LOOP ( 'NONE', ( #2352, #4075, #5485, #2203, #6269 ) ) ;
#3084 = CARTESIAN_POINT ( 'NONE',  ( 11.59894846507153865, 30.86591882637161532, 42.76491364505290704 ) ) ;
#3085 = AXIS2_PLACEMENT_3D ( 'NONE', #1138, #3339, #5596 ) ;
#3086 = ORIENTED_EDGE ( 'NONE', *, *, #2818, .T. ) ;
#3087 =( BOUNDED_SURFACE ( )  B_SPLINE_SURFACE ( 3, 2, ( 
 ( #672, #5117, #3046 ),
 ( #6928, #266, #2433 ),
 ( #708, #1958, #4092 ),
 ( #163, #5148, #6310 ),
 ( #3547, #1341, #2398 ),
 ( #6350, #1922, #4132 ) ),
 .UNSPECIFIED., .F., .F., .F. ) 
 B_SPLINE_SURFACE_WITH_KNOTS ( ( 4, 2, 4 ),
 ( 3, 3 ),
 ( 1.570796326794896114, 1.832595714593970637, 2.094395102393045160 ),
 ( 0.000000000000000000, 1.000000000000000000 ),
 .UNSPECIFIED. ) 
 GEOMETRIC_REPRESENTATION_ITEM ( )  RATIONAL_B_SPLINE_SURFACE ( (
 ( 1.000000000000000000, 0.7071067811865479058, 1.000000000000000000),
 ( 1.000000000000000000, 0.6917308091208608234, 1.000000000000000000),
 ( 1.000000000000000000, 0.6758367101958957512, 1.000000000000000000),
 ( 1.000000000000000000, 0.6440012947186046777, 1.000000000000000000),
 ( 1.000000000000000000, 0.6280597919835325671, 1.000000000000000000),
 ( 1.000000000000000000, 0.6126844366682392407, 1.000000000000000000) ) ) 
 REPRESENTATION_ITEM ( '' )  SURFACE ( )  );
#3088 = CARTESIAN_POINT ( 'NONE',  ( 0.02335448178348276463, 48.71188030348289999, 38.76491364505291415 ) ) ;
#3089 = EDGE_CURVE ( 'NONE', #3235, #6073, #5027, .T. ) ;
#3090 = LINE ( 'NONE', #4866, #4843 ) ;
#3091 = AXIS2_PLACEMENT_3D ( 'NONE', #5676, #6115, #3931 ) ;
#3092 = ORIENTED_EDGE ( 'NONE', *, *, #580, .T. ) ;
#3093 = EDGE_LOOP ( 'NONE', ( #1526, #1469, #6458, #1976 ) ) ;
#3094 = DIRECTION ( 'NONE',  ( -1.000000000000000000, 0.000000000000000000, 0.000000000000000000 ) ) ;
#3095 = CARTESIAN_POINT ( 'NONE',  ( 25.19894853087956221, 116.5059670551347750, 41.26491364505290704 ) ) ;
#3096 = CARTESIAN_POINT ( 'NONE',  ( 21.94894849797543301, 23.00596112700796425, 41.76491364505290704 ) ) ;
#3097 = EDGE_LOOP ( 'NONE', ( #6876, #5959, #7096, #14 ) ) ;
#3098 = DIRECTION ( 'NONE',  ( -0.4984711242580767143, 3.639299371234467355E-14, -0.8669063030575386852 ) ) ;
#3099 = VECTOR ( 'NONE', #520, 1000.000000000000000 ) ;
#3100 = DIRECTION ( 'NONE',  ( 0.000000000000000000, -0.000000000000000000, -1.000000000000000000 ) ) ;
#3101 = EDGE_CURVE ( 'NONE', #6279, #1209, #5518, .T. ) ;
#3102 = VERTEX_POINT ( 'NONE', #1563 ) ;
#3103 = EDGE_LOOP ( 'NONE', ( #1177, #5422, #1030, #2401 ) ) ;
#3104 = CARTESIAN_POINT ( 'NONE',  ( 26.79189409896359919, 111.5059670551350592, 20.26491364505290704 ) ) ;
#3105 = VERTEX_POINT ( 'NONE', #6973 ) ;
#3106 = CARTESIAN_POINT ( 'NONE',  ( 8.598948465071316605, 126.5059670551352298, 40.26491364505290704 ) ) ;
#3107 = SPHERICAL_SURFACE ( 'NONE', #6434, 2.000000000000000000 ) ;
#3108 = VECTOR ( 'NONE', #6453, 1000.000000000000000 ) ;
#3109 = CARTESIAN_POINT ( 'NONE',  ( 37.11502992085537755, 112.9888520901056808, 40.26491364505296389 ) ) ;
#3110 = VERTEX_POINT ( 'NONE', #1499 ) ;
#3111 = FACE_OUTER_BOUND ( 'NONE', #4413, .T. ) ;
#3112 = VECTOR ( 'NONE', #2843, 1000.000000000000000 ) ;
#3113 = CARTESIAN_POINT ( 'NONE',  ( 6.698948465071336678, 122.6059670551352383, 40.26491364505290704 ) ) ;
#3114 = CARTESIAN_POINT ( 'NONE',  ( 5.349912863769809235, 111.8608273660492216, 40.26491364505289994 ) ) ;
#3115 = DIRECTION ( 'NONE',  ( 3.469446951953611033E-15, 1.000000000000000000, 0.000000000000000000 ) ) ;
#3116 = CARTESIAN_POINT ( 'NONE',  ( -0.000000000000000000, 74.60596705513523830, 42.76491364505290704 ) ) ;
#3117 = VECTOR ( 'NONE', #27, 1000.000000000000000 ) ;
#3118 = CARTESIAN_POINT ( 'NONE',  ( 7.448948465071308256, 0.000000000000000000, 40.26491364505290704 ) ) ;
#3119 = AXIS2_PLACEMENT_3D ( 'NONE', #503, #4380, #2704 ) ;
#3120 = FACE_OUTER_BOUND ( 'NONE', #200, .T. ) ;
#3121 = CARTESIAN_POINT ( 'NONE',  ( 0.000000000000000000, 24.61591931483222240, 40.26491364505290704 ) ) ;
#3122 = ORIENTED_EDGE ( 'NONE', *, *, #1505, .T. ) ;
#3123 = CARTESIAN_POINT ( 'NONE',  ( 15.94894849797544367, 121.0059670551347750, 42.76491364505290704 ) ) ;
#3124 = ORIENTED_EDGE ( 'NONE', *, *, #1082, .T. ) ;
#3125 = DIRECTION ( 'NONE',  ( -1.000000000000000000, 0.000000000000000000, 0.000000000000000000 ) ) ;
#3126 = DIRECTION ( 'NONE',  ( -1.000000000000000000, -2.891205793294665507E-16, 0.000000000000000000 ) ) ;
#3127 = CIRCLE ( 'NONE', #2321, 0.5000000000000004441 ) ;
#3128 = VERTEX_POINT ( 'NONE', #2683 ) ;
#3129 = VERTEX_POINT ( 'NONE', #3625 ) ;
#3130 = CYLINDRICAL_SURFACE ( 'NONE', #3763, 0.5000000000000004441 ) ;
#3131 = DIRECTION ( 'NONE',  ( -0.0004794411333358689770, -0.9999998850680933415, -0.000000000000000000 ) ) ;
#3132 = EDGE_CURVE ( 'NONE', #1125, #4769, #4817, .T. ) ;
#3133 = CARTESIAN_POINT ( 'NONE',  ( 32.94894849797543657, 33.50596112700795715, 42.76491364505290704 ) ) ;
#3134 = ORIENTED_EDGE ( 'NONE', *, *, #2375, .T. ) ;
#3135 = DIRECTION ( 'NONE',  ( 3.469446694862101795E-16, 1.000000000000000000, 0.000000000000000000 ) ) ;
#3136 = AXIS2_PLACEMENT_3D ( 'NONE', #427, #1571, #462 ) ;
#3137 = DIRECTION ( 'NONE',  ( 0.000000000000000000, -1.000000000000000000, 0.000000000000000000 ) ) ;
#3138 = ORIENTED_EDGE ( 'NONE', *, *, #938, .F. ) ;
#3139 = VERTEX_POINT ( 'NONE', #2657 ) ;
#3140 = EDGE_CURVE ( 'NONE', #577, #2003, #4871, .T. ) ;
#3141 = EDGE_CURVE ( 'NONE', #4113, #4086, #6503, .T. ) ;
#3142 = CARTESIAN_POINT ( 'NONE',  ( 6.698948465071296710, 31.36591882637202033, 42.76491364505290704 ) ) ;
#3143 = ORIENTED_EDGE ( 'NONE', *, *, #1534, .T. ) ;
#3144 = CARTESIAN_POINT ( 'NONE',  ( 6.698948465071300262, 24.11591931483221884, 40.26491364505290704 ) ) ;
#3145 = DIRECTION ( 'NONE',  ( -0.000000000000000000, -0.000000000000000000, -1.000000000000000000 ) ) ;
#3146 = EDGE_LOOP ( 'NONE', ( #6568, #354, #1374, #3427 ) ) ;
#3147 = LINE ( 'NONE', #4852, #4273 ) ;
#3148 = EDGE_LOOP ( 'NONE', ( #4224, #5172, #3122, #4316 ) ) ;
#3149 = EDGE_CURVE ( 'NONE', #4147, #1253, #761, .T. ) ;
#3150 = CARTESIAN_POINT ( 'NONE',  ( 6.698948465071248748, -4.842009353798626454E-15, 40.26491364505290704 ) ) ;
#3151 = DIRECTION ( 'NONE',  ( 1.000000000000000000, 0.000000000000000000, 0.000000000000000000 ) ) ;
#3152 = FACE_OUTER_BOUND ( 'NONE', #5550, .T. ) ;
#3153 = ORIENTED_EDGE ( 'NONE', *, *, #6498, .F. ) ;
#3154 = DIRECTION ( 'NONE',  ( 0.000000000000000000, 1.000000000000000000, 0.000000000000000000 ) ) ;
#3155 = CARTESIAN_POINT ( 'NONE',  ( 37.19894853087959774, 122.6059670551352525, 40.26491364505290704 ) ) ;
#3156 = LINE ( 'NONE', #6493, #1820 ) ;
#3157 = ORIENTED_EDGE ( 'NONE', *, *, #317, .F. ) ;
#3158 = LINE ( 'NONE', #4892, #5185 ) ;
#3159 = ORIENTED_EDGE ( 'NONE', *, *, #4466, .F. ) ;
#3160 = CARTESIAN_POINT ( 'NONE',  ( 11.09894846507153687, 29.50596112700797136, 34.72901526019064278 ) ) ;
#3161 = EDGE_CURVE ( 'NONE', #2787, #2944, #1461, .T. ) ;
#3162 = FACE_OUTER_BOUND ( 'NONE', #4216, .T. ) ;
#3163 = ORIENTED_EDGE ( 'NONE', *, *, #4942, .T. ) ;
#3164 = CARTESIAN_POINT ( 'NONE',  ( 4.879758946199654446, 111.5059670551350592, 39.51567808292384854 ) ) ;
#3165 = PLANE ( 'NONE',  #2390 ) ;
#3166 = FACE_OUTER_BOUND ( 'NONE', #4389, .T. ) ;
#3167 = CARTESIAN_POINT ( 'NONE',  ( 7.198948465071300262, 24.11591931483222240, 40.26491364505290704 ) ) ;
#3168 = ORIENTED_EDGE ( 'NONE', *, *, #6588, .F. ) ;
#3169 = CARTESIAN_POINT ( 'NONE',  ( 33.06111319306151586, 47.09579988552805219, 39.26491364505291415 ) ) ;
#3170 = ADVANCED_FACE ( 'NONE', ( #958 ), #3165, .F. ) ;
#3171 = CARTESIAN_POINT ( 'NONE',  ( 12.94894849797509018, 31.50596112700795715, 41.26491364505290704 ) ) ;
#3172 = CIRCLE ( 'NONE', #7107, 0.5000000000000004441 ) ;
#3173 = EDGE_CURVE ( 'NONE', #4074, #2817, #6321, .T. ) ;
#3174 = ORIENTED_EDGE ( 'NONE', *, *, #3567, .T. ) ;
#3175 = ORIENTED_EDGE ( 'NONE', *, *, #7050, .T. ) ;
#3176 = CARTESIAN_POINT ( 'NONE',  ( 20.74308978403441373, -12.80532761448480095, 11.92727662581982173 ) ) ;
#3177 = CARTESIAN_POINT ( 'NONE',  ( 38.65535716205388894, 62.17725764584046289, 38.88475479997195805 ) ) ;
#3178 = PLANE ( 'NONE',  #2724 ) ;
#3179 = LINE ( 'NONE', #1514, #1035 ) ;
#3180 = EDGE_CURVE ( 'NONE', #5206, #159, #2105, .T. ) ;
#3181 = VERTEX_POINT ( 'NONE', #486 ) ;
#3182 = LINE ( 'NONE', #6486, #191 ) ;
#3183 = AXIS2_PLACEMENT_3D ( 'NONE', #946, #335, #2571 ) ;
#3184 = DIRECTION ( 'NONE',  ( -0.000000000000000000, -0.000000000000000000, 1.000000000000000000 ) ) ;
#3185 = AXIS2_PLACEMENT_3D ( 'NONE', #93, #5560, #2325 ) ;
#3186 = CARTESIAN_POINT ( 'NONE',  ( 38.58468489822251257, 74.27725659993859608, 39.76491364505297099 ) ) ;
#3187 = CARTESIAN_POINT ( 'NONE',  ( 29.21939898180237094, 49.69788263214219626, 23.47745987736578854 ) ) ;
#3188 = ADVANCED_FACE ( 'NONE', ( #6576 ), #5450, .F. ) ;
#3189 = AXIS2_PLACEMENT_3D ( 'NONE', #1981, #1546, #4775 ) ;
#3190 = CIRCLE ( 'NONE', #6436, 0.5000000000000004441 ) ;
#3191 = DIRECTION ( 'NONE',  ( -0.4138029443011855268, 0.000000000000000000, -0.9103664774626040179 ) ) ;
#3192 = FACE_OUTER_BOUND ( 'NONE', #562, .T. ) ;
#3193 = ORIENTED_EDGE ( 'NONE', *, *, #6243, .F. ) ;
#3194 = LINE ( 'NONE', #377, #4025 ) ;
#3195 = ORIENTED_EDGE ( 'NONE', *, *, #4588, .F. ) ;
#3196 = CARTESIAN_POINT ( 'NONE',  ( 12.94894849797509018, 31.50596112700797136, 42.76491364505290704 ) ) ;
#3197 = AXIS2_PLACEMENT_3D ( 'NONE', #7113, #457, #2617 ) ;
#3198 = VECTOR ( 'NONE', #130, 1000.000000000000000 ) ;
#3199 = LINE ( 'NONE', #4794, #7039 ) ;
#3200 = ORIENTED_EDGE ( 'NONE', *, *, #5576, .F. ) ;
#3201 = ORIENTED_EDGE ( 'NONE', *, *, #5748, .T. ) ;
#3202 = AXIS2_PLACEMENT_3D ( 'NONE', #5979, #6457, #4170 ) ;
#3203 = CARTESIAN_POINT ( 'NONE',  ( 10.94894849797511682, 39.00596112700797136, 41.76491364505290704 ) ) ;
#3204 = CARTESIAN_POINT ( 'NONE',  ( 13.24035607321161834, 16.90596112700796283, 40.26491364505290704 ) ) ;
#3205 = DIRECTION ( 'NONE',  ( 0.000000000000000000, 0.000000000000000000, 1.000000000000000000 ) ) ;
#3206 = VERTEX_POINT ( 'NONE', #5299 ) ;
#3207 = LINE ( 'NONE', #4766, #5308 ) ;
#3208 = DIRECTION ( 'NONE',  ( -0.8576889161842650156, 0.000000000000000000, 0.5141689635272249648 ) ) ;
#3209 = AXIS2_PLACEMENT_3D ( 'NONE', #665, #4126, #226 ) ;
#3210 = EDGE_LOOP ( 'NONE', ( #850, #5124, #236, #3622 ) ) ;
#3211 = ORIENTED_EDGE ( 'NONE', *, *, #3492, .F. ) ;
#3212 = VECTOR ( 'NONE', #166, 1000.000000000000000 ) ;
#3213 = DIRECTION ( 'NONE',  ( -0.000000000000000000, -0.000000000000000000, 1.000000000000000000 ) ) ;
#3214 = LINE ( 'NONE', #4189, #4110 ) ;
#3215 = CARTESIAN_POINT ( 'NONE',  ( 10.94894849797540815, 109.7354079798004989, 41.65019387002688234 ) ) ;
#3216 = AXIS2_PLACEMENT_3D ( 'NONE', #3374, #4537, #3951 ) ;
#3217 = ADVANCED_FACE ( 'NONE', ( #3730 ), #3130, .T. ) ;
#3218 = ORIENTED_EDGE ( 'NONE', *, *, #4154, .F. ) ;
#3219 = LINE ( 'NONE', #5904, #7121 ) ;
#3220 = AXIS2_PLACEMENT_3D ( 'NONE', #86, #2245, #9 ) ;
#3221 = CARTESIAN_POINT ( 'NONE',  ( 31.44894849797543657, 31.56946945390425086, 41.76491364505290704 ) ) ;
#3222 = FACE_OUTER_BOUND ( 'NONE', #5296, .T. ) ;
#3223 = ORIENTED_EDGE ( 'NONE', *, *, #2256, .F. ) ;
#3224 = CARTESIAN_POINT ( 'NONE',  ( 36.69894853087959063, 36.50596112700799267, 40.26491364505296389 ) ) ;
#3225 = CIRCLE ( 'NONE', #1607, 2.000000000000000000 ) ;
#3226 = DIRECTION ( 'NONE',  ( 1.000000000000000000, 0.000000000000000000, 0.000000000000000000 ) ) ;
#3227 = LINE ( 'NONE', #983, #2738 ) ;
#3228 = ORIENTED_EDGE ( 'NONE', *, *, #7123, .T. ) ;
#3229 = EDGE_CURVE ( 'NONE', #5563, #1334, #5739, .T. ) ;
#3230 = DIRECTION ( 'NONE',  ( -1.000000000000000000, 0.000000000000000000, 0.000000000000000000 ) ) ;
#3231 = ADVANCED_FACE ( 'NONE', ( #6426 ), #7051, .F. ) ;
#3232 = DIRECTION ( 'NONE',  ( 0.000000000000000000, 0.000000000000000000, 1.000000000000000000 ) ) ;
#3233 = AXIS2_PLACEMENT_3D ( 'NONE', #3793, #2204, #1624 ) ;
#3234 = DIRECTION ( 'NONE',  ( 2.689493761204353509E-15, -1.000000000000000000, 7.088992422827184892E-30 ) ) ;
#3235 = VERTEX_POINT ( 'NONE', #4798 ) ;
#3236 =( BOUNDED_SURFACE ( )  B_SPLINE_SURFACE ( 3, 2, ( 
 ( #3109, #1982, #6918 ),
 ( #1948, #4156, #3638 ),
 ( #5858, #5318, #4336 ),
 ( #40, #3857, #1619 ),
 ( #5429, #3823, #4993 ),
 ( #3787, #2199, #6667 ),
 ( #1652, #7095, #1079 ),
 ( #3898, #6554, #1584 ),
 ( #5967, #469, #578 ),
 ( #1011, #6080, #2784 ) ),
 .UNSPECIFIED., .F., .F., .F. ) 
 B_SPLINE_SURFACE_WITH_KNOTS ( ( 4, 2, 2, 2, 4 ),
 ( 3, 3 ),
 ( 4.863595732064540655, 5.218493125843301605, 5.573390519622062556, 5.928287913400824394, 6.283185307179585344 ),
 ( 0.000000000000000000, 1.000000000000000000 ),
 .UNSPECIFIED. ) 
 GEOMETRIC_REPRESENTATION_ITEM ( )  RATIONAL_B_SPLINE_SURFACE ( (
 ( 1.000000000000000000, 0.6800421619864136513, 1.000000000000000000),
 ( 1.000000000000000000, 0.6586237027379557851, 1.000000000000000000),
 ( 1.000000000000000000, 0.6367133305205298077, 1.000000000000000000),
 ( 1.000000000000000000, 0.5948340098798100550, 1.000000000000000000),
 ( 1.000000000000000000, 0.5748626263525038471, 1.000000000000000000),
 ( 1.000000000000000000, 0.5404058017397519453, 1.000000000000000000),
 ( 1.000000000000000000, 0.5259662056902721927, 1.000000000000000000),
 ( 1.000000000000000000, 0.5061118195406110187, 1.000000000000000000),
 ( 1.000000000000000000, 0.5007189838092758194, 1.000000000000000000),
 ( 1.000000000000000000, 0.5007638543974158862, 1.000000000000000000) ) ) 
 REPRESENTATION_ITEM ( '' )  SURFACE ( )  );
#3237 = CARTESIAN_POINT ( 'NONE',  ( 9.939144468283064526, 29.77391031943909994, 35.72901526019065699 ) ) ;
#3238 = CARTESIAN_POINT ( 'NONE',  ( 0.000000000000000000, 122.6059670551352525, 42.76491364505290704 ) ) ;
#3239 = CARTESIAN_POINT ( 'NONE',  ( 11.59894846507153865, 25.50596112700796070, 41.26491364505290704 ) ) ;
#3240 = CARTESIAN_POINT ( 'NONE',  ( 8.598948465071330816, 16.50596112700797136, 40.26491364505290704 ) ) ;
#3241 = ORIENTED_EDGE ( 'NONE', *, *, #2060, .T. ) ;
#3242 = DIRECTION ( 'NONE',  ( -1.000000000000000000, 0.000000000000000000, 0.000000000000000000 ) ) ;
#3243 = DIRECTION ( 'NONE',  ( 0.0004794411333274459729, 0.9999998850680932305, 0.000000000000000000 ) ) ;
#3244 = AXIS2_PLACEMENT_3D ( 'NONE', #4550, #3965, #5497 ) ;
#3245 = ORIENTED_EDGE ( 'NONE', *, *, #3316, .T. ) ;
#3246 = ORIENTED_EDGE ( 'NONE', *, *, #900, .F. ) ;
#3247 = CARTESIAN_POINT ( 'NONE',  ( 37.72215351320476628, 48.75926766110838173, 38.76491364505291415 ) ) ;
#3248 = PLANE ( 'NONE',  #3324 ) ;
#3249 = VECTOR ( 'NONE', #3137, 1000.000000000000000 ) ;
#3250 = CARTESIAN_POINT ( 'NONE',  ( 37.72218489822247989, 73.27725659993869556, 38.26491364505291415 ) ) ;
#3251 = CARTESIAN_POINT ( 'NONE',  ( 20.77829802542623483, 1.092148475516835360, 21.76491364505290704 ) ) ;
#3252 = CARTESIAN_POINT ( 'NONE',  ( 37.94400893753140735, 46.69390110281905493, 38.95764027844808908 ) ) ;
#3253 = ORIENTED_EDGE ( 'NONE', *, *, #2883, .T. ) ;
#3254 = CARTESIAN_POINT ( 'NONE',  ( 11.11051892804721852, 110.3023954747988427, 41.39160427244433293 ) ) ;
#3255 = EDGE_LOOP ( 'NONE', ( #3889, #5313, #5675, #720, #2599, #713, #3134, #6251, #1530, #5276 ) ) ;
#3256 = DIRECTION ( 'NONE',  ( 0.000000000000000000, -1.000000000000000000, 0.000000000000000000 ) ) ;
#3257 = DIRECTION ( 'NONE',  ( -0.000000000000000000, -0.000000000000000000, 1.000000000000000000 ) ) ;
#3258 = CARTESIAN_POINT ( 'NONE',  ( 12.94894849797540992, 109.5059670551350592, 41.26491364505290704 ) ) ;
#3259 = LINE ( 'NONE', #50, #3560 ) ;
#3260 = ADVANCED_FACE ( 'NONE', ( #7010 ), #4257, .T. ) ;
#3261 = DIRECTION ( 'NONE',  ( -1.000000000000000000, 6.308085367188390241E-16, 0.000000000000000000 ) ) ;
#3262 = CARTESIAN_POINT ( 'NONE',  ( 20.77829802542625259, 33.50596112700796425, 29.26491364505290704 ) ) ;
#3263 = VERTEX_POINT ( 'NONE', #5951 ) ;
#3264 = CARTESIAN_POINT ( 'NONE',  ( 30.94894849797543301, 33.50596112700795715, 40.26491364505290704 ) ) ;
#3265 = CARTESIAN_POINT ( 'NONE',  ( 0.000000000000000000, 59.00596112700796425, 41.76491364505290704 ) ) ;
#3266 = ORIENTED_EDGE ( 'NONE', *, *, #1192, .F. ) ;
#3267 = FACE_OUTER_BOUND ( 'NONE', #4915, .T. ) ;
#3268 = DIRECTION ( 'NONE',  ( -0.000000000000000000, -0.000000000000000000, 1.000000000000000000 ) ) ;
#3269 = CARTESIAN_POINT ( 'NONE',  ( 21.94894849797543301, 23.00596112700796425, 41.26491364505290704 ) ) ;
#3270 = LINE ( 'NONE', #1069, #898 ) ;
#3271 = EDGE_LOOP ( 'NONE', ( #3587, #177, #5580, #3070 ) ) ;
#3272 = CARTESIAN_POINT ( 'NONE',  ( 6.698948465071328684, 113.4410992798473643, 40.00511871834634547 ) ) ;
#3273 = DIRECTION ( 'NONE',  ( 0.000000000000000000, 0.000000000000000000, 1.000000000000000000 ) ) ;
#3274 =( BOUNDED_SURFACE ( )  B_SPLINE_SURFACE ( 3, 2, ( 
 ( #2490, #1075, #5822 ),
 ( #6957, #6921, #5535 ),
 ( #3071, #5279, #529 ),
 ( #3640, #6074, #6587 ),
 ( #2734, #6624, #4194 ),
 ( #5861, #901, #1576 ),
 ( #4161, #2693, #2114 ),
 ( #5458, #4947, #1646 ),
 ( #3247, #6377, #1405 ),
 ( #330, #1109, #1613 ) ),
 .UNSPECIFIED., .F., .F., .F. ) 
 B_SPLINE_SURFACE_WITH_KNOTS ( ( 4, 2, 2, 2, 4 ),
 ( 3, 3 ),
 ( 1.571630137268322791, 1.964329218967049151, 2.357028300665775511, 2.749727382364501871, 3.142426464063227787 ),
 ( 0.000000000000000000, 1.000000000000000000 ),
 .UNSPECIFIED. ) 
 GEOMETRIC_REPRESENTATION_ITEM ( )  RATIONAL_B_SPLINE_SURFACE ( (
 ( 1.000000000000000000, 0.7069598183275970227, 1.000000000000000000),
 ( 1.000000000000000000, 0.6839040816893084962, 1.000000000000000000),
 ( 1.000000000000000000, 0.6596377167577572864, 1.000000000000000000),
 ( 1.000000000000000000, 0.6122580074937756800, 1.000000000000000000),
 ( 1.000000000000000000, 0.5891327152228138520, 1.000000000000000000),
 ( 1.000000000000000000, 0.5486139988026326186, 1.000000000000000000),
 ( 1.000000000000000000, 0.5312820582028042748, 1.000000000000000000),
 ( 1.000000000000000000, 0.5072878006206461565, 1.000000000000000000),
 ( 1.000000000000000000, 0.5006713018318768027, 1.000000000000000000),
 ( 1.000000000000000000, 0.5007638543974211043, 1.000000000000000000) ) ) 
 REPRESENTATION_ITEM ( '' )  SURFACE ( )  );
#3275 = ORIENTED_EDGE ( 'NONE', *, *, #6555, .T. ) ;
#3276 = ORIENTED_EDGE ( 'NONE', *, *, #1539, .T. ) ;
#3277 = DIRECTION ( 'NONE',  ( 0.000000000000000000, 0.000000000000000000, -1.000000000000000000 ) ) ;
#3278 = CARTESIAN_POINT ( 'NONE',  ( 0.000000000000000000, 59.00596112700796425, 41.26491364505290704 ) ) ;
#3279 = CARTESIAN_POINT ( 'NONE',  ( 32.69894853087960485, 119.0059670551349171, 42.76491364505290704 ) ) ;
#3280 = CARTESIAN_POINT ( 'NONE',  ( 38.15563804975124640, 63.17725764581918924, 38.01567808292386985 ) ) ;
#3281 = VECTOR ( 'NONE', #2096, 1000.000000000000000 ) ;
#3282 = CARTESIAN_POINT ( 'NONE',  ( 38.73069656911378189, 46.59336380053339610, 39.01577985572829022 ) ) ;
#3283 = EDGE_LOOP ( 'NONE', ( #3515, #2104, #4042, #5131 ) ) ;
#3284 = DIRECTION ( 'NONE',  ( 0.000000000000000000, 0.000000000000000000, 1.000000000000000000 ) ) ;
#3285 = ORIENTED_EDGE ( 'NONE', *, *, #1620, .F. ) ;
#3286 = CIRCLE ( 'NONE', #4673, 0.5000000000000004441 ) ;
#3287 = CARTESIAN_POINT ( 'NONE',  ( 9.098948465071334368, 75.10596705513523830, 41.76491364505290704 ) ) ;
#3288 = CARTESIAN_POINT ( 'NONE',  ( 38.58468489822249126, 46.09343254915983579, 40.26491364505297099 ) ) ;
#3289 = ORIENTED_EDGE ( 'NONE', *, *, #4198, .F. ) ;
#3290 = CARTESIAN_POINT ( 'NONE',  ( 37.19894853087962616, 113.2522942842406195, 40.20585320885023606 ) ) ;
#3291 = EDGE_CURVE ( 'NONE', #3129, #2741, #992, .T. ) ;
#3292 = CARTESIAN_POINT ( 'NONE',  ( 20.94894849797543301, 25.50596112700795715, 42.76491364505290704 ) ) ;
#3293 = ORIENTED_EDGE ( 'NONE', *, *, #1277, .F. ) ;
#3294 = DIRECTION ( 'NONE',  ( 0.000000000000000000, -1.000000000000000000, 0.000000000000000000 ) ) ;
#3295 = EDGE_CURVE ( 'NONE', #1508, #6932, #2150, .T. ) ;
#3296 = AXIS2_PLACEMENT_3D ( 'NONE', #3943, #1703, #1188 ) ;
#3297 = VECTOR ( 'NONE', #593, 1000.000000000000000 ) ;
#3298 = ORIENTED_EDGE ( 'NONE', *, *, #917, .T. ) ;
#3299 = EDGE_CURVE ( 'NONE', #4297, #5137, #6175, .T. ) ;
#3300 = DIRECTION ( 'NONE',  ( 0.000000000000000000, -1.000000000000000000, 0.000000000000000000 ) ) ;
#3301 = CARTESIAN_POINT ( 'NONE',  ( 37.19894853087961906, 30.03600178900392237, 40.26491364505290704 ) ) ;
#3302 = CARTESIAN_POINT ( 'NONE',  ( 25.44894849797541525, 33.50596112700796425, 34.38948260544476199 ) ) ;
#3303 = CARTESIAN_POINT ( 'NONE',  ( 11.59894846507153865, 25.11591931483222240, 40.26491364505290704 ) ) ;
#3304 = AXIS2_PLACEMENT_3D ( 'NONE', #1532, #5841, #2036 ) ;
#3305 = ORIENTED_EDGE ( 'NONE', *, *, #295, .T. ) ;
#3306 = AXIS2_PLACEMENT_3D ( 'NONE', #3176, #7022, #1397 ) ;
#3307 = CARTESIAN_POINT ( 'NONE',  ( 24.68809529307599249, 126.1059671700671174, 40.26491364505290704 ) ) ;
#3308 = CARTESIAN_POINT ( 'NONE',  ( 37.72218489822247989, 73.27725659993869556, 38.76491364505291415 ) ) ;
#3309 = ORIENTED_EDGE ( 'NONE', *, *, #6117, .F. ) ;
#3310 = VECTOR ( 'NONE', #2100, 1000.000000000000000 ) ;
#3311 = ORIENTED_EDGE ( 'NONE', *, *, #4605, .T. ) ;
#3312 = CARTESIAN_POINT ( 'NONE',  ( 32.69894853087974695, 112.5059670551349029, 40.26491364505290704 ) ) ;
#3313 = DIRECTION ( 'NONE',  ( 2.891205793294677833E-16, -1.000000000000000000, 0.000000000000000000 ) ) ;
#3314 = EDGE_CURVE ( 'NONE', #6283, #1296, #3877, .T. ) ;
#3315 = CARTESIAN_POINT ( 'NONE',  ( 11.59894846507153865, 0.000000000000000000, 41.26491364505290704 ) ) ;
#3316 = EDGE_CURVE ( 'NONE', #1660, #4628, #5392, .T. ) ;
#3317 = AXIS2_PLACEMENT_3D ( 'NONE', #7143, #3947, #2174 ) ;
#3318 = DIRECTION ( 'NONE',  ( -1.000000000000000000, 0.000000000000000000, 0.000000000000000000 ) ) ;
#3319 = CARTESIAN_POINT ( 'NONE',  ( 32.69894853087960485, 119.5059670551349171, 42.76491364505290704 ) ) ;
#3320 = ORIENTED_EDGE ( 'NONE', *, *, #1818, .T. ) ;
#3321 = CYLINDRICAL_SURFACE ( 'NONE', #6357, 1.999999999999999778 ) ;
#3322 = ORIENTED_EDGE ( 'NONE', *, *, #63, .F. ) ;
#3323 = ORIENTED_EDGE ( 'NONE', *, *, #3026, .F. ) ;
#3324 = AXIS2_PLACEMENT_3D ( 'NONE', #4409, #5459, #5280 ) ;
#3325 = DIRECTION ( 'NONE',  ( 0.4138029443011836395, -2.610304297845769223E-16, -0.9103664774626049061 ) ) ;
#3326 = ORIENTED_EDGE ( 'NONE', *, *, #4031, .T. ) ;
#3327 = CARTESIAN_POINT ( 'NONE',  ( 21.44894849797543301, -0.000000000000000000, 41.76491364505290704 ) ) ;
#3328 = LINE ( 'NONE', #5506, #6202 ) ;
#3329 = CIRCLE ( 'NONE', #6225, 0.5000000000000004441 ) ;
#3330 = ORIENTED_EDGE ( 'NONE', *, *, #4819, .T. ) ;
#3331 = CARTESIAN_POINT ( 'NONE',  ( 1.987422923644852971E-14, 31.50596112700797846, 23.76491364505290704 ) ) ;
#3332 = CARTESIAN_POINT ( 'NONE',  ( 15.94894849797594638, 6.640083690380133511E-14, 40.26491364505290704 ) ) ;
#3333 = EDGE_LOOP ( 'NONE', ( #7001, #2145, #1107 ) ) ;
#3334 = FACE_OUTER_BOUND ( 'NONE', #927, .T. ) ;
#3335 = PLANE ( 'NONE',  #3080 ) ;
#3336 = EDGE_CURVE ( 'NONE', #6365, #6755, #2257, .T. ) ;
#3337 = EDGE_LOOP ( 'NONE', ( #6300, #2435, #7112, #3175 ) ) ;
#3338 = CARTESIAN_POINT ( 'NONE',  ( 32.69894853087960485, 119.0059670551349171, 42.76491364505290704 ) ) ;
#3339 = DIRECTION ( 'NONE',  ( 0.000000000000000000, 0.000000000000000000, -1.000000000000000000 ) ) ;
#3340 = CARTESIAN_POINT ( 'NONE',  ( 10.94894849797543479, 38.50596112700797136, 41.76491364505290704 ) ) ;
#3341 = CYLINDRICAL_SURFACE ( 'NONE', #2292, 0.5000000000000004441 ) ;
#3342 = AXIS2_PLACEMENT_3D ( 'NONE', #6656, #6067, #1071 ) ;
#3343 = ORIENTED_EDGE ( 'NONE', *, *, #3229, .F. ) ;
#3344 = CARTESIAN_POINT ( 'NONE',  ( 6.698948465071515201, 113.4916384590753182, 39.86441989166372935 ) ) ;
#3345 = PLANE ( 'NONE',  #5311 ) ;
#3346 = EDGE_CURVE ( 'NONE', #6446, #6471, #1020, .T. ) ;
#3347 = AXIS2_PLACEMENT_3D ( 'NONE', #1518, #1053, #4305 ) ;
#3348 = ORIENTED_EDGE ( 'NONE', *, *, #5589, .F. ) ;
#3349 = EDGE_CURVE ( 'NONE', #2578, #5942, #2273, .T. ) ;
#3350 = ORIENTED_EDGE ( 'NONE', *, *, #273, .F. ) ;
#3351 = DIRECTION ( 'NONE',  ( 0.4984711242580827095, -4.564240127897094521E-14, 0.8669063030575352435 ) ) ;
#3352 = CARTESIAN_POINT ( 'NONE',  ( 11.59894846507153865, 29.34089761754688652, 35.97901526019066409 ) ) ;
#3353 = CARTESIAN_POINT ( 'NONE',  ( 30.94894849797543657, 23.00596112700796425, 41.76491364505290704 ) ) ;
#3354 = CARTESIAN_POINT ( 'NONE',  ( 6.698948465071303815, 66.40596409107159559, 42.76491364505290704 ) ) ;
#3355 = CARTESIAN_POINT ( 'NONE',  ( 38.56116125292633257, 47.04095444341405141, 38.72093582757567276 ) ) ;
#3356 = ORIENTED_EDGE ( 'NONE', *, *, #2921, .T. ) ;
#3357 = ORIENTED_EDGE ( 'NONE', *, *, #1410, .T. ) ;
#3358 = EDGE_CURVE ( 'NONE', #117, #2899, #1300, .T. ) ;
#3359 = ORIENTED_EDGE ( 'NONE', *, *, #5925, .T. ) ;
#3360 = VECTOR ( 'NONE', #3675, 1000.000000000000000 ) ;
#3361 = ADVANCED_FACE ( 'NONE', ( #5052 ), #3409, .F. ) ;
#3362 = DIRECTION ( 'NONE',  ( 2.135044278125296610E-15, -1.346804156914148331E-30, -1.000000000000000000 ) ) ;
#3363 = VERTEX_POINT ( 'NONE', #3917 ) ;
#3364 = CARTESIAN_POINT ( 'NONE',  ( 5.784812007851842943E-12, 63.17725764582249326, 38.76491364505291415 ) ) ;
#3365 = DIRECTION ( 'NONE',  ( 0.000000000000000000, 0.000000000000000000, 1.000000000000000000 ) ) ;
#3366 = ORIENTED_EDGE ( 'NONE', *, *, #6464, .F. ) ;
#3367 = FACE_OUTER_BOUND ( 'NONE', #3103, .T. ) ;
#3368 = ADVANCED_FACE ( 'NONE', ( #101 ), #6062, .T. ) ;
#3369 = DIRECTION ( 'NONE',  ( 0.000000000000000000, 0.000000000000000000, 1.000000000000000000 ) ) ;
#3370 = DIRECTION ( 'NONE',  ( -3.522281157729878903E-16, -1.000000000000000000, 0.000000000000000000 ) ) ;
#3371 = ORIENTED_EDGE ( 'NONE', *, *, #1160, .F. ) ;
#3372 = CARTESIAN_POINT ( 'NONE',  ( 37.19894853087963327, 106.5059670551352298, 41.26491364505290704 ) ) ;
#3373 = LINE ( 'NONE', #2327, #2274 ) ;
#3374 = CARTESIAN_POINT ( 'NONE',  ( 23.23780842569878402, 109.5059670551350592, 10.56264019349941563 ) ) ;
#3375 = CARTESIAN_POINT ( 'NONE',  ( 0.000000000000000000, 112.5059670551349029, 42.76491364505290704 ) ) ;
#3376 = LINE ( 'NONE', #5525, #882 ) ;
#3377 = CARTESIAN_POINT ( 'NONE',  ( 38.22218489822245147, 47.09383909050607997, 38.26491364505291415 ) ) ;
#3378 = CARTESIAN_POINT ( 'NONE',  ( 20.77829802542630233, 109.5059670551350592, 29.26491364505290704 ) ) ;
#3379 = VERTEX_POINT ( 'NONE', #2182 ) ;
#3380 = CARTESIAN_POINT ( 'NONE',  ( 17.10600289698727750, 29.50596112700796780, 22.26491364505289994 ) ) ;
#3381 = CARTESIAN_POINT ( 'NONE',  ( 38.29718489822242589, 73.77725659993862450, 39.26491364505291415 ) ) ;
#3382 = ORIENTED_EDGE ( 'NONE', *, *, #3871, .T. ) ;
#3383 = ORIENTED_EDGE ( 'NONE', *, *, #6464, .T. ) ;
#3384 = ADVANCED_FACE ( 'NONE', ( #2221 ), #6143, .F. ) ;
#3385 = DIRECTION ( 'NONE',  ( 1.000000000000000000, 0.000000000000000000, 0.000000000000000000 ) ) ;
#3386 = EDGE_CURVE ( 'NONE', #6238, #4918, #3841, .T. ) ;
#3387 = FACE_OUTER_BOUND ( 'NONE', #5679, .T. ) ;
#3388 = LINE ( 'NONE', #343, #3888 ) ;
#3389 = EDGE_CURVE ( 'NONE', #4051, #2509, #1172, .T. ) ;
#3390 = ORIENTED_EDGE ( 'NONE', *, *, #6451, .F. ) ;
#3391 = EDGE_LOOP ( 'NONE', ( #3927, #5104, #5239, #985 ) ) ;
#3392 = EDGE_CURVE ( 'NONE', #3481, #5850, #3079, .T. ) ;
#3393 = AXIS2_PLACEMENT_3D ( 'NONE', #3653, #6492, #4278 ) ;
#3394 = CARTESIAN_POINT ( 'NONE',  ( 11.44894849797545611, 121.0059670551347750, 40.26491364505290704 ) ) ;
#3395 = CARTESIAN_POINT ( 'NONE',  ( 26.79189409896359919, 111.5059670551350592, 22.26491364505290349 ) ) ;
#3396 = CARTESIAN_POINT ( 'NONE',  ( 0.000000000000000000, 23.00596112700796425, 41.26491364505290704 ) ) ;
#3397 = EDGE_LOOP ( 'NONE', ( #6429, #2175, #4736, #5934, #1204 ) ) ;
#3398 = DIRECTION ( 'NONE',  ( -1.000000000000000000, 6.308085367188390241E-16, -0.000000000000000000 ) ) ;
#3399 = CIRCLE ( 'NONE', #2246, 0.5000000000000004441 ) ;
#3400 = EDGE_CURVE ( 'NONE', #4272, #2926, #3376, .T. ) ;
#3401 = DIRECTION ( 'NONE',  ( 6.308085367188390241E-16, 1.000000000000000000, -2.429683393421662431E-32 ) ) ;
#3402 = LINE ( 'NONE', #5622, #5750 ) ;
#3403 = ORIENTED_EDGE ( 'NONE', *, *, #5821, .T. ) ;
#3404 = DIRECTION ( 'NONE',  ( -1.000000000000000000, 6.308085367188390241E-16, 0.000000000000000000 ) ) ;
#3405 = LINE ( 'NONE', #629, #4824 ) ;
#3406 = ADVANCED_FACE ( 'NONE', ( #1675 ), #6104, .T. ) ;
#3407 = CIRCLE ( 'NONE', #4101, 0.4999999999999989453 ) ;
#3408 = LINE ( 'NONE', #2181, #395 ) ;
#3409 = PLANE ( 'NONE',  #2496 ) ;
#3410 = LINE ( 'NONE', #6064, #1899 ) ;
#3411 = DIRECTION ( 'NONE',  ( -1.000000000000000000, 0.000000000000000000, 0.000000000000000000 ) ) ;
#3412 = ORIENTED_EDGE ( 'NONE', *, *, #3010, .F. ) ;
#3413 = CARTESIAN_POINT ( 'NONE',  ( 34.79894853087962758, 75.10596705513523830, 41.76491364505290704 ) ) ;
#3414 = CARTESIAN_POINT ( 'NONE',  ( 10.59894846507198984, 5.515874050858483060E-14, 42.76491364505290704 ) ) ;
#3415 = AXIS2_PLACEMENT_3D ( 'NONE', #667, #6610, #1132 ) ;
#3416 = ORIENTED_EDGE ( 'NONE', *, *, #253, .T. ) ;
#3417 = VERTEX_POINT ( 'NONE', #4571 ) ;
#3418 = CIRCLE ( 'NONE', #4924, 2.000000000000000000 ) ;
#3419 = CIRCLE ( 'NONE', #5164, 0.5000000000000004441 ) ;
#3420 = CARTESIAN_POINT ( 'NONE',  ( 0.000000000000000000, 0.000000000000000000, 42.76491364505290704 ) ) ;
#3421 = PLANE ( 'NONE',  #3091 ) ;
#3422 = CARTESIAN_POINT ( 'NONE',  ( 37.14189409896358285, 29.50596112700795359, 40.26491364505296389 ) ) ;
#3423 = CARTESIAN_POINT ( 'NONE',  ( 11.73945922832567312, 29.50596112700797136, 35.59504066397509092 ) ) ;
#3424 = AXIS2_PLACEMENT_3D ( 'NONE', #5087, #135, #1638 ) ;
#3425 = AXIS2_PLACEMENT_3D ( 'NONE', #3818, #6118, #2813 ) ;
#3426 = ORIENTED_EDGE ( 'NONE', *, *, #2566, .F. ) ;
#3427 = ORIENTED_EDGE ( 'NONE', *, *, #2438, .T. ) ;
#3428 = CARTESIAN_POINT ( 'NONE',  ( 33.06111325052746963, 47.09603960609471329, 38.76491364505291415 ) ) ;
#3429 = ORIENTED_EDGE ( 'NONE', *, *, #4604, .T. ) ;
#3430 = DIRECTION ( 'NONE',  ( 1.000000000000000000, -6.308085367188390241E-16, 0.000000000000000000 ) ) ;
#3431 = CARTESIAN_POINT ( 'NONE',  ( 38.54798413218125575, 31.15110081609410386, 40.26491364505297099 ) ) ;
#3432 = ORIENTED_EDGE ( 'NONE', *, *, #4518, .T. ) ;
#3433 = EDGE_CURVE ( 'NONE', #5344, #6233, #2942, .T. ) ;
#3434 = CARTESIAN_POINT ( 'NONE',  ( 4.879758946199599379, 32.86591882637222994, 39.51567808292385564 ) ) ;
#3435 = VECTOR ( 'NONE', #2934, 1000.000000000000000 ) ;
#3436 = EDGE_CURVE ( 'NONE', #2847, #642, #4677, .T. ) ;
#3437 = LINE ( 'NONE', #6786, #6413 ) ;
#3438 = CARTESIAN_POINT ( 'NONE',  ( 25.18809523561003871, 126.1057274495004350, 40.26491364505290704 ) ) ;
#3439 = EDGE_LOOP ( 'NONE', ( #3371, #3467, #3473, #2775 ) ) ;
#3440 = CARTESIAN_POINT ( 'NONE',  ( 37.19894853087983222, 46.38697879211716923, 40.26491364505297099 ) ) ;
#3441 = VECTOR ( 'NONE', #741, 1000.000000000000000 ) ;
#3442 = DIRECTION ( 'NONE',  ( 1.000000000000000000, 0.000000000000000000, 0.000000000000000000 ) ) ;
#3443 = DIRECTION ( 'NONE',  ( 0.000000000000000000, -0.000000000000000000, -1.000000000000000000 ) ) ;
#3444 = CIRCLE ( 'NONE', #4377, 1.899999999999978151 ) ;
#3445 = CARTESIAN_POINT ( 'NONE',  ( 38.29718489822252536, 73.77725659993862450, 39.26491364505298520 ) ) ;
#3446 = EDGE_CURVE ( 'NONE', #1253, #2944, #3511, .T. ) ;
#3447 = CARTESIAN_POINT ( 'NONE',  ( 0.000000000000000000, 0.000000000000000000, 41.26491364505290704 ) ) ;
#3448 = CARTESIAN_POINT ( 'NONE',  ( 9.098948465071334368, 75.10596705513523830, 41.76491364505290704 ) ) ;
#3449 = CARTESIAN_POINT ( 'NONE',  ( 30.94894849797543301, 33.50596112700795715, 34.38948260544477620 ) ) ;
#3450 = VERTEX_POINT ( 'NONE', #6892 ) ;
#3451 = AXIS2_PLACEMENT_3D ( 'NONE', #3044, #5664, #5695 ) ;
#3452 = VERTEX_POINT ( 'NONE', #5729 ) ;
#3453 = ORIENTED_EDGE ( 'NONE', *, *, #6557, .F. ) ;
#3454 = AXIS2_PLACEMENT_3D ( 'NONE', #4802, #1466, #962 ) ;
#3455 = CARTESIAN_POINT ( 'NONE',  ( 25.44894849797539749, 1.092148475516835360, 34.38948260544476199 ) ) ;
#3456 = DIRECTION ( 'NONE',  ( -1.000000000000000000, 9.156478491488224274E-14, 0.000000000000000000 ) ) ;
#3457 = FACE_OUTER_BOUND ( 'NONE', #6161, .T. ) ;
#3458 = AXIS2_PLACEMENT_3D ( 'NONE', #1756, #4477, #3273 ) ;
#3459 = ORIENTED_EDGE ( 'NONE', *, *, #6454, .T. ) ;
#3460 = ORIENTED_EDGE ( 'NONE', *, *, #954, .F. ) ;
#3461 =( BOUNDED_CURVE ( )  B_SPLINE_CURVE ( 3, ( #2525, #3679, #2014, #942 ),
 .UNSPECIFIED., .F., .F. ) 
 B_SPLINE_CURVE_WITH_KNOTS ( ( 4, 4 ),
 ( 1.771267346268180054, 3.141592653589793560 ),
 .UNSPECIFIED. ) 
 CURVE ( )  GEOMETRIC_REPRESENTATION_ITEM ( )  RATIONAL_B_SPLINE_CURVE ( ( 1.000000000000000000, 0.8495440868445852667, 0.8495440868445852667, 1.000000000000000000 ) ) 
 REPRESENTATION_ITEM ( '' )  );
#3462 = AXIS2_PLACEMENT_3D ( 'NONE', #6712, #1739, #2862 ) ;
#3463 = EDGE_CURVE ( 'NONE', #5960, #1857, #6564, .T. ) ;
#3464 = CARTESIAN_POINT ( 'NONE',  ( 27.94894849797546499, 29.50596112700796070, 22.26491364505290349 ) ) ;
#3465 = DIRECTION ( 'NONE',  ( -1.000000000000000000, 2.081668171172170407E-14, 0.000000000000000000 ) ) ;
#3466 = CARTESIAN_POINT ( 'NONE',  ( 39.10855844750602728, 30.40535690609767272, 40.26491364505297099 ) ) ;
#3467 = ORIENTED_EDGE ( 'NONE', *, *, #11, .F. ) ;
#3468 = CARTESIAN_POINT ( 'NONE',  ( 11.09894846507158306, 28.86591882637165796, 38.15632786135751076 ) ) ;
#3469 = CIRCLE ( 'NONE', #6611, 0.5000000000000004441 ) ;
#3470 = ORIENTED_EDGE ( 'NONE', *, *, #3077, .F. ) ;
#3471 = FACE_OUTER_BOUND ( 'NONE', #342, .T. ) ;
#3472 = CYLINDRICAL_SURFACE ( 'NONE', #3209, 1.999999999999998224 ) ;
#3473 = ORIENTED_EDGE ( 'NONE', *, *, #5448, .F. ) ;
#3474 = EDGE_CURVE ( 'NONE', #122, #6086, #1303, .T. ) ;
#3475 = CARTESIAN_POINT ( 'NONE',  ( 23.11959897052457436, 33.50596112700796425, 29.26491364505290704 ) ) ;
#3476 = CARTESIAN_POINT ( 'NONE',  ( 6.698948465071338454, 124.6059670551352241, 40.26491364505290704 ) ) ;
#3477 = ADVANCED_FACE ( 'NONE', ( #4609 ), #1342, .F. ) ;
#3478 = DIRECTION ( 'NONE',  ( -1.000000000000000000, 0.000000000000000000, 0.000000000000000000 ) ) ;
#3479 = CARTESIAN_POINT ( 'NONE',  ( 38.44105714507693250, 74.15104299480488237, 38.51205911827288020 ) ) ;
#3480 = CARTESIAN_POINT ( 'NONE',  ( 20.94894849797543301, 25.00596112700795715, 42.76491364505290704 ) ) ;
#3481 = VERTEX_POINT ( 'NONE', #1273 ) ;
#3482 = ADVANCED_FACE ( 'NONE', ( #5220, #3987 ), #3047, .T. ) ;
#3483 = CARTESIAN_POINT ( 'NONE',  ( 15.94894849797544367, 121.0059670551347750, 40.26491364505290704 ) ) ;
#3484 = ORIENTED_EDGE ( 'NONE', *, *, #3488, .F. ) ;
#3485 = ORIENTED_EDGE ( 'NONE', *, *, #4004, .T. ) ;
#3486 = ORIENTED_EDGE ( 'NONE', *, *, #2306, .F. ) ;
#3487 = CARTESIAN_POINT ( 'NONE',  ( 10.94894849797543834, 33.50596112700797846, 42.76491364505290704 ) ) ;
#3488 = EDGE_CURVE ( 'NONE', #6034, #4694, #2434, .T. ) ;
#3489 = CARTESIAN_POINT ( 'NONE',  ( 25.18828712696221928, 126.5059670551350592, 40.26491364505290704 ) ) ;
#3490 = AXIS2_PLACEMENT_3D ( 'NONE', #6657, #4512, #5093 ) ;
#3491 = CYLINDRICAL_SURFACE ( 'NONE', #6021, 0.5000000000000004441 ) ;
#3492 = EDGE_CURVE ( 'NONE', #5079, #2219, #2616, .T. ) ;
#3493 = EDGE_CURVE ( 'NONE', #3910, #4204, #3549, .T. ) ;
#3494 = ORIENTED_EDGE ( 'NONE', *, *, #146, .F. ) ;
#3495 = ORIENTED_EDGE ( 'NONE', *, *, #5209, .T. ) ;
#3496 = LINE ( 'NONE', #2895, #2383 ) ;
#3497 = CARTESIAN_POINT ( 'NONE',  ( 33.41289214232726579, 16.90596112700752940, 40.26491364505290704 ) ) ;
#3498 = DIRECTION ( 'NONE',  ( -1.000000000000000000, 0.000000000000000000, 0.000000000000000000 ) ) ;
#3499 = ORIENTED_EDGE ( 'NONE', *, *, #2829, .T. ) ;
#3500 = FACE_OUTER_BOUND ( 'NONE', #6005, .T. ) ;
#3501 = VERTEX_POINT ( 'NONE', #235 ) ;
#3502 = CARTESIAN_POINT ( 'NONE',  ( 1.987422923644852971E-14, 31.50596112700797846, 34.72901526019064278 ) ) ;
#3503 = CARTESIAN_POINT ( 'NONE',  ( 0.000000000000000000, 125.6059671700671174, 42.76491364505290704 ) ) ;
#3504 = ORIENTED_EDGE ( 'NONE', *, *, #6243, .T. ) ;
#3505 = CARTESIAN_POINT ( 'NONE',  ( 38.39381084811577693, 74.27725659993865293, 38.42989164529697632 ) ) ;
#3506 = CARTESIAN_POINT ( 'NONE',  ( 33.56111319306151586, 47.09579988552805219, 39.26491364505291415 ) ) ;
#3507 = CIRCLE ( 'NONE', #6874, 0.5000000000000004441 ) ;
#3508 = DIRECTION ( 'NONE',  ( 6.308085367188390241E-16, 1.000000000000000000, 0.000000000000000000 ) ) ;
#3509 = EDGE_CURVE ( 'NONE', #246, #1583, #6686, .T. ) ;
#3510 = DIRECTION ( 'NONE',  ( 0.4138029443011844721, -2.610304297845774646E-16, 0.9103664774626044620 ) ) ;
#3511 = LINE ( 'NONE', #267, #1119 ) ;
#3512 = ORIENTED_EDGE ( 'NONE', *, *, #2840, .T. ) ;
#3513 = ADVANCED_FACE ( 'NONE', ( #6311 ), #5251, .F. ) ;
#3514 = DIRECTION ( 'NONE',  ( -0.000000000000000000, 0.000000000000000000, 1.000000000000000000 ) ) ;
#3515 = ORIENTED_EDGE ( 'NONE', *, *, #5475, .T. ) ;
#3516 = ADVANCED_FACE ( 'NONE', ( #2500 ), #6760, .T. ) ;
#3517 = ORIENTED_EDGE ( 'NONE', *, *, #3463, .F. ) ;
#3518 = ORIENTED_EDGE ( 'NONE', *, *, #4430, .F. ) ;
#3519 = CARTESIAN_POINT ( 'NONE',  ( 11.59894846507153865, 0.000000000000000000, 40.26491364505290704 ) ) ;
#3520 = ADVANCED_FACE ( 'NONE', ( #2360 ), #6795, .T. ) ;
#3521 = CARTESIAN_POINT ( 'NONE',  ( 17.10600289698733079, 111.5059670551350592, 22.26491364505290349 ) ) ;
#3522 = AXIS2_PLACEMENT_3D ( 'NONE', #2430, #3610, #2936 ) ;
#3523 = AXIS2_PLACEMENT_3D ( 'NONE', #5626, #7145, #1667 ) ;
#3524 = DIRECTION ( 'NONE',  ( -0.4138029443011844721, 2.610304297845774646E-16, -0.9103664774626044620 ) ) ;
#3525 = VECTOR ( 'NONE', #4300, 1000.000000000000000 ) ;
#3526 = ORIENTED_EDGE ( 'NONE', *, *, #2416, .T. ) ;
#3527 = AXIS2_PLACEMENT_3D ( 'NONE', #3064, #7060, #323 ) ;
#3528 = EDGE_LOOP ( 'NONE', ( #2706, #6298, #1734, #5390 ) ) ;
#3529 = EDGE_CURVE ( 'NONE', #3181, #405, #6099, .T. ) ;
#3530 = EDGE_CURVE ( 'NONE', #3027, #5927, #870, .T. ) ;
#3531 = LINE ( 'NONE', #3428, #3073 ) ;
#3532 = ORIENTED_EDGE ( 'NONE', *, *, #5420, .T. ) ;
#3533 = CARTESIAN_POINT ( 'NONE',  ( 37.19894853087983932, 49.19405684995727057, 39.76491364505296389 ) ) ;
#3534 = VECTOR ( 'NONE', #2215, 1000.000000000000000 ) ;
#3535 = CARTESIAN_POINT ( 'NONE',  ( 37.19894853087983222, 40.00596112700796425, 41.26491364505290704 ) ) ;
#3536 = CARTESIAN_POINT ( 'NONE',  ( 20.77829802542625615, 33.50596112700796425, 23.76491364505290704 ) ) ;
#3537 = VERTEX_POINT ( 'NONE', #1414 ) ;
#3538 = VECTOR ( 'NONE', #4284, 1000.000000000000000 ) ;
#3539 = CARTESIAN_POINT ( 'NONE',  ( 21.94894849797543301, 25.00596112700795715, 41.26491364505290704 ) ) ;
#3540 = LINE ( 'NONE', #726, #2624 ) ;
#3541 = ORIENTED_EDGE ( 'NONE', *, *, #4141, .T. ) ;
#3542 = LINE ( 'NONE', #1233, #5505 ) ;
#3543 = CARTESIAN_POINT ( 'NONE',  ( 29.21347855197719312, 73.77725659993946294, 23.46716347766990296 ) ) ;
#3544 = DIRECTION ( 'NONE',  ( 0.000000000000000000, 1.000000000000000000, 0.000000000000000000 ) ) ;
#3545 = VECTOR ( 'NONE', #2973, 1000.000000000000000 ) ;
#3546 = DIRECTION ( 'NONE',  ( -0.000000000000000000, 0.5000000000000057732, 0.8660254037844352659 ) ) ;
#3547 = CARTESIAN_POINT ( 'NONE',  ( 7.210804003376470206, 32.50455404351332334, 35.46168667913800476 ) ) ;
#3548 = AXIS2_PLACEMENT_3D ( 'NONE', #6177, #2184, #1241 ) ;
#3549 = LINE ( 'NONE', #2981, #7141 ) ;
#3550 = VERTEX_POINT ( 'NONE', #5941 ) ;
#3551 = CARTESIAN_POINT ( 'NONE',  ( 38.58468489822251257, 74.27725659993861029, 40.26491364505297099 ) ) ;
#3552 = ORIENTED_EDGE ( 'NONE', *, *, #3749, .T. ) ;
#3553 = CARTESIAN_POINT ( 'NONE',  ( 11.18418486671407486, 29.50596112701732210, 34.89140495878048398 ) ) ;
#3554 = EDGE_CURVE ( 'NONE', #2504, #3766, #4310, .T. ) ;
#3555 = CIRCLE ( 'NONE', #6229, 1.999999999999998224 ) ;
#3556 = ORIENTED_EDGE ( 'NONE', *, *, #2561, .F. ) ;
#3557 = VERTEX_POINT ( 'NONE', #6929 ) ;
#3558 = DIRECTION ( 'NONE',  ( 4.163336342344333871E-15, 1.000000000000000000, -0.000000000000000000 ) ) ;
#3559 = DIRECTION ( 'NONE',  ( 0.000000000000000000, -1.000000000000000000, 0.000000000000000000 ) ) ;
#3560 = VECTOR ( 'NONE', #3797, 1000.000000000000000 ) ;
#3561 = EDGE_CURVE ( 'NONE', #6707, #5808, #339, .T. ) ;
#3562 = CARTESIAN_POINT ( 'NONE',  ( 33.91289214232374860, -7.059538816510185492E-12, 40.26491364505290704 ) ) ;
#3563 = EDGE_CURVE ( 'NONE', #2578, #5028, #3721, .T. ) ;
#3564 = CIRCLE ( 'NONE', #2998, 0.4999999999999996669 ) ;
#3565 = VERTEX_POINT ( 'NONE', #4752 ) ;
#3566 = ORIENTED_EDGE ( 'NONE', *, *, #407, .F. ) ;
#3567 = EDGE_CURVE ( 'NONE', #7139, #2768, #1959, .T. ) ;
#3568 = DIRECTION ( 'NONE',  ( -1.000000000000000000, 9.156478491488235634E-14, 0.000000000000000000 ) ) ;
#3569 = ORIENTED_EDGE ( 'NONE', *, *, #4910, .T. ) ;
#3570 = CIRCLE ( 'NONE', #238, 0.4999999999999995559 ) ;
#3571 = DIRECTION ( 'NONE',  ( -0.000000000000000000, -0.000000000000000000, 1.000000000000000000 ) ) ;
#3572 = CARTESIAN_POINT ( 'NONE',  ( 37.31735712817692274, 30.04979469909545742, 40.26491364505297099 ) ) ;
#3573 = ORIENTED_EDGE ( 'NONE', *, *, #5748, .F. ) ;
#3574 = CARTESIAN_POINT ( 'NONE',  ( 7.145335837415062841, 31.36851884338129182, 40.26491364505289994 ) ) ;
#3575 = EDGE_CURVE ( 'NONE', #1651, #4816, #5911, .T. ) ;
#3576 = ORIENTED_EDGE ( 'NONE', *, *, #2875, .F. ) ;
#3577 = CIRCLE ( 'NONE', #131, 1.500000000000001332 ) ;
#3578 = DIRECTION ( 'NONE',  ( -7.228014036897248881E-16, -1.000000000000000000, 0.000000000000000000 ) ) ;
#3579 = ORIENTED_EDGE ( 'NONE', *, *, #4141, .F. ) ;
#3580 = CARTESIAN_POINT ( 'NONE',  ( 37.19894853087983222, 46.59408559629686408, 39.76491364505296389 ) ) ;
#3581 = DIRECTION ( 'NONE',  ( 0.000000000000000000, 0.000000000000000000, -1.000000000000000000 ) ) ;
#3582 = CARTESIAN_POINT ( 'NONE',  ( 7.198948465071300262, 24.61591931483222240, 40.26491364505290704 ) ) ;
#3583 = LINE ( 'NONE', #4675, #5998 ) ;
#3584 = DIRECTION ( 'NONE',  ( 0.000000000000000000, 0.000000000000000000, -1.000000000000000000 ) ) ;
#3585 = CARTESIAN_POINT ( 'NONE',  ( 0.000000000000000000, 0.000000000000000000, 40.26491364505290704 ) ) ;
#3586 = ORIENTED_EDGE ( 'NONE', *, *, #5010, .F. ) ;
#3587 = ORIENTED_EDGE ( 'NONE', *, *, #6810, .T. ) ;
#3588 =( BOUNDED_CURVE ( )  B_SPLINE_CURVE ( 3, ( #5383, #3709, #852, #1472 ),
 .UNSPECIFIED., .F., .F. ) 
 B_SPLINE_CURVE_WITH_KNOTS ( ( 4, 4 ),
 ( 1.570796326794738018, 2.094395102393046049 ),
 .UNSPECIFIED. ) 
 CURVE ( )  GEOMETRIC_REPRESENTATION_ITEM ( )  RATIONAL_B_SPLINE_CURVE ( ( 1.000000000000000000, 0.9772838841927113940, 0.9772838841927113940, 1.000000000000000000 ) ) 
 REPRESENTATION_ITEM ( '' )  );
#3589 = CARTESIAN_POINT ( 'NONE',  ( 37.16091466683773348, 29.50596112700796070, 40.26491364505291415 ) ) ;
#3590 = CARTESIAN_POINT ( 'NONE',  ( 0.000000000000000000, 0.000000000000000000, 0.000000000000000000 ) ) ;
#3591 = ORIENTED_EDGE ( 'NONE', *, *, #5756, .F. ) ;
#3592 = ORIENTED_EDGE ( 'NONE', *, *, #6937, .F. ) ;
#3593 = LINE ( 'NONE', #3095, #6417 ) ;
#3594 = CARTESIAN_POINT ( 'NONE',  ( 38.58468489822249126, 46.09343254915983579, 39.76491364505297099 ) ) ;
#3595 = CARTESIAN_POINT ( 'NONE',  ( 38.58468489822245573, -12.80532761448481160, 39.76491364505297099 ) ) ;
#3596 = ORIENTED_EDGE ( 'NONE', *, *, #4007, .T. ) ;
#3597 = ORIENTED_EDGE ( 'NONE', *, *, #1095, .T. ) ;
#3598 = EDGE_CURVE ( 'NONE', #6893, #2526, #6447, .T. ) ;
#3599 = CARTESIAN_POINT ( 'NONE',  ( 38.58468489822245573, -12.80532761448481160, 40.26491364505297099 ) ) ;
#3600 = ORIENTED_EDGE ( 'NONE', *, *, #3488, .T. ) ;
#3601 = DIRECTION ( 'NONE',  ( 1.000000000000000000, 5.006213283395919931E-15, 0.000000000000000000 ) ) ;
#3602 = CARTESIAN_POINT ( 'NONE',  ( 39.01813804975125777, 46.09343254915983579, 39.51567808292392670 ) ) ;
#3603 = ORIENTED_EDGE ( 'NONE', *, *, #3869, .T. ) ;
#3604 = LINE ( 'NONE', #4271, #4037 ) ;
#3605 = ADVANCED_FACE ( 'NONE', ( #5288 ), #949, .F. ) ;
#3606 = ORIENTED_EDGE ( 'NONE', *, *, #631, .T. ) ;
#3607 = LINE ( 'NONE', #368, #5827 ) ;
#3608 = CARTESIAN_POINT ( 'NONE',  ( 6.442353646742457585, 113.5205192738117006, 40.26491364505289994 ) ) ;
#3609 = CARTESIAN_POINT ( 'NONE',  ( 38.58468489822249836, 49.69339252833241716, 39.76491364505297099 ) ) ;
#3610 = DIRECTION ( 'NONE',  ( 0.000000000000000000, -1.000000000000000000, 0.000000000000000000 ) ) ;
#3611 = PLANE ( 'NONE',  #6823 ) ;
#3612 = EDGE_CURVE ( 'NONE', #463, #950, #3156, .T. ) ;
#3613 = DIRECTION ( 'NONE',  ( 6.308085367188390241E-16, 1.000000000000000000, 0.000000000000000000 ) ) ;
#3614 = CARTESIAN_POINT ( 'NONE',  ( 32.94894849797544367, 63.17725764581948056, 39.26491364505291415 ) ) ;
#3615 = VERTEX_POINT ( 'NONE', #4714 ) ;
#3616 = ADVANCED_FACE ( 'NONE', ( #3192 ), #2646, .F. ) ;
#3617 = CARTESIAN_POINT ( 'NONE',  ( 35.29894853087964890, 16.50596112700797136, 40.26491364505290704 ) ) ;
#3618 = EDGE_CURVE ( 'NONE', #2504, #5326, #3227, .T. ) ;
#3619 = EDGE_LOOP ( 'NONE', ( #5769, #6424, #3460, #6340 ) ) ;
#3620 = CIRCLE ( 'NONE', #1425, 2.000000000000000000 ) ;
#3621 = DIRECTION ( 'NONE',  ( -1.000000000000000000, 8.673617379884028570E-16, -3.701855829193213540E-15 ) ) ;
#3622 = ORIENTED_EDGE ( 'NONE', *, *, #1940, .F. ) ;
#3623 = CIRCLE ( 'NONE', #4561, 0.5000000000000004441 ) ;
#3624 = VERTEX_POINT ( 'NONE', #4826 ) ;
#3625 = CARTESIAN_POINT ( 'NONE',  ( 30.94894849797543657, 23.00596112700796425, 41.26491364505290704 ) ) ;
#3626 = DIRECTION ( 'NONE',  ( 0.000000000000000000, 0.000000000000000000, -1.000000000000000000 ) ) ;
#3627 = LINE ( 'NONE', #1282, #5287 ) ;
#3628 = DIRECTION ( 'NONE',  ( 0.000000000000000000, 0.000000000000000000, 1.000000000000000000 ) ) ;
#3629 = CARTESIAN_POINT ( 'NONE',  ( 39.01813804975130751, 112.5340379912039026, 39.51567808292392670 ) ) ;
#3630 = VECTOR ( 'NONE', #5641, 1000.000000000000000 ) ;
#3631 = ORIENTED_EDGE ( 'NONE', *, *, #5428, .F. ) ;
#3632 = EDGE_LOOP ( 'NONE', ( #2277, #4127, #5106, #6580 ) ) ;
#3633 = LINE ( 'NONE', #362, #4818 ) ;
#3634 = ORIENTED_EDGE ( 'NONE', *, *, #452, .F. ) ;
#3635 = DIRECTION ( 'NONE',  ( 0.000000000000000000, -1.000000000000000000, 0.000000000000000000 ) ) ;
#3636 = CARTESIAN_POINT ( 'NONE',  ( 37.72218489822246568, 48.69380593142552982, 38.76491364505291415 ) ) ;
#3637 = CIRCLE ( 'NONE', #6430, 0.5000000000000004441 ) ;
#3638 = CARTESIAN_POINT ( 'NONE',  ( 37.43340447868801135, 113.4475031497900943, 39.69821907270467420 ) ) ;
#3639 = EDGE_LOOP ( 'NONE', ( #941, #5352, #3670, #6574, #6911, #6190, #156, #5417, #545, #5932, #4597 ) ) ;
#3640 = CARTESIAN_POINT ( 'NONE',  ( 38.00739452897916948, 49.13056243782745725, 39.01310416272848869 ) ) ;
#3641 = CIRCLE ( 'NONE', #3873, 0.5000000000000004441 ) ;
#3642 = DIRECTION ( 'NONE',  ( 1.000000000000000000, 0.000000000000000000, 0.000000000000000000 ) ) ;
#3643 = AXIS2_PLACEMENT_3D ( 'NONE', #4695, #6949, #936 ) ;
#3644 = DIRECTION ( 'NONE',  ( 6.308085367188390241E-16, 1.000000000000000000, 0.000000000000000000 ) ) ;
#3645 = CARTESIAN_POINT ( 'NONE',  ( 11.09894846507153687, 29.50596112700797136, 34.72901526019064278 ) ) ;
#3646 = CARTESIAN_POINT ( 'NONE',  ( 13.44193287193109221, 31.50596112700797136, 32.11356641178824844 ) ) ;
#3647 = EDGE_CURVE ( 'NONE', #4297, #116, #4123, .T. ) ;
#3648 = EDGE_LOOP ( 'NONE', ( #5203, #1146, #2011, #6494 ) ) ;
#3649 = CARTESIAN_POINT ( 'NONE',  ( 30.94894849797546854, 111.5059670551350592, 34.38948260544477620 ) ) ;
#3650 = VECTOR ( 'NONE', #2782, 1000.000000000000000 ) ;
#3651 = AXIS2_PLACEMENT_3D ( 'NONE', #4567, #1817, #1955 ) ;
#3652 = ADVANCED_FACE ( 'NONE', ( #4203 ), #4861, .T. ) ;
#3653 = CARTESIAN_POINT ( 'NONE',  ( 5.313212097728418293, 111.5059670551350592, 39.76491364505289994 ) ) ;
#3654 = FACE_OUTER_BOUND ( 'NONE', #3632, .T. ) ;
#3655 = ORIENTED_EDGE ( 'NONE', *, *, #6745, .F. ) ;
#3656 = DIRECTION ( 'NONE',  ( 1.000000000000000000, 0.000000000000000000, 0.000000000000000000 ) ) ;
#3657 = ORIENTED_EDGE ( 'NONE', *, *, #1593, .F. ) ;
#3658 = FACE_OUTER_BOUND ( 'NONE', #6401, .T. ) ;
#3659 = CARTESIAN_POINT ( 'NONE',  ( 39.01813804975125777, 30.47789019093914575, 39.51567808292392670 ) ) ;
#3660 = EDGE_CURVE ( 'NONE', #2213, #6882, #5440, .T. ) ;
#3661 = ADVANCED_FACE ( 'NONE', ( #3654 ), #912, .T. ) ;
#3662 = ORIENTED_EDGE ( 'NONE', *, *, #5051, .F. ) ;
#3663 = EDGE_LOOP ( 'NONE', ( #4658, #2824, #143, #4175 ) ) ;
#3664 = DIRECTION ( 'NONE',  ( -0.000000000000000000, 0.000000000000000000, 1.000000000000000000 ) ) ;
#3665 = DIRECTION ( 'NONE',  ( 0.000000000000000000, -0.000000000000000000, -1.000000000000000000 ) ) ;
#3666 = CARTESIAN_POINT ( 'NONE',  ( 29.21347855197696930, 62.17725764581982162, 23.46716347766941979 ) ) ;
#3667 = ORIENTED_EDGE ( 'NONE', *, *, #256, .T. ) ;
#3668 = DIRECTION ( 'NONE',  ( -0.000000000000000000, 0.000000000000000000, 1.000000000000000000 ) ) ;
#3669 = LINE ( 'NONE', #4904, #6845 ) ;
#3670 = ORIENTED_EDGE ( 'NONE', *, *, #1293, .F. ) ;
#3671 = ORIENTED_EDGE ( 'NONE', *, *, #3977, .T. ) ;
#3672 = AXIS2_PLACEMENT_3D ( 'NONE', #5150, #6313, #4172 ) ;
#3673 = CARTESIAN_POINT ( 'NONE',  ( 6.698948465071248748, -4.842009353798626454E-15, 42.76491364505290704 ) ) ;
#3674 = ORIENTED_EDGE ( 'NONE', *, *, #6193, .T. ) ;
#3675 = DIRECTION ( 'NONE',  ( -1.000000000000000000, 0.000000000000000000, 0.000000000000000000 ) ) ;
#3676 = CARTESIAN_POINT ( 'NONE',  ( 37.19894853087973985, 74.60596705513525251, 42.76491364505290704 ) ) ;
#3677 = AXIS2_PLACEMENT_3D ( 'NONE', #7072, #3719, #336 ) ;
#3678 = VERTEX_POINT ( 'NONE', #2575 ) ;
#3679 = CARTESIAN_POINT ( 'NONE',  ( 38.04096723883264275, 30.18432823163767154, 40.26491364505297099 ) ) ;
#3680 = ORIENTED_EDGE ( 'NONE', *, *, #6912, .T. ) ;
#3681 = VECTOR ( 'NONE', #5955, 1000.000000000000000 ) ;
#3682 = CARTESIAN_POINT ( 'NONE',  ( 0.000000000000000000, 111.7059670551352326, 41.26491364505290704 ) ) ;
#3683 = FACE_OUTER_BOUND ( 'NONE', #6369, .T. ) ;
#3684 = FACE_OUTER_BOUND ( 'NONE', #4510, .T. ) ;
#3685 = FACE_OUTER_BOUND ( 'NONE', #3829, .T. ) ;
#3686 = VECTOR ( 'NONE', #2058, 1000.000000000000000 ) ;
#3687 = ADVANCED_FACE ( 'NONE', ( #7000 ), #5524, .F. ) ;
#3688 = CARTESIAN_POINT ( 'NONE',  ( 28.12661459656894181, 111.5059670551350592, 26.98899745139638640 ) ) ;
#3689 = CARTESIAN_POINT ( 'NONE',  ( 7.323948497975404592, 31.50596112700797846, 35.26491364505289283 ) ) ;
#3690 = ORIENTED_EDGE ( 'NONE', *, *, #3561, .F. ) ;
#3691 = LINE ( 'NONE', #4863, #5653 ) ;
#3692 = ORIENTED_EDGE ( 'NONE', *, *, #5867, .T. ) ;
#3693 = LINE ( 'NONE', #3196, #312 ) ;
#3694 = EDGE_CURVE ( 'NONE', #5340, #6279, #509, .T. ) ;
#3695 = VECTOR ( 'NONE', #3571, 1000.000000000000000 ) ;
#3696 = VERTEX_POINT ( 'NONE', #2130 ) ;
#3697 = ADVANCED_FACE ( 'NONE', ( #626 ), #4349, .F. ) ;
#3698 = DIRECTION ( 'NONE',  ( -1.000000000000000000, 6.308085367188390241E-16, 0.000000000000000000 ) ) ;
#3699 = DIRECTION ( 'NONE',  ( 6.308085367188390241E-16, 1.000000000000000000, 0.000000000000000000 ) ) ;
#3700 = CARTESIAN_POINT ( 'NONE',  ( 25.19894853087959063, 0.000000000000000000, 40.26491364505290704 ) ) ;
#3701 = CARTESIAN_POINT ( 'NONE',  ( 37.19894853087993170, 1.000463399971634232E-13, 40.26491364505290704 ) ) ;
#3702 = ORIENTED_EDGE ( 'NONE', *, *, #4185, .F. ) ;
#3703 = CYLINDRICAL_SURFACE ( 'NONE', #1155, 2.000000000000001776 ) ;
#3704 = ADVANCED_FACE ( 'NONE', ( #2676 ), #2248, .F. ) ;
#3705 = CARTESIAN_POINT ( 'NONE',  ( 24.68809529307599249, 125.6059671700671174, 42.76491364505290704 ) ) ;
#3706 = EDGE_LOOP ( 'NONE', ( #1078, #1890, #6107, #2901, #4247, #6166, #2465 ) ) ;
#3707 = ORIENTED_EDGE ( 'NONE', *, *, #2052, .F. ) ;
#3708 = ADVANCED_FACE ( 'NONE', ( #7104 ), #3909, .F. ) ;
#3709 = CARTESIAN_POINT ( 'NONE',  ( 6.640707555943552443, 32.86591882637191020, 36.45315876163002855 ) ) ;
#3710 = EDGE_CURVE ( 'NONE', #5234, #3615, #778, .T. ) ;
#3711 = CARTESIAN_POINT ( 'NONE',  ( 38.64134284161788457, 62.76475644832741807, 38.86038206877748280 ) ) ;
#3712 = DIRECTION ( 'NONE',  ( -0.000000000000000000, -0.000000000000000000, 1.000000000000000000 ) ) ;
#3713 = ORIENTED_EDGE ( 'NONE', *, *, #5632, .F. ) ;
#3714 = DIRECTION ( 'NONE',  ( 0.000000000000000000, 0.000000000000000000, -1.000000000000000000 ) ) ;
#3715 = ORIENTED_EDGE ( 'NONE', *, *, #4910, .F. ) ;
#3716 = CARTESIAN_POINT ( 'NONE',  ( 38.58492050997629264, 46.59343249364693662, 39.76491364505297099 ) ) ;
#3717 = CARTESIAN_POINT ( 'NONE',  ( 7.198948465071296710, 31.36591882637202033, 42.76491364505290704 ) ) ;
#3718 = FACE_OUTER_BOUND ( 'NONE', #43, .T. ) ;
#3719 = DIRECTION ( 'NONE',  ( 2.135044278125296610E-15, -1.346804156914148331E-30, -1.000000000000000000 ) ) ;
#3720 = FACE_OUTER_BOUND ( 'NONE', #2389, .T. ) ;
#3721 = LINE ( 'NONE', #3689, #4935 ) ;
#3722 = ORIENTED_EDGE ( 'NONE', *, *, #1018, .F. ) ;
#3723 = CARTESIAN_POINT ( 'NONE',  ( 38.22218489822247989, 73.27725659993869556, 38.26491364505291415 ) ) ;
#3724 = ORIENTED_EDGE ( 'NONE', *, *, #746, .F. ) ;
#3725 = LINE ( 'NONE', #2579, #3310 ) ;
#3726 = EDGE_CURVE ( 'NONE', #3363, #2219, #5277, .T. ) ;
#3727 = CARTESIAN_POINT ( 'NONE',  ( 38.29699737133136495, 29.69519124395545617, 39.59874424345307631 ) ) ;
#3728 = ORIENTED_EDGE ( 'NONE', *, *, #5258, .F. ) ;
#3729 = DIRECTION ( 'NONE',  ( 0.000000000000000000, 0.000000000000000000, -1.000000000000000000 ) ) ;
#3730 = FACE_OUTER_BOUND ( 'NONE', #7019, .T. ) ;
#3731 = AXIS2_PLACEMENT_3D ( 'NONE', #869, #4309, #3226 ) ;
#3732 = DIRECTION ( 'NONE',  ( 0.8669063030575347994, 0.000000000000000000, 0.4984711242580832091 ) ) ;
#3733 = CARTESIAN_POINT ( 'NONE',  ( 8.983916628745105382E-15, 25.50596112700796425, 42.76491364505290704 ) ) ;
#3734 = VERTEX_POINT ( 'NONE', #6641 ) ;
#3735 = CARTESIAN_POINT ( 'NONE',  ( 37.19894853087983222, 0.000000000000000000, 40.26491364505290704 ) ) ;
#3736 = LINE ( 'NONE', #5957, #6261 ) ;
#3737 = EDGE_CURVE ( 'NONE', #5344, #4732, #4246, .T. ) ;
#3738 = ORIENTED_EDGE ( 'NONE', *, *, #3726, .T. ) ;
#3739 = EDGE_CURVE ( 'NONE', #3036, #678, #1708, .T. ) ;
#3740 = ORIENTED_EDGE ( 'NONE', *, *, #5223, .T. ) ;
#3741 = DIRECTION ( 'NONE',  ( -0.000000000000000000, -0.000000000000000000, 1.000000000000000000 ) ) ;
#3742 = CARTESIAN_POINT ( 'NONE',  ( 38.29718489822242589, 62.67725764581898318, 39.26491364505282888 ) ) ;
#3743 = CARTESIAN_POINT ( 'NONE',  ( 33.56111319306151586, 47.09579988552805219, 41.26491364505290704 ) ) ;
#3744 = ORIENTED_EDGE ( 'NONE', *, *, #3392, .T. ) ;
#3745 = LINE ( 'NONE', #2633, #4504 ) ;
#3746 = AXIS2_PLACEMENT_3D ( 'NONE', #3302, #1173, #1239 ) ;
#3747 = EDGE_CURVE ( 'NONE', #1583, #4653, #1597, .T. ) ;
#3748 = VERTEX_POINT ( 'NONE', #6170 ) ;
#3749 = EDGE_CURVE ( 'NONE', #6980, #6254, #1089, .T. ) ;
#3750 = DIRECTION ( 'NONE',  ( -1.000000000000000000, 0.000000000000000000, 0.000000000000000000 ) ) ;
#3751 = VECTOR ( 'NONE', #5396, 1000.000000000000000 ) ;
#3752 = CARTESIAN_POINT ( 'NONE',  ( 37.19894853087961906, 18.40596112700797349, 42.76491364505290704 ) ) ;
#3753 = AXIS2_PLACEMENT_3D ( 'NONE', #5081, #4535, #831 ) ;
#3754 = DIRECTION ( 'NONE',  ( 6.308085367188390241E-16, 1.000000000000000000, 0.000000000000000000 ) ) ;
#3755 = CARTESIAN_POINT ( 'NONE',  ( 37.19894853087962616, 113.5031248350763775, 40.08402796441506410 ) ) ;
#3756 = VECTOR ( 'NONE', #284, 1000.000000000000000 ) ;
#3757 = VECTOR ( 'NONE', #3213, 1000.000000000000000 ) ;
#3758 = CARTESIAN_POINT ( 'NONE',  ( 23.11959897052455304, 1.092148475516835360, 29.26491364505290704 ) ) ;
#3759 = DIRECTION ( 'NONE',  ( 0.000000000000000000, 0.000000000000000000, -1.000000000000000000 ) ) ;
#3760 = VERTEX_POINT ( 'NONE', #2288 ) ;
#3761 = LINE ( 'NONE', #3123, #684 ) ;
#3762 = DIRECTION ( 'NONE',  ( 4.163336342344333871E-15, -1.000000000000000000, 0.000000000000000000 ) ) ;
#3763 = AXIS2_PLACEMENT_3D ( 'NONE', #2546, #4762, #1999 ) ;
#3764 = VECTOR ( 'NONE', #573, 1000.000000000000000 ) ;
#3765 = CYLINDRICAL_SURFACE ( 'NONE', #2634, 0.5000000000000004441 ) ;
#3766 = VERTEX_POINT ( 'NONE', #1194 ) ;
#3767 = CARTESIAN_POINT ( 'NONE',  ( 21.94894849797543301, -0.000000000000000000, 41.26491364505290704 ) ) ;
#3768 = CARTESIAN_POINT ( 'NONE',  ( 5.077315469789192903, 32.86591882637220863, 43.18437004017997793 ) ) ;
#3769 = LINE ( 'NONE', #5990, #1353 ) ;
#3770 = ORIENTED_EDGE ( 'NONE', *, *, #1401, .F. ) ;
#3771 = CARTESIAN_POINT ( 'NONE',  ( -0.000000000000000000, 126.5059670551352298, 42.76491364505290704 ) ) ;
#3772 = CARTESIAN_POINT ( 'NONE',  ( 24.68809529307599249, 126.1059671700671174, 40.26491364505290704 ) ) ;
#3773 = PRODUCT_DEFINITION ( 'UNKNOWN', '', #4427, #2550 ) ;
#3774 = AXIS2_PLACEMENT_3D ( 'NONE', #1577, #6992, #6000 ) ;
#3775 = ORIENTED_EDGE ( 'NONE', *, *, #4581, .T. ) ;
#3776 = VERTEX_POINT ( 'NONE', #6133 ) ;
#3777 = CARTESIAN_POINT ( 'NONE',  ( 37.19894853087983222, 46.59408559629686408, 41.26491364505290704 ) ) ;
#3778 = EDGE_CURVE ( 'NONE', #3760, #1320, #3402, .T. ) ;
#3779 = CARTESIAN_POINT ( 'NONE',  ( 6.755398632183777749E-12, 73.77725659994213459, 40.26491364505290704 ) ) ;
#3780 = VECTOR ( 'NONE', #459, 1000.000000000000000 ) ;
#3781 = PRODUCT_DEFINITION_SHAPE ( 'NONE', 'NONE',  #3773 ) ;
#3782 = DIRECTION ( 'NONE',  ( 0.000000000000000000, 0.000000000000000000, -1.000000000000000000 ) ) ;
#3783 = CARTESIAN_POINT ( 'NONE',  ( 38.14667985567724884, 62.69027131074054893, 39.13403969501327140 ) ) ;
#3784 = CARTESIAN_POINT ( 'NONE',  ( 37.73721228459806554, 46.96295804292674347, 38.77792731069968113 ) ) ;
#3785 = EDGE_CURVE ( 'NONE', #7009, #2946, #5730, .T. ) ;
#3786 = ORIENTED_EDGE ( 'NONE', *, *, #6039, .F. ) ;
#3787 = CARTESIAN_POINT ( 'NONE',  ( 38.30020532448627080, 112.3488902017342781, 40.26491364505296389 ) ) ;
#3788 = VECTOR ( 'NONE', #3802, 1000.000000000000000 ) ;
#3789 = ORIENTED_EDGE ( 'NONE', *, *, #2300, .F. ) ;
#3790 = EDGE_CURVE ( 'NONE', #5190, #3450, #1929, .T. ) ;
#3791 = CARTESIAN_POINT ( 'NONE',  ( 20.94894849797543301, 25.50596112700795715, 41.26491364505290704 ) ) ;
#3792 = VECTOR ( 'NONE', #3154, 1000.000000000000000 ) ;
#3793 = CARTESIAN_POINT ( 'NONE',  ( 11.09894846507133437, 126.1059671700671174, 40.26491364505290704 ) ) ;
#3794 = CARTESIAN_POINT ( 'NONE',  ( -3.666903193818357266E-14, -12.80532761448478851, 20.26491364505289994 ) ) ;
#3795 = EDGE_CURVE ( 'NONE', #1070, #837, #591, .T. ) ;
#3796 = EDGE_LOOP ( 'NONE', ( #3223, #3330, #4442, #4244, #2562, #789 ) ) ;
#3797 = DIRECTION ( 'NONE',  ( -0.000000000000000000, -0.000000000000000000, 1.000000000000000000 ) ) ;
#3798 = AXIS2_PLACEMENT_3D ( 'NONE', #5887, #7055, #2041 ) ;
#3799 = CARTESIAN_POINT ( 'NONE',  ( 37.19894853087983222, 40.00596112700796425, 41.76491364505290704 ) ) ;
#3800 = CARTESIAN_POINT ( 'NONE',  ( 35.29894853087961337, 126.5059670551352013, 40.26491364505290704 ) ) ;
#3801 = ORIENTED_EDGE ( 'NONE', *, *, #5863, .T. ) ;
#3802 = DIRECTION ( 'NONE',  ( 5.586908715031035498E-15, -1.000000000000000000, 0.000000000000000000 ) ) ;
#3803 = CARTESIAN_POINT ( 'NONE',  ( 38.58468489822248415, 31.50596112700795715, 39.76491364505297099 ) ) ;
#3804 = AXIS2_PLACEMENT_3D ( 'NONE', #1222, #6635, #5684 ) ;
#3805 = ORIENTED_EDGE ( 'NONE', *, *, #4991, .T. ) ;
#3806 = DIRECTION ( 'NONE',  ( -1.000000000000000000, -0.000000000000000000, -0.000000000000000000 ) ) ;
#3807 = CARTESIAN_POINT ( 'NONE',  ( 6.698948465071435265, 3.742641356105138122E-14, 40.26491364505290704 ) ) ;
#3808 = LINE ( 'NONE', #6029, #6812 ) ;
#3809 = ORIENTED_EDGE ( 'NONE', *, *, #5152, .T. ) ;
#3810 = LINE ( 'NONE', #1721, #2767 ) ;
#3811 = FACE_OUTER_BOUND ( 'NONE', #5345, .T. ) ;
#3812 = VECTOR ( 'NONE', #2312, 1000.000000000000000 ) ;
#3813 = EDGE_LOOP ( 'NONE', ( #1428, #4463, #4944, #6971 ) ) ;
#3814 = ORIENTED_EDGE ( 'NONE', *, *, #6189, .F. ) ;
#3815 = CARTESIAN_POINT ( 'NONE',  ( 7.198948465071300262, 24.61591931483222240, 42.76491364505290704 ) ) ;
#3816 = CARTESIAN_POINT ( 'NONE',  ( 23.11959897052461699, 109.5059670551350592, 21.76491364505290704 ) ) ;
#3817 = CIRCLE ( 'NONE', #3490, 7.499999999999996447 ) ;
#3818 = CARTESIAN_POINT ( 'NONE',  ( 3.826800288778577047E-13, 17.40596112700826481, 40.26491364505290704 ) ) ;
#3819 = CARTESIAN_POINT ( 'NONE',  ( 0.000000000000000000, 31.30596112700797917, 40.26491364505290704 ) ) ;
#3820 =( BOUNDED_CURVE ( )  B_SPLINE_CURVE ( 3, ( #1129, #2796, #5004, #1707 ),
 .UNSPECIFIED., .F., .F. ) 
 B_SPLINE_CURVE_WITH_KNOTS ( ( 4, 4 ),
 ( 0.6951631816231352845, 1.570796326794896558 ),
 .UNSPECIFIED. ) 
 CURVE ( )  GEOMETRIC_REPRESENTATION_ITEM ( )  RATIONAL_B_SPLINE_CURVE ( ( 1.000000000000000000, 0.9371196758335655908, 0.9371196758335655908, 1.000000000000000000 ) ) 
 REPRESENTATION_ITEM ( '' )  );
#3821 = CARTESIAN_POINT ( 'NONE',  ( 6.698948465071320690, 122.6059670551352383, 42.76491364505290704 ) ) ;
#3822 = ORIENTED_EDGE ( 'NONE', *, *, #2149, .T. ) ;
#3823 = CARTESIAN_POINT ( 'NONE',  ( 38.48225660406517079, 113.1765497622602652, 40.26491364505422865 ) ) ;
#3824 = ORIENTED_EDGE ( 'NONE', *, *, #2829, .F. ) ;
#3825 = ADVANCED_FACE ( 'NONE', ( #53 ), #3472, .F. ) ;
#3826 = CARTESIAN_POINT ( 'NONE',  ( 15.77128239938198284, 111.5059670551350592, 26.98899745139639350 ) ) ;
#3827 = CARTESIAN_POINT ( 'NONE',  ( 31.44894849797544367, 31.56946945390425086, 41.63229280717299474 ) ) ;
#3828 = DIRECTION ( 'NONE',  ( -1.000000000000000000, 0.000000000000000000, 0.000000000000000000 ) ) ;
#3829 = EDGE_LOOP ( 'NONE', ( #957, #5441, #6673, #2983 ) ) ;
#3830 = EDGE_CURVE ( 'NONE', #1847, #4406, #2870, .T. ) ;
#3831 = CARTESIAN_POINT ( 'NONE',  ( 9.118439722611958231, 32.33002044150958909, 36.15632786135778787 ) ) ;
#3832 = DIRECTION ( 'NONE',  ( 1.000000000000000000, 2.379049338482476317E-14, -0.000000000000000000 ) ) ;
#3833 = ORIENTED_EDGE ( 'NONE', *, *, #1349, .T. ) ;
#3834 = DIRECTION ( 'NONE',  ( 5.586908715031035498E-15, -1.000000000000000000, 0.000000000000000000 ) ) ;
#3835 = DIRECTION ( 'NONE',  ( 1.000000000000000000, -0.000000000000000000, 0.000000000000000000 ) ) ;
#3836 = CARTESIAN_POINT ( 'NONE',  ( 9.098948465071343250, 9.865099693163997005E-16, 41.76491364505290704 ) ) ;
#3837 = EDGE_LOOP ( 'NONE', ( #2635, #1777, #557, #4716, #2154, #6930, #3814, #5875 ) ) ;
#3838 = EDGE_CURVE ( 'NONE', #4653, #192, #6690, .T. ) ;
#3839 = DIRECTION ( 'NONE',  ( 0.000000000000000000, 0.000000000000000000, -1.000000000000000000 ) ) ;
#3840 = EDGE_CURVE ( 'NONE', #116, #3501, #1230, .T. ) ;
#3841 = LINE ( 'NONE', #634, #311 ) ;
#3842 = DIRECTION ( 'NONE',  ( -1.000000000000000000, 0.000000000000000000, 0.000000000000000000 ) ) ;
#3843 = DIRECTION ( 'NONE',  ( -0.000000000000000000, 0.000000000000000000, 1.000000000000000000 ) ) ;
#3844 = VERTEX_POINT ( 'NONE', #1873 ) ;
#3845 = DIRECTION ( 'NONE',  ( 0.000000000000000000, -0.000000000000000000, 1.000000000000000000 ) ) ;
#3846 = DIRECTION ( 'NONE',  ( 6.938893903908282296E-15, -1.000000000000000000, 0.000000000000000000 ) ) ;
#3847 = ORIENTED_EDGE ( 'NONE', *, *, #352, .F. ) ;
#3848 =( GEOMETRIC_REPRESENTATION_CONTEXT ( 3 ) GLOBAL_UNCERTAINTY_ASSIGNED_CONTEXT ( ( #6394 ) ) GLOBAL_UNIT_ASSIGNED_CONTEXT ( ( #2582, #4870, #1031 ) ) REPRESENTATION_CONTEXT ( 'NONE', 'WORKASPACE' ) );
#3849 = ORIENTED_EDGE ( 'NONE', *, *, #1391, .F. ) ;
#3850 = DIRECTION ( 'NONE',  ( 0.000000000000000000, 0.000000000000000000, -1.000000000000000000 ) ) ;
#3851 = FACE_OUTER_BOUND ( 'NONE', #3397, .T. ) ;
#3852 = DIRECTION ( 'NONE',  ( -1.000000000000000000, 9.089951014118086735E-14, 1.563499775122000228E-13 ) ) ;
#3853 = CARTESIAN_POINT ( 'NONE',  ( 28.31161477284899064, 111.5059670551350592, 27.39599783921246967 ) ) ;
#3854 = CIRCLE ( 'NONE', #4211, 0.4999999999999996669 ) ;
#3855 = CARTESIAN_POINT ( 'NONE',  ( 38.44105714507524851, 46.21991810242694498, 38.51205911826999539 ) ) ;
#3856 = ORIENTED_EDGE ( 'NONE', *, *, #5737, .F. ) ;
#3857 = CARTESIAN_POINT ( 'NONE',  ( 38.23633927063621485, 113.3070039607390100, 40.26491364505294968 ) ) ;
#3858 = ORIENTED_EDGE ( 'NONE', *, *, #1819, .F. ) ;
#3859 = ORIENTED_EDGE ( 'NONE', *, *, #3045, .F. ) ;
#3860 = LINE ( 'NONE', #6085, #1568 ) ;
#3861 = ORIENTED_EDGE ( 'NONE', *, *, #2519, .F. ) ;
#3862 = CARTESIAN_POINT ( 'NONE',  ( 32.27669707894496298, 33.50596112700795715, 31.28596052318589216 ) ) ;
#3863 = DIRECTION ( 'NONE',  ( -1.000000000000000000, 4.269421518900740951E-16, -2.891205793294677833E-16 ) ) ;
#3864 = AXIS2_PLACEMENT_3D ( 'NONE', #351, #1891, #6285 ) ;
#3865 = VERTEX_POINT ( 'NONE', #4085 ) ;
#3866 = DIRECTION ( 'NONE',  ( -0.9999998889741968933, 0.0004712235075974231845, -2.135044041080291112E-15 ) ) ;
#3867 = CARTESIAN_POINT ( 'NONE',  ( 37.72218489822246568, 48.69380593142552982, 38.76491364505291415 ) ) ;
#3868 = ORIENTED_EDGE ( 'NONE', *, *, #4478, .T. ) ;
#3869 = EDGE_CURVE ( 'NONE', #484, #2275, #5212, .T. ) ;
#3870 = FACE_OUTER_BOUND ( 'NONE', #340, .T. ) ;
#3871 = EDGE_CURVE ( 'NONE', #3615, #2699, #2718, .T. ) ;
#3872 = DIRECTION ( 'NONE',  ( 0.4984711242580827095, -2.128183344458105009E-16, 0.8669063030575352435 ) ) ;
#3873 = AXIS2_PLACEMENT_3D ( 'NONE', #5716, #218, #4630 ) ;
#3874 = VECTOR ( 'NONE', #550, 1000.000000000000000 ) ;
#3875 = ORIENTED_EDGE ( 'NONE', *, *, #4945, .F. ) ;
#3876 = CARTESIAN_POINT ( 'NONE',  ( 4.157708556098233902E-14, 111.5059670551350735, 22.26491364505289638 ) ) ;
#3877 = LINE ( 'NONE', #61, #3880 ) ;
#3878 = DIRECTION ( 'NONE',  ( 0.000000000000000000, 0.000000000000000000, 1.000000000000000000 ) ) ;
#3879 = CARTESIAN_POINT ( 'NONE',  ( 36.69894853087959063, 36.50596112700799267, 42.76491364505290704 ) ) ;
#3880 = VECTOR ( 'NONE', #6027, 1000.000000000000000 ) ;
#3881 = ORIENTED_EDGE ( 'NONE', *, *, #2346, .T. ) ;
#3882 = CIRCLE ( 'NONE', #6793, 0.5000000000000004441 ) ;
#3883 = LINE ( 'NONE', #5454, #5427 ) ;
#3884 = DIRECTION ( 'NONE',  ( 0.000000000000000000, -0.000000000000000000, -1.000000000000000000 ) ) ;
#3885 = EDGE_CURVE ( 'NONE', #2226, #1259, #2903, .T. ) ;
#3886 = ADVANCED_FACE ( 'NONE', ( #6237 ), #6853, .F. ) ;
#3887 = ORIENTED_EDGE ( 'NONE', *, *, #6820, .T. ) ;
#3888 = VECTOR ( 'NONE', #5837, 1000.000000000000000 ) ;
#3889 = ORIENTED_EDGE ( 'NONE', *, *, #2600, .T. ) ;
#3890 = FACE_OUTER_BOUND ( 'NONE', #5671, .T. ) ;
#3891 = CARTESIAN_POINT ( 'NONE',  ( 38.39381084811573430, 62.17725764581902581, 38.42989164529689816 ) ) ;
#3892 = PLANE ( 'NONE',  #5388 ) ;
#3893 = AXIS2_PLACEMENT_3D ( 'NONE', #4564, #258, #2455 ) ;
#3894 = CARTESIAN_POINT ( 'NONE',  ( 15.44894849797544190, 121.0059670551347750, 42.76491364505290704 ) ) ;
#3895 = CARTESIAN_POINT ( 'NONE',  ( 37.72221574527308974, 47.02837749434773684, 38.76491364505291415 ) ) ;
#3896 = ADVANCED_FACE ( 'NONE', ( #2393 ), #2323, .T. ) ;
#3897 = ORIENTED_EDGE ( 'NONE', *, *, #3180, .F. ) ;
#3898 = CARTESIAN_POINT ( 'NONE',  ( 38.54798612689636883, 111.8608178241468067, 40.26491364505296389 ) ) ;
#3899 = EDGE_LOOP ( 'NONE', ( #4681, #5255, #5389, #7063, #785, #4957, #4685, #6647 ) ) ;
#3900 = ORIENTED_EDGE ( 'NONE', *, *, #2566, .T. ) ;
#3901 = CIRCLE ( 'NONE', #776, 2.000000000000001776 ) ;
#3902 = DIRECTION ( 'NONE',  ( 0.000000000000000000, 0.000000000000000000, -1.000000000000000000 ) ) ;
#3903 = LINE ( 'NONE', #3396, #875 ) ;
#3904 = AXIS2_PLACEMENT_3D ( 'NONE', #4209, #955, #1456 ) ;
#3905 = ORIENTED_EDGE ( 'NONE', *, *, #5343, .F. ) ;
#3906 = CARTESIAN_POINT ( 'NONE',  ( 37.19894853087962616, 112.9759263931391047, 40.26491364505296389 ) ) ;
#3907 = FACE_OUTER_BOUND ( 'NONE', #6700, .T. ) ;
#3908 = AXIS2_PLACEMENT_3D ( 'NONE', #1661, #3866, #4383 ) ;
#3909 = CYLINDRICAL_SURFACE ( 'NONE', #205, 0.5000000000000004441 ) ;
#3910 = VERTEX_POINT ( 'NONE', #3438 ) ;
#3911 = CARTESIAN_POINT ( 'NONE',  ( 7.448948465071308256, 66.40596409107159559, 40.26491364505289994 ) ) ;
#3912 = DIRECTION ( 'NONE',  ( -0.000000000000000000, -0.000000000000000000, -1.000000000000000000 ) ) ;
#3913 = CARTESIAN_POINT ( 'NONE',  ( 38.58468489822245573, -12.80532761448481160, 40.26491364505297099 ) ) ;
#3914 = AXIS2_PLACEMENT_3D ( 'NONE', #445, #4498, #6015 ) ;
#3915 = EDGE_CURVE ( 'NONE', #4459, #1871, #796, .T. ) ;
#3916 = DIRECTION ( 'NONE',  ( -1.000000000000000000, 0.000000000000000000, 0.000000000000000000 ) ) ;
#3917 = CARTESIAN_POINT ( 'NONE',  ( 39.08468489822249126, 49.69339252833242426, 39.76491364505297099 ) ) ;
#3918 = DIRECTION ( 'NONE',  ( 0.000000000000000000, 0.000000000000000000, 1.000000000000000000 ) ) ;
#3919 = EDGE_CURVE ( 'NONE', #3452, #681, #3540, .T. ) ;
#3920 = CARTESIAN_POINT ( 'NONE',  ( 11.09894846507153687, 29.50596112700797136, 34.72901526019064278 ) ) ;
#3921 = VECTOR ( 'NONE', #3135, 1000.000000000000000 ) ;
#3922 = ORIENTED_EDGE ( 'NONE', *, *, #2920, .F. ) ;
#3923 = CARTESIAN_POINT ( 'NONE',  ( 11.44894849797544012, 117.0059670551347750, 42.76491364505290704 ) ) ;
#3924 = DIRECTION ( 'NONE',  ( 1.000000000000000000, 0.000000000000000000, 0.000000000000000000 ) ) ;
#3925 = EDGE_CURVE ( 'NONE', #1319, #5222, #6220, .T. ) ;
#3926 = CIRCLE ( 'NONE', #923, 2.000000000000002665 ) ;
#3927 = ORIENTED_EDGE ( 'NONE', *, *, #6198, .F. ) ;
#3928 = VERTEX_POINT ( 'NONE', #158 ) ;
#3929 = DIRECTION ( 'NONE',  ( 0.000000000000000000, -0.000000000000000000, 1.000000000000000000 ) ) ;
#3930 = EDGE_CURVE ( 'NONE', #3036, #5650, #7031, .T. ) ;
#3931 = DIRECTION ( 'NONE',  ( 0.000000000000000000, -0.000000000000000000, -1.000000000000000000 ) ) ;
#3932 = DIRECTION ( 'NONE',  ( 1.000000000000000000, -0.000000000000000000, -0.000000000000000000 ) ) ;
#3933 = LINE ( 'NONE', #2781, #134 ) ;
#3934 = ORIENTED_EDGE ( 'NONE', *, *, #1844, .F. ) ;
#3935 = ORIENTED_EDGE ( 'NONE', *, *, #6736, .T. ) ;
#3936 = ORIENTED_EDGE ( 'NONE', *, *, #1277, .T. ) ;
#3937 = CIRCLE ( 'NONE', #4868, 2.000000000000000444 ) ;
#3938 = EDGE_CURVE ( 'NONE', #1963, #1296, #1471, .T. ) ;
#3939 = EDGE_CURVE ( 'NONE', #3776, #5704, #6883, .T. ) ;
#3940 = CARTESIAN_POINT ( 'NONE',  ( 21.41707547077350426, 1.092148475516835360, 9.735034304897048685 ) ) ;
#3941 = ORIENTED_EDGE ( 'NONE', *, *, #4786, .T. ) ;
#3942 = LINE ( 'NONE', #3327, #5200 ) ;
#3943 = CARTESIAN_POINT ( 'NONE',  ( 13.74035607321162011, 16.90596112700796283, 40.26491364505290704 ) ) ;
#3944 = ORIENTED_EDGE ( 'NONE', *, *, #954, .T. ) ;
#3945 = CARTESIAN_POINT ( 'NONE',  ( 0.000000000000000000, 119.5059670551349171, 42.76491364505290704 ) ) ;
#3946 = LINE ( 'NONE', #6169, #6529 ) ;
#3947 = DIRECTION ( 'NONE',  ( -7.979727989493115419E-15, 1.000000000000000000, -1.387778780781433527E-14 ) ) ;
#3948 = EDGE_LOOP ( 'NONE', ( #5812, #2762, #7065, #3218, #7144, #6178 ) ) ;
#3949 = DIRECTION ( 'NONE',  ( 1.000000000000000000, -3.469446694862101795E-16, 0.000000000000000000 ) ) ;
#3950 = PLANE ( 'NONE',  #1002 ) ;
#3951 = DIRECTION ( 'NONE',  ( -0.9103664774626049061, 0.000000000000000000, -0.4138029443011835840 ) ) ;
#3952 = CARTESIAN_POINT ( 'NONE',  ( 37.19894853087963327, 111.7059670551352326, 40.26491364505296389 ) ) ;
#3953 = CARTESIAN_POINT ( 'NONE',  ( 33.56111319306151586, 47.09579988552805219, 39.26491364505291415 ) ) ;
#3954 = DIRECTION ( 'NONE',  ( 0.000000000000000000, 0.000000000000000000, 1.000000000000000000 ) ) ;
#3955 = CARTESIAN_POINT ( 'NONE',  ( 33.19894853087974695, 113.5059670551350592, 40.26491364505295678 ) ) ;
#3956 = ORIENTED_EDGE ( 'NONE', *, *, #2938, .F. ) ;
#3957 = CYLINDRICAL_SURFACE ( 'NONE', #4621, 0.5000000000000004441 ) ;
#3958 = LINE ( 'NONE', #606, #4392 ) ;
#3959 = ORIENTED_EDGE ( 'NONE', *, *, #5527, .T. ) ;
#3960 = ORIENTED_EDGE ( 'NONE', *, *, #6746, .F. ) ;
#3961 = DIRECTION ( 'NONE',  ( -1.000000000000000000, 0.000000000000000000, -0.000000000000000000 ) ) ;
#3962 = DIRECTION ( 'NONE',  ( -1.000000000000000000, 9.156478491488235634E-14, -2.135044278125296610E-15 ) ) ;
#3963 = EDGE_CURVE ( 'NONE', #6932, #1908, #1264, .T. ) ;
#3964 = FACE_OUTER_BOUND ( 'NONE', #1696, .T. ) ;
#3965 = DIRECTION ( 'NONE',  ( 1.000000000000000000, -0.000000000000000000, 0.000000000000000000 ) ) ;
#3966 = EDGE_CURVE ( 'NONE', #2509, #2140, #5721, .T. ) ;
#3967 = EDGE_LOOP ( 'NONE', ( #1274, #3990, #1882 ) ) ;
#3968 = EDGE_LOOP ( 'NONE', ( #5786, #5781, #1427, #1809 ) ) ;
#3969 =( BOUNDED_SURFACE ( )  B_SPLINE_SURFACE ( 3, 2, ( 
 ( #5425, #2667, #5065 ),
 ( #2891, #574, #5101 ),
 ( #7168, #1764, #1182 ),
 ( #4000, #6157, #5540 ),
 ( #4446, #5608, #533 ),
 ( #1250, #2343, #3423 ) ),
 .UNSPECIFIED., .F., .F., .F. ) 
 B_SPLINE_SURFACE_WITH_KNOTS ( ( 4, 2, 4 ),
 ( 3, 3 ),
 ( 4.712388980384689674, 5.150205552970568590, 5.588022125556448394 ),
 ( 0.000000000000000000, 1.000000000000000000 ),
 .UNSPECIFIED. ) 
 GEOMETRIC_REPRESENTATION_ITEM ( )  RATIONAL_B_SPLINE_SURFACE ( (
 ( 1.000000000000000000, 0.7071067811865487940, 1.000000000000000000),
 ( 1.000000000000000000, 0.7518132428075445794, 1.000000000000000000),
 ( 1.000000000000000000, 0.7921782450623302552, 1.000000000000000000),
 ( 1.000000000000000000, 0.8614013394265802592, 1.000000000000000000),
 ( 1.000000000000000000, 0.8902665685809361129, 1.000000000000000000),
 ( 1.000000000000000000, 0.9124317808639428318, 1.000000000000000000) ) ) 
 REPRESENTATION_ITEM ( '' )  SURFACE ( )  );
#3970 = AXIS2_PLACEMENT_3D ( 'NONE', #7103, #2129, #1448 ) ;
#3971 = CARTESIAN_POINT ( 'NONE',  ( 37.19894853087961906, 0.000000000000000000, 40.26491364505290704 ) ) ;
#3972 = FACE_OUTER_BOUND ( 'NONE', #1252, .T. ) ;
#3973 = CARTESIAN_POINT ( 'NONE',  ( 15.77128239938197929, 111.5059670551350592, 26.98899745139638995 ) ) ;
#3974 = ORIENTED_EDGE ( 'NONE', *, *, #186, .F. ) ;
#3975 = CARTESIAN_POINT ( 'NONE',  ( 5.664856787905094393, 31.05859748024407452, 40.26491364505289283 ) ) ;
#3976 = EDGE_CURVE ( 'NONE', #2226, #6748, #2426, .T. ) ;
#3977 = EDGE_CURVE ( 'NONE', #1209, #2033, #6958, .T. ) ;
#3978 = VECTOR ( 'NONE', #5511, 1000.000000000000000 ) ;
#3979 = CARTESIAN_POINT ( 'NONE',  ( 33.56188029928292593, 48.69580055280668063, 39.26491364505291415 ) ) ;
#3980 = DIRECTION ( 'NONE',  ( -0.000000000000000000, 0.000000000000000000, 1.000000000000000000 ) ) ;
#3981 = ORIENTED_EDGE ( 'NONE', *, *, #531, .F. ) ;
#3982 = CARTESIAN_POINT ( 'NONE',  ( 33.56188029928292593, 48.69580055280668063, 39.26491364505291415 ) ) ;
#3983 = CIRCLE ( 'NONE', #287, 0.5000000000000004441 ) ;
#3984 = CARTESIAN_POINT ( 'NONE',  ( 25.19894853087959063, -3.367010392285329927E-30, 40.26491364505294257 ) ) ;
#3985 = AXIS2_PLACEMENT_3D ( 'NONE', #959, #2619, #6211 ) ;
#3986 = CARTESIAN_POINT ( 'NONE',  ( 37.72218489822246568, 47.09383909050607997, 38.76491364505291415 ) ) ;
#3987 = FACE_OUTER_BOUND ( 'NONE', #7079, .T. ) ;
#3988 = CARTESIAN_POINT ( 'NONE',  ( 37.19894853087961906, 31.30596112700797917, 40.26491364505290704 ) ) ;
#3989 = DIRECTION ( 'NONE',  ( -1.000000000000000000, 0.000000000000000000, 0.000000000000000000 ) ) ;
#3990 = ORIENTED_EDGE ( 'NONE', *, *, #5921, .T. ) ;
#3991 = CIRCLE ( 'NONE', #5504, 0.5000000000000004441 ) ;
#3992 = AXIS2_PLACEMENT_3D ( 'NONE', #6273, #4055, #5762 ) ;
#3993 = ORIENTED_EDGE ( 'NONE', *, *, #6275, .T. ) ;
#3994 = EDGE_CURVE ( 'NONE', #479, #1859, #2940, .T. ) ;
#3995 = EDGE_CURVE ( 'NONE', #6086, #288, #2399, .T. ) ;
#3996 = ORIENTED_EDGE ( 'NONE', *, *, #1489, .F. ) ;
#3997 = VECTOR ( 'NONE', #3863, 1000.000000000000000 ) ;
#3998 = CARTESIAN_POINT ( 'NONE',  ( 38.15299534644671553, 62.67725764581899739, 39.01414920718193713 ) ) ;
#3999 = CARTESIAN_POINT ( 'NONE',  ( 11.73945922832567668, 29.50596112700797136, 35.59504066397509803 ) ) ;
#4000 = CARTESIAN_POINT ( 'NONE',  ( 11.52085188611162714, 29.76514682043110582, 36.15769961574993374 ) ) ;
#4001 = AXIS2_PLACEMENT_3D ( 'NONE', #3953, #675, #2331 ) ;
#4002 = AXIS2_PLACEMENT_3D ( 'NONE', #916, #6422, #3125 ) ;
#4003 = EDGE_LOOP ( 'NONE', ( #5761, #2123, #1840, #5140 ) ) ;
#4004 = EDGE_CURVE ( 'NONE', #3748, #907, #2488, .T. ) ;
#4005 = ORIENTED_EDGE ( 'NONE', *, *, #3795, .F. ) ;
#4006 = VECTOR ( 'NONE', #4062, 1000.000000000000000 ) ;
#4007 = EDGE_CURVE ( 'NONE', #6615, #1603, #5407, .T. ) ;
#4008 = CYLINDRICAL_SURFACE ( 'NONE', #6093, 0.5000000000000004441 ) ;
#4009 = ORIENTED_EDGE ( 'NONE', *, *, #938, .T. ) ;
#4010 = DIRECTION ( 'NONE',  ( -0.000000000000000000, -0.000000000000000000, -1.000000000000000000 ) ) ;
#4011 = CARTESIAN_POINT ( 'NONE',  ( 37.19894853087961906, 30.03600178900392237, 40.26491364505290704 ) ) ;
#4012 = ORIENTED_EDGE ( 'NONE', *, *, #5382, .T. ) ;
#4013 = CARTESIAN_POINT ( 'NONE',  ( 6.877445336015320265, 30.85339701726813288, 39.74578594302523271 ) ) ;
#4014 = VECTOR ( 'NONE', #4018, 1000.000000000000000 ) ;
#4015 =( BOUNDED_CURVE ( )  B_SPLINE_CURVE ( 3, ( #4071, #5842, #242, #313 ),
 .UNSPECIFIED., .F., .F. ) 
 B_SPLINE_CURVE_WITH_KNOTS ( ( 4, 4 ),
 ( 4.712388980384689674, 5.588022125556446618 ),
 .UNSPECIFIED. ) 
 CURVE ( )  GEOMETRIC_REPRESENTATION_ITEM ( )  RATIONAL_B_SPLINE_CURVE ( ( 1.000000000000000000, 0.9371196758335661459, 0.9371196758335661459, 1.000000000000000000 ) ) 
 REPRESENTATION_ITEM ( '' )  );
#4016 = ORIENTED_EDGE ( 'NONE', *, *, #5343, .T. ) ;
#4017 = DIRECTION ( 'NONE',  ( 0.9999998889741967822, -0.0004712235075974231303, 0.000000000000000000 ) ) ;
#4018 = DIRECTION ( 'NONE',  ( 4.163336342344333871E-15, -1.000000000000000000, 0.000000000000000000 ) ) ;
#4019 = ORIENTED_EDGE ( 'NONE', *, *, #1426, .T. ) ;
#4020 = ADVANCED_FACE ( 'NONE', ( #4195 ), #1042, .F. ) ;
#4021 = CARTESIAN_POINT ( 'NONE',  ( 8.374520162058495032, 30.86591882637191020, 37.80321443575206786 ) ) ;
#4022 = CIRCLE ( 'NONE', #4602, 0.5000000000000004441 ) ;
#4023 = CARTESIAN_POINT ( 'NONE',  ( 15.44894849797544190, 121.0059670551347750, 42.76491364505290704 ) ) ;
#4024 = LINE ( 'NONE', #729, #455 ) ;
#4025 = VECTOR ( 'NONE', #7002, 1000.000000000000114 ) ;
#4026 = CARTESIAN_POINT ( 'NONE',  ( 34.79894853087961337, 122.6059670551352525, 42.76491364505290704 ) ) ;
#4027 = DIRECTION ( 'NONE',  ( -0.000000000000000000, 0.000000000000000000, 1.000000000000000000 ) ) ;
#4028 = VERTEX_POINT ( 'NONE', #5243 ) ;
#4029 = ADVANCED_FACE ( 'NONE', ( #1614 ), #2736, .F. ) ;
#4030 = PLANE ( 'NONE',  #4495 ) ;
#4031 = EDGE_CURVE ( 'NONE', #5980, #3050, #6549, .T. ) ;
#4032 = ORIENTED_EDGE ( 'NONE', *, *, #568, .T. ) ;
#4033 = AXIS2_PLACEMENT_3D ( 'NONE', #1299, #3508, #264 ) ;
#4034 = APPLICATION_PROTOCOL_DEFINITION ( 'draft international standard', 'automotive_design', 1998, #5514 ) ;
#4035 = ORIENTED_EDGE ( 'NONE', *, *, #3389, .F. ) ;
#4036 = ORIENTED_EDGE ( 'NONE', *, *, #6168, .F. ) ;
#4037 = VECTOR ( 'NONE', #6445, 1000.000000000000000 ) ;
#4038 = PLANE ( 'NONE',  #1894 ) ;
#4039 = CARTESIAN_POINT ( 'NONE',  ( 6.698948465071297598, 31.28914624898219188, 40.25955248828272914 ) ) ;
#4040 = SPHERICAL_SURFACE ( 'NONE', #5894, 0.5000000000000000000 ) ;
#4041 = AXIS2_PLACEMENT_3D ( 'NONE', #2807, #3924, #2336 ) ;
#4042 = ORIENTED_EDGE ( 'NONE', *, *, #1426, .F. ) ;
#4043 = ORIENTED_EDGE ( 'NONE', *, *, #6603, .T. ) ;
#4044 = LINE ( 'NONE', #2316, #2606 ) ;
#4045 = ORIENTED_EDGE ( 'NONE', *, *, #31, .T. ) ;
#4046 = FACE_OUTER_BOUND ( 'NONE', #5151, .T. ) ;
#4047 = CARTESIAN_POINT ( 'NONE',  ( 36.69894853087959774, 111.7059670551352326, 40.26491364505296389 ) ) ;
#4048 = VERTEX_POINT ( 'NONE', #3816 ) ;
#4049 = CARTESIAN_POINT ( 'NONE',  ( 5.361732323479412088, 32.45859076612599381, 40.26491364505289994 ) ) ;
#4050 = VECTOR ( 'NONE', #1649, 1000.000000000000114 ) ;
#4051 = VERTEX_POINT ( 'NONE', #3072 ) ;
#4052 = CARTESIAN_POINT ( 'NONE',  ( 37.19894853087983222, 62.67725764581907555, 40.26491364505290704 ) ) ;
#4053 = DIRECTION ( 'NONE',  ( 0.000000000000000000, 0.000000000000000000, -1.000000000000000000 ) ) ;
#4054 = ORIENTED_EDGE ( 'NONE', *, *, #1364, .T. ) ;
#4055 = DIRECTION ( 'NONE',  ( 0.000000000000000000, 0.000000000000000000, 1.000000000000000000 ) ) ;
#4056 = AXIS2_PLACEMENT_3D ( 'NONE', #3772, #2662, #2623 ) ;
#4057 = CYLINDRICAL_SURFACE ( 'NONE', #6546, 0.5000000000000004441 ) ;
#4058 = ADVANCED_FACE ( 'NONE', ( #4331 ), #3248, .T. ) ;
#4059 = FACE_OUTER_BOUND ( 'NONE', #6714, .T. ) ;
#4060 = EDGE_CURVE ( 'NONE', #1320, #6755, #1986, .T. ) ;
#4061 = CARTESIAN_POINT ( 'NONE',  ( 38.22190401052614561, 73.77725659993863871, 39.19945200357656034 ) ) ;
#4062 = DIRECTION ( 'NONE',  ( -0.000000000000000000, 0.000000000000000000, 1.000000000000000000 ) ) ;
#4063 = ORIENTED_EDGE ( 'NONE', *, *, #359, .T. ) ;
#4064 = LINE ( 'NONE', #2913, #5985 ) ;
#4065 = VERTEX_POINT ( 'NONE', #7165 ) ;
#4066 = DIRECTION ( 'NONE',  ( 0.000000000000000000, 0.000000000000000000, 1.000000000000000000 ) ) ;
#4067 = EDGE_CURVE ( 'NONE', #4628, #6705, #4909, .T. ) ;
#4068 = ADVANCED_FACE ( 'NONE', ( #4369 ), #1406, .T. ) ;
#4069 = EDGE_LOOP ( 'NONE', ( #400, #4827, #5331, #1897 ) ) ;
#4070 = ORIENTED_EDGE ( 'NONE', *, *, #2690, .T. ) ;
#4071 = CARTESIAN_POINT ( 'NONE',  ( 12.09894846507153865, 29.50596112700797136, 37.13093904883731255 ) ) ;
#4072 = CARTESIAN_POINT ( 'NONE',  ( 5.313212097728372107, 32.86591882637206652, 40.26491364505289994 ) ) ;
#4073 = DIRECTION ( 'NONE',  ( -0.000000000000000000, 1.000000000000000000, -0.000000000000000000 ) ) ;
#4074 = VERTEX_POINT ( 'NONE', #2491 ) ;
#4075 = ORIENTED_EDGE ( 'NONE', *, *, #994, .T. ) ;
#4076 = ORIENTED_EDGE ( 'NONE', *, *, #5925, .F. ) ;
#4077 = CARTESIAN_POINT ( 'NONE',  ( 0.000000000000000000, 60.00596112700797136, 41.76491364505290704 ) ) ;
#4078 = ORIENTED_EDGE ( 'NONE', *, *, #6275, .F. ) ;
#4079 = PLANE ( 'NONE',  #7163 ) ;
#4080 = ORIENTED_EDGE ( 'NONE', *, *, #4099, .T. ) ;
#4081 = ADVANCED_FACE ( 'NONE', ( #6625 ), #4705, .F. ) ;
#4082 = VECTOR ( 'NONE', #3510, 1000.000000000000114 ) ;
#4083 = EDGE_CURVE ( 'NONE', #5612, #2266, #331, .T. ) ;
#4084 = DIRECTION ( 'NONE',  ( 6.308085367188384325E-16, 1.000000000000000000, 0.000000000000000000 ) ) ;
#4085 = CARTESIAN_POINT ( 'NONE',  ( 26.79189409896359919, 113.5059670551350592, 22.26491364505290349 ) ) ;
#4086 = VERTEX_POINT ( 'NONE', #1440 ) ;
#4087 = CARTESIAN_POINT ( 'NONE',  ( 38.15563804975126061, 73.86304303756558909, 38.01567808292387696 ) ) ;
#4088 = DIRECTION ( 'NONE',  ( 3.686287113290983157E-16, 1.000000000000000000, 0.000000000000000000 ) ) ;
#4089 = SPHERICAL_SURFACE ( 'NONE', #2136, 0.5000000000000000000 ) ;
#4090 = AXIS2_PLACEMENT_3D ( 'NONE', #6640, #1088, #3261 ) ;
#4091 = EDGE_CURVE ( 'NONE', #6390, #6879, #6165, .T. ) ;
#4092 = CARTESIAN_POINT ( 'NONE',  ( 8.369849788904573984, 30.84294292362952916, 37.80727562979875955 ) ) ;
#4093 = CARTESIAN_POINT ( 'NONE',  ( 37.19894853087983932, 74.27725659993873819, 39.76491364505296389 ) ) ;
#4094 = ORIENTED_EDGE ( 'NONE', *, *, #3140, .T. ) ;
#4095 = DIRECTION ( 'NONE',  ( 0.000000000000000000, 1.000000000000000000, 0.000000000000000000 ) ) ;
#4096 = VERTEX_POINT ( 'NONE', #2269 ) ;
#4097 =( BOUNDED_SURFACE ( )  B_SPLINE_SURFACE ( 3, 2, ( 
 ( #2637, #6410, #4163 ),
 ( #2090, #4745, #6959 ),
 ( #3114, #5323, #5433 ),
 ( #1015, #7068, #5972 ),
 ( #441, #370, #2569 ),
 ( #1953, #6379, #2056 ),
 ( #4780, #4820, #4855 ),
 ( #1987, #1407, #6993 ),
 ( #1441, #3608, #5824 ),
 ( #4274, #1481, #2017 ) ),
 .UNSPECIFIED., .F., .F., .T. ) 
 B_SPLINE_SURFACE_WITH_KNOTS ( ( 4, 2, 2, 2, 4 ),
 ( 3, 3 ),
 ( 3.141592653589792672, 3.496499595528253401, 3.851406537466713687, 4.206313479405173972, 4.561220421343634257 ),
 ( 0.000000000000000000, 1.000000000000000000 ),
 .UNSPECIFIED. ) 
 GEOMETRIC_REPRESENTATION_ITEM ( )  RATIONAL_B_SPLINE_SURFACE ( (
 ( 1.000000000000000000, 0.5007638543974148870, 1.000000000000000000),
 ( 1.000000000000000000, 0.5007189792986302956, 1.000000000000000000),
 ( 1.000000000000000000, 0.5061121133488797330, 1.000000000000000000),
 ( 1.000000000000000000, 0.5259675143889162019, 1.000000000000000000),
 ( 1.000000000000000000, 0.5404078223229029643, 1.000000000000000000),
 ( 1.000000000000000000, 0.5748661679764737187, 1.000000000000000000),
 ( 1.000000000000000000, 0.5948383567609808464, 1.000000000000000000),
 ( 1.000000000000000000, 0.6367191241702542248, 1.000000000000000000),
 ( 1.000000000000000000, 0.6586301397882857733, 1.000000000000000000),
 ( 1.000000000000000000, 0.6800490809193012742, 1.000000000000000000) ) ) 
 REPRESENTATION_ITEM ( '' )  SURFACE ( )  );
#4098 = FACE_OUTER_BOUND ( 'NONE', #5896, .T. ) ;
#4099 = EDGE_CURVE ( 'NONE', #5927, #5926, #1110, .T. ) ;
#4100 = APPLICATION_PROTOCOL_DEFINITION ( 'draft international standard', 'automotive_design', 1998, #1808 ) ;
#4101 = AXIS2_PLACEMENT_3D ( 'NONE', #385, #5415, #2584 ) ;
#4102 = ORIENTED_EDGE ( 'NONE', *, *, #736, .F. ) ;
#4103 = ADVANCED_FACE ( 'NONE', ( #3851 ), #5023, .T. ) ;
#4104 = ORIENTED_EDGE ( 'NONE', *, *, #5735, .T. ) ;
#4105 = CARTESIAN_POINT ( 'NONE',  ( 0.000000000000000000, 126.5059670551352298, 40.26491364505290704 ) ) ;
#4106 = CARTESIAN_POINT ( 'NONE',  ( 3.826800288778577047E-13, 17.40596112700826481, 40.26491364505290704 ) ) ;
#4107 = CIRCLE ( 'NONE', #6547, 7.499999999999996447 ) ;
#4108 = EDGE_CURVE ( 'NONE', #6893, #6365, #2229, .T. ) ;
#4109 = CARTESIAN_POINT ( 'NONE',  ( 34.79894853087961337, 122.1059670551352525, 41.26491364505290704 ) ) ;
#4110 = VECTOR ( 'NONE', #7026, 1000.000000000000000 ) ;
#4111 = ORIENTED_EDGE ( 'NONE', *, *, #186, .T. ) ;
#4112 = CIRCLE ( 'NONE', #2726, 1.899999999999999023 ) ;
#4113 = VERTEX_POINT ( 'NONE', #4986 ) ;
#4114 = EDGE_CURVE ( 'NONE', #5092, #3557, #1248, .T. ) ;
#4115 = CARTESIAN_POINT ( 'NONE',  ( 5.313212097728417405, 112.2508359501563291, 40.26491364505288573 ) ) ;
#4116 = VERTEX_POINT ( 'NONE', #3999 ) ;
#4117 = FACE_OUTER_BOUND ( 'NONE', #3097, .T. ) ;
#4118 = VECTOR ( 'NONE', #3912, 1000.000000000000000 ) ;
#4119 = DIRECTION ( 'NONE',  ( 1.000000000000000000, -9.156478491488224274E-14, 2.135044278125296610E-15 ) ) ;
#4120 = ORIENTED_EDGE ( 'NONE', *, *, #3101, .F. ) ;
#4121 = DIRECTION ( 'NONE',  ( 0.9999998850680932305, -0.0004794411333254540225, 0.000000000000000000 ) ) ;
#4122 = VERTEX_POINT ( 'NONE', #6662 ) ;
#4123 = CIRCLE ( 'NONE', #2970, 0.5000000000000004441 ) ;
#4124 = VECTOR ( 'NONE', #906, 1000.000000000000000 ) ;
#4125 = CARTESIAN_POINT ( 'NONE',  ( 37.19894853087962616, 113.5053553677569766, 40.26491364505290704 ) ) ;
#4126 = DIRECTION ( 'NONE',  ( 0.000000000000000000, 0.000000000000000000, -1.000000000000000000 ) ) ;
#4127 = ORIENTED_EDGE ( 'NONE', *, *, #2604, .T. ) ;
#4128 = DIRECTION ( 'NONE',  ( -1.000000000000000000, 9.251858538542975772E-16, 0.000000000000000000 ) ) ;
#4129 = DIRECTION ( 'NONE',  ( -1.000000000000000000, 1.261617073437678245E-15, 0.000000000000000000 ) ) ;
#4130 = DIRECTION ( 'NONE',  ( -1.600840570528573658E-14, 1.000000000000000000, 0.000000000000000000 ) ) ;
#4131 = CYLINDRICAL_SURFACE ( 'NONE', #5551, 0.5000000000000004441 ) ;
#4132 = CARTESIAN_POINT ( 'NONE',  ( 9.118439722611952902, 30.59796963394071057, 37.15632786135780918 ) ) ;
#4133 = VECTOR ( 'NONE', #2502, 1000.000000000000114 ) ;
#4134 = CARTESIAN_POINT ( 'NONE',  ( 33.56087758130771448, 46.59579994104095135, 41.26491364505290704 ) ) ;
#4135 = VERTEX_POINT ( 'NONE', #572 ) ;
#4136 = FACE_OUTER_BOUND ( 'NONE', #6872, .T. ) ;
#4137 = ORIENTED_EDGE ( 'NONE', *, *, #4805, .T. ) ;
#4138 = DIRECTION ( 'NONE',  ( -3.469446951953611033E-15, 0.000000000000000000, 1.000000000000000000 ) ) ;
#4139 = VECTOR ( 'NONE', #97, 1000.000000000000114 ) ;
#4140 = ORIENTED_EDGE ( 'NONE', *, *, #5102, .F. ) ;
#4141 = EDGE_CURVE ( 'NONE', #1312, #689, #6075, .T. ) ;
#4142 = FACE_OUTER_BOUND ( 'NONE', #1175, .T. ) ;
#4143 = LINE ( 'NONE', #1352, #3441 ) ;
#4144 = CIRCLE ( 'NONE', #2638, 0.5000000000000004441 ) ;
#4145 = DIRECTION ( 'NONE',  ( -0.9103664774626049061, 0.000000000000000000, 0.4138029443011835840 ) ) ;
#4146 = ADVANCED_FACE ( 'NONE', ( #2777 ), #4548, .T. ) ;
#4147 = VERTEX_POINT ( 'NONE', #1211 ) ;
#4148 = ORIENTED_EDGE ( 'NONE', *, *, #4958, .T. ) ;
#4149 = LINE ( 'NONE', #1430, #6675 ) ;
#4150 = EDGE_LOOP ( 'NONE', ( #768, #3634, #1036, #6329 ) ) ;
#4151 = AXIS2_PLACEMENT_3D ( 'NONE', #4197, #6925, #4129 ) ;
#4152 = CARTESIAN_POINT ( 'NONE',  ( 0.000000000000000000, 106.5059670551352298, 41.26491364505290704 ) ) ;
#4153 = CARTESIAN_POINT ( 'NONE',  ( 38.58468489822249126, 31.50596112700795715, 40.26491364505297810 ) ) ;
#4154 = EDGE_CURVE ( 'NONE', #2741, #3110, #34, .T. ) ;
#4155 = ORIENTED_EDGE ( 'NONE', *, *, #2600, .F. ) ;
#4156 = CARTESIAN_POINT ( 'NONE',  ( 37.45562135202792575, 113.5205098868769369, 40.26491364504711612 ) ) ;
#4157 = EDGE_CURVE ( 'NONE', #32, #1189, #2507, .T. ) ;
#4158 = ORIENTED_EDGE ( 'NONE', *, *, #1729, .T. ) ;
#4159 = CIRCLE ( 'NONE', #4513, 5.499999999999998224 ) ;
#4160 = EDGE_CURVE ( 'NONE', #1209, #2792, #1792, .T. ) ;
#4161 = CARTESIAN_POINT ( 'NONE',  ( 37.79463699251618891, 48.94558070441946285, 38.82802044689342580 ) ) ;
#4162 = CARTESIAN_POINT ( 'NONE',  ( 37.19894853087983222, 49.19405684995727057, 39.76491364505296389 ) ) ;
#4163 = CARTESIAN_POINT ( 'NONE',  ( 4.879758946199650893, 111.5059670551350592, 39.51567808292384854 ) ) ;
#4164 = LINE ( 'NONE', #5866, #1957 ) ;
#4165 = FACE_OUTER_BOUND ( 'NONE', #4969, .T. ) ;
#4166 = VECTOR ( 'NONE', #2696, 1000.000000000000000 ) ;
#4167 = LINE ( 'NONE', #2533, #1602 ) ;
#4168 = FACE_OUTER_BOUND ( 'NONE', #1631, .T. ) ;
#4169 = AXIS2_PLACEMENT_3D ( 'NONE', #5057, #6583, #1610 ) ;
#4170 = DIRECTION ( 'NONE',  ( 1.000000000000000000, -4.269421518900740951E-16, 0.000000000000000000 ) ) ;
#4171 = EDGE_LOOP ( 'NONE', ( #5266, #4231, #5210, #5639 ) ) ;
#4172 = DIRECTION ( 'NONE',  ( 0.000000000000000000, -1.000000000000000000, 0.000000000000000000 ) ) ;
#4173 = ORIENTED_EDGE ( 'NONE', *, *, #5928, .T. ) ;
#4174 = CARTESIAN_POINT ( 'NONE',  ( 11.42526870282715024, 29.50596112700797846, 35.38330536136300708 ) ) ;
#4175 = ORIENTED_EDGE ( 'NONE', *, *, #2722, .F. ) ;
#4176 = ORIENTED_EDGE ( 'NONE', *, *, #3598, .T. ) ;
#4177 = DIRECTION ( 'NONE',  ( -0.000000000000000000, 0.000000000000000000, 1.000000000000000000 ) ) ;
#4178 = ADVANCED_FACE ( 'NONE', ( #3387 ), #3421, .F. ) ;
#4179 = CARTESIAN_POINT ( 'NONE',  ( 32.94894849797545078, 62.67725764581948056, 39.26491364505291415 ) ) ;
#4180 = DIRECTION ( 'NONE',  ( -1.000000000000000000, 6.308085367188390241E-16, -2.891205793294677833E-16 ) ) ;
#4181 = DIRECTION ( 'NONE',  ( -0.000000000000000000, -0.000000000000000000, -1.000000000000000000 ) ) ;
#4182 = ADVANCED_FACE ( 'NONE', ( #4483 ), #717, .F. ) ;
#4183 = ORIENTED_EDGE ( 'NONE', *, *, #1765, .F. ) ;
#4184 = ORIENTED_EDGE ( 'NONE', *, *, #4942, .F. ) ;
#4185 = EDGE_CURVE ( 'NONE', #1645, #2281, #1151, .T. ) ;
#4186 = DIRECTION ( 'NONE',  ( -1.000000000000000000, 0.000000000000000000, 0.000000000000000000 ) ) ;
#4187 = ORIENTED_EDGE ( 'NONE', *, *, #1208, .T. ) ;
#4188 = CARTESIAN_POINT ( 'NONE',  ( 25.19894853088036868, 1.748528303458243677E-13, 41.26491364505290704 ) ) ;
#4189 = CARTESIAN_POINT ( 'NONE',  ( 13.24035607321161834, 16.50596112700797136, 40.26491364505290704 ) ) ;
#4190 = ADVANCED_FACE ( 'NONE', ( #2310 ), #2889, .T. ) ;
#4191 = EDGE_LOOP ( 'NONE', ( #5771, #4559, #4527, #3241 ) ) ;
#4192 = DIRECTION ( 'NONE',  ( 0.000000000000000000, 1.000000000000000000, 0.000000000000000000 ) ) ;
#4193 = ORIENTED_EDGE ( 'NONE', *, *, #3299, .F. ) ;
#4194 = CARTESIAN_POINT ( 'NONE',  ( 38.37727367815176649, 49.49336659124046633, 38.40113134970739850 ) ) ;
#4195 = FACE_OUTER_BOUND ( 'NONE', #6659, .T. ) ;
#4196 = CARTESIAN_POINT ( 'NONE',  ( 11.09894846507133437, 125.6059671700671174, 40.26491364505290704 ) ) ;
#4197 = CARTESIAN_POINT ( 'NONE',  ( 25.44894849797541525, 31.50596112700796425, 34.38948260544476199 ) ) ;
#4198 = EDGE_CURVE ( 'NONE', #6233, #1159, #2744, .T. ) ;
#4199 = EDGE_CURVE ( 'NONE', #2132, #2364, #5606, .T. ) ;
#4200 = EDGE_LOOP ( 'NONE', ( #1452, #4433, #1789, #6597 ) ) ;
#4201 = CARTESIAN_POINT ( 'NONE',  ( 0.000000000000000000, 60.50596112700797136, 41.76491364505290704 ) ) ;
#4202 = CARTESIAN_POINT ( 'NONE',  ( -1.167774018521435950E-13, -12.80532761448478851, 40.26491364505288573 ) ) ;
#4203 = FACE_OUTER_BOUND ( 'NONE', #2446, .T. ) ;
#4204 = VERTEX_POINT ( 'NONE', #3489 ) ;
#4205 = CARTESIAN_POINT ( 'NONE',  ( 38.22218489822242304, -12.80532761448480272, 38.26491364505291415 ) ) ;
#4206 = EDGE_LOOP ( 'NONE', ( #2314, #4063, #1699, #2857 ) ) ;
#4207 = AXIS2_PLACEMENT_3D ( 'NONE', #4202, #3081, #1413 ) ;
#4208 = CARTESIAN_POINT ( 'NONE',  ( 8.598948465071330816, 18.40596112700797349, 40.26491364505290704 ) ) ;
#4209 = CARTESIAN_POINT ( 'NONE',  ( 34.79894853087961337, 122.1059670551352525, 42.76491364505290704 ) ) ;
#4210 = ORIENTED_EDGE ( 'NONE', *, *, #2118, .F. ) ;
#4211 = AXIS2_PLACEMENT_3D ( 'NONE', #5077, #1664, #52 ) ;
#4212 = CARTESIAN_POINT ( 'NONE',  ( 37.19894853087978959, 62.17725764581908265, 40.26491364505296389 ) ) ;
#4213 = DIRECTION ( 'NONE',  ( -0.000000000000000000, -0.000000000000000000, -1.000000000000000000 ) ) ;
#4214 = FACE_OUTER_BOUND ( 'NONE', #841, .T. ) ;
#4215 = CYLINDRICAL_SURFACE ( 'NONE', #4262, 0.5000000000000013323 ) ;
#4216 = EDGE_LOOP ( 'NONE', ( #4565, #6710, #5270, #2190, #212, #6527, #2451, #5836, #2691, #358, #4718, #1323, #5363, #3935, #2893, #521 ) ) ;
#4217 = CYLINDRICAL_SURFACE ( 'NONE', #6242, 0.4999999999999982236 ) ;
#4218 = DIRECTION ( 'NONE',  ( 1.000000000000000000, -3.469446694862101795E-16, 0.000000000000000000 ) ) ;
#4219 = EDGE_CURVE ( 'NONE', #1823, #1859, #6485, .T. ) ;
#4220 = VERTEX_POINT ( 'NONE', #2548 ) ;
#4221 = ORIENTED_EDGE ( 'NONE', *, *, #4645, .T. ) ;
#4222 = VECTOR ( 'NONE', #6653, 1000.000000000000000 ) ;
#4223 = DIRECTION ( 'NONE',  ( -0.000000000000000000, -0.000000000000000000, -1.000000000000000000 ) ) ;
#4224 = ORIENTED_EDGE ( 'NONE', *, *, #1357, .T. ) ;
#4225 = CARTESIAN_POINT ( 'NONE',  ( 38.27082962298422331, 62.56271091260601480, 38.21601125376384545 ) ) ;
#4226 = CARTESIAN_POINT ( 'NONE',  ( 39.44894849797547920, 46.59302534330256407, 39.76491364505297099 ) ) ;
#4227 = CIRCLE ( 'NONE', #1108, 0.5000000000000004441 ) ;
#4228 = AXIS2_PLACEMENT_3D ( 'NONE', #2214, #4429, #6097 ) ;
#4229 = ORIENTED_EDGE ( 'NONE', *, *, #2062, .F. ) ;
#4230 = CARTESIAN_POINT ( 'NONE',  ( 10.94894849797540637, 33.50596112700797136, 34.38948260544476199 ) ) ;
#4231 = ORIENTED_EDGE ( 'NONE', *, *, #2603, .T. ) ;
#4232 = EDGE_CURVE ( 'NONE', #3678, #4459, #3901, .T. ) ;
#4233 = VECTOR ( 'NONE', #3325, 1000.000000000000114 ) ;
#4234 = CARTESIAN_POINT ( 'NONE',  ( 25.18809523561003871, 126.1057274495004350, 42.76491364505290704 ) ) ;
#4235 = CARTESIAN_POINT ( 'NONE',  ( 7.198948465071300262, 24.11591931483222240, 40.26491364505290704 ) ) ;
#4236 = CARTESIAN_POINT ( 'NONE',  ( 11.59894846507153865, 29.77391031943909994, 35.72901526019065699 ) ) ;
#4237 = EDGE_CURVE ( 'NONE', #3550, #4303, #846, .T. ) ;
#4238 = CARTESIAN_POINT ( 'NONE',  ( 6.698948465071303815, 39.00596112700797136, 41.26491364505290704 ) ) ;
#4239 = VECTOR ( 'NONE', #199, 1000.000000000000000 ) ;
#4240 = AXIS2_PLACEMENT_3D ( 'NONE', #595, #2177, #1669 ) ;
#4241 = EDGE_CURVE ( 'NONE', #6763, #6397, #4143, .T. ) ;
#4242 = DIRECTION ( 'NONE',  ( 0.000000000000000000, 0.000000000000000000, 1.000000000000000000 ) ) ;
#4243 = DIRECTION ( 'NONE',  ( -0.4984711242580832091, 3.144398404898360959E-16, 0.8669063030575349105 ) ) ;
#4244 = ORIENTED_EDGE ( 'NONE', *, *, #3037, .T. ) ;
#4245 = DIRECTION ( 'NONE',  ( 0.000000000000000000, 0.000000000000000000, -1.000000000000000000 ) ) ;
#4246 = CIRCLE ( 'NONE', #202, 1.899999999999985034 ) ;
#4247 = ORIENTED_EDGE ( 'NONE', *, *, #3358, .T. ) ;
#4248 = CARTESIAN_POINT ( 'NONE',  ( 15.94894849797594638, 6.640083690380133511E-14, 42.76491364505290704 ) ) ;
#4249 = EDGE_CURVE ( 'NONE', #2086, #1541, #6361, .T. ) ;
#4250 = CARTESIAN_POINT ( 'NONE',  ( 33.19894853088243281, 7.898193654070962700E-13, 40.26491364505290704 ) ) ;
#4251 = AXIS2_PLACEMENT_3D ( 'NONE', #290, #902, #3642 ) ;
#4252 = ORIENTED_EDGE ( 'NONE', *, *, #483, .T. ) ;
#4253 =( BOUNDED_SURFACE ( )  B_SPLINE_SURFACE ( 3, 2, ( 
 ( #4153, #5205, #4593 ),
 ( #2450, #6337, #4663 ),
 ( #3431, #4700, #787 ),
 ( #5788, #3466, #823 ),
 ( #2898, #6878, #6297 ),
 ( #6916, #1868, #1257 ),
 ( #183, #1325, #5652 ),
 ( #695, #3032, #1363 ),
 ( #3572, #5685, #3000 ),
 ( #1903, #5753, #251 ) ),
 .UNSPECIFIED., .F., .F., .T. ) 
 B_SPLINE_SURFACE_WITH_KNOTS ( ( 4, 2, 2, 2, 4 ),
 ( 3, 3 ),
 ( 3.141592653589792672, 3.496499595528248072, 3.851406537466703917, 4.206313479405158873, 4.561220421343614717 ),
 ( 0.000000000000000000, 1.000000000000000000 ),
 .UNSPECIFIED. ) 
 GEOMETRIC_REPRESENTATION_ITEM ( )  RATIONAL_B_SPLINE_SURFACE ( (
 ( 1.000000000000000000, 0.5007638543974158862, 1.000000000000000000),
 ( 1.000000000000000000, 0.5007189792982655874, 1.000000000000000000),
 ( 1.000000000000000000, 0.5061121133493602375, 1.000000000000000000),
 ( 1.000000000000000000, 0.5259675143884321447, 1.000000000000000000),
 ( 1.000000000000000000, 0.5404078223233650391, 1.000000000000000000),
 ( 1.000000000000000000, 0.5748661679760305177, 1.000000000000000000),
 ( 1.000000000000000000, 0.5948383567623302115, 1.000000000000000000),
 ( 1.000000000000000000, 0.6367191241688684444, 1.000000000000000000),
 ( 1.000000000000000000, 0.6586301397893356002, 1.000000000000000000),
 ( 1.000000000000000000, 0.6800490809192910602, 1.000000000000000000) ) ) 
 REPRESENTATION_ITEM ( '' )  SURFACE ( )  );
#4254 = EDGE_CURVE ( 'NONE', #5808, #4874, #3627, .T. ) ;
#4255 = CARTESIAN_POINT ( 'NONE',  ( 18.44894849797545788, 109.5059670551350592, 34.38948260544476199 ) ) ;
#4256 = EDGE_CURVE ( 'NONE', #1207, #6882, #1892, .T. ) ;
#4257 = PLANE ( 'NONE',  #5157 ) ;
#4258 = DIRECTION ( 'NONE',  ( 0.000000000000000000, 0.000000000000000000, -1.000000000000000000 ) ) ;
#4259 = LINE ( 'NONE', #1565, #2873 ) ;
#4260 = ORIENTED_EDGE ( 'NONE', *, *, #4232, .T. ) ;
#4261 = CARTESIAN_POINT ( 'NONE',  ( 32.94894849797542236, -1.143146204654824465E-14, 42.76491364505290704 ) ) ;
#4262 = AXIS2_PLACEMENT_3D ( 'NONE', #3666, #1606, #4800 ) ;
#4263 = DIRECTION ( 'NONE',  ( 1.000000000000000000, 0.000000000000000000, 0.000000000000000000 ) ) ;
#4264 = ORIENTED_EDGE ( 'NONE', *, *, #5830, .F. ) ;
#4265 = EDGE_LOOP ( 'NONE', ( #1773, #1735, #3211, #536 ) ) ;
#4266 = VECTOR ( 'NONE', #1993, 1000.000000000000000 ) ;
#4267 = LINE ( 'NONE', #3673, #1695 ) ;
#4268 = CARTESIAN_POINT ( 'NONE',  ( 37.72218489824109611, 63.11179600565986192, 38.76491364505290704 ) ) ;
#4269 = DIRECTION ( 'NONE',  ( -1.000000000000000000, 6.308085367188390241E-16, -0.000000000000000000 ) ) ;
#4270 = ORIENTED_EDGE ( 'NONE', *, *, #2585, .T. ) ;
#4271 = CARTESIAN_POINT ( 'NONE',  ( 37.19894853087983932, 73.77725659993873819, 40.26491364505290704 ) ) ;
#4272 = VERTEX_POINT ( 'NONE', #2953 ) ;
#4273 = VECTOR ( 'NONE', #7064, 1000.000000000000000 ) ;
#4274 = CARTESIAN_POINT ( 'NONE',  ( 6.782932405636019624, 112.9888607185300771, 40.26491364505289994 ) ) ;
#4275 = CARTESIAN_POINT ( 'NONE',  ( 7.149845539998552546, 30.86833576521609501, 39.77716295412646019 ) ) ;
#4276 = CARTESIAN_POINT ( 'NONE',  ( 10.59894846507133437, 126.1059671700671174, 42.76491364505290704 ) ) ;
#4277 = DIRECTION ( 'NONE',  ( -0.000000000000000000, -0.000000000000000000, -1.000000000000000000 ) ) ;
#4278 = DIRECTION ( 'NONE',  ( 0.000000000000000000, 0.000000000000000000, -1.000000000000000000 ) ) ;
#4279 = CARTESIAN_POINT ( 'NONE',  ( 34.79894853087961337, 122.1059670551352525, 41.76491364505290704 ) ) ;
#4280 = ORIENTED_EDGE ( 'NONE', *, *, #438, .T. ) ;
#4281 = ADVANCED_FACE ( 'NONE', ( #814 ), #886, .F. ) ;
#4282 = CARTESIAN_POINT ( 'NONE',  ( 7.968439722611834419, 32.86591882637194573, 38.15632786135800103 ) ) ;
#4283 = VERTEX_POINT ( 'NONE', #4072 ) ;
#4284 = DIRECTION ( 'NONE',  ( 0.000000000000000000, 0.000000000000000000, 1.000000000000000000 ) ) ;
#4285 = CARTESIAN_POINT ( 'NONE',  ( 8.205331862167998480, 31.50596112700797846, 33.73207301167447270 ) ) ;
#4286 = ORIENTED_EDGE ( 'NONE', *, *, #1240, .T. ) ;
#4287 = ORIENTED_EDGE ( 'NONE', *, *, #1219, .T. ) ;
#4288 = DIRECTION ( 'NONE',  ( -1.000000000000000000, 0.000000000000000000, -0.000000000000000000 ) ) ;
#4289 = CARTESIAN_POINT ( 'NONE',  ( 37.14189409896358285, 29.50596112700795359, 40.26491364505296389 ) ) ;
#4290 = DIRECTION ( 'NONE',  ( 1.000000000000000000, 0.000000000000000000, 0.000000000000000000 ) ) ;
#4291 = ORIENTED_EDGE ( 'NONE', *, *, #5398, .T. ) ;
#4292 = DIRECTION ( 'NONE',  ( -1.000000000000000000, 0.000000000000000000, 0.000000000000000000 ) ) ;
#4293 = CARTESIAN_POINT ( 'NONE',  ( 38.29699737133139337, 113.3167369381875886, 39.59874424345307631 ) ) ;
#4294 = ADVANCED_FACE ( 'NONE', ( #6841 ), #1392, .F. ) ;
#4295 = ADVANCED_FACE ( 'NONE', ( #314 ), #2511, .T. ) ;
#4296 = EDGE_LOOP ( 'NONE', ( #2827, #6435, #7105, #2128 ) ) ;
#4297 = VERTEX_POINT ( 'NONE', #4179 ) ;
#4298 = PLANE ( 'NONE',  #3306 ) ;
#4299 = CARTESIAN_POINT ( 'NONE',  ( 38.58644849797543941, 63.17725764581903292, 38.76491364505289994 ) ) ;
#4300 = DIRECTION ( 'NONE',  ( -0.000000000000000000, -0.000000000000000000, -1.000000000000000000 ) ) ;
#4301 = ORIENTED_EDGE ( 'NONE', *, *, #3871, .F. ) ;
#4302 = CARTESIAN_POINT ( 'NONE',  ( 12.94894849797509195, 33.50596112700797136, 42.76491364505290704 ) ) ;
#4303 = VERTEX_POINT ( 'NONE', #6286 ) ;
#4304 = CARTESIAN_POINT ( 'NONE',  ( 7.448948465071308256, 76.60596409107161264, 41.26491364505290704 ) ) ;
#4305 = DIRECTION ( 'NONE',  ( 0.8669063030575480111, 0.000000000000000000, -0.4984711242580602830 ) ) ;
#4306 = DIRECTION ( 'NONE',  ( -1.000000000000000000, 6.308085367188390241E-16, 0.000000000000000000 ) ) ;
#4307 = CARTESIAN_POINT ( 'NONE',  ( 37.19894853087944142, 113.4804468804926358, 39.72522539197139224 ) ) ;
#4308 = EDGE_CURVE ( 'NONE', #167, #5980, #2980, .T. ) ;
#4309 = DIRECTION ( 'NONE',  ( 0.000000000000000000, 0.000000000000000000, 1.000000000000000000 ) ) ;
#4310 = LINE ( 'NONE', #2536, #1468 ) ;
#4311 = ORIENTED_EDGE ( 'NONE', *, *, #6683, .F. ) ;
#4312 = DIRECTION ( 'NONE',  ( -6.308085367188389255E-16, -1.000000000000000000, 0.000000000000000000 ) ) ;
#4313 = LINE ( 'NONE', #1559, #5746 ) ;
#4314 = DIRECTION ( 'NONE',  ( 0.4984711242580827095, 0.000000000000000000, 0.8669063030575352435 ) ) ;
#4315 = EDGE_CURVE ( 'NONE', #4694, #221, #2169, .T. ) ;
#4316 = ORIENTED_EDGE ( 'NONE', *, *, #11, .T. ) ;
#4317 = CARTESIAN_POINT ( 'NONE',  ( 26.79189409896354590, 31.50596112700796425, 22.26491364505290349 ) ) ;
#4318 = DIRECTION ( 'NONE',  ( -1.000000000000000000, 0.000000000000000000, 0.000000000000000000 ) ) ;
#4319 = VECTOR ( 'NONE', #5186, 1000.000000000000000 ) ;
#4320 = CYLINDRICAL_SURFACE ( 'NONE', #984, 2.000000000000000444 ) ;
#4321 = EDGE_CURVE ( 'NONE', #6609, #3417, #1590, .T. ) ;
#4322 = DIRECTION ( 'NONE',  ( 2.689493761204353509E-15, -1.000000000000000000, 0.000000000000000000 ) ) ;
#4323 = ORIENTED_EDGE ( 'NONE', *, *, #3529, .F. ) ;
#4324 = DIRECTION ( 'NONE',  ( 0.0004712235076032001931, 0.9999998889741967822, 0.000000000000000000 ) ) ;
#4325 = DIRECTION ( 'NONE',  ( -1.000000000000000000, 0.000000000000000000, 0.000000000000000000 ) ) ;
#4326 = CIRCLE ( 'NONE', #6069, 0.5000000000000004441 ) ;
#4327 = VERTEX_POINT ( 'NONE', #2002 ) ;
#4328 = ORIENTED_EDGE ( 'NONE', *, *, #6399, .T. ) ;
#4329 = DIRECTION ( 'NONE',  ( -1.000000000000000000, -4.625929269271481378E-15, 0.000000000000000000 ) ) ;
#4330 = EDGE_CURVE ( 'NONE', #579, #1531, #6943, .T. ) ;
#4331 = FACE_OUTER_BOUND ( 'NONE', #6622, .T. ) ;
#4332 = FACE_OUTER_BOUND ( 'NONE', #4191, .T. ) ;
#4333 = CARTESIAN_POINT ( 'NONE',  ( 37.73715061371740376, 63.04638369402672282, 38.77792731070045562 ) ) ;
#4334 =( BOUNDED_CURVE ( )  B_SPLINE_CURVE ( 3, ( #2457, #1266, #6855, #228 ),
 .UNSPECIFIED., .F., .T. ) 
 B_SPLINE_CURVE_WITH_KNOTS ( ( 4, 4 ),
 ( 4.712388980384691450, 6.283185307179586232 ),
 .UNSPECIFIED. ) 
 CURVE ( )  GEOMETRIC_REPRESENTATION_ITEM ( )  RATIONAL_B_SPLINE_CURVE ( ( 1.000000000000000000, 0.8047378541243654926, 0.8047378541243654926, 1.000000000000000000 ) ) 
 REPRESENTATION_ITEM ( '' )  );
#4335 = FACE_OUTER_BOUND ( 'NONE', #3083, .T. ) ;
#4336 = CARTESIAN_POINT ( 'NONE',  ( 37.67943907749020838, 113.3699431024563182, 39.66987904129192088 ) ) ;
#4337 = AXIS2_PLACEMENT_3D ( 'NONE', #1099, #5119, #2299 ) ;
#4338 = ORIENTED_EDGE ( 'NONE', *, *, #6988, .T. ) ;
#4339 = EDGE_CURVE ( 'NONE', #2265, #627, #3270, .T. ) ;
#4340 = LINE ( 'NONE', #6127, #6889 ) ;
#4341 = DIRECTION ( 'NONE',  ( -1.000000000000000000, -2.689493761204353509E-15, 0.000000000000000000 ) ) ;
#4342 = VECTOR ( 'NONE', #628, 1000.000000000000000 ) ;
#4343 = CARTESIAN_POINT ( 'NONE',  ( 25.19894853087959063, 0.000000000000000000, 42.76491364505290704 ) ) ;
#4344 = ORIENTED_EDGE ( 'NONE', *, *, #2422, .T. ) ;
#4345 = CARTESIAN_POINT ( 'NONE',  ( 32.94894849797545078, 73.77725659993912188, 40.26491364505290704 ) ) ;
#4346 = CIRCLE ( 'NONE', #80, 7.500000000000000000 ) ;
#4347 = VECTOR ( 'NONE', #5269, 1000.000000000000000 ) ;
#4348 = CARTESIAN_POINT ( 'NONE',  ( 11.44894849797544012, 116.5059670551347750, 40.26491364505290704 ) ) ;
#4349 = PLANE ( 'NONE',  #7023 ) ;
#4350 = ORIENTED_EDGE ( 'NONE', *, *, #7050, .F. ) ;
#4351 = DIRECTION ( 'NONE',  ( -0.000000000000000000, -0.000000000000000000, 1.000000000000000000 ) ) ;
#4352 = FACE_OUTER_BOUND ( 'NONE', #3706, .T. ) ;
#4353 = EDGE_CURVE ( 'NONE', #7009, #5079, #4873, .T. ) ;
#4354 = VECTOR ( 'NONE', #6651, 1000.000000000000000 ) ;
#4355 = FACE_OUTER_BOUND ( 'NONE', #2338, .T. ) ;
#4356 = VERTEX_POINT ( 'NONE', #2078 ) ;
#4357 = ORIENTED_EDGE ( 'NONE', *, *, #5161, .T. ) ;
#4358 = AXIS2_PLACEMENT_3D ( 'NONE', #3262, #5473, #5591 ) ;
#4359 = CARTESIAN_POINT ( 'NONE',  ( 37.19894853087983222, 0.000000000000000000, 40.26491364505290704 ) ) ;
#4360 = DIRECTION ( 'NONE',  ( -1.000000000000000000, -5.586908715031035498E-15, 0.000000000000000000 ) ) ;
#4361 = CARTESIAN_POINT ( 'NONE',  ( 0.000000000000000000, 16.50596112700797136, 40.26491364505290704 ) ) ;
#4362 = VERTEX_POINT ( 'NONE', #6579 ) ;
#4363 = DIRECTION ( 'NONE',  ( 0.000000000000000000, -0.000000000000000000, 1.000000000000000000 ) ) ;
#4364 = DIRECTION ( 'NONE',  ( 0.000000000000000000, 0.000000000000000000, -1.000000000000000000 ) ) ;
#4365 = ADVANCED_FACE ( 'NONE', ( #7115 ), #4215, .T. ) ;
#4366 = ORIENTED_EDGE ( 'NONE', *, *, #3747, .F. ) ;
#4367 = ORIENTED_EDGE ( 'NONE', *, *, #3563, .F. ) ;
#4368 = CARTESIAN_POINT ( 'NONE',  ( 6.698948465071303815, 38.50596112700797136, 41.26491364505290704 ) ) ;
#4369 = FACE_OUTER_BOUND ( 'NONE', #6483, .T. ) ;
#4370 = AXIS2_PLACEMENT_3D ( 'NONE', #3594, #6940, #2409 ) ;
#4371 = EDGE_CURVE ( 'NONE', #6668, #3139, #5884, .T. ) ;
#4372 = CARTESIAN_POINT ( 'NONE',  ( 13.74035607321163077, 17.40596112700796283, 40.26491364505290704 ) ) ;
#4373 = CARTESIAN_POINT ( 'NONE',  ( 21.94894849797543301, 23.00596112700796425, 41.76491364505290704 ) ) ;
#4374 = CARTESIAN_POINT ( 'NONE',  ( 37.79487637888819762, 46.84199532803579302, 38.82802044689486110 ) ) ;
#4375 = ORIENTED_EDGE ( 'NONE', *, *, #673, .F. ) ;
#4376 = PLANE ( 'NONE',  #7057 ) ;
#4377 = AXIS2_PLACEMENT_3D ( 'NONE', #4973, #2295, #4467 ) ;
#4378 = VERTEX_POINT ( 'NONE', #926 ) ;
#4379 = AXIS2_PLACEMENT_3D ( 'NONE', #589, #6091, #5003 ) ;
#4380 = DIRECTION ( 'NONE',  ( 1.156482317317771421E-14, 1.000000000000000000, 0.000000000000000000 ) ) ;
#4381 = CARTESIAN_POINT ( 'NONE',  ( 20.94894849797543301, 25.00596112700795715, 41.26491364505290704 ) ) ;
#4382 = ORIENTED_EDGE ( 'NONE', *, *, #6578, .F. ) ;
#4383 = DIRECTION ( 'NONE',  ( -0.0004712235075974200403, -0.9999998889741967822, 0.000000000000000000 ) ) ;
#4384 = EDGE_CURVE ( 'NONE', #4452, #2339, #7083, .T. ) ;
#4385 = EDGE_CURVE ( 'NONE', #972, #1636, #4259, .T. ) ;
#4386 = VECTOR ( 'NONE', #2004, 1000.000000000000000 ) ;
#4387 = DIRECTION ( 'NONE',  ( 0.000000000000000000, -0.000000000000000000, -1.000000000000000000 ) ) ;
#4388 = DIRECTION ( 'NONE',  ( 0.000000000000000000, 0.000000000000000000, -1.000000000000000000 ) ) ;
#4389 = EDGE_LOOP ( 'NONE', ( #3566, #436, #1704, #3390, #3569 ) ) ;
#4390 = CARTESIAN_POINT ( 'NONE',  ( 25.44894849797546499, 109.5059670551350592, 34.38948260544476199 ) ) ;
#4391 = LINE ( 'NONE', #58, #3198 ) ;
#4392 = VECTOR ( 'NONE', #3846, 1000.000000000000000 ) ;
#4393 = AXIS2_PLACEMENT_3D ( 'NONE', #1123, #3430, #621 ) ;
#4394 = LINE ( 'NONE', #6724, #5295 ) ;
#4395 = ORIENTED_EDGE ( 'NONE', *, *, #1529, .T. ) ;
#4396 = DIRECTION ( 'NONE',  ( 2.891205793294677833E-16, -1.000000000000000000, 0.000000000000000000 ) ) ;
#4397 = VECTOR ( 'NONE', #6816, 1000.000000000000114 ) ;
#4398 = CARTESIAN_POINT ( 'NONE',  ( 37.19894853087983932, 75.10596705513525251, 41.26491364505290704 ) ) ;
#4399 = LINE ( 'NONE', #5952, #5378 ) ;
#4400 = DIRECTION ( 'NONE',  ( -0.000000000000000000, -0.000000000000000000, 1.000000000000000000 ) ) ;
#4401 = VERTEX_POINT ( 'NONE', #5339 ) ;
#4402 = CARTESIAN_POINT ( 'NONE',  ( 0.02383392291681322647, 49.71188018855098534, 39.76491364505288573 ) ) ;
#4403 = LINE ( 'NONE', #1206, #6598 ) ;
#4404 = VECTOR ( 'NONE', #6627, 1000.000000000000000 ) ;
#4405 = B_SPLINE_CURVE_WITH_KNOTS ( 'NONE', 3,
 ( #3920, #2301, #5528, #1174, #2766, #24 ),
 .UNSPECIFIED., .F., .F.,
 ( 4, 2, 4 ),
 ( -9.069743832122463529E-06, 0.0005499979681167795455, 0.001109065680065681510 ),
 .UNSPECIFIED. ) ;
#4406 = VERTEX_POINT ( 'NONE', #3133 ) ;
#4407 = ORIENTED_EDGE ( 'NONE', *, *, #5548, .F. ) ;
#4408 = DIRECTION ( 'NONE',  ( -0.000000000000000000, 1.000000000000000000, 0.000000000000000000 ) ) ;
#4409 = CARTESIAN_POINT ( 'NONE',  ( 11.59894846507153865, 0.000000000000000000, 40.26491364505290704 ) ) ;
#4410 = DIRECTION ( 'NONE',  ( 0.000000000000000000, 0.000000000000000000, -1.000000000000000000 ) ) ;
#4411 = LINE ( 'NONE', #3853, #4748 ) ;
#4412 = CARTESIAN_POINT ( 'NONE',  ( 37.96059330834079049, 46.59372669133345113, 38.97202042623946028 ) ) ;
#4413 = EDGE_LOOP ( 'NONE', ( #3868, #1262, #6252, #2871 ) ) ;
#4414 = FACE_OUTER_BOUND ( 'NONE', #2663, .T. ) ;
#4415 = ORIENTED_EDGE ( 'NONE', *, *, #4553, .F. ) ;
#4416 = ADVANCED_FACE ( 'NONE', ( #386 ), #2586, .T. ) ;
#4417 = ORIENTED_EDGE ( 'NONE', *, *, #1411, .T. ) ;
#4418 = EDGE_CURVE ( 'NONE', #1908, #2632, #3329, .T. ) ;
#4419 = LINE ( 'NONE', #7136, #7129 ) ;
#4420 = ORIENTED_EDGE ( 'NONE', *, *, #6119, .F. ) ;
#4421 = CARTESIAN_POINT ( 'NONE',  ( 10.94894849797543479, 39.00596112700797136, 41.26491364505290704 ) ) ;
#4422 = CARTESIAN_POINT ( 'NONE',  ( 38.58468489822251257, 74.27725659993859608, 39.76491364505297099 ) ) ;
#4423 = EDGE_LOOP ( 'NONE', ( #4492, #3484, #1608, #5710 ) ) ;
#4424 = CARTESIAN_POINT ( 'NONE',  ( 0.000000000000000000, 22.50596112700796425, 41.76491364505290704 ) ) ;
#4425 = CARTESIAN_POINT ( 'NONE',  ( 37.72204447316569542, 48.98669925122732138, 38.76491364505291415 ) ) ;
#4426 = ORIENTED_EDGE ( 'NONE', *, *, #1663, .F. ) ;
#4427 = PRODUCT_DEFINITION_FORMATION_WITH_SPECIFIED_SOURCE ( 'ANY', '', #4496, .NOT_KNOWN. ) ;
#4428 = EDGE_CURVE ( 'NONE', #6366, #2997, #3808, .T. ) ;
#4429 = DIRECTION ( 'NONE',  ( 0.4138029443011836395, 0.000000000000000000, 0.9103664774626050171 ) ) ;
#4430 = EDGE_CURVE ( 'NONE', #405, #463, #1034, .T. ) ;
#4431 = LINE ( 'NONE', #4971, #2152 ) ;
#4432 = DIRECTION ( 'NONE',  ( -0.000000000000000000, -0.000000000000000000, 1.000000000000000000 ) ) ;
#4433 = ORIENTED_EDGE ( 'NONE', *, *, #1140, .T. ) ;
#4434 = DIRECTION ( 'NONE',  ( 0.000000000000000000, -1.000000000000000000, 0.000000000000000000 ) ) ;
#4435 = DIRECTION ( 'NONE',  ( -1.000000000000000000, -6.360373330387821219E-15, 0.000000000000000000 ) ) ;
#4436 = LINE ( 'NONE', #3988, #4222 ) ;
#4437 = LINE ( 'NONE', #6618, #7149 ) ;
#4438 = ORIENTED_EDGE ( 'NONE', *, *, #966, .F. ) ;
#4439 = CARTESIAN_POINT ( 'NONE',  ( 5.313212097728372107, 32.86591882637206652, 40.26491364505289994 ) ) ;
#4440 = ORIENTED_EDGE ( 'NONE', *, *, #6588, .T. ) ;
#4441 = VECTOR ( 'NONE', #2763, 1000.000000000000000 ) ;
#4442 = ORIENTED_EDGE ( 'NONE', *, *, #317, .T. ) ;
#4443 = CARTESIAN_POINT ( 'NONE',  ( 0.02196448609609427324, 46.61160426706537407, 39.26491364505291415 ) ) ;
#4444 = DIRECTION ( 'NONE',  ( -0.000000000000000000, -0.000000000000000000, -1.000000000000000000 ) ) ;
#4445 = DIRECTION ( 'NONE',  ( -0.000000000000000000, -0.000000000000000000, -1.000000000000000000 ) ) ;
#4446 = CARTESIAN_POINT ( 'NONE',  ( 11.47518481870583962, 29.71386507646797881, 35.95044691495894540 ) ) ;
#4447 = DIRECTION ( 'NONE',  ( -0.000000000000000000, -0.000000000000000000, 1.000000000000000000 ) ) ;
#4448 = EDGE_CURVE ( 'NONE', #4362, #3139, #6537, .T. ) ;
#4449 = ORIENTED_EDGE ( 'NONE', *, *, #6650, .T. ) ;
#4450 = FACE_OUTER_BOUND ( 'NONE', #4296, .T. ) ;
#4451 = ORIENTED_EDGE ( 'NONE', *, *, #4768, .T. ) ;
#4452 = VERTEX_POINT ( 'NONE', #3240 ) ;
#4453 = CARTESIAN_POINT ( 'NONE',  ( 33.06188035674887971, 48.69604027337334173, 39.26491364505291415 ) ) ;
#4454 = ORIENTED_EDGE ( 'NONE', *, *, #2139, .F. ) ;
#4455 = PLANE ( 'NONE',  #6142 ) ;
#4456 = DIRECTION ( 'NONE',  ( 0.8669063030575352435, 0.000000000000000000, -0.4984711242580827650 ) ) ;
#4457 = EDGE_CURVE ( 'NONE', #4135, #579, #995, .T. ) ;
#4458 = AXIS2_PLACEMENT_3D ( 'NONE', #7153, #3131, #2183 ) ;
#4459 = VERTEX_POINT ( 'NONE', #2620 ) ;
#4460 = EDGE_CURVE ( 'NONE', #439, #3027, #488, .T. ) ;
#4461 = DIRECTION ( 'NONE',  ( 0.000000000000000000, 0.000000000000000000, -1.000000000000000000 ) ) ;
#4462 = CIRCLE ( 'NONE', #6788, 2.000000000000000888 ) ;
#4463 = ORIENTED_EDGE ( 'NONE', *, *, #3739, .F. ) ;
#4464 = PLANE ( 'NONE',  #3185 ) ;
#4465 = CARTESIAN_POINT ( 'NONE',  ( 24.68809529307599249, 125.6059671700671174, 40.26491364505290704 ) ) ;
#4466 = EDGE_CURVE ( 'NONE', #4862, #6818, #1535, .T. ) ;
#4467 = DIRECTION ( 'NONE',  ( -1.000000000000000000, 0.000000000000000000, 0.000000000000000000 ) ) ;
#4468 = AXIS2_PLACEMENT_3D ( 'NONE', #5899, #396, #2051 ) ;
#4469 = AXIS2_PLACEMENT_3D ( 'NONE', #2520, #5929, #2628 ) ;
#4470 = EDGE_CURVE ( 'NONE', #3766, #4514, #3769, .T. ) ;
#4471 = DIRECTION ( 'NONE',  ( 0.9103664774626049061, 0.000000000000000000, -0.4138029443011835840 ) ) ;
#4472 = CARTESIAN_POINT ( 'NONE',  ( 37.19894853087983222, 59.00596112700796425, 41.76491364505290704 ) ) ;
#4473 = LINE ( 'NONE', #560, #6780 ) ;
#4474 = DIRECTION ( 'NONE',  ( -1.000000000000000000, 0.000000000000000000, -2.135044278125296610E-15 ) ) ;
#4475 = ORIENTED_EDGE ( 'NONE', *, *, #4518, .F. ) ;
#4476 = DIRECTION ( 'NONE',  ( -0.9103664774626049061, 0.000000000000000000, -0.4138029443011835840 ) ) ;
#4477 = DIRECTION ( 'NONE',  ( 1.000000000000000000, 0.000000000000000000, 0.000000000000000000 ) ) ;
#4478 = EDGE_CURVE ( 'NONE', #6365, #5782, #6573, .T. ) ;
#4479 = VECTOR ( 'NONE', #5871, 1000.000000000000000 ) ;
#4480 = ORIENTED_EDGE ( 'NONE', *, *, #6253, .T. ) ;
#4481 = ORIENTED_EDGE ( 'NONE', *, *, #4711, .T. ) ;
#4482 = CARTESIAN_POINT ( 'NONE',  ( 11.59894846507153865, 30.36591882637166151, 41.26491364505290704 ) ) ;
#4483 = FACE_OUTER_BOUND ( 'NONE', #2407, .T. ) ;
#4484 = DIRECTION ( 'NONE',  ( -0.000000000000000000, 0.000000000000000000, 1.000000000000000000 ) ) ;
#4485 = CARTESIAN_POINT ( 'NONE',  ( 18.44894849797541170, 33.50596112700796425, 34.38948260544476199 ) ) ;
#4486 = CARTESIAN_POINT ( 'NONE',  ( 12.09894846507153865, 29.50596112700797136, 40.26491364505291415 ) ) ;
#4487 = ORIENTED_EDGE ( 'NONE', *, *, #2795, .T. ) ;
#4488 = VERTEX_POINT ( 'NONE', #6212 ) ;
#4489 = VERTEX_POINT ( 'NONE', #3303 ) ;
#4490 =( BOUNDED_CURVE ( )  B_SPLINE_CURVE ( 3, ( #5039, #6563, #5587, #2793 ),
 .UNSPECIFIED., .F., .F. ) 
 B_SPLINE_CURVE_WITH_KNOTS ( ( 4, 4 ),
 ( 1.410875617208477095, 1.546063381949078552 ),
 .UNSPECIFIED. ) 
 CURVE ( )  GEOMETRIC_REPRESENTATION_ITEM ( )  RATIONAL_B_SPLINE_CURVE ( ( 1.000000000000000000, 0.9984776021322915307, 0.9984776021322915307, 1.000000000000000000 ) ) 
 REPRESENTATION_ITEM ( '' )  );
#4491 = DIRECTION ( 'NONE',  ( 1.000000000000000000, 0.000000000000000000, 0.000000000000000000 ) ) ;
#4492 = ORIENTED_EDGE ( 'NONE', *, *, #4315, .F. ) ;
#4493 = DIRECTION ( 'NONE',  ( 0.000000000000000000, 0.000000000000000000, 1.000000000000000000 ) ) ;
#4494 = CARTESIAN_POINT ( 'NONE',  ( 10.51353217702822818, 111.5059670551350735, -6.045281001791218856 ) ) ;
#4495 = AXIS2_PLACEMENT_3D ( 'NONE', #6835, #1856, #5189 ) ;
#4496 = PRODUCT ( 'A7670E\X2\591658f34e0b76d6\X0\', 'A7670E\X2\591658f34e0b76d6\X0\', '', ( #4651 ) ) ;
#4497 = ORIENTED_EDGE ( 'NONE', *, *, #554, .T. ) ;
#4498 = DIRECTION ( 'NONE',  ( 0.000000000000000000, -1.000000000000000000, 0.000000000000000000 ) ) ;
#4499 = DIRECTION ( 'NONE',  ( 1.000000000000000000, -1.952415606740757108E-16, -0.000000000000000000 ) ) ;
#4500 = AXIS2_PLACEMENT_3D ( 'NONE', #3187, #2605, #2020 ) ;
#4501 = ORIENTED_EDGE ( 'NONE', *, *, #7123, .F. ) ;
#4502 = DIRECTION ( 'NONE',  ( 6.308085367188390241E-16, 1.000000000000000000, 0.000000000000000000 ) ) ;
#4503 = DIRECTION ( 'NONE',  ( -6.308085367188390241E-16, -1.000000000000000000, 3.973526951304734759E-32 ) ) ;
#4504 = VECTOR ( 'NONE', #4192, 1000.000000000000000 ) ;
#4505 = EDGE_CURVE ( 'NONE', #3624, #122, #6919, .T. ) ;
#4506 = DIRECTION ( 'NONE',  ( -0.000000000000000000, -1.000000000000000000, 0.000000000000000000 ) ) ;
#4507 = DIRECTION ( 'NONE',  ( 0.000000000000000000, 0.000000000000000000, -1.000000000000000000 ) ) ;
#4508 = CARTESIAN_POINT ( 'NONE',  ( 10.94894849797544012, 117.0059670551347750, 41.76491364505290704 ) ) ;
#4509 = DIRECTION ( 'NONE',  ( 0.0004712235076032001931, 0.9999998889741967822, 0.000000000000000000 ) ) ;
#4510 = EDGE_LOOP ( 'NONE', ( #6033, #2448, #1938, #5465 ) ) ;
#4511 = CARTESIAN_POINT ( 'NONE',  ( 37.19894853087983222, 0.000000000000000000, 42.76491364505290704 ) ) ;
#4512 = DIRECTION ( 'NONE',  ( 6.308085367188390241E-16, 1.000000000000000000, 0.000000000000000000 ) ) ;
#4513 = AXIS2_PLACEMENT_3D ( 'NONE', #1838, #2382, #1902 ) ;
#4514 = VERTEX_POINT ( 'NONE', #3879 ) ;
#4515 = ORIENTED_EDGE ( 'NONE', *, *, #5391, .T. ) ;
#4516 = CYLINDRICAL_SURFACE ( 'NONE', #6063, 0.4999999999999987232 ) ;
#4517 = CARTESIAN_POINT ( 'NONE',  ( 38.73063804975123503, 62.17725764581899028, 39.01567808292387696 ) ) ;
#4518 = EDGE_CURVE ( 'NONE', #5326, #4514, #137, .T. ) ;
#4519 = CARTESIAN_POINT ( 'NONE',  ( 25.19894853087959774, 111.5059670551350592, 41.26491364505290704 ) ) ;
#4520 = AXIS2_PLACEMENT_3D ( 'NONE', #4485, #5678, #5196 ) ;
#4521 = EDGE_CURVE ( 'NONE', #3110, #1847, #7036, .T. ) ;
#4522 = CARTESIAN_POINT ( 'NONE',  ( 32.94894849797543657, 59.00596112700796425, 41.26491364505290704 ) ) ;
#4523 = ORIENTED_EDGE ( 'NONE', *, *, #6890, .T. ) ;
#4524 = EDGE_LOOP ( 'NONE', ( #6832, #1741, #6629, #6125 ) ) ;
#4525 = VECTOR ( 'NONE', #7126, 1000.000000000000000 ) ;
#4526 = CARTESIAN_POINT ( 'NONE',  ( 5.313212097728420957, 111.5059670551350592, 40.26491364505289994 ) ) ;
#4527 = ORIENTED_EDGE ( 'NONE', *, *, #4553, .T. ) ;
#4528 = CARTESIAN_POINT ( 'NONE',  ( 11.59894846507153865, 30.36591882637166151, 40.26491364505290704 ) ) ;
#4529 = CARTESIAN_POINT ( 'NONE',  ( 0.02359420235014746126, 49.21188024601693911, 40.26491364505290704 ) ) ;
#4530 = ORIENTED_EDGE ( 'NONE', *, *, #3314, .T. ) ;
#4531 = CARTESIAN_POINT ( 'NONE',  ( 6.910712213114353908, 31.35652753642070678, 40.26491364505289994 ) ) ;
#4532 = DIRECTION ( 'NONE',  ( -0.8669063030575347994, 0.000000000000000000, -0.4984711242580834312 ) ) ;
#4533 = CARTESIAN_POINT ( 'NONE',  ( 6.698948465071331348, 113.5053553677569766, 40.26491364505289994 ) ) ;
#4534 = VERTEX_POINT ( 'NONE', #6145 ) ;
#4535 = DIRECTION ( 'NONE',  ( 0.000000000000000000, -0.000000000000000000, 1.000000000000000000 ) ) ;
#4536 = CARTESIAN_POINT ( 'NONE',  ( 37.72218489822244436, 62.88436442700562168, 38.76491364505287152 ) ) ;
#4537 = DIRECTION ( 'NONE',  ( 0.4138029443011836950, -2.610304297845769223E-16, -0.9103664774626049061 ) ) ;
#4538 = CYLINDRICAL_SURFACE ( 'NONE', #632, 2.000000000000000444 ) ;
#4539 = DIRECTION ( 'NONE',  ( 0.0004712235075974231303, 0.9999998889741967822, 0.000000000000000000 ) ) ;
#4540 = FACE_OUTER_BOUND ( 'NONE', #4150, .T. ) ;
#4541 = CARTESIAN_POINT ( 'NONE',  ( 9.098948465071334368, 75.10596705513523830, 41.76491364505290704 ) ) ;
#4542 = ORIENTED_EDGE ( 'NONE', *, *, #6071, .F. ) ;
#4543 = EDGE_CURVE ( 'NONE', #3139, #3263, #2879, .T. ) ;
#4544 = ORIENTED_EDGE ( 'NONE', *, *, #3840, .T. ) ;
#4545 = EDGE_CURVE ( 'NONE', #6799, #5169, #561, .T. ) ;
#4546 = ORIENTED_EDGE ( 'NONE', *, *, #5968, .T. ) ;
#4547 = DIRECTION ( 'NONE',  ( -0.4984711242580827095, 4.564240127897093890E-14, -0.8669063030575352435 ) ) ;
#4548 = CYLINDRICAL_SURFACE ( 'NONE', #5644, 0.5000000000000004441 ) ;
#4549 = CARTESIAN_POINT ( 'NONE',  ( 33.41289214232728000, 17.40596112700752940, 40.26491364505290704 ) ) ;
#4550 = CARTESIAN_POINT ( 'NONE',  ( 34.79894853087961337, 122.1059670551352525, 41.76491364505290704 ) ) ;
#4551 = ADVANCED_FACE ( 'NONE', ( #712 ), #603, .F. ) ;
#4552 = EDGE_LOOP ( 'NONE', ( #5545, #1395, #1901, #2335 ) ) ;
#4553 = EDGE_CURVE ( 'NONE', #5190, #5021, #4437, .T. ) ;
#4554 = ORIENTED_EDGE ( 'NONE', *, *, #5666, .F. ) ;
#4555 = VECTOR ( 'NONE', #5940, 1000.000000000000000 ) ;
#4556 = CARTESIAN_POINT ( 'NONE',  ( 25.69894853087959063, 119.0059670551349171, 40.26491364505290704 ) ) ;
#4557 = CARTESIAN_POINT ( 'NONE',  ( 37.19894853087961906, 29.50657281438603974, 40.26491364505290704 ) ) ;
#4558 = CARTESIAN_POINT ( 'NONE',  ( 9.098948465071334368, 75.10596705513523830, 41.76491364505290704 ) ) ;
#4559 = ORIENTED_EDGE ( 'NONE', *, *, #6683, .T. ) ;
#4560 = DIRECTION ( 'NONE',  ( -0.000000000000000000, -1.000000000000000000, -0.000000000000000000 ) ) ;
#4561 = AXIS2_PLACEMENT_3D ( 'NONE', #3799, #2709, #6016 ) ;
#4562 = VERTEX_POINT ( 'NONE', #1640 ) ;
#4563 = DIRECTION ( 'NONE',  ( 0.000000000000000000, 0.000000000000000000, -1.000000000000000000 ) ) ;
#4564 = CARTESIAN_POINT ( 'NONE',  ( 25.44894849797546499, 109.5059670551350592, 34.38948260544476199 ) ) ;
#4565 = ORIENTED_EDGE ( 'NONE', *, *, #5094, .T. ) ;
#4566 = PLANE ( 'NONE',  #990 ) ;
#4567 = CARTESIAN_POINT ( 'NONE',  ( 37.72218489822246568, 48.69380593142552982, 38.26491364505291415 ) ) ;
#4568 = FACE_OUTER_BOUND ( 'NONE', #5156, .T. ) ;
#4569 = AXIS2_PLACEMENT_3D ( 'NONE', #1784, #1676, #3878 ) ;
#4570 = CARTESIAN_POINT ( 'NONE',  ( 38.14667985567682251, 73.76424293501712270, 39.13403969501342772 ) ) ;
#4571 = CARTESIAN_POINT ( 'NONE',  ( 7.198948465071300262, 24.61591931483222240, 40.26491364505290704 ) ) ;
#4572 = CARTESIAN_POINT ( 'NONE',  ( 17.10600289698724907, -12.80532761448479739, 22.26491364505289994 ) ) ;
#4573 = DIRECTION ( 'NONE',  ( 6.308085367188390241E-16, 1.000000000000000000, 0.000000000000000000 ) ) ;
#4574 = ORIENTED_EDGE ( 'NONE', *, *, #6324, .F. ) ;
#4575 = AXIS2_PLACEMENT_3D ( 'NONE', #5283, #3754, #1443 ) ;
#4576 = AXIS2_PLACEMENT_3D ( 'NONE', #3264, #2712, #1092 ) ;
#4577 = VERTEX_POINT ( 'NONE', #4978 ) ;
#4578 = EDGE_LOOP ( 'NONE', ( #65, #1215, #1666, #5757 ) ) ;
#4579 = CIRCLE ( 'NONE', #3527, 2.000000000000000444 ) ;
#4580 = DIRECTION ( 'NONE',  ( 6.308085367188390241E-16, 1.000000000000000000, 0.000000000000000000 ) ) ;
#4581 = EDGE_CURVE ( 'NONE', #1834, #3128, #4022, .T. ) ;
#4582 = CARTESIAN_POINT ( 'NONE',  ( 11.81389163161648170, 74.27725659994105456, -6.792987688174910055 ) ) ;
#4583 = DIRECTION ( 'NONE',  ( 0.000000000000000000, 0.000000000000000000, -1.000000000000000000 ) ) ;
#4584 = EDGE_CURVE ( 'NONE', #2379, #4096, #4405, .T. ) ;
#4585 = VECTOR ( 'NONE', #2141, 1000.000000000000000 ) ;
#4586 = EDGE_LOOP ( 'NONE', ( #5060, #2904, #967, #1874 ) ) ;
#4587 = ORIENTED_EDGE ( 'NONE', *, *, #5548, .T. ) ;
#4588 = EDGE_CURVE ( 'NONE', #3056, #2609, #637, .T. ) ;
#4589 = AXIS2_PLACEMENT_3D ( 'NONE', #6351, #2400, #6278 ) ;
#4590 = CARTESIAN_POINT ( 'NONE',  ( 20.94894849797543301, 25.00596112700795715, 41.76491364505290704 ) ) ;
#4591 = VERTEX_POINT ( 'NONE', #3955 ) ;
#4592 = DIRECTION ( 'NONE',  ( 2.379049338482476317E-14, -1.000000000000000000, 0.000000000000000000 ) ) ;
#4593 = CARTESIAN_POINT ( 'NONE',  ( 39.01813804975125777, 31.50596112700795715, 39.51567808292392670 ) ) ;
#4594 = ORIENTED_EDGE ( 'NONE', *, *, #6907, .T. ) ;
#4595 = CARTESIAN_POINT ( 'NONE',  ( 4.889278144310169161, 31.62916723051431234, 40.26491364505288573 ) ) ;
#4596 = VECTOR ( 'NONE', #5005, 1000.000000000000000 ) ;
#4597 = ORIENTED_EDGE ( 'NONE', *, *, #5613, .T. ) ;
#4598 = DIRECTION ( 'NONE',  ( 0.000000000000000000, -1.000000000000000000, 0.000000000000000000 ) ) ;
#4599 = CARTESIAN_POINT ( 'NONE',  ( 6.698948465071516090, 113.4804468804926501, 39.72522539197132829 ) ) ;
#4600 = EDGE_LOOP ( 'NONE', ( #1888, #1434, #3504, #2201 ) ) ;
#4601 = CARTESIAN_POINT ( 'NONE',  ( 6.756002896987316042, 113.5059670551350735, 40.26491364505289994 ) ) ;
#4602 = AXIS2_PLACEMENT_3D ( 'NONE', #4541, #3843, #64 ) ;
#4603 = CYLINDRICAL_SURFACE ( 'NONE', #2391, 0.5000000000000004441 ) ;
#4604 = EDGE_CURVE ( 'NONE', #1540, #6809, #6065, .T. ) ;
#4605 = EDGE_CURVE ( 'NONE', #4964, #2944, #6699, .T. ) ;
#4606 = DIRECTION ( 'NONE',  ( 1.372589512535495125E-14, -1.000000000000000000, 0.000000000000000000 ) ) ;
#4607 = AXIS2_PLACEMENT_3D ( 'NONE', #2610, #412, #2538 ) ;
#4608 = FACE_OUTER_BOUND ( 'NONE', #1437, .T. ) ;
#4609 = FACE_OUTER_BOUND ( 'NONE', #2743, .T. ) ;
#4610 = ORIENTED_EDGE ( 'NONE', *, *, #2778, .T. ) ;
#4611 = DIRECTION ( 'NONE',  ( -1.000000000000000000, 6.308085367188390241E-16, 0.000000000000000000 ) ) ;
#4612 = ORIENTED_EDGE ( 'NONE', *, *, #3618, .T. ) ;
#4613 = VECTOR ( 'NONE', #5285, 1000.000000000000000 ) ;
#4614 = ORIENTED_EDGE ( 'NONE', *, *, #3925, .F. ) ;
#4615 = ORIENTED_EDGE ( 'NONE', *, *, #6454, .F. ) ;
#4616 = CIRCLE ( 'NONE', #3342, 0.5000000000000004441 ) ;
#4617 = DIRECTION ( 'NONE',  ( -0.000000000000000000, -0.000000000000000000, 1.000000000000000000 ) ) ;
#4618 = DIRECTION ( 'NONE',  ( 0.000000000000000000, 0.000000000000000000, -1.000000000000000000 ) ) ;
#4619 = FACE_OUTER_BOUND ( 'NONE', #1930, .T. ) ;
#4620 = CIRCLE ( 'NONE', #141, 0.5000000000000006661 ) ;
#4621 = AXIS2_PLACEMENT_3D ( 'NONE', #3923, #4940, #2770 ) ;
#4622 = ADVANCED_FACE ( 'NONE', ( #2841 ), #3341, .F. ) ;
#4623 = EDGE_CURVE ( 'NONE', #6303, #3501, #5054, .T. ) ;
#4624 = VERTEX_POINT ( 'NONE', #1677 ) ;
#4625 = ORIENTED_EDGE ( 'NONE', *, *, #1458, .T. ) ;
#4626 = VECTOR ( 'NONE', #4738, 1000.000000000000114 ) ;
#4627 = DIRECTION ( 'NONE',  ( -1.000000000000000000, 0.000000000000000000, 0.000000000000000000 ) ) ;
#4628 = VERTEX_POINT ( 'NONE', #2804 ) ;
#4629 = CARTESIAN_POINT ( 'NONE',  ( 37.19894853087983222, 0.000000000000000000, 40.26491364505290704 ) ) ;
#4630 = DIRECTION ( 'NONE',  ( -1.000000000000000000, 0.000000000000000000, 0.000000000000000000 ) ) ;
#4631 = ORIENTED_EDGE ( 'NONE', *, *, #6514, .T. ) ;
#4632 = EDGE_CURVE ( 'NONE', #6517, #3027, #1203, .T. ) ;
#4633 = CARTESIAN_POINT ( 'NONE',  ( 5.685572378860778819, 31.91423528348709482, 40.26491364505289994 ) ) ;
#4634 = AXIS2_PLACEMENT_3D ( 'NONE', #2231, #1692, #686 ) ;
#4635 = VERTEX_POINT ( 'NONE', #201 ) ;
#4636 = EDGE_CURVE ( 'NONE', #2140, #4635, #1344, .T. ) ;
#4637 = DIRECTION ( 'NONE',  ( -6.308085367188377422E-16, -1.000000000000000000, 0.000000000000000000 ) ) ;
#4638 = DIRECTION ( 'NONE',  ( 1.000000000000000000, -1.110223024625124734E-13, 0.000000000000000000 ) ) ;
#4639 = ORIENTED_EDGE ( 'NONE', *, *, #6784, .T. ) ;
#4640 = CARTESIAN_POINT ( 'NONE',  ( 24.68809529307599249, 125.6059671700671174, 40.26491364505290704 ) ) ;
#4641 = DIRECTION ( 'NONE',  ( -1.000000000000000000, 2.775557561562888827E-14, 0.000000000000000000 ) ) ;
#4642 = LINE ( 'NONE', #1377, #2715 ) ;
#4643 = ADVANCED_FACE ( 'NONE', ( #4136 ), #6249, .T. ) ;
#4644 = DIRECTION ( 'NONE',  ( -1.000000000000000000, 0.000000000000000000, 0.000000000000000000 ) ) ;
#4645 = EDGE_CURVE ( 'NONE', #5028, #6701, #2402, .T. ) ;
#4646 = DIRECTION ( 'NONE',  ( -1.000000000000000000, 0.000000000000000000, 0.000000000000000000 ) ) ;
#4647 = DIRECTION ( 'NONE',  ( 0.000000000000000000, -1.000000000000000000, 0.000000000000000000 ) ) ;
#4648 = VERTEX_POINT ( 'NONE', #3483 ) ;
#4649 = DIRECTION ( 'NONE',  ( 0.000000000000000000, -0.000000000000000000, 1.000000000000000000 ) ) ;
#4650 = ORIENTED_EDGE ( 'NONE', *, *, #3011, .F. ) ;
#4651 = PRODUCT_CONTEXT ( 'NONE', #5514, 'mechanical' ) ;
#4652 = ORIENTED_EDGE ( 'NONE', *, *, #5800, .T. ) ;
#4653 = VERTEX_POINT ( 'NONE', #3551 ) ;
#4654 = CARTESIAN_POINT ( 'NONE',  ( 11.44894849797544012, 117.0059670551347750, 40.26491364505290704 ) ) ;
#4655 = DIRECTION ( 'NONE',  ( -1.000000000000000000, 0.000000000000000000, 0.000000000000000000 ) ) ;
#4656 = UNCERTAINTY_MEASURE_WITH_UNIT (LENGTH_MEASURE( 1.000000000000000082E-05 ), #140, 'distance_accuracy_value', 'NONE');
#4657 = CARTESIAN_POINT ( 'NONE',  ( 32.69894853087974695, 112.5059670551349029, 40.26491364505290704 ) ) ;
#4658 = ORIENTED_EDGE ( 'NONE', *, *, #3132, .T. ) ;
#4659 = EDGE_LOOP ( 'NONE', ( #2914, #1156, #6112, #542, #5228, #6476 ) ) ;
#4660 = DIRECTION ( 'NONE',  ( 0.000000000000000000, 0.000000000000000000, -1.000000000000000000 ) ) ;
#4661 = ORIENTED_EDGE ( 'NONE', *, *, #5436, .T. ) ;
#4662 = LINE ( 'NONE', #4629, #4982 ) ;
#4663 = CARTESIAN_POINT ( 'NONE',  ( 39.01813804974764821, 31.26932800487049846, 39.51567808291765971 ) ) ;
#4664 = ORIENTED_EDGE ( 'NONE', *, *, #2654, .T. ) ;
#4665 = CARTESIAN_POINT ( 'NONE',  ( 4.448948497975409921, 32.86591882637226547, 40.26491364505289283 ) ) ;
#4666 = EDGE_LOOP ( 'NONE', ( #6047, #4542, #3856, #1828 ) ) ;
#4667 = DIRECTION ( 'NONE',  ( 0.000000000000000000, -1.000000000000000000, 0.000000000000000000 ) ) ;
#4668 = DIRECTION ( 'NONE',  ( -1.000000000000000000, 9.714451465470110893E-14, 0.000000000000000000 ) ) ;
#4669 = VERTEX_POINT ( 'NONE', #2982 ) ;
#4670 = DIRECTION ( 'NONE',  ( -6.308085367188390241E-16, -1.000000000000000000, -0.000000000000000000 ) ) ;
#4671 = CARTESIAN_POINT ( 'NONE',  ( 10.94894849797520209, 60.00596112700797136, 41.76491364505290704 ) ) ;
#4672 = LINE ( 'NONE', #6791, #540 ) ;
#4673 = AXIS2_PLACEMENT_3D ( 'NONE', #1791, #1761, #645 ) ;
#4674 = ADVANCED_FACE ( 'NONE', ( #5700 ), #839, .F. ) ;
#4675 = CARTESIAN_POINT ( 'NONE',  ( 20.77829802542630233, 109.5059670551350592, 21.76491364505290704 ) ) ;
#4676 = CARTESIAN_POINT ( 'NONE',  ( 38.64134284161696087, 73.68975779743023224, 38.86038206877806545 ) ) ;
#4677 = LINE ( 'NONE', #164, #4239 ) ;
#4678 = AXIS2_PLACEMENT_3D ( 'NONE', #4654, #2952, #5705 ) ;
#4679 = EDGE_LOOP ( 'NONE', ( #7150, #5470, #1147, #599 ) ) ;
#4680 = CARTESIAN_POINT ( 'NONE',  ( 11.09894846507158306, 30.59796963394053293, 37.15632786135749654 ) ) ;
#4681 = ORIENTED_EDGE ( 'NONE', *, *, #840, .T. ) ;
#4682 = SHAPE_DEFINITION_REPRESENTATION ( #3781, #2819 ) ;
#4683 = ADVANCED_FACE ( 'NONE', ( #4717 ), #2437, .T. ) ;
#4684 = AXIS2_PLACEMENT_3D ( 'NONE', #458, #5451, #2107 ) ;
#4685 = ORIENTED_EDGE ( 'NONE', *, *, #1875, .F. ) ;
#4686 = EDGE_LOOP ( 'NONE', ( #391, #1618, #3426, #7132 ) ) ;
#4687 = CARTESIAN_POINT ( 'NONE',  ( 12.94894849797541170, 33.50596112700797136, 34.38948260544476199 ) ) ;
#4688 = CARTESIAN_POINT ( 'NONE',  ( 7.102277537521630713, 30.87518195310998337, 39.85835091814467290 ) ) ;
#4689 = CIRCLE ( 'NONE', #5623, 0.5000000000000004441 ) ;
#4690 = DIRECTION ( 'NONE',  ( 0.000000000000000000, 1.000000000000000000, -0.000000000000000000 ) ) ;
#4691 = ADVANCED_FACE ( 'NONE', ( #732 ), #1961, .F. ) ;
#4692 = EDGE_CURVE ( 'NONE', #221, #3181, #4064, .T. ) ;
#4693 = ORIENTED_EDGE ( 'NONE', *, *, #2938, .T. ) ;
#4694 = VERTEX_POINT ( 'NONE', #1383 ) ;
#4695 = CARTESIAN_POINT ( 'NONE',  ( 37.72218489822246568, 63.17725764581904002, 38.26491364505291415 ) ) ;
#4696 = ORIENTED_EDGE ( 'NONE', *, *, #1227, .F. ) ;
#4697 = AXIS2_PLACEMENT_3D ( 'NONE', #4472, #3806, #1200 ) ;
#4698 = LINE ( 'NONE', #4913, #4525 ) ;
#4699 = CIRCLE ( 'NONE', #4002, 1.999999999999998224 ) ;
#4700 = CARTESIAN_POINT ( 'NONE',  ( 39.37656451268721014, 30.92151336909250148, 40.26491364505297099 ) ) ;
#4701 = ORIENTED_EDGE ( 'NONE', *, *, #1004, .F. ) ;
#4702 = DIRECTION ( 'NONE',  ( 0.000000000000000000, -0.8660254037844395958, 0.4999999999999985567 ) ) ;
#4703 = ORIENTED_EDGE ( 'NONE', *, *, #5305, .F. ) ;
#4704 = VECTOR ( 'NONE', #2464, 1000.000000000000000 ) ;
#4705 = CYLINDRICAL_SURFACE ( 'NONE', #4709, 2.000000000000001776 ) ;
#4706 = DIRECTION ( 'NONE',  ( -0.000000000000000000, -0.000000000000000000, -1.000000000000000000 ) ) ;
#4707 = CARTESIAN_POINT ( 'NONE',  ( 7.149845539998552546, 30.86833576521609501, 39.77716295412646019 ) ) ;
#4708 = CARTESIAN_POINT ( 'NONE',  ( 25.19894853087959063, 0.000000000000000000, 42.76491364505290704 ) ) ;
#4709 = AXIS2_PLACEMENT_3D ( 'NONE', #1647, #1952, #6378 ) ;
#4710 = LINE ( 'NONE', #6241, #2304 ) ;
#4711 = EDGE_CURVE ( 'NONE', #2339, #972, #2945, .T. ) ;
#4712 = CARTESIAN_POINT ( 'NONE',  ( 38.58013300720588745, 74.25122927009510931, 38.75393018284498226 ) ) ;
#4713 = AXIS2_PLACEMENT_3D ( 'NONE', #3096, #209, #5742 ) ;
#4714 = CARTESIAN_POINT ( 'NONE',  ( 6.698948465071516090, 113.4804468804926501, 39.72522539197132829 ) ) ;
#4715 =( BOUNDED_CURVE ( )  B_SPLINE_CURVE ( 3, ( #389, #4293, #3629, #5994 ),
 .UNSPECIFIED., .F., .F. ) 
 B_SPLINE_CURVE_WITH_KNOTS ( ( 4, 4 ),
 ( 4.872309689971006996, 6.283185307179586232 ),
 .UNSPECIFIED. ) 
 CURVE ( )  GEOMETRIC_REPRESENTATION_ITEM ( )  RATIONAL_B_SPLINE_CURVE ( ( 1.000000000000000000, 0.8408851759954762972, 0.8408851759954762972, 1.000000000000000000 ) ) 
 REPRESENTATION_ITEM ( '' )  );
#4716 = ORIENTED_EDGE ( 'NONE', *, *, #3530, .T. ) ;
#4717 = FACE_OUTER_BOUND ( 'NONE', #2098, .T. ) ;
#4718 = ORIENTED_EDGE ( 'NONE', *, *, #2436, .T. ) ;
#4719 = CARTESIAN_POINT ( 'NONE',  ( 11.15581306866427980, 29.50596112700797136, 34.91473523735950835 ) ) ;
#4720 = VECTOR ( 'NONE', #2070, 1000.000000000000000 ) ;
#4721 = EDGE_CURVE ( 'NONE', #811, #3060, #1831, .T. ) ;
#4722 = ORIENTED_EDGE ( 'NONE', *, *, #5449, .F. ) ;
#4723 = ORIENTED_EDGE ( 'NONE', *, *, #4867, .T. ) ;
#4724 = CARTESIAN_POINT ( 'NONE',  ( 10.94894849797545611, 121.0059670551347750, 42.76491364505290704 ) ) ;
#4725 = ADVANCED_FACE ( 'NONE', ( #5224 ), #904, .F. ) ;
#4726 = DIRECTION ( 'NONE',  ( -0.4984711242580827095, 4.564240127897088841E-14, -0.8669063030575352435 ) ) ;
#4727 = AXIS2_PLACEMENT_3D ( 'NONE', #233, #195, #4644 ) ;
#4728 = DIRECTION ( 'NONE',  ( 1.000000000000000000, 0.000000000000000000, 0.000000000000000000 ) ) ;
#4729 = DIRECTION ( 'NONE',  ( 0.000000000000000000, 0.000000000000000000, -1.000000000000000000 ) ) ;
#4730 = AXIS2_PLACEMENT_3D ( 'NONE', #999, #2512, #4728 ) ;
#4731 = VERTEX_POINT ( 'NONE', #2466 ) ;
#4732 = VERTEX_POINT ( 'NONE', #3617 ) ;
#4733 = EDGE_CURVE ( 'NONE', #5241, #5079, #5879, .T. ) ;
#4734 = EDGE_CURVE ( 'NONE', #2578, #2355, #3555, .T. ) ;
#4735 = CARTESIAN_POINT ( 'NONE',  ( 13.74035607321162011, 16.90596112700796283, 42.76491364505290704 ) ) ;
#4736 = ORIENTED_EDGE ( 'NONE', *, *, #6138, .F. ) ;
#4737 = VECTOR ( 'NONE', #371, 1000.000000000000000 ) ;
#4738 = DIRECTION ( 'NONE',  ( -0.4984711242580832091, 4.531078101458346611E-14, 0.8669063030575349105 ) ) ;
#4739 = DIRECTION ( 'NONE',  ( 1.000000000000000000, -0.000000000000000000, 0.000000000000000000 ) ) ;
#4740 = VERTEX_POINT ( 'NONE', #4680 ) ;
#4741 = FACE_OUTER_BOUND ( 'NONE', #6260, .T. ) ;
#4742 = EDGE_LOOP ( 'NONE', ( #4375, #428, #3657, #366 ) ) ;
#4743 = DIRECTION ( 'NONE',  ( 0.000000000000000000, 1.000000000000000000, 0.000000000000000000 ) ) ;
#4744 = DIRECTION ( 'NONE',  ( 9.156478491488224274E-14, 1.000000000000000000, 0.000000000000000000 ) ) ;
#4745 = CARTESIAN_POINT ( 'NONE',  ( 4.448948498098439508, 111.8019605149661260, 40.26491364505351100 ) ) ;
#4746 = CARTESIAN_POINT ( 'NONE',  ( 7.197086930478275413, 30.86592142534617622, 39.50527995472340592 ) ) ;
#4747 = PLANE ( 'NONE',  #96 ) ;
#4748 = VECTOR ( 'NONE', #648, 1000.000000000000114 ) ;
#4749 = CARTESIAN_POINT ( 'NONE',  ( 33.53852581749953288, -0.01607975067615019168, 38.76491364505291415 ) ) ;
#4750 = LINE ( 'NONE', #6999, #2697 ) ;
#4751 = VECTOR ( 'NONE', #4181, 1000.000000000000000 ) ;
#4752 = CARTESIAN_POINT ( 'NONE',  ( 17.10600289698733079, 113.5059670551350592, 22.26491364505289994 ) ) ;
#4753 = ORIENTED_EDGE ( 'NONE', *, *, #188, .T. ) ;
#4754 = FACE_OUTER_BOUND ( 'NONE', #6437, .T. ) ;
#4755 = ORIENTED_EDGE ( 'NONE', *, *, #6383, .F. ) ;
#4756 = FACE_OUTER_BOUND ( 'NONE', #4679, .T. ) ;
#4757 = ADVANCED_FACE ( 'NONE', ( #1925 ), #4030, .F. ) ;
#4758 = DIRECTION ( 'NONE',  ( -9.156478491488279810E-14, -1.000000000000000000, 0.000000000000000000 ) ) ;
#4759 = VERTEX_POINT ( 'NONE', #6280 ) ;
#4760 =( BOUNDED_CURVE ( )  B_SPLINE_CURVE ( 3, ( #6205, #4087, #3505, #193 ),
 .UNSPECIFIED., .F., .F. ) 
 B_SPLINE_CURVE_WITH_KNOTS ( ( 4, 4 ),
 ( 3.141592653589651896, 4.712388980384522696 ),
 .UNSPECIFIED. ) 
 CURVE ( )  GEOMETRIC_REPRESENTATION_ITEM ( )  RATIONAL_B_SPLINE_CURVE ( ( 1.000000000000000000, 0.8047378541243711547, 0.8047378541243711547, 1.000000000000000000 ) ) 
 REPRESENTATION_ITEM ( '' )  );
#4761 = ORIENTED_EDGE ( 'NONE', *, *, #4321, .F. ) ;
#4762 = DIRECTION ( 'NONE',  ( 6.308085367188390241E-16, 1.000000000000000000, 0.000000000000000000 ) ) ;
#4763 = CARTESIAN_POINT ( 'NONE',  ( -1.596472080479546874E-15, 33.50596112700797846, 21.76491364505290704 ) ) ;
#4764 = CARTESIAN_POINT ( 'NONE',  ( 12.24734478314524821, 74.27725659994105456, -7.042223250303951687 ) ) ;
#4765 = ORIENTED_EDGE ( 'NONE', *, *, #6671, .T. ) ;
#4766 = CARTESIAN_POINT ( 'NONE',  ( -0.000000000000000000, 66.40596409107159559, 42.76491364505290704 ) ) ;
#4767 = CYLINDRICAL_SURFACE ( 'NONE', #6375, 2.000000000000000000 ) ;
#4768 = EDGE_CURVE ( 'NONE', #3734, #2198, #1305, .T. ) ;
#4769 = VERTEX_POINT ( 'NONE', #3723 ) ;
#4770 = ORIENTED_EDGE ( 'NONE', *, *, #6282, .F. ) ;
#4771 = EDGE_CURVE ( 'NONE', #2284, #2275, #5332, .T. ) ;
#4772 = LINE ( 'NONE', #431, #535 ) ;
#4773 = EDGE_LOOP ( 'NONE', ( #2556, #6272, #6372, #6343 ) ) ;
#4774 = CARTESIAN_POINT ( 'NONE',  ( 37.83737647145557759, 62.86998427921277965, 38.86508023047263549 ) ) ;
#4775 = DIRECTION ( 'NONE',  ( -1.000000000000000000, 6.308085367188390241E-16, 0.000000000000000000 ) ) ;
#4776 = ORIENTED_EDGE ( 'NONE', *, *, #3660, .F. ) ;
#4777 = CARTESIAN_POINT ( 'NONE',  ( 30.94894849797546854, 109.5059670551350592, 34.38948260544477620 ) ) ;
#4778 = EDGE_CURVE ( 'NONE', #2368, #3417, #341, .T. ) ;
#4779 = ORIENTED_EDGE ( 'NONE', *, *, #6508, .F. ) ;
#4780 = CARTESIAN_POINT ( 'NONE',  ( 6.025707862175697649, 112.7319272215707144, 40.26491364505289994 ) ) ;
#4781 = CARTESIAN_POINT ( 'NONE',  ( 7.180708715751617177, 30.86601289241543000, 39.59947817835952577 ) ) ;
#4782 = LINE ( 'NONE', #4236, #3751 ) ;
#4783 = ORIENTED_EDGE ( 'NONE', *, *, #302, .T. ) ;
#4784 = FACE_OUTER_BOUND ( 'NONE', #3048, .T. ) ;
#4785 = EDGE_CURVE ( 'NONE', #6764, #818, #2296, .T. ) ;
#4786 = EDGE_CURVE ( 'NONE', #411, #689, #7046, .T. ) ;
#4787 = MECHANICAL_DESIGN_GEOMETRIC_PRESENTATION_REPRESENTATION (  '', ( #6182 ), #3848 ) ;
#4788 = CARTESIAN_POINT ( 'NONE',  ( 38.58468489822245573, 73.77725659993859608, 39.76491364505296389 ) ) ;
#4789 = DIRECTION ( 'NONE',  ( 0.000000000000000000, 0.000000000000000000, 1.000000000000000000 ) ) ;
#4790 = ORIENTED_EDGE ( 'NONE', *, *, #6975, .T. ) ;
#4791 = LINE ( 'NONE', #6967, #4266 ) ;
#4792 = ORIENTED_EDGE ( 'NONE', *, *, #673, .T. ) ;
#4793 = DIRECTION ( 'NONE',  ( -0.000000000000000000, 0.000000000000000000, 1.000000000000000000 ) ) ;
#4794 = CARTESIAN_POINT ( 'NONE',  ( 11.62119991700586219, 1.092148475516835360, 31.28596052318587795 ) ) ;
#4795 = VERTEX_POINT ( 'NONE', #3084 ) ;
#4796 = VECTOR ( 'NONE', #5741, 1000.000000000000000 ) ;
#4797 = LINE ( 'NONE', #3164, #5939 ) ;
#4798 = CARTESIAN_POINT ( 'NONE',  ( 25.19894853087958708, 113.0059670551349029, 41.26491364505290704 ) ) ;
#4799 = FACE_OUTER_BOUND ( 'NONE', #1562, .T. ) ;
#4800 = DIRECTION ( 'NONE',  ( 0.8669063030575356876, 0.000000000000000000, -0.4984711242580819879 ) ) ;
#4801 = EDGE_LOOP ( 'NONE', ( #1184, #4960, #1457, #3861 ) ) ;
#4802 = CARTESIAN_POINT ( 'NONE',  ( 38.58468489822249126, 46.09343254915983579, 39.76491364505297099 ) ) ;
#4803 = CARTESIAN_POINT ( 'NONE',  ( 35.29894853087961337, 126.5059670551352013, 40.26491364505290704 ) ) ;
#4804 = ORIENTED_EDGE ( 'NONE', *, *, #4692, .T. ) ;
#4805 = EDGE_CURVE ( 'NONE', #3624, #32, #3194, .T. ) ;
#4806 = ORIENTED_EDGE ( 'NONE', *, *, #2519, .T. ) ;
#4807 = VECTOR ( 'NONE', #2532, 1000.000000000000114 ) ;
#4808 = FACE_OUTER_BOUND ( 'NONE', #5813, .T. ) ;
#4809 = CARTESIAN_POINT ( 'NONE',  ( 34.79894853087962758, 75.10596705513525251, 41.76491364505290704 ) ) ;
#4810 = DIRECTION ( 'NONE',  ( 0.000000000000000000, 0.000000000000000000, -1.000000000000000000 ) ) ;
#4811 = VECTOR ( 'NONE', #1008, 1000.000000000000000 ) ;
#4812 = AXIS2_PLACEMENT_3D ( 'NONE', #6729, #1752, #3954 ) ;
#4813 = EDGE_LOOP ( 'NONE', ( #6775, #4019, #6738 ) ) ;
#4814 = DIRECTION ( 'NONE',  ( -1.000000000000000000, 0.000000000000000000, 0.000000000000000000 ) ) ;
#4815 = ADVANCED_FACE ( 'NONE', ( #6420 ), #5406, .F. ) ;
#4816 = VERTEX_POINT ( 'NONE', #5442 ) ;
#4817 = CIRCLE ( 'NONE', #3197, 0.5000000000000004441 ) ;
#4818 = VECTOR ( 'NONE', #3741, 1000.000000000000000 ) ;
#4819 = EDGE_CURVE ( 'NONE', #3028, #4648, #3761, .T. ) ;
#4820 = CARTESIAN_POINT ( 'NONE',  ( 5.661610988585399795, 113.3070292320360437, 40.26491364505431392 ) ) ;
#4821 = CARTESIAN_POINT ( 'NONE',  ( 0.000000000000000000, 116.5059670551347750, 40.26491364505290704 ) ) ;
#4822 = LINE ( 'NONE', #4343, #6328 ) ;
#4823 = CARTESIAN_POINT ( 'NONE',  ( 37.72218489822242304, -12.80532761448480272, 38.26491364505291415 ) ) ;
#4824 = VECTOR ( 'NONE', #2834, 1000.000000000000000 ) ;
#4825 = DIRECTION ( 'NONE',  ( 6.308085367188391227E-16, 1.000000000000000000, 2.189528850507526673E-47 ) ) ;
#4826 = CARTESIAN_POINT ( 'NONE',  ( 33.56111319306151586, 47.09579988552804508, 38.76491364505291415 ) ) ;
#4827 = ORIENTED_EDGE ( 'NONE', *, *, #5123, .T. ) ;
#4828 = ADVANCED_FACE ( 'NONE', ( #2679 ), #5290, .F. ) ;
#4829 = DIRECTION ( 'NONE',  ( 0.8669063030575385742, 0.000000000000000000, -0.4984711242580767143 ) ) ;
#4830 = ADVANCED_FACE ( 'NONE', ( #4754 ), #451, .F. ) ;
#4831 = VECTOR ( 'NONE', #3005, 1000.000000000000000 ) ;
#4832 = ORIENTED_EDGE ( 'NONE', *, *, #6070, .T. ) ;
#4833 = DIRECTION ( 'NONE',  ( 0.000000000000000000, 0.000000000000000000, 1.000000000000000000 ) ) ;
#4834 = CARTESIAN_POINT ( 'NONE',  ( 30.94894849797543657, 22.50596112700796425, 41.26491364505290704 ) ) ;
#4835 = VECTOR ( 'NONE', #5670, 1000.000000000000000 ) ;
#4836 = ORIENTED_EDGE ( 'NONE', *, *, #6697, .F. ) ;
#4837 = ORIENTED_EDGE ( 'NONE', *, *, #6687, .F. ) ;
#4838 = CARTESIAN_POINT ( 'NONE',  ( 33.56188029928292593, 48.69580055280668063, 40.26491364505290704 ) ) ;
#4839 = CARTESIAN_POINT ( 'NONE',  ( 38.58468489822250547, 62.17725764581896186, 39.76491364505297099 ) ) ;
#4840 = CARTESIAN_POINT ( 'NONE',  ( 37.19894853087983932, 74.60596705513525251, 40.26491364505290704 ) ) ;
#4841 = ORIENTED_EDGE ( 'NONE', *, *, #2460, .F. ) ;
#4842 = DIRECTION ( 'NONE',  ( -0.000000000000000000, -0.000000000000000000, 1.000000000000000000 ) ) ;
#4843 = VECTOR ( 'NONE', #5294, 1000.000000000000114 ) ;
#4844 = CARTESIAN_POINT ( 'NONE',  ( 37.19894853087983222, 0.000000000000000000, 42.76491364505290704 ) ) ;
#4845 = VERTEX_POINT ( 'NONE', #1490 ) ;
#4846 = ORIENTED_EDGE ( 'NONE', *, *, #1940, .T. ) ;
#4847 = CIRCLE ( 'NONE', #2761, 2.000000000000001776 ) ;
#4848 = PLANE ( 'NONE',  #1333 ) ;
#4849 = CARTESIAN_POINT ( 'NONE',  ( 28.52570670507861905, 31.50596112700796425, 21.26797139653673696 ) ) ;
#4850 = LINE ( 'NONE', #5348, #2021 ) ;
#4851 = VECTOR ( 'NONE', #4842, 1000.000000000000000 ) ;
#4852 = CARTESIAN_POINT ( 'NONE',  ( 33.56212001984959414, 49.19580049534072685, 38.76491364505291415 ) ) ;
#4853 = ORIENTED_EDGE ( 'NONE', *, *, #438, .F. ) ;
#4854 = CIRCLE ( 'NONE', #6594, 1.999999999999998224 ) ;
#4855 = CARTESIAN_POINT ( 'NONE',  ( 5.770741202445542228, 113.1405806103828837, 39.61830781570802884 ) ) ;
#4856 = CYLINDRICAL_SURFACE ( 'NONE', #6599, 1.899999999999978151 ) ;
#4857 = CARTESIAN_POINT ( 'NONE',  ( 12.09894846507153865, 30.00596112700797136, 40.26491364505290704 ) ) ;
#4858 = AXIS2_PLACEMENT_3D ( 'NONE', #4235, #7034, #1482 ) ;
#4859 = EDGE_CURVE ( 'NONE', #2951, #2929, #2518, .T. ) ;
#4860 = CARTESIAN_POINT ( 'NONE',  ( 38.58468489822248415, 31.50596112700795715, 40.26491364505297099 ) ) ;
#4861 = PLANE ( 'NONE',  #2503 ) ;
#4862 = VERTEX_POINT ( 'NONE', #2577 ) ;
#4863 = CARTESIAN_POINT ( 'NONE',  ( 0.000000000000000000, 116.5059670551347750, 41.26491364505290704 ) ) ;
#4864 = DIRECTION ( 'NONE',  ( -1.000000000000000000, 0.000000000000000000, 0.000000000000000000 ) ) ;
#4865 = EDGE_CURVE ( 'NONE', #1334, #3128, #4791, .T. ) ;
#4866 = CARTESIAN_POINT ( 'NONE',  ( 33.03852587496549376, -0.01584003010948646997, 41.26491364505290704 ) ) ;
#4867 = EDGE_CURVE ( 'NONE', #2832, #5704, #3691, .T. ) ;
#4868 = AXIS2_PLACEMENT_3D ( 'NONE', #816, #5265, #4145 ) ;
#4869 = ORIENTED_EDGE ( 'NONE', *, *, #4232, .F. ) ;
#4870 =( NAMED_UNIT ( * ) PLANE_ANGLE_UNIT ( ) SI_UNIT ( $, .RADIAN. ) );
#4871 = LINE ( 'NONE', #3767, #6903 ) ;
#4872 = CYLINDRICAL_SURFACE ( 'NONE', #5833, 2.000000000000000444 ) ;
#4873 = LINE ( 'NONE', #4901, #5870 ) ;
#4874 = VERTEX_POINT ( 'NONE', #480 ) ;
#4875 = CARTESIAN_POINT ( 'NONE',  ( 38.29718489822247562, 74.27725659993862450, 39.26491364505290704 ) ) ;
#4876 = CARTESIAN_POINT ( 'NONE',  ( 33.91289214232718763, 16.50596112700797136, 42.76491364505290704 ) ) ;
#4877 = ORIENTED_EDGE ( 'NONE', *, *, #1051, .T. ) ;
#4878 = VERTEX_POINT ( 'NONE', #5981 ) ;
#4879 = CARTESIAN_POINT ( 'NONE',  ( 9.098948465071334368, 75.10596705513523830, 42.76491364505290704 ) ) ;
#4880 = CARTESIAN_POINT ( 'NONE',  ( 38.22218489822242304, -12.80532761448480272, 38.26491364505291415 ) ) ;
#4881 = DIRECTION ( 'NONE',  ( 0.000000000000000000, 0.000000000000000000, 1.000000000000000000 ) ) ;
#4882 = LINE ( 'NONE', #2668, #539 ) ;
#4883 = DIRECTION ( 'NONE',  ( -1.000000000000000000, 6.308085367188390241E-16, 0.000000000000000000 ) ) ;
#4884 = EDGE_LOOP ( 'NONE', ( #3573, #7054, #3429, #5987, #449, #3092 ) ) ;
#4885 = DIRECTION ( 'NONE',  ( 0.000000000000000000, 0.000000000000000000, 1.000000000000000000 ) ) ;
#4886 = CARTESIAN_POINT ( 'NONE',  ( 37.19894853087993170, 1.000463399971634232E-13, 40.26491364505290704 ) ) ;
#4887 = LINE ( 'NONE', #3116, #1007 ) ;
#4888 = CARTESIAN_POINT ( 'NONE',  ( 9.939144468283068079, 29.50596112700797136, 34.72901526019064278 ) ) ;
#4889 = CARTESIAN_POINT ( 'NONE',  ( 33.56188029928292593, 48.69580055280668063, 38.76491364505291415 ) ) ;
#4890 = DIRECTION ( 'NONE',  ( -0.000000000000000000, -0.000000000000000000, 1.000000000000000000 ) ) ;
#4891 = EDGE_LOOP ( 'NONE', ( #2592, #5592, #2405, #581, #2805, #4036 ) ) ;
#4892 = CARTESIAN_POINT ( 'NONE',  ( -0.000000000000000000, 122.6059670551352383, 42.76491364505290704 ) ) ;
#4893 = CARTESIAN_POINT ( 'NONE',  ( 10.94894849797545255, 109.5059670551350592, 34.38948260544476199 ) ) ;
#4894 = EDGE_CURVE ( 'NONE', #3050, #4074, #3158, .T. ) ;
#4895 = LINE ( 'NONE', #7006, #6345 ) ;
#4896 = EDGE_LOOP ( 'NONE', ( #2403, #3499, #2034, #2083 ) ) ;
#4897 = EDGE_CURVE ( 'NONE', #4769, #4953, #7042, .T. ) ;
#4898 = VERTEX_POINT ( 'NONE', #5362 ) ;
#4899 = CARTESIAN_POINT ( 'NONE',  ( 15.77128239938198284, 109.5059670551350592, 26.98899745139639350 ) ) ;
#4900 = VECTOR ( 'NONE', #982, 1000.000000000000000 ) ;
#4901 = CARTESIAN_POINT ( 'NONE',  ( 39.01531521484606913, 49.19318600895568494, 40.51425284016642081 ) ) ;
#4902 = ORIENTED_EDGE ( 'NONE', *, *, #6356, .T. ) ;
#4903 = DIRECTION ( 'NONE',  ( -0.4138029443011836395, 2.610304297845769223E-16, 0.9103664774626049061 ) ) ;
#4904 = CARTESIAN_POINT ( 'NONE',  ( 25.12762917984034061, -0.01204722039637441157, 42.76491364505290704 ) ) ;
#4905 = AXIS2_PLACEMENT_3D ( 'NONE', #3979, #5242, #5141 ) ;
#4906 = ORIENTED_EDGE ( 'NONE', *, *, #523, .T. ) ;
#4907 = ORIENTED_EDGE ( 'NONE', *, *, #1851, .T. ) ;
#4908 = LINE ( 'NONE', #3312, #2828 ) ;
#4909 = LINE ( 'NONE', #3278, #6333 ) ;
#4910 = EDGE_CURVE ( 'NONE', #2798, #1279, #6124, .T. ) ;
#4911 = DIRECTION ( 'NONE',  ( 0.000000000000000000, 0.000000000000000000, -1.000000000000000000 ) ) ;
#4912 = ADVANCED_FACE ( 'NONE', ( #6528 ), #1558, .T. ) ;
#4913 = CARTESIAN_POINT ( 'NONE',  ( 10.94894849797495340, -4.558415519207552897E-14, 42.76491364505290704 ) ) ;
#4914 = CARTESIAN_POINT ( 'NONE',  ( 38.15563804975123929, 47.09383909050607997, 38.01567808292386985 ) ) ;
#4915 = EDGE_LOOP ( 'NONE', ( #2733, #2625, #6066, #5513 ) ) ;
#4916 = DIRECTION ( 'NONE',  ( 1.000000000000000000, 0.000000000000000000, 0.000000000000000000 ) ) ;
#4917 = AXIS2_PLACEMENT_3D ( 'NONE', #2803, #5566, #602 ) ;
#4918 = VERTEX_POINT ( 'NONE', #2681 ) ;
#4919 = LINE ( 'NONE', #5434, #2655 ) ;
#4920 = CIRCLE ( 'NONE', #2716, 0.5000000000000004441 ) ;
#4921 = DIRECTION ( 'NONE',  ( 0.4984711242580827650, -2.128183344458104516E-16, 0.8669063030575352435 ) ) ;
#4922 = ORIENTED_EDGE ( 'NONE', *, *, #2564, .T. ) ;
#4923 = LINE ( 'NONE', #3331, #2881 ) ;
#4924 = AXIS2_PLACEMENT_3D ( 'NONE', #6266, #1289, #2384 ) ;
#4925 = VECTOR ( 'NONE', #2202, 1000.000000000000114 ) ;
#4926 = LINE ( 'NONE', #7142, #1201 ) ;
#4927 = DIRECTION ( 'NONE',  ( 0.000000000000000000, 0.000000000000000000, 1.000000000000000000 ) ) ;
#4928 = ORIENTED_EDGE ( 'NONE', *, *, #2875, .T. ) ;
#4929 = CARTESIAN_POINT ( 'NONE',  ( 13.95054944445672440, 33.50596112700797136, 26.16139156279402300 ) ) ;
#4930 = PLANE ( 'NONE',  #434 ) ;
#4931 = AXIS2_PLACEMENT_3D ( 'NONE', #114, #647, #6355 ) ;
#4932 = EDGE_CURVE ( 'NONE', #411, #1287, #3090, .T. ) ;
#4933 = EDGE_LOOP ( 'NONE', ( #2079, #4395, #1815, #757 ) ) ;
#4934 = DIRECTION ( 'NONE',  ( 0.4138029443011845276, -2.610304297845774646E-16, 0.9103664774626045730 ) ) ;
#4935 = VECTOR ( 'NONE', #4243, 1000.000000000000114 ) ;
#4936 = CARTESIAN_POINT ( 'NONE',  ( 0.02196448609609427324, 46.61160426706537407, 40.26491364505290704 ) ) ;
#4937 = CARTESIAN_POINT ( 'NONE',  ( 12.24734478314325337, 31.50596112700797136, -7.042223250307372950 ) ) ;
#4938 = DIRECTION ( 'NONE',  ( 6.308085367188390241E-16, 1.000000000000000000, 0.000000000000000000 ) ) ;
#4939 = ORIENTED_EDGE ( 'NONE', *, *, #1663, .T. ) ;
#4940 = DIRECTION ( 'NONE',  ( 0.000000000000000000, 0.000000000000000000, -1.000000000000000000 ) ) ;
#4941 = FACE_OUTER_BOUND ( 'NONE', #4200, .T. ) ;
#4942 = EDGE_CURVE ( 'NONE', #6471, #39, #1528, .T. ) ;
#4943 = VECTOR ( 'NONE', #2371, 1000.000000000000227 ) ;
#4944 = ORIENTED_EDGE ( 'NONE', *, *, #6997, .F. ) ;
#4945 = EDGE_CURVE ( 'NONE', #6743, #5453, #2032, .T. ) ;
#4946 = ORIENTED_EDGE ( 'NONE', *, *, #1401, .T. ) ;
#4947 = CARTESIAN_POINT ( 'NONE',  ( 38.57807368115327051, 48.69588982144827582, 38.75034874623126768 ) ) ;
#4948 = CARTESIAN_POINT ( 'NONE',  ( 6.698948465071296710, 31.38594167345771524, 40.26491364505290704 ) ) ;
#4949 = AXIS2_PLACEMENT_3D ( 'NONE', #1830, #5301, #1314 ) ;
#4950 = CARTESIAN_POINT ( 'NONE',  ( 6.698948465071303815, 38.50596112700797136, 41.76491364505290704 ) ) ;
#4951 = LINE ( 'NONE', #6187, #4404 ) ;
#4952 = CARTESIAN_POINT ( 'NONE',  ( 37.19894853087983222, 49.19405684995727057, 40.26491364505290704 ) ) ;
#4953 = VERTEX_POINT ( 'NONE', #7109 ) ;
#4954 = LINE ( 'NONE', #1037, #6131 ) ;
#4955 = VECTOR ( 'NONE', #1028, 1000.000000000000000 ) ;
#4956 = EDGE_CURVE ( 'NONE', #1350, #159, #2984, .T. ) ;
#4957 = ORIENTED_EDGE ( 'NONE', *, *, #1301, .T. ) ;
#4958 = EDGE_CURVE ( 'NONE', #1497, #1908, #5410, .T. ) ;
#4959 = DIRECTION ( 'NONE',  ( -1.000000000000000000, -0.000000000000000000, -0.000000000000000000 ) ) ;
#4960 = ORIENTED_EDGE ( 'NONE', *, *, #4254, .T. ) ;
#4961 = AXIS2_PLACEMENT_3D ( 'NONE', #185, #2386, #5754 ) ;
#4962 = CARTESIAN_POINT ( 'NONE',  ( 38.58468489822251257, 74.27725659993859608, 39.76491364505297099 ) ) ;
#4963 = LINE ( 'NONE', #7, #654 ) ;
#4964 = VERTEX_POINT ( 'NONE', #1996 ) ;
#4965 = CARTESIAN_POINT ( 'NONE',  ( 37.19894853087963327, 113.4409911384019551, 40.00532017031472520 ) ) ;
#4966 = CIRCLE ( 'NONE', #3454, 0.4999999999999996669 ) ;
#4967 = LINE ( 'NONE', #5472, #6991 ) ;
#4968 = CARTESIAN_POINT ( 'NONE',  ( 4.879758946199651781, 112.5340379912038884, 39.51567808292385564 ) ) ;
#4969 = EDGE_LOOP ( 'NONE', ( #3960, #5259, #3366, #1242 ) ) ;
#4970 = DIRECTION ( 'NONE',  ( 0.4984711242580827095, -3.144398404898357508E-16, 0.8669063030575352435 ) ) ;
#4971 = CARTESIAN_POINT ( 'NONE',  ( 36.69894853087959063, 0.000000000000000000, 40.26491364505290704 ) ) ;
#4972 = AXIS2_PLACEMENT_3D ( 'NONE', #7017, #7117, #5306 ) ;
#4973 = CARTESIAN_POINT ( 'NONE',  ( 35.29894853087961337, 124.6059670551352241, 40.26491364505290704 ) ) ;
#4974 = ORIENTED_EDGE ( 'NONE', *, *, #7037, .T. ) ;
#4975 = CARTESIAN_POINT ( 'NONE',  ( 11.09894846507153687, 25.11591931483222240, 40.26491364505290704 ) ) ;
#4976 = CARTESIAN_POINT ( 'NONE',  ( 38.58468489822253389, 111.5059670551350592, 40.26491364505297099 ) ) ;
#4977 = CARTESIAN_POINT ( 'NONE',  ( 34.29894853087961337, 122.6059670551352525, 41.76491364505290704 ) ) ;
#4978 = CARTESIAN_POINT ( 'NONE',  ( 33.19894853087960485, 119.0059670551349313, 40.26491364505290704 ) ) ;
#4979 = VERTEX_POINT ( 'NONE', #454 ) ;
#4980 = CARTESIAN_POINT ( 'NONE',  ( 38.15563804975123219, 48.69380593142552982, 38.01567808292386985 ) ) ;
#4981 = DIRECTION ( 'NONE',  ( -1.000000000000000000, 1.952415606740757108E-16, 0.000000000000000000 ) ) ;
#4982 = VECTOR ( 'NONE', #3635, 1000.000000000000000 ) ;
#4983 = ORIENTED_EDGE ( 'NONE', *, *, #6318, .F. ) ;
#4984 = ORIENTED_EDGE ( 'NONE', *, *, #63, .T. ) ;
#4985 = DIRECTION ( 'NONE',  ( -1.000000000000000000, 6.308085367188390241E-16, 0.000000000000000000 ) ) ;
#4986 = CARTESIAN_POINT ( 'NONE',  ( 25.19894853087959063, 119.0059670551349171, 40.26491364505290704 ) ) ;
#4987 = VECTOR ( 'NONE', #2111, 1000.000000000000000 ) ;
#4988 = DIRECTION ( 'NONE',  ( -1.000000000000000000, 0.000000000000000000, 0.000000000000000000 ) ) ;
#4989 = DIRECTION ( 'NONE',  ( -6.308085367188390241E-16, -1.000000000000000000, -1.221322793807759193E-32 ) ) ;
#4990 = CARTESIAN_POINT ( 'NONE',  ( 37.72218489822246568, 47.09383909050607997, 38.76491364505291415 ) ) ;
#4991 = EDGE_CURVE ( 'NONE', #4577, #4591, #5445, .T. ) ;
#4992 = EDGE_LOOP ( 'NONE', ( #5917, #489, #285, #5114, #6850, #6708, #3065, #808, #3495, #4846, #6335, #4765 ) ) ;
#4993 = CARTESIAN_POINT ( 'NONE',  ( 38.32877500974809948, 112.9887820543553545, 39.59508386692325388 ) ) ;
#4994 = ORIENTED_EDGE ( 'NONE', *, *, #2564, .F. ) ;
#4995 = ORIENTED_EDGE ( 'NONE', *, *, #6746, .T. ) ;
#4996 =( BOUNDED_SURFACE ( )  B_SPLINE_SURFACE ( 3, 2, ( 
 ( #2160, #614, #4914 ),
 ( #3895, #7127, #6121 ),
 ( #3784, #1582, #2815 ),
 ( #4374, #3355, #5498 ),
 ( #6003, #1693, #1045 ),
 ( #3252, #1650, #6592 ),
 ( #5541, #1154, #3855 ),
 ( #2196, #38, #1617 ),
 ( #5579, #6665, #6628 ),
 ( #534, #3282, #2740 ) ),
 .UNSPECIFIED., .F., .F., .T. ) 
 B_SPLINE_SURFACE_WITH_KNOTS ( ( 4, 2, 2, 2, 4 ),
 ( 3, 3 ),
 ( 0.0008195189601854322315, 0.3935186006589050378, 0.7862176823576246809, 1.178916764056344268, 1.571615845755063967 ),
 ( 0.000000000000000000, 1.000000000000000000 ),
 .UNSPECIFIED. ) 
 GEOMETRIC_REPRESENTATION_ITEM ( )  RATIONAL_B_SPLINE_SURFACE ( (
 ( 1.000000000000000000, 0.5007638543974272105, 1.000000000000000000),
 ( 1.000000000000000000, 0.5007253215352467368, 1.000000000000000000),
 ( 1.000000000000000000, 0.5073951513122361145, 1.000000000000000000),
 ( 1.000000000000000000, 0.5314783342180813275, 1.000000000000000000),
 ( 1.000000000000000000, 0.5488456468653419851, 1.000000000000000000),
 ( 1.000000000000000000, 0.5894131511405210633, 1.000000000000000000),
 ( 1.000000000000000000, 0.6125521760170722363, 1.000000000000000000),
 ( 1.000000000000000000, 0.6599420441249008729, 1.000000000000000000),
 ( 1.000000000000000000, 0.6842049547482378369, 1.000000000000000000),
 ( 1.000000000000000000, 0.7072511953432439880, 1.000000000000000000) ) ) 
 REPRESENTATION_ITEM ( '' )  SURFACE ( )  );
#4997 = CYLINDRICAL_SURFACE ( 'NONE', #1561, 0.5000000000000004441 ) ;
#4998 = VERTEX_POINT ( 'NONE', #2652 ) ;
#4999 = CARTESIAN_POINT ( 'NONE',  ( 37.19871291912604505, 46.09408565180976325, 40.26491364505296389 ) ) ;
#5000 = DIRECTION ( 'NONE',  ( 0.000000000000000000, -0.000000000000000000, -1.000000000000000000 ) ) ;
#5001 = EDGE_CURVE ( 'NONE', #203, #6008, #3199, .T. ) ;
#5002 = VERTEX_POINT ( 'NONE', #415 ) ;
#5003 = DIRECTION ( 'NONE',  ( 0.000000000000000000, 0.000000000000000000, 1.000000000000000000 ) ) ;
#5004 = CARTESIAN_POINT ( 'NONE',  ( 11.59894846507153865, 29.87536140014005070, 36.60312653659430993 ) ) ;
#5005 = DIRECTION ( 'NONE',  ( 1.000000000000000000, -9.156478491488224274E-14, 0.000000000000000000 ) ) ;
#5006 = ORIENTED_EDGE ( 'NONE', *, *, #1807, .T. ) ;
#5007 =( GEOMETRIC_REPRESENTATION_CONTEXT ( 3 ) GLOBAL_UNCERTAINTY_ASSIGNED_CONTEXT ( ( #4656 ) ) GLOBAL_UNIT_ASSIGNED_CONTEXT ( ( #140, #1886, #3020 ) ) REPRESENTATION_CONTEXT ( 'NONE', 'WORKASPACE' ) );
#5008 = CYLINDRICAL_SURFACE ( 'NONE', #3415, 0.5000000000000006661 ) ;
#5009 = DIRECTION ( 'NONE',  ( 0.000000000000000000, 0.000000000000000000, -1.000000000000000000 ) ) ;
#5010 = EDGE_CURVE ( 'NONE', #2558, #4979, #5838, .T. ) ;
#5011 = ADVANCED_FACE ( 'NONE', ( #3162 ), #5366, .F. ) ;
#5012 = CARTESIAN_POINT ( 'NONE',  ( 12.24734478314329955, 111.5059670551350735, -7.042223250307384497 ) ) ;
#5013 = DIRECTION ( 'NONE',  ( 6.308085367188389255E-16, 1.000000000000000000, -0.000000000000000000 ) ) ;
#5014 = DIRECTION ( 'NONE',  ( -0.000000000000000000, 1.000000000000000000, -0.000000000000000000 ) ) ;
#5015 = DIRECTION ( 'NONE',  ( 0.000000000000000000, 0.000000000000000000, -1.000000000000000000 ) ) ;
#5016 = CARTESIAN_POINT ( 'NONE',  ( 33.56111319306151586, 47.09579988552805219, 39.26491364505291415 ) ) ;
#5017 = ORIENTED_EDGE ( 'NONE', *, *, #746, .T. ) ;
#5018 = FACE_OUTER_BOUND ( 'NONE', #470, .T. ) ;
#5019 = CARTESIAN_POINT ( 'NONE',  ( 35.29894853087964890, 16.50596112700797136, 40.26491364505290704 ) ) ;
#5020 = ORIENTED_EDGE ( 'NONE', *, *, #4428, .T. ) ;
#5021 = VERTEX_POINT ( 'NONE', #482 ) ;
#5022 = DIRECTION ( 'NONE',  ( -1.000000000000000000, 0.000000000000000000, -0.000000000000000000 ) ) ;
#5023 = CYLINDRICAL_SURFACE ( 'NONE', #1127, 0.4999999999999995559 ) ;
#5024 = CARTESIAN_POINT ( 'NONE',  ( 0.000000000000000000, 59.50596112700796425, 41.76491364505290704 ) ) ;
#5025 = DIRECTION ( 'NONE',  ( -1.000000000000000000, 0.000000000000000000, 0.000000000000000000 ) ) ;
#5026 = AXIS2_PLACEMENT_3D ( 'NONE', #5493, #4408, #2155 ) ;
#5027 = LINE ( 'NONE', #2272, #3650 ) ;
#5028 = VERTEX_POINT ( 'NONE', #4285 ) ;
#5029 = EDGE_CURVE ( 'NONE', #4327, #5731, #4895, .T. ) ;
#5030 = EDGE_LOOP ( 'NONE', ( #644, #1417, #304, #3412 ) ) ;
#5031 = ORIENTED_EDGE ( 'NONE', *, *, #6996, .F. ) ;
#5032 = AXIS2_PLACEMENT_3D ( 'NONE', #4687, #5194, #845 ) ;
#5033 = CARTESIAN_POINT ( 'NONE',  ( 32.94894849797543657, 59.50596112700796425, 41.76491364505290704 ) ) ;
#5034 = EDGE_LOOP ( 'NONE', ( #2208, #765, #4426, #6955 ) ) ;
#5035 = DIRECTION ( 'NONE',  ( -0.000000000000000000, -0.000000000000000000, -1.000000000000000000 ) ) ;
#5036 = SPHERICAL_SURFACE ( 'NONE', #5509, 2.000000000000000000 ) ;
#5037 = ORIENTED_EDGE ( 'NONE', *, *, #4241, .F. ) ;
#5038 = ADVANCED_FACE ( 'NONE', ( #4355 ), #344, .F. ) ;
#5039 = CARTESIAN_POINT ( 'NONE',  ( 37.19894853087943432, 29.53148130165038410, 39.72522539197138514 ) ) ;
#5040 = EDGE_CURVE ( 'NONE', #5886, #117, #57, .T. ) ;
#5041 = DIRECTION ( 'NONE',  ( 0.000000000000000000, -1.000000000000000000, 0.000000000000000000 ) ) ;
#5042 = VECTOR ( 'NONE', #1267, 1000.000000000000000 ) ;
#5043 = CARTESIAN_POINT ( 'NONE',  ( 35.29894853087964890, 18.40596112700797349, 40.26491364505290704 ) ) ;
#5044 = ORIENTED_EDGE ( 'NONE', *, *, #5123, .F. ) ;
#5045 = CARTESIAN_POINT ( 'NONE',  ( 32.94894849797545078, 73.27725659993912188, 39.26491364505291415 ) ) ;
#5046 = DIRECTION ( 'NONE',  ( 0.000000000000000000, 1.000000000000000000, 0.000000000000000000 ) ) ;
#5047 = CIRCLE ( 'NONE', #6213, 0.5000000000000004441 ) ;
#5048 = VECTOR ( 'NONE', #6814, 1000.000000000000000 ) ;
#5049 = ADVANCED_FACE ( 'NONE', ( #877 ), #3765, .F. ) ;
#5050 = CARTESIAN_POINT ( 'NONE',  ( 28.31161477284893735, 33.50596112700795715, 27.39599783921246967 ) ) ;
#5051 = EDGE_CURVE ( 'NONE', #3537, #4297, #6970, .T. ) ;
#5052 = FACE_OUTER_BOUND ( 'NONE', #3837, .T. ) ;
#5053 = CARTESIAN_POINT ( 'NONE',  ( 35.29894853087964890, 16.50596112700797136, 42.76491364505290704 ) ) ;
#5054 = LINE ( 'NONE', #103, #5411 ) ;
#5055 = ORIENTED_EDGE ( 'NONE', *, *, #3966, .F. ) ;
#5056 = CARTESIAN_POINT ( 'NONE',  ( 37.19894853087959774, 122.6059670551352525, 41.76491364505290704 ) ) ;
#5057 = CARTESIAN_POINT ( 'NONE',  ( 15.44894849797545788, 117.0059670551347750, 41.26491364505290704 ) ) ;
#5058 = AXIS2_PLACEMENT_3D ( 'NONE', #1024, #6965, #5360 ) ;
#5059 = ORIENTED_EDGE ( 'NONE', *, *, #3785, .F. ) ;
#5060 = ORIENTED_EDGE ( 'NONE', *, *, #2915, .F. ) ;
#5061 = PLANE ( 'NONE',  #5949 ) ;
#5062 = CARTESIAN_POINT ( 'NONE',  ( 38.15563804975118956, 62.59147120819221044, 38.01567808292378459 ) ) ;
#5063 = LINE ( 'NONE', #5100, #2497 ) ;
#5064 = AXIS2_PLACEMENT_3D ( 'NONE', #6342, #4638, #6824 ) ;
#5065 = CARTESIAN_POINT ( 'NONE',  ( 12.09894846507153865, 29.50596112700797136, 37.13093904883731255 ) ) ;
#5066 = ORIENTED_EDGE ( 'NONE', *, *, #3229, .T. ) ;
#5067 = ORIENTED_EDGE ( 'NONE', *, *, #1091, .F. ) ;
#5068 = AXIS2_PLACEMENT_3D ( 'NONE', #6931, #6353, #4649 ) ;
#5069 = EDGE_CURVE ( 'NONE', #577, #5650, #1023, .T. ) ;
#5070 = ADVANCED_FACE ( 'NONE', ( #5084 ), #5520, .F. ) ;
#5071 = DIRECTION ( 'NONE',  ( 9.156478491488235634E-14, 1.000000000000000000, 0.000000000000000000 ) ) ;
#5072 = CARTESIAN_POINT ( 'NONE',  ( 23.11959897052454949, 1.092148475516835360, 21.76491364505290704 ) ) ;
#5073 = CYLINDRICAL_SURFACE ( 'NONE', #996, 2.000000000000000444 ) ;
#5074 = VECTOR ( 'NONE', #381, 1000.000000000000000 ) ;
#5075 = ORIENTED_EDGE ( 'NONE', *, *, #671, .T. ) ;
#5076 = CARTESIAN_POINT ( 'NONE',  ( 25.12762917984034061, -0.01204722039637441157, 40.26491364505290704 ) ) ;
#5077 = CARTESIAN_POINT ( 'NONE',  ( 38.29718489822246141, 49.69353036767409293, 39.26491364505291415 ) ) ;
#5078 = VECTOR ( 'NONE', #7100, 1000.000000000000000 ) ;
#5079 = VERTEX_POINT ( 'NONE', #5479 ) ;
#5080 = EDGE_CURVE ( 'NONE', #907, #5241, #6758, .T. ) ;
#5081 = CARTESIAN_POINT ( 'NONE',  ( 34.79894853087961337, 122.1059670551352525, 41.76491364505290704 ) ) ;
#5082 = DIRECTION ( 'NONE',  ( 1.000000000000000000, 0.000000000000000000, 0.000000000000000000 ) ) ;
#5083 = EDGE_CURVE ( 'NONE', #5650, #3181, #515, .T. ) ;
#5084 = FACE_OUTER_BOUND ( 'NONE', #6090, .T. ) ;
#5085 = AXIS2_PLACEMENT_3D ( 'NONE', #2700, #5543, #4916 ) ;
#5086 = CARTESIAN_POINT ( 'NONE',  ( 37.19894853087961906, 0.000000000000000000, 40.26491364505290704 ) ) ;
#5087 = CARTESIAN_POINT ( 'NONE',  ( 0.000000000000000000, 0.000000000000000000, 41.26491364505290704 ) ) ;
#5088 = CYLINDRICAL_SURFACE ( 'NONE', #6541, 2.000000000000000000 ) ;
#5089 = ADVANCED_FACE ( 'NONE', ( #2714 ), #6688, .F. ) ;
#5090 = CARTESIAN_POINT ( 'NONE',  ( 12.09894846507153865, 29.50596112700797136, 34.72901526019064278 ) ) ;
#5091 = VECTOR ( 'NONE', #1877, 1000.000000000000000 ) ;
#5092 = VERTEX_POINT ( 'NONE', #2835 ) ;
#5093 = DIRECTION ( 'NONE',  ( -1.000000000000000000, 0.000000000000000000, 0.000000000000000000 ) ) ;
#5094 = EDGE_CURVE ( 'NONE', #2516, #4562, #1670, .T. ) ;
#5095 = AXIS2_PLACEMENT_3D ( 'NONE', #4188, #2419, #2449 ) ;
#5096 = ORIENTED_EDGE ( 'NONE', *, *, #5420, .F. ) ;
#5097 = ORIENTED_EDGE ( 'NONE', *, *, #4545, .T. ) ;
#5098 = FACE_OUTER_BOUND ( 'NONE', #2191, .T. ) ;
#5099 = CARTESIAN_POINT ( 'NONE',  ( 7.198948465071296710, 31.36591882637202033, 40.26491364505290704 ) ) ;
#5100 = CARTESIAN_POINT ( 'NONE',  ( 11.59894846507153865, 32.03032570077274954, 41.26491364505290704 ) ) ;
#5101 = CARTESIAN_POINT ( 'NONE',  ( 12.09894846506672650, 29.50596112700797136, 36.83898021316180404 ) ) ;
#5102 = EDGE_CURVE ( 'NONE', #6980, #4135, #3444, .T. ) ;
#5103 = ORIENTED_EDGE ( 'NONE', *, *, #4865, .T. ) ;
#5104 = ORIENTED_EDGE ( 'NONE', *, *, #3291, .F. ) ;
#5105 = AXIS2_PLACEMENT_3D ( 'NONE', #2882, #6068, #67 ) ;
#5106 = ORIENTED_EDGE ( 'NONE', *, *, #4339, .F. ) ;
#5107 = FACE_OUTER_BOUND ( 'NONE', #1356, .T. ) ;
#5108 = LINE ( 'NONE', #154, #3756 ) ;
#5109 = EDGE_LOOP ( 'NONE', ( #525, #3512, #2956 ) ) ;
#5110 = FACE_OUTER_BOUND ( 'NONE', #5534, .T. ) ;
#5111 = EDGE_LOOP ( 'NONE', ( #3518, #2591, #2028, #4877 ) ) ;
#5112 = DIRECTION ( 'NONE',  ( 0.000000000000000000, 0.000000000000000000, -1.000000000000000000 ) ) ;
#5113 = CARTESIAN_POINT ( 'NONE',  ( 0.000000000000000000, 66.40596409107159559, 40.26491364505290704 ) ) ;
#5114 = ORIENTED_EDGE ( 'NONE', *, *, #4636, .F. ) ;
#5115 = DIRECTION ( 'NONE',  ( 0.0004794411333358689228, 0.9999998850680932305, 0.000000000000000000 ) ) ;
#5116 = DIRECTION ( 'NONE',  ( -1.000000000000000000, 0.000000000000000000, 0.000000000000000000 ) ) ;
#5117 = CARTESIAN_POINT ( 'NONE',  ( 6.234627116496946009, 30.86591882637194217, 37.15938561284151831 ) ) ;
#5118 = DIRECTION ( 'NONE',  ( -1.000000000000000000, 3.522281157729884820E-16, 0.000000000000000000 ) ) ;
#5119 = DIRECTION ( 'NONE',  ( 6.653582314773292253E-18, 1.387778621281389301E-14, -1.000000000000000000 ) ) ;
#5120 = EDGE_CURVE ( 'NONE', #1195, #5774, #18, .T. ) ;
#5121 = CARTESIAN_POINT ( 'NONE',  ( 25.19894853087959774, 111.5059670551350592, 41.26491364505290704 ) ) ;
#5122 = ORIENTED_EDGE ( 'NONE', *, *, #367, .T. ) ;
#5123 = EDGE_CURVE ( 'NONE', #203, #1253, #4394, .T. ) ;
#5124 = ORIENTED_EDGE ( 'NONE', *, *, #5161, .F. ) ;
#5125 = ORIENTED_EDGE ( 'NONE', *, *, #148, .F. ) ;
#5126 = CARTESIAN_POINT ( 'NONE',  ( 11.59894846507153865, 25.50596112700796070, 41.76491364505290704 ) ) ;
#5127 = CARTESIAN_POINT ( 'NONE',  ( 6.755398632183777749E-12, 73.77725659994213459, 42.76491364505290704 ) ) ;
#5128 = FACE_OUTER_BOUND ( 'NONE', #5703, .T. ) ;
#5129 = VECTOR ( 'NONE', #5359, 1000.000000000000000 ) ;
#5130 = ORIENTED_EDGE ( 'NONE', *, *, #623, .F. ) ;
#5131 = ORIENTED_EDGE ( 'NONE', *, *, #302, .F. ) ;
#5132 = EDGE_CURVE ( 'NONE', #4898, #5453, #2760, .T. ) ;
#5133 = VECTOR ( 'NONE', #5557, 1000.000000000000000 ) ;
#5134 = FACE_OUTER_BOUND ( 'NONE', #4891, .T. ) ;
#5135 = DIRECTION ( 'NONE',  ( 6.308085367188390241E-16, 1.000000000000000000, 0.000000000000000000 ) ) ;
#5136 = DIRECTION ( 'NONE',  ( -0.000000000000000000, -0.000000000000000000, 1.000000000000000000 ) ) ;
#5137 = VERTEX_POINT ( 'NONE', #6646 ) ;
#5138 = DIRECTION ( 'NONE',  ( 1.000000000000000000, 0.000000000000000000, 0.000000000000000000 ) ) ;
#5139 = VECTOR ( 'NONE', #4547, 1000.000000000000114 ) ;
#5140 = ORIENTED_EDGE ( 'NONE', *, *, #5908, .T. ) ;
#5141 = DIRECTION ( 'NONE',  ( 0.9999998850680932305, -0.0004794411333219911349, 0.000000000000000000 ) ) ;
#5142 = CARTESIAN_POINT ( 'NONE',  ( 6.698948465071330460, 113.4948093465061874, 39.90385758905924973 ) ) ;
#5143 = ORIENTED_EDGE ( 'NONE', *, *, #3930, .F. ) ;
#5144 = CARTESIAN_POINT ( 'NONE',  ( 37.19894853087983222, 62.67725764581908976, 39.76491364505296389 ) ) ;
#5145 = CIRCLE ( 'NONE', #4678, 0.5000000000000004441 ) ;
#5146 = LINE ( 'NONE', #5798, #5042 ) ;
#5147 = FACE_OUTER_BOUND ( 'NONE', #1678, .T. ) ;
#5148 = CARTESIAN_POINT ( 'NONE',  ( 6.673353190132388590, 30.36254036397250999, 36.39638374564858481 ) ) ;
#5149 = ORIENTED_EDGE ( 'NONE', *, *, #5102, .T. ) ;
#5150 = CARTESIAN_POINT ( 'NONE',  ( 6.698948465071302927, 60.00596112700797136, 41.76491364505290704 ) ) ;
#5151 = EDGE_LOOP ( 'NONE', ( #3309, #4703, #2345, #3847 ) ) ;
#5152 = EDGE_CURVE ( 'NONE', #4653, #6446, #1134, .T. ) ;
#5153 = AXIS2_PLACEMENT_3D ( 'NONE', #5238, #4119, #2964 ) ;
#5154 = VECTOR ( 'NONE', #3834, 1000.000000000000000 ) ;
#5155 = ORIENTED_EDGE ( 'NONE', *, *, #1240, .F. ) ;
#5156 = EDGE_LOOP ( 'NONE', ( #2467, #3596, #5880 ) ) ;
#5157 = AXIS2_PLACEMENT_3D ( 'NONE', #6467, #3699, #2076 ) ;
#5158 = VECTOR ( 'NONE', #1865, 1000.000000000000000 ) ;
#5159 = LINE ( 'NONE', #4763, #5495 ) ;
#5160 = CARTESIAN_POINT ( 'NONE',  ( 0.000000000000000000, 66.40596409107159559, 40.26491364505290704 ) ) ;
#5161 = EDGE_CURVE ( 'NONE', #4048, #4964, #3583, .T. ) ;
#5162 = FACE_OUTER_BOUND ( 'NONE', #4206, .T. ) ;
#5163 = AXIS2_PLACEMENT_3D ( 'NONE', #6831, #3015, #1881 ) ;
#5164 = AXIS2_PLACEMENT_3D ( 'NONE', #3279, #3782, #4988 ) ;
#5165 = EDGE_CURVE ( 'NONE', #4051, #3235, #6236, .T. ) ;
#5166 = ORIENTED_EDGE ( 'NONE', *, *, #6946, .T. ) ;
#5167 = ORIENTED_EDGE ( 'NONE', *, *, #3045, .T. ) ;
#5168 = CARTESIAN_POINT ( 'NONE',  ( 8.598948465071330816, 18.40596112700797349, 42.76491364505290704 ) ) ;
#5169 = VERTEX_POINT ( 'NONE', #1338 ) ;
#5170 = DIRECTION ( 'NONE',  ( -1.000000000000000000, 0.000000000000000000, 0.000000000000000000 ) ) ;
#5171 = DIRECTION ( 'NONE',  ( 0.000000000000000000, 0.000000000000000000, -1.000000000000000000 ) ) ;
#5172 = ORIENTED_EDGE ( 'NONE', *, *, #5080, .T. ) ;
#5173 = EDGE_CURVE ( 'NONE', #6073, #3452, #2358, .T. ) ;
#5174 = ADVANCED_FACE ( 'NONE', ( #4568 ), #2432, .T. ) ;
#5175 = VECTOR ( 'NONE', #3456, 1000.000000000000000 ) ;
#5176 = ORIENTED_EDGE ( 'NONE', *, *, #380, .T. ) ;
#5177 = CARTESIAN_POINT ( 'NONE',  ( 30.94894849797543657, 23.00596112700796425, 41.26491364505290704 ) ) ;
#5178 = DIRECTION ( 'NONE',  ( 0.000000000000000000, 0.000000000000000000, -1.000000000000000000 ) ) ;
#5179 = ORIENTED_EDGE ( 'NONE', *, *, #3358, .F. ) ;
#5180 = DIRECTION ( 'NONE',  ( 0.000000000000000000, -1.000000000000000000, 0.000000000000000000 ) ) ;
#5181 = AXIS2_PLACEMENT_3D ( 'NONE', #5160, #3559, #6870 ) ;
#5182 = CARTESIAN_POINT ( 'NONE',  ( 11.44894849797545611, 121.5059670551347750, 40.26491364505290704 ) ) ;
#5183 = DIRECTION ( 'NONE',  ( -1.000000000000000000, 1.261617073437677457E-15, 0.000000000000000000 ) ) ;
#5184 = ADVANCED_FACE ( 'NONE', ( #6887 ), #5725, .F. ) ;
#5185 = VECTOR ( 'NONE', #2099, 1000.000000000000000 ) ;
#5186 = DIRECTION ( 'NONE',  ( 0.000000000000000000, -1.000000000000000000, 0.000000000000000000 ) ) ;
#5187 = DIRECTION ( 'NONE',  ( 0.0004794411333254539683, 0.9999998850680932305, 0.000000000000000000 ) ) ;
#5188 = ORIENTED_EDGE ( 'NONE', *, *, #4894, .T. ) ;
#5189 = DIRECTION ( 'NONE',  ( -1.000000000000000000, 0.000000000000000000, -0.000000000000000000 ) ) ;
#5190 = VERTEX_POINT ( 'NONE', #2939 ) ;
#5191 = CIRCLE ( 'NONE', #5423, 0.5000000000000004441 ) ;
#5192 = VERTEX_POINT ( 'NONE', #5248 ) ;
#5193 = ORIENTED_EDGE ( 'NONE', *, *, #5977, .F. ) ;
#5194 = DIRECTION ( 'NONE',  ( -0.000000000000000000, 0.000000000000000000, -1.000000000000000000 ) ) ;
#5195 = DIRECTION ( 'NONE',  ( -1.000000000000000000, 2.198557299338474958E-14, 0.000000000000000000 ) ) ;
#5196 = DIRECTION ( 'NONE',  ( -1.000000000000000000, 9.251858538542971828E-16, 0.000000000000000000 ) ) ;
#5197 = ORIENTED_EDGE ( 'NONE', *, *, #1795, .T. ) ;
#5198 = ADVANCED_FACE ( 'NONE', ( #5147 ), #4131, .T. ) ;
#5199 = ORIENTED_EDGE ( 'NONE', *, *, #2969, .F. ) ;
#5200 = VECTOR ( 'NONE', #120, 1000.000000000000000 ) ;
#5201 = EDGE_CURVE ( 'NONE', #152, #4740, #4024, .T. ) ;
#5202 = CARTESIAN_POINT ( 'NONE',  ( 5.856929757118286339, 112.8275999505053875, 40.26491364505289994 ) ) ;
#5203 = ORIENTED_EDGE ( 'NONE', *, *, #2921, .F. ) ;
#5204 = CARTESIAN_POINT ( 'NONE',  ( 34.29894853087964890, 9.916531869639522015E-15, 41.26491364505290704 ) ) ;
#5205 = CARTESIAN_POINT ( 'NONE',  ( 39.44894849797546499, 31.50596112700795715, 40.26491364505297810 ) ) ;
#5206 = VERTEX_POINT ( 'NONE', #3012 ) ;
#5207 = CARTESIAN_POINT ( 'NONE',  ( 6.673430715284824011, 31.38653591285752498, 40.26491364505289994 ) ) ;
#5208 = CIRCLE ( 'NONE', #3014, 0.5000000000000004441 ) ;
#5209 = EDGE_CURVE ( 'NONE', #2787, #6204, #6349, .T. ) ;
#5210 = ORIENTED_EDGE ( 'NONE', *, *, #1919, .T. ) ;
#5211 = DIRECTION ( 'NONE',  ( 0.000000000000000000, 0.000000000000000000, -1.000000000000000000 ) ) ;
#5212 = LINE ( 'NONE', #1373, #3435 ) ;
#5213 = ORIENTED_EDGE ( 'NONE', *, *, #55, .T. ) ;
#5214 = EDGE_CURVE ( 'NONE', #3844, #5206, #4710, .T. ) ;
#5215 = DIRECTION ( 'NONE',  ( 1.000000000000000000, 0.000000000000000000, 0.000000000000000000 ) ) ;
#5216 = CARTESIAN_POINT ( 'NONE',  ( 32.94894849797544367, 59.00596112700796425, 41.76491364505290704 ) ) ;
#5217 = CARTESIAN_POINT ( 'NONE',  ( 2.476019561511679450E-12, 30.86591882637267048, 38.15632786135924448 ) ) ;
#5218 = CARTESIAN_POINT ( 'NONE',  ( 4.879758946199654446, 111.5059670551350592, 39.51567808292384854 ) ) ;
#5219 = CARTESIAN_POINT ( 'NONE',  ( 38.15563804977001183, 73.40817988025817442, 38.01567808295649797 ) ) ;
#5220 = FACE_BOUND ( 'NONE', #733, .T. ) ;
#5221 =( BOUNDED_SURFACE ( )  B_SPLINE_SURFACE ( 3, 2, ( 
 ( #3574, #6819, #790 ),
 ( #4531, #1810, #4013 ),
 ( #5207, #254, #222 ),
 ( #1226, #123, #6752 ),
 ( #752, #3975, #5655 ),
 ( #4633, #1842, #1907 ),
 ( #1774, #4595, #2866 ),
 ( #4049, #3002, #1870 ),
 ( #2452, #5718, #697 ),
 ( #2900, #4665, #3434 ) ),
 .UNSPECIFIED., .F., .F., .F. ) 
 B_SPLINE_SURFACE_WITH_KNOTS ( ( 4, 2, 2, 2, 4 ),
 ( 3, 3 ),
 ( 4.653501873956742863, 5.060922732262454815, 5.468343590568165880, 5.875764448873876944, 6.283185307179588008 ),
 ( 0.000000000000000000, 1.000000000000000000 ),
 .UNSPECIFIED. ) 
 GEOMETRIC_REPRESENTATION_ITEM ( )  RATIONAL_B_SPLINE_SURFACE ( (
 ( 1.000000000000000000, 0.7174038473067537725, 1.000000000000000000),
 ( 1.000000000000000000, 0.6938749684920298977, 1.000000000000000000),
 ( 1.000000000000000000, 0.6688076640664111228, 1.000000000000000000),
 ( 1.000000000000000000, 0.6194175482593645699, 1.000000000000000000),
 ( 1.000000000000000000, 0.5950778844862432138, 1.000000000000000000),
 ( 1.000000000000000000, 0.5521422319457118810, 1.000000000000000000),
 ( 1.000000000000000000, 0.5336133745588729216, 1.000000000000000000),
 ( 1.000000000000000000, 0.5078575182285731682, 1.000000000000000000),
 ( 1.000000000000000000, 0.5006891113297325946, 1.000000000000000000),
 ( 1.000000000000000000, 0.5007638543974222145, 1.000000000000000000) ) ) 
 REPRESENTATION_ITEM ( '' )  SURFACE ( )  );
#5222 = VERTEX_POINT ( 'NONE', #2908 ) ;
#5223 = EDGE_CURVE ( 'NONE', #5453, #6366, #5191, .T. ) ;
#5224 = FACE_OUTER_BOUND ( 'NONE', #4578, .T. ) ;
#5225 = ADVANCED_FACE ( 'NONE', ( #2397 ), #1235, .F. ) ;
#5226 = ORIENTED_EDGE ( 'NONE', *, *, #6451, .T. ) ;
#5227 = CARTESIAN_POINT ( 'NONE',  ( 11.09894846507153687, 29.50596112700797136, 34.72901526019064278 ) ) ;
#5228 = ORIENTED_EDGE ( 'NONE', *, *, #2883, .F. ) ;
#5229 = VERTEX_POINT ( 'NONE', #1269 ) ;
#5230 = FACE_OUTER_BOUND ( 'NONE', #4600, .T. ) ;
#5231 = DIRECTION ( 'NONE',  ( -1.734723475976805517E-15, 0.000000000000000000, 1.000000000000000000 ) ) ;
#5232 = CARTESIAN_POINT ( 'NONE',  ( 25.69894853087959063, 119.5059670551349171, 40.26491364505290704 ) ) ;
#5233 = ORIENTED_EDGE ( 'NONE', *, *, #1051, .F. ) ;
#5234 = VERTEX_POINT ( 'NONE', #5218 ) ;
#5235 = FACE_OUTER_BOUND ( 'NONE', #2669, .T. ) ;
#5236 = ORIENTED_EDGE ( 'NONE', *, *, #6119, .T. ) ;
#5237 = DIRECTION ( 'NONE',  ( 1.000000000000000000, 0.000000000000000000, 0.000000000000000000 ) ) ;
#5238 = CARTESIAN_POINT ( 'NONE',  ( 7.857988213713038458E-12, 74.27725659994213459, 39.76491364505288573 ) ) ;
#5239 = ORIENTED_EDGE ( 'NONE', *, *, #2025, .F. ) ;
#5240 = DIRECTION ( 'NONE',  ( 1.000000000000000000, 4.625929269271481378E-15, 0.000000000000000000 ) ) ;
#5241 = VERTEX_POINT ( 'NONE', #6828 ) ;
#5242 = DIRECTION ( 'NONE',  ( -0.0004794411333219912434, -0.9999998850680933415, -0.000000000000000000 ) ) ;
#5243 = CARTESIAN_POINT ( 'NONE',  ( 37.19894853087983222, 39.50596112700796425, 42.76491364505290704 ) ) ;
#5244 = CARTESIAN_POINT ( 'NONE',  ( 37.19894853087983222, 46.59408559629819280, 40.05780686386520273 ) ) ;
#5245 = DIRECTION ( 'NONE',  ( -1.000000000000000000, 4.163336342344333871E-15, -0.000000000000000000 ) ) ;
#5246 = CARTESIAN_POINT ( 'NONE',  ( 28.52570670507866524, 111.5059670551350592, 21.26797139653673696 ) ) ;
#5247 = ADVANCED_FACE ( 'NONE', ( #4059 ), #6276, .F. ) ;
#5248 = CARTESIAN_POINT ( 'NONE',  ( 7.448948465071308256, 66.40596409107159559, 42.76491364505290704 ) ) ;
#5249 = EDGE_CURVE ( 'NONE', #579, #6319, #2264, .T. ) ;
#5250 = LINE ( 'NONE', #1380, #4082 ) ;
#5251 = PLANE ( 'NONE',  #5860 ) ;
#5252 = AXIS2_PLACEMENT_3D ( 'NONE', #716, #6661, #1247 ) ;
#5253 = ORIENTED_EDGE ( 'NONE', *, *, #1438, .T. ) ;
#5254 = DIRECTION ( 'NONE',  ( 0.9999998850680933415, -0.0004794411333358623091, 0.000000000000000000 ) ) ;
#5255 = ORIENTED_EDGE ( 'NONE', *, *, #6109, .T. ) ;
#5256 = CARTESIAN_POINT ( 'NONE',  ( 11.41920384669860766, 29.67342937227742894, 35.78702796208288106 ) ) ;
#5257 = ADVANCED_FACE ( 'NONE', ( #6307 ), #1412, .T. ) ;
#5258 = EDGE_CURVE ( 'NONE', #1253, #5859, #1722, .T. ) ;
#5259 = ORIENTED_EDGE ( 'NONE', *, *, #1140, .F. ) ;
#5260 = ORIENTED_EDGE ( 'NONE', *, *, #3149, .F. ) ;
#5261 = DIRECTION ( 'NONE',  ( 0.000000000000000000, -1.000000000000000000, 0.000000000000000000 ) ) ;
#5262 = CARTESIAN_POINT ( 'NONE',  ( 7.114684502249967402, 30.87294617807338426, 39.84391102864842082 ) ) ;
#5263 = VECTOR ( 'NONE', #6720, 1000.000000000000000 ) ;
#5264 = DIRECTION ( 'NONE',  ( 1.084202172485504311E-16, -1.000000000000000000, 0.000000000000000000 ) ) ;
#5265 = DIRECTION ( 'NONE',  ( -0.4138029443011836395, 0.000000000000000000, -0.9103664774626050171 ) ) ;
#5266 = ORIENTED_EDGE ( 'NONE', *, *, #4460, .F. ) ;
#5267 = VECTOR ( 'NONE', #691, 1000.000000000000000 ) ;
#5268 = ORIENTED_EDGE ( 'NONE', *, *, #974, .F. ) ;
#5269 = DIRECTION ( 'NONE',  ( 6.308085367188390241E-16, 1.000000000000000000, 0.000000000000000000 ) ) ;
#5270 = ORIENTED_EDGE ( 'NONE', *, *, #4237, .T. ) ;
#5271 = VECTOR ( 'NONE', #4318, 1000.000000000000000 ) ;
#5272 = DIRECTION ( 'NONE',  ( 1.000000000000000000, 0.000000000000000000, 0.000000000000000000 ) ) ;
#5273 = CIRCLE ( 'NONE', #7135, 2.000000000000001776 ) ;
#5274 = CARTESIAN_POINT ( 'NONE',  ( 15.94894849797544367, 121.0059670551347750, 42.76491364505290704 ) ) ;
#5275 = DIRECTION ( 'NONE',  ( 0.000000000000000000, 0.000000000000000000, -1.000000000000000000 ) ) ;
#5276 = ORIENTED_EDGE ( 'NONE', *, *, #1634, .T. ) ;
#5277 = CIRCLE ( 'NONE', #3317, 0.5000000000000004441 ) ;
#5278 = EDGE_CURVE ( 'NONE', #5289, #4401, #2572, .T. ) ;
#5279 = CARTESIAN_POINT ( 'NONE',  ( 38.64130530053014212, 49.10584430970141057, 38.86031677992915689 ) ) ;
#5280 = DIRECTION ( 'NONE',  ( -0.000000000000000000, 0.000000000000000000, 1.000000000000000000 ) ) ;
#5281 = FACE_OUTER_BOUND ( 'NONE', #2597, .T. ) ;
#5282 = CARTESIAN_POINT ( 'NONE',  ( 7.198948465071252301, 30.86591882637201678, 39.49457352664565235 ) ) ;
#5283 = CARTESIAN_POINT ( 'NONE',  ( 18.44894849797541170, 33.50596112700796425, 34.38948260544476199 ) ) ;
#5284 = VECTOR ( 'NONE', #3313, 1000.000000000000000 ) ;
#5285 = DIRECTION ( 'NONE',  ( 5.204171026055666413E-15, -1.000000000000000000, 0.000000000000000000 ) ) ;
#5286 = DIRECTION ( 'NONE',  ( -1.000000000000000000, 0.000000000000000000, 0.000000000000000000 ) ) ;
#5287 = VECTOR ( 'NONE', #5843, 1000.000000000000000 ) ;
#5288 = FACE_OUTER_BOUND ( 'NONE', #638, .T. ) ;
#5289 = VERTEX_POINT ( 'NONE', #5327 ) ;
#5290 = CYLINDRICAL_SURFACE ( 'NONE', #4607, 0.5000000000000004441 ) ;
#5291 = ORIENTED_EDGE ( 'NONE', *, *, #1767, .T. ) ;
#5292 = CARTESIAN_POINT ( 'NONE',  ( 11.21262279548001750, 29.52267896108140732, 35.10000886369751072 ) ) ;
#5293 = ADVANCED_FACE ( 'NONE', ( #1956 ), #1021, .F. ) ;
#5294 = DIRECTION ( 'NONE',  ( -0.0004794411333274459729, -0.9999998850680932305, 0.000000000000000000 ) ) ;
#5295 = VECTOR ( 'NONE', #1749, 1000.000000000000114 ) ;
#5296 = EDGE_LOOP ( 'NONE', ( #6171, #4158, #4790, #4610 ) ) ;
#5297 = EDGE_CURVE ( 'NONE', #6397, #6962, #4167, .T. ) ;
#5298 = ORIENTED_EDGE ( 'NONE', *, *, #1634, .F. ) ;
#5299 = CARTESIAN_POINT ( 'NONE',  ( 10.59894846507133082, 126.5059670551352298, 42.76491364505290704 ) ) ;
#5300 = CARTESIAN_POINT ( 'NONE',  ( 39.01813804975122935, -12.80532761448480450, 39.51567808292393380 ) ) ;
#5301 = DIRECTION ( 'NONE',  ( 1.000000000000000000, -7.228014036897248881E-16, -0.000000000000000000 ) ) ;
#5302 = VECTOR ( 'NONE', #2930, 1000.000000000000000 ) ;
#5303 = ORIENTED_EDGE ( 'NONE', *, *, #1368, .T. ) ;
#5304 = LINE ( 'NONE', #388, #802 ) ;
#5305 = EDGE_CURVE ( 'NONE', #3060, #7139, #6382, .T. ) ;
#5306 = DIRECTION ( 'NONE',  ( 0.000000000000000000, 0.000000000000000000, 1.000000000000000000 ) ) ;
#5307 =( BOUNDED_CURVE ( )  B_SPLINE_CURVE ( 3, ( #3422, #3589, #2540, #6389 ),
 .UNSPECIFIED., .F., .F. ) 
 B_SPLINE_CURVE_WITH_KNOTS ( ( 4, 4 ),
 ( 1.570796326794915210, 1.595529271640718560 ),
 .UNSPECIFIED. ) 
 CURVE ( )  GEOMETRIC_REPRESENTATION_ITEM ( )  RATIONAL_B_SPLINE_CURVE ( ( 1.000000000000000000, 0.9999490241029198589, 0.9999490241029198589, 1.000000000000000000 ) ) 
 REPRESENTATION_ITEM ( '' )  );
#5308 = VECTOR ( 'NONE', #2588, 1000.000000000000000 ) ;
#5309 = ORIENTED_EDGE ( 'NONE', *, *, #649, .T. ) ;
#5310 = ORIENTED_EDGE ( 'NONE', *, *, #3037, .F. ) ;
#5311 = AXIS2_PLACEMENT_3D ( 'NONE', #6180, #524, #3884 ) ;
#5312 = CARTESIAN_POINT ( 'NONE',  ( -9.008707971443425161E-14, 29.50596112700797846, 40.26491364505288573 ) ) ;
#5313 = ORIENTED_EDGE ( 'NONE', *, *, #2328, .T. ) ;
#5314 = CIRCLE ( 'NONE', #807, 0.5000000000000004441 ) ;
#5315 = ADVANCED_FACE ( 'NONE', ( #4784 ), #3611, .T. ) ;
#5316 = CARTESIAN_POINT ( 'NONE',  ( 37.19894853087962616, 112.9759263931391047, 40.26491364505296389 ) ) ;
#5317 = LINE ( 'NONE', #940, #2730 ) ;
#5318 = CARTESIAN_POINT ( 'NONE',  ( 37.72171179277481912, 113.4764270974613254, 40.26491364505294968 ) ) ;
#5319 = ORIENTED_EDGE ( 'NONE', *, *, #838, .F. ) ;
#5320 = VECTOR ( 'NONE', #4010, 1000.000000000000000 ) ;
#5321 = CARTESIAN_POINT ( 'NONE',  ( -3.474348912972890343E-13, 75.10596705513508198, 41.76491364505290704 ) ) ;
#5322 = DIRECTION ( 'NONE',  ( -0.000000000000000000, -0.000000000000000000, 1.000000000000000000 ) ) ;
#5323 = CARTESIAN_POINT ( 'NONE',  ( 4.521332483262291646, 112.0904148130509128, 40.26491364505353943 ) ) ;
#5324 = DIRECTION ( 'NONE',  ( 0.9999998850680933415, -0.0004794411333358689770, 0.000000000000000000 ) ) ;
#5325 = CARTESIAN_POINT ( 'NONE',  ( 20.77829802542630233, 109.5059670551350592, 29.26491364505290704 ) ) ;
#5326 = VERTEX_POINT ( 'NONE', #3224 ) ;
#5327 = CARTESIAN_POINT ( 'NONE',  ( 10.59894846507133082, 126.5059670551352298, 40.26491364505290704 ) ) ;
#5328 = LINE ( 'NONE', #2574, #1087 ) ;
#5329 = VECTOR ( 'NONE', #3100, 1000.000000000000000 ) ;
#5330 = DIRECTION ( 'NONE',  ( 0.000000000000000000, 1.000000000000000000, 0.000000000000000000 ) ) ;
#5331 = ORIENTED_EDGE ( 'NONE', *, *, #3446, .T. ) ;
#5332 = LINE ( 'NONE', #2648, #3788 ) ;
#5333 = ORIENTED_EDGE ( 'NONE', *, *, #5864, .T. ) ;
#5334 = DIRECTION ( 'NONE',  ( -1.000000000000000000, 0.000000000000000000, -0.000000000000000000 ) ) ;
#5335 = ORIENTED_EDGE ( 'NONE', *, *, #3598, .F. ) ;
#5336 = DIRECTION ( 'NONE',  ( 0.000000000000000000, -1.000000000000000000, 0.000000000000000000 ) ) ;
#5337 = DIRECTION ( 'NONE',  ( 1.000000000000000000, 0.000000000000000000, 0.000000000000000000 ) ) ;
#5338 = DIRECTION ( 'NONE',  ( 0.000000000000000000, 0.000000000000000000, 1.000000000000000000 ) ) ;
#5339 = CARTESIAN_POINT ( 'NONE',  ( 10.59894846507133437, 126.1059671700671174, 40.26491364505290704 ) ) ;
#5340 = VERTEX_POINT ( 'NONE', #4238 ) ;
#5341 = LINE ( 'NONE', #928, #4851 ) ;
#5342 = FACE_OUTER_BOUND ( 'NONE', #853, .T. ) ;
#5343 = EDGE_CURVE ( 'NONE', #4356, #1834, #6998, .T. ) ;
#5344 = VERTEX_POINT ( 'NONE', #6490 ) ;
#5345 = EDGE_LOOP ( 'NONE', ( #4449, #3833, #5335 ) ) ;
#5346 = LINE ( 'NONE', #6983, #6679 ) ;
#5347 = CARTESIAN_POINT ( 'NONE',  ( 38.57801440814198202, 63.17512118927181319, 38.75024566273339843 ) ) ;
#5348 = CARTESIAN_POINT ( 'NONE',  ( 0.02359420235014746126, 49.21188024601693911, 39.26491364505291415 ) ) ;
#5349 = ORIENTED_EDGE ( 'NONE', *, *, #1971, .T. ) ;
#5350 = CYLINDRICAL_SURFACE ( 'NONE', #2887, 0.5000000000000004441 ) ;
#5351 = EDGE_CURVE ( 'NONE', #6096, #1963, #1553, .T. ) ;
#5352 = ORIENTED_EDGE ( 'NONE', *, *, #1854, .T. ) ;
#5353 = ADVANCED_FACE ( 'NONE', ( #3685 ), #5868, .T. ) ;
#5354 = LINE ( 'NONE', #402, #5734 ) ;
#5355 = CARTESIAN_POINT ( 'NONE',  ( 32.94894849797543657, 39.50596112700796425, 41.76491364505290704 ) ) ;
#5356 = FACE_OUTER_BOUND ( 'NONE', #5421, .T. ) ;
#5357 = FACE_OUTER_BOUND ( 'NONE', #745, .T. ) ;
#5358 = AXIS2_PLACEMENT_3D ( 'NONE', #3338, #1716, #600 ) ;
#5359 = DIRECTION ( 'NONE',  ( -0.000000000000000000, -0.000000000000000000, 1.000000000000000000 ) ) ;
#5360 = DIRECTION ( 'NONE',  ( -1.000000000000000000, 9.089951014118086735E-14, 0.000000000000000000 ) ) ;
#5361 = ORIENTED_EDGE ( 'NONE', *, *, #2101, .T. ) ;
#5362 = CARTESIAN_POINT ( 'NONE',  ( 33.19894853087974695, 113.0059670551349171, 40.26491364505290704 ) ) ;
#5363 = ORIENTED_EDGE ( 'NONE', *, *, #3400, .T. ) ;
#5364 = AXIS2_PLACEMENT_3D ( 'NONE', #1263, #5211, #1845 ) ;
#5365 = CARTESIAN_POINT ( 'NONE',  ( 4.879758946199604708, 32.86591882637206652, 39.51567808292384854 ) ) ;
#5366 = PLANE ( 'NONE',  #1714 ) ;
#5367 = ORIENTED_EDGE ( 'NONE', *, *, #5297, .F. ) ;
#5368 = VECTOR ( 'NONE', #2001, 1000.000000000000000 ) ;
#5369 = ORIENTED_EDGE ( 'NONE', *, *, #5249, .T. ) ;
#5370 = DIRECTION ( 'NONE',  ( 0.000000000000000000, 0.000000000000000000, -1.000000000000000000 ) ) ;
#5371 = EDGE_CURVE ( 'NONE', #206, #3624, #1485, .T. ) ;
#5372 = DIRECTION ( 'NONE',  ( 1.000000000000000000, 0.000000000000000000, 0.000000000000000000 ) ) ;
#5373 = EDGE_CURVE ( 'NONE', #4378, #3760, #6963, .T. ) ;
#5374 = DIRECTION ( 'NONE',  ( -1.000000000000000000, 3.522281157729884820E-16, 0.000000000000000000 ) ) ;
#5375 = VERTEX_POINT ( 'NONE', #3649 ) ;
#5376 = LINE ( 'NONE', #5845, #119 ) ;
#5377 = LINE ( 'NONE', #2148, #4987 ) ;
#5378 = VECTOR ( 'NONE', #4258, 1000.000000000000000 ) ;
#5379 = EDGE_LOOP ( 'NONE', ( #5447, #975, #7041, #2677 ) ) ;
#5380 = ORIENTED_EDGE ( 'NONE', *, *, #1550, .F. ) ;
#5381 = CIRCLE ( 'NONE', #6309, 2.000000000000001776 ) ;
#5382 = EDGE_CURVE ( 'NONE', #1259, #6668, #908, .T. ) ;
#5383 = CARTESIAN_POINT ( 'NONE',  ( 6.234627116496763044, 32.86591882637195283, 37.15938561284183805 ) ) ;
#5384 = CARTESIAN_POINT ( 'NONE',  ( 38.73063804975118529, 62.67725764581898318, 39.01567808292378459 ) ) ;
#5385 = CARTESIAN_POINT ( 'NONE',  ( 13.95054944445677059, 109.5059670551350592, 26.16139156279402300 ) ) ;
#5386 = ADVANCED_FACE ( 'NONE', ( #5357 ), #2642, .T. ) ;
#5387 = VECTOR ( 'NONE', #121, 1000.000000000000000 ) ;
#5388 = AXIS2_PLACEMENT_3D ( 'NONE', #36, #6550, #1077 ) ;
#5389 = ORIENTED_EDGE ( 'NONE', *, *, #3011, .T. ) ;
#5390 = ORIENTED_EDGE ( 'NONE', *, *, #623, .T. ) ;
#5391 = EDGE_CURVE ( 'NONE', #4953, #3105, #2993, .T. ) ;
#5392 = CIRCLE ( 'NONE', #4697, 0.5000000000000004441 ) ;
#5393 = AXIS2_PLACEMENT_3D ( 'NONE', #5607, #3621, #4138 ) ;
#5394 = CARTESIAN_POINT ( 'NONE',  ( 21.94894849797543301, 0.000000000000000000, 41.76491364505290704 ) ) ;
#5395 = DIRECTION ( 'NONE',  ( -1.540743955509785813E-27, -1.387778780781444413E-14, 1.000000000000000000 ) ) ;
#5396 = DIRECTION ( 'NONE',  ( 1.000000000000000000, -6.308085367188390241E-16, -0.000000000000000000 ) ) ;
#5397 = ADVANCED_FACE ( 'NONE', ( #3367 ), #6605, .T. ) ;
#5398 = EDGE_CURVE ( 'NONE', #117, #6267, #4490, .T. ) ;
#5399 = ORIENTED_EDGE ( 'NONE', *, *, #361, .F. ) ;
#5400 = DIRECTION ( 'NONE',  ( 1.000000000000000000, 5.006213283395919931E-15, 0.000000000000000000 ) ) ;
#5401 = VECTOR ( 'NONE', #2097, 1000.000000000000000 ) ;
#5402 = AXIS2_PLACEMENT_3D ( 'NONE', #6274, #760, #5183 ) ;
#5403 = LINE ( 'NONE', #2535, #2468 ) ;
#5404 = DIRECTION ( 'NONE',  ( -1.000000000000000000, 1.156482317317771421E-14, 0.000000000000000000 ) ) ;
#5405 = ORIENTED_EDGE ( 'NONE', *, *, #974, .T. ) ;
#5406 = CYLINDRICAL_SURFACE ( 'NONE', #6462, 0.5000000000000004441 ) ;
#5407 = CIRCLE ( 'NONE', #3774, 1.999999999999999556 ) ;
#5408 = VERTEX_POINT ( 'NONE', #6048 ) ;
#5409 = DIRECTION ( 'NONE',  ( -0.000000000000000000, 1.000000000000000000, 0.000000000000000000 ) ) ;
#5410 = LINE ( 'NONE', #2135, #4955 ) ;
#5411 = VECTOR ( 'NONE', #6654, 1000.000000000000000 ) ;
#5412 = VERTEX_POINT ( 'NONE', #4888 ) ;
#5413 = ORIENTED_EDGE ( 'NONE', *, *, #554, .F. ) ;
#5414 = CARTESIAN_POINT ( 'NONE',  ( 30.94894849797543657, 0.000000000000000000, 41.26491364505290704 ) ) ;
#5415 = DIRECTION ( 'NONE',  ( -0.000000000000000000, 0.5000000000000015543, 0.8660254037844378194 ) ) ;
#5416 = CARTESIAN_POINT ( 'NONE',  ( 34.29894853087962758, 75.10596705513525251, 41.26491364505290704 ) ) ;
#5417 = ORIENTED_EDGE ( 'NONE', *, *, #2785, .T. ) ;
#5418 = CARTESIAN_POINT ( 'NONE',  ( 25.19894853088036868, 1.748528303458243677E-13, 42.76491364505290704 ) ) ;
#5419 = FACE_OUTER_BOUND ( 'NONE', #2344, .T. ) ;
#5420 = EDGE_CURVE ( 'NONE', #3678, #2578, #1126, .T. ) ;
#5421 = EDGE_LOOP ( 'NONE', ( #6224, #2783, #5319, #4155 ) ) ;
#5422 = ORIENTED_EDGE ( 'NONE', *, *, #6697, .T. ) ;
#5423 = AXIS2_PLACEMENT_3D ( 'NONE', #1378, #5801, #6208 ) ;
#5424 = LINE ( 'NONE', #2695, #3757 ) ;
#5425 = CARTESIAN_POINT ( 'NONE',  ( 11.59894846507153865, 30.00596112700797136, 37.13093904883731255 ) ) ;
#5426 = DIRECTION ( 'NONE',  ( 1.000000000000000000, 0.000000000000000000, 0.000000000000000000 ) ) ;
#5427 = VECTOR ( 'NONE', #4903, 1000.000000000000114 ) ;
#5428 = EDGE_CURVE ( 'NONE', #1259, #5192, #3259, .T. ) ;
#5429 = CARTESIAN_POINT ( 'NONE',  ( 38.03341887387095710, 112.6180783045500107, 40.26491364505296389 ) ) ;
#5430 = VERTEX_POINT ( 'NONE', #1742 ) ;
#5431 = EDGE_CURVE ( 'NONE', #5028, #5412, #5766, .T. ) ;
#5432 = AXIS2_PLACEMENT_3D ( 'NONE', #5216, #1408, #2494 ) ;
#5433 = CARTESIAN_POINT ( 'NONE',  ( 4.925653578792910992, 111.9791141363535445, 39.52096455619092552 ) ) ;
#5434 = CARTESIAN_POINT ( 'NONE',  ( -3.709915889053858940E-14, 113.5059670551350735, 40.26491364505288573 ) ) ;
#5435 = PLANE ( 'NONE',  #1326 ) ;
#5436 = EDGE_CURVE ( 'NONE', #896, #6330, #2753, .T. ) ;
#5437 = CARTESIAN_POINT ( 'NONE',  ( 20.77829802542625259, 33.50596112700796425, 29.26491364505290704 ) ) ;
#5438 = EDGE_CURVE ( 'NONE', #6471, #6319, #2047, .T. ) ;
#5439 = CARTESIAN_POINT ( 'NONE',  ( 38.15563804975125350, 73.27725659993883767, 38.01567808292386985 ) ) ;
#5440 = LINE ( 'NONE', #1449, #1926 ) ;
#5441 = ORIENTED_EDGE ( 'NONE', *, *, #2052, .T. ) ;
#5442 = CARTESIAN_POINT ( 'NONE',  ( 32.94894849797543657, 59.50596112700796425, 42.76491364505290704 ) ) ;
#5443 = DIRECTION ( 'NONE',  ( -2.081668171173105301E-13, -1.000000000000000000, 0.000000000000000000 ) ) ;
#5444 = ADVANCED_FACE ( 'NONE', ( #5471 ), #2209, .T. ) ;
#5445 = LINE ( 'NONE', #4250, #2173 ) ;
#5446 = VECTOR ( 'NONE', #679, 1000.000000000000000 ) ;
#5447 = ORIENTED_EDGE ( 'NONE', *, *, #2306, .T. ) ;
#5448 = EDGE_CURVE ( 'NONE', #2951, #7119, #795, .T. ) ;
#5449 = EDGE_CURVE ( 'NONE', #1419, #5002, #4923, .T. ) ;
#5450 = CYLINDRICAL_SURFACE ( 'NONE', #196, 0.5000000000000004441 ) ;
#5451 = DIRECTION ( 'NONE',  ( -6.308085367188390241E-16, -1.000000000000000000, 2.020544866530711297E-46 ) ) ;
#5452 = DIRECTION ( 'NONE',  ( 0.000000000000000000, 0.000000000000000000, -1.000000000000000000 ) ) ;
#5453 = VERTEX_POINT ( 'NONE', #5620 ) ;
#5454 = CARTESIAN_POINT ( 'NONE',  ( 11.62119991700593147, 109.5059670551350592, 31.28596052318587795 ) ) ;
#5455 = CARTESIAN_POINT ( 'NONE',  ( 37.19894853087983222, 39.50596112700796425, 41.26491364505290704 ) ) ;
#5456 = ORIENTED_EDGE ( 'NONE', *, *, #5351, .T. ) ;
#5457 = EDGE_LOOP ( 'NONE', ( #6159, #1966, #4853, #6751 ) ) ;
#5458 = CARTESIAN_POINT ( 'NONE',  ( 37.73708786736226983, 48.82467275316378874, 38.77792731070111643 ) ) ;
#5459 = DIRECTION ( 'NONE',  ( -1.000000000000000000, 0.000000000000000000, -0.000000000000000000 ) ) ;
#5460 = PLANE ( 'NONE',  #656 ) ;
#5461 = CARTESIAN_POINT ( 'NONE',  ( 0.000000000000000000, 22.50596112700796425, 42.76491364505290704 ) ) ;
#5462 = CARTESIAN_POINT ( 'NONE',  ( 15.94894849797545966, 117.0059670551347750, 41.26491364505290704 ) ) ;
#5463 = ORIENTED_EDGE ( 'NONE', *, *, #2337, .F. ) ;
#5464 = CARTESIAN_POINT ( 'NONE',  ( 10.98845678598873654, 109.9674410979256862, 41.53355844388302387 ) ) ;
#5465 = ORIENTED_EDGE ( 'NONE', *, *, #6975, .F. ) ;
#5466 = EDGE_CURVE ( 'NONE', #1070, #5926, #660, .T. ) ;
#5467 = PLANE ( 'NONE',  #6209 ) ;
#5468 = LINE ( 'NONE', #2167, #2892 ) ;
#5469 = DIRECTION ( 'NONE',  ( 1.000000000000000000, -0.000000000000000000, -0.000000000000000000 ) ) ;
#5470 = ORIENTED_EDGE ( 'NONE', *, *, #3400, .F. ) ;
#5471 = FACE_OUTER_BOUND ( 'NONE', #5030, .T. ) ;
#5472 = CARTESIAN_POINT ( 'NONE',  ( 7.703339501010519008, 30.86591882637197060, 38.61737172501214843 ) ) ;
#5473 = DIRECTION ( 'NONE',  ( 6.308085367188390241E-16, 1.000000000000000000, 0.000000000000000000 ) ) ;
#5474 = ORIENTED_EDGE ( 'NONE', *, *, #3089, .T. ) ;
#5475 = EDGE_CURVE ( 'NONE', #7089, #1603, #4847, .T. ) ;
#5476 = CARTESIAN_POINT ( 'NONE',  ( 1.101342676264730534E-14, 31.50596112700796425, 41.26491364505290704 ) ) ;
#5477 = CARTESIAN_POINT ( 'NONE',  ( 10.94894849797542768, -1.726672545154452503E-15, 41.26491364505290704 ) ) ;
#5478 = ADVANCED_FACE ( 'NONE', ( #1628 ), #5221, .T. ) ;
#5479 = CARTESIAN_POINT ( 'NONE',  ( 38.58444517765583015, 49.19339258579837093, 39.76491364505296389 ) ) ;
#5480 = ORIENTED_EDGE ( 'NONE', *, *, #4256, .F. ) ;
#5481 = CYLINDRICAL_SURFACE ( 'NONE', #970, 0.5000000000000004441 ) ;
#5482 = CARTESIAN_POINT ( 'NONE',  ( 38.58468489822254099, 112.2508359501563149, 40.26491364505297099 ) ) ;
#5483 = DIRECTION ( 'NONE',  ( -1.000000000000000000, 0.000000000000000000, 0.000000000000000000 ) ) ;
#5484 = CARTESIAN_POINT ( 'NONE',  ( 6.698948465071248748, -4.842009353798626454E-15, 40.26491364505289994 ) ) ;
#5485 = ORIENTED_EDGE ( 'NONE', *, *, #6834, .F. ) ;
#5486 = FACE_OUTER_BOUND ( 'NONE', #585, .T. ) ;
#5487 = FACE_OUTER_BOUND ( 'NONE', #3639, .T. ) ;
#5488 = ADVANCED_FACE ( 'NONE', ( #5110 ), #4079, .F. ) ;
#5489 = EDGE_CURVE ( 'NONE', #3696, #2003, #4144, .T. ) ;
#5490 = AXIS2_PLACEMENT_3D ( 'NONE', #2392, #4598, #5690 ) ;
#5491 = ORIENTED_EDGE ( 'NONE', *, *, #5120, .T. ) ;
#5492 = ORIENTED_EDGE ( 'NONE', *, *, #4418, .T. ) ;
#5493 = CARTESIAN_POINT ( 'NONE',  ( 30.94894849797543657, 23.00596112700796425, 41.76491364505290704 ) ) ;
#5494 = DIRECTION ( 'NONE',  ( 0.000000000000000000, 0.000000000000000000, -1.000000000000000000 ) ) ;
#5495 = VECTOR ( 'NONE', #6323, 1000.000000000000000 ) ;
#5496 = DIRECTION ( 'NONE',  ( 1.000000000000000000, -3.522281157729884820E-16, -0.000000000000000000 ) ) ;
#5497 = DIRECTION ( 'NONE',  ( 0.000000000000000000, 0.000000000000000000, -1.000000000000000000 ) ) ;
#5498 = CARTESIAN_POINT ( 'NONE',  ( 38.22821087186970601, 46.59018587541834222, 38.14189168660816165 ) ) ;
#5499 = ORIENTED_EDGE ( 'NONE', *, *, #4733, .F. ) ;
#5500 = CARTESIAN_POINT ( 'NONE',  ( 15.94894849797545966, 116.5059670551347750, 41.26491364505290704 ) ) ;
#5501 = CIRCLE ( 'NONE', #4337, 0.5000000000000004441 ) ;
#5502 = VERTEX_POINT ( 'NONE', #6232 ) ;
#5503 = FACE_OUTER_BOUND ( 'NONE', #5034, .T. ) ;
#5504 = AXIS2_PLACEMENT_3D ( 'NONE', #48, #6164, #2242 ) ;
#5505 = VECTOR ( 'NONE', #5180, 1000.000000000000000 ) ;
#5506 = CARTESIAN_POINT ( 'NONE',  ( 38.15563804975119666, -12.80532761448480272, 38.01567808292386985 ) ) ;
#5507 = ORIENTED_EDGE ( 'NONE', *, *, #4865, .F. ) ;
#5508 = EDGE_CURVE ( 'NONE', #4669, #5375, #6706, .T. ) ;
#5509 = AXIS2_PLACEMENT_3D ( 'NONE', #2791, #5617, #622 ) ;
#5510 = VECTOR ( 'NONE', #5963, 1000.000000000000000 ) ;
#5511 = DIRECTION ( 'NONE',  ( -1.000000000000000000, 0.000000000000000000, 0.000000000000000000 ) ) ;
#5512 = CARTESIAN_POINT ( 'NONE',  ( 10.94894849797543479, 39.00596112700797136, 41.26491364505290704 ) ) ;
#5513 = ORIENTED_EDGE ( 'NONE', *, *, #4785, .F. ) ;
#5514 = APPLICATION_CONTEXT ( 'automotive_design' ) ;
#5515 = CARTESIAN_POINT ( 'NONE',  ( 6.698948465071291380, -1.307913153195722673E-15, 42.76491364505290704 ) ) ;
#5516 = DIRECTION ( 'NONE',  ( 0.000000000000000000, -0.000000000000000000, -1.000000000000000000 ) ) ;
#5517 = B_SPLINE_CURVE_WITH_KNOTS ( 'NONE', 3,
 ( #5600, #3344, #3272, #5569, #1679, #1102 ),
 .UNSPECIFIED., .F., .F.,
 ( 4, 2, 4 ),
 ( 0.000000000000000000, 0.0004129717344618039163, 0.0008259434689236078327 ),
 .UNSPECIFIED. ) ;
#5518 = CIRCLE ( 'NONE', #1918, 0.5000000000000004441 ) ;
#5519 = AXIS2_PLACEMENT_3D ( 'NONE', #6098, #5082, #5009 ) ;
#5520 = CYLINDRICAL_SURFACE ( 'NONE', #3216, 2.000000000000000444 ) ;
#5521 = EDGE_CURVE ( 'NONE', #4740, #5533, #909, .T. ) ;
#5522 = ORIENTED_EDGE ( 'NONE', *, *, #5707, .F. ) ;
#5523 = FACE_OUTER_BOUND ( 'NONE', #5379, .T. ) ;
#5524 = TOROIDAL_SURFACE ( 'NONE', #4358, 5.499999999999998224, 2.000000000000000000 ) ;
#5525 = CARTESIAN_POINT ( 'NONE',  ( 39.44888997861291102, 46.09322956870248333, 40.26481187224855773 ) ) ;
#5526 = DIRECTION ( 'NONE',  ( -1.000000000000000000, 8.673617379884035472E-16, 0.000000000000000000 ) ) ;
#5527 = EDGE_CURVE ( 'NONE', #6705, #4845, #1291, .T. ) ;
#5528 = CARTESIAN_POINT ( 'NONE',  ( 11.20868435924247031, 29.52130708076918708, 35.08717031369438644 ) ) ;
#5529 = ORIENTED_EDGE ( 'NONE', *, *, #162, .T. ) ;
#5530 = CARTESIAN_POINT ( 'NONE',  ( 6.698948465071296710, 31.39595948836799266, 40.26491364505290704 ) ) ;
#5531 = VECTOR ( 'NONE', #828, 1000.000000000000000 ) ;
#5532 = EDGE_CURVE ( 'NONE', #5774, #4327, #1367, .T. ) ;
#5533 = VERTEX_POINT ( 'NONE', #6268 ) ;
#5534 = EDGE_LOOP ( 'NONE', ( #2164, #2717, #2185, #3556 ) ) ;
#5535 = CARTESIAN_POINT ( 'NONE',  ( 38.65535714758893704, 49.69356646041795500, 38.88475477481552645 ) ) ;
#5536 = EDGE_CURVE ( 'NONE', #6390, #3537, #2179, .T. ) ;
#5537 = DIRECTION ( 'NONE',  ( -1.000000000000000000, 0.000000000000000000, 0.000000000000000000 ) ) ;
#5538 = AXIS2_PLACEMENT_3D ( 'NONE', #3167, #2659, #2685 ) ;
#5539 = CARTESIAN_POINT ( 'NONE',  ( 9.160030686631598391E-15, 26.00596112700796425, 41.26491364505290704 ) ) ;
#5540 = CARTESIAN_POINT ( 'NONE',  ( 11.94275530715135147, 29.50596112700797136, 36.01866541102226194 ) ) ;
#5541 = CARTESIAN_POINT ( 'NONE',  ( 38.00780986789160920, 46.65681125135228058, 39.01310416272632153 ) ) ;
#5542 = EDGE_LOOP ( 'NONE', ( #5680, #4515, #3526, #6181, #1329 ) ) ;
#5543 = DIRECTION ( 'NONE',  ( 0.000000000000000000, 0.000000000000000000, 1.000000000000000000 ) ) ;
#5544 = AXIS2_PLACEMENT_3D ( 'NONE', #5913, #951, #6459 ) ;
#5545 = ORIENTED_EDGE ( 'NONE', *, *, #4867, .F. ) ;
#5546 = ORIENTED_EDGE ( 'NONE', *, *, #3963, .T. ) ;
#5547 = ADVANCED_FACE ( 'NONE', ( #3500 ), #5885, .F. ) ;
#5548 = EDGE_CURVE ( 'NONE', #5002, #5859, #6711, .T. ) ;
#5549 = CYLINDRICAL_SURFACE ( 'NONE', #651, 0.5000000000000022204 ) ;
#5550 = EDGE_LOOP ( 'NONE', ( #6785, #6060, #4696, #397 ) ) ;
#5551 = AXIS2_PLACEMENT_3D ( 'NONE', #5765, #6792, #2978 ) ;
#5552 = CARTESIAN_POINT ( 'NONE',  ( 37.19894853087944142, 113.4804468804926358, 39.72522539197139224 ) ) ;
#5553 = DIRECTION ( 'NONE',  ( 7.228014036897248881E-16, 1.000000000000000000, 0.000000000000000000 ) ) ;
#5554 = ORIENTED_EDGE ( 'NONE', *, *, #4060, .F. ) ;
#5555 = DIRECTION ( 'NONE',  ( -1.000000000000000000, -0.000000000000000000, 3.469446951953617344E-15 ) ) ;
#5556 = CIRCLE ( 'NONE', #5891, 0.5000000000000004441 ) ;
#5557 = DIRECTION ( 'NONE',  ( 4.163336342344333871E-15, -1.000000000000000000, 0.000000000000000000 ) ) ;
#5558 = DIRECTION ( 'NONE',  ( -1.000000000000000000, 0.000000000000000000, 0.000000000000000000 ) ) ;
#5559 = ORIENTED_EDGE ( 'NONE', *, *, #146, .T. ) ;
#5560 = DIRECTION ( 'NONE',  ( 1.000000000000000000, -0.000000000000000000, 0.000000000000000000 ) ) ;
#5561 = FACE_OUTER_BOUND ( 'NONE', #4813, .T. ) ;
#5562 = CIRCLE ( 'NONE', #6479, 1.999999999999999556 ) ;
#5563 = VERTEX_POINT ( 'NONE', #6373 ) ;
#5564 = CYLINDRICAL_SURFACE ( 'NONE', #1885, 2.000000000000001776 ) ;
#5565 = CARTESIAN_POINT ( 'NONE',  ( 24.68809529307599249, 126.1059671700671174, 42.76491364505290704 ) ) ;
#5566 = DIRECTION ( 'NONE',  ( -0.000000000000000000, -1.000000000000000000, -0.000000000000000000 ) ) ;
#5567 = DIRECTION ( 'NONE',  ( -0.000000000000000000, 0.000000000000000000, 1.000000000000000000 ) ) ;
#5568 = ORIENTED_EDGE ( 'NONE', *, *, #2116, .T. ) ;
#5569 = CARTESIAN_POINT ( 'NONE',  ( 6.698948465071329572, 113.2524817891017364, 40.20574033433588568 ) ) ;
#5570 = CARTESIAN_POINT ( 'NONE',  ( 26.79189409896354590, 31.50596112700796425, 20.26491364505290704 ) ) ;
#5571 = ORIENTED_EDGE ( 'NONE', *, *, #4083, .T. ) ;
#5572 = ORIENTED_EDGE ( 'NONE', *, *, #3055, .F. ) ;
#5573 = DIRECTION ( 'NONE',  ( 5.462962177226013747E-16, 0.8660254037844352659, -0.5000000000000058842 ) ) ;
#5574 = DIRECTION ( 'NONE',  ( -0.000000000000000000, 1.000000000000000000, -0.000000000000000000 ) ) ;
#5575 = VECTOR ( 'NONE', #6032, 1000.000000000000000 ) ;
#5576 = EDGE_CURVE ( 'NONE', #5192, #4998, #3745, .T. ) ;
#5577 = DIRECTION ( 'NONE',  ( 1.000000000000000000, 0.000000000000000000, 0.000000000000000000 ) ) ;
#5578 = CARTESIAN_POINT ( 'NONE',  ( 37.19894853087983222, 75.10596705513525251, 41.26491364505290704 ) ) ;
#5579 = CARTESIAN_POINT ( 'NONE',  ( 38.22213965486169229, 46.59360344453296676, 39.19945203191078065 ) ) ;
#5580 = ORIENTED_EDGE ( 'NONE', *, *, #256, .F. ) ;
#5581 = ORIENTED_EDGE ( 'NONE', *, *, #1160, .T. ) ;
#5582 = VERTEX_POINT ( 'NONE', #6953 ) ;
#5583 = DIRECTION ( 'NONE',  ( -0.4138029443011836395, 2.610304297845769223E-16, 0.9103664774626049061 ) ) ;
#5584 = LINE ( 'NONE', #6087, #2424 ) ;
#5585 = CARTESIAN_POINT ( 'NONE',  ( 30.94894849797543301, 31.50596112700795004, 41.26491364505290704 ) ) ;
#5586 = ORIENTED_EDGE ( 'NONE', *, *, #1368, .F. ) ;
#5587 = CARTESIAN_POINT ( 'NONE',  ( 37.19894853087961906, 29.50880334706664598, 40.08402796441506410 ) ) ;
#5588 = EDGE_CURVE ( 'NONE', #2899, #270, #3461, .T. ) ;
#5589 = EDGE_CURVE ( 'NONE', #5375, #1963, #4854, .T. ) ;
#5590 = FACE_OUTER_BOUND ( 'NONE', #5817, .T. ) ;
#5591 = DIRECTION ( 'NONE',  ( -1.000000000000000000, 6.308085367188390241E-16, 0.000000000000000000 ) ) ;
#5592 = ORIENTED_EDGE ( 'NONE', *, *, #1683, .T. ) ;
#5593 = CARTESIAN_POINT ( 'NONE',  ( 5.313212097728372107, 32.86591882637211626, 40.26491364505289994 ) ) ;
#5594 = CARTESIAN_POINT ( 'NONE',  ( 38.15563804975119666, -12.80532761448480272, 38.01567808292386985 ) ) ;
#5595 = PLANE ( 'NONE',  #1307 ) ;
#5596 = DIRECTION ( 'NONE',  ( -1.000000000000000000, 0.000000000000000000, -0.000000000000000000 ) ) ;
#5597 = DIRECTION ( 'NONE',  ( 0.000000000000000000, -1.000000000000000000, -0.000000000000000000 ) ) ;
#5598 = DIRECTION ( 'NONE',  ( 1.000000000000000000, 0.000000000000000000, 0.000000000000000000 ) ) ;
#5599 = EDGE_LOOP ( 'NONE', ( #6884, #2453, #5948 ) ) ;
#5600 = CARTESIAN_POINT ( 'NONE',  ( 6.698948465071516090, 113.4804468804926501, 39.72522539197132829 ) ) ;
#5601 = CARTESIAN_POINT ( 'NONE',  ( 37.72218489822246568, 73.57014981875214232, 38.76491364505292836 ) ) ;
#5602 = ORIENTED_EDGE ( 'NONE', *, *, #4067, .T. ) ;
#5603 = ADVANCED_FACE ( 'NONE', ( #6989 ), #1477, .F. ) ;
#5604 = ORIENTED_EDGE ( 'NONE', *, *, #4859, .F. ) ;
#5605 = LINE ( 'NONE', #4443, #1436 ) ;
#5606 = LINE ( 'NONE', #4106, #1478 ) ;
#5607 = CARTESIAN_POINT ( 'NONE',  ( 9.939144468283069855, 31.50596112700797136, 34.72901526019064278 ) ) ;
#5608 = CARTESIAN_POINT ( 'NONE',  ( 11.61781617823839241, 29.50596112700797136, 35.89307141837265647 ) ) ;
#5609 = AXIS2_PLACEMENT_3D ( 'NONE', #6408, #1439, #5999 ) ;
#5610 = ORIENTED_EDGE ( 'NONE', *, *, #318, .T. ) ;
#5611 = ADVANCED_FACE ( 'NONE', ( #4741 ), #5350, .T. ) ;
#5612 = VERTEX_POINT ( 'NONE', #4230 ) ;
#5613 = EDGE_CURVE ( 'NONE', #2226, #479, #1403, .T. ) ;
#5614 = CARTESIAN_POINT ( 'NONE',  ( 10.51353217702823706, 113.5059670551350735, -6.045281001791207309 ) ) ;
#5615 = ORIENTED_EDGE ( 'NONE', *, *, #408, .F. ) ;
#5616 = LINE ( 'NONE', #1702, #705 ) ;
#5617 = DIRECTION ( 'NONE',  ( 3.007685430772339203E-15, 1.000000000000000000, 1.729419122694098207E-15 ) ) ;
#5618 = VECTOR ( 'NONE', #1564, 1000.000000000000000 ) ;
#5619 = ORIENTED_EDGE ( 'NONE', *, *, #2206, .F. ) ;
#5620 = CARTESIAN_POINT ( 'NONE',  ( 33.19894853087974695, 113.0059670551349171, 42.76491364505290704 ) ) ;
#5621 = LINE ( 'NONE', #2172, #5712 ) ;
#5622 = CARTESIAN_POINT ( 'NONE',  ( 37.19894853087963327, 106.5059670551352298, 40.26491364505290704 ) ) ;
#5623 = AXIS2_PLACEMENT_3D ( 'NONE', #3394, #6709, #1052 ) ;
#5624 = ORIENTED_EDGE ( 'NONE', *, *, #2290, .T. ) ;
#5625 = EDGE_CURVE ( 'NONE', #246, #5927, #3604, .T. ) ;
#5626 = CARTESIAN_POINT ( 'NONE',  ( -1.167774018521435950E-13, -12.80532761448478851, 40.26491364505288573 ) ) ;
#5627 = FACE_OUTER_BOUND ( 'NONE', #1656, .T. ) ;
#5628 = VECTOR ( 'NONE', #3852, 1000.000000000000000 ) ;
#5629 = CARTESIAN_POINT ( 'NONE',  ( 25.69894853087959063, 119.5059670551349171, 40.26491364505290704 ) ) ;
#5630 = CARTESIAN_POINT ( 'NONE',  ( -0.000000000000000000, 112.5059670551349029, 41.26491364505290704 ) ) ;
#5631 = CARTESIAN_POINT ( 'NONE',  ( 30.94894849797543657, 23.00596112700796425, 42.76491364505290704 ) ) ;
#5632 = EDGE_CURVE ( 'NONE', #689, #1738, #3147, .T. ) ;
#5633 = CARTESIAN_POINT ( 'NONE',  ( -3.451219266626532747E-13, 74.60596705513508198, 42.76491364505290704 ) ) ;
#5634 = VECTOR ( 'NONE', #1067, 1000.000000000000000 ) ;
#5635 = EDGE_LOOP ( 'NONE', ( #2647, #213, #4440, #3311 ) ) ;
#5636 = AXIS2_PLACEMENT_3D ( 'NONE', #1005, #4911, #2117 ) ;
#5637 = DIRECTION ( 'NONE',  ( 0.4984711242580827095, -4.564240127897088210E-14, 0.8669063030575352435 ) ) ;
#5638 = CARTESIAN_POINT ( 'NONE',  ( 8.598948465071316605, 126.5059670551352298, 40.26491364505290704 ) ) ;
#5639 = ORIENTED_EDGE ( 'NONE', *, *, #4632, .T. ) ;
#5640 = ORIENTED_EDGE ( 'NONE', *, *, #1447, .F. ) ;
#5641 = DIRECTION ( 'NONE',  ( -0.000000000000000000, -0.000000000000000000, 1.000000000000000000 ) ) ;
#5642 = CARTESIAN_POINT ( 'NONE',  ( 0.02335448178348276116, 48.71188030348289999, 39.26491364505291415 ) ) ;
#5643 = DIRECTION ( 'NONE',  ( 1.000000000000000000, 0.000000000000000000, -0.000000000000000000 ) ) ;
#5644 = AXIS2_PLACEMENT_3D ( 'NONE', #2851, #3962, #6806 ) ;
#5645 = CARTESIAN_POINT ( 'NONE',  ( 11.09894846507158306, 30.86591882637166151, 41.26491364505290704 ) ) ;
#5646 = ORIENTED_EDGE ( 'NONE', *, *, #107, .F. ) ;
#5647 = ORIENTED_EDGE ( 'NONE', *, *, #5466, .F. ) ;
#5648 = AXIS2_PLACEMENT_3D ( 'NONE', #243, #2443, #4655 ) ;
#5649 = CARTESIAN_POINT ( 'NONE',  ( 33.56212001984959414, 49.19580049534072685, 39.26491364505291415 ) ) ;
#5650 = VERTEX_POINT ( 'NONE', #398 ) ;
#5651 = DIRECTION ( 'NONE',  ( -0.4984711242580834867, 0.000000000000000000, -0.8669063030575349105 ) ) ;
#5652 = CARTESIAN_POINT ( 'NONE',  ( 38.12715579350591355, 29.87134757176044886, 39.61830781570798621 ) ) ;
#5653 = VECTOR ( 'NONE', #3230, 1000.000000000000000 ) ;
#5654 = ORIENTED_EDGE ( 'NONE', *, *, #7088, .T. ) ;
#5655 = CARTESIAN_POINT ( 'NONE',  ( 5.773021414908013682, 31.22436210524304201, 39.61857046694898798 ) ) ;
#5656 = EDGE_CURVE ( 'NONE', #1645, #4740, #693, .T. ) ;
#5657 = DIRECTION ( 'NONE',  ( -1.000000000000000000, 6.308085367188390241E-16, 0.000000000000000000 ) ) ;
#5658 = AXIS2_PLACEMENT_3D ( 'NONE', #4823, #866, #5975 ) ;
#5659 = DIRECTION ( 'NONE',  ( -1.000000000000000000, 4.269421518900740951E-16, -2.135044278125296610E-15 ) ) ;
#5660 = ORIENTED_EDGE ( 'NONE', *, *, #1104, .F. ) ;
#5661 = CARTESIAN_POINT ( 'NONE',  ( 34.29894853087961337, 122.1059670551352525, 42.76491364505290704 ) ) ;
#5662 = CARTESIAN_POINT ( 'NONE',  ( 11.09894846507153687, 29.50596112700797136, 34.72901526019064278 ) ) ;
#5663 = ADVANCED_FACE ( 'NONE', ( #2598 ), #2053, .F. ) ;
#5664 = DIRECTION ( 'NONE',  ( -0.000000000000000000, 0.000000000000000000, 1.000000000000000000 ) ) ;
#5665 = VECTOR ( 'NONE', #6941, 1000.000000000000000 ) ;
#5666 = EDGE_CURVE ( 'NONE', #2243, #4635, #3179, .T. ) ;
#5667 = CARTESIAN_POINT ( 'NONE',  ( 38.68203679360579628, 73.74350919312752239, 38.93115415919398004 ) ) ;
#5668 = DIRECTION ( 'NONE',  ( -1.000000000000000000, 0.000000000000000000, -0.000000000000000000 ) ) ;
#5669 = FACE_OUTER_BOUND ( 'NONE', #6134, .T. ) ;
#5670 = DIRECTION ( 'NONE',  ( -1.000000000000000000, 0.000000000000000000, 0.000000000000000000 ) ) ;
#5671 = EDGE_LOOP ( 'NONE', ( #4804, #1975, #7155, #1507, #4070, #1724, #618, #6811, #3934, #3403, #3320, #4907, #4415, #7021, #1994, #6694, #3289, #1101, #346, #5646, #7130, #1292, #5006, #6584, #7090, #5568, #6146, #943, #6130 ) ) ;
#5672 = EDGE_CURVE ( 'NONE', #1221, #744, #3225, .T. ) ;
#5673 = ADVANCED_FACE ( 'NONE', ( #3069 ), #3236, .T. ) ;
#5674 = ORIENTED_EDGE ( 'NONE', *, *, #6736, .F. ) ;
#5675 = ORIENTED_EDGE ( 'NONE', *, *, #1261, .T. ) ;
#5676 = CARTESIAN_POINT ( 'NONE',  ( 0.000000000000000000, 74.60596705513523830, 41.26491364505290704 ) ) ;
#5677 = VECTOR ( 'NONE', #2853, 1000.000000000000114 ) ;
#5678 = DIRECTION ( 'NONE',  ( -6.308085367188390241E-16, -1.000000000000000000, -0.000000000000000000 ) ) ;
#5679 = EDGE_LOOP ( 'NONE', ( #241, #4016, #1811, #3061 ) ) ;
#5680 = ORIENTED_EDGE ( 'NONE', *, *, #1879, .T. ) ;
#5681 = AXIS2_PLACEMENT_3D ( 'NONE', #2374, #4073, #4583 ) ;
#5682 = DIRECTION ( 'NONE',  ( 1.000000000000000000, -6.308085367188390241E-16, 2.891205793294677833E-16 ) ) ;
#5683 = EDGE_LOOP ( 'NONE', ( #5918, #5122, #5166, #3006, #1061, #4779, #4054, #3201 ) ) ;
#5684 = DIRECTION ( 'NONE',  ( -1.000000000000000000, 0.000000000000000000, 0.000000000000000000 ) ) ;
#5685 = CARTESIAN_POINT ( 'NONE',  ( 37.45554334920731776, 29.49140890833782080, 40.26491364505297099 ) ) ;
#5686 = ORIENTED_EDGE ( 'NONE', *, *, #4466, .T. ) ;
#5687 = CARTESIAN_POINT ( 'NONE',  ( 32.94894849797543657, 0.000000000000000000, 41.26491364505290704 ) ) ;
#5688 = B_SPLINE_CURVE_WITH_KNOTS ( 'NONE', 3,
 ( #537, #6123, #1157, #1048, #3254, #5464, #3215, #500 ),
 .UNSPECIFIED., .F., .F.,
 ( 4, 2, 2, 4 ),
 ( 1.734723475976807094E-18, 0.0003847830515607445845, 0.0007695661031214874343, 0.001539132206242982675 ),
 .UNSPECIFIED. ) ;
#5689 = ORIENTED_EDGE ( 'NONE', *, *, #5921, .F. ) ;
#5690 = DIRECTION ( 'NONE',  ( 0.000000000000000000, -0.000000000000000000, -1.000000000000000000 ) ) ;
#5691 = DIRECTION ( 'NONE',  ( 1.000000000000000000, 0.000000000000000000, 0.000000000000000000 ) ) ;
#5692 = ORIENTED_EDGE ( 'NONE', *, *, #1057, .T. ) ;
#5693 = DIRECTION ( 'NONE',  ( 0.000000000000000000, -1.000000000000000000, 0.000000000000000000 ) ) ;
#5694 = CARTESIAN_POINT ( 'NONE',  ( 34.29894853087961337, 122.1059670551352525, 41.76491364505290704 ) ) ;
#5695 = DIRECTION ( 'NONE',  ( 1.000000000000000000, 0.000000000000000000, 0.000000000000000000 ) ) ;
#5696 = ADVANCED_FACE ( 'NONE', ( #4414 ), #1255, .F. ) ;
#5697 = CARTESIAN_POINT ( 'NONE',  ( 38.55426621450982339, 73.37614920102534199, 38.70894445641632586 ) ) ;
#5698 = DIRECTION ( 'NONE',  ( -0.000000000000000000, -0.000000000000000000, 1.000000000000000000 ) ) ;
#5699 = ORIENTED_EDGE ( 'NONE', *, *, #2388, .F. ) ;
#5700 = FACE_OUTER_BOUND ( 'NONE', #2170, .T. ) ;
#5701 = EDGE_LOOP ( 'NONE', ( #1799, #54, #2008, #418 ) ) ;
#5702 = ADVANCED_FACE ( 'NONE', ( #4450 ), #3321, .T. ) ;
#5703 = EDGE_LOOP ( 'NONE', ( #3900, #5902, #5689, #1825, #5809 ) ) ;
#5704 = VERTEX_POINT ( 'NONE', #5500 ) ;
#5705 = DIRECTION ( 'NONE',  ( -1.000000000000000000, 0.000000000000000000, 0.000000000000000000 ) ) ;
#5706 = CARTESIAN_POINT ( 'NONE',  ( 7.136576466433847798, 30.86970094964154754, 39.81295141049038477 ) ) ;
#5707 = EDGE_CURVE ( 'NONE', #2198, #282, #5688, .T. ) ;
#5708 = ADVANCED_FACE ( 'NONE', ( #6630 ), #2122, .F. ) ;
#5709 = DIRECTION ( 'NONE',  ( 0.000000000000000000, 0.000000000000000000, -1.000000000000000000 ) ) ;
#5710 = ORIENTED_EDGE ( 'NONE', *, *, #359, .F. ) ;
#5711 = VERTEX_POINT ( 'NONE', #7172 ) ;
#5712 = VECTOR ( 'NONE', #664, 1000.000000000000000 ) ;
#5713 = ADVANCED_FACE ( 'NONE', ( #2162 ), #4376, .T. ) ;
#5714 = CARTESIAN_POINT ( 'NONE',  ( -8.263236184924311597E-14, 16.50596112700779727, 42.76491364505290704 ) ) ;
#5715 = DIRECTION ( 'NONE',  ( -1.000000000000000000, 0.000000000000000000, 0.000000000000000000 ) ) ;
#5716 = CARTESIAN_POINT ( 'NONE',  ( 12.09894846507153865, 30.00596112700797136, 37.13093904883731255 ) ) ;
#5717 = EDGE_LOOP ( 'NONE', ( #3801, #3631, #2385, #28 ) ) ;
#5718 = CARTESIAN_POINT ( 'NONE',  ( 4.448948498110941507, 32.52568011382794566, 40.26491364505360337 ) ) ;
#5719 = EDGE_LOOP ( 'NONE', ( #2576, #5369, #4594, #6418, #4770, #3285 ) ) ;
#5720 = DIRECTION ( 'NONE',  ( -1.000000000000000000, 0.000000000000000000, 0.000000000000000000 ) ) ;
#5721 = LINE ( 'NONE', #755, #3545 ) ;
#5722 = ORIENTED_EDGE ( 'NONE', *, *, #6544, .F. ) ;
#5723 = CARTESIAN_POINT ( 'NONE',  ( 33.56188029928292593, 48.69580055280668063, 39.26491364505291415 ) ) ;
#5724 = DIRECTION ( 'NONE',  ( 0.9999998889741966712, -0.0004712235076032001389, 0.000000000000000000 ) ) ;
#5725 = PLANE ( 'NONE',  #1486 ) ;
#5726 = AXIS2_PLACEMENT_3D ( 'NONE', #3186, #980, #6522 ) ;
#5727 = CIRCLE ( 'NONE', #6669, 0.5000000000000004441 ) ;
#5728 = CARTESIAN_POINT ( 'NONE',  ( 37.94382052662485449, 73.67709001451895290, 38.95764027844666799 ) ) ;
#5729 = CARTESIAN_POINT ( 'NONE',  ( 25.19894853087959063, 113.5059670551350592, 40.26491364505294257 ) ) ;
#5730 =( BOUNDED_CURVE ( )  B_SPLINE_CURVE ( 3, ( #13, #548, #4425, #3867 ),
 .UNSPECIFIED., .F., .F. ) 
 B_SPLINE_CURVE_WITH_KNOTS ( ( 4, 4 ),
 ( 1.571630137268326788, 3.142426464063223790 ),
 .UNSPECIFIED. ) 
 CURVE ( )  GEOMETRIC_REPRESENTATION_ITEM ( )  RATIONAL_B_SPLINE_CURVE ( ( 1.000000000000000000, 0.8047378541243649375, 0.8047378541243649375, 1.000000000000000000 ) ) 
 REPRESENTATION_ITEM ( '' )  );
#5731 = VERTEX_POINT ( 'NONE', #2742 ) ;
#5732 = CARTESIAN_POINT ( 'NONE',  ( 11.44894849797495340, -4.766582336324769748E-14, 41.26491364505290704 ) ) ;
#5733 = ORIENTED_EDGE ( 'NONE', *, *, #2989, .T. ) ;
#5734 = VECTOR ( 'NONE', #1517, 1000.000000000000000 ) ;
#5735 = EDGE_CURVE ( 'NONE', #2817, #6815, #4954, .T. ) ;
#5736 = ORIENTED_EDGE ( 'NONE', *, *, #7088, .F. ) ;
#5737 = EDGE_CURVE ( 'NONE', #4303, #837, #3564, .T. ) ;
#5738 = ORIENTED_EDGE ( 'NONE', *, *, #3694, .T. ) ;
#5739 = CIRCLE ( 'NONE', #5853, 0.5000000000000004441 ) ;
#5740 = AXIS2_PLACEMENT_3D ( 'NONE', #6747, #180, #2925 ) ;
#5741 = DIRECTION ( 'NONE',  ( 0.000000000000000000, -1.000000000000000000, 0.000000000000000000 ) ) ;
#5742 = DIRECTION ( 'NONE',  ( 0.000000000000000000, 0.000000000000000000, -1.000000000000000000 ) ) ;
#5743 = DIRECTION ( 'NONE',  ( -1.000000000000000000, 0.000000000000000000, 0.000000000000000000 ) ) ;
#5744 = EDGE_CURVE ( 'NONE', #5563, #2885, #1733, .T. ) ;
#5745 = AXIS2_PLACEMENT_3D ( 'NONE', #3585, #836, #1238 ) ;
#5746 = VECTOR ( 'NONE', #5443, 1000.000000000000000 ) ;
#5747 = ORIENTED_EDGE ( 'NONE', *, *, #2989, .F. ) ;
#5748 = EDGE_CURVE ( 'NONE', #1612, #642, #5341, .T. ) ;
#5749 = ORIENTED_EDGE ( 'NONE', *, *, #2217, .T. ) ;
#5750 = VECTOR ( 'NONE', #4890, 1000.000000000000000 ) ;
#5751 = DIRECTION ( 'NONE',  ( -1.000000000000000000, 0.000000000000000000, 0.000000000000000000 ) ) ;
#5752 = EDGE_LOOP ( 'NONE', ( #1927, #4480, #4286, #3603 ) ) ;
#5753 = CARTESIAN_POINT ( 'NONE',  ( 37.18553746151847861, 29.48865295146703147, 40.26491364505297099 ) ) ;
#5754 = DIRECTION ( 'NONE',  ( -0.8669063030575385742, 0.000000000000000000, 0.4984711242580767143 ) ) ;
#5755 = VECTOR ( 'NONE', #1141, 1000.000000000000114 ) ;
#5756 = EDGE_CURVE ( 'NONE', #1540, #2926, #4966, .T. ) ;
#5757 = ORIENTED_EDGE ( 'NONE', *, *, #6419, .F. ) ;
#5758 = ADVANCED_FACE ( 'NONE', ( #2622 ), #887, .F. ) ;
#5759 = DIRECTION ( 'NONE',  ( -0.000000000000000000, -0.000000000000000000, 1.000000000000000000 ) ) ;
#5760 = CARTESIAN_POINT ( 'NONE',  ( 32.94894849797543657, 33.50596112700795715, 40.26491364505290704 ) ) ;
#5761 = ORIENTED_EDGE ( 'NONE', *, *, #2689, .T. ) ;
#5762 = DIRECTION ( 'NONE',  ( 1.000000000000000000, 0.000000000000000000, 0.000000000000000000 ) ) ;
#5763 = CARTESIAN_POINT ( 'NONE',  ( 0.000000000000000000, 0.000000000000000000, 41.26491364505290704 ) ) ;
#5764 = DIRECTION ( 'NONE',  ( 0.000000000000000000, -0.000000000000000000, 1.000000000000000000 ) ) ;
#5765 = CARTESIAN_POINT ( 'NONE',  ( 37.72218489822242304, -12.80532761448480272, 38.26491364505291415 ) ) ;
#5766 = CIRCLE ( 'NONE', #3220, 1.999999999999999556 ) ;
#5767 = CARTESIAN_POINT ( 'NONE',  ( 38.58198554031999805, 73.56625599853997244, 38.75715197956432689 ) ) ;
#5768 = DIRECTION ( 'NONE',  ( 6.308085367188390241E-16, 1.000000000000000000, 0.000000000000000000 ) ) ;
#5769 = ORIENTED_EDGE ( 'NONE', *, *, #5873, .T. ) ;
#5770 = DIRECTION ( 'NONE',  ( 1.000000000000000000, 0.000000000000000000, -0.000000000000000000 ) ) ;
#5771 = ORIENTED_EDGE ( 'NONE', *, *, #4199, .F. ) ;
#5772 = FACE_OUTER_BOUND ( 'NONE', #2472, .T. ) ;
#5773 = AXIS2_PLACEMENT_3D ( 'NONE', #5818, #897, #857 ) ;
#5774 = VERTEX_POINT ( 'NONE', #6472 ) ;
#5775 = ORIENTED_EDGE ( 'NONE', *, *, #2095, .T. ) ;
#5776 = CIRCLE ( 'NONE', #3347, 0.5000000000000022204 ) ;
#5777 = LINE ( 'NONE', #773, #3059 ) ;
#5778 = DIRECTION ( 'NONE',  ( 0.000000000000000000, 0.000000000000000000, -1.000000000000000000 ) ) ;
#5779 = DIRECTION ( 'NONE',  ( 0.000000000000000000, 0.000000000000000000, 1.000000000000000000 ) ) ;
#5780 = AXIS2_PLACEMENT_3D ( 'NONE', #2975, #3581, #6346 ) ;
#5781 = ORIENTED_EDGE ( 'NONE', *, *, #702, .F. ) ;
#5782 = VERTEX_POINT ( 'NONE', #355 ) ;
#5783 = ADVANCED_FACE ( 'NONE', ( #2661 ), #6978, .F. ) ;
#5784 = VECTOR ( 'NONE', #3601, 1000.000000000000000 ) ;
#5785 = DIRECTION ( 'NONE',  ( 0.000000000000000000, 0.000000000000000000, -1.000000000000000000 ) ) ;
#5786 = ORIENTED_EDGE ( 'NONE', *, *, #4859, .T. ) ;
#5787 = LINE ( 'NONE', #6877, #1387 ) ;
#5788 = CARTESIAN_POINT ( 'NONE',  ( 38.40571817308776303, 30.81831211342316834, 40.26491364505297099 ) ) ;
#5789 = ORIENTED_EDGE ( 'NONE', *, *, #2795, .F. ) ;
#5790 = CARTESIAN_POINT ( 'NONE',  ( 31.44894849797543657, 0.000000000000000000, 41.76491364505290704 ) ) ;
#5791 = AXIS2_PLACEMENT_3D ( 'NONE', #1732, #2195, #5025 ) ;
#5792 = ORIENTED_EDGE ( 'NONE', *, *, #2153, .F. ) ;
#5793 = DIRECTION ( 'NONE',  ( 0.000000000000000000, 0.000000000000000000, 1.000000000000000000 ) ) ;
#5794 = CARTESIAN_POINT ( 'NONE',  ( 6.698948465071303815, 66.40596409107159559, 40.26491364505290704 ) ) ;
#5795 = ORIENTED_EDGE ( 'NONE', *, *, #5588, .T. ) ;
#5796 = CARTESIAN_POINT ( 'NONE',  ( 7.968439722611651455, 30.86591882637194573, 38.15632786135800103 ) ) ;
#5797 = CARTESIAN_POINT ( 'NONE',  ( 7.198017699672288217, 30.86591882637201678, 39.49992674069899579 ) ) ;
#5798 = CARTESIAN_POINT ( 'NONE',  ( 6.698948465071336678, 122.1059670551352383, 41.26491364505290704 ) ) ;
#5799 = EDGE_CURVE ( 'NONE', #2997, #4635, #6507, .T. ) ;
#5800 = EDGE_CURVE ( 'NONE', #5926, #6096, #1537, .T. ) ;
#5801 = DIRECTION ( 'NONE',  ( 0.000000000000000000, 0.000000000000000000, -1.000000000000000000 ) ) ;
#5802 = LINE ( 'NONE', #299, #6290 ) ;
#5803 = DIRECTION ( 'NONE',  ( 0.000000000000000000, -1.000000000000000000, 0.000000000000000000 ) ) ;
#5804 = ORIENTED_EDGE ( 'NONE', *, *, #5737, .T. ) ;
#5805 = CARTESIAN_POINT ( 'NONE',  ( 36.69894853087959774, 0.000000000000000000, 40.26491364505290704 ) ) ;
#5806 = ORIENTED_EDGE ( 'NONE', *, *, #4448, .T. ) ;
#5807 = CARTESIAN_POINT ( 'NONE',  ( 11.44894849797541170, 110.8288427106673595, 41.26491364505290704 ) ) ;
#5808 = VERTEX_POINT ( 'NONE', #7016 ) ;
#5809 = ORIENTED_EDGE ( 'NONE', *, *, #929, .F. ) ;
#5810 = PLANE ( 'NONE',  #2948 ) ;
#5811 = CARTESIAN_POINT ( 'NONE',  ( 28.12661459656889207, 31.50596112700795715, 26.98899745139638640 ) ) ;
#5812 = ORIENTED_EDGE ( 'NONE', *, *, #6954, .F. ) ;
#5813 = EDGE_LOOP ( 'NONE', ( #3143, #6439, #6984, #2686 ) ) ;
#5814 = DIRECTION ( 'NONE',  ( 0.4984711242580832091, -2.128183344458105255E-16, -0.8669063030575349105 ) ) ;
#5815 = DIRECTION ( 'NONE',  ( 0.000000000000000000, 0.000000000000000000, 1.000000000000000000 ) ) ;
#5816 = DIRECTION ( 'NONE',  ( 0.000000000000000000, 0.000000000000000000, 1.000000000000000000 ) ) ;
#5817 = EDGE_LOOP ( 'NONE', ( #3680, #6804, #6216, #1225 ) ) ;
#5818 = CARTESIAN_POINT ( 'NONE',  ( 11.44894849797495340, -4.766582336324769748E-14, 41.76491364505290704 ) ) ;
#5819 = ORIENTED_EDGE ( 'NONE', *, *, #4004, .F. ) ;
#5820 = VECTOR ( 'NONE', #21, 1000.000000000000000 ) ;
#5821 = EDGE_CURVE ( 'NONE', #858, #1949, #5376, .T. ) ;
#5822 = CARTESIAN_POINT ( 'NONE',  ( 38.73063804975123503, 49.69353036767410003, 39.01567808292387696 ) ) ;
#5823 = CARTESIAN_POINT ( 'NONE',  ( 9.098948465071329039, 122.1059670551352383, 41.26491364505290704 ) ) ;
#5824 = CARTESIAN_POINT ( 'NONE',  ( 6.464565929501816299, 113.4475226297204529, 39.69822752885244199 ) ) ;
#5825 = DIRECTION ( 'NONE',  ( -0.000000000000000000, 0.000000000000000000, 1.000000000000000000 ) ) ;
#5826 = CARTESIAN_POINT ( 'NONE',  ( 25.19894853087959063, 112.5059670551349029, 41.26491364505290704 ) ) ;
#5827 = VECTOR ( 'NONE', #7164, 1000.000000000000000 ) ;
#5828 = EDGE_CURVE ( 'NONE', #3263, #1496, #5304, .T. ) ;
#5829 = DIRECTION ( 'NONE',  ( -0.9103664774626044620, 5.742669455260694656E-16, 0.4138029443011844721 ) ) ;
#5830 = EDGE_CURVE ( 'NONE', #6764, #2266, #2643, .T. ) ;
#5831 = CARTESIAN_POINT ( 'NONE',  ( 36.69894853087959774, 111.7059670551352326, 40.26491364505290704 ) ) ;
#5832 = DIRECTION ( 'NONE',  ( 1.000000000000000000, -3.469446694862101795E-16, 0.000000000000000000 ) ) ;
#5833 = AXIS2_PLACEMENT_3D ( 'NONE', #6536, #1533, #3732 ) ;
#5834 = ORIENTED_EDGE ( 'NONE', *, *, #1659, .F. ) ;
#5835 = DIRECTION ( 'NONE',  ( 0.000000000000000000, 0.000000000000000000, -1.000000000000000000 ) ) ;
#5836 = ORIENTED_EDGE ( 'NONE', *, *, #1684, .T. ) ;
#5837 = DIRECTION ( 'NONE',  ( -0.000000000000000000, 0.000000000000000000, 1.000000000000000000 ) ) ;
#5838 = LINE ( 'NONE', #4834, #4720 ) ;
#5839 = ORIENTED_EDGE ( 'NONE', *, *, #1767, .F. ) ;
#5840 = ORIENTED_EDGE ( 'NONE', *, *, #6912, .F. ) ;
#5841 = DIRECTION ( 'NONE',  ( 0.000000000000000000, 0.000000000000000000, -1.000000000000000000 ) ) ;
#5842 = CARTESIAN_POINT ( 'NONE',  ( 12.09894846507153865, 29.50596112700796780, 36.52772474913101775 ) ) ;
#5843 = DIRECTION ( 'NONE',  ( 0.000000000000000000, 1.000000000000000000, 0.000000000000000000 ) ) ;
#5844 = VECTOR ( 'NONE', #3009, 1000.000000000000000 ) ;
#5845 = CARTESIAN_POINT ( 'NONE',  ( -0.000000000000000000, 16.50596112700797136, 42.76491364505290704 ) ) ;
#5846 = CYLINDRICAL_SURFACE ( 'NONE', #3136, 0.5000000000000004441 ) ;
#5847 = CIRCLE ( 'NONE', #2376, 2.000000000000000000 ) ;
#5848 = ORIENTED_EDGE ( 'NONE', *, *, #4428, .F. ) ;
#5849 = CIRCLE ( 'NONE', #2031, 1.899999999999999023 ) ;
#5850 = VERTEX_POINT ( 'NONE', #3169 ) ;
#5851 = CARTESIAN_POINT ( 'NONE',  ( 36.69894853087959063, 0.000000000000000000, 40.26491364505290704 ) ) ;
#5852 = ORIENTED_EDGE ( 'NONE', *, *, #5489, .T. ) ;
#5853 = AXIS2_PLACEMENT_3D ( 'NONE', #1462, #4213, #5337 ) ;
#5854 = CARTESIAN_POINT ( 'NONE',  ( 4.448948497975443672, 32.86591882637210915, 40.26491364505282178 ) ) ;
#5855 = VECTOR ( 'NONE', #5116, 1000.000000000000000 ) ;
#5856 = DIRECTION ( 'NONE',  ( -1.000000000000000000, 0.000000000000000000, 0.000000000000000000 ) ) ;
#5857 = ORIENTED_EDGE ( 'NONE', *, *, #1095, .F. ) ;
#5858 = CARTESIAN_POINT ( 'NONE',  ( 37.51416150573066943, 112.9039490906258436, 40.26491364505296389 ) ) ;
#5859 = VERTEX_POINT ( 'NONE', #5923 ) ;
#5860 = AXIS2_PLACEMENT_3D ( 'NONE', #3447, #2911, #5668 ) ;
#5861 = CARTESIAN_POINT ( 'NONE',  ( 37.83722915196621983, 49.00102417639568131, 38.86508023047473870 ) ) ;
#5862 = CARTESIAN_POINT ( 'NONE',  ( 6.698948465071303815, 38.50596112700797136, 41.76491364505290704 ) ) ;
#5863 = EDGE_CURVE ( 'NONE', #6748, #5192, #3207, .T. ) ;
#5864 = EDGE_CURVE ( 'NONE', #6748, #46, #1503, .T. ) ;
#5865 = PLANE ( 'NONE',  #2485 ) ;
#5866 = CARTESIAN_POINT ( 'NONE',  ( 0.000000000000000000, 38.50596112700797136, 42.76491364505290704 ) ) ;
#5867 = EDGE_CURVE ( 'NONE', #1540, #2748, #2528, .T. ) ;
#5868 = CYLINDRICAL_SURFACE ( 'NONE', #5658, 0.5000000000000004441 ) ;
#5869 = CARTESIAN_POINT ( 'NONE',  ( 33.06111319306151586, 47.09579988552805219, 41.26491364505290704 ) ) ;
#5870 = VECTOR ( 'NONE', #7053, 1000.000000000000000 ) ;
#5871 = DIRECTION ( 'NONE',  ( 1.000000000000000000, -9.089951014118086735E-14, 0.000000000000000000 ) ) ;
#5872 = ORIENTED_EDGE ( 'NONE', *, *, #4991, .F. ) ;
#5873 = EDGE_CURVE ( 'NONE', #5222, #3206, #2551, .T. ) ;
#5874 = CARTESIAN_POINT ( 'NONE',  ( 0.000000000000000000, 24.61591931483222240, 40.26491364505290704 ) ) ;
#5875 = ORIENTED_EDGE ( 'NONE', *, *, #3778, .T. ) ;
#5876 = CARTESIAN_POINT ( 'NONE',  ( 11.59894846507153865, 30.00596112700797136, 37.13093904883731255 ) ) ;
#5877 = ADVANCED_FACE ( 'NONE', ( #5992 ), #3703, .T. ) ;
#5878 = DIRECTION ( 'NONE',  ( -1.000000000000000000, 9.156478491488235634E-14, 0.000000000000000000 ) ) ;
#5879 = CIRCLE ( 'NONE', #2755, 0.4999999999999982236 ) ;
#5880 = ORIENTED_EDGE ( 'NONE', *, *, #5475, .F. ) ;
#5881 = ORIENTED_EDGE ( 'NONE', *, *, #5278, .F. ) ;
#5882 = CARTESIAN_POINT ( 'NONE',  ( 30.94894849797543657, 0.000000000000000000, 41.76491364505290704 ) ) ;
#5883 = FACE_OUTER_BOUND ( 'NONE', #4423, .T. ) ;
#5884 = LINE ( 'NONE', #422, #6111 ) ;
#5885 = TOROIDAL_SURFACE ( 'NONE', #570, 2.500000000000000000, 0.5000000000000000000 ) ;
#5886 = VERTEX_POINT ( 'NONE', #6395 ) ;
#5887 = CARTESIAN_POINT ( 'NONE',  ( 0.000000000000000000, 116.5059670551347750, 41.26491364505290704 ) ) ;
#5888 = CARTESIAN_POINT ( 'NONE',  ( 38.29718489822246141, 46.09356802593331537, 39.26491364505291415 ) ) ;
#5889 = ADVANCED_FACE ( 'NONE', ( #1423 ), #4217, .T. ) ;
#5890 = EDGE_CURVE ( 'NONE', #2944, #6008, #3883, .T. ) ;
#5891 = AXIS2_PLACEMENT_3D ( 'NONE', #6179, #490, #2261 ) ;
#5892 = ORIENTED_EDGE ( 'NONE', *, *, #4786, .F. ) ;
#5893 = ORIENTED_EDGE ( 'NONE', *, *, #3647, .T. ) ;
#5894 = AXIS2_PLACEMENT_3D ( 'NONE', #6258, #1283, #742 ) ;
#5895 = CARTESIAN_POINT ( 'NONE',  ( 6.698948465071296710, 31.36591882637202033, 42.76491364505290704 ) ) ;
#5896 = EDGE_LOOP ( 'NONE', ( #3228, #920, #5881, #692 ) ) ;
#5897 = AXIS2_PLACEMENT_3D ( 'NONE', #5763, #5825, #2570 ) ;
#5898 = LINE ( 'NONE', #6002, #934 ) ;
#5899 = CARTESIAN_POINT ( 'NONE',  ( 23.11959897052461699, 109.5059670551350592, 23.76491364505290704 ) ) ;
#5900 = ORIENTED_EDGE ( 'NONE', *, *, #6332, .F. ) ;
#5901 = CARTESIAN_POINT ( 'NONE',  ( 6.698948465071291380, -1.307913153195722673E-15, 40.26491364505290704 ) ) ;
#5902 = ORIENTED_EDGE ( 'NONE', *, *, #5152, .F. ) ;
#5903 = CIRCLE ( 'NONE', #2780, 0.5000000000000004441 ) ;
#5904 = CARTESIAN_POINT ( 'NONE',  ( 37.72218489822243015, -2.379547625748517825E-14, 38.76491364505291415 ) ) ;
#5905 = PLANE ( 'NONE',  #3119 ) ;
#5906 = CYLINDRICAL_SURFACE ( 'NONE', #2484, 0.4999999999999982236 ) ;
#5907 = AXIS2_PLACEMENT_3D ( 'NONE', #4809, #7024, #4881 ) ;
#5908 = EDGE_CURVE ( 'NONE', #1074, #1, #1609, .T. ) ;
#5909 = CYLINDRICAL_SURFACE ( 'NONE', #3051, 7.499999999999996447 ) ;
#5910 = CIRCLE ( 'NONE', #6833, 1.999999999999998224 ) ;
#5911 = LINE ( 'NONE', #1991, #6327 ) ;
#5912 = EDGE_LOOP ( 'NONE', ( #5654, #5474, #937, #1760, #6843, #6388, #2066 ) ) ;
#5913 = CARTESIAN_POINT ( 'NONE',  ( -2.204338180864525932E-14, 1.092148475516849349, 21.76491364505290704 ) ) ;
#5914 = EDGE_LOOP ( 'NONE', ( #4650, #1937, #797, #5792 ) ) ;
#5915 = LINE ( 'NONE', #5983, #6215 ) ;
#5916 = ADVANCED_FACE ( 'NONE', ( #5018 ), #1755, .F. ) ;
#5917 = ORIENTED_EDGE ( 'NONE', *, *, #5508, .T. ) ;
#5918 = ORIENTED_EDGE ( 'NONE', *, *, #3436, .F. ) ;
#5919 = CARTESIAN_POINT ( 'NONE',  ( 15.77128239938193133, 33.50596112700797136, 26.98899745139638640 ) ) ;
#5920 = DIRECTION ( 'NONE',  ( 0.000000000000000000, -1.000000000000000000, 0.000000000000000000 ) ) ;
#5921 = EDGE_CURVE ( 'NONE', #179, #4653, #5556, .T. ) ;
#5922 = ORIENTED_EDGE ( 'NONE', *, *, #2729, .F. ) ;
#5923 = CARTESIAN_POINT ( 'NONE',  ( 20.77829802542625615, 33.50596112700796425, 21.76491364505290704 ) ) ;
#5924 = CYLINDRICAL_SURFACE ( 'NONE', #4056, 0.5000000000000004441 ) ;
#5925 = EDGE_CURVE ( 'NONE', #4283, #479, #735, .T. ) ;
#5926 = VERTEX_POINT ( 'NONE', #6108 ) ;
#5927 = VERTEX_POINT ( 'NONE', #1642 ) ;
#5928 = EDGE_CURVE ( 'NONE', #6101, #3033, #2687, .T. ) ;
#5929 = DIRECTION ( 'NONE',  ( 0.000000000000000000, 0.000000000000000000, -1.000000000000000000 ) ) ;
#5930 = CARTESIAN_POINT ( 'NONE',  ( 38.22190401052463926, 62.67725764581899739, 39.19945200357751247 ) ) ;
#5931 = CARTESIAN_POINT ( 'NONE',  ( 37.19894853087983222, 59.50596112700796425, 42.76491364505290704 ) ) ;
#5932 = ORIENTED_EDGE ( 'NONE', *, *, #3976, .F. ) ;
#5933 = DIRECTION ( 'NONE',  ( 0.000000000000000000, 0.000000000000000000, -1.000000000000000000 ) ) ;
#5934 = ORIENTED_EDGE ( 'NONE', *, *, #2654, .F. ) ;
#5935 = CARTESIAN_POINT ( 'NONE',  ( 15.44894849797545788, 116.5059670551347750, 40.26491364505290704 ) ) ;
#5936 = CARTESIAN_POINT ( 'NONE',  ( 30.94894849797543301, 31.50596112700795004, 41.26491364505290704 ) ) ;
#5937 = DIRECTION ( 'NONE',  ( 2.891205793294677833E-16, -1.823797295821245907E-31, -1.000000000000000000 ) ) ;
#5938 = DIRECTION ( 'NONE',  ( -0.0004794411333274459729, -0.9999998850680932305, -0.000000000000000000 ) ) ;
#5939 = VECTOR ( 'NONE', #6689, 1000.000000000000000 ) ;
#5940 = DIRECTION ( 'NONE',  ( 0.000000000000000000, -1.000000000000000000, 0.000000000000000000 ) ) ;
#5941 = CARTESIAN_POINT ( 'NONE',  ( 39.01813804975127908, 74.27725659993859608, 39.51567808292392670 ) ) ;
#5942 = VERTEX_POINT ( 'NONE', #3380 ) ;
#5943 = CARTESIAN_POINT ( 'NONE',  ( 18.44894849797545788, 111.5059670551350592, 34.38948260544476199 ) ) ;
#5944 = ORIENTED_EDGE ( 'NONE', *, *, #523, .F. ) ;
#5945 = AXIS2_PLACEMENT_3D ( 'NONE', #1059, #4499, #1193 ) ;
#5946 = LINE ( 'NONE', #2293, #3534 ) ;
#5947 = DIRECTION ( 'NONE',  ( -0.8669063030575352435, 5.468518965040622739E-16, 0.4984711242580827095 ) ) ;
#5948 = ORIENTED_EDGE ( 'NONE', *, *, #1219, .F. ) ;
#5949 = AXIS2_PLACEMENT_3D ( 'NONE', #6114, #2811, #5022 ) ;
#5950 = SURFACE_STYLE_USAGE ( .BOTH. , #6534 ) ;
#5951 = CARTESIAN_POINT ( 'NONE',  ( 6.698948465071303815, 76.60596409107161264, 41.26491364505290704 ) ) ;
#5952 = CARTESIAN_POINT ( 'NONE',  ( 7.448948465071308256, 74.60596705513523830, 40.26491364505290704 ) ) ;
#5953 = DIRECTION ( 'NONE',  ( -1.000000000000000000, 0.000000000000000000, 0.000000000000000000 ) ) ;
#5954 = ORIENTED_EDGE ( 'NONE', *, *, #4385, .T. ) ;
#5955 = DIRECTION ( 'NONE',  ( 6.938893903908282296E-15, -1.000000000000000000, 0.000000000000000000 ) ) ;
#5956 = EDGE_CURVE ( 'NONE', #5533, #6707, #3810, .T. ) ;
#5957 = CARTESIAN_POINT ( 'NONE',  ( 33.03852587496549376, -0.01584003010948646997, 39.26491364505291415 ) ) ;
#5958 = ADVANCED_FACE ( 'NONE', ( #522 ), #1143, .F. ) ;
#5959 = ORIENTED_EDGE ( 'NONE', *, *, #3966, .T. ) ;
#5960 = VERTEX_POINT ( 'NONE', #5056 ) ;
#5961 = AXIS2_PLACEMENT_3D ( 'NONE', #3982, #2395, #5115 ) ;
#5962 = EDGE_CURVE ( 'NONE', #6799, #4898, #4616, .T. ) ;
#5963 = DIRECTION ( 'NONE',  ( 0.000000000000000000, -0.000000000000000000, 1.000000000000000000 ) ) ;
#5964 = CARTESIAN_POINT ( 'NONE',  ( 38.73063804975114977, 62.17725764581898318, 39.01567808292371353 ) ) ;
#5965 = LINE ( 'NONE', #4226, #7018 ) ;
#5966 = CIRCLE ( 'NONE', #2849, 0.5000000000000004441 ) ;
#5967 = CARTESIAN_POINT ( 'NONE',  ( 38.58468489820591429, 111.6834371197918898, 40.26491364505297099 ) ) ;
#5968 = EDGE_CURVE ( 'NONE', #3615, #4362, #5517, .T. ) ;
#5969 = VERTEX_POINT ( 'NONE', #2727 ) ;
#5970 = VECTOR ( 'NONE', #75, 1000.000000000000000 ) ;
#5971 = VECTOR ( 'NONE', #3932, 1000.000000000000000 ) ;
#5972 = CARTESIAN_POINT ( 'NONE',  ( 5.103558419136747126, 112.4228324065814490, 39.54145691291056153 ) ) ;
#5973 = CARTESIAN_POINT ( 'NONE',  ( 4.879758946199604708, 32.86591882637206652, 39.51567808292384854 ) ) ;
#5974 = DIRECTION ( 'NONE',  ( -4.163336342344333871E-15, 1.000000000000000000, 0.000000000000000000 ) ) ;
#5975 = DIRECTION ( 'NONE',  ( 1.000000000000000000, 0.000000000000000000, 0.000000000000000000 ) ) ;
#5976 = ADVANCED_FACE ( 'NONE', ( #5486 ), #3957, .F. ) ;
#5977 = EDGE_CURVE ( 'NONE', #2423, #3910, #1736, .T. ) ;
#5978 = CARTESIAN_POINT ( 'NONE',  ( 39.08468489822251257, 74.27725659993861029, 39.76491364505297099 ) ) ;
#5979 = CARTESIAN_POINT ( 'NONE',  ( 4.886821459654075392E-14, 113.5059670551350735, 1.099533726358227175E-29 ) ) ;
#5980 = VERTEX_POINT ( 'NONE', #7156 ) ;
#5981 = CARTESIAN_POINT ( 'NONE',  ( 32.69894853087960485, 119.5059670551349171, 40.26491364505290704 ) ) ;
#5982 = VECTOR ( 'NONE', #2115, 1000.000000000000000 ) ;
#5983 = CARTESIAN_POINT ( 'NONE',  ( 9.598948465071334368, 75.10596705513523830, 41.26491364505290704 ) ) ;
#5984 = DIRECTION ( 'NONE',  ( 6.308085367188390241E-16, 1.000000000000000000, 0.000000000000000000 ) ) ;
#5985 = VECTOR ( 'NONE', #4095, 1000.000000000000000 ) ;
#5986 = ORIENTED_EDGE ( 'NONE', *, *, #659, .T. ) ;
#5987 = ORIENTED_EDGE ( 'NONE', *, *, #736, .T. ) ;
#5988 = DIRECTION ( 'NONE',  ( 0.4138029443011821407, 0.000000000000000000, -0.9103664774626055722 ) ) ;
#5989 = DIRECTION ( 'NONE',  ( 0.8669063030575347994, 0.000000000000000000, 0.4984711242580832091 ) ) ;
#5990 = CARTESIAN_POINT ( 'NONE',  ( 4.221849852007517004E-13, 36.50596112700841189, 42.76491364505290704 ) ) ;
#5991 = ORIENTED_EDGE ( 'NONE', *, *, #5576, .T. ) ;
#5992 = FACE_OUTER_BOUND ( 'NONE', #3283, .T. ) ;
#5993 = AXIS2_PLACEMENT_3D ( 'NONE', #4282, #6495, #1525 ) ;
#5994 = CARTESIAN_POINT ( 'NONE',  ( 39.01813804975130751, 111.5059670551350592, 39.51567808292392670 ) ) ;
#5995 = ORIENTED_EDGE ( 'NONE', *, *, #4219, .T. ) ;
#5996 = EDGE_CURVE ( 'NONE', #2508, #772, #6899, .T. ) ;
#5997 = ORIENTED_EDGE ( 'NONE', *, *, #6019, .F. ) ;
#5998 = VECTOR ( 'NONE', #1850, 1000.000000000000000 ) ;
#5999 = DIRECTION ( 'NONE',  ( 0.000000000000000000, 0.000000000000000000, -1.000000000000000000 ) ) ;
#6000 = DIRECTION ( 'NONE',  ( -0.8669063030575347994, 0.000000000000000000, 0.4984711242580834312 ) ) ;
#6001 = FACE_OUTER_BOUND ( 'NONE', #4524, .T. ) ;
#6002 = CARTESIAN_POINT ( 'NONE',  ( 37.19894853087963327, 111.7059670551352326, 40.26491364505290704 ) ) ;
#6003 = CARTESIAN_POINT ( 'NONE',  ( 37.83752126588667863, 46.78651134057222549, 38.86508023047119309 ) ) ;
#6004 = AXIS2_PLACEMENT_3D ( 'NONE', #825, #6404, #5240 ) ;
#6005 = EDGE_LOOP ( 'NONE', ( #324, #1136, #6864 ) ) ;
#6006 = DIRECTION ( 'NONE',  ( 0.4457554083369029141, -0.4475773999931242364, -0.7752267971076567399 ) ) ;
#6007 = ADVANCED_FACE ( 'NONE', ( #2186 ), #563, .T. ) ;
#6008 = VERTEX_POINT ( 'NONE', #1915 ) ;
#6009 = CIRCLE ( 'NONE', #3804, 0.5000000000000004441 ) ;
#6010 = EDGE_CURVE ( 'NONE', #5408, #3557, #6856, .T. ) ;
#6011 = CARTESIAN_POINT ( 'NONE',  ( -0.000000000000000000, 75.10596705513523830, 41.76491364505290704 ) ) ;
#6012 = DIRECTION ( 'NONE',  ( 2.689493761204353509E-15, -1.000000000000000000, 0.000000000000000000 ) ) ;
#6013 = DIRECTION ( 'NONE',  ( -1.000000000000000000, 0.000000000000000000, -2.891205793294677833E-16 ) ) ;
#6014 = ORIENTED_EDGE ( 'NONE', *, *, #6474, .T. ) ;
#6015 = DIRECTION ( 'NONE',  ( 0.000000000000000000, 0.000000000000000000, -1.000000000000000000 ) ) ;
#6016 = DIRECTION ( 'NONE',  ( 0.000000000000000000, 0.000000000000000000, 1.000000000000000000 ) ) ;
#6017 = CARTESIAN_POINT ( 'NONE',  ( 33.41289214232726579, 16.90596112700752940, 42.76491364505290704 ) ) ;
#6018 = ORIENTED_EDGE ( 'NONE', *, *, #4353, .T. ) ;
#6019 = EDGE_CURVE ( 'NONE', #2792, #4759, #4164, .T. ) ;
#6020 = LINE ( 'NONE', #5593, #4342 ) ;
#6021 = AXIS2_PLACEMENT_3D ( 'NONE', #6871, #2411, #6326 ) ;
#6022 = EDGE_CURVE ( 'NONE', #5028, #1, #3926, .T. ) ;
#6023 = DIRECTION ( 'NONE',  ( -1.577021341797097560E-16, -1.000000000000000000, 0.000000000000000000 ) ) ;
#6024 = AXIS2_PLACEMENT_3D ( 'NONE', #2845, #2262, #1681 ) ;
#6025 = EDGE_LOOP ( 'NONE', ( #849, #6320, #1725, #2861 ) ) ;
#6026 = ORIENTED_EDGE ( 'NONE', *, *, #878, .T. ) ;
#6027 = DIRECTION ( 'NONE',  ( 6.308085367188390241E-16, 1.000000000000000000, 0.000000000000000000 ) ) ;
#6028 = DIRECTION ( 'NONE',  ( -1.000000000000000000, -1.387778780781444413E-14, 0.000000000000000000 ) ) ;
#6029 = CARTESIAN_POINT ( 'NONE',  ( 0.000000000000000000, 112.5059670551349029, 42.76491364505290704 ) ) ;
#6030 = ORIENTED_EDGE ( 'NONE', *, *, #2769, .T. ) ;
#6031 = DIRECTION ( 'NONE',  ( 0.000000000000000000, 1.000000000000000000, 0.000000000000000000 ) ) ;
#6032 = DIRECTION ( 'NONE',  ( -0.000000000000000000, -0.000000000000000000, 1.000000000000000000 ) ) ;
#6033 = ORIENTED_EDGE ( 'NONE', *, *, #1018, .T. ) ;
#6034 = VERTEX_POINT ( 'NONE', #832 ) ;
#6035 = LINE ( 'NONE', #2527, #1549 ) ;
#6036 = CARTESIAN_POINT ( 'NONE',  ( 37.19894853087983222, 49.19405684995727057, 40.05780686386642486 ) ) ;
#6037 = LINE ( 'NONE', #5539, #7025 ) ;
#6038 = DIRECTION ( 'NONE',  ( 1.000000000000000000, 0.000000000000000000, 0.000000000000000000 ) ) ;
#6039 = EDGE_CURVE ( 'NONE', #4086, #6330, #2075, .T. ) ;
#6040 = ORIENTED_EDGE ( 'NONE', *, *, #3295, .T. ) ;
#6041 = DIRECTION ( 'NONE',  ( 0.000000000000000000, 0.8660254037844351549, -0.5000000000000062172 ) ) ;
#6042 = EDGE_LOOP ( 'NONE', ( #1488, #2092, #4140, #3552 ) ) ;
#6043 = FACE_OUTER_BOUND ( 'NONE', #6151, .T. ) ;
#6044 = CARTESIAN_POINT ( 'NONE',  ( 5.833968472569904584, 30.80848548619363214, 39.62559078659992906 ) ) ;
#6045 = DIRECTION ( 'NONE',  ( 0.9999998850680932305, -0.0004794411333293943384, 0.000000000000000000 ) ) ;
#6046 = EDGE_CURVE ( 'NONE', #744, #2792, #799, .T. ) ;
#6047 = ORIENTED_EDGE ( 'NONE', *, *, #6158, .T. ) ;
#6048 = CARTESIAN_POINT ( 'NONE',  ( 11.44894849797545611, 121.5059670551347750, 42.76491364505290704 ) ) ;
#6049 =( BOUNDED_SURFACE ( )  B_SPLINE_SURFACE ( 3, 2, ( 
 ( #5256, #1346, #6969 ),
 ( #2505, #6315, #6186 ),
 ( #305, #4174, #874 ),
 ( #5292, #1995, #1212 ),
 ( #4719, #3553, #2890 ),
 ( #3019, #5227, #3160 ) ),
 .UNSPECIFIED., .F., .F., .F. ) 
 B_SPLINE_SURFACE_WITH_KNOTS ( ( 4, 2, 4 ),
 ( 3, 3 ),
 ( 0.000000000000000000, 0.0005385799201028443599, 0.001077159840205688720 ),
 ( 0.000000000000000000, 1.000000000000000000 ),
 .UNSPECIFIED. ) 
 GEOMETRIC_REPRESENTATION_ITEM ( )  RATIONAL_B_SPLINE_SURFACE ( (
 ( 1.000000000000000000, 0.9124317808639409444, 1.000000000000000000),
 ( 1.000000000000000000, 0.9389313903251088611, 1.000000000000000000),
 ( 1.000000000000000000, 0.9611177036887880165, 1.000000000000000000),
 ( 1.000000000000000000, 0.9917239271962411395, 1.000000000000000000),
 ( 1.000000000000000000, 1.000072258501433442, 1.000000000000000000),
 ( 1.000000000000000000, 1.000000000000000000, 1.000000000000000000) ) ) 
 REPRESENTATION_ITEM ( '' )  SURFACE ( )  );
#6050 = EDGE_CURVE ( 'NONE', #3110, #4488, #6137, .T. ) ;
#6051 = DIRECTION ( 'NONE',  ( -0.4457554083369031916, 0.4475773999931247360, 0.7752267971076561848 ) ) ;
#6052 = DIRECTION ( 'NONE',  ( 1.000000000000000000, -9.156478491488224274E-14, 2.135044278125296610E-15 ) ) ;
#6053 = ORIENTED_EDGE ( 'NONE', *, *, #6650, .F. ) ;
#6054 = CARTESIAN_POINT ( 'NONE',  ( 7.968439722611651455, 30.86591882637194573, 38.15632786135800103 ) ) ;
#6055 = PLANE ( 'NONE',  #1700 ) ;
#6056 = EDGE_CURVE ( 'NONE', #6705, #1651, #1379, .T. ) ;
#6057 = PRESENTATION_LAYER_ASSIGNMENT (  '', '', ( #6182 ) ) ;
#6058 = DIRECTION ( 'NONE',  ( -1.000000000000000000, -1.084202172485503448E-16, 0.000000000000000000 ) ) ;
#6059 = ADVANCED_FACE ( 'NONE', ( #6411 ), #905, .T. ) ;
#6060 = ORIENTED_EDGE ( 'NONE', *, *, #4605, .F. ) ;
#6061 = DIRECTION ( 'NONE',  ( 0.000000000000000000, 0.000000000000000000, -1.000000000000000000 ) ) ;
#6062 = PLANE ( 'NONE',  #1228 ) ;
#6063 = AXIS2_PLACEMENT_3D ( 'NONE', #172, #2228, #2850 ) ;
#6064 = CARTESIAN_POINT ( 'NONE',  ( -3.709915889053858940E-14, 113.5059670551350735, 40.26491364505288573 ) ) ;
#6065 = LINE ( 'NONE', #1100, #5755 ) ;
#6066 = ORIENTED_EDGE ( 'NONE', *, *, #1974, .F. ) ;
#6067 = DIRECTION ( 'NONE',  ( -2.135044278125296610E-15, 1.346804156914148331E-30, 1.000000000000000000 ) ) ;
#6068 = DIRECTION ( 'NONE',  ( 1.595945597898635706E-14, -1.000000000000000000, 2.775557561562888827E-14 ) ) ;
#6069 = AXIS2_PLACEMENT_3D ( 'NONE', #4879, #3277, #859 ) ;
#6070 = EDGE_CURVE ( 'NONE', #6365, #6818, #5314, .T. ) ;
#6071 = EDGE_CURVE ( 'NONE', #837, #192, #1336, .T. ) ;
#6072 = VERTEX_POINT ( 'NONE', #261 ) ;
#6073 = VERTEX_POINT ( 'NONE', #2531 ) ;
#6074 = CARTESIAN_POINT ( 'NONE',  ( 38.58198512144890913, 48.98238721858236033, 38.75715125109539372 ) ) ;
#6075 = LINE ( 'NONE', #1728, #892 ) ;
#6076 = DIRECTION ( 'NONE',  ( 0.000000000000000000, -1.000000000000000000, -0.000000000000000000 ) ) ;
#6077 = CARTESIAN_POINT ( 'NONE',  ( 17.68276110409048485, 29.50596112700796780, 21.26185589356906647 ) ) ;
#6078 = LINE ( 'NONE', #4952, #2854 ) ;
#6079 = VERTEX_POINT ( 'NONE', #292 ) ;
#6080 = CARTESIAN_POINT ( 'NONE',  ( 39.44894849797551473, 111.5059670551350308, 40.26491364505297810 ) ) ;
#6081 = VECTOR ( 'NONE', #194, 1000.000000000000000 ) ;
#6082 = ORIENTED_EDGE ( 'NONE', *, *, #1357, .F. ) ;
#6083 = AXIS2_PLACEMENT_3D ( 'NONE', #3269, #3665, #5483 ) ;
#6084 = EDGE_LOOP ( 'NONE', ( #2701, #207, #6376, #3936 ) ) ;
#6085 = CARTESIAN_POINT ( 'NONE',  ( 8.069519038863747440, 31.50596112700797136, 43.93287684453641617 ) ) ;
#6086 = VERTEX_POINT ( 'NONE', #1376 ) ;
#6087 = CARTESIAN_POINT ( 'NONE',  ( 33.19894853087960485, 119.0059670551349313, 42.76491364505290704 ) ) ;
#6088 = AXIS2_PLACEMENT_3D ( 'NONE', #5723, #2905, #5215 ) ;
#6089 = PLANE ( 'NONE',  #1454 ) ;
#6090 = EDGE_LOOP ( 'NONE', ( #138, #952, #1653, #5834 ) ) ;
#6091 = DIRECTION ( 'NONE',  ( 0.000000000000000000, 1.000000000000000000, -0.000000000000000000 ) ) ;
#6092 = AXIS2_PLACEMENT_3D ( 'NONE', #5565, #4507, #601 ) ;
#6093 = AXIS2_PLACEMENT_3D ( 'NONE', #6226, #1900, #248 ) ;
#6094 = CARTESIAN_POINT ( 'NONE',  ( 37.19894853087983932, 74.60596705513525251, 41.76491364505290704 ) ) ;
#6095 = DIRECTION ( 'NONE',  ( 1.000000000000000000, -0.000000000000000000, -0.000000000000000000 ) ) ;
#6096 = VERTEX_POINT ( 'NONE', #862 ) ;
#6097 = DIRECTION ( 'NONE',  ( 0.9103664774626049061, 0.000000000000000000, -0.4138029443011835840 ) ) ;
#6098 = CARTESIAN_POINT ( 'NONE',  ( 17.10600289698727750, 31.50596112700796425, 22.26491364505289994 ) ) ;
#6099 = CIRCLE ( 'NONE', #95, 0.5000000000000004441 ) ;
#6100 = AXIS2_PLACEMENT_3D ( 'NONE', #147, #6741, #5643 ) ;
#6101 = VERTEX_POINT ( 'NONE', #759 ) ;
#6102 = FACE_OUTER_BOUND ( 'NONE', #272, .T. ) ;
#6103 = AXIS2_PLACEMENT_3D ( 'NONE', #6787, #1814, #4668 ) ;
#6104 = PLANE ( 'NONE',  #3085 ) ;
#6105 = LINE ( 'NONE', #4977, #1556 ) ;
#6106 = DIRECTION ( 'NONE',  ( -0.9999998889741967822, 0.0004712235076032000847, -6.539539848571248507E-18 ) ) ;
#6107 = ORIENTED_EDGE ( 'NONE', *, *, #1800, .F. ) ;
#6108 = CARTESIAN_POINT ( 'NONE',  ( 32.94894849797545078, 73.77725659993912188, 42.76491364505290704 ) ) ;
#6109 = EDGE_CURVE ( 'NONE', #4116, #2379, #596, .T. ) ;
#6110 = SPHERICAL_SURFACE ( 'NONE', #3458, 0.5000000000000000000 ) ;
#6111 = VECTOR ( 'NONE', #2143, 1000.000000000000000 ) ;
#6112 = ORIENTED_EDGE ( 'NONE', *, *, #5672, .F. ) ;
#6113 = ORIENTED_EDGE ( 'NONE', *, *, #6109, .F. ) ;
#6114 = CARTESIAN_POINT ( 'NONE',  ( 0.000000000000000000, 0.000000000000000000, 42.76491364505290704 ) ) ;
#6115 = DIRECTION ( 'NONE',  ( 0.000000000000000000, -1.000000000000000000, 0.000000000000000000 ) ) ;
#6116 = VECTOR ( 'NONE', #5778, 1000.000000000000000 ) ;
#6117 = EDGE_CURVE ( 'NONE', #7139, #376, #1498, .T. ) ;
#6118 = DIRECTION ( 'NONE',  ( 2.198557299338474958E-14, 1.000000000000000000, 0.000000000000000000 ) ) ;
#6119 = EDGE_CURVE ( 'NONE', #4204, #6980, #3075, .T. ) ;
#6120 = DIRECTION ( 'NONE',  ( 0.000000000000000000, 0.000000000000000000, -1.000000000000000000 ) ) ;
#6121 = CARTESIAN_POINT ( 'NONE',  ( 38.15563804977011131, 46.96291582855175051, 38.01567808295669693 ) ) ;
#6122 = ORIENTED_EDGE ( 'NONE', *, *, #6956, .T. ) ;
#6123 = CARTESIAN_POINT ( 'NONE',  ( 11.36289761611378779, 110.7312701820229250, 41.26491364505291415 ) ) ;
#6124 = CIRCLE ( 'NONE', #5993, 2.000000000000000888 ) ;
#6125 = ORIENTED_EDGE ( 'NONE', *, *, #6810, .F. ) ;
#6126 = ORIENTED_EDGE ( 'NONE', *, *, #4581, .F. ) ;
#6127 = CARTESIAN_POINT ( 'NONE',  ( 37.19894853087961195, 122.6059670551352525, 41.76491364505290704 ) ) ;
#6128 = AXIS2_PLACEMENT_3D ( 'NONE', #5437, #373, #406 ) ;
#6129 = LINE ( 'NONE', #4528, #5320 ) ;
#6130 = ORIENTED_EDGE ( 'NONE', *, *, #4315, .T. ) ;
#6131 = VECTOR ( 'NONE', #5264, 1000.000000000000000 ) ;
#6132 = PLANE ( 'NONE',  #4090 ) ;
#6133 = CARTESIAN_POINT ( 'NONE',  ( 15.94894849797545966, 117.0059670551347750, 41.26491364505290704 ) ) ;
#6134 = EDGE_LOOP ( 'NONE', ( #4260, #387, #2394, #5096 ) ) ;
#6135 = CARTESIAN_POINT ( 'NONE',  ( 6.698948465071338454, 124.6059670551352241, 42.76491364505290704 ) ) ;
#6136 = CARTESIAN_POINT ( 'NONE',  ( 7.448948465071308256, 0.000000000000000000, 40.26491364505290704 ) ) ;
#6137 = CIRCLE ( 'NONE', #4151, 5.499999999999998224 ) ;
#6138 = EDGE_CURVE ( 'NONE', #2611, #1823, #6901, .T. ) ;
#6139 = ADVANCED_FACE ( 'NONE', ( #1954 ), #2018, .T. ) ;
#6140 = DIRECTION ( 'NONE',  ( 6.308085367188390241E-16, 1.000000000000000000, 0.000000000000000000 ) ) ;
#6141 = FACE_OUTER_BOUND ( 'NONE', #6200, .T. ) ;
#6142 = AXIS2_PLACEMENT_3D ( 'NONE', #1256, #6674, #2927 ) ;
#6143 = PLANE ( 'NONE',  #3424 ) ;
#6144 = CARTESIAN_POINT ( 'NONE',  ( 11.59894846507153865, 32.03032570077274954, 42.76491364505290704 ) ) ;
#6145 = CARTESIAN_POINT ( 'NONE',  ( 37.19894853087961906, 31.30596112700797917, 40.26491364505296389 ) ) ;
#6146 = ORIENTED_EDGE ( 'NONE', *, *, #1091, .T. ) ;
#6147 = CARTESIAN_POINT ( 'NONE',  ( 38.39381084811576983, 49.69369185650795373, 38.42989164529697632 ) ) ;
#6148 = LINE ( 'NONE', #3414, #5446 ) ;
#6149 = EDGE_CURVE ( 'NONE', #4591, #3452, #4919, .T. ) ;
#6150 = CIRCLE ( 'NONE', #4520, 7.500000000000000000 ) ;
#6151 = EDGE_LOOP ( 'NONE', ( #1185, #5795, #891, #4902, #7084, #4612, #793, #4043 ) ) ;
#6152 = ADVANCED_FACE ( 'NONE', ( #3683 ), #5905, .F. ) ;
#6153 = EDGE_LOOP ( 'NONE', ( #301, #6406, #1415, #168, #1280, #3897, #1231, #650, #1086, #5031, #6040, #5546, #5492, #4501, #155, #4614, #2968, #5188, #731, #4104, #3606, #1855, #3200, #1967, #5333, #3592, #382, #4792, #6223, #4995, #6719, #5615, #2961, #1644, #6737, #6259, #1106, #3740, #5020, #2581, #4554, #2308, #2959, #2486 ) ) ;
#6154 = DIRECTION ( 'NONE',  ( -1.000000000000000000, 0.000000000000000000, 0.000000000000000000 ) ) ;
#6155 = DIRECTION ( 'NONE',  ( 0.000000000000000000, 0.000000000000000000, -1.000000000000000000 ) ) ;
#6156 = DIRECTION ( 'NONE',  ( -0.9999998850680932305, 0.0004794411333293943384, -0.000000000000000000 ) ) ;
#6157 = CARTESIAN_POINT ( 'NONE',  ( 11.66235202214773636, 29.50596112700797136, 36.12378125954275987 ) ) ;
#6158 = EDGE_CURVE ( 'NONE', #3550, #192, #5776, .T. ) ;
#6159 = ORIENTED_EDGE ( 'NONE', *, *, #840, .F. ) ;
#6160 = EDGE_CURVE ( 'NONE', #1823, #2260, #6721, .T. ) ;
#6161 = EDGE_LOOP ( 'NONE', ( #4120, #2565, #78, #1884 ) ) ;
#6162 = DIRECTION ( 'NONE',  ( -0.9103664774626049061, 5.742669455260697614E-16, -0.4138029443011836395 ) ) ;
#6163 = FACE_OUTER_BOUND ( 'NONE', #3210, .T. ) ;
#6164 = DIRECTION ( 'NONE',  ( -0.000000000000000000, -0.000000000000000000, 1.000000000000000000 ) ) ;
#6165 =( BOUNDED_CURVE ( )  B_SPLINE_CURVE ( 3, ( #4517, #3891, #5062, #2812 ),
 .UNSPECIFIED., .F., .F. ) 
 B_SPLINE_CURVE_WITH_KNOTS ( ( 4, 4 ),
 ( 4.712388980384531578, 6.283185307179586232 ),
 .UNSPECIFIED. ) 
 CURVE ( )  GEOMETRIC_REPRESENTATION_ITEM ( )  RATIONAL_B_SPLINE_CURVE ( ( 1.000000000000000000, 0.8047378541243276340, 0.8047378541243276340, 1.000000000000000000 ) ) 
 REPRESENTATION_ITEM ( '' )  );
#6166 = ORIENTED_EDGE ( 'NONE', *, *, #42, .F. ) ;
#6167 = CARTESIAN_POINT ( 'NONE',  ( 37.19894853087962616, 113.4916393270192998, 39.86443068665846567 ) ) ;
#6168 = EDGE_CURVE ( 'NONE', #6101, #5137, #6487, .T. ) ;
#6169 = CARTESIAN_POINT ( 'NONE',  ( 28.52570670507866524, 113.5059670551350735, 21.26797139653673696 ) ) ;
#6170 = CARTESIAN_POINT ( 'NONE',  ( 37.19894853087983222, 49.19405684995727057, 39.76491364505296389 ) ) ;
#6171 = ORIENTED_EDGE ( 'NONE', *, *, #4932, .T. ) ;
#6172 = DIRECTION ( 'NONE',  ( -1.000000000000000000, 0.000000000000000000, 0.000000000000000000 ) ) ;
#6173 = CYLINDRICAL_SURFACE ( 'NONE', #1120, 0.5000000000000004441 ) ;
#6174 = DIRECTION ( 'NONE',  ( 0.000000000000000000, 0.000000000000000000, 1.000000000000000000 ) ) ;
#6175 = LINE ( 'NONE', #2802, #1339 ) ;
#6176 = FACE_OUTER_BOUND ( 'NONE', #3948, .T. ) ;
#6177 = CARTESIAN_POINT ( 'NONE',  ( 34.79894853087962758, 75.10596705513525251, 41.76491364505290704 ) ) ;
#6178 = ORIENTED_EDGE ( 'NONE', *, *, #5120, .F. ) ;
#6179 = CARTESIAN_POINT ( 'NONE',  ( 38.58468489822251257, 74.27725659993859608, 39.76491364505297099 ) ) ;
#6180 = CARTESIAN_POINT ( 'NONE',  ( 0.000000000000000000, 121.5059670551347750, 42.76491364505290704 ) ) ;
#6181 = ORIENTED_EDGE ( 'NONE', *, *, #5536, .F. ) ;
#6182 = STYLED_ITEM ( 'NONE', ( #485 ), #29 ) ;
#6183 = ORIENTED_EDGE ( 'NONE', *, *, #4711, .F. ) ;
#6184 = CARTESIAN_POINT ( 'NONE',  ( 33.56212001984960125, 49.19580049534072685, 41.26491364505290704 ) ) ;
#6185 = DIRECTION ( 'NONE',  ( 0.000000000000000000, 0.000000000000000000, -1.000000000000000000 ) ) ;
#6186 = CARTESIAN_POINT ( 'NONE',  ( 11.64672315266496483, 29.50596112700797136, 35.44034698854791543 ) ) ;
#6187 = CARTESIAN_POINT ( 'NONE',  ( 32.94894849797543657, 39.50596112700796425, 41.76491364505290704 ) ) ;
#6188 = AXIS2_PLACEMENT_3D ( 'NONE', #3831, #6051, #2287 ) ;
#6189 = EDGE_CURVE ( 'NONE', #3760, #1583, #7137, .T. ) ;
#6190 = ORIENTED_EDGE ( 'NONE', *, *, #7037, .F. ) ;
#6191 = ORIENTED_EDGE ( 'NONE', *, *, #178, .F. ) ;
#6192 = AXIS2_PLACEMENT_3D ( 'NONE', #6360, #4617, #6427 ) ;
#6193 = EDGE_CURVE ( 'NONE', #1913, #3102, #3570, .T. ) ;
#6194 = DIRECTION ( 'NONE',  ( 0.000000000000000000, -1.000000000000000000, 0.000000000000000000 ) ) ;
#6195 = ORIENTED_EDGE ( 'NONE', *, *, #4007, .F. ) ;
#6196 = LINE ( 'NONE', #5072, #6723 ) ;
#6197 = CARTESIAN_POINT ( 'NONE',  ( 10.94894849797543479, 38.50596112700797136, 42.76491364505290704 ) ) ;
#6198 = EDGE_CURVE ( 'NONE', #2741, #5774, #2573, .T. ) ;
#6199 = VECTOR ( 'NONE', #5920, 1000.000000000000000 ) ;
#6200 = EDGE_LOOP ( 'NONE', ( #5176, #4417, #3715, #5349 ) ) ;
#6201 = CARTESIAN_POINT ( 'NONE',  ( 22.47690239014956148, 111.5059670551350592, 12.92421887433598826 ) ) ;
#6202 = VECTOR ( 'NONE', #1124, 1000.000000000000000 ) ;
#6203 = CARTESIAN_POINT ( 'NONE',  ( 34.79894853087962758, 75.10596705513525251, 41.26491364505290704 ) ) ;
#6204 = VERTEX_POINT ( 'NONE', #6601 ) ;
#6205 = CARTESIAN_POINT ( 'NONE',  ( 38.15563804975124640, 73.27725659993869556, 38.01567808292386985 ) ) ;
#6206 = CARTESIAN_POINT ( 'NONE',  ( 37.96035769658701042, 62.67725764581901160, 38.97202042623942475 ) ) ;
#6207 = ADVANCED_FACE ( 'NONE', ( #945 ), #4856, .T. ) ;
#6208 = DIRECTION ( 'NONE',  ( -1.000000000000000000, 0.000000000000000000, 0.000000000000000000 ) ) ;
#6209 = AXIS2_PLACEMENT_3D ( 'NONE', #1163, #3362, #6600 ) ;
#6210 = LINE ( 'NONE', #558, #5820 ) ;
#6211 = DIRECTION ( 'NONE',  ( 0.000000000000000000, -1.387778780781444413E-14, -1.000000000000000000 ) ) ;
#6212 = CARTESIAN_POINT ( 'NONE',  ( 30.45596412401975073, 31.50596112700795715, 32.11356641178825555 ) ) ;
#6213 = AXIS2_PLACEMENT_3D ( 'NONE', #3743, #3145, #5426 ) ;
#6214 = ORIENTED_EDGE ( 'NONE', *, *, #2206, .T. ) ;
#6215 = VECTOR ( 'NONE', #3232, 1000.000000000000000 ) ;
#6216 = ORIENTED_EDGE ( 'NONE', *, *, #4894, .F. ) ;
#6217 = ORIENTED_EDGE ( 'NONE', *, *, #2217, .F. ) ;
#6218 = CARTESIAN_POINT ( 'NONE',  ( 6.756002896987316042, 113.5059670551350735, 40.26491364505289994 ) ) ;
#6219 = DIRECTION ( 'NONE',  ( -0.9999998850680932305, 0.0004794411333293943384, 0.000000000000000000 ) ) ;
#6220 = CIRCLE ( 'NONE', #2977, 1.899999999999988587 ) ;
#6221 = LINE ( 'NONE', #6664, #1747 ) ;
#6222 = EDGE_CURVE ( 'NONE', #4401, #1497, #3, .T. ) ;
#6223 = ORIENTED_EDGE ( 'NONE', *, *, #2950, .F. ) ;
#6224 = ORIENTED_EDGE ( 'NONE', *, *, #6234, .T. ) ;
#6225 = AXIS2_PLACEMENT_3D ( 'NONE', #1501, #5452, #960 ) ;
#6226 = CARTESIAN_POINT ( 'NONE',  ( 6.709616239726336918E-12, 73.27725659994213459, 39.26491364505291415 ) ) ;
#6227 = DIRECTION ( 'NONE',  ( -0.9999998889741967822, 0.0004712235075974231303, -2.135044041080290718E-15 ) ) ;
#6228 = CARTESIAN_POINT ( 'NONE',  ( 18.44894849797545788, 109.5059670551350592, 34.38948260544476199 ) ) ;
#6229 = AXIS2_PLACEMENT_3D ( 'NONE', #766, #1824, #5835 ) ;
#6230 = ORIENTED_EDGE ( 'NONE', *, *, #6282, .T. ) ;
#6231 = ADVANCED_FACE ( 'NONE', ( #7069 ), #543, .T. ) ;
#6232 = CARTESIAN_POINT ( 'NONE',  ( 38.22218489822246568, 48.69380593142552982, 38.26491364505291415 ) ) ;
#6233 = VERTEX_POINT ( 'NONE', #3752 ) ;
#6234 = EDGE_CURVE ( 'NONE', #2653, #203, #124, .T. ) ;
#6235 = DIRECTION ( 'NONE',  ( 1.000000000000000000, -6.308085367188390241E-16, 0.000000000000000000 ) ) ;
#6236 = CIRCLE ( 'NONE', #6586, 0.5000000000000004441 ) ;
#6237 = FACE_OUTER_BOUND ( 'NONE', #2456, .T. ) ;
#6238 = VERTEX_POINT ( 'NONE', #5355 ) ;
#6239 = DIRECTION ( 'NONE',  ( -1.000000000000000000, 0.000000000000000000, -0.000000000000000000 ) ) ;
#6240 = DIRECTION ( 'NONE',  ( 0.000000000000000000, 0.000000000000000000, -1.000000000000000000 ) ) ;
#6241 = CARTESIAN_POINT ( 'NONE',  ( 37.19894853087993170, 1.000463399971634232E-13, 42.76491364505290704 ) ) ;
#6242 = AXIS2_PLACEMENT_3D ( 'NONE', #4402, #6620, #6733 ) ;
#6243 = EDGE_CURVE ( 'NONE', #1541, #187, #2602, .T. ) ;
#6244 = CARTESIAN_POINT ( 'NONE',  ( 38.00760399354837205, 73.71414979737150475, 39.01310416272745130 ) ) ;
#6245 = ADVANCED_FACE ( 'NONE', ( #1016 ), #7098, .F. ) ;
#6246 = DIRECTION ( 'NONE',  ( 1.000000000000000000, 0.000000000000000000, 0.000000000000000000 ) ) ;
#6247 = ORIENTED_EDGE ( 'NONE', *, *, #2785, .F. ) ;
#6248 = CIRCLE ( 'NONE', #4041, 0.5000000000000004441 ) ;
#6249 = PLANE ( 'NONE',  #106 ) ;
#6250 = AXIS2_PLACEMENT_3D ( 'NONE', #4671, #5245, #3115 ) ;
#6251 = ORIENTED_EDGE ( 'NONE', *, *, #5449, .T. ) ;
#6252 = ORIENTED_EDGE ( 'NONE', *, *, #1570, .F. ) ;
#6253 = EDGE_CURVE ( 'NONE', #2284, #6609, #5468, .T. ) ;
#6254 = VERTEX_POINT ( 'NONE', #182 ) ;
#6255 = CARTESIAN_POINT ( 'NONE',  ( 29.94734755149415051, 109.5059670551350592, 26.16139156279401945 ) ) ;
#6256 = CARTESIAN_POINT ( 'NONE',  ( 15.44894849797545788, 116.5059670551347750, 40.26491364505290704 ) ) ;
#6257 = VECTOR ( 'NONE', #74, 1000.000000000000000 ) ;
#6258 = CARTESIAN_POINT ( 'NONE',  ( 9.098948465071329039, 122.1059670551352383, 41.76491364505290704 ) ) ;
#6259 = ORIENTED_EDGE ( 'NONE', *, *, #2081, .T. ) ;
#6260 = EDGE_LOOP ( 'NONE', ( #3124, #3738, #464, #4438, #2816 ) ) ;
#6261 = VECTOR ( 'NONE', #3243, 1000.000000000000114 ) ;
#6262 = EDGE_CURVE ( 'NONE', #6743, #4577, #5584, .T. ) ;
#6263 = DIRECTION ( 'NONE',  ( -0.000000000000000000, -0.000000000000000000, -1.000000000000000000 ) ) ;
#6264 = ORIENTED_EDGE ( 'NONE', *, *, #2373, .T. ) ;
#6265 = CYLINDRICAL_SURFACE ( 'NONE', #1962, 0.5000000000000004441 ) ;
#6266 = CARTESIAN_POINT ( 'NONE',  ( 12.94894849797509195, 33.50596112700797136, 41.26491364505290704 ) ) ;
#6267 = VERTEX_POINT ( 'NONE', #4557 ) ;
#6268 = CARTESIAN_POINT ( 'NONE',  ( 11.09894846507158306, 30.86591882637166151, 38.15632786135751076 ) ) ;
#6269 = ORIENTED_EDGE ( 'NONE', *, *, #3055, .T. ) ;
#6270 = CYLINDRICAL_SURFACE ( 'NONE', #6293, 1.999999999999999556 ) ;
#6271 = CARTESIAN_POINT ( 'NONE',  ( 32.94894849797542236, -1.143146204654824465E-14, 38.76491364505291415 ) ) ;
#6272 = ORIENTED_EDGE ( 'NONE', *, *, #2050, .T. ) ;
#6273 = CARTESIAN_POINT ( 'NONE',  ( 11.09894846507153687, 30.36591882637166151, 38.15632786135751076 ) ) ;
#6274 = CARTESIAN_POINT ( 'NONE',  ( 18.44894849797541170, 31.50596112700796425, 34.38948260544476199 ) ) ;
#6275 = EDGE_CURVE ( 'NONE', #6073, #5169, #6009, .T. ) ;
#6276 = CYLINDRICAL_SURFACE ( 'NONE', #4033, 7.500000000000000000 ) ;
#6277 = CARTESIAN_POINT ( 'NONE',  ( 37.73715061371744639, 73.40813055173097723, 38.77792731070044141 ) ) ;
#6278 = DIRECTION ( 'NONE',  ( 0.8669063030575385742, 0.000000000000000000, -0.4984711242580767143 ) ) ;
#6279 = VERTEX_POINT ( 'NONE', #4421 ) ;
#6280 = CARTESIAN_POINT ( 'NONE',  ( 6.698948465071303815, 38.50596112700797136, 42.76491364505290704 ) ) ;
#6281 = ORIENTED_EDGE ( 'NONE', *, *, #1396, .F. ) ;
#6282 = EDGE_CURVE ( 'NONE', #3865, #2516, #5562, .T. ) ;
#6283 = VERTEX_POINT ( 'NONE', #3862 ) ;
#6284 = EDGE_LOOP ( 'NONE', ( #2473, #2240, #6677, #2985, #6465 ) ) ;
#6285 = DIRECTION ( 'NONE',  ( 1.000000000000000000, 0.000000000000000000, 0.000000000000000000 ) ) ;
#6286 = CARTESIAN_POINT ( 'NONE',  ( 38.73063804975124214, 74.27725659993862450, 39.01567808292386985 ) ) ;
#6287 = CARTESIAN_POINT ( 'NONE',  ( 35.29894853087961337, 124.6059670551352241, 42.76491364505290704 ) ) ;
#6288 = ADVANCED_FACE ( 'NONE', ( #6163 ), #1804, .F. ) ;
#6289 = ADVANCED_FACE ( 'NONE', ( #3972 ), #47, .T. ) ;
#6290 = VECTOR ( 'NONE', #6384, 1000.000000000000000 ) ;
#6291 = ORIENTED_EDGE ( 'NONE', *, *, #3463, .T. ) ;
#6292 = ORIENTED_EDGE ( 'NONE', *, *, #1370, .F. ) ;
#6293 = AXIS2_PLACEMENT_3D ( 'NONE', #6201, #1294, #4532 ) ;
#6294 = CARTESIAN_POINT ( 'NONE',  ( 39.01813804975122935, -12.80532761448480450, 39.51567808292393380 ) ) ;
#6295 = ORIENTED_EDGE ( 'NONE', *, *, #1896, .F. ) ;
#6296 = FACE_OUTER_BOUND ( 'NONE', #3053, .T. ) ;
#6297 = CARTESIAN_POINT ( 'NONE',  ( 38.66237509440390596, 30.38203651315964393, 39.55665741420191495 ) ) ;
#6298 = ORIENTED_EDGE ( 'NONE', *, *, #4543, .F. ) ;
#6299 = DIRECTION ( 'NONE',  ( -6.308085367188390241E-16, -1.000000000000000000, -0.000000000000000000 ) ) ;
#6300 = ORIENTED_EDGE ( 'NONE', *, *, #3925, .T. ) ;
#6301 = FACE_OUTER_BOUND ( 'NONE', #4659, .T. ) ;
#6302 = CARTESIAN_POINT ( 'NONE',  ( 27.94894849797546499, 111.5059670551350592, 20.26491364505290704 ) ) ;
#6303 = VERTEX_POINT ( 'NONE', #1187 ) ;
#6304 = CARTESIAN_POINT ( 'NONE',  ( 21.94894849797543301, 23.00596112700796425, 41.76491364505290704 ) ) ;
#6305 = DIRECTION ( 'NONE',  ( -6.653582314773290713E-18, -1.387778621281389301E-14, 1.000000000000000000 ) ) ;
#6306 = DIRECTION ( 'NONE',  ( 0.000000000000000000, 0.000000000000000000, 1.000000000000000000 ) ) ;
#6307 = FACE_OUTER_BOUND ( 'NONE', #4265, .T. ) ;
#6308 = AXIS2_PLACEMENT_3D ( 'NONE', #2673, #1988, #404 ) ;
#6309 = AXIS2_PLACEMENT_3D ( 'NONE', #160, #6239, #1876 ) ;
#6310 = CARTESIAN_POINT ( 'NONE',  ( 8.757597263790978914, 30.75259803427044147, 37.47010391250664441 ) ) ;
#6311 = FACE_OUTER_BOUND ( 'NONE', #2024, .T. ) ;
#6312 = ORIENTED_EDGE ( 'NONE', *, *, #917, .F. ) ;
#6313 = DIRECTION ( 'NONE',  ( 1.000000000000000000, -1.952415606740757108E-16, -0.000000000000000000 ) ) ;
#6314 = ORIENTED_EDGE ( 'NONE', *, *, #318, .F. ) ;
#6315 = CARTESIAN_POINT ( 'NONE',  ( 11.49490132742834803, 29.50596112700797136, 35.54973620632082287 ) ) ;
#6316 = AXIS2_PLACEMENT_3D ( 'NONE', #4381, #1625, #3828 ) ;
#6317 = VECTOR ( 'NONE', #496, 1000.000000000000000 ) ;
#6318 = EDGE_CURVE ( 'NONE', #3696, #5650, #3942, .T. ) ;
#6319 = VERTEX_POINT ( 'NONE', #5552 ) ;
#6320 = ORIENTED_EDGE ( 'NONE', *, *, #162, .F. ) ;
#6321 = CIRCLE ( 'NONE', #3304, 0.5000000000000004441 ) ;
#6322 = CIRCLE ( 'NONE', #4240, 5.499999999999998224 ) ;
#6323 = DIRECTION ( 'NONE',  ( 1.000000000000000000, -6.308085367188390241E-16, 0.000000000000000000 ) ) ;
#6324 = EDGE_CURVE ( 'NONE', #627, #2284, #6606, .T. ) ;
#6325 = CARTESIAN_POINT ( 'NONE',  ( 7.064339809060754760, 30.88368206111561065, 39.90020105367884895 ) ) ;
#6326 = DIRECTION ( 'NONE',  ( 0.000000000000000000, 0.000000000000000000, -1.000000000000000000 ) ) ;
#6327 = VECTOR ( 'NONE', #2608, 1000.000000000000000 ) ;
#6328 = VECTOR ( 'NONE', #6961, 1000.000000000000000 ) ;
#6329 = ORIENTED_EDGE ( 'NONE', *, *, #2470, .F. ) ;
#6330 = VERTEX_POINT ( 'NONE', #586 ) ;
#6331 = EDGE_CURVE ( 'NONE', #4628, #1312, #5616, .T. ) ;
#6332 = EDGE_CURVE ( 'NONE', #805, #3928, #6129, .T. ) ;
#6333 = VECTOR ( 'NONE', #2156, 1000.000000000000000 ) ;
#6334 = LINE ( 'NONE', #6294, #5158 ) ;
#6335 = ORIENTED_EDGE ( 'NONE', *, *, #6419, .T. ) ;
#6336 = LINE ( 'NONE', #6848, #3695 ) ;
#6337 = CARTESIAN_POINT ( 'NONE',  ( 39.44894849784962076, 31.20996766717619764, 40.26491364505297810 ) ) ;
#6338 = DIRECTION ( 'NONE',  ( 0.000000000000000000, -3.469446951953611033E-15, 1.000000000000000000 ) ) ;
#6339 = VECTOR ( 'NONE', #1275, 1000.000000000000000 ) ;
#6340 = ORIENTED_EDGE ( 'NONE', *, *, #7110, .T. ) ;
#6341 = CARTESIAN_POINT ( 'NONE',  ( 0.000000000000000000, 111.7059670551352326, 40.26491364505290704 ) ) ;
#6342 = CARTESIAN_POINT ( 'NONE',  ( 38.58468489822251257, 74.27725659993861029, 39.76491364505297099 ) ) ;
#6343 = ORIENTED_EDGE ( 'NONE', *, *, #2436, .F. ) ;
#6344 = CARTESIAN_POINT ( 'NONE',  ( 0.000000000000000000, 106.5059670551352298, 40.26491364505290704 ) ) ;
#6345 = VECTOR ( 'NONE', #6531, 1000.000000000000000 ) ;
#6346 = DIRECTION ( 'NONE',  ( -1.000000000000000000, 0.000000000000000000, 0.000000000000000000 ) ) ;
#6347 = CARTESIAN_POINT ( 'NONE',  ( 15.37219029087220967, 31.50596112700797136, 21.26797139653673341 ) ) ;
#6348 = DIRECTION ( 'NONE',  ( 2.689493761204353509E-15, -1.000000000000000000, 0.000000000000000000 ) ) ;
#6349 = CIRCLE ( 'NONE', #4727, 5.499999999999998224 ) ;
#6350 = CARTESIAN_POINT ( 'NONE',  ( 7.384627116496885080, 32.33002044150958199, 35.15938561284162489 ) ) ;
#6351 = CARTESIAN_POINT ( 'NONE',  ( 38.58468489822249836, 49.69339252833241716, 39.76491364505296389 ) ) ;
#6352 = ORIENTED_EDGE ( 'NONE', *, *, #3869, .F. ) ;
#6353 = DIRECTION ( 'NONE',  ( 0.000000000000000000, 1.000000000000000000, 0.000000000000000000 ) ) ;
#6354 = ORIENTED_EDGE ( 'NONE', *, *, #1921, .F. ) ;
#6355 = DIRECTION ( 'NONE',  ( 0.8669063030575356876, 0.000000000000000000, -0.4984711242580819879 ) ) ;
#6356 = EDGE_CURVE ( 'NONE', #2748, #5582, #2790, .T. ) ;
#6357 = AXIS2_PLACEMENT_3D ( 'NONE', #1697, #6006, #6041 ) ;
#6358 = ORIENTED_EDGE ( 'NONE', *, *, #6362, .F. ) ;
#6359 = ORIENTED_EDGE ( 'NONE', *, *, #879, .T. ) ;
#6360 = CARTESIAN_POINT ( 'NONE',  ( 33.41289214232726579, 16.90596112700752940, 40.26491364505290704 ) ) ;
#6361 = LINE ( 'NONE', #6256, #6116 ) ;
#6362 = EDGE_CURVE ( 'NONE', #3928, #1645, #3577, .T. ) ;
#6363 = CARTESIAN_POINT ( 'NONE',  ( 21.44894849797543301, 0.000000000000000000, 41.26491364505290704 ) ) ;
#6364 = ADVANCED_FACE ( 'NONE', ( #5107 ), #4455, .T. ) ;
#6365 = VERTEX_POINT ( 'NONE', #2348 ) ;
#6366 = VERTEX_POINT ( 'NONE', #655 ) ;
#6367 = ADVANCED_FACE ( 'NONE', ( #2282 ), #6778, .F. ) ;
#6368 = DIRECTION ( 'NONE',  ( -0.000000000000000000, -0.000000000000000000, -1.000000000000000000 ) ) ;
#6369 = EDGE_LOOP ( 'NONE', ( #6670, #4475, #1979, #617 ) ) ;
#6370 = PLANE ( 'NONE',  #5095 ) ;
#6371 = FACE_OUTER_BOUND ( 'NONE', #6777, .T. ) ;
#6372 = ORIENTED_EDGE ( 'NONE', *, *, #6834, .T. ) ;
#6373 = CARTESIAN_POINT ( 'NONE',  ( 9.098948465071329039, 122.6059670551352383, 41.76491364505290704 ) ) ;
#6374 = EDGE_CURVE ( 'NONE', #116, #3105, #1164, .T. ) ;
#6375 = AXIS2_PLACEMENT_3D ( 'NONE', #6979, #2005, #4263 ) ;
#6376 = ORIENTED_EDGE ( 'NONE', *, *, #6603, .F. ) ;
#6377 = CARTESIAN_POINT ( 'NONE',  ( 38.58647969173127024, 48.69420494421705570, 38.76496789506367691 ) ) ;
#6378 = DIRECTION ( 'NONE',  ( 1.563499775121998461E-13, 0.000000000000000000, 1.000000000000000000 ) ) ;
#6379 = CARTESIAN_POINT ( 'NONE',  ( 5.415684424268269126, 113.1765775017390325, 40.26491364505292125 ) ) ;
#6380 = DIRECTION ( 'NONE',  ( -1.000000000000000000, 0.000000000000000000, 0.000000000000000000 ) ) ;
#6381 = CARTESIAN_POINT ( 'NONE',  ( 25.18828712696221928, 126.5059670551350592, 40.26491364505290704 ) ) ;
#6382 = LINE ( 'NONE', #4201, #1148 ) ;
#6383 = EDGE_CURVE ( 'NONE', #2227, #4048, #6196, .T. ) ;
#6384 = DIRECTION ( 'NONE',  ( 1.000000000000000000, -0.000000000000000000, -0.000000000000000000 ) ) ;
#6385 = CARTESIAN_POINT ( 'NONE',  ( 37.19894853088031539, 2.365992001542803562E-13, 42.76491364505290704 ) ) ;
#6386 = ORIENTED_EDGE ( 'NONE', *, *, #6405, .F. ) ;
#6387 = DIRECTION ( 'NONE',  ( 6.308085367188390241E-16, 1.000000000000000000, 0.000000000000000000 ) ) ;
#6388 = ORIENTED_EDGE ( 'NONE', *, *, #2631, .T. ) ;
#6389 = CARTESIAN_POINT ( 'NONE',  ( 37.19894853087961906, 29.50657281438603974, 40.26491364505290704 ) ) ;
#6390 = VERTEX_POINT ( 'NONE', #1771 ) ;
#6391 = ORIENTED_EDGE ( 'NONE', *, *, #3509, .F. ) ;
#6392 = FACE_OUTER_BOUND ( 'NONE', #3093, .T. ) ;
#6393 = CARTESIAN_POINT ( 'NONE',  ( 7.149845539998552546, 30.86833576521609501, 39.77716295412646019 ) ) ;
#6394 = UNCERTAINTY_MEASURE_WITH_UNIT (LENGTH_MEASURE( 1.000000000000000082E-05 ), #2582, 'distance_accuracy_value', 'NONE');
#6395 = CARTESIAN_POINT ( 'NONE',  ( 39.01813804975125777, 31.50596112700795715, 39.51567808292393380 ) ) ;
#6396 = CARTESIAN_POINT ( 'NONE',  ( 9.598948465071334368, 75.10596705513523830, 42.76491364505290704 ) ) ;
#6397 = VERTEX_POINT ( 'NONE', #1980 ) ;
#6398 = ORIENTED_EDGE ( 'NONE', *, *, #1928, .T. ) ;
#6399 = EDGE_CURVE ( 'NONE', #6397, #4732, #283, .T. ) ;
#6400 = LINE ( 'NONE', #5312, #2963 ) ;
#6401 = EDGE_LOOP ( 'NONE', ( #6789, #6352, #5839, #6398 ) ) ;
#6402 = DIRECTION ( 'NONE',  ( 0.000000000000000000, 0.000000000000000000, 1.000000000000000000 ) ) ;
#6403 = DIRECTION ( 'NONE',  ( 1.000000000000000000, 0.000000000000000000, 0.000000000000000000 ) ) ;
#6404 = DIRECTION ( 'NONE',  ( 4.625929269271481378E-15, -1.000000000000000000, 0.000000000000000000 ) ) ;
#6405 = EDGE_CURVE ( 'NONE', #5079, #3748, #1432, .T. ) ;
#6406 = ORIENTED_EDGE ( 'NONE', *, *, #4632, .F. ) ;
#6407 = VECTOR ( 'NONE', #1097, 1000.000000000000000 ) ;
#6408 = CARTESIAN_POINT ( 'NONE',  ( -0.000000000000000000, 122.1059670551352525, 41.76491364505290704 ) ) ;
#6409 = DIRECTION ( 'NONE',  ( 6.308085367188390241E-16, 1.000000000000000000, 0.000000000000000000 ) ) ;
#6410 = CARTESIAN_POINT ( 'NONE',  ( 4.448948497975441896, 111.5059670551350592, 40.26491364505289283 ) ) ;
#6411 = FACE_OUTER_BOUND ( 'NONE', #2757, .T. ) ;
#6412 = PLANE ( 'NONE',  #3183 ) ;
#6413 = VECTOR ( 'NONE', #754, 1000.000000000000000 ) ;
#6414 = CARTESIAN_POINT ( 'NONE',  ( 0.000000000000000000, 106.5059670551352298, 40.26491364505290704 ) ) ;
#6415 = DIRECTION ( 'NONE',  ( -0.9103664774626034628, 0.000000000000000000, 0.4138029443011871367 ) ) ;
#6416 = DIRECTION ( 'NONE',  ( 4.163336342344333871E-15, 1.000000000000000000, 0.000000000000000000 ) ) ;
#6417 = VECTOR ( 'NONE', #6869, 1000.000000000000000 ) ;
#6418 = ORIENTED_EDGE ( 'NONE', *, *, #5094, .F. ) ;
#6419 = EDGE_CURVE ( 'NONE', #92, #216, #4159, .T. ) ;
#6420 = FACE_OUTER_BOUND ( 'NONE', #1131, .T. ) ;
#6421 = EDGE_LOOP ( 'NONE', ( #4639, #956, #3350, #1276 ) ) ;
#6422 = DIRECTION ( 'NONE',  ( 0.000000000000000000, 0.000000000000000000, -1.000000000000000000 ) ) ;
#6423 = CARTESIAN_POINT ( 'NONE',  ( 37.19894853087993170, 1.000463399971634232E-13, 40.26491364505296389 ) ) ;
#6424 = ORIENTED_EDGE ( 'NONE', *, *, #1632, .F. ) ;
#6425 = FILL_AREA_STYLE ('',( #7080 ) ) ;
#6426 = FACE_OUTER_BOUND ( 'NONE', #3391, .T. ) ;
#6427 = DIRECTION ( 'NONE',  ( -1.000000000000000000, 0.000000000000000000, 0.000000000000000000 ) ) ;
#6428 = CARTESIAN_POINT ( 'NONE',  ( 37.19894853087962616, 113.5053553677569766, 40.26491364505290704 ) ) ;
#6429 = ORIENTED_EDGE ( 'NONE', *, *, #1854, .F. ) ;
#6430 = AXIS2_PLACEMENT_3D ( 'NONE', #620, #1587, #3256 ) ;
#6431 = DIRECTION ( 'NONE',  ( -1.000000000000000000, 0.000000000000000000, -0.000000000000000000 ) ) ;
#6432 = CARTESIAN_POINT ( 'NONE',  ( 20.94894849797543301, 26.00596112700795715, 41.26491364505290704 ) ) ;
#6433 =( BOUNDED_SURFACE ( )  B_SPLINE_SURFACE ( 3, 2, ( 
 ( #2012, #4299, #3280 ),
 ( #4268, #2119, #363 ),
 ( #4333, #5347, #6515 ),
 ( #2559, #394, #2594 ),
 ( #4774, #6985, #4225 ),
 ( #6551, #6440, #1545 ),
 ( #1474, #6480, #1511 ),
 ( #3783, #3711, #2629 ),
 ( #5930, #969, #3177 ),
 ( #3742, #5384, #5964 ) ),
 .UNSPECIFIED., .F., .F., .F. ) 
 B_SPLINE_SURFACE_WITH_KNOTS ( ( 4, 2, 2, 2, 4 ),
 ( 3, 3 ),
 ( 2.628980083907550274E-15, 0.3926990816987260269, 0.7853981633974493892, 1.178097245096172863, 1.570796326794896114 ),
 ( 0.000000000000000000, 1.000000000000000000 ),
 .UNSPECIFIED. ) 
 GEOMETRIC_REPRESENTATION_ITEM ( )  RATIONAL_B_SPLINE_SURFACE ( (
 ( 1.000000000000000000, 0.5007638543974211043, 1.000000000000000000),
 ( 1.000000000000000000, 0.5006985450771235246, 1.000000000000000000),
 ( 1.000000000000000000, 0.5073419423669309758, 1.000000000000000000),
 ( 1.000000000000000000, 0.5313810531906593138, 1.000000000000000000),
 ( 1.000000000000000000, 0.5487308361969484016, 1.000000000000000000),
 ( 1.000000000000000000, 0.5892741618689018024, 1.000000000000000000),
 ( 1.000000000000000000, 0.6124063808188902058, 1.000000000000000000),
 ( 1.000000000000000000, 0.6597912132945651376, 1.000000000000000000),
 ( 1.000000000000000000, 0.6840558350808572108, 1.000000000000000000),
 ( 1.000000000000000000, 0.7071067811865511255, 1.000000000000000000) ) ) 
 REPRESENTATION_ITEM ( '' )  SURFACE ( )  );
#6434 = AXIS2_PLACEMENT_3D ( 'NONE', #1512, #6403, #1475 ) ;
#6435 = ORIENTED_EDGE ( 'NONE', *, *, #5908, .F. ) ;
#6436 = AXIS2_PLACEMENT_3D ( 'NONE', #4556, #2960, #151 ) ;
#6437 = EDGE_LOOP ( 'NONE', ( #3168, #1598, #2682, #4357 ) ) ;
#6438 = DIRECTION ( 'NONE',  ( -7.228014036897248881E-16, -1.000000000000000000, 0.000000000000000000 ) ) ;
#6439 = ORIENTED_EDGE ( 'NONE', *, *, #4623, .T. ) ;
#6440 = CARTESIAN_POINT ( 'NONE',  ( 38.56533077513153529, 62.95822691509953017, 38.72818717054293103 ) ) ;
#6441 = VECTOR ( 'NONE', #6886, 1000.000000000000114 ) ;
#6442 = DIRECTION ( 'NONE',  ( 0.000000000000000000, -0.000000000000000000, -1.000000000000000000 ) ) ;
#6443 = ADVANCED_FACE ( 'NONE', ( #4046 ), #6265, .F. ) ;
#6444 = ORIENTED_EDGE ( 'NONE', *, *, #2561, .T. ) ;
#6445 = DIRECTION ( 'NONE',  ( -0.000000000000000000, -0.000000000000000000, 1.000000000000000000 ) ) ;
#6446 = VERTEX_POINT ( 'NONE', #1324 ) ;
#6447 = CIRCLE ( 'NONE', #2858, 0.5000000000000004441 ) ;
#6448 = DIRECTION ( 'NONE',  ( -0.000000000000000000, 0.000000000000000000, 1.000000000000000000 ) ) ;
#6449 = CARTESIAN_POINT ( 'NONE',  ( 35.29894853087961337, 124.6059670551352241, 40.26491364505290704 ) ) ;
#6450 = CARTESIAN_POINT ( 'NONE',  ( 6.182761104090523929, 113.5059670551350735, 41.26185589356905581 ) ) ;
#6451 = EDGE_CURVE ( 'NONE', #2798, #2260, #1944, .T. ) ;
#6452 = AXIS2_PLACEMENT_3D ( 'NONE', #5823, #5494, #6922 ) ;
#6453 = DIRECTION ( 'NONE',  ( -0.000000000000000000, -0.000000000000000000, -1.000000000000000000 ) ) ;
#6454 = EDGE_CURVE ( 'NONE', #3379, #1320, #2962, .T. ) ;
#6455 = CARTESIAN_POINT ( 'NONE',  ( 11.62119991700588351, 33.50596112700797136, 31.28596052318587795 ) ) ;
#6456 = VECTOR ( 'NONE', #2259, 1000.000000000000000 ) ;
#6457 = DIRECTION ( 'NONE',  ( -4.269421518900740951E-16, -1.000000000000000000, -9.860761315262647568E-32 ) ) ;
#6458 = ORIENTED_EDGE ( 'NONE', *, *, #5962, .F. ) ;
#6459 = DIRECTION ( 'NONE',  ( -1.000000000000000000, 0.000000000000000000, -0.000000000000000000 ) ) ;
#6460 = EDGE_LOOP ( 'NONE', ( #1575, #1369, #1947, #843 ) ) ;
#6461 = CARTESIAN_POINT ( 'NONE',  ( 37.19894853087961906, 0.000000000000000000, 40.26491364505290704 ) ) ;
#6462 = AXIS2_PLACEMENT_3D ( 'NONE', #2067, #2026, #914 ) ;
#6463 = ADVANCED_FACE ( 'NONE', ( #4117 ), #6370, .T. ) ;
#6464 = EDGE_CURVE ( 'NONE', #4648, #5092, #5903, .T. ) ;
#6465 = ORIENTED_EDGE ( 'NONE', *, *, #3785, .T. ) ;
#6466 = DIRECTION ( 'NONE',  ( 6.308085367188390241E-16, 1.000000000000000000, 0.000000000000000000 ) ) ;
#6467 = CARTESIAN_POINT ( 'NONE',  ( 1.987422923644852971E-14, 31.50596112700797846, 40.26491364505290704 ) ) ;
#6468 = CARTESIAN_POINT ( 'NONE',  ( 38.73063804975122082, 46.09356802593331537, 39.01567808292387696 ) ) ;
#6469 = DIRECTION ( 'NONE',  ( -1.000000000000000000, 0.000000000000000000, 0.000000000000000000 ) ) ;
#6470 = VECTOR ( 'NONE', #4277, 1000.000000000000000 ) ;
#6471 = VERTEX_POINT ( 'NONE', #5316 ) ;
#6472 = CARTESIAN_POINT ( 'NONE',  ( 31.44894849797543657, 31.56946945390425086, 41.76491364505290704 ) ) ;
#6473 = FACE_OUTER_BOUND ( 'NONE', #6744, .T. ) ;
#6474 = EDGE_CURVE ( 'NONE', #4591, #4898, #854, .T. ) ;
#6475 = AXIS2_PLACEMENT_3D ( 'NONE', #2235, #1116, #4883 ) ;
#6476 = ORIENTED_EDGE ( 'NONE', *, *, #2328, .F. ) ;
#6477 = ORIENTED_EDGE ( 'NONE', *, *, #1150, .T. ) ;
#6478 = PLANE ( 'NONE',  #4469 ) ;
#6479 = AXIS2_PLACEMENT_3D ( 'NONE', #3395, #5651, #1657 ) ;
#6480 = CARTESIAN_POINT ( 'NONE',  ( 38.58198554031886829, 62.88825824721768498, 38.75715197956478164 ) ) ;
#6481 = DIRECTION ( 'NONE',  ( 0.9999998850680932305, -0.0004794411333293943384, 0.000000000000000000 ) ) ;
#6482 = DIRECTION ( 'NONE',  ( -1.000000000000000000, 6.308085367188390241E-16, 0.000000000000000000 ) ) ;
#6483 = EDGE_LOOP ( 'NONE', ( #4701, #781, #4291, #7161, #259, #6195 ) ) ;
#6484 = EDGE_CURVE ( 'NONE', #3565, #4459, #2431, .T. ) ;
#6485 = B_SPLINE_CURVE_WITH_KNOTS ( 'NONE', 3,
 ( #6393, #1969, #5706, #5262, #4688, #6325, #353, #2475, #1861, #3023, #774, #6906, #4039, #1422 ),
 .UNSPECIFIED., .F., .F.,
 ( 4, 2, 2, 2, 2, 2, 4 ),
 ( 0.000000000000000000, 5.717079331002098308E-05, 0.0001143415866200419662, 0.0002286831732400704069, 0.0004573663464801460180, 0.0006860495197202216020, 0.0009147326929602971318 ),
 .UNSPECIFIED. ) ;
#6486 = CARTESIAN_POINT ( 'NONE',  ( 30.94894849797546144, 111.5059670551350592, 42.76491364505290704 ) ) ;
#6487 = LINE ( 'NONE', #442, #2534 ) ;
#6488 = DIRECTION ( 'NONE',  ( -1.000000000000000000, 0.000000000000000000, 0.000000000000000000 ) ) ;
#6489 = CIRCLE ( 'NONE', #815, 0.5000000000000004441 ) ;
#6490 = CARTESIAN_POINT ( 'NONE',  ( 37.19894853087961906, 18.40596112700797349, 40.26491364505290704 ) ) ;
#6491 = ADVANCED_FACE ( 'NONE', ( #2999 ), #2522, .F. ) ;
#6492 = DIRECTION ( 'NONE',  ( -0.000000000000000000, -1.000000000000000000, 0.000000000000000000 ) ) ;
#6493 = CARTESIAN_POINT ( 'NONE',  ( 11.59894846507153865, 0.000000000000000000, 42.76491364505290704 ) ) ;
#6494 = ORIENTED_EDGE ( 'NONE', *, *, #6168, .T. ) ;
#6495 = DIRECTION ( 'NONE',  ( -0.4984711242580831536, 4.539725197072010565E-14, 0.8669063030575351325 ) ) ;
#6496 = ORIENTED_EDGE ( 'NONE', *, *, #6056, .T. ) ;
#6497 = LINE ( 'NONE', #4248, #884 ) ;
#6498 = EDGE_CURVE ( 'NONE', #4577, #4878, #3469, .T. ) ;
#6499 = CARTESIAN_POINT ( 'NONE',  ( 34.79894853087964890, 1.006109215930425541E-14, 41.76491364505290704 ) ) ;
#6500 = ORIENTED_EDGE ( 'NONE', *, *, #4371, .T. ) ;
#6501 = EDGE_CURVE ( 'NONE', #4135, #3844, #6336, .T. ) ;
#6502 = ORIENTED_EDGE ( 'NONE', *, *, #5083, .F. ) ;
#6503 = LINE ( 'NONE', #420, #4585 ) ;
#6504 = DIRECTION ( 'NONE',  ( 5.586908715031035498E-15, -1.000000000000000000, 0.000000000000000000 ) ) ;
#6505 = CARTESIAN_POINT ( 'NONE',  ( 37.16091466683776900, 113.5059670551350592, 40.26491364505290704 ) ) ;
#6506 = VERTEX_POINT ( 'NONE', #3106 ) ;
#6507 = LINE ( 'NONE', #5418, #3681 ) ;
#6508 = EDGE_CURVE ( 'NONE', #5582, #2504, #4662, .T. ) ;
#6509 = CARTESIAN_POINT ( 'NONE',  ( 32.94894849797543657, 40.00596112700796425, 41.76491364505290704 ) ) ;
#6510 = ORIENTED_EDGE ( 'NONE', *, *, #55, .F. ) ;
#6511 = VERTEX_POINT ( 'NONE', #217 ) ;
#6512 = ADVANCED_FACE ( 'NONE', ( #6296 ), #786, .F. ) ;
#6513 = CARTESIAN_POINT ( 'NONE',  ( 6.698948465071296710, 31.36591882637202033, 40.26403719366631151 ) ) ;
#6514 = EDGE_CURVE ( 'NONE', #2213, #932, #5787, .T. ) ;
#6515 = CARTESIAN_POINT ( 'NONE',  ( 38.17060376524598553, 62.91550974223441983, 38.04170541421907359 ) ) ;
#6516 = CYLINDRICAL_SURFACE ( 'NONE', #423, 0.5000000000000004441 ) ;
#6517 = VERTEX_POINT ( 'NONE', #3031 ) ;
#6518 = DIRECTION ( 'NONE',  ( -1.000000000000000000, 0.000000000000000000, 0.000000000000000000 ) ) ;
#6519 = ORIENTED_EDGE ( 'NONE', *, *, #6769, .T. ) ;
#6520 = CARTESIAN_POINT ( 'NONE',  ( 37.14189409896363259, 113.5059670551350592, 40.26491364505296389 ) ) ;
#6521 = DIRECTION ( 'NONE',  ( -1.000000000000000000, 0.000000000000000000, 0.000000000000000000 ) ) ;
#6522 = DIRECTION ( 'NONE',  ( 1.000000000000000000, -1.110223024625155531E-13, 0.000000000000000000 ) ) ;
#6523 = DIRECTION ( 'NONE',  ( 0.4138029443011844721, 0.000000000000000000, 0.9103664774626044620 ) ) ;
#6524 = CIRCLE ( 'NONE', #3393, 0.5000000000000004441 ) ;
#6525 = CARTESIAN_POINT ( 'NONE',  ( 38.58644849797544651, 73.27725659993866714, 38.76491364505289994 ) ) ;
#6526 = DIRECTION ( 'NONE',  ( -1.000000000000000000, 0.000000000000000000, 0.000000000000000000 ) ) ;
#6527 = ORIENTED_EDGE ( 'NONE', *, *, #4091, .F. ) ;
#6528 = FACE_OUTER_BOUND ( 'NONE', #3337, .T. ) ;
#6529 = VECTOR ( 'NONE', #3401, 1000.000000000000000 ) ;
#6530 = CARTESIAN_POINT ( 'NONE',  ( 13.74035607321163077, 17.40596112700796283, 40.26491364505290704 ) ) ;
#6531 = DIRECTION ( 'NONE',  ( 0.000000000000000000, -0.000000000000000000, 1.000000000000000000 ) ) ;
#6532 = EDGE_LOOP ( 'NONE', ( #6477, #5507, #5944, #2965 ) ) ;
#6533 = CIRCLE ( 'NONE', #6658, 0.5000000000000004441 ) ;
#6534 = SURFACE_SIDE_STYLE ('',( #383 ) ) ;
#6535 = DIRECTION ( 'NONE',  ( -1.000000000000000000, 4.163336342344333871E-15, -0.000000000000000000 ) ) ;
#6536 = CARTESIAN_POINT ( 'NONE',  ( 5.077315469788453939, 31.50596112700797846, 43.18437004018126402 ) ) ;
#6537 = LINE ( 'NONE', #5484, #3099 ) ;
#6538 = ORIENTED_EDGE ( 'NONE', *, *, #6474, .F. ) ;
#6539 = DIRECTION ( 'NONE',  ( 0.9999998889741967822, -0.0004712235076032000847, -6.539539848571248507E-18 ) ) ;
#6540 = DIRECTION ( 'NONE',  ( -1.000000000000000000, 0.000000000000000000, 0.000000000000000000 ) ) ;
#6541 = AXIS2_PLACEMENT_3D ( 'NONE', #4572, #1639, #5526 ) ;
#6542 = EDGE_CURVE ( 'NONE', #932, #2768, #4698, .T. ) ;
#6543 = ORIENTED_EDGE ( 'NONE', *, *, #352, .T. ) ;
#6544 = EDGE_CURVE ( 'NONE', #1541, #1685, #5208, .T. ) ;
#6545 = EDGE_LOOP ( 'NONE', ( #4323, #6502, #5143, #701 ) ) ;
#6546 = AXIS2_PLACEMENT_3D ( 'NONE', #4023, #6240, #2495 ) ;
#6547 = AXIS2_PLACEMENT_3D ( 'NONE', #3475, #4670, #4128 ) ;
#6548 = DIRECTION ( 'NONE',  ( 4.625929269271514510E-15, -1.000000000000000000, 0.000000000000000000 ) ) ;
#6549 = LINE ( 'NONE', #3113, #5982 ) ;
#6550 = DIRECTION ( 'NONE',  ( 0.000000000000000000, 1.000000000000000000, -0.000000000000000000 ) ) ;
#6551 = CARTESIAN_POINT ( 'NONE',  ( 37.94382052662477633, 62.77742423123883242, 38.95764027844653299 ) ) ;
#6552 = LINE ( 'NONE', #5462, #5970 ) ;
#6553 = AXIS2_PLACEMENT_3D ( 'NONE', #6626, #6590, #1579 ) ;
#6554 = CARTESIAN_POINT ( 'NONE',  ( 39.37656839567630840, 112.0903994379158775, 40.26491364505424997 ) ) ;
#6555 = EDGE_CURVE ( 'NONE', #3696, #6034, #3127, .T. ) ;
#6556 = EDGE_LOOP ( 'NONE', ( #666, #7047, #771, #680 ) ) ;
#6557 = EDGE_CURVE ( 'NONE', #39, #4731, #5898, .T. ) ;
#6558 = AXIS2_PLACEMENT_3D ( 'NONE', #5919, #5988, #7081 ) ;
#6559 = VECTOR ( 'NONE', #685, 1000.000000000000000 ) ;
#6560 = DIRECTION ( 'NONE',  ( 1.000000000000000000, -0.000000000000000000, -0.000000000000000000 ) ) ;
#6561 = DIRECTION ( 'NONE',  ( -1.000000000000000000, 4.269421518900740951E-16, -2.135044278125296610E-15 ) ) ;
#6562 = LINE ( 'NONE', #6450, #4807 ) ;
#6563 = CARTESIAN_POINT ( 'NONE',  ( 37.19894853087961906, 29.51711883563683969, 39.90385758905927815 ) ) ;
#6564 = CIRCLE ( 'NONE', #546, 0.5000000000000004441 ) ;
#6565 =( BOUNDED_CURVE ( )  B_SPLINE_CURVE ( 3, ( #798, #3440, #5244, #3580 ),
 .UNSPECIFIED., .F., .T. ) 
 B_SPLINE_CURVE_WITH_KNOTS ( ( 4, 4 ),
 ( 4.712388980380159076, 6.283185307175055634 ),
 .UNSPECIFIED. ) 
 CURVE ( )  GEOMETRIC_REPRESENTATION_ITEM ( )  RATIONAL_B_SPLINE_CURVE ( ( 1.000000000000000000, 0.8047378541232970139, 0.8047378541232970139, 1.000000000000000000 ) ) 
 REPRESENTATION_ITEM ( '' )  );
#6566 = LINE ( 'NONE', #3332, #5133 ) ;
#6567 = CARTESIAN_POINT ( 'NONE',  ( 6.698948465071516090, 113.4804468804926501, 39.72522539197132829 ) ) ;
#6568 = ORIENTED_EDGE ( 'NONE', *, *, #3575, .F. ) ;
#6569 = DIRECTION ( 'NONE',  ( 1.000000000000000000, 0.000000000000000000, 0.000000000000000000 ) ) ;
#6570 = AXIS2_PLACEMENT_3D ( 'NONE', #1690, #5574, #6185 ) ;
#6571 = CARTESIAN_POINT ( 'NONE',  ( 6.698948465071300262, 24.11591931483221884, 42.76491364505290704 ) ) ;
#6572 = DIRECTION ( 'NONE',  ( -2.891205793294677833E-16, 1.000000000000000000, 0.000000000000000000 ) ) ;
#6573 = CIRCLE ( 'NONE', #3548, 0.5000000000000004441 ) ;
#6574 = ORIENTED_EDGE ( 'NONE', *, *, #671, .F. ) ;
#6575 = DIRECTION ( 'NONE',  ( -1.000000000000000000, 9.156478491488235634E-14, -2.135044278125296610E-15 ) ) ;
#6576 = FACE_OUTER_BOUND ( 'NONE', #2073, .T. ) ;
#6577 = DIRECTION ( 'NONE',  ( 1.000000000000000000, -3.469446694862101795E-16, 0.000000000000000000 ) ) ;
#6578 = EDGE_CURVE ( 'NONE', #2558, #4694, #1044, .T. ) ;
#6579 = CARTESIAN_POINT ( 'NONE',  ( 6.698948465071330460, 112.9759263931391047, 40.26491364505289994 ) ) ;
#6580 = ORIENTED_EDGE ( 'NONE', *, *, #6944, .T. ) ;
#6581 = CARTESIAN_POINT ( 'NONE',  ( 0.000000000000000000, 111.7059670551352326, 40.26491364505290704 ) ) ;
#6582 = AXIS2_PLACEMENT_3D ( 'NONE', #3836, #7148, #6058 ) ;
#6583 = DIRECTION ( 'NONE',  ( 0.000000000000000000, -0.000000000000000000, -1.000000000000000000 ) ) ;
#6584 = ORIENTED_EDGE ( 'NONE', *, *, #879, .F. ) ;
#6585 = ORIENTED_EDGE ( 'NONE', *, *, #5707, .T. ) ;
#6586 = AXIS2_PLACEMENT_3D ( 'NONE', #834, #3443, #3478 ) ;
#6587 = CARTESIAN_POINT ( 'NONE',  ( 38.44105714507820437, 49.56745558504771765, 38.51205911827512551 ) ) ;
#6588 = EDGE_CURVE ( 'NONE', #5859, #4964, #497, .T. ) ;
#6589 = CARTESIAN_POINT ( 'NONE',  ( 10.51353217702818199, 31.50596112700797136, -6.045281001791207309 ) ) ;
#6590 = DIRECTION ( 'NONE',  ( -1.000000000000000000, -0.000000000000000000, -0.000000000000000000 ) ) ;
#6591 = SPHERICAL_SURFACE ( 'NONE', #5907, 0.5000000000000000000 ) ;
#6592 = CARTESIAN_POINT ( 'NONE',  ( 38.37727367815550394, 46.29406773262934394, 38.40113134971390707 ) ) ;
#6593 = ADVANCED_FACE ( 'NONE', ( #2049 ), #6591, .F. ) ;
#6594 = AXIS2_PLACEMENT_3D ( 'NONE', #4777, #5933, #7029 ) ;
#6595 = EDGE_LOOP ( 'NONE', ( #5852, #320, #2660, #4983 ) ) ;
#6596 = CARTESIAN_POINT ( 'NONE',  ( 31.44894849797543657, 0.000000000000000000, 41.26491364505290704 ) ) ;
#6597 = ORIENTED_EDGE ( 'NONE', *, *, #6010, .T. ) ;
#6598 = VECTOR ( 'NONE', #565, 1000.000000000000000 ) ;
#6599 = AXIS2_PLACEMENT_3D ( 'NONE', #6449, #3184, #3151 ) ;
#6600 = DIRECTION ( 'NONE',  ( -1.000000000000000000, 0.000000000000000000, -2.135044278125296610E-15 ) ) ;
#6601 = CARTESIAN_POINT ( 'NONE',  ( 20.77829802542630233, 111.5059670551350592, 23.76491364505290704 ) ) ;
#6602 = CARTESIAN_POINT ( 'NONE',  ( 10.94894849797543834, 60.50596112700797136, 42.76491364505290704 ) ) ;
#6603 = EDGE_CURVE ( 'NONE', #2842, #4534, #939, .T. ) ;
#6604 = EDGE_LOOP ( 'NONE', ( #4587, #3728, #5260, #696 ) ) ;
#6605 = PLANE ( 'NONE',  #4379 ) ;
#6606 = CIRCLE ( 'NONE', #7066, 0.4999999999999995559 ) ;
#6607 = LINE ( 'NONE', #4424, #3978 ) ;
#6608 = DIRECTION ( 'NONE',  ( -1.000000000000000000, 0.000000000000000000, 0.000000000000000000 ) ) ;
#6609 = VERTEX_POINT ( 'NONE', #3144 ) ;
#6610 = DIRECTION ( 'NONE',  ( 0.000000000000000000, -0.5000000000000058842, -0.8660254037844353769 ) ) ;
#6611 = AXIS2_PLACEMENT_3D ( 'NONE', #748, #1867, #5170 ) ;
#6612 = CARTESIAN_POINT ( 'NONE',  ( 0.000000000000000000, 59.50596112700796425, 42.76491364505290704 ) ) ;
#6613 = ADVANCED_FACE ( 'NONE', ( #433 ), #6433, .T. ) ;
#6614 = VECTOR ( 'NONE', #1424, 1000.000000000000000 ) ;
#6615 = VERTEX_POINT ( 'NONE', #4849 ) ;
#6616 = CARTESIAN_POINT ( 'NONE',  ( 23.11959897052461699, 111.5059670551350592, 23.76491364505290704 ) ) ;
#6617 = DIRECTION ( 'NONE',  ( -0.4984711242580827095, 3.144398404898358001E-16, -0.8669063030575352435 ) ) ;
#6618 = CARTESIAN_POINT ( 'NONE',  ( 3.826800288778577047E-13, 17.40596112700826481, 42.76491364505290704 ) ) ;
#6619 = ORIENTED_EDGE ( 'NONE', *, *, #4478, .F. ) ;
#6620 = DIRECTION ( 'NONE',  ( 0.9999998850680933415, -0.0004794411333293943926, 2.135044032740586940E-15 ) ) ;
#6621 = CARTESIAN_POINT ( 'NONE',  ( 38.58468489822250547, 62.17725764581896186, 40.26491364505297099 ) ) ;
#6622 = EDGE_LOOP ( 'NONE', ( #4009, #3887, #1345, #5233, #2489, #5986, #2615, #1833, #1118, #5749 ) ) ;
#6623 = ORIENTED_EDGE ( 'NONE', *, *, #4543, .T. ) ;
#6624 = CARTESIAN_POINT ( 'NONE',  ( 38.56535441824456711, 48.91245569891200518, 38.72822828899919045 ) ) ;
#6625 = FACE_OUTER_BOUND ( 'NONE', #493, .T. ) ;
#6626 = CARTESIAN_POINT ( 'NONE',  ( 11.09894846507153687, 31.50596112700797136, 34.72901526019064278 ) ) ;
#6627 = DIRECTION ( 'NONE',  ( -1.000000000000000000, 0.000000000000000000, 0.000000000000000000 ) ) ;
#6628 = CARTESIAN_POINT ( 'NONE',  ( 38.65535717627111723, 46.09360350007614926, 38.88475482469758049 ) ) ;
#6629 = ORIENTED_EDGE ( 'NONE', *, *, #1349, .F. ) ;
#6630 = FACE_OUTER_BOUND ( 'NONE', #5701, .T. ) ;
#6631 = ORIENTED_EDGE ( 'NONE', *, *, #1971, .F. ) ;
#6632 = ORIENTED_EDGE ( 'NONE', *, *, #6399, .F. ) ;
#6633 = CARTESIAN_POINT ( 'NONE',  ( 37.19894853087983222, 46.59408559629686408, 39.76491364505296389 ) ) ;
#6634 = ORIENTED_EDGE ( 'NONE', *, *, #2778, .F. ) ;
#6635 = DIRECTION ( 'NONE',  ( -2.135044278125296610E-15, 1.346804156914148331E-30, 1.000000000000000000 ) ) ;
#6636 = DIRECTION ( 'NONE',  ( 1.540743955509785813E-27, 1.387778780781444413E-14, -1.000000000000000000 ) ) ;
#6637 = EDGE_LOOP ( 'NONE', ( #5, #821, #5995, #3040, #4076 ) ) ;
#6638 = ADVANCED_FACE ( 'NONE', ( #1006 ), #3969, .T. ) ;
#6639 = DIRECTION ( 'NONE',  ( -6.308085367188390241E-16, -1.000000000000000000, 3.062666146885651442E-32 ) ) ;
#6640 = CARTESIAN_POINT ( 'NONE',  ( 7.033891591346882439E-14, 111.5059670551350735, 40.26491364505290704 ) ) ;
#6641 = CARTESIAN_POINT ( 'NONE',  ( 11.44894849797543834, 116.5059670551347750, 41.26491364505290704 ) ) ;
#6642 = ORIENTED_EDGE ( 'NONE', *, *, #3386, .F. ) ;
#6643 = LINE ( 'NONE', #2176, #3297 ) ;
#6644 = CARTESIAN_POINT ( 'NONE',  ( 0.000000000000000000, 76.60596409107161264, 40.26491364505290704 ) ) ;
#6645 = AXIS2_PLACEMENT_3D ( 'NONE', #1199, #4506, #3839 ) ;
#6646 = CARTESIAN_POINT ( 'NONE',  ( 32.94894849797545078, 62.67725764581948056, 42.76491364505290704 ) ) ;
#6647 = ORIENTED_EDGE ( 'NONE', *, *, #4588, .T. ) ;
#6648 = EDGE_CURVE ( 'NONE', #6517, #4862, #16, .T. ) ;
#6649 = CARTESIAN_POINT ( 'NONE',  ( -1.736407636530387730E-12, 126.5059670551347324, 42.76491364505290704 ) ) ;
#6650 = EDGE_CURVE ( 'NONE', #6893, #2320, #1509, .T. ) ;
#6651 = DIRECTION ( 'NONE',  ( -1.000000000000000000, 0.000000000000000000, 0.000000000000000000 ) ) ;
#6652 = VECTOR ( 'NONE', #3578, 1000.000000000000000 ) ;
#6653 = DIRECTION ( 'NONE',  ( -0.000000000000000000, -0.000000000000000000, 1.000000000000000000 ) ) ;
#6654 = DIRECTION ( 'NONE',  ( -1.000000000000000000, 9.156478491488224274E-14, 0.000000000000000000 ) ) ;
#6655 = ORIENTED_EDGE ( 'NONE', *, *, #5029, .T. ) ;
#6656 = CARTESIAN_POINT ( 'NONE',  ( 32.69894853087974695, 113.0059670551349029, 40.26491364505295678 ) ) ;
#6657 = CARTESIAN_POINT ( 'NONE',  ( 23.11959897052462409, 109.5059670551350592, 29.26491364505290704 ) ) ;
#6658 = AXIS2_PLACEMENT_3D ( 'NONE', #4839, #519, #6028 ) ;
#6659 = EDGE_LOOP ( 'NONE', ( #2856, #933, #4080, #5647, #2986, #499 ) ) ;
#6660 = ORIENTED_EDGE ( 'NONE', *, *, #1620, .T. ) ;
#6661 = DIRECTION ( 'NONE',  ( 0.000000000000000000, 0.000000000000000000, 1.000000000000000000 ) ) ;
#6662 = CARTESIAN_POINT ( 'NONE',  ( 7.448948465071308256, 74.60596705513523830, 41.76491364505290704 ) ) ;
#6663 = CARTESIAN_POINT ( 'NONE',  ( 31.44894849797543657, 0.000000000000000000, 42.76491364505290704 ) ) ;
#6664 = CARTESIAN_POINT ( 'NONE',  ( 0.000000000000000000, 119.5059670551349171, 40.26491364505290704 ) ) ;
#6665 = CARTESIAN_POINT ( 'NONE',  ( 38.68208811700137062, 46.62711977940104902, 38.93124341727293825 ) ) ;
#6666 = ORIENTED_EDGE ( 'NONE', *, *, #107, .T. ) ;
#6667 = CARTESIAN_POINT ( 'NONE',  ( 38.66239382626184096, 112.6298645839336672, 39.55665525653235193 ) ) ;
#6668 = VERTEX_POINT ( 'NONE', #6771 ) ;
#6669 = AXIS2_PLACEMENT_3D ( 'NONE', #5045, #3949, #1710 ) ;
#6670 = ORIENTED_EDGE ( 'NONE', *, *, #4470, .T. ) ;
#6671 = EDGE_CURVE ( 'NONE', #216, #4669, #4411, .T. ) ;
#6672 = FACE_OUTER_BOUND ( 'NONE', #4069, .T. ) ;
#6673 = ORIENTED_EDGE ( 'NONE', *, *, #1534, .F. ) ;
#6674 = DIRECTION ( 'NONE',  ( 0.000000000000000000, 1.000000000000000000, -0.000000000000000000 ) ) ;
#6675 = VECTOR ( 'NONE', #4223, 1000.000000000000000 ) ;
#6676 = DIRECTION ( 'NONE',  ( 0.000000000000000000, 0.000000000000000000, 1.000000000000000000 ) ) ;
#6677 = ORIENTED_EDGE ( 'NONE', *, *, #5996, .T. ) ;
#6678 = CARTESIAN_POINT ( 'NONE',  ( 38.58468489822250547, 62.17725764581895476, 39.76491364505297099 ) ) ;
#6679 = VECTOR ( 'NONE', #5814, 1000.000000000000114 ) ;
#6680 = CARTESIAN_POINT ( 'NONE',  ( 11.09894846507153687, 30.36591882637166151, 41.26491364505290704 ) ) ;
#6681 = CARTESIAN_POINT ( 'NONE',  ( 4.879758946199654446, 111.5059670551350592, 39.51567808292384854 ) ) ;
#6682 = ORIENTED_EDGE ( 'NONE', *, *, #2513, .F. ) ;
#6683 = EDGE_CURVE ( 'NONE', #2132, #5190, #2739, .T. ) ;
#6684 = LINE ( 'NONE', #5515, #3874 ) ;
#6685 = LINE ( 'NONE', #6612, #5855 ) ;
#6686 = CIRCLE ( 'NONE', #889, 0.5000000000000004441 ) ;
#6687 = EDGE_CURVE ( 'NONE', #5412, #5942, #1213, .T. ) ;
#6688 = CYLINDRICAL_SURFACE ( 'NONE', #6582, 0.5000000000000004441 ) ;
#6689 = DIRECTION ( 'NONE',  ( 6.308085367188390241E-16, 1.000000000000000000, -9.206716765389444826E-33 ) ) ;
#6690 = CIRCLE ( 'NONE', #5064, 0.5000000000000004441 ) ;
#6691 = CARTESIAN_POINT ( 'NONE',  ( 37.19894853087942721, 29.52028972306769461, 39.86441989166380040 ) ) ;
#6692 = CARTESIAN_POINT ( 'NONE',  ( 31.44894849797543657, 31.56946945390425086, 42.76491364505290704 ) ) ;
#6693 = CARTESIAN_POINT ( 'NONE',  ( 6.698948465071303815, 76.60596409107161264, 40.26491364505290704 ) ) ;
#6694 = ORIENTED_EDGE ( 'NONE', *, *, #1765, .T. ) ;
#6695 = CARTESIAN_POINT ( 'NONE',  ( 8.178091716629355190, 31.54216124156851464, 38.79171569784927698 ) ) ;
#6696 = PLANE ( 'NONE',  #347 ) ;
#6697 = EDGE_CURVE ( 'NONE', #6079, #6238, #4951, .T. ) ;
#6698 = EDGE_CURVE ( 'NONE', #2692, #5711, #115, .T. ) ;
#6699 = CIRCLE ( 'NONE', #444, 7.499999999999998224 ) ;
#6700 = EDGE_LOOP ( 'NONE', ( #6247, #2880, #3174, #378 ) ) ;
#6701 = VERTEX_POINT ( 'NONE', #2271 ) ;
#6702 = CARTESIAN_POINT ( 'NONE',  ( 35.29894853087964890, 18.40596112700797349, 42.76491364505290704 ) ) ;
#6703 = DIRECTION ( 'NONE',  ( -0.000000000000000000, 0.000000000000000000, 1.000000000000000000 ) ) ;
#6704 = CARTESIAN_POINT ( 'NONE',  ( 38.58650808694147116, 49.69359946951475138, 38.76501727803733388 ) ) ;
#6705 = VERTEX_POINT ( 'NONE', #4522 ) ;
#6706 = CIRCLE ( 'NONE', #687, 5.499999999999998224 ) ;
#6707 = VERTEX_POINT ( 'NONE', #5645 ) ;
#6708 = ORIENTED_EDGE ( 'NONE', *, *, #2969, .T. ) ;
#6709 = DIRECTION ( 'NONE',  ( -0.000000000000000000, -0.000000000000000000, 1.000000000000000000 ) ) ;
#6710 = ORIENTED_EDGE ( 'NONE', *, *, #929, .T. ) ;
#6711 = CIRCLE ( 'NONE', #1951, 2.000000000000001776 ) ;
#6712 = CARTESIAN_POINT ( 'NONE',  ( 28.31161477284898353, 109.5059670551350592, 27.39599783921246967 ) ) ;
#6713 = LINE ( 'NONE', #2750, #1910 ) ;
#6714 = EDGE_LOOP ( 'NONE', ( #2935, #6519, #3021, #7075 ) ) ;
#6715 = DIRECTION ( 'NONE',  ( 1.000000000000000000, -9.714451465470109631E-14, 1.348150961071062586E-27 ) ) ;
#6716 = VECTOR ( 'NONE', #1588, 1000.000000000000000 ) ;
#6717 = CARTESIAN_POINT ( 'NONE',  ( 21.44894849797543301, 23.00596112700796425, 41.26491364505290704 ) ) ;
#6718 = DIRECTION ( 'NONE',  ( -2.379049338482476317E-14, 1.000000000000000000, 0.000000000000000000 ) ) ;
#6719 = ORIENTED_EDGE ( 'NONE', *, *, #2256, .T. ) ;
#6720 = DIRECTION ( 'NONE',  ( -1.000000000000000000, 0.000000000000000000, 0.000000000000000000 ) ) ;
#6721 =( BOUNDED_CURVE ( )  B_SPLINE_CURVE ( 3, ( #4275, #6044, #403, #5973 ),
 .UNSPECIFIED., .F., .F. ) 
 B_SPLINE_CURVE_WITH_KNOTS ( ( 4, 4 ),
 ( 4.663221655864641768, 6.283185307179586232 ),
 .UNSPECIFIED. ) 
 CURVE ( )  GEOMETRIC_REPRESENTATION_ITEM ( )  RATIONAL_B_SPLINE_CURVE ( ( 1.000000000000000000, 0.7930077308540457448, 0.7930077308540457448, 1.000000000000000000 ) ) 
 REPRESENTATION_ITEM ( '' )  );
#6722 = CARTESIAN_POINT ( 'NONE',  ( 33.91289214232726579, 16.90596112700742637, 40.26491364505290704 ) ) ;
#6723 = VECTOR ( 'NONE', #5135, 1000.000000000000000 ) ;
#6724 = CARTESIAN_POINT ( 'NONE',  ( 21.41707547077352558, 33.50596112700796425, 9.735034304897048685 ) ) ;
#6725 = EDGE_CURVE ( 'NONE', #4878, #6774, #6221, .T. ) ;
#6726 = DIRECTION ( 'NONE',  ( 0.000000000000000000, -0.000000000000000000, -1.000000000000000000 ) ) ;
#6727 = VECTOR ( 'NONE', #4592, 1000.000000000000000 ) ;
#6728 = CARTESIAN_POINT ( 'NONE',  ( 37.19894853087962616, 112.9759263931391047, 40.26491364505296389 ) ) ;
#6729 = CARTESIAN_POINT ( 'NONE',  ( 20.77829802542630233, 109.5059670551350592, 23.76491364505291060 ) ) ;
#6730 = EDGE_CURVE ( 'NONE', #2219, #772, #6742, .T. ) ;
#6731 = DIRECTION ( 'NONE',  ( -0.000000000000000000, -0.000000000000000000, 1.000000000000000000 ) ) ;
#6732 = ORIENTED_EDGE ( 'NONE', *, *, #178, .T. ) ;
#6733 = DIRECTION ( 'NONE',  ( 0.0004794411333293975910, 0.9999998850680932305, 0.000000000000000000 ) ) ;
#6734 = DIRECTION ( 'NONE',  ( 0.000000000000000000, 0.000000000000000000, -1.000000000000000000 ) ) ;
#6735 = VECTOR ( 'NONE', #1393, 1000.000000000000000 ) ;
#6736 = EDGE_CURVE ( 'NONE', #2926, #5886, #3933, .T. ) ;
#6737 = ORIENTED_EDGE ( 'NONE', *, *, #5436, .F. ) ;
#6738 = ORIENTED_EDGE ( 'NONE', *, *, #3349, .F. ) ;
#6739 = CARTESIAN_POINT ( 'NONE',  ( 6.698948465071303815, 60.00596112700797136, 41.26491364505290704 ) ) ;
#6740 = CARTESIAN_POINT ( 'NONE',  ( 30.94894849797543301, 31.50596112700795715, 40.26491364505290704 ) ) ;
#6741 = DIRECTION ( 'NONE',  ( 0.000000000000000000, 0.000000000000000000, 1.000000000000000000 ) ) ;
#6742 = LINE ( 'NONE', #6704, #4050 ) ;
#6743 = VERTEX_POINT ( 'NONE', #37 ) ;
#6744 = EDGE_LOOP ( 'NONE', ( #5193, #5640, #1382, #4454 ) ) ;
#6745 = EDGE_CURVE ( 'NONE', #1389, #3056, #1272, .T. ) ;
#6746 = EDGE_CURVE ( 'NONE', #5969, #3028, #6489, .T. ) ;
#6747 = CARTESIAN_POINT ( 'NONE',  ( 0.000000000000000000, 122.1059670551352383, 41.76491364505290704 ) ) ;
#6748 = VERTEX_POINT ( 'NONE', #3354 ) ;
#6749 = DIRECTION ( 'NONE',  ( 1.000000000000000000, -9.156478491488235634E-14, -0.000000000000000000 ) ) ;
#6750 = LINE ( 'NONE', #1772, #5387 ) ;
#6751 = ORIENTED_EDGE ( 'NONE', *, *, #6988, .F. ) ;
#6752 = CARTESIAN_POINT ( 'NONE',  ( 6.028357394118694756, 31.07893147307323289, 39.64798189813438256 ) ) ;
#6753 = CARTESIAN_POINT ( 'NONE',  ( 6.698948465071296710, 31.39595948836799266, 40.26491364505290704 ) ) ;
#6754 = CARTESIAN_POINT ( 'NONE',  ( 8.598948465071316605, 124.6059670551352241, 42.76491364505290704 ) ) ;
#6755 = VERTEX_POINT ( 'NONE', #5578 ) ;
#6756 = CARTESIAN_POINT ( 'NONE',  ( 34.29894853087961337, 122.1059670551352525, 41.26491364505290704 ) ) ;
#6757 = DIRECTION ( 'NONE',  ( 0.000000000000000000, -0.000000000000000000, 1.000000000000000000 ) ) ;
#6758 = LINE ( 'NONE', #597, #4139 ) ;
#6759 = CARTESIAN_POINT ( 'NONE',  ( 37.19894853087983222, 62.17725764581908265, 40.26491364505290704 ) ) ;
#6760 = PLANE ( 'NONE',  #2035 ) ;
#6761 = DIRECTION ( 'NONE',  ( -6.308085367188389255E-16, -1.000000000000000000, 2.525681083163391553E-47 ) ) ;
#6762 = DIRECTION ( 'NONE',  ( 0.000000000000000000, 0.000000000000000000, -1.000000000000000000 ) ) ;
#6763 = VERTEX_POINT ( 'NONE', #613 ) ;
#6764 = VERTEX_POINT ( 'NONE', #2814 ) ;
#6765 = AXIS2_PLACEMENT_3D ( 'NONE', #4317, #5336, #3729 ) ;
#6766 = ORIENTED_EDGE ( 'NONE', *, *, #1258, .T. ) ;
#6767 = FACE_OUTER_BOUND ( 'NONE', #4742, .T. ) ;
#6768 = DIRECTION ( 'NONE',  ( 0.000000000000000000, 0.000000000000000000, -1.000000000000000000 ) ) ;
#6769 = EDGE_CURVE ( 'NONE', #5612, #203, #6150, .T. ) ;
#6770 = LINE ( 'NONE', #2342, #6559 ) ;
#6771 = CARTESIAN_POINT ( 'NONE',  ( 7.448948465071308256, 76.60596409107161264, 40.26491364505289994 ) ) ;
#6772 = AXIS2_PLACEMENT_3D ( 'NONE', #3420, #609, #3961 ) ;
#6773 = ADVANCED_FACE ( 'NONE', ( #5162 ), #3024, .T. ) ;
#6774 = VERTEX_POINT ( 'NONE', #5232 ) ;
#6775 = ORIENTED_EDGE ( 'NONE', *, *, #4734, .T. ) ;
#6776 = CARTESIAN_POINT ( 'NONE',  ( 7.149845539998552546, 30.86833576521609501, 39.77716295412646019 ) ) ;
#6777 = EDGE_LOOP ( 'NONE', ( #2664, #3494, #1997, #4836 ) ) ;
#6778 = CYLINDRICAL_SURFACE ( 'NONE', #3462, 2.000000000000000444 ) ;
#6779 = DIRECTION ( 'NONE',  ( 1.000000000000000000, 0.000000000000000000, 0.000000000000000000 ) ) ;
#6780 = VECTOR ( 'NONE', #2765, 1000.000000000000000 ) ;
#6781 = ORIENTED_EDGE ( 'NONE', *, *, #6253, .F. ) ;
#6782 = DIRECTION ( 'NONE',  ( 0.000000000000000000, 0.000000000000000000, 1.000000000000000000 ) ) ;
#6783 = ADVANCED_FACE ( 'NONE', ( #1936 ), #2992, .F. ) ;
#6784 = EDGE_CURVE ( 'NONE', #216, #688, #3937, .T. ) ;
#6785 = ORIENTED_EDGE ( 'NONE', *, *, #3161, .T. ) ;
#6786 = CARTESIAN_POINT ( 'NONE',  ( -2.389055103404173276E-12, 111.5059670551345192, 41.26491364505290704 ) ) ;
#6787 = CARTESIAN_POINT ( 'NONE',  ( 38.58468489822250547, 62.17725764581896186, 39.76491364505297099 ) ) ;
#6788 = AXIS2_PLACEMENT_3D ( 'NONE', #291, #3007, #1914 ) ;
#6789 = ORIENTED_EDGE ( 'NONE', *, *, #1844, .T. ) ;
#6790 = DIRECTION ( 'NONE',  ( 1.000000000000000000, 0.000000000000000000, 0.000000000000000000 ) ) ;
#6791 = CARTESIAN_POINT ( 'NONE',  ( 11.59894846507153865, -0.000000000000000000, 42.76491364505290704 ) ) ;
#6792 = DIRECTION ( 'NONE',  ( -6.308085367188389255E-16, -1.000000000000000000, 0.000000000000000000 ) ) ;
#6793 = AXIS2_PLACEMENT_3D ( 'NONE', #4735, #1510, #4186 ) ;
#6794 = CARTESIAN_POINT ( 'NONE',  ( 38.37727367815374180, 74.07692342909875549, 38.40113134971083042 ) ) ;
#6795 = CYLINDRICAL_SURFACE ( 'NONE', #432, 0.5000000000000004441 ) ;
#6796 = ORIENTED_EDGE ( 'NONE', *, *, #3141, .F. ) ;
#6797 = DIRECTION ( 'NONE',  ( 0.0004794411333358689228, 0.9999998850680932305, 0.000000000000000000 ) ) ;
#6798 = AXIS2_PLACEMENT_3D ( 'NONE', #2523, #1433, #6442 ) ;
#6799 = VERTEX_POINT ( 'NONE', #4657 ) ;
#6800 = CIRCLE ( 'NONE', #3651, 0.5000000000000004441 ) ;
#6801 = ORIENTED_EDGE ( 'NONE', *, *, #5040, .F. ) ;
#6802 =( BOUNDED_CURVE ( )  B_SPLINE_CURVE ( 3, ( #1234, #4536, #6206, #1133 ),
 .UNSPECIFIED., .F., .F. ) 
 B_SPLINE_CURVE_WITH_KNOTS ( ( 4, 4 ),
 ( 2.465190328815663013E-29, 1.570796326795052211 ),
 .UNSPECIFIED. ) 
 CURVE ( )  GEOMETRIC_REPRESENTATION_ITEM ( )  RATIONAL_B_SPLINE_CURVE ( ( 1.000000000000000000, 0.8047378541243281891, 0.8047378541243281891, 1.000000000000000000 ) ) 
 REPRESENTATION_ITEM ( '' )  );
#6803 = ADVANCED_FACE ( 'NONE', ( #4619 ), #6908, .T. ) ;
#6804 = ORIENTED_EDGE ( 'NONE', *, *, #308, .T. ) ;
#6805 = CARTESIAN_POINT ( 'NONE',  ( -0.000000000000000000, 75.10596705513523830, 41.26491364505290704 ) ) ;
#6806 = DIRECTION ( 'NONE',  ( -9.156478491488279810E-14, -1.000000000000000000, 0.000000000000000000 ) ) ;
#6807 = AXIS2_PLACEMENT_3D ( 'NONE', #4582, #611, #71 ) ;
#6808 = FACE_OUTER_BOUND ( 'NONE', #3018, .T. ) ;
#6809 = VERTEX_POINT ( 'NONE', #1862 ) ;
#6810 = EDGE_CURVE ( 'NONE', #159, #2320, #2922, .T. ) ;
#6811 = ORIENTED_EDGE ( 'NONE', *, *, #4771, .T. ) ;
#6812 = VECTOR ( 'NONE', #6469, 1000.000000000000000 ) ;
#6813 = ADVANCED_FACE ( 'NONE', ( #3457 ), #3491, .F. ) ;
#6814 = DIRECTION ( 'NONE',  ( 1.000000000000000000, 5.006213283395919931E-15, 0.000000000000000000 ) ) ;
#6815 = VERTEX_POINT ( 'NONE', #6396 ) ;
#6816 = DIRECTION ( 'NONE',  ( -0.9999998850680932305, 0.0004794411333293943384, -2.135044032740586940E-15 ) ) ;
#6817 = AXIS2_PLACEMENT_3D ( 'NONE', #1026, #1451, #3656 ) ;
#6818 = VERTEX_POINT ( 'NONE', #2515 ) ;
#6819 = CARTESIAN_POINT ( 'NONE',  ( 7.170118841716792701, 30.88361104263535850, 40.26491364505289994 ) ) ;
#6820 = EDGE_CURVE ( 'NONE', #4489, #950, #2444, .T. ) ;
#6821 = ORIENTED_EDGE ( 'NONE', *, *, #2081, .F. ) ;
#6822 = DIRECTION ( 'NONE',  ( 2.689493761204353509E-15, -1.000000000000000000, 0.000000000000000000 ) ) ;
#6823 = AXIS2_PLACEMENT_3D ( 'NONE', #3078, #5829, #6523 ) ;
#6824 = DIRECTION ( 'NONE',  ( 1.110223024625155531E-13, 1.000000000000000000, 0.000000000000000000 ) ) ;
#6825 = ORIENTED_EDGE ( 'NONE', *, *, #1941, .T. ) ;
#6826 = CARTESIAN_POINT ( 'NONE',  ( 6.736982329113184065, 113.5059670551350592, 40.26491364505290704 ) ) ;
#6827 = DIRECTION ( 'NONE',  ( 1.000000000000000000, 0.000000000000000000, -0.000000000000000000 ) ) ;
#6828 = CARTESIAN_POINT ( 'NONE',  ( 38.58468489822249836, 49.69339252833242426, 40.26491364505297099 ) ) ;
#6829 = ADVANCED_FACE ( 'NONE', ( #5128 ), #174, .T. ) ;
#6830 = CARTESIAN_POINT ( 'NONE',  ( 38.56123339714772413, 73.32995127698499971, 38.72106129578855160 ) ) ;
#6831 = CARTESIAN_POINT ( 'NONE',  ( 0.000000000000000000, 0.000000000000000000, 41.26491364505290704 ) ) ;
#6832 = ORIENTED_EDGE ( 'NONE', *, *, #4956, .F. ) ;
#6833 = AXIS2_PLACEMENT_3D ( 'NONE', #1538, #4364, #6540 ) ;
#6834 = EDGE_CURVE ( 'NONE', #1189, #6072, #6948, .T. ) ;
#6835 = CARTESIAN_POINT ( 'NONE',  ( 0.000000000000000000, 0.000000000000000000, 42.76491364505290704 ) ) ;
#6836 = AXIS2_PLACEMENT_3D ( 'NONE', #4962, #5395, #1551 ) ;
#6837 = ORIENTED_EDGE ( 'NONE', *, *, #3389, .T. ) ;
#6838 = ORIENTED_EDGE ( 'NONE', *, *, #2009, .F. ) ;
#6839 = ORIENTED_EDGE ( 'NONE', *, *, #1489, .T. ) ;
#6840 = LINE ( 'NONE', #5300, #2015 ) ;
#6841 = FACE_OUTER_BOUND ( 'NONE', #1309, .T. ) ;
#6842 = LINE ( 'NONE', #1317, #365 ) ;
#6843 = ORIENTED_EDGE ( 'NONE', *, *, #3141, .T. ) ;
#6844 = ORIENTED_EDGE ( 'NONE', *, *, #263, .T. ) ;
#6845 = VECTOR ( 'NONE', #888, 1000.000000000000114 ) ;
#6846 = CARTESIAN_POINT ( 'NONE',  ( 32.94894849797541525, 33.50596112700795715, 34.38948260544477620 ) ) ;
#6847 = ORIENTED_EDGE ( 'NONE', *, *, #1308, .F. ) ;
#6848 = CARTESIAN_POINT ( 'NONE',  ( 37.19894853087959774, 124.6059670551352241, 40.26491364505290704 ) ) ;
#6849 = LINE ( 'NONE', #6952, #4811 ) ;
#6850 = ORIENTED_EDGE ( 'NONE', *, *, #531, .T. ) ;
#6851 = VERTEX_POINT ( 'NONE', #5811 ) ;
#6852 = CARTESIAN_POINT ( 'NONE',  ( 0.02196448609609427324, 46.61160426706537407, 41.26491364505290704 ) ) ;
#6853 = CYLINDRICAL_SURFACE ( 'NONE', #1821, 0.5000000000000004441 ) ;
#6854 = ORIENTED_EDGE ( 'NONE', *, *, #6149, .T. ) ;
#6855 = CARTESIAN_POINT ( 'NONE',  ( 11.15605527916198447, 116.5059670551347750, 41.26491364505290704 ) ) ;
#6856 = LINE ( 'NONE', #5182, #5091 ) ;
#6857 = PLANE ( 'NONE',  #2732 ) ;
#6858 = DIRECTION ( 'NONE',  ( 1.000000000000000000, 1.372589512535495125E-14, 0.000000000000000000 ) ) ;
#6859 = EDGE_CURVE ( 'NONE', #6254, #3844, #2906, .T. ) ;
#6860 = CARTESIAN_POINT ( 'NONE',  ( 38.65535716205418737, 74.27725659991871510, 38.88475479997246254 ) ) ;
#6861 = DIRECTION ( 'NONE',  ( -1.000000000000000000, -2.689493761204353509E-15, -0.000000000000000000 ) ) ;
#6862 = ORIENTED_EDGE ( 'NONE', *, *, #7160, .F. ) ;
#6863 = CARTESIAN_POINT ( 'NONE',  ( 1.861261216301085068E-14, 29.50596112700797846, 40.26491364505290704 ) ) ;
#6864 = ORIENTED_EDGE ( 'NONE', *, *, #4584, .T. ) ;
#6865 = EDGE_CURVE ( 'NONE', #744, #5612, #6942, .T. ) ;
#6866 = ADVANCED_FACE ( 'NONE', ( #6808 ), #4040, .F. ) ;
#6867 = ORIENTED_EDGE ( 'NONE', *, *, #6046, .T. ) ;
#6868 = ORIENTED_EDGE ( 'NONE', *, *, #6405, .T. ) ;
#6869 = DIRECTION ( 'NONE',  ( 0.000000000000000000, 0.000000000000000000, 1.000000000000000000 ) ) ;
#6870 = DIRECTION ( 'NONE',  ( 0.000000000000000000, -0.000000000000000000, -1.000000000000000000 ) ) ;
#6871 = CARTESIAN_POINT ( 'NONE',  ( 0.000000000000000000, 39.00596112700797136, 41.76491364505290704 ) ) ;
#6872 = EDGE_LOOP ( 'NONE', ( #3789, #6543, #4974, #5738 ) ) ;
#6873 = ORIENTED_EDGE ( 'NONE', *, *, #6262, .T. ) ;
#6874 = AXIS2_PLACEMENT_3D ( 'NONE', #289, #4667, #5112 ) ;
#6875 = CARTESIAN_POINT ( 'NONE',  ( 0.000000000000000000, 39.50596112700796425, 42.76491364505290704 ) ) ;
#6876 = ORIENTED_EDGE ( 'NONE', *, *, #1921, .T. ) ;
#6877 = CARTESIAN_POINT ( 'NONE',  ( 10.94894849797545611, 121.0059670551347750, 42.76491364505290704 ) ) ;
#6878 = CARTESIAN_POINT ( 'NONE',  ( 38.92223140908174628, 30.18440289702695623, 40.26491364505229598 ) ) ;
#6879 = VERTEX_POINT ( 'NONE', #2955 ) ;
#6880 = DIRECTION ( 'NONE',  ( 0.0004794411333254540225, 0.9999998850680932305, 0.000000000000000000 ) ) ;
#6881 = CIRCLE ( 'NONE', #5032, 2.000000000000000000 ) ;
#6882 = VERTEX_POINT ( 'NONE', #211 ) ;
#6883 = LINE ( 'NONE', #1776, #4014 ) ;
#6884 = ORIENTED_EDGE ( 'NONE', *, *, #2007, .T. ) ;
#6885 = CARTESIAN_POINT ( 'NONE',  ( -1.736407636530387730E-12, 126.5059670551347324, 40.26491364505290704 ) ) ;
#6886 = DIRECTION ( 'NONE',  ( -0.4138029443011844721, 2.610304297845774153E-16, -0.9103664774626044620 ) ) ;
#6887 = FACE_OUTER_BOUND ( 'NONE', #3619, .T. ) ;
#6888 = TOROIDAL_SURFACE ( 'NONE', #4575, 5.500000000000000888, 2.000000000000000000 ) ;
#6889 = VECTOR ( 'NONE', #6560, 1000.000000000000000 ) ;
#6890 = EDGE_CURVE ( 'NONE', #1296, #688, #6842, .T. ) ;
#6891 = CARTESIAN_POINT ( 'NONE',  ( 37.72218489822247989, 73.27725659993876661, 38.76491364505291415 ) ) ;
#6892 = CARTESIAN_POINT ( 'NONE',  ( 33.91289214232726579, 16.90596112700742637, 42.76491364505290704 ) ) ;
#6893 = VERTEX_POINT ( 'NONE', #4109 ) ;
#6894 = CARTESIAN_POINT ( 'NONE',  ( 13.24035607321161834, 0.000000000000000000, 40.26491364505290704 ) ) ;
#6895 = ORIENTED_EDGE ( 'NONE', *, *, #5428, .T. ) ;
#6896 = CARTESIAN_POINT ( 'NONE',  ( 23.11959897052456725, 33.50596112700796425, 21.76491364505290704 ) ) ;
#6897 = EDGE_CURVE ( 'NONE', #4028, #3766, #777, .T. ) ;
#6898 = VECTOR ( 'NONE', #4445, 1000.000000000000000 ) ;
#6899 =( BOUNDED_CURVE ( )  B_SPLINE_CURVE ( 3, ( #4980, #2806, #6147, #2303 ),
 .UNSPECIFIED., .F., .F. ) 
 B_SPLINE_CURVE_WITH_KNOTS ( ( 4, 4 ),
 ( 3.140758843116365107, 4.711555169911263441 ),
 .UNSPECIFIED. ) 
 CURVE ( )  GEOMETRIC_REPRESENTATION_ITEM ( )  RATIONAL_B_SPLINE_CURVE ( ( 1.000000000000000000, 0.8047378541243646044, 0.8047378541243646044, 1.000000000000000000 ) ) 
 REPRESENTATION_ITEM ( '' )  );
#6900 = EDGE_LOOP ( 'NONE', ( #4783, #6844, #715, #278 ) ) ;
#6901 = B_SPLINE_CURVE_WITH_KNOTS ( 'NONE', 3,
 ( #5282, #5797, #4746, #334, #4781, #6994, #4707 ),
 .UNSPECIFIED., .F., .F.,
 ( 4, 3, 4 ),
 ( -1.630058355885354929E-05, 0.000000000000000000, 0.0002705339272318147054 ),
 .UNSPECIFIED. ) ;
#6902 = VERTEX_POINT ( 'NONE', #3171 ) ;
#6903 = VECTOR ( 'NONE', #924, 1000.000000000000000 ) ;
#6904 = VECTOR ( 'NONE', #842, 1000.000000000000000 ) ;
#6905 = LINE ( 'NONE', #2442, #641 ) ;
#6906 = CARTESIAN_POINT ( 'NONE',  ( 6.716898362098332242, 31.21609251325131495, 40.23817551520841818 ) ) ;
#6907 = EDGE_CURVE ( 'NONE', #6319, #4562, #4715, .T. ) ;
#6908 = PLANE ( 'NONE',  #2665 ) ;
#6909 = AXIS2_PLACEMENT_3D ( 'NONE', #3121, #5330, #375 ) ;
#6910 = ORIENTED_EDGE ( 'NONE', *, *, #630, .T. ) ;
#6911 = ORIENTED_EDGE ( 'NONE', *, *, #390, .T. ) ;
#6912 = EDGE_CURVE ( 'NONE', #5980, #5563, #5377, .T. ) ;
#6913 = LINE ( 'NONE', #2048, #7020 ) ;
#6914 = ORIENTED_EDGE ( 'NONE', *, *, #5438, .T. ) ;
#6915 = CARTESIAN_POINT ( 'NONE',  ( -8.263236184924311597E-14, 16.50596112700779727, 40.26491364505290704 ) ) ;
#6916 = CARTESIAN_POINT ( 'NONE',  ( 38.03339078704046727, 30.39382673831239146, 40.26491364505297099 ) ) ;
#6917 = ORIENTED_EDGE ( 'NONE', *, *, #87, .T. ) ;
#6918 = CARTESIAN_POINT ( 'NONE',  ( 37.18032149984814083, 113.4831471017625688, 39.72737098713211878 ) ) ;
#6919 = CIRCLE ( 'NONE', #556, 0.5000000000000022204 ) ;
#6920 = ORIENTED_EDGE ( 'NONE', *, *, #2593, .T. ) ;
#6921 = CARTESIAN_POINT ( 'NONE',  ( 38.68198452892483630, 49.15958381094484508, 38.93106326409198203 ) ) ;
#6922 = DIRECTION ( 'NONE',  ( -1.000000000000000000, 0.000000000000000000, 0.000000000000000000 ) ) ;
#6923 = DIRECTION ( 'NONE',  ( -1.734723475976805517E-15, 0.000000000000000000, -1.000000000000000000 ) ) ;
#6924 = VECTOR ( 'NONE', #3872, 1000.000000000000114 ) ;
#6925 = DIRECTION ( 'NONE',  ( 6.308085367188390241E-16, 1.000000000000000000, 0.000000000000000000 ) ) ;
#6926 = FACE_OUTER_BOUND ( 'NONE', #4773, .T. ) ;
#6927 = CARTESIAN_POINT ( 'NONE',  ( 10.59894846507198984, 5.515874050858483060E-14, 40.26491364505290704 ) ) ;
#6928 = CARTESIAN_POINT ( 'NONE',  ( 6.435347162880784566, 32.86591882637333839, 36.81030727130440994 ) ) ;
#6929 = CARTESIAN_POINT ( 'NONE',  ( 11.44894849797545611, 121.5059670551347750, 40.26491364505290704 ) ) ;
#6930 = ORIENTED_EDGE ( 'NONE', *, *, #3509, .T. ) ;
#6931 = CARTESIAN_POINT ( 'NONE',  ( 0.000000000000000000, 125.6059671700671174, 40.26491364505290704 ) ) ;
#6932 = VERTEX_POINT ( 'NONE', #3705 ) ;
#6933 = CARTESIAN_POINT ( 'NONE',  ( 11.59894846507153865, 30.00596112700797136, 40.26491364505297099 ) ) ;
#6934 = AXIS2_PLACEMENT_3D ( 'NONE', #286, #327, #4702 ) ;
#6935 = ADVANCED_FACE ( 'NONE', ( #6473 ), #5924, .F. ) ;
#6936 = ORIENTED_EDGE ( 'NONE', *, *, #5744, .F. ) ;
#6937 = EDGE_CURVE ( 'NONE', #2768, #46, #2589, .T. ) ;
#6938 = EDGE_LOOP ( 'NONE', ( #1001, #1142, #2521 ) ) ;
#6939 = CARTESIAN_POINT ( 'NONE',  ( 37.19894853087983222, 49.69405690742323145, 40.26491364505290704 ) ) ;
#6940 = DIRECTION ( 'NONE',  ( 0.000000000000000000, -0.000000000000000000, 1.000000000000000000 ) ) ;
#6941 = DIRECTION ( 'NONE',  ( -1.952415606740757108E-16, -1.000000000000000000, 0.000000000000000000 ) ) ;
#6942 = LINE ( 'NONE', #1973, #4751 ) ;
#6943 =( BOUNDED_CURVE ( )  B_SPLINE_CURVE ( 3, ( #6428, #6976, #6505, #1464 ),
 .UNSPECIFIED., .F., .T. ) 
 B_SPLINE_CURVE_WITH_KNOTS ( ( 4, 4 ),
 ( 1.546063381949096538, 1.570796326794881903 ),
 .UNSPECIFIED. ) 
 CURVE ( )  GEOMETRIC_REPRESENTATION_ITEM ( )  RATIONAL_B_SPLINE_CURVE ( ( 1.000000000000000000, 0.9999490241029200810, 0.9999490241029200810, 1.000000000000000000 ) ) 
 REPRESENTATION_ITEM ( '' )  );
#6944 = EDGE_CURVE ( 'NONE', #2265, #2368, #1038, .T. ) ;
#6945 = ORIENTED_EDGE ( 'NONE', *, *, #3790, .F. ) ;
#6946 = EDGE_CURVE ( 'NONE', #6079, #4028, #2042, .T. ) ;
#6947 = VERTEX_POINT ( 'NONE', #6432 ) ;
#6948 = CIRCLE ( 'NONE', #5681, 0.5000000000000004441 ) ;
#6949 = DIRECTION ( 'NONE',  ( 0.000000000000000000, -1.000000000000000000, 0.000000000000000000 ) ) ;
#6950 = ORIENTED_EDGE ( 'NONE', *, *, #3747, .T. ) ;
#6951 = DIRECTION ( 'NONE',  ( 0.000000000000000000, -0.000000000000000000, 1.000000000000000000 ) ) ;
#6952 = CARTESIAN_POINT ( 'NONE',  ( 32.94894849797542236, -1.143146204654824465E-14, 42.76491364505290704 ) ) ;
#6953 = CARTESIAN_POINT ( 'NONE',  ( 37.19894853087983222, 46.09408554078395781, 40.26491364505290704 ) ) ;
#6954 = EDGE_CURVE ( 'NONE', #4406, #1195, #5910, .T. ) ;
#6955 = ORIENTED_EDGE ( 'NONE', *, *, #714, .F. ) ;
#6956 = EDGE_CURVE ( 'NONE', #6238, #4845, #921, .T. ) ;
#6957 = CARTESIAN_POINT ( 'NONE',  ( 38.22166425680827473, 49.19356651791421342, 39.19945197474836363 ) ) ;
#6958 = LINE ( 'NONE', #5862, #5531 ) ;
#6959 = CARTESIAN_POINT ( 'NONE',  ( 4.879758946203062386, 111.7426001772726352, 39.51567808291791550 ) ) ;
#6960 = DIRECTION ( 'NONE',  ( -0.4457554083369019149, 0.4475773999931252911, 0.7752267971076564068 ) ) ;
#6961 = DIRECTION ( 'NONE',  ( 0.000000000000000000, -1.000000000000000000, 0.000000000000000000 ) ) ;
#6962 = VERTEX_POINT ( 'NONE', #4876 ) ;
#6963 = LINE ( 'NONE', #6414, #2412 ) ;
#6964 = LINE ( 'NONE', #1990, #848 ) ;
#6965 = DIRECTION ( 'NONE',  ( 9.089951014118086735E-14, 1.000000000000000000, 0.000000000000000000 ) ) ;
#6966 = ORIENTED_EDGE ( 'NONE', *, *, #6189, .T. ) ;
#6967 = CARTESIAN_POINT ( 'NONE',  ( 9.598948465071334368, 74.60596705513523830, 41.76491364505290704 ) ) ;
#6968 = EDGE_LOOP ( 'NONE', ( #3486, #6230, #348 ) ) ;
#6969 = CARTESIAN_POINT ( 'NONE',  ( 11.73945922832567845, 29.50596112700797136, 35.59504066397509803 ) ) ;
#6970 = LINE ( 'NONE', #919, #5074 ) ;
#6971 = ORIENTED_EDGE ( 'NONE', *, *, #2095, .F. ) ;
#6972 = ORIENTED_EDGE ( 'NONE', *, *, #5821, .F. ) ;
#6973 = CARTESIAN_POINT ( 'NONE',  ( 37.72218489822247278, 63.17725764581904002, 38.76491364505291415 ) ) ;
#6974 = LINE ( 'NONE', #4105, #5368 ) ;
#6975 = EDGE_CURVE ( 'NONE', #3481, #1672, #3736, .T. ) ;
#6976 = CARTESIAN_POINT ( 'NONE',  ( 37.17993378032613805, 113.5057631489480912, 40.26491364505290704 ) ) ;
#6977 = ORIENTED_EDGE ( 'NONE', *, *, #6056, .F. ) ;
#6978 = PLANE ( 'NONE',  #1726 ) ;
#6979 = CARTESIAN_POINT ( 'NONE',  ( 12.94894849797540992, 109.5059670551350592, 42.76491364505290704 ) ) ;
#6980 = VERTEX_POINT ( 'NONE', #4803 ) ;
#6981 = ORIENTED_EDGE ( 'NONE', *, *, #6542, .T. ) ;
#6982 = ADVANCED_FACE ( 'NONE', ( #7086 ), #5846, .F. ) ;
#6983 = CARTESIAN_POINT ( 'NONE',  ( 15.94894849797546321, 111.5059670551350592, 20.26491364505290349 ) ) ;
#6984 = ORIENTED_EDGE ( 'NONE', *, *, #3840, .F. ) ;
#6985 = CARTESIAN_POINT ( 'NONE',  ( 38.55426621450978786, 63.07836504473240780, 38.70894445641577164 ) ) ;
#6986 = VECTOR ( 'NONE', #6575, 1000.000000000000000 ) ;
#6987 = CARTESIAN_POINT ( 'NONE',  ( 25.19894853087959063, 112.5059670551349029, 42.76491364505290704 ) ) ;
#6988 = EDGE_CURVE ( 'NONE', #4116, #4096, #4620, .T. ) ;
#6989 = FACE_OUTER_BOUND ( 'NONE', #4171, .T. ) ;
#6990 = ORIENTED_EDGE ( 'NONE', *, *, #631, .F. ) ;
#6991 = VECTOR ( 'NONE', #12, 1000.000000000000114 ) ;
#6992 = DIRECTION ( 'NONE',  ( -0.4984711242580835422, -8.647095613470473286E-16, -0.8669063030575349105 ) ) ;
#6993 = CARTESIAN_POINT ( 'NONE',  ( 6.218521706162873919, 113.3699680318568852, 39.66988638881658602 ) ) ;
#6994 = CARTESIAN_POINT ( 'NONE',  ( 7.165262368238630053, 30.86681438834250812, 39.68832560765157780 ) ) ;
#6995 = FACE_OUTER_BOUND ( 'NONE', #5109, .T. ) ;
#6996 = EDGE_CURVE ( 'NONE', #1508, #1641, #3669, .T. ) ;
#6997 = EDGE_CURVE ( 'NONE', #6947, #3036, #19, .T. ) ;
#6998 = LINE ( 'NONE', #2675, #6470 ) ;
#6999 = CARTESIAN_POINT ( 'NONE',  ( 17.10600289698724907, -12.80532761448479739, 20.26491364505290349 ) ) ;
#7000 = FACE_OUTER_BOUND ( 'NONE', #6604, .T. ) ;
#7001 = ORIENTED_EDGE ( 'NONE', *, *, #3726, .F. ) ;
#7002 = DIRECTION ( 'NONE',  ( 0.9999998889741967822, -0.0004712235075974231303, -0.000000000000000000 ) ) ;
#7003 = EDGE_LOOP ( 'NONE', ( #4946, #4252, #128 ) ) ;
#7004 = CARTESIAN_POINT ( 'NONE',  ( 34.79894853087961337, 122.6059670551352525, 41.76491364505290704 ) ) ;
#7005 = EDGE_CURVE ( 'NONE', #6809, #4272, #2188, .T. ) ;
#7006 = CARTESIAN_POINT ( 'NONE',  ( 31.44894849797543657, 23.00596112700796425, 42.76491364505290704 ) ) ;
#7007 = AXIS2_PLACEMENT_3D ( 'NONE', #5631, #5015, #3842 ) ;
#7008 = ORIENTED_EDGE ( 'NONE', *, *, #6865, .T. ) ;
#7009 = VERTEX_POINT ( 'NONE', #930 ) ;
#7010 = FACE_OUTER_BOUND ( 'NONE', #3255, .T. ) ;
#7011 = CARTESIAN_POINT ( 'NONE',  ( 32.94894849797545078, 73.77725659993912188, 39.26491364505291415 ) ) ;
#7012 = CARTESIAN_POINT ( 'NONE',  ( 35.29894853087964890, 18.40596112700797349, 40.26491364505290704 ) ) ;
#7013 = CIRCLE ( 'NONE', #2144, 0.5000000000000004441 ) ;
#7014 = ORIENTED_EDGE ( 'NONE', *, *, #2290, .F. ) ;
#7015 = CIRCLE ( 'NONE', #4812, 1.999999999999998224 ) ;
#7016 = CARTESIAN_POINT ( 'NONE',  ( 11.59894846507153865, 30.86591882637161532, 41.26491364505290704 ) ) ;
#7017 = CARTESIAN_POINT ( 'NONE',  ( 20.94894849797543301, 26.00596112700795715, 41.76491364505290704 ) ) ;
#7018 = VECTOR ( 'NONE', #467, 1000.000000000000114 ) ;
#7019 = EDGE_LOOP ( 'NONE', ( #5624, #5674, #4994, #6295 ) ) ;
#7020 = VECTOR ( 'NONE', #393, 1000.000000000000000 ) ;
#7021 = ORIENTED_EDGE ( 'NONE', *, *, #3790, .T. ) ;
#7022 = DIRECTION ( 'NONE',  ( -0.8669063030575349105, 5.468518965040619781E-16, -0.4984711242580832091 ) ) ;
#7023 = AXIS2_PLACEMENT_3D ( 'NONE', #1630, #3832, #6718 ) ;
#7024 = DIRECTION ( 'NONE',  ( 0.000000000000000000, 1.000000000000000000, -0.000000000000000000 ) ) ;
#7025 = VECTOR ( 'NONE', #5496, 1000.000000000000000 ) ;
#7026 = DIRECTION ( 'NONE',  ( -0.000000000000000000, -0.000000000000000000, 1.000000000000000000 ) ) ;
#7027 = ORIENTED_EDGE ( 'NONE', *, *, #900, .T. ) ;
#7028 = ADVANCED_FACE ( 'NONE', ( #5419 ), #4767, .F. ) ;
#7029 = DIRECTION ( 'NONE',  ( -1.000000000000000000, 0.000000000000000000, 0.000000000000000000 ) ) ;
#7030 = ORIENTED_EDGE ( 'NONE', *, *, #6222, .T. ) ;
#7031 = CIRCLE ( 'NONE', #7146, 0.5000000000000004441 ) ;
#7032 = ADVANCED_FACE ( 'NONE', ( #5342 ), #1504, .F. ) ;
#7033 = DIRECTION ( 'NONE',  ( -7.228014036897248881E-16, -1.000000000000000000, 0.000000000000000000 ) ) ;
#7034 = DIRECTION ( 'NONE',  ( 0.000000000000000000, 0.000000000000000000, 1.000000000000000000 ) ) ;
#7035 = DIRECTION ( 'NONE',  ( 0.0004794411333274460271, 0.9999998850680933415, 0.000000000000000000 ) ) ;
#7036 = CIRCLE ( 'NONE', #2054, 1.999999999999998224 ) ;
#7037 = EDGE_CURVE ( 'NONE', #811, #5340, #2772, .T. ) ;
#7038 = LINE ( 'NONE', #338, #4555 ) ;
#7039 = VECTOR ( 'NONE', #5984, 1000.000000000000000 ) ;
#7040 = DIRECTION ( 'NONE',  ( 0.000000000000000000, 1.000000000000000000, 0.000000000000000000 ) ) ;
#7041 = ORIENTED_EDGE ( 'NONE', *, *, #6484, .F. ) ;
#7042 = LINE ( 'NONE', #4205, #564 ) ;
#7043 = LINE ( 'NONE', #5477, #2971 ) ;
#7044 = EDGE_CURVE ( 'NONE', #4732, #1159, #2187, .T. ) ;
#7045 = DIRECTION ( 'NONE',  ( 2.379049338482476317E-14, -1.000000000000000000, 0.000000000000000000 ) ) ;
#7046 = CIRCLE ( 'NONE', #6817, 0.5000000000000004441 ) ;
#7047 = ORIENTED_EDGE ( 'NONE', *, *, #7044, .F. ) ;
#7048 = ADVANCED_FACE ( 'NONE', ( #1176 ), #1072, .F. ) ;
#7049 = EDGE_LOOP ( 'NONE', ( #1158, #501, #6936, #5840 ) ) ;
#7050 = EDGE_CURVE ( 'NONE', #2481, #1319, #4403, .T. ) ;
#7051 = CYLINDRICAL_SURFACE ( 'NONE', #661, 0.5000000000000004441 ) ;
#7052 = CARTESIAN_POINT ( 'NONE',  ( 38.15563804975123929, 46.50805258784176033, 38.01567808292386985 ) ) ;
#7053 = DIRECTION ( 'NONE',  ( 0.4984711100229773928, -0.0002389875813886759384, 0.8669062783008303352 ) ) ;
#7054 = ORIENTED_EDGE ( 'NONE', *, *, #3010, .T. ) ;
#7055 = DIRECTION ( 'NONE',  ( 0.000000000000000000, 1.000000000000000000, -0.000000000000000000 ) ) ;
#7056 = CARTESIAN_POINT ( 'NONE',  ( 11.09894846507153687, 24.61591931483222240, 40.26491364505290704 ) ) ;
#7057 = AXIS2_PLACEMENT_3D ( 'NONE', #6596, #7131, #3284 ) ;
#7058 = ORIENTED_EDGE ( 'NONE', *, *, #3749, .F. ) ;
#7059 = ORIENTED_EDGE ( 'NONE', *, *, #1521, .F. ) ;
#7060 = DIRECTION ( 'NONE',  ( -0.4138029443011836395, 3.589168409537928860E-16, 0.9103664774626050171 ) ) ;
#7061 = DIRECTION ( 'NONE',  ( 1.000000000000000000, 0.000000000000000000, 0.000000000000000000 ) ) ;
#7062 = LINE ( 'NONE', #1400, #3525 ) ;
#7063 = ORIENTED_EDGE ( 'NONE', *, *, #6687, .T. ) ;
#7064 = DIRECTION ( 'NONE',  ( -0.000000000000000000, -0.000000000000000000, -1.000000000000000000 ) ) ;
#7065 = ORIENTED_EDGE ( 'NONE', *, *, #4521, .F. ) ;
#7066 = AXIS2_PLACEMENT_3D ( 'NONE', #721, #694, #3465 ) ;
#7067 = ADVANCED_FACE ( 'NONE', ( #3811 ), #6110, .F. ) ;
#7068 = CARTESIAN_POINT ( 'NONE',  ( 4.789338548446004040, 112.6065712760445052, 40.26491364505230308 ) ) ;
#7069 = FACE_OUTER_BOUND ( 'NONE', #3967, .T. ) ;
#7070 = CARTESIAN_POINT ( 'NONE',  ( 33.53852581749953998, -0.01607975067615019168, 39.26491364505291415 ) ) ;
#7071 = AXIS2_PLACEMENT_3D ( 'NONE', #6363, #847, #5709 ) ;
#7072 = CARTESIAN_POINT ( 'NONE',  ( -1.167774018521435950E-13, -12.80532761448478851, 40.26491364505288573 ) ) ;
#7073 = DIRECTION ( 'NONE',  ( -0.000000000000000000, -0.000000000000000000, -1.000000000000000000 ) ) ;
#7074 = DIRECTION ( 'NONE',  ( 1.000000000000000000, -4.163336342344333871E-15, 0.000000000000000000 ) ) ;
#7075 = ORIENTED_EDGE ( 'NONE', *, *, #2909, .T. ) ;
#7076 = DIRECTION ( 'NONE',  ( -1.000000000000000000, 0.000000000000000000, 0.000000000000000000 ) ) ;
#7077 = FACE_OUTER_BOUND ( 'NONE', #3333, .T. ) ;
#7078 = CARTESIAN_POINT ( 'NONE',  ( 33.19894853088243281, 7.898193654070962700E-13, 42.76491364505290704 ) ) ;
#7079 = EDGE_LOOP ( 'NONE', ( #2789, #2555, #3597, #5872, #1843, #2995, #1444, #2180, #2752, #6839, #1473, #4344, #3944, #1573, #7030, #604, #1090, #724, #5236, #5149 ) ) ;
#7080 = FILL_AREA_STYLE_COLOUR ( '', #2000 ) ;
#7081 = DIRECTION ( 'NONE',  ( -0.9103664774626056833, 0.000000000000000000, -0.4138029443011821962 ) ) ;
#7082 = LINE ( 'NONE', #3239, #5618 ) ;
#7083 = LINE ( 'NONE', #4361, #2751 ) ;
#7084 = ORIENTED_EDGE ( 'NONE', *, *, #6508, .T. ) ;
#7085 = DIRECTION ( 'NONE',  ( 1.000000000000000000, 0.000000000000000000, 0.000000000000000000 ) ) ;
#7086 = FACE_OUTER_BOUND ( 'NONE', #2501, .T. ) ;
#7087 = ADVANCED_FACE ( 'NONE', ( #5487 ), #6696, .T. ) ;
#7088 = EDGE_CURVE ( 'NONE', #2832, #3235, #3958, .T. ) ;
#7089 = VERTEX_POINT ( 'NONE', #5570 ) ;
#7090 = ORIENTED_EDGE ( 'NONE', *, *, #6954, .T. ) ;
#7091 = CYLINDRICAL_SURFACE ( 'NONE', #5609, 0.5000000000000004441 ) ;
#7092 = FACE_OUTER_BOUND ( 'NONE', #4801, .T. ) ;
#7093 = DIRECTION ( 'NONE',  ( -0.000000000000000000, -0.000000000000000000, 1.000000000000000000 ) ) ;
#7094 = FACE_OUTER_BOUND ( 'NONE', #6968, .T. ) ;
#7095 = CARTESIAN_POINT ( 'NONE',  ( 39.10857567474893415, 112.6065456960010636, 40.26491364505173465 ) ) ;
#7096 = ORIENTED_EDGE ( 'NONE', *, *, #4636, .T. ) ;
#7097 = DIRECTION ( 'NONE',  ( -0.000000000000000000, -0.000000000000000000, -1.000000000000000000 ) ) ;
#7098 = PLANE ( 'NONE',  #583 ) ;
#7099 = CARTESIAN_POINT ( 'NONE',  ( 36.69894853087959063, 31.30596112700797917, 42.76491364505290704 ) ) ;
#7100 = DIRECTION ( 'NONE',  ( -1.000000000000000000, 0.000000000000000000, 0.000000000000000000 ) ) ;
#7101 = TOROIDAL_SURFACE ( 'NONE', #2932, 5.500000000000000888, 2.000000000000000000 ) ;
#7102 = ADVANCED_FACE ( 'NONE', ( #4941 ), #3345, .T. ) ;
#7103 = CARTESIAN_POINT ( 'NONE',  ( 11.09894846507153687, 28.86591882637165796, 38.15632786135751076 ) ) ;
#7104 = FACE_OUTER_BOUND ( 'NONE', #3813, .T. ) ;
#7105 = ORIENTED_EDGE ( 'NONE', *, *, #380, .F. ) ;
#7106 = CARTESIAN_POINT ( 'NONE',  ( 8.598948465071316605, 124.6059670551352241, 40.26491364505290704 ) ) ;
#7107 = AXIS2_PLACEMENT_3D ( 'NONE', #1813, #1872, #5793 ) ;
#7108 = DIRECTION ( 'NONE',  ( -6.653582314773290713E-18, -1.387778621281389301E-14, 1.000000000000000000 ) ) ;
#7109 = CARTESIAN_POINT ( 'NONE',  ( 38.22218489822246568, 63.17725764581904002, 38.26491364505291415 ) ) ;
#7110 = EDGE_CURVE ( 'NONE', #6506, #5222, #2728, .T. ) ;
#7111 = ORIENTED_EDGE ( 'NONE', *, *, #1941, .F. ) ;
#7112 = ORIENTED_EDGE ( 'NONE', *, *, #2422, .F. ) ;
#7113 = CARTESIAN_POINT ( 'NONE',  ( 37.72218489822247989, 73.27725659993869556, 38.26491364505291415 ) ) ;
#7114 = EDGE_CURVE ( 'NONE', #678, #2421, #6248, .T. ) ;
#7115 = FACE_OUTER_BOUND ( 'NONE', #3968, .T. ) ;
#7116 = ORIENTED_EDGE ( 'NONE', *, *, #3563, .T. ) ;
#7117 = DIRECTION ( 'NONE',  ( -1.000000000000000000, -0.000000000000000000, -0.000000000000000000 ) ) ;
#7118 = AXIS2_PLACEMENT_3D ( 'NONE', #3807, #4360, #6504 ) ;
#7119 = VERTEX_POINT ( 'NONE', #6621 ) ;
#7120 = ORIENTED_EDGE ( 'NONE', *, *, #3336, .T. ) ;
#7121 = VECTOR ( 'NONE', #944, 1000.000000000000000 ) ;
#7122 = DIRECTION ( 'NONE',  ( 1.000000000000000000, -0.000000000000000000, 0.000000000000000000 ) ) ;
#7123 = EDGE_CURVE ( 'NONE', #3206, #2632, #6148, .T. ) ;
#7124 = DIRECTION ( 'NONE',  ( -1.000000000000000000, 9.156478491488224274E-14, 0.000000000000000000 ) ) ;
#7125 = CARTESIAN_POINT ( 'NONE',  ( 4.135982206990245338E-13, 30.59796963394154190, 37.15632786135923027 ) ) ;
#7126 = DIRECTION ( 'NONE',  ( -4.163336342344333871E-15, -1.000000000000000000, 0.000000000000000000 ) ) ;
#7127 = CARTESIAN_POINT ( 'NONE',  ( 38.58641784183907220, 47.09344012178421934, 38.76486033003121179 ) ) ;
#7128 = VECTOR ( 'NONE', #5856, 1000.000000000000000 ) ;
#7129 = VECTOR ( 'NONE', #1701, 1000.000000000000000 ) ;
#7130 = ORIENTED_EDGE ( 'NONE', *, *, #4470, .F. ) ;
#7131 = DIRECTION ( 'NONE',  ( -1.000000000000000000, 0.000000000000000000, 0.000000000000000000 ) ) ;
#7132 = ORIENTED_EDGE ( 'NONE', *, *, #6907, .F. ) ;
#7133 = EDGE_CURVE ( 'NONE', #3776, #2086, #2326, .T. ) ;
#7134 = AXIS2_PLACEMENT_3D ( 'NONE', #22, #1604, #1098 ) ;
#7135 = AXIS2_PLACEMENT_3D ( 'NONE', #1063, #5334, #379 ) ;
#7136 = CARTESIAN_POINT ( 'NONE',  ( 10.59894846507133082, 126.5059670551352298, 40.26491364505290704 ) ) ;
#7137 = LINE ( 'NONE', #472, #6716 ) ;
#7138 = FACE_OUTER_BOUND ( 'NONE', #2439, .T. ) ;
#7139 = VERTEX_POINT ( 'NONE', #1643 ) ;
#7140 = CARTESIAN_POINT ( 'NONE',  ( 26.79189409896355301, 31.50596112700795715, 22.26491364505290349 ) ) ;
#7141 = VECTOR ( 'NONE', #5187, 1000.000000000000114 ) ;
#7142 = CARTESIAN_POINT ( 'NONE',  ( -0.000000000000000000, 74.60596705513523830, 41.76491364505290704 ) ) ;
#7143 = CARTESIAN_POINT ( 'NONE',  ( 38.58468489822249126, 49.69339252833241716, 39.76491364505297099 ) ) ;
#7144 = ORIENTED_EDGE ( 'NONE', *, *, #6198, .T. ) ;
#7145 = DIRECTION ( 'NONE',  ( 2.135044278125296610E-15, -1.346804156914148331E-30, -1.000000000000000000 ) ) ;
#7146 = AXIS2_PLACEMENT_3D ( 'NONE', #1295, #5178, #2354 ) ;
#7147 = SPHERICAL_SURFACE ( 'NONE', #2855, 0.5000000000000000000 ) ;
#7148 = DIRECTION ( 'NONE',  ( -1.084202172485504187E-16, 1.000000000000000000, -0.000000000000000000 ) ) ;
#7149 = VECTOR ( 'NONE', #2334, 1000.000000000000000 ) ;
#7150 = ORIENTED_EDGE ( 'NONE', *, *, #5756, .T. ) ;
#7151 = LINE ( 'NONE', #5086, #734 ) ;
#7152 = CARTESIAN_POINT ( 'NONE',  ( 37.19894853087961906, 29.89640923596837396, 40.26491364505297810 ) ) ;
#7153 = CARTESIAN_POINT ( 'NONE',  ( 33.56111319306151586, 47.09579988552804508, 39.26491364505291415 ) ) ;
#7154 = CARTESIAN_POINT ( 'NONE',  ( -1.167774018521435950E-13, -12.80532761448478851, 40.26491364505288573 ) ) ;
#7155 = ORIENTED_EDGE ( 'NONE', *, *, #4430, .T. ) ;
#7156 = CARTESIAN_POINT ( 'NONE',  ( 6.698948465071336678, 122.6059670551352383, 41.76491364505290704 ) ) ;
#7157 = EDGE_CURVE ( 'NONE', #3550, #179, #1055, .T. ) ;
#7158 = VECTOR ( 'NONE', #4432, 1000.000000000000000 ) ;
#7159 = DIRECTION ( 'NONE',  ( -1.000000000000000000, 0.000000000000000000, -0.000000000000000000 ) ) ;
#7160 = EDGE_CURVE ( 'NONE', #837, #6303, #1479, .T. ) ;
#7161 = ORIENTED_EDGE ( 'NONE', *, *, #2149, .F. ) ;
#7162 = ORIENTED_EDGE ( 'NONE', *, *, #4545, .F. ) ;
#7163 = AXIS2_PLACEMENT_3D ( 'NONE', #5076, #4121, #6880 ) ;
#7164 = DIRECTION ( 'NONE',  ( -0.000000000000000000, -0.000000000000000000, 1.000000000000000000 ) ) ;
#7165 = CARTESIAN_POINT ( 'NONE',  ( 36.69894853087959774, 111.7059670551352326, 41.26491364505290704 ) ) ;
#7166 = EDGE_CURVE ( 'NONE', #688, #4048, #3817, .T. ) ;
#7167 = CARTESIAN_POINT ( 'NONE',  ( 30.94894849797543657, 23.00596112700796425, 41.76491364505290704 ) ) ;
#7168 = CARTESIAN_POINT ( 'NONE',  ( 11.58272455778179832, 29.87961271246557970, 36.62030801080251052 ) ) ;
#7169 = CARTESIAN_POINT ( 'NONE',  ( 38.29742050997626279, 46.59356797042041620, 39.26491364505291415 ) ) ;
#7170 = AXIS2_PLACEMENT_3D ( 'NONE', #66, #2225, #4476 ) ;
#7171 = ORIENTED_EDGE ( 'NONE', *, *, #3291, .T. ) ;
#7172 = CARTESIAN_POINT ( 'NONE',  ( 37.19894853087961906, 31.30596112700797917, 42.76491364505290704 ) ) ;
#7173 = EDGE_LOOP ( 'NONE', ( #6391, #2016, #2237, #4366 ) ) ;
ENDSEC;
END-ISO-10303-21;
