ISO-10303-21;
HEADER;
FILE_DESCRIPTION (( 'STEP AP214' ),
    '1' );
FILE_NAME ('?????100g?.STEP',
    '2025-11-03T16:50:45',
    ( '' ),
    ( '' ),
    'SwSTEP 2.0',
    'SolidWorks 2024',
    '' );
FILE_SCHEMA (( 'AUTOMOTIVE_DESIGN' ));
ENDSEC;

DATA;
#1 = CARTESIAN_POINT ( 'NONE',  ( -5.447724930273129651, 59.51135107530182466, 5.316775130142833206 ) ) ;
#2 = DIRECTION ( 'NONE',  ( 0.000000000000000000, -1.000000000000000000, 0.000000000000000000 ) ) ;
#3 = CYLINDRICAL_SURFACE ( 'NONE', #2441, 0.6999999999999992895 ) ;
#4 = EDGE_CURVE ( 'NONE', #1655, #2951, #6717, .T. ) ;
#5 = ORIENTED_EDGE ( 'NONE', *, *, #7250, .T. ) ;
#6 = AXIS2_PLACEMENT_3D ( 'NONE', #4877, #4989, #7365 ) ;
#7 = ORIENTED_EDGE ( 'NONE', *, *, #4301, .T. ) ;
#8 = EDGE_CURVE ( 'NONE', #4636, #4272, #4902, .T. ) ;
#9 = CARTESIAN_POINT ( 'NONE',  ( -9.000336257319188960, 44.80466514540940182, -2.120018605094868391 ) ) ;
#10 = CARTESIAN_POINT ( 'NONE',  ( -7.739994670903527663, 45.02275046629593902, 2.022988505747127519 ) ) ;
#11 = AXIS2_PLACEMENT_3D ( 'NONE', #1367, #4428, #6887 ) ;
#12 = CARTESIAN_POINT ( 'NONE',  ( 6.116371473349213161, 60.00000000000000000, 2.199999999999999289 ) ) ;
#13 = VECTOR ( 'NONE', #6638, 1000.000000000000114 ) ;
#14 = CARTESIAN_POINT ( 'NONE',  ( 5.621956772992698248, 58.50000000000000000, 5.691537757285066945 ) ) ;
#15 = LINE ( 'NONE', #7276, #3205 ) ;
#16 = ORIENTED_EDGE ( 'NONE', *, *, #4267, .F. ) ;
#17 = EDGE_LOOP ( 'NONE', ( #903, #7280, #2939, #5536, #653 ) ) ;
#18 = CYLINDRICAL_SURFACE ( 'NONE', #4852, 0.6999999999999999556 ) ;
#19 = CARTESIAN_POINT ( 'NONE',  ( 6.321445307844222761, 60.00000000000000000, -2.171067298699834947 ) ) ;
#20 = CARTESIAN_POINT ( 'NONE',  ( -3.206523730960868285E-16, 64.86389322930409662, 1.499999999999998002 ) ) ;
#21 = CARTESIAN_POINT ( 'NONE',  ( 6.101119159239480005, 59.99993818310226601, 2.202157557585222136 ) ) ;
#22 = CARTESIAN_POINT ( 'NONE',  ( -7.654016395576244136, 58.99743028505017151, -2.030232672128805760 ) ) ;
#23 = ORIENTED_EDGE ( 'NONE', *, *, #1071, .F. ) ;
#24 = DIRECTION ( 'NONE',  ( 0.000000000000000000, 0.000000000000000000, -1.000000000000000000 ) ) ;
#25 = CARTESIAN_POINT ( 'NONE',  ( -2.303366213978031762, 60.00000000000000000, -8.389547311047511613 ) ) ;
#26 = CARTESIAN_POINT ( 'NONE',  ( -3.112559727078462846, 43.60193811140077003, 9.503261121602907480 ) ) ;
#27 = CARTESIAN_POINT ( 'NONE',  ( 6.156074761113281113, 44.79918326678463814, -7.427608984075663834 ) ) ;
#28 = ADVANCED_FACE ( 'NONE', ( #2363 ), #6551, .T. ) ;
#29 = CARTESIAN_POINT ( 'NONE',  ( -5.549703995094990461, 45.69999999628198140, -6.612369286472496555 ) ) ;
#30 = CARTESIAN_POINT ( 'NONE',  ( -6.533008515575857267, 60.01848078357101457, 1.500000000000006217 ) ) ;
#31 = CARTESIAN_POINT ( 'NONE',  ( -9.774235178894610243, 43.94854701178220324, 1.910744913435429293 ) ) ;
#32 = CARTESIAN_POINT ( 'NONE',  ( 0.000000000000000000, 4.299999999999999822, -17.50000000000000355 ) ) ;
#33 = ORIENTED_EDGE ( 'NONE', *, *, #826, .F. ) ;
#34 = CARTESIAN_POINT ( 'NONE',  ( -3.845993699320431780, 59.84879564947458164, 8.317460642226635059 ) ) ;
#35 = CARTESIAN_POINT ( 'NONE',  ( 2.327258134436765769, 59.59811855919387824, 7.370149930015989170 ) ) ;
#36 = ADVANCED_FACE ( 'NONE', ( #6148 ), #2427, .T. ) ;
#37 = DIRECTION ( 'NONE',  ( 0.000000000000000000, -1.000000000000000000, -0.000000000000000000 ) ) ;
#38 = CARTESIAN_POINT ( 'NONE',  ( 5.552782620127511670, 45.70000000753879732, -6.617701621446300919 ) ) ;
#39 = DIRECTION ( 'NONE',  ( -0.000000000000000000, -1.000000000000000000, -0.000000000000000000 ) ) ;
#40 = EDGE_CURVE ( 'NONE', #5968, #6167, #3494, .T. ) ;
#41 = CARTESIAN_POINT ( 'NONE',  ( 0.000000000000000000, 60.00000000000000000, 0.000000000000000000 ) ) ;
#42 = CARTESIAN_POINT ( 'NONE',  ( -6.617244011916629809, 43.73111428290174985, 7.497856098284780835 ) ) ;
#43 = CARTESIAN_POINT ( 'NONE',  ( -2.118037897910827638, 60.00000000000000000, 7.714526263032195352 ) ) ;
#44 = ORIENTED_EDGE ( 'NONE', *, *, #5384, .T. ) ;
#45 = CARTESIAN_POINT ( 'NONE',  ( -8.507489028902131878, 45.70000000753879732, -1.499999999999999112 ) ) ;
#46 = CARTESIAN_POINT ( 'NONE',  ( -3.178067312557029123, 60.00000000000000000, 7.195547374055295542 ) ) ;
#47 = CARTESIAN_POINT ( 'NONE',  ( 6.356372410517649563, 60.00000000000000000, 2.117121255146525272 ) ) ;
#48 = CARTESIAN_POINT ( 'NONE',  ( 4.346608908242818536, 60.69990933521651755, 4.528547469708047224 ) ) ;
#49 = CARTESIAN_POINT ( 'NONE',  ( 9.962932804213766147, 45.44761534702016093, -0.8602150537634408733 ) ) ;
#50 = B_SPLINE_CURVE_WITH_KNOTS ( 'NONE', 3,
 ( #7592, #5904, #6473, #4534, #6995, #1474, #2845, #3935, #6394, #874 ),
 .UNSPECIFIED., .F., .F.,
 ( 4, 2, 2, 2, 4 ),
 ( 0.000000000000000000, 0.0005272183400222043822, 0.001054436680044408764, 0.001581655020066613255, 0.002108873360088817529 ),
 .UNSPECIFIED. ) ;
#51 = CIRCLE ( 'NONE', #6726, 0.6999999999999992895 ) ;
#52 = EDGE_LOOP ( 'NONE', ( #5562, #807, #3907, #7896, #3627 ) ) ;
#53 = ORIENTED_EDGE ( 'NONE', *, *, #6720, .F. ) ;
#54 = CARTESIAN_POINT ( 'NONE',  ( 5.867527664674736521, 44.68049511873795154, -8.097787910375636500 ) ) ;
#55 = DIRECTION ( 'NONE',  ( 0.000000000000000000, 0.000000000000000000, 1.000000000000000000 ) ) ;
#56 = CARTESIAN_POINT ( 'NONE',  ( 0.000000000000000000, 45.00000000000000000, -10.00000000000000000 ) ) ;
#57 = CARTESIAN_POINT ( 'NONE',  ( 6.953842281786084989, 59.90411421627368327, 1.500000000000890177 ) ) ;
#58 = CARTESIAN_POINT ( 'NONE',  ( -6.211311660015105041, 44.03396261278087565, -7.838382519317387498 ) ) ;
#59 = ORIENTED_EDGE ( 'NONE', *, *, #6290, .F. ) ;
#60 = ORIENTED_EDGE ( 'NONE', *, *, #5734, .F. ) ;
#61 = CARTESIAN_POINT ( 'NONE',  ( -3.504628631702354724, 44.20607608376307951, 9.368106199316047267 ) ) ;
#62 = CARTESIAN_POINT ( 'NONE',  ( -6.116371473349212273, 60.00000000000000000, 2.200000000000000622 ) ) ;
#63 = CARTESIAN_POINT ( 'NONE',  ( 0.000000000000000000, 58.50000000000000000, -8.000000000000000000 ) ) ;
#64 = CARTESIAN_POINT ( 'NONE',  ( 2.199923766695437433, 45.69999999999999574, 8.210379736694799035 ) ) ;
#65 = CARTESIAN_POINT ( 'NONE',  ( 3.333725648282734433, 58.71174231375387365, -8.774182201321206520 ) ) ;
#66 = CARTESIAN_POINT ( 'NONE',  ( -6.223751808012079501, 43.91194685461410074, -7.779854345175598596 ) ) ;
#67 = CARTESIAN_POINT ( 'NONE',  ( -7.827952977091047870, 59.98331490995350634, 1.500000000000000888 ) ) ;
#68 = CARTESIAN_POINT ( 'NONE',  ( 1.456121494900639357, 59.97820956075926802, -6.660344263390861386 ) ) ;
#69 = ORIENTED_EDGE ( 'NONE', *, *, #3357, .F. ) ;
#70 = EDGE_CURVE ( 'NONE', #4433, #2055, #3085, .T. ) ;
#71 = AXIS2_PLACEMENT_3D ( 'NONE', #4847, #1026, #6545 ) ;
#72 = EDGE_CURVE ( 'NONE', #7789, #2768, #6101, .T. ) ;
#73 = CIRCLE ( 'NONE', #6629, 0.7000000000000000666 ) ;
#74 = CARTESIAN_POINT ( 'NONE',  ( -3.997986192606896694, 59.63125511759706399, 8.606605184383754548 ) ) ;
#75 = CARTESIAN_POINT ( 'NONE',  ( -7.411273751837128998, 59.59082966460350406, -1.499999999999983125 ) ) ;
#76 = CARTESIAN_POINT ( 'NONE',  ( -2.118037897910834744, 58.60379722026194571, -7.714526263032195352 ) ) ;
#77 = CARTESIAN_POINT ( 'NONE',  ( 3.225705204776518009, 43.67642093581509499, -9.466129375256707945 ) ) ;
#78 = CARTESIAN_POINT ( 'NONE',  ( -6.406065737261907422, 60.00000000000000000, 1.866831190559492537 ) ) ;
#79 = DIRECTION ( 'NONE',  ( 0.5000000000000006661, -0.000000000000000000, 0.8660254037844384856 ) ) ;
#80 = CARTESIAN_POINT ( 'NONE',  ( -2.830266307776772461, 45.55979648596241560, 7.923448326914895645 ) ) ;
#81 = CIRCLE ( 'NONE', #3279, 16.80000000000000426 ) ;
#82 = CARTESIAN_POINT ( 'NONE',  ( 9.265527507918800865, 45.44761534702016093, 0.8000000000000000444 ) ) ;
#83 = EDGE_LOOP ( 'NONE', ( #5554, #5989, #3507, #5311 ) ) ;
#84 = ADVANCED_FACE ( 'NONE', ( #953 ), #4642, .T. ) ;
#85 = EDGE_CURVE ( 'NONE', #4112, #2116, #791, .T. ) ;
#86 = LINE ( 'NONE', #1395, #5393 ) ;
#87 = CARTESIAN_POINT ( 'NONE',  ( -9.810761147617855116, 43.67642093583251039, -1.939522041616714265 ) ) ;
#88 = CARTESIAN_POINT ( 'NONE',  ( 0.000000000000000000, 0.8000000000000000444, -12.00000000000000178 ) ) ;
#89 = CARTESIAN_POINT ( 'NONE',  ( 5.004674981593384864, 59.59082966460670150, 5.668351343488575722 ) ) ;
#90 =( BOUNDED_CURVE ( )  B_SPLINE_CURVE ( 3, ( #6637, #3616, #7151, #6559 ),
 .UNSPECIFIED., .F., .F. ) 
 B_SPLINE_CURVE_WITH_KNOTS ( ( 4, 4 ),
 ( 1.870827355505822576, 2.885943452791516872 ),
 .UNSPECIFIED. ) 
 CURVE ( )  GEOMETRIC_REPRESENTATION_ITEM ( )  RATIONAL_B_SPLINE_CURVE ( ( 1.000000000000000000, 0.9159560062732682306, 0.9159560062732682306, 1.000000000000000000 ) ) 
 REPRESENTATION_ITEM ( '' )  );
#91 = DIRECTION ( 'NONE',  ( -0.000000000000000000, -1.000000000000000000, -0.000000000000000000 ) ) ;
#92 = B_SPLINE_CURVE_WITH_KNOTS ( 'NONE', 3,
 ( #7584, #272, #3399, #5164, #4045, #351, #2150, #2715 ),
 .UNSPECIFIED., .F., .F.,
 ( 4, 2, 2, 4 ),
 ( 0.000000000000000000, 0.0003130780027722943298, 0.0006261560055445886596, 0.001252312011089173633 ),
 .UNSPECIFIED. ) ;
#93 = ORIENTED_EDGE ( 'NONE', *, *, #4814, .F. ) ;
#94 = CIRCLE ( 'NONE', #4579, 0.7000000000000005107 ) ;
#95 = CARTESIAN_POINT ( 'NONE',  ( 3.437920288276157699, 60.00000000000000000, 7.554652611666146989 ) ) ;
#96 = DIRECTION ( 'NONE',  ( 0.000000000000000000, 1.000000000000000000, 0.000000000000000000 ) ) ;
#97 = ORIENTED_EDGE ( 'NONE', *, *, #6573, .F. ) ;
#98 = DIRECTION ( 'NONE',  ( 0.000000000000000000, 0.000000000000000000, 1.000000000000000000 ) ) ;
#99 = CARTESIAN_POINT ( 'NONE',  ( 6.163826233446966896, 59.23193387676814581, 7.676060205356158406 ) ) ;
#100 = DIRECTION ( 'NONE',  ( 0.000000000000000000, 0.000000000000000000, 1.000000000000000000 ) ) ;
#101 = CARTESIAN_POINT ( 'NONE',  ( 6.533008515584902476, 60.01848078357167537, 1.499999999999093614 ) ) ;
#102 = CARTESIAN_POINT ( 'NONE',  ( 1.469576158976824144E-15, 0.8000000000000000444, 12.00000000000000178 ) ) ;
#103 = EDGE_CURVE ( 'NONE', #5109, #2890, #7036, .T. ) ;
#104 = EDGE_LOOP ( 'NONE', ( #3052, #5919, #2747, #2858 ) ) ;
#105 = ORIENTED_EDGE ( 'NONE', *, *, #7121, .T. ) ;
#106 = EDGE_CURVE ( 'NONE', #7569, #4982, #5931, .T. ) ;
#107 = CARTESIAN_POINT ( 'NONE',  ( -4.007454291082440001, 44.51410979594271566, 9.162558297770317495 ) ) ;
#108 = CARTESIAN_POINT ( 'NONE',  ( 4.576219278224368026, 60.00000000000000000, 5.910888082642072661 ) ) ;
#109 = CARTESIAN_POINT ( 'NONE',  ( -7.684775285480226259, 58.90544815734008921, 2.027628120251694366 ) ) ;
#110 = CARTESIAN_POINT ( 'NONE',  ( 0.000000000000000000, 0.6999999999999999556, 0.000000000000000000 ) ) ;
#111 = CARTESIAN_POINT ( 'NONE',  ( 0.000000000000000000, 0.6999999999999999556, 0.000000000000000000 ) ) ;
#112 = CARTESIAN_POINT ( 'NONE',  ( -5.698488939053619973, 45.64411999716082136, -6.870072368810132168 ) ) ;
#113 = CARTESIAN_POINT ( 'NONE',  ( -8.100544398053767026, 59.62896311542679229, 1.500000000000000888 ) ) ;
#114 = DIRECTION ( 'NONE',  ( 1.000000000000000000, -0.000000000000000000, 1.224646799147353207E-16 ) ) ;
#115 = VECTOR ( 'NONE', #7370, 1000.000000000000000 ) ;
#116 = ORIENTED_EDGE ( 'NONE', *, *, #1197, .F. ) ;
#117 = CARTESIAN_POINT ( 'NONE',  ( -7.489520489808337622, 59.51080168353365707, -1.499999999999983125 ) ) ;
#118 = CARTESIAN_POINT ( 'NONE',  ( 3.437920288276158143, 60.00000000000000000, 7.554652611666146989 ) ) ;
#119 = FACE_OUTER_BOUND ( 'NONE', #337, .T. ) ;
#120 = CARTESIAN_POINT ( 'NONE',  ( -8.004029843291418089, 59.38694842928641293, 1.522743321576342623 ) ) ;
#121 = CARTESIAN_POINT ( 'NONE',  ( -4.823560934331256433, 60.00000000000000000, 6.754652611666148943 ) ) ;
#122 = CARTESIAN_POINT ( 'NONE',  ( -6.500542428403963235, 43.85566074627974587, 7.599783301012279502 ) ) ;
#123 = CARTESIAN_POINT ( 'NONE',  ( -3.197168434707756024, 59.10333606103244364, -8.537658169269285224 ) ) ;
#124 = B_SPLINE_CURVE_WITH_KNOTS ( 'NONE', 3,
 ( #6915, #163, #5436, #604, #6271, #3589, #7930, #2375, #4832, #7281, #3666, #5058 ),
 .UNSPECIFIED., .F., .F.,
 ( 4, 2, 2, 2, 2, 4 ),
 ( 0.000000000000000000, 0.0005957801389501611285, 0.001191560277900322257, 0.001787340416850483277, 0.002085230486325565305, 0.002383120555800647116 ),
 .UNSPECIFIED. ) ;
#125 = CARTESIAN_POINT ( 'NONE',  ( -9.922928439548231339, 58.89571938483744873, -0.8587567993381329812 ) ) ;
#126 = CARTESIAN_POINT ( 'NONE',  ( -1.280523219922393707, 60.00000000000002132, 6.560065874576959999 ) ) ;
#127 = CARTESIAN_POINT ( 'NONE',  ( 3.125734029324492624, 59.94520046359311038, 8.413930149736344788 ) ) ;
#128 = DIRECTION ( 'NONE',  ( 0.000000000000000000, 1.000000000000000000, 0.000000000000000000 ) ) ;
#129 = CARTESIAN_POINT ( 'NONE',  ( 9.573972636006967463, 44.64352067352289311, 1.671155654024774728 ) ) ;
#130 = TOROIDAL_SURFACE ( 'NONE', #1399, 8.500000000000000000, 1.500000000000000000 ) ;
#131 = CARTESIAN_POINT ( 'NONE',  ( 3.218001704212048786, 44.87933441066141427, -8.573742450536746773 ) ) ;
#132 = CARTESIAN_POINT ( 'NONE',  ( 2.472604543543388100, 59.51119082470167854, -7.490354809367854472 ) ) ;
#133 = CARTESIAN_POINT ( 'NONE',  ( -3.206727285583864440, 43.83701928062454556, -9.449023853633535808 ) ) ;
#134 = ORIENTED_EDGE ( 'NONE', *, *, #5649, .F. ) ;
#135 = CARTESIAN_POINT ( 'NONE',  ( 5.376396456174304284, 45.25654466397777753, -6.103274358235633912 ) ) ;
#136 = EDGE_CURVE ( 'NONE', #7175, #3910, #1640, .T. ) ;
#137 = CARTESIAN_POINT ( 'NONE',  ( 7.522722434880401821, 59.28409436251600084, -2.041624414696494139 ) ) ;
#138 =( BOUNDED_SURFACE ( )  B_SPLINE_SURFACE ( 3, 2, ( 
 ( #5081, #3381, #7530 ),
 ( #2023, #4484, #6937 ),
 ( #2333, #6036, #7354 ),
 ( #639, #4297, #4787 ),
 ( #6152, #5392, #4217 ),
 ( #1278, #6646, #6072 ),
 ( #6797, #1196, #3010 ),
 ( #7844, #3089, #3583 ),
 ( #1882, #4944, #47 ),
 ( #12, #4868, #5549 ) ),
 .UNSPECIFIED., .F., .F., .T. ) 
 B_SPLINE_SURFACE_WITH_KNOTS ( ( 4, 2, 2, 2, 4 ),
 ( 3, 3 ),
 ( 0.000000000000000000, 0.0006601270656153570508, 0.001320254131230714102, 0.001980381196846071369, 0.002640508262461428203 ),
 ( 0.000000000000000000, 1.000000000000000000 ),
 .UNSPECIFIED. ) 
 GEOMETRIC_REPRESENTATION_ITEM ( )  RATIONAL_B_SPLINE_SURFACE ( (
 ( 1.000000000000000000, 0.7071067811865475727, 1.000000000000000000),
 ( 1.000000000000000000, 0.7265059775624065352, 1.000000000000000000),
 ( 1.000000000000000000, 0.7502783718684890024, 1.000000000000000000),
 ( 1.000000000000000000, 0.8072559680367495938, 1.000000000000000000),
 ( 1.000000000000000000, 0.8399358369247205136, 1.000000000000000000),
 ( 1.000000000000000000, 0.9071188964749727912, 1.000000000000000000),
 ( 1.000000000000000000, 0.9402799494365570165, 1.000000000000000000),
 ( 1.000000000000000000, 0.9871024881034575760, 1.000000000000000000),
 ( 1.000000000000000000, 1.000343213455307856, 1.000000000000000000),
 ( 1.000000000000000000, 1.000000000000000000, 1.000000000000000000) ) ) 
 REPRESENTATION_ITEM ( '' )  SURFACE ( )  );
#139 = FACE_OUTER_BOUND ( 'NONE', #6381, .T. ) ;
#140 = CARTESIAN_POINT ( 'NONE',  ( 9.683653389197745653, 44.32657898966731835, -1.780916593824086069 ) ) ;
#141 = CARTESIAN_POINT ( 'NONE',  ( -5.951706178611846809, 45.32903582538067155, -7.308657493077317824 ) ) ;
#142 = ORIENTED_EDGE ( 'NONE', *, *, #4248, .F. ) ;
#143 = ORIENTED_EDGE ( 'NONE', *, *, #5719, .F. ) ;
#144 = ORIENTED_EDGE ( 'NONE', *, *, #6670, .T. ) ;
#145 = CARTESIAN_POINT ( 'NONE',  ( 2.000783404178248404, 45.00000000000000000, -7.746013449242493465 ) ) ;
#146 = LINE ( 'NONE', #6169, #1126 ) ;
#147 = DIRECTION ( 'NONE',  ( -0.000000000000000000, -1.000000000000000000, -0.000000000000000000 ) ) ;
#148 = DIRECTION ( 'NONE',  ( -0.000000000000000000, -1.000000000000000000, -0.000000000000000000 ) ) ;
#149 = FACE_OUTER_BOUND ( 'NONE', #6804, .T. ) ;
#150 = CARTESIAN_POINT ( 'NONE',  ( -5.912829229748385096, 44.77275986871435265, -7.241320642403863417 ) ) ;
#151 = CARTESIAN_POINT ( 'NONE',  ( -7.927449509345637857, 59.87075451882977717, 1.500000000000000888 ) ) ;
#152 = CARTESIAN_POINT ( 'NONE',  ( -2.199923766695444538, 45.69999999999999574, -8.210379736694802588 ) ) ;
#153 = CARTESIAN_POINT ( 'NONE',  ( -9.450846968497671696, 44.94768297982579952, 1.574168646581281417 ) ) ;
#154 = ORIENTED_EDGE ( 'NONE', *, *, #5674, .T. ) ;
#155 = DIRECTION ( 'NONE',  ( 0.000000000000000000, 0.000000000000000000, -1.000000000000000000 ) ) ;
#156 = CARTESIAN_POINT ( 'NONE',  ( 1.895951398689418976, 59.83324556985109410, 7.030484705653755384 ) ) ;
#157 = CARTESIAN_POINT ( 'NONE',  ( 6.507954581813340411, 60.00000000000000000, -1.947431045221927004 ) ) ;
#158 = CARTESIAN_POINT ( 'NONE',  ( 3.504628631701878660, 44.20607608376379716, -9.368106199316567739 ) ) ;
#159 = CARTESIAN_POINT ( 'NONE',  ( 0.000000000000000000, 0.8000000000000000444, 0.000000000000000000 ) ) ;
#160 = DIRECTION ( 'NONE',  ( -0.4999999999999997780, -0.000000000000000000, 0.8660254037844387076 ) ) ;
#161 = FACE_OUTER_BOUND ( 'NONE', #7830, .T. ) ;
#162 = CARTESIAN_POINT ( 'NONE',  ( -3.512958273670065079, 59.39586769377056186, -9.084622214866355350 ) ) ;
#163 = CARTESIAN_POINT ( 'NONE',  ( 5.333737383224311124, 59.35850120951380404, -6.238304141973993744 ) ) ;
#164 = CARTESIAN_POINT ( 'NONE',  ( 3.939943430931848845, 58.50000000000000000, 8.424182201321203323 ) ) ;
#165 = CARTESIAN_POINT ( 'NONE',  ( -9.938735395066219169, 44.51410979594266593, -1.110721928302798922 ) ) ;
#166 = EDGE_CURVE ( 'NONE', #1130, #6490, #1523, .T. ) ;
#167 = CARTESIAN_POINT ( 'NONE',  ( -5.897650920513207495, 59.77675553006066167, -7.215031039634532739 ) ) ;
#168 = CARTESIAN_POINT ( 'NONE',  ( 4.963441625000367452, 60.00000000000000000, -4.196933074902877259 ) ) ;
#169 = EDGE_CURVE ( 'NONE', #6326, #664, #2073, .T. ) ;
#170 = CARTESIAN_POINT ( 'NONE',  ( 5.931801859636061991, 45.44761534702016093, 7.274182201321202079 ) ) ;
#171 = CARTESIAN_POINT ( 'NONE',  ( -3.299512540218849210, 44.32661192286298046, -9.276733467587904514 ) ) ;
#172 = EDGE_CURVE ( 'NONE', #5211, #6501, #3497, .T. ) ;
#173 = VERTEX_POINT ( 'NONE', #323 ) ;
#174 = CARTESIAN_POINT ( 'NONE',  ( -3.361807880920741010, 45.20841721513657063, -8.854807103631655352 ) ) ;
#175 = CARTESIAN_POINT ( 'NONE',  ( 5.245330579411754179, 59.99999999999999289, 6.201394458320709013 ) ) ;
#176 = CARTESIAN_POINT ( 'NONE',  ( 2.648094284368574858, 45.32256938961309345, 7.754699137795738828 ) ) ;
#177 = EDGE_CURVE ( 'NONE', #6729, #4181, #4666, .T. ) ;
#178 = ORIENTED_EDGE ( 'NONE', *, *, #1485, .F. ) ;
#179 = ORIENTED_EDGE ( 'NONE', *, *, #1694, .F. ) ;
#180 = EDGE_CURVE ( 'NONE', #946, #5244, #3160, .T. ) ;
#181 = DIRECTION ( 'NONE',  ( 1.000000000000000000, 0.000000000000000000, 0.000000000000000000 ) ) ;
#182 = VERTEX_POINT ( 'NONE', #6901 ) ;
#183 = CARTESIAN_POINT ( 'NONE',  ( 9.227582248144205579, 44.77275986871332947, -1.499999999999425127 ) ) ;
#184 = CARTESIAN_POINT ( 'NONE',  ( -7.651422187476526915, 59.00457541846049025, 2.030453724632754309 ) ) ;
#185 = CARTESIAN_POINT ( 'NONE',  ( 2.901761263253704648, 58.79691270050469853, -8.025997939390677516 ) ) ;
#186 = CARTESIAN_POINT ( 'NONE',  ( 9.265527507918802641, 45.44761534702016093, -1.500000000000000000 ) ) ;
#187 = CARTESIAN_POINT ( 'NONE',  ( -6.135145428828634451, 44.30661360962599105, -7.626383594555134593 ) ) ;
#188 = PLANE ( 'NONE',  #5338 ) ;
#189 = CARTESIAN_POINT ( 'NONE',  ( 3.573618719973397084, 44.38237976976211030, 9.343022466744864474 ) ) ;
#190 = VERTEX_POINT ( 'NONE', #1117 ) ;
#191 = CARTESIAN_POINT ( 'NONE',  ( 7.729091270268635405, 58.70244047755139150, -2.023894054918760510 ) ) ;
#192 = DIRECTION ( 'NONE',  ( 0.000000000000000000, 0.000000000000000000, -1.000000000000000000 ) ) ;
#193 = CARTESIAN_POINT ( 'NONE',  ( -9.959979526801266303, 45.05370681297949176, 0.8961007477470290805 ) ) ;
#194 = CARTESIAN_POINT ( 'NONE',  ( 3.668867164638315082, 44.71979963232640642, -9.310065402316681116 ) ) ;
#195 = CARTESIAN_POINT ( 'NONE',  ( 5.664806457362540293, 45.00752006237845393, -5.649211924876191837 ) ) ;
#196 = CARTESIAN_POINT ( 'NONE',  ( -3.038174094995529373, 45.00000000000000000, 9.662271894771857106 ) ) ;
#197 = CARTESIAN_POINT ( 'NONE',  ( -5.951706178611898324, 45.32903582538055076, 7.308657493077425293 ) ) ;
#198 = VECTOR ( 'NONE', #5165, 1000.000000000000000 ) ;
#199 = CARTESIAN_POINT ( 'NONE',  ( -3.282801900774502624, 58.90364570241938935, -8.685979683325115275 ) ) ;
#200 = ADVANCED_FACE ( 'NONE', ( #2446 ), #3, .T. ) ;
#201 = CARTESIAN_POINT ( 'NONE',  ( -8.863800777060614422, 59.19488232838110520, -1.499999999999999112 ) ) ;
#202 = CARTESIAN_POINT ( 'NONE',  ( 0.000000000000000000, 0.8000000000000000444, 0.000000000000000000 ) ) ;
#203 = CARTESIAN_POINT ( 'NONE',  ( -9.962932802280763056, 45.25138510346868514, -0.8602150761513078780 ) ) ;
#204 = AXIS2_PLACEMENT_3D ( 'NONE', #2052, #5755, #1970 ) ;
#205 = CARTESIAN_POINT ( 'NONE',  ( -6.116371473349213161, 60.00000000000000000, -2.199999999999999734 ) ) ;
#206 = TOROIDAL_SURFACE ( 'NONE', #3917, 5.700000000000000178, 0.6999999999999999556 ) ;
#207 = B_SPLINE_CURVE_WITH_KNOTS ( 'NONE', 3,
 ( #2479, #7503, #2561, #5013, #1956, #3853, #1350, #6182, #4972, #6308 ),
 .UNSPECIFIED., .F., .F.,
 ( 4, 2, 2, 2, 4 ),
 ( 0.000000000000000000, 0.0005272183400222044906, 0.001054436680044408981, 0.001581655020066613472, 0.002108873360088817962 ),
 .UNSPECIFIED. ) ;
#208 = CARTESIAN_POINT ( 'NONE',  ( 0.000000000000000000, 0.8000000000000000444, 0.000000000000000000 ) ) ;
#209 = CARTESIAN_POINT ( 'NONE',  ( -9.265527507918800865, 45.00000000000000000, -0.7999999999999991562 ) ) ;
#210 = DIRECTION ( 'NONE',  ( 0.000000000000000000, 0.000000000000000000, 1.000000000000000000 ) ) ;
#211 = CARTESIAN_POINT ( 'NONE',  ( 9.452531826322632114, 59.63125511759706399, 0.8409449854148909331 ) ) ;
#212 = EDGE_LOOP ( 'NONE', ( #4364, #1695, #1615, #7645, #2672 ) ) ;
#213 = CARTESIAN_POINT ( 'NONE',  ( -7.691553809211765014, 45.00000000000000000, -2.199999999999999289 ) ) ;
#214 = CARTESIAN_POINT ( 'NONE',  ( -5.621956772992694695, 58.50000000000000000, 5.691537757285069610 ) ) ;
#215 = CARTESIAN_POINT ( 'NONE',  ( -5.931801859636056662, 45.44761534702016093, 7.274182201321208296 ) ) ;
#216 = VERTEX_POINT ( 'NONE', #6104 ) ;
#217 = ORIENTED_EDGE ( 'NONE', *, *, #1492, .F. ) ;
#218 = CARTESIAN_POINT ( 'NONE',  ( 5.530172705284665646, 59.29999999999999716, 6.578540100183663419 ) ) ;
#219 = ORIENTED_EDGE ( 'NONE', *, *, #6577, .F. ) ;
#220 = CARTESIAN_POINT ( 'NONE',  ( 8.210359310042406378, 45.00000000000002132, -2.199999999999999734 ) ) ;
#221 = CARTESIAN_POINT ( 'NONE',  ( -5.968764246581454103, 45.41350888058322965, 7.338202933479655243 ) ) ;
#222 = CARTESIAN_POINT ( 'NONE',  ( 2.118037896644345164, 58.60212650681946656, -7.714526263379910098 ) ) ;
#223 = CARTESIAN_POINT ( 'NONE',  ( 6.206460863973444653, 45.18997598112194680, -7.860257711328834773 ) ) ;
#224 = CARTESIAN_POINT ( 'NONE',  ( -1.940521016280120969, 45.00000000000000000, -7.761080993352354795 ) ) ;
#225 = CARTESIAN_POINT ( 'NONE',  ( 6.496088077496785296, 59.97820956075926091, -2.069133926114894440 ) ) ;
#226 = ORIENTED_EDGE ( 'NONE', *, *, #5666, .F. ) ;
#227 = AXIS2_PLACEMENT_3D ( 'NONE', #2031, #3201, #3239 ) ;
#228 =( BOUNDED_SURFACE ( )  B_SPLINE_SURFACE ( 3, 2, ( 
 ( #5882, #375, #4637 ),
 ( #1573, #4674, #7126 ),
 ( #6530, #2860, #3473 ),
 ( #413, #1166, #3019 ),
 ( #201, #1999, #7507 ),
 ( #2606, #2644, #1353 ),
 ( #3054, #6728, #1131 ),
 ( #6079, #567, #5096 ),
 ( #4459, #2566, #1807 ),
 ( #5512, #6873, #125 ),
 ( #5016, #7470, #5704 ),
 ( #1960, #7552, #2414 ) ),
 .UNSPECIFIED., .F., .F., .F. ) 
 B_SPLINE_SURFACE_WITH_KNOTS ( ( 4, 2, 2, 2, 2, 4 ),
 ( 3, 3 ),
 ( 0.000000000000000000, 0.0003130780027722929746, 0.0004696170041584394618, 0.0006261560055445859491, 0.0009392340083168789237, 0.001252312011089171898 ),
 ( 0.000000000000000000, 1.000000000000000000 ),
 .UNSPECIFIED. ) 
 GEOMETRIC_REPRESENTATION_ITEM ( )  RATIONAL_B_SPLINE_SURFACE ( (
 ( 1.000000000000000000, 0.7071067811865475727, 1.000000000000000000),
 ( 1.000000000000000000, 0.7114525854347062417, 1.000000000000000000),
 ( 1.000000000000000000, 0.7155841935930603581, 1.000000000000000000),
 ( 1.000000000000000000, 0.7211136383400770233, 1.000000000000000000),
 ( 1.000000000000000000, 0.7228253759579519322, 1.000000000000000000),
 ( 1.000000000000000000, 0.7260124768012752305, 1.000000000000000000),
 ( 1.000000000000000000, 0.7274944237442820816, 1.000000000000000000),
 ( 1.000000000000000000, 0.7314273696354250953, 1.000000000000000000),
 ( 1.000000000000000000, 0.7334714490888155636, 1.000000000000000000),
 ( 1.000000000000000000, 0.7361867872712627436, 1.000000000000000000),
 ( 1.000000000000000000, 0.7368962947193635760, 1.000000000000000000),
 ( 1.000000000000000000, 0.7368926330804047575, 1.000000000000000000) ) ) 
 REPRESENTATION_ITEM ( '' )  SURFACE ( )  );
#229 = ORIENTED_EDGE ( 'NONE', *, *, #5692, .F. ) ;
#230 = CARTESIAN_POINT ( 'NONE',  ( -4.217759015874800177, 58.89571938483669555, 9.022886508253197491 ) ) ;
#231 = CARTESIAN_POINT ( 'NONE',  ( -3.630643929707968010, 43.91850100297573789, -9.288459750444889806 ) ) ;
#232 = CARTESIAN_POINT ( 'NONE',  ( -9.946655258462085314, 44.68052492650401319, 1.032520611967101321 ) ) ;
#233 = CARTESIAN_POINT ( 'NONE',  ( -5.280591245577417325, 59.84838327266261615, -7.490179181990895607 ) ) ;
#234 = B_SPLINE_CURVE_WITH_KNOTS ( 'NONE', 3,
 ( #6351, #5141, #6229, #2647, #5748, #7594, #6190, #6918, #716, #677, #5100, #3171 ),
 .UNSPECIFIED., .F., .F.,
 ( 4, 2, 2, 2, 2, 4 ),
 ( -7.465060092911390061E-06, 0.0005897204466706106128, 0.001186905953434131160, 0.001485498706815899673, 0.001784091460197667969, 0.002381276966961203261 ),
 .UNSPECIFIED. ) ;
#235 =( GEOMETRIC_REPRESENTATION_CONTEXT ( 3 ) GLOBAL_UNCERTAINTY_ASSIGNED_CONTEXT ( ( #5440 ) ) GLOBAL_UNIT_ASSIGNED_CONTEXT ( ( #2772, #3988, #331 ) ) REPRESENTATION_CONTEXT ( 'NONE', 'WORKASPACE' ) );
#236 = DIRECTION ( 'NONE',  ( -1.000000000000000000, 0.000000000000000000, 2.137682487307248399E-16 ) ) ;
#237 = B_SPLINE_CURVE_WITH_KNOTS ( 'NONE', 3,
 ( #7826, #4769, #1746, #4159, #1258, #6859, #1944, #6297, #780, #3111 ),
 .UNSPECIFIED., .F., .F.,
 ( 4, 2, 2, 2, 4 ),
 ( 0.000000000000000000, 0.0005272183400222042737, 0.001054436680044408547, 0.001581655020066612821, 0.002108873360088817095 ),
 .UNSPECIFIED. ) ;
#238 = CYLINDRICAL_SURFACE ( 'NONE', #5864, 0.7000000000000000666 ) ;
#239 = ORIENTED_EDGE ( 'NONE', *, *, #752, .F. ) ;
#240 = CARTESIAN_POINT ( 'NONE',  ( 2.322778212044485091, 60.44316502280123871, 7.023169877975041331 ) ) ;
#241 = CARTESIAN_POINT ( 'NONE',  ( 0.000000000000000000, 5.000000000000000000, 0.000000000000000000 ) ) ;
#242 = CARTESIAN_POINT ( 'NONE',  ( -8.261481222607418573, 60.00000000000000000, -1.499999999999999112 ) ) ;
#243 = EDGE_CURVE ( 'NONE', #6795, #5890, #6300, .T. ) ;
#244 = CIRCLE ( 'NONE', #5375, 0.7000000000000000666 ) ;
#245 = CARTESIAN_POINT ( 'NONE',  ( -7.739994670903527663, 60.00000000000000000, 2.022988505747127963 ) ) ;
#246 = DIRECTION ( 'NONE',  ( 0.000000000000000000, 0.000000000000000000, 1.000000000000000000 ) ) ;
#247 = CARTESIAN_POINT ( 'NONE',  ( 3.314753018396205064, 44.77275986871435265, -8.741320642403222152 ) ) ;
#248 = CARTESIAN_POINT ( 'NONE',  ( 2.830872916429408193, 59.99999999999999289, 6.918568403993829108 ) ) ;
#249 = VECTOR ( 'NONE', #2916, 1000.000000000000227 ) ;
#250 = CARTESIAN_POINT ( 'NONE',  ( 3.178067318526178298, 60.00000000000000000, -7.195547363889770232 ) ) ;
#251 = CARTESIAN_POINT ( 'NONE',  ( -3.573618719973205238, 44.38237976976149213, -9.343022466744859145 ) ) ;
#252 = CARTESIAN_POINT ( 'NONE',  ( 5.366358282250257794, 59.33863098884643250, 6.294805196475487641 ) ) ;
#253 = CARTESIAN_POINT ( 'NONE',  ( -2.892543997094156882, 44.49496742196173926, 9.182016092631190674 ) ) ;
#254 = ORIENTED_EDGE ( 'NONE', *, *, #4957, .F. ) ;
#255 = CIRCLE ( 'NONE', #6, 17.50000000000000355 ) ;
#256 = ORIENTED_EDGE ( 'NONE', *, *, #3984, .F. ) ;
#257 = CARTESIAN_POINT ( 'NONE',  ( 9.164643562304890523, 44.71346693900361657, -2.105355395258473816 ) ) ;
#258 = ORIENTED_EDGE ( 'NONE', *, *, #8, .F. ) ;
#259 = CARTESIAN_POINT ( 'NONE',  ( 10.47128502925599491, 43.47878117929302277, -1.500000000000000000 ) ) ;
#260 = CARTESIAN_POINT ( 'NONE',  ( -6.251694388607439201, 43.69996396030914099, 7.828252314460709904 ) ) ;
#261 = CARTESIAN_POINT ( 'NONE',  ( -1.529817922509395522, 59.95740150391037560, -6.722959345653442220 ) ) ;
#262 = CARTESIAN_POINT ( 'NONE',  ( 6.304485444342855516, 44.38237976976084553, -7.766355828309019493 ) ) ;
#263 = AXIS2_PLACEMENT_3D ( 'NONE', #6084, #1814, #649 ) ;
#264 = CARTESIAN_POINT ( 'NONE',  ( -5.431299134285538344, 45.49311510543481774, 6.344744298363929502 ) ) ;
#265 = CARTESIAN_POINT ( 'NONE',  ( 6.860651558543096051, 59.89492612794740012, -1.938978449179829644 ) ) ;
#266 = CARTESIAN_POINT ( 'NONE',  ( 3.331334187731220364, 43.85566074628040667, 9.429526531882373774 ) ) ;
#267 = ORIENTED_EDGE ( 'NONE', *, *, #7939, .F. ) ;
#268 = ORIENTED_EDGE ( 'NONE', *, *, #2760, .T. ) ;
#269 = EDGE_CURVE ( 'NONE', #2415, #3355, #3077, .T. ) ;
#270 = EDGE_CURVE ( 'NONE', #4916, #1175, #3605, .T. ) ;
#271 = CARTESIAN_POINT ( 'NONE',  ( 8.417244198958222512, 58.64978554326557258, -1.499999999999999778 ) ) ;
#272 = CARTESIAN_POINT ( 'NONE',  ( -8.568127678504456668, 59.29999999999999716, 1.500000000000001110 ) ) ;
#273 = CARTESIAN_POINT ( 'NONE',  ( -9.962932804213766147, 45.44761534702016093, 0.8602150537634423166 ) ) ;
#274 = CARTESIAN_POINT ( 'NONE',  ( 6.251154283900965503, 43.59356959559173816, 7.827316825668871658 ) ) ;
#275 = CARTESIAN_POINT ( 'NONE',  ( 5.799194712551015485, 45.58317014555833424, 7.044499885123144622 ) ) ;
#276 = CARTESIAN_POINT ( 'NONE',  ( -6.637109648735715517, 43.99659213480289566, -7.371202100340561891 ) ) ;
#277 = LINE ( 'NONE', #6951, #5216 ) ;
#278 =( BOUNDED_SURFACE ( )  B_SPLINE_SURFACE ( 3, 2, ( 
 ( #5337, #4661, #6474 ),
 ( #7671, #2807, #1558 ),
 ( #2204, #1600, #7794 ),
 ( #5787, #991, #4622 ),
 ( #284, #397, #2846 ),
 ( #5298, #6396, #5175 ),
 ( #7628, #7750, #7033 ),
 ( #1520, #3979, #2240 ),
 ( #6433, #915, #3371 ),
 ( #5822, #2759, #5214 ) ),
 .UNSPECIFIED., .F., .F., .F. ) 
 B_SPLINE_SURFACE_WITH_KNOTS ( ( 4, 2, 2, 2, 4 ),
 ( 3, 3 ),
 ( -6.505213034913026604E-19, 0.0006601270656153736391, 0.001320254131230747929, 0.001980381196846122110, 0.002640508262461496291 ),
 ( 0.000000000000000000, 1.000000000000000000 ),
 .UNSPECIFIED. ) 
 GEOMETRIC_REPRESENTATION_ITEM ( )  RATIONAL_B_SPLINE_SURFACE ( (
 ( 1.000000000000000000, 0.7071067811865475727, 1.000000000000000000),
 ( 1.000000000000000000, 0.7265059775621452998, 1.000000000000000000),
 ( 1.000000000000000000, 0.7502783718688365022, 1.000000000000000000),
 ( 1.000000000000000000, 0.8072559680364083112, 1.000000000000000000),
 ( 1.000000000000000000, 0.8399358369246883171, 1.000000000000000000),
 ( 1.000000000000000000, 0.9071188964750160899, 1.000000000000000000),
 ( 1.000000000000000000, 0.9402799494365945421, 1.000000000000000000),
 ( 1.000000000000000000, 0.9871024881034229370, 1.000000000000000000),
 ( 1.000000000000000000, 1.000343213455330726, 1.000000000000000000),
 ( 1.000000000000000000, 1.000000000000000000, 1.000000000000000000) ) ) 
 REPRESENTATION_ITEM ( '' )  SURFACE ( )  );
#279 = EDGE_LOOP ( 'NONE', ( #7307, #432, #4034, #1767, #4303 ) ) ;
#280 = ADVANCED_FACE ( 'NONE', ( #6066 ), #6029, .T. ) ;
#281 = EDGE_CURVE ( 'NONE', #3588, #461, #4499, .T. ) ;
#282 = CARTESIAN_POINT ( 'NONE',  ( -9.385119420181313288, 44.50894764137460413, -2.087047172785788884 ) ) ;
#283 = CARTESIAN_POINT ( 'NONE',  ( 2.830266307775783474, 45.55979648596110820, 7.923448326913974604 ) ) ;
#284 = CARTESIAN_POINT ( 'NONE',  ( -4.580288094323576864, 60.00000000000000000, 5.691039540150115705 ) ) ;
#285 = CARTESIAN_POINT ( 'NONE',  ( 5.037337231630718115, 60.00164933118320221, -4.380514908982378941 ) ) ;
#286 = CARTESIAN_POINT ( 'NONE',  ( 1.920280249655921700, 59.45216504684545100, 7.431751994395108696 ) ) ;
#287 = CARTESIAN_POINT ( 'NONE',  ( 9.797709937196932728, 43.66827298977974436, 2.001982787422296628 ) ) ;
#288 = CARTESIAN_POINT ( 'NONE',  ( 9.747787058917973368, 43.88698034563178396, 2.058861126758039006 ) ) ;
#289 = CARTESIAN_POINT ( 'NONE',  ( -5.931801859636057550, 58.50000000000000000, 7.274182201321207408 ) ) ;
#290 = FACE_OUTER_BOUND ( 'NONE', #212, .T. ) ;
#291 = CARTESIAN_POINT ( 'NONE',  ( -8.417244204607584379, 58.50000000000000000, 1.500000000000001110 ) ) ;
#292 = CARTESIAN_POINT ( 'NONE',  ( 4.823560934331261763, 60.00000000000000000, 6.754652611666145390 ) ) ;
#293 = CARTESIAN_POINT ( 'NONE',  ( -9.962932804213766147, 45.44761534702016093, -0.8602150537634400962 ) ) ;
#294 = ORIENTED_EDGE ( 'NONE', *, *, #5649, .T. ) ;
#295 = EDGE_CURVE ( 'NONE', #3656, #7687, #5033, .T. ) ;
#296 = EDGE_LOOP ( 'NONE', ( #4023, #7762, #6337, #1001 ) ) ;
#297 = CARTESIAN_POINT ( 'NONE',  ( 0.000000000000000000, 58.50000000000000000, 0.000000000000000000 ) ) ;
#298 = ORIENTED_EDGE ( 'NONE', *, *, #5699, .T. ) ;
#299 = CARTESIAN_POINT ( 'NONE',  ( 9.543546471450538249, 44.48044224980152705, -1.499999999999756417 ) ) ;
#300 = CARTESIAN_POINT ( 'NONE',  ( -6.421685777050970323, 44.47237520701976621, 8.122686036094714623 ) ) ;
#301 = CARTESIAN_POINT ( 'NONE',  ( -9.950653693199367211, 44.77287452499038523, -0.9927428788647383318 ) ) ;
#302 = CARTESIAN_POINT ( 'NONE',  ( 5.320749321573901902, 59.38694842928641293, -6.170321516150917063 ) ) ;
#303 = CARTESIAN_POINT ( 'NONE',  ( -3.087982270378045513, 43.90560972458312250, -9.467015137803736380 ) ) ;
#304 = CARTESIAN_POINT ( 'NONE',  ( 0.000000000000000000, 60.00000000000000000, 0.000000000000000000 ) ) ;
#305 = CARTESIAN_POINT ( 'NONE',  ( -5.445780297538368231, 45.08537027135144371, -5.865560415424281082 ) ) ;
#306 = VERTEX_POINT ( 'NONE', #1337 ) ;
#307 = ORIENTED_EDGE ( 'NONE', *, *, #5266, .T. ) ;
#308 = CARTESIAN_POINT ( 'NONE',  ( -3.282801900774518167, 58.90364570241938935, 8.685979683325156131 ) ) ;
#309 = CARTESIAN_POINT ( 'NONE',  ( 3.939943430931844404, 45.00000000000000000, -8.424182201321208652 ) ) ;
#310 = CARTESIAN_POINT ( 'NONE',  ( 2.061981289408762574, 59.75043083125097354, 7.163354006105223881 ) ) ;
#311 = CARTESIAN_POINT ( 'NONE',  ( 6.135145428828630898, 44.30661360962599105, 7.626383594555134593 ) ) ;
#312 = FACE_OUTER_BOUND ( 'NONE', #6758, .T. ) ;
#313 = CARTESIAN_POINT ( 'NONE',  ( -9.904232356448350316, 43.59356959559177369, 1.500000000000451417 ) ) ;
#314 = CARTESIAN_POINT ( 'NONE',  ( 6.407564036984690681, 60.00000000000001421, 1.869092015993673472 ) ) ;
#315 = ADVANCED_FACE ( 'NONE', ( #4820, #3841 ), #4777, .T. ) ;
#316 = ORIENTED_EDGE ( 'NONE', *, *, #3007, .T. ) ;
#317 = EDGE_CURVE ( 'NONE', #5007, #6695, #858, .T. ) ;
#318 = CARTESIAN_POINT ( 'NONE',  ( 2.590346134394349686, 59.04309822270757735, 7.486611113960480068 ) ) ;
#319 = CARTESIAN_POINT ( 'NONE',  ( 8.417244204607584379, 58.50000000000000000, 1.499999999999999778 ) ) ;
#320 = CARTESIAN_POINT ( 'NONE',  ( 3.565750022093782778, 59.23193387676777633, 9.176060205356156629 ) ) ;
#321 = CARTESIAN_POINT ( 'NONE',  ( 5.349310304704865793, 59.62896311542225902, -6.265277233200595930 ) ) ;
#322 = CARTESIAN_POINT ( 'NONE',  ( 0.000000000000000000, 43.50000000000000000, 0.000000000000000000 ) ) ;
#323 = CARTESIAN_POINT ( 'NONE',  ( 8.210359310042404601, 45.00000000000000000, 2.199999999999999289 ) ) ;
#324 = EDGE_CURVE ( 'NONE', #5304, #2116, #6483, .T. ) ;
#325 = CARTESIAN_POINT ( 'NONE',  ( 8.621453855107505504, 44.96265802970553693, 2.155681182802732909 ) ) ;
#326 = ORIENTED_EDGE ( 'NONE', *, *, #2005, .T. ) ;
#327 = AXIS2_PLACEMENT_3D ( 'NONE', #4211, #2, #6674 ) ;
#328 = CARTESIAN_POINT ( 'NONE',  ( -3.762017971363895708, 59.92352707015805180, -8.157221739957241979 ) ) ;
#329 = CARTESIAN_POINT ( 'NONE',  ( 8.849544270001935331, 59.94520046359311749, -1.499999999999679146 ) ) ;
#330 = AXIS2_PLACEMENT_3D ( 'NONE', #7869, #1114, #1831 ) ;
#331 =( NAMED_UNIT ( * ) SI_UNIT ( $, .STERADIAN. ) SOLID_ANGLE_UNIT ( ) );
#332 = CARTESIAN_POINT ( 'NONE',  ( -9.660458690204205112, 59.42402592094006053, 0.8489707706048834623 ) ) ;
#333 = CARTESIAN_POINT ( 'NONE',  ( 5.011666995122902257, 60.00000000000000000, 4.446219355846664278 ) ) ;
#334 = CARTESIAN_POINT ( 'NONE',  ( -3.652508483837875186, 43.48438124865895560, 9.326330269083573654 ) ) ;
#335 = CIRCLE ( 'NONE', #3149, 0.7000000000000000666 ) ;
#336 = EDGE_LOOP ( 'NONE', ( #5733, #5838, #7656, #6932 ) ) ;
#337 = EDGE_LOOP ( 'NONE', ( #5880, #2534, #6195, #5407 ) ) ;
#338 = SURFACE_STYLE_USAGE ( .BOTH. , #6447 ) ;
#339 = ORIENTED_EDGE ( 'NONE', *, *, #4346, .F. ) ;
#340 = CARTESIAN_POINT ( 'NONE',  ( 9.801955860993743386, 43.73111428290060587, 1.981773368214369668 ) ) ;
#341 = FACE_OUTER_BOUND ( 'NONE', #1703, .T. ) ;
#342 = CARTESIAN_POINT ( 'NONE',  ( 1.991076021552383279, 59.26974757817135497, -7.532650428938159948 ) ) ;
#343 = CARTESIAN_POINT ( 'NONE',  ( 5.226690942054982969, 59.58610933779522867, -5.731768214006389250 ) ) ;
#344 = CARTESIAN_POINT ( 'NONE',  ( -2.658407295906868750, 44.82112557137041620, -8.845682523990879176 ) ) ;
#345 = CARTESIAN_POINT ( 'NONE',  ( 8.417244204607586155, 58.50000000000000000, -1.499999999999999778 ) ) ;
#346 = CARTESIAN_POINT ( 'NONE',  ( 9.661133820860490218, 59.42314520554078427, 0.8489963266520491603 ) ) ;
#347 = ORIENTED_EDGE ( 'NONE', *, *, #7043, .F. ) ;
#348 = EDGE_CURVE ( 'NONE', #6246, #5592, #5432, .T. ) ;
#349 = ORIENTED_EDGE ( 'NONE', *, *, #106, .F. ) ;
#350 = CARTESIAN_POINT ( 'NONE',  ( 8.401598737860670241, 58.79691270050473406, -1.499999999999999556 ) ) ;
#351 = CARTESIAN_POINT ( 'NONE',  ( -9.177869025133992054, 58.91913233273815820, 1.500000000000001776 ) ) ;
#352 = TOROIDAL_SURFACE ( 'NONE', #2133, 6.500000000000000888, 1.500000000000000000 ) ;
#353 = CARTESIAN_POINT ( 'NONE',  ( 2.830869605343111051, 60.00000000000000000, 6.918566179379055825 ) ) ;
#354 = CARTESIAN_POINT ( 'NONE',  ( 6.478407649768022303, 44.20308017121129041, 8.220931201541089806 ) ) ;
#355 = CARTESIAN_POINT ( 'NONE',  ( 9.786345413644344404, 43.70385227762305647, 2.056074766355141303 ) ) ;
#356 = CARTESIAN_POINT ( 'NONE',  ( -9.893502089661533105, 43.70110085826046031, 1.500000000000191624 ) ) ;
#357 = DIRECTION ( 'NONE',  ( 0.000000000000000000, 1.000000000000000000, 0.000000000000000000 ) ) ;
#358 = AXIS2_PLACEMENT_3D ( 'NONE', #1897, #147, #1214 ) ;
#359 = ORIENTED_EDGE ( 'NONE', *, *, #1030, .T. ) ;
#360 = CARTESIAN_POINT ( 'NONE',  ( 1.405228813996320492, 59.96664438078637716, 6.724543689833471838 ) ) ;
#361 = DIRECTION ( 'NONE',  ( 0.000000000000000000, -1.000000000000000000, 0.000000000000000000 ) ) ;
#362 = CARTESIAN_POINT ( 'NONE',  ( 4.236498312829946045, 58.50000000000000711, 9.058260431528177392 ) ) ;
#363 = CARTESIAN_POINT ( 'NONE',  ( -1.710145989845794529E-16, 60.00000000000000000, -0.7999999999999980460 ) ) ;
#364 = DIRECTION ( 'NONE',  ( 0.8660254037844387076, 0.000000000000000000, 0.4999999999999998335 ) ) ;
#365 = CARTESIAN_POINT ( 'NONE',  ( -8.417244204607584379, 58.50000000000000000, 1.500000000000001110 ) ) ;
#366 = CARTESIAN_POINT ( 'NONE',  ( 8.909629510567585342, 44.85047874796372724, 2.128279778626092522 ) ) ;
#367 = ORIENTED_EDGE ( 'NONE', *, *, #2288, .F. ) ;
#368 = CARTESIAN_POINT ( 'NONE',  ( 6.228319566981449285, 44.71979963232639932, 7.832364868846116934 ) ) ;
#369 = CIRCLE ( 'NONE', #3053, 0.7000000000000000666 ) ;
#370 = CARTESIAN_POINT ( 'NONE',  ( -8.656927394368555184, 59.99145286394715981, 1.500000000000001110 ) ) ;
#371 = CARTESIAN_POINT ( 'NONE',  ( 9.831876616135920344, 43.85566074627723765, -1.829743230868823956 ) ) ;
#372 = ORIENTED_EDGE ( 'NONE', *, *, #7433, .F. ) ;
#373 = VERTEX_POINT ( 'NONE', #4644 ) ;
#374 = EDGE_CURVE ( 'NONE', #1847, #6372, #5808, .T. ) ;
#375 = CARTESIAN_POINT ( 'NONE',  ( -8.462269199216013504, 60.00000000000000000, -1.499999999999999112 ) ) ;
#376 = VERTEX_POINT ( 'NONE', #6378 ) ;
#377 = CARTESIAN_POINT ( 'NONE',  ( 9.450846968497794265, 44.94768297982638217, 1.574168646581094899 ) ) ;
#378 = EDGE_CURVE ( 'NONE', #1490, #5592, #2049, .T. ) ;
#379 = CARTESIAN_POINT ( 'NONE',  ( -1.897807026632591043, 59.83700960661302304, -7.032836992707795609 ) ) ;
#380 = CARTESIAN_POINT ( 'NONE',  ( 4.638883595940691329, 60.00000000000000000, -5.250986827717626149 ) ) ;
#381 = CARTESIAN_POINT ( 'NONE',  ( 3.962372588375239424, 59.69377025920019264, -8.538957292253792630 ) ) ;
#382 = CARTESIAN_POINT ( 'NONE',  ( 0.000000000000000000, 4.299999999999999822, 0.000000000000000000 ) ) ;
#383 = CARTESIAN_POINT ( 'NONE',  ( 7.091003523932704056, 59.72317080742411122, 2.082508331123326339 ) ) ;
#384 = AXIS2_PLACEMENT_3D ( 'NONE', #4656, #7107, #870 ) ;
#385 = EDGE_LOOP ( 'NONE', ( #3964, #2340, #1100, #7810 ) ) ;
#386 = ORIENTED_EDGE ( 'NONE', *, *, #2520, .T. ) ;
#387 = DIRECTION ( 'NONE',  ( 1.000000000000000000, -0.000000000000000000, -2.137682487307248399E-16 ) ) ;
#388 = CARTESIAN_POINT ( 'NONE',  ( 2.143131898507868643E-15, 4.299999999999999822, 17.50000000000000355 ) ) ;
#389 = CARTESIAN_POINT ( 'NONE',  ( -6.114366811634537768, 44.17628949500908675, -7.913713034027415993 ) ) ;
#390 = CARTESIAN_POINT ( 'NONE',  ( 6.245789150507618182, 43.70110085826045321, 7.818024142041643643 ) ) ;
#391 = FACE_OUTER_BOUND ( 'NONE', #4532, .T. ) ;
#392 = FACE_OUTER_BOUND ( 'NONE', #7241, .T. ) ;
#393 = DIRECTION ( 'NONE',  ( -0.000000000000000000, -1.000000000000000000, -0.000000000000000000 ) ) ;
#394 = ORIENTED_EDGE ( 'NONE', *, *, #1152, .F. ) ;
#395 = CARTESIAN_POINT ( 'NONE',  ( 2.847929439722963973, 59.22956441742049094, 7.932758485971341145 ) ) ;
#396 = DIRECTION ( 'NONE',  ( 0.000000000000000000, 0.000000000000000000, -1.000000000000000000 ) ) ;
#397 = CARTESIAN_POINT ( 'NONE',  ( -5.035085020000580336, 60.00000000000000000, 5.729653544559221601 ) ) ;
#398 = CARTESIAN_POINT ( 'NONE',  ( 4.957683967624433308, 59.99993818310226601, -4.182645404624740770 ) ) ;
#399 = CARTESIAN_POINT ( 'NONE',  ( -5.584135600478958850, 59.00457541846049736, 5.611099127118198027 ) ) ;
#400 = CARTESIAN_POINT ( 'NONE',  ( 5.726434491383811221, 58.50000000000000711, -8.198045377764742625 ) ) ;
#401 = CARTESIAN_POINT ( 'NONE',  ( -9.177869025133984948, 58.91913233273812978, -1.499999999999998224 ) ) ;
#402 = EDGE_LOOP ( 'NONE', ( #6774, #316, #3490, #7293, #3735, #772 ) ) ;
#403 = LINE ( 'NONE', #7721, #6913 ) ;
#404 = DIRECTION ( 'NONE',  ( 1.224646799147356165E-16, 0.000000000000000000, -1.000000000000000000 ) ) ;
#405 = CARTESIAN_POINT ( 'NONE',  ( 8.417244204607586155, 58.50000000000000000, -1.499999999999999778 ) ) ;
#406 = CARTESIAN_POINT ( 'NONE',  ( -5.413767642734535812, 59.69377025920019975, 7.700993966918962208 ) ) ;
#407 = CARTESIAN_POINT ( 'NONE',  ( -5.617289301262302637, 58.70244047755140571, -5.681642360761751220 ) ) ;
#408 = EDGE_CURVE ( 'NONE', #373, #1130, #2769, .T. ) ;
#409 = EDGE_CURVE ( 'NONE', #7406, #7269, #2255, .T. ) ;
#410 = VERTEX_POINT ( 'NONE', #2103 ) ;
#411 = B_SPLINE_CURVE_WITH_KNOTS ( 'NONE', 3,
 ( #2431, #5368, #4848, #7141, #7219, #1628, #4086, #7824, #6056, #1027, #4728, #7180, #1671, #4125 ),
 .UNSPECIFIED., .F., .F.,
 ( 4, 2, 2, 2, 2, 2, 4 ),
 ( 0.000000000000000000, 0.0002930787578485651002, 0.0005861575156971302004, 0.0008792362735456952464, 0.001172315031394260401, 0.001758472547091389409, 0.002344630062788518633 ),
 .UNSPECIFIED. ) ;
#412 = ORIENTED_EDGE ( 'NONE', *, *, #7359, .T. ) ;
#413 = CARTESIAN_POINT ( 'NONE',  ( -8.817711673871386324, 59.21935768393873190, -1.499999999999999112 ) ) ;
#414 = ORIENTED_EDGE ( 'NONE', *, *, #922, .T. ) ;
#415 = CARTESIAN_POINT ( 'NONE',  ( 4.203941134065287244, 45.05369091973980744, 9.073646914189099633 ) ) ;
#416 = CARTESIAN_POINT ( 'NONE',  ( -2.015431155441731903, 60.00000000000000000, -6.582306779026113830 ) ) ;
#417 = CARTESIAN_POINT ( 'NONE',  ( 6.617244011918313795, 43.73111428290260960, -7.497856098283271820 ) ) ;
#418 = EDGE_CURVE ( 'NONE', #4322, #4833, #6371, .T. ) ;
#419 = CARTESIAN_POINT ( 'NONE',  ( 4.236498312829938051, 58.50000000000000000, -9.058260431528179168 ) ) ;
#420 = CARTESIAN_POINT ( 'NONE',  ( 7.519004640066374812, 59.26974757816819306, 2.042002798938496344 ) ) ;
#421 = CARTESIAN_POINT ( 'NONE',  ( 7.396226146599793161, 59.45216504684545811, 2.052864518610001632 ) ) ;
#422 = ORIENTED_EDGE ( 'NONE', *, *, #5421, .T. ) ;
#423 = ADVANCED_FACE ( 'NONE', ( #4562, #1421 ), #188, .F. ) ;
#424 = ORIENTED_EDGE ( 'NONE', *, *, #2279, .T. ) ;
#425 = LINE ( 'NONE', #616, #115 ) ;
#426 = CARTESIAN_POINT ( 'NONE',  ( -1.967466152111338129, 60.01848078357095773, 6.407751337629028932 ) ) ;
#427 = CARTESIAN_POINT ( 'NONE',  ( -7.218733068299944655, 59.99999999999999289, -1.121123403023414955 ) ) ;
#428 = CARTESIAN_POINT ( 'NONE',  ( 6.178341180006778011, 44.96189999830964723, 6.390169356493042407 ) ) ;
#429 = CARTESIAN_POINT ( 'NONE',  ( 8.412591503567080409, 45.00000000000000000, 2.177121100737639647 ) ) ;
#430 = CARTESIAN_POINT ( 'NONE',  ( 3.333725648282736209, 58.50000000000000000, -8.774182201321208296 ) ) ;
#431 = CARTESIAN_POINT ( 'NONE',  ( 3.333725648282743315, 45.44761534702016093, 8.774182201321206520 ) ) ;
#432 = ORIENTED_EDGE ( 'NONE', *, *, #2527, .F. ) ;
#433 = AXIS2_PLACEMENT_3D ( 'NONE', #4052, #871, #3325 ) ;
#434 = CARTESIAN_POINT ( 'NONE',  ( -3.333725648282740206, 43.50000000000000000, 8.774182201321206520 ) ) ;
#435 = CARTESIAN_POINT ( 'NONE',  ( 6.034457352592009549, 44.55925688362637516, -7.451986730796955172 ) ) ;
#436 = CARTESIAN_POINT ( 'NONE',  ( 3.377673238913726284, 59.66580496981394788, 8.850301661164564848 ) ) ;
#437 =( BOUNDED_SURFACE ( )  B_SPLINE_SURFACE ( 3, 2, ( 
 ( #7118, #6644, #7351 ),
 ( #1801, #4216, #4783 ),
 ( #3657, #5506, #3006 ),
 ( #2969, #6069, #1081 ),
 ( #7919, #1122, #1841 ),
 ( #3579, #6761, #2933 ),
 ( #523, #1232, #636 ),
 ( #6680, #5990, #6109 ),
 ( #3087, #5547, #7318 ),
 ( #9, #6034, #1686 ),
 ( #4866, #5389, #4141 ),
 ( #2449, #4256, #5427 ),
 ( #7876, #5467, #45 ),
 ( #559, #2365, #4294 ) ),
 .UNSPECIFIED., .F., .F., .F. ) 
 B_SPLINE_SURFACE_WITH_KNOTS ( ( 4, 2, 2, 2, 2, 2, 4 ),
 ( 3, 3 ),
 ( 0.001772834456946045063, 0.002650301912888592282, 0.003089035640859866001, 0.003527769368831139719, 0.003966503096802413003, 0.004405236824773686721, 0.005282704280716234158 ),
 ( 0.000000000000000000, 1.000000000000000000 ),
 .UNSPECIFIED. ) 
 GEOMETRIC_REPRESENTATION_ITEM ( )  RATIONAL_B_SPLINE_SURFACE ( (
 ( 1.000000000000000000, 0.7764019833919699742, 1.000000000000000000),
 ( 1.000000000000000000, 0.7764724955933757222, 1.000000000000000000),
 ( 1.000000000000000000, 0.7751264840472896767, 1.000000000000000000),
 ( 1.000000000000000000, 0.7709952323542180741, 1.000000000000000000),
 ( 1.000000000000000000, 0.7692344803650240648, 1.000000000000000000),
 ( 1.000000000000000000, 0.7650189772143510814, 1.000000000000000000),
 ( 1.000000000000000000, 0.7625688308999136744, 1.000000000000000000),
 ( 1.000000000000000000, 0.7568621671776338822, 1.000000000000000000),
 ( 1.000000000000000000, 0.7536059078438259728, 1.000000000000000000),
 ( 1.000000000000000000, 0.7464197732062425317, 1.000000000000000000),
 ( 1.000000000000000000, 0.7424609519004827796, 1.000000000000000000),
 ( 1.000000000000000000, 0.7292012344438082438, 1.000000000000000000),
 ( 1.000000000000000000, 0.7190378339142742270, 1.000000000000000000),
 ( 1.000000000000000000, 0.7071067811865437980, 1.000000000000000000) ) ) 
 REPRESENTATION_ITEM ( '' )  SURFACE ( )  );
#438 = CARTESIAN_POINT ( 'NONE',  ( 5.385977413371492162, 59.50074565370237423, -6.328786528377842835 ) ) ;
#439 = CARTESIAN_POINT ( 'NONE',  ( 6.091737932137471390, 45.00000000000000000, -6.196957403381406770 ) ) ;
#440 = CARTESIAN_POINT ( 'NONE',  ( 5.705169423673742912, 58.89571938483667424, -8.164129708915039529 ) ) ;
#441 = ADVANCED_FACE ( 'NONE', ( #6455 ), #3352, .F. ) ;
#442 = ORIENTED_EDGE ( 'NONE', *, *, #3924, .F. ) ;
#443 = ORIENTED_EDGE ( 'NONE', *, *, #243, .F. ) ;
#444 = CARTESIAN_POINT ( 'NONE',  ( 6.382894355132967767, 44.33474125497828311, 7.497732284937028702 ) ) ;
#445 = CARTESIAN_POINT ( 'NONE',  ( 9.452531826322360331, 59.63125511759733399, -0.8409449854148716152 ) ) ;
#446 = CARTESIAN_POINT ( 'NONE',  ( -5.621956772992700024, 60.00000000000000000, -5.691537757285066057 ) ) ;
#447 = CARTESIAN_POINT ( 'NONE',  ( -9.962932804213766147, 58.50000000000000711, 0.8602150537634423166 ) ) ;
#448 = CARTESIAN_POINT ( 'NONE',  ( 9.786345413644342628, 43.50000000000000000, -2.056074766355139971 ) ) ;
#449 = CIRCLE ( 'NONE', #6357, 0.7000000000000000666 ) ;
#450 = VERTEX_POINT ( 'NONE', #6417 ) ;
#451 = AXIS2_PLACEMENT_3D ( 'NONE', #598, #5508, #1844 ) ;
#452 = ORIENTED_EDGE ( 'NONE', *, *, #6320, .T. ) ;
#453 = ORIENTED_EDGE ( 'NONE', *, *, #6535, .T. ) ;
#454 = CARTESIAN_POINT ( 'NONE',  ( 9.810761149044754603, 43.67642093582038854, 1.939522041895682891 ) ) ;
#455 = CARTESIAN_POINT ( 'NONE',  ( -2.683280521717636091, 59.38694842928713769, -7.693064837727220606 ) ) ;
#456 = AXIS2_PLACEMENT_3D ( 'NONE', #6842, #3258, #2613 ) ;
#457 = CARTESIAN_POINT ( 'NONE',  ( 3.674903618873790023, 44.02513061313004528, -9.301362600519514245 ) ) ;
#458 = CARTESIAN_POINT ( 'NONE',  ( 0.000000000000000000, 45.00000000000000000, 0.000000000000000000 ) ) ;
#459 = CARTESIAN_POINT ( 'NONE',  ( 0.000000000000000000, 60.00000000000000000, 0.000000000000000000 ) ) ;
#460 = EDGE_LOOP ( 'NONE', ( #730, #2364, #872, #7700 ) ) ;
#461 = VERTEX_POINT ( 'NONE', #2631 ) ;
#462 = CARTESIAN_POINT ( 'NONE',  ( 6.113877990629553061, 60.00000000000000000, -6.189547311047515876 ) ) ;
#463 = CARTESIAN_POINT ( 'NONE',  ( -2.445722139225977809, 59.51080168353681188, 7.236115006335763766 ) ) ;
#464 = CARTESIAN_POINT ( 'NONE',  ( 1.710145989845797487E-16, 60.00000000000000000, 0.7999999999999993783 ) ) ;
#465 = CARTESIAN_POINT ( 'NONE',  ( 8.462269199216013504, 59.29999999999999716, 0.7999999999999998224 ) ) ;
#466 = CARTESIAN_POINT ( 'NONE',  ( -3.886459418056063875, 59.80239937500294900, 8.394543142822639581 ) ) ;
#467 = CARTESIAN_POINT ( 'NONE',  ( 4.147423105567904500, 59.25683569235948056, -8.889887405033764622 ) ) ;
#468 = CARTESIAN_POINT ( 'NONE',  ( 5.001574048056084187, 60.00000000000000000, 4.393955882817154546 ) ) ;
#469 = B_SPLINE_CURVE_WITH_KNOTS ( 'NONE', 3,
 ( #3116, #7499, #4450, #5574, #4687, #7659, #5893, #5850, #7738, #6341 ),
 .UNSPECIFIED., .F., .F.,
 ( 4, 2, 2, 2, 4 ),
 ( 0.000000000000000000, 0.0005272183400222045990, 0.001054436680044409198, 0.001581655020066613689, 0.002108873360088818396 ),
 .UNSPECIFIED. ) ;
#470 = ORIENTED_EDGE ( 'NONE', *, *, #1959, .T. ) ;
#471 = CIRCLE ( 'NONE', #5994, 5.700000000000000178 ) ;
#472 = DIRECTION ( 'NONE',  ( 0.000000000000000000, -0.000000000000000000, 1.000000000000000000 ) ) ;
#473 = CARTESIAN_POINT ( 'NONE',  ( 6.385874890818880267, 44.60349555669973398, -8.060659761676676638 ) ) ;
#474 = CARTESIAN_POINT ( 'NONE',  ( -5.469222818859211799, 59.08601872170844160, 6.472971800179235125 ) ) ;
#475 = CARTESIAN_POINT ( 'NONE',  ( 6.173199920497911108, 44.96483083475497722, -6.378763147357764396 ) ) ;
#476 = CARTESIAN_POINT ( 'NONE',  ( 5.856159171140356889, 59.82458473914902441, -7.143165221625211281 ) ) ;
#477 = ORIENTED_EDGE ( 'NONE', *, *, #3333, .F. ) ;
#478 = ORIENTED_EDGE ( 'NONE', *, *, #6720, .T. ) ;
#479 = AXIS2_PLACEMENT_3D ( 'NONE', #1588, #4008, #2195 ) ;
#480 = CARTESIAN_POINT ( 'NONE',  ( -7.739994670903527663, 45.02275046629593902, 2.022988505747127519 ) ) ;
#481 = CARTESIAN_POINT ( 'NONE',  ( 6.860597584501810786, 59.89494319286457369, 1.938998269944047559 ) ) ;
#482 = CARTESIAN_POINT ( 'NONE',  ( -6.443228091488961695, 44.63350581217294888, 6.963928575126058007 ) ) ;
#483 = CYLINDRICAL_SURFACE ( 'NONE', #3306, 5.000000000000000000 ) ;
#484 = EDGE_CURVE ( 'NONE', #2267, #6068, #6759, .T. ) ;
#485 = CARTESIAN_POINT ( 'NONE',  ( 5.529459825553895591, 59.28409436251600084, -5.494056526877312940 ) ) ;
#486 = CARTESIAN_POINT ( 'NONE',  ( 9.962932802280761280, 45.25138510346865672, -0.8602150761513411847 ) ) ;
#487 = ORIENTED_EDGE ( 'NONE', *, *, #40, .T. ) ;
#488 = ORIENTED_EDGE ( 'NONE', *, *, #5962, .T. ) ;
#489 = CARTESIAN_POINT ( 'NONE',  ( 5.795608633631644580, 45.57017187878921050, -7.038288614234864404 ) ) ;
#490 = ORIENTED_EDGE ( 'NONE', *, *, #2774, .F. ) ;
#491 = CARTESIAN_POINT ( 'NONE',  ( 9.903460166955834865, 44.88446914518875985, 1.452233071378779661 ) ) ;
#492 = FACE_OUTER_BOUND ( 'NONE', #7727, .T. ) ;
#493 = CARTESIAN_POINT ( 'NONE',  ( 0.000000000000000000, 45.00000000000000000, 8.500000000000000000 ) ) ;
#494 = CARTESIAN_POINT ( 'NONE',  ( 7.815661301510619552, 58.93661152880183351, 1.499999999999999556 ) ) ;
#495 = CARTESIAN_POINT ( 'NONE',  ( -5.931801859636061991, 45.44761534702016093, -7.274182201321202079 ) ) ;
#496 = ORIENTED_EDGE ( 'NONE', *, *, #3157, .F. ) ;
#497 = ORIENTED_EDGE ( 'NONE', *, *, #1265, .F. ) ;
#498 = CARTESIAN_POINT ( 'NONE',  ( -8.210359310042402825, 45.49311510543481774, 1.531270876661743996 ) ) ;
#499 = CARTESIAN_POINT ( 'NONE',  ( -2.908891828241306321, 45.02324866275615278, -8.038348440241977144 ) ) ;
#500 = CARTESIAN_POINT ( 'NONE',  ( -5.726434491383822767, 58.50000000000000000, -8.198045377764733743 ) ) ;
#501 = CARTESIAN_POINT ( 'NONE',  ( -4.712485426358250962, 60.00000000000000000, -6.562264139353167991 ) ) ;
#502 = AXIS2_PLACEMENT_3D ( 'NONE', #2263, #6410, #5115 ) ;
#503 = PLANE ( 'NONE',  #3586 ) ;
#504 = AXIS2_PLACEMENT_3D ( 'NONE', #5833, #3827, #7643 ) ;
#505 = CARTESIAN_POINT ( 'NONE',  ( 2.984531596354707883, 59.29999997292472358, -8.169360361681015092 ) ) ;
#506 = CARTESIAN_POINT ( 'NONE',  ( 0.000000000000000000, 1.500000000000000000, 0.000000000000000000 ) ) ;
#507 = VERTEX_POINT ( 'NONE', #345 ) ;
#508 = EDGE_CURVE ( 'NONE', #4043, #450, #1812, .T. ) ;
#509 = ADVANCED_FACE ( 'NONE', ( #1775 ), #6538, .T. ) ;
#510 = EDGE_CURVE ( 'NONE', #2985, #4901, #1222, .T. ) ;
#511 = TOROIDAL_SURFACE ( 'NONE', #5003, 6.500000000000000888, 1.500000000000000000 ) ;
#512 = CARTESIAN_POINT ( 'NONE',  ( -4.823560934331261763, 60.00000000000000000, -6.754652611666144502 ) ) ;
#513 = CARTESIAN_POINT ( 'NONE',  ( 6.605614664754424936, 44.16298309581479486, -7.305669119966508696 ) ) ;
#514 = CARTESIAN_POINT ( 'NONE',  ( -5.549634385861278218, 59.18232658162446569, 5.537252423112800415 ) ) ;
#515 = B_SPLINE_CURVE_WITH_KNOTS ( 'NONE', 3,
 ( #1900, #4962, #6938, #3233 ),
 .UNSPECIFIED., .F., .F.,
 ( 4, 4 ),
 ( 0.000000000000000000, 0.0008268229203837842208 ),
 .UNSPECIFIED. ) ;
#516 = CARTESIAN_POINT ( 'NONE',  ( -5.756038165625391834, 45.05369091973981455, 8.177543275209455231 ) ) ;
#517 = DIRECTION ( 'NONE',  ( 0.000000000000000000, 1.000000000000000000, 0.000000000000000000 ) ) ;
#518 = DIRECTION ( 'NONE',  ( 0.000000000000000000, -1.000000000000000000, 0.000000000000000000 ) ) ;
#519 = EDGE_CURVE ( 'NONE', #4043, #2095, #7577, .T. ) ;
#520 = ORIENTED_EDGE ( 'NONE', *, *, #1984, .T. ) ;
#521 = ADVANCED_FACE ( 'NONE', ( #974 ), #3516, .F. ) ;
#522 = CARTESIAN_POINT ( 'NONE',  ( -3.719530545089966722, 59.96124756587130378, 8.076147904065646088 ) ) ;
#523 = CARTESIAN_POINT ( 'NONE',  ( -9.399303417667093541, 44.49375715928960773, -2.085895687412904653 ) ) ;
#524 = FACE_OUTER_BOUND ( 'NONE', #5354, .T. ) ;
#525 = CARTESIAN_POINT ( 'NONE',  ( 5.621956772992692031, 58.50000000000000000, -5.691537757285073162 ) ) ;
#526 = CARTESIAN_POINT ( 'NONE',  ( 5.469222818858861856, 59.08601872171032454, 6.472971800178618729 ) ) ;
#527 = DIRECTION ( 'NONE',  ( 0.000000000000000000, 0.000000000000000000, 1.000000000000000000 ) ) ;
#528 =( BOUNDED_SURFACE ( )  B_SPLINE_SURFACE ( 3, 2, ( 
 ( #5886, #6453, #4602 ),
 ( #5157, #7054, #5806 ),
 ( #3958, #1620, #302 ),
 ( #2742, #4077, #933 ),
 ( #2786, #2186, #343 ),
 ( #380, #1578, #855 ),
 ( #2828, #1456, #2099 ),
 ( #898, #4558, #5238 ),
 ( #5277, #3273, #7694 ),
 ( #7732, #4678, #4641 ) ),
 .UNSPECIFIED., .F., .F., .F. ) 
 B_SPLINE_SURFACE_WITH_KNOTS ( ( 4, 2, 2, 2, 4 ),
 ( 3, 3 ),
 ( 0.000000000000000000, 0.0006601270656153755906, 0.001320254131230751181, 0.001980381196846126880, 0.002640508262461502362 ),
 ( 0.000000000000000000, 1.000000000000000000 ),
 .UNSPECIFIED. ) 
 GEOMETRIC_REPRESENTATION_ITEM ( )  RATIONAL_B_SPLINE_SURFACE ( (
 ( 1.000000000000000000, 0.7071067811865475727, 1.000000000000000000),
 ( 1.000000000000000000, 0.7265059775623857741, 1.000000000000000000),
 ( 1.000000000000000000, 0.7502783718685157588, 1.000000000000000000),
 ( 1.000000000000000000, 0.8072559680367288326, 1.000000000000000000),
 ( 1.000000000000000000, 0.8399358369246882061, 1.000000000000000000),
 ( 1.000000000000000000, 0.9071188964750162009, 1.000000000000000000),
 ( 1.000000000000000000, 0.9402799494365945421, 1.000000000000000000),
 ( 1.000000000000000000, 0.9871024881034229370, 1.000000000000000000),
 ( 1.000000000000000000, 1.000343213455331393, 1.000000000000000000),
 ( 1.000000000000000000, 1.000000000000000000, 1.000000000000000000) ) ) 
 REPRESENTATION_ITEM ( '' )  SURFACE ( )  );
#529 = B_SPLINE_CURVE_WITH_KNOTS ( 'NONE', 3,
 ( #2875, #1783, #3486, #5328 ),
 .UNSPECIFIED., .F., .F.,
 ( 4, 4 ),
 ( 0.000000000000000000, 0.0008268229203837846545 ),
 .UNSPECIFIED. ) ;
#530 = EDGE_LOOP ( 'NONE', ( #1211, #3086, #2822, #1449 ) ) ;
#531 = EDGE_LOOP ( 'NONE', ( #1739, #6602, #1505, #5473 ) ) ;
#532 = CARTESIAN_POINT ( 'NONE',  ( 7.739994670903529439, 45.02275046629593902, 2.022988505747126631 ) ) ;
#533 = ORIENTED_EDGE ( 'NONE', *, *, #3519, .F. ) ;
#534 = CARTESIAN_POINT ( 'NONE',  ( 6.114394628897447781, 44.17624473793537021, -7.913691649538741046 ) ) ;
#535 = CARTESIAN_POINT ( 'NONE',  ( 1.748532696889497418, 60.69990933521651755, -6.028547469708048112 ) ) ;
#536 = CARTESIAN_POINT ( 'NONE',  ( 3.796293119910493008, 44.17628949500909386, -9.252053503945676383 ) ) ;
#537 = DIRECTION ( 'NONE',  ( 0.000000000000000000, -1.000000000000000000, 0.000000000000000000 ) ) ;
#538 = DIRECTION ( 'NONE',  ( 0.000000000000000000, 0.000000000000000000, -1.000000000000000000 ) ) ;
#539 = ADVANCED_FACE ( 'NONE', ( #3479 ), #3337, .T. ) ;
#540 = ORIENTED_EDGE ( 'NONE', *, *, #1332, .F. ) ;
#541 = ORIENTED_EDGE ( 'NONE', *, *, #7278, .T. ) ;
#542 = CARTESIAN_POINT ( 'NONE',  ( -4.236498312829950486, 45.00000000000000000, -9.058260431528173839 ) ) ;
#543 = CARTESIAN_POINT ( 'NONE',  ( -1.751530714502971264, 59.99777404406741965, 6.033740188536570237 ) ) ;
#544 = CARTESIAN_POINT ( 'NONE',  ( 3.082975925906015213, 43.89891188660080701, -9.459768777155552755 ) ) ;
#545 = DIRECTION ( 'NONE',  ( 0.000000000000000000, -1.000000000000000000, -0.000000000000000000 ) ) ;
#546 = CARTESIAN_POINT ( 'NONE',  ( -9.383966010180625261, 45.11760760837111661, -1.531801414871592826 ) ) ;
#547 = CARTESIAN_POINT ( 'NONE',  ( 3.036956269647588691, 59.27933202669344581, -8.260162559394485626 ) ) ;
#548 = CARTESIAN_POINT ( 'NONE',  ( -5.931801859636061991, 45.44761534702016093, -7.274182201321202967 ) ) ;
#549 = CARTESIAN_POINT ( 'NONE',  ( -3.949687399644013386, 44.42018426149839883, -9.187113461014867255 ) ) ;
#550 = VERTEX_POINT ( 'NONE', #7817 ) ;
#551 = CARTESIAN_POINT ( 'NONE',  ( 0.000000000000000000, 0.000000000000000000, 0.000000000000000000 ) ) ;
#552 = CARTESIAN_POINT ( 'NONE',  ( 6.336158097167343684, 44.80466514540943024, -6.734510538893148102 ) ) ;
#553 = DIRECTION ( 'NONE',  ( 0.000000000000000000, -0.000000000000000000, 1.000000000000000000 ) ) ;
#554 = CARTESIAN_POINT ( 'NONE',  ( 6.673785686565869568, 43.50000000000000000, -7.447186355247767509 ) ) ;
#555 = EDGE_CURVE ( 'NONE', #7406, #2768, #665, .T. ) ;
#556 = CARTESIAN_POINT ( 'NONE',  ( 5.732181094252084996, 59.19936622830415729, -6.928428893430391255 ) ) ;
#557 = CARTESIAN_POINT ( 'NONE',  ( -3.109817731259019169, 59.21935768393873900, -8.386362312819189313 ) ) ;
#558 = EDGE_LOOP ( 'NONE', ( #5077, #7729, #1777, #1716, #5959 ) ) ;
#559 = CARTESIAN_POINT ( 'NONE',  ( -8.210359310042401049, 45.00000000000000711, -2.199999999999999734 ) ) ;
#560 = CARTESIAN_POINT ( 'NONE',  ( -2.768282070896992408, 59.33863098884643961, 7.794805196475587117 ) ) ;
#561 = CARTESIAN_POINT ( 'NONE',  ( 5.349006880311883094, 59.72317080742411122, -5.099735024489036483 ) ) ;
#562 = EDGE_CURVE ( 'NONE', #930, #4822, #7192, .T. ) ;
#563 = CARTESIAN_POINT ( 'NONE',  ( 5.140938086699684995, 59.24267963121437219, 5.904365964729742622 ) ) ;
#564 = DIRECTION ( 'NONE',  ( 0.000000000000000000, 0.000000000000000000, -1.000000000000000000 ) ) ;
#565 = ORIENTED_EDGE ( 'NONE', *, *, #7121, .F. ) ;
#566 = ORIENTED_EDGE ( 'NONE', *, *, #5452, .F. ) ;
#567 = CARTESIAN_POINT ( 'NONE',  ( -9.623992758693756144, 59.39586769377056186, -1.500000000000236478 ) ) ;
#568 = ORIENTED_EDGE ( 'NONE', *, *, #2765, .T. ) ;
#569 = CARTESIAN_POINT ( 'NONE',  ( -9.923053660159576239, 58.89515726333497270, -0.8587613567947225413 ) ) ;
#570 = DIRECTION ( 'NONE',  ( -0.000000000000000000, -1.000000000000000000, -0.000000000000000000 ) ) ;
#571 = AXIS2_PLACEMENT_3D ( 'NONE', #2780, #7811, #2301 ) ;
#572 = CARTESIAN_POINT ( 'NONE',  ( -5.429778716980369069, 59.29999999999999716, -6.404652611666143969 ) ) ;
#573 = CARTESIAN_POINT ( 'NONE',  ( 6.918132598041086823, 59.82488524275153452, 2.100279926014560150 ) ) ;
#574 = CARTESIAN_POINT ( 'NONE',  ( -8.417244204607584379, 58.50000000000000000, -1.499999999999999112 ) ) ;
#575 = ORIENTED_EDGE ( 'NONE', *, *, #2842, .F. ) ;
#576 = CARTESIAN_POINT ( 'NONE',  ( -3.413991530693573306, 43.75189518330586935, 9.400281638617675739 ) ) ;
#577 = LINE ( 'NONE', #5564, #7677 ) ;
#578 = CARTESIAN_POINT ( 'NONE',  ( -2.513839940538999951, 59.33639209907909162, 7.354098499109160691 ) ) ;
#579 = CARTESIAN_POINT ( 'NONE',  ( 3.024087717157281752, 44.16298309581477355, 9.373464667271626638 ) ) ;
#580 = DIRECTION ( 'NONE',  ( 0.000000000000000000, 0.000000000000000000, -1.000000000000000000 ) ) ;
#581 = LINE ( 'NONE', #5451, #3060 ) ;
#582 = AXIS2_PLACEMENT_3D ( 'NONE', #1257, #4399, #5686 ) ;
#583 = ADVANCED_FACE ( 'NONE', ( #4838 ), #7616, .F. ) ;
#584 = EDGE_CURVE ( 'NONE', #376, #7485, #2461, .T. ) ;
#585 = CARTESIAN_POINT ( 'NONE',  ( -2.542861875347226075, 59.24267963121096159, -7.404365964731194794 ) ) ;
#586 = CYLINDRICAL_SURFACE ( 'NONE', #2777, 0.7000000000000000666 ) ;
#587 = CARTESIAN_POINT ( 'NONE',  ( 9.252553101944100078, 44.63350581217288493, 2.098034922043851669 ) ) ;
#588 = ORIENTED_EDGE ( 'NONE', *, *, #2629, .F. ) ;
#589 = CARTESIAN_POINT ( 'NONE',  ( -6.499995580619638780, 44.50894764137461124, 7.084228249034804747 ) ) ;
#590 = DIRECTION ( 'NONE',  ( 0.000000000000000000, 1.000000000000000000, -0.000000000000000000 ) ) ;
#591 = CARTESIAN_POINT ( 'NONE',  ( -5.527928618512686576, 59.26974757816847017, 5.490647630001194379 ) ) ;
#592 = CARTESIAN_POINT ( 'NONE',  ( 6.673785686565880226, 43.60193811140077003, 7.447186355247759515 ) ) ;
#593 = CARTESIAN_POINT ( 'NONE',  ( 5.326657905820830763, 59.80239937500295611, 7.563044158225156188 ) ) ;
#594 = CARTESIAN_POINT ( 'NONE',  ( -3.132862282853652314, 59.19488232838110520, -8.426276647018736909 ) ) ;
#595 = VERTEX_POINT ( 'NONE', #6242 ) ;
#596 = CARTESIAN_POINT ( 'NONE',  ( 6.587162543200595799, 59.95740150391036849, 2.036618488768852320 ) ) ;
#597 = CARTESIAN_POINT ( 'NONE',  ( -5.707852723010792495, 45.00000000000000000, 5.605735980109924022 ) ) ;
#598 = CARTESIAN_POINT ( 'NONE',  ( 0.000000000000000000, 35.00000000000000000, 0.000000000000000000 ) ) ;
#599 = CARTESIAN_POINT ( 'NONE',  ( -2.303366213978023769, 58.50000000000000000, 8.389547311047511613 ) ) ;
#600 = CARTESIAN_POINT ( 'NONE',  ( -2.648094284368576190, 45.32256938961312187, 7.754699137795742381 ) ) ;
#601 = CIRCLE ( 'NONE', #1885, 0.7000000000000000666 ) ;
#602 = ADVANCED_FACE ( 'NONE', ( #3634 ), #1853, .T. ) ;
#603 = ORIENTED_EDGE ( 'NONE', *, *, #136, .T. ) ;
#604 = CARTESIAN_POINT ( 'NONE',  ( 5.219108001875554237, 59.59811855919387824, -5.700539630594182228 ) ) ;
#605 = ORIENTED_EDGE ( 'NONE', *, *, #1197, .T. ) ;
#606 = CARTESIAN_POINT ( 'NONE',  ( -9.962932804213766147, 58.50000000000000000, -0.8602150537634400962 ) ) ;
#607 = CARTESIAN_POINT ( 'NONE',  ( -5.530172705284666534, 59.29999999999999716, -6.578540100183662531 ) ) ;
#608 = AXIS2_PLACEMENT_3D ( 'NONE', #2731, #4423, #7518 ) ;
#609 = CARTESIAN_POINT ( 'NONE',  ( -9.265527507918802641, 58.50000000000000000, 1.500000000000001332 ) ) ;
#610 = DIRECTION ( 'NONE',  ( -0.000000000000000000, -1.000000000000000000, -0.000000000000000000 ) ) ;
#611 = CARTESIAN_POINT ( 'NONE',  ( 6.324555320336759934, 59.29999999999999716, 1.499999999999999334 ) ) ;
#612 = EDGE_CURVE ( 'NONE', #7270, #1167, #4378, .T. ) ;
#613 = ORIENTED_EDGE ( 'NONE', *, *, #7640, .T. ) ;
#614 = ADVANCED_FACE ( 'NONE', ( #4990 ), #4878, .T. ) ;
#615 = CARTESIAN_POINT ( 'NONE',  ( -3.184711849072122458, 43.73111428290453517, 9.479629466503981305 ) ) ;
#616 = CARTESIAN_POINT ( 'NONE',  ( -5.931801859636061991, 43.50000000000000000, -7.274182201321202967 ) ) ;
#617 = CARTESIAN_POINT ( 'NONE',  ( -2.320880761487882360, 45.00000000000000711, 8.374115310421974101 ) ) ;
#618 = CARTESIAN_POINT ( 'NONE',  ( 3.355559680842561399, 44.70126703666945644, 8.811999855049084118 ) ) ;
#619 = CARTESIAN_POINT ( 'NONE',  ( -4.892872430064637790, 60.00000000000000000, -4.405987093975474167 ) ) ;
#620 = CARTESIAN_POINT ( 'NONE',  ( 0.000000000000000000, 58.50000000000000000, 0.000000000000000000 ) ) ;
#621 = AXIS2_PLACEMENT_3D ( 'NONE', #6494, #2140, #7692 ) ;
#622 = CARTESIAN_POINT ( 'NONE',  ( -7.683799962046048648, 59.24267963121437219, 1.499999999999998668 ) ) ;
#623 = DIRECTION ( 'NONE',  ( 0.000000000000000000, 1.000000000000000000, 0.000000000000000000 ) ) ;
#624 = CYLINDRICAL_SURFACE ( 'NONE', #4880, 0.7000000000000000666 ) ;
#625 = ORIENTED_EDGE ( 'NONE', *, *, #5196, .T. ) ;
#626 = CIRCLE ( 'NONE', #5253, 0.7000000000000000666 ) ;
#627 = CARTESIAN_POINT ( 'NONE',  ( 0.6928203230275485902, 59.29999999999999716, -0.3999999999999988565 ) ) ;
#628 = CARTESIAN_POINT ( 'NONE',  ( 9.817815380391044400, 43.62158621499634137, 1.901656071149203653 ) ) ;
#629 = CARTESIAN_POINT ( 'NONE',  ( 9.962932804213766147, 45.44761534702016093, 0.8602150537634408733 ) ) ;
#630 = DIRECTION ( 'NONE',  ( -0.000000000000000000, 1.000000000000000000, -0.000000000000000000 ) ) ;
#631 = CARTESIAN_POINT ( 'NONE',  ( -9.579542049274632376, 44.27311077007767892, 2.071603570755840895 ) ) ;
#632 = CARTESIAN_POINT ( 'NONE',  ( -6.223651127633303304, 45.32625813511209145, 7.850733500342140125 ) ) ;
#633 = CARTESIAN_POINT ( 'NONE',  ( -6.252884496049083474, 58.50000000000001421, 7.830313641016735993 ) ) ;
#634 = TOROIDAL_SURFACE ( 'NONE', #2818, 8.500000000000000000, 1.500000000000000000 ) ;
#635 = ORIENTED_EDGE ( 'NONE', *, *, #3472, .T. ) ;
#636 = CARTESIAN_POINT ( 'NONE',  ( -9.913164195228610254, 44.95751050121654657, -1.499999999999998668 ) ) ;
#637 = CARTESIAN_POINT ( 'NONE',  ( -1.299038105676656230, 64.86389322930409662, -0.7499999999999970024 ) ) ;
#638 = AXIS2_PLACEMENT_3D ( 'NONE', #458, #4761, #5965 ) ;
#639 = CARTESIAN_POINT ( 'NONE',  ( 7.407088871777816053, 60.00000000000000000, 1.007678096661154488 ) ) ;
#640 = CARTESIAN_POINT ( 'NONE',  ( 5.447724930271867549, 59.51135107530512869, 5.316775130139893335 ) ) ;
#641 =( BOUNDED_SURFACE ( )  B_SPLINE_SURFACE ( 3, 2, ( 
 ( #7478, #6281, #768 ),
 ( #4470, #3944, #5673 ),
 ( #174, #2615, #6925 ),
 ( #1407, #6404, #3869 ),
 ( #6319, #6362, #842 ),
 ( #5754, #251, #884 ),
 ( #802, #5915, #5391 ),
 ( #7682, #4105, #4786 ),
 ( #7161, #5224, #4709 ),
 ( #6605, #1566, #3422 ) ),
 .UNSPECIFIED., .F., .F., .F. ) 
 B_SPLINE_SURFACE_WITH_KNOTS ( ( 4, 2, 2, 2, 4 ),
 ( 3, 3 ),
 ( 0.000000000000000000, 0.0005780509363421559204, 0.001156101872684311841, 0.001734152809026467870, 0.002312203745368623681 ),
 ( 0.000000000000000000, 1.000000000000000000 ),
 .UNSPECIFIED. ) 
 GEOMETRIC_REPRESENTATION_ITEM ( )  RATIONAL_B_SPLINE_SURFACE ( (
 ( 1.000000000000000000, 0.7368926330804047575, 1.000000000000000000),
 ( 1.000000000000000000, 0.7560717295199925747, 1.000000000000000000),
 ( 1.000000000000000000, 0.7784905715806207382, 1.000000000000000000),
 ( 1.000000000000000000, 0.8293914224504288502, 1.000000000000000000),
 ( 1.000000000000000000, 0.8577598976841217526, 1.000000000000000000),
 ( 1.000000000000000000, 0.9135290035520807761, 1.000000000000000000),
 ( 1.000000000000000000, 0.9416745923865734724, 1.000000000000000000),
 ( 1.000000000000000000, 0.9850746835032513360, 1.000000000000000000),
 ( 1.000000000000000000, 1.000068771992402406, 1.000000000000000000),
 ( 1.000000000000000000, 1.000000000000000000, 1.000000000000000000) ) ) 
 REPRESENTATION_ITEM ( '' )  SURFACE ( )  );
#642 = CARTESIAN_POINT ( 'NONE',  ( -5.447724930271665045, 59.51135107530544133, -5.316775130139626881 ) ) ;
#643 = VERTEX_POINT ( 'NONE', #5635 ) ;
#644 = EDGE_LOOP ( 'NONE', ( #3548, #2582, #5514, #6408 ) ) ;
#645 = CARTESIAN_POINT ( 'NONE',  ( -9.376140231109785006, 59.69377025920019264, -0.8379633253348268696 ) ) ;
#646 = CARTESIAN_POINT ( 'NONE',  ( 6.909827558649230816, 59.82844729212749257, -2.101204365273853014 ) ) ;
#647 = ADVANCED_FACE ( 'NONE', ( #7366 ), #5520, .T. ) ;
#648 = CARTESIAN_POINT ( 'NONE',  ( -1.905255888325765090, 45.69999999999999574, 1.100000000000000977 ) ) ;
#649 = DIRECTION ( 'NONE',  ( -0.8660254037844382635, 0.000000000000000000, 0.5000000000000005551 ) ) ;
#650 = CARTESIAN_POINT ( 'NONE',  ( -4.236498312829941604, 45.44761534702016093, 9.058260431528177392 ) ) ;
#651 = ADVANCED_FACE ( 'NONE', ( #727 ), #1667, .T. ) ;
#652 = ORIENTED_EDGE ( 'NONE', *, *, #4189, .F. ) ;
#653 = ORIENTED_EDGE ( 'NONE', *, *, #3854, .T. ) ;
#654 = CARTESIAN_POINT ( 'NONE',  ( -3.353629967258667133, 45.32903582538135367, 8.808657493077566514 ) ) ;
#655 = PLANE ( 'NONE',  #7163 ) ;
#656 = CARTESIAN_POINT ( 'NONE',  ( 0.000000000000000000, 45.00000000000000000, 0.000000000000000000 ) ) ;
#657 = CARTESIAN_POINT ( 'NONE',  ( 0.000000000000000000, 0.6999999999999999556, 0.000000000000000000 ) ) ;
#658 = CARTESIAN_POINT ( 'NONE',  ( -4.692729308419613332, 60.00000000000000000, -5.036567969704708325 ) ) ;
#659 = DIRECTION ( 'NONE',  ( -0.8660254037844385966, 0.000000000000000000, 0.5000000000000003331 ) ) ;
#660 = EDGE_CURVE ( 'NONE', #7687, #3198, #1277, .T. ) ;
#661 = EDGE_CURVE ( 'NONE', #946, #5912, #2206, .T. ) ;
#662 = CARTESIAN_POINT ( 'NONE',  ( -7.156321484475952843, 59.80135194356374484, 1.500000000000005107 ) ) ;
#663 = CARTESIAN_POINT ( 'NONE',  ( -8.417244204607584379, 60.00000000000000000, 2.200000000000001066 ) ) ;
#664 = VERTEX_POINT ( 'NONE', #1972 ) ;
#665 = B_SPLINE_CURVE_WITH_KNOTS ( 'NONE', 3,
 ( #5442, #1058, #6617, #5280, #2307, #2380, #7734, #6581, #5359, #2265 ),
 .UNSPECIFIED., .F., .F.,
 ( 4, 2, 2, 2, 4 ),
 ( -8.671656550989611099E-06, 0.0005933647113703671054, 0.001195401079291724027, 0.001797437447213080840, 0.002399473815134437870 ),
 .UNSPECIFIED. ) ;
#666 = CARTESIAN_POINT ( 'NONE',  ( -3.132862282853645208, 59.19488232838110520, 8.426276647018740462 ) ) ;
#667 = DIRECTION ( 'NONE',  ( 0.5000000000000001110, -0.000000000000000000, 0.8660254037844384856 ) ) ;
#668 = CARTESIAN_POINT ( 'NONE',  ( 2.747899850088177942, 59.99999999999920419, 7.643286762178066240 ) ) ;
#669 = CARTESIAN_POINT ( 'NONE',  ( 3.703952426316591051, 45.18997598112125758, -9.305081631459598768 ) ) ;
#670 = CARTESIAN_POINT ( 'NONE',  ( -7.218728862873721397, 60.00000000000000000, 1.121126076261115490 ) ) ;
#671 = CARTESIAN_POINT ( 'NONE',  ( -8.210359310042404601, 45.00000000000000000, 2.200000000000001066 ) ) ;
#672 = CARTESIAN_POINT ( 'NONE',  ( -5.726434491383815661, 45.44761534702016093, 8.198045377764739072 ) ) ;
#673 = DIRECTION ( 'NONE',  ( 0.000000000000000000, -1.000000000000000000, 0.000000000000000000 ) ) ;
#674 = ORIENTED_EDGE ( 'NONE', *, *, #7497, .F. ) ;
#675 = CARTESIAN_POINT ( 'NONE',  ( -5.431299134285544561, 45.49311510543482484, -6.344744298363929502 ) ) ;
#676 = LINE ( 'NONE', #2525, #1769 ) ;
#677 = CARTESIAN_POINT ( 'NONE',  ( 5.756035775299791268, 45.05370681297948465, 8.177544917509290912 ) ) ;
#678 = EDGE_CURVE ( 'NONE', #3591, #4139, #3468, .T. ) ;
#679 = CARTESIAN_POINT ( 'NONE',  ( 4.920854423393488553, 60.44316502280664594, 5.523169877967569086 ) ) ;
#680 = ADVANCED_FACE ( 'NONE', ( #3828 ), #4980, .T. ) ;
#681 = CARTESIAN_POINT ( 'NONE',  ( -5.476933078768441376, 59.43460535427674074, -5.380327187287625712 ) ) ;
#682 = ORIENTED_EDGE ( 'NONE', *, *, #6879, .T. ) ;
#683 = CARTESIAN_POINT ( 'NONE',  ( 8.567139404062739771, 59.29999997292472358, 1.500000000000000000 ) ) ;
#684 = ORIENTED_EDGE ( 'NONE', *, *, #7363, .T. ) ;
#685 = FACE_OUTER_BOUND ( 'NONE', #5891, .T. ) ;
#686 = CARTESIAN_POINT ( 'NONE',  ( -5.429778716980369069, 59.29999999999999716, -6.404652611666143969 ) ) ;
#687 =( BOUNDED_CURVE ( )  B_SPLINE_CURVE ( 3, ( #5184, #176, #6324, #6444 ),
 .UNSPECIFIED., .F., .F. ) 
 B_SPLINE_CURVE_WITH_KNOTS ( ( 4, 4 ),
 ( 1.870827355505823464, 2.617993877991494411 ),
 .UNSPECIFIED. ) 
 CURVE ( )  GEOMETRIC_REPRESENTATION_ITEM ( )  RATIONAL_B_SPLINE_CURVE ( ( 1.000000000000000000, 0.9540170669286249794, 0.9540170669286249794, 1.000000000000000000 ) ) 
 REPRESENTATION_ITEM ( '' )  );
#688 = CARTESIAN_POINT ( 'NONE',  ( 0.000000000000000000, 45.00000000000000000, 0.000000000000000000 ) ) ;
#689 = CARTESIAN_POINT ( 'NONE',  ( 9.573981722790744442, 44.64349766606836312, -1.671163487013146431 ) ) ;
#690 = CARTESIAN_POINT ( 'NONE',  ( -3.796293119910494784, 44.17628949500909386, 9.252053503945678159 ) ) ;
#691 = ORIENTED_EDGE ( 'NONE', *, *, #4930, .F. ) ;
#692 = ORIENTED_EDGE ( 'NONE', *, *, #1974, .F. ) ;
#693 = CARTESIAN_POINT ( 'NONE',  ( -3.225705205252604291, 43.67642093579991069, 9.466129376632425263 ) ) ;
#694 = CARTESIAN_POINT ( 'NONE',  ( 4.668181364414192736, 59.99999999999999289, 5.030960471391482614 ) ) ;
#695 = DIRECTION ( 'NONE',  ( 0.000000000000000000, 1.000000000000000000, 0.000000000000000000 ) ) ;
#696 = CARTESIAN_POINT ( 'NONE',  ( 2.809325010455023808, 44.63350581217289914, 9.061963497170060222 ) ) ;
#697 = FACE_OUTER_BOUND ( 'NONE', #6542, .T. ) ;
#698 = CARTESIAN_POINT ( 'NONE',  ( -6.245789150507555121, 43.70110085826045321, -7.818024142041515745 ) ) ;
#699 = VECTOR ( 'NONE', #7792, 1000.000000000000114 ) ;
#700 = CARTESIAN_POINT ( 'NONE',  ( -6.953842281779516021, 59.90411421627848654, 1.500000000000006439 ) ) ;
#701 = CYLINDRICAL_SURFACE ( 'NONE', #4319, 0.6999999999999998446 ) ;
#702 = EDGE_LOOP ( 'NONE', ( #5722, #4215, #339, #1758, #3922 ) ) ;
#703 = VECTOR ( 'NONE', #6821, 1000.000000000000114 ) ;
#704 = CARTESIAN_POINT ( 'NONE',  ( 0.000000000000000000, 58.50000000000000000, 0.000000000000000000 ) ) ;
#705 = CARTESIAN_POINT ( 'NONE',  ( -6.312305808650499728, 60.00164933118320221, -2.172204555530130587 ) ) ;
#706 = CARTESIAN_POINT ( 'NONE',  ( 0.000000000000000000, 1.500000000000000000, 5.700000000000000178 ) ) ;
#707 = CYLINDRICAL_SURFACE ( 'NONE', #7905, 8.000000000000000000 ) ;
#708 = DIRECTION ( 'NONE',  ( 1.000000000000000000, 0.000000000000000000, 1.224646799147353207E-16 ) ) ;
#709 = LINE ( 'NONE', #196, #6102 ) ;
#710 = CARTESIAN_POINT ( 'NONE',  ( -6.211311660014050773, 44.03396261278016510, 7.838382519318246366 ) ) ;
#711 = AXIS2_PLACEMENT_3D ( 'NONE', #3861, #1356, #1919 ) ;
#712 = CARTESIAN_POINT ( 'NONE',  ( -5.635032481000997961, 59.27933202669345292, 6.760162559394639281 ) ) ;
#713 = EDGE_CURVE ( 'NONE', #2339, #5095, #2973, .T. ) ;
#714 = CARTESIAN_POINT ( 'NONE',  ( 8.210359310042406378, 45.49311510543481774, 1.531270876661743108 ) ) ;
#715 = CARTESIAN_POINT ( 'NONE',  ( -9.910760213453881917, 45.32625813511203461, -1.464473230650993552 ) ) ;
#716 = CARTESIAN_POINT ( 'NONE',  ( 5.835058850576965384, 44.77290120159837983, 8.121153575164717253 ) ) ;
#717 = CARTESIAN_POINT ( 'NONE',  ( -5.723810240677225103, 59.94520046359312460, -6.913930149736654762 ) ) ;
#718 = CARTESIAN_POINT ( 'NONE',  ( 3.499183431366479358, 45.26454619496501408, -9.060763488129961019 ) ) ;
#719 = EDGE_CURVE ( 'NONE', #1847, #6659, #2046, .T. ) ;
#720 = AXIS2_PLACEMENT_3D ( 'NONE', #7589, #6389, #3891 ) ;
#721 = DIRECTION ( 'NONE',  ( 0.000000000000000000, 1.000000000000000000, 0.000000000000000000 ) ) ;
#722 = CARTESIAN_POINT ( 'NONE',  ( 5.431299134285541896, 45.49311510543481774, 6.344744298363925061 ) ) ;
#723 = EDGE_LOOP ( 'NONE', ( #1532, #2148, #226, #851, #6289 ) ) ;
#724 = CARTESIAN_POINT ( 'NONE',  ( 2.922983047651344091, 44.43377321503502486, 9.226166188530152468 ) ) ;
#725 = CARTESIAN_POINT ( 'NONE',  ( -4.702901472075948697E-16, 45.69999999999999574, -2.200000000000001066 ) ) ;
#726 = CYLINDRICAL_SURFACE ( 'NONE', #5513, 0.7000000000000000666 ) ;
#727 = FACE_OUTER_BOUND ( 'NONE', #296, .T. ) ;
#728 = CARTESIAN_POINT ( 'NONE',  ( -6.382894355132946451, 44.33474125497835416, -7.497732284937019820 ) ) ;
#729 = EDGE_LOOP ( 'NONE', ( #2077, #5677, #5476 ) ) ;
#730 = ORIENTED_EDGE ( 'NONE', *, *, #269, .T. ) ;
#731 = ORIENTED_EDGE ( 'NONE', *, *, #2734, .F. ) ;
#732 = DIRECTION ( 'NONE',  ( -1.000000000000000000, 0.000000000000000000, 0.000000000000000000 ) ) ;
#733 = DIRECTION ( 'NONE',  ( -0.000000000000000000, -1.000000000000000000, -0.000000000000000000 ) ) ;
#734 = DIRECTION ( 'NONE',  ( 0.000000000000000000, 0.000000000000000000, 1.000000000000000000 ) ) ;
#735 = CARTESIAN_POINT ( 'NONE',  ( 2.611670400632752909, 44.85047874796379119, 8.780105383771944716 ) ) ;
#736 = CARTESIAN_POINT ( 'NONE',  ( -4.461315765845036196, 59.29999999999999716, 4.727225575051664741 ) ) ;
#737 = CARTESIAN_POINT ( 'NONE',  ( -6.162410165267329099, 44.21367720169500615, -7.673607503321989043 ) ) ;
#738 = CARTESIAN_POINT ( 'NONE',  ( -7.864233969443023220, 58.72161683363067652, 1.499999999999920730 ) ) ;
#739 = CARTESIAN_POINT ( 'NONE',  ( 3.299512540218843881, 44.32661192286298046, 9.276733467587904514 ) ) ;
#740 = FACE_OUTER_BOUND ( 'NONE', #7483, .T. ) ;
#741 = AXIS2_PLACEMENT_3D ( 'NONE', #6215, #3578, #155 ) ;
#742 = ORIENTED_EDGE ( 'NONE', *, *, #6113, .T. ) ;
#743 = CARTESIAN_POINT ( 'NONE',  ( 5.726434491383812109, 58.50000000000000000, -8.198045377764740849 ) ) ;
#744 = CARTESIAN_POINT ( 'NONE',  ( 2.183751140046606309, 59.68470169710480633, 7.260660480580829912 ) ) ;
#745 = AXIS2_PLACEMENT_3D ( 'NONE', #2366, #2485, #6762 ) ;
#746 = CARTESIAN_POINT ( 'NONE',  ( 6.262132967162021835, 60.00000000000000000, -2.034358274925249344 ) ) ;
#747 = CARTESIAN_POINT ( 'NONE',  ( 7.739994670903527663, 45.02275046629593902, -2.022988505747125743 ) ) ;
#748 = CARTESIAN_POINT ( 'NONE',  ( -5.507660207980447531, 45.00000000000000000, 6.539547311047512856 ) ) ;
#749 = EDGE_CURVE ( 'NONE', #5087, #7050, #5307, .T. ) ;
#750 = DIRECTION ( 'NONE',  ( -1.000000000000000000, 0.000000000000000000, 0.000000000000000000 ) ) ;
#751 = CARTESIAN_POINT ( 'NONE',  ( -2.199923766695434324, 45.00000000000000000, 8.210379736694800812 ) ) ;
#752 = EDGE_CURVE ( 'NONE', #6329, #461, #2100, .T. ) ;
#753 = CARTESIAN_POINT ( 'NONE',  ( -5.880878112127803092, 58.90364570241938935, 7.185979683325105505 ) ) ;
#754 = ADVANCED_FACE ( 'NONE', ( #6724 ), #3251, .T. ) ;
#755 = CARTESIAN_POINT ( 'NONE',  ( 1.224646799147353256E-15, 43.50000000000000000, 10.00000000000000000 ) ) ;
#756 = CARTESIAN_POINT ( 'NONE',  ( -2.067286586997562292, 59.00457541846049736, 7.641552851750950559 ) ) ;
#757 = DIRECTION ( 'NONE',  ( 0.000000000000000000, 0.000000000000000000, 1.000000000000000000 ) ) ;
#758 = CARTESIAN_POINT ( 'NONE',  ( -5.931801859636061991, 45.44761534702016093, -7.274182201321202967 ) ) ;
#759 = ADVANCED_FACE ( 'NONE', ( #7275 ), #4121, .F. ) ;
#760 = CARTESIAN_POINT ( 'NONE',  ( -6.163826233447101011, 59.23193387676778343, -7.676060205356429300 ) ) ;
#761 = CIRCLE ( 'NONE', #2309, 8.500000000000000000 ) ;
#762 = ADVANCED_FACE ( 'NONE', ( #3777 ), #6233, .T. ) ;
#763 = CARTESIAN_POINT ( 'NONE',  ( 2.322276387261050346, 45.00000000000002132, -8.376004525057339833 ) ) ;
#764 = DIRECTION ( 'NONE',  ( -1.000000000000000000, 0.000000000000000000, 0.000000000000000000 ) ) ;
#765 = CARTESIAN_POINT ( 'NONE',  ( 9.870344325533871199, 58.88145147495377074, 1.499999999999997113 ) ) ;
#766 = AXIS2_PLACEMENT_3D ( 'NONE', #7924, #2488, #4946 ) ;
#767 = ORIENTED_EDGE ( 'NONE', *, *, #5002, .T. ) ;
#768 = CARTESIAN_POINT ( 'NONE',  ( -4.236498312829951374, 45.44761534702016093, -9.058260431528175616 ) ) ;
#769 = CARTESIAN_POINT ( 'NONE',  ( 5.429778716980369069, 60.00000000000000000, 6.404652611666146633 ) ) ;
#770 = CARTESIAN_POINT ( 'NONE',  ( -3.625675596658916255, 43.91194685461409364, 9.279854345175666097 ) ) ;
#771 = ORIENTED_EDGE ( 'NONE', *, *, #4500, .F. ) ;
#772 = ORIENTED_EDGE ( 'NONE', *, *, #5863, .T. ) ;
#773 = ORIENTED_EDGE ( 'NONE', *, *, #1493, .T. ) ;
#774 = LINE ( 'NONE', #7524, #2298 ) ;
#775 = ORIENTED_EDGE ( 'NONE', *, *, #1726, .T. ) ;
#776 = CARTESIAN_POINT ( 'NONE',  ( 10.45900792849618277, 43.77306480075829143, -1.500000000000000000 ) ) ;
#777 = CARTESIAN_POINT ( 'NONE',  ( -3.178068718187233355, 60.00000000000000000, -7.195548912263945773 ) ) ;
#778 = CARTESIAN_POINT ( 'NONE',  ( -9.858311199461617491, 43.81655901773040540, -1.678918289141143827 ) ) ;
#779 = CARTESIAN_POINT ( 'NONE',  ( 5.507660207980446643, 58.77569987213450986, -6.539547311047517297 ) ) ;
#780 = CARTESIAN_POINT ( 'NONE',  ( -3.164678182006722906, 43.66696327351998974, 9.486191002012219542 ) ) ;
#781 = ADVANCED_FACE ( 'NONE', ( #3863 ), #4278, .F. ) ;
#782 = CARTESIAN_POINT ( 'NONE',  ( -1.405228813996462822, 59.96664438078623505, -6.724543689833811122 ) ) ;
#783 = DIRECTION ( 'NONE',  ( 0.000000000000000000, 0.000000000000000000, 1.000000000000000000 ) ) ;
#784 = CARTESIAN_POINT ( 'NONE',  ( 4.007454291082313880, 44.51410979594265882, 9.162558297770370785 ) ) ;
#785 = ORIENTED_EDGE ( 'NONE', *, *, #2003, .T. ) ;
#786 = CARTESIAN_POINT ( 'NONE',  ( 7.876687237339210945, 58.50000000000000000, -1.500000000000000222 ) ) ;
#787 = CARTESIAN_POINT ( 'NONE',  ( -7.243632635442291523, 60.44316502280131687, -1.499999999999999778 ) ) ;
#788 = CARTESIAN_POINT ( 'NONE',  ( 9.845627767680676712, 43.74989001083495310, 1.751972749975523547 ) ) ;
#789 = CARTESIAN_POINT ( 'NONE',  ( 3.353629967258821676, 45.32903582538092024, -8.808657493077841849 ) ) ;
#790 = CARTESIAN_POINT ( 'NONE',  ( -6.356372410517424854, 60.00000000000000000, 2.117121255144164493 ) ) ;
#791 = CIRCLE ( 'NONE', #2847, 0.7000000000000001776 ) ;
#792 = CARTESIAN_POINT ( 'NONE',  ( 5.621956772992692031, 58.50000000000000000, -5.691537757285073162 ) ) ;
#793 = DIRECTION ( 'NONE',  ( 1.154631945610162802E-14, 0.000000000000000000, 1.000000000000000000 ) ) ;
#794 = CARTESIAN_POINT ( 'NONE',  ( -5.029310180488949733, 60.00000000000000000, 7.093824735512387569 ) ) ;
#795 = DIRECTION ( 'NONE',  ( 1.000000000000000000, 0.000000000000000000, 1.224646799147353207E-16 ) ) ;
#796 = CARTESIAN_POINT ( 'NONE',  ( -5.751032792931649595, 45.00000000000000000, -5.561080993352353730 ) ) ;
#797 = CARTESIAN_POINT ( 'NONE',  ( -5.730938494206974987, 59.19488232838110520, -6.926276647018750232 ) ) ;
#798 = FACE_OUTER_BOUND ( 'NONE', #6677, .T. ) ;
#799 = CARTESIAN_POINT ( 'NONE',  ( 1.152929848348836828, 60.00000000000000000, -6.396933074902873884 ) ) ;
#800 = CARTESIAN_POINT ( 'NONE',  ( 1.584412262353508183, 60.00000000000000000, -6.483521057547045885 ) ) ;
#801 = ORIENTED_EDGE ( 'NONE', *, *, #136, .F. ) ;
#802 = CARTESIAN_POINT ( 'NONE',  ( -3.301779451964309331, 44.33474125497703966, -9.276614803686426214 ) ) ;
#803 = EDGE_CURVE ( 'NONE', #1870, #595, #51, .T. ) ;
#804 = CARTESIAN_POINT ( 'NONE',  ( 4.580288094323677228, 60.00000000000000000, 5.691039540150113041 ) ) ;
#805 = CARTESIAN_POINT ( 'NONE',  ( -6.018561943922057011, 45.11760760837111661, 7.360852245630329804 ) ) ;
#806 = CIRCLE ( 'NONE', #4922, 10.00000000000000000 ) ;
#807 = ORIENTED_EDGE ( 'NONE', *, *, #4451, .F. ) ;
#808 = ORIENTED_EDGE ( 'NONE', *, *, #1094, .F. ) ;
#809 = CARTESIAN_POINT ( 'NONE',  ( 2.118037897910824530, 45.02275046629593902, -7.714526263032196240 ) ) ;
#810 = ORIENTED_EDGE ( 'NONE', *, *, #6846, .T. ) ;
#811 = CARTESIAN_POINT ( 'NONE',  ( 9.629142303008798365, 44.16414422605441104, -2.067838178448246023 ) ) ;
#812 = FACE_OUTER_BOUND ( 'NONE', #4598, .T. ) ;
#813 = CARTESIAN_POINT ( 'NONE',  ( 2.445722139225876557, 59.51080168353681898, -7.236115006335699817 ) ) ;
#814 = CARTESIAN_POINT ( 'NONE',  ( 5.951706178611943621, 45.32903582538053655, -7.308657493077512335 ) ) ;
#815 = CARTESIAN_POINT ( 'NONE',  ( 8.462269199216013504, 59.29999999999999716, 1.499999999999999778 ) ) ;
#816 = DIRECTION ( 'NONE',  ( 0.000000000000000000, -0.000000000000000000, 1.000000000000000000 ) ) ;
#817 = CARTESIAN_POINT ( 'NONE',  ( 0.000000000000000000, 43.50000000000000000, -10.00000000000000000 ) ) ;
#818 = ORIENTED_EDGE ( 'NONE', *, *, #2629, .T. ) ;
#819 = ORIENTED_EDGE ( 'NONE', *, *, #5618, .F. ) ;
#820 = EDGE_CURVE ( 'NONE', #1138, #6167, #3155, .T. ) ;
#821 = CARTESIAN_POINT ( 'NONE',  ( 6.095141605132317508, 60.69990933521651755, -1.499999999999999112 ) ) ;
#822 = DIRECTION ( 'NONE',  ( -0.4999999999999996114, 6.195440985631455317E-16, -0.8660254037844388186 ) ) ;
#823 = DIRECTION ( 'NONE',  ( -0.8660254037844387076, 0.000000000000000000, 0.4999999999999997780 ) ) ;
#824 = LINE ( 'NONE', #2070, #5720 ) ;
#825 = CARTESIAN_POINT ( 'NONE',  ( -6.116371473349213161, 60.00000000000000000, 2.200000000000000622 ) ) ;
#826 = EDGE_CURVE ( 'NONE', #5743, #7165, #806, .T. ) ;
#827 = CARTESIAN_POINT ( 'NONE',  ( 3.201118501197691035, 45.58317014555833424, -8.544499885123148175 ) ) ;
#828 = DIRECTION ( 'NONE',  ( -0.5000000000000003331, 0.000000000000000000, -0.8660254037844384856 ) ) ;
#829 = CIRCLE ( 'NONE', #6224, 0.6999999999999992895 ) ;
#830 = ORIENTED_EDGE ( 'NONE', *, *, #1856, .T. ) ;
#831 = VECTOR ( 'NONE', #1312, 1000.000000000000000 ) ;
#832 = CARTESIAN_POINT ( 'NONE',  ( 2.445722139227464176, 59.51080168353369260, 7.236115006337962008 ) ) ;
#833 = CARTESIAN_POINT ( 'NONE',  ( -6.010435543346965837, 45.00000000000000000, 6.010379736694803299 ) ) ;
#834 = CARTESIAN_POINT ( 'NONE',  ( 0.000000000000000000, 0.000000000000000000, 0.000000000000000000 ) ) ;
#835 = CARTESIAN_POINT ( 'NONE',  ( -6.356372410517570515, 60.00000000000000000, -2.117121255146685588 ) ) ;
#836 = AXIS2_PLACEMENT_3D ( 'NONE', #5710, #721, #210 ) ;
#837 = CARTESIAN_POINT ( 'NONE',  ( -4.702901472075948697E-16, 45.00000000000000000, -2.200000000000001066 ) ) ;
#838 = CARTESIAN_POINT ( 'NONE',  ( 0.000000000000000000, 58.50000000000000000, 0.000000000000000000 ) ) ;
#839 = CARTESIAN_POINT ( 'NONE',  ( 3.704710779090281569, 44.84586198173934690, -9.416747296732465244 ) ) ;
#840 = DIRECTION ( 'NONE',  ( 0.000000000000000000, 1.000000000000000000, 0.000000000000000000 ) ) ;
#841 = CARTESIAN_POINT ( 'NONE',  ( 9.660458690203615362, 59.42402592094065028, 0.8489707706048473801 ) ) ;
#842 = CARTESIAN_POINT ( 'NONE',  ( -4.007454291082460429, 44.51410979594333384, -9.162558297770310389 ) ) ;
#843 = CARTESIAN_POINT ( 'NONE',  ( 7.396226146599794049, 59.45216504684547232, -2.052864518610000744 ) ) ;
#844 = EDGE_CURVE ( 'NONE', #4333, #7407, #4539, .T. ) ;
#845 = CARTESIAN_POINT ( 'NONE',  ( -3.112518916251078238, 43.48553262224524474, 9.503201071302276759 ) ) ;
#846 = EDGE_CURVE ( 'NONE', #5271, #4233, #6039, .T. ) ;
#847 = CIRCLE ( 'NONE', #5349, 16.80000000000000426 ) ;
#848 = ORIENTED_EDGE ( 'NONE', *, *, #7359, .F. ) ;
#849 = EDGE_LOOP ( 'NONE', ( #97, #5980, #33, #3705 ) ) ;
#850 = DIRECTION ( 'NONE',  ( 0.000000000000000000, 1.000000000000000000, 0.000000000000000000 ) ) ;
#851 = ORIENTED_EDGE ( 'NONE', *, *, #6609, .F. ) ;
#852 = DIRECTION ( 'NONE',  ( 0.000000000000000000, 0.000000000000000000, 1.000000000000000000 ) ) ;
#853 = DIRECTION ( 'NONE',  ( 0.000000000000000000, 0.000000000000000000, 1.000000000000000000 ) ) ;
#854 = CARTESIAN_POINT ( 'NONE',  ( -9.936896426648496927, 44.50456869590721709, -1.122559282714953088 ) ) ;
#855 = CARTESIAN_POINT ( 'NONE',  ( 5.172655900883881941, 59.75043083125078880, -5.367405181808800663 ) ) ;
#856 = EDGE_CURVE ( 'NONE', #2930, #2055, #3249, .T. ) ;
#857 = DIRECTION ( 'NONE',  ( 0.000000000000000000, -1.000000000000000000, 0.000000000000000000 ) ) ;
#858 = LINE ( 'NONE', #7613, #5523 ) ;
#859 = CARTESIAN_POINT ( 'NONE',  ( 3.354156404354788901, 44.80891385920372016, 9.042540684868404455 ) ) ;
#860 = VERTEX_POINT ( 'NONE', #7504 ) ;
#861 = EDGE_CURVE ( 'NONE', #2010, #2415, #2481, .T. ) ;
#862 = AXIS2_PLACEMENT_3D ( 'NONE', #6658, #7818, #7174 ) ;
#863 = EDGE_LOOP ( 'NONE', ( #1534, #6126, #7020 ) ) ;
#864 = CARTESIAN_POINT ( 'NONE',  ( 7.411273751833316048, 59.59082966460721309, -1.500000000000003331 ) ) ;
#865 = CARTESIAN_POINT ( 'NONE',  ( -3.311040322170589523, 44.76386405928057854, -8.734890063910452085 ) ) ;
#866 = CARTESIAN_POINT ( 'NONE',  ( -9.819010660002531310, 43.61993891098393306, 1.900597256921134681 ) ) ;
#867 = FACE_OUTER_BOUND ( 'NONE', #5555, .T. ) ;
#868 = CARTESIAN_POINT ( 'NONE',  ( 5.507660207980452860, 64.86389322930409662, 6.539547311047509304 ) ) ;
#869 = AXIS2_PLACEMENT_3D ( 'NONE', #6690, #6768, #1888 ) ;
#870 = DIRECTION ( 'NONE',  ( 0.000000000000000000, 0.000000000000000000, -1.000000000000000000 ) ) ;
#871 = DIRECTION ( 'NONE',  ( -0.4999999999999990008, -1.073081856240830021E-15, 0.8660254037844392627 ) ) ;
#872 = ORIENTED_EDGE ( 'NONE', *, *, #40, .F. ) ;
#873 = CARTESIAN_POINT ( 'NONE',  ( -6.601498854230410274, 44.18130082873838660, 7.297090811973236946 ) ) ;
#874 = CARTESIAN_POINT ( 'NONE',  ( -6.673785686565880226, 43.50000000000000000, -7.447186355247759515 ) ) ;
#875 = CARTESIAN_POINT ( 'NONE',  ( 3.282801900774571013, 58.90364570241902697, 8.685979683325243172 ) ) ;
#876 = CARTESIAN_POINT ( 'NONE',  ( 5.447724930273126986, 59.51135107530182466, -5.316775130142834982 ) ) ;
#877 = VECTOR ( 'NONE', #630, 1000.000000000000000 ) ;
#878 = DIRECTION ( 'NONE',  ( -0.000000000000000000, -1.000000000000000000, -0.000000000000000000 ) ) ;
#879 = DIRECTION ( 'NONE',  ( 0.000000000000000000, -1.000000000000000000, -0.000000000000000000 ) ) ;
#880 = CARTESIAN_POINT ( 'NONE',  ( 5.507660207980452860, 58.50000000000000000, 6.539547311047509304 ) ) ;
#881 = CARTESIAN_POINT ( 'NONE',  ( 1.152929848348841491, 60.00000000000000000, 6.396933074902873884 ) ) ;
#882 = VECTOR ( 'NONE', #6628, 1000.000000000000000 ) ;
#883 = CARTESIAN_POINT ( 'NONE',  ( 9.962932804213767923, 58.50000000000000711, -0.8602150537634408733 ) ) ;
#884 = CARTESIAN_POINT ( 'NONE',  ( -3.804391567570107657, 44.18723787529060587, -9.248717168113437026 ) ) ;
#885 = PLANE ( 'NONE',  #1341 ) ;
#886 = AXIS2_PLACEMENT_3D ( 'NONE', #1774, #6692, #1171 ) ;
#887 = CARTESIAN_POINT ( 'NONE',  ( -6.632622920443528081, 43.66827298977896277, 7.484074310814271769 ) ) ;
#888 = VERTEX_POINT ( 'NONE', #5702 ) ;
#889 = AXIS2_PLACEMENT_3D ( 'NONE', #4663, #4060, #6518 ) ;
#890 = B_SPLINE_CURVE_WITH_KNOTS ( 'NONE', 3,
 ( #289, #1564, #7117, #2729, #2248, #7082, #5180, #1645 ),
 .UNSPECIFIED., .F., .F.,
 ( 4, 2, 2, 4 ),
 ( 0.000000000000000000, 0.0006314477280047939680, 0.0009471715920071904641, 0.001262895456009586852 ),
 .UNSPECIFIED. ) ;
#891 = ORIENTED_EDGE ( 'NONE', *, *, #5875, .F. ) ;
#892 = CARTESIAN_POINT ( 'NONE',  ( -9.786345413644342628, 43.50000000000000000, -2.056074766355139083 ) ) ;
#893 = ORIENTED_EDGE ( 'NONE', *, *, #1199, .T. ) ;
#894 = DIRECTION ( 'NONE',  ( 2.137682487307248399E-16, 0.000000000000000000, -1.000000000000000000 ) ) ;
#895 = CARTESIAN_POINT ( 'NONE',  ( -6.506090363777322416, 44.49375715928986352, 7.097087693870998137 ) ) ;
#896 = CARTESIAN_POINT ( 'NONE',  ( 2.909583996627129299, 58.50000000000000000, -8.039547311047513745 ) ) ;
#897 = ADVANCED_FACE ( 'NONE', ( #6870 ), #2121, .T. ) ;
#898 = CARTESIAN_POINT ( 'NONE',  ( 4.819756104233951177, 60.00000000000000000, -4.614400071502573475 ) ) ;
#899 = ADVANCED_FACE ( 'NONE', ( #161 ), #3770, .T. ) ;
#900 = CARTESIAN_POINT ( 'NONE',  ( -1.747537707918798144, 59.71682665320019368, -7.189930848206694591 ) ) ;
#901 = DIRECTION ( 'NONE',  ( 0.000000000000000000, 1.000000000000000000, 0.000000000000000000 ) ) ;
#902 = CARTESIAN_POINT ( 'NONE',  ( 3.504628631703297081, 44.20607608376096209, 9.368106199316361682 ) ) ;
#903 = ORIENTED_EDGE ( 'NONE', *, *, #3254, .F. ) ;
#904 = ORIENTED_EDGE ( 'NONE', *, *, #3747, .T. ) ;
#905 = CARTESIAN_POINT ( 'NONE',  ( -3.565750022093689964, 59.23193387676813870, 9.176060205356066035 ) ) ;
#906 = DIRECTION ( 'NONE',  ( -0.000000000000000000, -1.000000000000000000, -0.000000000000000000 ) ) ;
#907 = CARTESIAN_POINT ( 'NONE',  ( 2.638440768549779936, 60.00000000000000000, 6.812165616410569946 ) ) ;
#908 = CARTESIAN_POINT ( 'NONE',  ( 6.605371544955823460, 44.16414422605483736, 7.305162761836741403 ) ) ;
#909 = DIRECTION ( 'NONE',  ( 0.5000000000000003331, -0.000000000000000000, 0.8660254037844384856 ) ) ;
#910 = EDGE_CURVE ( 'NONE', #3287, #6490, #1836, .T. ) ;
#911 = CARTESIAN_POINT ( 'NONE',  ( -10.24448729172667427, 44.47407819879572344, 1.500000000000001332 ) ) ;
#912 = CARTESIAN_POINT ( 'NONE',  ( -9.265527507918802641, 45.44761534702016093, 0.8000000000000013767 ) ) ;
#913 = EDGE_LOOP ( 'NONE', ( #2619, #2054 ) ) ;
#914 = CARTESIAN_POINT ( 'NONE',  ( -6.909827558649231705, 59.82844729212749968, -2.101204365273853014 ) ) ;
#915 = CARTESIAN_POINT ( 'NONE',  ( -4.952264635870520237, 60.00000000555252910, 4.425775323661881089 ) ) ;
#916 = LINE ( 'NONE', #363, #5589 ) ;
#917 = DIRECTION ( 'NONE',  ( -0.000000000000000000, -1.000000000000000000, -0.000000000000000000 ) ) ;
#918 = CARTESIAN_POINT ( 'NONE',  ( 5.723810240677299710, 59.94520046359311038, -6.913930149736846609 ) ) ;
#919 = CARTESIAN_POINT ( 'NONE',  ( 8.936450646532698272, 44.90951149104665063, 1.500000000000015987 ) ) ;
#920 = CARTESIAN_POINT ( 'NONE',  ( 6.304485444343151279, 44.38237976976166976, 7.766355828308889819 ) ) ;
#921 = CARTESIAN_POINT ( 'NONE',  ( -3.365404066258568694, 45.11760760837111661, -8.892653660501922630 ) ) ;
#922 = EDGE_CURVE ( 'NONE', #595, #216, #1190, .T. ) ;
#923 = CARTESIAN_POINT ( 'NONE',  ( -8.853914522186681069, 59.96124756587114035, 0.8168660098326973040 ) ) ;
#924 = CARTESIAN_POINT ( 'NONE',  ( 7.091003523932704056, 59.72317080742410411, -2.082508331123326339 ) ) ;
#925 = ADVANCED_FACE ( 'NONE', ( #3165 ), #7747, .T. ) ;
#926 = FACE_OUTER_BOUND ( 'NONE', #7776, .T. ) ;
#927 = VERTEX_POINT ( 'NONE', #2562 ) ;
#928 = ORIENTED_EDGE ( 'NONE', *, *, #4500, .T. ) ;
#929 = CARTESIAN_POINT ( 'NONE',  ( 5.530172705284665646, 59.29999999999999716, 6.578540100183663419 ) ) ;
#930 = VERTEX_POINT ( 'NONE', #751 ) ;
#931 = CARTESIAN_POINT ( 'NONE',  ( 9.787285491359076772, 43.58667614191539030, -2.056005724313101357 ) ) ;
#932 = CARTESIAN_POINT ( 'NONE',  ( -6.250585768821188104, 43.48458843367428273, 7.826332128665279164 ) ) ;
#933 = CARTESIAN_POINT ( 'NONE',  ( 5.250535276499643800, 59.51119082470243171, -5.886515752905348897 ) ) ;
#934 = CARTESIAN_POINT ( 'NONE',  ( 9.265527507918802641, 58.50000000000000000, 1.500000000000000000 ) ) ;
#935 = DIRECTION ( 'NONE',  ( 0.000000000000000000, 0.000000000000000000, 1.000000000000000000 ) ) ;
#936 = CARTESIAN_POINT ( 'NONE',  ( 3.682582556302372634, 44.03396261278016510, 9.298344948053809844 ) ) ;
#937 = ORIENTED_EDGE ( 'NONE', *, *, #3864, .F. ) ;
#938 = ORIENTED_EDGE ( 'NONE', *, *, #2865, .T. ) ;
#939 = CARTESIAN_POINT ( 'NONE',  ( 7.778768480141144082, 59.04309822270968056, -1.500000000000141664 ) ) ;
#940 = CARTESIAN_POINT ( 'NONE',  ( -3.112519991823623489, 43.48572453497203583, -9.503202653930420851 ) ) ;
#941 = CARTESIAN_POINT ( 'NONE',  ( 8.462269199216011728, 59.29999999999999716, -1.499999999999999778 ) ) ;
#942 = CARTESIAN_POINT ( 'NONE',  ( -5.705235980852413569, 58.89515726333497270, -8.164235874416984728 ) ) ;
#943 = CARTESIAN_POINT ( 'NONE',  ( 9.742666742538897751, 43.90560972458312250, 2.059236476318536901 ) ) ;
#944 =( BOUNDED_SURFACE ( )  B_SPLINE_SURFACE ( 3, 2, ( 
 ( #4736, #2396, #1676 ),
 ( #3650, #7187, #7912 ),
 ( #2320, #6594, #6711 ),
 ( #4207, #1072, #7228 ),
 ( #4249, #3530, #5982 ),
 ( #4773, #1713, #1153 ),
 ( #2557, #1268, #4368 ),
 ( #2442, #157, #7380 ),
 ( #1386, #1225, #746 ),
 ( #3118, #3848, #2599 ) ),
 .UNSPECIFIED., .F., .F., .F. ) 
 B_SPLINE_SURFACE_WITH_KNOTS ( ( 4, 2, 2, 2, 4 ),
 ( 3, 3 ),
 ( 0.000000000000000000, 0.0006601270656153570508, 0.001320254131230714102, 0.001980381196846071369, 0.002640508262461428203 ),
 ( 0.000000000000000000, 1.000000000000000000 ),
 .UNSPECIFIED. ) 
 GEOMETRIC_REPRESENTATION_ITEM ( )  RATIONAL_B_SPLINE_SURFACE ( (
 ( 1.000000000000000000, 0.7071067811865475727, 1.000000000000000000),
 ( 1.000000000000000000, 0.7265059775624065352, 1.000000000000000000),
 ( 1.000000000000000000, 0.7502783718684890024, 1.000000000000000000),
 ( 1.000000000000000000, 0.8072559680367495938, 1.000000000000000000),
 ( 1.000000000000000000, 0.8399358369247205136, 1.000000000000000000),
 ( 1.000000000000000000, 0.9071188964749727912, 1.000000000000000000),
 ( 1.000000000000000000, 0.9402799494365570165, 1.000000000000000000),
 ( 1.000000000000000000, 0.9871024881034575760, 1.000000000000000000),
 ( 1.000000000000000000, 1.000343213455307856, 1.000000000000000000),
 ( 1.000000000000000000, 1.000000000000000000, 1.000000000000000000) ) ) 
 REPRESENTATION_ITEM ( '' )  SURFACE ( )  );
#945 = DIRECTION ( 'NONE',  ( -0.000000000000000000, -1.000000000000000000, -0.000000000000000000 ) ) ;
#946 = VERTEX_POINT ( 'NONE', #2604 ) ;
#947 = CARTESIAN_POINT ( 'NONE',  ( 2.020584072651983920, 59.18232658162445148, 7.574750571427923518 ) ) ;
#948 = CARTESIAN_POINT ( 'NONE',  ( -5.109520551916534536, 59.89494319286455237, 4.971952658348774534 ) ) ;
#949 = CARTESIAN_POINT ( 'NONE',  ( 4.217759015874677608, 58.89571938483739189, 9.022886508252938143 ) ) ;
#950 = CARTESIAN_POINT ( 'NONE',  ( 5.188422345747655484, 59.04309822270810315, -5.986611113960552011 ) ) ;
#951 = AXIS2_PLACEMENT_3D ( 'NONE', #725, #1773, #6197 ) ;
#952 = DIRECTION ( 'NONE',  ( 0.000000000000000000, 0.000000000000000000, 1.000000000000000000 ) ) ;
#953 = FACE_OUTER_BOUND ( 'NONE', #1702, .T. ) ;
#954 = EDGE_CURVE ( 'NONE', #4506, #5761, #3897, .T. ) ;
#955 = DIRECTION ( 'NONE',  ( -0.000000000000000000, -1.000000000000000000, -0.000000000000000000 ) ) ;
#956 = ORIENTED_EDGE ( 'NONE', *, *, #1265, .T. ) ;
#957 = ADVANCED_FACE ( 'NONE', ( #5855 ), #238, .F. ) ;
#958 = AXIS2_PLACEMENT_3D ( 'NONE', #7565, #3300, #1446 ) ;
#959 = CARTESIAN_POINT ( 'NONE',  ( -3.629101802101089902, 59.99029920218771395, -7.902871106712227700 ) ) ;
#960 = CARTESIAN_POINT ( 'NONE',  ( 9.660458690204157151, 59.42402592094010316, -0.8489707706048861269 ) ) ;
#961 = AXIS2_PLACEMENT_3D ( 'NONE', #5059, #5745, #6311 ) ;
#962 = CARTESIAN_POINT ( 'NONE',  ( -8.671988750648697675, 59.27933202669345292, 1.500000000000001332 ) ) ;
#963 = FACE_OUTER_BOUND ( 'NONE', #6488, .T. ) ;
#964 = ORIENTED_EDGE ( 'NONE', *, *, #6391, .F. ) ;
#965 = ORIENTED_EDGE ( 'NONE', *, *, #3776, .F. ) ;
#966 = CARTESIAN_POINT ( 'NONE',  ( 5.865398561435991809, 45.51549468767143480, -7.159168315048558107 ) ) ;
#967 = VERTEX_POINT ( 'NONE', #4496 ) ;
#968 = CARTESIAN_POINT ( 'NONE',  ( 3.629101802101085905, 59.99029920218771395, 7.902871106712231253 ) ) ;
#969 = CYLINDRICAL_SURFACE ( 'NONE', #5112, 0.6999999999999999556 ) ;
#970 = FACE_OUTER_BOUND ( 'NONE', #6972, .T. ) ;
#971 = CARTESIAN_POINT ( 'NONE',  ( 6.223651127634314939, 45.32625813511191382, -7.850733500342499838 ) ) ;
#972 = B_SPLINE_CURVE_WITH_KNOTS ( 'NONE', 3,
 ( #7138, #4805, #6504, #6586, #3441, #7899, #4686, #1062, #2348, #5447, #1704, #3521 ),
 .UNSPECIFIED., .F., .F.,
 ( 4, 2, 2, 2, 2, 4 ),
 ( -7.465060092928850798E-06, 0.0005897204466706080107, 0.001186905953434144820, 0.001485498706815921574, 0.001784091460197698544, 0.002381276966961252267 ),
 .UNSPECIFIED. ) ;
#973 = CARTESIAN_POINT ( 'NONE',  ( 4.217817679307154677, 58.89515726333496559, -9.022997231211713043 ) ) ;
#974 = FACE_OUTER_BOUND ( 'NONE', #6953, .T. ) ;
#975 = DIRECTION ( 'NONE',  ( 0.000000000000000000, 1.000000000000000000, 0.000000000000000000 ) ) ;
#976 = ORIENTED_EDGE ( 'NONE', *, *, #5866, .F. ) ;
#977 = ORIENTED_EDGE ( 'NONE', *, *, #7263, .F. ) ;
#978 = CARTESIAN_POINT ( 'NONE',  ( -6.324555320336759934, 59.29999999999999716, -1.499999999999999778 ) ) ;
#979 = AXIS2_PLACEMENT_3D ( 'NONE', #912, #2642, #5133 ) ;
#980 = DIRECTION ( 'NONE',  ( -0.8660254037844389297, 0.000000000000000000, -0.4999999999999993894 ) ) ;
#981 = CARTESIAN_POINT ( 'NONE',  ( -5.726434491383822767, 58.50000000000000000, -8.198045377764733743 ) ) ;
#982 = CARTESIAN_POINT ( 'NONE',  ( -2.983388618987913965, 45.67785335177063644, -8.167380666809807011 ) ) ;
#983 = CARTESIAN_POINT ( 'NONE',  ( 3.206523730960870750E-16, 59.29999999999999716, 1.499999999999999334 ) ) ;
#984 = CARTESIAN_POINT ( 'NONE',  ( 3.437920288276151926, 59.29999999999999716, -7.554652611666148765 ) ) ;
#985 = AXIS2_PLACEMENT_3D ( 'NONE', #2556, #7462, #5694 ) ;
#986 = VERTEX_POINT ( 'NONE', #5783 ) ;
#987 = B_SPLINE_CURVE_WITH_KNOTS ( 'NONE', 3,
 ( #5711, #1316, #6236, #722 ),
 .UNSPECIFIED., .F., .F.,
 ( 4, 4 ),
 ( -5.301803231845571149E-06, 0.0002826437288171619600 ),
 .UNSPECIFIED. ) ;
#988 = CARTESIAN_POINT ( 'NONE',  ( 1.751530714508281239, 59.99777404406903258, 6.033740188545761107 ) ) ;
#989 = DIRECTION ( 'NONE',  ( -0.000000000000000000, -1.000000000000000000, -0.000000000000000000 ) ) ;
#990 = CIRCLE ( 'NONE', #2282, 5.000000000000000000 ) ;
#991 = CARTESIAN_POINT ( 'NONE',  ( -5.094020567058578308, 60.00000000000000000, 5.902222585989887804 ) ) ;
#992 = EDGE_CURVE ( 'NONE', #2146, #1290, #1320, .T. ) ;
#993 = CARTESIAN_POINT ( 'NONE',  ( 4.775959246570399941, 59.90411421627367616, -5.272204069936719861 ) ) ;
#994 = B_SPLINE_CURVE_WITH_KNOTS ( 'NONE', 3,
 ( #4935, #3615, #6673, #6064, #7382, #7914, #6143, #6100, #5501, #1795, #3573, #1227, #4896, #4166 ),
 .UNSPECIFIED., .F., .F.,
 ( 4, 2, 2, 2, 2, 2, 4 ),
 ( 0.000000000000000000, 0.0005911301262241649502, 0.001182260252448329900, 0.001477825315560414056, 0.001773390378672498645, 0.002068955441784582801, 0.002364520504896667173 ),
 .UNSPECIFIED. ) ;
#995 = EDGE_CURVE ( 'NONE', #1317, #3694, #3931, .T. ) ;
#996 = CARTESIAN_POINT ( 'NONE',  ( -5.475945896943868796, 59.45216504684545811, 5.378887475785107952 ) ) ;
#997 = EDGE_CURVE ( 'NONE', #4948, #7789, #2802, .T. ) ;
#998 = CARTESIAN_POINT ( 'NONE',  ( -8.261481222607418573, 59.29999999999999716, 1.500000000000001110 ) ) ;
#999 = CARTESIAN_POINT ( 'NONE',  ( 9.671785792198772214, 44.30723243523752330, 1.500000000000002887 ) ) ;
#1000 = VECTOR ( 'NONE', #1343, 1000.000000000000000 ) ;
#1001 = ORIENTED_EDGE ( 'NONE', *, *, #6460, .T. ) ;
#1002 = CARTESIAN_POINT ( 'NONE',  ( 0.000000000000000000, 0.000000000000000000, 0.000000000000000000 ) ) ;
#1003 = CARTESIAN_POINT ( 'NONE',  ( 8.656927394368553408, 59.99145286394716692, -1.500000000000000000 ) ) ;
#1004 = CARTESIAN_POINT ( 'NONE',  ( 0.000000000000000000, 0.000000000000000000, 0.000000000000000000 ) ) ;
#1005 = VECTOR ( 'NONE', #39, 1000.000000000000000 ) ;
#1006 = CARTESIAN_POINT ( 'NONE',  ( -5.132336285888641214, 59.95229064533530305, 7.256164305215611954 ) ) ;
#1007 = EDGE_CURVE ( 'NONE', #182, #5187, #277, .T. ) ;
#1008 = EDGE_CURVE ( 'NONE', #1633, #2909, #94, .T. ) ;
#1009 = CYLINDRICAL_SURFACE ( 'NONE', #6031, 0.7000000000000000666 ) ;
#1010 = ORIENTED_EDGE ( 'NONE', *, *, #7393, .F. ) ;
#1011 = ORIENTED_EDGE ( 'NONE', *, *, #660, .T. ) ;
#1012 = CYLINDRICAL_SURFACE ( 'NONE', #5326, 0.6999999999999992895 ) ;
#1013 = ORIENTED_EDGE ( 'NONE', *, *, #2324, .F. ) ;
#1014 = CARTESIAN_POINT ( 'NONE',  ( 3.674862768535589463, 44.02508204143068582, 9.301378873081276311 ) ) ;
#1015 = CARTESIAN_POINT ( 'NONE',  ( 5.635032481001014837, 59.27933202669344581, 6.760162559394657045 ) ) ;
#1016 = CARTESIAN_POINT ( 'NONE',  ( 6.500542428404123996, 43.85566074627975297, -7.599783301012200454 ) ) ;
#1017 = CARTESIAN_POINT ( 'NONE',  ( 4.236498312829937163, 45.24690378469705365, -9.058260431528177392 ) ) ;
#1018 = CARTESIAN_POINT ( 'NONE',  ( 7.876687232853751830, 58.61174645308427955, 1.499999999999999556 ) ) ;
#1019 = CARTESIAN_POINT ( 'NONE',  ( 1.940521016280116751, 45.00000000000000000, 7.761080993352355684 ) ) ;
#1020 = CIRCLE ( 'NONE', #5640, 0.6999999999999999556 ) ;
#1021 = ORIENTED_EDGE ( 'NONE', *, *, #5483, .F. ) ;
#1022 = EDGE_LOOP ( 'NONE', ( #134, #5351, #3346, #1381, #1370 ) ) ;
#1023 = AXIS2_PLACEMENT_3D ( 'NONE', #6191, #5431, #7881 ) ;
#1024 = CARTESIAN_POINT ( 'NONE',  ( -8.850190765294902562, 59.95229064533530305, 0.8166514517364351633 ) ) ;
#1025 = CARTESIAN_POINT ( 'NONE',  ( -3.014789021821730142, 45.00520482652238030, -8.221767759895802996 ) ) ;
#1026 = DIRECTION ( 'NONE',  ( 0.000000000000000000, 1.000000000000000000, 0.000000000000000000 ) ) ;
#1027 = CARTESIAN_POINT ( 'NONE',  ( 5.565819297030582646, 59.42314520554079849, -7.942289154900183057 ) ) ;
#1028 = AXIS2_PLACEMENT_3D ( 'NONE', #152, #7494, #5463 ) ;
#1029 = CARTESIAN_POINT ( 'NONE',  ( -4.236498312829941604, 58.50000000000000000, 9.058260431528177392 ) ) ;
#1030 = EDGE_CURVE ( 'NONE', #216, #967, #3649, .T. ) ;
#1031 = CARTESIAN_POINT ( 'NONE',  ( 3.636134057090340210, 58.88145147495377074, -9.297968930012006084 ) ) ;
#1032 = CARTESIAN_POINT ( 'NONE',  ( -8.210359310042402825, 45.49311510543481774, -1.531270876661742664 ) ) ;
#1033 = ORIENTED_EDGE ( 'NONE', *, *, #1829, .F. ) ;
#1034 = CARTESIAN_POINT ( 'NONE',  ( -4.711798027507118292, 60.00000000000000000, -6.561073578645141069 ) ) ;
#1035 = CARTESIAN_POINT ( 'NONE',  ( -7.091003523932704056, 59.72317080742411122, -2.082508331123326339 ) ) ;
#1036 = CARTESIAN_POINT ( 'NONE',  ( 3.961955886455280407, 59.69444939818007612, 8.538165308977582413 ) ) ;
#1037 = B_SPLINE_CURVE_WITH_KNOTS ( 'NONE', 3,
 ( #1019, #7213, #7775, #5360 ),
 .UNSPECIFIED., .F., .F.,
 ( 4, 4 ),
 ( 0.000000000000000000, 0.0001849247682052316524 ),
 .UNSPECIFIED. ) ;
#1038 = DIRECTION ( 'NONE',  ( -0.5000000000000001110, 0.000000000000000000, -0.8660254037844384856 ) ) ;
#1039 = CARTESIAN_POINT ( 'NONE',  ( -5.867527664674739185, 44.68049511873795154, 8.097787910375636500 ) ) ;
#1040 = DIRECTION ( 'NONE',  ( 0.000000000000000000, -1.000000000000000000, -0.000000000000000000 ) ) ;
#1041 = EDGE_LOOP ( 'NONE', ( #1011, #7736, #1060, #7343 ) ) ;
#1042 = CARTESIAN_POINT ( 'NONE',  ( 9.727371564470828957, 44.21244023287263758, 1.500000000000142997 ) ) ;
#1043 = ORIENTED_EDGE ( 'NONE', *, *, #5024, .T. ) ;
#1044 =( BOUNDED_CURVE ( )  B_SPLINE_CURVE ( 3, ( #5939, #6059, #3528, #2918 ),
 .UNSPECIFIED., .F., .F. ) 
 B_SPLINE_CURVE_WITH_KNOTS ( ( 4, 4 ),
 ( 5.012420009095616358, 6.027536106381310432 ),
 .UNSPECIFIED. ) 
 CURVE ( )  GEOMETRIC_REPRESENTATION_ITEM ( )  RATIONAL_B_SPLINE_CURVE ( ( 1.000000000000000000, 0.9159560062732682306, 0.9159560062732682306, 1.000000000000000000 ) ) 
 REPRESENTATION_ITEM ( '' )  );
#1045 = CARTESIAN_POINT ( 'NONE',  ( 6.300149780788247611, 44.50456574272928378, 7.475596776534932708 ) ) ;
#1046 = CARTESIAN_POINT ( 'NONE',  ( -3.361964695665405234, 45.27938188480974446, -8.823093666145311431 ) ) ;
#1047 = DIRECTION ( 'NONE',  ( -0.000000000000000000, -1.000000000000000000, -0.000000000000000000 ) ) ;
#1048 = CARTESIAN_POINT ( 'NONE',  ( -9.103686651686498266, 58.99281382787331296, 1.500000000000001332 ) ) ;
#1049 = AXIS2_PLACEMENT_3D ( 'NONE', #82, #673, #5661 ) ;
#1050 = CARTESIAN_POINT ( 'NONE',  ( 9.962932804213767923, 45.44761534702016093, -0.8602150537634410954 ) ) ;
#1051 = EDGE_LOOP ( 'NONE', ( #4985, #4113, #6929, #3343 ) ) ;
#1052 = ORIENTED_EDGE ( 'NONE', *, *, #3611, .F. ) ;
#1053 = DIRECTION ( 'NONE',  ( -0.000000000000000000, -1.000000000000000000, -0.000000000000000000 ) ) ;
#1054 = VERTEX_POINT ( 'NONE', #4614 ) ;
#1055 = CARTESIAN_POINT ( 'NONE',  ( 9.911819803788585403, 44.18723787529060587, 1.329658840597528258 ) ) ;
#1056 = CARTESIAN_POINT ( 'NONE',  ( 1.640170528029732067, 59.82488524275491670, -7.041418539654771713 ) ) ;
#1057 = DIRECTION ( 'NONE',  ( 0.000000000000000000, 0.000000000000000000, 1.000000000000000000 ) ) ;
#1058 = CARTESIAN_POINT ( 'NONE',  ( -6.306064441655687247, 60.00000000000001421, 2.134512243116700958 ) ) ;
#1059 = CARTESIAN_POINT ( 'NONE',  ( 7.522722434880400932, 59.28409436251600084, 2.041624414696494139 ) ) ;
#1060 = ORIENTED_EDGE ( 'NONE', *, *, #85, .F. ) ;
#1061 = ORIENTED_EDGE ( 'NONE', *, *, #1008, .T. ) ;
#1062 = CARTESIAN_POINT ( 'NONE',  ( 9.946655258462078208, 44.68052492650399898, -1.032520611967103541 ) ) ;
#1063 = CARTESIAN_POINT ( 'NONE',  ( -2.954706408774238735, 45.70000000753879732, -8.117701621446350657 ) ) ;
#1064 = CARTESIAN_POINT ( 'NONE',  ( -7.407092453893704409, 60.00000000000000711, -1.007676341483712212 ) ) ;
#1065 = FACE_OUTER_BOUND ( 'NONE', #4090, .T. ) ;
#1066 = CARTESIAN_POINT ( 'NONE',  ( -3.762017971363888158, 59.92352707015806601, 8.157221739957249085 ) ) ;
#1067 = CARTESIAN_POINT ( 'NONE',  ( -7.876687237339210057, 58.50000000000000000, 1.500000000000000888 ) ) ;
#1068 = CARTESIAN_POINT ( 'NONE',  ( 5.039966582596122180, 59.97820956075926802, 4.591210337275956732 ) ) ;
#1069 = ORIENTED_EDGE ( 'NONE', *, *, #5618, .T. ) ;
#1070 = AXIS2_PLACEMENT_3D ( 'NONE', #2519, #1957, #793 ) ;
#1071 = EDGE_CURVE ( 'NONE', #5672, #3753, #7922, .T. ) ;
#1072 = CARTESIAN_POINT ( 'NONE',  ( 7.658484981786864765, 60.00000000000000000, -1.460439925477835743 ) ) ;
#1073 = CARTESIAN_POINT ( 'NONE',  ( 5.909116533525005543, 44.76386405928007406, -7.234890063909712232 ) ) ;
#1074 = DIRECTION ( 'NONE',  ( 0.000000000000000000, 1.000000000000000000, 0.000000000000000000 ) ) ;
#1075 = PLANE ( 'NONE',  #7644 ) ;
#1076 = CARTESIAN_POINT ( 'NONE',  ( -3.333725648282737986, 58.71174231375387365, 8.774182201321206520 ) ) ;
#1077 = CARTESIAN_POINT ( 'NONE',  ( 5.627501802860773061, 59.99145286394719534, -6.747119042240727893 ) ) ;
#1078 = ORIENTED_EDGE ( 'NONE', *, *, #826, .T. ) ;
#1079 = VERTEX_POINT ( 'NONE', #6429 ) ;
#1080 = CARTESIAN_POINT ( 'NONE',  ( 6.691030255867434384, 60.00000000000002132, -1.527283415360069840 ) ) ;
#1081 = CARTESIAN_POINT ( 'NONE',  ( -10.24529534274862463, 44.47237520701976621, -1.499999999999998890 ) ) ;
#1082 = FACE_OUTER_BOUND ( 'NONE', #4100, .T. ) ;
#1083 = CARTESIAN_POINT ( 'NONE',  ( -8.346476835232977010, 45.62604786072360241, 1.500000000000138112 ) ) ;
#1084 = CARTESIAN_POINT ( 'NONE',  ( 9.684673807096732645, 44.33474125497826179, -1.778882518748886810 ) ) ;
#1085 =( BOUNDED_SURFACE ( )  B_SPLINE_SURFACE ( 3, 2, ( 
 ( #6681, #6273, #1435 ),
 ( #2001, #715, #203 ),
 ( #6312, #1475, #1962 ),
 ( #4978, #7509, #5706 ),
 ( #2568, #5583, #165 ),
 ( #3936, #3212, #1918 ),
 ( #6350, #3895, #6875 ),
 ( #6996, #2646, #4415 ),
 ( #5664, #87, #3291 ),
 ( #5018, #4535, #4377 ) ),
 .UNSPECIFIED., .F., .F., .F. ) 
 B_SPLINE_SURFACE_WITH_KNOTS ( ( 4, 2, 2, 2, 4 ),
 ( 3, 3 ),
 ( 0.000000000000000000, 0.0005780509363421546193, 0.001156101872684309239, 0.001734152809026463966, 0.002312203745368618477 ),
 ( 0.000000000000000000, 1.000000000000000000 ),
 .UNSPECIFIED. ) 
 GEOMETRIC_REPRESENTATION_ITEM ( )  RATIONAL_B_SPLINE_SURFACE ( (
 ( 1.000000000000000000, 0.7368926330804046465, 1.000000000000000000),
 ( 1.000000000000000000, 0.7560717295200483079, 1.000000000000000000),
 ( 1.000000000000000000, 0.7784905715805452431, 1.000000000000000000),
 ( 1.000000000000000000, 0.8293914224505039012, 1.000000000000000000),
 ( 1.000000000000000000, 0.8577598976842717438, 1.000000000000000000),
 ( 1.000000000000000000, 0.9135290035519305629, 1.000000000000000000),
 ( 1.000000000000000000, 0.9416745923865844636, 1.000000000000000000),
 ( 1.000000000000000000, 0.9850746835032405668, 1.000000000000000000),
 ( 1.000000000000000000, 1.000068771992413064, 1.000000000000000000),
 ( 1.000000000000000000, 1.000000000000000000, 1.000000000000000000) ) ) 
 REPRESENTATION_ITEM ( '' )  SURFACE ( )  );
#1086 = AXIS2_PLACEMENT_3D ( 'NONE', #7264, #7748, #6062 ) ;
#1087 = VERTEX_POINT ( 'NONE', #2075 ) ;
#1088 = VECTOR ( 'NONE', #989, 1000.000000000000000 ) ;
#1089 = VERTEX_POINT ( 'NONE', #1431 ) ;
#1090 = CYLINDRICAL_SURFACE ( 'NONE', #5834, 8.000000000000000000 ) ;
#1091 = ORIENTED_EDGE ( 'NONE', *, *, #6356, .F. ) ;
#1092 = CARTESIAN_POINT ( 'NONE',  ( 9.624131607322640392, 44.50456574272860166, 1.718291369542373159 ) ) ;
#1093 = CARTESIAN_POINT ( 'NONE',  ( 5.723810240677363659, 59.94520046359310328, 6.913930149736887465 ) ) ;
#1094 = EDGE_CURVE ( 'NONE', #2095, #6622, #6323, .T. ) ;
#1095 = ADVANCED_FACE ( 'NONE', ( #5818 ), #7108, .F. ) ;
#1096 = CARTESIAN_POINT ( 'NONE',  ( 1.741996643620809193, 59.72317080742409701, -7.182243355612360602 ) ) ;
#1097 = CARTESIAN_POINT ( 'NONE',  ( 8.417244198958609758, 58.64978554326533100, 1.499999999999999556 ) ) ;
#1098 = FACE_OUTER_BOUND ( 'NONE', #5811, .T. ) ;
#1099 = EDGE_CURVE ( 'NONE', #3036, #4005, #6346, .T. ) ;
#1100 = ORIENTED_EDGE ( 'NONE', *, *, #4029, .T. ) ;
#1101 = EDGE_LOOP ( 'NONE', ( #6479, #3995, #2299, #59 ) ) ;
#1102 = DIRECTION ( 'NONE',  ( 0.000000000000000000, 0.000000000000000000, -1.000000000000000000 ) ) ;
#1103 = CARTESIAN_POINT ( 'NONE',  ( -2.406598770240092833, 59.59082966460670860, 7.168351343488650329 ) ) ;
#1104 = DIRECTION ( 'NONE',  ( 0.000000000000000000, 0.000000000000000000, 1.000000000000000000 ) ) ;
#1105 = CARTESIAN_POINT ( 'NONE',  ( 5.613838321503559214, 45.00452237292300595, 6.723453198319871760 ) ) ;
#1106 = CARTESIAN_POINT ( 'NONE',  ( -4.147641006028645272, 59.25597686298502254, 8.890299639592218028 ) ) ;
#1107 = ADVANCED_FACE ( 'NONE', ( #7029 ), #352, .T. ) ;
#1108 = EDGE_CURVE ( 'NONE', #4181, #4375, #2681, .T. ) ;
#1109 = CARTESIAN_POINT ( 'NONE',  ( -9.227582248144457822, 44.77275986871332947, 1.499999999999362510 ) ) ;
#1110 = DIRECTION ( 'NONE',  ( 0.000000000000000000, 0.000000000000000000, -1.000000000000000000 ) ) ;
#1111 = ORIENTED_EDGE ( 'NONE', *, *, #3018, .T. ) ;
#1112 = VECTOR ( 'NONE', #4161, 1000.000000000000000 ) ;
#1113 = DIRECTION ( 'NONE',  ( 0.8660254037844387076, 0.000000000000000000, 0.4999999999999998335 ) ) ;
#1114 = DIRECTION ( 'NONE',  ( 0.000000000000000000, 1.000000000000000000, 0.000000000000000000 ) ) ;
#1115 = CARTESIAN_POINT ( 'NONE',  ( -5.206868756431836331, 58.93661152880182641, 6.018561234483120082 ) ) ;
#1116 = CARTESIAN_POINT ( 'NONE',  ( -5.726434491383815661, 45.44761534702016093, 8.198045377764739072 ) ) ;
#1117 = CARTESIAN_POINT ( 'NONE',  ( 5.751032792931641602, 45.00000000000000000, -5.561080993352360835 ) ) ;
#1118 = DIRECTION ( 'NONE',  ( 1.000000000000000000, -0.000000000000000000, 1.224646799147353207E-16 ) ) ;
#1119 = ORIENTED_EDGE ( 'NONE', *, *, #6577, .T. ) ;
#1120 = PRODUCT_DEFINITION_FORMATION_WITH_SPECIFIED_SOURCE ( 'ANY', '', #4583, .NOT_KNOWN. ) ;
#1121 = CARTESIAN_POINT ( 'NONE',  ( 0.000000000000000000, 1.500000000000000000, -5.000000000000000000 ) ) ;
#1122 = CARTESIAN_POINT ( 'NONE',  ( -9.671785792198773990, 44.30723243523752330, -1.500000000000002220 ) ) ;
#1123 = CARTESIAN_POINT ( 'NONE',  ( -3.326844737844070199, 60.00000000000000000, 7.362264163866816702 ) ) ;
#1124 = CARTESIAN_POINT ( 'NONE',  ( 5.475945896943865243, 59.45216504684545811, -5.378887475785112393 ) ) ;
#1125 = EDGE_CURVE ( 'NONE', #6078, #4564, #3256, .T. ) ;
#1126 = VECTOR ( 'NONE', #2503, 1000.000000000000114 ) ;
#1127 = CARTESIAN_POINT ( 'NONE',  ( 4.452747745910413002, 60.02895608275395745, 4.712385329205214468 ) ) ;
#1128 = CARTESIAN_POINT ( 'NONE',  ( -5.499837474606949606, 58.79691270050473406, -6.525997939390534519 ) ) ;
#1129 = ORIENTED_EDGE ( 'NONE', *, *, #1244, .T. ) ;
#1130 = VERTEX_POINT ( 'NONE', #2993 ) ;
#1131 = CARTESIAN_POINT ( 'NONE',  ( -9.452531826322632114, 59.63125511759706399, -0.8409449854148871584 ) ) ;
#1132 = ORIENTED_EDGE ( 'NONE', *, *, #5022, .F. ) ;
#1133 = CARTESIAN_POINT ( 'NONE',  ( 9.910413290290117416, 45.18997598112195391, 1.444823920130757999 ) ) ;
#1134 = CARTESIAN_POINT ( 'NONE',  ( 5.975749450267235474, 59.66580496981412551, 7.350301661164356126 ) ) ;
#1135 = DIRECTION ( 'NONE',  ( 0.000000000000000000, 1.000000000000000000, 0.000000000000000000 ) ) ;
#1136 = CARTESIAN_POINT ( 'NONE',  ( 0.000000000000000000, 60.00000000000000000, 0.000000000000000000 ) ) ;
#1137 = DIRECTION ( 'NONE',  ( 0.000000000000000000, -0.000000000000000000, 1.000000000000000000 ) ) ;
#1138 = VERTEX_POINT ( 'NONE', #7866 ) ;
#1139 = ORIENTED_EDGE ( 'NONE', *, *, #4346, .T. ) ;
#1140 = CARTESIAN_POINT ( 'NONE',  ( -5.040922087921829942, 60.00000000000000000, -4.388998575877119279 ) ) ;
#1141 = CARTESIAN_POINT ( 'NONE',  ( -2.045817903400275029, 60.65107842505666724, 6.543460551723319085 ) ) ;
#1142 = CYLINDRICAL_SURFACE ( 'NONE', #4296, 0.6999999999999992895 ) ;
#1143 = CARTESIAN_POINT ( 'NONE',  ( -3.939943430931854174, 45.44761534702016093, -8.424182201321201546 ) ) ;
#1144 = CIRCLE ( 'NONE', #5636, 0.6999999999999999556 ) ;
#1145 = EDGE_CURVE ( 'NONE', #306, #5243, #1489, .T. ) ;
#1146 = DIRECTION ( 'NONE',  ( 0.5000000000000003331, 0.000000000000000000, 0.8660254037844384856 ) ) ;
#1147 = AXIS2_PLACEMENT_3D ( 'NONE', #7893, #5926, #2867 ) ;
#1148 = DIRECTION ( 'NONE',  ( 0.000000000000000000, -1.000000000000000000, 0.000000000000000000 ) ) ;
#1149 = EDGE_LOOP ( 'NONE', ( #1894, #7686, #7812, #7646 ) ) ;
#1150 = B_SPLINE_CURVE_WITH_KNOTS ( 'NONE', 3,
 ( #6437, #3418, #4665, #4063, #4101, #1183, #549, #3647, #1223, #4927, #2472, #1826, #4283, #3684 ),
 .UNSPECIFIED., .F., .F.,
 ( 4, 2, 2, 2, 2, 2, 4 ),
 ( 0.000000000000000000, 0.0005894577659039577054, 0.0008841866488559364497, 0.001178915531807915411, 0.001768373297711853817, 0.002063102180663823997, 0.002357831063615793525 ),
 .UNSPECIFIED. ) ;
#1151 = AXIS2_PLACEMENT_3D ( 'NONE', #5510, #91, #527 ) ;
#1152 = EDGE_CURVE ( 'NONE', #3458, #7701, #1044, .T. ) ;
#1153 = CARTESIAN_POINT ( 'NONE',  ( 6.866929785711647583, 60.00000000000000000, -1.391897625425222440 ) ) ;
#1154 = CARTESIAN_POINT ( 'NONE',  ( 6.656919568095629458, 43.88698034563177686, -7.412400660325215718 ) ) ;
#1155 = PLANE ( 'NONE',  #4343 ) ;
#1156 = CARTESIAN_POINT ( 'NONE',  ( 6.650912111990551878, 43.89891188660080701, 7.399819859668240518 ) ) ;
#1157 = CARTESIAN_POINT ( 'NONE',  ( 3.165087016759362104, 43.66827298977706562, 9.486057098232375751 ) ) ;
#1158 = CARTESIAN_POINT ( 'NONE',  ( 1.555301434917138630E-15, 0.6999999999999999556, -12.70000000000000107 ) ) ;
#1159 = ORIENTED_EDGE ( 'NONE', *, *, #3038, .T. ) ;
#1160 = CARTESIAN_POINT ( 'NONE',  ( 7.036554055358777759, 59.83324556985115095, 1.873300277221222609 ) ) ;
#1161 = CARTESIAN_POINT ( 'NONE',  ( -2.350511410906066523, 59.58610933779507235, 7.392331240552879379 ) ) ;
#1162 = DIRECTION ( 'NONE',  ( 0.000000000000000000, 0.000000000000000000, 1.000000000000000000 ) ) ;
#1163 = CARTESIAN_POINT ( 'NONE',  ( 5.213014594222342701, 59.98331490995298765, 6.029206137791148556 ) ) ;
#1164 = ORIENTED_EDGE ( 'NONE', *, *, #5405, .T. ) ;
#1165 = ORIENTED_EDGE ( 'NONE', *, *, #5719, .T. ) ;
#1166 = CARTESIAN_POINT ( 'NONE',  ( -9.114242130927284080, 59.82458473914901731, -1.500000000000164313 ) ) ;
#1167 = VERTEX_POINT ( 'NONE', #7305 ) ;
#1168 = CARTESIAN_POINT ( 'NONE',  ( -4.668179383445606234, 60.00000000000000000, 5.030968448743687205 ) ) ;
#1169 = ADVANCED_FACE ( 'NONE', ( #4851 ), #5979, .T. ) ;
#1170 = CYLINDRICAL_SURFACE ( 'NONE', #7770, 10.00000000000000000 ) ;
#1171 = DIRECTION ( 'NONE',  ( 0.000000000000000000, 0.000000000000000000, 1.000000000000000000 ) ) ;
#1172 = CARTESIAN_POINT ( 'NONE',  ( 9.797621483895914807, 43.66696327352220663, -2.002403800592551519 ) ) ;
#1173 = CARTESIAN_POINT ( 'NONE',  ( -4.203943751501469706, 45.05370681297947755, 9.073645665256321990 ) ) ;
#1174 = ORIENTED_EDGE ( 'NONE', *, *, #5421, .F. ) ;
#1175 = VERTEX_POINT ( 'NONE', #431 ) ;
#1176 = CARTESIAN_POINT ( 'NONE',  ( 0.000000000000000000, 58.50000000000000000, 0.000000000000000000 ) ) ;
#1177 = DIRECTION ( 'NONE',  ( 2.137682487307248399E-16, -0.000000000000000000, 1.000000000000000000 ) ) ;
#1178 = FACE_OUTER_BOUND ( 'NONE', #5511, .T. ) ;
#1179 = CARTESIAN_POINT ( 'NONE',  ( 3.787798679465546492, 44.60349555669973398, 9.560659761676628676 ) ) ;
#1180 = CARTESIAN_POINT ( 'NONE',  ( 2.694222958124177006E-16, 35.00000000000000000, 2.200000000000000178 ) ) ;
#1181 = CARTESIAN_POINT ( 'NONE',  ( 7.739994670903529439, 60.00000000000000000, 2.022988505747126631 ) ) ;
#1182 = CARTESIAN_POINT ( 'NONE',  ( -9.002951553013616603, 44.81422140330020198, 2.119403736506102032 ) ) ;
#1183 = CARTESIAN_POINT ( 'NONE',  ( -3.996283357239063694, 44.50456869590723130, -9.166884381609886390 ) ) ;
#1184 = ORIENTED_EDGE ( 'NONE', *, *, #6512, .T. ) ;
#1185 = CARTESIAN_POINT ( 'NONE',  ( -4.580288085489444327, 60.00000000000000000, -5.691039540221298765 ) ) ;
#1186 = DIRECTION ( 'NONE',  ( 0.4999999999999996114, 3.097720492815727659E-16, 0.8660254037844388186 ) ) ;
#1187 = FACE_OUTER_BOUND ( 'NONE', #6042, .T. ) ;
#1188 = CARTESIAN_POINT ( 'NONE',  ( -3.178622841345818628, 59.14017680860020931, 8.505536259309909752 ) ) ;
#1189 = B_SPLINE_CURVE_WITH_KNOTS ( 'NONE', 3,
 ( #1880, #4460, #1354, #6916 ),
 .UNSPECIFIED., .F., .F.,
 ( 4, 4 ),
 ( 0.000000000000000000, 0.0008152306934952743486 ),
 .UNSPECIFIED. ) ;
#1190 = CIRCLE ( 'NONE', #2866, 0.6999999999999992895 ) ;
#1191 = CARTESIAN_POINT ( 'NONE',  ( 5.776699052699131087, 59.14017680860020221, -7.005536259309915970 ) ) ;
#1192 = CARTESIAN_POINT ( 'NONE',  ( 1.469576158976824144E-15, 1.500000000000000000, 12.00000000000000178 ) ) ;
#1193 = EDGE_LOOP ( 'NONE', ( #6528, #3792, #6193, #4723 ) ) ;
#1194 = CARTESIAN_POINT ( 'NONE',  ( 6.116371473349212273, 60.00000000000000000, 2.199999999999999289 ) ) ;
#1195 = CARTESIAN_POINT ( 'NONE',  ( -3.437920288276154146, 60.00000000000000000, 7.554652611666146989 ) ) ;
#1196 = CARTESIAN_POINT ( 'NONE',  ( 6.898279256374324930, 60.00000000000000000, 1.725558445323614798 ) ) ;
#1197 = EDGE_CURVE ( 'NONE', #5304, #450, #4190, .T. ) ;
#1198 = CARTESIAN_POINT ( 'NONE',  ( 5.617289301262199608, 58.70244047755188177, 5.681642360761713029 ) ) ;
#1199 = EDGE_CURVE ( 'NONE', #2237, #3015, #4129, .T. ) ;
#1200 = CARTESIAN_POINT ( 'NONE',  ( -4.349606925856289941, 59.99777404406741255, -4.533740188536566684 ) ) ;
#1201 = VERTEX_POINT ( 'NONE', #548 ) ;
#1202 = CARTESIAN_POINT ( 'NONE',  ( 8.462269199216013504, 60.00000000000000000, -0.8000000000000000444 ) ) ;
#1203 = ORIENTED_EDGE ( 'NONE', *, *, #2577, .T. ) ;
#1204 = CARTESIAN_POINT ( 'NONE',  ( -4.642493793100440413, 60.00000000000000711, 6.350062701054757675 ) ) ;
#1205 = CARTESIAN_POINT ( 'NONE',  ( -5.507660207980453748, 58.50000000000000000, -6.539547311047508416 ) ) ;
#1206 = AXIS2_PLACEMENT_3D ( 'NONE', #551, #6671, #472 ) ;
#1207 = CARTESIAN_POINT ( 'NONE',  ( -1.751121184891386351, 59.89492612794733617, 6.910987760801634572 ) ) ;
#1208 = DIRECTION ( 'NONE',  ( 0.4999999999999997780, 0.000000000000000000, -0.8660254037844387076 ) ) ;
#1209 = CARTESIAN_POINT ( 'NONE',  ( -8.401598737860668464, 58.79691270050302876, -1.499999999999999112 ) ) ;
#1210 = CIRCLE ( 'NONE', #7512, 12.00000000000000178 ) ;
#1211 = ORIENTED_EDGE ( 'NONE', *, *, #4440, .F. ) ;
#1212 = CARTESIAN_POINT ( 'NONE',  ( -3.354156404354855070, 44.80891385920379122, 9.042540684868415113 ) ) ;
#1213 = CARTESIAN_POINT ( 'NONE',  ( -4.702901472075941795E-16, 45.69999999999999574, 2.199999999999997957 ) ) ;
#1214 = DIRECTION ( 'NONE',  ( 0.000000000000000000, 0.000000000000000000, 1.000000000000000000 ) ) ;
#1215 = AXIS2_PLACEMENT_3D ( 'NONE', #4348, #2378, #2417 ) ;
#1216 = CARTESIAN_POINT ( 'NONE',  ( 6.673785686565869568, 43.50000000000000000, -7.447186355247767509 ) ) ;
#1217 = CARTESIAN_POINT ( 'NONE',  ( 3.036956271878332281, 59.27933203474309920, -8.260162563258244717 ) ) ;
#1218 = LINE ( 'NONE', #1181, #7825 ) ;
#1219 = CIRCLE ( 'NONE', #5464, 5.700000000000000178 ) ;
#1220 = CARTESIAN_POINT ( 'NONE',  ( -7.100431619955227092, 59.71682665320341243, 2.081553374974861814 ) ) ;
#1221 = CARTESIAN_POINT ( 'NONE',  ( 2.831702505627043731, 59.29999999999999716, -7.904652611666148410 ) ) ;
#1222 = CIRCLE ( 'NONE', #2693, 11.30000000000000249 ) ;
#1223 = CARTESIAN_POINT ( 'NONE',  ( -3.674862768535596125, 44.02508204143067871, -9.301378873081274534 ) ) ;
#1224 = ORIENTED_EDGE ( 'NONE', *, *, #3121, .T. ) ;
#1225 = CARTESIAN_POINT ( 'NONE',  ( 6.308966179655771001, 60.00000001127101257, -2.075899319075830363 ) ) ;
#1226 = CARTESIAN_POINT ( 'NONE',  ( 6.070830337074200500, 44.48035113418794850, -7.514986587943097263 ) ) ;
#1227 = CARTESIAN_POINT ( 'NONE',  ( 8.658638042297377879, 59.99029920218772816, -0.8085411998166885938 ) ) ;
#1228 = LINE ( 'NONE', #3690, #2691 ) ;
#1229 = CARTESIAN_POINT ( 'NONE',  ( 8.462269199216011728, 59.29999999999999716, -0.7999999999999999334 ) ) ;
#1230 = CARTESIAN_POINT ( 'NONE',  ( -3.565750022093606031, 59.23193387676813870, -9.176060205356064259 ) ) ;
#1231 = ORIENTED_EDGE ( 'NONE', *, *, #6290, .T. ) ;
#1232 = CARTESIAN_POINT ( 'NONE',  ( -9.470838493831079674, 44.55925688362589199, -1.500000000000316858 ) ) ;
#1233 = EDGE_CURVE ( 'NONE', #4043, #2116, #4293, .T. ) ;
#1234 = CARTESIAN_POINT ( 'NONE',  ( 5.931801859636061991, 45.44761534702016093, 7.274182201321203856 ) ) ;
#1235 = CARTESIAN_POINT ( 'NONE',  ( 5.274610138194526066, 59.82844729212749968, -4.933484018923119940 ) ) ;
#1236 = ADVANCED_FACE ( 'NONE', ( #6019 ), #4733, .T. ) ;
#1237 = EDGE_CURVE ( 'NONE', #3520, #3133, #471, .T. ) ;
#1238 = DIRECTION ( 'NONE',  ( -1.000000000000000000, 0.000000000000000000, 0.000000000000000000 ) ) ;
#1239 = AXIS2_PLACEMENT_3D ( 'NONE', #6865, #5538, #192 ) ;
#1240 = EDGE_LOOP ( 'NONE', ( #603, #5437, #298, #7874, #3218, #1231 ) ) ;
#1241 = B_SPLINE_CURVE_WITH_KNOTS ( 'NONE', 3,
 ( #3496, #2285, #1680, #4136, #3535, #7231 ),
 .UNSPECIFIED., .F., .F.,
 ( 4, 2, 4 ),
 ( 0.0005598445178872173654, 0.001005070603848015696, 0.001450296689808814026 ),
 .UNSPECIFIED. ) ;
#1242 = ORIENTED_EDGE ( 'NONE', *, *, #5532, .F. ) ;
#1243 = CARTESIAN_POINT ( 'NONE',  ( 5.940613069409428348, 44.50456869590722420, -8.044325098894937298 ) ) ;
#1244 = EDGE_CURVE ( 'NONE', #1175, #6149, #7226, .T. ) ;
#1245 = CARTESIAN_POINT ( 'NONE',  ( 6.111034485023810525, 59.39586769377056896, 7.584622214866087120 ) ) ;
#1246 = CIRCLE ( 'NONE', #3820, 10.00000000000000000 ) ;
#1247 =( BOUNDED_SURFACE ( )  B_SPLINE_SURFACE ( 3, 2, ( 
 ( #2714, #786, #2194 ),
 ( #271, #4649, #3967 ),
 ( #350, #3925, #191 ),
 ( #1546, #4006, #6382 ),
 ( #6461, #939, #3398 ),
 ( #1383, #2030, #5849 ),
 ( #2794, #5245, #5127 ),
 ( #7583, #7618, #6303 ),
 ( #5163, #864, #3238 ),
 ( #2108, #3886, #5693 ),
 ( #5088, #3318, #4490 ),
 ( #4567, #6945, #7023 ),
 ( #1424, #2067, #6340 ),
 ( #821, #5736, #4525 ) ),
 .UNSPECIFIED., .F., .F., .T. ) 
 B_SPLINE_SURFACE_WITH_KNOTS ( ( 4, 2, 2, 2, 2, 2, 4 ),
 ( 3, 3 ),
 ( 0.007251311775856278397, 0.007694002128597643951, 0.008136692481339009506, 0.008579382834080374193, 0.009022073186821740615, 0.009907453892304473458, 0.01079283459778720457 ),
 ( 0.000000000000000000, 1.000000000000000000 ),
 .UNSPECIFIED. ) 
 GEOMETRIC_REPRESENTATION_ITEM ( )  RATIONAL_B_SPLINE_SURFACE ( (
 ( 1.000000000000000000, 0.7914775938769178509, 1.000000000000000000),
 ( 1.000000000000000000, 0.7914751215769478820, 1.000000000000000000),
 ( 1.000000000000000000, 0.7910692898049899169, 1.000000000000000000),
 ( 1.000000000000000000, 0.7894438079031808053, 1.000000000000000000),
 ( 1.000000000000000000, 0.7882037160861378178, 1.000000000000000000),
 ( 1.000000000000000000, 0.7849047533171659152, 1.000000000000000000),
 ( 1.000000000000000000, 0.7828546967483294150, 1.000000000000000000),
 ( 1.000000000000000000, 0.7778217196376573384, 1.000000000000000000),
 ( 1.000000000000000000, 0.7748435908278916706, 1.000000000000000000),
 ( 1.000000000000000000, 0.7646248375017264953, 1.000000000000000000),
 ( 1.000000000000000000, 0.7558737235606561855, 1.000000000000000000),
 ( 1.000000000000000000, 0.7342902559672898066, 1.000000000000000000),
 ( 1.000000000000000000, 0.7211950083353538821, 1.000000000000000000),
 ( 1.000000000000000000, 0.7060162090476739261, 1.000000000000000000) ) ) 
 REPRESENTATION_ITEM ( '' )  SURFACE ( )  );
#1248 = DIRECTION ( 'NONE',  ( -0.8660254037844392627, 0.000000000000000000, -0.4999999999999990563 ) ) ;
#1249 = CARTESIAN_POINT ( 'NONE',  ( 2.240656880380655025, 45.06242755055220783, 7.689547311047511435 ) ) ;
#1250 = CARTESIAN_POINT ( 'NONE',  ( -6.228319566981619815, 44.71979963232504218, -7.832364868846547701 ) ) ;
#1251 = ORIENTED_EDGE ( 'NONE', *, *, #7287, .T. ) ;
#1252 = ORIENTED_EDGE ( 'NONE', *, *, #3660, .T. ) ;
#1253 = CARTESIAN_POINT ( 'NONE',  ( -5.776699052699139081, 59.14017680860019510, -7.005536259309907088 ) ) ;
#1254 = CARTESIAN_POINT ( 'NONE',  ( 0.000000000000000000, 5.000000000000000000, -10.00000000000000000 ) ) ;
#1255 = CARTESIAN_POINT ( 'NONE',  ( -4.702901472075941795E-16, 45.00000000000000000, 2.199999999999997957 ) ) ;
#1256 = CARTESIAN_POINT ( 'NONE',  ( 3.823609565697672075, 44.47237520701976621, 9.622686036094739492 ) ) ;
#1257 = CARTESIAN_POINT ( 'NONE',  ( -5.325584076986955573, 45.00000000000000000, -7.624182201321203500 ) ) ;
#1258 = CARTESIAN_POINT ( 'NONE',  ( -3.339720827765000788, 44.64349766606837733, 9.126893130811264854 ) ) ;
#1259 = TOROIDAL_SURFACE ( 'NONE', #6919, 4.299999999999999822, 0.6999999999999999556 ) ;
#1260 = CARTESIAN_POINT ( 'NONE',  ( -6.101119159228844069, 59.99993818310217364, 2.202157557586731595 ) ) ;
#1261 = B_SPLINE_CURVE_WITH_KNOTS ( 'NONE', 3,
 ( #2741, #2022, #4601, #301, #6295, #854, #4557, #4438, #3272, #778, #5237, #2626, #2060, #7651 ),
 .UNSPECIFIED., .F., .F.,
 ( 4, 2, 2, 2, 2, 2, 4 ),
 ( 0.000000000000000000, 0.0005894577659039578138, 0.0008841866488559365581, 0.001178915531807915411, 0.001768373297711856203, 0.002063102180663827032, 0.002357831063615797428 ),
 .UNSPECIFIED. ) ;
#1262 = CARTESIAN_POINT ( 'NONE',  ( -9.801955860992276115, 43.73111428290447833, 1.981773368221059650 ) ) ;
#1263 = ORIENTED_EDGE ( 'NONE', *, *, #5278, .F. ) ;
#1264 = CIRCLE ( 'NONE', #7181, 0.6999999999999992895 ) ;
#1265 = EDGE_CURVE ( 'NONE', #2951, #4636, #6899, .T. ) ;
#1266 = CARTESIAN_POINT ( 'NONE',  ( -3.962372588375252747, 59.69377025920019975, -8.538957292253785525 ) ) ;
#1267 = CARTESIAN_POINT ( 'NONE',  ( 3.939943430931844404, 58.50000000000000000, -9.124182201321206165 ) ) ;
#1268 = CARTESIAN_POINT ( 'NONE',  ( 6.898279256374324930, 60.00000000000000000, -1.725558445323614576 ) ) ;
#1269 = CARTESIAN_POINT ( 'NONE',  ( 7.724764266986039019, 45.00752006237845393, -2.081260337159999363 ) ) ;
#1270 = FACE_OUTER_BOUND ( 'NONE', #2217, .T. ) ;
#1271 = CARTESIAN_POINT ( 'NONE',  ( -6.174626532419448921, 44.96370456407976945, -6.381901326120338780 ) ) ;
#1272 = CARTESIAN_POINT ( 'NONE',  ( -5.975749450267344720, 59.66580496981395498, 7.350301661164565736 ) ) ;
#1273 = CIRCLE ( 'NONE', #3976, 8.500000000000000000 ) ;
#1274 = ORIENTED_EDGE ( 'NONE', *, *, #4062, .F. ) ;
#1275 = LINE ( 'NONE', #2567, #3209 ) ;
#1276 = CARTESIAN_POINT ( 'NONE',  ( -2.564464414728093722, 59.99999999999999289, 7.362662511468018423 ) ) ;
#1277 = CIRCLE ( 'NONE', #263, 0.7000000000000001776 ) ;
#1278 = CARTESIAN_POINT ( 'NONE',  ( 6.866929785711647583, 60.00000000000000000, 1.391897625425222440 ) ) ;
#1279 = DIRECTION ( 'NONE',  ( -0.000000000000000000, -1.000000000000000000, -0.000000000000000000 ) ) ;
#1280 = CARTESIAN_POINT ( 'NONE',  ( -5.549634385860577446, 59.18232658162754944, -5.537252423111369559 ) ) ;
#1281 = ORIENTED_EDGE ( 'NONE', *, *, #2529, .T. ) ;
#1282 = CARTESIAN_POINT ( 'NONE',  ( 9.265527489881906220, 58.60552633313400150, 1.500000000000000000 ) ) ;
#1283 = EDGE_LOOP ( 'NONE', ( #5075, #6166, #4182, #5352 ) ) ;
#1284 = CARTESIAN_POINT ( 'NONE',  ( -8.945370236787621110, 59.92352707015806601, -0.8206077372838926909 ) ) ;
#1285 = CARTESIAN_POINT ( 'NONE',  ( -5.429778716980364628, 59.29999999999999716, 6.404652611666149298 ) ) ;
#1286 = DIRECTION ( 'NONE',  ( 0.000000000000000000, 1.000000000000000000, 0.000000000000000000 ) ) ;
#1287 = CARTESIAN_POINT ( 'NONE',  ( 9.322007264265570470, 45.27937693539349340, -1.500000000000000222 ) ) ;
#1288 = DIRECTION ( 'NONE',  ( 0.4999999999999977240, 0.000000000000000000, -0.8660254037844401509 ) ) ;
#1289 = ORIENTED_EDGE ( 'NONE', *, *, #4194, .T. ) ;
#1290 = VERTEX_POINT ( 'NONE', #2959 ) ;
#1291 = CARTESIAN_POINT ( 'NONE',  ( -4.236498292474479399, 45.25138510346918963, 9.058260441048316736 ) ) ;
#1292 = CARTESIAN_POINT ( 'NONE',  ( 4.642493151999602219, 60.00000000000000711, 6.350060714725656474 ) ) ;
#1293 = CARTESIAN_POINT ( 'NONE',  ( -2.022856790527251203, 59.99999999999999289, -6.558246159858525992 ) ) ;
#1294 = CARTESIAN_POINT ( 'NONE',  ( 3.090867490822354569, 43.88698034563181949, 9.471261787083147254 ) ) ;
#1295 = CARTESIAN_POINT ( 'NONE',  ( 3.289896406890327807, 58.91913233273815820, -8.698267728372355734 ) ) ;
#1296 = CARTESIAN_POINT ( 'NONE',  ( -6.421281751540096394, 44.47407819879572344, -8.121986243382311343 ) ) ;
#1297 = CARTESIAN_POINT ( 'NONE',  ( -6.689712018153795015, 60.65107842505673119, 1.500000000000000444 ) ) ;
#1298 = DIRECTION ( 'NONE',  ( -0.000000000000000000, 1.000000000000000000, -0.000000000000000000 ) ) ;
#1299 = ORIENTED_EDGE ( 'NONE', *, *, #3188, .T. ) ;
#1300 = CARTESIAN_POINT ( 'NONE',  ( -3.377673238913733389, 59.66580496981394077, 8.850301661164609257 ) ) ;
#1301 = CARTESIAN_POINT ( 'NONE',  ( -8.100544398056250373, 59.62896311542225902, -1.499999999999999112 ) ) ;
#1302 = CARTESIAN_POINT ( 'NONE',  ( -2.067286586997568509, 59.00457541846049736, -7.641552851750948783 ) ) ;
#1303 = CARTESIAN_POINT ( 'NONE',  ( -0.6928203230275497004, 59.29999999999999716, -0.3999999999999990785 ) ) ;
#1304 = CARTESIAN_POINT ( 'NONE',  ( 6.980486755139913108E-16, 0.8000000000000000444, -5.700000000000000178 ) ) ;
#1305 = DIRECTION ( 'NONE',  ( 0.000000000000000000, 1.000000000000000000, 0.000000000000000000 ) ) ;
#1306 = DIRECTION ( 'NONE',  ( 0.000000000000000000, 0.000000000000000000, -1.000000000000000000 ) ) ;
#1307 = ADVANCED_FACE ( 'NONE', ( #2236 ), #2946, .T. ) ;
#1308 = CARTESIAN_POINT ( 'NONE',  ( -5.774563419662055885, 59.13703967621340496, 7.001837234383369690 ) ) ;
#1309 = ORIENTED_EDGE ( 'NONE', *, *, #3611, .T. ) ;
#1310 = CARTESIAN_POINT ( 'NONE',  ( -5.507660207981126099, 45.69089023002054262, -6.539547311048674594 ) ) ;
#1311 = DIRECTION ( 'NONE',  ( -0.8660254037844389297, 0.000000000000000000, -0.4999999999999993894 ) ) ;
#1312 = DIRECTION ( 'NONE',  ( -0.000000000000000000, -1.000000000000000000, -0.000000000000000000 ) ) ;
#1313 = CARTESIAN_POINT ( 'NONE',  ( -5.413290116057959622, 59.69444939818008322, -7.700237100832350023 ) ) ;
#1314 = CARTESIAN_POINT ( 'NONE',  ( -5.352893912039155211, 59.71682665320338401, -5.108377473228052246 ) ) ;
#1315 = CARTESIAN_POINT ( 'NONE',  ( 8.261481222607418573, 59.29999999999999716, 0.7999999999999998224 ) ) ;
#1316 = CARTESIAN_POINT ( 'NONE',  ( 5.472276523293685635, 45.62604786072269292, 6.478260971410756852 ) ) ;
#1317 = VERTEX_POINT ( 'NONE', #6862 ) ;
#1318 = CARTESIAN_POINT ( 'NONE',  ( 5.931801859636061103, 58.50000000000000000, 7.274182201321202967 ) ) ;
#1319 = CARTESIAN_POINT ( 'NONE',  ( 6.252884480344425455, 58.69053078926082634, 7.830313613815912177 ) ) ;
#1320 = B_SPLINE_CURVE_WITH_KNOTS ( 'NONE', 3,
 ( #5251, #7071, #7666, #4531 ),
 .UNSPECIFIED., .F., .F.,
 ( 4, 4 ),
 ( 0.000000000000000000, 0.0008268229203837844377 ),
 .UNSPECIFIED. ) ;
#1321 = FACE_OUTER_BOUND ( 'NONE', #402, .T. ) ;
#1322 = DIRECTION ( 'NONE',  ( 0.000000000000000000, 0.000000000000000000, -1.000000000000000000 ) ) ;
#1323 = CARTESIAN_POINT ( 'NONE',  ( -6.673785686565879338, 43.50000000000000000, -7.447186355247760403 ) ) ;
#1324 = EDGE_LOOP ( 'NONE', ( #7581, #7185, #3637, #4478 ) ) ;
#1325 = ORIENTED_EDGE ( 'NONE', *, *, #2679, .T. ) ;
#1326 = ORIENTED_EDGE ( 'NONE', *, *, #1597, .T. ) ;
#1327 = DIRECTION ( 'NONE',  ( 0.000000000000000000, 0.000000000000000000, 1.000000000000000000 ) ) ;
#1328 = CARTESIAN_POINT ( 'NONE',  ( -3.326157887554853421, 60.00000000000000711, -7.361074455240966152 ) ) ;
#1329 = EDGE_CURVE ( 'NONE', #3656, #7060, #5479, .T. ) ;
#1330 = CARTESIAN_POINT ( 'NONE',  ( 3.657543991937549421, 44.95751050121705816, 9.335052024954126892 ) ) ;
#1331 = FACE_OUTER_BOUND ( 'NONE', #3055, .T. ) ;
#1332 = EDGE_CURVE ( 'NONE', #6612, #4322, #7533, .T. ) ;
#1333 = CARTESIAN_POINT ( 'NONE',  ( -6.251154283900900666, 43.59356959559174527, -7.827316825668868994 ) ) ;
#1334 = AXIS2_PLACEMENT_3D ( 'NONE', #6634, #2358, #1113 ) ;
#1335 = EDGE_CURVE ( 'NONE', #1290, #6078, #6175, .T. ) ;
#1336 = CARTESIAN_POINT ( 'NONE',  ( -2.639305510749963890, 58.61174645308433639, -7.571411241314544682 ) ) ;
#1337 = CARTESIAN_POINT ( 'NONE',  ( -4.923954922635553899, 60.00000000000000000, 6.928540100183667505 ) ) ;
#1338 = DIRECTION ( 'NONE',  ( -0.000000000000000000, -1.000000000000000000, -0.000000000000000000 ) ) ;
#1339 = ORIENTED_EDGE ( 'NONE', *, *, #7784, .F. ) ;
#1340 =( BOUNDED_SURFACE ( )  B_SPLINE_SURFACE ( 3, 2, ( 
 ( #7098, #7614, #2790 ),
 ( #3353, #4522, #1459 ),
 ( #6379, #4605, #3920 ),
 ( #3842, #7698, #6301 ),
 ( #859, #5771, #784 ),
 ( #3236, #189, #2027 ),
 ( #3884, #902, #936 ),
 ( #2632, #266, #5086 ),
 ( #4563, #3276, #4488 ),
 ( #6942, #7019, #6336 ) ),
 .UNSPECIFIED., .F., .F., .T. ) 
 B_SPLINE_SURFACE_WITH_KNOTS ( ( 4, 2, 2, 2, 4 ),
 ( 3, 3 ),
 ( 0.000000000000000000, 0.0005780509363421546193, 0.001156101872684309239, 0.001734152809026463966, 0.002312203745368618477 ),
 ( 0.000000000000000000, 1.000000000000000000 ),
 .UNSPECIFIED. ) 
 GEOMETRIC_REPRESENTATION_ITEM ( )  RATIONAL_B_SPLINE_SURFACE ( (
 ( 1.000000000000000000, 0.7368926330804045355, 1.000000000000000000),
 ( 1.000000000000000000, 0.7560717295200241050, 1.000000000000000000),
 ( 1.000000000000000000, 0.7784905715805778836, 1.000000000000000000),
 ( 1.000000000000000000, 0.8293914224504719268, 1.000000000000000000),
 ( 1.000000000000000000, 0.8577598976843155976, 1.000000000000000000),
 ( 1.000000000000000000, 0.9135290035518887075, 1.000000000000000000),
 ( 1.000000000000000000, 0.9416745923865625922, 1.000000000000000000),
 ( 1.000000000000000000, 0.9850746835032617721, 1.000000000000000000),
 ( 1.000000000000000000, 1.000068771992396410, 1.000000000000000000),
 ( 1.000000000000000000, 1.000000000000000000, 1.000000000000000000) ) ) 
 REPRESENTATION_ITEM ( '' )  SURFACE ( )  );
#1341 = AXIS2_PLACEMENT_3D ( 'NONE', #7641, #2655, #5111 ) ;
#1342 = AXIS2_PLACEMENT_3D ( 'NONE', #4905, #6723, #7320 ) ;
#1343 = DIRECTION ( 'NONE',  ( 0.000000000000000000, -1.000000000000000000, 0.000000000000000000 ) ) ;
#1344 = CYLINDRICAL_SURFACE ( 'NONE', #3433, 0.7000000000000000666 ) ;
#1345 = EDGE_CURVE ( 'NONE', #7517, #888, #6256, .T. ) ;
#1346 = CARTESIAN_POINT ( 'NONE',  ( 9.950653693199368988, 44.77287452499038523, 0.9927428788647389979 ) ) ;
#1347 = LINE ( 'NONE', #6219, #2635 ) ;
#1348 = CARTESIAN_POINT ( 'NONE',  ( -8.261481222607418573, 60.00000000000000000, 0.8000000000000009326 ) ) ;
#1349 = ADVANCED_FACE ( 'NONE', ( #4446 ), #586, .F. ) ;
#1350 = CARTESIAN_POINT ( 'NONE',  ( 6.455952573077253120, 44.16521768530102321, 7.507355091400725655 ) ) ;
#1351 = CARTESIAN_POINT ( 'NONE',  ( -5.931281103983758740, 44.51410979594332673, 8.051836369467526566 ) ) ;
#1352 = CARTESIAN_POINT ( 'NONE',  ( -5.931801859636055774, 58.50000000000000000, 7.274182201321206520 ) ) ;
#1353 = CARTESIAN_POINT ( 'NONE',  ( -9.375246002513272003, 59.69444939818005480, -0.8379282081452111841 ) ) ;
#1354 = CARTESIAN_POINT ( 'NONE',  ( -2.883331027308040806, 59.04439041980842973, 7.994075834337298403 ) ) ;
#1355 = FACE_OUTER_BOUND ( 'NONE', #4431, .T. ) ;
#1356 = DIRECTION ( 'NONE',  ( 0.000000000000000000, 1.000000000000000000, 0.000000000000000000 ) ) ;
#1357 = DIRECTION ( 'NONE',  ( 0.000000000000000000, 1.000000000000000000, 0.000000000000000000 ) ) ;
#1358 = CARTESIAN_POINT ( 'NONE',  ( 5.726434491383812997, 45.00000000000000000, -8.198045377764740849 ) ) ;
#1359 = AXIS2_PLACEMENT_3D ( 'NONE', #5571, #3762, #7458 ) ;
#1360 = CARTESIAN_POINT ( 'NONE',  ( 2.683280521717550826, 59.38694842928715190, -7.693064837727160210 ) ) ;
#1361 = CARTESIAN_POINT ( 'NONE',  ( 9.375246002513364374, 59.69444939817999085, 0.8379282081452140707 ) ) ;
#1362 = ORIENTED_EDGE ( 'NONE', *, *, #2944, .F. ) ;
#1363 = CARTESIAN_POINT ( 'NONE',  ( 2.437570970086837985, 44.96483083475497011, 8.535529527470149702 ) ) ;
#1364 = ADVANCED_FACE ( 'NONE', ( #3113 ), #701, .F. ) ;
#1365 = FACE_OUTER_BOUND ( 'NONE', #6096, .T. ) ;
#1366 = VECTOR ( 'NONE', #1373, 1000.000000000000000 ) ;
#1367 = CARTESIAN_POINT ( 'NONE',  ( -3.939943430931854174, 45.44761534702016093, -8.424182201321201546 ) ) ;
#1368 = CARTESIAN_POINT ( 'NONE',  ( -7.519004640066374812, 59.26974757816819306, -2.042002798938495900 ) ) ;
#1369 = EDGE_LOOP ( 'NONE', ( #4393, #520, #575, #6325 ) ) ;
#1370 = ORIENTED_EDGE ( 'NONE', *, *, #4371, .F. ) ;
#1371 = DIRECTION ( 'NONE',  ( 0.000000000000000000, -1.000000000000000000, -0.000000000000000000 ) ) ;
#1372 = CARTESIAN_POINT ( 'NONE',  ( 8.623219587211584880, 44.96189999830950512, -2.155515736886890910 ) ) ;
#1373 = DIRECTION ( 'NONE',  ( -1.000000000000000000, 0.000000000000000000, -2.137682487307248399E-16 ) ) ;
#1374 = CARTESIAN_POINT ( 'NONE',  ( -1.751077032585218740, 59.89494319286458790, -6.910950928292689532 ) ) ;
#1375 = CARTESIAN_POINT ( 'NONE',  ( 3.197532422278335673, 45.57017187878921050, 8.538288614234858187 ) ) ;
#1376 = CARTESIAN_POINT ( 'NONE',  ( -6.250584695191196971, 43.48438124865895560, -7.826330269083568325 ) ) ;
#1377 = CARTESIAN_POINT ( 'NONE',  ( -2.909583996627139957, 58.50000000000000000, -8.039547311047511968 ) ) ;
#1378 = CARTESIAN_POINT ( 'NONE',  ( 5.635032483231644740, 59.27933203474309920, -6.760162563258242940 ) ) ;
#1379 = CARTESIAN_POINT ( 'NONE',  ( -9.893894216316272860, 44.03396261278087565, 1.459962428736912843 ) ) ;
#1380 = AXIS2_PLACEMENT_3D ( 'NONE', #462, #7860, #1102 ) ;
#1381 = ORIENTED_EDGE ( 'NONE', *, *, #2910, .F. ) ;
#1382 = ADVANCED_FACE ( 'NONE', ( #740 ), #4836, .F. ) ;
#1383 = CARTESIAN_POINT ( 'NONE',  ( 8.173878615387620172, 59.50074565370632484, -1.499999999999999556 ) ) ;
#1384 = CARTESIAN_POINT ( 'NONE',  ( -7.502935692271170964, 60.28467909234909428, -1.499999999999999112 ) ) ;
#1385 = AXIS2_PLACEMENT_3D ( 'NONE', #7105, #4612, #3929 ) ;
#1386 = CARTESIAN_POINT ( 'NONE',  ( 6.356372410516688554, 60.00000000000000000, -2.117121255143740388 ) ) ;
#1387 = CARTESIAN_POINT ( 'NONE',  ( -2.909583996627130631, 64.86389322930409662, 8.039547311047510192 ) ) ;
#1388 = DIRECTION ( 'NONE',  ( -0.000000000000000000, -1.000000000000000000, -0.000000000000000000 ) ) ;
#1389 = CARTESIAN_POINT ( 'NONE',  ( -9.786345413644342628, 43.50000000000000000, 2.056074766355141303 ) ) ;
#1390 = CARTESIAN_POINT ( 'NONE',  ( -6.382894355133060138, 44.33474125497709650, 7.497732284937766778 ) ) ;
#1391 = CARTESIAN_POINT ( 'NONE',  ( -3.333725648282746867, 58.50000000000000000, -8.774182201321202967 ) ) ;
#1392 = EDGE_CURVE ( 'NONE', #4830, #2909, #4397, .T. ) ;
#1393 = B_SPLINE_CURVE_WITH_KNOTS ( 'NONE', 3,
 ( #2129, #3824, #2696, #3784, #3219, #724, #3178, #1444, #5632, #1363, #1486, #2576 ),
 .UNSPECIFIED., .F., .F.,
 ( 4, 2, 2, 2, 2, 4 ),
 ( 0.000000000000000000, 0.0006087402083572472297, 0.0009131103125358797350, 0.001217480416714512240, 0.001826220625071780070, 0.002434960833429047899 ),
 .UNSPECIFIED. ) ;
#1394 = CARTESIAN_POINT ( 'NONE',  ( 9.265527507918802641, 58.50000000000000000, 1.500000000000000000 ) ) ;
#1395 = CARTESIAN_POINT ( 'NONE',  ( -3.490479809642829778, 60.00000000000000000, -7.645688373094715828 ) ) ;
#1396 = DIRECTION ( 'NONE',  ( 0.4999999999999993339, 0.000000000000000000, -0.8660254037844391517 ) ) ;
#1397 = CARTESIAN_POINT ( 'NONE',  ( 0.000000000000000000, 43.50000000000000000, 0.000000000000000000 ) ) ;
#1398 = CARTESIAN_POINT ( 'NONE',  ( -5.880878112127899904, 58.90364570241902697, -7.185979683325255607 ) ) ;
#1399 = AXIS2_PLACEMENT_3D ( 'NONE', #2025, #4486, #5731 ) ;
#1400 = CARTESIAN_POINT ( 'NONE',  ( 3.100412727700577520, 45.64411999716082136, -8.370072368810626884 ) ) ;
#1401 = B_SPLINE_CURVE_WITH_KNOTS ( 'NONE', 3,
 ( #213, #7639, #3261, #5794 ),
 .UNSPECIFIED., .F., .F.,
 ( 4, 4 ),
 ( 0.000000000000000000, 0.0001849247682052305682 ),
 .UNSPECIFIED. ) ;
#1402 = CARTESIAN_POINT ( 'NONE',  ( -2.303366213978023769, 58.50000000000000000, 8.389547311047511613 ) ) ;
#1403 = FACE_OUTER_BOUND ( 'NONE', #7590, .T. ) ;
#1404 = AXIS2_PLACEMENT_3D ( 'NONE', #7232, #3002, #6716 ) ;
#1405 = VECTOR ( 'NONE', #2083, 1000.000000000000000 ) ;
#1406 = ORIENTED_EDGE ( 'NONE', *, *, #1658, .F. ) ;
#1407 = CARTESIAN_POINT ( 'NONE',  ( -3.362153446468656437, 44.94768297982633953, -8.971757885288749179 ) ) ;
#1408 = CARTESIAN_POINT ( 'NONE',  ( -3.314753018396079387, 44.77275986871332947, 8.741320642403215047 ) ) ;
#1409 = EDGE_CURVE ( 'NONE', #5416, #1503, #2395, .T. ) ;
#1410 = VERTEX_POINT ( 'NONE', #1948 ) ;
#1411 = ORIENTED_EDGE ( 'NONE', *, *, #749, .T. ) ;
#1412 = EDGE_LOOP ( 'NONE', ( #3396, #2216, #3830, #2621 ) ) ;
#1413 = ADVANCED_FACE ( 'NONE', ( #3395 ), #5123, .F. ) ;
#1414 = CARTESIAN_POINT ( 'NONE',  ( 9.775674712794316434, 43.70207799845188390, -2.056855427615690957 ) ) ;
#1415 = ORIENTED_EDGE ( 'NONE', *, *, #954, .T. ) ;
#1416 = CARTESIAN_POINT ( 'NONE',  ( 8.414970894543522206, 45.00000000000002132, -2.176851916551886035 ) ) ;
#1417 = CARTESIAN_POINT ( 'NONE',  ( 0.000000000000000000, 35.00000000000000000, 0.000000000000000000 ) ) ;
#1418 = CARTESIAN_POINT ( 'NONE',  ( 2.118037897910824974, 58.50000000000000000, -7.714526263032196240 ) ) ;
#1419 = CARTESIAN_POINT ( 'NONE',  ( -4.923954922635560116, 60.00000000000000000, -6.928540100183664840 ) ) ;
#1420 = CARTESIAN_POINT ( 'NONE',  ( -2.614938382871258682, 59.98331490994839044, -7.529206137795009468 ) ) ;
#1421 = FACE_OUTER_BOUND ( 'NONE', #2671, .T. ) ;
#1422 = CARTESIAN_POINT ( 'NONE',  ( 9.126981073290174606, 59.84838327266261615, 0.8280365746763039825 ) ) ;
#1423 = ORIENTED_EDGE ( 'NONE', *, *, #3854, .F. ) ;
#1424 = CARTESIAN_POINT ( 'NONE',  ( 6.388981863882592371, 60.70241864486890648, -1.499999999999999112 ) ) ;
#1425 = CARTESIAN_POINT ( 'NONE',  ( 0.000000000000000000, 0.8000000000000000444, 0.000000000000000000 ) ) ;
#1426 = CARTESIAN_POINT ( 'NONE',  ( 1.954762178822065710, 59.99999999999998579, 6.836864301080768591 ) ) ;
#1427 = CARTESIAN_POINT ( 'NONE',  ( 2.694222958124177006E-16, 0.000000000000000000, 2.200000000000000178 ) ) ;
#1428 = CARTESIAN_POINT ( 'NONE',  ( -8.134640353146254554, 59.33863098884359744, 1.500000000000001110 ) ) ;
#1429 = VECTOR ( 'NONE', #6794, 1000.000000000000000 ) ;
#1430 = CARTESIAN_POINT ( 'NONE',  ( 2.199923766695431659, 45.69999999999999574, -8.210379736694800812 ) ) ;
#1431 = CARTESIAN_POINT ( 'NONE',  ( -7.739994670903527663, 58.50000000000000000, 2.022988505747127963 ) ) ;
#1432 = VERTEX_POINT ( 'NONE', #5846 ) ;
#1433 = CARTESIAN_POINT ( 'NONE',  ( 2.513839940540059548, 59.33639209907570944, 7.354098499111357157 ) ) ;
#1434 = CARTESIAN_POINT ( 'NONE',  ( 4.236498312829938051, 58.50000000000000000, -9.058260431528179168 ) ) ;
#1435 = CARTESIAN_POINT ( 'NONE',  ( -9.962932804213767923, 45.44761534702016093, -0.8602150537634395411 ) ) ;
#1436 = CARTESIAN_POINT ( 'NONE',  ( -7.218728862873529550, 60.00000000000000000, -1.121126076260752669 ) ) ;
#1437 = EDGE_CURVE ( 'NONE', #3377, #2415, #6895, .T. ) ;
#1438 = CARTESIAN_POINT ( 'NONE',  ( -5.529459825553900032, 59.28409436251600084, 5.494056526877312052 ) ) ;
#1439 = CARTESIAN_POINT ( 'NONE',  ( -5.326185146643783064, 59.80290436043460289, -7.562296127773016075 ) ) ;
#1440 = CARTESIAN_POINT ( 'NONE',  ( 3.107730258851952865, 43.68618054591036071, -9.496149726262062885 ) ) ;
#1441 = CARTESIAN_POINT ( 'NONE',  ( 2.747899850088177942, 60.00000000000000000, -7.643286762177980087 ) ) ;
#1442 = CARTESIAN_POINT ( 'NONE',  ( 9.212233130913883627, 59.80290436043469526, 0.8314635783663634205 ) ) ;
#1443 = ORIENTED_EDGE ( 'NONE', *, *, #166, .F. ) ;
#1444 = CARTESIAN_POINT ( 'NONE',  ( 2.757981285800981119, 44.71503005394550456, 8.987982345786617699 ) ) ;
#1445 = EDGE_CURVE ( 'NONE', #7050, #2930, #5242, .T. ) ;
#1446 = DIRECTION ( 'NONE',  ( 0.000000000000000000, 0.000000000000000000, -1.000000000000000000 ) ) ;
#1447 = EDGE_CURVE ( 'NONE', #6659, #1503, #847, .T. ) ;
#1448 = CARTESIAN_POINT ( 'NONE',  ( -3.936604408951336787, 43.47878117929302277, 9.818398845603372393 ) ) ;
#1449 = ORIENTED_EDGE ( 'NONE', *, *, #7603, .T. ) ;
#1450 = ORIENTED_EDGE ( 'NONE', *, *, #6710, .T. ) ;
#1451 = CARTESIAN_POINT ( 'NONE',  ( 1.940521016280111644, 45.00000000000000000, -7.761080993352356572 ) ) ;
#1452 = ORIENTED_EDGE ( 'NONE', *, *, #6471, .T. ) ;
#1453 = CARTESIAN_POINT ( 'NONE',  ( 8.346476835233088920, 45.62604786072347451, -1.500000000000136557 ) ) ;
#1454 = DIRECTION ( 'NONE',  ( 0.000000000000000000, 0.000000000000000000, 1.000000000000000000 ) ) ;
#1455 = CARTESIAN_POINT ( 'NONE',  ( 2.871146607505530746, 59.08601872171036717, -7.972971800178611623 ) ) ;
#1456 = CARTESIAN_POINT ( 'NONE',  ( 4.943517077551741856, 59.99999999999999289, -5.111305855757246164 ) ) ;
#1457 = CARTESIAN_POINT ( 'NONE',  ( -2.322778212044488644, 60.44316502280227610, -7.023169877975040443 ) ) ;
#1458 = CARTESIAN_POINT ( 'NONE',  ( 3.361965526456119235, 45.27937693539349340, -8.823095105117065629 ) ) ;
#1459 = CARTESIAN_POINT ( 'NONE',  ( 4.236498292475305405, 45.25138510346868514, 9.058260441047931266 ) ) ;
#1460 =( BOUNDED_CURVE ( )  B_SPLINE_CURVE ( 3, ( #264, #3393, #2062, #2709 ),
 .UNSPECIFIED., .F., .F. ) 
 B_SPLINE_CURVE_WITH_KNOTS ( ( 4, 4 ),
 ( 1.870827355505822354, 2.885943452791517760 ),
 .UNSPECIFIED. ) 
 CURVE ( )  GEOMETRIC_REPRESENTATION_ITEM ( )  RATIONAL_B_SPLINE_CURVE ( ( 1.000000000000000000, 0.9159560062732678976, 0.9159560062732678976, 1.000000000000000000 ) ) 
 REPRESENTATION_ITEM ( '' )  );
#1461 = ORIENTED_EDGE ( 'NONE', *, *, #166, .T. ) ;
#1462 = ORIENTED_EDGE ( 'NONE', *, *, #1445, .T. ) ;
#1463 = FACE_OUTER_BOUND ( 'NONE', #2620, .T. ) ;
#1464 = CARTESIAN_POINT ( 'NONE',  ( -3.355559680842694181, 44.70126703666997514, -8.811999855048952668 ) ) ;
#1465 = LINE ( 'NONE', #7620, #1722 ) ;
#1466 = CARTESIAN_POINT ( 'NONE',  ( -7.820560470525787622, 60.00000000000000711, 0.8454866491641181980 ) ) ;
#1467 = CARTESIAN_POINT ( 'NONE',  ( 5.325584076986955573, 45.00000000000000000, 7.624182201321203500 ) ) ;
#1468 = DIRECTION ( 'NONE',  ( -0.4999999999999993339, 0.000000000000000000, 0.8660254037844391517 ) ) ;
#1469 = CARTESIAN_POINT ( 'NONE',  ( 7.218733068299931332, 60.00000000000000711, 1.121123403023426501 ) ) ;
#1470 = CIRCLE ( 'NONE', #5185, 5.000000000000000000 ) ;
#1471 = ORIENTED_EDGE ( 'NONE', *, *, #5920, .T. ) ;
#1472 = CIRCLE ( 'NONE', #3016, 0.6999999999999997335 ) ;
#1473 = CARTESIAN_POINT ( 'NONE',  ( 2.909583996627135072, 58.50000000000000000, 8.039547311047511968 ) ) ;
#1474 = CARTESIAN_POINT ( 'NONE',  ( -6.384145706871784398, 44.32657898966732546, -7.495831539576477631 ) ) ;
#1475 = CARTESIAN_POINT ( 'NONE',  ( -9.910413290290115640, 45.18997598112196812, -1.444823920130734907 ) ) ;
#1476 = CARTESIAN_POINT ( 'NONE',  ( -6.599470210214767540, 59.96335253576344115, -2.033415600131744494 ) ) ;
#1477 = B_SPLINE_CURVE_WITH_KNOTS ( 'NONE', 3,
 ( #981, #7740, #942, #5815, #6507, #7104, #2151, #7705, #233, #7067, #5166, #5130, #2232, #6386 ),
 .UNSPECIFIED., .F., .F.,
 ( 4, 2, 2, 2, 2, 2, 4 ),
 ( 0.000000000000000000, 0.0005911301262241662512, 0.001182260252448332502, 0.001477825315560415140, 0.001773390378672497561, 0.002068955441784580199, 0.002364520504896662836 ),
 .UNSPECIFIED. ) ;
#1478 = TOROIDAL_SURFACE ( 'NONE', #5981, 8.500000000000000000, 1.500000000000000000 ) ;
#1479 = CARTESIAN_POINT ( 'NONE',  ( 1.405225474359138138, 59.96606045144799424, 6.724589978644034183 ) ) ;
#1480 = CARTESIAN_POINT ( 'NONE',  ( -6.252884480344793161, 58.69053078926057765, -7.830313613816367813 ) ) ;
#1481 = CARTESIAN_POINT ( 'NONE',  ( 2.666018299816929726, 44.81422140330016646, -8.856486622203483705 ) ) ;
#1482 = ADVANCED_FACE ( 'NONE', ( #2745 ), #1340, .T. ) ;
#1483 = CARTESIAN_POINT ( 'NONE',  ( 2.136366045425131421, 60.00000000000000711, -6.961081479198567123 ) ) ;
#1484 = CARTESIAN_POINT ( 'NONE',  ( 0.000000000000000000, 45.00000000000000000, 0.000000000000000000 ) ) ;
#1485 = EDGE_CURVE ( 'NONE', #550, #3407, #5766, .T. ) ;
#1486 = CARTESIAN_POINT ( 'NONE',  ( 2.320853571429605022, 45.00000000000000711, 8.374078504119040645 ) ) ;
#1487 = DIRECTION ( 'NONE',  ( -0.000000000000000000, -1.000000000000000000, -0.000000000000000000 ) ) ;
#1488 = FACE_OUTER_BOUND ( 'NONE', #2258, .T. ) ;
#1489 = CIRCLE ( 'NONE', #3554, 0.6999999999999997335 ) ;
#1490 = VERTEX_POINT ( 'NONE', #817 ) ;
#1491 = ORIENTED_EDGE ( 'NONE', *, *, #3702, .F. ) ;
#1492 = EDGE_CURVE ( 'NONE', #182, #1768, #6384, .T. ) ;
#1493 = EDGE_CURVE ( 'NONE', #450, #7701, #7895, .T. ) ;
#1494 = DIRECTION ( 'NONE',  ( 0.000000000000000000, 0.000000000000000000, 1.000000000000000000 ) ) ;
#1495 = ORIENTED_EDGE ( 'NONE', *, *, #7203, .F. ) ;
#1496 = CARTESIAN_POINT ( 'NONE',  ( 10.40238923102210933, 44.06027841475526685, -1.500000000000000000 ) ) ;
#1497 = CARTESIAN_POINT ( 'NONE',  ( -6.177601594321102674, 44.96265802970543746, 6.388557464677268705 ) ) ;
#1498 = CARTESIAN_POINT ( 'NONE',  ( -2.831702505627055277, 59.29999999999999716, -7.904652611666146633 ) ) ;
#1499 = CARTESIAN_POINT ( 'NONE',  ( 6.382894355133005959, 44.33474125497714624, -7.497732284937828950 ) ) ;
#1500 = DIRECTION ( 'NONE',  ( -0.000000000000000000, -1.000000000000000000, -0.000000000000000000 ) ) ;
#1501 = DIRECTION ( 'NONE',  ( -0.000000000000000000, -1.000000000000000000, -0.000000000000000000 ) ) ;
#1502 = CARTESIAN_POINT ( 'NONE',  ( -5.431299134285544561, 45.49311510543482484, -6.344744298363929502 ) ) ;
#1503 = VERTEX_POINT ( 'NONE', #4839 ) ;
#1504 = CIRCLE ( 'NONE', #7158, 4.299999999999999822 ) ;
#1505 = ORIENTED_EDGE ( 'NONE', *, *, #3356, .F. ) ;
#1506 = CARTESIAN_POINT ( 'NONE',  ( -4.236498312829943380, 58.50000000000000711, 9.058260431528177392 ) ) ;
#1507 = CARTESIAN_POINT ( 'NONE',  ( -2.893213053889503783, 44.49375715928961483, -9.182983381284067548 ) ) ;
#1508 = CARTESIAN_POINT ( 'NONE',  ( 8.210359310042404601, 45.49311510543481774, -1.531270876661743108 ) ) ;
#1509 = CARTESIAN_POINT ( 'NONE',  ( 6.639772198498297584, 43.97937284440483552, 7.376728917501250926 ) ) ;
#1510 = CARTESIAN_POINT ( 'NONE',  ( 3.538314276580455164, 60.00000000000000000, 7.728540100183665551 ) ) ;
#1511 = VECTOR ( 'NONE', #4765, 1000.000000000000114 ) ;
#1512 =( BOUNDED_SURFACE ( )  B_SPLINE_SURFACE ( 3, 2, ( 
 ( #5791, #2692, #3253 ),
 ( #5709, #7558, #5144 ),
 ( #288, #1605, #6706 ),
 ( #2164, #1042, #2210 ),
 ( #5496, #999, #4246 ),
 ( #7909, #3457, #5911 ),
 ( #4853, #3608, #5261 ),
 ( #587, #4891, #7676 ),
 ( #1562, #6563, #2393 ),
 ( #2438, #5827, #7754 ),
 ( #366, #919, #6521 ),
 ( #325, #7342, #2994 ),
 ( #4627, #7155, #5868 ),
 ( #4022, #2810, #6095 ) ),
 .UNSPECIFIED., .F., .F., .F. ) 
 B_SPLINE_SURFACE_WITH_KNOTS ( ( 4, 2, 2, 2, 2, 2, 4 ),
 ( 3, 3 ),
 ( 0.001772834456946045063, 0.002650301912888591415, 0.003089035640859864700, 0.003527769368831137984, 0.003966503096802411268, 0.004405236824773684119, 0.005282704280716230688 ),
 ( 0.000000000000000000, 1.000000000000000000 ),
 .UNSPECIFIED. ) 
 GEOMETRIC_REPRESENTATION_ITEM ( )  RATIONAL_B_SPLINE_SURFACE ( (
 ( 1.000000000000000000, 0.7764019833919699742, 1.000000000000000000),
 ( 1.000000000000000000, 0.7764724955933757222, 1.000000000000000000),
 ( 1.000000000000000000, 0.7751264840472896767, 1.000000000000000000),
 ( 1.000000000000000000, 0.7709952323542180741, 1.000000000000000000),
 ( 1.000000000000000000, 0.7692344803650237317, 1.000000000000000000),
 ( 1.000000000000000000, 0.7650189772143507483, 1.000000000000000000),
 ( 1.000000000000000000, 0.7625688308997747855, 1.000000000000000000),
 ( 1.000000000000000000, 0.7568621671777727711, 1.000000000000000000),
 ( 1.000000000000000000, 0.7536059078440126013, 1.000000000000000000),
 ( 1.000000000000000000, 0.7464197732060559032, 1.000000000000000000),
 ( 1.000000000000000000, 0.7424609519007130398, 1.000000000000000000),
 ( 1.000000000000000000, 0.7292012344433476123, 1.000000000000000000),
 ( 1.000000000000000000, 0.7190378339146193953, 1.000000000000000000),
 ( 1.000000000000000000, 0.7071067811865440200, 1.000000000000000000) ) ) 
 REPRESENTATION_ITEM ( '' )  SURFACE ( )  );
#1513 = CARTESIAN_POINT ( 'NONE',  ( 2.909583996627135072, 45.00000000000000000, 8.039547311047511968 ) ) ;
#1514 = CARTESIAN_POINT ( 'NONE',  ( -8.417244204607584379, 64.86389322930409662, 1.500000000000001110 ) ) ;
#1515 = ORIENTED_EDGE ( 'NONE', *, *, #510, .T. ) ;
#1516 = ADVANCED_FACE ( 'NONE', ( #1098 ), #4801, .T. ) ;
#1517 = ADVANCED_FACE ( 'NONE', ( #5321 ), #4193, .F. ) ;
#1518 = CARTESIAN_POINT ( 'NONE',  ( 2.901761263253622936, 58.79691270050350482, 8.025997939390524749 ) ) ;
#1519 = CARTESIAN_POINT ( 'NONE',  ( -5.001642423467274945, 59.99469939789404549, 4.394045864128463208 ) ) ;
#1520 = CARTESIAN_POINT ( 'NONE',  ( -4.819756104233952065, 60.00000000000000000, 4.614400071502572587 ) ) ;
#1521 = CARTESIAN_POINT ( 'NONE',  ( 4.346608908250216174, 60.69990933521665255, -4.528547469720873409 ) ) ;
#1522 = CARTESIAN_POINT ( 'NONE',  ( -3.538314276580458717, 60.00000000000000000, -7.728540100183663775 ) ) ;
#1523 = LINE ( 'NONE', #4021, #5546 ) ;
#1524 = CARTESIAN_POINT ( 'NONE',  ( 3.823205540186627616, 44.47407819879622792, -9.621986243382071535 ) ) ;
#1525 = CARTESIAN_POINT ( 'NONE',  ( 6.673785686565878450, 43.50000000000000000, 7.447186355247760403 ) ) ;
#1526 = STYLED_ITEM ( 'NONE', ( #5273 ), #3156 ) ;
#1527 = CARTESIAN_POINT ( 'NONE',  ( 0.000000000000000000, 45.00000000000000000, 0.000000000000000000 ) ) ;
#1528 = LINE ( 'NONE', #2855, #2532 ) ;
#1529 = CARTESIAN_POINT ( 'NONE',  ( -8.462269199216011728, 60.00000000000000000, 0.8000000000000012657 ) ) ;
#1530 = CARTESIAN_POINT ( 'NONE',  ( 5.250535276499663340, 59.51119082470238908, 5.886515752905371990 ) ) ;
#1531 = CARTESIAN_POINT ( 'NONE',  ( 8.210359310042404601, 45.49311510543481774, -1.531270876661743108 ) ) ;
#1532 = ORIENTED_EDGE ( 'NONE', *, *, #4547, .F. ) ;
#1533 = CIRCLE ( 'NONE', #3983, 0.7000000000000000666 ) ;
#1534 = ORIENTED_EDGE ( 'NONE', *, *, #2078, .T. ) ;
#1535 = CARTESIAN_POINT ( 'NONE',  ( 8.417244204607586155, 45.69089023002221239, 1.499999999999999778 ) ) ;
#1536 = ORIENTED_EDGE ( 'NONE', *, *, #1740, .F. ) ;
#1537 = CARTESIAN_POINT ( 'NONE',  ( 9.002951553013618380, 44.81422140330020198, -2.119403736506100699 ) ) ;
#1538 = DIRECTION ( 'NONE',  ( 0.8660254037844385966, 0.000000000000000000, -0.5000000000000003331 ) ) ;
#1539 = CARTESIAN_POINT ( 'NONE',  ( 2.087340844156391650, 58.89955821941296676, -7.670361972117144767 ) ) ;
#1540 = CARTESIAN_POINT ( 'NONE',  ( -6.306176555462809752, 59.99469939789403838, -2.134526467304376229 ) ) ;
#1541 = CARTESIAN_POINT ( 'NONE',  ( -2.885123839561675396, 44.50894764137461834, -9.171275421820592300 ) ) ;
#1542 = CARTESIAN_POINT ( 'NONE',  ( 6.116371473349212273, 60.00000000000000000, -2.199999999999999289 ) ) ;
#1543 = CARTESIAN_POINT ( 'NONE',  ( 8.658638042297376103, 59.99029920218772105, 0.8085411998166883718 ) ) ;
#1544 = ORIENTED_EDGE ( 'NONE', *, *, #3711, .T. ) ;
#1545 = ORIENTED_EDGE ( 'NONE', *, *, #4347, .F. ) ;
#1546 = CARTESIAN_POINT ( 'NONE',  ( 8.340369426364455663, 59.08601872171032454, -1.499999999999999556 ) ) ;
#1547 = FACE_OUTER_BOUND ( 'NONE', #4353, .T. ) ;
#1548 = CARTESIAN_POINT ( 'NONE',  ( 6.123233995736766282E-16, 1.500000000000000000, 5.000000000000000000 ) ) ;
#1549 = CARTESIAN_POINT ( 'NONE',  ( 6.254776217364673485, 44.95928555182402420, 7.833590198449084774 ) ) ;
#1550 = CARTESIAN_POINT ( 'NONE',  ( 5.325584076986944915, 58.50000000000000000, -7.624182201321208829 ) ) ;
#1551 = EDGE_CURVE ( 'NONE', #6695, #1167, #1037, .T. ) ;
#1552 = B_SPLINE_CURVE_WITH_KNOTS ( 'NONE', 3,
 ( #1285, #5557, #5594, #6122 ),
 .UNSPECIFIED., .F., .F.,
 ( 4, 4 ),
 ( 0.000000000000000000, 0.0008268229203837842208 ),
 .UNSPECIFIED. ) ;
#1553 = CARTESIAN_POINT ( 'NONE',  ( -9.464776459753483806, 44.41763316992680188, 2.080652917468285956 ) ) ;
#1554 = CARTESIAN_POINT ( 'NONE',  ( -3.036956271878341607, 59.27933203474310631, -8.260162563258239388 ) ) ;
#1555 = ORIENTED_EDGE ( 'NONE', *, *, #749, .F. ) ;
#1556 = CARTESIAN_POINT ( 'NONE',  ( 1.747537707918729089, 59.71682665320045658, 7.189930848206429914 ) ) ;
#1557 = DIRECTION ( 'NONE',  ( 0.000000000000000000, 1.000000000000000000, 0.000000000000000000 ) ) ;
#1558 = CARTESIAN_POINT ( 'NONE',  ( -5.366358282250343947, 59.33863098884647513, 6.294805196475644848 ) ) ;
#1559 = CARTESIAN_POINT ( 'NONE',  ( 8.261481222607418573, 60.00000000000000000, 0.7999999999999998224 ) ) ;
#1560 = LINE ( 'NONE', #4580, #1405 ) ;
#1561 = DIRECTION ( 'NONE',  ( 0.000000000000000000, 0.000000000000000000, 1.000000000000000000 ) ) ;
#1562 = CARTESIAN_POINT ( 'NONE',  ( 9.171403145773394883, 44.69658421580470531, 2.104927464238364632 ) ) ;
#1563 = ORIENTED_EDGE ( 'NONE', *, *, #4792, .F. ) ;
#1564 = CARTESIAN_POINT ( 'NONE',  ( -5.931801859636056662, 58.71174231375389496, 7.274182201321206520 ) ) ;
#1565 = PLANE ( 'NONE',  #4825 ) ;
#1566 = CARTESIAN_POINT ( 'NONE',  ( -3.112559727078485938, 43.49999999999995737, -9.503261121602896822 ) ) ;
#1567 = CARTESIAN_POINT ( 'NONE',  ( -5.705235980852409128, 58.89515726333497270, 8.164235874416990058 ) ) ;
#1568 = CARTESIAN_POINT ( 'NONE',  ( 6.123233995736766282E-16, 0.6999999999999999556, 5.000000000000000000 ) ) ;
#1569 = CARTESIAN_POINT ( 'NONE',  ( 9.960101734956325004, 45.06128468650055652, -0.8946075869360152755 ) ) ;
#1570 = B_SPLINE_CURVE_WITH_KNOTS ( 'NONE', 3,
 ( #3192, #3717, #5644, #6170 ),
 .UNSPECIFIED., .F., .F.,
 ( 4, 4 ),
 ( -5.301803234582097433E-06, 0.0002826437288089446291 ),
 .UNSPECIFIED. ) ;
#1571 = ORIENTED_EDGE ( 'NONE', *, *, #7712, .F. ) ;
#1572 = ORIENTED_EDGE ( 'NONE', *, *, #4796, .T. ) ;
#1573 = CARTESIAN_POINT ( 'NONE',  ( -8.567139404062734442, 59.29999997292472358, -1.499999999999999334 ) ) ;
#1574 = ORIENTED_EDGE ( 'NONE', *, *, #1145, .F. ) ;
#1575 = CARTESIAN_POINT ( 'NONE',  ( 9.786345413644401248, 43.49999999999995737, 2.056074766355141747 ) ) ;
#1576 = CARTESIAN_POINT ( 'NONE',  ( -6.162723887912135545, 44.21244023287264469, 7.674150886881824896 ) ) ;
#1577 = CARTESIAN_POINT ( 'NONE',  ( -1.567452533626048528, 60.00000000000000000, -6.609769517136951045 ) ) ;
#1578 = CARTESIAN_POINT ( 'NONE',  ( 4.960290376085723985, 59.99999999999998579, -5.330688006719670469 ) ) ;
#1579 = ADVANCED_FACE ( 'NONE', ( #2983 ), #1661, .T. ) ;
#1580 = CARTESIAN_POINT ( 'NONE',  ( 3.408662990750350730, 43.74710561168240730, -9.402195459032093083 ) ) ;
#1581 = CARTESIAN_POINT ( 'NONE',  ( 3.365404339243623255, 45.11759801855913565, -8.892657803968047503 ) ) ;
#1582 = DIRECTION ( 'NONE',  ( -0.000000000000000000, -1.000000000000000000, -0.000000000000000000 ) ) ;
#1583 = ORIENTED_EDGE ( 'NONE', *, *, #3660, .F. ) ;
#1584 = EDGE_LOOP ( 'NONE', ( #2425, #2105, #6458, #4162, #7523 ) ) ;
#1585 = ADVANCED_FACE ( 'NONE', ( #7135 ), #3480, .T. ) ;
#1586 = EDGE_CURVE ( 'NONE', #7441, #7517, #601, .T. ) ;
#1587 = LINE ( 'NONE', #978, #6270 ) ;
#1588 = CARTESIAN_POINT ( 'NONE',  ( 0.000000000000000000, 45.00000000000000000, 0.000000000000000000 ) ) ;
#1589 = CARTESIAN_POINT ( 'NONE',  ( 1.586309633028916144, 60.00000000000000000, 6.481231262063184673 ) ) ;
#1590 = CARTESIAN_POINT ( 'NONE',  ( 6.223751808012012887, 43.91194685461409364, 7.779854345175470698 ) ) ;
#1591 = EDGE_CURVE ( 'NONE', #2055, #4292, #4780, .T. ) ;
#1592 = DIRECTION ( 'NONE',  ( 0.000000000000000000, -1.000000000000000000, 0.000000000000000000 ) ) ;
#1593 = CARTESIAN_POINT ( 'NONE',  ( 3.055910178380976117, 45.66504311428028728, -8.292991692322733144 ) ) ;
#1594 = DIRECTION ( 'NONE',  ( -0.4999999999999991118, 0.000000000000000000, 0.8660254037844393737 ) ) ;
#1595 = ORIENTED_EDGE ( 'NONE', *, *, #6642, .F. ) ;
#1596 = EDGE_CURVE ( 'NONE', #2951, #2891, #4076, .T. ) ;
#1597 = EDGE_CURVE ( 'NONE', #3304, #2095, #6615, .T. ) ;
#1598 = CARTESIAN_POINT ( 'NONE',  ( 1.854671534562674751, 60.02895608274853601, 6.212385329214230367 ) ) ;
#1599 = FACE_OUTER_BOUND ( 'NONE', #5445, .T. ) ;
#1600 = CARTESIAN_POINT ( 'NONE',  ( -5.245330579411414895, 59.99999999999999289, 6.201394458320745429 ) ) ;
#1601 = DIRECTION ( 'NONE',  ( -0.5000000000000003331, 0.000000000000000000, -0.8660254037844384856 ) ) ;
#1602 = CIRCLE ( 'NONE', #2367, 0.7000000000000001776 ) ;
#1603 = FACE_OUTER_BOUND ( 'NONE', #531, .T. ) ;
#1604 = CARTESIAN_POINT ( 'NONE',  ( 5.931801859636052221, 58.50000000000000000, -7.274182201321210073 ) ) ;
#1605 = CARTESIAN_POINT ( 'NONE',  ( 9.859364070768485533, 43.91850100297573789, 1.499999999999715339 ) ) ;
#1606 = EDGE_LOOP ( 'NONE', ( #2937, #229, #2138, #5312 ) ) ;
#1607 = CIRCLE ( 'NONE', #7901, 12.00000000000000178 ) ;
#1608 = CARTESIAN_POINT ( 'NONE',  ( 6.153991745672703573, 44.80891385920433123, 7.426054996871519265 ) ) ;
#1609 = AXIS2_PLACEMENT_3D ( 'NONE', #111, #3719, #7413 ) ;
#1610 = APPLICATION_PROTOCOL_DEFINITION ( 'draft international standard', 'automotive_design', 1998, #5269 ) ;
#1611 = CARTESIAN_POINT ( 'NONE',  ( -4.923954922635553899, 60.00000000000000000, 6.928540100183667505 ) ) ;
#1612 = CARTESIAN_POINT ( 'NONE',  ( -3.015762110148838104, 45.00452237292400781, 8.223453198320930468 ) ) ;
#1613 = EDGE_LOOP ( 'NONE', ( #2178, #1021, #4715, #4004 ) ) ;
#1614 = EDGE_CURVE ( 'NONE', #2554, #7687, #5098, .T. ) ;
#1615 = ORIENTED_EDGE ( 'NONE', *, *, #317, .T. ) ;
#1616 = CARTESIAN_POINT ( 'NONE',  ( 0.000000000000000000, 1.500000000000000000, 0.000000000000000000 ) ) ;
#1617 = ORIENTED_EDGE ( 'NONE', *, *, #2697, .T. ) ;
#1618 = CARTESIAN_POINT ( 'NONE',  ( 9.847878467117954671, 43.75189518330643068, 1.743537425424204645 ) ) ;
#1619 = CARTESIAN_POINT ( 'NONE',  ( -1.586309633028919031, 60.00000000000000000, -6.481231262063181120 ) ) ;
#1620 = CARTESIAN_POINT ( 'NONE',  ( 5.245330579411846550, 60.00000000000000000, -6.201394458320812930 ) ) ;
#1621 = FACE_OUTER_BOUND ( 'NONE', #2300, .T. ) ;
#1622 = DIRECTION ( 'NONE',  ( 0.000000000000000000, 0.000000000000000000, 1.000000000000000000 ) ) ;
#1623 = FACE_OUTER_BOUND ( 'NONE', #2778, .T. ) ;
#1624 = ORIENTED_EDGE ( 'NONE', *, *, #2734, .T. ) ;
#1625 = ORIENTED_EDGE ( 'NONE', *, *, #3844, .T. ) ;
#1626 = CARTESIAN_POINT ( 'NONE',  ( -9.773045838156823706, 59.25597686298502254, 0.8531873427972563873 ) ) ;
#1627 = CARTESIAN_POINT ( 'NONE',  ( -6.407564036962688725, 59.99999999999999289, -1.869092015974292309 ) ) ;
#1628 = CARTESIAN_POINT ( 'NONE',  ( 5.280591245577406667, 59.84838327266260194, -7.490179181990898272 ) ) ;
#1629 = LINE ( 'NONE', #4049, #3185 ) ;
#1630 = CARTESIAN_POINT ( 'NONE',  ( 3.252805220166488098, 58.99281382787368244, -8.634023908453642093 ) ) ;
#1631 = CARTESIAN_POINT ( 'NONE',  ( -3.939943430931846180, 45.00000000000000000, 8.424182201321206875 ) ) ;
#1632 = AXIS2_PLACEMENT_3D ( 'NONE', #6243, #1288, #3183 ) ;
#1633 = VERTEX_POINT ( 'NONE', #3557 ) ;
#1634 = B_SPLINE_CURVE_WITH_KNOTS ( 'NONE', 3,
 ( #934, #3840, #4603, #2743, #4520, #3351, #4643, #815 ),
 .UNSPECIFIED., .F., .F.,
 ( 4, 2, 2, 4 ),
 ( 0.000000000000000000, 0.0006314477280047923417, 0.0009471715920071902472, 0.001262895456009588370 ),
 .UNSPECIFIED. ) ;
#1635 = CARTESIAN_POINT ( 'NONE',  ( 5.431299134285541896, 45.49311510543481774, 6.344744298363925061 ) ) ;
#1636 = CARTESIAN_POINT ( 'NONE',  ( 2.779060175756864481, 45.49311510543481774, 7.876015175025671056 ) ) ;
#1637 = CARTESIAN_POINT ( 'NONE',  ( 4.236498311317004273, 58.69786187492253760, 9.058260432235769599 ) ) ;
#1638 = CARTESIAN_POINT ( 'NONE',  ( 5.599057901997476883, 58.89955821941180147, -5.642871183455201667 ) ) ;
#1639 = CARTESIAN_POINT ( 'NONE',  ( -3.289896406890332248, 58.91913233273815820, 8.698267728372352181 ) ) ;
#1640 = LINE ( 'NONE', #6600, #6584 ) ;
#1641 = EDGE_LOOP ( 'NONE', ( #5810, #487, #5425 ) ) ;
#1642 = ADVANCED_FACE ( 'NONE', ( #1623 ), #4591, .T. ) ;
#1643 = CARTESIAN_POINT ( 'NONE',  ( -3.206523730960874694E-16, 64.86389322930409662, -1.500000000000001110 ) ) ;
#1644 = ORIENTED_EDGE ( 'NONE', *, *, #4713, .T. ) ;
#1645 = CARTESIAN_POINT ( 'NONE',  ( -5.530172705284661205, 59.29999999999999716, 6.578540100183667860 ) ) ;
#1646 = CARTESIAN_POINT ( 'NONE',  ( 9.197225629673363656, 59.77675553006066878, -1.499999999999857669 ) ) ;
#1647 = DIRECTION ( 'NONE',  ( -0.4999999999999997780, -0.000000000000000000, -0.8660254037844387076 ) ) ;
#1648 = VECTOR ( 'NONE', #7272, 1000.000000000000000 ) ;
#1649 = CARTESIAN_POINT ( 'NONE',  ( -9.427090425819191211, 59.60209052066624480, 1.500000000000001110 ) ) ;
#1650 = B_SPLINE_CURVE_WITH_KNOTS ( 'NONE', 3,
 ( #3485, #5449, #3562, #2388, #389, #7255, #7902, #5894, #2955, #3524, #4085, #7299 ),
 .UNSPECIFIED., .F., .F.,
 ( 4, 2, 2, 2, 2, 4 ),
 ( -7.465060092922975778E-06, 0.0005897204466706123475, 0.001186905953434147639, 0.001485498706815925477, 0.001784091460197703097, 0.002381276966961260507 ),
 .UNSPECIFIED. ) ;
#1651 = CARTESIAN_POINT ( 'NONE',  ( -5.188422345747168762, 59.04309822270915475, -5.986611113959880548 ) ) ;
#1652 = AXIS2_PLACEMENT_3D ( 'NONE', #5038, #850, #3307 ) ;
#1653 = ORIENTED_EDGE ( 'NONE', *, *, #4012, .F. ) ;
#1654 = ORIENTED_EDGE ( 'NONE', *, *, #408, .T. ) ;
#1655 = VERTEX_POINT ( 'NONE', #102 ) ;
#1656 = CARTESIAN_POINT ( 'NONE',  ( 5.856159171140354225, 59.82458473914901731, 7.143165221625188188 ) ) ;
#1657 = CARTESIAN_POINT ( 'NONE',  ( 6.673785686565901543, 43.49999999999995737, -7.447186355247818135 ) ) ;
#1658 = EDGE_CURVE ( 'NONE', #1087, #1054, #4271, .T. ) ;
#1659 = CARTESIAN_POINT ( 'NONE',  ( 4.095314523829889808, 59.42314520554079138, -8.791285481552224113 ) ) ;
#1660 = CARTESIAN_POINT ( 'NONE',  ( 8.417244204607584379, 58.50000000000000000, 1.499999999999999556 ) ) ;
#1661 = CYLINDRICAL_SURFACE ( 'NONE', #6127, 0.7000000000000000666 ) ;
#1662 = AXIS2_PLACEMENT_3D ( 'NONE', #7578, #3313, #2102 ) ;
#1663 = B_SPLINE_CURVE_WITH_KNOTS ( 'NONE', 3,
 ( #1611, #5916, #6441, #1006, #4632, #7201, #3546, #406, #5993, #7085, #6484, #1567, #3423, #3463 ),
 .UNSPECIFIED., .F., .F.,
 ( 4, 2, 2, 2, 2, 2, 4 ),
 ( 0.000000000000000000, 0.0002930787578485649918, 0.0005861575156971299836, 0.0008792362735456950296, 0.001172315031394259967, 0.001758472547091390059, 0.002344630062788519934 ),
 .UNSPECIFIED. ) ;
#1664 = ORIENTED_EDGE ( 'NONE', *, *, #4401, .T. ) ;
#1665 = VERTEX_POINT ( 'NONE', #4390 ) ;
#1666 = B_SPLINE_CURVE_WITH_KNOTS ( 'NONE', 3,
 ( #7010, #7049, #5760, #6933, #257, #5723, #5642, #3345, #5076, #1414, #4597, #3833 ),
 .UNSPECIFIED., .F., .F.,
 ( 4, 2, 2, 2, 2, 4 ),
 ( 0.000000000000000000, 0.0006060804227970584832, 0.001212160845594116966, 0.001818241268391175558, 0.002121281479789704529, 0.002424321691188233933 ),
 .UNSPECIFIED. ) ;
#1667 = TOROIDAL_SURFACE ( 'NONE', #6162, 6.500000000000000888, 1.500000000000000000 ) ;
#1668 = CARTESIAN_POINT ( 'NONE',  ( 0.000000000000000000, 43.50000000000000000, 0.000000000000000000 ) ) ;
#1669 = CARTESIAN_POINT ( 'NONE',  ( -1.143435191608417556, 59.99993818310217364, 6.384802962201501231 ) ) ;
#1670 = CARTESIAN_POINT ( 'NONE',  ( -9.962932804213766147, 45.44761534702016093, 0.8602150537634423166 ) ) ;
#1671 = CARTESIAN_POINT ( 'NONE',  ( 5.726434491383813885, 58.69821682416045405, -8.198045377764740849 ) ) ;
#1672 = DIRECTION ( 'NONE',  ( -0.000000000000000000, 1.000000000000000000, -0.000000000000000000 ) ) ;
#1673 = CARTESIAN_POINT ( 'NONE',  ( 3.132862282853639879, 59.19488232838110520, -8.426276647018736909 ) ) ;
#1674 = CARTESIAN_POINT ( 'NONE',  ( -4.923954922635553899, 59.29999999999999716, 6.928540100183667505 ) ) ;
#1675 = EDGE_LOOP ( 'NONE', ( #2643, #6572, #5395, #5153 ) ) ;
#1676 = CARTESIAN_POINT ( 'NONE',  ( 8.261481222607418573, 60.00000000000000000, -0.7999999999999996003 ) ) ;
#1677 = FACE_OUTER_BOUND ( 'NONE', #17, .T. ) ;
#1678 = CARTESIAN_POINT ( 'NONE',  ( 3.636134057090369076, 58.88145147495376364, 9.297968930012187272 ) ) ;
#1679 = CARTESIAN_POINT ( 'NONE',  ( 0.000000000000000000, 45.00000000000000000, 0.000000000000000000 ) ) ;
#1680 = CARTESIAN_POINT ( 'NONE',  ( -5.653815329255943212, 45.65110126187370554, 6.792695406883062503 ) ) ;
#1681 = CARTESIAN_POINT ( 'NONE',  ( 5.880878112127819080, 58.90364570241938935, -7.185979683325141920 ) ) ;
#1682 = CARTESIAN_POINT ( 'NONE',  ( -3.125734029324405583, 59.94520046359311038, -8.413930149736239983 ) ) ;
#1683 = VERTEX_POINT ( 'NONE', #4352 ) ;
#1684 = EDGE_CURVE ( 'NONE', #6795, #7485, #2656, .T. ) ;
#1685 = CARTESIAN_POINT ( 'NONE',  ( 7.407088877606899935, 60.00000000000000711, -1.007678106909360549 ) ) ;
#1686 = CARTESIAN_POINT ( 'NONE',  ( -9.339452281809686340, 45.41350888058272517, -1.499999999999998890 ) ) ;
#1687 = EDGE_CURVE ( 'NONE', #5161, #5342, #7846, .T. ) ;
#1688 = DIRECTION ( 'NONE',  ( 0.000000000000000000, 0.000000000000000000, 1.000000000000000000 ) ) ;
#1689 = CARTESIAN_POINT ( 'NONE',  ( -9.163680012902336358, 58.90364570241938935, 1.500000000000001332 ) ) ;
#1690 = CARTESIAN_POINT ( 'NONE',  ( 9.911819803788596062, 44.18723787529081193, -1.329658840597462532 ) ) ;
#1691 = B_SPLINE_CURVE_WITH_KNOTS ( 'NONE', 3,
 ( #2377, #7283, #1168, #2979, #6196, #1204, #2538, #6730 ),
 .UNSPECIFIED., .F., .F.,
 ( 4, 2, 2, 4 ),
 ( -7.483314828528383384E-06, 0.001314877765573390592, 0.001976058305774348704, 0.002637238845975306816 ),
 .UNSPECIFIED. ) ;
#1692 = ORIENTED_EDGE ( 'NONE', *, *, #4000, .F. ) ;
#1693 = ORIENTED_EDGE ( 'NONE', *, *, #2003, .F. ) ;
#1694 = EDGE_CURVE ( 'NONE', #1410, #4405, #1504, .T. ) ;
#1695 = ORIENTED_EDGE ( 'NONE', *, *, #6206, .T. ) ;
#1696 = CARTESIAN_POINT ( 'NONE',  ( 9.865332269810126675, 44.20607608376096920, 1.648955673772604769 ) ) ;
#1697 = ADVANCED_FACE ( 'NONE', ( #4915 ), #5415, .F. ) ;
#1698 = CARTESIAN_POINT ( 'NONE',  ( -1.152929848348845265, 60.00000000000000000, -6.396933074902873884 ) ) ;
#1699 = CARTESIAN_POINT ( 'NONE',  ( 5.751032792931648707, 45.00000000000000000, 5.561080993352353730 ) ) ;
#1700 = CARTESIAN_POINT ( 'NONE',  ( 7.739994670903526774, 58.50000000000000000, 2.022988505747126187 ) ) ;
#1701 = CARTESIAN_POINT ( 'NONE',  ( -2.118037897910827194, 45.02275046629593902, 7.714526263032195352 ) ) ;
#1702 = EDGE_LOOP ( 'NONE', ( #2583, #6562, #4498, #7327 ) ) ;
#1703 = EDGE_LOOP ( 'NONE', ( #5386, #4744, #652, #4635, #2995 ) ) ;
#1704 = CARTESIAN_POINT ( 'NONE',  ( 9.962932804213766147, 45.24690378469705365, -0.8602150537634412064 ) ) ;
#1705 = CARTESIAN_POINT ( 'NONE',  ( -2.909583996627132407, 58.50000000000000000, 8.039547311047513745 ) ) ;
#1706 = CARTESIAN_POINT ( 'NONE',  ( -8.261481222607418573, 60.00000000000000000, -0.7999999999999993783 ) ) ;
#1707 = CARTESIAN_POINT ( 'NONE',  ( -5.429778716980369069, 59.29999999999999716, -6.404652611666144857 ) ) ;
#1708 = CARTESIAN_POINT ( 'NONE',  ( -3.962372588375243865, 59.69377025920019264, 8.538957292253785525 ) ) ;
#1709 = CARTESIAN_POINT ( 'NONE',  ( -8.210359310042404601, 45.70000000000001705, 1.500000000000000888 ) ) ;
#1710 = CARTESIAN_POINT ( 'NONE',  ( 0.000000000000000000, 0.6999999999999999556, 0.000000000000000000 ) ) ;
#1711 = ORIENTED_EDGE ( 'NONE', *, *, #6391, .T. ) ;
#1712 = EDGE_CURVE ( 'NONE', #3366, #4822, #5870, .T. ) ;
#1713 = CARTESIAN_POINT ( 'NONE',  ( 7.096656421511718271, 60.00000000000000000, -1.630393472478515626 ) ) ;
#1714 = CARTESIAN_POINT ( 'NONE',  ( 1.224646799147353256E-15, 5.000000000000000000, 10.00000000000000000 ) ) ;
#1715 = CARTESIAN_POINT ( 'NONE',  ( 0.000000000000000000, 5.000000000000000000, 0.000000000000000000 ) ) ;
#1716 = ORIENTED_EDGE ( 'NONE', *, *, #3702, .T. ) ;
#1717 = ORIENTED_EDGE ( 'NONE', *, *, #4290, .F. ) ;
#1718 = DIRECTION ( 'NONE',  ( 0.000000000000000000, -1.000000000000000000, 0.000000000000000000 ) ) ;
#1719 = CARTESIAN_POINT ( 'NONE',  ( 2.831702505627043731, 60.00000000000000000, -7.904652611666148410 ) ) ;
#1720 = CARTESIAN_POINT ( 'NONE',  ( 6.673785686565879338, 43.50000000000000000, 7.447186355247759515 ) ) ;
#1721 = DIRECTION ( 'NONE',  ( 1.000000000000000000, 0.000000000000000000, 0.000000000000000000 ) ) ;
#1722 = VECTOR ( 'NONE', #2796, 1000.000000000000000 ) ;
#1723 = CARTESIAN_POINT ( 'NONE',  ( 5.584135600478956185, 59.00457541846049736, -5.611099127118200691 ) ) ;
#1724 = CARTESIAN_POINT ( 'NONE',  ( 5.111916151892355487, 59.33639209907865109, 5.854098499109435139 ) ) ;
#1725 = CARTESIAN_POINT ( 'NONE',  ( -3.112559727078461069, 43.50000000000000000, 9.503261121602903927 ) ) ;
#1726 = EDGE_CURVE ( 'NONE', #1138, #2228, #3689, .T. ) ;
#1727 = CIRCLE ( 'NONE', #327, 0.7000000000000000666 ) ;
#1728 = ADVANCED_FACE ( 'NONE', ( #4367 ), #2276, .T. ) ;
#1729 = EDGE_LOOP ( 'NONE', ( #6338, #7249, #347, #7168 ) ) ;
#1730 = CIRCLE ( 'NONE', #2498, 0.6999999999999992895 ) ;
#1731 = ORIENTED_EDGE ( 'NONE', *, *, #519, .T. ) ;
#1732 = ORIENTED_EDGE ( 'NONE', *, *, #1974, .T. ) ;
#1733 = CARTESIAN_POINT ( 'NONE',  ( 3.405560975623448172, 43.74989001083494600, 9.402550138004702518 ) ) ;
#1734 = CARTESIAN_POINT ( 'NONE',  ( -1.356701543807457666, 60.00000000555253621, -6.501674642740181476 ) ) ;
#1735 = AXIS2_PLACEMENT_3D ( 'NONE', #1484, #6439, #7637 ) ;
#1736 = CARTESIAN_POINT ( 'NONE',  ( 3.629101802101081908, 59.99029920218772105, -7.902871106712236582 ) ) ;
#1737 = CARTESIAN_POINT ( 'NONE',  ( 5.475945896943871460, 59.45216504684547232, 5.378887475785104400 ) ) ;
#1738 = DIRECTION ( 'NONE',  ( -0.8660254037844392627, 0.000000000000000000, -0.4999999999999991118 ) ) ;
#1739 = ORIENTED_EDGE ( 'NONE', *, *, #7303, .F. ) ;
#1740 = EDGE_CURVE ( 'NONE', #7582, #7279, #7926, .T. ) ;
#1741 = VERTEX_POINT ( 'NONE', #2637 ) ;
#1742 = CARTESIAN_POINT ( 'NONE',  ( -5.475945896943872349, 59.45216504684547232, -5.378887475785105288 ) ) ;
#1743 = CARTESIAN_POINT ( 'NONE',  ( -2.664686648996308360, 59.87075451882934374, 7.615372662312066332 ) ) ;
#1744 = CARTESIAN_POINT ( 'NONE',  ( 3.065093450956276833, 43.99659213480289566, -9.433506613678218855 ) ) ;
#1745 = CARTESIAN_POINT ( 'NONE',  ( -4.576219266434587318, 60.00000000000000000, -5.910888082718035896 ) ) ;
#1746 = CARTESIAN_POINT ( 'NONE',  ( -3.365404339243626808, 45.11759801855913565, 8.892657803968045727 ) ) ;
#1747 = CARTESIAN_POINT ( 'NONE',  ( 4.236498311317159704, 58.69786187492244522, -9.058260432235698545 ) ) ;
#1748 = B_SPLINE_CURVE_WITH_KNOTS ( 'NONE', 3,
 ( #1216, #7453, #4316, #6820, #3678, #4358, #27, #2505, #6701, #5490 ),
 .UNSPECIFIED., .F., .F.,
 ( 4, 2, 2, 2, 4 ),
 ( -7.941285366567939991E-06, 0.0005234127332231795554, 0.001054766751812927185, 0.001586120770402674705, 0.002117474788992422009 ),
 .UNSPECIFIED. ) ;
#1749 = CARTESIAN_POINT ( 'NONE',  ( -9.962932804213766147, 45.44761534702016093, 0.8602150537634425387 ) ) ;
#1750 = ORIENTED_EDGE ( 'NONE', *, *, #910, .F. ) ;
#1751 = AXIS2_PLACEMENT_3D ( 'NONE', #1631, #7908, #1110 ) ;
#1752 = CARTESIAN_POINT ( 'NONE',  ( 6.408622230040671219, 44.69658421580471952, -6.890204380469073797 ) ) ;
#1753 = LINE ( 'NONE', #6024, #877 ) ;
#1754 = AXIS2_PLACEMENT_3D ( 'NONE', #2988, #4123, #3561 ) ;
#1755 = CARTESIAN_POINT ( 'NONE',  ( -6.383141489005343061, 43.81655901773041251, 7.698088792575830119 ) ) ;
#1756 = CARTESIAN_POINT ( 'NONE',  ( 5.726434491383821879, 58.50000000000000000, 8.198045377764733743 ) ) ;
#1757 = CARTESIAN_POINT ( 'NONE',  ( -3.538314276580459605, 60.00000000000000000, -7.728540100183663775 ) ) ;
#1758 = ORIENTED_EDGE ( 'NONE', *, *, #103, .F. ) ;
#1759 = EDGE_CURVE ( 'NONE', #6593, #1655, #6775, .T. ) ;
#1760 = CARTESIAN_POINT ( 'NONE',  ( 2.768282070896564306, 59.33863098884344112, -7.794805196474853481 ) ) ;
#1761 = CARTESIAN_POINT ( 'NONE',  ( -2.638440768549775495, 60.00000000000000000, 6.812165616410569058 ) ) ;
#1762 = CARTESIAN_POINT ( 'NONE',  ( -0.6928203230275510327, 60.00000000000000000, 0.4000000000000003553 ) ) ;
#1763 = VECTOR ( 'NONE', #6543, 1000.000000000000000 ) ;
#1764 = CARTESIAN_POINT ( 'NONE',  ( 5.206868756431638268, 58.93661152880309828, 6.018561234482641353 ) ) ;
#1765 =( BOUNDED_SURFACE ( )  B_SPLINE_SURFACE ( 3, 2, ( 
 ( #1448, #334, #845 ),
 ( #3383, #3906, #7044 ),
 ( #5030, #5718, #3991 ),
 ( #4474, #770, #3302 ),
 ( #3263, #7566, #2053 ),
 ( #7480, #1971, #4427 ),
 ( #6886, #2014, #7602 ),
 ( #2132, #3223, #5676 ),
 ( #5756, #6928, #253 ),
 ( #2699, #1408, #5149 ),
 ( #4592, #2091, #3948 ),
 ( #4069, #1612, #6527 ),
 ( #7204, #5310, #2336 ),
 ( #5877, #6038, #3547 ) ),
 .UNSPECIFIED., .F., .F., .T. ) 
 B_SPLINE_SURFACE_WITH_KNOTS ( ( 4, 2, 2, 2, 2, 2, 4 ),
 ( 3, 3 ),
 ( 0.002225472628914580177, 0.002664230922196087793, 0.003102989215477595843, 0.003541747508759103893, 0.003980505802040611510, 0.004858022388603626743, 0.005735538975166641976 ),
 ( 0.000000000000000000, 1.000000000000000000 ),
 .UNSPECIFIED. ) 
 GEOMETRIC_REPRESENTATION_ITEM ( )  RATIONAL_B_SPLINE_SURFACE ( (
 ( 1.000000000000000000, 0.7764019189191656567, 1.000000000000000000),
 ( 1.000000000000000000, 0.7764341587993153215, 1.000000000000000000),
 ( 1.000000000000000000, 0.7761162991565074831, 1.000000000000000000),
 ( 1.000000000000000000, 0.7747803634932016736, 1.000000000000000000),
 ( 1.000000000000000000, 0.7737458728123222107, 1.000000000000000000),
 ( 1.000000000000000000, 0.7709754987630622614, 1.000000000000000000),
 ( 1.000000000000000000, 0.7692484910742810600, 1.000000000000000000),
 ( 1.000000000000000000, 0.7650179021867172802, 1.000000000000000000),
 ( 1.000000000000000000, 0.7625239150132885335, 1.000000000000000000),
 ( 1.000000000000000000, 0.7540112073158101724, 1.000000000000000000),
 ( 1.000000000000000000, 0.7467563905232170729, 1.000000000000000000),
 ( 1.000000000000000000, 0.7292810299311016653, 1.000000000000000000),
 ( 1.000000000000000000, 0.7188203502331190764, 1.000000000000000000),
 ( 1.000000000000000000, 0.7071067811865475727, 1.000000000000000000) ) ) 
 REPRESENTATION_ITEM ( '' )  SURFACE ( )  );
#1766 = CARTESIAN_POINT ( 'NONE',  ( -5.277962070004885931, 59.82488524275490249, -4.941138613639718180 ) ) ;
#1767 = ORIENTED_EDGE ( 'NONE', *, *, #5876, .F. ) ;
#1768 = VERTEX_POINT ( 'NONE', #4407 ) ;
#1769 = VECTOR ( 'NONE', #5099, 1000.000000000000000 ) ;
#1770 = CARTESIAN_POINT ( 'NONE',  ( 0.000000000000000000, 0.7000000000000000666, 0.000000000000000000 ) ) ;
#1771 = ORIENTED_EDGE ( 'NONE', *, *, #7046, .T. ) ;
#1772 = CARTESIAN_POINT ( 'NONE',  ( 7.691553809211764126, 45.00000000000000000, 2.199999999999999734 ) ) ;
#1773 = DIRECTION ( 'NONE',  ( -1.000000000000000000, 0.000000000000000000, 2.137682487307248399E-16 ) ) ;
#1774 = CARTESIAN_POINT ( 'NONE',  ( 0.000000000000000000, 43.50000000000000000, 0.000000000000000000 ) ) ;
#1775 = FACE_OUTER_BOUND ( 'NONE', #3609, .T. ) ;
#1776 = CARTESIAN_POINT ( 'NONE',  ( -4.079138549336475350, 44.68052492650399188, 9.130316442497784735 ) ) ;
#1777 = ORIENTED_EDGE ( 'NONE', *, *, #1838, .F. ) ;
#1778 = ORIENTED_EDGE ( 'NONE', *, *, #820, .T. ) ;
#1779 = CARTESIAN_POINT ( 'NONE',  ( -5.931801859636061991, 58.71174231375388075, -7.274182201321198527 ) ) ;
#1780 = PLANE ( 'NONE',  #5232 ) ;
#1781 = CARTESIAN_POINT ( 'NONE',  ( -2.068775128131039143, 58.99743028505172049, 7.643688975615638981 ) ) ;
#1782 = CARTESIAN_POINT ( 'NONE',  ( 2.927088879358676010, 44.44078939132194250, -9.231776803218822991 ) ) ;
#1783 = CARTESIAN_POINT ( 'NONE',  ( -2.883331027308048355, 59.04439041980842973, -7.994075834337296627 ) ) ;
#1784 = CIRCLE ( 'NONE', #4991, 10.00000000000000000 ) ;
#1785 = CARTESIAN_POINT ( 'NONE',  ( -5.507660207980453748, 58.50000000000000000, -6.539547311047508416 ) ) ;
#1786 = AXIS2_PLACEMENT_3D ( 'NONE', #6685, #6840, #3662 ) ;
#1787 = CARTESIAN_POINT ( 'NONE',  ( 3.997986192606902023, 59.63125511759708530, -8.606605184383727902 ) ) ;
#1788 = CARTESIAN_POINT ( 'NONE',  ( 5.140610428709059931, 59.83322763085568852, 5.157233269611324111 ) ) ;
#1789 = CARTESIAN_POINT ( 'NONE',  ( -8.462269199216013504, 59.29999999999999716, -1.499999999999999334 ) ) ;
#1790 = ORIENTED_EDGE ( 'NONE', *, *, #2760, .F. ) ;
#1791 = TOROIDAL_SURFACE ( 'NONE', #7707, 12.70000000000000107, 0.6999999999999999556 ) ;
#1792 = ADVANCED_FACE ( 'NONE', ( #6140 ), #1344, .T. ) ;
#1793 = LINE ( 'NONE', #5335, #699 ) ;
#1794 = CARTESIAN_POINT ( 'NONE',  ( -8.462269199216013504, 60.00000000000000000, -0.7999999999999992673 ) ) ;
#1795 = CARTESIAN_POINT ( 'NONE',  ( 8.945370236787621110, 59.92352707015805890, -0.8206077372838933570 ) ) ;
#1796 = EDGE_CURVE ( 'NONE', #7897, #4833, #6515, .T. ) ;
#1797 = CARTESIAN_POINT ( 'NONE',  ( 5.429778716980361075, 59.29999999999999716, -6.404652611666151074 ) ) ;
#1798 = CARTESIAN_POINT ( 'NONE',  ( 5.583101944928879234, 59.29999999999998295, -6.670216232453448413 ) ) ;
#1799 = ORIENTED_EDGE ( 'NONE', *, *, #7885, .F. ) ;
#1800 = VERTEX_POINT ( 'NONE', #1992 ) ;
#1801 = CARTESIAN_POINT ( 'NONE',  ( -9.788245516483526032, 43.68522673060936512, -2.055935215698849738 ) ) ;
#1802 = CARTESIAN_POINT ( 'NONE',  ( -2.831702505627047284, 59.29999999999999716, 7.904652611666148410 ) ) ;
#1803 = DIRECTION ( 'NONE',  ( -0.000000000000000000, -1.000000000000000000, -0.000000000000000000 ) ) ;
#1804 = CARTESIAN_POINT ( 'NONE',  ( 5.050505951808773375, 60.28467909235493494, 5.747732912461804844 ) ) ;
#1805 = CARTESIAN_POINT ( 'NONE',  ( -5.349310304703566388, 59.62896311542679229, -6.265277233198323081 ) ) ;
#1806 = ORIENTED_EDGE ( 'NONE', *, *, #6465, .T. ) ;
#1807 = CARTESIAN_POINT ( 'NONE',  ( -9.772579882326530409, 59.25683569235943793, -0.8531699328525715886 ) ) ;
#1808 = ORIENTED_EDGE ( 'NONE', *, *, #1591, .T. ) ;
#1809 = CARTESIAN_POINT ( 'NONE',  ( 6.673785686565869568, 43.50000000000000000, -7.447186355247767509 ) ) ;
#1810 = CARTESIAN_POINT ( 'NONE',  ( -8.462269199216011728, 59.29999999999999716, 0.8000000000000012657 ) ) ;
#1811 =( BOUNDED_SURFACE ( )  B_SPLINE_SURFACE ( 3, 2, ( 
 ( #4135, #6597, #3743 ),
 ( #683, #4384, #4545 ),
 ( #4421, #3298, #1967 ),
 ( #4984, #2048, #4468 ),
 ( #6882, #5026, #1442 ),
 ( #7561, #2695, #1361 ),
 ( #6359, #7476, #211 ),
 ( #7599, #3902, #841 ),
 ( #5591, #5753, #3782 ),
 ( #5146, #765, #7439 ),
 ( #1282, #2652, #6923 ),
 ( #3217, #3822, #2089 ) ),
 .UNSPECIFIED., .F., .F., .T. ) 
 B_SPLINE_SURFACE_WITH_KNOTS ( ( 4, 2, 2, 2, 2, 4 ),
 ( 3, 3 ),
 ( 1.680513367352531873E-18, 0.0003130780027722947093, 0.0004696170041584411966, 0.0006261560055445876839, 0.0009392340083168806584, 0.001252312011089173633 ),
 ( 0.000000000000000000, 1.000000000000000000 ),
 .UNSPECIFIED. ) 
 GEOMETRIC_REPRESENTATION_ITEM ( )  RATIONAL_B_SPLINE_SURFACE ( (
 ( 1.000000000000000000, 0.7071067811865473507, 1.000000000000000000),
 ( 1.000000000000000000, 0.7114525854347020228, 1.000000000000000000),
 ( 1.000000000000000000, 0.7155841935930661313, 1.000000000000000000),
 ( 1.000000000000000000, 0.7211136383400741368, 1.000000000000000000),
 ( 1.000000000000000000, 0.7228253759579520432, 1.000000000000000000),
 ( 1.000000000000000000, 0.7260124768012753416, 1.000000000000000000),
 ( 1.000000000000000000, 0.7274944237442820816, 1.000000000000000000),
 ( 1.000000000000000000, 0.7314273696354250953, 1.000000000000000000),
 ( 1.000000000000000000, 0.7334714490888155636, 1.000000000000000000),
 ( 1.000000000000000000, 0.7361867872712627436, 1.000000000000000000),
 ( 1.000000000000000000, 0.7368962947193635760, 1.000000000000000000),
 ( 1.000000000000000000, 0.7368926330804047575, 1.000000000000000000) ) ) 
 REPRESENTATION_ITEM ( '' )  SURFACE ( )  );
#1812 = B_SPLINE_CURVE_WITH_KNOTS ( 'NONE', 3,
 ( #2788, #5085, #7536, #3275, #2026, #1737, #4117, #5927, #4151, #7289, #7773, #3556 ),
 .UNSPECIFIED., .F., .F.,
 ( 4, 2, 2, 2, 2, 4 ),
 ( 0.000000000000000000, 0.0006170047189677829768, 0.001234009437935565954, 0.001851014156903349039, 0.002159516516387240473, 0.002468018875871131907 ),
 .UNSPECIFIED. ) ;
#1813 = CARTESIAN_POINT ( 'NONE',  ( 0.000000000000000000, 45.00000000000000000, 0.000000000000000000 ) ) ;
#1814 = DIRECTION ( 'NONE',  ( -0.5000000000000006661, 0.000000000000000000, -0.8660254037844384856 ) ) ;
#1815 = B_SPLINE_CURVE_WITH_KNOTS ( 'NONE', 3,
 ( #3137, #2541, #3670, #4229, #2421, #4269, #5558, #2495, #7445, #572 ),
 .UNSPECIFIED., .F., .F.,
 ( 4, 2, 2, 2, 4 ),
 ( -8.671656551051888350E-06, 0.0005933647113703131122, 0.001195401079291678274, 0.001797437447213043327, 0.002399473815134408380 ),
 .UNSPECIFIED. ) ;
#1816 = CARTESIAN_POINT ( 'NONE',  ( -6.107428236218309436, 44.18723787529147273, -7.919058327515845264 ) ) ;
#1817 = ORIENTED_EDGE ( 'NONE', *, *, #5022, .T. ) ;
#1818 = CARTESIAN_POINT ( 'NONE',  ( -3.361807880920617997, 45.20841721513587430, 8.854807103631840093 ) ) ;
#1819 = FACE_OUTER_BOUND ( 'NONE', #5361, .T. ) ;
#1820 = DIRECTION ( 'NONE',  ( 0.000000000000000000, 0.000000000000000000, 1.000000000000000000 ) ) ;
#1821 = CARTESIAN_POINT ( 'NONE',  ( 2.893213053889562403, 44.49375715928990616, 9.182983381283733593 ) ) ;
#1822 = DIRECTION ( 'NONE',  ( -0.8660254037844388186, 0.000000000000000000, -0.4999999999999996669 ) ) ;
#1823 = CYLINDRICAL_SURFACE ( 'NONE', #4351, 0.7000000000000000666 ) ;
#1824 = CARTESIAN_POINT ( 'NONE',  ( -2.787901202018194802, 59.50074565370237423, -7.828786528377850829 ) ) ;
#1825 = CARTESIAN_POINT ( 'NONE',  ( 1.152929848348836828, 60.00000000000000000, -6.396933074902873884 ) ) ;
#1826 = CARTESIAN_POINT ( 'NONE',  ( -3.262025223319402478, 43.62158621499634137, -9.453305564658828430 ) ) ;
#1827 = VERTEX_POINT ( 'NONE', #1267 ) ;
#1828 = EDGE_CURVE ( 'NONE', #5672, #1949, #469, .T. ) ;
#1829 = EDGE_CURVE ( 'NONE', #3508, #4982, #92, .T. ) ;
#1830 = CARTESIAN_POINT ( 'NONE',  ( -2.303366213978023769, 60.00000000000000000, 8.389547311047511613 ) ) ;
#1831 = DIRECTION ( 'NONE',  ( 0.000000000000000000, 0.000000000000000000, 1.000000000000000000 ) ) ;
#1832 = B_SPLINE_CURVE_WITH_KNOTS ( 'NONE', 3,
 ( #554, #2928, #7796, #6599, #5947, #4168, #6065, #7915, #5502, #475, #439, #2400 ),
 .UNSPECIFIED., .F., .F.,
 ( 4, 2, 2, 2, 2, 4 ),
 ( 0.000000000000000000, 0.0006087402083572464708, 0.0009131103125358795182, 0.001217480416714512674, 0.001826220625071778769, 0.002434960833429045297 ),
 .UNSPECIFIED. ) ;
#1833 = CARTESIAN_POINT ( 'NONE',  ( -5.617289301262376355, 58.70244047755058148, 5.681642360761792965 ) ) ;
#1834 = DIRECTION ( 'NONE',  ( 0.000000000000000000, 0.000000000000000000, 1.000000000000000000 ) ) ;
#1835 = CARTESIAN_POINT ( 'NONE',  ( -6.673785686565895325, 43.49999999999995737, 7.447186355247822576 ) ) ;
#1836 = CIRCLE ( 'NONE', #6339, 0.6999999999999999556 ) ;
#1837 = CARTESIAN_POINT ( 'NONE',  ( -4.236498311317161480, 58.69786187492299234, -9.058260432235696769 ) ) ;
#1838 = EDGE_CURVE ( 'NONE', #5187, #3588, #2531, .T. ) ;
#1839 = ORIENTED_EDGE ( 'NONE', *, *, #5781, .T. ) ;
#1840 = EDGE_CURVE ( 'NONE', #7897, #2311, #3301, .T. ) ;
#1841 = CARTESIAN_POINT ( 'NONE',  ( -10.17367357028451380, 44.60349555670023847, -1.499999999999998890 ) ) ;
#1842 = CARTESIAN_POINT ( 'NONE',  ( -2.831702505627055277, 59.29999999999999716, -7.904652611666146633 ) ) ;
#1843 = PRODUCT_CONTEXT ( 'NONE', #5269, 'mechanical' ) ;
#1844 = DIRECTION ( 'NONE',  ( 0.000000000000000000, -0.000000000000000000, 1.000000000000000000 ) ) ;
#1845 = CARTESIAN_POINT ( 'NONE',  ( 5.121011257252824578, 59.96664438078830983, 4.579235695959772201 ) ) ;
#1846 = CARTESIAN_POINT ( 'NONE',  ( -5.140938086699746279, 59.24267963121439351, -5.904365964729804794 ) ) ;
#1847 = VERTEX_POINT ( 'NONE', #388 ) ;
#1848 = VERTEX_POINT ( 'NONE', #6505 ) ;
#1849 = CARTESIAN_POINT ( 'NONE',  ( 6.615393774850740982, 43.55919343493570750, -7.499514185655965726 ) ) ;
#1850 = CARTESIAN_POINT ( 'NONE',  ( 0.000000000000000000, 45.00000000000000000, 0.000000000000000000 ) ) ;
#1851 = TOROIDAL_SURFACE ( 'NONE', #71, 16.80000000000000426, 0.6999999999999999556 ) ;
#1852 = DIRECTION ( 'NONE',  ( 2.137682487307248399E-16, 0.000000000000000000, -1.000000000000000000 ) ) ;
#1853 = CYLINDRICAL_SURFACE ( 'NONE', #2312, 0.6999999999999999556 ) ;
#1854 = DIRECTION ( 'NONE',  ( -1.000000000000000000, -0.000000000000000000, -2.137682487307248399E-16 ) ) ;
#1855 = CIRCLE ( 'NONE', #961, 0.7000000000000000666 ) ;
#1856 = EDGE_CURVE ( 'NONE', #1768, #410, #5486, .T. ) ;
#1857 = ORIENTED_EDGE ( 'NONE', *, *, #3701, .F. ) ;
#1858 = ORIENTED_EDGE ( 'NONE', *, *, #2420, .F. ) ;
#1859 = CARTESIAN_POINT ( 'NONE',  ( -3.323981826534083250, 44.50456574272982380, 9.193888146076702128 ) ) ;
#1860 = CARTESIAN_POINT ( 'NONE',  ( 4.580288085489444327, 60.00000000000001421, 5.691039540221304094 ) ) ;
#1861 = CARTESIAN_POINT ( 'NONE',  ( -3.082975925906020986, 43.89891188660081411, 9.459768777155556307 ) ) ;
#1862 = CARTESIAN_POINT ( 'NONE',  ( 3.305602686208137353, 45.48070216549685796, 8.725471802148659251 ) ) ;
#1863 = CARTESIAN_POINT ( 'NONE',  ( -5.507660207980448419, 58.50000000000000000, 6.539547311047511968 ) ) ;
#1864 = B_SPLINE_CURVE_WITH_KNOTS ( 'NONE', 3,
 ( #3492, #2806, #283, #1636 ),
 .UNSPECIFIED., .F., .F.,
 ( 4, 4 ),
 ( -5.301803234596052300E-06, 0.0002826437288089351965 ),
 .UNSPECIFIED. ) ;
#1865 = FACE_OUTER_BOUND ( 'NONE', #1324, .T. ) ;
#1866 = CIRCLE ( 'NONE', #6365, 0.6999999999999999556 ) ;
#1867 = CARTESIAN_POINT ( 'NONE',  ( -7.489520489805187253, 59.51080168353728794, 1.499999999999981792 ) ) ;
#1868 = DIRECTION ( 'NONE',  ( 0.4999999999999998335, -0.000000000000000000, 0.8660254037844388186 ) ) ;
#1869 = AXIS2_PLACEMENT_3D ( 'NONE', #304, #5159, #935 ) ;
#1870 = VERTEX_POINT ( 'NONE', #4609 ) ;
#1871 = CARTESIAN_POINT ( 'NONE',  ( -3.538314276580452056, 60.00000000000000000, 7.728540100183666439 ) ) ;
#1872 = CARTESIAN_POINT ( 'NONE',  ( 1.529817922509407957, 59.95740150391038270, 6.722959345653436003 ) ) ;
#1873 = CARTESIAN_POINT ( 'NONE',  ( -3.333725648282739762, 58.50000000000000000, 8.774182201321206520 ) ) ;
#1874 = CYLINDRICAL_SURFACE ( 'NONE', #2117, 0.6999999999999999556 ) ;
#1875 = CARTESIAN_POINT ( 'NONE',  ( -7.234637190292601439, 59.75043083125071774, 1.795948824296586199 ) ) ;
#1876 = DIRECTION ( 'NONE',  ( 0.000000000000000000, 0.000000000000000000, 1.000000000000000000 ) ) ;
#1877 = DIRECTION ( 'NONE',  ( 0.000000000000000000, -1.000000000000000000, -0.000000000000000000 ) ) ;
#1878 = CARTESIAN_POINT ( 'NONE',  ( -2.909583996627803426, 45.69089023002054262, 8.039547311048675482 ) ) ;
#1879 = EDGE_LOOP ( 'NONE', ( #2290, #4909, #7690, #6611 ) ) ;
#1880 = CARTESIAN_POINT ( 'NONE',  ( -2.909583996627131075, 58.50000000000000000, 8.039547311047511968 ) ) ;
#1881 = CARTESIAN_POINT ( 'NONE',  ( -2.830869605343106610, 60.00000000000000000, 6.918566179379055825 ) ) ;
#1882 = CARTESIAN_POINT ( 'NONE',  ( 6.262132967162021835, 60.00000000000000000, 2.034358274925249344 ) ) ;
#1883 = DIRECTION ( 'NONE',  ( 0.000000000000000000, 0.000000000000000000, 1.000000000000000000 ) ) ;
#1884 = CARTESIAN_POINT ( 'NONE',  ( 2.199923766695431659, 45.00000000000000000, -8.210379736694800812 ) ) ;
#1885 = AXIS2_PLACEMENT_3D ( 'NONE', #3596, #4722, #4041 ) ;
#1886 = ORIENTED_EDGE ( 'NONE', *, *, #1493, .F. ) ;
#1887 = ORIENTED_EDGE ( 'NONE', *, *, #1345, .T. ) ;
#1888 = DIRECTION ( 'NONE',  ( 0.000000000000000000, 0.000000000000000000, -1.000000000000000000 ) ) ;
#1889 = CARTESIAN_POINT ( 'NONE',  ( -5.481407238661362591, 59.04439041980842973, -6.494075834337297515 ) ) ;
#1890 = AXIS2_PLACEMENT_3D ( 'NONE', #7451, #1940, #6699 ) ;
#1891 = CARTESIAN_POINT ( 'NONE',  ( -8.261481222607418573, 59.29999999999999716, -0.7999999999999993783 ) ) ;
#1892 = CARTESIAN_POINT ( 'NONE',  ( -6.209400815507943427, 44.88446914518942066, -7.850531554261582556 ) ) ;
#1893 = ORIENTED_EDGE ( 'NONE', *, *, #3022, .T. ) ;
#1894 = ORIENTED_EDGE ( 'NONE', *, *, #1409, .F. ) ;
#1895 = DIRECTION ( 'NONE',  ( -0.000000000000000000, -1.000000000000000000, -0.000000000000000000 ) ) ;
#1896 = DIRECTION ( 'NONE',  ( -1.000000000000000000, 0.000000000000000000, 2.137682487307248399E-16 ) ) ;
#1897 = CARTESIAN_POINT ( 'NONE',  ( 0.000000000000000000, 58.50000000000000000, 0.000000000000000000 ) ) ;
#1898 = DIRECTION ( 'NONE',  ( 0.000000000000000000, 1.000000000000000000, 0.000000000000000000 ) ) ;
#1899 = CARTESIAN_POINT ( 'NONE',  ( 3.134104882898770317, 59.19936622830417150, -8.428428893430391255 ) ) ;
#1900 = CARTESIAN_POINT ( 'NONE',  ( 2.831702505627049948, 59.29999999999999716, 7.904652611666146633 ) ) ;
#1901 = AXIS2_PLACEMENT_3D ( 'NONE', #656, #3106, #734 ) ;
#1902 = CARTESIAN_POINT ( 'NONE',  ( -7.243632635433693956, 60.44316502280664594, 1.500000000000000444 ) ) ;
#1903 = CARTESIAN_POINT ( 'NONE',  ( -9.847878467118158952, 43.75189518330586935, 1.743537425422940546 ) ) ;
#1904 = ORIENTED_EDGE ( 'NONE', *, *, #7885, .T. ) ;
#1905 =( BOUNDED_SURFACE ( )  B_SPLINE_SURFACE ( 3, 2, ( 
 ( #2444, #7347, #3532 ),
 ( #4858, #5460, #6636 ),
 ( #1833, #5984, #7310 ),
 ( #6751, #1115, #474 ),
 ( #2926, #5379, #4775 ),
 ( #514, #6713, #5420 ),
 ( #591, #7230, #3041 ),
 ( #2963, #7870, #2360 ),
 ( #1, #4817, #6908 ),
 ( #1910, #7423, #3283 ),
 ( #4494, #4370, #7545 ),
 ( #4328, #3768, #6790 ),
 ( #2033, #2678, #4410 ),
 ( #5740, #6949, #5092 ) ),
 .UNSPECIFIED., .F., .F., .F. ) 
 B_SPLINE_SURFACE_WITH_KNOTS ( ( 4, 2, 2, 2, 2, 2, 4 ),
 ( 3, 3 ),
 ( 0.007251311775856280131, 0.007694002128595805144, 0.008136692481335330157, 0.008579382834074856037, 0.009022073186814381918, 0.009907453892293431943, 0.01079283459777248197 ),
 ( 0.000000000000000000, 1.000000000000000000 ),
 .UNSPECIFIED. ) 
 GEOMETRIC_REPRESENTATION_ITEM ( )  RATIONAL_B_SPLINE_SURFACE ( (
 ( 1.000000000000000000, 0.7914775938769184060, 1.000000000000000000),
 ( 1.000000000000000000, 0.7914751215769147974, 1.000000000000000000),
 ( 1.000000000000000000, 0.7910692898050375454, 1.000000000000000000),
 ( 1.000000000000000000, 0.7894438079031531608, 1.000000000000000000),
 ( 1.000000000000000000, 0.7882037160860737579, 1.000000000000000000),
 ( 1.000000000000000000, 0.7849047533173130198, 1.000000000000000000),
 ( 1.000000000000000000, 0.7828546967485628949, 1.000000000000000000),
 ( 1.000000000000000000, 0.7778217196376145948, 1.000000000000000000),
 ( 1.000000000000000000, 0.7748435908280212336, 1.000000000000000000),
 ( 1.000000000000000000, 0.7646248375019722987, 1.000000000000000000),
 ( 1.000000000000000000, 0.7558737235614065852, 1.000000000000000000),
 ( 1.000000000000000000, 0.7342902559673463170, 1.000000000000000000),
 ( 1.000000000000000000, 0.7211950083363036779, 1.000000000000000000),
 ( 1.000000000000000000, 0.7060162090484373154, 1.000000000000000000) ) ) 
 REPRESENTATION_ITEM ( '' )  SURFACE ( )  );
#1906 = CIRCLE ( 'NONE', #4221, 0.6999999999999999556 ) ;
#1907 = CARTESIAN_POINT ( 'NONE',  ( -4.236498312829950486, 58.50000000000000000, -9.058260431528173839 ) ) ;
#1908 = CARTESIAN_POINT ( 'NONE',  ( -6.533008515584900699, 60.01848078357167537, -1.499999999999094058 ) ) ;
#1909 = CYLINDRICAL_SURFACE ( 'NONE', #1983, 0.7000000000000000666 ) ;
#1910 = CARTESIAN_POINT ( 'NONE',  ( -5.352893912040951996, 59.71682665320035710, 5.108377473232065036 ) ) ;
#1911 = AXIS2_PLACEMENT_3D ( 'NONE', #3918, #857, #7535 ) ;
#1912 = CARTESIAN_POINT ( 'NONE',  ( 0.000000000000000000, 58.50000000000000000, 0.000000000000000000 ) ) ;
#1913 = CARTESIAN_POINT ( 'NONE',  ( -6.673785686565904207, 43.49999999999995737, 7.447186355247814582 ) ) ;
#1914 = CARTESIAN_POINT ( 'NONE',  ( -5.326185146643728885, 59.80290436043467395, 7.562296127772936138 ) ) ;
#1915 = AXIS2_PLACEMENT_3D ( 'NONE', #6435, #3938, #7035 ) ;
#1916 = ORIENTED_EDGE ( 'NONE', *, *, #7528, .F. ) ;
#1917 = DIRECTION ( 'NONE',  ( 0.000000000000000000, 1.000000000000000000, 0.000000000000000000 ) ) ;
#1918 = CARTESIAN_POINT ( 'NONE',  ( -9.911819803788565864, 44.18723787529127378, -1.329658840597691016 ) ) ;
#1919 = DIRECTION ( 'NONE',  ( 0.000000000000000000, 0.000000000000000000, 1.000000000000000000 ) ) ;
#1920 = CARTESIAN_POINT ( 'NONE',  ( -5.530172705284666534, 59.29999999999999716, -6.578540100183662531 ) ) ;
#1921 = CARTESIAN_POINT ( 'NONE',  ( -4.452747745910759392, 60.02895608275014894, -4.712385329205623030 ) ) ;
#1922 = EDGE_CURVE ( 'NONE', #6687, #7917, #4329, .T. ) ;
#1923 = ADVANCED_FACE ( 'NONE', ( #2068 ), #3887, .T. ) ;
#1924 = ORIENTED_EDGE ( 'NONE', *, *, #7542, .T. ) ;
#1925 = DIRECTION ( 'NONE',  ( 0.000000000000000000, -1.000000000000000000, -0.000000000000000000 ) ) ;
#1926 = CARTESIAN_POINT ( 'NONE',  ( 2.022848891453232767, 60.00000000000000000, -6.558243886751528251 ) ) ;
#1927 = ADVANCED_FACE ( 'NONE', ( #1547 ), #7062, .F. ) ;
#1928 = ORIENTED_EDGE ( 'NONE', *, *, #995, .F. ) ;
#1929 = DIRECTION ( 'NONE',  ( 0.000000000000000000, 0.000000000000000000, 1.000000000000000000 ) ) ;
#1930 = CARTESIAN_POINT ( 'NONE',  ( 5.774563419662025687, 59.13703967621359681, 7.001837234383304853 ) ) ;
#1931 = DIRECTION ( 'NONE',  ( -1.000000000000000000, 0.000000000000000000, 2.137682487307248399E-16 ) ) ;
#1932 = CARTESIAN_POINT ( 'NONE',  ( 6.312305808650571670, 60.00164933118320931, 2.172204555530100833 ) ) ;
#1933 = CARTESIAN_POINT ( 'NONE',  ( -6.153991745672975355, 44.80891385920374859, -7.426054996871776837 ) ) ;
#1934 = ADVANCED_FACE ( 'NONE', ( #1178 ), #6598, .F. ) ;
#1935 = ORIENTED_EDGE ( 'NONE', *, *, #2038, .T. ) ;
#1936 = EDGE_LOOP ( 'NONE', ( #2357, #5262, #6446, #6080 ) ) ;
#1937 = ORIENTED_EDGE ( 'NONE', *, *, #7292, .T. ) ;
#1938 = EDGE_CURVE ( 'NONE', #3377, #3287, #5221, .T. ) ;
#1939 = CARTESIAN_POINT ( 'NONE',  ( 5.726434491383821879, 45.44761534702016093, 8.198045377764733743 ) ) ;
#1940 = DIRECTION ( 'NONE',  ( 0.5000000000000015543, -1.073081856240828246E-15, 0.8660254037844378194 ) ) ;
#1941 = DIRECTION ( 'NONE',  ( -0.8660254037844388186, 0.000000000000000000, -0.4999999999999996669 ) ) ;
#1942 = CARTESIAN_POINT ( 'NONE',  ( 3.908805843672413793, 44.06757117394381851, 9.770250318162753800 ) ) ;
#1943 = CARTESIAN_POINT ( 'NONE',  ( 2.983388618987909968, 45.67785335177063644, 8.167380666809807011 ) ) ;
#1944 = CARTESIAN_POINT ( 'NONE',  ( -3.273583937844846581, 44.16521768530102321, 9.344696479612776940 ) ) ;
#1945 = B_SPLINE_CURVE_WITH_KNOTS ( 'NONE', 3,
 ( #6480, #7039, #959, #5829, #328, #5222, #7679, #1266, #6259, #4782, #2512, #6033, #3158, #1907 ),
 .UNSPECIFIED., .F., .F.,
 ( 4, 2, 2, 2, 2, 2, 4 ),
 ( 0.000000000000000000, 0.0002930787578485647207, 0.0005861575156971294415, 0.0008792362735456940538, 0.001172315031394259317, 0.001758472547091389842, 0.002344630062788520368 ),
 .UNSPECIFIED. ) ;
#1946 = CARTESIAN_POINT ( 'NONE',  ( -1.880599863776371006, 59.51135107530190282, -7.376255747517688199 ) ) ;
#1947 = CARTESIAN_POINT ( 'NONE',  ( 5.625404832128176658, 59.25597686298502254, 8.037112296794965971 ) ) ;
#1948 = CARTESIAN_POINT ( 'NONE',  ( 5.694607616035191883E-16, 0.000000000000000000, -4.299999999999999822 ) ) ;
#1949 = VERTEX_POINT ( 'NONE', #4766 ) ;
#1950 = B_SPLINE_CURVE_WITH_KNOTS ( 'NONE', 3,
 ( #6645, #597, #4867, #7319 ),
 .UNSPECIFIED., .F., .F.,
 ( 4, 4 ),
 ( 0.000000000000000000, 0.0001849247682052288064 ),
 .UNSPECIFIED. ) ;
#1951 = LINE ( 'NONE', #1121, #1000 ) ;
#1952 = CARTESIAN_POINT ( 'NONE',  ( -6.918132598040977577, 59.82488524275158426, -2.100279926014502418 ) ) ;
#1953 = DIRECTION ( 'NONE',  ( 0.000000000000000000, 0.000000000000000000, -1.000000000000000000 ) ) ;
#1954 = CARTESIAN_POINT ( 'NONE',  ( 6.010435543346961396, 45.00000000000000711, -6.010379736694804187 ) ) ;
#1955 = LINE ( 'NONE', #748, #5624 ) ;
#1956 = CARTESIAN_POINT ( 'NONE',  ( 6.234260895025744986, 44.64349766606835601, 7.455729643798115980 ) ) ;
#1957 = DIRECTION ( 'NONE',  ( -0.000000000000000000, -1.000000000000000000, -0.000000000000000000 ) ) ;
#1958 = CARTESIAN_POINT ( 'NONE',  ( -6.234210268443812986, 58.88145147495340836, 7.797968930012416422 ) ) ;
#1959 = EDGE_CURVE ( 'NONE', #7867, #190, #3815, .T. ) ;
#1960 = CARTESIAN_POINT ( 'NONE',  ( -9.265527507918802641, 58.50000000000000000, -1.499999999999999112 ) ) ;
#1961 = CARTESIAN_POINT ( 'NONE',  ( 8.277040690568703951, 45.55979648596110820, 1.510641641447971306 ) ) ;
#1962 = CARTESIAN_POINT ( 'NONE',  ( -9.960101734956356978, 45.06128468650053520, -0.8946075869356824306 ) ) ;
#1963 = CARTESIAN_POINT ( 'NONE',  ( -8.039330164202606710, 60.00000000000000000, -0.8000000245136800192 ) ) ;
#1964 = CARTESIAN_POINT ( 'NONE',  ( 9.683643117177851423, 44.32661192286298757, 1.780905053859108911 ) ) ;
#1965 = CARTESIAN_POINT ( 'NONE',  ( 2.930489946891036368, 44.41763316992683741, -9.237063314021565219 ) ) ;
#1966 = CARTESIAN_POINT ( 'NONE',  ( 3.326157887554848536, 59.99999999999999289, 7.361074455240966152 ) ) ;
#1967 = CARTESIAN_POINT ( 'NONE',  ( 8.853914522186379088, 59.96124756587126825, 0.8168660098326956387 ) ) ;
#1968 = ORIENTED_EDGE ( 'NONE', *, *, #2921, .T. ) ;
#1969 = CARTESIAN_POINT ( 'NONE',  ( 5.621956772992692919, 45.02275046629593902, -5.691537757285073162 ) ) ;
#1970 = DIRECTION ( 'NONE',  ( 0.000000000000000000, 0.000000000000000000, 1.000000000000000000 ) ) ;
#1971 = CARTESIAN_POINT ( 'NONE',  ( -3.564333953913946029, 44.21367720169499904, 9.173607503321742129 ) ) ;
#1972 = CARTESIAN_POINT ( 'NONE',  ( 4.236498312829939827, 45.44761534702016093, -9.058260431528179168 ) ) ;
#1973 = CARTESIAN_POINT ( 'NONE',  ( -7.778768480142074893, 59.04309822270757735, -1.499999999999980682 ) ) ;
#1974 = EDGE_CURVE ( 'NONE', #5672, #4948, #6025, .T. ) ;
#1975 = ORIENTED_EDGE ( 'NONE', *, *, #6459, .T. ) ;
#1976 = VERTEX_POINT ( 'NONE', #3145 ) ;
#1977 = CARTESIAN_POINT ( 'NONE',  ( 3.178622841345821293, 59.14017680860020221, 8.505536259309911529 ) ) ;
#1978 = CARTESIAN_POINT ( 'NONE',  ( 9.596443074086117520, 45.26454619496500698, -1.500000000000000000 ) ) ;
#1979 = CARTESIAN_POINT ( 'NONE',  ( -2.657841326781259284, 44.82131460797840106, 8.844898274049150189 ) ) ;
#1980 = CARTESIAN_POINT ( 'NONE',  ( 3.113630632911588592, 43.68522673060931538, 9.504836883603269726 ) ) ;
#1981 = CARTESIAN_POINT ( 'NONE',  ( -5.141711983044341849, 59.83700960661243329, -5.159967592899337596 ) ) ;
#1982 = CARTESIAN_POINT ( 'NONE',  ( -5.504854985172947579, 45.02277054661630018, -6.534688522619357620 ) ) ;
#1983 = AXIS2_PLACEMENT_3D ( 'NONE', #1830, #3161, #1953 ) ;
#1984 = EDGE_CURVE ( 'NONE', #7406, #1089, #3913, .T. ) ;
#1985 = CARTESIAN_POINT ( 'NONE',  ( -7.397966564247395738, 59.43460535427673364, 2.052999587396932224 ) ) ;
#1986 = CARTESIAN_POINT ( 'NONE',  ( 5.132336285888647431, 59.95229064533530305, 7.256164305215609289 ) ) ;
#1987 = CARTESIAN_POINT ( 'NONE',  ( -5.931801859636057550, 64.86389322930409662, 7.274182201321208296 ) ) ;
#1988 = EDGE_LOOP ( 'NONE', ( #4802, #5234, #2596, #5653 ) ) ;
#1989 = CIRCLE ( 'NONE', #5717, 8.000000000000000000 ) ;
#1990 = VECTOR ( 'NONE', #3282, 1000.000000000000000 ) ;
#1991 = DIRECTION ( 'NONE',  ( 0.000000000000000000, 0.000000000000000000, 1.000000000000000000 ) ) ;
#1992 = CARTESIAN_POINT ( 'NONE',  ( -2.909583996627139513, 58.50000000000000000, -8.039547311047511968 ) ) ;
#1993 = CARTESIAN_POINT ( 'NONE',  ( -3.939943430931855062, 45.44761534702016093, -9.124182201321200836 ) ) ;
#1994 = CARTESIAN_POINT ( 'NONE',  ( -5.621956772992700024, 58.50000000000000000, -5.691537757285066057 ) ) ;
#1995 = DIRECTION ( 'NONE',  ( -0.000000000000000000, -1.000000000000000000, -0.000000000000000000 ) ) ;
#1996 = CARTESIAN_POINT ( 'NONE',  ( -8.988827262606328361, 44.82131460797839395, 2.120691028803863620 ) ) ;
#1997 = CARTESIAN_POINT ( 'NONE',  ( -5.754803764182717885, 45.06128468650053520, 8.178397333281866466 ) ) ;
#1998 = CARTESIAN_POINT ( 'NONE',  ( -5.921100556742926457, 58.71105033875227974, 7.255647001003125318 ) ) ;
#1999 = CARTESIAN_POINT ( 'NONE',  ( -9.197225629673322800, 59.77675553006066167, -1.499999999999851452 ) ) ;
#2000 = CARTESIAN_POINT ( 'NONE',  ( 4.642493793100438637, 60.00000000000000000, -6.350062701054758563 ) ) ;
#2001 = CARTESIAN_POINT ( 'NONE',  ( -9.305336145870244380, 45.32903582538046550, -1.499999999999998668 ) ) ;
#2002 = CARTESIAN_POINT ( 'NONE',  ( -6.262132967162051145, 60.00000000000000000, -2.034358274925263554 ) ) ;
#2003 = EDGE_CURVE ( 'NONE', #3694, #1870, #7277, .T. ) ;
#2004 = CARTESIAN_POINT ( 'NONE',  ( -5.134383977096346641, 59.96124756587126114, -7.259281894233029497 ) ) ;
#2005 = EDGE_CURVE ( 'NONE', #173, #7929, #5040, .T. ) ;
#2006 = CARTESIAN_POINT ( 'NONE',  ( 3.472735130048610230, 44.48044224980048256, -9.014953686473504035 ) ) ;
#2007 = VECTOR ( 'NONE', #357, 1000.000000000000000 ) ;
#2008 = CARTESIAN_POINT ( 'NONE',  ( 2.638445186354452687, 59.99999999999998579, 6.812167921798258696 ) ) ;
#2009 = CARTESIAN_POINT ( 'NONE',  ( -3.354460689030407838, 44.79918326678463814, -9.045121622758154345 ) ) ;
#2010 = VERTEX_POINT ( 'NONE', #7371 ) ;
#2011 = CARTESIAN_POINT ( 'NONE',  ( 5.431299134285534791, 45.49311510543481774, -6.344744298363933055 ) ) ;
#2012 = CARTESIAN_POINT ( 'NONE',  ( 4.823560934331261763, 60.00000000000000000, 6.754652611666145390 ) ) ;
#2013 = CIRCLE ( 'NONE', #6523, 0.6999999999999997335 ) ;
#2014 = CARTESIAN_POINT ( 'NONE',  ( -3.537069217475348637, 44.30661360962599105, 9.126383594555258938 ) ) ;
#2015 = EDGE_LOOP ( 'NONE', ( #4222, #7081, #3974, #6529, #7009, #6903 ) ) ;
#2016 = ORIENTED_EDGE ( 'NONE', *, *, #4189, .T. ) ;
#2017 = VECTOR ( 'NONE', #5992, 1000.000000000000000 ) ;
#2018 = CARTESIAN_POINT ( 'NONE',  ( 2.932096493931347414, 59.29999999999999716, 8.078540100183666084 ) ) ;
#2019 = ORIENTED_EDGE ( 'NONE', *, *, #2291, .T. ) ;
#2020 = CARTESIAN_POINT ( 'NONE',  ( 8.501331778836213715, 45.69999999628198140, -1.499999999999999556 ) ) ;
#2021 = DIRECTION ( 'NONE',  ( 0.000000000000000000, 0.000000000000000000, -1.000000000000000000 ) ) ;
#2022 = CARTESIAN_POINT ( 'NONE',  ( -9.962932804213766147, 45.24689553546550513, -0.8602150537634398741 ) ) ;
#2023 = CARTESIAN_POINT ( 'NONE',  ( 8.039330164202601381, 60.00000000000000000, 0.8000000245136803523 ) ) ;
#2024 = CARTESIAN_POINT ( 'NONE',  ( -6.505587195629281005, 44.49496742196145505, -7.096024629363505198 ) ) ;
#2025 = CARTESIAN_POINT ( 'NONE',  ( 0.000000000000000000, 43.50000000000000000, 0.000000000000000000 ) ) ;
#2026 = CARTESIAN_POINT ( 'NONE',  ( 5.349006880311888423, 59.72317080742410411, 5.099735024489032043 ) ) ;
#2027 = CARTESIAN_POINT ( 'NONE',  ( 3.804391567570244881, 44.18723787529126668, 9.248717168113378406 ) ) ;
#2028 = VERTEX_POINT ( 'NONE', #63 ) ;
#2029 = EDGE_CURVE ( 'NONE', #3093, #6853, #5553, .T. ) ;
#2030 = CARTESIAN_POINT ( 'NONE',  ( 7.683799962046043319, 59.24267963121387481, -1.499999999999852562 ) ) ;
#2031 = CARTESIAN_POINT ( 'NONE',  ( 0.000000000000000000, 43.50000000000000000, 8.500000000000000000 ) ) ;
#2032 = DIRECTION ( 'NONE',  ( -0.8660254037844387076, 0.000000000000000000, -0.4999999999999997780 ) ) ;
#2033 = CARTESIAN_POINT ( 'NONE',  ( -5.037337231630451662, 60.00164933118320221, 4.380514908982482858 ) ) ;
#2034 = DIRECTION ( 'NONE',  ( -0.000000000000000000, -1.000000000000000000, -0.000000000000000000 ) ) ;
#2035 = CARTESIAN_POINT ( 'NONE',  ( 7.820562511287662666, 60.00000000000000711, 0.8454862112091863224 ) ) ;
#2036 = ORIENTED_EDGE ( 'NONE', *, *, #922, .F. ) ;
#2037 = EDGE_CURVE ( 'NONE', #2891, #4272, #4843, .T. ) ;
#2038 = EDGE_CURVE ( 'NONE', #4119, #190, #2587, .T. ) ;
#2039 = DIRECTION ( 'NONE',  ( 0.000000000000000000, 0.000000000000000000, -1.000000000000000000 ) ) ;
#2040 = CARTESIAN_POINT ( 'NONE',  ( -2.118037897910827638, 58.60379722026193150, 7.714526263032197129 ) ) ;
#2041 = CARTESIAN_POINT ( 'NONE',  ( -8.210359310042402825, 45.49311510543481774, -1.531270876661742664 ) ) ;
#2042 = FACE_OUTER_BOUND ( 'NONE', #5282, .T. ) ;
#2043 = CARTESIAN_POINT ( 'NONE',  ( 9.322005602684118486, 45.27938188480974446, 1.500000000000000222 ) ) ;
#2044 = AXIS2_PLACEMENT_3D ( 'NONE', #6580, #4760, #1057 ) ;
#2045 = CARTESIAN_POINT ( 'NONE',  ( 3.902156509834423304, 44.06027841475526685, -9.758733334118881331 ) ) ;
#2046 = CIRCLE ( 'NONE', #6558, 0.6999999999999992895 ) ;
#2047 = DIRECTION ( 'NONE',  ( 0.000000000000000000, 0.000000000000000000, 1.000000000000000000 ) ) ;
#2048 = CARTESIAN_POINT ( 'NONE',  ( 9.114242130927284080, 59.82458473914901020, 1.500000000000165201 ) ) ;
#2049 = CIRCLE ( 'NONE', #6561, 10.00000000000000000 ) ;
#2050 = ORIENTED_EDGE ( 'NONE', *, *, #6912, .F. ) ;
#2051 = DIRECTION ( 'NONE',  ( 0.000000000000000000, 0.000000000000000000, 1.000000000000000000 ) ) ;
#2052 = CARTESIAN_POINT ( 'NONE',  ( 0.000000000000000000, 60.00000000000000000, 0.000000000000000000 ) ) ;
#2053 = CARTESIAN_POINT ( 'NONE',  ( -3.068548540138144709, 43.97937284440521211, 9.438575857991665430 ) ) ;
#2054 = ORIENTED_EDGE ( 'NONE', *, *, #844, .F. ) ;
#2055 = VERTEX_POINT ( 'NONE', #3677 ) ;
#2056 = CARTESIAN_POINT ( 'NONE',  ( -5.429778716980369069, 59.29999999999999716, -6.404652611666143969 ) ) ;
#2057 = ORIENTED_EDGE ( 'NONE', *, *, #5179, .T. ) ;
#2058 = CARTESIAN_POINT ( 'NONE',  ( 8.210359310042404601, 45.49311510543481774, -1.531270876661743108 ) ) ;
#2059 = CARTESIAN_POINT ( 'NONE',  ( -6.584081029795162188, 44.25238333472620411, 7.260771145167046470 ) ) ;
#2060 = CARTESIAN_POINT ( 'NONE',  ( -9.802466688245257131, 43.55919343493536644, -1.979341972229941904 ) ) ;
#2061 = CARTESIAN_POINT ( 'NONE',  ( 6.209400815508077542, 44.88446914518875275, -7.850531554261602984 ) ) ;
#2062 = CARTESIAN_POINT ( 'NONE',  ( -5.445780297538363790, 45.08537027135143660, 5.865560415424282859 ) ) ;
#2063 = CARTESIAN_POINT ( 'NONE',  ( 2.143131898507868643E-15, 5.000000000000000000, 17.50000000000000355 ) ) ;
#2064 = CARTESIAN_POINT ( 'NONE',  ( 8.561278717236282532, 60.00000000000001421, 0.8043473209583553718 ) ) ;
#2065 = ORIENTED_EDGE ( 'NONE', *, *, #7022, .T. ) ;
#2066 = ORIENTED_EDGE ( 'NONE', *, *, #7194, .T. ) ;
#2067 = CARTESIAN_POINT ( 'NONE',  ( 6.307419280468827161, 60.02895608274992156, -1.500000000000092815 ) ) ;
#2068 = FACE_OUTER_BOUND ( 'NONE', #104, .T. ) ;
#2069 = CARTESIAN_POINT ( 'NONE',  ( 1.356701543796057008, 60.00000000555252910, 6.501674642762451661 ) ) ;
#2070 = CARTESIAN_POINT ( 'NONE',  ( 1.299038105676657562, 59.29999999999999716, -0.7500000000000001110 ) ) ;
#2071 = FACE_OUTER_BOUND ( 'NONE', #7048, .T. ) ;
#2072 =( BOUNDED_CURVE ( )  B_SPLINE_CURVE ( 3, ( #2011, #135, #7041, #1969 ),
 .UNSPECIFIED., .F., .T. ) 
 B_SPLINE_CURVE_WITH_KNOTS ( ( 4, 4 ),
 ( 1.870827355505821910, 2.885943452791516428 ),
 .UNSPECIFIED. ) 
 CURVE ( )  GEOMETRIC_REPRESENTATION_ITEM ( )  RATIONAL_B_SPLINE_CURVE ( ( 1.000000000000000000, 0.9159560062732681196, 0.9159560062732681196, 1.000000000000000000 ) ) 
 REPRESENTATION_ITEM ( '' )  );
#2073 = CIRCLE ( 'NONE', #3097, 0.6999999999999992895 ) ;
#2074 = DIRECTION ( 'NONE',  ( 0.000000000000000000, 0.000000000000000000, 1.000000000000000000 ) ) ;
#2075 = CARTESIAN_POINT ( 'NONE',  ( 8.462269199216013504, 59.29999999999999716, 1.499999999999999778 ) ) ;
#2076 = EDGE_CURVE ( 'NONE', #930, #5161, #3940, .T. ) ;
#2077 = ORIENTED_EDGE ( 'NONE', *, *, #3881, .F. ) ;
#2078 = EDGE_CURVE ( 'NONE', #5434, #4480, #2013, .T. ) ;
#2079 = CARTESIAN_POINT ( 'NONE',  ( 2.639305510749732075, 58.61174645308438613, 7.571411241315324503 ) ) ;
#2080 = CYLINDRICAL_SURFACE ( 'NONE', #2373, 0.6999999999999998446 ) ;
#2081 = CARTESIAN_POINT ( 'NONE',  ( -2.199923766695434324, 45.69999999999999574, 8.210379736694800812 ) ) ;
#2082 = CARTESIAN_POINT ( 'NONE',  ( -8.134640353146254554, 59.33863098884359744, -1.499999999999999334 ) ) ;
#2083 = DIRECTION ( 'NONE',  ( -0.000000000000000000, -1.000000000000000000, -0.000000000000000000 ) ) ;
#2084 = CARTESIAN_POINT ( 'NONE',  ( -5.975749450267304752, 59.66580496981411130, -7.350301661164452049 ) ) ;
#2085 = EDGE_CURVE ( 'NONE', #3910, #6000, #1570, .T. ) ;
#2086 = EDGE_CURVE ( 'NONE', #7582, #5641, #5757, .T. ) ;
#2087 = CARTESIAN_POINT ( 'NONE',  ( 2.806141549344539854, 45.70000000000001705, -7.860379736694802943 ) ) ;
#2088 = CARTESIAN_POINT ( 'NONE',  ( 2.022856790527248538, 60.00000000000000711, 6.558246159858531321 ) ) ;
#2089 = CARTESIAN_POINT ( 'NONE',  ( 9.962932804213767923, 58.50000000000000711, 0.8602150537634408733 ) ) ;
#2090 = CARTESIAN_POINT ( 'NONE',  ( 4.943517077552044725, 60.00000000000000000, 5.111305855757547256 ) ) ;
#2091 = CARTESIAN_POINT ( 'NONE',  ( -3.218001704212298808, 44.87933441066143558, 8.573742450536990134 ) ) ;
#2092 = ORIENTED_EDGE ( 'NONE', *, *, #5196, .F. ) ;
#2093 = EDGE_LOOP ( 'NONE', ( #6746, #566, #4524, #256 ) ) ;
#2094 = CARTESIAN_POINT ( 'NONE',  ( 5.931801859636061103, 58.50000000000000000, 7.274182201321202967 ) ) ;
#2095 = VERTEX_POINT ( 'NONE', #5565 ) ;
#2096 = DIRECTION ( 'NONE',  ( 0.000000000000000000, 1.000000000000000000, 0.000000000000000000 ) ) ;
#2097 = CARTESIAN_POINT ( 'NONE',  ( -6.408622230040752932, 44.69658421580461294, 6.890204380469209688 ) ) ;
#2098 = CARTESIAN_POINT ( 'NONE',  ( 0.000000000000000000, 58.50000000000000000, 8.000000000000000000 ) ) ;
#2099 = CARTESIAN_POINT ( 'NONE',  ( 5.141711983043550482, 59.83700960661305857, -5.159967592898297539 ) ) ;
#2100 = B_SPLINE_CURVE_WITH_KNOTS ( 'NONE', 3,
 ( #3625, #5471, #3584, #3661 ),
 .UNSPECIFIED., .F., .F.,
 ( 4, 4 ),
 ( -5.301803234599159217E-06, 0.0002826437288089192587 ),
 .UNSPECIFIED. ) ;
#2101 = ADVANCED_FACE ( 'NONE', ( #3390 ), #2663, .F. ) ;
#2102 = DIRECTION ( 'NONE',  ( 0.000000000000000000, 0.000000000000000000, -1.000000000000000000 ) ) ;
#2103 = CARTESIAN_POINT ( 'NONE',  ( -1.940521016280120969, 45.00000000000000000, -7.761080993352354795 ) ) ;
#2104 = CARTESIAN_POINT ( 'NONE',  ( 8.462269199216013504, 60.00000000000000000, 0.7999999999999999334 ) ) ;
#2105 = ORIENTED_EDGE ( 'NONE', *, *, #317, .F. ) ;
#2106 = ADVANCED_FACE ( 'NONE', ( #6451 ), #1259, .T. ) ;
#2107 = ORIENTED_EDGE ( 'NONE', *, *, #1447, .F. ) ;
#2108 = CARTESIAN_POINT ( 'NONE',  ( 7.502935692264862233, 60.28467909235391886, -1.499999999999999556 ) ) ;
#2109 = CARTESIAN_POINT ( 'NONE',  ( -3.024087717157258659, 44.16298309581476644, -9.373464667271631967 ) ) ;
#2110 = CARTESIAN_POINT ( 'NONE',  ( 2.136366045425115878, 60.00000000000000000, 6.961081479198642619 ) ) ;
#2111 = CARTESIAN_POINT ( 'NONE',  ( 6.670041771657532870, 43.68618054591034650, 7.439448215406486042 ) ) ;
#2112 = CYLINDRICAL_SURFACE ( 'NONE', #7055, 0.6999999999999999556 ) ;
#2113 = CARTESIAN_POINT ( 'NONE',  ( -10.35873908818267175, 44.20308017121179489, 1.500000000000001332 ) ) ;
#2114 = DIRECTION ( 'NONE',  ( 0.4999999999999990008, -0.000000000000000000, -0.8660254037844391517 ) ) ;
#2115 = AXIS2_PLACEMENT_3D ( 'NONE', #5458, #4815, #2996 ) ;
#2116 = VERTEX_POINT ( 'NONE', #5236 ) ;
#2117 = AXIS2_PLACEMENT_3D ( 'NONE', #1303, #4453, #2032 ) ;
#2118 = CARTESIAN_POINT ( 'NONE',  ( 1.880599863776400760, 59.51135107530176782, 7.376255747517822314 ) ) ;
#2119 = CARTESIAN_POINT ( 'NONE',  ( -5.287412149931841832, 59.43424718601783496, 6.057635500425985420 ) ) ;
#2120 = CARTESIAN_POINT ( 'NONE',  ( 3.719530545090072415, 59.96124756587122562, 8.076147904065802408 ) ) ;
#2121 =( BOUNDED_SURFACE ( )  B_SPLINE_SURFACE ( 3, 2, ( 
 ( #4412, #6183, #672 ),
 ( #197, #632, #3733 ),
 ( #4899, #4289, #1997 ),
 ( #6832, #4457, #6910 ),
 ( #4331, #6309, #1351 ),
 ( #3083, #5543, #3810 ),
 ( #1390, #6266, #710 ),
 ( #3123, #122, #6754 ),
 ( #42, #3207, #7348 ),
 ( #1913, #6146, #1835 ) ),
 .UNSPECIFIED., .F., .F., .F. ) 
 B_SPLINE_SURFACE_WITH_KNOTS ( ( 4, 2, 2, 2, 4 ),
 ( 3, 3 ),
 ( 0.000000000000000000, 0.0005780509363421563540, 0.001156101872684312708, 0.001734152809026469171, 0.002312203745368625416 ),
 ( 0.000000000000000000, 1.000000000000000000 ),
 .UNSPECIFIED. ) 
 GEOMETRIC_REPRESENTATION_ITEM ( )  RATIONAL_B_SPLINE_SURFACE ( (
 ( 1.000000000000000000, 0.7368926330804047575, 1.000000000000000000),
 ( 1.000000000000000000, 0.7560717295200254373, 1.000000000000000000),
 ( 1.000000000000000000, 0.7784905715805775506, 1.000000000000000000),
 ( 1.000000000000000000, 0.8293914224504718158, 1.000000000000000000),
 ( 1.000000000000000000, 0.8577598976841120937, 1.000000000000000000),
 ( 1.000000000000000000, 0.9135290035520924334, 1.000000000000000000),
 ( 1.000000000000000000, 0.9416745923865627033, 1.000000000000000000),
 ( 1.000000000000000000, 0.9850746835032621052, 1.000000000000000000),
 ( 1.000000000000000000, 1.000068771992395078, 1.000000000000000000),
 ( 1.000000000000000000, 1.000000000000000000, 1.000000000000000000) ) ) 
 REPRESENTATION_ITEM ( '' )  SURFACE ( )  );
#2122 = CARTESIAN_POINT ( 'NONE',  ( 5.050505951812207073, 60.28467909234908717, -5.747732912467768962 ) ) ;
#2123 = TOROIDAL_SURFACE ( 'NONE', #6633, 6.500000000000000888, 1.500000000000000000 ) ;
#2124 = CARTESIAN_POINT ( 'NONE',  ( -5.598365104305765172, 58.90544815734007500, 5.641396559474843642 ) ) ;
#2125 = CARTESIAN_POINT ( 'NONE',  ( 6.252884480345053397, 58.69053078926081923, -7.830313613816009877 ) ) ;
#2126 = CARTESIAN_POINT ( 'NONE',  ( 3.372460057727492355, 45.42752472520007956, -8.841272166480701244 ) ) ;
#2127 = CARTESIAN_POINT ( 'NONE',  ( 5.987583956895556447, 45.20841721513652800, 7.338814579335883437 ) ) ;
#2128 = DIRECTION ( 'NONE',  ( 0.000000000000000000, 1.000000000000000000, 0.000000000000000000 ) ) ;
#2129 = CARTESIAN_POINT ( 'NONE',  ( 3.112559727078465066, 43.50000000000000000, 9.503261121602902151 ) ) ;
#2130 = DIRECTION ( 'NONE',  ( 2.137682487307248646E-16, 0.000000000000000000, 1.000000000000000000 ) ) ;
#2131 = B_SPLINE_CURVE_WITH_KNOTS ( 'NONE', 3,
 ( #5050, #76, #4894, #3686, #1302, #2514, #4969, #7345, #6828, #4933, #6749, #7421 ),
 .UNSPECIFIED., .F., .F.,
 ( 4, 2, 2, 2, 2, 4 ),
 ( 0.000000000000000000, 0.0003066895098636515334, 0.0006133790197273030669, 0.001226758039454606567, 0.001840137059181910176, 0.002453516078909213569 ),
 .UNSPECIFIED. ) ;
#2132 = CARTESIAN_POINT ( 'NONE',  ( -3.704710779090230943, 44.84586198173934690, 9.416747296732367545 ) ) ;
#2133 = AXIS2_PLACEMENT_3D ( 'NONE', #3286, #3405, #5742 ) ;
#2134 = ORIENTED_EDGE ( 'NONE', *, *, #3362, .F. ) ;
#2135 = ORIENTED_EDGE ( 'NONE', *, *, #7263, .T. ) ;
#2136 = ADVANCED_FACE ( 'NONE', ( #812 ), #7052, .F. ) ;
#2137 = CARTESIAN_POINT ( 'NONE',  ( 9.265527507918802641, 45.44761534702016093, 1.500000000000000000 ) ) ;
#2138 = ORIENTED_EDGE ( 'NONE', *, *, #7809, .T. ) ;
#2139 = CARTESIAN_POINT ( 'NONE',  ( 9.398131192723285565, 44.49496742196166110, -2.085991463267920842 ) ) ;
#2140 = DIRECTION ( 'NONE',  ( -0.8660254037844391517, 0.000000000000000000, -0.4999999999999991118 ) ) ;
#2141 = CARTESIAN_POINT ( 'NONE',  ( 2.111801969006310120, 58.70244047755185335, -7.705536415680476203 ) ) ;
#2142 = CARTESIAN_POINT ( 'NONE',  ( -6.587162543200594911, 59.95740150391034717, -2.036618488768854096 ) ) ;
#2143 = CARTESIAN_POINT ( 'NONE',  ( -2.922983047651347643, 44.43377321503501065, -9.226166188530152468 ) ) ;
#2144 = CARTESIAN_POINT ( 'NONE',  ( 2.303366213978028210, 60.00000000000000000, 8.389547311047511613 ) ) ;
#2145 = CARTESIAN_POINT ( 'NONE',  ( 8.945370236787621110, 59.92352707015806601, 0.8206077372838933570 ) ) ;
#2146 = VERTEX_POINT ( 'NONE', #7609 ) ;
#2147 = CIRCLE ( 'NONE', #1890, 0.6999999999999999556 ) ;
#2148 = ORIENTED_EDGE ( 'NONE', *, *, #3965, .T. ) ;
#2149 = CARTESIAN_POINT ( 'NONE',  ( -3.252805220166452571, 58.99281382787368244, 8.634023908453571039 ) ) ;
#2150 = CARTESIAN_POINT ( 'NONE',  ( -9.265527507918799088, 58.71174231375388075, 1.500000000000001554 ) ) ;
#2151 = CARTESIAN_POINT ( 'NONE',  ( -5.413767642734542918, 59.69377025920020685, -7.700993966918958655 ) ) ;
#2152 = DIRECTION ( 'NONE',  ( 0.000000000000000000, -1.000000000000000000, 0.000000000000000000 ) ) ;
#2153 = AXIS2_PLACEMENT_3D ( 'NONE', #2428, #7410, #3144 ) ;
#2154 = CARTESIAN_POINT ( 'NONE',  ( -10.00749776953382764, 44.84586198173934690, 1.500000000000001332 ) ) ;
#2155 = CARTESIAN_POINT ( 'NONE',  ( -2.985025733575572993, 59.29999999999999716, -8.170216232453443084 ) ) ;
#2156 = ORIENTED_EDGE ( 'NONE', *, *, #2915, .F. ) ;
#2157 = CIRCLE ( 'NONE', #3829, 5.000000000000000000 ) ;
#2158 = CARTESIAN_POINT ( 'NONE',  ( 2.871146607506007253, 59.08601872170795133, 7.972971800179423418 ) ) ;
#2159 = LINE ( 'NONE', #5296, #1088 ) ;
#2160 = LINE ( 'NONE', #7075, #7948 ) ;
#2161 = DIRECTION ( 'NONE',  ( -0.8660254037844385966, 0.000000000000000000, 0.5000000000000002220 ) ) ;
#2162 = DIRECTION ( 'NONE',  ( 1.000000000000000000, 0.000000000000000000, -2.137682487307248399E-16 ) ) ;
#2163 = CARTESIAN_POINT ( 'NONE',  ( 5.134383977096443452, 59.96124756587115456, -7.259281894233267529 ) ) ;
#2164 = CARTESIAN_POINT ( 'NONE',  ( 9.629702381911718234, 44.16298309581478776, 2.067795547305069981 ) ) ;
#2165 = ORIENTED_EDGE ( 'NONE', *, *, #3621, .F. ) ;
#2166 = CARTESIAN_POINT ( 'NONE',  ( 8.037955408959128079, 60.00000000000000711, -0.8000000000000001554 ) ) ;
#2167 =( GEOMETRIC_REPRESENTATION_CONTEXT ( 3 ) GLOBAL_UNCERTAINTY_ASSIGNED_CONTEXT ( ( #3513 ) ) GLOBAL_UNIT_ASSIGNED_CONTEXT ( ( #7242, #3428, #2259 ) ) REPRESENTATION_CONTEXT ( 'NONE', 'WORKASPACE' ) );
#2168 = CARTESIAN_POINT ( 'NONE',  ( 9.907692749335804905, 58.69053078926086187, -1.499999999999999778 ) ) ;
#2169 = CARTESIAN_POINT ( 'NONE',  ( 0.000000000000000000, 58.50000000000000000, 0.000000000000000000 ) ) ;
#2170 = CARTESIAN_POINT ( 'NONE',  ( -8.210359310042402825, 45.49311510543481774, 1.531270876661743996 ) ) ;
#2171 = DIRECTION ( 'NONE',  ( 0.000000000000000000, 1.000000000000000000, 0.000000000000000000 ) ) ;
#2172 = CIRCLE ( 'NONE', #886, 10.00000000000000000 ) ;
#2173 = ADVANCED_FACE ( 'NONE', ( #5840 ), #969, .T. ) ;
#2174 = CARTESIAN_POINT ( 'NONE',  ( 9.305336145870455766, 45.32903582538034470, -1.500000000000000222 ) ) ;
#2175 = EDGE_CURVE ( 'NONE', #6159, #2237, #4862, .T. ) ;
#2176 = B_SPLINE_CURVE_WITH_KNOTS ( 'NONE', 3,
 ( #6844, #7888, #3631, #4949, #1284, #4986, #6081, #645, #4345, #6807, #3745, #569, #7442, #606 ),
 .UNSPECIFIED., .F., .F.,
 ( 4, 2, 2, 2, 2, 2, 4 ),
 ( 0.000000000000000000, 0.0002930787578485647749, 0.0005861575156971295499, 0.0008792362735456943790, 0.001172315031394259100, 0.001758472547091388758, 0.002344630062788518200 ),
 .UNSPECIFIED. ) ;
#2177 = ADVANCED_FACE ( 'NONE', ( #341 ), #7667, .F. ) ;
#2178 = ORIENTED_EDGE ( 'NONE', *, *, #7742, .F. ) ;
#2179 = CIRCLE ( 'NONE', #1915, 0.7000000000000000666 ) ;
#2180 = ORIENTED_EDGE ( 'NONE', *, *, #4549, .T. ) ;
#2181 = DIRECTION ( 'NONE',  ( -0.000000000000000000, -1.000000000000000000, -0.000000000000000000 ) ) ;
#2182 = EDGE_LOOP ( 'NONE', ( #3665, #6889, #5150, #4673, #7100, #4734 ) ) ;
#2183 = CARTESIAN_POINT ( 'NONE',  ( 9.960101734956351649, 45.06128468650053520, 0.8946075869357460464 ) ) ;
#2184 = DIRECTION ( 'NONE',  ( 0.000000000000000000, 1.000000000000000000, 0.000000000000000000 ) ) ;
#2185 = CARTESIAN_POINT ( 'NONE',  ( -2.444483014471652726, 59.99999999999998579, -7.225338309814185678 ) ) ;
#2186 = CARTESIAN_POINT ( 'NONE',  ( 5.035085020001276668, 60.00000000000000000, -5.729653544559220713 ) ) ;
#2187 = ADVANCED_FACE ( 'NONE', ( #5468 ), #6151, .T. ) ;
#2188 = CARTESIAN_POINT ( 'NONE',  ( -2.045817903406311089, 60.65107842505332769, -6.543460551733760511 ) ) ;
#2189 = CARTESIAN_POINT ( 'NONE',  ( 3.339720827764995903, 44.64349766606836312, -9.126893130811266630 ) ) ;
#2190 = CARTESIAN_POINT ( 'NONE',  ( 0.000000000000000000, 5.000000000000000000, 0.000000000000000000 ) ) ;
#2191 = VERTEX_POINT ( 'NONE', #1234 ) ;
#2192 = ADVANCED_FACE ( 'NONE', ( #524 ), #6283, .T. ) ;
#2193 = VERTEX_POINT ( 'NONE', #10 ) ;
#2194 = CARTESIAN_POINT ( 'NONE',  ( 7.739994670903527663, 58.50000000000000000, -2.022988505747126187 ) ) ;
#2195 = DIRECTION ( 'NONE',  ( 0.000000000000000000, 0.000000000000000000, 1.000000000000000000 ) ) ;
#2196 = CARTESIAN_POINT ( 'NONE',  ( -9.846871614243658755, 43.74710561168241441, 1.749108986586398906 ) ) ;
#2197 = CARTESIAN_POINT ( 'NONE',  ( -6.407100072967168103, 60.00000000000000711, 1.869619259493134233 ) ) ;
#2198 = DIRECTION ( 'NONE',  ( 0.000000000000000000, 0.000000000000000000, -1.000000000000000000 ) ) ;
#2199 = CARTESIAN_POINT ( 'NONE',  ( -9.469547490943805101, 44.56049309867631081, 1.500000000000317080 ) ) ;
#2200 = CARTESIAN_POINT ( 'NONE',  ( -3.134104882898780531, 59.19936622830415729, -8.428428893430387703 ) ) ;
#2201 = ORIENTED_EDGE ( 'NONE', *, *, #1030, .F. ) ;
#2202 = CARTESIAN_POINT ( 'NONE',  ( 1.967466152115908473, 60.01848078357168959, 6.407751337636699240 ) ) ;
#2203 = DIRECTION ( 'NONE',  ( 0.000000000000000000, 1.000000000000000000, 0.000000000000000000 ) ) ;
#2204 = CARTESIAN_POINT ( 'NONE',  ( -4.642493163787746902, 60.00000000000000000, 6.350060714638957826 ) ) ;
#2205 = CARTESIAN_POINT ( 'NONE',  ( 4.349606925861593254, 59.99777404406903258, -4.533740188545762884 ) ) ;
#2206 = B_SPLINE_CURVE_WITH_KNOTS ( 'NONE', 3,
 ( #3671, #1287, #3749, #7481, #689, #140, #4230, #6693, #1172, #6284 ),
 .UNSPECIFIED., .F., .F.,
 ( 4, 2, 2, 2, 4 ),
 ( 0.000000000000000000, 0.0005272183400222045990, 0.001054436680044409198, 0.001581655020066613689, 0.002108873360088818396 ),
 .UNSPECIFIED. ) ;
#2207 = CARTESIAN_POINT ( 'NONE',  ( 0.000000000000000000, 58.50000000000000000, 0.000000000000000000 ) ) ;
#2208 = CARTESIAN_POINT ( 'NONE',  ( 5.921100556742905141, 58.71105033875227974, -7.255647001003094232 ) ) ;
#2209 = EDGE_CURVE ( 'NONE', #2329, #3834, #1950, .T. ) ;
#2210 = CARTESIAN_POINT ( 'NONE',  ( 10.24529534274862463, 44.47237520701976621, 1.500000000000000222 ) ) ;
#2211 = ORIENTED_EDGE ( 'NONE', *, *, #5797, .F. ) ;
#2212 = CARTESIAN_POINT ( 'NONE',  ( 6.116371473349212273, 60.00000000000000000, -2.199999999999999289 ) ) ;
#2213 = CARTESIAN_POINT ( 'NONE',  ( 9.126129060805507009, 59.84879564947467401, -0.8280020747069458675 ) ) ;
#2214 = CARTESIAN_POINT ( 'NONE',  ( -9.197225629673408065, 59.77675553006048403, 1.499999999999859446 ) ) ;
#2215 = CARTESIAN_POINT ( 'NONE',  ( 9.450846968497671696, 44.94768297982579952, -1.574168646581280084 ) ) ;
#2216 = ORIENTED_EDGE ( 'NONE', *, *, #6834, .T. ) ;
#2217 = EDGE_LOOP ( 'NONE', ( #5114, #1159, #6984 ) ) ;
#2218 = DIRECTION ( 'NONE',  ( -0.000000000000000000, -1.000000000000000000, 0.000000000000000000 ) ) ;
#2219 = ORIENTED_EDGE ( 'NONE', *, *, #3188, .F. ) ;
#2220 = CARTESIAN_POINT ( 'NONE',  ( 3.762017971363891267, 59.92352707015805180, 8.157221739957247308 ) ) ;
#2221 = CARTESIAN_POINT ( 'NONE',  ( -2.747899850088239670, 59.99999999999999289, -7.643286762178079563 ) ) ;
#2222 = CARTESIAN_POINT ( 'NONE',  ( -6.116371473349211385, 60.00000000000000000, -2.200000000000000178 ) ) ;
#2223 = AXIS2_PLACEMENT_3D ( 'NONE', #2480, #4373, #1306 ) ;
#2224 = DIRECTION ( 'NONE',  ( 0.5000000000000001110, -0.000000000000000000, 0.8660254037844384856 ) ) ;
#2225 = DIRECTION ( 'NONE',  ( -0.000000000000000000, -1.000000000000000000, 0.000000000000000000 ) ) ;
#2226 = CARTESIAN_POINT ( 'NONE',  ( 5.621956772992700024, 60.00000000000000000, 5.691537757285065169 ) ) ;
#2227 = EDGE_LOOP ( 'NONE', ( #7316, #490, #5997, #4515 ) ) ;
#2228 = VERTEX_POINT ( 'NONE', #1720 ) ;
#2229 = CARTESIAN_POINT ( 'NONE',  ( -5.529459825553902697, 59.28409436251600084, -5.494056526877306723 ) ) ;
#2230 = DIRECTION ( 'NONE',  ( 0.000000000000000000, 0.000000000000000000, 1.000000000000000000 ) ) ;
#2231 = CARTESIAN_POINT ( 'NONE',  ( 3.939943430931844404, 58.50000000000000000, -8.424182201321206875 ) ) ;
#2232 = CARTESIAN_POINT ( 'NONE',  ( -4.977224572034034011, 60.00000000000001421, -7.012111197526491146 ) ) ;
#2233 = CARTESIAN_POINT ( 'NONE',  ( 9.385119420181313288, 44.50894764137461124, 2.087047172785790217 ) ) ;
#2234 = EDGE_CURVE ( 'NONE', #3694, #4064, #2295, .T. ) ;
#2235 = CARTESIAN_POINT ( 'NONE',  ( 3.961955886455290621, 59.69444939818005480, -8.538165308977616164 ) ) ;
#2236 = FACE_OUTER_BOUND ( 'NONE', #2246, .T. ) ;
#2237 = VERTEX_POINT ( 'NONE', #4824 ) ;
#2238 = FACE_OUTER_BOUND ( 'NONE', #52, .T. ) ;
#2239 = CARTESIAN_POINT ( 'NONE',  ( -7.522722434880400932, 59.28409436251600084, -2.041624414696493695 ) ) ;
#2240 = CARTESIAN_POINT ( 'NONE',  ( -5.060724671273201025, 59.96335253576332036, 4.698601053498863145 ) ) ;
#2241 = CARTESIAN_POINT ( 'NONE',  ( 1.299038105676657562, 64.86389322930409662, -0.7500000000000001110 ) ) ;
#2242 = VECTOR ( 'NONE', #3629, 1000.000000000000000 ) ;
#2243 = CARTESIAN_POINT ( 'NONE',  ( 2.111599702598588202, 58.70560882366325473, 7.705244628815923313 ) ) ;
#2244 = DIRECTION ( 'NONE',  ( 0.000000000000000000, 1.000000000000000000, 0.000000000000000000 ) ) ;
#2245 = CARTESIAN_POINT ( 'NONE',  ( -8.955321894044955044, 59.14017680860020221, -1.499999999999998890 ) ) ;
#2246 = EDGE_LOOP ( 'NONE', ( #6883, #1583, #3752 ) ) ;
#2247 = AXIS2_PLACEMENT_3D ( 'NONE', #5796, #1487, #7479 ) ;
#2248 = CARTESIAN_POINT ( 'NONE',  ( -5.732181094252090325, 59.19936622830417861, 6.928428893430390367 ) ) ;
#2249 = CARTESIAN_POINT ( 'NONE',  ( 9.962932804213766147, 45.00000000000000000, -0.8602150537634408733 ) ) ;
#2250 = VECTOR ( 'NONE', #2128, 1000.000000000000000 ) ;
#2251 = LINE ( 'NONE', #3380, #2017 ) ;
#2252 = EDGE_CURVE ( 'NONE', #7867, #7448, #2450, .T. ) ;
#2253 = CARTESIAN_POINT ( 'NONE',  ( -9.353422689180970195, 59.66580496981428894, 1.500000000000142775 ) ) ;
#2254 = EDGE_CURVE ( 'NONE', #6245, #4147, #5239, .T. ) ;
#2255 = CIRCLE ( 'NONE', #1869, 6.500000000000000888 ) ;
#2256 = CARTESIAN_POINT ( 'NONE',  ( -5.469222818858934687, 59.08601872171032454, -6.472971800178742185 ) ) ;
#2257 = VERTEX_POINT ( 'NONE', #1842 ) ;
#2258 = EDGE_LOOP ( 'NONE', ( #7849, #6390, #5958, #1571, #2543 ) ) ;
#2259 =( NAMED_UNIT ( * ) SI_UNIT ( $, .STERADIAN. ) SOLID_ANGLE_UNIT ( ) );
#2260 = EDGE_LOOP ( 'NONE', ( #7008, #7737, #5220 ) ) ;
#2261 = CARTESIAN_POINT ( 'NONE',  ( 4.236498312829945156, 58.69821682416044695, 9.058260431528173839 ) ) ;
#2262 = CARTESIAN_POINT ( 'NONE',  ( -2.802647204751132382, 59.99999999999998579, -7.779410944807055195 ) ) ;
#2263 = CARTESIAN_POINT ( 'NONE',  ( 0.000000000000000000, 58.50000000000000000, 0.000000000000000000 ) ) ;
#2264 = CARTESIAN_POINT ( 'NONE',  ( 4.079138549336467356, 44.68052492650399188, -9.130316442497788287 ) ) ;
#2265 = CARTESIAN_POINT ( 'NONE',  ( -8.261481222607418573, 59.29999999999999716, 1.500000000000001110 ) ) ;
#2266 = CARTESIAN_POINT ( 'NONE',  ( 5.325584076986945803, 45.00000000000000000, -7.624182201321208829 ) ) ;
#2267 = VERTEX_POINT ( 'NONE', #7352 ) ;
#2268 = ORIENTED_EDGE ( 'NONE', *, *, #2877, .F. ) ;
#2269 = CARTESIAN_POINT ( 'NONE',  ( -4.963441625000372781, 60.00000000000000000, -4.196933074902871930 ) ) ;
#2270 = CARTESIAN_POINT ( 'NONE',  ( -1.854671534557354784, 60.02895608274985761, 6.212385329205588391 ) ) ;
#2271 = DIRECTION ( 'NONE',  ( -0.8660254037844382635, 0.000000000000000000, 0.5000000000000005551 ) ) ;
#2272 = DIRECTION ( 'NONE',  ( 0.000000000000000000, 0.000000000000000000, 1.000000000000000000 ) ) ;
#2273 = CARTESIAN_POINT ( 'NONE',  ( -9.322005602684114933, 45.27938188480974446, -1.499999999999999112 ) ) ;
#2274 = DIRECTION ( 'NONE',  ( -0.000000000000000000, -1.000000000000000000, -0.000000000000000000 ) ) ;
#2275 = CARTESIAN_POINT ( 'NONE',  ( -9.910413290290112087, 45.18997598112194680, 1.444823920130957395 ) ) ;
#2276 = TOROIDAL_SURFACE ( 'NONE', #985, 6.500000000000000888, 1.500000000000000000 ) ;
#2277 = ORIENTED_EDGE ( 'NONE', *, *, #3288, .T. ) ;
#2278 = ADVANCED_FACE ( 'NONE', ( #4295 ), #1085, .T. ) ;
#2279 = EDGE_CURVE ( 'NONE', #6159, #6116, #676, .T. ) ;
#2280 = FACE_OUTER_BOUND ( 'NONE', #2841, .T. ) ;
#2281 = CARTESIAN_POINT ( 'NONE',  ( -8.564853449329138613, 45.67785335177063644, -1.499999999999998668 ) ) ;
#2282 = AXIS2_PLACEMENT_3D ( 'NONE', #3229, #6975, #5762 ) ;
#2283 = CARTESIAN_POINT ( 'NONE',  ( 3.333725639264327523, 58.60552633313402993, 8.774182185700851733 ) ) ;
#2284 = CARTESIAN_POINT ( 'NONE',  ( 5.476933078769573804, 59.43460535427339408, -5.380327187290195212 ) ) ;
#2285 = CARTESIAN_POINT ( 'NONE',  ( -5.581464830341224648, 45.67785335177063644, 6.667380666809807899 ) ) ;
#2286 = CARTESIAN_POINT ( 'NONE',  ( 5.530172705284658541, 59.29999999999999716, -6.578540100183670525 ) ) ;
#2287 = CARTESIAN_POINT ( 'NONE',  ( -7.625756092433338296, 59.33639209907574497, -1.500000000000015099 ) ) ;
#2288 = EDGE_CURVE ( 'NONE', #3015, #6116, #3450, .T. ) ;
#2289 =( BOUNDED_SURFACE ( )  B_SPLINE_SURFACE ( 3, 2, ( 
 ( #1707, #4158, #6627 ),
 ( #6015, #2351, #501 ),
 ( #2956, #5411, #7863 ),
 ( #4808, #7256, #1745 ),
 ( #4200, #3603, #4439 ),
 ( #5042, #7490, #2589 ),
 ( #1981, #7372, #658 ),
 ( #4359, #3068, #7454 ),
 ( #3797, #2549, #619 ),
 ( #6780, #6897, #4921 ) ),
 .UNSPECIFIED., .F., .F., .T. ) 
 B_SPLINE_SURFACE_WITH_KNOTS ( ( 4, 2, 2, 2, 4 ),
 ( 3, 3 ),
 ( 0.000000000000000000, 0.0006601270656153567255, 0.001320254131230713451, 0.001980381196846070068, 0.002640508262461426902 ),
 ( 0.000000000000000000, 1.000000000000000000 ),
 .UNSPECIFIED. ) 
 GEOMETRIC_REPRESENTATION_ITEM ( )  RATIONAL_B_SPLINE_SURFACE ( (
 ( 1.000000000000000000, 0.7071067811865475727, 1.000000000000000000),
 ( 1.000000000000000000, 0.7265059775621475202, 1.000000000000000000),
 ( 1.000000000000000000, 0.7502783718688341708, 1.000000000000000000),
 ( 1.000000000000000000, 0.8072559680364044254, 1.000000000000000000),
 ( 1.000000000000000000, 0.8399358369247083012, 1.000000000000000000),
 ( 1.000000000000000000, 0.9071188964749850037, 1.000000000000000000),
 ( 1.000000000000000000, 0.9402799494365571276, 1.000000000000000000),
 ( 1.000000000000000000, 0.9871024881034576870, 1.000000000000000000),
 ( 1.000000000000000000, 1.000343213455307856, 1.000000000000000000),
 ( 1.000000000000000000, 1.000000000000000000, 1.000000000000000000) ) ) 
 REPRESENTATION_ITEM ( '' )  SURFACE ( )  );
#2290 = ORIENTED_EDGE ( 'NONE', *, *, #2520, .F. ) ;
#2291 = EDGE_CURVE ( 'NONE', #7838, #2329, #6275, .T. ) ;
#2292 = CARTESIAN_POINT ( 'NONE',  ( 7.820560470525784069, 60.00000000000000000, -0.8454866491641184201 ) ) ;
#2293 = CARTESIAN_POINT ( 'NONE',  ( 9.962932804070092629, 58.69786187492299234, -0.8602150554274544669 ) ) ;
#2294 = LINE ( 'NONE', #446, #7417 ) ;
#2295 = CIRCLE ( 'NONE', #745, 0.7000000000000000666 ) ;
#2296 = CARTESIAN_POINT ( 'NONE',  ( -9.265527507918800865, 58.50000000000000000, 1.500000000000001332 ) ) ;
#2297 = CARTESIAN_POINT ( 'NONE',  ( 9.878104164316443558, 44.38237976976168397, -1.576666638435709311 ) ) ;
#2298 = VECTOR ( 'NONE', #6973, 1000.000000000000000 ) ;
#2299 = ORIENTED_EDGE ( 'NONE', *, *, #4538, .F. ) ;
#2300 = EDGE_LOOP ( 'NONE', ( #7399, #4772, #3419, #6540 ) ) ;
#2301 = DIRECTION ( 'NONE',  ( 0.000000000000000000, 0.000000000000000000, 1.000000000000000000 ) ) ;
#2302 = VECTOR ( 'NONE', #1931, 1000.000000000000000 ) ;
#2303 = ORIENTED_EDGE ( 'NONE', *, *, #5517, .T. ) ;
#2304 = CARTESIAN_POINT ( 'NONE',  ( 4.236498312829946045, 45.44761534702016093, 9.058260431528175616 ) ) ;
#2305 = CARTESIAN_POINT ( 'NONE',  ( -1.152929848348845265, 60.00000000000000000, -6.396933074902873884 ) ) ;
#2306 = CARTESIAN_POINT ( 'NONE',  ( 3.886459418056058990, 59.80239937500294900, -8.394543142822634252 ) ) ;
#2307 = CARTESIAN_POINT ( 'NONE',  ( -7.036600239080219588, 59.83322763085567431, 1.873282587415599387 ) ) ;
#2308 = CARTESIAN_POINT ( 'NONE',  ( 0.000000000000000000, 45.00000000000000000, 0.000000000000000000 ) ) ;
#2309 = AXIS2_PLACEMENT_3D ( 'NONE', #1813, #2460, #4913 ) ;
#2310 = ORIENTED_EDGE ( 'NONE', *, *, #2843, .T. ) ;
#2311 = VERTEX_POINT ( 'NONE', #2608 ) ;
#2312 = AXIS2_PLACEMENT_3D ( 'NONE', #2580, #3099, #6811 ) ;
#2313 = FACE_OUTER_BOUND ( 'NONE', #5047, .T. ) ;
#2314 = CARTESIAN_POINT ( 'NONE',  ( -2.111801969006372293, 58.70244047755184624, 7.705536415680457552 ) ) ;
#2315 = DIRECTION ( 'NONE',  ( 1.000000000000000000, -0.000000000000000000, -2.137682487307248399E-16 ) ) ;
#2316 = CARTESIAN_POINT ( 'NONE',  ( -8.261481222607418573, 59.29999999999999716, 1.500000000000001110 ) ) ;
#2317 = CARTESIAN_POINT ( 'NONE',  ( -7.876687232853364584, 58.61174645308440745, 1.499999999999984679 ) ) ;
#2318 = DIRECTION ( 'NONE',  ( 0.8660254037844388186, 0.000000000000000000, 0.4999999999999996669 ) ) ;
#2319 = EDGE_LOOP ( 'NONE', ( #5639, #4523, #1461, #1309, #1893, #6052 ) ) ;
#2320 = CARTESIAN_POINT ( 'NONE',  ( 8.004029843291412760, 59.38694842928640583, -1.522743321576345510 ) ) ;
#2321 = CARTESIAN_POINT ( 'NONE',  ( 6.584081029795274098, 44.25238333472587016, -7.260771145167247198 ) ) ;
#2322 = CARTESIAN_POINT ( 'NONE',  ( 1.224646799147353256E-15, 45.00000000000000000, 10.00000000000000000 ) ) ;
#2323 = FACE_OUTER_BOUND ( 'NONE', #6696, .T. ) ;
#2324 = EDGE_CURVE ( 'NONE', #4564, #986, #6026, .T. ) ;
#2325 = CARTESIAN_POINT ( 'NONE',  ( 6.673785686565879338, 43.50000000000000000, 7.447186355247759515 ) ) ;
#2326 = EDGE_CURVE ( 'NONE', #930, #4233, #6147, .T. ) ;
#2327 = CARTESIAN_POINT ( 'NONE',  ( 0.000000000000000000, 45.00000000000000000, 0.000000000000000000 ) ) ;
#2328 = ORIENTED_EDGE ( 'NONE', *, *, #4929, .T. ) ;
#2329 = VERTEX_POINT ( 'NONE', #5140 ) ;
#2330 = CARTESIAN_POINT ( 'NONE',  ( -2.932096493931344749, 59.29999999999999716, 8.078540100183667860 ) ) ;
#2331 = CARTESIAN_POINT ( 'NONE',  ( 6.210232333786857239, 60.00000000000002132, 2.167596388711878763 ) ) ;
#2332 = CARTESIAN_POINT ( 'NONE',  ( -2.802647204751157251, 60.00000000000000000, 7.779410944807038319 ) ) ;
#2333 = CARTESIAN_POINT ( 'NONE',  ( 7.820560476344699197, 60.00000000000000000, 0.8454866594163134019 ) ) ;
#2334 = ADVANCED_FACE ( 'NONE', ( #5060 ), #3774, .T. ) ;
#2335 =( BOUNDED_SURFACE ( )  B_SPLINE_SURFACE ( 3, 2, ( 
 ( #118, #6788, #7463 ),
 ( #4408, #3729, #7953 ),
 ( #6866, #668, #3281 ),
 ( #353, #5851, #6423 ),
 ( #907, #4047, #4527 ),
 ( #7543, #2110, #310 ),
 ( #6463, #1426, #2751 ),
 ( #1589, #7585, #6988 ),
 ( #6342, #2069, #3927 ),
 ( #5776, #3401, #6947 ) ),
 .UNSPECIFIED., .F., .F., .F. ) 
 B_SPLINE_SURFACE_WITH_KNOTS ( ( 4, 2, 2, 2, 4 ),
 ( 3, 3 ),
 ( 0.000000000000000000, 0.0006601270656153774338, 0.001320254131230754868, 0.001980381196846132084, 0.002640508262461509735 ),
 ( 0.000000000000000000, 1.000000000000000000 ),
 .UNSPECIFIED. ) 
 GEOMETRIC_REPRESENTATION_ITEM ( )  RATIONAL_B_SPLINE_SURFACE ( (
 ( 1.000000000000000000, 0.7071067811865475727, 1.000000000000000000),
 ( 1.000000000000000000, 0.7265059775621273142, 1.000000000000000000),
 ( 1.000000000000000000, 0.7502783718688610382, 1.000000000000000000),
 ( 1.000000000000000000, 0.8072559680363837753, 1.000000000000000000),
 ( 1.000000000000000000, 0.8399358369244540601, 1.000000000000000000),
 ( 1.000000000000000000, 0.9071188964752503470, 1.000000000000000000),
 ( 1.000000000000000000, 0.9402799494365944311, 1.000000000000000000),
 ( 1.000000000000000000, 0.9871024881034230480, 1.000000000000000000),
 ( 1.000000000000000000, 1.000343213455330282, 1.000000000000000000),
 ( 1.000000000000000000, 1.000000000000000000, 1.000000000000000000) ) ) 
 REPRESENTATION_ITEM ( '' )  SURFACE ( )  );
#2336 = CARTESIAN_POINT ( 'NONE',  ( -2.322276387261035691, 45.00000000000002132, 8.376004525057643590 ) ) ;
#2337 = B_SPLINE_CURVE_WITH_KNOTS ( 'NONE', 3,
 ( #1535, #7647, #5188, #3994, #4434, #2137 ),
 .UNSPECIFIED., .F., .F.,
 ( 4, 2, 4 ),
 ( 0.0005598445178872224611, 0.001005070603848020033, 0.001450296689808817712 ),
 .UNSPECIFIED. ) ;
#2338 = ORIENTED_EDGE ( 'NONE', *, *, #2921, .F. ) ;
#2339 = VERTEX_POINT ( 'NONE', #3816 ) ;
#2340 = ORIENTED_EDGE ( 'NONE', *, *, #7022, .F. ) ;
#2341 = CARTESIAN_POINT ( 'NONE',  ( 3.998386255908545017, 59.63050311187610220, 8.607364842857046838 ) ) ;
#2342 = CARTESIAN_POINT ( 'NONE',  ( 5.413290116057918766, 59.69444939818016138, 7.700237100832224790 ) ) ;
#2343 = CARTESIAN_POINT ( 'NONE',  ( 3.998386255908537912, 59.63050311187610220, -8.607364842857052167 ) ) ;
#2344 = CARTESIAN_POINT ( 'NONE',  ( 7.570218458513231496, 59.18232658162452964, 2.037498148315123991 ) ) ;
#2345 = DIRECTION ( 'NONE',  ( 0.000000000000000000, 0.000000000000000000, 1.000000000000000000 ) ) ;
#2346 = EDGE_LOOP ( 'NONE', ( #5929, #5124, #891, #5599, #1711 ) ) ;
#2347 = ORIENTED_EDGE ( 'NONE', *, *, #861, .T. ) ;
#2348 = CARTESIAN_POINT ( 'NONE',  ( 9.950654729415944644, 44.77290120159837983, -0.9927324095945174731 ) ) ;
#2349 = CARTESIAN_POINT ( 'NONE',  ( -3.099147033778124172, 45.64523177326800152, -8.367880122630083406 ) ) ;
#2350 = LINE ( 'NONE', #4807, #4167 ) ;
#2351 = CARTESIAN_POINT ( 'NONE',  ( -5.335843902305690278, 60.00000000000000000, -6.316869149563785868 ) ) ;
#2352 = CARTESIAN_POINT ( 'NONE',  ( 0.000000000000000000, 0.8000000000000000444, 11.30000000000000249 ) ) ;
#2353 = ADVANCED_FACE ( 'NONE', ( #1355 ), #7402, .T. ) ;
#2354 = ADVANCED_FACE ( 'NONE', ( #4577 ), #278, .T. ) ;
#2355 = CARTESIAN_POINT ( 'NONE',  ( -8.414970894543541746, 45.00000000000002132, 2.176851916552017041 ) ) ;
#2356 = DIRECTION ( 'NONE',  ( -0.000000000000000000, -1.000000000000000000, 0.000000000000000000 ) ) ;
#2357 = ORIENTED_EDGE ( 'NONE', *, *, #803, .T. ) ;
#2358 = DIRECTION ( 'NONE',  ( -0.4999999999999998335, 0.000000000000000000, 0.8660254037844388186 ) ) ;
#2359 = CARTESIAN_POINT ( 'NONE',  ( -9.132720911518681817, 45.51549468767143480, -1.499999999999999112 ) ) ;
#2360 = CARTESIAN_POINT ( 'NONE',  ( -5.262762860351435812, 59.87075451882475363, 6.115372662315204266 ) ) ;
#2361 = CARTESIAN_POINT ( 'NONE',  ( -6.114394628897456663, 44.17624473793536310, 7.913691649538742823 ) ) ;
#2362 = CARTESIAN_POINT ( 'NONE',  ( 3.206727285583863107, 43.83701928062453845, 9.449023853633532255 ) ) ;
#2363 = FACE_OUTER_BOUND ( 'NONE', #6411, .T. ) ;
#2364 = ORIENTED_EDGE ( 'NONE', *, *, #4536, .F. ) ;
#2365 = CARTESIAN_POINT ( 'NONE',  ( -8.210359310042401049, 45.00000000000000711, -1.499999999999992006 ) ) ;
#2366 = CARTESIAN_POINT ( 'NONE',  ( -5.325584076986954685, 58.50000000000000000, -7.624182201321201724 ) ) ;
#2367 = AXIS2_PLACEMENT_3D ( 'NONE', #6626, #7140, #2271 ) ;
#2368 = CARTESIAN_POINT ( 'NONE',  ( 2.118037897910824530, 45.02275046629593902, -7.714526263032196240 ) ) ;
#2369 = CARTESIAN_POINT ( 'NONE',  ( -9.962932804213766147, 45.00000000000000000, -0.8602150537634400962 ) ) ;
#2370 = CARTESIAN_POINT ( 'NONE',  ( -5.213014594222198816, 59.98331490995350634, -6.029206137790895426 ) ) ;
#2371 = AXIS2_PLACEMENT_3D ( 'NONE', #5525, #2464, #24 ) ;
#2372 = EDGE_LOOP ( 'NONE', ( #7156, #144, #674, #2803, #5067 ) ) ;
#2373 = AXIS2_PLACEMENT_3D ( 'NONE', #5786, #7111, #3452 ) ;
#2374 = ORIENTED_EDGE ( 'NONE', *, *, #2774, .T. ) ;
#2375 = CARTESIAN_POINT ( 'NONE',  ( 5.057344620691189618, 59.95740150391037560, -4.686340856884602779 ) ) ;
#2376 = EDGE_LOOP ( 'NONE', ( #5713, #5186, #7209, #4672 ) ) ;
#2377 = CARTESIAN_POINT ( 'NONE',  ( -4.963441625000369228, 60.00000000000000000, 4.196933074902875482 ) ) ;
#2378 = DIRECTION ( 'NONE',  ( -1.000000000000000000, 0.000000000000000000, 0.000000000000000000 ) ) ;
#2379 = LINE ( 'NONE', #7172, #6158 ) ;
#2380 = CARTESIAN_POINT ( 'NONE',  ( -7.379823966042024175, 59.68468581218331082, 1.739133420314809886 ) ) ;
#2381 = CARTESIAN_POINT ( 'NONE',  ( 0.000000000000000000, 45.00000000000000000, 0.000000000000000000 ) ) ;
#2382 = ORIENTED_EDGE ( 'NONE', *, *, #7395, .F. ) ;
#2383 = EDGE_CURVE ( 'NONE', #664, #5743, #2160, .T. ) ;
#2384 = ORIENTED_EDGE ( 'NONE', *, *, #3222, .T. ) ;
#2385 = CARTESIAN_POINT ( 'NONE',  ( -4.090934453334886811, 44.69141332848861481, 9.125141347058745467 ) ) ;
#2386 = CARTESIAN_POINT ( 'NONE',  ( -1.905255888325763314, 45.00000000000000000, -1.099999999999998312 ) ) ;
#2387 = CARTESIAN_POINT ( 'NONE',  ( -3.305602686208136909, 45.48070216549685796, -8.725471802148645040 ) ) ;
#2388 = CARTESIAN_POINT ( 'NONE',  ( -6.217764492423489386, 44.02513061313004528, -7.833241190663831510 ) ) ;
#2389 = CARTESIAN_POINT ( 'NONE',  ( 5.404217760697862971, 45.00000000000001421, 6.360379736694798503 ) ) ;
#2390 = DIRECTION ( 'NONE',  ( -0.4999999999999997780, 0.000000000000000000, 0.8660254037844387076 ) ) ;
#2391 = CARTESIAN_POINT ( 'NONE',  ( -8.623219587211583104, 44.96189999830950512, 2.155515736886892242 ) ) ;
#2392 = CARTESIAN_POINT ( 'NONE',  ( 6.113877990629559278, 58.50000000000000000, 6.189547311047508771 ) ) ;
#2393 = CARTESIAN_POINT ( 'NONE',  ( 9.585204284570028932, 45.25499018253085382, 1.500000000000000000 ) ) ;
#2394 = ORIENTED_EDGE ( 'NONE', *, *, #7564, .F. ) ;
#2395 = CIRCLE ( 'NONE', #3425, 0.6999999999999992895 ) ;
#2396 = CARTESIAN_POINT ( 'NONE',  ( 8.261481222607418573, 60.00000000000000000, -1.499999999999999556 ) ) ;
#2397 = CARTESIAN_POINT ( 'NONE',  ( -5.621956772992696472, 60.00000000000000000, 5.691537757285069610 ) ) ;
#2398 = CYLINDRICAL_SURFACE ( 'NONE', #4735, 0.7000000000000000666 ) ;
#2399 = AXIS2_PLACEMENT_3D ( 'NONE', #5684, #695, #1820 ) ;
#2400 = CARTESIAN_POINT ( 'NONE',  ( 6.010435543346963172, 45.00000000000000000, -6.010379736694806851 ) ) ;
#2401 = CARTESIAN_POINT ( 'NONE',  ( 5.280591245577418213, 59.84838327266261615, 7.490179181990895607 ) ) ;
#2402 = ORIENTED_EDGE ( 'NONE', *, *, #910, .T. ) ;
#2403 = ORIENTED_EDGE ( 'NONE', *, *, #856, .T. ) ;
#2404 = AXIS2_PLACEMENT_3D ( 'NONE', #2169, #5954, #5873 ) ;
#2405 = CARTESIAN_POINT ( 'NONE',  ( 3.326844737844429467, 60.00000000000000000, -7.362264163866689692 ) ) ;
#2406 = CARTESIAN_POINT ( 'NONE',  ( -1.369260537090657870, 60.00000000000000000, 6.440345368931325254 ) ) ;
#2407 = CARTESIAN_POINT ( 'NONE',  ( 0.000000000000000000, 43.50000000000000000, 0.000000000000000000 ) ) ;
#2408 = AXIS2_PLACEMENT_3D ( 'NONE', #5774, #7216, #5285 ) ;
#2409 = CARTESIAN_POINT ( 'NONE',  ( 5.188422345747235376, 59.04309822270915475, 5.986611113959946273 ) ) ;
#2410 = ADVANCED_FACE ( 'NONE', ( #7149, #3688 ), #1155, .F. ) ;
#2411 = B_SPLINE_CURVE_WITH_KNOTS ( 'NONE', 3,
 ( #3640, #6204, #1292, #108, #1860, #694, #4356, #2546 ),
 .UNSPECIFIED., .F., .F.,
 ( 4, 2, 2, 4 ),
 ( 0.000000000000000000, 0.0006601270656099354978, 0.001320254131219870996, 0.002640508262439738955 ),
 .UNSPECIFIED. ) ;
#2412 = ORIENTED_EDGE ( 'NONE', *, *, #6121, .T. ) ;
#2413 = AXIS2_PLACEMENT_3D ( 'NONE', #1417, #2184, #1454 ) ;
#2414 = CARTESIAN_POINT ( 'NONE',  ( -9.962932804213767923, 58.50000000000000711, -0.8602150537634399852 ) ) ;
#2415 = VERTEX_POINT ( 'NONE', #7834 ) ;
#2416 = CARTESIAN_POINT ( 'NONE',  ( -5.472276523321142783, 45.62604786065714535, 6.478260971458443152 ) ) ;
#2417 = DIRECTION ( 'NONE',  ( 0.000000000000000000, 0.000000000000000000, 1.000000000000000000 ) ) ;
#2418 = B_SPLINE_CURVE_WITH_KNOTS ( 'NONE', 3,
 ( #218, #6291, #3227, #2703, #3875, #7606, #2660, #2094 ),
 .UNSPECIFIED., .F., .F.,
 ( 4, 2, 2, 4 ),
 ( 0.000000000000000000, 0.0003130780027722935709, 0.0006261560055445871418, 0.001252312011089173199 ),
 .UNSPECIFIED. ) ;
#2419 = EDGE_CURVE ( 'NONE', #3366, #4333, #6596, .T. ) ;
#2420 = EDGE_CURVE ( 'NONE', #2010, #3287, #994, .T. ) ;
#2421 = CARTESIAN_POINT ( 'NONE',  ( -5.140610428709059043, 59.83322763085568852, -5.157233269611322335 ) ) ;
#2422 = CARTESIAN_POINT ( 'NONE',  ( 2.303366213978028210, 45.09378221735088488, 7.689547311047511435 ) ) ;
#2423 = CARTESIAN_POINT ( 'NONE',  ( -7.876687232853751830, 58.61174645308427955, -1.499999999999999334 ) ) ;
#2424 = EDGE_CURVE ( 'NONE', #4874, #507, #1753, .T. ) ;
#2425 = ORIENTED_EDGE ( 'NONE', *, *, #1551, .F. ) ;
#2426 = CARTESIAN_POINT ( 'NONE',  ( -9.265527507918800865, 45.44761534702016093, -1.499999999999999112 ) ) ;
#2427 =( BOUNDED_SURFACE ( )  B_SPLINE_SURFACE ( 3, 2, ( 
 ( #3734, #5580, #6225 ),
 ( #4938, #2482, #794 ),
 ( #712, #5544, #3124 ),
 ( #7426, #2605, #5619 ),
 ( #5055, #5703, #1914 ),
 ( #1308, #1272, #7388 ),
 ( #3811, #4374, #2564 ),
 ( #5015, #7469, #4291 ),
 ( #753, #6756, #3245 ),
 ( #1998, #1958, #4974 ),
 ( #4413, #3693, #6872 ),
 ( #1352, #633, #6267 ) ),
 .UNSPECIFIED., .F., .F., .F. ) 
 B_SPLINE_SURFACE_WITH_KNOTS ( ( 4, 2, 2, 2, 2, 4 ),
 ( 3, 3 ),
 ( 0.000000000000000000, 0.0003130780027722931372, 0.0004696170041584397329, 0.0006261560055445862744, 0.0009392340083168794658, 0.001252312011089172549 ),
 ( 0.000000000000000000, 1.000000000000000000 ),
 .UNSPECIFIED. ) 
 GEOMETRIC_REPRESENTATION_ITEM ( )  RATIONAL_B_SPLINE_SURFACE ( (
 ( 1.000000000000000000, 0.7071067811865475727, 1.000000000000000000),
 ( 1.000000000000000000, 0.7114525854347163447, 1.000000000000000000),
 ( 1.000000000000000000, 0.7155841935930454811, 1.000000000000000000),
 ( 1.000000000000000000, 0.7211136383400884586, 1.000000000000000000),
 ( 1.000000000000000000, 0.7228253759579428284, 1.000000000000000000),
 ( 1.000000000000000000, 0.7260124768012834462, 1.000000000000000000),
 ( 1.000000000000000000, 0.7274944237442825257, 1.000000000000000000),
 ( 1.000000000000000000, 0.7314273696354255394, 1.000000000000000000),
 ( 1.000000000000000000, 0.7334714490888222249, 1.000000000000000000),
 ( 1.000000000000000000, 0.7361867872712576366, 1.000000000000000000),
 ( 1.000000000000000000, 0.7368962947193665736, 1.000000000000000000),
 ( 1.000000000000000000, 0.7368926330804044245, 1.000000000000000000) ) ) 
 REPRESENTATION_ITEM ( '' )  SURFACE ( )  );
#2428 = CARTESIAN_POINT ( 'NONE',  ( 0.000000000000000000, 45.00000000000000000, 0.000000000000000000 ) ) ;
#2429 = CARTESIAN_POINT ( 'NONE',  ( -2.279122636561118131, 59.80135194356478934, 6.947556203204177550 ) ) ;
#2430 = CARTESIAN_POINT ( 'NONE',  ( 3.653618177253747490, 43.69996396030913388, 9.328252314460707240 ) ) ;
#2431 = CARTESIAN_POINT ( 'NONE',  ( 4.923954922635551235, 60.00000000000000000, -6.928540100183670170 ) ) ;
#2432 = CARTESIAN_POINT ( 'NONE',  ( 8.417244204607586155, 60.00000000000000000, 2.199999999999999734 ) ) ;
#2433 = ADVANCED_FACE ( 'NONE', ( #3652 ), #2398, .F. ) ;
#2434 = AXIS2_PLACEMENT_3D ( 'NONE', #7787, #2274, #4731 ) ;
#2435 = ADVANCED_FACE ( 'NONE', ( #1187 ), #5541, .T. ) ;
#2436 = CARTESIAN_POINT ( 'NONE',  ( -2.639305512992951019, 58.49999999999998579, -7.571411245200422968 ) ) ;
#2437 = CARTESIAN_POINT ( 'NONE',  ( 1.895989810371152995, 59.83322763085568852, -7.030515857026919946 ) ) ;
#2438 = CARTESIAN_POINT ( 'NONE',  ( 9.000336257319142774, 44.80466514540944445, 2.120018605094831088 ) ) ;
#2439 = ORIENTED_EDGE ( 'NONE', *, *, #5942, .T. ) ;
#2440 = B_SPLINE_CURVE_WITH_KNOTS ( 'NONE', 3,
 ( #4849, #4279, #5412, #1106, #4126, #7257, #1708, #466, #6590, #1066, #5329, #3526, #6742, #7220 ),
 .UNSPECIFIED., .F., .F.,
 ( 4, 2, 2, 2, 2, 2, 4 ),
 ( 0.000000000000000000, 0.0005911301262241664680, 0.001182260252448332936, 0.001477825315560416224, 0.001773390378672498645, 0.002068955441784581500, 0.002364520504896664137 ),
 .UNSPECIFIED. ) ;
#2441 = AXIS2_PLACEMENT_3D ( 'NONE', #3043, #5005, #4860 ) ;
#2442 = CARTESIAN_POINT ( 'NONE',  ( 6.599470210214605004, 59.96335253576350510, -2.033415600131748047 ) ) ;
#2443 = CARTESIAN_POINT ( 'NONE',  ( 6.250585768821182775, 43.48458843367428273, -7.826332128665280052 ) ) ;
#2444 = CARTESIAN_POINT ( 'NONE',  ( -5.621956772992694695, 58.50000000000000000, 5.691537757285070498 ) ) ;
#2445 = CARTESIAN_POINT ( 'NONE',  ( -3.036956271878333613, 59.27933203474311341, 8.260162563258242940 ) ) ;
#2446 = FACE_OUTER_BOUND ( 'NONE', #1412, .T. ) ;
#2447 = CARTESIAN_POINT ( 'NONE',  ( -2.984531596354684790, 59.29999997292472358, -8.169360361680952920 ) ) ;
#2448 = ORIENTED_EDGE ( 'NONE', *, *, #295, .T. ) ;
#2449 = CARTESIAN_POINT ( 'NONE',  ( -8.621453855107857223, 44.96265802970539482, -2.155681182802753781 ) ) ;
#2450 = LINE ( 'NONE', #4942, #1648 ) ;
#2451 = DIRECTION ( 'NONE',  ( -0.5000000000000003331, 0.000000000000000000, -0.8660254037844384856 ) ) ;
#2452 = ADVANCED_FACE ( 'NONE', ( #4133 ), #1905, .F. ) ;
#2453 = CARTESIAN_POINT ( 'NONE',  ( 5.549634385860568564, 59.18232658162758497, 5.537252423111361566 ) ) ;
#2454 = CARTESIAN_POINT ( 'NONE',  ( -5.385977413370499178, 59.50074565370683644, -6.328786528376100229 ) ) ;
#2455 = ORIENTED_EDGE ( 'NONE', *, *, #172, .T. ) ;
#2456 = ORIENTED_EDGE ( 'NONE', *, *, #954, .F. ) ;
#2457 = CARTESIAN_POINT ( 'NONE',  ( 6.440066792057217882, 43.74989001083496731, -7.650577388029183190 ) ) ;
#2458 = CARTESIAN_POINT ( 'NONE',  ( 5.625156776758493571, 59.25683569236021242, 8.036717472180953337 ) ) ;
#2459 = VECTOR ( 'NONE', #518, 1000.000000000000000 ) ;
#2460 = DIRECTION ( 'NONE',  ( 0.000000000000000000, 1.000000000000000000, 0.000000000000000000 ) ) ;
#2461 = LINE ( 'NONE', #6849, #4751 ) ;
#2462 = CARTESIAN_POINT ( 'NONE',  ( -4.115595878838976596, 44.77290120159839404, 9.113885984759239278 ) ) ;
#2463 = ORIENTED_EDGE ( 'NONE', *, *, #3680, .F. ) ;
#2464 = DIRECTION ( 'NONE',  ( 0.000000000000000000, -1.000000000000000000, 0.000000000000000000 ) ) ;
#2465 = LINE ( 'NONE', #5643, #6660 ) ;
#2466 = DIRECTION ( 'NONE',  ( 0.4999999999999996114, -6.195440985631455317E-16, -0.8660254037844388186 ) ) ;
#2467 = CARTESIAN_POINT ( 'NONE',  ( 2.324850540222952233, 45.00000000000000711, 8.379489071991937266 ) ) ;
#2468 = CARTESIAN_POINT ( 'NONE',  ( 3.055739117902631197, 45.65110126187370554, 8.292695406883060727 ) ) ;
#2469 = CARTESIAN_POINT ( 'NONE',  ( -6.605371544955902507, 44.16414422605433998, -7.305162761836949237 ) ) ;
#2470 = CARTESIAN_POINT ( 'NONE',  ( -2.608792545078685521, 58.93661152880184773, -7.518561234482918465 ) ) ;
#2471 = CARTESIAN_POINT ( 'NONE',  ( -9.819769357467617255, 43.62272147863348692, 1.896986067493934724 ) ) ;
#2472 = CARTESIAN_POINT ( 'NONE',  ( -3.405560975623453501, 43.74989001083498152, -9.402550138004702518 ) ) ;
#2473 = ORIENTED_EDGE ( 'NONE', *, *, #7222, .T. ) ;
#2474 = CARTESIAN_POINT ( 'NONE',  ( 0.000000000000000000, 60.00000000000000000, 0.000000000000000000 ) ) ;
#2475 = CARTESIAN_POINT ( 'NONE',  ( 2.602360155269431985, 59.43424718601784207, 7.607850992332453544 ) ) ;
#2476 = DIRECTION ( 'NONE',  ( 0.000000000000000000, 0.000000000000000000, -1.000000000000000000 ) ) ;
#2477 = CARTESIAN_POINT ( 'NONE',  ( 3.804391567570561072, 44.18723787529081193, -9.248717168113246956 ) ) ;
#2478 = DIRECTION ( 'NONE',  ( 0.000000000000000000, 0.000000000000000000, 1.000000000000000000 ) ) ;
#2479 = CARTESIAN_POINT ( 'NONE',  ( 5.931801859636061991, 45.44761534702016093, 7.274182201321203856 ) ) ;
#2480 = CARTESIAN_POINT ( 'NONE',  ( -5.325584076986949356, 45.00000000000000000, 7.624182201321207941 ) ) ;
#2481 = CIRCLE ( 'NONE', #1070, 10.00000000000000000 ) ;
#2482 = CARTESIAN_POINT ( 'NONE',  ( -5.627501802860903624, 59.99145286394573162, 6.747119042240450781 ) ) ;
#2483 = ORIENTED_EDGE ( 'NONE', *, *, #378, .T. ) ;
#2484 = CARTESIAN_POINT ( 'NONE',  ( 4.580287881945507955, 60.00000000000000000, -5.691044518774837080 ) ) ;
#2485 = DIRECTION ( 'NONE',  ( 0.000000000000000000, 1.000000000000000000, 0.000000000000000000 ) ) ;
#2486 = CARTESIAN_POINT ( 'NONE',  ( 5.621956772992691143, 58.60379722026193861, -5.691537757285073162 ) ) ;
#2487 = CARTESIAN_POINT ( 'NONE',  ( 5.527928618512203407, 59.26974757817092154, 5.490647629999718227 ) ) ;
#2488 = DIRECTION ( 'NONE',  ( -0.000000000000000000, -1.000000000000000000, -0.000000000000000000 ) ) ;
#2489 = ADVANCED_FACE ( 'NONE', ( #1270 ), #6847, .T. ) ;
#2490 = ORIENTED_EDGE ( 'NONE', *, *, #3357, .T. ) ;
#2491 = ORIENTED_EDGE ( 'NONE', *, *, #6113, .F. ) ;
#2492 = CARTESIAN_POINT ( 'NONE',  ( 6.217799010044458008, 44.02508204143067161, -7.833213949514080454 ) ) ;
#2493 = CARTESIAN_POINT ( 'NONE',  ( 5.726434492752855654, 58.69786187492304919, 8.198045376808446250 ) ) ;
#2494 = AXIS2_PLACEMENT_3D ( 'NONE', #7765, #3509, #5999 ) ;
#2495 = CARTESIAN_POINT ( 'NONE',  ( -5.287415755459799804, 59.43424132382838820, -6.057649028966972438 ) ) ;
#2496 = CARTESIAN_POINT ( 'NONE',  ( 7.156321484480767658, 59.80135194356069661, 1.499999999999999556 ) ) ;
#2497 = CARTESIAN_POINT ( 'NONE',  ( -6.360703638107488622, 44.20607608376377584, -7.719150525542269214 ) ) ;
#2498 = AXIS2_PLACEMENT_3D ( 'NONE', #7392, #4178, #1162 ) ;
#2499 = B_SPLINE_CURVE_WITH_KNOTS ( 'NONE', 3,
 ( #4859, #7311, #2445, #7836, #1188, #1639, #1076, #5340 ),
 .UNSPECIFIED., .F., .F.,
 ( 4, 2, 2, 4 ),
 ( 0.000000000000000000, 0.0003130780027722969861, 0.0006261560055445939722, 0.001252312011089173199 ),
 .UNSPECIFIED. ) ;
#2500 = ORIENTED_EDGE ( 'NONE', *, *, #1840, .F. ) ;
#2501 = ORIENTED_EDGE ( 'NONE', *, *, #6184, .F. ) ;
#2502 = CARTESIAN_POINT ( 'NONE',  ( -3.232363954260206285, 43.94854701178265799, 9.420108424203808895 ) ) ;
#2503 = DIRECTION ( 'NONE',  ( -0.4999999999999990008, -0.000000000000000000, 0.8660254037844391517 ) ) ;
#2504 = CARTESIAN_POINT ( 'NONE',  ( -2.927088879358681783, 44.44078939132193540, 9.231776803218821215 ) ) ;
#2505 = CARTESIAN_POINT ( 'NONE',  ( 6.018561943922053459, 45.11760760837111661, -7.360852245630330692 ) ) ;
#2506 = CARTESIAN_POINT ( 'NONE',  ( 3.333725648282736653, 45.44761534702016093, -8.774182201321208296 ) ) ;
#2507 = CARTESIAN_POINT ( 'NONE',  ( -6.033811851148819017, 44.56049309867579211, -7.450868689500317110 ) ) ;
#2508 = AXIS2_PLACEMENT_3D ( 'NONE', #5862, #1038, #2161 ) ;
#2509 = CARTESIAN_POINT ( 'NONE',  ( -7.519004640064686384, 59.26974757817092865, 2.042002798938679309 ) ) ;
#2510 = CARTESIAN_POINT ( 'NONE',  ( -9.684673807096723763, 44.33474125497825469, 1.778882518748903241 ) ) ;
#2511 = EDGE_LOOP ( 'NONE', ( #2500, #4145, #4080, #3587 ) ) ;
#2512 = CARTESIAN_POINT ( 'NONE',  ( -4.147641006028655042, 59.25597686298502964, -8.890299639592218028 ) ) ;
#2513 = CARTESIAN_POINT ( 'NONE',  ( -7.927449509349616008, 59.87075451882527233, -1.499999999999999112 ) ) ;
#2514 = CARTESIAN_POINT ( 'NONE',  ( -1.993262609326505119, 59.28409436251600084, -7.535680941573802194 ) ) ;
#2515 = CARTESIAN_POINT ( 'NONE',  ( 3.184711849072166423, 43.73111428290526703, -9.479629466503965318 ) ) ;
#2516 = CARTESIAN_POINT ( 'NONE',  ( -7.479568034472298343, 60.00000000000000000, 1.495684765255840487 ) ) ;
#2517 = EDGE_CURVE ( 'NONE', #3133, #7240, #244, .T. ) ;
#2518 = DIRECTION ( 'NONE',  ( 0.000000000000000000, -0.000000000000000000, 1.000000000000000000 ) ) ;
#2519 = CARTESIAN_POINT ( 'NONE',  ( 0.000000000000000000, 58.50000000000000000, 0.000000000000000000 ) ) ;
#2520 = EDGE_CURVE ( 'NONE', #190, #4054, #4732, .T. ) ;
#2521 = CARTESIAN_POINT ( 'NONE',  ( -4.147423105567672685, 59.25683569236019821, -8.889887405033549683 ) ) ;
#2522 = VECTOR ( 'NONE', #828, 1000.000000000000114 ) ;
#2523 = ORIENTED_EDGE ( 'NONE', *, *, #5897, .T. ) ;
#2524 = CARTESIAN_POINT ( 'NONE',  ( -2.118037897910827194, 58.50000000000000000, 7.714526263032195352 ) ) ;
#2525 = CARTESIAN_POINT ( 'NONE',  ( 2.694222958124177006E-16, 35.00000000000000000, 2.200000000000000178 ) ) ;
#2526 = FACE_OUTER_BOUND ( 'NONE', #4304, .T. ) ;
#2527 = EDGE_CURVE ( 'NONE', #6245, #4172, #1955, .T. ) ;
#2528 = CARTESIAN_POINT ( 'NONE',  ( 5.277962070004885931, 59.82488524275490249, 4.941138613639720845 ) ) ;
#2529 = EDGE_CURVE ( 'NONE', #1432, #7240, #2157, .T. ) ;
#2530 = CARTESIAN_POINT ( 'NONE',  ( 4.823560934331253769, 60.00000000000000000, -6.754652611666150719 ) ) ;
#2531 = CIRCLE ( 'NONE', #7408, 8.500000000000000000 ) ;
#2532 = VECTOR ( 'NONE', #1647, 1000.000000000000114 ) ;
#2533 = B_SPLINE_CURVE_WITH_KNOTS ( 'NONE', 3,
 ( #5177, #5142, #2243, #6398, #7077, #6352, #286, #4703, #4020, #1479, #5907, #5300 ),
 .UNSPECIFIED., .F., .F.,
 ( 4, 2, 2, 2, 2, 4 ),
 ( 0.000000000000000000, 0.0003066895098636515877, 0.0006133790197273031753, 0.001226758039454605917, 0.001840137059181908875, 0.002453516078909211400 ),
 .UNSPECIFIED. ) ;
#2534 = ORIENTED_EDGE ( 'NONE', *, *, #169, .T. ) ;
#2535 = CARTESIAN_POINT ( 'NONE',  ( -3.326157381452012451, 59.99999999999999289, 7.361073578645147109 ) ) ;
#2536 = CARTESIAN_POINT ( 'NONE',  ( 2.638440773028619901, 60.00000000000000711, -6.812165608795694993 ) ) ;
#2537 = ORIENTED_EDGE ( 'NONE', *, *, #4829, .F. ) ;
#2538 = CARTESIAN_POINT ( 'NONE',  ( -4.711798533609946382, 60.00000000000001421, 6.561074455240964554 ) ) ;
#2539 = DIRECTION ( 'NONE',  ( 0.5000000000000006661, 0.000000000000000000, 0.8660254037844384856 ) ) ;
#2540 = AXIS2_PLACEMENT_3D ( 'NONE', #6818, #3065, #3105 ) ;
#2541 = CARTESIAN_POINT ( 'NONE',  ( -5.001574048057040756, 60.00000000000000000, -4.393955882816969805 ) ) ;
#2542 = CARTESIAN_POINT ( 'NONE',  ( 6.689712018165912433, 60.65107842505428692, 1.499999999999999112 ) ) ;
#2543 = ORIENTED_EDGE ( 'NONE', *, *, #2915, .T. ) ;
#2544 = ORIENTED_EDGE ( 'NONE', *, *, #4584, .T. ) ;
#2545 = CARTESIAN_POINT ( 'NONE',  ( -3.804391567570255095, 44.18723787529147273, 9.248717168113374854 ) ) ;
#2546 = CARTESIAN_POINT ( 'NONE',  ( 4.963441625000371893, 60.00000000000000000, 4.196933074902871930 ) ) ;
#2547 = CARTESIAN_POINT ( 'NONE',  ( -2.830872916429411745, 60.00000000000000711, -6.918568403993828220 ) ) ;
#2548 = CARTESIAN_POINT ( 'NONE',  ( 3.169187217589498839, 44.90951149104665063, 8.489193279562876171 ) ) ;
#2549 = CARTESIAN_POINT ( 'NONE',  ( -4.952264635845695651, 60.00000001127101257, -4.425775323661249594 ) ) ;
#2550 = CARTESIAN_POINT ( 'NONE',  ( -5.613838321503689777, 45.00452237292402202, -6.723453198320004986 ) ) ;
#2551 = EDGE_CURVE ( 'NONE', #1800, #6329, #5052, .T. ) ;
#2552 = CARTESIAN_POINT ( 'NONE',  ( -2.020584072652017227, 59.18232658162445148, -7.574750571427915524 ) ) ;
#2553 = DIRECTION ( 'NONE',  ( 1.224646799147356165E-16, 0.000000000000000000, -1.000000000000000000 ) ) ;
#2554 = VERTEX_POINT ( 'NONE', #1510 ) ;
#2555 = CARTESIAN_POINT ( 'NONE',  ( -2.118037897910833411, 45.02275046629593902, -7.714526263032193576 ) ) ;
#2556 = CARTESIAN_POINT ( 'NONE',  ( 0.000000000000000000, 58.50000000000000000, 0.000000000000000000 ) ) ;
#2557 = CARTESIAN_POINT ( 'NONE',  ( 7.039519009676515005, 59.83700960661287382, -1.872869399809490742 ) ) ;
#2558 = CARTESIAN_POINT ( 'NONE',  ( 3.333725648282737097, 45.44761534702016093, -8.774182201321206520 ) ) ;
#2559 = CARTESIAN_POINT ( 'NONE',  ( -6.308966179656354534, 60.00000001127100546, 2.075899319076171867 ) ) ;
#2560 = VECTOR ( 'NONE', #2224, 1000.000000000000227 ) ;
#2561 = CARTESIAN_POINT ( 'NONE',  ( 6.018565395776453109, 45.11759801855913565, 7.360854553775388887 ) ) ;
#2562 = CARTESIAN_POINT ( 'NONE',  ( 0.000000000000000000, 0.7000000000000000666, -17.50000000000000355 ) ) ;
#2563 = B_SPLINE_CURVE_WITH_KNOTS ( 'NONE', 3,
 ( #405, #5308, #4631, #5346 ),
 .UNSPECIFIED., .F., .F.,
 ( 4, 4 ),
 ( 0.000000000000000000, 0.0008152306934952743486 ),
 .UNSPECIFIED. ) ;
#2564 = CARTESIAN_POINT ( 'NONE',  ( -5.454545633715734532, 59.63125511759703556, 7.765660198968904027 ) ) ;
#2565 = VECTOR ( 'NONE', #6745, 1000.000000000000000 ) ;
#2566 = CARTESIAN_POINT ( 'NONE',  ( -9.729576255541060092, 59.23193387676776922, -1.499999999999996669 ) ) ;
#2567 = CARTESIAN_POINT ( 'NONE',  ( 5.931801859636053109, 64.86389322930409662, -7.274182201321210073 ) ) ;
#2568 = CARTESIAN_POINT ( 'NONE',  ( -9.508148150027952994, 44.80891385920369174, -1.616485687996592091 ) ) ;
#2569 = CARTESIAN_POINT ( 'NONE',  ( -8.261481222607418573, 60.00000000000000000, -0.7999999999999991562 ) ) ;
#2570 = ADVANCED_FACE ( 'NONE', ( #391 ), #3363, .F. ) ;
#2571 = CARTESIAN_POINT ( 'NONE',  ( 9.510535450143690284, 44.79918326678463814, 1.617512638682497172 ) ) ;
#2572 = CARTESIAN_POINT ( 'NONE',  ( 3.937335440922728136, 43.62712503595884073, -9.819665030119789861 ) ) ;
#2573 = CARTESIAN_POINT ( 'NONE',  ( 2.830869605343124373, 60.00000000000000000, -6.918566179379169512 ) ) ;
#2574 = CARTESIAN_POINT ( 'NONE',  ( -3.273590420009523605, 44.16525576120958618, -9.344681539945534965 ) ) ;
#2575 = ORIENTED_EDGE ( 'NONE', *, *, #6489, .T. ) ;
#2576 = CARTESIAN_POINT ( 'NONE',  ( 2.199923766695436989, 45.00000000000000000, 8.210379736694799035 ) ) ;
#2577 = EDGE_CURVE ( 'NONE', #1848, #1741, #2838, .T. ) ;
#2578 = CYLINDRICAL_SURFACE ( 'NONE', #2755, 0.6999999999999999556 ) ;
#2579 = CARTESIAN_POINT ( 'NONE',  ( -2.602370068565638572, 59.43424132382838820, 7.607860879081764338 ) ) ;
#2580 = CARTESIAN_POINT ( 'NONE',  ( -9.265527507918802641, 45.00000000000000000, 0.8000000000000013767 ) ) ;
#2581 = CARTESIAN_POINT ( 'NONE',  ( -6.206460863973645381, 45.18997598112126468, -7.860257711328814345 ) ) ;
#2582 = ORIENTED_EDGE ( 'NONE', *, *, #1244, .F. ) ;
#2583 = ORIENTED_EDGE ( 'NONE', *, *, #6139, .T. ) ;
#2584 = EDGE_LOOP ( 'NONE', ( #1806, #1545, #3667, #2268 ) ) ;
#2585 = CARTESIAN_POINT ( 'NONE',  ( 3.289896406890335356, 58.91913233273812978, 8.698267728372350405 ) ) ;
#2586 = CARTESIAN_POINT ( 'NONE',  ( 10.00749776953382764, 44.84586198173934690, -1.500000000000000000 ) ) ;
#2587 = LINE ( 'NONE', #7488, #6904 ) ;
#2588 = CARTESIAN_POINT ( 'NONE',  ( 3.936605786837197307, 43.47906265129231684, 9.818401232171682480 ) ) ;
#2589 = CARTESIAN_POINT ( 'NONE',  ( -4.638883595941271309, 60.00000000000000000, -5.250986827717664340 ) ) ;
#2590 = CARTESIAN_POINT ( 'NONE',  ( -6.652946089030939980, 43.88200801012159502, -7.404036309434602892 ) ) ;
#2591 = B_SPLINE_CURVE_WITH_KNOTS ( 'NONE', 3,
 ( #419, #5887, #973, #7733, #1659, #2343, #381, #2306, #4116, #7816, #5279, #1736, #4679, #4078 ),
 .UNSPECIFIED., .F., .F.,
 ( 4, 2, 2, 2, 2, 2, 4 ),
 ( 0.000000000000000000, 0.0005911301262241665765, 0.001182260252448333153, 0.001477825315560416441, 0.001773390378672498862, 0.002068955441784581933, 0.002364520504896664571 ),
 .UNSPECIFIED. ) ;
#2592 = CARTESIAN_POINT ( 'NONE',  ( -6.307419280468063327, 60.02895608275378692, 1.500000000000000666 ) ) ;
#2593 = CARTESIAN_POINT ( 'NONE',  ( 3.112559727078465066, 43.50000000000000000, 9.503261121602902151 ) ) ;
#2594 = CARTESIAN_POINT ( 'NONE',  ( -9.508148150027494694, 44.80891385920430281, 1.616485687996534804 ) ) ;
#2595 =( BOUNDED_SURFACE ( )  B_SPLINE_SURFACE ( 3, 2, ( 
 ( #1871, #2932, #2330 ),
 ( #2597, #5048, #4174 ),
 ( #522, #2968, #5537 ),
 ( #34, #6786, #3727 ),
 ( #6177, #4967, #666 ),
 ( #3115, #1300, #5573 ),
 ( #74, #3764, #6986 ),
 ( #2748, #3358, #2149 ),
 ( #5812, #905, #308 ),
 ( #230, #7702, #7540 ),
 ( #2636, #4608, #6421 ),
 ( #1506, #3846, #5203 ) ),
 .UNSPECIFIED., .F., .F., .F. ) 
 B_SPLINE_SURFACE_WITH_KNOTS ( ( 4, 2, 2, 2, 2, 4 ),
 ( 3, 3 ),
 ( 0.000000000000000000, 0.0003130780027722929746, 0.0004696170041584394618, 0.0006261560055445859491, 0.0009392340083168789237, 0.001252312011089171898 ),
 ( 0.000000000000000000, 1.000000000000000000 ),
 .UNSPECIFIED. ) 
 GEOMETRIC_REPRESENTATION_ITEM ( )  RATIONAL_B_SPLINE_SURFACE ( (
 ( 1.000000000000000000, 0.7071067811865475727, 1.000000000000000000),
 ( 1.000000000000000000, 0.7114525854347056866, 1.000000000000000000),
 ( 1.000000000000000000, 0.7155841935930604691, 1.000000000000000000),
 ( 1.000000000000000000, 0.7211136383400771344, 1.000000000000000000),
 ( 1.000000000000000000, 0.7228253759579401638, 1.000000000000000000),
 ( 1.000000000000000000, 0.7260124768012865548, 1.000000000000000000),
 ( 1.000000000000000000, 0.7274944237442815265, 1.000000000000000000),
 ( 1.000000000000000000, 0.7314273696354331999, 1.000000000000000000),
 ( 1.000000000000000000, 0.7334714490888273319, 1.000000000000000000),
 ( 1.000000000000000000, 0.7361867872712511973, 1.000000000000000000),
 ( 1.000000000000000000, 0.7368962947193720137, 1.000000000000000000),
 ( 1.000000000000000000, 0.7368926330804047575, 1.000000000000000000) ) ) 
 REPRESENTATION_ITEM ( '' )  SURFACE ( )  );
#2596 = ORIENTED_EDGE ( 'NONE', *, *, #6471, .F. ) ;
#2597 = CARTESIAN_POINT ( 'NONE',  ( -3.628777340703697174, 60.00000000000000000, 7.902422747571598016 ) ) ;
#2598 = CARTESIAN_POINT ( 'NONE',  ( 1.455371717211937810, 59.97334755155951314, 6.658952628044755073 ) ) ;
#2599 = CARTESIAN_POINT ( 'NONE',  ( 6.116371473349213161, 60.00000000000000000, -2.199999999999999289 ) ) ;
#2600 = CARTESIAN_POINT ( 'NONE',  ( 3.362153446468687523, 44.94768297982633243, -8.971757885288772272 ) ) ;
#2601 = DIRECTION ( 'NONE',  ( -0.000000000000000000, -1.000000000000000000, 0.000000000000000000 ) ) ;
#2602 = EDGE_CURVE ( 'NONE', #1138, #173, #2999, .T. ) ;
#2603 = CARTESIAN_POINT ( 'NONE',  ( -4.823560934331261763, 59.29999999999999716, -6.754652611666144502 ) ) ;
#2604 = CARTESIAN_POINT ( 'NONE',  ( 9.265527507918802641, 45.44761534702016093, -1.500000000000000000 ) ) ;
#2605 = CARTESIAN_POINT ( 'NONE',  ( -5.856159171140336461, 59.82458473914902441, 7.143165221625139338 ) ) ;
#2606 = CARTESIAN_POINT ( 'NONE',  ( -8.951050627970751350, 59.13703967621340496, -1.499999999999999112 ) ) ;
#2607 = CARTESIAN_POINT ( 'NONE',  ( 4.963441625000367452, 60.00000000000000000, -4.196933074902877259 ) ) ;
#2608 = CARTESIAN_POINT ( 'NONE',  ( 3.437920288276157699, 60.00000000000000000, 7.554652611666146989 ) ) ;
#2609 = CARTESIAN_POINT ( 'NONE',  ( -7.820560476344697420, 60.00000000000000000, -0.8454866594162523397 ) ) ;
#2610 = CARTESIAN_POINT ( 'NONE',  ( -5.625156776758634791, 59.25683569235947346, -8.036717472181228672 ) ) ;
#2611 = FACE_OUTER_BOUND ( 'NONE', #1051, .T. ) ;
#2612 = CARTESIAN_POINT ( 'NONE',  ( 6.223651127632914282, 45.32625813511283042, 7.850733500342285787 ) ) ;
#2613 = DIRECTION ( 'NONE',  ( 0.000000000000000000, 0.000000000000000000, -1.000000000000000000 ) ) ;
#2614 = ORIENTED_EDGE ( 'NONE', *, *, #678, .F. ) ;
#2615 = CARTESIAN_POINT ( 'NONE',  ( -3.703952426316626578, 45.18997598112194680, -9.305081631459414027 ) ) ;
#2616 = B_SPLINE_CURVE_WITH_KNOTS ( 'NONE', 3,
 ( #3109, #3838, #779, #6296 ),
 .UNSPECIFIED., .F., .F.,
 ( 4, 4 ),
 ( 0.000000000000000000, 0.0008268229203837841124 ),
 .UNSPECIFIED. ) ;
#2617 = CARTESIAN_POINT ( 'NONE',  ( 6.010435543346963172, 45.00000000000000000, -6.010379736694806851 ) ) ;
#2618 = CARTESIAN_POINT ( 'NONE',  ( -6.673785686565874897, 43.50000000000000000, 7.447186355247762179 ) ) ;
#2619 = ORIENTED_EDGE ( 'NONE', *, *, #4218, .F. ) ;
#2620 = EDGE_LOOP ( 'NONE', ( #6138, #6511, #1654, #267 ) ) ;
#2621 = ORIENTED_EDGE ( 'NONE', *, *, #6535, .F. ) ;
#2622 = CARTESIAN_POINT ( 'NONE',  ( -1.152929848348845265, 60.00000000000000000, -6.396933074902872995 ) ) ;
#2623 = ORIENTED_EDGE ( 'NONE', *, *, #4267, .T. ) ;
#2624 = CARTESIAN_POINT ( 'NONE',  ( 2.883331027308037697, 59.04439041980842973, -7.994075834337300179 ) ) ;
#2625 = CARTESIAN_POINT ( 'NONE',  ( -7.091003523932704056, 59.72317080742410411, 2.082508331123327672 ) ) ;
#2626 = CARTESIAN_POINT ( 'NONE',  ( -9.817815380391046176, 43.62158621499634137, -1.901656071149195659 ) ) ;
#2627 = CARTESIAN_POINT ( 'NONE',  ( -6.584248017485279547, 44.25179316161713672, -7.261120642541749604 ) ) ;
#2628 = AXIS2_PLACEMENT_3D ( 'NONE', #5287, #4199, #980 ) ;
#2629 = EDGE_CURVE ( 'NONE', #5735, #7166, #1629, .T. ) ;
#2630 = CARTESIAN_POINT ( 'NONE',  ( -2.000783404178256841, 45.00000000000000000, -7.746013449242489024 ) ) ;
#2631 = CARTESIAN_POINT ( 'NONE',  ( -2.779060175756873363, 45.49311510543481774, -7.876015175025672832 ) ) ;
#2632 = CARTESIAN_POINT ( 'NONE',  ( 3.232363954259853678, 43.94854701178316247, 9.420108424203521125 ) ) ;
#2633 = ORIENTED_EDGE ( 'NONE', *, *, #408, .F. ) ;
#2634 = ADVANCED_FACE ( 'NONE', ( #312 ), #7706, .T. ) ;
#2635 = VECTOR ( 'NONE', #7381, 1000.000000000000114 ) ;
#2636 = CARTESIAN_POINT ( 'NONE',  ( -4.236498311316898580, 58.69786187492299234, 9.058260432235819337 ) ) ;
#2637 = CARTESIAN_POINT ( 'NONE',  ( 6.010435543346970277, 45.00000000000000000, 6.010379736694799746 ) ) ;
#2638 = DIRECTION ( 'NONE',  ( -0.000000000000000000, -1.000000000000000000, -0.000000000000000000 ) ) ;
#2639 = CARTESIAN_POINT ( 'NONE',  ( 3.354156404354595722, 44.80891385920424597, -9.042540684868029643 ) ) ;
#2640 = CARTESIAN_POINT ( 'NONE',  ( -6.866929785711358036, 60.00000000000000000, 1.391897625424791451 ) ) ;
#2641 = CARTESIAN_POINT ( 'NONE',  ( -9.786273003144803084, 43.48553262224524474, 2.056080084418093090 ) ) ;
#2642 = DIRECTION ( 'NONE',  ( 0.000000000000000000, -1.000000000000000000, 0.000000000000000000 ) ) ;
#2643 = ORIENTED_EDGE ( 'NONE', *, *, #3154, .F. ) ;
#2644 = CARTESIAN_POINT ( 'NONE',  ( -9.353422689181069671, 59.66580496981411130, -1.500000000000146105 ) ) ;
#2645 = FACE_OUTER_BOUND ( 'NONE', #5035, .T. ) ;
#2646 = CARTESIAN_POINT ( 'NONE',  ( -9.831876616135263092, 43.85566074628039956, -1.829743230870198856 ) ) ;
#2647 = CARTESIAN_POINT ( 'NONE',  ( 6.217764492423489386, 44.02513061313004528, 7.833241190663829734 ) ) ;
#2648 = CARTESIAN_POINT ( 'NONE',  ( -3.939943430931853285, 58.50000000000000000, -8.424182201321201546 ) ) ;
#2649 = CARTESIAN_POINT ( 'NONE',  ( 3.936604408951331902, 43.47878117929302277, -9.818398845603374170 ) ) ;
#2650 = APPLICATION_CONTEXT ( 'automotive_design' ) ;
#2651 = CARTESIAN_POINT ( 'NONE',  ( -1.152929848348838604, 60.00000000000000000, 6.396933074902873884 ) ) ;
#2652 = CARTESIAN_POINT ( 'NONE',  ( 9.907692749335804905, 58.69053078926059186, 1.499999999999966027 ) ) ;
#2653 = EDGE_LOOP ( 'NONE', ( #4764, #5678, #6409, #372 ) ) ;
#2654 = CARTESIAN_POINT ( 'NONE',  ( 0.000000000000000000, 0.8000000000000000444, 0.000000000000000000 ) ) ;
#2655 = DIRECTION ( 'NONE',  ( 0.8660254037844388186, 0.000000000000000000, -0.4999999999999998335 ) ) ;
#2656 = CIRCLE ( 'NONE', #1632, 0.7000000000000003997 ) ;
#2657 = CARTESIAN_POINT ( 'NONE',  ( -5.507660207981126099, 45.69089023002054262, -6.539547311048674594 ) ) ;
#2658 = ORIENTED_EDGE ( 'NONE', *, *, #4584, .F. ) ;
#2659 = ORIENTED_EDGE ( 'NONE', *, *, #2823, .T. ) ;
#2660 = CARTESIAN_POINT ( 'NONE',  ( 5.931801859636061991, 58.71174231375388075, 7.274182201321201191 ) ) ;
#2661 = VERTEX_POINT ( 'NONE', #4653 ) ;
#2662 = FACE_OUTER_BOUND ( 'NONE', #1641, .T. ) ;
#2663 = PLANE ( 'NONE',  #621 ) ;
#2664 = CARTESIAN_POINT ( 'NONE',  ( 2.633078879044817633, 58.72161683363065521, -7.560626398842086537 ) ) ;
#2665 = EDGE_CURVE ( 'NONE', #1290, #2267, #369, .T. ) ;
#2666 = CARTESIAN_POINT ( 'NONE',  ( 5.754803764182714332, 45.06128468650053520, -8.178397333281868242 ) ) ;
#2667 = ADVANCED_FACE ( 'NONE', ( #5937 ), #2753, .T. ) ;
#2668 = CARTESIAN_POINT ( 'NONE',  ( -2.118037897910833411, 45.02275046629593902, -7.714526263032193576 ) ) ;
#2669 = CARTESIAN_POINT ( 'NONE',  ( 6.306064441655976793, 60.00000000000000711, -2.134512243117209884 ) ) ;
#2670 = CARTESIAN_POINT ( 'NONE',  ( 9.962932804213766147, 58.50000000000000000, 0.8602150537634408733 ) ) ;
#2671 = EDGE_LOOP ( 'NONE', ( #2065, #3063 ) ) ;
#2672 = ORIENTED_EDGE ( 'NONE', *, *, #4451, .T. ) ;
#2673 = CARTESIAN_POINT ( 'NONE',  ( 0.000000000000000000, 60.00000000000000000, 0.000000000000000000 ) ) ;
#2674 = CARTESIAN_POINT ( 'NONE',  ( -3.823609565697654755, 44.47237520701975910, -9.622686036094698636 ) ) ;
#2675 = AXIS2_PLACEMENT_3D ( 'NONE', #2081, #1396, #1311 ) ;
#2676 = CARTESIAN_POINT ( 'NONE',  ( 9.265527507918799088, 58.71174231375388075, -1.500000000000000444 ) ) ;
#2677 = DIRECTION ( 'NONE',  ( 0.5000000000000003331, -0.000000000000000000, 0.8660254037844384856 ) ) ;
#2678 = CARTESIAN_POINT ( 'NONE',  ( -4.452747745915650590, 60.02895608274840811, 4.712385329214431984 ) ) ;
#2679 = EDGE_CURVE ( 'NONE', #7165, #6729, #4213, .T. ) ;
#2680 = CARTESIAN_POINT ( 'NONE',  ( 2.909583996627801650, 45.69089023002054262, -8.039547311048679035 ) ) ;
#2681 = LINE ( 'NONE', #6468, #3037 ) ;
#2682 = ORIENTED_EDGE ( 'NONE', *, *, #5071, .T. ) ;
#2683 = AXIS2_PLACEMENT_3D ( 'NONE', #4201, #7904, #6666 ) ;
#2684 = CARTESIAN_POINT ( 'NONE',  ( 2.111801969006294133, 58.70244047755108596, 7.705536415680553475 ) ) ;
#2685 = CARTESIAN_POINT ( 'NONE',  ( -6.321445307844224537, 60.00000000000000000, -2.171067298699836279 ) ) ;
#2686 = CARTESIAN_POINT ( 'NONE',  ( -7.802614475959016360, 45.08537027135142949, -1.783403873384862948 ) ) ;
#2687 = CARTESIAN_POINT ( 'NONE',  ( -8.138491107056429641, 59.99999999999999289, -1.462541795246127707 ) ) ;
#2688 = CARTESIAN_POINT ( 'NONE',  ( -5.274610138194526066, 59.82844729212749968, 4.933484018923117276 ) ) ;
#2689 = B_SPLINE_CURVE_WITH_KNOTS ( 'NONE', 3,
 ( #2618, #887, #4509, #6970, #6364, #2733, #4550, #805, #7521, #215 ),
 .UNSPECIFIED., .F., .F.,
 ( 4, 2, 2, 2, 4 ),
 ( -7.941285366552784878E-06, 0.0005234127332231969026, 0.001054766751812946700, 0.001586120770402696389, 0.002117474788992445862 ),
 .UNSPECIFIED. ) ;
#2690 = CARTESIAN_POINT ( 'NONE',  ( -5.795244646061074256, 59.10333606103244364, -7.037658169269287889 ) ) ;
#2691 = VECTOR ( 'NONE', #6145, 1000.000000000000000 ) ;
#2692 = CARTESIAN_POINT ( 'NONE',  ( 9.903095326289063749, 43.48458843367428983, 1.500000000000000888 ) ) ;
#2693 = AXIS2_PLACEMENT_3D ( 'NONE', #6499, #2225, #2868 ) ;
#2694 = CARTESIAN_POINT ( 'NONE',  ( 1.897807026632558181, 59.83700960661302304, -7.032836992707797386 ) ) ;
#2695 = CARTESIAN_POINT ( 'NONE',  ( 9.353422689181202898, 59.66580496981413262, 1.500000000000147438 ) ) ;
#2696 = CARTESIAN_POINT ( 'NONE',  ( 3.087982270378040628, 43.90560972458312960, 9.467015137803736380 ) ) ;
#2697 = EDGE_CURVE ( 'NONE', #6329, #4139, #4066, .T. ) ;
#2698 = CARTESIAN_POINT ( 'NONE',  ( 5.172655900884065794, 59.75043083125054011, 5.367405181808649672 ) ) ;
#2699 = CARTESIAN_POINT ( 'NONE',  ( -3.499183431366438057, 45.26454619496500698, 9.060763488129881083 ) ) ;
#2700 = EDGE_LOOP ( 'NONE', ( #3142, #2967, #4120, #4791 ) ) ;
#2701 = VERTEX_POINT ( 'NONE', #6547 ) ;
#2702 = B_SPLINE_CURVE_WITH_KNOTS ( 'NONE', 3,
 ( #1498, #5728, #7015, #3231, #4483, #7529, #1374, #261, #4518, #7053, #3997, #6414 ),
 .UNSPECIFIED., .F., .F.,
 ( 4, 2, 2, 2, 2, 4 ),
 ( 0.000000000000000000, 0.0005957801389502121944, 0.001191560277900424389, 0.001787340416850635933, 0.002085230486325742680, 0.002383120555800849645 ),
 .UNSPECIFIED. ) ;
#2703 = CARTESIAN_POINT ( 'NONE',  ( 5.732181094252091214, 59.19936622830416439, 6.928428893430379709 ) ) ;
#2704 = VERTEX_POINT ( 'NONE', #1029 ) ;
#2705 = CARTESIAN_POINT ( 'NONE',  ( 9.903093179029072601, 43.48438124865895560, -1.500000000000000666 ) ) ;
#2706 = CARTESIAN_POINT ( 'NONE',  ( -6.134931001775981052, 44.30723243523753752, 7.626012196005462762 ) ) ;
#2707 = CARTESIAN_POINT ( 'NONE',  ( 2.279122636561115911, 59.80135194356478934, -6.947556203204177550 ) ) ;
#2708 = CARTESIAN_POINT ( 'NONE',  ( 6.107428236218239270, 44.18723787529060587, -7.919058327515897666 ) ) ;
#2709 = CARTESIAN_POINT ( 'NONE',  ( -5.621956772992696472, 45.02275046629593902, 5.691537757285069610 ) ) ;
#2710 = CARTESIAN_POINT ( 'NONE',  ( 8.261481222607418573, 59.29999999999999716, -1.499999999999999778 ) ) ;
#2711 = DIRECTION ( 'NONE',  ( 0.000000000000000000, 1.000000000000000000, 0.000000000000000000 ) ) ;
#2712 = ORIENTED_EDGE ( 'NONE', *, *, #661, .F. ) ;
#2713 = VERTEX_POINT ( 'NONE', #7068 ) ;
#2714 = CARTESIAN_POINT ( 'NONE',  ( 8.417244204607586155, 58.50000000000000000, -1.499999999999999778 ) ) ;
#2715 = CARTESIAN_POINT ( 'NONE',  ( -9.265527507918802641, 58.50000000000000000, 1.500000000000001332 ) ) ;
#2716 = CARTESIAN_POINT ( 'NONE',  ( 5.726434491383821879, 58.50000000000000000, 8.198045377764733743 ) ) ;
#2717 = CARTESIAN_POINT ( 'NONE',  ( 6.674195933260845592, 43.58667614191539030, 7.448035007451330181 ) ) ;
#2718 = CARTESIAN_POINT ( 'NONE',  ( 5.653986389734299678, 45.66504311428028728, 6.792991692322729591 ) ) ;
#2719 = CARTESIAN_POINT ( 'NONE',  ( -10.47274709319866126, 43.62712503595879809, 1.500000000000001554 ) ) ;
#2720 = CARTESIAN_POINT ( 'NONE',  ( -3.178622841345823513, 59.14017680860018800, -8.505536259309904423 ) ) ;
#2721 = ORIENTED_EDGE ( 'NONE', *, *, #180, .F. ) ;
#2722 = CARTESIAN_POINT ( 'NONE',  ( 2.087340844156725161, 58.89955821941126146, 7.670361972117505367 ) ) ;
#2723 = CARTESIAN_POINT ( 'NONE',  ( -9.962932804213766147, 45.00000000000000000, 0.8602150537634423166 ) ) ;
#2724 = CARTESIAN_POINT ( 'NONE',  ( 3.512958273669994913, 59.39586769377056896, 9.084622214866360679 ) ) ;
#2725 = DIRECTION ( 'NONE',  ( 0.8660254037844384856, 0.000000000000000000, -0.5000000000000003331 ) ) ;
#2726 = DIRECTION ( 'NONE',  ( 0.000000000000000000, 1.000000000000000000, 0.000000000000000000 ) ) ;
#2727 = DIRECTION ( 'NONE',  ( 0.000000000000000000, 1.000000000000000000, -0.000000000000000000 ) ) ;
#2728 = CARTESIAN_POINT ( 'NONE',  ( 3.068548540138226866, 43.97937284440482131, -9.438575857991807538 ) ) ;
#2729 = CARTESIAN_POINT ( 'NONE',  ( -5.776699052699134640, 59.14017680860018800, 7.005536259309912417 ) ) ;
#2730 = FACE_OUTER_BOUND ( 'NONE', #6302, .T. ) ;
#2731 = CARTESIAN_POINT ( 'NONE',  ( -1.905255888325763980, 45.69999999999999574, -1.099999999999998979 ) ) ;
#2732 = CARTESIAN_POINT ( 'NONE',  ( 5.530172705284658541, 59.29999999999999716, -6.578540100183670525 ) ) ;
#2733 = CARTESIAN_POINT ( 'NONE',  ( -6.234249568066934977, 44.64352067352289311, 7.455725690906714220 ) ) ;
#2734 = EDGE_CURVE ( 'NONE', #6806, #5304, #3487, .T. ) ;
#2735 = ORIENTED_EDGE ( 'NONE', *, *, #1829, .T. ) ;
#2736 = EDGE_LOOP ( 'NONE', ( #6943, #3228, #7859, #3803 ) ) ;
#2737 = CARTESIAN_POINT ( 'NONE',  ( 2.059957809623487623, 45.00752006237845393, -7.730472262036188091 ) ) ;
#2738 = ORIENTED_EDGE ( 'NONE', *, *, #2419, .T. ) ;
#2739 = CARTESIAN_POINT ( 'NONE',  ( 9.911476223376103789, 44.95928555182351971, -1.500000000000000000 ) ) ;
#2740 = CARTESIAN_POINT ( 'NONE',  ( -5.953635892195936030, 44.70126703666946355, 7.311999855048953556 ) ) ;
#2741 = CARTESIAN_POINT ( 'NONE',  ( -9.962932804213766147, 45.44761534702016093, -0.8602150537634400962 ) ) ;
#2742 = CARTESIAN_POINT ( 'NONE',  ( 4.576219266434576660, 60.00000000000000000, -5.910888082718018133 ) ) ;
#2743 = CARTESIAN_POINT ( 'NONE',  ( 8.955321894044955044, 59.14017680860020221, 1.499999999999999778 ) ) ;
#2744 = CARTESIAN_POINT ( 'NONE',  ( 0.000000000000000000, 60.00000000000000000, 0.000000000000000000 ) ) ;
#2745 = FACE_OUTER_BOUND ( 'NONE', #5200, .T. ) ;
#2746 = ORIENTED_EDGE ( 'NONE', *, *, #1335, .T. ) ;
#2747 = ORIENTED_EDGE ( 'NONE', *, *, #2383, .F. ) ;
#2748 = CARTESIAN_POINT ( 'NONE',  ( -4.094999090687520216, 59.42402592094066449, 8.790688023228904413 ) ) ;
#2749 = DIRECTION ( 'NONE',  ( 0.000000000000000000, 0.000000000000000000, -1.000000000000000000 ) ) ;
#2750 = CIRCLE ( 'NONE', #2494, 0.6999999999999999556 ) ;
#2751 = CARTESIAN_POINT ( 'NONE',  ( 1.897807026632540639, 59.83700960661313673, 7.032836992707584223 ) ) ;
#2752 = CARTESIAN_POINT ( 'NONE',  ( 6.584248017485212934, 44.25179316161713672, 7.261120642541811776 ) ) ;
#2753 = CYLINDRICAL_SURFACE ( 'NONE', #1385, 17.50000000000000355 ) ;
#2754 = CARTESIAN_POINT ( 'NONE',  ( -6.650912111990552766, 43.89891188660080701, -7.399819859668240518 ) ) ;
#2755 = AXIS2_PLACEMENT_3D ( 'NONE', #4472, #5675, #2130 ) ;
#2756 = ORIENTED_EDGE ( 'NONE', *, *, #6954, .F. ) ;
#2757 = CARTESIAN_POINT ( 'NONE',  ( 2.406598770241875407, 59.59082966460348985, 7.168351343491868199 ) ) ;
#2758 = CARTESIAN_POINT ( 'NONE',  ( -5.431299134285538344, 45.49311510543481774, 6.344744298363929502 ) ) ;
#2759 = CARTESIAN_POINT ( 'NONE',  ( -4.963441625000370117, 60.00000000000000000, 4.196933074902876371 ) ) ;
#2760 = EDGE_CURVE ( 'NONE', #2191, #6806, #6944, .T. ) ;
#2761 = CARTESIAN_POINT ( 'NONE',  ( 8.210359310042404601, 45.69999999999999574, -2.199999999999999734 ) ) ;
#2762 = ADVANCED_FACE ( 'NONE', ( #2071 ), #2112, .T. ) ;
#2763 = CIRCLE ( 'NONE', #836, 8.000000000000000000 ) ;
#2764 = CARTESIAN_POINT ( 'NONE',  ( 0.6928203230275523650, 59.29999999999999716, 0.4000000000000006883 ) ) ;
#2765 = EDGE_CURVE ( 'NONE', #3153, #4284, #5701, .T. ) ;
#2766 = DIRECTION ( 'NONE',  ( 0.4999999999999991118, 0.000000000000000000, -0.8660254037844391517 ) ) ;
#2767 = CARTESIAN_POINT ( 'NONE',  ( -9.265527507918804417, 58.71174231375388786, -1.499999999999999112 ) ) ;
#2768 = VERTEX_POINT ( 'NONE', #2316 ) ;
#2769 = B_SPLINE_CURVE_WITH_KNOTS ( 'NONE', 3,
 ( #1542, #2669, #225, #265, #3235, #5241, #4487, #6941, #4002, #2710 ),
 .UNSPECIFIED., .F., .F.,
 ( 4, 2, 2, 2, 4 ),
 ( -8.671656551073692672E-06, 0.0005933647113706047626, 0.001195401079292283042, 0.001797437447213961429, 0.002399473815135639600 ),
 .UNSPECIFIED. ) ;
#2770 = CARTESIAN_POINT ( 'NONE',  ( 6.407100072986628980, 60.00000000000002132, -1.869619259510247655 ) ) ;
#2771 = CARTESIAN_POINT ( 'NONE',  ( 2.909583996627128855, 58.50000000000000000, -8.039547311047513745 ) ) ;
#2772 =( LENGTH_UNIT ( ) NAMED_UNIT ( * ) SI_UNIT ( .MILLI., .METRE. ) );
#2773 = CARTESIAN_POINT ( 'NONE',  ( -8.462269199216011728, 60.00000000000000000, 1.500000000000001332 ) ) ;
#2774 = EDGE_CURVE ( 'NONE', #967, #2257, #3679, .T. ) ;
#2775 = CARTESIAN_POINT ( 'NONE',  ( 4.963441625000372781, 60.00000000000000000, 4.196933074902873706 ) ) ;
#2776 = ADVANCED_FACE ( 'NONE', ( #3644 ), #1823, .F. ) ;
#2777 = AXIS2_PLACEMENT_3D ( 'NONE', #663, #7341, #6902 ) ;
#2778 = EDGE_LOOP ( 'NONE', ( #3823, #1857, #3474 ) ) ;
#2779 = ORIENTED_EDGE ( 'NONE', *, *, #1345, .F. ) ;
#2780 = CARTESIAN_POINT ( 'NONE',  ( 0.000000000000000000, 43.50000000000000000, 0.000000000000000000 ) ) ;
#2781 = ORIENTED_EDGE ( 'NONE', *, *, #2551, .T. ) ;
#2782 = CARTESIAN_POINT ( 'NONE',  ( 9.819769357467569293, 43.62272147863495775, 1.896986067494443873 ) ) ;
#2783 = CARTESIAN_POINT ( 'NONE',  ( -6.385874890818884708, 44.60349555670023847, 8.060659761676673085 ) ) ;
#2784 = CARTESIAN_POINT ( 'NONE',  ( 2.020584072651096186, 59.18232658162759208, -7.574750571426580592 ) ) ;
#2785 = AXIS2_PLACEMENT_3D ( 'NONE', #6013, #5448, #6856 ) ;
#2786 = CARTESIAN_POINT ( 'NONE',  ( 4.580288094324247439, 60.00000000000000000, -5.691039540150018894 ) ) ;
#2787 = CARTESIAN_POINT ( 'NONE',  ( -2.437570970086842870, 44.96483083475497011, -8.535529527470149702 ) ) ;
#2788 = CARTESIAN_POINT ( 'NONE',  ( 4.963441625000371893, 60.00000000000000000, 4.196933074902871930 ) ) ;
#2789 = B_SPLINE_CURVE_WITH_KNOTS ( 'NONE', 3,
 ( #3447, #827, #1593, #2680 ),
 .UNSPECIFIED., .F., .F.,
 ( 4, 4 ),
 ( 0.000000000000000000, 0.0008882356951555984721 ),
 .UNSPECIFIED. ) ;
#2790 = CARTESIAN_POINT ( 'NONE',  ( 4.236498312829946045, 45.44761534702016093, 9.058260431528177392 ) ) ;
#2791 = ORIENTED_EDGE ( 'NONE', *, *, #4290, .T. ) ;
#2792 = AXIS2_PLACEMENT_3D ( 'NONE', #5039, #2096, #852 ) ;
#2793 = ORIENTED_EDGE ( 'NONE', *, *, #7854, .T. ) ;
#2794 = CARTESIAN_POINT ( 'NONE',  ( 8.100544398053765249, 59.62896311542679229, -1.499999999999999556 ) ) ;
#2795 = CARTESIAN_POINT ( 'NONE',  ( -3.787798679465551377, 44.60349555670023847, -9.560659761676626900 ) ) ;
#2796 = DIRECTION ( 'NONE',  ( -0.000000000000000000, 1.000000000000000000, -0.000000000000000000 ) ) ;
#2797 = CARTESIAN_POINT ( 'NONE',  ( 5.912829229749057447, 44.77275986871121205, 7.241320642403535679 ) ) ;
#2798 = CARTESIAN_POINT ( 'NONE',  ( 9.162811683117755734, 44.71503005394551167, 2.105509316227589078 ) ) ;
#2799 = EDGE_CURVE ( 'NONE', #173, #5561, #7312, .T. ) ;
#2800 = CIRCLE ( 'NONE', #4590, 2.200000000000000178 ) ;
#2801 = CARTESIAN_POINT ( 'NONE',  ( -6.330985935825068189, 44.82131460797840106, -6.724207245245284348 ) ) ;
#2802 = LINE ( 'NONE', #1514, #7274 ) ;
#2803 = ORIENTED_EDGE ( 'NONE', *, *, #6258, .F. ) ;
#2804 = AXIS2_PLACEMENT_3D ( 'NONE', #1467, #5853, #2198 ) ;
#2805 = CARTESIAN_POINT ( 'NONE',  ( -8.610770890584753090, 44.96483083475495590, -2.156766380112394632 ) ) ;
#2806 = CARTESIAN_POINT ( 'NONE',  ( 2.874200311967558541, 45.62604786065744378, 7.978260971458285944 ) ) ;
#2807 = CARTESIAN_POINT ( 'NONE',  ( -5.335843902305599684, 60.00000000000000711, 6.316869149564021235 ) ) ;
#2808 = CARTESIAN_POINT ( 'NONE',  ( 4.493529037624614197, 60.70241864486395400, -4.783020598451922289 ) ) ;
#2809 = CARTESIAN_POINT ( 'NONE',  ( -5.121053014360419375, 59.96606045144800134, 4.579255948162071377 ) ) ;
#2810 = CARTESIAN_POINT ( 'NONE',  ( 8.210359310042402825, 45.00000000000000711, 1.499999999999992450 ) ) ;
#2811 = EDGE_LOOP ( 'NONE', ( #3237, #6531, #3482, #6669 ) ) ;
#2812 = CARTESIAN_POINT ( 'NONE',  ( 6.500542428403162987, 43.85566074627790556, 7.599783301013166792 ) ) ;
#2813 = AXIS2_PLACEMENT_3D ( 'NONE', #2940, #5313, #3387 ) ;
#2814 = CARTESIAN_POINT ( 'NONE',  ( 9.772579882326221323, 59.25683569236018400, -0.8531699328525657045 ) ) ;
#2815 = ADVANCED_FACE ( 'NONE', ( #5492 ), #503, .T. ) ;
#2816 = CARTESIAN_POINT ( 'NONE',  ( 7.691553809211764126, 45.00000000000000000, 2.199999999999999734 ) ) ;
#2817 = CARTESIAN_POINT ( 'NONE',  ( -9.244124902132506705, 58.71105033875227974, 1.500000000000001332 ) ) ;
#2818 = AXIS2_PLACEMENT_3D ( 'NONE', #1912, #6265, #1834 ) ;
#2819 = CARTESIAN_POINT ( 'NONE',  ( 9.774235178894601361, 43.94854701178219614, -1.910744913435444170 ) ) ;
#2820 = ORIENTED_EDGE ( 'NONE', *, *, #5692, .T. ) ;
#2821 = VECTOR ( 'NONE', #955, 1000.000000000000000 ) ;
#2822 = ORIENTED_EDGE ( 'NONE', *, *, #4194, .F. ) ;
#2823 = EDGE_CURVE ( 'NONE', #4480, #306, #6133, .T. ) ;
#2824 = DIRECTION ( 'NONE',  ( 0.000000000000000000, 0.000000000000000000, -1.000000000000000000 ) ) ;
#2825 = EDGE_LOOP ( 'NONE', ( #3265, #1462, #2403, #6430 ) ) ;
#2826 = CARTESIAN_POINT ( 'NONE',  ( 9.774235178894013387, 43.94854701178308432, 1.910744913435601822 ) ) ;
#2827 = CARTESIAN_POINT ( 'NONE',  ( 4.923954922635558340, 60.00000000000000000, 6.928540100183663952 ) ) ;
#2828 = CARTESIAN_POINT ( 'NONE',  ( 4.692729308418465806, 60.00000000000000000, -5.036567969704227821 ) ) ;
#2829 = CARTESIAN_POINT ( 'NONE',  ( 4.236498312829939827, 45.44761534702016093, -9.058260431528179168 ) ) ;
#2830 = DIRECTION ( 'NONE',  ( -2.137682487307248646E-16, 0.000000000000000000, -1.000000000000000000 ) ) ;
#2831 = CARTESIAN_POINT ( 'NONE',  ( 6.526278488719561288, 59.96606045144800134, 2.145334030481967691 ) ) ;
#2832 = EDGE_LOOP ( 'NONE', ( #5274, #414, #3793, #2614 ) ) ;
#2833 = ORIENTED_EDGE ( 'NONE', *, *, #348, .T. ) ;
#2834 = CARTESIAN_POINT ( 'NONE',  ( -9.126981073290171054, 59.84838327266261615, 0.8280365746763048707 ) ) ;
#2835 = CARTESIAN_POINT ( 'NONE',  ( -3.908805843672468416, 44.06757117394381140, -9.770250318162835512 ) ) ;
#2836 = CARTESIAN_POINT ( 'NONE',  ( 2.759030524863969713, 44.71346693900363789, -8.989491839214785784 ) ) ;
#2837 = CARTESIAN_POINT ( 'NONE',  ( 6.652946089030963073, 43.88200801012162344, 7.404036309434574470 ) ) ;
#2838 = LINE ( 'NONE', #6990, #6536 ) ;
#2839 = CARTESIAN_POINT ( 'NONE',  ( 2.932096493931340753, 60.00000000000000000, -8.078540100183667860 ) ) ;
#2840 = CARTESIAN_POINT ( 'NONE',  ( 3.333725648282743315, 64.86389322930409662, 8.774182201321206520 ) ) ;
#2841 = EDGE_LOOP ( 'NONE', ( #7848, #4756, #2633 ) ) ;
#2842 = EDGE_CURVE ( 'NONE', #4147, #1089, #4097, .T. ) ;
#2843 = EDGE_CURVE ( 'NONE', #6622, #3377, #6092, .T. ) ;
#2844 = CARTESIAN_POINT ( 'NONE',  ( 2.279122636563911009, 59.80135194356070372, 6.947556203208697490 ) ) ;
#2845 = CARTESIAN_POINT ( 'NONE',  ( -6.455952573077256673, 44.16521768530102321, -7.507355091400724767 ) ) ;
#2846 = CARTESIAN_POINT ( 'NONE',  ( -5.226690942054791122, 59.58610933779552710, 5.731768214006453199 ) ) ;
#2847 = AXIS2_PLACEMENT_3D ( 'NONE', #4581, #5341, #7078 ) ;
#2848 = CARTESIAN_POINT ( 'NONE',  ( 5.446005651076274212, 59.22956441742048384, -6.432758485971346474 ) ) ;
#2849 = CARTESIAN_POINT ( 'NONE',  ( -5.040922087921824613, 60.00000000000000000, 4.388998575877121944 ) ) ;
#2850 = DIRECTION ( 'NONE',  ( -0.000000000000000000, 1.000000000000000000, -0.000000000000000000 ) ) ;
#2851 = CARTESIAN_POINT ( 'NONE',  ( -8.866285977150869968, 59.19936622830415729, -1.499999999999998890 ) ) ;
#2852 = ORIENTED_EDGE ( 'NONE', *, *, #6110, .T. ) ;
#2853 = CARTESIAN_POINT ( 'NONE',  ( 6.433886936424136671, 43.75189518330586935, 7.656744213194713211 ) ) ;
#2854 = CARTESIAN_POINT ( 'NONE',  ( 8.462269199216009952, 60.00000000000000000, -0.7999999999999997113 ) ) ;
#2855 = CARTESIAN_POINT ( 'NONE',  ( 1.863239554491722405, 59.29999999999999716, 6.227225575051662076 ) ) ;
#2856 = FACE_OUTER_BOUND ( 'NONE', #5878, .T. ) ;
#2857 = CARTESIAN_POINT ( 'NONE',  ( 9.865332269809249155, 44.20607608376445796, -1.648955673774532116 ) ) ;
#2858 = ORIENTED_EDGE ( 'NONE', *, *, #169, .F. ) ;
#2859 = ORIENTED_EDGE ( 'NONE', *, *, #4887, .F. ) ;
#2860 = CARTESIAN_POINT ( 'NONE',  ( -8.849544270001574731, 59.94520046359310328, -1.499999999999684697 ) ) ;
#2861 = ORIENTED_EDGE ( 'NONE', *, *, #4000, .T. ) ;
#2862 = CARTESIAN_POINT ( 'NONE',  ( 3.262025223319405143, 43.62158621499634847, 9.453305564658826654 ) ) ;
#2863 = CARTESIAN_POINT ( 'NONE',  ( 5.134383977096496743, 59.96124756587113325, 7.259281894233305721 ) ) ;
#2864 = CARTESIAN_POINT ( 'NONE',  ( 6.585055934538744715, 43.67642093583835816, -7.526607365145899564 ) ) ;
#2865 = EDGE_CURVE ( 'NONE', #4139, #216, #581, .T. ) ;
#2866 = AXIS2_PLACEMENT_3D ( 'NONE', #7385, #1877, #6223 ) ;
#2867 = DIRECTION ( 'NONE',  ( -3.552713678800500929E-15, 0.000000000000000000, 1.000000000000000000 ) ) ;
#2868 = DIRECTION ( 'NONE',  ( 0.000000000000000000, 0.000000000000000000, 1.000000000000000000 ) ) ;
#2869 = DIRECTION ( 'NONE',  ( 0.000000000000000000, 1.000000000000000000, 0.000000000000000000 ) ) ;
#2870 = ORIENTED_EDGE ( 'NONE', *, *, #7791, .T. ) ;
#2871 = ORIENTED_EDGE ( 'NONE', *, *, #1409, .T. ) ;
#2872 = CARTESIAN_POINT ( 'NONE',  ( -5.617137739628893733, 58.70560882366326894, -5.681321299482002374 ) ) ;
#2873 = CARTESIAN_POINT ( 'NONE',  ( -1.405228813991276526, 59.96664438078829562, 6.724543689826946391 ) ) ;
#2874 = DIRECTION ( 'NONE',  ( 0.000000000000000000, 0.000000000000000000, 1.000000000000000000 ) ) ;
#2875 = CARTESIAN_POINT ( 'NONE',  ( -2.831702505627055277, 59.29999999999999716, -7.904652611666146633 ) ) ;
#2876 = CARTESIAN_POINT ( 'NONE',  ( -8.417244204607584379, 58.50000000000000000, -2.199999999999999289 ) ) ;
#2877 = EDGE_CURVE ( 'NONE', #2704, #6795, #2440, .T. ) ;
#2878 = EDGE_CURVE ( 'NONE', #1655, #2985, #1264, .T. ) ;
#2879 = CARTESIAN_POINT ( 'NONE',  ( 3.845993699320387371, 59.84879564947460295, -8.317460642226603085 ) ) ;
#2880 = CARTESIAN_POINT ( 'NONE',  ( -9.910760213455032996, 45.32625813511226198, 1.464473230650817026 ) ) ;
#2881 = EDGE_LOOP ( 'NONE', ( #3529, #4812, #3655, #3177 ) ) ;
#2882 = DIRECTION ( 'NONE',  ( -0.000000000000000000, -1.000000000000000000, -0.000000000000000000 ) ) ;
#2883 = CARTESIAN_POINT ( 'NONE',  ( 6.255620203290739312, 44.95751050121705816, -7.835052024953927940 ) ) ;
#2884 = CARTESIAN_POINT ( 'NONE',  ( 3.176487208308696353, 59.13703967621340496, 8.501837234383284425 ) ) ;
#2885 = FACE_OUTER_BOUND ( 'NONE', #7091, .T. ) ;
#2886 = AXIS2_PLACEMENT_3D ( 'NONE', #7218, #6014, #5410 ) ;
#2887 = CARTESIAN_POINT ( 'NONE',  ( -6.440066792057220546, 43.74989001083496021, 7.650577388029182302 ) ) ;
#2888 = CARTESIAN_POINT ( 'NONE',  ( -8.364738265969403841, 59.04439041980842973, 1.500000000000001110 ) ) ;
#2889 = CIRCLE ( 'NONE', #7378, 0.6999999999999997335 ) ;
#2890 = VERTEX_POINT ( 'NONE', #1785 ) ;
#2891 = VERTEX_POINT ( 'NONE', #6017 ) ;
#2892 = CARTESIAN_POINT ( 'NONE',  ( 6.552722803809412966, 43.62272147863460958, 7.555676689123342449 ) ) ;
#2893 = CARTESIAN_POINT ( 'NONE',  ( 9.114242130927092234, 59.82458473914901731, -1.500000000000158762 ) ) ;
#2894 = CIRCLE ( 'NONE', #7387, 6.500000000000000888 ) ;
#2895 = CARTESIAN_POINT ( 'NONE',  ( 2.909583996627128410, 64.86389322930409662, -8.039547311047511968 ) ) ;
#2896 = CARTESIAN_POINT ( 'NONE',  ( -8.817711673871292177, 59.21935768393873900, 1.500000000000001332 ) ) ;
#2897 = CARTESIAN_POINT ( 'NONE',  ( -5.237381724346265699, 58.50000000000000000, -6.071411245200422080 ) ) ;
#2898 = EDGE_LOOP ( 'NONE', ( #5940, #7109 ) ) ;
#2899 = ORIENTED_EDGE ( 'NONE', *, *, #106, .T. ) ;
#2900 = FACE_OUTER_BOUND ( 'NONE', #3397, .T. ) ;
#2901 = ORIENTED_EDGE ( 'NONE', *, *, #4218, .T. ) ;
#2902 = CARTESIAN_POINT ( 'NONE',  ( 3.717854479406256463, 59.95229064533528884, 8.072815756952042676 ) ) ;
#2903 = CARTESIAN_POINT ( 'NONE',  ( -2.472604543543323263, 59.51119082470169275, -7.490354809367789635 ) ) ;
#2904 = AXIS2_PLACEMENT_3D ( 'NONE', #2381, #2869, #6618 ) ;
#2905 = CARTESIAN_POINT ( 'NONE',  ( 1.152929848348836828, 60.00000000000000000, -6.396933074902873884 ) ) ;
#2906 = CARTESIAN_POINT ( 'NONE',  ( 8.401598737860668464, 58.79691270050302876, 1.499999999999999556 ) ) ;
#2907 = CARTESIAN_POINT ( 'NONE',  ( -5.726434491383823655, 45.44761534702016093, -8.198045377764733743 ) ) ;
#2908 = ORIENTED_EDGE ( 'NONE', *, *, #7880, .T. ) ;
#2909 = VERTEX_POINT ( 'NONE', #4241 ) ;
#2910 = EDGE_CURVE ( 'NONE', #3305, #3304, #1218, .T. ) ;
#2911 = DIRECTION ( 'NONE',  ( 0.000000000000000000, 1.000000000000000000, 0.000000000000000000 ) ) ;
#2912 = CARTESIAN_POINT ( 'NONE',  ( -2.847929439722538092, 59.22956441742282152, 7.932758485970611062 ) ) ;
#2913 = CARTESIAN_POINT ( 'NONE',  ( 3.106548304170057229, 43.70207799845188390, -9.494410354220873316 ) ) ;
#2914 = DIRECTION ( 'NONE',  ( 0.000000000000000000, 0.000000000000000000, 1.000000000000000000 ) ) ;
#2915 = EDGE_CURVE ( 'NONE', #7332, #5161, #237, .T. ) ;
#2916 = DIRECTION ( 'NONE',  ( 0.5000000000000001110, -0.000000000000000000, 0.8660254037844384856 ) ) ;
#2917 = CARTESIAN_POINT ( 'NONE',  ( -9.398131192723216287, 44.49496742196173216, 2.085991463267935941 ) ) ;
#2918 = CARTESIAN_POINT ( 'NONE',  ( 5.621956772992699136, 45.02275046629593902, 5.691537757285066057 ) ) ;
#2919 = AXIS2_PLACEMENT_3D ( 'NONE', #1425, #6178, #3728 ) ;
#2920 = VERTEX_POINT ( 'NONE', #1419 ) ;
#2921 = EDGE_CURVE ( 'NONE', #7897, #6890, #515, .T. ) ;
#2922 = ADVANCED_FACE ( 'NONE', ( #5569 ), #5716, .F. ) ;
#2923 = LINE ( 'NONE', #434, #4943 ) ;
#2924 = CARTESIAN_POINT ( 'NONE',  ( 6.297959109934659239, 44.85047874796378409, -6.651825605145816667 ) ) ;
#2925 = AXIS2_PLACEMENT_3D ( 'NONE', #3021, #7932, #98 ) ;
#2926 = CARTESIAN_POINT ( 'NONE',  ( -5.585241267444813751, 58.99743028505023545, 5.613456303487202703 ) ) ;
#2927 = FACE_OUTER_BOUND ( 'NONE', #2700, .T. ) ;
#2928 = CARTESIAN_POINT ( 'NONE',  ( 6.673785686565870456, 43.70385227762304226, -7.447186355247768397 ) ) ;
#2929 = CARTESIAN_POINT ( 'NONE',  ( 5.931801859636053109, 58.50000000000000000, -7.274182201321209185 ) ) ;
#2930 = VERTEX_POINT ( 'NONE', #7373 ) ;
#2931 = ORIENTED_EDGE ( 'NONE', *, *, #5101, .F. ) ;
#2932 = CARTESIAN_POINT ( 'NONE',  ( -2.932096493931345194, 60.00000000000000000, 8.078540100183667860 ) ) ;
#2933 = CARTESIAN_POINT ( 'NONE',  ( -10.00754475559198298, 44.84573993124881497, -1.499999999999998890 ) ) ;
#2934 = CARTESIAN_POINT ( 'NONE',  ( -5.404217760697857642, 45.70000000000000284, 6.360379736694797614 ) ) ;
#2935 = CARTESIAN_POINT ( 'NONE',  ( 5.121053014360419375, 59.96606045144800134, -4.579255948162074041 ) ) ;
#2936 = CARTESIAN_POINT ( 'NONE',  ( 9.910413290290110311, 45.18997598112193259, -1.444823920130956063 ) ) ;
#2937 = ORIENTED_EDGE ( 'NONE', *, *, #1712, .F. ) ;
#2938 = ADVANCED_FACE ( 'NONE', ( #1865 ), #4318, .T. ) ;
#2939 = ORIENTED_EDGE ( 'NONE', *, *, #6322, .F. ) ;
#2940 = CARTESIAN_POINT ( 'NONE',  ( 3.939943430931843515, 45.44761534702016093, -8.424182201321208652 ) ) ;
#2941 = TOROIDAL_SURFACE ( 'NONE', #6678, 8.500000000000000000, 1.500000000000000000 ) ;
#2942 = EDGE_LOOP ( 'NONE', ( #7116, #7726 ) ) ;
#2943 = CARTESIAN_POINT ( 'NONE',  ( 4.236498312829946045, 45.24689553546550513, 9.058260431528175616 ) ) ;
#2944 = EDGE_CURVE ( 'NONE', #2146, #7449, #4448, .T. ) ;
#2945 = CARTESIAN_POINT ( 'NONE',  ( 5.582607807707955949, 59.29999997292472358, 6.669360361680880089 ) ) ;
#2946 =( BOUNDED_SURFACE ( )  B_SPLINE_SURFACE ( 3, 2, ( 
 ( #1749, #7144, #4205 ),
 ( #4089, #2880, #5332 ),
 ( #7788, #2275, #5609 ),
 ( #3035, #4926, #153 ),
 ( #6824, #4321, #2594 ),
 ( #5534, #4363, #3073 ),
 ( #1379, #5046, #2510 ),
 ( #1903, #5652, #31 ),
 ( #2471, #4404, #1262 ),
 ( #5006, #4965, #6784 ) ),
 .UNSPECIFIED., .F., .F., .F. ) 
 B_SPLINE_SURFACE_WITH_KNOTS ( ( 4, 2, 2, 2, 4 ),
 ( 3, 3 ),
 ( 0.000000000000000000, 0.0005780509363421300079, 0.001156101872684260016, 0.001734152809026390024, 0.002312203745368520032 ),
 ( 0.000000000000000000, 1.000000000000000000 ),
 .UNSPECIFIED. ) 
 GEOMETRIC_REPRESENTATION_ITEM ( )  RATIONAL_B_SPLINE_SURFACE ( (
 ( 1.000000000000000000, 0.7368926330804047575, 1.000000000000000000),
 ( 1.000000000000000000, 0.7560717295198772225, 1.000000000000000000),
 ( 1.000000000000000000, 0.7784905715806060833, 1.000000000000000000),
 ( 1.000000000000000000, 0.8293914224504117527, 1.000000000000000000),
 ( 1.000000000000000000, 0.8577598976842113476, 1.000000000000000000),
 ( 1.000000000000000000, 0.9135290035519507690, 1.000000000000000000),
 ( 1.000000000000000000, 0.9416745923866188805, 1.000000000000000000),
 ( 1.000000000000000000, 0.9850746835031990445, 1.000000000000000000),
 ( 1.000000000000000000, 1.000068771992434380, 1.000000000000000000),
 ( 1.000000000000000000, 1.000000000000000000, 1.000000000000000000) ) ) 
 REPRESENTATION_ITEM ( '' )  SURFACE ( )  );
#2947 = CARTESIAN_POINT ( 'NONE',  ( 2.067286586997559628, 59.00457541846049736, -7.641552851750950559 ) ) ;
#2948 = CARTESIAN_POINT ( 'NONE',  ( 8.340369426365221273, 59.08601872170844160, 1.499999999999999556 ) ) ;
#2949 = CARTESIAN_POINT ( 'NONE',  ( -5.726434509805669926, 45.25138510346864251, -8.198045364896849208 ) ) ;
#2950 = AXIS2_PLACEMENT_3D ( 'NONE', #322, #5749, #4540 ) ;
#2951 = VERTEX_POINT ( 'NONE', #5193 ) ;
#2952 = ORIENTED_EDGE ( 'NONE', *, *, #6735, .T. ) ;
#2953 = CARTESIAN_POINT ( 'NONE',  ( -9.661133820860484889, 59.42314520554079138, 0.8489963266520503815 ) ) ;
#2954 = CARTESIAN_POINT ( 'NONE',  ( -3.218148341984467198, 44.86761226355610432, -8.573996434608837092 ) ) ;
#2955 = CARTESIAN_POINT ( 'NONE',  ( -5.835058850576966272, 44.77290120159839404, -8.121153575164719030 ) ) ;
#2956 = CARTESIAN_POINT ( 'NONE',  ( -5.320749321573772228, 59.38694842928713058, -6.170321516151050290 ) ) ;
#2957 = CARTESIAN_POINT ( 'NONE',  ( -9.786458341003706707, 43.83701928062454556, -1.947404634492417630 ) ) ;
#2958 = CARTESIAN_POINT ( 'NONE',  ( 3.299574709160120634, 59.77675553006066167, -8.715031039634379084 ) ) ;
#2959 = CARTESIAN_POINT ( 'NONE',  ( -8.417244204607584379, 58.50000000000000000, -1.499999999999999334 ) ) ;
#2960 = ORIENTED_EDGE ( 'NONE', *, *, #409, .T. ) ;
#2961 = CARTESIAN_POINT ( 'NONE',  ( -4.642493151999603107, 60.00000000000000711, -6.350060714725653810 ) ) ;
#2962 = CARTESIAN_POINT ( 'NONE',  ( -8.709554447158577517, 45.65110126187370554, -1.499999999999999112 ) ) ;
#2963 = CARTESIAN_POINT ( 'NONE',  ( -5.476933078769790519, 59.43460535427303171, 5.380327187290339097 ) ) ;
#2964 = CARTESIAN_POINT ( 'NONE',  ( -5.940613069409431901, 44.50456869590723130, 8.044325098894935522 ) ) ;
#2965 = DIRECTION ( 'NONE',  ( 0.000000000000000000, -0.000000000000000000, 1.000000000000000000 ) ) ;
#2966 = DIRECTION ( 'NONE',  ( 1.224646799147353207E-16, 0.000000000000000000, -1.000000000000000000 ) ) ;
#2967 = ORIENTED_EDGE ( 'NONE', *, *, #4698, .F. ) ;
#2968 = CARTESIAN_POINT ( 'NONE',  ( -3.125734029324349628, 59.94520046359310328, 8.413930149736158270 ) ) ;
#2969 = CARTESIAN_POINT ( 'NONE',  ( -9.629702381911718234, 44.16298309581478776, -2.067795547305068649 ) ) ;
#2970 = DIRECTION ( 'NONE',  ( -0.8660254037844392627, 0.000000000000000000, -0.4999999999999990563 ) ) ;
#2971 = CARTESIAN_POINT ( 'NONE',  ( 0.6928203230275505886, 60.00000000000000000, -0.4000000000000001332 ) ) ;
#2972 = ADVANCED_FACE ( 'NONE', ( #5729 ), #528, .T. ) ;
#2973 = LINE ( 'NONE', #2369, #5518 ) ;
#2974 = CARTESIAN_POINT ( 'NONE',  ( -2.909583996627803426, 45.69089023002054262, 8.039547311048675482 ) ) ;
#2975 = EDGE_LOOP ( 'NONE', ( #976, #3744 ) ) ;
#2976 = ORIENTED_EDGE ( 'NONE', *, *, #2842, .T. ) ;
#2977 = CARTESIAN_POINT ( 'NONE',  ( 2.779060175756861817, 45.49311510543482484, -7.876015175025674608 ) ) ;
#2978 = ORIENTED_EDGE ( 'NONE', *, *, #3154, .T. ) ;
#2979 = CARTESIAN_POINT ( 'NONE',  ( -4.580287881945508843, 59.99999999999999289, 5.691044518774833527 ) ) ;
#2980 = CARTESIAN_POINT ( 'NONE',  ( 1.747537707915843841, 59.71682665320400218, -7.189930848202397584 ) ) ;
#2981 = CARTESIAN_POINT ( 'NONE',  ( 3.949709018426389662, 44.42022203625153765, -9.187104143461072070 ) ) ;
#2982 = DIRECTION ( 'NONE',  ( 0.000000000000000000, 1.000000000000000000, 0.000000000000000000 ) ) ;
#2983 = FACE_OUTER_BOUND ( 'NONE', #4195, .T. ) ;
#2984 = EDGE_LOOP ( 'NONE', ( #4854, #3741, #7397 ) ) ;
#2985 = VERTEX_POINT ( 'NONE', #7016 ) ;
#2986 = FACE_OUTER_BOUND ( 'NONE', #5802, .T. ) ;
#2987 = CARTESIAN_POINT ( 'NONE',  ( -9.962932804213767923, 58.69821682416046116, 0.8602150537634424277 ) ) ;
#2988 = CARTESIAN_POINT ( 'NONE',  ( 0.000000000000000000, 60.00000000000000000, 0.000000000000000000 ) ) ;
#2989 = CARTESIAN_POINT ( 'NONE',  ( 2.320880761487880584, 44.99999999999999289, -8.374115310421974101 ) ) ;
#2990 = CARTESIAN_POINT ( 'NONE',  ( 5.404217760697862083, 45.70000000000001705, 6.360379736694798503 ) ) ;
#2991 = DIRECTION ( 'NONE',  ( 0.000000000000000000, 0.000000000000000000, -1.000000000000000000 ) ) ;
#2992 = CARTESIAN_POINT ( 'NONE',  ( 3.258082959786801514, 59.82458473914882546, -8.643165221625517702 ) ) ;
#2993 = CARTESIAN_POINT ( 'NONE',  ( 8.261481222607418573, 59.29999999999999716, -1.499999999999999778 ) ) ;
#2994 = CARTESIAN_POINT ( 'NONE',  ( 8.796370278908820950, 45.64523177326800152, 1.499999999999999556 ) ) ;
#2995 = ORIENTED_EDGE ( 'NONE', *, *, #5103, .T. ) ;
#2996 = DIRECTION ( 'NONE',  ( 0.000000000000000000, 0.000000000000000000, 1.000000000000000000 ) ) ;
#2997 = DIRECTION ( 'NONE',  ( 0.8660254037844388186, 0.000000000000000000, -0.4999999999999996669 ) ) ;
#2998 = CARTESIAN_POINT ( 'NONE',  ( 0.000000000000000000, 45.00000000000000000, 0.000000000000000000 ) ) ;
#2999 = B_SPLINE_CURVE_WITH_KNOTS ( 'NONE', 3,
 ( #7142, #355, #943, #7622, #4087, #4692, #2233, #2798, #5207, #5249, #429, #5816 ),
 .UNSPECIFIED., .F., .F.,
 ( 4, 2, 2, 2, 2, 4 ),
 ( 0.000000000000000000, 0.0006087402083572484223, 0.0009131103125358811445, 0.001217480416714513758, 0.001826220625071779203, 0.002434960833429044430 ),
 .UNSPECIFIED. ) ;
#3000 = ADVANCED_FACE ( 'NONE', ( #6376 ), #7357, .T. ) ;
#3001 = CARTESIAN_POINT ( 'NONE',  ( -6.555790157071633928, 43.62158621499634137, 7.551649493509634326 ) ) ;
#3002 = DIRECTION ( 'NONE',  ( 0.000000000000000000, -1.000000000000000000, 0.000000000000000000 ) ) ;
#3003 = CARTESIAN_POINT ( 'NONE',  ( -3.258082959786848587, 59.82458473914901731, -8.643165221625501715 ) ) ;
#3004 = EDGE_LOOP ( 'NONE', ( #3568, #7538, #7012, #742, #2978, #1572, #3874, #1452, #1252, #1839, #6993, #4574, #6503, #5721, #5028, #3440, #785, #541, #1164, #2682, #5435, #2901 ) ) ;
#3005 = EDGE_CURVE ( 'NONE', #4432, #4469, #7695, .T. ) ;
#3006 = CARTESIAN_POINT ( 'NONE',  ( -10.41568789869821465, 44.06757117394381851, -1.499999999999998890 ) ) ;
#3007 = EDGE_CURVE ( 'NONE', #643, #6167, #2337, .T. ) ;
#3008 = CARTESIAN_POINT ( 'NONE',  ( -2.444483014471579452, 59.99999999999999289, 7.225338309813971627 ) ) ;
#3009 = AXIS2_PLACEMENT_3D ( 'NONE', #1770, #3858, #4872 ) ;
#3010 = CARTESIAN_POINT ( 'NONE',  ( 7.039519009676515005, 59.83700960661287382, 1.872869399809490742 ) ) ;
#3011 = EDGE_CURVE ( 'NONE', #4405, #4223, #626, .T. ) ;
#3012 = DIRECTION ( 'NONE',  ( 0.000000000000000000, 0.000000000000000000, 1.000000000000000000 ) ) ;
#3013 = CARTESIAN_POINT ( 'NONE',  ( -2.779060175756863593, 45.49311510543482484, 7.876015175025672832 ) ) ;
#3014 = AXIS2_PLACEMENT_3D ( 'NONE', #5832, #2171, #7086 ) ;
#3015 = VERTEX_POINT ( 'NONE', #7570 ) ;
#3016 = AXIS2_PLACEMENT_3D ( 'NONE', #7783, #3563, #4239 ) ;
#3017 = EDGE_LOOP ( 'NONE', ( #2623, #219, #771 ) ) ;
#3018 = EDGE_CURVE ( 'NONE', #6149, #3326, #5209, .T. ) ;
#3019 = CARTESIAN_POINT ( 'NONE',  ( -9.126129060805672211, 59.84879564947460295, -0.8280020747069460896 ) ) ;
#3020 = EDGE_LOOP ( 'NONE', ( #2384, #1052, #1750, #1858 ) ) ;
#3021 = CARTESIAN_POINT ( 'NONE',  ( 0.000000000000000000, 58.50000000000000000, 0.000000000000000000 ) ) ;
#3022 = EDGE_CURVE ( 'NONE', #2701, #946, #774, .T. ) ;
#3023 = CARTESIAN_POINT ( 'NONE',  ( 5.795244646061058269, 59.10333606103244364, 7.037658169269263020 ) ) ;
#3024 = CARTESIAN_POINT ( 'NONE',  ( -8.366600265340755627, 60.00000000000000000, -0.7999999999999993783 ) ) ;
#3025 = CARTESIAN_POINT ( 'NONE',  ( 6.307419280478574919, 60.02895608274838679, 1.499999999999967804 ) ) ;
#3026 = CARTESIAN_POINT ( 'NONE',  ( -5.987583956895497828, 45.20841721513653511, -7.338814579335705801 ) ) ;
#3027 = ORIENTED_EDGE ( 'NONE', *, *, #324, .T. ) ;
#3028 = CARTESIAN_POINT ( 'NONE',  ( -3.267046553658137675, 43.62272147863493643, 9.452662756618174456 ) ) ;
#3029 = CARTESIAN_POINT ( 'NONE',  ( 0.000000000000000000, 0.000000000000000000, 0.000000000000000000 ) ) ;
#3030 = CARTESIAN_POINT ( 'NONE',  ( -1.991076021552313779, 59.26974757817133366, 7.532650428938191922 ) ) ;
#3031 = CARTESIAN_POINT ( 'NONE',  ( 3.218148341984153227, 44.86761226355659460, 8.573996434609366446 ) ) ;
#3032 = CARTESIAN_POINT ( 'NONE',  ( 5.504854985173230020, 45.02277054661616518, 6.534688522619460649 ) ) ;
#3033 = CARTESIAN_POINT ( 'NONE',  ( -1.863239554491724626, 59.29999999999999716, -6.227225575051659412 ) ) ;
#3034 = CARTESIAN_POINT ( 'NONE',  ( -7.739994670571415547, 58.60212650681946656, 2.022988507017797311 ) ) ;
#3035 = CARTESIAN_POINT ( 'NONE',  ( -9.948071446344094682, 44.69141332848794690, 1.019717511724100856 ) ) ;
#3036 = VERTEX_POINT ( 'NONE', #2056 ) ;
#3037 = VECTOR ( 'NONE', #6668, 1000.000000000000114 ) ;
#3038 = EDGE_CURVE ( 'NONE', #1683, #2768, #1144, .T. ) ;
#3039 = PLANE ( 'NONE',  #1206 ) ;
#3040 = DIRECTION ( 'NONE',  ( 0.000000000000000000, 1.000000000000000000, 0.000000000000000000 ) ) ;
#3041 = CARTESIAN_POINT ( 'NONE',  ( -5.349310304704810726, 59.62896311542278482, 6.265277233200487572 ) ) ;
#3042 = CARTESIAN_POINT ( 'NONE',  ( -5.726434491383818326, 45.24689553546550513, 8.198045377764740849 ) ) ;
#3043 = CARTESIAN_POINT ( 'NONE',  ( 3.939943430931844404, 45.00000000000000000, -8.424182201321208652 ) ) ;
#3044 = CARTESIAN_POINT ( 'NONE',  ( -3.886047984270229794, 59.80290436043461710, -8.393759706139357846 ) ) ;
#3045 = ORIENTED_EDGE ( 'NONE', *, *, #7157, .T. ) ;
#3046 = AXIS2_PLACEMENT_3D ( 'NONE', #6248, #733, #3191 ) ;
#3047 = DIRECTION ( 'NONE',  ( -0.000000000000000000, 1.000000000000000000, 0.000000000000000000 ) ) ;
#3048 = DIRECTION ( 'NONE',  ( 0.000000000000000000, 0.000000000000000000, 1.000000000000000000 ) ) ;
#3049 = VECTOR ( 'NONE', #5792, 1000.000000000000000 ) ;
#3050 = CARTESIAN_POINT ( 'NONE',  ( 5.621956773927164974, 58.60212650681943813, 5.691537756362024858 ) ) ;
#3051 = CARTESIAN_POINT ( 'NONE',  ( -2.303366213978023769, 45.09378221735089909, 7.689547311047511435 ) ) ;
#3052 = ORIENTED_EDGE ( 'NONE', *, *, #6834, .F. ) ;
#3053 = AXIS2_PLACEMENT_3D ( 'NONE', #2876, #5778, #7663 ) ;
#3054 = CARTESIAN_POINT ( 'NONE',  ( -8.992413080768795197, 59.10333606103244364, -1.499999999999999112 ) ) ;
#3055 = EDGE_LOOP ( 'NONE', ( #258, #497, #6214, #7839 ) ) ;
#3056 = CARTESIAN_POINT ( 'NONE',  ( 5.835067399122636722, 44.77287452499037101, -8.121147443139729916 ) ) ;
#3057 = CARTESIAN_POINT ( 'NONE',  ( 0.000000000000000000, 45.00000000000000000, 0.000000000000000000 ) ) ;
#3058 = CARTESIAN_POINT ( 'NONE',  ( -1.895989810371171425, 59.83322763085568141, 7.030515857026933269 ) ) ;
#3059 = CARTESIAN_POINT ( 'NONE',  ( 7.827952977096005682, 59.98331490994839754, 1.499999999999999556 ) ) ;
#3060 = VECTOR ( 'NONE', #1672, 1000.000000000000000 ) ;
#3061 = CARTESIAN_POINT ( 'NONE',  ( -7.815661301510619552, 58.93661152880183351, -1.499999999999999334 ) ) ;
#3062 = EDGE_CURVE ( 'NONE', #306, #6795, #3709, .T. ) ;
#3063 = ORIENTED_EDGE ( 'NONE', *, *, #7303, .T. ) ;
#3064 = CARTESIAN_POINT ( 'NONE',  ( -3.112559727078462402, 43.50000000000000000, 9.503261121602903927 ) ) ;
#3065 = DIRECTION ( 'NONE',  ( -0.000000000000000000, -1.000000000000000000, -0.000000000000000000 ) ) ;
#3066 = CARTESIAN_POINT ( 'NONE',  ( -2.439575406656083523, 44.96370456407975524, 8.538334099016832823 ) ) ;
#3067 = CARTESIAN_POINT ( 'NONE',  ( 2.806141549344549624, 45.00000000000000711, 7.860379736694794062 ) ) ;
#3068 = CARTESIAN_POINT ( 'NONE',  ( -4.940502048186548478, 60.00000000000000711, -4.662338471914090121 ) ) ;
#3069 = CARTESIAN_POINT ( 'NONE',  ( -5.970536269081102354, 45.42752472520007956, -7.341272166481188854 ) ) ;
#3070 = B_SPLINE_CURVE_WITH_KNOTS ( 'NONE', 3,
 ( #3961, #6416, #303, #5197, #7653, #2143, #1541, #4001, #344, #2787, #5240, #6537 ),
 .UNSPECIFIED., .F., .F.,
 ( 4, 2, 2, 2, 2, 4 ),
 ( 0.000000000000000000, 0.0006087402083572492897, 0.0009131103125358827708, 0.001217480416714516360, 0.001826220625071782889, 0.002434960833429049634 ),
 .UNSPECIFIED. ) ;
#3071 = AXIS2_PLACEMENT_3D ( 'NONE', #3779, #7356, #7436 ) ;
#3072 = CARTESIAN_POINT ( 'NONE',  ( -2.087340844156686082, 58.89955821941130409, -7.670361972117506255 ) ) ;
#3073 = CARTESIAN_POINT ( 'NONE',  ( -9.624131607322402360, 44.50456574272931221, 1.718291369542127578 ) ) ;
#3074 = LINE ( 'NONE', #5535, #2565 ) ;
#3075 = ORIENTED_EDGE ( 'NONE', *, *, #7642, .F. ) ;
#3076 = AXIS2_PLACEMENT_3D ( 'NONE', #3595, #537, #6006 ) ;
#3077 = CIRCLE ( 'NONE', #1404, 0.6999999999999999556 ) ;
#3078 = CARTESIAN_POINT ( 'NONE',  ( -7.397966564250226362, 59.43460535427330882, -2.052999587396700854 ) ) ;
#3079 = CARTESIAN_POINT ( 'NONE',  ( 9.962932804213764371, 45.24689553546548382, 0.8602150537634409844 ) ) ;
#3080 = CARTESIAN_POINT ( 'NONE',  ( 3.413991530694045373, 43.75189518330520144, -9.400281638617498103 ) ) ;
#3081 = DIRECTION ( 'NONE',  ( -0.000000000000000000, -1.000000000000000000, -0.000000000000000000 ) ) ;
#3082 = CARTESIAN_POINT ( 'NONE',  ( -5.664806457362546510, 45.00752006237845393, -5.649211924876184732 ) ) ;
#3083 = CARTESIAN_POINT ( 'NONE',  ( -6.300149780788600218, 44.50456574272854482, 7.475596776534811916 ) ) ;
#3084 = EDGE_CURVE ( 'NONE', #6469, #182, #4257, .T. ) ;
#3085 = LINE ( 'NONE', #43, #1429 ) ;
#3086 = ORIENTED_EDGE ( 'NONE', *, *, #7286, .T. ) ;
#3087 = CARTESIAN_POINT ( 'NONE',  ( -9.171403145773345145, 44.69658421580474794, -2.104927464238324664 ) ) ;
#3088 = CARTESIAN_POINT ( 'NONE',  ( -2.747899850088221463, 60.00000000000000000, 7.643286762178062688 ) ) ;
#3089 = CARTESIAN_POINT ( 'NONE',  ( 6.507954581813340411, 60.00000000000000000, 1.947431045221927226 ) ) ;
#3090 = CARTESIAN_POINT ( 'NONE',  ( 4.643894114753576829, 60.65107842505673119, 5.043460551723285334 ) ) ;
#3091 = CARTESIAN_POINT ( 'NONE',  ( -2.356834178420657455, 45.08537027135142949, -7.648964288809144030 ) ) ;
#3092 = ORIENTED_EDGE ( 'NONE', *, *, #4339, .F. ) ;
#3093 = VERTEX_POINT ( 'NONE', #2622 ) ;
#3094 = CARTESIAN_POINT ( 'NONE',  ( -8.210359310042404601, 45.00000000000000000, 2.200000000000001066 ) ) ;
#3095 = B_SPLINE_CURVE_WITH_KNOTS ( 'NONE', 3,
 ( #758, #3213, #5665, #6434 ),
 .UNSPECIFIED., .F., .F.,
 ( 4, 4 ),
 ( 8.673617379884035472E-19, 0.0008882356951556004236 ),
 .UNSPECIFIED. ) ;
#3096 = CARTESIAN_POINT ( 'NONE',  ( 5.931801859636061991, 58.50000000000000000, 7.274182201321202967 ) ) ;
#3097 = AXIS2_PLACEMENT_3D ( 'NONE', #4099, #1040, #6436 ) ;
#3098 = CARTESIAN_POINT ( 'NONE',  ( 2.118037897910824530, 58.50000000000000000, -7.714526263032196240 ) ) ;
#3099 = DIRECTION ( 'NONE',  ( -0.000000000000000000, -1.000000000000000000, -0.000000000000000000 ) ) ;
#3100 = CARTESIAN_POINT ( 'NONE',  ( -7.876687237339208281, 58.50000000000000000, -1.499999999999999112 ) ) ;
#3101 =( BOUNDED_SURFACE ( )  B_SPLINE_SURFACE ( 3, 2, ( 
 ( #4693, #2839, #6549 ),
 ( #3606, #5291, #505 ),
 ( #4160, #7744, #547 ),
 ( #2879, #2992, #5978 ),
 ( #5331, #2958, #1673 ),
 ( #2235, #7143, #7907 ),
 ( #1787, #5413, #6630 ),
 ( #4243, #5453, #1630 ),
 ( #467, #7865, #4088 ),
 ( #4810, #1031, #7259 ),
 ( #1747, #3488, #4204 ),
 ( #4128, #5938, #430 ) ),
 .UNSPECIFIED., .F., .F., .T. ) 
 B_SPLINE_SURFACE_WITH_KNOTS ( ( 4, 2, 2, 2, 2, 4 ),
 ( 3, 3 ),
 ( 9.215718466126787689E-19, 0.0003130780027722938419, 0.0004696170041584403292, 0.0006261560055445868165, 0.0009392340083168797911, 0.001252312011089172766 ),
 ( 0.000000000000000000, 1.000000000000000000 ),
 .UNSPECIFIED. ) 
 GEOMETRIC_REPRESENTATION_ITEM ( )  RATIONAL_B_SPLINE_SURFACE ( (
 ( 1.000000000000000000, 0.7071067811865473507, 1.000000000000000000),
 ( 1.000000000000000000, 0.7114525854346970268, 1.000000000000000000),
 ( 1.000000000000000000, 0.7155841935930721265, 1.000000000000000000),
 ( 1.000000000000000000, 0.7211136383400713612, 1.000000000000000000),
 ( 1.000000000000000000, 0.7228253759579517101, 1.000000000000000000),
 ( 1.000000000000000000, 0.7260124768012750085, 1.000000000000000000),
 ( 1.000000000000000000, 0.7274944237442785289, 1.000000000000000000),
 ( 1.000000000000000000, 0.7314273696354389731, 1.000000000000000000),
 ( 1.000000000000000000, 0.7334714490888155636, 1.000000000000000000),
 ( 1.000000000000000000, 0.7361867872712627436, 1.000000000000000000),
 ( 1.000000000000000000, 0.7368962947193629098, 1.000000000000000000),
 ( 1.000000000000000000, 0.7368926330804049796, 1.000000000000000000) ) ) 
 REPRESENTATION_ITEM ( '' )  SURFACE ( )  );
#3102 = ORIENTED_EDGE ( 'NONE', *, *, #3924, .T. ) ;
#3103 = ORIENTED_EDGE ( 'NONE', *, *, #4547, .T. ) ;
#3104 = CARTESIAN_POINT ( 'NONE',  ( 0.000000000000000000, 0.6999999999999999556, 0.000000000000000000 ) ) ;
#3105 = DIRECTION ( 'NONE',  ( 0.000000000000000000, 0.000000000000000000, 1.000000000000000000 ) ) ;
#3106 = DIRECTION ( 'NONE',  ( 0.000000000000000000, 1.000000000000000000, 0.000000000000000000 ) ) ;
#3107 = EDGE_CURVE ( 'NONE', #2339, #5036, #1906, .T. ) ;
#3108 = CARTESIAN_POINT ( 'NONE',  ( 2.664178160151877250, 44.80466514540941603, 8.854529143987965867 ) ) ;
#3109 = CARTESIAN_POINT ( 'NONE',  ( 5.429778716980361075, 59.29999999999999716, -6.404652611666151074 ) ) ;
#3110 = EDGE_CURVE ( 'NONE', #927, #6372, #3327, .T. ) ;
#3111 = CARTESIAN_POINT ( 'NONE',  ( -3.112559727078461069, 43.50000000000000000, 9.503261121602903927 ) ) ;
#3112 = CARTESIAN_POINT ( 'NONE',  ( -2.118037896644358486, 58.60212650681901181, -7.714526263379907434 ) ) ;
#3113 = FACE_OUTER_BOUND ( 'NONE', #1584, .T. ) ;
#3114 = ORIENTED_EDGE ( 'NONE', *, *, #584, .F. ) ;
#3115 = CARTESIAN_POINT ( 'NONE',  ( -3.961955886455271525, 59.69444939818005480, 8.538165308977616164 ) ) ;
#3116 = CARTESIAN_POINT ( 'NONE',  ( -9.265527507918802641, 45.44761534702016093, 1.500000000000001332 ) ) ;
#3117 = EDGE_CURVE ( 'NONE', #7448, #5912, #1666, .T. ) ;
#3118 = CARTESIAN_POINT ( 'NONE',  ( 6.116371473349213161, 60.00000000000000000, -2.199999999999999289 ) ) ;
#3119 = CARTESIAN_POINT ( 'NONE',  ( 3.323981826534337269, 44.50456574272936905, -9.193888146077087598 ) ) ;
#3120 = CARTESIAN_POINT ( 'NONE',  ( -7.096656421511351454, 60.00000000000000000, 1.630393472477981387 ) ) ;
#3121 = EDGE_CURVE ( 'NONE', #3198, #7607, #2418, .T. ) ;
#3122 = CARTESIAN_POINT ( 'NONE',  ( -9.786345413644344404, 43.60193811140077003, 2.056074766355141303 ) ) ;
#3123 = CARTESIAN_POINT ( 'NONE',  ( -6.541871224634143722, 43.94854701178309853, 7.509363510767919969 ) ) ;
#3124 = CARTESIAN_POINT ( 'NONE',  ( -5.134383977096404372, 59.96124756587116877, 7.259281894233268417 ) ) ;
#3125 = ORIENTED_EDGE ( 'NONE', *, *, #1984, .F. ) ;
#3126 = CARTESIAN_POINT ( 'NONE',  ( -1.741996643620812302, 59.72317080742409701, 7.182243355612362379 ) ) ;
#3127 = CARTESIAN_POINT ( 'NONE',  ( 3.538314276580455164, 60.00000000000000000, 7.728540100183665551 ) ) ;
#3128 = B_SPLINE_CURVE_WITH_KNOTS ( 'NONE', 3,
 ( #5477, #2416, #4875, #6120 ),
 .UNSPECIFIED., .F., .F.,
 ( 4, 4 ),
 ( -5.301803234592489680E-06, 0.0002826437288089373649 ),
 .UNSPECIFIED. ) ;
#3129 = CARTESIAN_POINT ( 'NONE',  ( -7.577202352961108112, 59.58610933779544183, -1.660563026546336474 ) ) ;
#3130 = CARTESIAN_POINT ( 'NONE',  ( -5.121011257252824578, 59.96664438078830983, -4.579235695959769537 ) ) ;
#3131 = ORIENTED_EDGE ( 'NONE', *, *, #5037, .F. ) ;
#3132 = CARTESIAN_POINT ( 'NONE',  ( 0.000000000000000000, 58.50000000000000000, 0.000000000000000000 ) ) ;
#3133 = VERTEX_POINT ( 'NONE', #4553 ) ;
#3134 = CARTESIAN_POINT ( 'NONE',  ( 5.726434491383811221, 45.24689553546550513, -8.198045377764740849 ) ) ;
#3135 = CARTESIAN_POINT ( 'NONE',  ( -5.931801859636061991, 58.50000000000000000, -7.274182201321202079 ) ) ;
#3136 = CIRCLE ( 'NONE', #2628, 0.7000000000000001776 ) ;
#3137 = CARTESIAN_POINT ( 'NONE',  ( -4.963441625000372781, 60.00000000000000000, -4.196933074902871930 ) ) ;
#3138 = CARTESIAN_POINT ( 'NONE',  ( 7.489520489808337622, 59.51080168353365707, 1.499999999999999334 ) ) ;
#3139 = DIRECTION ( 'NONE',  ( 0.000000000000000000, 0.000000000000000000, 1.000000000000000000 ) ) ;
#3140 = VECTOR ( 'NONE', #3040, 1000.000000000000000 ) ;
#3141 = ORIENTED_EDGE ( 'NONE', *, *, #3022, .F. ) ;
#3142 = ORIENTED_EDGE ( 'NONE', *, *, #6184, .T. ) ;
#3143 = CARTESIAN_POINT ( 'NONE',  ( 1.555301434917138630E-15, 0.000000000000000000, -12.70000000000000107 ) ) ;
#3144 = DIRECTION ( 'NONE',  ( 0.000000000000000000, 0.000000000000000000, 1.000000000000000000 ) ) ;
#3145 = CARTESIAN_POINT ( 'NONE',  ( 2.118037897910824530, 58.50000000000000000, -7.714526263032196240 ) ) ;
#3146 = CARTESIAN_POINT ( 'NONE',  ( 3.551923987426940599, 45.16247519026173052, 9.152112810846100288 ) ) ;
#3147 = CARTESIAN_POINT ( 'NONE',  ( 3.178622841345814187, 59.14017680860020931, -8.505536259309911529 ) ) ;
#3148 = CARTESIAN_POINT ( 'NONE',  ( -6.411840000533545414, 44.70309967785802741, -6.897434593310959094 ) ) ;
#3149 = AXIS2_PLACEMENT_3D ( 'NONE', #2761, #5299, #5215 ) ;
#3150 = CARTESIAN_POINT ( 'NONE',  ( -8.340369426364327765, 59.08601872171032454, 1.500000000000000888 ) ) ;
#3151 = CARTESIAN_POINT ( 'NONE',  ( 1.751121184891365701, 59.89492612794735749, -6.910987760801625690 ) ) ;
#3152 =( BOUNDED_SURFACE ( )  B_SPLINE_SURFACE ( 3, 2, ( 
 ( #4326, #4493, #2558 ),
 ( #5011, #3807, #789 ),
 ( #4934, #669, #6789 ),
 ( #5696, #5657, #2600 ),
 ( #6142, #194, #2639 ),
 ( #2477, #5091, #3119 ),
 ( #7544, #158, #5576 ),
 ( #3080, #5051, #6907 ),
 ( #5540, #77, #2515 ),
 ( #4970, #3444, #7586 ) ),
 .UNSPECIFIED., .F., .F., .T. ) 
 B_SPLINE_SURFACE_WITH_KNOTS ( ( 4, 2, 2, 2, 4 ),
 ( 3, 3 ),
 ( 0.000000000000000000, 0.0005780509363421309837, 0.001156101872684261967, 0.001734152809026392843, 0.002312203745368523935 ),
 ( 0.000000000000000000, 1.000000000000000000 ),
 .UNSPECIFIED. ) 
 GEOMETRIC_REPRESENTATION_ITEM ( )  RATIONAL_B_SPLINE_SURFACE ( (
 ( 1.000000000000000000, 0.7368926330804049796, 1.000000000000000000),
 ( 1.000000000000000000, 0.7560717295199586019, 1.000000000000000000),
 ( 1.000000000000000000, 0.7784905715804979476, 1.000000000000000000),
 ( 1.000000000000000000, 0.8293914224505192223, 1.000000000000000000),
 ( 1.000000000000000000, 0.8577598976842216727, 1.000000000000000000),
 ( 1.000000000000000000, 0.9135290035519397778, 1.000000000000000000),
 ( 1.000000000000000000, 0.9416745923865642576, 1.000000000000000000),
 ( 1.000000000000000000, 0.9850746835032523352, 1.000000000000000000),
 ( 1.000000000000000000, 1.000068771992395078, 1.000000000000000000),
 ( 1.000000000000000000, 1.000000000000000000, 1.000000000000000000) ) ) 
 REPRESENTATION_ITEM ( '' )  SURFACE ( )  );
#3153 = VERTEX_POINT ( 'NONE', #892 ) ;
#3154 = EDGE_CURVE ( 'NONE', #2704, #4565, #1784, .T. ) ;
#3155 = B_SPLINE_CURVE_WITH_KNOTS ( 'NONE', 3,
 ( #5626, #287, #5102, #7557, #1964, #129, #2571, #5020, #2043, #6353 ),
 .UNSPECIFIED., .F., .F.,
 ( 4, 2, 2, 2, 4 ),
 ( -7.941285366514770039E-06, 0.0005234127332232319223, 0.001054766751812978576, 0.001586120770402725229, 0.002117474788992471883 ),
 .UNSPECIFIED. ) ;
#3156 = MANIFOLD_SOLID_BREP ( 'Fillet2', #6963 ) ;
#3157 = EDGE_CURVE ( 'NONE', #7838, #7582, #6491, .T. ) ;
#3158 = CARTESIAN_POINT ( 'NONE',  ( -4.236498312829948709, 58.69821682416044695, -9.058260431528172063 ) ) ;
#3159 = CARTESIAN_POINT ( 'NONE',  ( -6.388981863895979885, 60.70241864486394689, -1.499999999999999556 ) ) ;
#3160 = CIRCLE ( 'NONE', #4183, 0.6999999999999999556 ) ;
#3161 = DIRECTION ( 'NONE',  ( -0.000000000000000000, -1.000000000000000000, -0.000000000000000000 ) ) ;
#3162 = DIRECTION ( 'NONE',  ( -0.000000000000000000, 1.000000000000000000, -0.000000000000000000 ) ) ;
#3163 = CARTESIAN_POINT ( 'NONE',  ( -8.261481222607418573, 60.00000000000000000, 1.500000000000001110 ) ) ;
#3164 = CARTESIAN_POINT ( 'NONE',  ( 7.739994670903527663, 58.50000000000000000, -2.022988505747125743 ) ) ;
#3165 = FACE_OUTER_BOUND ( 'NONE', #1675, .T. ) ;
#3166 = CARTESIAN_POINT ( 'NONE',  ( -3.961955886455283959, 59.69444939818008322, -8.538165308977578860 ) ) ;
#3167 = AXIS2_PLACEMENT_3D ( 'NONE', #1710, #393, #7745 ) ;
#3168 = EDGE_CURVE ( 'NONE', #6246, #6326, #6285, .T. ) ;
#3169 = CARTESIAN_POINT ( 'NONE',  ( -1.993262609326498458, 59.28409436251600795, 7.535680941573805747 ) ) ;
#3170 = DIRECTION ( 'NONE',  ( -0.000000000000000000, -1.000000000000000000, -0.000000000000000000 ) ) ;
#3171 = CARTESIAN_POINT ( 'NONE',  ( 5.726434491383821879, 45.44761534702016093, 8.198045377764733743 ) ) ;
#3172 = B_SPLINE_CURVE_WITH_KNOTS ( 'NONE', 3,
 ( #5053, #3082, #5659, #4898 ),
 .UNSPECIFIED., .F., .F.,
 ( 4, 4 ),
 ( 0.000000000000000000, 0.0001849247682052312458 ),
 .UNSPECIFIED. ) ;
#3173 = CARTESIAN_POINT ( 'NONE',  ( -5.931801859636061991, 58.50000000000000000, -7.274182201321201191 ) ) ;
#3174 = CARTESIAN_POINT ( 'NONE',  ( 3.625675596658912703, 43.91194685461409364, -9.279854345175667873 ) ) ;
#3175 = CARTESIAN_POINT ( 'NONE',  ( 2.228046189770272356, 60.00000000000000000, -6.642884453143127921 ) ) ;
#3176 = FACE_OUTER_BOUND ( 'NONE', #4939, .T. ) ;
#3177 = ORIENTED_EDGE ( 'NONE', *, *, #7779, .F. ) ;
#3178 = CARTESIAN_POINT ( 'NONE',  ( 2.885123839561671844, 44.50894764137461834, 9.171275421820594076 ) ) ;
#3179 = CARTESIAN_POINT ( 'NONE',  ( 6.252884496049090579, 58.50000000000000711, 7.830313641016733328 ) ) ;
#3180 = CIRCLE ( 'NONE', #4857, 0.7000000000000000666 ) ;
#3181 = DIRECTION ( 'NONE',  ( 0.4999999999999990563, 0.000000000000000000, -0.8660254037844392627 ) ) ;
#3182 = DIRECTION ( 'NONE',  ( 0.000000000000000000, 0.000000000000000000, 1.000000000000000000 ) ) ;
#3183 = DIRECTION ( 'NONE',  ( -0.8660254037844399289, 0.000000000000000000, -0.4999999999999979461 ) ) ;
#3184 = B_SPLINE_CURVE_WITH_KNOTS ( 'NONE', 3,
 ( #480, #3804, #6643, #4931 ),
 .UNSPECIFIED., .F., .F.,
 ( 4, 4 ),
 ( 0.000000000000000000, 0.0001849247682052307580 ),
 .UNSPECIFIED. ) ;
#3185 = VECTOR ( 'NONE', #3403, 1000.000000000000114 ) ;
#3186 = ORIENTED_EDGE ( 'NONE', *, *, #3157, .T. ) ;
#3187 = ORIENTED_EDGE ( 'NONE', *, *, #5875, .T. ) ;
#3188 = EDGE_CURVE ( 'NONE', #4901, #2985, #3845, .T. ) ;
#3189 = B_SPLINE_CURVE_WITH_KNOTS ( 'NONE', 3,
 ( #6994, #3934, #6393, #873, #6554, #4164, #589, #3570, #7308, #5377, #4699, #5943 ),
 .UNSPECIFIED., .F., .F.,
 ( 4, 2, 2, 2, 2, 4 ),
 ( 0.000000000000000000, 0.0006087402083572477718, 0.0009131103125358811445, 0.001217480416714514409, 0.001826220625071779203, 0.002434960833429043996 ),
 .UNSPECIFIED. ) ;
#3190 = DIRECTION ( 'NONE',  ( 0.000000000000000000, 0.000000000000000000, 1.000000000000000000 ) ) ;
#3191 = DIRECTION ( 'NONE',  ( 0.000000000000000000, 0.000000000000000000, -1.000000000000000000 ) ) ;
#3192 = CARTESIAN_POINT ( 'NONE',  ( 5.507660207980445755, 45.69089023002221239, -6.539547311047515521 ) ) ;
#3193 = CARTESIAN_POINT ( 'NONE',  ( 2.443852260786737229, 44.96265802970539482, 8.544238647480039361 ) ) ;
#3194 = CARTESIAN_POINT ( 'NONE',  ( 2.909583996627135072, 45.69089023002221239, 8.039547311047511968 ) ) ;
#3195 = CARTESIAN_POINT ( 'NONE',  ( -6.254776217364643287, 44.95928555182352682, -7.833590198449033259 ) ) ;
#3196 = CARTESIAN_POINT ( 'NONE',  ( -8.173878615387492275, 59.50074565370683644, 1.500000000000000888 ) ) ;
#3197 = CARTESIAN_POINT ( 'NONE',  ( 3.354460689030401177, 44.79918326678463814, 9.045121622758156121 ) ) ;
#3198 = VERTEX_POINT ( 'NONE', #929 ) ;
#3199 = AXIS2_PLACEMENT_3D ( 'NONE', #620, #6703, #5369 ) ;
#3200 = CARTESIAN_POINT ( 'NONE',  ( 5.507660207980445755, 58.50000000000000000, -6.539547311047517297 ) ) ;
#3201 = DIRECTION ( 'NONE',  ( -1.000000000000000000, 0.000000000000000000, 0.000000000000000000 ) ) ;
#3202 = CARTESIAN_POINT ( 'NONE',  ( 9.786345413644342628, 43.50000000000000000, 2.056074766355140415 ) ) ;
#3203 = CARTESIAN_POINT ( 'NONE',  ( 0.000000000000000000, 60.00000000000000000, 0.000000000000000000 ) ) ;
#3204 = CARTESIAN_POINT ( 'NONE',  ( -8.039330164202533879, 60.00000000000000000, 0.8000000245136816845 ) ) ;
#3205 = VECTOR ( 'NONE', #6765, 1000.000000000000000 ) ;
#3206 = CARTESIAN_POINT ( 'NONE',  ( -9.702203099691997679, 43.99659213480289566, 2.062304513337657852 ) ) ;
#3207 = CARTESIAN_POINT ( 'NONE',  ( -6.585055932083626828, 43.67642093583724261, 7.526607362400887347 ) ) ;
#3208 = CARTESIAN_POINT ( 'NONE',  ( -3.323024345389609557, 58.71105033875227974, -8.755647001003104890 ) ) ;
#3209 = VECTOR ( 'NONE', #3859, 1000.000000000000000 ) ;
#3210 = CARTESIAN_POINT ( 'NONE',  ( -9.786345413644342628, 43.50000000000000000, -2.056074766355139083 ) ) ;
#3211 = DIRECTION ( 'NONE',  ( -7.105427357601001859E-15, 0.000000000000000000, 1.000000000000000000 ) ) ;
#3212 = CARTESIAN_POINT ( 'NONE',  ( -9.878104164316265923, 44.38237976976211030, -1.576666638435931134 ) ) ;
#3213 = CARTESIAN_POINT ( 'NONE',  ( -5.799194712551017261, 45.58317014555833424, -7.044499885123143734 ) ) ;
#3214 = CARTESIAN_POINT ( 'NONE',  ( 4.957683967620424959, 59.99993818310217364, 4.182645404614767415 ) ) ;
#3215 = CARTESIAN_POINT ( 'NONE',  ( 3.656700006011337045, 44.95928555182352682, -9.333590198449073227 ) ) ;
#3216 = DIRECTION ( 'NONE',  ( 0.000000000000000000, 0.000000000000000000, 1.000000000000000000 ) ) ;
#3217 = CARTESIAN_POINT ( 'NONE',  ( 9.265527507918802641, 58.50000000000000000, 1.500000000000000000 ) ) ;
#3218 = ORIENTED_EDGE ( 'NONE', *, *, #1108, .T. ) ;
#3219 = CARTESIAN_POINT ( 'NONE',  ( 2.989746455295624994, 44.27033229744417753, 9.323283689439481492 ) ) ;
#3220 = ADVANCED_FACE ( 'NONE', ( #2900 ), #1090, .T. ) ;
#3221 = CYLINDRICAL_SURFACE ( 'NONE', #2247, 0.6999999999999992895 ) ;
#3222 = EDGE_CURVE ( 'NONE', #2010, #2701, #2750, .T. ) ;
#3223 = CARTESIAN_POINT ( 'NONE',  ( -3.472735130048644869, 44.48044224980048966, 9.014953686473500483 ) ) ;
#3224 = ORIENTED_EDGE ( 'NONE', *, *, #4788, .T. ) ;
#3225 = ORIENTED_EDGE ( 'NONE', *, *, #6470, .T. ) ;
#3226 = ORIENTED_EDGE ( 'NONE', *, *, #2424, .F. ) ;
#3227 = CARTESIAN_POINT ( 'NONE',  ( 5.635032483231653622, 59.27933203474312052, 6.760162563258233170 ) ) ;
#3228 = ORIENTED_EDGE ( 'NONE', *, *, #6217, .T. ) ;
#3229 = CARTESIAN_POINT ( 'NONE',  ( 0.000000000000000000, 0.6999999999999999556, 0.000000000000000000 ) ) ;
#3230 = CARTESIAN_POINT ( 'NONE',  ( -3.437920288276162584, 60.00000000000000000, -7.554652611666146989 ) ) ;
#3231 = CARTESIAN_POINT ( 'NONE',  ( -2.327258134436694714, 59.59811855919390666, -7.370149930015926998 ) ) ;
#3232 = CYLINDRICAL_SURFACE ( 'NONE', #582, 0.7000000000000000666 ) ;
#3233 = CARTESIAN_POINT ( 'NONE',  ( 2.909583996627135516, 58.50000000000000000, 8.039547311047511968 ) ) ;
#3234 = CARTESIAN_POINT ( 'NONE',  ( -1.143435191615048030, 59.99993818310226601, -6.384802962209955801 ) ) ;
#3235 = CARTESIAN_POINT ( 'NONE',  ( 7.036600239080062380, 59.83322763085573115, -1.873282587415652900 ) ) ;
#3236 = CARTESIAN_POINT ( 'NONE',  ( 3.323981826534140982, 44.50456574272964616, 9.193888146076815815 ) ) ;
#3237 = ORIENTED_EDGE ( 'NONE', *, *, #2944, .T. ) ;
#3238 = CARTESIAN_POINT ( 'NONE',  ( 7.328324794046077173, 59.51135107530543422, -2.059480617375265776 ) ) ;
#3239 = DIRECTION ( 'NONE',  ( 0.000000000000000000, 0.000000000000000000, 1.000000000000000000 ) ) ;
#3240 = CARTESIAN_POINT ( 'NONE',  ( -9.936898654411841392, 44.50460396087072468, 1.122539432169970874 ) ) ;
#3241 = LINE ( 'NONE', #1387, #7763 ) ;
#3242 = CARTESIAN_POINT ( 'NONE',  ( -6.116371473349213161, 60.00000000000000000, 2.200000000000000622 ) ) ;
#3243 = FACE_OUTER_BOUND ( 'NONE', #4185, .T. ) ;
#3244 = CARTESIAN_POINT ( 'NONE',  ( -2.779060175756863593, 45.49311510543482484, 7.876015175025672832 ) ) ;
#3245 = CARTESIAN_POINT ( 'NONE',  ( -5.625156776758526433, 59.25683569236022663, 8.036717472180921362 ) ) ;
#3246 = CARTESIAN_POINT ( 'NONE',  ( -9.742666742538895974, 43.90560972458311539, -2.059236476318535125 ) ) ;
#3247 = FACE_OUTER_BOUND ( 'NONE', #2881, .T. ) ;
#3248 = CARTESIAN_POINT ( 'NONE',  ( 2.984531596354675909, 59.29999997292472358, 8.169360361680947591 ) ) ;
#3249 =( BOUNDED_CURVE ( )  B_SPLINE_CURVE ( 3, ( #7425, #5660, #4973, #5579 ),
 .UNSPECIFIED., .F., .F. ) 
 B_SPLINE_CURVE_WITH_KNOTS ( ( 4, 4 ),
 ( 5.759586531581286195, 6.027536106381309544 ),
 .UNSPECIFIED. ) 
 CURVE ( )  GEOMETRIC_REPRESENTATION_ITEM ( )  RATIONAL_B_SPLINE_CURVE ( ( 1.000000000000000000, 0.9940258627428619764, 0.9940258627428619764, 1.000000000000000000 ) ) 
 REPRESENTATION_ITEM ( '' )  );
#3250 = CARTESIAN_POINT ( 'NONE',  ( -7.723139820043088299, 59.51119082470241750, -1.603839056462393886 ) ) ;
#3251 = TOROIDAL_SURFACE ( 'NONE', #6985, 8.500000000000000000, 1.500000000000000000 ) ;
#3252 = CARTESIAN_POINT ( 'NONE',  ( -5.850881431519786346, 58.99281382787367534, -7.134023908453587026 ) ) ;
#3253 = CARTESIAN_POINT ( 'NONE',  ( 10.47128778502770885, 43.47906265129231684, 1.500000000000000000 ) ) ;
#3254 = EDGE_CURVE ( 'NONE', #3910, #7917, #3376, .T. ) ;
#3255 = EDGE_CURVE ( 'NONE', #3366, #5161, #4688, .T. ) ;
#3256 = B_SPLINE_CURVE_WITH_KNOTS ( 'NONE', 3,
 ( #5414, #7829, #6550, #1032 ),
 .UNSPECIFIED., .F., .F.,
 ( 4, 4 ),
 ( -5.301803234595378909E-06, 0.0002826437288089355760 ),
 .UNSPECIFIED. ) ;
#3257 = CARTESIAN_POINT ( 'NONE',  ( 3.178068718187230246, 59.99999999999999289, 7.195548912263945773 ) ) ;
#3258 = DIRECTION ( 'NONE',  ( 0.000000000000000000, -1.000000000000000000, 0.000000000000000000 ) ) ;
#3259 = ADVANCED_FACE ( 'NONE', ( #5233 ), #1012, .T. ) ;
#3260 = ORIENTED_EDGE ( 'NONE', *, *, #1007, .T. ) ;
#3261 = CARTESIAN_POINT ( 'NONE',  ( -7.724764266986039019, 45.00752006237845393, -2.081260337159999363 ) ) ;
#3262 = CARTESIAN_POINT ( 'NONE',  ( 4.638883595941277527, 60.00000000000000000, 5.250986827717528449 ) ) ;
#3263 = CARTESIAN_POINT ( 'NONE',  ( -3.880331438414700518, 44.20308017121179489, 9.720931201541096911 ) ) ;
#3264 = ADVANCED_FACE ( 'NONE', ( #7090 ), #228, .T. ) ;
#3265 = ORIENTED_EDGE ( 'NONE', *, *, #6914, .F. ) ;
#3266 = ORIENTED_EDGE ( 'NONE', *, *, #1094, .T. ) ;
#3267 = EDGE_CURVE ( 'NONE', #7883, #6469, #4501, .T. ) ;
#3268 = CARTESIAN_POINT ( 'NONE',  ( 3.333725648282743315, 58.50000000000000000, 8.774182201321206520 ) ) ;
#3269 = ORIENTED_EDGE ( 'NONE', *, *, #7633, .T. ) ;
#3270 = CARTESIAN_POINT ( 'NONE',  ( 9.580438945127623285, 44.25179316161678855, -2.071565726688680886 ) ) ;
#3271 = CARTESIAN_POINT ( 'NONE',  ( -6.150000198780186444, 45.16247519026173052, 7.652112810845986601 ) ) ;
#3272 = CARTESIAN_POINT ( 'NONE',  ( -9.892661778580054133, 44.02508204143067161, -1.468164923567203850 ) ) ;
#3273 = CARTESIAN_POINT ( 'NONE',  ( 4.952264635872974274, 60.00000000555253621, -4.425775323661992111 ) ) ;
#3274 = CIRCLE ( 'NONE', #2886, 0.6999999999999997335 ) ;
#3275 = CARTESIAN_POINT ( 'NONE',  ( 5.274610138194530506, 59.82844729212749257, 4.933484018923111947 ) ) ;
#3276 = CARTESIAN_POINT ( 'NONE',  ( 3.225705215029429862, 43.67642093582854557, 9.466129406486301079 ) ) ;
#3277 = ORIENTED_EDGE ( 'NONE', *, *, #2823, .F. ) ;
#3278 = ORIENTED_EDGE ( 'NONE', *, *, #5674, .F. ) ;
#3279 = AXIS2_PLACEMENT_3D ( 'NONE', #7559, #840, #2047 ) ;
#3280 = CARTESIAN_POINT ( 'NONE',  ( -3.652509557467879642, 43.48458843367428273, -9.326332128665272947 ) ) ;
#3281 = CARTESIAN_POINT ( 'NONE',  ( 2.683280521717597455, 59.38694842928713769, 7.693064837727192185 ) ) ;
#3282 = DIRECTION ( 'NONE',  ( 0.000000000000000000, 1.000000000000000000, 0.000000000000000000 ) ) ;
#3283 = CARTESIAN_POINT ( 'NONE',  ( -5.050505951812241712, 60.28467909234909428, 5.747732912467821365 ) ) ;
#3284 = AXIS2_PLACEMENT_3D ( 'NONE', #5122, #7058, #4604 ) ;
#3285 = CARTESIAN_POINT ( 'NONE',  ( -9.815404325136032782, 44.01655506774199722, 1.500000000000001776 ) ) ;
#3286 = CARTESIAN_POINT ( 'NONE',  ( 0.000000000000000000, 58.50000000000000000, 0.000000000000000000 ) ) ;
#3287 = VERTEX_POINT ( 'NONE', #1202 ) ;
#3288 = EDGE_CURVE ( 'NONE', #6593, #4636, #6043, .T. ) ;
#3289 = DIRECTION ( 'NONE',  ( 0.000000000000000000, -1.000000000000000000, 0.000000000000000000 ) ) ;
#3290 = CARTESIAN_POINT ( 'NONE',  ( -5.446774382793222458, 45.55979648596241560, -6.412806685467320023 ) ) ;
#3291 = CARTESIAN_POINT ( 'NONE',  ( -9.819769357468176807, 43.62272147863047422, -1.896986067491534200 ) ) ;
#3292 = DIRECTION ( 'NONE',  ( 0.000000000000000000, 0.000000000000000000, 1.000000000000000000 ) ) ;
#3293 = AXIS2_PLACEMENT_3D ( 'NONE', #3315, #6982, #7580 ) ;
#3294 = FACE_OUTER_BOUND ( 'NONE', #1606, .T. ) ;
#3295 = DIRECTION ( 'NONE',  ( -0.000000000000000000, -1.000000000000000000, -0.000000000000000000 ) ) ;
#3296 = CARTESIAN_POINT ( 'NONE',  ( 3.435735639794923024, 44.56049309867580632, -8.950868689500641295 ) ) ;
#3297 = CARTESIAN_POINT ( 'NONE',  ( 5.726434491383822767, 45.44761534702016093, 8.198045377764733743 ) ) ;
#3298 = CARTESIAN_POINT ( 'NONE',  ( 8.849544270001578283, 59.94520046359311038, 1.499999999999685363 ) ) ;
#3299 = CARTESIAN_POINT ( 'NONE',  ( -3.055910178380977893, 45.66504311428028728, 8.292991692322731367 ) ) ;
#3300 = DIRECTION ( 'NONE',  ( -0.000000000000000000, -1.000000000000000000, -0.000000000000000000 ) ) ;
#3301 = CIRCLE ( 'NONE', #7800, 0.6999999999999997335 ) ;
#3302 = CARTESIAN_POINT ( 'NONE',  ( -3.085610489997338668, 43.88200801012160923, 9.463638477826401996 ) ) ;
#3303 = B_SPLINE_CURVE_WITH_KNOTS ( 'NONE', 3,
 ( #5017, #5582, #1961, #714 ),
 .UNSPECIFIED., .F., .F.,
 ( 4, 4 ),
 ( -5.301803234596657082E-06, 0.0002826437288089343291 ),
 .UNSPECIFIED. ) ;
#3304 = VERTEX_POINT ( 'NONE', #6651 ) ;
#3305 = VERTEX_POINT ( 'NONE', #532 ) ;
#3306 = AXIS2_PLACEMENT_3D ( 'NONE', #7084, #6568, #7803 ) ;
#3307 = DIRECTION ( 'NONE',  ( 0.000000000000000000, 0.000000000000000000, 1.000000000000000000 ) ) ;
#3308 = ORIENTED_EDGE ( 'NONE', *, *, #3541, .T. ) ;
#3309 = CARTESIAN_POINT ( 'NONE',  ( -2.932096493931343861, 59.29999999999999716, 8.078540100183666084 ) ) ;
#3310 = CARTESIAN_POINT ( 'NONE',  ( -6.228720141060771098, 43.91850100297574500, 7.788459750445652752 ) ) ;
#3311 = CARTESIAN_POINT ( 'NONE',  ( 1.880599863774514935, 59.51135107530513579, -7.376255747515193306 ) ) ;
#3312 = CARTESIAN_POINT ( 'NONE',  ( 5.931281103983967462, 44.51410979594333384, -8.051836369467368471 ) ) ;
#3313 = DIRECTION ( 'NONE',  ( 0.000000000000000000, -1.000000000000000000, 0.000000000000000000 ) ) ;
#3314 = CARTESIAN_POINT ( 'NONE',  ( 3.333725648282736653, 45.44761534702016093, -8.774182201321208296 ) ) ;
#3315 = CARTESIAN_POINT ( 'NONE',  ( 1.299038105676655785, 64.86389322930409662, -0.7499999999999988898 ) ) ;
#3316 = ORIENTED_EDGE ( 'NONE', *, *, #1922, .F. ) ;
#3317 = EDGE_LOOP ( 'NONE', ( #5074, #4385, #4752, #3103 ) ) ;
#3318 = CARTESIAN_POINT ( 'NONE',  ( 6.953842281779778034, 59.90411421627850075, -1.499999999999973577 ) ) ;
#3319 = CARTESIAN_POINT ( 'NONE',  ( -3.493564036608324042, 45.25499018253135830, -9.051030410901026002 ) ) ;
#3320 = AXIS2_PLACEMENT_3D ( 'NONE', #834, #7554, #4462 ) ;
#3321 = CARTESIAN_POINT ( 'NONE',  ( -9.892668111297284739, 44.02513061313005238, 1.468121409855684512 ) ) ;
#3322 = CARTESIAN_POINT ( 'NONE',  ( 6.673754086893725734, 43.48553262224524474, 7.447120986884183225 ) ) ;
#3323 = CARTESIAN_POINT ( 'NONE',  ( 5.931801859636061991, 45.44761534702016093, 7.274182201321203856 ) ) ;
#3324 = DIRECTION ( 'NONE',  ( 0.000000000000000000, 1.000000000000000000, 0.000000000000000000 ) ) ;
#3325 = DIRECTION ( 'NONE',  ( 0.8660254037844391517, 0.000000000000000000, 0.4999999999999991118 ) ) ;
#3326 = VERTEX_POINT ( 'NONE', #3814 ) ;
#3327 = CIRCLE ( 'NONE', #1652, 17.50000000000000355 ) ;
#3328 = CIRCLE ( 'NONE', #6288, 0.6999999999999992895 ) ;
#3329 = CARTESIAN_POINT ( 'NONE',  ( -8.210359310042404601, 45.00000000000000000, -2.199999999999999734 ) ) ;
#3330 = FACE_OUTER_BOUND ( 'NONE', #5202, .T. ) ;
#3331 = CARTESIAN_POINT ( 'NONE',  ( 4.147423105567870749, 59.25683569235948767, 8.889887405033778833 ) ) ;
#3332 = CARTESIAN_POINT ( 'NONE',  ( 5.352893912040949331, 59.71682665320035710, -5.108377473232066812 ) ) ;
#3333 = EDGE_CURVE ( 'NONE', #4375, #5293, #124, .T. ) ;
#3334 = DIRECTION ( 'NONE',  ( 0.000000000000000000, 0.000000000000000000, -1.000000000000000000 ) ) ;
#3335 = VECTOR ( 'NONE', #917, 1000.000000000000000 ) ;
#3336 = DIRECTION ( 'NONE',  ( -0.000000000000000000, -1.000000000000000000, -0.000000000000000000 ) ) ;
#3337 = TOROIDAL_SURFACE ( 'NONE', #3726, 16.80000000000000426, 0.6999999999999999556 ) ;
#3338 = CARTESIAN_POINT ( 'NONE',  ( 3.178067312557036228, 60.00000000000000000, -7.195547374055207612 ) ) ;
#3339 = CARTESIAN_POINT ( 'NONE',  ( -6.673785686565880226, 43.50000000000000000, -7.447186355247759515 ) ) ;
#3340 = DIRECTION ( 'NONE',  ( 1.000000000000000000, 0.000000000000000000, -2.137682487307248399E-16 ) ) ;
#3341 = FACE_OUTER_BOUND ( 'NONE', #2984, .T. ) ;
#3342 = CARTESIAN_POINT ( 'NONE',  ( 0.000000000000000000, 58.50000000000000000, 0.000000000000000000 ) ) ;
#3343 = ORIENTED_EDGE ( 'NONE', *, *, #713, .F. ) ;
#3344 = ORIENTED_EDGE ( 'NONE', *, *, #7302, .T. ) ;
#3345 = CARTESIAN_POINT ( 'NONE',  ( 9.702203099691997679, 43.99659213480289566, -2.062304513337657408 ) ) ;
#3346 = ORIENTED_EDGE ( 'NONE', *, *, #7528, .T. ) ;
#3347 = CARTESIAN_POINT ( 'NONE',  ( 2.831702505627043731, 59.29999999999999716, -7.904652611666148410 ) ) ;
#3348 = CARTESIAN_POINT ( 'NONE',  ( -6.534681998190509766, 43.47906265129231684, 8.318401232171684256 ) ) ;
#3349 = CARTESIAN_POINT ( 'NONE',  ( 2.787901202017087243, 59.50074565370680091, -7.828786528375952791 ) ) ;
#3350 = CARTESIAN_POINT ( 'NONE',  ( 5.931801859636052221, 45.44761534702016093, -7.274182201321209185 ) ) ;
#3351 = CARTESIAN_POINT ( 'NONE',  ( 8.671988755109993008, 59.27933203474312052, 1.500000000000000444 ) ) ;
#3352 = CYLINDRICAL_SURFACE ( 'NONE', #7777, 0.7000000000000000666 ) ;
#3353 = CARTESIAN_POINT ( 'NONE',  ( 3.353629967258401567, 45.32903582538042997, 8.808657493077104661 ) ) ;
#3354 = ORIENTED_EDGE ( 'NONE', *, *, #5430, .T. ) ;
#3355 = VERTEX_POINT ( 'NONE', #1394 ) ;
#3356 = EDGE_CURVE ( 'NONE', #6372, #927, #7123, .T. ) ;
#3357 = EDGE_CURVE ( 'NONE', #4254, #3656, #4224, .T. ) ;
#3358 = CARTESIAN_POINT ( 'NONE',  ( -3.512958273670013565, 59.39586769377093134, 9.084622214866351797 ) ) ;
#3359 = CARTESIAN_POINT ( 'NONE',  ( 5.325584076986944915, 45.44761534702016093, -7.624182201321208829 ) ) ;
#3360 = FACE_OUTER_BOUND ( 'NONE', #2511, .T. ) ;
#3361 = CARTESIAN_POINT ( 'NONE',  ( 6.386153282150723420, 44.60262997119176021, 8.061141949607792512 ) ) ;
#3362 = EDGE_CURVE ( 'NONE', #6593, #4901, #829, .T. ) ;
#3363 = CYLINDRICAL_SURFACE ( 'NONE', #6667, 12.00000000000000178 ) ;
#3364 = CARTESIAN_POINT ( 'NONE',  ( -9.629142303008798365, 44.16414422605441104, 2.067838178448247355 ) ) ;
#3365 = CARTESIAN_POINT ( 'NONE',  ( 8.037956421164793142, 60.00000000000000711, 0.8000000000000000444 ) ) ;
#3366 = VERTEX_POINT ( 'NONE', #755 ) ;
#3367 = EDGE_CURVE ( 'NONE', #3153, #3429, #5297, .T. ) ;
#3368 = ADVANCED_FACE ( 'NONE', ( #5820 ), #6969, .F. ) ;
#3369 = CARTESIAN_POINT ( 'NONE',  ( -9.569073749391517225, 44.27033229744419174, -2.072445463559252410 ) ) ;
#3370 = CARTESIAN_POINT ( 'NONE',  ( 8.364738265969403841, 59.04439041980842973, 1.499999999999999778 ) ) ;
#3371 = CARTESIAN_POINT ( 'NONE',  ( -5.011666995125723112, 60.00000000000000000, 4.446219355845920873 ) ) ;
#3372 = DIRECTION ( 'NONE',  ( -1.000000000000000000, -0.000000000000000000, 2.137682487307248399E-16 ) ) ;
#3373 = CARTESIAN_POINT ( 'NONE',  ( -5.349006880311886647, 59.72317080742411122, 5.099735024489034707 ) ) ;
#3374 = CARTESIAN_POINT ( 'NONE',  ( 4.876120455697924960, 60.00000000000000000, -6.845688373094726664 ) ) ;
#3375 = FACE_OUTER_BOUND ( 'NONE', #7145, .T. ) ;
#3376 = B_SPLINE_CURVE_WITH_KNOTS ( 'NONE', 3,
 ( #4033, #7850, #5353, #489, #966, #5398 ),
 .UNSPECIFIED., .F., .F.,
 ( 4, 2, 4 ),
 ( 0.0005598445178872208348, 0.001005070603848018298, 0.001450296689808815978 ),
 .UNSPECIFIED. ) ;
#3377 = VERTEX_POINT ( 'NONE', #7591 ) ;
#3378 = DIRECTION ( 'NONE',  ( 0.000000000000000000, 1.000000000000000000, 0.000000000000000000 ) ) ;
#3379 = CARTESIAN_POINT ( 'NONE',  ( 9.375246002513234700, 59.69444939818007612, -0.8379282081452102959 ) ) ;
#3380 = CARTESIAN_POINT ( 'NONE',  ( 8.417244204607586155, 45.00000000000000000, 1.499999999999999778 ) ) ;
#3381 = CARTESIAN_POINT ( 'NONE',  ( 8.261481222607418573, 60.00000000000000000, 1.499999999999999556 ) ) ;
#3382 = CARTESIAN_POINT ( 'NONE',  ( 4.963441625000372781, 60.00000000000000000, 4.196933074902873706 ) ) ;
#3383 = CARTESIAN_POINT ( 'NONE',  ( -3.937335440922899998, 43.62712503595880520, 9.819665030120075855 ) ) ;
#3384 = ORIENTED_EDGE ( 'NONE', *, *, #4841, .T. ) ;
#3385 = ADVANCED_FACE ( 'NONE', ( #6348 ), #3451, .T. ) ;
#3386 = ORIENTED_EDGE ( 'NONE', *, *, #270, .F. ) ;
#3387 = DIRECTION ( 'NONE',  ( 0.000000000000000000, 0.000000000000000000, -1.000000000000000000 ) ) ;
#3388 = EDGE_LOOP ( 'NONE', ( #6843, #2439 ) ) ;
#3389 = CARTESIAN_POINT ( 'NONE',  ( 9.726744119181216064, 44.21367720169499904, -1.500000000000000222 ) ) ;
#3390 = FACE_OUTER_BOUND ( 'NONE', #1240, .T. ) ;
#3391 = FACE_OUTER_BOUND ( 'NONE', #6971, .T. ) ;
#3392 = CARTESIAN_POINT ( 'NONE',  ( -6.860597584501870294, 59.89494319286454527, -1.938998269944026687 ) ) ;
#3393 = CARTESIAN_POINT ( 'NONE',  ( -5.376396456174306948, 45.25654466397779174, 6.103274358235629471 ) ) ;
#3394 = CARTESIAN_POINT ( 'NONE',  ( 5.507660207980453748, 58.77569987213450986, 6.539547311047510192 ) ) ;
#3395 = FACE_OUTER_BOUND ( 'NONE', #5504, .T. ) ;
#3396 = ORIENTED_EDGE ( 'NONE', *, *, #6209, .F. ) ;
#3397 = EDGE_LOOP ( 'NONE', ( #2976, #2303, #105, #2019, #6107, #6619 ) ) ;
#3398 = CARTESIAN_POINT ( 'NONE',  ( 7.654016395575527376, 58.99743028505216103, -2.030232672128891025 ) ) ;
#3399 = CARTESIAN_POINT ( 'NONE',  ( -8.671988755109989455, 59.27933203474312052, 1.500000000000001332 ) ) ;
#3400 = TOROIDAL_SURFACE ( 'NONE', #7377, 4.299999999999999822, 0.6999999999999999556 ) ;
#3401 = CARTESIAN_POINT ( 'NONE',  ( 1.152929848348843045, 60.00000000000000000, 6.396933074902875660 ) ) ;
#3402 = CARTESIAN_POINT ( 'NONE',  ( 6.505587195628971031, 44.49496742196190269, 7.096024629363164138 ) ) ;
#3403 = DIRECTION ( 'NONE',  ( -0.5000000000000003331, 0.000000000000000000, -0.8660254037844384856 ) ) ;
#3404 = CARTESIAN_POINT ( 'NONE',  ( -6.583832343482430183, 44.27311077007767892, -7.260324985915151075 ) ) ;
#3405 = DIRECTION ( 'NONE',  ( 0.000000000000000000, 1.000000000000000000, 0.000000000000000000 ) ) ;
#3406 = AXIS2_PLACEMENT_3D ( 'NONE', #1810, #6161, #3746 ) ;
#3407 = VERTEX_POINT ( 'NONE', #4533 ) ;
#3408 = B_SPLINE_CURVE_WITH_KNOTS ( 'NONE', 3,
 ( #747, #1269, #6306, #7501 ),
 .UNSPECIFIED., .F., .F.,
 ( 4, 4 ),
 ( 0.000000000000000000, 0.0001849247682052311645 ),
 .UNSPECIFIED. ) ;
#3409 = EDGE_CURVE ( 'NONE', #6652, #5641, #3189, .T. ) ;
#3410 = AXIS2_PLACEMENT_3D ( 'NONE', #3978, #2203, #3412 ) ;
#3411 = CARTESIAN_POINT ( 'NONE',  ( 2.118037897910830303, 58.50000000000000000, 7.714526263032194464 ) ) ;
#3412 = DIRECTION ( 'NONE',  ( 0.000000000000000000, 0.000000000000000000, 1.000000000000000000 ) ) ;
#3413 = CARTESIAN_POINT ( 'NONE',  ( 3.654808284695770570, 58.50000000000000711, 9.330313641016735104 ) ) ;
#3414 = CARTESIAN_POINT ( 'NONE',  ( 5.527928618512897074, 59.26974757816810069, -5.490647630001344481 ) ) ;
#3415 = CARTESIAN_POINT ( 'NONE',  ( 8.210359310042406378, 45.49311510543481774, 1.531270876661743108 ) ) ;
#3416 = CARTESIAN_POINT ( 'NONE',  ( 5.774563419662055885, 59.13703967621340496, -7.001837234383377684 ) ) ;
#3417 = ADVANCED_FACE ( 'NONE', ( #3613, #6098 ), #3039, .F. ) ;
#3418 = CARTESIAN_POINT ( 'NONE',  ( -4.236498312829949597, 45.24689553546550513, -9.058260431528175616 ) ) ;
#3419 = ORIENTED_EDGE ( 'NONE', *, *, #510, .F. ) ;
#3420 = CARTESIAN_POINT ( 'NONE',  ( 6.209400815507781779, 44.88446914518943487, 7.850531554261257483 ) ) ;
#3421 = CARTESIAN_POINT ( 'NONE',  ( 9.265527507918802641, 58.50000000000000000, -1.500000000000000000 ) ) ;
#3422 = CARTESIAN_POINT ( 'NONE',  ( -3.112559727078492156, 43.49999999999995737, -9.503261121602895045 ) ) ;
#3423 = CARTESIAN_POINT ( 'NONE',  ( -5.726434491383816550, 58.69821682416046116, 8.198045377764739072 ) ) ;
#3424 = CARTESIAN_POINT ( 'NONE',  ( -5.621956772992700024, 58.50000000000000000, -5.691537757285066057 ) ) ;
#3425 = AXIS2_PLACEMENT_3D ( 'NONE', #6213, #114, #2553 ) ;
#3426 = VERTEX_POINT ( 'NONE', #4091 ) ;
#3427 = ORIENTED_EDGE ( 'NONE', *, *, #555, .T. ) ;
#3428 =( NAMED_UNIT ( * ) PLANE_ANGLE_UNIT ( ) SI_UNIT ( $, .RADIAN. ) );
#3429 = VERTEX_POINT ( 'NONE', #4131 ) ;
#3430 = CARTESIAN_POINT ( 'NONE',  ( 9.786345413644403024, 43.49999999999995737, 2.056074766355136418 ) ) ;
#3431 = CARTESIAN_POINT ( 'NONE',  ( -6.536104808464477500, 43.77166576655249486, 8.320865611855728261 ) ) ;
#3432 = CARTESIAN_POINT ( 'NONE',  ( -2.136366045425096338, 59.99999999999999289, -6.961081479198567123 ) ) ;
#3433 = AXIS2_PLACEMENT_3D ( 'NONE', #627, #667, #6827 ) ;
#3434 = CARTESIAN_POINT ( 'NONE',  ( 5.726434509805567785, 45.25138510346868514, -8.198045364896918485 ) ) ;
#3435 = ADVANCED_FACE ( 'NONE', ( #6022 ), #4855, .F. ) ;
#3436 = CARTESIAN_POINT ( 'NONE',  ( 5.664806457362546510, 45.00752006237845393, 5.649211924876185620 ) ) ;
#3437 = CARTESIAN_POINT ( 'NONE',  ( 7.684775285480224483, 58.90544815734007500, 2.027628120251693034 ) ) ;
#3438 = ORIENTED_EDGE ( 'NONE', *, *, #7043, .T. ) ;
#3439 = ADVANCED_FACE ( 'NONE', ( #2238 ), #7147, .F. ) ;
#3440 = ORIENTED_EDGE ( 'NONE', *, *, #995, .T. ) ;
#3441 = CARTESIAN_POINT ( 'NONE',  ( 9.910659931545035661, 44.17628949500909386, -1.338340469918260611 ) ) ;
#3442 = CARTESIAN_POINT ( 'NONE',  ( -3.653618177253116439, 43.69996396030914809, -9.328252314460195649 ) ) ;
#3443 = CARTESIAN_POINT ( 'NONE',  ( 2.303366213978021548, 60.00000000000000000, -8.389547311047513389 ) ) ;
#3444 = CARTESIAN_POINT ( 'NONE',  ( 3.112559727078457517, 43.50000000000000000, -9.503261121602903927 ) ) ;
#3445 = CARTESIAN_POINT ( 'NONE',  ( -3.055739117902633417, 45.65110126187370554, -8.292695406883057174 ) ) ;
#3446 = CIRCLE ( 'NONE', #7551, 0.7000000000000005107 ) ;
#3447 = CARTESIAN_POINT ( 'NONE',  ( 3.333725648282736653, 45.44761534702016093, -8.774182201321208296 ) ) ;
#3448 = CARTESIAN_POINT ( 'NONE',  ( -5.726434491383821879, 45.00000000000000000, -8.198045377764733743 ) ) ;
#3449 = ORIENTED_EDGE ( 'NONE', *, *, #5863, .F. ) ;
#3450 = CIRCLE ( 'NONE', #3320, 2.200000000000000178 ) ;
#3451 = CYLINDRICAL_SURFACE ( 'NONE', #6625, 5.000000000000000000 ) ;
#3452 = DIRECTION ( 'NONE',  ( 0.8660254037844383745, 0.000000000000000000, -0.5000000000000004441 ) ) ;
#3453 = CARTESIAN_POINT ( 'NONE',  ( 3.252805220166456124, 58.99281382787367534, 8.634023908453571039 ) ) ;
#3454 = CARTESIAN_POINT ( 'NONE',  ( 5.277962070007622408, 59.82488524275154163, -4.941138613645546407 ) ) ;
#3455 = CARTESIAN_POINT ( 'NONE',  ( -5.621956772992694695, 58.50000000000000000, 5.691537757285069610 ) ) ;
#3456 = CARTESIAN_POINT ( 'NONE',  ( 5.280135361485201351, 59.84879564947466690, -7.489458567519529986 ) ) ;
#3457 = CARTESIAN_POINT ( 'NONE',  ( 9.543584462795090317, 44.48035113418744402, 1.500000000000003109 ) ) ;
#3458 = VERTEX_POINT ( 'NONE', #1635 ) ;
#3459 = CARTESIAN_POINT ( 'NONE',  ( 6.617244011919594548, 43.73111428290474123, 7.497856098282044357 ) ) ;
#3460 = CARTESIAN_POINT ( 'NONE',  ( 8.671988750648697675, 59.27933202669345292, -1.500000000000000000 ) ) ;
#3461 = EDGE_CURVE ( 'NONE', #860, #5638, #4912, .T. ) ;
#3462 = DIRECTION ( 'NONE',  ( 0.000000000000000000, 1.000000000000000000, 0.000000000000000000 ) ) ;
#3463 = CARTESIAN_POINT ( 'NONE',  ( -5.726434491383816550, 58.50000000000000000, 8.198045377764739072 ) ) ;
#3464 = B_SPLINE_CURVE_WITH_KNOTS ( 'NONE', 3,
 ( #1205, #4988, #1889, #686 ),
 .UNSPECIFIED., .F., .F.,
 ( 4, 4 ),
 ( 0.000000000000000000, 0.0008152306934952736981 ),
 .UNSPECIFIED. ) ;
#3465 = VECTOR ( 'NONE', #1500, 1000.000000000000000 ) ;
#3466 =( BOUNDED_SURFACE ( )  B_SPLINE_SURFACE ( 3, 2, ( 
 ( #2569, #242, #4379 ),
 ( #1963, #2687, #2082 ),
 ( #2609, #7431, #4504 ),
 ( #4537, #6997, #3250 ),
 ( #1436, #5019, #3129 ),
 ( #6313, #6838, #5585 ),
 ( #3896, #5707, #7473 ),
 ( #4416, #4463, #1476 ),
 ( #2002, #3817, #835 ),
 ( #3775, #205, #6876 ) ),
 .UNSPECIFIED., .F., .F., .T. ) 
 B_SPLINE_SURFACE_WITH_KNOTS ( ( 4, 2, 2, 2, 4 ),
 ( 3, 3 ),
 ( 0.000000000000000000, 0.0006601270656153571592, 0.001320254131230714318, 0.001980381196846071369, 0.002640508262461428637 ),
 ( 0.000000000000000000, 1.000000000000000000 ),
 .UNSPECIFIED. ) 
 GEOMETRIC_REPRESENTATION_ITEM ( )  RATIONAL_B_SPLINE_SURFACE ( (
 ( 1.000000000000000000, 0.7071067811865475727, 1.000000000000000000),
 ( 1.000000000000000000, 0.7265059775624138627, 1.000000000000000000),
 ( 1.000000000000000000, 0.7502783718684765679, 1.000000000000000000),
 ( 1.000000000000000000, 0.8072559680367620283, 1.000000000000000000),
 ( 1.000000000000000000, 0.8399358369246836542, 1.000000000000000000),
 ( 1.000000000000000000, 0.9071188964750096506, 1.000000000000000000),
 ( 1.000000000000000000, 0.9402799494365571276, 1.000000000000000000),
 ( 1.000000000000000000, 0.9871024881034576870, 1.000000000000000000),
 ( 1.000000000000000000, 1.000343213455307856, 1.000000000000000000),
 ( 1.000000000000000000, 1.000000000000000000, 1.000000000000000000) ) ) 
 REPRESENTATION_ITEM ( '' )  SURFACE ( )  );
#3467 = CARTESIAN_POINT ( 'NONE',  ( -5.507660207980454636, 58.50000000000000000, -6.539547311047509304 ) ) ;
#3468 = CIRCLE ( 'NONE', #11, 0.6999999999999992895 ) ;
#3469 = VECTOR ( 'NONE', #6335, 1000.000000000000000 ) ;
#3470 = ORIENTED_EDGE ( 'NONE', *, *, #1922, .T. ) ;
#3471 = ORIENTED_EDGE ( 'NONE', *, *, #2799, .F. ) ;
#3472 = EDGE_CURVE ( 'NONE', #2028, #1976, #6487, .T. ) ;
#3473 = CARTESIAN_POINT ( 'NONE',  ( -8.853914522186379088, 59.96124756587126825, -0.8168660098326949726 ) ) ;
#3474 = ORIENTED_EDGE ( 'NONE', *, *, #5856, .F. ) ;
#3475 = CARTESIAN_POINT ( 'NONE',  ( 9.305336145870858999, 45.32903582538065734, 1.500000000000000222 ) ) ;
#3476 = EDGE_CURVE ( 'NONE', #3598, #7332, #2923, .T. ) ;
#3477 = CARTESIAN_POINT ( 'NONE',  ( -2.228046189770328755, 60.00000000000000000, -6.642884453142836598 ) ) ;
#3478 = CARTESIAN_POINT ( 'NONE',  ( 6.211311660013958402, 44.03396261278016510, -7.838382519318320973 ) ) ;
#3479 = FACE_OUTER_BOUND ( 'NONE', #5800, .T. ) ;
#3480 = PLANE ( 'NONE',  #7539 ) ;
#3481 = ORIENTED_EDGE ( 'NONE', *, *, #2878, .T. ) ;
#3482 = ORIENTED_EDGE ( 'NONE', *, *, #2665, .F. ) ;
#3483 = CARTESIAN_POINT ( 'NONE',  ( -5.621956772992700024, 58.50000000000000000, -5.691537757285066057 ) ) ;
#3484 = CARTESIAN_POINT ( 'NONE',  ( -2.751234093350068299, 59.62896311542723993, 7.765277233198019324 ) ) ;
#3485 = CARTESIAN_POINT ( 'NONE',  ( -6.673785686565880226, 43.50000000000000000, -7.447186355247759515 ) ) ;
#3486 = CARTESIAN_POINT ( 'NONE',  ( -2.909583996627139513, 58.77569987213450986, -8.039547311047511968 ) ) ;
#3487 = LINE ( 'NONE', #868, #6153 ) ;
#3488 = CARTESIAN_POINT ( 'NONE',  ( 3.654808268991692977, 58.69053078926055633, -9.330313613816466400 ) ) ;
#3489 = DIRECTION ( 'NONE',  ( 0.000000000000000000, 0.000000000000000000, -1.000000000000000000 ) ) ;
#3490 = ORIENTED_EDGE ( 'NONE', *, *, #4536, .T. ) ;
#3491 = CARTESIAN_POINT ( 'NONE',  ( -4.822687810608970338, 60.00000000000000711, -4.613901798032022050 ) ) ;
#3492 = CARTESIAN_POINT ( 'NONE',  ( 2.909583996627135072, 45.69089023002221239, 8.039547311047511968 ) ) ;
#3493 = CARTESIAN_POINT ( 'NONE',  ( 3.109817731259013396, 59.21935768393873190, 8.386362312819187537 ) ) ;
#3494 = CIRCLE ( 'NONE', #1049, 0.6999999999999999556 ) ;
#3495 = CARTESIAN_POINT ( 'NONE',  ( 5.585241267444875923, 58.99743028505023545, -5.613456303487140531 ) ) ;
#3496 = CARTESIAN_POINT ( 'NONE',  ( -5.507660207980447531, 45.69089023002221239, 6.539547311047512856 ) ) ;
#3497 = LINE ( 'NONE', #3374, #5598 ) ;
#3498 = CARTESIAN_POINT ( 'NONE',  ( -2.932096493931352299, 60.00000000000000000, -8.078540100183664308 ) ) ;
#3499 = ORIENTED_EDGE ( 'NONE', *, *, #7056, .T. ) ;
#3500 = CARTESIAN_POINT ( 'NONE',  ( 6.541871224634278725, 43.94854701178217482, 7.509363510768590544 ) ) ;
#3501 = CARTESIAN_POINT ( 'NONE',  ( -3.538314276580452056, 60.00000000000000000, 7.728540100183666439 ) ) ;
#3502 = CARTESIAN_POINT ( 'NONE',  ( 5.325584076986953797, 58.50000000000000000, 7.624182201321201724 ) ) ;
#3503 = CARTESIAN_POINT ( 'NONE',  ( -9.375246002513117460, 59.69444939818015428, 0.8379282081452055220 ) ) ;
#3504 = CARTESIAN_POINT ( 'NONE',  ( 9.819769357467626136, 43.62272147863340166, -1.896986067493886541 ) ) ;
#3505 = EDGE_CURVE ( 'NONE', #2909, #5761, #1793, .T. ) ;
#3506 = ADVANCED_FACE ( 'NONE', ( #2280 ), #944, .T. ) ;
#3507 = ORIENTED_EDGE ( 'NONE', *, *, #3084, .F. ) ;
#3508 = VERTEX_POINT ( 'NONE', #5575 ) ;
#3509 = DIRECTION ( 'NONE',  ( 0.000000000000000000, 1.000000000000000000, 0.000000000000000000 ) ) ;
#3510 = EDGE_LOOP ( 'NONE', ( #4102, #2211, #6119, #4667, #4712 ) ) ;
#3511 = CARTESIAN_POINT ( 'NONE',  ( 9.893894216316498458, 44.03396261278016510, 1.459962428735520845 ) ) ;
#3512 = CARTESIAN_POINT ( 'NONE',  ( 1.751530714502970154, 59.99777404406741255, -6.033740188536570237 ) ) ;
#3513 = UNCERTAINTY_MEASURE_WITH_UNIT (LENGTH_MEASURE( 1.000000000000000082E-05 ), #7242, 'distance_accuracy_value', 'NONE');
#3514 = AXIS2_PLACEMENT_3D ( 'NONE', #208, #2727, #6399 ) ;
#3515 = CARTESIAN_POINT ( 'NONE',  ( -8.261481222607418573, 60.00000000000000000, -0.7999999999999993783 ) ) ;
#3516 = CYLINDRICAL_SURFACE ( 'NONE', #3076, 12.00000000000000178 ) ;
#3517 = CARTESIAN_POINT ( 'NONE',  ( 7.728737442227481047, 58.70560882366326894, 2.023923329333918275 ) ) ;
#3518 = ORIENTED_EDGE ( 'NONE', *, *, #1796, .T. ) ;
#3519 = EDGE_CURVE ( 'NONE', #2028, #1768, #6179, .T. ) ;
#3520 = VERTEX_POINT ( 'NONE', #706 ) ;
#3521 = CARTESIAN_POINT ( 'NONE',  ( 9.962932804213766147, 45.44761534702016093, -0.8602150537634408733 ) ) ;
#3523 = CARTESIAN_POINT ( 'NONE',  ( -1.921033485479183511, 59.43460535427633573, 7.433326774684823945 ) ) ;
#3522 = B_SPLINE_CURVE_WITH_KNOTS ( 'NONE', 3,
 ( #5438, #3134, #4834, #3056, #54, #1243, #6160, #534, #2492, #7362, #2457, #6045, #1849, #5593 ),
 .UNSPECIFIED., .F., .F.,
 ( 4, 2, 2, 2, 2, 2, 4 ),
 ( 0.000000000000000000, 0.0005894577659039559707, 0.0008841866488559346066, 0.001178915531807913026, 0.001768373297711851649, 0.002063102180663822262, 0.002357831063615793091 ),
 .UNSPECIFIED. ) ;
#3524 = CARTESIAN_POINT ( 'NONE',  ( -5.756035775299791268, 45.05370681297948465, -8.177544917509289135 ) ) ;
#3525 = CARTESIAN_POINT ( 'NONE',  ( 6.010435543346969389, 45.00000000000002132, 6.010379736694798858 ) ) ;
#3526 = CARTESIAN_POINT ( 'NONE',  ( -3.629101802101083241, 59.99029920218772105, 7.902871106712236582 ) ) ;
#3527 = CARTESIAN_POINT ( 'NONE',  ( -8.411633758993019683, 45.02277054661634992, 1.500000000000000888 ) ) ;
#3528 = CARTESIAN_POINT ( 'NONE',  ( 5.445780297538370007, 45.08537027135143660, 5.865560415424281082 ) ) ;
#3529 = ORIENTED_EDGE ( 'NONE', *, *, #2517, .F. ) ;
#3530 = CARTESIAN_POINT ( 'NONE',  ( 7.479568034471891558, 60.00000000000000000, -1.495684765255266280 ) ) ;
#3531 = CARTESIAN_POINT ( 'NONE',  ( 5.816224553336664549, 44.86761226355661591, -7.073996434609617801 ) ) ;
#3532 = CARTESIAN_POINT ( 'NONE',  ( -5.507660207980449307, 58.50000000000000000, 6.539547311047513745 ) ) ;
#3533 = DIRECTION ( 'NONE',  ( 0.000000000000000000, 1.000000000000000000, 0.000000000000000000 ) ) ;
#3534 = AXIS2_PLACEMENT_3D ( 'NONE', #7103, #5738, #823 ) ;
#3535 = CARTESIAN_POINT ( 'NONE',  ( -5.865398561435996250, 45.51549468767143480, 7.159168315048554554 ) ) ;
#3536 = CARTESIAN_POINT ( 'NONE',  ( 5.326185146643705792, 59.80290436043466684, -7.562296127772963672 ) ) ;
#3537 = CIRCLE ( 'NONE', #6497, 0.6999999999999997335 ) ;
#3538 = ADVANCED_FACE ( 'NONE', ( #3806 ), #1909, .F. ) ;
#3539 = EDGE_LOOP ( 'NONE', ( #1515, #1299 ) ) ;
#3540 = ORIENTED_EDGE ( 'NONE', *, *, #4301, .F. ) ;
#3541 = EDGE_CURVE ( 'NONE', #6707, #3093, #2131, .T. ) ;
#3542 = CARTESIAN_POINT ( 'NONE',  ( 8.417244204607586155, 58.50000000000000000, -2.199999999999999734 ) ) ;
#3543 = CARTESIAN_POINT ( 'NONE',  ( 6.494507997089896456, 59.97334755155950603, 2.069087434967443073 ) ) ;
#3544 = AXIS2_PLACEMENT_3D ( 'NONE', #1002, #7198, #5264 ) ;
#3545 = CARTESIAN_POINT ( 'NONE',  ( 0.000000000000000000, 0.000000000000000000, 0.000000000000000000 ) ) ;
#3546 = CARTESIAN_POINT ( 'NONE',  ( -5.326657905820826322, 59.80239937500297032, 7.563044158225160629 ) ) ;
#3547 = CARTESIAN_POINT ( 'NONE',  ( -2.199923766695435212, 45.00000000000002132, 8.210379736694802588 ) ) ;
#3548 = ORIENTED_EDGE ( 'NONE', *, *, #5625, .T. ) ;
#3549 = ORIENTED_EDGE ( 'NONE', *, *, #6016, .F. ) ;
#3550 = CARTESIAN_POINT ( 'NONE',  ( 0.000000000000000000, 60.00000000000000000, 0.000000000000000000 ) ) ;
#3551 = EDGE_LOOP ( 'NONE', ( #533, #635, #3628, #3831, #3950 ) ) ;
#3552 = CARTESIAN_POINT ( 'NONE',  ( 4.236498312829946045, 58.50000000000000000, 9.058260431528175616 ) ) ;
#3553 = CARTESIAN_POINT ( 'NONE',  ( 5.707893942612305871, 59.21935768393873190, 6.886362312819142240 ) ) ;
#3554 = AXIS2_PLACEMENT_3D ( 'NONE', #1674, #5292, #2318 ) ;
#3555 = CARTESIAN_POINT ( 'NONE',  ( 1.920280249655916815, 59.45216504684547942, -7.431751994395110472 ) ) ;
#3556 = CARTESIAN_POINT ( 'NONE',  ( 5.621956772992700024, 58.50000000000000000, 5.691537757285066057 ) ) ;
#3557 = CARTESIAN_POINT ( 'NONE',  ( 3.437920288276151926, 60.00000000000000000, -7.554652611666148765 ) ) ;
#3558 = ORIENTED_EDGE ( 'NONE', *, *, #2234, .T. ) ;
#3559 = ORIENTED_EDGE ( 'NONE', *, *, #2602, .F. ) ;
#3560 = CARTESIAN_POINT ( 'NONE',  ( -9.923053660159579792, 58.89515726333498691, 0.8587613567947252058 ) ) ;
#3561 = DIRECTION ( 'NONE',  ( 0.000000000000000000, 0.000000000000000000, 1.000000000000000000 ) ) ;
#3562 = CARTESIAN_POINT ( 'NONE',  ( -6.438208623493303584, 43.74710561168242151, -7.653086472445696842 ) ) ;
#3563 = DIRECTION ( 'NONE',  ( 0.4999999999999996114, 0.000000000000000000, -0.8660254037844388186 ) ) ;
#3564 = CARTESIAN_POINT ( 'NONE',  ( -9.510535450143690284, 44.79918326678463814, -1.617512638682495840 ) ) ;
#3565 = B_SPLINE_CURVE_WITH_KNOTS ( 'NONE', 3,
 ( #6817, #7333, #4273, #4252, #7193, #5462, #3653, #4096, #1156, #3574, #592, #2325 ),
 .UNSPECIFIED., .F., .F.,
 ( 4, 2, 2, 2, 2, 4 ),
 ( 1.939479807224432123E-18, 0.0006060804227970602179, 0.001212160845594118484, 0.001818241268391176642, 0.002121281479789705830, 0.002424321691188234800 ),
 .UNSPECIFIED. ) ;
#3566 = CARTESIAN_POINT ( 'NONE',  ( -9.596443074086364433, 45.26454619496501408, 1.500000000000001332 ) ) ;
#3567 = CARTESIAN_POINT ( 'NONE',  ( 0.000000000000000000, 35.00000000000000000, -2.200000000000000178 ) ) ;
#3568 = ORIENTED_EDGE ( 'NONE', *, *, #2419, .F. ) ;
#3569 = EDGE_CURVE ( 'NONE', #5968, #1138, #7891, .T. ) ;
#3570 = CARTESIAN_POINT ( 'NONE',  ( -6.404830397316769286, 44.71503005394550456, 6.882473029559030842 ) ) ;
#3571 = CARTESIAN_POINT ( 'NONE',  ( -9.265527507918800865, 45.44761534702016093, -1.499999999999999112 ) ) ;
#3572 = CIRCLE ( 'NONE', #2153, 8.500000000000000000 ) ;
#3573 = CARTESIAN_POINT ( 'NONE',  ( 8.850190765294902562, 59.95229064533530305, -0.8166514517364340531 ) ) ;
#3574 = CARTESIAN_POINT ( 'NONE',  ( 6.669126408624253877, 43.70207799845188390, 7.437554926605177918 ) ) ;
#3575 = CARTESIAN_POINT ( 'NONE',  ( 3.365404066258565585, 45.11760760837111661, 8.892653660501919077 ) ) ;
#3576 = ORIENTED_EDGE ( 'NONE', *, *, #418, .F. ) ;
#3577 = ORIENTED_EDGE ( 'NONE', *, *, #2086, .T. ) ;
#3578 = DIRECTION ( 'NONE',  ( -0.000000000000000000, -1.000000000000000000, -0.000000000000000000 ) ) ;
#3579 = CARTESIAN_POINT ( 'NONE',  ( -9.464808980792517090, 44.41754995251184823, -2.080650569739768585 ) ) ;
#3580 = CARTESIAN_POINT ( 'NONE',  ( -6.113877990629554837, 58.50000000000000000, 6.189547311047512324 ) ) ;
#3581 = SHAPE_DEFINITION_REPRESENTATION ( #5290, #5824 ) ;
#3582 = EDGE_CURVE ( 'NONE', #5095, #4284, #3780, .T. ) ;
#3583 = CARTESIAN_POINT ( 'NONE',  ( 6.599470210214605004, 59.96335253576350510, 2.033415600131748047 ) ) ;
#3584 = CARTESIAN_POINT ( 'NONE',  ( -2.830266307775792356, 45.55979648596111531, -7.923448326913981710 ) ) ;
#3585 = CARTESIAN_POINT ( 'NONE',  ( 9.948071446344094682, 44.69141332848794690, -1.019717511724099523 ) ) ;
#3586 = AXIS2_PLACEMENT_3D ( 'NONE', #7864, #4888, #1146 ) ;
#3587 = ORIENTED_EDGE ( 'NONE', *, *, #6021, .F. ) ;
#3588 = VERTEX_POINT ( 'NONE', #7500 ) ;
#3589 = CARTESIAN_POINT ( 'NONE',  ( 5.140602656669395643, 59.83324556985112963, -5.157184428432499246 ) ) ;
#3590 = VECTOR ( 'NONE', #236, 1000.000000000000000 ) ;
#3591 = VERTEX_POINT ( 'NONE', #1993 ) ;
#3592 = CARTESIAN_POINT ( 'NONE',  ( 9.897186731620541522, 44.71979963232708855, 1.477700533471016042 ) ) ;
#3593 = CARTESIAN_POINT ( 'NONE',  ( -1.152929848348845265, 60.00000000000000000, -6.396933074902873884 ) ) ;
#3594 = CARTESIAN_POINT ( 'NONE',  ( 1.152929848348841491, 60.00000000000000000, 6.396933074902873884 ) ) ;
#3595 = CARTESIAN_POINT ( 'NONE',  ( 0.000000000000000000, 1.500000000000000000, 0.000000000000000000 ) ) ;
#3596 = CARTESIAN_POINT ( 'NONE',  ( -5.325584076986948467, 45.44761534702016093, 7.624182201321207053 ) ) ;
#3597 = AXIS2_PLACEMENT_3D ( 'NONE', #209, #3336, #4465 ) ;
#3598 = VERTEX_POINT ( 'NONE', #1873 ) ;
#3599 = ORIENTED_EDGE ( 'NONE', *, *, #4098, .T. ) ;
#3600 = CARTESIAN_POINT ( 'NONE',  ( -8.945370236787619334, 59.92352707015805890, 0.8206077372838946893 ) ) ;
#3601 = CARTESIAN_POINT ( 'NONE',  ( -1.274968577013637860, 60.00164933118431065, 6.552719464504785485 ) ) ;
#3602 = CARTESIAN_POINT ( 'NONE',  ( -7.820562511287666219, 59.99999999999998579, -0.8454862112091842130 ) ) ;
#3603 = CARTESIAN_POINT ( 'NONE',  ( -5.035085020000388489, 59.99999999999999289, -5.729653544559037748 ) ) ;
#3604 = CARTESIAN_POINT ( 'NONE',  ( -9.265527507918800865, 45.44761534702016093, -1.499999999999999112 ) ) ;
#3605 = B_SPLINE_CURVE_WITH_KNOTS ( 'NONE', 3,
 ( #2593, #1157, #2362, #4445, #739, #7268, #3197, #3575, #7457, #4212 ),
 .UNSPECIFIED., .F., .F.,
 ( 4, 2, 2, 2, 4 ),
 ( -7.941285366554118108E-06, 0.0005234127332232014563, 0.001054766751812956892, 0.001586120770402712436, 0.002117474788992467979 ),
 .UNSPECIFIED. ) ;
#3606 = CARTESIAN_POINT ( 'NONE',  ( 3.628777340703692289, 60.00000000000000000, -7.902422747571518080 ) ) ;
#3607 = CARTESIAN_POINT ( 'NONE',  ( 4.963441625000371893, 60.00000000000000000, 4.196933074902871930 ) ) ;
#3608 = CARTESIAN_POINT ( 'NONE',  ( 9.470838493830841642, 44.55925688362638226, 1.500000000000031530 ) ) ;
#3609 = EDGE_LOOP ( 'NONE', ( #2402, #1443, #4658, #1595 ) ) ;
#3610 = ADVANCED_FACE ( 'NONE', ( #4452 ), #2335, .T. ) ;
#3611 = EDGE_CURVE ( 'NONE', #6490, #2701, #4244, .T. ) ;
#3612 = ADVANCED_FACE ( 'NONE', ( #3360 ), #5205, .T. ) ;
#3613 = FACE_OUTER_BOUND ( 'NONE', #2898, .T. ) ;
#3614 = CARTESIAN_POINT ( 'NONE',  ( 6.091640247961649379, 45.25499018253085382, -7.551030410901066858 ) ) ;
#3615 = CARTESIAN_POINT ( 'NONE',  ( 9.962932804213769700, 58.69821682416046826, -0.8602150537634413174 ) ) ;
#3616 = CARTESIAN_POINT ( 'NONE',  ( 7.973788868585375944, 45.25654466397778464, 1.604458732745767335 ) ) ;
#3617 = DIRECTION ( 'NONE',  ( 0.000000000000000000, -1.000000000000000000, 0.000000000000000000 ) ) ;
#3618 = CARTESIAN_POINT ( 'NONE',  ( -3.036956269647643758, 59.27933202669345292, -8.260162559394556681 ) ) ;
#3619 = EDGE_CURVE ( 'NONE', #1847, #5416, #4813, .T. ) ;
#3620 = ORIENTED_EDGE ( 'NONE', *, *, #5781, .F. ) ;
#3621 = EDGE_CURVE ( 'NONE', #1432, #4223, #5129, .T. ) ;
#3622 = CARTESIAN_POINT ( 'NONE',  ( 2.802647204748878185, 59.99999999999999289, -7.779410944807660044 ) ) ;
#3623 = DIRECTION ( 'NONE',  ( -0.4999999999999990008, 0.000000000000000000, 0.8660254037844391517 ) ) ;
#3624 = DIRECTION ( 'NONE',  ( 0.5000000000000003331, -0.000000000000000000, 0.8660254037844384856 ) ) ;
#3625 = CARTESIAN_POINT ( 'NONE',  ( -2.909583996627139069, 45.69089023002221239, -8.039547311047510192 ) ) ;
#3626 = CARTESIAN_POINT ( 'NONE',  ( -4.346608908242817648, 60.69990933521651755, -4.528547469708044559 ) ) ;
#3627 = ORIENTED_EDGE ( 'NONE', *, *, #5266, .F. ) ;
#3628 = ORIENTED_EDGE ( 'NONE', *, *, #5797, .T. ) ;
#3629 = DIRECTION ( 'NONE',  ( 0.000000000000000000, 1.000000000000000000, 0.000000000000000000 ) ) ;
#3630 = ORIENTED_EDGE ( 'NONE', *, *, #1828, .T. ) ;
#3631 = CARTESIAN_POINT ( 'NONE',  ( -8.658638042297376103, 59.99029920218772816, -0.8085411998166880387 ) ) ;
#3632 = CARTESIAN_POINT ( 'NONE',  ( 5.880878112127827961, 58.90364570241939646, 7.185979683325133927 ) ) ;
#3633 = CARTESIAN_POINT ( 'NONE',  ( -1.304490393599268883, 60.00000000000000000, 6.528468125934588251 ) ) ;
#3634 = FACE_OUTER_BOUND ( 'NONE', #4070, .T. ) ;
#3635 = DIRECTION ( 'NONE',  ( -0.000000000000000000, -1.000000000000000000, -0.000000000000000000 ) ) ;
#3636 = EDGE_CURVE ( 'NONE', #4284, #5036, #1465, .T. ) ;
#3637 = ORIENTED_EDGE ( 'NONE', *, *, #4455, .F. ) ;
#3638 = ORIENTED_EDGE ( 'NONE', *, *, #7791, .F. ) ;
#3639 = CARTESIAN_POINT ( 'NONE',  ( -1.940521016280113864, 45.00000000000000000, 7.761080993352356572 ) ) ;
#3640 = CARTESIAN_POINT ( 'NONE',  ( 4.823560934331261763, 60.00000000000000000, 6.754652611666145390 ) ) ;
#3641 = CARTESIAN_POINT ( 'NONE',  ( -2.443852260786754549, 44.96265802970548719, -8.544238647479817317 ) ) ;
#3642 = CARTESIAN_POINT ( 'NONE',  ( 3.704734272119384553, 44.84573993124932656, 9.416787987852478281 ) ) ;
#3643 = CARTESIAN_POINT ( 'NONE',  ( 5.549703995094989573, 45.69999999628198140, 6.612369286472497443 ) ) ;
#3644 = FACE_OUTER_BOUND ( 'NONE', #1022, .T. ) ;
#3645 = CARTESIAN_POINT ( 'NONE',  ( -8.798901666754513684, 45.64411999716082136, 1.500000000000000888 ) ) ;
#3646 = CARTESIAN_POINT ( 'NONE',  ( 5.429778716980368181, 59.29999999999999716, 6.404652611666145745 ) ) ;
#3647 = CARTESIAN_POINT ( 'NONE',  ( -3.796260691768604367, 44.17624473793537021, -9.252066902157691786 ) ) ;
#3648 = ORIENTED_EDGE ( 'NONE', *, *, #2697, .F. ) ;
#3649 = B_SPLINE_CURVE_WITH_KNOTS ( 'NONE', 3,
 ( #5094, #3973, #5899, #2720, #2200, #1554, #2155, #6992 ),
 .UNSPECIFIED., .F., .F.,
 ( 4, 2, 2, 4 ),
 ( 0.000000000000000000, 0.0006314477280047935343, 0.0009471715920071906809, 0.001262895456009587719 ),
 .UNSPECIFIED. ) ;
#3650 = CARTESIAN_POINT ( 'NONE',  ( 8.134640353146258107, 59.33863098884359744, -1.499999999999999778 ) ) ;
#3651 = DIRECTION ( 'NONE',  ( 0.000000000000000000, 0.000000000000000000, 1.000000000000000000 ) ) ;
#3652 = FACE_OUTER_BOUND ( 'NONE', #702, .T. ) ;
#3653 = CARTESIAN_POINT ( 'NONE',  ( 6.583832343482427518, 44.27311077007767892, 7.260324985915150187 ) ) ;
#3654 = DIRECTION ( 'NONE',  ( 0.000000000000000000, -0.000000000000000000, 1.000000000000000000 ) ) ;
#3655 = ORIENTED_EDGE ( 'NONE', *, *, #7433, .T. ) ;
#3656 = VERTEX_POINT ( 'NONE', #2716 ) ;
#3657 = CARTESIAN_POINT ( 'NONE',  ( -9.747787058917973368, 43.88698034563178396, -2.058861126758037674 ) ) ;
#3658 = CARTESIAN_POINT ( 'NONE',  ( -1.152929848348839048, 60.00000000000000000, 6.396933074902874772 ) ) ;
#3659 = CARTESIAN_POINT ( 'NONE',  ( 5.040922087921824613, 60.00000000000000000, -4.388998575877123720 ) ) ;
#3660 = EDGE_CURVE ( 'NONE', #1949, #3753, #5680, .T. ) ;
#3661 = CARTESIAN_POINT ( 'NONE',  ( -2.779060175756873363, 45.49311510543481774, -7.876015175025672832 ) ) ;
#3662 = DIRECTION ( 'NONE',  ( 0.000000000000000000, 0.000000000000000000, 1.000000000000000000 ) ) ;
#3663 = AXIS2_PLACEMENT_3D ( 'NONE', #3905, #6363, #6405 ) ;
#3664 = AXIS2_PLACEMENT_3D ( 'NONE', #241, #5139, #396 ) ;
#3665 = ORIENTED_EDGE ( 'NONE', *, *, #6011, .T. ) ;
#3666 = CARTESIAN_POINT ( 'NONE',  ( 4.982309704669384942, 59.99999999999997868, -4.294420770106992080 ) ) ;
#3667 = ORIENTED_EDGE ( 'NONE', *, *, #1684, .F. ) ;
#3668 = FACE_OUTER_BOUND ( 'NONE', #1369, .T. ) ;
#3669 = CARTESIAN_POINT ( 'NONE',  ( 5.454545633715714104, 59.63125511759707109, 7.765660198968882710 ) ) ;
#3670 = CARTESIAN_POINT ( 'NONE',  ( -5.039966582596120404, 59.97820956075926802, -4.591210337275956732 ) ) ;
#3671 = CARTESIAN_POINT ( 'NONE',  ( 9.265527507918802641, 45.44761534702016093, -1.500000000000000000 ) ) ;
#3672 = CARTESIAN_POINT ( 'NONE',  ( -7.686398746154111450, 58.89955821941175884, -2.027490788662214882 ) ) ;
#3673 =( BOUNDED_SURFACE ( )  B_SPLINE_SURFACE ( 3, 2, ( 
 ( #7094, #4149, #5961 ),
 ( #5317, #2262, #5885 ),
 ( #4677, #2221, #455 ),
 ( #4075, #6533, #2903 ),
 ( #5439, #2185, #7129 ),
 ( #3477, #3432, #5401 ),
 ( #416, #7814, #379 ),
 ( #1619, #1577, #5356 ),
 ( #4797, #1734, #4758 ),
 ( #2305, #1698, #3593 ) ),
 .UNSPECIFIED., .F., .F., .F. ) 
 B_SPLINE_SURFACE_WITH_KNOTS ( ( 4, 2, 2, 2, 4 ),
 ( 3, 3 ),
 ( 0.000000000000000000, 0.0006601270656153599781, 0.001320254131230719956, 0.001980381196846080043, 0.002640508262461439912 ),
 ( 0.000000000000000000, 1.000000000000000000 ),
 .UNSPECIFIED. ) 
 GEOMETRIC_REPRESENTATION_ITEM ( )  RATIONAL_B_SPLINE_SURFACE ( (
 ( 1.000000000000000000, 0.7071067811865475727, 1.000000000000000000),
 ( 1.000000000000000000, 0.7265059775621567351, 1.000000000000000000),
 ( 1.000000000000000000, 0.7502783718688216252, 1.000000000000000000),
 ( 1.000000000000000000, 0.8072559680364169710, 1.000000000000000000),
 ( 1.000000000000000000, 0.8399358369244867006, 1.000000000000000000),
 ( 1.000000000000000000, 0.9071188964752072703, 1.000000000000000000),
 ( 1.000000000000000000, 0.9402799494365450261, 1.000000000000000000),
 ( 1.000000000000000000, 0.9871024881034702325, 1.000000000000000000),
 ( 1.000000000000000000, 1.000343213455297642, 1.000000000000000000),
 ( 1.000000000000000000, 1.000000000000000000, 1.000000000000000000) ) ) 
 REPRESENTATION_ITEM ( '' )  SURFACE ( )  );
#3674 = ORIENTED_EDGE ( 'NONE', *, *, #6041, .F. ) ;
#3675 = CARTESIAN_POINT ( 'NONE',  ( -3.682582556301461807, 44.03396261278087565, 9.298344948054156234 ) ) ;
#3676 = DIRECTION ( 'NONE',  ( 1.000000000000000000, -0.000000000000000000, 2.137682487307248399E-16 ) ) ;
#3677 = CARTESIAN_POINT ( 'NONE',  ( -2.118037897910827194, 45.02275046629593902, 7.714526263032195352 ) ) ;
#3678 = CARTESIAN_POINT ( 'NONE',  ( 6.384130576959001324, 44.32661192286298757, -7.495828413728800932 ) ) ;
#3679 = LINE ( 'NONE', #3033, #249 ) ;
#3680 = EDGE_CURVE ( 'NONE', #5125, #4628, #4543, .T. ) ;
#3681 = ADVANCED_FACE ( 'NONE', ( #7025 ), #1851, .T. ) ;
#3682 = CARTESIAN_POINT ( 'NONE',  ( -7.778768480141149411, 59.04309822270915475, 1.499999999999998890 ) ) ;
#3683 = CARTESIAN_POINT ( 'NONE',  ( 0.000000000000000000, 58.50000000000000000, 0.000000000000000000 ) ) ;
#3684 = CARTESIAN_POINT ( 'NONE',  ( -3.112559727078469063, 43.50000000000000000, -9.503261121602900374 ) ) ;
#3685 = EDGE_LOOP ( 'NONE', ( #4682, #5857, #6445, #5444 ) ) ;
#3686 = CARTESIAN_POINT ( 'NONE',  ( -2.086410181174461087, 58.90544815734007500, -7.669024679726530458 ) ) ;
#3687 = FACE_OUTER_BOUND ( 'NONE', #4447, .T. ) ;
#3688 = FACE_OUTER_BOUND ( 'NONE', #3539, .T. ) ;
#3689 = CIRCLE ( 'NONE', #4718, 10.00000000000000000 ) ;
#3690 = CARTESIAN_POINT ( 'NONE',  ( 9.265527507918802641, 64.86389322930409662, 1.500000000000000000 ) ) ;
#3691 = B_SPLINE_CURVE_WITH_KNOTS ( 'NONE', 3,
 ( #6272, #126, #7553, #4376, #3126, #7508, #3169, #756, #3894, #7471, #2040, #2524 ),
 .UNSPECIFIED., .F., .F.,
 ( 4, 2, 2, 2, 2, 4 ),
 ( 2.168404344971008868E-18, 0.0006170047189677843862, 0.001234009437935566604, 0.001851014156903349039, 0.002159516516387240039, 0.002468018875871130606 ),
 .UNSPECIFIED. ) ;
#3692 = DIRECTION ( 'NONE',  ( -1.000000000000000000, 0.000000000000000000, 0.000000000000000000 ) ) ;
#3693 = CARTESIAN_POINT ( 'NONE',  ( -6.252884480344555129, 58.69053078926086187, 7.830313613815914842 ) ) ;
#3694 = VERTEX_POINT ( 'NONE', #500 ) ;
#3695 = CIRCLE ( 'NONE', #3952, 0.7000000000000000666 ) ;
#3696 = CARTESIAN_POINT ( 'NONE',  ( 7.889772305201259606, 59.43424718601784207, 1.550215491906487220 ) ) ;
#3697 = CARTESIAN_POINT ( 'NONE',  ( -1.538745538941715285, 59.96335253576336299, 6.732016653630613412 ) ) ;
#3698 = DIRECTION ( 'NONE',  ( 0.000000000000000000, 0.000000000000000000, 1.000000000000000000 ) ) ;
#3699 = CARTESIAN_POINT ( 'NONE',  ( 0.000000000000000000, 58.50000000000000000, 0.000000000000000000 ) ) ;
#3700 = CARTESIAN_POINT ( 'NONE',  ( -4.775959246566240601, 59.90411421627850075, -5.272204069931412107 ) ) ;
#3701 = EDGE_CURVE ( 'NONE', #6814, #1317, #1650, .T. ) ;
#3702 = EDGE_CURVE ( 'NONE', #5187, #5592, #6355, .T. ) ;
#3703 = EDGE_LOOP ( 'NONE', ( #6457, #6974, #2721, #3141 ) ) ;
#3704 = AXIS2_PLACEMENT_3D ( 'NONE', #2998, #1074, #553 ) ;
#3705 = ORIENTED_EDGE ( 'NONE', *, *, #4887, .T. ) ;
#3706 = CARTESIAN_POINT ( 'NONE',  ( 6.526278488719561288, 59.96606045144802266, -2.145334030481967247 ) ) ;
#3707 = CARTESIAN_POINT ( 'NONE',  ( -9.265527507918800865, 58.50000000000000000, -1.499999999999999112 ) ) ;
#3708 = CARTESIAN_POINT ( 'NONE',  ( 1.299038105676659560, 64.86389322930409662, 0.7500000000000005551 ) ) ;
#3709 = CIRCLE ( 'NONE', #6028, 8.500000000000000000 ) ;
#3710 = CARTESIAN_POINT ( 'NONE',  ( -3.996301662196963811, 44.50460396087071757, 9.166876385637046099 ) ) ;
#3711 = EDGE_CURVE ( 'NONE', #5890, #376, #3136, .T. ) ;
#3712 = VERTEX_POINT ( 'NONE', #6664 ) ;
#3713 = ORIENTED_EDGE ( 'NONE', *, *, #3117, .T. ) ;
#3714 = ADVANCED_FACE ( 'NONE', ( #4157 ), #1142, .F. ) ;
#3715 = CARTESIAN_POINT ( 'NONE',  ( -3.573618719973167490, 44.38237976976296295, 9.343022466744683285 ) ) ;
#3716 = FACE_OUTER_BOUND ( 'NONE', #2319, .T. ) ;
#3717 = CARTESIAN_POINT ( 'NONE',  ( 5.472276523321774278, 45.62604786065576690, -6.478260971459544493 ) ) ;
#3718 = CARTESIAN_POINT ( 'NONE',  ( 2.930508240603052261, 44.41754995251209692, 9.237090304203128710 ) ) ;
#3719 = DIRECTION ( 'NONE',  ( 0.000000000000000000, 1.000000000000000000, 0.000000000000000000 ) ) ;
#3720 = CARTESIAN_POINT ( 'NONE',  ( -0.6928203230275511437, 59.29999999999999716, 0.4000000000000005773 ) ) ;
#3721 = CIRCLE ( 'NONE', #1662, 0.7000000000000000666 ) ;
#3722 = CARTESIAN_POINT ( 'NONE',  ( -8.401598737860798138, 58.79691270050473406, 1.500000000000000888 ) ) ;
#3723 = DIRECTION ( 'NONE',  ( -5.329070518200751394E-15, 0.000000000000000000, 1.000000000000000000 ) ) ;
#3724 =( BOUNDED_CURVE ( )  B_SPLINE_CURVE ( 3, ( #6172, #4277, #6132, #5605 ),
 .UNSPECIFIED., .F., .T. ) 
 B_SPLINE_CURVE_WITH_KNOTS ( ( 4, 4 ),
 ( 5.012420009095615470, 6.027536106381308656 ),
 .UNSPECIFIED. ) 
 CURVE ( )  GEOMETRIC_REPRESENTATION_ITEM ( )  RATIONAL_B_SPLINE_CURVE ( ( 1.000000000000000000, 0.9159560062732682306, 0.9159560062732682306, 1.000000000000000000 ) ) 
 REPRESENTATION_ITEM ( '' )  );
#3725 = ORIENTED_EDGE ( 'NONE', *, *, #4012, .T. ) ;
#3726 = AXIS2_PLACEMENT_3D ( 'NONE', #382, #2982, #6657 ) ;
#3727 = CARTESIAN_POINT ( 'NONE',  ( -3.109817731259040485, 59.21935768393873190, 8.386362312819240827 ) ) ;
#3728 = DIRECTION ( 'NONE',  ( 0.000000000000000000, 0.000000000000000000, 1.000000000000000000 ) ) ;
#3729 = CARTESIAN_POINT ( 'NONE',  ( 2.802647204751384624, 59.99999999999999289, 7.779410944806994799 ) ) ;
#3730 = DIRECTION ( 'NONE',  ( 0.000000000000000000, 0.000000000000000000, -1.000000000000000000 ) ) ;
#3731 = CARTESIAN_POINT ( 'NONE',  ( -8.138491107056422535, 60.00000000000000000, 1.462541795246126597 ) ) ;
#3732 = CARTESIAN_POINT ( 'NONE',  ( -8.614201939075535108, 44.96370456407976235, 2.156432772896491379 ) ) ;
#3733 = CARTESIAN_POINT ( 'NONE',  ( -5.726434509806209938, 45.25138510346865672, 8.198045364896470844 ) ) ;
#3734 = CARTESIAN_POINT ( 'NONE',  ( -5.530172705284661205, 59.29999999999999716, 6.578540100183667860 ) ) ;
#3735 = ORIENTED_EDGE ( 'NONE', *, *, #1658, .T. ) ;
#3736 = DIRECTION ( 'NONE',  ( 0.000000000000000000, 0.000000000000000000, 1.000000000000000000 ) ) ;
#3737 = CARTESIAN_POINT ( 'NONE',  ( -2.831702505627047284, 60.00000000000000000, 7.904652611666148410 ) ) ;
#3738 = DIRECTION ( 'NONE',  ( 0.000000000000000000, 1.000000000000000000, -0.000000000000000000 ) ) ;
#3739 = CARTESIAN_POINT ( 'NONE',  ( 5.349310304703553953, 59.62896311542679229, 6.265277233198304430 ) ) ;
#3740 = CARTESIAN_POINT ( 'NONE',  ( -2.779060175756873363, 45.49311510543481774, -7.876015175025672832 ) ) ;
#3741 = ORIENTED_EDGE ( 'NONE', *, *, #85, .T. ) ;
#3742 = B_SPLINE_CURVE_WITH_KNOTS ( 'NONE', 3,
 ( #5358, #6048, #1580, #457, #536, #2981, #4039, #2264, #5441, #6498, #1017, #2829 ),
 .UNSPECIFIED., .F., .F.,
 ( 4, 2, 2, 2, 2, 4 ),
 ( -7.465060092922199048E-06, 0.0005897204466706087696, 0.001186905953434139616, 0.001485498706815912683, 0.001784091460197685967, 0.002381276966961232318 ),
 .UNSPECIFIED. ) ;
#3743 = CARTESIAN_POINT ( 'NONE',  ( 8.462269199216009952, 60.00000000000000000, 0.7999999999999997113 ) ) ;
#3744 = ORIENTED_EDGE ( 'NONE', *, *, #2175, .F. ) ;
#3745 = CARTESIAN_POINT ( 'NONE',  ( -9.773045838156823706, 59.25597686298502964, -0.8531873427972539448 ) ) ;
#3746 = DIRECTION ( 'NONE',  ( 0.000000000000000000, 0.000000000000000000, -1.000000000000000000 ) ) ;
#3747 = EDGE_CURVE ( 'NONE', #5743, #1827, #449, .T. ) ;
#3748 = FACE_OUTER_BOUND ( 'NONE', #83, .T. ) ;
#3749 = CARTESIAN_POINT ( 'NONE',  ( 9.383969735020082581, 45.11759801855913565, -1.531803250192656618 ) ) ;
#3750 = CARTESIAN_POINT ( 'NONE',  ( -3.263539823141073271, 43.61993891098875054, 9.453811300054105971 ) ) ;
#3751 = EDGE_CURVE ( 'NONE', #5590, #967, #1602, .T. ) ;
#3752 = ORIENTED_EDGE ( 'NONE', *, *, #1828, .F. ) ;
#3753 = VERTEX_POINT ( 'NONE', #1670 ) ;
#3754 = DIRECTION ( 'NONE',  ( 0.000000000000000000, 1.000000000000000000, 0.000000000000000000 ) ) ;
#3755 = FACE_OUTER_BOUND ( 'NONE', #3932, .T. ) ;
#3756 = CARTESIAN_POINT ( 'NONE',  ( -7.522722434880401821, 59.28409436251600084, 2.041624414696495471 ) ) ;
#3757 = FACE_OUTER_BOUND ( 'NONE', #6449, .T. ) ;
#3758 = DIRECTION ( 'NONE',  ( 0.4999999999999996114, 0.000000000000000000, -0.8660254037844388186 ) ) ;
#3759 = CARTESIAN_POINT ( 'NONE',  ( -8.069398555095334657, 59.35850120951381115, -1.500000000000000666 ) ) ;
#3760 = EDGE_CURVE ( 'NONE', #3429, #4564, #6871, .T. ) ;
#3761 = CARTESIAN_POINT ( 'NONE',  ( -2.633078879044735476, 58.72161683362925544, -7.560626398842254403 ) ) ;
#3762 = DIRECTION ( 'NONE',  ( 0.000000000000000000, 1.000000000000000000, -0.000000000000000000 ) ) ;
#3763 = ORIENTED_EDGE ( 'NONE', *, *, #7302, .F. ) ;
#3764 = CARTESIAN_POINT ( 'NONE',  ( -3.414507107233108130, 59.60209052066587532, 8.914099792532555355 ) ) ;
#3765 = CARTESIAN_POINT ( 'NONE',  ( -6.953842281786081436, 59.90411421627368327, -1.500000000000890621 ) ) ;
#3766 = CARTESIAN_POINT ( 'NONE',  ( 9.936896426648500480, 44.50456869590723841, 1.122559282714953310 ) ) ;
#3767 = LINE ( 'NONE', #7422, #5330 ) ;
#3768 = CARTESIAN_POINT ( 'NONE',  ( -4.565542363468261478, 60.01848078357167537, 4.907751337636978128 ) ) ;
#3769 = DIRECTION ( 'NONE',  ( -0.000000000000000000, -1.000000000000000000, -0.000000000000000000 ) ) ;
#3770 = CYLINDRICAL_SURFACE ( 'NONE', #2223, 0.7000000000000000666 ) ;
#3771 = CARTESIAN_POINT ( 'NONE',  ( -3.654808268991452724, 58.69053078926083344, -9.330313613816002771 ) ) ;
#3772 = ORIENTED_EDGE ( 'NONE', *, *, #72, .F. ) ;
#3773 = CARTESIAN_POINT ( 'NONE',  ( 4.823560934331253769, 60.00000000000000000, -6.754652611666150719 ) ) ;
#3774 = CYLINDRICAL_SURFACE ( 'NONE', #7171, 0.6999999999999999556 ) ;
#3775 = CARTESIAN_POINT ( 'NONE',  ( -6.116371473349213161, 60.00000000000000000, -2.199999999999999734 ) ) ;
#3776 = EDGE_CURVE ( 'NONE', #7449, #4928, #4143, .T. ) ;
#3777 = FACE_OUTER_BOUND ( 'NONE', #4342, .T. ) ;
#3778 = EDGE_CURVE ( 'NONE', #7799, #1683, #5972, .T. ) ;
#3779 = CARTESIAN_POINT ( 'NONE',  ( -8.462269199216013504, 59.29999999999999716, -0.7999999999999993783 ) ) ;
#3780 = CIRCLE ( 'NONE', #7761, 0.6999999999999998446 ) ;
#3781 = CARTESIAN_POINT ( 'NONE',  ( 2.061981289408877149, 59.75043083125088828, -7.163354006105330463 ) ) ;
#3782 = CARTESIAN_POINT ( 'NONE',  ( 9.772579882326530409, 59.25683569235943793, 0.8531699328525724768 ) ) ;
#3783 = ORIENTED_EDGE ( 'NONE', *, *, #6961, .T. ) ;
#3784 = CARTESIAN_POINT ( 'NONE',  ( 3.018716589775626513, 44.18130082873836528, 9.365611116804016589 ) ) ;
#3785 = CARTESIAN_POINT ( 'NONE',  ( 6.012583318586192327, 59.60209052066604585, 7.414099792532696576 ) ) ;
#3786 = AXIS2_PLACEMENT_3D ( 'NONE', #41, #1305, #2518 ) ;
#3787 = CYLINDRICAL_SURFACE ( 'NONE', #7827, 0.7000000000000001776 ) ;
#3788 = CARTESIAN_POINT ( 'NONE',  ( 7.927449509349616008, 59.87075451882527233, 1.499999999999999556 ) ) ;
#3789 = CARTESIAN_POINT ( 'NONE',  ( -5.754803764182653936, 45.06128468650055652, -8.178397333281910875 ) ) ;
#3790 = CIRCLE ( 'NONE', #4821, 10.00000000000000000 ) ;
#3791 = ORIENTED_EDGE ( 'NONE', *, *, #2577, .F. ) ;
#3792 = ORIENTED_EDGE ( 'NONE', *, *, #1712, .T. ) ;
#3793 = ORIENTED_EDGE ( 'NONE', *, *, #2865, .F. ) ;
#3794 = CARTESIAN_POINT ( 'NONE',  ( -5.726434491383815661, 45.44761534702016093, 8.198045377764739072 ) ) ;
#3795 = CARTESIAN_POINT ( 'NONE',  ( -3.112559727078461069, 43.50000000000000000, 9.503261121602903927 ) ) ;
#3796 = DIRECTION ( 'NONE',  ( 0.000000000000000000, 1.000000000000000000, 0.000000000000000000 ) ) ;
#3797 = CARTESIAN_POINT ( 'NONE',  ( -5.011666995104350875, 60.00000000000000000, -4.446219355850837829 ) ) ;
#3798 = CARTESIAN_POINT ( 'NONE',  ( -6.639772198498218536, 43.97937284440533290, -7.376728917501043981 ) ) ;
#3799 = AXIS2_PLACEMENT_3D ( 'NONE', #7757, #5265, #404 ) ;
#3800 = CARTESIAN_POINT ( 'NONE',  ( -7.570218458511659421, 59.18232658162760629, 2.037498148315187052 ) ) ;
#3801 = CARTESIAN_POINT ( 'NONE',  ( 0.6928203230275523650, 60.00000000000000000, 0.4000000000000006328 ) ) ;
#3802 = DIRECTION ( 'NONE',  ( -0.000000000000000000, -1.000000000000000000, -0.000000000000000000 ) ) ;
#3803 = ORIENTED_EDGE ( 'NONE', *, *, #6735, .F. ) ;
#3804 = CARTESIAN_POINT ( 'NONE',  ( -7.724764266986038130, 45.00752006237845393, 2.081260337160001139 ) ) ;
#3805 = CARTESIAN_POINT ( 'NONE',  ( 2.831702505627049948, 59.29999999999999716, 7.904652611666146633 ) ) ;
#3806 = FACE_OUTER_BOUND ( 'NONE', #5758, .T. ) ;
#3807 = CARTESIAN_POINT ( 'NONE',  ( 3.687109085820833521, 45.32625813511257462, -9.315206730993695672 ) ) ;
#3808 = CARTESIAN_POINT ( 'NONE',  ( 5.707852723010789830, 45.00000000000000000, -5.605735980109926686 ) ) ;
#3809 = FACE_OUTER_BOUND ( 'NONE', #530, .T. ) ;
#3810 = CARTESIAN_POINT ( 'NONE',  ( -6.107428236218459539, 44.18723787529059877, 7.919058327515733353 ) ) ;
#3811 = CARTESIAN_POINT ( 'NONE',  ( -5.795244646061067151, 59.10333606103244364, 7.037658169269294106 ) ) ;
#3812 = AXIS2_PLACEMENT_3D ( 'NONE', #3683, #3802, #3723 ) ;
#3813 = EDGE_CURVE ( 'NONE', #4375, #5211, #3274, .T. ) ;
#3814 = CARTESIAN_POINT ( 'NONE',  ( 2.932096493931347414, 59.29999999999999716, 8.078540100183666084 ) ) ;
#3815 = CIRCLE ( 'NONE', #2785, 8.000000000000000000 ) ;
#3816 = CARTESIAN_POINT ( 'NONE',  ( -9.962932804213766147, 58.50000000000000000, -0.8602150537634400962 ) ) ;
#3817 = CARTESIAN_POINT ( 'NONE',  ( -6.308966179655632445, 60.00000000555252910, -2.075899319075817040 ) ) ;
#3818 = DIRECTION ( 'NONE',  ( 0.000000000000000000, 0.000000000000000000, 1.000000000000000000 ) ) ;
#3819 = CARTESIAN_POINT ( 'NONE',  ( 2.906778773820099637, 45.02277054661642808, -8.034688522618784745 ) ) ;
#3820 = AXIS2_PLACEMENT_3D ( 'NONE', #5556, #7328, #1929 ) ;
#3821 = CARTESIAN_POINT ( 'NONE',  ( -2.638440773028651432, 60.00000000000000000, 6.812165608795710092 ) ) ;
#3822 = CARTESIAN_POINT ( 'NONE',  ( 9.907692780744859817, 58.50000000000000711, 1.500000000000000444 ) ) ;
#3823 = ORIENTED_EDGE ( 'NONE', *, *, #6041, .T. ) ;
#3824 = CARTESIAN_POINT ( 'NONE',  ( 3.112559727078465954, 43.70385227762305647, 9.503261121602903927 ) ) ;
#3825 = CARTESIAN_POINT ( 'NONE',  ( 5.335843902306002029, 60.00000000000000000, 6.316869149563503427 ) ) ;
#3826 = TOROIDAL_SURFACE ( 'NONE', #7294, 8.500000000000000000, 1.500000000000000000 ) ;
#3827 = DIRECTION ( 'NONE',  ( 0.000000000000000000, 1.000000000000000000, 0.000000000000000000 ) ) ;
#3828 = FACE_OUTER_BOUND ( 'NONE', #7127, .T. ) ;
#3829 = AXIS2_PLACEMENT_3D ( 'NONE', #159, #2601, #3850 ) ;
#3830 = ORIENTED_EDGE ( 'NONE', *, *, #3168, .F. ) ;
#3831 = ORIENTED_EDGE ( 'NONE', *, *, #3084, .T. ) ;
#3832 = ORIENTED_EDGE ( 'NONE', *, *, #4987, .T. ) ;
#3833 = CARTESIAN_POINT ( 'NONE',  ( 9.786345413644342628, 43.50000000000000000, -2.056074766355140415 ) ) ;
#3834 = VERTEX_POINT ( 'NONE', #7862 ) ;
#3835 = CARTESIAN_POINT ( 'NONE',  ( 2.909583996627128855, 58.50000000000000000, -8.039547311047513745 ) ) ;
#3836 = CARTESIAN_POINT ( 'NONE',  ( -9.000313213748711405, 45.58317014555833424, 1.500000000000001332 ) ) ;
#3837 = CARTESIAN_POINT ( 'NONE',  ( 2.639305512992941249, 58.50000000000000000, -7.571411245200426521 ) ) ;
#3838 = CARTESIAN_POINT ( 'NONE',  ( 5.481407238661355485, 59.04439041980842973, -6.494075834337303732 ) ) ;
#3839 = CARTESIAN_POINT ( 'NONE',  ( -6.673754086893725734, 43.48553262224524474, -7.447120986884181448 ) ) ;
#3840 = CARTESIAN_POINT ( 'NONE',  ( 9.265527507918804417, 58.71174231375388786, 1.500000000000000000 ) ) ;
#3841 = FACE_BOUND ( 'NONE', #913, .T. ) ;
#3842 = CARTESIAN_POINT ( 'NONE',  ( 3.362153446468756801, 44.94768297982638927, 8.971757885288846879 ) ) ;
#3843 = ORIENTED_EDGE ( 'NONE', *, *, #3778, .T. ) ;
#3844 = EDGE_CURVE ( 'NONE', #7060, #3712, #2350, .T. ) ;
#3845 = CIRCLE ( 'NONE', #5120, 11.30000000000000249 ) ;
#3846 = CARTESIAN_POINT ( 'NONE',  ( -3.654808284695767462, 58.50000000000000711, 9.330313641016735104 ) ) ;
#3847 = CARTESIAN_POINT ( 'NONE',  ( -6.307419280478560708, 60.02895608274840811, -1.499999999999999334 ) ) ;
#3848 = CARTESIAN_POINT ( 'NONE',  ( 6.116371473349213161, 60.00000000000000000, -2.199999999999999289 ) ) ;
#3849 = CARTESIAN_POINT ( 'NONE',  ( 5.506968039600329767, 45.02324866275619542, -6.538348440238562986 ) ) ;
#3850 = DIRECTION ( 'NONE',  ( 0.000000000000000000, 0.000000000000000000, 1.000000000000000000 ) ) ;
#3851 = AXIS2_PLACEMENT_3D ( 'NONE', #5542, #4936, #1876 ) ;
#3852 = EDGE_CURVE ( 'NONE', #3903, #4223, #1470, .T. ) ;
#3853 = CARTESIAN_POINT ( 'NONE',  ( 6.384145706871781734, 44.32657898966732546, 7.495831539576479408 ) ) ;
#3854 = EDGE_CURVE ( 'NONE', #7668, #7917, #1748, .T. ) ;
#3855 = CARTESIAN_POINT ( 'NONE',  ( -3.252805220166476996, 58.99281382787367534, -8.634023908453597684 ) ) ;
#3856 = ADVANCED_FACE ( 'NONE', ( #3757 ), #3400, .T. ) ;
#3857 = AXIS2_PLACEMENT_3D ( 'NONE', #1643, #7306, #6060 ) ;
#3858 = DIRECTION ( 'NONE',  ( 0.000000000000000000, 1.000000000000000000, 0.000000000000000000 ) ) ;
#3859 = DIRECTION ( 'NONE',  ( -0.000000000000000000, 1.000000000000000000, -0.000000000000000000 ) ) ;
#3860 = CARTESIAN_POINT ( 'NONE',  ( 9.265527507918802641, 45.00000000000000000, -0.8000000000000000444 ) ) ;
#3861 = CARTESIAN_POINT ( 'NONE',  ( 0.000000000000000000, 60.00000000000000000, 0.000000000000000000 ) ) ;
#3862 = ADVANCED_FACE ( 'NONE', ( #5645 ), #6714, .F. ) ;
#3863 = FACE_OUTER_BOUND ( 'NONE', #2653, .T. ) ;
#3864 = EDGE_CURVE ( 'NONE', #5007, #3872, #7892, .T. ) ;
#3865 = CARTESIAN_POINT ( 'NONE',  ( 3.015762110149095232, 45.00452237292400781, -8.223453198321191593 ) ) ;
#3866 = CARTESIAN_POINT ( 'NONE',  ( 1.585100850644179271, 60.00000000000001421, 6.483659240336434593 ) ) ;
#3867 = CYLINDRICAL_SURFACE ( 'NONE', #456, 2.200000000000000178 ) ;
#3868 = ORIENTED_EDGE ( 'NONE', *, *, #72, .T. ) ;
#3869 = CARTESIAN_POINT ( 'NONE',  ( -4.090934453334804211, 44.69141332848791137, -9.125141347058784547 ) ) ;
#3870 = CARTESIAN_POINT ( 'NONE',  ( 7.739994670903529439, 58.60379722026193861, -2.022988505747125743 ) ) ;
#3871 = FACE_OUTER_BOUND ( 'NONE', #849, .T. ) ;
#3872 = VERTEX_POINT ( 'NONE', #5192 ) ;
#3873 = EDGE_LOOP ( 'NONE', ( #5230, #3114, #6280, #443 ) ) ;
#3874 = ORIENTED_EDGE ( 'NONE', *, *, #4339, .T. ) ;
#3875 = CARTESIAN_POINT ( 'NONE',  ( 5.776699052699139081, 59.14017680860020221, 7.005536259309907976 ) ) ;
#3876 = VECTOR ( 'NONE', #2850, 1000.000000000000000 ) ;
#3877 = ORIENTED_EDGE ( 'NONE', *, *, #1233, .T. ) ;
#3878 = FACE_OUTER_BOUND ( 'NONE', #2372, .T. ) ;
#3879 = CARTESIAN_POINT ( 'NONE',  ( -6.605614664754390297, 44.16298309581480908, 7.305669119966532676 ) ) ;
#3880 = CARTESIAN_POINT ( 'NONE',  ( 2.590346134393939348, 59.04309822270916897, -7.486611113959813046 ) ) ;
#3881 = EDGE_CURVE ( 'NONE', #5095, #3153, #1261, .T. ) ;
#3882 = CARTESIAN_POINT ( 'NONE',  ( -2.406598770241845209, 59.59082966460349695, -7.168351343491613292 ) ) ;
#3883 = CARTESIAN_POINT ( 'NONE',  ( 3.112559727078458405, 43.50000000000000000, -9.503261121602903927 ) ) ;
#3884 = CARTESIAN_POINT ( 'NONE',  ( 3.301779451964307555, 44.33474125497703966, 9.276614803686427990 ) ) ;
#3885 = ORIENTED_EDGE ( 'NONE', *, *, #719, .F. ) ;
#3886 = CARTESIAN_POINT ( 'NONE',  ( 7.156321484475948402, 59.80135194356375905, -1.500000000000003775 ) ) ;
#3887 = CYLINDRICAL_SURFACE ( 'NONE', #6003, 0.6999999999999992895 ) ;
#3888 = DIRECTION ( 'NONE',  ( 0.000000000000000000, 0.000000000000000000, 1.000000000000000000 ) ) ;
#3889 = CARTESIAN_POINT ( 'NONE',  ( -7.039519009677435157, 59.83700960661237644, 1.872869399809735658 ) ) ;
#3890 = CARTESIAN_POINT ( 'NONE',  ( -9.726744119181216064, 44.21367720169499904, 1.500000000000001332 ) ) ;
#3891 = DIRECTION ( 'NONE',  ( 2.137682487307248399E-16, 0.000000000000000000, 1.000000000000000000 ) ) ;
#3892 = ORIENTED_EDGE ( 'NONE', *, *, #7911, .T. ) ;
#3893 = CARTESIAN_POINT ( 'NONE',  ( 2.177883035216379159, 59.90411421627360511, 6.772204069937176385 ) ) ;
#3894 = CARTESIAN_POINT ( 'NONE',  ( -2.086410181174455314, 58.90544815734008921, 7.669024679726535787 ) ) ;
#3895 = CARTESIAN_POINT ( 'NONE',  ( -9.865332269809947263, 44.20607608376096209, -1.648955673772993347 ) ) ;
#3896 = CARTESIAN_POINT ( 'NONE',  ( -6.708160463860196820, 60.00000000000000000, -1.545738809322028340 ) ) ;
#3897 = CIRCLE ( 'NONE', #433, 0.7000000000000005107 ) ;
#3898 = CARTESIAN_POINT ( 'NONE',  ( -4.963441625000369228, 60.00000000000000000, 4.196933074902875482 ) ) ;
#3899 = CARTESIAN_POINT ( 'NONE',  ( -5.931801850617710592, 58.60552633313402993, -7.274182185700956538 ) ) ;
#3900 = CARTESIAN_POINT ( 'NONE',  ( 3.537069217475377059, 44.30661360962598394, -9.126383594555264267 ) ) ;
#3901 = CARTESIAN_POINT ( 'NONE',  ( 1.356701543808049415, 60.00000001127100546, -6.501674642738955789 ) ) ;
#3902 = CARTESIAN_POINT ( 'NONE',  ( 9.623992758693756144, 59.39586769377093844, 1.500000000000237366 ) ) ;
#3903 = VERTEX_POINT ( 'NONE', #6896 ) ;
#3904 = CARTESIAN_POINT ( 'NONE',  ( -3.333725648282739318, 45.44761534702016093, 8.774182201321206520 ) ) ;
#3905 = CARTESIAN_POINT ( 'NONE',  ( -6.010435543346964060, 45.69999999999999574, 6.010379736694801522 ) ) ;
#3906 = CARTESIAN_POINT ( 'NONE',  ( -3.653078072547708555, 43.59356959559176659, 9.327316825668743761 ) ) ;
#3907 = ORIENTED_EDGE ( 'NONE', *, *, #1591, .F. ) ;
#3908 = VERTEX_POINT ( 'NONE', #2098 ) ;
#3909 = CARTESIAN_POINT ( 'NONE',  ( 2.985025733575569440, 59.29999999999999716, 8.170216232453444860 ) ) ;
#3910 = VERTEX_POINT ( 'NONE', #5156 ) ;
#3911 = CARTESIAN_POINT ( 'NONE',  ( 2.909583996627128410, 58.77569987213450986, -8.039547311047513745 ) ) ;
#3912 = CARTESIAN_POINT ( 'NONE',  ( -6.094425136966251877, 45.00000000000000711, 6.203124163831713389 ) ) ;
#3913 = B_SPLINE_CURVE_WITH_KNOTS ( 'NONE', 3,
 ( #6778, #5603, #4315, #4960, #2625, #6294, #3756, #184, #109, #6894, #7411, #6739 ),
 .UNSPECIFIED., .F., .F.,
 ( 4, 2, 2, 2, 2, 4 ),
 ( 0.000000000000000000, 0.0006170047189677830852, 0.001234009437935566170, 0.001851014156903349256, 0.002159516516387240907, 0.002468018875871132341 ),
 .UNSPECIFIED. ) ;
#3914 = CARTESIAN_POINT ( 'NONE',  ( 2.608792545078281400, 58.93661152880313381, -7.518561234482574740 ) ) ;
#3915 = CARTESIAN_POINT ( 'NONE',  ( 6.228319566981787681, 44.71979963232707433, -7.832364868845942851 ) ) ;
#3916 = CIRCLE ( 'NONE', #4559, 0.7000000000000001776 ) ;
#3917 = AXIS2_PLACEMENT_3D ( 'NONE', #202, #5663, #6836 ) ;
#3918 = CARTESIAN_POINT ( 'NONE',  ( 3.939943430931849733, 45.44761534702016093, 8.424182201321203323 ) ) ;
#3919 = CARTESIAN_POINT ( 'NONE',  ( 3.273583937844840808, 44.16521768530102321, -9.344696479612778717 ) ) ;
#3920 = CARTESIAN_POINT ( 'NONE',  ( 4.205297970773492544, 45.06128468650053520, 9.073004920217549341 ) ) ;
#3921 = VERTEX_POINT ( 'NONE', #5805 ) ;
#3922 = ORIENTED_EDGE ( 'NONE', *, *, #5666, .T. ) ;
#3923 = AXIS2_PLACEMENT_3D ( 'NONE', #1402, #1925, #6841 ) ;
#3924 = EDGE_CURVE ( 'NONE', #2257, #3093, #2702, .T. ) ;
#3925 = CARTESIAN_POINT ( 'NONE',  ( 7.864233969442892658, 58.72161683363017204, -1.499999999999919842 ) ) ;
#3926 = CARTESIAN_POINT ( 'NONE',  ( -3.551923987426860663, 45.16247519026223500, -9.152112810845952851 ) ) ;
#3927 = CARTESIAN_POINT ( 'NONE',  ( 1.344705415395390569, 60.00000000000000000, 6.563340611012479897 ) ) ;
#3928 = CARTESIAN_POINT ( 'NONE',  ( -4.236498312829941604, 45.00000000000000000, 9.058260431528177392 ) ) ;
#3929 = DIRECTION ( 'NONE',  ( 0.000000000000000000, 0.000000000000000000, -1.000000000000000000 ) ) ;
#3930 = CARTESIAN_POINT ( 'NONE',  ( -6.673785686565880226, 43.50000000000000000, -7.447186355247759515 ) ) ;
#3931 = LINE ( 'NONE', #3448, #2007 ) ;
#3932 = EDGE_LOOP ( 'NONE', ( #239, #5784, #1165, #2537, #2092 ) ) ;
#3933 =( BOUNDED_SURFACE ( )  B_SPLINE_SURFACE ( 3, 2, ( 
 ( #4925, #2436, #1377 ),
 ( #3112, #1336, #6093 ),
 ( #5570, #3761, #7340 ),
 ( #3072, #2470, #6254 ),
 ( #6212, #7374, #5608 ),
 ( #2552, #585, #1824 ),
 ( #5004, #4280, #5044 ),
 ( #6743, #7456, #6783 ),
 ( #1946, #3882, #1420 ),
 ( #900, #6454, #6334 ),
 ( #6980, #5807, #1457 ),
 ( #782, #7096, #2188 ),
 ( #5769, #7696, #5158 ),
 ( #3234, #6377, #6940 ) ),
 .UNSPECIFIED., .F., .F., .T. ) 
 B_SPLINE_SURFACE_WITH_KNOTS ( ( 4, 2, 2, 2, 2, 2, 4 ),
 ( 3, 3 ),
 ( 0.000000000000000000, 0.0004429394651885505446, 0.0008858789303771010893, 0.001328818395565651688, 0.001771757860754202179, 0.002657636791131303376, 0.003543515721508404357 ),
 ( 0.000000000000000000, 1.000000000000000000 ),
 .UNSPECIFIED. ) 
 GEOMETRIC_REPRESENTATION_ITEM ( )  RATIONAL_B_SPLINE_SURFACE ( (
 ( 1.000000000000000000, 0.7914775938769177399, 1.000000000000000000),
 ( 1.000000000000000000, 0.7914751215768832671, 1.000000000000000000),
 ( 1.000000000000000000, 0.7910692898050785127, 1.000000000000000000),
 ( 1.000000000000000000, 0.7894438079031117494, 1.000000000000000000),
 ( 1.000000000000000000, 0.7882037160860815295, 1.000000000000000000),
 ( 1.000000000000000000, 0.7849047533173043600, 1.000000000000000000),
 ( 1.000000000000000000, 0.7828546967484153463, 1.000000000000000000),
 ( 1.000000000000000000, 0.7778217196377619214, 1.000000000000000000),
 ( 1.000000000000000000, 0.7748435908280455475, 1.000000000000000000),
 ( 1.000000000000000000, 0.7646248375019223387, 1.000000000000000000),
 ( 1.000000000000000000, 0.7558737235612993377, 1.000000000000000000),
 ( 1.000000000000000000, 0.7342902559674546747, 1.000000000000000000),
 ( 1.000000000000000000, 0.7211950083362245190, 1.000000000000000000),
 ( 1.000000000000000000, 0.7060162090484376485, 1.000000000000000000) ) ) 
 REPRESENTATION_ITEM ( '' )  SURFACE ( )  );
#3934 = CARTESIAN_POINT ( 'NONE',  ( -6.673785686565874897, 43.70385227762304936, 7.447186355247763068 ) ) ;
#3935 = CARTESIAN_POINT ( 'NONE',  ( -6.579747654049055150, 43.83697044614596194, -7.501615844108096454 ) ) ;
#3936 = CARTESIAN_POINT ( 'NONE',  ( -9.624131607322027548, 44.50456574272968879, -1.718291369542136460 ) ) ;
#3937 = CARTESIAN_POINT ( 'NONE',  ( 4.877198847917234126, 59.80135194356069661, -5.447556203208855585 ) ) ;
#3938 = DIRECTION ( 'NONE',  ( -0.000000000000000000, -1.000000000000000000, 0.000000000000000000 ) ) ;
#3939 = CARTESIAN_POINT ( 'NONE',  ( -6.252884496049091467, 58.50000000000000711, -7.830313641016731552 ) ) ;
#3940 = B_SPLINE_CURVE_WITH_KNOTS ( 'NONE', 3,
 ( #6130, #617, #3066, #1979, #6249, #2504, #4396, #5527, #1861, #4919, #26, #3795 ),
 .UNSPECIFIED., .F., .F.,
 ( 4, 2, 2, 2, 2, 4 ),
 ( 0.000000000000000000, 0.0006060804227970579411, 0.001212160845594115882, 0.001818241268391174040, 0.002121281479789703661, 0.002424321691188233499 ),
 .UNSPECIFIED. ) ;
#3941 = CARTESIAN_POINT ( 'NONE',  ( 3.788077070797405632, 44.60262997119176021, -9.561141949607812052 ) ) ;
#3942 = CARTESIAN_POINT ( 'NONE',  ( 5.726434509805554463, 45.25138510346868514, 8.198045364896929144 ) ) ;
#3943 = CARTESIAN_POINT ( 'NONE',  ( 8.817711673871292177, 59.21935768393873900, -1.500000000000000000 ) ) ;
#3944 = CARTESIAN_POINT ( 'NONE',  ( -3.687109085820954757, 45.32625813511204882, -9.315206730992882100 ) ) ;
#3945 = CARTESIAN_POINT ( 'NONE',  ( 7.739994670903527663, 58.50000000000000000, -2.022988505747125743 ) ) ;
#3946 = AXIS2_PLACEMENT_3D ( 'NONE', #3359, #7139, #7065 ) ;
#3947 = ADVANCED_FACE ( 'NONE', ( #3391 ), #4803, .F. ) ;
#3948 = CARTESIAN_POINT ( 'NONE',  ( -2.666018299817175308, 44.81422140330005277, 8.856486622203695092 ) ) ;
#3949 = ADVANCED_FACE ( 'NONE', ( #970 ), #3673, .T. ) ;
#3950 = ORIENTED_EDGE ( 'NONE', *, *, #1492, .T. ) ;
#3951 = EDGE_LOOP ( 'NONE', ( #7243, #1886, #116, #731, #478 ) ) ;
#3952 = AXIS2_PLACEMENT_3D ( 'NONE', #3502, #7200, #6482 ) ;
#3953 = CARTESIAN_POINT ( 'NONE',  ( 3.333725648282742426, 58.71174231375388786, 8.774182201321204744 ) ) ;
#3954 = ORIENTED_EDGE ( 'NONE', *, *, #7203, .T. ) ;
#3955 = CARTESIAN_POINT ( 'NONE',  ( 9.738556579028212923, 43.88200801012162344, -2.059602168391807542 ) ) ;
#3956 = CARTESIAN_POINT ( 'NONE',  ( -6.506882055025760003, 44.06757117394381851, 8.270250318162810643 ) ) ;
#3957 = DIRECTION ( 'NONE',  ( 0.4999999999999996114, 0.000000000000000000, 0.8660254037844388186 ) ) ;
#3958 = CARTESIAN_POINT ( 'NONE',  ( 4.642493163787743349, 60.00000000000000000, -6.350060714638861015 ) ) ;
#3959 = B_SPLINE_CURVE_WITH_KNOTS ( 'NONE', 3,
 ( #7210, #5960, #968, #2902, #2220, #5400, #5275, #4676, #2341, #5884, #7730, #6532, #2261, #3552 ),
 .UNSPECIFIED., .F., .F.,
 ( 4, 2, 2, 2, 2, 2, 4 ),
 ( 0.000000000000000000, 0.0002930787578485645039, 0.0005861575156971290078, 0.0008792362735456934033, 0.001172315031394258449, 0.001758472547091388541, 0.002344630062788518633 ),
 .UNSPECIFIED. ) ;
#3960 = ADVANCED_FACE ( 'NONE', ( #492 ), #5106, .T. ) ;
#3961 = CARTESIAN_POINT ( 'NONE',  ( -3.112559727078469063, 43.50000000000000000, -9.503261121602900374 ) ) ;
#3962 = DIRECTION ( 'NONE',  ( 0.000000000000000000, 0.000000000000000000, -1.000000000000000000 ) ) ;
#3963 = CARTESIAN_POINT ( 'NONE',  ( 8.850190765294902562, 59.95229064533532437, 0.8166514517364341641 ) ) ;
#3964 = ORIENTED_EDGE ( 'NONE', *, *, #6802, .F. ) ;
#3965 = EDGE_CURVE ( 'NONE', #7166, #550, #3916, .T. ) ;
#3966 = ORIENTED_EDGE ( 'NONE', *, *, #1008, .F. ) ;
#3967 = CARTESIAN_POINT ( 'NONE',  ( 7.739994670571447521, 58.60212650681980762, -2.022988507017675186 ) ) ;
#3968 = CARTESIAN_POINT ( 'NONE',  ( -2.664178160151991825, 44.80466514540930945, -8.854529143988093765 ) ) ;
#3969 = CARTESIAN_POINT ( 'NONE',  ( 7.973788868585377720, 45.25654466397778464, -1.604458732745767335 ) ) ;
#3970 = LINE ( 'NONE', #3928, #1990 ) ;
#3971 = CARTESIAN_POINT ( 'NONE',  ( -9.786345413644342628, 43.50000000000000000, -2.056074766355139083 ) ) ;
#3972 = CARTESIAN_POINT ( 'NONE',  ( -9.849427404671091679, 43.91194685461410074, 1.499999999999810818 ) ) ;
#3973 = CARTESIAN_POINT ( 'NONE',  ( -3.333725648282747756, 58.71174231375390207, -8.774182201321202967 ) ) ;
#3974 = ORIENTED_EDGE ( 'NONE', *, *, #7146, .T. ) ;
#3975 = VECTOR ( 'NONE', #7167, 1000.000000000000000 ) ;
#3976 = AXIS2_PLACEMENT_3D ( 'NONE', #688, #1286, #100 ) ;
#3977 = CARTESIAN_POINT ( 'NONE',  ( 2.608792545078841840, 58.93661152880184773, 7.518561234483053468 ) ) ;
#3978 = CARTESIAN_POINT ( 'NONE',  ( 0.000000000000000000, 35.00000000000000000, 0.000000000000000000 ) ) ;
#3979 = CARTESIAN_POINT ( 'NONE',  ( -4.940502048187750184, 59.99999999999998579, 4.662338471914996063 ) ) ;
#3980 = CARTESIAN_POINT ( 'NONE',  ( 5.111916151893480809, 59.33639209907573786, -5.854098499111464626 ) ) ;
#3981 = LINE ( 'NONE', #245, #3335 ) ;
#3982 = DIRECTION ( 'NONE',  ( 1.000000000000000000, 0.000000000000000000, -2.137682487307248399E-16 ) ) ;
#3983 = AXIS2_PLACEMENT_3D ( 'NONE', #164, #6226, #6188 ) ;
#3984 = EDGE_CURVE ( 'NONE', #5434, #6245, #1552, .T. ) ;
#3985 = CARTESIAN_POINT ( 'NONE',  ( 0.000000000000000000, 0.6999999999999999556, 0.000000000000000000 ) ) ;
#3986 = CARTESIAN_POINT ( 'NONE',  ( 5.857136993009396164, 44.69141332848794690, 8.105423835334239158 ) ) ;
#3987 = CARTESIAN_POINT ( 'NONE',  ( 8.863800777060610869, 59.19488232838092046, -1.500000000000000000 ) ) ;
#3988 =( NAMED_UNIT ( * ) PLANE_ANGLE_UNIT ( ) SI_UNIT ( $, .RADIAN. ) );
#3989 = CARTESIAN_POINT ( 'NONE',  ( -9.962932804070092629, 58.69786187492304919, 0.8602150554274275995 ) ) ;
#3990 = CARTESIAN_POINT ( 'NONE',  ( 5.226690942054814215, 59.58610933779547736, 5.731768214006535800 ) ) ;
#3991 = CARTESIAN_POINT ( 'NONE',  ( -3.107730258851957750, 43.68618054591036071, 9.496149726262061108 ) ) ;
#3992 = ORIENTED_EDGE ( 'NONE', *, *, #3505, .F. ) ;
#3993 = ORIENTED_EDGE ( 'NONE', *, *, #270, .T. ) ;
#3994 = CARTESIAN_POINT ( 'NONE',  ( 8.993141055909987358, 45.57017187878921050, 1.499999999999999556 ) ) ;
#3995 = ORIENTED_EDGE ( 'NONE', *, *, #6460, .F. ) ;
#3996 = CARTESIAN_POINT ( 'NONE',  ( -6.656919568095712947, 43.88698034563174843, 7.412400660325159762 ) ) ;
#3997 = CARTESIAN_POINT ( 'NONE',  ( -1.227922629117552678, 60.00000000000000711, -6.462017158818873064 ) ) ;
#3998 = ADVANCED_FACE ( 'NONE', ( #4387 ), #4950, .F. ) ;
#3999 = CARTESIAN_POINT ( 'NONE',  ( -6.210232333786401604, 59.99999999999998579, -2.167596388710587352 ) ) ;
#4000 = EDGE_CURVE ( 'NONE', #4830, #3093, #4419, .T. ) ;
#4001 = CARTESIAN_POINT ( 'NONE',  ( -2.757981285800985116, 44.71503005394550456, -8.987982345786615923 ) ) ;
#4002 = CARTESIAN_POINT ( 'NONE',  ( 8.069405844647429049, 59.35849898938836589, -1.500000000000000444 ) ) ;
#4003 = CARTESIAN_POINT ( 'NONE',  ( 9.213117323876897302, 59.80239937500297032, 0.8314989845974768423 ) ) ;
#4004 = ORIENTED_EDGE ( 'NONE', *, *, #2324, .T. ) ;
#4005 = VERTEX_POINT ( 'NONE', #607 ) ;
#4006 = CARTESIAN_POINT ( 'NONE',  ( 7.815661301509959635, 58.93661152880361698, -1.500000000000079492 ) ) ;
#4008 = DIRECTION ( 'NONE',  ( 0.000000000000000000, 1.000000000000000000, 0.000000000000000000 ) ) ;
#4007 = B_SPLINE_CURVE_WITH_KNOTS ( 'NONE', 3,
 ( #1772, #4386, #7400, #4227 ),
 .UNSPECIFIED., .F., .F.,
 ( 4, 4 ),
 ( 0.000000000000000000, 0.0001849247682052310019 ),
 .UNSPECIFIED. ) ;
#4009 = CARTESIAN_POINT ( 'NONE',  ( -9.950654729415946420, 44.77290120159838693, 0.9927324095945191385 ) ) ;
#4010 = CARTESIAN_POINT ( 'NONE',  ( -8.037955408959129855, 60.00000000000000000, 0.8000000000000012657 ) ) ;
#4011 = DIRECTION ( 'NONE',  ( -1.000000000000000000, 0.000000000000000000, -2.137682487307248399E-16 ) ) ;
#4012 = EDGE_CURVE ( 'NONE', #2890, #3036, #3464, .T. ) ;
#4013 = FACE_OUTER_BOUND ( 'NONE', #1149, .T. ) ;
#4014 = CARTESIAN_POINT ( 'NONE',  ( 6.116371473349212273, 60.00000000000000000, 2.199999999999999289 ) ) ;
#4015 = VERTEX_POINT ( 'NONE', #4835 ) ;
#4016 = CARTESIAN_POINT ( 'NONE',  ( 2.614938382871346612, 59.98331490994839044, 7.529206137795169340 ) ) ;
#4017 = CARTESIAN_POINT ( 'NONE',  ( -7.739994670903529439, 58.60379722026193861, -2.022988505747125743 ) ) ;
#4018 = CARTESIAN_POINT ( 'NONE',  ( 3.197168434707760909, 59.10333606103244364, 8.537658169269301212 ) ) ;
#4019 = CARTESIAN_POINT ( 'NONE',  ( 5.617289301262312406, 58.70244047755056016, -5.681642360761862243 ) ) ;
#4020 = CARTESIAN_POINT ( 'NONE',  ( 1.635217420454702308, 59.82844729212750678, 7.034688384196969402 ) ) ;
#4021 = CARTESIAN_POINT ( 'NONE',  ( -3.206523730960868285E-16, 59.29999999999999716, -1.499999999999998002 ) ) ;
#4022 = CARTESIAN_POINT ( 'NONE',  ( 8.210359310042402825, 45.00000000000000711, 2.199999999999999734 ) ) ;
#4023 = ORIENTED_EDGE ( 'NONE', *, *, #6961, .F. ) ;
#4024 = LINE ( 'NONE', #4668, #3049 ) ;
#4025 = CARTESIAN_POINT ( 'NONE',  ( 9.922928439548542201, 58.89571938483669555, -0.8587567993381407527 ) ) ;
#4026 = CARTESIAN_POINT ( 'NONE',  ( 2.779060175756861817, 45.49311510543482484, -7.876015175025674608 ) ) ;
#4027 = CARTESIAN_POINT ( 'NONE',  ( -8.951050627970747797, 59.13703967621359681, 1.500000000000001332 ) ) ;
#4028 = CARTESIAN_POINT ( 'NONE',  ( 4.940502048187479289, 60.00000000000000000, 4.662338471914726945 ) ) ;
#4029 = EDGE_CURVE ( 'NONE', #4015, #6372, #5457, .T. ) ;
#4030 = CARTESIAN_POINT ( 'NONE',  ( 9.801955860992341840, 43.73111428290435043, -1.981773368220754783 ) ) ;
#4031 = EDGE_LOOP ( 'NONE', ( #6318, #7562, #4993, #3226, #5426 ) ) ;
#4032 = ORIENTED_EDGE ( 'NONE', *, *, #7492, .T. ) ;
#4033 = CARTESIAN_POINT ( 'NONE',  ( 5.507660207980445755, 45.69089023002221239, -6.539547311047515521 ) ) ;
#4034 = ORIENTED_EDGE ( 'NONE', *, *, #2254, .T. ) ;
#4035 = CARTESIAN_POINT ( 'NONE',  ( 9.786345413644404800, 43.49999999999995737, 2.056074766355130201 ) ) ;
#4036 = CARTESIAN_POINT ( 'NONE',  ( -5.909116533525011761, 44.76386405928007406, 7.234890063909901414 ) ) ;
#4037 = CARTESIAN_POINT ( 'NONE',  ( 5.627501802860853886, 59.99145286394716692, 6.747119042240608877 ) ) ;
#4038 = CARTESIAN_POINT ( 'NONE',  ( 6.252884496049079033, 45.44761534702016093, -7.830313641016736881 ) ) ;
#4039 = CARTESIAN_POINT ( 'NONE',  ( 3.996301662196958482, 44.50460396087071757, -9.166876385637047875 ) ) ;
#4040 = CARTESIAN_POINT ( 'NONE',  ( 3.164678182006519513, 43.66696327352004658, -9.486191002012287043 ) ) ;
#4041 = DIRECTION ( 'NONE',  ( 0.000000000000000000, 0.000000000000000000, -1.000000000000000000 ) ) ;
#4042 = ORIENTED_EDGE ( 'NONE', *, *, #4929, .F. ) ;
#4043 = VERTEX_POINT ( 'NONE', #4228 ) ;
#4044 = DIRECTION ( 'NONE',  ( 0.000000000000000000, 0.000000000000000000, 1.000000000000000000 ) ) ;
#4045 = CARTESIAN_POINT ( 'NONE',  ( -8.955321894044956821, 59.14017680860020221, 1.500000000000001110 ) ) ;
#4046 = VECTOR ( 'NONE', #6305, 1000.000000000000000 ) ;
#4047 = CARTESIAN_POINT ( 'NONE',  ( 2.444483014471585669, 60.00000000000000000, 7.225338309814076432 ) ) ;
#4048 = CARTESIAN_POINT ( 'NONE',  ( 6.421281751539970273, 44.47407819879622792, 8.121986243382092852 ) ) ;
#4049 = CARTESIAN_POINT ( 'NONE',  ( -6.848685871647065326, 45.00000000000000000, -7.462271894771852487 ) ) ;
#4050 = B_SPLINE_CURVE_WITH_KNOTS ( 'NONE', 3,
 ( #1116, #3042, #516, #4740, #1039, #2964, #6027, #2361, #5422, #1755, #2887, #3001, #7871, #4819 ),
 .UNSPECIFIED., .F., .F.,
 ( 4, 2, 2, 2, 2, 2, 4 ),
 ( 0.000000000000000000, 0.0005894577659039406834, 0.0008841866488559104289, 0.001178915531807880283, 0.001768373297711838205, 0.002063102180663817058, 0.002357831063615796127 ),
 .UNSPECIFIED. ) ;
#4051 = CARTESIAN_POINT ( 'NONE',  ( -9.777772030509570556, 43.68618054591036781, 2.056701510855613702 ) ) ;
#4052 = CARTESIAN_POINT ( 'NONE',  ( 3.538314276580448503, 59.29999999999999716, -7.728540100183668216 ) ) ;
#4053 = CIRCLE ( 'NONE', #2371, 0.7000000000000000666 ) ;
#4054 = VERTEX_POINT ( 'NONE', #6809 ) ;
#4055 = CIRCLE ( 'NONE', #7132, 0.6999999999999999556 ) ;
#4056 = CARTESIAN_POINT ( 'NONE',  ( 1.895452826271330826, 60.70241864486393979, 6.283020598451967587 ) ) ;
#4057 = CYLINDRICAL_SURFACE ( 'NONE', #3664, 17.50000000000000355 ) ;
#4058 = CARTESIAN_POINT ( 'NONE',  ( 3.414507107233122341, 59.60209052066604585, 8.914099792532562461 ) ) ;
#4059 = CARTESIAN_POINT ( 'NONE',  ( 5.507660205155732847, 58.64978554326533100, -6.539547306154972262 ) ) ;
#4060 = DIRECTION ( 'NONE',  ( 0.000000000000000000, 1.000000000000000000, 0.000000000000000000 ) ) ;
#4061 = CARTESIAN_POINT ( 'NONE',  ( -5.507660207980453748, 64.86389322930409662, -6.539547311047508416 ) ) ;
#4062 = EDGE_CURVE ( 'NONE', #7799, #3508, #5842, .T. ) ;
#4063 = CARTESIAN_POINT ( 'NONE',  ( -4.115586294076726048, 44.77287452499037812, -9.113890322004463584 ) ) ;
#4064 = VERTEX_POINT ( 'NONE', #3135 ) ;
#4065 = EDGE_CURVE ( 'NONE', #5735, #7567, #1989, .T. ) ;
#4066 = B_SPLINE_CURVE_WITH_KNOTS ( 'NONE', 3,
 ( #6508, #982, #3445, #6387, #5896, #7741 ),
 .UNSPECIFIED., .F., .F.,
 ( 4, 2, 4 ),
 ( 0.0005598445178872209433, 0.001005070603848019382, 0.001450296689808817929 ),
 .UNSPECIFIED. ) ;
#4067 = CARTESIAN_POINT ( 'NONE',  ( 8.853914522186681069, 59.96124756587114035, -0.8168660098326960828 ) ) ;
#4068 = CARTESIAN_POINT ( 'NONE',  ( -9.907692749336074911, 58.69053078926082634, 1.500000000000001332 ) ) ;
#4069 = CARTESIAN_POINT ( 'NONE',  ( -3.100412727700408322, 45.64411999716082136, 8.370072368810326680 ) ) ;
#4070 = EDGE_LOOP ( 'NONE', ( #349, #3620, #23, #1174 ) ) ;
#4071 = ORIENTED_EDGE ( 'NONE', *, *, #3619, .T. ) ;
#4072 = DIRECTION ( 'NONE',  ( 0.000000000000000000, 0.000000000000000000, 1.000000000000000000 ) ) ;
#4073 = ORIENTED_EDGE ( 'NONE', *, *, #3011, .F. ) ;
#4074 = CARTESIAN_POINT ( 'NONE',  ( 3.796260691768599482, 44.17624473793536310, 9.252066902157693562 ) ) ;
#4075 = CARTESIAN_POINT ( 'NONE',  ( -2.830869605343085293, 60.00000000000000000, -6.918566179379070036 ) ) ;
#4076 = CIRCLE ( 'NONE', #5357, 0.6999999999999992895 ) ;
#4077 = CARTESIAN_POINT ( 'NONE',  ( 5.094020567058231919, 59.99999999999998579, -5.902222585989943759 ) ) ;
#4078 = CARTESIAN_POINT ( 'NONE',  ( 3.538314276580448947, 60.00000000000000000, -7.728540100183667327 ) ) ;
#4079 = CARTESIAN_POINT ( 'NONE',  ( 7.654016395576244136, 58.99743028505017151, 2.030232672128806204 ) ) ;
#4080 = ORIENTED_EDGE ( 'NONE', *, *, #7106, .F. ) ;
#4081 = CIRCLE ( 'NONE', #2792, 0.7000000000000000666 ) ;
#4082 = EDGE_LOOP ( 'NONE', ( #5883, #4234, #6186, #7 ) ) ;
#4083 = CARTESIAN_POINT ( 'NONE',  ( -8.561278717236277203, 60.00000000000000711, 0.8043473209583565930 ) ) ;
#4084 = CARTESIAN_POINT ( 'NONE',  ( -2.177883035213032947, 59.90411421627852917, 6.772204069931178516 ) ) ;
#4085 = CARTESIAN_POINT ( 'NONE',  ( -5.726434491383820991, 45.24690378469705365, -8.198045377764733743 ) ) ;
#4086 = CARTESIAN_POINT ( 'NONE',  ( 5.326657905820820105, 59.80239937500295611, -7.563044158225161517 ) ) ;
#4087 = CARTESIAN_POINT ( 'NONE',  ( 9.569073749391513672, 44.27033229744418463, 2.072445463559253742 ) ) ;
#4088 = CARTESIAN_POINT ( 'NONE',  ( 3.282801900774565240, 58.90364570241902697, -8.685979683325244949 ) ) ;
#4089 = CARTESIAN_POINT ( 'NONE',  ( -9.962932802280764832, 45.25138510346865672, 0.8602150761512841193 ) ) ;
#4090 = EDGE_LOOP ( 'NONE', ( #7884, #7314, #5252 ) ) ;
#4091 = CARTESIAN_POINT ( 'NONE',  ( 8.261481222607418573, 60.00000000000000000, -0.7999999999999998224 ) ) ;
#4092 = LINE ( 'NONE', #2723, #5975 ) ;
#4093 = CARTESIAN_POINT ( 'NONE',  ( 3.654808268991220022, 58.69053078926054923, 9.330313613815913953 ) ) ;
#4094 = CARTESIAN_POINT ( 'NONE',  ( 5.499837474607094379, 58.79691270050302876, -6.525997939390810743 ) ) ;
#4095 = ADVANCED_FACE ( 'NONE', ( #6691 ), #1170, .T. ) ;
#4096 = CARTESIAN_POINT ( 'NONE',  ( 6.637109648735711076, 43.99659213480289566, 7.371202100340561891 ) ) ;
#4097 = CIRCLE ( 'NONE', #3199, 8.000000000000000000 ) ;
#4098 = EDGE_CURVE ( 'NONE', #1741, #3458, #7254, .T. ) ;
#4099 = CARTESIAN_POINT ( 'NONE',  ( 3.939943430931843515, 45.44761534702016093, -8.424182201321208652 ) ) ;
#4100 = EDGE_LOOP ( 'NONE', ( #2165, #1281, #3045, #7657 ) ) ;
#4101 = CARTESIAN_POINT ( 'NONE',  ( -4.079126212506434257, 44.68049511873795154, -9.130321970204121840 ) ) ;
#4102 = ORIENTED_EDGE ( 'NONE', *, *, #3267, .T. ) ;
#4103 = CARTESIAN_POINT ( 'NONE',  ( 6.360703638107663593, 44.20607608376376163, 7.719150525542263885 ) ) ;
#4104 = CARTESIAN_POINT ( 'NONE',  ( 9.623992758693914240, 59.39586769377023501, -1.500000000000000222 ) ) ;
#4105 = CARTESIAN_POINT ( 'NONE',  ( -3.331334187731302077, 43.85566074628039246, -9.429526531882210350 ) ) ;
#4106 = CARTESIAN_POINT ( 'NONE',  ( -9.265527489881904444, 58.60552633313427862, 1.500000000000001332 ) ) ;
#4107 = TOROIDAL_SURFACE ( 'NONE', #4225, 16.80000000000000426, 0.6999999999999999556 ) ;
#4108 = EDGE_CURVE ( 'NONE', #373, #4469, #6154, .T. ) ;
#4109 = CARTESIAN_POINT ( 'NONE',  ( 9.910760213453880141, 45.32625813511224777, -1.464473230650704227 ) ) ;
#4110 = AXIS2_PLACEMENT_3D ( 'NONE', #1136, #7894, #1622 ) ;
#4111 = ORIENTED_EDGE ( 'NONE', *, *, #6239, .T. ) ;
#4112 = VERTEX_POINT ( 'NONE', #292 ) ;
#4113 = ORIENTED_EDGE ( 'NONE', *, *, #3636, .F. ) ;
#4114 = CARTESIAN_POINT ( 'NONE',  ( -9.962932804213766147, 58.50000000000000000, 0.8602150537634420946 ) ) ;
#4115 = CARTESIAN_POINT ( 'NONE',  ( 5.326185146643818591, 59.80290436043452473, 7.562296127773135090 ) ) ;
#4116 = CARTESIAN_POINT ( 'NONE',  ( 3.846389827712747955, 59.84838327266260194, -8.318215756667203920 ) ) ;
#4117 = CARTESIAN_POINT ( 'NONE',  ( 5.529459825553901808, 59.28409436251600084, 5.494056526877306723 ) ) ;
#4118 = CARTESIAN_POINT ( 'NONE',  ( -1.940521016280113864, 45.00000000000000000, 7.761080993352356572 ) ) ;
#4119 = VERTEX_POINT ( 'NONE', #2617 ) ;
#4120 = ORIENTED_EDGE ( 'NONE', *, *, #269, .F. ) ;
#4121 =( BOUNDED_SURFACE ( )  B_SPLINE_SURFACE ( 3, 2, ( 
 ( #6074, #4219, #14 ),
 ( #6155, #6037, #3050 ),
 ( #6684, #4340, #1198 ),
 ( #526, #1764, #7323 ),
 ( #4906, #2409, #5509 ),
 ( #6799, #563, #2453 ),
 ( #3739, #1724, #2487 ),
 ( #4869, #6764, #5587 ),
 ( #1163, #89, #640 ),
 ( #1804, #7394, #6114 ),
 ( #679, #7355, #2528 ),
 ( #3090, #4179, #1845 ),
 ( #4300, #1127, #5551 ),
 ( #48, #4417, #3214 ) ),
 .UNSPECIFIED., .F., .F., .F. ) 
 B_SPLINE_SURFACE_WITH_KNOTS ( ( 4, 2, 2, 2, 2, 2, 4 ),
 ( 3, 3 ),
 ( 0.007251311775856277529, 0.007694002128597643084, 0.008136692481339007771, 0.008579382834080374193, 0.009022073186821738880, 0.009907453892304469989, 0.01079283459778720110 ),
 ( 0.000000000000000000, 1.000000000000000000 ),
 .UNSPECIFIED. ) 
 GEOMETRIC_REPRESENTATION_ITEM ( )  RATIONAL_B_SPLINE_SURFACE ( (
 ( 1.000000000000000000, 0.7914775938769171848, 1.000000000000000000),
 ( 1.000000000000000000, 0.7914751215769293413, 1.000000000000000000),
 ( 1.000000000000000000, 0.7910692898050146749, 1.000000000000000000),
 ( 1.000000000000000000, 0.7894438079031562694, 1.000000000000000000),
 ( 1.000000000000000000, 0.7882037160860729808, 1.000000000000000000),
 ( 1.000000000000000000, 0.7849047533172327507, 1.000000000000000000),
 ( 1.000000000000000000, 0.7828546967483623886, 1.000000000000000000),
 ( 1.000000000000000000, 0.7778217196376243647, 1.000000000000000000),
 ( 1.000000000000000000, 0.7748435908278922257, 1.000000000000000000),
 ( 1.000000000000000000, 0.7646248375017270504, 1.000000000000000000),
 ( 1.000000000000000000, 0.7558737235606731719, 1.000000000000000000),
 ( 1.000000000000000000, 0.7342902559672739304, 1.000000000000000000),
 ( 1.000000000000000000, 0.7211950083353654284, 1.000000000000000000),
 ( 1.000000000000000000, 0.7060162090476742591, 1.000000000000000000) ) ) 
 REPRESENTATION_ITEM ( '' )  SURFACE ( )  );
#4122 = CARTESIAN_POINT ( 'NONE',  ( 0.000000000000000000, 0.8000000000000000444, -5.000000000000000000 ) ) ;
#4123 = DIRECTION ( 'NONE',  ( 0.000000000000000000, 1.000000000000000000, 0.000000000000000000 ) ) ;
#4124 = CARTESIAN_POINT ( 'NONE',  ( -6.116371473349211385, 60.00000000000000000, -2.200000000000000178 ) ) ;
#4125 = CARTESIAN_POINT ( 'NONE',  ( 5.726434491383812109, 58.50000000000000000, -8.198045377764740849 ) ) ;
#4126 = CARTESIAN_POINT ( 'NONE',  ( -4.095314523829892472, 59.42314520554079138, 8.791285481552222336 ) ) ;
#4127 = ADVANCED_FACE ( 'NONE', ( #5633 ), #6968, .T. ) ;
#4128 = CARTESIAN_POINT ( 'NONE',  ( 4.236498312829938939, 58.50000000000000711, -9.058260431528180945 ) ) ;
#4129 = LINE ( 'NONE', #3567, #4963 ) ;
#4130 = ORIENTED_EDGE ( 'NONE', *, *, #5430, .F. ) ;
#4131 = CARTESIAN_POINT ( 'NONE',  ( -8.210359310042404601, 45.00000000000000000, -2.199999999999999734 ) ) ;
#4132 = CARTESIAN_POINT ( 'NONE',  ( 6.228720141060511750, 43.91850100297574500, -7.788459750445402285 ) ) ;
#4133 = FACE_OUTER_BOUND ( 'NONE', #2093, .T. ) ;
#4134 = AXIS2_PLACEMENT_3D ( 'NONE', #7753, #2244, #1561 ) ;
#4135 = CARTESIAN_POINT ( 'NONE',  ( 8.462269199216011728, 59.29999999999999716, 1.500000000000000000 ) ) ;
#4136 = CARTESIAN_POINT ( 'NONE',  ( -5.795608633631649020, 45.57017187878921050, 7.038288614234861740 ) ) ;
#4137 = CARTESIAN_POINT ( 'NONE',  ( 6.252884496049078145, 58.50000000000000711, -7.830313641016739545 ) ) ;
#4138 = CARTESIAN_POINT ( 'NONE',  ( -3.176487208308718557, 59.13703967621340496, -8.501837234383316400 ) ) ;
#4139 = VERTEX_POINT ( 'NONE', #7601 ) ;
#4140 = FACE_OUTER_BOUND ( 'NONE', #4082, .T. ) ;
#4141 = CARTESIAN_POINT ( 'NONE',  ( -9.209281583769813651, 45.48070216549736955, -1.499999999999999112 ) ) ;
#4142 = CARTESIAN_POINT ( 'NONE',  ( -9.126129060805507009, 59.84879564947467401, 0.8280020747069471998 ) ) ;
#4143 = B_SPLINE_CURVE_WITH_KNOTS ( 'NONE', 3,
 ( #4124, #1627, #5935, #427, #1064, #3602, #5327, #1706 ),
 .UNSPECIFIED., .F., .F.,
 ( 4, 2, 2, 4 ),
 ( -7.483314828516216602E-06, 0.001314877765573397531, 0.001976058305774355209, 0.002637238845975313321 ),
 .UNSPECIFIED. ) ;
#4144 = CARTESIAN_POINT ( 'NONE',  ( 9.938735395066212064, 44.51410979594338357, -1.110721928302879968 ) ) ;
#4145 = ORIENTED_EDGE ( 'NONE', *, *, #7854, .F. ) ;
#4146 = ORIENTED_EDGE ( 'NONE', *, *, #3062, .T. ) ;
#4147 = VERTEX_POINT ( 'NONE', #214 ) ;
#4148 = DIRECTION ( 'NONE',  ( 0.000000000000000000, 1.000000000000000000, 0.000000000000000000 ) ) ;
#4149 = CARTESIAN_POINT ( 'NONE',  ( -2.831702505627055722, 60.00000000000000000, -7.904652611666147521 ) ) ;
#4150 = CARTESIAN_POINT ( 'NONE',  ( 3.333725648282736653, 58.50000000000000000, -8.774182201321208296 ) ) ;
#4151 = CARTESIAN_POINT ( 'NONE',  ( 5.598365104305769613, 58.90544815734008921, 5.641396559474839201 ) ) ;
#4152 = DIRECTION ( 'NONE',  ( -0.000000000000000000, -1.000000000000000000, -0.000000000000000000 ) ) ;
#4153 = ORIENTED_EDGE ( 'NONE', *, *, #1586, .F. ) ;
#4154 = ORIENTED_EDGE ( 'NONE', *, *, #3569, .T. ) ;
#4155 = CARTESIAN_POINT ( 'NONE',  ( -9.962932804213766147, 58.50000000000000000, 0.8602150537634420946 ) ) ;
#4156 = CARTESIAN_POINT ( 'NONE',  ( -2.901761263253730849, 58.79691270050469853, 8.025997939390716596 ) ) ;
#4157 = FACE_OUTER_BOUND ( 'NONE', #3510, .T. ) ;
#4158 = CARTESIAN_POINT ( 'NONE',  ( -5.429778716980369069, 60.00000000000000000, -6.404652611666145745 ) ) ;
#4159 = CARTESIAN_POINT ( 'NONE',  ( -3.354459450132735387, 44.79916475255305386, 9.045130936111407394 ) ) ;
#4160 = CARTESIAN_POINT ( 'NONE',  ( 3.719530545090047990, 59.96124756587126114, -8.076147904065727801 ) ) ;
#4161 = DIRECTION ( 'NONE',  ( -0.000000000000000000, 1.000000000000000000, -0.000000000000000000 ) ) ;
#4162 = ORIENTED_EDGE ( 'NONE', *, *, #5101, .T. ) ;
#4163 = ADVANCED_FACE ( 'NONE', ( #6926 ), #3221, .T. ) ;
#4164 = CARTESIAN_POINT ( 'NONE',  ( -6.528602774978485179, 44.43377321503501776, 7.144460668362404121 ) ) ;
#4165 = CARTESIAN_POINT ( 'NONE',  ( 6.421685777050981869, 44.47237520701976621, -8.122686036094744821 ) ) ;
#4166 = CARTESIAN_POINT ( 'NONE',  ( 8.462269199216013504, 60.00000000000000000, -0.8000000000000000444 ) ) ;
#4167 = VECTOR ( 'NONE', #148, 1000.000000000000000 ) ;
#4168 = CARTESIAN_POINT ( 'NONE',  ( 6.528602774978481627, 44.43377321503502486, -7.144460668362405897 ) ) ;
#4169 = B_SPLINE_CURVE_WITH_KNOTS ( 'NONE', 3,
 ( #5213, #5174, #2119, #6514, #7670, #7074, #948, #4576, #7714, #1519, #7032, #5256 ),
 .UNSPECIFIED., .F., .F.,
 ( 4, 2, 2, 2, 2, 4 ),
 ( 0.000000000000000000, 0.0005957801389501147247, 0.001191560277900229449, 0.001787340416850344066, 0.002085230486325399205, 0.002383120555800454562 ),
 .UNSPECIFIED. ) ;
#4170 = DIRECTION ( 'NONE',  ( 0.000000000000000000, 0.000000000000000000, -1.000000000000000000 ) ) ;
#4171 = CIRCLE ( 'NONE', #5072, 0.7000000000000000666 ) ;
#4172 = VERTEX_POINT ( 'NONE', #6885 ) ;
#4173 = ORIENTED_EDGE ( 'NONE', *, *, #4861, .F. ) ;
#4174 = CARTESIAN_POINT ( 'NONE',  ( -2.984531596354718985, 59.29999997292472358, 8.169360361681029303 ) ) ;
#4175 = CARTESIAN_POINT ( 'NONE',  ( 3.437920288276151037, 60.00000000000000000, -7.554652611666149653 ) ) ;
#4176 = CARTESIAN_POINT ( 'NONE',  ( -1.152929848348839048, 60.00000000000000000, 6.396933074902875660 ) ) ;
#4177 = CIRCLE ( 'NONE', #3799, 0.6999999999999992895 ) ;
#4178 = DIRECTION ( 'NONE',  ( 0.000000000000000000, 1.000000000000000000, -0.000000000000000000 ) ) ;
#4179 = CARTESIAN_POINT ( 'NONE',  ( 4.565542363464660802, 60.01848078357102168, 4.907751337628763366 ) ) ;
#4180 = CARTESIAN_POINT ( 'NONE',  ( 1.905255888325767311, 45.69999999999999574, 1.099999999999998757 ) ) ;
#4181 = VERTEX_POINT ( 'NONE', #2732 ) ;
#4182 = ORIENTED_EDGE ( 'NONE', *, *, #5263, .F. ) ;
#4183 = AXIS2_PLACEMENT_3D ( 'NONE', #4253, #3617, #4170 ) ;
#4184 = CARTESIAN_POINT ( 'NONE',  ( 2.356834178420647241, 45.08537027135143660, -7.648964288809144918 ) ) ;
#4185 = EDGE_LOOP ( 'NONE', ( #2523, #5922, #767, #1289, #3843, #4648, #2960, #613, #2659, #4146, #5135, #7325, #7477, #4593, #7858, #5835, #5315, #3225, #4196, #1731, #3266, #2310, #5691, #4476, #7214, #3783, #4647, #2455, #5364, #3344, #1450, #2861, #5759, #6420, #2066, #1184, #4695 ) ) ;
#4186 = CARTESIAN_POINT ( 'NONE',  ( 9.910760213454372192, 45.32625813511227619, 1.464473230650259472 ) ) ;
#4187 = CARTESIAN_POINT ( 'NONE',  ( 1.405228813991305614, 59.96664438078829562, -6.724543689826944615 ) ) ;
#4188 = ADVANCED_FACE ( 'NONE', ( #5183 ), #2578, .T. ) ;
#4189 = EDGE_CURVE ( 'NONE', #5641, #5773, #4818, .T. ) ;
#4190 = CIRCLE ( 'NONE', #5607, 0.7000000000000000666 ) ;
#4191 = CARTESIAN_POINT ( 'NONE',  ( 2.111599702598581541, 58.70560882366327604, -7.705244628815923313 ) ) ;
#4192 = CARTESIAN_POINT ( 'NONE',  ( 8.173878615389499558, 59.50074565370237423, 1.499999999999999556 ) ) ;
#4193 = PLANE ( 'NONE',  #862 ) ;
#4194 = EDGE_CURVE ( 'NONE', #5918, #7799, #6228, .T. ) ;
#4195 = EDGE_LOOP ( 'NONE', ( #1325, #7207, #3316, #1263 ) ) ;
#4196 = ORIENTED_EDGE ( 'NONE', *, *, #7383, .T. ) ;
#4197 = CARTESIAN_POINT ( 'NONE',  ( -9.376140231109786782, 59.69377025920020685, 0.8379633253348289790 ) ) ;
#4198 = CARTESIAN_POINT ( 'NONE',  ( -3.169187217589505057, 44.90951149104665063, -8.489193279563005845 ) ) ;
#4199 = DIRECTION ( 'NONE',  ( 0.4999999999999998890, 0.000000000000000000, -0.8660254037844387076 ) ) ;
#4200 = CARTESIAN_POINT ( 'NONE',  ( -5.226690942054779576, 59.58610933779556973, -5.731768214006386586 ) ) ;
#4201 = CARTESIAN_POINT ( 'NONE',  ( 8.210359310042406378, 45.69999999999999574, 2.199999999999999734 ) ) ;
#4202 = ADVANCED_FACE ( 'NONE', ( #1365 ), #885, .F. ) ;
#4203 = ADVANCED_FACE ( 'NONE', ( #3341 ), #6448, .T. ) ;
#4204 = CARTESIAN_POINT ( 'NONE',  ( 3.333725639264418117, 58.60552633313406545, -8.774182185701022263 ) ) ;
#4205 = CARTESIAN_POINT ( 'NONE',  ( -9.265527507918800865, 45.44761534702016093, 1.500000000000001332 ) ) ;
#4206 = EDGE_LOOP ( 'NONE', ( #682, #7522, #3438, #3384, #2870, #6010, #1808 ) ) ;
#4207 = CARTESIAN_POINT ( 'NONE',  ( 7.723139820043106063, 59.51119082470242461, -1.603839056462386559 ) ) ;
#4208 = CARTESIAN_POINT ( 'NONE',  ( -8.993141055909987358, 45.57017187878921050, -1.499999999999998890 ) ) ;
#4209 = CIRCLE ( 'NONE', #2540, 16.80000000000000426 ) ;
#4210 = DIRECTION ( 'NONE',  ( 0.000000000000000000, 0.000000000000000000, -1.000000000000000000 ) ) ;
#4211 = CARTESIAN_POINT ( 'NONE',  ( -6.113877990629560166, 58.50000000000000000, -6.189547311047507883 ) ) ;
#4212 = CARTESIAN_POINT ( 'NONE',  ( 3.333725648282743315, 45.44761534702016093, 8.774182201321206520 ) ) ;
#4213 = CIRCLE ( 'NONE', #7432, 0.7000000000000000666 ) ;
#4214 = CARTESIAN_POINT ( 'NONE',  ( -3.029425591507580062, 59.99145286394574583, -8.247119042240834474 ) ) ;
#4215 = ORIENTED_EDGE ( 'NONE', *, *, #7877, .F. ) ;
#4216 = CARTESIAN_POINT ( 'NONE',  ( -9.905312565861821739, 43.69996396030909835, -1.499999999999428679 ) ) ;
#4217 = CARTESIAN_POINT ( 'NONE',  ( 7.577202352961043275, 59.58610933779557683, 1.660563026546285403 ) ) ;
#4218 = EDGE_CURVE ( 'NONE', #7407, #4333, #4426, .T. ) ;
#4219 = CARTESIAN_POINT ( 'NONE',  ( 5.237381724346261258, 58.49999999999999289, 6.071411245200422968 ) ) ;
#4220 = CARTESIAN_POINT ( 'NONE',  ( 2.303366213978021548, 58.50000000000000000, -8.389547311047513389 ) ) ;
#4221 = AXIS2_PLACEMENT_3D ( 'NONE', #6370, #1371, #4513 ) ;
#4222 = ORIENTED_EDGE ( 'NONE', *, *, #4065, .T. ) ;
#4223 = VERTEX_POINT ( 'NONE', #1568 ) ;
#4224 = LINE ( 'NONE', #6688, #2242 ) ;
#4225 = AXIS2_PLACEMENT_3D ( 'NONE', #7665, #3324, #2074 ) ;
#4226 = ORIENTED_EDGE ( 'NONE', *, *, #8, .T. ) ;
#4227 = CARTESIAN_POINT ( 'NONE',  ( 7.739994670903529439, 45.02275046629593902, 2.022988505747126631 ) ) ;
#4228 = CARTESIAN_POINT ( 'NONE',  ( 4.963441625000371893, 60.00000000000000000, 4.196933074902871930 ) ) ;
#4229 = CARTESIAN_POINT ( 'NONE',  ( -5.109530373651858248, 59.89492612794735749, -4.972009311621845562 ) ) ;
#4230 = CARTESIAN_POINT ( 'NONE',  ( 9.729536510922104142, 44.16521768530102321, -1.837341388212051285 ) ) ;
#4231 = CARTESIAN_POINT ( 'NONE',  ( -6.617244011921060931, 43.73111428290545888, -7.497856098280732517 ) ) ;
#4232 = AXIS2_PLACEMENT_3D ( 'NONE', #2764, #5217, #364 ) ;
#4233 = VERTEX_POINT ( 'NONE', #4844 ) ;
#4234 = ORIENTED_EDGE ( 'NONE', *, *, #2602, .T. ) ;
#4235 = CARTESIAN_POINT ( 'NONE',  ( -3.654808284695768794, 45.44761534702016093, 9.330313641016735104 ) ) ;
#4236 = CARTESIAN_POINT ( 'NONE',  ( 8.210359310042404601, 45.00000000000000000, -2.199999999999999734 ) ) ;
#4237 = CARTESIAN_POINT ( 'NONE',  ( -2.639305512992943470, 58.50000000000000000, 7.571411245200425633 ) ) ;
#4238 = CARTESIAN_POINT ( 'NONE',  ( 3.112559727078458405, 43.50000000000000000, -9.503261121602903927 ) ) ;
#4239 = DIRECTION ( 'NONE',  ( -0.8660254037844388186, 0.000000000000000000, -0.4999999999999996669 ) ) ;
#4240 = ADVANCED_FACE ( 'NONE', ( #6128 ), #5057, .T. ) ;
#4241 = CARTESIAN_POINT ( 'NONE',  ( 2.831702505627043731, 59.29999999999999716, -7.904652611666148410 ) ) ;
#4242 = B_SPLINE_CURVE_WITH_KNOTS ( 'NONE', 3,
 ( #2269, #1140, #7780, #7821, #7177, #1742, #2229, #6623, #4725, #2872, #7252, #3483 ),
 .UNSPECIFIED., .F., .F.,
 ( 4, 2, 2, 2, 2, 4 ),
 ( 0.000000000000000000, 0.0006170047189677830852, 0.001234009437935566170, 0.001851014156903349256, 0.002159516516387240907, 0.002468018875871132341 ),
 .UNSPECIFIED. ) ;
#4243 = CARTESIAN_POINT ( 'NONE',  ( 4.094999090687499788, 59.42402592094062186, -8.790688023228959480 ) ) ;
#4244 = B_SPLINE_CURVE_WITH_KNOTS ( 'NONE', 3,
 ( #941, #4610, #6506, #6385, #5247, #5695, #2676, #4492 ),
 .UNSPECIFIED., .F., .F.,
 ( 4, 2, 2, 4 ),
 ( 0.000000000000000000, 0.0003130780027722943298, 0.0006261560055445886596, 0.001252312011089173633 ),
 .UNSPECIFIED. ) ;
#4245 = CARTESIAN_POINT ( 'NONE',  ( 5.196045705584157126, 59.68468581218333213, 5.521548319892214174 ) ) ;
#4246 = CARTESIAN_POINT ( 'NONE',  ( 10.17367357028451380, 44.60349555670023847, 1.500000000000000000 ) ) ;
#4247 = EDGE_LOOP ( 'NONE', ( #6347, #7136, #1574, #3277 ) ) ;
#4248 = EDGE_CURVE ( 'NONE', #4636, #2951, #1607, .T. ) ;
#4249 = CARTESIAN_POINT ( 'NONE',  ( 7.577202352961043275, 59.58610933779557683, -1.660563026546285403 ) ) ;
#4250 = CARTESIAN_POINT ( 'NONE',  ( 5.612865233175035939, 45.00520482652238741, -6.721767759895941552 ) ) ;
#4251 = CARTESIAN_POINT ( 'NONE',  ( -6.113877990629560166, 60.00000000000000000, -6.189547311047507883 ) ) ;
#4252 = CARTESIAN_POINT ( 'NONE',  ( 6.330985935825068189, 44.82131460797839395, 6.724207245245286124 ) ) ;
#4253 = CARTESIAN_POINT ( 'NONE',  ( 9.265527507918802641, 45.44761534702016093, -0.8000000000000000444 ) ) ;
#4254 = VERTEX_POINT ( 'NONE', #1939 ) ;
#4255 = ORIENTED_EDGE ( 'NONE', *, *, #5531, .T. ) ;
#4256 = CARTESIAN_POINT ( 'NONE',  ( -8.627654254996629746, 45.00520482652130028, -1.500000000000812239 ) ) ;
#4257 = B_SPLINE_CURVE_WITH_KNOTS ( 'NONE', 3,
 ( #809, #2737, #145, #1451 ),
 .UNSPECIFIED., .F., .F.,
 ( 4, 4 ),
 ( 0.000000000000000000, 0.0001849247682052302159 ),
 .UNSPECIFIED. ) ;
#4258 = CARTESIAN_POINT ( 'NONE',  ( -2.683280521717623213, 59.38694842928714479, 7.693064837727215277 ) ) ;
#4259 = LINE ( 'NONE', #2971, #5712 ) ;
#4260 = DIRECTION ( 'NONE',  ( 0.000000000000000000, -1.000000000000000000, -0.000000000000000000 ) ) ;
#4261 = CARTESIAN_POINT ( 'NONE',  ( -5.111916151892292426, 59.33639209907865819, -5.854098499109626985 ) ) ;
#4262 = ADVANCED_FACE ( 'NONE', ( #2986 ), #5194, .T. ) ;
#4263 = ORIENTED_EDGE ( 'NONE', *, *, #7061, .F. ) ;
#4264 = DIRECTION ( 'NONE',  ( 0.000000000000000000, -1.000000000000000000, 0.000000000000000000 ) ) ;
#4265 = ORIENTED_EDGE ( 'NONE', *, *, #3005, .T. ) ;
#4266 = CARTESIAN_POINT ( 'NONE',  ( 4.923954922635559228, 60.00000000000000000, 6.928540100183663952 ) ) ;
#4267 = EDGE_CURVE ( 'NONE', #2191, #4254, #4053, .T. ) ;
#4268 = DIRECTION ( 'NONE',  ( -0.4999999999999996114, -0.000000000000000000, -0.8660254037844388186 ) ) ;
#4269 = CARTESIAN_POINT ( 'NONE',  ( -5.196045705584156238, 59.68468581218333213, -5.521548319892211509 ) ) ;
#4270 = DIRECTION ( 'NONE',  ( -0.4999999999999997780, 0.000000000000000000, 0.8660254037844387076 ) ) ;
#4271 = LINE ( 'NONE', #611, #6395 ) ;
#4272 = VERTEX_POINT ( 'NONE', #3143 ) ;
#4273 = CARTESIAN_POINT ( 'NONE',  ( 6.174626532419448921, 44.96370456407976235, 6.381901326120338780 ) ) ;
#4274 = CYLINDRICAL_SURFACE ( 'NONE', #7547, 0.7000000000000000666 ) ;
#4275 = CARTESIAN_POINT ( 'NONE',  ( -8.417244204608932634, 45.69089023002054262, 1.500000000000000888 ) ) ;
#4276 = CARTESIAN_POINT ( 'NONE',  ( 2.954706408774244952, 45.70000000753879732, 8.117701621446368421 ) ) ;
#4277 = CARTESIAN_POINT ( 'NONE',  ( -7.973788868585375944, 45.25654466397778464, 1.604458732745768224 ) ) ;
#4278 = TOROIDAL_SURFACE ( 'NONE', #3514, 5.700000000000000178, 0.6999999999999999556 ) ;
#4279 = CARTESIAN_POINT ( 'NONE',  ( -4.236498312829940716, 58.69821682416046826, 9.058260431528175616 ) ) ;
#4280 = CARTESIAN_POINT ( 'NONE',  ( -2.513839940540063544, 59.33639209907570233, -7.354098499111356269 ) ) ;
#4281 = CARTESIAN_POINT ( 'NONE',  ( 2.327279541509655214, 59.59810576462999876, -7.370167105686528330 ) ) ;
#4282 =( BOUNDED_SURFACE ( )  B_SPLINE_SURFACE ( 3, 2, ( 
 ( #7183, #1067, #5370 ),
 ( #7828, #2317, #3034 ),
 ( #3722, #738, #5533 ),
 ( #3150, #4320, #4362 ),
 ( #6134, #3682, #7493 ),
 ( #3196, #622, #3800 ),
 ( #113, #6174, #2509 ),
 ( #151, #1867, #1985 ),
 ( #67, #4444, #7415 ),
 ( #5493, #662, #1220 ),
 ( #1902, #700, #4889 ),
 ( #1297, #30, #5650 ),
 ( #4402, #2592, #7949 ),
 ( #4964, #6900, #1260 ) ),
 .UNSPECIFIED., .F., .F., .T. ) 
 B_SPLINE_SURFACE_WITH_KNOTS ( ( 4, 2, 2, 2, 2, 2, 4 ),
 ( 3, 3 ),
 ( 0.007251311775856274927, 0.007694002128597639614, 0.008136692481339004301, 0.008579382834080370723, 0.009022073186821735410, 0.009907453892304466520, 0.01079283459778719589 ),
 ( 0.000000000000000000, 1.000000000000000000 ),
 .UNSPECIFIED. ) 
 GEOMETRIC_REPRESENTATION_ITEM ( )  RATIONAL_B_SPLINE_SURFACE ( (
 ( 1.000000000000000000, 0.7914775938769179620, 1.000000000000000000),
 ( 1.000000000000000000, 0.7914751215769292303, 1.000000000000000000),
 ( 1.000000000000000000, 0.7910692898050147859, 1.000000000000000000),
 ( 1.000000000000000000, 0.7894438079031563804, 1.000000000000000000),
 ( 1.000000000000000000, 0.7882037160860555502, 1.000000000000000000),
 ( 1.000000000000000000, 0.7849047533172481828, 1.000000000000000000),
 ( 1.000000000000000000, 0.7828546967483294150, 1.000000000000000000),
 ( 1.000000000000000000, 0.7778217196376573384, 1.000000000000000000),
 ( 1.000000000000000000, 0.7748435908278836770, 1.000000000000000000),
 ( 1.000000000000000000, 0.7646248375017431487, 1.000000000000000000),
 ( 1.000000000000000000, 0.7558737235606890481, 1.000000000000000000),
 ( 1.000000000000000000, 0.7342902559672569440, 1.000000000000000000),
 ( 1.000000000000000000, 0.7211950083353785290, 1.000000000000000000),
 ( 1.000000000000000000, 0.7060162090476741481, 1.000000000000000000) ) ) 
 REPRESENTATION_ITEM ( '' )  SURFACE ( )  );
#4283 = CARTESIAN_POINT ( 'NONE',  ( -3.187072913394917162, 43.55919343493504670, -9.478856157886006883 ) ) ;
#4284 = VERTEX_POINT ( 'NONE', #2426 ) ;
#4285 = CARTESIAN_POINT ( 'NONE',  ( 9.946653877181175218, 44.68049511873795865, 1.032534059828492667 ) ) ;
#4286 = CARTESIAN_POINT ( 'NONE',  ( 6.506882055025722700, 44.06757117394381851, -8.270250318162757353 ) ) ;
#4287 = CARTESIAN_POINT ( 'NONE',  ( 0.000000000000000000, 1.500000000000000000, 0.000000000000000000 ) ) ;
#4288 = CARTESIAN_POINT ( 'NONE',  ( -9.164643562304890523, 44.71346693900361657, 2.105355395258475149 ) ) ;
#4289 = CARTESIAN_POINT ( 'NONE',  ( -6.206460863973622288, 45.18997598112193970, 7.860257711329008856 ) ) ;
#4290 = EDGE_CURVE ( 'NONE', #4005, #4064, #7774, .T. ) ;
#4291 = CARTESIAN_POINT ( 'NONE',  ( -5.565459599516068501, 59.42402592094069291, 7.941717252623987200 ) ) ;
#4292 = VERTEX_POINT ( 'NONE', #3639 ) ;
#4293 = B_SPLINE_CURVE_WITH_KNOTS ( 'NONE', 3,
 ( #3607, #468, #1068, #6705, #1788, #4245, #6592, #5371, #7184, #3646 ),
 .UNSPECIFIED., .F., .F.,
 ( 4, 2, 2, 2, 4 ),
 ( -8.671656550999585759E-06, 0.0005933647113703629855, 0.001195401079291725545, 0.001797437447213088213, 0.002399473815134450447 ),
 .UNSPECIFIED. ) ;
#4294 = CARTESIAN_POINT ( 'NONE',  ( -8.210359310042399272, 45.70000000000000284, -1.499999999999999112 ) ) ;
#4295 = FACE_OUTER_BOUND ( 'NONE', #729, .T. ) ;
#4296 = AXIS2_PLACEMENT_3D ( 'NONE', #3443, #7739, #4767 ) ;
#4297 = CARTESIAN_POINT ( 'NONE',  ( 7.658484981786864765, 60.00000000000000000, 1.460439925477835743 ) ) ;
#4298 = CIRCLE ( 'NONE', #1342, 0.6999999999999992895 ) ;
#4299 = ADVANCED_FACE ( 'NONE', ( #7942 ), #5601, .F. ) ;
#4300 = CARTESIAN_POINT ( 'NONE',  ( 4.493529037617895128, 60.70241864486892069, 4.783020598440272941 ) ) ;
#4301 = EDGE_CURVE ( 'NONE', #1741, #2228, #3565, .T. ) ;
#4302 = CARTESIAN_POINT ( 'NONE',  ( -4.643894114753576829, 60.65107842505673119, -5.043460551723281782 ) ) ;
#4303 = ORIENTED_EDGE ( 'NONE', *, *, #4759, .F. ) ;
#4304 = EDGE_LOOP ( 'NONE', ( #6585, #6044, #7196, #4638 ) ) ;
#4305 = CARTESIAN_POINT ( 'NONE',  ( -1.710145989845801185E-16, 59.29999999999999716, -0.8000000000000011546 ) ) ;
#4306 = CARTESIAN_POINT ( 'NONE',  ( 6.010435543346968501, 45.69999999999999574, 6.010379736694797970 ) ) ;
#4307 = AXIS2_PLACEMENT_3D ( 'NONE', #2744, #901, #5198 ) ;
#4308 = DIRECTION ( 'NONE',  ( -1.000000000000000000, 0.000000000000000000, -2.137682487307248399E-16 ) ) ;
#4309 = CARTESIAN_POINT ( 'NONE',  ( 6.388981863895978108, 60.70241864486393979, 1.499999999999999112 ) ) ;
#4310 = CARTESIAN_POINT ( 'NONE',  ( -6.541871224634302706, 43.94854701178211087, -7.509363510768601202 ) ) ;
#4311 = EDGE_LOOP ( 'NONE', ( #4908, #1664, #1887, #3499, #4111, #7604 ) ) ;
#4312 = ORIENTED_EDGE ( 'NONE', *, *, #103, .T. ) ;
#4313 = CARTESIAN_POINT ( 'NONE',  ( -3.333725648282741094, 45.44761534702016093, 8.774182201321204744 ) ) ;
#4314 = CARTESIAN_POINT ( 'NONE',  ( 3.206523730960870750E-16, 64.86389322930409662, 1.499999999999999334 ) ) ;
#4315 = CARTESIAN_POINT ( 'NONE',  ( -6.526278488719561288, 59.96606045144802266, 2.145334030481968579 ) ) ;
#4316 = CARTESIAN_POINT ( 'NONE',  ( 6.579731055419831165, 43.83701928062455266, -7.501619219141119288 ) ) ;
#4317 = LINE ( 'NONE', #736, #703 ) ;
#4318 = CYLINDRICAL_SURFACE ( 'NONE', #4616, 0.6999999999999999556 ) ;
#4319 = AXIS2_PLACEMENT_3D ( 'NONE', #7375, #1868, #5494 ) ;
#4320 = CARTESIAN_POINT ( 'NONE',  ( -7.815661301509831738, 58.93661152880309828, 1.500000000000080824 ) ) ;
#4321 = CARTESIAN_POINT ( 'NONE',  ( -9.897186731620198685, 44.71979963232642064, 1.477700533470818645 ) ) ;
#4322 = VERTEX_POINT ( 'NONE', #7267 ) ;
#4323 = CYLINDRICAL_SURFACE ( 'NONE', #5881, 8.000000000000000000 ) ;
#4324 = CARTESIAN_POINT ( 'NONE',  ( 1.304534131995563229, 59.99469939789404549, 6.528572331432873632 ) ) ;
#4325 = CARTESIAN_POINT ( 'NONE',  ( 9.892661778580059462, 44.02508204143067871, 1.468164923567203850 ) ) ;
#4326 = CARTESIAN_POINT ( 'NONE',  ( 4.236498312829939827, 45.44761534702016093, -9.058260431528179168 ) ) ;
#4327 = B_SPLINE_CURVE_WITH_KNOTS ( 'NONE', 3,
 ( #224, #2630, #7017, #2668 ),
 .UNSPECIFIED., .F., .F.,
 ( 4, 4 ),
 ( 0.000000000000000000, 0.0001849247682052303785 ),
 .UNSPECIFIED. ) ;
#4328 = CARTESIAN_POINT ( 'NONE',  ( -5.121011257255949189, 59.96664438078637005, 4.579235695967491360 ) ) ;
#4329 = CIRCLE ( 'NONE', #3946, 0.7000000000000000666 ) ;
#4330 = CARTESIAN_POINT ( 'NONE',  ( -6.010435543346970277, 45.00000000000000000, -6.010379736694797970 ) ) ;
#4331 = CARTESIAN_POINT ( 'NONE',  ( -6.153991745672450442, 44.80891385920481440, 7.426054996871688019 ) ) ;
#4332 = CARTESIAN_POINT ( 'NONE',  ( -3.997986192606864719, 59.63125511759706399, -8.606605184383763429 ) ) ;
#4333 = VERTEX_POINT ( 'NONE', #1714 ) ;
#4334 = AXIS2_PLACEMENT_3D ( 'NONE', #3545, #3462, #1688 ) ;
#4335 = CARTESIAN_POINT ( 'NONE',  ( 2.932096493931342085, 59.29999999999999716, -8.078540100183667860 ) ) ;
#4336 = EDGE_CURVE ( 'NONE', #7668, #4119, #1832, .T. ) ;
#4337 = CARTESIAN_POINT ( 'NONE',  ( -2.061981289408826967, 59.75043083125094512, 7.163354006105270066 ) ) ;
#4338 = CARTESIAN_POINT ( 'NONE',  ( 0.000000000000000000, 0.8000000000000000444, 0.000000000000000000 ) ) ;
#4339 = EDGE_CURVE ( 'NONE', #7441, #6652, #4050, .T. ) ;
#4340 = CARTESIAN_POINT ( 'NONE',  ( 5.231155090398103447, 58.72161683363067652, 6.060626398842011930 ) ) ;
#4341 = CARTESIAN_POINT ( 'NONE',  ( -2.597392412411074769, 45.25654466397777753, -7.707733090981397694 ) ) ;
#4342 = EDGE_LOOP ( 'NONE', ( #3558, #1717, #2382, #7368 ) ) ;
#4343 = AXIS2_PLACEMENT_3D ( 'NONE', #4287, #7266, #2478 ) ;
#4344 = ORIENTED_EDGE ( 'NONE', *, *, #1335, .F. ) ;
#4345 = CARTESIAN_POINT ( 'NONE',  ( -9.453389741509530708, 59.63050311187608798, -0.8409783496691757287 ) ) ;
#4346 = EDGE_CURVE ( 'NONE', #2890, #6068, #1727, .T. ) ;
#4347 = EDGE_CURVE ( 'NONE', #7485, #3598, #2499, .T. ) ;
#4348 = CARTESIAN_POINT ( 'NONE',  ( 0.000000000000000000, 0.7000000000000000666, 16.80000000000000426 ) ) ;
#4349 = DIRECTION ( 'NONE',  ( 1.000000000000000000, -0.000000000000000000, 0.000000000000000000 ) ) ;
#4350 = DIRECTION ( 'NONE',  ( 0.000000000000000000, 1.000000000000000000, 0.000000000000000000 ) ) ;
#4351 = AXIS2_PLACEMENT_3D ( 'NONE', #2432, #7947, #2991 ) ;
#4352 = CARTESIAN_POINT ( 'NONE',  ( -8.261481222607418573, 60.00000000000000000, 0.8000000000000011546 ) ) ;
#4353 = EDGE_LOOP ( 'NONE', ( #3648, #6051, #6244, #93, #2952 ) ) ;
#4354 = ORIENTED_EDGE ( 'NONE', *, *, #4065, .F. ) ;
#4355 = CARTESIAN_POINT ( 'NONE',  ( -3.687109085820489351, 45.32625813511342017, 9.315206730993798701 ) ) ;
#4356 = CARTESIAN_POINT ( 'NONE',  ( 4.822687810603730085, 60.00000000000000000, 4.613901798030251911 ) ) ;
#4357 = CARTESIAN_POINT ( 'NONE',  ( -1.585100850643874404, 59.99999999999999289, -6.483659240337956930 ) ) ;
#4358 = CARTESIAN_POINT ( 'NONE',  ( 6.234249568066931424, 44.64352067352289311, -7.455725690906719549 ) ) ;
#4359 = CARTESIAN_POINT ( 'NONE',  ( -5.060724671272424757, 59.96335253576395274, -4.698601053497842628 ) ) ;
#4360 = CARTESIAN_POINT ( 'NONE',  ( -5.816077915564104472, 44.87933441066143558, -7.073742450537844562 ) ) ;
#4361 = TOROIDAL_SURFACE ( 'NONE', #6298, 16.80000000000000426, 0.6999999999999999556 ) ;
#4362 = CARTESIAN_POINT ( 'NONE',  ( -7.686398746153726869, 58.89955821941295966, 2.027490788662371202 ) ) ;
#4363 = CARTESIAN_POINT ( 'NONE',  ( -9.878104164316443558, 44.38237976976168397, 1.576666638435710421 ) ) ;
#4364 = ORIENTED_EDGE ( 'NONE', *, *, #562, .T. ) ;
#4365 = EDGE_CURVE ( 'NONE', #1079, #7883, #6443, .T. ) ;
#4366 = DIRECTION ( 'NONE',  ( 0.4999999999999991118, -0.000000000000000000, 0.8660254037844393737 ) ) ;
#4367 = FACE_OUTER_BOUND ( 'NONE', #7234, .T. ) ;
#4368 = CARTESIAN_POINT ( 'NONE',  ( 6.708160463860292744, 60.00000000000000000, -1.545738809322122487 ) ) ;
#4369 = DIRECTION ( 'NONE',  ( -0.000000000000000000, -1.000000000000000000, -0.000000000000000000 ) ) ;
#4370 = CARTESIAN_POINT ( 'NONE',  ( -4.775959246570520733, 59.90411421627368327, 5.272204069936702986 ) ) ;
#4371 = EDGE_CURVE ( 'NONE', #5561, #3305, #90, .T. ) ;
#4372 = CARTESIAN_POINT ( 'NONE',  ( 0.000000000000000000, 58.50000000000000000, 0.000000000000000000 ) ) ;
#4373 = DIRECTION ( 'NONE',  ( -0.000000000000000000, -1.000000000000000000, -0.000000000000000000 ) ) ;
#4374 = CARTESIAN_POINT ( 'NONE',  ( -6.012583318586206538, 59.60209052066604585, 7.414099792532701905 ) ) ;
#4375 = VERTEX_POINT ( 'NONE', #1797 ) ;
#4376 = CARTESIAN_POINT ( 'NONE',  ( -1.635217420454701198, 59.82844729212749968, 7.034688384196971178 ) ) ;
#4377 = CARTESIAN_POINT ( 'NONE',  ( -9.786345413644401248, 43.49999999999995737, -2.056074766355128425 ) ) ;
#4378 =( BOUNDED_CURVE ( )  B_SPLINE_CURVE ( 3, ( #2422, #1249, #4952, #4914 ),
 .UNSPECIFIED., .F., .F. ) 
 B_SPLINE_CURVE_WITH_KNOTS ( ( 4, 4 ),
 ( 2.617993877991494411, 2.885943452791514652 ),
 .UNSPECIFIED. ) 
 CURVE ( )  GEOMETRIC_REPRESENTATION_ITEM ( )  RATIONAL_B_SPLINE_CURVE ( ( 1.000000000000000000, 0.9940258627428619764, 0.9940258627428619764, 1.000000000000000000 ) ) 
 REPRESENTATION_ITEM ( '' )  );
#4379 = CARTESIAN_POINT ( 'NONE',  ( -8.261481222607418573, 59.29999999999999716, -1.499999999999999112 ) ) ;
#4380 = CARTESIAN_POINT ( 'NONE',  ( -5.029310180488964832, 60.00000000000000000, -7.093824735512586521 ) ) ;
#4381 = CARTESIAN_POINT ( 'NONE',  ( -4.957683967620424959, 59.99993818310217364, -4.182645404614765638 ) ) ;
#4382 = EDGE_LOOP ( 'NONE', ( #2746, #1471, #4966, #44, #1251, #6106 ) ) ;
#4383 = CARTESIAN_POINT ( 'NONE',  ( 1.152929848348837050, 60.00000000000000000, -6.396933074902873884 ) ) ;
#4384 = CARTESIAN_POINT ( 'NONE',  ( 8.656927394368823414, 59.99145286394720245, 1.500000000000000000 ) ) ;
#4385 = ORIENTED_EDGE ( 'NONE', *, *, #3367, .T. ) ;
#4386 = CARTESIAN_POINT ( 'NONE',  ( 7.708636127189048004, 45.00000000000000000, 2.140277469132569887 ) ) ;
#4387 = FACE_OUTER_BOUND ( 'NONE', #1613, .T. ) ;
#4388 = CARTESIAN_POINT ( 'NONE',  ( -1.456121494900643798, 59.97820956075926802, 6.660344263390852504 ) ) ;
#4389 = CARTESIAN_POINT ( 'NONE',  ( 0.000000000000000000, 60.00000000000000000, 0.000000000000000000 ) ) ;
#4390 = CARTESIAN_POINT ( 'NONE',  ( -4.236498312829950486, 45.44761534702016093, -9.058260431528173839 ) ) ;
#4391 = ORIENTED_EDGE ( 'NONE', *, *, #1392, .F. ) ;
#4392 = ORIENTED_EDGE ( 'NONE', *, *, #4336, .T. ) ;
#4393 = ORIENTED_EDGE ( 'NONE', *, *, #409, .F. ) ;
#4394 = CARTESIAN_POINT ( 'NONE',  ( -3.331334187732009067, 43.85566074627855215, 9.429526531882718388 ) ) ;
#4395 = DIRECTION ( 'NONE',  ( -1.000000000000000000, 0.000000000000000000, 0.000000000000000000 ) ) ;
#4396 = CARTESIAN_POINT ( 'NONE',  ( -2.995709705792200417, 44.27311077007768603, 9.331928556670989749 ) ) ;
#4397 = B_SPLINE_CURVE_WITH_KNOTS ( 'NONE', 3,
 ( #1825, #7950, #68, #3151, #2437, #4890, #4281, #7416, #6744, #1221 ),
 .UNSPECIFIED., .F., .F.,
 ( 4, 2, 2, 2, 4 ),
 ( -8.671656551079377957E-06, 0.0005933647113702912113, 0.001195401079291661794, 0.001797437447213032268, 0.002399473815134402742 ),
 .UNSPECIFIED. ) ;
#4398 = DIRECTION ( 'NONE',  ( 0.000000000000000000, 0.000000000000000000, 1.000000000000000000 ) ) ;
#4399 = DIRECTION ( 'NONE',  ( -0.000000000000000000, -1.000000000000000000, -0.000000000000000000 ) ) ;
#4400 = CARTESIAN_POINT ( 'NONE',  ( -6.500232721187749085, 44.06027841475526685, -8.258733334118876002 ) ) ;
#4401 = EDGE_CURVE ( 'NONE', #4172, #7517, #1241, .T. ) ;
#4402 = CARTESIAN_POINT ( 'NONE',  ( -6.388981863882495560, 60.70241864486892069, 1.500000000000000444 ) ) ;
#4403 = CARTESIAN_POINT ( 'NONE',  ( 5.565819297030592416, 59.42314520554079138, 7.942289154900172399 ) ) ;
#4404 = CARTESIAN_POINT ( 'NONE',  ( -9.810761116105203072, 43.67642093584365881, 1.939522035055462279 ) ) ;
#4405 = VERTEX_POINT ( 'NONE', #6753 ) ;
#4406 = CARTESIAN_POINT ( 'NONE',  ( 3.538314276580455608, 59.29999999999999716, 7.728540100183665551 ) ) ;
#4407 = CARTESIAN_POINT ( 'NONE',  ( 0.000000000000000000, 45.00000000000000000, -8.000000000000000000 ) ) ;
#4408 = CARTESIAN_POINT ( 'NONE',  ( 3.326844737844152355, 60.00000000000000000, 7.362264163866772293 ) ) ;
#4409 = DIRECTION ( 'NONE',  ( 0.000000000000000000, 0.000000000000000000, -1.000000000000000000 ) ) ;
#4410 = CARTESIAN_POINT ( 'NONE',  ( -4.493529037624611533, 60.70241864486393979, 4.783020598451913408 ) ) ;
#4411 = CARTESIAN_POINT ( 'NONE',  ( 2.118037897910830747, 58.50000000000000000, 7.714526263032194464 ) ) ;
#4412 = CARTESIAN_POINT ( 'NONE',  ( -5.931801859636055774, 45.44761534702016093, 7.274182201321207408 ) ) ;
#4413 = CARTESIAN_POINT ( 'NONE',  ( -5.931801850617810068, 58.60552633313430704, 7.274182185701148384 ) ) ;
#4414 = CARTESIAN_POINT ( 'NONE',  ( 4.822463186323064477, 59.99999999999999289, -4.614567224397214673 ) ) ;
#4415 = CARTESIAN_POINT ( 'NONE',  ( -9.847878467117958223, 43.75189518330710570, -1.743537425424180665 ) ) ;
#4416 = CARTESIAN_POINT ( 'NONE',  ( -6.406065737262868431, 60.00000000000000000, -1.866831190560451770 ) ) ;
#4417 = CARTESIAN_POINT ( 'NONE',  ( 4.349606925856291717, 59.99777404406741965, 4.533740188536567572 ) ) ;
#4418 = FACE_OUTER_BOUND ( 'NONE', #5113, .T. ) ;
#4419 = CIRCLE ( 'NONE', #5584, 6.500000000000000888 ) ;
#4420 = CARTESIAN_POINT ( 'NONE',  ( 1.567452533626014555, 60.00000000000000000, -6.609769517137043415 ) ) ;
#4421 = CARTESIAN_POINT ( 'NONE',  ( 8.671988750648520039, 59.27933202669344581, 1.500000000000000000 ) ) ;
#4422 = ORIENTED_EDGE ( 'NONE', *, *, #4442, .F. ) ;
#4423 = DIRECTION ( 'NONE',  ( -0.4999999999999998335, 0.000000000000000000, 0.8660254037844388186 ) ) ;
#4424 = CARTESIAN_POINT ( 'NONE',  ( 7.651422187476526915, 59.00457541846049025, -2.030453724632753421 ) ) ;
#4425 = EDGE_CURVE ( 'NONE', #7582, #1949, #6548, .T. ) ;
#4426 = CIRCLE ( 'NONE', #3014, 10.00000000000000000 ) ;
#4427 = CARTESIAN_POINT ( 'NONE',  ( -3.023770758052869656, 44.16414422605445367, 9.373000940285123761 ) ) ;
#4428 = DIRECTION ( 'NONE',  ( 0.000000000000000000, -1.000000000000000000, -0.000000000000000000 ) ) ;
#4429 = CARTESIAN_POINT ( 'NONE',  ( -8.293935090799429588, 59.22956441742048384, -1.499999999999999112 ) ) ;
#4430 = CIRCLE ( 'NONE', #6748, 0.6999999999999992895 ) ;
#4431 = EDGE_LOOP ( 'NONE', ( #7251, #7233, #5631, #4607 ) ) ;
#4432 = VERTEX_POINT ( 'NONE', #792 ) ;
#4433 = VERTEX_POINT ( 'NONE', #5578 ) ;
#4434 = CARTESIAN_POINT ( 'NONE',  ( 9.132720911518681817, 45.51549468767143480, 1.500000000000000000 ) ) ;
#4435 = CARTESIAN_POINT ( 'NONE',  ( 8.798901666754515460, 45.64411999716082136, -1.499999999999999556 ) ) ;
#4436 = CARTESIAN_POINT ( 'NONE',  ( -9.265527507918802641, 45.44761534702016093, 1.500000000000001332 ) ) ;
#4437 = ADVANCED_FACE ( 'NONE', ( #3243 ), #7384, .T. ) ;
#4438 = CARTESIAN_POINT ( 'NONE',  ( -9.910655320666059254, 44.17624473793537732, -1.338375252618950961 ) ) ;
#4439 = CARTESIAN_POINT ( 'NONE',  ( -4.580288094323672787, 60.00000000000000000, -5.691039540150044651 ) ) ;
#4440 = EDGE_CURVE ( 'NONE', #7569, #2339, #5070, .T. ) ;
#4441 = CARTESIAN_POINT ( 'NONE',  ( -6.092694507282618410, 45.00000000000002132, -6.199152608505661632 ) ) ;
#4442 = EDGE_CURVE ( 'NONE', #3407, #5735, #3172, .T. ) ;
#4443 = B_SPLINE_CURVE_WITH_KNOTS ( 'NONE', 3,
 ( #6279, #5108, #250, #6194, #2536, #1926, #800, #5671 ),
 .UNSPECIFIED., .F., .F.,
 ( 4, 2, 2, 4 ),
 ( 0.000000000000000000, 0.0006601270656099441714, 0.001320254131219888343, 0.002640508262439775385 ),
 .UNSPECIFIED. ) ;
#4444 = CARTESIAN_POINT ( 'NONE',  ( -7.411273751833317824, 59.59082966460719888, 1.500000000000004885 ) ) ;
#4445 = CARTESIAN_POINT ( 'NONE',  ( 3.273590420009520052, 44.16525576120958618, 9.344681539945534965 ) ) ;
#4446 = FACE_OUTER_BOUND ( 'NONE', #2346, .T. ) ;
#4447 = EDGE_LOOP ( 'NONE', ( #4265, #7820, #6380, #470, #386, #684 ) ) ;
#4448 = B_SPLINE_CURVE_WITH_KNOTS ( 'NONE', 3,
 ( #6822, #3759, #7455, #6415, #7130, #7652, #3392, #2142, #5119, #1540, #3999, #2222 ),
 .UNSPECIFIED., .F., .F.,
 ( 4, 2, 2, 2, 2, 4 ),
 ( 0.000000000000000000, 0.0005957801389501203625, 0.001191560277900238340, 0.001787340416850356425, 0.002085230486325413517, 0.002383120555800470174 ),
 .UNSPECIFIED. ) ;
#4449 = DIRECTION ( 'NONE',  ( -0.000000000000000000, -1.000000000000000000, -0.000000000000000000 ) ) ;
#4450 = CARTESIAN_POINT ( 'NONE',  ( -9.383969735020082581, 45.11759801855913565, 1.531803250192657950 ) ) ;
#4451 = EDGE_CURVE ( 'NONE', #4292, #930, #709, .T. ) ;
#4452 = FACE_OUTER_BOUND ( 'NONE', #2260, .T. ) ;
#4453 = DIRECTION ( 'NONE',  ( 0.4999999999999998335, 0.000000000000000000, -0.8660254037844388186 ) ) ;
#4454 = CARTESIAN_POINT ( 'NONE',  ( -7.820560476344794232, 60.00000000000000000, 0.8454866594162790960 ) ) ;
#4455 = EDGE_CURVE ( 'NONE', #860, #3036, #7131, .T. ) ;
#4456 = CARTESIAN_POINT ( 'NONE',  ( -9.733888037896575085, 43.89891188660080701, 2.059948917487309572 ) ) ;
#4457 = CARTESIAN_POINT ( 'NONE',  ( -6.209400815507919447, 44.88446914518874564, 7.850531554261438671 ) ) ;
#4458 = CARTESIAN_POINT ( 'NONE',  ( -3.414507107233091698, 59.60209052066605295, -8.914099792532558908 ) ) ;
#4459 = CARTESIAN_POINT ( 'NONE',  ( -9.163680012902517547, 58.90364570241902697, -1.499999999999999112 ) ) ;
#4460 = CARTESIAN_POINT ( 'NONE',  ( -2.909583996627132851, 58.77569987213450986, 8.039547311047513745 ) ) ;
#4461 = AXIS2_PLACEMENT_3D ( 'NONE', #7248, #6539, #1738 ) ;
#4462 = DIRECTION ( 'NONE',  ( 0.000000000000000000, 0.000000000000000000, 1.000000000000000000 ) ) ;
#4463 = CARTESIAN_POINT ( 'NONE',  ( -6.507954581813529593, 60.00000000000000711, -1.947431045221975632 ) ) ;
#4464 = CARTESIAN_POINT ( 'NONE',  ( -5.726434491383823655, 58.50000000000000711, -8.198045377764733743 ) ) ;
#4465 = DIRECTION ( 'NONE',  ( 0.000000000000000000, 0.000000000000000000, -1.000000000000000000 ) ) ;
#4466 = AXIS2_PLACEMENT_3D ( 'NONE', #2654, #4546, #2051 ) ;
#4467 = CARTESIAN_POINT ( 'NONE',  ( 5.754803764182629955, 45.06128468650055652, 8.178397333281930415 ) ) ;
#4468 = CARTESIAN_POINT ( 'NONE',  ( 9.126129060805672211, 59.84879564947460295, 0.8280020747069467557 ) ) ;
#4469 = VERTEX_POINT ( 'NONE', #3164 ) ;
#4470 = CARTESIAN_POINT ( 'NONE',  ( -3.353629967258696443, 45.32903582538058629, -8.808657493077603817 ) ) ;
#4471 = EDGE_CURVE ( 'NONE', #3908, #4322, #5779, .T. ) ;
#4472 = CARTESIAN_POINT ( 'NONE',  ( 1.710145989845796994E-16, 59.29999999999999716, 0.7999999999999993783 ) ) ;
#4473 = TOROIDAL_SURFACE ( 'NONE', #4976, 6.500000000000000888, 1.500000000000000000 ) ;
#4474 = CARTESIAN_POINT ( 'NONE',  ( -3.902156509834427744, 44.06027841475526685, 9.758733334118881331 ) ) ;
#4475 = AXIS2_PLACEMENT_3D ( 'NONE', #7527, #6976, #2021 ) ;
#4476 = ORIENTED_EDGE ( 'NONE', *, *, #6642, .T. ) ;
#4477 = ORIENTED_EDGE ( 'NONE', *, *, #6670, .F. ) ;
#4478 = ORIENTED_EDGE ( 'NONE', *, *, #6512, .F. ) ;
#4479 = DIRECTION ( 'NONE',  ( 0.000000000000000000, 0.000000000000000000, -1.000000000000000000 ) ) ;
#4480 = VERTEX_POINT ( 'NONE', #121 ) ;
#4481 = CARTESIAN_POINT ( 'NONE',  ( 9.708320738636338376, 43.97937284440525474, -2.061846940490537516 ) ) ;
#4482 = CARTESIAN_POINT ( 'NONE',  ( 0.6928203230275504776, 59.29999999999999716, -0.3999999999999999112 ) ) ;
#4483 = CARTESIAN_POINT ( 'NONE',  ( -2.183751140046506833, 59.68470169710487738, -7.260660480580749088 ) ) ;
#4484 = CARTESIAN_POINT ( 'NONE',  ( 8.138491107056422535, 59.99999999999999289, 1.462541795246124821 ) ) ;
#4485 = CARTESIAN_POINT ( 'NONE',  ( -6.097259642719843775, 45.26454619496501408, -7.560763488130024967 ) ) ;
#4486 = DIRECTION ( 'NONE',  ( 0.000000000000000000, 1.000000000000000000, 0.000000000000000000 ) ) ;
#4487 = CARTESIAN_POINT ( 'NONE',  ( 7.546391714415694452, 59.59810576463004850, -1.669600348188132521 ) ) ;
#4488 = CARTESIAN_POINT ( 'NONE',  ( 3.267046553658493835, 43.62272147863480143, 9.452662756618117612 ) ) ;
#4489 = VERTEX_POINT ( 'NONE', #4411 ) ;
#4490 = CARTESIAN_POINT ( 'NONE',  ( 6.918132598034809178, 59.82488524275485275, -2.100279926015026444 ) ) ;
#4491 = CARTESIAN_POINT ( 'NONE',  ( -6.101119159239480005, 59.99993818310226601, -2.202157557585222580 ) ) ;
#4492 = CARTESIAN_POINT ( 'NONE',  ( 9.265527507918802641, 58.50000000000000000, -1.500000000000000000 ) ) ;
#4493 = CARTESIAN_POINT ( 'NONE',  ( 3.654808284695763909, 45.44761534702016093, -9.330313641016736881 ) ) ;
#4494 = CARTESIAN_POINT ( 'NONE',  ( -5.277962070007623296, 59.82488524275154163, 4.941138613645541966 ) ) ;
#4495 = VECTOR ( 'NONE', #7330, 1000.000000000000000 ) ;
#4496 = CARTESIAN_POINT ( 'NONE',  ( -2.932096493931351411, 59.29999999999999716, -8.078540100183664308 ) ) ;
#4497 = AXIS2_PLACEMENT_3D ( 'NONE', #3708, #7404, #1208 ) ;
#4498 = ORIENTED_EDGE ( 'NONE', *, *, #2679, .F. ) ;
#4499 = CIRCLE ( 'NONE', #1028, 0.6999999999999997335 ) ;
#4500 = EDGE_CURVE ( 'NONE', #2191, #2228, #207, .T. ) ;
#4501 =( BOUNDED_CURVE ( )  B_SPLINE_CURVE ( 3, ( #2977, #7886, #4184, #6118 ),
 .UNSPECIFIED., .F., .F. ) 
 B_SPLINE_CURVE_WITH_KNOTS ( ( 4, 4 ),
 ( 5.012420009095608364, 6.027536106381311320 ),
 .UNSPECIFIED. ) 
 CURVE ( )  GEOMETRIC_REPRESENTATION_ITEM ( )  RATIONAL_B_SPLINE_CURVE ( ( 1.000000000000000000, 0.9159560062732667873, 0.9159560062732667873, 1.000000000000000000 ) ) 
 REPRESENTATION_ITEM ( '' )  );
#4502 = CARTESIAN_POINT ( 'NONE',  ( -9.620215444006042560, 44.18130082873837239, -2.068520304830783640 ) ) ;
#4503 = DIRECTION ( 'NONE',  ( 0.000000000000000000, 0.000000000000000000, -1.000000000000000000 ) ) ;
#4504 = CARTESIAN_POINT ( 'NONE',  ( -8.004029843291426971, 59.38694842928641293, -1.522743321576335962 ) ) ;
#4505 = CARTESIAN_POINT ( 'NONE',  ( 5.931801859636053109, 58.50000000000000000, -7.274182201321209185 ) ) ;
#4506 = VERTEX_POINT ( 'NONE', #7424 ) ;
#4507 = CARTESIAN_POINT ( 'NONE',  ( 0.000000000000000000, 58.50000000000000000, 0.000000000000000000 ) ) ;
#4508 = CARTESIAN_POINT ( 'NONE',  ( 5.320749321573896573, 59.38694842928645556, 6.170321516150885088 ) ) ;
#4509 = CARTESIAN_POINT ( 'NONE',  ( -6.579731055419843599, 43.83701928062455977, 7.501619219141107742 ) ) ;
#4510 = ADVANCED_FACE ( 'NONE', ( #3809 ), #634, .T. ) ;
#4511 = ORIENTED_EDGE ( 'NONE', *, *, #7146, .F. ) ;
#4512 = ORIENTED_EDGE ( 'NONE', *, *, #7250, .F. ) ;
#4513 = DIRECTION ( 'NONE',  ( 0.000000000000000000, 0.000000000000000000, -1.000000000000000000 ) ) ;
#4514 = AXIS2_PLACEMENT_3D ( 'NONE', #1158, #1118, #2966 ) ;
#4515 = ORIENTED_EDGE ( 'NONE', *, *, #5620, .F. ) ;
#4516 = CARTESIAN_POINT ( 'NONE',  ( -5.931801859636056662, 45.44761534702016093, 7.274182201321208296 ) ) ;
#4517 = CARTESIAN_POINT ( 'NONE',  ( -5.697223245131414870, 45.64523177326800152, 6.867880122630053208 ) ) ;
#4518 = CARTESIAN_POINT ( 'NONE',  ( -1.455371717211977778, 59.97334755155949182, -6.658952628044781719 ) ) ;
#4519 = CARTESIAN_POINT ( 'NONE',  ( 5.857136993009326886, 44.69141332848791137, -8.105423835334288896 ) ) ;
#4520 = CARTESIAN_POINT ( 'NONE',  ( 8.866285977150869968, 59.19936622830415729, 1.499999999999999778 ) ) ;
#4521 = CARTESIAN_POINT ( 'NONE',  ( 5.429778716980368181, 59.29999999999999716, 6.404652611666145745 ) ) ;
#4522 = CARTESIAN_POINT ( 'NONE',  ( 3.687109085821189680, 45.32625813511203461, 9.315206730993294215 ) ) ;
#4523 = ORIENTED_EDGE ( 'NONE', *, *, #7939, .T. ) ;
#4524 = ORIENTED_EDGE ( 'NONE', *, *, #2254, .F. ) ;
#4525 = CARTESIAN_POINT ( 'NONE',  ( 6.101119159228843181, 59.99993818310217364, -2.202157557586730707 ) ) ;
#4526 = CARTESIAN_POINT ( 'NONE',  ( -3.090867490822418517, 43.88698034563180528, -9.471261787083127714 ) ) ;
#4527 = CARTESIAN_POINT ( 'NONE',  ( 2.350511410906138465, 59.58610933779504393, 7.392331240552930005 ) ) ;
#4528 = CARTESIAN_POINT ( 'NONE',  ( 6.534680620304658127, 43.47878117929302277, 8.318398845603368841 ) ) ;
#4529 = DIRECTION ( 'NONE',  ( 0.000000000000000000, 0.000000000000000000, -1.000000000000000000 ) ) ;
#4530 = CARTESIAN_POINT ( 'NONE',  ( 7.739994670903527663, 45.02275046629593902, -2.022988505747125743 ) ) ;
#4531 = CARTESIAN_POINT ( 'NONE',  ( -8.417244204607584379, 58.50000000000000000, -1.499999999999999334 ) ) ;
#4532 = EDGE_LOOP ( 'NONE', ( #6766, #7072, #956, #5572 ) ) ;
#4533 = CARTESIAN_POINT ( 'NONE',  ( -5.621956772992699136, 45.02275046629593902, -5.691537757285065169 ) ) ;
#4534 = CARTESIAN_POINT ( 'NONE',  ( -6.156083446162630146, 44.79916475255305386, -7.427612567835431001 ) ) ;
#4535 = CARTESIAN_POINT ( 'NONE',  ( -9.786345413644401248, 43.49999999999995737, -2.056074766355134642 ) ) ;
#4536 = EDGE_CURVE ( 'NONE', #6167, #3355, #1228, .T. ) ;
#4537 = CARTESIAN_POINT ( 'NONE',  ( -7.407088871777815164, 60.00000000000000000, -1.007678096661213996 ) ) ;
#4538 = EDGE_CURVE ( 'NONE', #7175, #4432, #4994, .T. ) ;
#4539 = CIRCLE ( 'NONE', #5953, 10.00000000000000000 ) ;
#4540 = DIRECTION ( 'NONE',  ( 0.000000000000000000, 0.000000000000000000, 1.000000000000000000 ) ) ;
#4541 = CARTESIAN_POINT ( 'NONE',  ( -6.012583318586190551, 59.60209052066605295, -7.414099792532695687 ) ) ;
#4542 = CARTESIAN_POINT ( 'NONE',  ( 2.996190927642119028, 44.25179316161710830, -9.332686369230469126 ) ) ;
#4543 =( BOUNDED_CURVE ( )  B_SPLINE_CURVE ( 3, ( #1508, #3969, #5814, #7661 ),
 .UNSPECIFIED., .F., .F. ) 
 B_SPLINE_CURVE_WITH_KNOTS ( ( 4, 4 ),
 ( 5.012420009095615470, 6.027536106381308656 ),
 .UNSPECIFIED. ) 
 CURVE ( )  GEOMETRIC_REPRESENTATION_ITEM ( )  RATIONAL_B_SPLINE_CURVE ( ( 1.000000000000000000, 0.9159560062732682306, 0.9159560062732682306, 1.000000000000000000 ) ) 
 REPRESENTATION_ITEM ( '' )  );
#4544 = CARTESIAN_POINT ( 'NONE',  ( 2.564464414728150121, 60.00000000000000000, -7.362662511468135662 ) ) ;
#4545 = CARTESIAN_POINT ( 'NONE',  ( 8.658087521192820546, 60.00000000000000000, 0.8085980120589473241 ) ) ;
#4546 = DIRECTION ( 'NONE',  ( -0.000000000000000000, -1.000000000000000000, 0.000000000000000000 ) ) ;
#4547 = EDGE_CURVE ( 'NONE', #7166, #6814, #4617, .T. ) ;
#4548 = CARTESIAN_POINT ( 'NONE',  ( 5.094020567058332283, 60.00000000000000000, 5.902222585990034354 ) ) ;
#4549 = EDGE_CURVE ( 'NONE', #2768, #3508, #6388, .T. ) ;
#4550 = CARTESIAN_POINT ( 'NONE',  ( -6.156074761113282889, 44.79918326678463814, 7.427608984075662946 ) ) ;
#4551 = ORIENTED_EDGE ( 'NONE', *, *, #7393, .T. ) ;
#4552 = ORIENTED_EDGE ( 'NONE', *, *, #4893, .F. ) ;
#4553 = CARTESIAN_POINT ( 'NONE',  ( 6.980486755139913108E-16, 1.500000000000000000, -5.700000000000000178 ) ) ;
#4554 = EDGE_LOOP ( 'NONE', ( #605, #4790, #3877, #4804 ) ) ;
#4555 = CARTESIAN_POINT ( 'NONE',  ( 9.904232356448350316, 43.59356959559178790, -1.500000000000402345 ) ) ;
#4556 = CARTESIAN_POINT ( 'NONE',  ( -5.816224553336668102, 44.86761226355658749, 7.073996434609428619 ) ) ;
#4557 = CARTESIAN_POINT ( 'NONE',  ( -9.931117344510861145, 44.42018426149839883, -1.173027105408420701 ) ) ;
#4558 = CARTESIAN_POINT ( 'NONE',  ( 4.940502048187749295, 59.99999999999998579, -4.662338471914997839 ) ) ;
#4559 = AXIS2_PLACEMENT_3D ( 'NONE', #4911, #2539, #6082 ) ;
#4560 = B_SPLINE_CURVE_WITH_KNOTS ( 'NONE', 3,
 ( #4690, #4010, #1466, #5895, #5288, #6343, #2197, #5248 ),
 .UNSPECIFIED., .F., .F.,
 ( 4, 2, 2, 4 ),
 ( 0.000000000000000000, 0.0006601270656099365820, 0.001320254131219873164, 0.002640508262439746328 ),
 .UNSPECIFIED. ) ;
#4561 = CARTESIAN_POINT ( 'NONE',  ( -5.726434491383816550, 45.00000000000000000, 8.198045377764739072 ) ) ;
#4562 = FACE_BOUND ( 'NONE', #6930, .T. ) ;
#4563 = CARTESIAN_POINT ( 'NONE',  ( 3.184711849079913559, 43.73111428290047087, 9.479629466501492630 ) ) ;
#4564 = VERTEX_POINT ( 'NONE', #5093 ) ;
#4565 = VERTEX_POINT ( 'NONE', #6345 ) ;
#4566 = AXIS2_PLACEMENT_3D ( 'NONE', #1397, #128, #3292 ) ;
#4567 = CARTESIAN_POINT ( 'NONE',  ( 6.689712018153666229, 60.65107842505673119, -1.499999999999999112 ) ) ;
#4568 = CARTESIAN_POINT ( 'NONE',  ( -2.995971747882097969, 44.25238333472627517, -9.332367004961300339 ) ) ;
#4569 = CARTESIAN_POINT ( 'NONE',  ( -9.962932804213769700, 45.24690378469706786, 0.8602150537634425387 ) ) ;
#4570 = CARTESIAN_POINT ( 'NONE',  ( 6.206740268244548275, 44.01655506774147852, 7.750389493983479205 ) ) ;
#4571 = CARTESIAN_POINT ( 'NONE',  ( -1.710145989845794529E-16, 59.29999999999999716, 0.7999999999999980460 ) ) ;
#4572 = FACE_OUTER_BOUND ( 'NONE', #7197, .T. ) ;
#4573 = CARTESIAN_POINT ( 'NONE',  ( -1.299038105676658228, 59.29999999999999716, 0.7500000000000007772 ) ) ;
#4574 = ORIENTED_EDGE ( 'NONE', *, *, #713, .T. ) ;
#4575 = CARTESIAN_POINT ( 'NONE',  ( 1.640170528033516373, 59.82488524275152031, 7.041418539660094567 ) ) ;
#4576 = CARTESIAN_POINT ( 'NONE',  ( -5.057344620691189618, 59.95740150391036138, 4.686340856884612549 ) ) ;
#4577 = FACE_OUTER_BOUND ( 'NONE', #863, .T. ) ;
#4578 = CARTESIAN_POINT ( 'NONE',  ( 4.452747745915654143, 60.02895608274864259, -4.712385329214362706 ) ) ;
#4579 = AXIS2_PLACEMENT_3D ( 'NONE', #984, #1594, #6510 ) ;
#4580 = CARTESIAN_POINT ( 'NONE',  ( 0.000000000000000000, 5.000000000000000000, -17.50000000000000355 ) ) ;
#4581 = CARTESIAN_POINT ( 'NONE',  ( 4.823560934331261763, 59.29999999999999716, 6.754652611666145390 ) ) ;
#4582 = CARTESIAN_POINT ( 'NONE',  ( 3.647712939154071243, 43.70110085826046031, -9.318024142041457125 ) ) ;
#4583 = PRODUCT ( '\X2\710a95214e1d8f6c67b6\X0\100g\X2\8f74\X0\', '\X2\710a95214e1d8f6c67b6\X0\100g\X2\8f74\X0\', '', ( #1843 ) ) ;
#4584 = EDGE_CURVE ( 'NONE', #6246, #1079, #2789, .T. ) ;
#4585 = CARTESIAN_POINT ( 'NONE',  ( 6.585055913044492115, 43.67642093579692641, 7.526607341188355171 ) ) ;
#4586 = CARTESIAN_POINT ( 'NONE',  ( 8.658087521192586067, 60.00000000000000000, -0.8085980120589194575 ) ) ;
#4587 = ADVANCED_FACE ( 'NONE', ( #7548 ), #7028, .F. ) ;
#4588 = CYLINDRICAL_SURFACE ( 'NONE', #608, 0.6999999999999998446 ) ;
#4589 = CARTESIAN_POINT ( 'NONE',  ( 7.684775285480226259, 58.90544815734008921, -2.027628120251693478 ) ) ;
#4590 = AXIS2_PLACEMENT_3D ( 'NONE', #3029, #4997, #6088 ) ;
#4591 =( BOUNDED_SURFACE ( )  B_SPLINE_SURFACE ( 3, 2, ( 
 ( #2907, #6007, #495 ),
 ( #2949, #5404, #141 ),
 ( #3789, #2581, #3026 ),
 ( #4879, #1892, #5597 ),
 ( #7447, #1250, #1933 ),
 ( #1816, #5560, #6772 ),
 ( #58, #2497, #728 ),
 ( #5482, #7367, #4310 ),
 ( #6812, #4953, #4231 ),
 ( #1323, #6694, #7405 ) ),
 .UNSPECIFIED., .F., .F., .F. ) 
 B_SPLINE_SURFACE_WITH_KNOTS ( ( 4, 2, 2, 2, 4 ),
 ( 3, 3 ),
 ( 0.000000000000000000, 0.0005780509363421310921, 0.001156101872684262184, 0.001734152809026393276, 0.002312203745368524369 ),
 ( 0.000000000000000000, 1.000000000000000000 ),
 .UNSPECIFIED. ) 
 GEOMETRIC_REPRESENTATION_ITEM ( )  RATIONAL_B_SPLINE_SURFACE ( (
 ( 1.000000000000000000, 0.7368926330804049796, 1.000000000000000000),
 ( 1.000000000000000000, 0.7560717295199589350, 1.000000000000000000),
 ( 1.000000000000000000, 0.7784905715804985027, 1.000000000000000000),
 ( 1.000000000000000000, 0.8293914224505197774, 1.000000000000000000),
 ( 1.000000000000000000, 0.8577598976841899203, 1.000000000000000000),
 ( 1.000000000000000000, 0.9135290035519721963, 1.000000000000000000),
 ( 1.000000000000000000, 0.9416745923865864620, 1.000000000000000000),
 ( 1.000000000000000000, 0.9850746835032312410, 1.000000000000000000),
 ( 1.000000000000000000, 1.000068771992409733, 1.000000000000000000),
 ( 1.000000000000000000, 1.000000000000000000, 1.000000000000000000) ) ) 
 REPRESENTATION_ITEM ( '' )  SURFACE ( )  );
#4592 = CARTESIAN_POINT ( 'NONE',  ( -3.372460057727669991, 45.42752472520007956, 8.841272166481001449 ) ) ;
#4593 = ORIENTED_EDGE ( 'NONE', *, *, #418, .T. ) ;
#4594 = ORIENTED_EDGE ( 'NONE', *, *, #7642, .T. ) ;
#4595 = ADVANCED_FACE ( 'NONE', ( #4013 ), #4107, .T. ) ;
#4596 = CIRCLE ( 'NONE', #5500, 8.500000000000000000 ) ;
#4597 = CARTESIAN_POINT ( 'NONE',  ( 9.786345413644344404, 43.60193811140077003, -2.056074766355140859 ) ) ;
#4598 = EDGE_LOOP ( 'NONE', ( #7678, #7766, #893, #1010 ) ) ;
#4599 = CARTESIAN_POINT ( 'NONE',  ( 9.179273579016077989, 44.70309967785760108, -2.104099028807886462 ) ) ;
#4600 = CARTESIAN_POINT ( 'NONE',  ( 0.000000000000000000, 0.6999999999999999556, 0.000000000000000000 ) ) ;
#4601 = CARTESIAN_POINT ( 'NONE',  ( -9.959979299690687071, 45.05369091973981455, -0.8961036389796455115 ) ) ;
#4602 = CARTESIAN_POINT ( 'NONE',  ( 5.429778716980361963, 59.29999999999999716, -6.404652611666151962 ) ) ;
#4603 = CARTESIAN_POINT ( 'NONE',  ( 9.177869025133984948, 58.91913233273812978, 1.499999999999999778 ) ) ;
#4604 = DIRECTION ( 'NONE',  ( 0.000000000000000000, 0.000000000000000000, 1.000000000000000000 ) ) ;
#4605 = CARTESIAN_POINT ( 'NONE',  ( 3.703952426316404090, 45.18997598112195391, 9.305081631459415803 ) ) ;
#4606 = ORIENTED_EDGE ( 'NONE', *, *, #2252, .T. ) ;
#4607 = ORIENTED_EDGE ( 'NONE', *, *, #7542, .F. ) ;
#4608 = CARTESIAN_POINT ( 'NONE',  ( -3.654808268991263542, 58.69053078926086187, 9.330313613816279883 ) ) ;
#4609 = CARTESIAN_POINT ( 'NONE',  ( -4.236498312829950486, 58.50000000000000000, -9.058260431528173839 ) ) ;
#4610 = CARTESIAN_POINT ( 'NONE',  ( 8.568127678504456668, 59.29999999999999716, -1.500000000000000222 ) ) ;
#4611 = CARTESIAN_POINT ( 'NONE',  ( 6.033811851148510819, 44.56049309867729136, 7.450868689500525832 ) ) ;
#4612 = DIRECTION ( 'NONE',  ( -0.000000000000000000, -1.000000000000000000, -0.000000000000000000 ) ) ;
#4613 = CARTESIAN_POINT ( 'NONE',  ( -10.40238923102210933, 44.06027841475526685, 1.500000000000001332 ) ) ;
#4614 = CARTESIAN_POINT ( 'NONE',  ( 8.261481222607418573, 59.29999999999999716, 1.499999999999999778 ) ) ;
#4615 = ORIENTED_EDGE ( 'NONE', *, *, #4954, .T. ) ;
#4616 = AXIS2_PLACEMENT_3D ( 'NONE', #3720, #6173, #659 ) ;
#4617 = B_SPLINE_CURVE_WITH_KNOTS ( 'NONE', 3,
 ( #4330, #6791, #1271, #2801, #5741, #5132, #3404, #276, #2754, #7588, #5817, #3930 ),
 .UNSPECIFIED., .F., .F.,
 ( 4, 2, 2, 2, 2, 4 ),
 ( 0.000000000000000000, 0.0006060804227970581579, 0.001212160845594116316, 0.001818241268391174474, 0.002121281479789703661, 0.002424321691188232632 ),
 .UNSPECIFIED. ) ;
#4618 = TOROIDAL_SURFACE ( 'NONE', #2044, 11.30000000000000249, 0.6999999999999999556 ) ;
#4619 = EDGE_CURVE ( 'NONE', #6890, #3921, #6509, .T. ) ;
#4620 = CARTESIAN_POINT ( 'NONE',  ( -8.989789427541589717, 44.82112557137042330, -2.120593010134198764 ) ) ;
#4621 = CARTESIAN_POINT ( 'NONE',  ( -7.651422187476526027, 59.00457541846049736, -2.030453724632752088 ) ) ;
#4622 = CARTESIAN_POINT ( 'NONE',  ( -5.250535276499798343, 59.51119082470171406, 5.886515752905311594 ) ) ;
#4623 = CARTESIAN_POINT ( 'NONE',  ( 5.507660207980444866, 58.50000000000000000, -6.539547311047517297 ) ) ;
#4624 = CYLINDRICAL_SURFACE ( 'NONE', #4232, 0.6999999999999999556 ) ;
#4625 = CARTESIAN_POINT ( 'NONE',  ( 5.931801850617654637, 58.60552633313430704, -7.274182185700887260 ) ) ;
#4626 = CIRCLE ( 'NONE', #5648, 10.00000000000000000 ) ;
#4627 = CARTESIAN_POINT ( 'NONE',  ( 8.419275677190825036, 45.00000000000000711, 2.176364908160508094 ) ) ;
#4628 = VERTEX_POINT ( 'NONE', #4530 ) ;
#4629 = DIRECTION ( 'NONE',  ( 0.000000000000000000, 0.000000000000000000, 1.000000000000000000 ) ) ;
#4630 = LINE ( 'NONE', #2249, #2250 ) ;
#4631 = CARTESIAN_POINT ( 'NONE',  ( 8.364738265969403841, 59.04439041980842973, -1.499999999999999778 ) ) ;
#4632 = CARTESIAN_POINT ( 'NONE',  ( -5.183352265423726735, 59.92352707015806601, 7.336614002673356616 ) ) ;
#4633 = CARTESIAN_POINT ( 'NONE',  ( 4.963441625000372781, 60.00000000000000000, 4.196933074902872818 ) ) ;
#4634 = CARTESIAN_POINT ( 'NONE',  ( -5.237381722102823822, 58.61174645308477693, -6.071411241314803142 ) ) ;
#4635 = ORIENTED_EDGE ( 'NONE', *, *, #3409, .F. ) ;
#4636 = VERTEX_POINT ( 'NONE', #6991 ) ;
#4637 = CARTESIAN_POINT ( 'NONE',  ( -8.462269199216013504, 60.00000000000000000, -0.7999999999999992673 ) ) ;
#4638 = ORIENTED_EDGE ( 'NONE', *, *, #172, .F. ) ;
#4639 = CARTESIAN_POINT ( 'NONE',  ( 9.508148150027338374, 44.80891385920477887, 1.616485687996358278 ) ) ;
#4640 = CARTESIAN_POINT ( 'NONE',  ( -6.674614883571855728, 43.68522673060937933, 7.448901667904578083 ) ) ;
#4641 = CARTESIAN_POINT ( 'NONE',  ( 4.963441625000369228, 60.00000000000000000, -4.196933074902879923 ) ) ;
#4642 =( BOUNDED_SURFACE ( )  B_SPLINE_SURFACE ( 3, 2, ( 
 ( #2286, #4704, #7797 ),
 ( #6560, #1077, #5987 ),
 ( #5301, #918, #2163 ),
 ( #4742, #476, #3456 ),
 ( #7152, #5908, #3536 ),
 ( #3416, #5948, #5218 ),
 ( #7195, #5825, #6477 ),
 ( #5260, #5867, #4664 ),
 ( #1681, #7634, #6519 ),
 ( #2208, #5178, #440 ),
 ( #4625, #2125, #7114 ),
 ( #1604, #4137, #400 ) ),
 .UNSPECIFIED., .F., .F., .F. ) 
 B_SPLINE_SURFACE_WITH_KNOTS ( ( 4, 2, 2, 2, 2, 4 ),
 ( 3, 3 ),
 ( 0.000000000000000000, 0.0003130780027722930288, 0.0004696170041584395161, 0.0006261560055445860576, 0.0009392340083168790321, 0.001252312011089172115 ),
 ( 0.000000000000000000, 1.000000000000000000 ),
 .UNSPECIFIED. ) 
 GEOMETRIC_REPRESENTATION_ITEM ( )  RATIONAL_B_SPLINE_SURFACE ( (
 ( 1.000000000000000000, 0.7071067811865475727, 1.000000000000000000),
 ( 1.000000000000000000, 0.7114525854346851474, 1.000000000000000000),
 ( 1.000000000000000000, 0.7155841935930863373, 1.000000000000000000),
 ( 1.000000000000000000, 0.7211136383400680305, 1.000000000000000000),
 ( 1.000000000000000000, 0.7228253759579403859, 1.000000000000000000),
 ( 1.000000000000000000, 0.7260124768012867769, 1.000000000000000000),
 ( 1.000000000000000000, 0.7274944237442879658, 1.000000000000000000),
 ( 1.000000000000000000, 0.7314273696354134380, 1.000000000000000000),
 ( 1.000000000000000000, 0.7334714490888215588, 1.000000000000000000),
 ( 1.000000000000000000, 0.7361867872712569705, 1.000000000000000000),
 ( 1.000000000000000000, 0.7368962947193662405, 1.000000000000000000),
 ( 1.000000000000000000, 0.7368926330804052016, 1.000000000000000000) ) ) 
 REPRESENTATION_ITEM ( '' )  SURFACE ( )  );
#4643 = CARTESIAN_POINT ( 'NONE',  ( 8.568127678504456668, 59.30000000000000426, 1.499999999999999556 ) ) ;
#4644 = CARTESIAN_POINT ( 'NONE',  ( 6.116371473349212273, 60.00000000000000000, -2.199999999999999289 ) ) ;
#4645 = CARTESIAN_POINT ( 'NONE',  ( -2.303366213978023769, 60.00000000000000000, 7.689547311047511435 ) ) ;
#4646 = B_SPLINE_CURVE_WITH_KNOTS ( 'NONE', 3,
 ( #7199, #4823, #3696, #6604, #6150, #1160, #481, #596, #3543, #7841, #2331, #1194 ),
 .UNSPECIFIED., .F., .F.,
 ( 4, 2, 2, 2, 2, 4 ),
 ( 0.000000000000000000, 0.0005957801389501593938, 0.001191560277900316619, 0.001787340416850473736, 0.002085230486325552295, 0.002383120555800631070 ),
 .UNSPECIFIED. ) ;
#4647 = ORIENTED_EDGE ( 'NONE', *, *, #5730, .T. ) ;
#4648 = ORIENTED_EDGE ( 'NONE', *, *, #6108, .T. ) ;
#4649 = CARTESIAN_POINT ( 'NONE',  ( 7.876687232853364584, 58.61174645308479825, -1.499999999999902744 ) ) ;
#4650 = CARTESIAN_POINT ( 'NONE',  ( -3.564647676558570843, 44.21244023287263047, -9.174150886882204148 ) ) ;
#4651 = CARTESIAN_POINT ( 'NONE',  ( -9.910659931545033885, 44.17628949500908675, 1.338340469918261944 ) ) ;
#4652 = CARTESIAN_POINT ( 'NONE',  ( 6.411840000534167139, 44.70309967785710370, 6.897434593311646545 ) ) ;
#4653 = CARTESIAN_POINT ( 'NONE',  ( -8.462269199216013504, 59.29999999999999716, -1.499999999999999334 ) ) ;
#4654 = EDGE_CURVE ( 'NONE', #5187, #7883, #5902, .T. ) ;
#4655 = ADVANCED_FACE ( 'NONE', ( #4572 ), #5363, .F. ) ;
#4656 = CARTESIAN_POINT ( 'NONE',  ( 6.113877990629560166, 60.00000000000000000, 6.189547311047508771 ) ) ;
#4657 = CARTESIAN_POINT ( 'NONE',  ( 7.407092453893692863, 60.00000000000000711, 1.007676341483718430 ) ) ;
#4658 = ORIENTED_EDGE ( 'NONE', *, *, #5941, .F. ) ;
#4659 = CARTESIAN_POINT ( 'NONE',  ( 2.045817903406308869, 60.65107842505435087, 6.543460551733763175 ) ) ;
#4660 = DIRECTION ( 'NONE',  ( 0.000000000000000000, 0.000000000000000000, -1.000000000000000000 ) ) ;
#4661 = CARTESIAN_POINT ( 'NONE',  ( -5.429778716980365516, 60.00000000000000000, 6.404652611666148410 ) ) ;
#4662 = PLANE ( 'NONE',  #5334 ) ;
#4663 = CARTESIAN_POINT ( 'NONE',  ( 0.000000000000000000, 45.00000000000000000, 0.000000000000000000 ) ) ;
#4664 = CARTESIAN_POINT ( 'NONE',  ( 5.565459599515967248, 59.42402592094068581, -7.941717252624069801 ) ) ;
#4665 = CARTESIAN_POINT ( 'NONE',  ( -4.203941134065291685, 45.05369091973980034, -9.073646914189092527 ) ) ;
#4666 = B_SPLINE_CURVE_WITH_KNOTS ( 'NONE', 3,
 ( #2929, #5651, #6255, #1191, #556, #1378, #1798, #5503 ),
 .UNSPECIFIED., .F., .F.,
 ( 4, 2, 2, 4 ),
 ( 0.000000000000000000, 0.0006314477280047931006, 0.0009471715920071901388, 0.001262895456009587285 ),
 .UNSPECIFIED. ) ;
#4667 = ORIENTED_EDGE ( 'NONE', *, *, #7927, .F. ) ;
#4668 = CARTESIAN_POINT ( 'NONE',  ( 2.303366213978028210, 60.00000000000000000, 7.689547311047511435 ) ) ;
#4669 = CARTESIAN_POINT ( 'NONE',  ( 8.951050627970747797, 59.13703967621359681, -1.500000000000000000 ) ) ;
#4670 = CARTESIAN_POINT ( 'NONE',  ( -8.863800777060609093, 59.19488232838092046, 1.500000000000001332 ) ) ;
#4671 = CARTESIAN_POINT ( 'NONE',  ( -5.231155090398042162, 58.72161683363017204, -6.060626398842011042 ) ) ;
#4672 = ORIENTED_EDGE ( 'NONE', *, *, #6392, .F. ) ;
#4673 = ORIENTED_EDGE ( 'NONE', *, *, #4347, .T. ) ;
#4674 = CARTESIAN_POINT ( 'NONE',  ( -8.656927394368819861, 59.99145286394715981, -1.500000000000021760 ) ) ;
#4675 = ORIENTED_EDGE ( 'NONE', *, *, #4829, .T. ) ;
#4676 = CARTESIAN_POINT ( 'NONE',  ( 3.962372588375247418, 59.69377025920019975, 8.538957292253785525 ) ) ;
#4677 = CARTESIAN_POINT ( 'NONE',  ( -3.178067312557094404, 60.00000000000000000, -7.195547374055302647 ) ) ;
#4678 = CARTESIAN_POINT ( 'NONE',  ( 4.963441625000369228, 60.00000000000000000, -4.196933074902879035 ) ) ;
#4679 = CARTESIAN_POINT ( 'NONE',  ( 3.584054145202242747, 60.00000000000001421, -7.816458518484852291 ) ) ;
#4680 = CARTESIAN_POINT ( 'NONE',  ( 7.876687237339208281, 58.50000000000000000, 1.499999999999999334 ) ) ;
#4681 = CARTESIAN_POINT ( 'NONE',  ( -2.000783404178251068, 45.00000000000000000, 7.746013449242492577 ) ) ;
#4682 = ORIENTED_EDGE ( 'NONE', *, *, #5263, .T. ) ;
#4683 = ORIENTED_EDGE ( 'NONE', *, *, #3813, .T. ) ;
#4684 = ADVANCED_FACE ( 'NONE', ( #392 ), #3101, .T. ) ;
#4685 = EDGE_CURVE ( 'NONE', #7668, #5912, #5385, .T. ) ;
#4686 = CARTESIAN_POINT ( 'NONE',  ( 9.936898654411837839, 44.50460396087071757, -1.122539432169974649 ) ) ;
#4687 = CARTESIAN_POINT ( 'NONE',  ( -9.573981722790744442, 44.64349766606836312, 1.671163487013147986 ) ) ;
#4688 = CIRCLE ( 'NONE', #571, 10.00000000000000000 ) ;
#4689 = CARTESIAN_POINT ( 'NONE',  ( 2.995709705792198196, 44.27311077007768603, -9.331928556670996855 ) ) ;
#4690 = CARTESIAN_POINT ( 'NONE',  ( -8.261481222607418573, 60.00000000000000000, 0.8000000000000011546 ) ) ;
#4691 = ADVANCED_FACE ( 'NONE', ( #6591 ), #4282, .F. ) ;
#4692 = CARTESIAN_POINT ( 'NONE',  ( 9.451585822629834155, 44.43377321503503197, 2.081705520167752343 ) ) ;
#4693 = CARTESIAN_POINT ( 'NONE',  ( 3.538314276580448947, 60.00000000000000000, -7.728540100183667327 ) ) ;
#4694 = AXIS2_PLACEMENT_3D ( 'NONE', #4372, #3769, #6222 ) ;
#4695 = ORIENTED_EDGE ( 'NONE', *, *, #3461, .T. ) ;
#4696 = CIRCLE ( 'NONE', #3410, 2.200000000000000178 ) ;
#4697 = ADVANCED_FACE ( 'NONE', ( #6823 ), #3933, .F. ) ;
#4698 = EDGE_CURVE ( 'NONE', #3355, #1087, #1634, .T. ) ;
#4699 = CARTESIAN_POINT ( 'NONE',  ( -6.091737932137474942, 45.00000000000000000, 6.196957403381399665 ) ) ;
#4700 = CARTESIAN_POINT ( 'NONE',  ( -7.396226146599793161, 59.45216504684545811, -2.052864518610001632 ) ) ;
#4701 = DIRECTION ( 'NONE',  ( 0.000000000000000000, 1.000000000000000000, 0.000000000000000000 ) ) ;
#4702 = FACE_OUTER_BOUND ( 'NONE', #1101, .T. ) ;
#4703 = CARTESIAN_POINT ( 'NONE',  ( 1.741996643620814744, 59.72317080742409701, 7.182243355612357050 ) ) ;
#4704 = CARTESIAN_POINT ( 'NONE',  ( 5.530172705284658541, 60.00000000000000000, -6.578540100183670525 ) ) ;
#4705 = PLANE ( 'NONE',  #3857 ) ;
#4706 = ORIENTED_EDGE ( 'NONE', *, *, #374, .F. ) ;
#4707 = CARTESIAN_POINT ( 'NONE',  ( 0.000000000000000000, 60.00000000000000000, 0.000000000000000000 ) ) ;
#4708 = CARTESIAN_POINT ( 'NONE',  ( 9.353422689181016381, 59.66580496981411841, -1.500000000000141442 ) ) ;
#4709 = CARTESIAN_POINT ( 'NONE',  ( -3.267046553654247898, 43.62272147864062788, -9.452662756619448103 ) ) ;
#4710 = CARTESIAN_POINT ( 'NONE',  ( -9.452531826322337238, 59.63125511759735531, 0.8409449854148749459 ) ) ;
#4711 = CARTESIAN_POINT ( 'NONE',  ( 9.907692780744859817, 45.44761534702016093, -1.500000000000000444 ) ) ;
#4712 = ORIENTED_EDGE ( 'NONE', *, *, #4365, .T. ) ;
#4713 = EDGE_CURVE ( 'NONE', #3712, #1175, #4749, .T. ) ;
#4714 = ORIENTED_EDGE ( 'NONE', *, *, #1445, .F. ) ;
#4715 = ORIENTED_EDGE ( 'NONE', *, *, #3760, .T. ) ;
#4716 = CARTESIAN_POINT ( 'NONE',  ( 3.112559727078465066, 43.50000000000000000, 9.503261121602902151 ) ) ;
#4717 = CARTESIAN_POINT ( 'NONE',  ( 5.280135361485193357, 59.84879564947466690, 7.489458567519510446 ) ) ;
#4718 = AXIS2_PLACEMENT_3D ( 'NONE', #5612, #6946, #5009 ) ;
#4719 = CARTESIAN_POINT ( 'NONE',  ( 6.360703638106564028, 44.20607608376166553, -7.719150525543351904 ) ) ;
#4720 = CARTESIAN_POINT ( 'NONE',  ( 8.417244204608932634, 45.69089023002054262, -1.499999999999999556 ) ) ;
#4721 = CARTESIAN_POINT ( 'NONE',  ( 7.864233969442837591, 58.72161683362927675, 1.499999999999999556 ) ) ;
#4722 = DIRECTION ( 'NONE',  ( -0.000000000000000000, -1.000000000000000000, 0.000000000000000000 ) ) ;
#4723 = ORIENTED_EDGE ( 'NONE', *, *, #2076, .T. ) ;
#4724 = EDGE_LOOP ( 'NONE', ( #4312, #3725, #5682, #2791, #1937, #7047 ) ) ;
#4725 = CARTESIAN_POINT ( 'NONE',  ( -5.598365104305769613, 58.90544815734008921, -5.641396559474839201 ) ) ;
#4726 = CARTESIAN_POINT ( 'NONE',  ( -1.748532696889499860, 60.69990933521651755, 6.028547469708050777 ) ) ;
#4727 = CARTESIAN_POINT ( 'NONE',  ( 2.199923766695431659, 45.00000000000000000, -8.210379736694800812 ) ) ;
#4728 = CARTESIAN_POINT ( 'NONE',  ( 5.625404832128172217, 59.25597686298502964, -8.037112296794971300 ) ) ;
#4729 = CARTESIAN_POINT ( 'NONE',  ( -9.683643117177851423, 44.32661192286298757, -1.780905053859106690 ) ) ;
#4730 = B_SPLINE_CURVE_WITH_KNOTS ( 'NONE', 3,
 ( #3835, #3911, #2624, #3347 ),
 .UNSPECIFIED., .F., .F.,
 ( 4, 4 ),
 ( 0.000000000000000000, 0.0008152306934952735897 ),
 .UNSPECIFIED. ) ;
#4731 = DIRECTION ( 'NONE',  ( 0.000000000000000000, 0.000000000000000000, 1.000000000000000000 ) ) ;
#4732 = B_SPLINE_CURVE_WITH_KNOTS ( 'NONE', 3,
 ( #6868, #3808, #195, #6263 ),
 .UNSPECIFIED., .F., .F.,
 ( 4, 4 ),
 ( 0.000000000000000000, 0.0001849247682052300261 ),
 .UNSPECIFIED. ) ;
#4733 = CYLINDRICAL_SURFACE ( 'NONE', #6647, 8.000000000000000000 ) ;
#4734 = ORIENTED_EDGE ( 'NONE', *, *, #7712, .T. ) ;
#4735 = AXIS2_PLACEMENT_3D ( 'NONE', #4251, #3081, #4210 ) ;
#4736 = CARTESIAN_POINT ( 'NONE',  ( 8.261481222607418573, 59.29999999999999716, -1.499999999999999556 ) ) ;
#4737 = CARTESIAN_POINT ( 'NONE',  ( 5.953635892195999979, 44.70126703666945644, -7.311999855049154284 ) ) ;
#4738 = CARTESIAN_POINT ( 'NONE',  ( 3.845993699320386039, 59.84879564947461716, 8.317460642226560452 ) ) ;
#4739 = CARTESIAN_POINT ( 'NONE',  ( 5.043798350580660284, 59.51080168353365707, -5.736115006337864308 ) ) ;
#4740 = CARTESIAN_POINT ( 'NONE',  ( -5.835067399122640275, 44.77287452499038523, 8.121147443139728139 ) ) ;
#4741 = PRESENTATION_LAYER_ASSIGNMENT (  '', '', ( #1526 ) ) ;
#4742 = CARTESIAN_POINT ( 'NONE',  ( 5.707893942612296101, 59.21935768393873900, -6.886362312819146680 ) ) ;
#4743 = CARTESIAN_POINT ( 'NONE',  ( -3.628777340703612797, 60.00000000000000000, -7.902422747571569595 ) ) ;
#4744 = ORIENTED_EDGE ( 'NONE', *, *, #7664, .T. ) ;
#4745 = CARTESIAN_POINT ( 'NONE',  ( 6.673785686565878450, 43.50000000000000000, 7.447186355247759515 ) ) ;
#4746 = CARTESIAN_POINT ( 'NONE',  ( 3.939943430931844404, 45.00000000000000000, -9.124182201321207941 ) ) ;
#4747 = CARTESIAN_POINT ( 'NONE',  ( 7.691553809211764126, 45.00000000000000000, -2.199999999999999734 ) ) ;
#4748 = CARTESIAN_POINT ( 'NONE',  ( 2.143131898507868643E-15, 0.7000000000000000666, 17.50000000000000355 ) ) ;
#4749 = CIRCLE ( 'NONE', #1911, 0.7000000000000000666 ) ;
#4750 = CARTESIAN_POINT ( 'NONE',  ( 9.897186731620198685, 44.71979963232642064, -1.477700533470817090 ) ) ;
#4751 = VECTOR ( 'NONE', #4270, 1000.000000000000114 ) ;
#4752 = ORIENTED_EDGE ( 'NONE', *, *, #7344, .F. ) ;
#4753 = ORIENTED_EDGE ( 'NONE', *, *, #6914, .T. ) ;
#4754 = DIRECTION ( 'NONE',  ( 0.000000000000000000, 0.000000000000000000, -1.000000000000000000 ) ) ;
#4755 =( BOUNDED_CURVE ( )  B_SPLINE_CURVE ( 3, ( #3013, #600, #7882, #3051 ),
 .UNSPECIFIED., .F., .T. ) 
 B_SPLINE_CURVE_WITH_KNOTS ( ( 4, 4 ),
 ( 5.012420009095607476, 5.759586531581286195 ),
 .UNSPECIFIED. ) 
 CURVE ( )  GEOMETRIC_REPRESENTATION_ITEM ( )  RATIONAL_B_SPLINE_CURVE ( ( 1.000000000000000000, 0.9540170669286240912, 0.9540170669286240912, 1.000000000000000000 ) ) 
 REPRESENTATION_ITEM ( '' )  );
#4756 = ORIENTED_EDGE ( 'NONE', *, *, #5941, .T. ) ;
#4757 = CARTESIAN_POINT ( 'NONE',  ( 4.115586294076719831, 44.77287452499037101, 9.113890322004463584 ) ) ;
#4758 = CARTESIAN_POINT ( 'NONE',  ( -1.344705415407785543, 60.00000000000000000, -6.563340610998263713 ) ) ;
#4759 = EDGE_CURVE ( 'NONE', #5773, #3834, #1460, .T. ) ;
#4760 = DIRECTION ( 'NONE',  ( 0.000000000000000000, 1.000000000000000000, -0.000000000000000000 ) ) ;
#4761 = DIRECTION ( 'NONE',  ( 0.000000000000000000, 1.000000000000000000, 0.000000000000000000 ) ) ;
#4762 = DIRECTION ( 'NONE',  ( 0.000000000000000000, 0.000000000000000000, 1.000000000000000000 ) ) ;
#4763 = ORIENTED_EDGE ( 'NONE', *, *, #4930, .T. ) ;
#4764 = ORIENTED_EDGE ( 'NONE', *, *, #5942, .F. ) ;
#4765 = DIRECTION ( 'NONE',  ( 0.4999999999999997780, -0.000000000000000000, -0.8660254037844387076 ) ) ;
#4766 = CARTESIAN_POINT ( 'NONE',  ( -9.786345413644342628, 43.50000000000000000, 2.056074766355141303 ) ) ;
#4767 = DIRECTION ( 'NONE',  ( 0.000000000000000000, 0.000000000000000000, -1.000000000000000000 ) ) ;
#4768 = CARTESIAN_POINT ( 'NONE',  ( 3.333725648282743315, 58.50000000000000000, 8.774182201321206520 ) ) ;
#4769 = CARTESIAN_POINT ( 'NONE',  ( -3.361965526456122344, 45.27937693539349340, 8.823095105117062076 ) ) ;
#4770 = CARTESIAN_POINT ( 'NONE',  ( -9.034079619775647885, 44.87933441066142848, 1.499999999999153566 ) ) ;
#4771 = DIRECTION ( 'NONE',  ( -0.000000000000000000, -1.000000000000000000, -0.000000000000000000 ) ) ;
#4772 = ORIENTED_EDGE ( 'NONE', *, *, #3362, .T. ) ;
#4773 = CARTESIAN_POINT ( 'NONE',  ( 7.234637190292795061, 59.75043083125041932, -1.795948824296665469 ) ) ;
#4774 = CARTESIAN_POINT ( 'NONE',  ( 5.697223245131465497, 45.64523177326800152, -6.867880122630153572 ) ) ;
#4775 = CARTESIAN_POINT ( 'NONE',  ( -5.446005651076289311, 59.22956441742048384, 6.432758485971364237 ) ) ;
#4776 = DIRECTION ( 'NONE',  ( 0.000000000000000000, -0.000000000000000000, 1.000000000000000000 ) ) ;
#4777 = PLANE ( 'NONE',  #5909 ) ;
#4778 = EDGE_LOOP ( 'NONE', ( #691, #3713, #7941, #4392 ) ) ;
#4779 = EDGE_LOOP ( 'NONE', ( #4683, #4842, #477 ) ) ;
#4780 = B_SPLINE_CURVE_WITH_KNOTS ( 'NONE', 3,
 ( #1701, #6050, #4681, #4118 ),
 .UNSPECIFIED., .F., .F.,
 ( 4, 4 ),
 ( 0.000000000000000000, 0.0001849247682052305953 ),
 .UNSPECIFIED. ) ;
#4781 = ADVANCED_FACE ( 'NONE', ( #6299 ), #5688, .F. ) ;
#4782 = CARTESIAN_POINT ( 'NONE',  ( -4.095314523829900466, 59.42314520554081270, -8.791285481552220560 ) ) ;
#4783 = CARTESIAN_POINT ( 'NONE',  ( -10.47413340557541339, 43.77166576655249486, -1.499999999999998668 ) ) ;
#4784 = ADVANCED_FACE ( 'NONE', ( #7612 ), #130, .T. ) ;
#4785 = CARTESIAN_POINT ( 'NONE',  ( -1.567452533625921296, 60.00000000000000000, 6.609769517137223716 ) ) ;
#4786 = CARTESIAN_POINT ( 'NONE',  ( -3.413991530692904508, 43.75189518330643068, -9.400281638617929758 ) ) ;
#4787 = CARTESIAN_POINT ( 'NONE',  ( 7.723139820043106063, 59.51119082470242461, 1.603839056462386559 ) ) ;
#4788 = EDGE_CURVE ( 'NONE', #410, #7137, #4327, .T. ) ;
#4789 = FACE_OUTER_BOUND ( 'NONE', #7525, .T. ) ;
#4790 = ORIENTED_EDGE ( 'NONE', *, *, #508, .F. ) ;
#4791 = ORIENTED_EDGE ( 'NONE', *, *, #1437, .F. ) ;
#4792 = EDGE_CURVE ( 'NONE', #7332, #5342, #3721, .T. ) ;
#4793 = SURFACE_STYLE_FILL_AREA ( #6574 ) ;
#4794 = ORIENTED_EDGE ( 'NONE', *, *, #846, .T. ) ;
#4795 = CARTESIAN_POINT ( 'NONE',  ( 3.996283357239059253, 44.50456869590721709, 9.166884381609888166 ) ) ;
#4796 = EDGE_CURVE ( 'NONE', #4565, #7441, #5844, .T. ) ;
#4797 = CARTESIAN_POINT ( 'NONE',  ( -1.369260537095869257, 60.00000000000000000, -6.440345368904911716 ) ) ;
#4798 = CARTESIAN_POINT ( 'NONE',  ( 1.635217420454696979, 59.82844729212749968, -7.034688384196970290 ) ) ;
#4799 = CARTESIAN_POINT ( 'NONE',  ( 7.683799962047499932, 59.24267963121096159, 1.500000000000013545 ) ) ;
#4800 = B_SPLINE_CURVE_WITH_KNOTS ( 'NONE', 3,
 ( #5303, #2767, #401, #2245, #2851, #7115, #7951, #1789 ),
 .UNSPECIFIED., .F., .F.,
 ( 4, 2, 2, 4 ),
 ( 0.000000000000000000, 0.0006314477280047917996, 0.0009471715920071894883, 0.001262895456009587285 ),
 .UNSPECIFIED. ) ;
#4801 = CYLINDRICAL_SURFACE ( 'NONE', #4461, 0.6999999999999999556 ) ;
#4802 = ORIENTED_EDGE ( 'NONE', *, *, #2086, .F. ) ;
#4803 =( BOUNDED_SURFACE ( )  B_SPLINE_SURFACE ( 3, 2, ( 
 ( #896, #3837, #1418 ),
 ( #5685, #6977, #222 ),
 ( #185, #2664, #2141 ),
 ( #1455, #3914, #1539 ),
 ( #5080, #3880, #6936 ),
 ( #3349, #6452, #2784 ),
 ( #6332, #5841, #342 ),
 ( #7693, #813, #5118 ),
 ( #7575, #6375, #3311 ),
 ( #5763, #2707, #2980 ),
 ( #7211, #6495, #1056 ),
 ( #7768, #6578, #4187 ),
 ( #5924, #6047, #5276 ),
 ( #535, #3512, #7731 ) ),
 .UNSPECIFIED., .F., .F., .F. ) 
 B_SPLINE_SURFACE_WITH_KNOTS ( ( 4, 2, 2, 2, 2, 2, 4 ),
 ( 3, 3 ),
 ( 0.000000000000000000, 0.0004429394651903915741, 0.0008858789303807831483, 0.001328818395571174614, 0.001771757860761566297, 0.002657636791142349228, 0.003543515721523132593 ),
 ( 0.000000000000000000, 1.000000000000000000 ),
 .UNSPECIFIED. ) 
 GEOMETRIC_REPRESENTATION_ITEM ( )  RATIONAL_B_SPLINE_SURFACE ( (
 ( 1.000000000000000000, 0.7914775938769179620, 1.000000000000000000),
 ( 1.000000000000000000, 0.7914751215769351145, 1.000000000000000000),
 ( 1.000000000000000000, 0.7910692898050067923, 1.000000000000000000),
 ( 1.000000000000000000, 0.7894438079031643740, 1.000000000000000000),
 ( 1.000000000000000000, 0.7882037160860481118, 1.000000000000000000),
 ( 1.000000000000000000, 0.7849047533172580637, 1.000000000000000000),
 ( 1.000000000000000000, 0.7828546967482582497, 1.000000000000000000),
 ( 1.000000000000000000, 0.7778217196377313902, 1.000000000000000000),
 ( 1.000000000000000000, 0.7748435908278674678, 1.000000000000000000),
 ( 1.000000000000000000, 0.7646248375017756782, 1.000000000000000000),
 ( 1.000000000000000000, 0.7558737235606822757, 1.000000000000000000),
 ( 1.000000000000000000, 0.7342902559672639384, 1.000000000000000000),
 ( 1.000000000000000000, 0.7211950083353736440, 1.000000000000000000),
 ( 1.000000000000000000, 0.7060162090476740371, 1.000000000000000000) ) ) 
 REPRESENTATION_ITEM ( '' )  SURFACE ( )  );
#4804 = ORIENTED_EDGE ( 'NONE', *, *, #324, .F. ) ;
#4805 = CARTESIAN_POINT ( 'NONE',  ( 9.819010660001895374, 43.61993891098802578, -1.900597256924166256 ) ) ;
#4806 = CARTESIAN_POINT ( 'NONE',  ( -2.871146607505509429, 59.08601872171036717, 7.972971800178566326 ) ) ;
#4807 = CARTESIAN_POINT ( 'NONE',  ( 4.236498312829946045, 45.00000000000000000, 9.058260431528175616 ) ) ;
#4808 = CARTESIAN_POINT ( 'NONE',  ( -5.250535276499790349, 59.51119082470169985, -5.886515752905226329 ) ) ;
#4809 = DIRECTION ( 'NONE',  ( -1.000000000000000000, 0.000000000000000000, 0.000000000000000000 ) ) ;
#4810 = CARTESIAN_POINT ( 'NONE',  ( 4.217759015874633199, 58.89571938483739899, -9.022886508252955906 ) ) ;
#4811 = DIRECTION ( 'NONE',  ( 0.000000000000000000, 0.000000000000000000, 1.000000000000000000 ) ) ;
#4812 = ORIENTED_EDGE ( 'NONE', *, *, #1237, .F. ) ;
#4813 = CIRCLE ( 'NONE', #5064, 17.50000000000000355 ) ;
#4814 = EDGE_CURVE ( 'NONE', #5957, #3588, #3070, .T. ) ;
#4815 = DIRECTION ( 'NONE',  ( -0.000000000000000000, -1.000000000000000000, -0.000000000000000000 ) ) ;
#4816 = CARTESIAN_POINT ( 'NONE',  ( 6.302810483472670811, 44.84573993124932656, -7.916787987852441866 ) ) ;
#4817 = CARTESIAN_POINT ( 'NONE',  ( -5.004674981595189642, 59.59082966460351116, 5.668351343491806027 ) ) ;
#4818 = CIRCLE ( 'NONE', #3663, 0.7000000000000001776 ) ;
#4819 = CARTESIAN_POINT ( 'NONE',  ( -6.673785686565874897, 43.50000000000000000, 7.447186355247762179 ) ) ;
#4820 = FACE_OUTER_BOUND ( 'NONE', #2942, .T. ) ;
#4821 = AXIS2_PLACEMENT_3D ( 'NONE', #2407, #1803, #3698 ) ;
#4822 = VERTEX_POINT ( 'NONE', #493 ) ;
#4823 = CARTESIAN_POINT ( 'NONE',  ( 8.069398555095318670, 59.35850120951380404, 1.500000000000000444 ) ) ;
#4824 = CARTESIAN_POINT ( 'NONE',  ( 0.000000000000000000, 35.00000000000000000, -2.200000000000000178 ) ) ;
#4825 = AXIS2_PLACEMENT_3D ( 'NONE', #1527, #5306, #5793 ) ;
#4826 = CARTESIAN_POINT ( 'NONE',  ( 4.923954922635551235, 60.00000000000000000, -6.928540100183670170 ) ) ;
#4827 = CARTESIAN_POINT ( 'NONE',  ( 0.000000000000000000, 4.299999999999999822, 16.80000000000000426 ) ) ;
#4828 = CARTESIAN_POINT ( 'NONE',  ( -4.877198847914633539, 59.80135194356375195, -5.447556203204541703 ) ) ;
#4829 = EDGE_CURVE ( 'NONE', #7137, #6707, #2379, .T. ) ;
#4830 = VERTEX_POINT ( 'NONE', #4837 ) ;
#4831 = ORIENTED_EDGE ( 'NONE', *, *, #2234, .F. ) ;
#4832 = CARTESIAN_POINT ( 'NONE',  ( 5.039136279877939550, 59.97334755155949182, -4.589865193077327987 ) ) ;
#4833 = VERTEX_POINT ( 'NONE', #3594 ) ;
#4834 = CARTESIAN_POINT ( 'NONE',  ( 5.756038165625388281, 45.05369091973981455, -8.177543275209458784 ) ) ;
#4835 = CARTESIAN_POINT ( 'NONE',  ( 0.000000000000000000, 0.000000000000000000, 16.80000000000000426 ) ) ;
#4836 = TOROIDAL_SURFACE ( 'NONE', #1359, 11.30000000000000249, 0.6999999999999999556 ) ;
#4837 = CARTESIAN_POINT ( 'NONE',  ( 1.152929848348836828, 60.00000000000000000, -6.396933074902873884 ) ) ;
#4838 = FACE_OUTER_BOUND ( 'NONE', #7459, .T. ) ;
#4839 = CARTESIAN_POINT ( 'NONE',  ( 2.100269260537711498E-15, 5.000000000000000000, -16.80000000000000426 ) ) ;
#4840 = ORIENTED_EDGE ( 'NONE', *, *, #1838, .T. ) ;
#4841 = EDGE_CURVE ( 'NONE', #4489, #3908, #6805, .T. ) ;
#4842 = ORIENTED_EDGE ( 'NONE', *, *, #5730, .F. ) ;
#4843 = CIRCLE ( 'NONE', #2399, 12.70000000000000107 ) ;
#4844 = CARTESIAN_POINT ( 'NONE',  ( -2.779060175756863593, 45.49311510543482484, 7.876015175025672832 ) ) ;
#4845 = FACE_OUTER_BOUND ( 'NONE', #7437, .T. ) ;
#4846 = CARTESIAN_POINT ( 'NONE',  ( -2.118037896644447748, 58.60212650681946656, 7.714526263379883453 ) ) ;
#4847 = CARTESIAN_POINT ( 'NONE',  ( 0.000000000000000000, 0.7000000000000000666, 0.000000000000000000 ) ) ;
#4848 = CARTESIAN_POINT ( 'NONE',  ( 5.029536240196285313, 59.99029920218771395, -7.094329906895547211 ) ) ;
#4849 = CARTESIAN_POINT ( 'NONE',  ( -4.236498312829941604, 58.50000000000000000, 9.058260431528177392 ) ) ;
#4850 = CARTESIAN_POINT ( 'NONE',  ( -8.210359310042406378, 45.00000000000002132, 1.500000000000001110 ) ) ;
#4851 = FACE_OUTER_BOUND ( 'NONE', #5847, .T. ) ;
#4852 = AXIS2_PLACEMENT_3D ( 'NONE', #4305, #3340, #5714 ) ;
#4853 = CARTESIAN_POINT ( 'NONE',  ( 9.399303417666775573, 44.49375715928992037, 2.085895687412895327 ) ) ;
#4854 = ORIENTED_EDGE ( 'NONE', *, *, #7383, .F. ) ;
#4855 = CYLINDRICAL_SURFACE ( 'NONE', #1086, 0.7000000000000000666 ) ;
#4856 = CARTESIAN_POINT ( 'NONE',  ( 9.786345413644342628, 43.50000000000000000, -2.056074766355140415 ) ) ;
#4857 = AXIS2_PLACEMENT_3D ( 'NONE', #3542, #1718, #7461 ) ;
#4858 = CARTESIAN_POINT ( 'NONE',  ( -5.621956773927094808, 58.60212650681934576, 5.691537756362093248 ) ) ;
#4859 = CARTESIAN_POINT ( 'NONE',  ( -2.932096493931343861, 59.29999999999999716, 8.078540100183666084 ) ) ;
#4860 = DIRECTION ( 'NONE',  ( 0.000000000000000000, 0.000000000000000000, -1.000000000000000000 ) ) ;
#4861 = EDGE_CURVE ( 'NONE', #7701, #1848, #6927, .T. ) ;
#4862 = CIRCLE ( 'NONE', #2413, 2.200000000000000178 ) ;
#4863 = VERTEX_POINT ( 'NONE', #4150 ) ;
#4864 = EDGE_LOOP ( 'NONE', ( #2575, #1771, #2931, #6040, #6689 ) ) ;
#4865 = EDGE_CURVE ( 'NONE', #5592, #664, #3742, .T. ) ;
#4866 = CARTESIAN_POINT ( 'NONE',  ( -8.909629510567409483, 44.85047874796379119, -2.128279778626081864 ) ) ;
#4867 = CARTESIAN_POINT ( 'NONE',  ( -5.664806457362542069, 45.00752006237845393, 5.649211924876190061 ) ) ;
#4868 = CARTESIAN_POINT ( 'NONE',  ( 6.116371473349213161, 60.00000000000000000, 2.199999999999999289 ) ) ;
#4869 = CARTESIAN_POINT ( 'NONE',  ( 5.262762860349467609, 59.87075451882977717, 6.115372662311787444 ) ) ;
#4870 = FACE_OUTER_BOUND ( 'NONE', #1193, .T. ) ;
#4871 = ORIENTED_EDGE ( 'NONE', *, *, #6011, .F. ) ;
#4872 = DIRECTION ( 'NONE',  ( 0.000000000000000000, 0.000000000000000000, 1.000000000000000000 ) ) ;
#4873 = AXIS2_PLACEMENT_3D ( 'NONE', #1430, #1468, #5782 ) ;
#4874 = VERTEX_POINT ( 'NONE', #4720 ) ;
#4875 = CARTESIAN_POINT ( 'NONE',  ( -5.446774382792915148, 45.55979648596110820, 6.412806685466004630 ) ) ;
#4876 = CARTESIAN_POINT ( 'NONE',  ( 5.726434491383822767, 58.50000000000000711, 8.198045377764735520 ) ) ;
#4877 = CARTESIAN_POINT ( 'NONE',  ( 0.000000000000000000, 4.299999999999999822, 0.000000000000000000 ) ) ;
#4878 = CYLINDRICAL_SURFACE ( 'NONE', #5134, 8.000000000000000000 ) ;
#4879 = CARTESIAN_POINT ( 'NONE',  ( -5.857136993009373072, 44.69141332848794690, -8.105423835334255145 ) ) ;
#4880 = AXIS2_PLACEMENT_3D ( 'NONE', #7113, #2162, #7717 ) ;
#4881 = ORIENTED_EDGE ( 'NONE', *, *, #3505, .T. ) ;
#4882 = CARTESIAN_POINT ( 'NONE',  ( -2.303366213978023769, 60.00000000000000000, 8.389547311047511613 ) ) ;
#4883 = CARTESIAN_POINT ( 'NONE',  ( 0.000000000000000000, 0.8000000000000000444, 5.700000000000000178 ) ) ;
#4884 = CARTESIAN_POINT ( 'NONE',  ( -2.806141549344550956, 45.70000000000000284, -7.860379736694802943 ) ) ;
#4885 = CARTESIAN_POINT ( 'NONE',  ( 3.099147033778100635, 45.64523177326800152, 8.367880122630053208 ) ) ;
#4886 = CARTESIAN_POINT ( 'NONE',  ( 3.333725648282736653, 58.50000000000000000, -8.774182201321208296 ) ) ;
#4887 = EDGE_CURVE ( 'NONE', #5743, #4506, #2591, .T. ) ;
#4888 = DIRECTION ( 'NONE',  ( -0.8660254037844384856, 0.000000000000000000, 0.5000000000000003331 ) ) ;
#4889 = CARTESIAN_POINT ( 'NONE',  ( -6.918132598034695491, 59.82488524275489539, 2.100279926015033105 ) ) ;
#4890 = CARTESIAN_POINT ( 'NONE',  ( 2.183778260457862164, 59.68468581218333213, -7.260681740207022727 ) ) ;
#4891 = CARTESIAN_POINT ( 'NONE',  ( 9.309195573038568483, 44.70126703666946355, 1.499999999999968026 ) ) ;
#4892 = ORIENTED_EDGE ( 'NONE', *, *, #6459, .F. ) ;
#4893 = EDGE_CURVE ( 'NONE', #3588, #410, #7133, .T. ) ;
#4894 = CARTESIAN_POINT ( 'NONE',  ( -2.111599702598591310, 58.70560882366324762, -7.705244628815922425 ) ) ;
#4895 = CARTESIAN_POINT ( 'NONE',  ( 6.536104808464282101, 43.77166576655250196, -8.320865611855401411 ) ) ;
#4896 = CARTESIAN_POINT ( 'NONE',  ( 8.561278717236275426, 60.00000000000000711, -0.8043473209583550387 ) ) ;
#4897 = ADVANCED_FACE ( 'NONE', ( #1621 ), #4618, .F. ) ;
#4898 = CARTESIAN_POINT ( 'NONE',  ( -5.751032792931649595, 45.00000000000000000, -5.561080993352353730 ) ) ;
#4899 = CARTESIAN_POINT ( 'NONE',  ( -5.987583956895544901, 45.20841721513653511, 7.338814579335871890 ) ) ;
#4900 = CARTESIAN_POINT ( 'NONE',  ( -3.636134057090554705, 58.88145147495339415, -9.297968930012276090 ) ) ;
#4901 = VERTEX_POINT ( 'NONE', #7772 ) ;
#4902 = CIRCLE ( 'NONE', #4514, 0.6999999999999992895 ) ;
#4903 = LINE ( 'NONE', #4746, #6234 ) ;
#4904 = DIRECTION ( 'NONE',  ( 0.000000000000000000, 0.000000000000000000, 1.000000000000000000 ) ) ;
#4905 = CARTESIAN_POINT ( 'NONE',  ( 2.303366213978028654, 58.50000000000000000, 8.389547311047511613 ) ) ;
#4906 = CARTESIAN_POINT ( 'NONE',  ( 5.446005651075831011, 59.22956441742278599, 6.432758485970556883 ) ) ;
#4907 = CARTESIAN_POINT ( 'NONE',  ( -5.004674981593320027, 59.59082966460720598, -5.668351343488439831 ) ) ;
#4908 = ORIENTED_EDGE ( 'NONE', *, *, #2527, .T. ) ;
#4909 = ORIENTED_EDGE ( 'NONE', *, *, #2038, .F. ) ;
#4910 = CYLINDRICAL_SURFACE ( 'NONE', #869, 0.7000000000000000666 ) ;
#4911 = CARTESIAN_POINT ( 'NONE',  ( -6.010435543346970277, 45.69999999999999574, -6.010379736694797970 ) ) ;
#4912 = B_SPLINE_CURVE_WITH_KNOTS ( 'NONE', 3,
 ( #512, #1034, #2961, #5418, #1185, #7868, #3491, #7832 ),
 .UNSPECIFIED., .F., .F.,
 ( 4, 2, 2, 4 ),
 ( 0.000000000000000000, 0.0006601270656099367988, 0.001320254131219873598, 0.002640508262439747195 ),
 .UNSPECIFIED. ) ;
#4913 = DIRECTION ( 'NONE',  ( 0.000000000000000000, 0.000000000000000000, 1.000000000000000000 ) ) ;
#4914 = CARTESIAN_POINT ( 'NONE',  ( 2.118037897910831191, 45.02275046629593902, 7.714526263032195352 ) ) ;
#4915 = FACE_OUTER_BOUND ( 'NONE', #2811, .T. ) ;
#4916 = VERTEX_POINT ( 'NONE', #7855 ) ;
#4917 = CARTESIAN_POINT ( 'NONE',  ( -3.668867164638877298, 44.71979963232502797, 9.310065402316848093 ) ) ;
#4918 = DIRECTION ( 'NONE',  ( -0.000000000000000000, -1.000000000000000000, -0.000000000000000000 ) ) ;
#4919 = CARTESIAN_POINT ( 'NONE',  ( -3.106548304170063446, 43.70207799845186969, 9.494410354220873316 ) ) ;
#4920 = DIRECTION ( 'NONE',  ( 0.000000000000000000, 0.000000000000000000, 1.000000000000000000 ) ) ;
#4921 = CARTESIAN_POINT ( 'NONE',  ( -4.963441625000374557, 60.00000000000000000, -4.196933074902871041 ) ) ;
#4922 = AXIS2_PLACEMENT_3D ( 'NONE', #838, #3295, #246 ) ;
#4923 = CARTESIAN_POINT ( 'NONE',  ( -6.535411652276205352, 43.62712503595881941, -8.319665030120043880 ) ) ;
#4924 = B_SPLINE_CURVE_WITH_KNOTS ( 'NONE', 3,
 ( #5567, #6208, #1217, #1899, #3147, #1295, #65, #4886 ),
 .UNSPECIFIED., .F., .F.,
 ( 4, 2, 2, 4 ),
 ( 0.000000000000000000, 0.0003130780027722968777, 0.0006261560055445937554, 0.001252312011089172766 ),
 .UNSPECIFIED. ) ;
#4925 = CARTESIAN_POINT ( 'NONE',  ( -2.118037897910835188, 58.50000000000000000, -7.714526263032194464 ) ) ;
#4926 = CARTESIAN_POINT ( 'NONE',  ( -9.903460166955825983, 44.88446914518874564, 1.452233071378641993 ) ) ;
#4927 = CARTESIAN_POINT ( 'NONE',  ( -3.475169710456277095, 43.81655901773043382, -9.377007081716975279 ) ) ;
#4928 = VERTEX_POINT ( 'NONE', #3515 ) ;
#4929 = EDGE_CURVE ( 'NONE', #4830, #1976, #7674, .T. ) ;
#4930 = EDGE_CURVE ( 'NONE', #7448, #4119, #761, .T. ) ;
#4931 = CARTESIAN_POINT ( 'NONE',  ( -7.691553809211764126, 45.00000000000000000, 2.200000000000001066 ) ) ;
#4932 = CARTESIAN_POINT ( 'NONE',  ( 1.751077032585321991, 59.89494319286455237, 6.910950928292768580 ) ) ;
#4933 = CARTESIAN_POINT ( 'NONE',  ( -1.405225474359140581, 59.96606045144801556, -6.724589978644036847 ) ) ;
#4934 = CARTESIAN_POINT ( 'NONE',  ( 4.205297970773571592, 45.06128468650055652, -9.073004920217513813 ) ) ;
#4935 = CARTESIAN_POINT ( 'NONE',  ( 9.962932804213766147, 58.50000000000000000, -0.8602150537634407623 ) ) ;
#4936 = DIRECTION ( 'NONE',  ( 0.000000000000000000, 1.000000000000000000, 0.000000000000000000 ) ) ;
#4937 = DIRECTION ( 'NONE',  ( 0.000000000000000000, 0.000000000000000000, 1.000000000000000000 ) ) ;
#4938 = CARTESIAN_POINT ( 'NONE',  ( -5.582607807707959502, 59.29999997292472358, 6.669360361680897853 ) ) ;
#4939 = EDGE_LOOP ( 'NONE', ( #6086, #424, #367, #5272 ) ) ;
#4940 = EDGE_CURVE ( 'NONE', #5416, #1847, #255, .T. ) ;
#4941 = CARTESIAN_POINT ( 'NONE',  ( 0.000000000000000000, 58.50000000000000000, 0.000000000000000000 ) ) ;
#4942 = CARTESIAN_POINT ( 'NONE',  ( 9.886859966642592923, 45.00000000000000000, -2.200000000000000178 ) ) ;
#4943 = VECTOR ( 'NONE', #2882, 1000.000000000000000 ) ;
#4944 = CARTESIAN_POINT ( 'NONE',  ( 6.308966179655725703, 60.00000000555252910, 2.075899319075756200 ) ) ;
#4945 = TOROIDAL_SURFACE ( 'NONE', #4566, 8.500000000000000000, 1.500000000000000000 ) ;
#4946 = DIRECTION ( 'NONE',  ( 0.000000000000000000, 0.000000000000000000, -1.000000000000000000 ) ) ;
#4947 = ORIENTED_EDGE ( 'NONE', *, *, #3110, .T. ) ;
#4948 = VERTEX_POINT ( 'NONE', #6083 ) ;
#4949 = CARTESIAN_POINT ( 'NONE',  ( -8.850190765294900785, 59.95229064533530305, -0.8166514517364331649 ) ) ;
#4950 = CYLINDRICAL_SURFACE ( 'NONE', #951, 0.7000000000000000666 ) ;
#4951 = LINE ( 'NONE', #56, #4495 ) ;
#4952 = CARTESIAN_POINT ( 'NONE',  ( 2.178509498032603187, 45.03860799892976274, 7.697923669893198095 ) ) ;
#4953 = CARTESIAN_POINT ( 'NONE',  ( -6.585055913054572052, 43.67642093580651874, -7.526607341178414678 ) ) ;
#4954 = EDGE_CURVE ( 'NONE', #1741, #173, #1273, .T. ) ;
#4955 = ORIENTED_EDGE ( 'NONE', *, *, #7809, .F. ) ;
#4956 = ORIENTED_EDGE ( 'NONE', *, *, #1938, .F. ) ;
#4957 = EDGE_CURVE ( 'NONE', #1490, #7407, #4951, .T. ) ;
#4958 = DIRECTION ( 'NONE',  ( 0.000000000000000000, 0.000000000000000000, 1.000000000000000000 ) ) ;
#4959 = DIRECTION ( 'NONE',  ( -2.137682487307248399E-16, 0.000000000000000000, -1.000000000000000000 ) ) ;
#4960 = CARTESIAN_POINT ( 'NONE',  ( -6.909827558649230816, 59.82844729212749257, 2.101204365273853902 ) ) ;
#4961 = CARTESIAN_POINT ( 'NONE',  ( -2.909583996627139069, 45.69089023002221239, -8.039547311047510192 ) ) ;
#4962 = CARTESIAN_POINT ( 'NONE',  ( 2.883331027308043026, 59.04439041980842973, 7.994075834337296627 ) ) ;
#4963 = VECTOR ( 'NONE', #1148, 1000.000000000000000 ) ;
#4964 = CARTESIAN_POINT ( 'NONE',  ( -6.095141605132319285, 60.69990933521651755, 1.500000000000000444 ) ) ;
#4965 = CARTESIAN_POINT ( 'NONE',  ( -9.786345413644342628, 43.50000000000000000, 2.056074766355141303 ) ) ;
#4966 = ORIENTED_EDGE ( 'NONE', *, *, #3636, .T. ) ;
#4967 = CARTESIAN_POINT ( 'NONE',  ( -3.299574709160133512, 59.77675553006083931, 8.715031039634375531 ) ) ;
#4968 = CARTESIAN_POINT ( 'NONE',  ( -7.156321484481033224, 59.80135194356070372, -1.500000000000031530 ) ) ;
#4969 = CARTESIAN_POINT ( 'NONE',  ( -1.920280249655925253, 59.45216504684545811, -7.431751994395106919 ) ) ;
#4970 = CARTESIAN_POINT ( 'NONE',  ( 3.112559727078457517, 43.50000000000000000, -9.503261121602903927 ) ) ;
#4971 = CARTESIAN_POINT ( 'NONE',  ( -6.507954581812492201, 59.99999999999925393, 1.947431045221412971 ) ) ;
#4972 = CARTESIAN_POINT ( 'NONE',  ( 6.632943301889940635, 43.66696327351971263, 7.483787201426861380 ) ) ;
#4973 = CARTESIAN_POINT ( 'NONE',  ( -2.178509498032599634, 45.03860799892976985, 7.697923669893198095 ) ) ;
#4974 = CARTESIAN_POINT ( 'NONE',  ( -5.705169423673677187, 58.89571938483665292, 8.164129708915092820 ) ) ;
#4975 = ORIENTED_EDGE ( 'NONE', *, *, #2029, .F. ) ;
#4976 = AXIS2_PLACEMENT_3D ( 'NONE', #704, #7840, #1991 ) ;
#4977 = CARTESIAN_POINT ( 'NONE',  ( 4.668179383445604458, 59.99999999999999289, -5.030968448743690757 ) ) ;
#4978 = CARTESIAN_POINT ( 'NONE',  ( -9.450846968497787159, 44.94768297982636795, -1.574168646581098674 ) ) ;
#4979 = DIRECTION ( 'NONE',  ( -0.4999999999999991673, 0.000000000000000000, 0.8660254037844392627 ) ) ;
#4980 = PLANE ( 'NONE',  #1023 ) ;
#4981 = CARTESIAN_POINT ( 'NONE',  ( -5.037337231626852763, 60.00164933118431065, -4.380514908973212940 ) ) ;
#4982 = VERTEX_POINT ( 'NONE', #609 ) ;
#4983 = CARTESIAN_POINT ( 'NONE',  ( 2.909583996627135516, 58.50000000000000000, 8.039547311047511968 ) ) ;
#4984 = CARTESIAN_POINT ( 'NONE',  ( 8.817711673871386324, 59.21935768393873190, 1.500000000000000000 ) ) ;
#4985 = ORIENTED_EDGE ( 'NONE', *, *, #3107, .T. ) ;
#4986 = CARTESIAN_POINT ( 'NONE',  ( -9.126981073290172830, 59.84838327266260194, -0.8280365746763030943 ) ) ;
#4987 = EDGE_CURVE ( 'NONE', #5638, #3036, #1815, .T. ) ;
#4988 = CARTESIAN_POINT ( 'NONE',  ( -5.507660207980454636, 58.77569987213450986, -6.539547311047509304 ) ) ;
#4989 = DIRECTION ( 'NONE',  ( -0.000000000000000000, -1.000000000000000000, -0.000000000000000000 ) ) ;
#4990 = FACE_OUTER_BOUND ( 'NONE', #3551, .T. ) ;
#4991 = AXIS2_PLACEMENT_3D ( 'NONE', #297, #7689, #4072 ) ;
#4992 = CARTESIAN_POINT ( 'NONE',  ( -8.417244198958609758, 58.64978554326533100, -1.499999999999999112 ) ) ;
#4993 = ORIENTED_EDGE ( 'NONE', *, *, #7154, .F. ) ;
#4994 = CIRCLE ( 'NONE', #3851, 0.7000000000000000666 ) ;
#4995 = EDGE_LOOP ( 'NONE', ( #6679, #4552, #5189, #625 ) ) ;
#4996 = CARTESIAN_POINT ( 'NONE',  ( -3.703952426316638569, 45.18997598111986491, 9.305081631459774627 ) ) ;
#4997 = DIRECTION ( 'NONE',  ( 0.000000000000000000, 1.000000000000000000, 0.000000000000000000 ) ) ;
#4998 = DIRECTION ( 'NONE',  ( -0.4999999999999991118, -0.000000000000000000, 0.8660254037844391517 ) ) ;
#4999 = CARTESIAN_POINT ( 'NONE',  ( 3.630643929707832562, 43.91850100297575921, 9.288459750445390739 ) ) ;
#5000 = CARTESIAN_POINT ( 'NONE',  ( 8.709896568115279791, 45.66504311428028728, -1.499999999999999556 ) ) ;
#5001 = CARTESIAN_POINT ( 'NONE',  ( -6.010435543346970277, 45.00000000000002132, -6.010379736694798858 ) ) ;
#5002 = EDGE_CURVE ( 'NONE', #4928, #5918, #5595, .T. ) ;
#5003 = AXIS2_PLACEMENT_3D ( 'NONE', #4941, #1917, #3736 ) ;
#5004 = CARTESIAN_POINT ( 'NONE',  ( -1.991076021553515485, 59.26974757816810779, -7.532650428939858145 ) ) ;
#5005 = DIRECTION ( 'NONE',  ( -0.000000000000000000, -1.000000000000000000, -0.000000000000000000 ) ) ;
#5006 = CARTESIAN_POINT ( 'NONE',  ( -9.786345413644342628, 43.50000000000000000, 2.056074766355141303 ) ) ;
#5007 = VERTEX_POINT ( 'NONE', #6732 ) ;
#5008 = DIRECTION ( 'NONE',  ( 0.8660254037844391517, 0.000000000000000000, -0.4999999999999991118 ) ) ;
#5009 = DIRECTION ( 'NONE',  ( 2.664535259100375697E-15, 0.000000000000000000, 1.000000000000000000 ) ) ;
#5010 = CARTESIAN_POINT ( 'NONE',  ( 0.000000000000000000, 60.00000000000000000, -8.000000000000000000 ) ) ;
#5011 = CARTESIAN_POINT ( 'NONE',  ( 4.236498292474684568, 45.25138510346867093, -9.058260441048220812 ) ) ;
#5012 = CARTESIAN_POINT ( 'NONE',  ( -8.261481222607418573, 59.29999999999999716, 1.500000000000000888 ) ) ;
#5013 = CARTESIAN_POINT ( 'NONE',  ( 6.156083446162630146, 44.79916475255305386, 7.427612567835434554 ) ) ;
#5014 = DIRECTION ( 'NONE',  ( 0.000000000000000000, 1.000000000000000000, 0.000000000000000000 ) ) ;
#5015 = CARTESIAN_POINT ( 'NONE',  ( -5.850881431519779241, 58.99281382787367534, 7.134023908453593243 ) ) ;
#5016 = CARTESIAN_POINT ( 'NONE',  ( -9.265527489881906220, 58.60552633313400150, -1.499999999999999112 ) ) ;
#5017 = CARTESIAN_POINT ( 'NONE',  ( 8.417244204607586155, 45.69089023002221239, 1.499999999999999778 ) ) ;
#5018 = CARTESIAN_POINT ( 'NONE',  ( -9.786345413644399471, 43.49999999999995737, -2.056074766355139971 ) ) ;
#5019 = CARTESIAN_POINT ( 'NONE',  ( -7.479568034472200644, 59.99999999999998579, -1.495684765255538728 ) ) ;
#5020 = CARTESIAN_POINT ( 'NONE',  ( 9.383966010180625261, 45.11760760837111661, 1.531801414871593936 ) ) ;
#5021 = DIRECTION ( 'NONE',  ( -0.000000000000000000, -1.000000000000000000, -0.000000000000000000 ) ) ;
#5022 = EDGE_CURVE ( 'NONE', #6612, #376, #5470, .T. ) ;
#5023 = B_SPLINE_CURVE_WITH_KNOTS ( 'NONE', 3,
 ( #7265, #2281, #2962, #4208, #2359, #3571 ),
 .UNSPECIFIED., .F., .F.,
 ( 4, 2, 4 ),
 ( 0.0005598445178872207264, 0.001005070603848018515, 0.001450296689808816195 ),
 .UNSPECIFIED. ) ;
#5024 = EDGE_CURVE ( 'NONE', #2146, #4928, #1020, .T. ) ;
#5025 = CARTESIAN_POINT ( 'NONE',  ( 1.538745538941777680, 59.96335253576336299, -6.732016653630626735 ) ) ;
#5026 = CARTESIAN_POINT ( 'NONE',  ( 9.197225629673184244, 59.77675553006065456, 1.499999999999852118 ) ) ;
#5027 = ADVANCED_FACE ( 'NONE', ( #1321 ), #5519, .F. ) ;
#5028 = ORIENTED_EDGE ( 'NONE', *, *, #3701, .T. ) ;
#5029 = CARTESIAN_POINT ( 'NONE',  ( 7.728737442227481047, 58.70560882366326894, -2.023923329333918275 ) ) ;
#5030 = CARTESIAN_POINT ( 'NONE',  ( -3.930465858571396520, 43.77306480075829143, 9.807766564460495218 ) ) ;
#5031 = CARTESIAN_POINT ( 'NONE',  ( 0.000000000000000000, 58.50000000000000000, 0.000000000000000000 ) ) ;
#5032 = CARTESIAN_POINT ( 'NONE',  ( -7.570218458513231496, 59.18232658162452964, -2.037498148315123547 ) ) ;
#5033 = B_SPLINE_CURVE_WITH_KNOTS ( 'NONE', 3,
 ( #1756, #5424, #7916, #1947, #4403, #6861, #7313, #593, #2401, #7837, #1986, #7872, #6676, #5382 ),
 .UNSPECIFIED., .F., .F.,
 ( 4, 2, 2, 2, 2, 2, 4 ),
 ( 0.000000000000000000, 0.0005911301262241662512, 0.001182260252448332502, 0.001477825315560415574, 0.001773390378672498862, 0.002068955441784581933, 0.002364520504896665005 ),
 .UNSPECIFIED. ) ;
#5034 = ADVANCED_FACE ( 'NONE', ( #3748 ), #3787, .F. ) ;
#5035 = EDGE_LOOP ( 'NONE', ( #5474, #3308, #1692, #2328, #5725 ) ) ;
#5036 = VERTEX_POINT ( 'NONE', #3707 ) ;
#5037 = EDGE_CURVE ( 'NONE', #2713, #4489, #3328, .T. ) ;
#5038 = CARTESIAN_POINT ( 'NONE',  ( 0.000000000000000000, 0.7000000000000000666, 0.000000000000000000 ) ) ;
#5039 = CARTESIAN_POINT ( 'NONE',  ( 8.417244204607584379, 58.50000000000000000, 2.199999999999999734 ) ) ;
#5040 = LINE ( 'NONE', #1255, #1366 ) ;
#5041 = CARTESIAN_POINT ( 'NONE',  ( 3.938028597111165041, 43.77166576655249486, 9.820865611855726485 ) ) ;
#5042 = CARTESIAN_POINT ( 'NONE',  ( -5.172655900884109315, 59.75043083125042642, -5.367405181808853953 ) ) ;
#5043 = CARTESIAN_POINT ( 'NONE',  ( -6.206740268244612224, 44.01655506774199011, -7.750389493983286471 ) ) ;
#5044 = CARTESIAN_POINT ( 'NONE',  ( -2.751234093351520027, 59.62896311542220928, -7.765277233200519547 ) ) ;
#5045 = DIRECTION ( 'NONE',  ( 0.000000000000000000, 1.000000000000000000, 0.000000000000000000 ) ) ;
#5046 = CARTESIAN_POINT ( 'NONE',  ( -9.865332269809076848, 44.20607608376445796, 1.648955673774576081 ) ) ;
#5047 = EDGE_LOOP ( 'NONE', ( #6736, #801, #7808, #5581, #1339 ) ) ;
#5048 = CARTESIAN_POINT ( 'NONE',  ( -3.029425591507576510, 59.99145286394715981, 8.247119042240996123 ) ) ;
#5049 = CARTESIAN_POINT ( 'NONE',  ( 1.152929848348841491, 60.00000000000000000, 6.396933074902873884 ) ) ;
#5050 = CARTESIAN_POINT ( 'NONE',  ( -2.118037897910834300, 58.50000000000000000, -7.714526263032194464 ) ) ;
#5051 = CARTESIAN_POINT ( 'NONE',  ( 3.331334187732460261, 43.85566074627793398, -9.429526531882224560 ) ) ;
#5052 = LINE ( 'NONE', #7502, #7556 ) ;
#5053 = CARTESIAN_POINT ( 'NONE',  ( -5.621956772992699136, 45.02275046629593902, -5.691537757285065169 ) ) ;
#5054 = CARTESIAN_POINT ( 'NONE',  ( -2.874200311940403374, 45.62604786072208896, 7.978260971411377689 ) ) ;
#5055 = CARTESIAN_POINT ( 'NONE',  ( -5.730938494206933242, 59.19488232838110520, 6.926276647018691612 ) ) ;
#5056 = ADVANCED_FACE ( 'NONE', ( #139 ), #726, .F. ) ;
#5057 =( BOUNDED_SURFACE ( )  B_SPLINE_SURFACE ( 3, 2, ( 
 ( #6168, #4235, #4313 ),
 ( #1291, #4355, #654 ),
 ( #6737, #4996, #1818 ),
 ( #2385, #6247, #6697 ),
 ( #107, #4917, #1212 ),
 ( #2545, #3715, #1859 ),
 ( #3675, #61, #6854 ),
 ( #576, #4394, #2502 ),
 ( #3028, #693, #615 ),
 ( #3064, #7369, #7450 ) ),
 .UNSPECIFIED., .F., .F., .F. ) 
 B_SPLINE_SURFACE_WITH_KNOTS ( ( 4, 2, 2, 2, 4 ),
 ( 3, 3 ),
 ( 0.000000000000000000, 0.0005780509363421301164, 0.001156101872684260233, 0.001734152809026390241, 0.002312203745368520465 ),
 ( 0.000000000000000000, 1.000000000000000000 ),
 .UNSPECIFIED. ) 
 GEOMETRIC_REPRESENTATION_ITEM ( )  RATIONAL_B_SPLINE_SURFACE ( (
 ( 1.000000000000000000, 0.7368926330804047575, 1.000000000000000000),
 ( 1.000000000000000000, 0.7560717295199185228, 1.000000000000000000),
 ( 1.000000000000000000, 0.7784905715805516824, 1.000000000000000000),
 ( 1.000000000000000000, 0.8293914224504650434, 1.000000000000000000),
 ( 1.000000000000000000, 0.8577598976842435441, 1.000000000000000000),
 ( 1.000000000000000000, 0.9135290035519186835, 1.000000000000000000),
 ( 1.000000000000000000, 0.9416745923866512991, 1.000000000000000000),
 ( 1.000000000000000000, 0.9850746835031666260, 1.000000000000000000),
 ( 1.000000000000000000, 1.000068771992459249, 1.000000000000000000),
 ( 1.000000000000000000, 1.000000000000000000, 1.000000000000000000) ) ) 
 REPRESENTATION_ITEM ( '' )  SURFACE ( )  );
#5058 = CARTESIAN_POINT ( 'NONE',  ( 4.963441625000367452, 60.00000000000000000, -4.196933074902877259 ) ) ;
#5059 = CARTESIAN_POINT ( 'NONE',  ( -2.303366213978032651, 58.50000000000000000, -8.389547311047511613 ) ) ;
#5060 = FACE_OUTER_BOUND ( 'NONE', #3703, .T. ) ;
#5061 = CARTESIAN_POINT ( 'NONE',  ( 0.6928203230275524760, 59.29999999999999716, 0.3999999999999999667 ) ) ;
#5062 = CARTESIAN_POINT ( 'NONE',  ( -5.565459599516092482, 59.42402592094064318, -7.941717252624031609 ) ) ;
#5063 = CYLINDRICAL_SURFACE ( 'NONE', #3597, 0.6999999999999999556 ) ;
#5064 = AXIS2_PLACEMENT_3D ( 'NONE', #7066, #2638, #3888 ) ;
#5065 = CARTESIAN_POINT ( 'NONE',  ( 1.152929848348837050, 60.00000000000000000, -6.396933074902873884 ) ) ;
#5066 = DIRECTION ( 'NONE',  ( 0.000000000000000000, 0.000000000000000000, 1.000000000000000000 ) ) ;
#5067 = ORIENTED_EDGE ( 'NONE', *, *, #661, .T. ) ;
#5068 = CARTESIAN_POINT ( 'NONE',  ( 5.621956772992699136, 45.02275046629593902, 5.691537757285066057 ) ) ;
#5069 = CARTESIAN_POINT ( 'NONE',  ( 5.429778716980369069, 59.29999999999999716, 6.404652611666145745 ) ) ;
#5070 = CIRCLE ( 'NONE', #4694, 10.00000000000000000 ) ;
#5071 = EDGE_CURVE ( 'NONE', #5957, #1490, #2172, .T. ) ;
#5072 = AXIS2_PLACEMENT_3D ( 'NONE', #6091, #6546, #2272 ) ;
#5073 = ORIENTED_EDGE ( 'NONE', *, *, #6269, .T. ) ;
#5074 = ORIENTED_EDGE ( 'NONE', *, *, #7631, .F. ) ;
#5075 = ORIENTED_EDGE ( 'NONE', *, *, #5024, .F. ) ;
#5076 = CARTESIAN_POINT ( 'NONE',  ( 9.733888037896575085, 43.89891188660080701, -2.059948917487308684 ) ) ;
#5077 = ORIENTED_EDGE ( 'NONE', *, *, #5071, .F. ) ;
#5078 = CARTESIAN_POINT ( 'NONE',  ( 9.815404325136032782, 44.01655506774199722, -1.500000000000000000 ) ) ;
#5079 = CARTESIAN_POINT ( 'NONE',  ( -6.091640247961777277, 45.25499018253085382, 7.551030410901280021 ) ) ;
#5080 = CARTESIAN_POINT ( 'NONE',  ( 2.847929439722551415, 59.22956441742282152, -7.932758485970638596 ) ) ;
#5081 = CARTESIAN_POINT ( 'NONE',  ( 8.261481222607418573, 60.00000000000000000, 0.7999999999999996003 ) ) ;
#5082 = CARTESIAN_POINT ( 'NONE',  ( -6.070811341401995520, 44.48044224980048966, -7.514953686473629269 ) ) ;
#5083 = ADVANCED_FACE ( 'NONE', ( #3871 ), #2941, .T. ) ;
#5084 = DIRECTION ( 'NONE',  ( -0.000000000000000000, -1.000000000000000000, -0.000000000000000000 ) ) ;
#5085 = CARTESIAN_POINT ( 'NONE',  ( 5.040922087921826389, 60.00000000000000000, 4.388998575877119279 ) ) ;
#5086 = CARTESIAN_POINT ( 'NONE',  ( 3.413991530692794374, 43.75189518330643068, 9.400281638617970614 ) ) ;
#5087 = VERTEX_POINT ( 'NONE', #5798 ) ;
#5088 = CARTESIAN_POINT ( 'NONE',  ( 7.243632635433823630, 60.44316502280664594, -1.499999999999999112 ) ) ;
#5089 = CARTESIAN_POINT ( 'NONE',  ( -6.101137640369875825, 59.99777404406902548, -1.499999999999999334 ) ) ;
#5090 = CARTESIAN_POINT ( 'NONE',  ( -9.931120084663758618, 44.42022203625153765, 1.173003724216777455 ) ) ;
#5091 = CARTESIAN_POINT ( 'NONE',  ( 3.573618719973694180, 44.38237976976166976, -9.343022466744844934 ) ) ;
#5092 = CARTESIAN_POINT ( 'NONE',  ( -4.346608908250215286, 60.69990933521665255, 4.528547469720868079 ) ) ;
#5093 = CARTESIAN_POINT ( 'NONE',  ( -8.210359310042402825, 45.49311510543481774, -1.531270876661742664 ) ) ;
#5094 = CARTESIAN_POINT ( 'NONE',  ( -3.333725648282747756, 58.50000000000000000, -8.774182201321204744 ) ) ;
#5095 = VERTEX_POINT ( 'NONE', #293 ) ;
#5096 = CARTESIAN_POINT ( 'NONE',  ( -9.660458690203615362, 59.42402592094065028, -0.8489707706048521541 ) ) ;
#5097 = CARTESIAN_POINT ( 'NONE',  ( -4.963441625000372781, 60.00000000000000000, -4.196933074902871930 ) ) ;
#5098 = CIRCLE ( 'NONE', #5746, 8.500000000000000000 ) ;
#5099 = DIRECTION ( 'NONE',  ( 0.000000000000000000, -1.000000000000000000, 0.000000000000000000 ) ) ;
#5100 = CARTESIAN_POINT ( 'NONE',  ( 5.726434491383821879, 45.24690378469707497, 8.198045377764737296 ) ) ;
#5101 = EDGE_CURVE ( 'NONE', #3872, #7270, #687, .T. ) ;
#5102 = CARTESIAN_POINT ( 'NONE',  ( 9.786458341003710260, 43.83701928062453845, 1.947404634492414743 ) ) ;
#5103 = EDGE_CURVE ( 'NONE', #6652, #7517, #2689, .T. ) ;
#5104 = CARTESIAN_POINT ( 'NONE',  ( 3.023770758052777730, 44.16414422605485157, -9.373000940284981652 ) ) ;
#5105 = CIRCLE ( 'NONE', #2404, 8.000000000000000000 ) ;
#5106 =( BOUNDED_SURFACE ( )  B_SPLINE_SURFACE ( 3, 2, ( 
 ( #2827, #6654, #6614 ),
 ( #7245, #4037, #2945 ),
 ( #2863, #1093, #1015 ),
 ( #4717, #1656, #3553 ),
 ( #4115, #7853, #6002 ),
 ( #2342, #1134, #1930 ),
 ( #3669, #3785, #3023 ),
 ( #6240, #1245, #5478 ),
 ( #2458, #99, #3632 ),
 ( #7890, #6731, #7933 ),
 ( #2493, #1319, #7284 ),
 ( #4876, #3179, #3096 ) ),
 .UNSPECIFIED., .F., .F., .F. ) 
 B_SPLINE_SURFACE_WITH_KNOTS ( ( 4, 2, 2, 2, 2, 4 ),
 ( 3, 3 ),
 ( 0.000000000000000000, 0.0003130780027722935167, 0.0004696170041584402750, 0.0006261560055445870333, 0.0009392340083168805500, 0.001252312011089174067 ),
 ( 0.000000000000000000, 1.000000000000000000 ),
 .UNSPECIFIED. ) 
 GEOMETRIC_REPRESENTATION_ITEM ( )  RATIONAL_B_SPLINE_SURFACE ( (
 ( 1.000000000000000000, 0.7071067811865475727, 1.000000000000000000),
 ( 1.000000000000000000, 0.7114525854346930300, 1.000000000000000000),
 ( 1.000000000000000000, 0.7155841935930778996, 1.000000000000000000),
 ( 1.000000000000000000, 0.7211136383400683636, 1.000000000000000000),
 ( 1.000000000000000000, 0.7228253759579343907, 1.000000000000000000),
 ( 1.000000000000000000, 0.7260124768012925500, 1.000000000000000000),
 ( 1.000000000000000000, 0.7274944237442791950, 1.000000000000000000),
 ( 1.000000000000000000, 0.7314273696354308685, 1.000000000000000000),
 ( 1.000000000000000000, 0.7334714490888487592, 1.000000000000000000),
 ( 1.000000000000000000, 0.7361867872712262173, 1.000000000000000000),
 ( 1.000000000000000000, 0.7368962947193915536, 1.000000000000000000),
 ( 1.000000000000000000, 0.7368926330804040914, 1.000000000000000000) ) ) 
 REPRESENTATION_ITEM ( '' )  SURFACE ( )  );
#5107 = CARTESIAN_POINT ( 'NONE',  ( 2.015431155441722577, 60.00000000000000000, -6.582306779026214194 ) ) ;
#5108 = CARTESIAN_POINT ( 'NONE',  ( 3.326157381452005790, 60.00000000000000711, -7.361073578645145332 ) ) ;
#5109 = VERTEX_POINT ( 'NONE', #2657 ) ;
#5110 = CARTESIAN_POINT ( 'NONE',  ( -2.909583996627803426, 45.69089023002054262, 8.039547311048675482 ) ) ;
#5111 = DIRECTION ( 'NONE',  ( -0.4999999999999997780, 0.000000000000000000, -0.8660254037844387076 ) ) ;
#5112 = AXIS2_PLACEMENT_3D ( 'NONE', #4482, #5191, #1538 ) ;
#5113 = EDGE_LOOP ( 'NONE', ( #1491, #6583, #6686, #2658, #2833 ) ) ;
#5114 = ORIENTED_EDGE ( 'NONE', *, *, #6108, .F. ) ;
#5115 = DIRECTION ( 'NONE',  ( 0.000000000000000000, 0.000000000000000000, 1.000000000000000000 ) ) ;
#5116 = ORIENTED_EDGE ( 'NONE', *, *, #3621, .T. ) ;
#5117 = CARTESIAN_POINT ( 'NONE',  ( -5.903678897561452033, 45.48070216549685796, 7.225471802148660139 ) ) ;
#5118 = CARTESIAN_POINT ( 'NONE',  ( 1.921033485479108016, 59.43460535427632152, -7.433326774684859473 ) ) ;
#5119 = CARTESIAN_POINT ( 'NONE',  ( -6.494507997089864482, 59.97334755155950603, -2.069087434967442629 ) ) ;
#5120 = AXIS2_PLACEMENT_3D ( 'NONE', #1616, #2218, #5837 ) ;
#5121 = CARTESIAN_POINT ( 'NONE',  ( 8.417244204607586155, 60.00000000000000000, -2.199999999999999734 ) ) ;
#5122 = CARTESIAN_POINT ( 'NONE',  ( 0.000000000000000000, 58.50000000000000000, 0.000000000000000000 ) ) ;
#5123 = PLANE ( 'NONE',  #3293 ) ;
#5124 = ORIENTED_EDGE ( 'NONE', *, *, #5517, .F. ) ;
#5125 = VERTEX_POINT ( 'NONE', #1531 ) ;
#5126 = ADVANCED_FACE ( 'NONE', ( #926 ), #7435, .T. ) ;
#5127 = CARTESIAN_POINT ( 'NONE',  ( 7.519004640064686384, 59.26974757817092865, -2.042002798938677977 ) ) ;
#5128 = DIRECTION ( 'NONE',  ( 0.000000000000000000, 1.000000000000000000, 0.000000000000000000 ) ) ;
#5129 = LINE ( 'NONE', #1548, #198 ) ;
#5130 = CARTESIAN_POINT ( 'NONE',  ( -5.029536240196295083, 59.99029920218772105, -7.094329906895541882 ) ) ;
#5131 = CARTESIAN_POINT ( 'NONE',  ( -6.116371473349213161, 60.00000000000000000, 2.200000000000000622 ) ) ;
#5132 = CARTESIAN_POINT ( 'NONE',  ( -6.531408793976054561, 44.44078939132194961, -7.150821730268954290 ) ) ;
#5133 = DIRECTION ( 'NONE',  ( 0.000000000000000000, 0.000000000000000000, -1.000000000000000000 ) ) ;
#5134 = AXIS2_PLACEMENT_3D ( 'NONE', #4389, #610, #1322 ) ;
#5135 = ORIENTED_EDGE ( 'NONE', *, *, #243, .T. ) ;
#5136 = ADVANCED_FACE ( 'NONE', ( #1488 ), #1765, .F. ) ;
#5137 = ADVANCED_FACE ( 'NONE', ( #4789 ), #6760, .T. ) ;
#5138 = CARTESIAN_POINT ( 'NONE',  ( 1.921033485480538872, 59.43460535427336566, 7.433326774686906724 ) ) ;
#5139 = DIRECTION ( 'NONE',  ( -0.000000000000000000, -1.000000000000000000, -0.000000000000000000 ) ) ;
#5140 = CARTESIAN_POINT ( 'NONE',  ( -5.751032792931644266, 45.00000000000000000, 5.561080993352358171 ) ) ;
#5141 = CARTESIAN_POINT ( 'NONE',  ( 6.555470836863579009, 43.61993891099385934, 7.553214043126819099 ) ) ;
#5142 = CARTESIAN_POINT ( 'NONE',  ( 2.118037897910830303, 58.60379722026193150, 7.714526263032194464 ) ) ;
#5143 = CARTESIAN_POINT ( 'NONE',  ( 0.000000000000000000, 5.000000000000000000, 0.000000000000000000 ) ) ;
#5144 = CARTESIAN_POINT ( 'NONE',  ( 10.47413340557541339, 43.77166576655249486, 1.500000000000000000 ) ) ;
#5145 = CARTESIAN_POINT ( 'NONE',  ( 1.954762178822099683, 60.00000000000000000, -6.836864301080776585 ) ) ;
#5146 = CARTESIAN_POINT ( 'NONE',  ( 9.244124902132325516, 58.71105033875263501, 1.500000000000000000 ) ) ;
#5147 = FACE_OUTER_BOUND ( 'NONE', #2736, .T. ) ;
#5148 = CARTESIAN_POINT ( 'NONE',  ( 4.692729308418376100, 60.00000000000000000, 5.036567969704320191 ) ) ;
#5149 = CARTESIAN_POINT ( 'NONE',  ( -2.767433578482217715, 44.70309967785745187, 9.001533622119332279 ) ) ;
#5150 = ORIENTED_EDGE ( 'NONE', *, *, #584, .T. ) ;
#5151 = EDGE_LOOP ( 'NONE', ( #3518, #4130, #3131, #6564, #2338 ) ) ;
#5152 = CARTESIAN_POINT ( 'NONE',  ( -8.261481222607418573, 59.29999999999999716, 0.8000000000000011546 ) ) ;
#5153 = ORIENTED_EDGE ( 'NONE', *, *, #6392, .T. ) ;
#5154 = CARTESIAN_POINT ( 'NONE',  ( 9.786273003144803084, 43.48553262224524474, -2.056080084418091758 ) ) ;
#5155 = CARTESIAN_POINT ( 'NONE',  ( -6.534300740189438628, 44.41754995251181271, 7.156439734463591940 ) ) ;
#5156 = CARTESIAN_POINT ( 'NONE',  ( 5.507660207980445755, 45.69089023002221239, -6.539547311047515521 ) ) ;
#5157 = CARTESIAN_POINT ( 'NONE',  ( 4.712485426357951646, 60.00000000000000000, -6.562264139353336745 ) ) ;
#5158 = CARTESIAN_POINT ( 'NONE',  ( -1.895452826271334157, 60.70241864486394689, -6.283020598451967587 ) ) ;
#5159 = DIRECTION ( 'NONE',  ( 0.000000000000000000, 1.000000000000000000, 0.000000000000000000 ) ) ;
#5160 = CARTESIAN_POINT ( 'NONE',  ( 9.962932804213764371, 58.69821682416044695, 0.8602150537634406513 ) ) ;
#5161 = VERTEX_POINT ( 'NONE', #1725 ) ;
#5162 = ORIENTED_EDGE ( 'NONE', *, *, #7344, .T. ) ;
#5163 = CARTESIAN_POINT ( 'NONE',  ( 7.827952977091049647, 59.98331490995350634, -1.499999999999999556 ) ) ;
#5164 = CARTESIAN_POINT ( 'NONE',  ( -8.866285977150864639, 59.19936622830417861, 1.500000000000001332 ) ) ;
#5165 = DIRECTION ( 'NONE',  ( 0.000000000000000000, -1.000000000000000000, 0.000000000000000000 ) ) ;
#5166 = CARTESIAN_POINT ( 'NONE',  ( -5.132336285888648320, 59.95229064533530305, -7.256164305215610177 ) ) ;
#5167 = CARTESIAN_POINT ( 'NONE',  ( 5.507660207981125211, 45.69089023002054262, 6.539547311048675482 ) ) ;
#5168 = CARTESIAN_POINT ( 'NONE',  ( -9.787285491359076772, 43.58667614191537609, 2.056005724313102689 ) ) ;
#5169 = DIRECTION ( 'NONE',  ( -0.000000000000000000, 1.000000000000000000, -0.000000000000000000 ) ) ;
#5170 = ADVANCED_FACE ( 'NONE', ( #7760 ), #1009, .F. ) ;
#5171 = ORIENTED_EDGE ( 'NONE', *, *, #7633, .F. ) ;
#5172 = ADVANCED_FACE ( 'NONE', ( #963 ), #7520, .F. ) ;
#5173 = CARTESIAN_POINT ( 'NONE',  ( -8.412591503567075080, 44.99999999999997868, -2.177121100737637871 ) ) ;
#5174 = CARTESIAN_POINT ( 'NONE',  ( -5.333737383224325335, 59.35850120951381825, 6.238304141974006178 ) ) ;
#5175 = CARTESIAN_POINT ( 'NONE',  ( -5.172655900884080893, 59.75043083125049037, 5.367405181808738490 ) ) ;
#5176 = CYLINDRICAL_SURFACE ( 'NONE', #2508, 0.6999999999999999556 ) ;
#5177 = CARTESIAN_POINT ( 'NONE',  ( 2.118037897910830747, 58.50000000000000000, 7.714526263032194464 ) ) ;
#5178 = CARTESIAN_POINT ( 'NONE',  ( 6.234210268443810321, 58.88145147495340126, -7.797968930012332045 ) ) ;
#5179 = EDGE_CURVE ( 'NONE', #2415, #5968, #15, .T. ) ;
#5180 = CARTESIAN_POINT ( 'NONE',  ( -5.583101944928883675, 59.29999999999999005, 6.670216232453447525 ) ) ;
#5181 = CARTESIAN_POINT ( 'NONE',  ( -3.333725648282747756, 45.44761534702016093, -8.774182201321204744 ) ) ;
#5182 = CARTESIAN_POINT ( 'NONE',  ( -8.462269199216011728, 60.00000000000000000, 0.8000000000000011546 ) ) ;
#5183 = FACE_OUTER_BOUND ( 'NONE', #336, .T. ) ;
#5184 = CARTESIAN_POINT ( 'NONE',  ( 2.779060175756864481, 45.49311510543481774, 7.876015175025671056 ) ) ;
#5185 = AXIS2_PLACEMENT_3D ( 'NONE', #110, #1898, #4398 ) ;
#5186 = ORIENTED_EDGE ( 'NONE', *, *, #7056, .F. ) ;
#5187 = VERTEX_POINT ( 'NONE', #1884 ) ;
#5188 = CARTESIAN_POINT ( 'NONE',  ( 8.709554447158577517, 45.65110126187370554, 1.499999999999999556 ) ) ;
#5189 = ORIENTED_EDGE ( 'NONE', *, *, #281, .T. ) ;
#5190 = CARTESIAN_POINT ( 'NONE',  ( 9.469547490943940105, 44.56049309867630370, -1.500000000000284217 ) ) ;
#5191 = DIRECTION ( 'NONE',  ( 0.5000000000000003331, -0.000000000000000000, 0.8660254037844385966 ) ) ;
#5192 = CARTESIAN_POINT ( 'NONE',  ( 2.779060175756864481, 45.49311510543481774, 7.876015175025671056 ) ) ;
#5193 = CARTESIAN_POINT ( 'NONE',  ( 1.469576158976824144E-15, 0.6999999999999999556, 12.00000000000000178 ) ) ;
#5194 = TOROIDAL_SURFACE ( 'NONE', #7510, 8.500000000000000000, 1.500000000000000000 ) ;
#5195 = TOROIDAL_SURFACE ( 'NONE', #1609, 12.70000000000000107, 0.6999999999999999556 ) ;
#5196 = EDGE_CURVE ( 'NONE', #461, #7137, #7571, .T. ) ;
#5197 = CARTESIAN_POINT ( 'NONE',  ( -3.018716589775632286, 44.18130082873835818, -9.365611116804013037 ) ) ;
#5198 = DIRECTION ( 'NONE',  ( 0.000000000000000000, 0.000000000000000000, 1.000000000000000000 ) ) ;
#5199 = CARTESIAN_POINT ( 'NONE',  ( -5.621956772992699136, 45.02275046629593902, -5.691537757285065169 ) ) ;
#5200 = EDGE_LOOP ( 'NONE', ( #2394, #1644, #3386 ) ) ;
#5201 = EDGE_CURVE ( 'NONE', #6785, #1976, #6553, .T. ) ;
#5202 = EDGE_LOOP ( 'NONE', ( #6008, #3791, #4173, #394 ) ) ;
#5203 = CARTESIAN_POINT ( 'NONE',  ( -3.333725648282740206, 58.50000000000000000, 8.774182201321204744 ) ) ;
#5204 = CARTESIAN_POINT ( 'NONE',  ( -3.113630632911552176, 43.68522673060934380, -9.504836883603282160 ) ) ;
#5205 = CYLINDRICAL_SURFACE ( 'NONE', #3534, 0.6999999999999999556 ) ;
#5206 = CARTESIAN_POINT ( 'NONE',  ( 6.302786990443615345, 44.84586198173934690, 7.916747296732474126 ) ) ;
#5207 = CARTESIAN_POINT ( 'NONE',  ( 8.989789427541587941, 44.82112557137041620, 2.120593010134200096 ) ) ;
#5208 = CARTESIAN_POINT ( 'NONE',  ( -9.672214646303951113, 44.30661360962597684, 1.499999999999997558 ) ) ;
#5209 = B_SPLINE_CURVE_WITH_KNOTS ( 'NONE', 3,
 ( #3268, #3953, #2585, #1977, #6328, #5681, #3909, #2018 ),
 .UNSPECIFIED., .F., .F.,
 ( 4, 2, 2, 4 ),
 ( 0.000000000000000000, 0.0006314477280047945101, 0.0009471715920071917651, 0.001262895456009589020 ),
 .UNSPECIFIED. ) ;
#5210 = CARTESIAN_POINT ( 'NONE',  ( 2.303366213978028210, 60.00000000000000000, 8.389547311047511613 ) ) ;
#5211 = VERTEX_POINT ( 'NONE', #2530 ) ;
#5212 = CARTESIAN_POINT ( 'NONE',  ( 2.909583993802538515, 58.64978554326496862, 8.039547306155165884 ) ) ;
#5213 = CARTESIAN_POINT ( 'NONE',  ( -5.429778716980364628, 59.29999999999999716, 6.404652611666149298 ) ) ;
#5214 = CARTESIAN_POINT ( 'NONE',  ( -4.963441625000370117, 60.00000000000000000, 4.196933074902876371 ) ) ;
#5215 = DIRECTION ( 'NONE',  ( 0.000000000000000000, 0.000000000000000000, 1.000000000000000000 ) ) ;
#5216 = VECTOR ( 'NONE', #2114, 1000.000000000000114 ) ;
#5217 = DIRECTION ( 'NONE',  ( -0.4999999999999998335, 0.000000000000000000, 0.8660254037844388186 ) ) ;
#5218 = CARTESIAN_POINT ( 'NONE',  ( 5.413290116058019130, 59.69444939818001927, -7.700237100832417525 ) ) ;
#5219 = FACE_OUTER_BOUND ( 'NONE', #4382, .T. ) ;
#5220 = ORIENTED_EDGE ( 'NONE', *, *, #1796, .F. ) ;
#5221 = CIRCLE ( 'NONE', #1754, 8.500000000000000000 ) ;
#5222 = CARTESIAN_POINT ( 'NONE',  ( -3.846389827712759502, 59.84838327266260904, -8.318215756667200367 ) ) ;
#5223 = CARTESIAN_POINT ( 'NONE',  ( 8.992413080768750788, 59.10333606103262127, -1.500000000000000000 ) ) ;
#5224 = CARTESIAN_POINT ( 'NONE',  ( -3.225705214143112176, 43.67642093581568474, -9.466129403732001180 ) ) ;
#5225 = CARTESIAN_POINT ( 'NONE',  ( -9.729576255540697716, 59.23193387676813870, 1.499999999999998890 ) ) ;
#5226 = CARTESIAN_POINT ( 'NONE',  ( 4.819756104234052430, 60.00000000000000000, 4.614400071502473999 ) ) ;
#5227 = AXIS2_PLACEMENT_3D ( 'NONE', #4883, #4395, #1327 ) ;
#5228 = CARTESIAN_POINT ( 'NONE',  ( -5.599057901997274378, 58.89955821941341441, -5.642871183454812645 ) ) ;
#5229 = ORIENTED_EDGE ( 'NONE', *, *, #4, .F. ) ;
#5230 = ORIENTED_EDGE ( 'NONE', *, *, #1684, .T. ) ;
#5231 = ADVANCED_FACE ( 'NONE', ( #4870 ), #5254, .T. ) ;
#5232 = AXIS2_PLACEMENT_3D ( 'NONE', #4314, #1177, #7297 ) ;
#5233 = FACE_OUTER_BOUND ( 'NONE', #2832, .T. ) ;
#5234 = ORIENTED_EDGE ( 'NONE', *, *, #4425, .T. ) ;
#5235 = CARTESIAN_POINT ( 'NONE',  ( 9.948071446344064483, 44.69141332848791137, 1.019717511724409942 ) ) ;
#5236 = CARTESIAN_POINT ( 'NONE',  ( 5.429778716980368181, 59.29999999999999716, 6.404652611666145745 ) ) ;
#5237 = CARTESIAN_POINT ( 'NONE',  ( -9.845627767680676712, 43.74989001083496731, -1.751972749975520438 ) ) ;
#5238 = CARTESIAN_POINT ( 'NONE',  ( 5.060724671273200137, 59.96335253576332036, -4.698601053498864921 ) ) ;
#5239 = CIRCLE ( 'NONE', #6793, 0.7000000000000000666 ) ;
#5240 = CARTESIAN_POINT ( 'NONE',  ( -2.320853571429611684, 45.00000000000000711, -8.374078504119044197 ) ) ;
#5241 = CARTESIAN_POINT ( 'NONE',  ( 7.379823966041889172, 59.68468581218338187, -1.739133420314858958 ) ) ;
#5242 = LINE ( 'NONE', #4645, #7790 ) ;
#5243 = VERTEX_POINT ( 'NONE', #7396 ) ;
#5244 = VERTEX_POINT ( 'NONE', #49 ) ;
#5245 = CARTESIAN_POINT ( 'NONE',  ( 7.625756092431396738, 59.33639209907865819, -1.500000000000012434 ) ) ;
#5246 = CARTESIAN_POINT ( 'NONE',  ( -3.472754125721016383, 44.48035113418743691, -9.014986587943091934 ) ) ;
#5247 = CARTESIAN_POINT ( 'NONE',  ( 8.955321894044956821, 59.14017680860020221, -1.499999999999999778 ) ) ;
#5248 = CARTESIAN_POINT ( 'NONE',  ( -6.116371473349212273, 60.00000000000000000, 2.200000000000000622 ) ) ;
#5249 = CARTESIAN_POINT ( 'NONE',  ( 8.610770890584753090, 44.96483083475495590, 2.156766380112395076 ) ) ;
#5250 = CARTESIAN_POINT ( 'NONE',  ( -9.580438945127392358, 44.25179316161714382, 2.071565726688632036 ) ) ;
#5251 = CARTESIAN_POINT ( 'NONE',  ( -8.261481222607418573, 59.29999999999999716, -1.499999999999999334 ) ) ;
#5252 = ORIENTED_EDGE ( 'NONE', *, *, #4987, .F. ) ;
#5253 = AXIS2_PLACEMENT_3D ( 'NONE', #5801, #732, #1494 ) ;
#5254 = TOROIDAL_SURFACE ( 'NONE', #1786, 8.500000000000000000, 1.500000000000000000 ) ;
#5255 = CARTESIAN_POINT ( 'NONE',  ( 2.118037896644196838, 58.60212650681898339, 7.714526263379950954 ) ) ;
#5256 = CARTESIAN_POINT ( 'NONE',  ( -4.963441625000369228, 60.00000000000000000, 4.196933074902875482 ) ) ;
#5257 = CARTESIAN_POINT ( 'NONE',  ( 3.886047984270226241, 59.80290436043461000, 8.393759706139361398 ) ) ;
#5258 = CARTESIAN_POINT ( 'NONE',  ( 0.000000000000000000, 5.000000000000000000, 16.80000000000000426 ) ) ;
#5259 = DIRECTION ( 'NONE',  ( 1.000000000000000000, -0.000000000000000000, -2.137682487307248399E-16 ) ) ;
#5260 = CARTESIAN_POINT ( 'NONE',  ( 5.850881431519773912, 58.99281382787367534, -7.134023908453589691 ) ) ;
#5261 = CARTESIAN_POINT ( 'NONE',  ( 9.913164195228230113, 44.95751050121705816, 1.500000000000000000 ) ) ;
#5262 = ORIENTED_EDGE ( 'NONE', *, *, #5977, .T. ) ;
#5263 = EDGE_CURVE ( 'NONE', #5918, #2661, #7315, .T. ) ;
#5264 = DIRECTION ( 'NONE',  ( 0.000000000000000000, 0.000000000000000000, 1.000000000000000000 ) ) ;
#5265 = DIRECTION ( 'NONE',  ( 1.000000000000000000, -0.000000000000000000, 1.224646799147353207E-16 ) ) ;
#5266 = EDGE_CURVE ( 'NONE', #4233, #2930, #4755, .T. ) ;
#5267 = CARTESIAN_POINT ( 'NONE',  ( -5.507660205155741728, 58.64978554326557258, -6.539547306154963380 ) ) ;
#5268 = ADVANCED_FACE ( 'NONE', ( #5588 ), #5472, .T. ) ;
#5269 = APPLICATION_CONTEXT ( 'automotive_design' ) ;
#5270 = EDGE_CURVE ( 'NONE', #4405, #1410, #7321, .T. ) ;
#5271 = VERTEX_POINT ( 'NONE', #2974 ) ;
#5272 = ORIENTED_EDGE ( 'NONE', *, *, #1199, .F. ) ;
#5273 = PRESENTATION_STYLE_ASSIGNMENT (( #338 ) ) ;
#5274 = ORIENTED_EDGE ( 'NONE', *, *, #5977, .F. ) ;
#5275 = CARTESIAN_POINT ( 'NONE',  ( 3.886459418056068760, 59.80239937500297032, 8.394543142822634252 ) ) ;
#5276 = CARTESIAN_POINT ( 'NONE',  ( 1.274968577013978699, 60.00164933118431065, -6.552719464504496827 ) ) ;
#5277 = CARTESIAN_POINT ( 'NONE',  ( 4.892872430091539826, 60.00000000000000000, -4.405987093984610858 ) ) ;
#5278 = EDGE_CURVE ( 'NONE', #7165, #6687, #6962, .T. ) ;
#5279 = CARTESIAN_POINT ( 'NONE',  ( 3.717854479406253354, 59.95229064533531016, -8.072815756952048005 ) ) ;
#5280 = CARTESIAN_POINT ( 'NONE',  ( -6.860651558543233719, 59.89492612794737170, 1.938978449179782126 ) ) ;
#5281 = CARTESIAN_POINT ( 'NONE',  ( 6.321445307844224537, 60.00000000000000000, 2.171067298699835391 ) ) ;
#5282 = EDGE_LOOP ( 'NONE', ( #1043, #965, #1362 ) ) ;
#5283 = ADVANCED_FACE ( 'NONE', ( #4418 ), #7011, .F. ) ;
#5284 = ORIENTED_EDGE ( 'NONE', *, *, #3121, .F. ) ;
#5285 = DIRECTION ( 'NONE',  ( 1.224646799147353454E-16, 0.000000000000000000, -1.000000000000000000 ) ) ;
#5286 = CARTESIAN_POINT ( 'NONE',  ( -2.930508240603128201, 44.41754995251174165, -9.237090304203350755 ) ) ;
#5287 = CARTESIAN_POINT ( 'NONE',  ( -3.437920288276154146, 59.29999999999999716, 7.554652611666146989 ) ) ;
#5288 = CARTESIAN_POINT ( 'NONE',  ( -7.218728858518077551, 60.00000000000000000, 1.121126068574397117 ) ) ;
#5289 = DIRECTION ( 'NONE',  ( 0.000000000000000000, 0.000000000000000000, -1.000000000000000000 ) ) ;
#5290 = PRODUCT_DEFINITION_SHAPE ( 'NONE', 'NONE',  #7291 ) ;
#5291 = CARTESIAN_POINT ( 'NONE',  ( 3.029425591507714177, 59.99145286394717402, -8.247119042240807829 ) ) ;
#5292 = DIRECTION ( 'NONE',  ( -0.4999999999999996114, 0.000000000000000000, 0.8660254037844388186 ) ) ;
#5293 = VERTEX_POINT ( 'NONE', #168 ) ;
#5294 = B_SPLINE_CURVE_WITH_KNOTS ( 'NONE', 3,
 ( #4155, #2987, #3560, #1626, #2953, #7101, #4197, #6662, #2834, #3600, #1024, #6053, #4083, #5933 ),
 .UNSPECIFIED., .F., .F.,
 ( 4, 2, 2, 2, 2, 2, 4 ),
 ( 0.000000000000000000, 0.0005911301262241671186, 0.001182260252448334237, 0.001477825315560417742, 0.001773390378672501464, 0.002068955441784584969, 0.002364520504896668474 ),
 .UNSPECIFIED. ) ;
#5295 = CARTESIAN_POINT ( 'NONE',  ( 0.000000000000000000, 1.500000000000000000, 0.000000000000000000 ) ) ;
#5296 = CARTESIAN_POINT ( 'NONE',  ( 2.118037897910824530, 60.00000000000000000, -7.714526263032195352 ) ) ;
#5297 = B_SPLINE_CURVE_WITH_KNOTS ( 'NONE', 3,
 ( #3210, #5662, #3246, #4502, #3369, #5903, #282, #6472, #4620, #2805, #5173, #3329 ),
 .UNSPECIFIED., .F., .F.,
 ( 4, 2, 2, 2, 2, 4 ),
 ( 0.000000000000000000, 0.0006087402083572452782, 0.0009131103125358784340, 0.001217480416714511590, 0.001826220625071777902, 0.002434960833429044430 ),
 .UNSPECIFIED. ) ;
#5298 = CARTESIAN_POINT ( 'NONE',  ( -4.638883595941369009, 60.00000000000000000, 5.250986827717531114 ) ) ;
#5299 = DIRECTION ( 'NONE',  ( -1.000000000000000000, 0.000000000000000000, 0.000000000000000000 ) ) ;
#5300 = CARTESIAN_POINT ( 'NONE',  ( 1.152929848348841491, 60.00000000000000000, 6.396933074902873884 ) ) ;
#5301 = CARTESIAN_POINT ( 'NONE',  ( 5.635032481001005067, 59.27933202669345292, -6.760162559394661486 ) ) ;
#5302 = ADVANCED_FACE ( 'NONE', ( #2611 ), #5063, .T. ) ;
#5303 = CARTESIAN_POINT ( 'NONE',  ( -9.265527507918800865, 58.50000000000000000, -1.499999999999999112 ) ) ;
#5304 = VERTEX_POINT ( 'NONE', #880 ) ;
#5305 = DIRECTION ( 'NONE',  ( 0.000000000000000000, 1.000000000000000000, 0.000000000000000000 ) ) ;
#5306 = DIRECTION ( 'NONE',  ( 0.000000000000000000, 1.000000000000000000, 0.000000000000000000 ) ) ;
#5307 = CIRCLE ( 'NONE', #5568, 0.7000000000000000666 ) ;
#5308 = CARTESIAN_POINT ( 'NONE',  ( 8.417244204607586155, 58.77569987213450986, -1.499999999999999778 ) ) ;
#5309 = CARTESIAN_POINT ( 'NONE',  ( -9.623992758694004834, 59.39586769377022790, 1.500000000000001776 ) ) ;
#5310 = CARTESIAN_POINT ( 'NONE',  ( -2.906778773820190676, 45.02277054661637834, 8.034688522619036988 ) ) ;
#5311 = ORIENTED_EDGE ( 'NONE', *, *, #3267, .F. ) ;
#5312 = ORIENTED_EDGE ( 'NONE', *, *, #6206, .F. ) ;
#5313 = DIRECTION ( 'NONE',  ( 0.000000000000000000, -1.000000000000000000, -0.000000000000000000 ) ) ;
#5314 =( BOUNDED_SURFACE ( )  B_SPLINE_SURFACE ( 3, 2, ( 
 ( #4528, #5739, #3322 ),
 ( #6989, #274, #2717 ),
 ( #7621, #390, #2111 ),
 ( #7026, #1590, #2837 ),
 ( #354, #4570, #1509 ),
 ( #4048, #6424, #908 ),
 ( #3361, #311, #2752 ),
 ( #5206, #6464, #7662 ),
 ( #1549, #4611, #3402 ),
 ( #5852, #2797, #4652 ),
 ( #7946, #5936, #7300 ),
 ( #6702, #1105, #428 ),
 ( #3643, #3032, #5491 ),
 ( #2990, #2389, #3525 ) ),
 .UNSPECIFIED., .F., .F., .T. ) 
 B_SPLINE_SURFACE_WITH_KNOTS ( ( 4, 2, 2, 2, 2, 2, 4 ),
 ( 3, 3 ),
 ( 0.002225472628914579309, 0.002664230922196087360, 0.003102989215477595410, 0.003541747508759103460, 0.003980505802040611510, 0.004858022388603627610, 0.005735538975166643710 ),
 ( 0.000000000000000000, 1.000000000000000000 ),
 .UNSPECIFIED. ) 
 GEOMETRIC_REPRESENTATION_ITEM ( )  RATIONAL_B_SPLINE_SURFACE ( (
 ( 1.000000000000000000, 0.7764019189191656567, 1.000000000000000000),
 ( 1.000000000000000000, 0.7764341587993162097, 1.000000000000000000),
 ( 1.000000000000000000, 0.7761162991565075941, 1.000000000000000000),
 ( 1.000000000000000000, 0.7747803634932017847, 1.000000000000000000),
 ( 1.000000000000000000, 0.7737458728123061125, 1.000000000000000000),
 ( 1.000000000000000000, 0.7709754987630788037, 1.000000000000000000),
 ( 1.000000000000000000, 0.7692484910742810600, 1.000000000000000000),
 ( 1.000000000000000000, 0.7650179021867172802, 1.000000000000000000),
 ( 1.000000000000000000, 0.7625239150131017940, 1.000000000000000000),
 ( 1.000000000000000000, 0.7540112073161835404, 1.000000000000000000),
 ( 1.000000000000000000, 0.7467563905233141064, 1.000000000000000000),
 ( 1.000000000000000000, 0.7292810299310035216, 1.000000000000000000),
 ( 1.000000000000000000, 0.7188203502331929062, 1.000000000000000000),
 ( 1.000000000000000000, 0.7071067811865473507, 1.000000000000000000) ) ) 
 REPRESENTATION_ITEM ( '' )  SURFACE ( )  );
#5315 = ORIENTED_EDGE ( 'NONE', *, *, #1614, .T. ) ;
#5316 = CARTESIAN_POINT ( 'NONE',  ( 9.907692780744859817, 45.44761534702016093, 1.500000000000001776 ) ) ;
#5317 = CARTESIAN_POINT ( 'NONE',  ( -3.326844737844109279, 60.00000000000000000, -7.362264163866785616 ) ) ;
#5318 = CARTESIAN_POINT ( 'NONE',  ( 6.552722803813102459, 43.62272147864221949, -7.555676689120112144 ) ) ;
#5319 = CARTESIAN_POINT ( 'NONE',  ( 1.905255888325762648, 45.00000000000000000, -1.099999999999998979 ) ) ;
#5320 = CARTESIAN_POINT ( 'NONE',  ( 7.625756092433338296, 59.33639209907574497, 1.499999999999999556 ) ) ;
#5321 = FACE_OUTER_BOUND ( 'NONE', #4311, .T. ) ;
#5322 = ORIENTED_EDGE ( 'NONE', *, *, #2209, .F. ) ;
#5323 = ORIENTED_EDGE ( 'NONE', *, *, #3356, .T. ) ;
#5324 = CYLINDRICAL_SURFACE ( 'NONE', #1380, 0.7000000000000000666 ) ;
#5325 = CARTESIAN_POINT ( 'NONE',  ( -1.895452826264562685, 60.70241864486892069, 6.283020598440252513 ) ) ;
#5326 = AXIS2_PLACEMENT_3D ( 'NONE', #5921, #2181, #4754 ) ;
#5327 = CARTESIAN_POINT ( 'NONE',  ( -8.037956421164794918, 59.99999999999998579, -0.7999999999999993783 ) ) ;
#5328 = CARTESIAN_POINT ( 'NONE',  ( -2.909583996627139513, 58.50000000000000000, -8.039547311047511968 ) ) ;
#5329 = CARTESIAN_POINT ( 'NONE',  ( -3.717854479406255575, 59.95229064533531016, 8.072815756952048005 ) ) ;
#5330 = VECTOR ( 'NONE', #4369, 1000.000000000000000 ) ;
#5331 = CARTESIAN_POINT ( 'NONE',  ( 3.886047984270204037, 59.80290436043463131, -8.393759706139332977 ) ) ;
#5332 = CARTESIAN_POINT ( 'NONE',  ( -9.305336145871056175, 45.32903582538057918, 1.500000000000001332 ) ) ;
#5333 = ORIENTED_EDGE ( 'NONE', *, *, #6209, .T. ) ;
#5334 = AXIS2_PLACEMENT_3D ( 'NONE', #2241, #2725, #1601 ) ;
#5335 = CARTESIAN_POINT ( 'NONE',  ( -1.299038105676656230, 59.29999999999999716, -0.7499999999999970024 ) ) ;
#5336 = CARTESIAN_POINT ( 'NONE',  ( 6.443228091488959919, 44.63350581217286361, -6.963928575126185905 ) ) ;
#5337 = CARTESIAN_POINT ( 'NONE',  ( -4.823560934331257322, 60.00000000000000000, 6.754652611666148054 ) ) ;
#5338 = AXIS2_PLACEMENT_3D ( 'NONE', #7654, #7018, #816 ) ;
#5339 = CARTESIAN_POINT ( 'NONE',  ( 5.206868756431897616, 58.93661152880181930, -6.018561234482869615 ) ) ;
#5340 = CARTESIAN_POINT ( 'NONE',  ( -3.333725648282739762, 58.50000000000000000, 8.774182201321206520 ) ) ;
#5341 = DIRECTION ( 'NONE',  ( -0.5000000000000001110, 0.000000000000000000, -0.8660254037844385966 ) ) ;
#5342 = VERTEX_POINT ( 'NONE', #6921 ) ;
#5343 = ORIENTED_EDGE ( 'NONE', *, *, #3367, .F. ) ;
#5344 = CARTESIAN_POINT ( 'NONE',  ( 8.261481222607418573, 60.00000000000000000, -0.7999999999999998224 ) ) ;
#5345 = CARTESIAN_POINT ( 'NONE',  ( 9.870344325534231800, 58.88145147495341547, -1.499999999999997558 ) ) ;
#5346 = CARTESIAN_POINT ( 'NONE',  ( 8.261481222607418573, 59.29999999999999716, -1.499999999999999778 ) ) ;
#5347 = ADVANCED_FACE ( 'NONE', ( #798 ), #1512, .F. ) ;
#5348 = CARTESIAN_POINT ( 'NONE',  ( -8.567139404062595887, 59.29999997292472358, 1.500000000000001332 ) ) ;
#5349 = AXIS2_PLACEMENT_3D ( 'NONE', #2190, #2711, #6418 ) ;
#5350 = CARTESIAN_POINT ( 'NONE',  ( -5.206868756431704881, 58.93661152880360987, -6.018561234482640465 ) ) ;
#5351 = ORIENTED_EDGE ( 'NONE', *, *, #7889, .F. ) ;
#5352 = ORIENTED_EDGE ( 'NONE', *, *, #5002, .F. ) ;
#5353 = CARTESIAN_POINT ( 'NONE',  ( 5.653815329255941435, 45.65110126187370554, -6.792695406883066056 ) ) ;
#5354 = EDGE_LOOP ( 'NONE', ( #2050, #1544, #1132 ) ) ;
#5355 = CARTESIAN_POINT ( 'NONE',  ( 0.000000000000000000, 43.50000000000000000, 0.000000000000000000 ) ) ;
#5356 = CARTESIAN_POINT ( 'NONE',  ( -1.538745538941762581, 59.96335253576336299, -6.732016653630621406 ) ) ;
#5357 = AXIS2_PLACEMENT_3D ( 'NONE', #5928, #6582, #2345 ) ;
#5358 = CARTESIAN_POINT ( 'NONE',  ( 3.112559727078458405, 43.50000000000000000, -9.503261121602903927 ) ) ;
#5359 = CARTESIAN_POINT ( 'NONE',  ( -8.069405844647459247, 59.35849898938837299, 1.500000000000001998 ) ) ;
#5360 = CARTESIAN_POINT ( 'NONE',  ( 2.118037897910831191, 45.02275046629593902, 7.714526263032195352 ) ) ;
#5361 = EDGE_LOOP ( 'NONE', ( #3075, #7030, #7605, #6767 ) ) ;
#5362 = CIRCLE ( 'NONE', #5227, 0.7000000000000000666 ) ;
#5363 =( BOUNDED_SURFACE ( )  B_SPLINE_SURFACE ( 3, 2, ( 
 ( #6950, #5854, #2641 ),
 ( #2719, #313, #5168 ),
 ( #7623, #356, #4051 ),
 ( #4613, #3972, #5898 ),
 ( #2113, #3285, #6428 ),
 ( #911, #3890, #3364 ),
 ( #6467, #5208, #5250 ),
 ( #2154, #7070, #1553 ),
 ( #7709, #2199, #2917 ),
 ( #3566, #1109, #6018 ),
 ( #6704, #4770, #1182 ),
 ( #3645, #7225, #2391 ),
 ( #6058, #3527, #2355 ),
 ( #1709, #4850, #7304 ) ),
 .UNSPECIFIED., .F., .F., .F. ) 
 B_SPLINE_SURFACE_WITH_KNOTS ( ( 4, 2, 2, 2, 2, 2, 4 ),
 ( 3, 3 ),
 ( 0.002225472628914582345, 0.002664230922196090395, 0.003102989215477598879, 0.003541747508759106929, 0.003980505802040614979, 0.004858022388603631080, 0.005735538975166647180 ),
 ( 0.000000000000000000, 1.000000000000000000 ),
 .UNSPECIFIED. ) 
 GEOMETRIC_REPRESENTATION_ITEM ( )  RATIONAL_B_SPLINE_SURFACE ( (
 ( 1.000000000000000000, 0.7764019189191657677, 1.000000000000000000),
 ( 1.000000000000000000, 0.7764341587992910076, 1.000000000000000000),
 ( 1.000000000000000000, 0.7761162991565402347, 1.000000000000000000),
 ( 1.000000000000000000, 0.7747803634931693662, 1.000000000000000000),
 ( 1.000000000000000000, 0.7737458728123223217, 1.000000000000000000),
 ( 1.000000000000000000, 0.7709754987630623724, 1.000000000000000000),
 ( 1.000000000000000000, 0.7692484910742728443, 1.000000000000000000),
 ( 1.000000000000000000, 0.7650179021867254958, 1.000000000000000000),
 ( 1.000000000000000000, 0.7625239150132885335, 1.000000000000000000),
 ( 1.000000000000000000, 0.7540112073158101724, 1.000000000000000000),
 ( 1.000000000000000000, 0.7467563905232658117, 1.000000000000000000),
 ( 1.000000000000000000, 0.7292810299310529265, 1.000000000000000000),
 ( 1.000000000000000000, 0.7188203502331558248, 1.000000000000000000),
 ( 1.000000000000000000, 0.7071067811865475727, 1.000000000000000000) ) ) 
 REPRESENTATION_ITEM ( '' )  SURFACE ( )  );
#5364 = ORIENTED_EDGE ( 'NONE', *, *, #6573, .T. ) ;
#5365 = FACE_OUTER_BOUND ( 'NONE', #1988, .T. ) ;
#5366 = CARTESIAN_POINT ( 'NONE',  ( -2.590346134393910482, 59.04309822270916897, 7.486611113959875219 ) ) ;
#5367 = DIRECTION ( 'NONE',  ( 0.000000000000000000, 1.000000000000000000, 0.000000000000000000 ) ) ;
#5368 = CARTESIAN_POINT ( 'NONE',  ( 4.977224572034029570, 60.00000000000002132, -7.012111197526500028 ) ) ;
#5369 = DIRECTION ( 'NONE',  ( 0.000000000000000000, 0.000000000000000000, 1.000000000000000000 ) ) ;
#5370 = CARTESIAN_POINT ( 'NONE',  ( -7.739994670903527663, 58.50000000000000000, 2.022988505747127075 ) ) ;
#5371 = CARTESIAN_POINT ( 'NONE',  ( 5.287415755459798028, 59.43424132382838820, 6.057649028966973326 ) ) ;
#5372 = ORIENTED_EDGE ( 'NONE', *, *, #5270, .F. ) ;
#5373 = EDGE_CURVE ( 'NONE', #4469, #4628, #7080, .T. ) ;
#5374 = ADVANCED_FACE ( 'NONE', ( #3375 ), #1791, .T. ) ;
#5375 = AXIS2_PLACEMENT_3D ( 'NONE', #1304, #708, #5697 ) ;
#5376 = PRODUCT_RELATED_PRODUCT_CATEGORY ( 'part', '', ( #4583 ) ) ;
#5377 = CARTESIAN_POINT ( 'NONE',  ( -6.173199920497911997, 44.96483083475496301, 6.378763147357758179 ) ) ;
#5378 = CARTESIAN_POINT ( 'NONE',  ( 6.177601594321090239, 44.96265802970540193, -6.388557464677390385 ) ) ;
#5379 = CARTESIAN_POINT ( 'NONE',  ( -5.188422345747594200, 59.04309822270759156, 5.986611113960485397 ) ) ;
#5380 = CARTESIAN_POINT ( 'NONE',  ( 1.940521016280116751, 45.00000000000000000, 7.761080993352355684 ) ) ;
#5381 = CARTESIAN_POINT ( 'NONE',  ( 2.909583996627801650, 45.69089023002054262, -8.039547311048679035 ) ) ;
#5382 = CARTESIAN_POINT ( 'NONE',  ( 4.923954922635559228, 60.00000000000000000, 6.928540100183663952 ) ) ;
#5383 = ORIENTED_EDGE ( 'NONE', *, *, #2843, .F. ) ;
#5384 = EDGE_CURVE ( 'NONE', #5036, #2661, #4800, .T. ) ;
#5385 = CIRCLE ( 'NONE', #2434, 10.00000000000000000 ) ;
#5386 = ORIENTED_EDGE ( 'NONE', *, *, #4401, .F. ) ;
#5387 = ADVANCED_FACE ( 'NONE', ( #5219 ), #4705, .F. ) ;
#5388 = DIRECTION ( 'NONE',  ( 0.000000000000000000, 0.000000000000000000, -1.000000000000000000 ) ) ;
#5389 = CARTESIAN_POINT ( 'NONE',  ( -8.936450646532474451, 44.90951149104714091, -1.499999999999600098 ) ) ;
#5390 = CARTESIAN_POINT ( 'NONE',  ( -1.897807026632600369, 59.83700960661303725, 7.032836992707798274 ) ) ;
#5391 = CARTESIAN_POINT ( 'NONE',  ( -3.682582556302262500, 44.03396261278016510, -9.298344948053850700 ) ) ;
#5392 = CARTESIAN_POINT ( 'NONE',  ( 7.479568034471891558, 60.00000000000000000, 1.495684765255266280 ) ) ;
#5393 = VECTOR ( 'NONE', #5705, 1000.000000000000227 ) ;
#5394 = CARTESIAN_POINT ( 'NONE',  ( 9.893894216316269308, 44.03396261278087565, -1.459962428736932161 ) ) ;
#5395 = ORIENTED_EDGE ( 'NONE', *, *, #3062, .F. ) ;
#5396 = B_SPLINE_CURVE_WITH_KNOTS ( 'NONE', 3,
 ( #2304, #2943, #415, #4757, #7852, #4795, #7244, #4074, #1014, #5923, #1733, #2862, #7767, #4716 ),
 .UNSPECIFIED., .F., .F.,
 ( 4, 2, 2, 2, 2, 2, 4 ),
 ( 0.000000000000000000, 0.0005894577659039412255, 0.0008841866488559118383, 0.001178915531807882451, 0.001768373297711840590, 0.002063102180663818792, 0.002357831063615796995 ),
 .UNSPECIFIED. ) ;
#5397 = ORIENTED_EDGE ( 'NONE', *, *, #374, .T. ) ;
#5398 = CARTESIAN_POINT ( 'NONE',  ( 5.931801859636053109, 45.44761534702016093, -7.274182201321209185 ) ) ;
#5399 = ORIENTED_EDGE ( 'NONE', *, *, #6954, .T. ) ;
#5400 = CARTESIAN_POINT ( 'NONE',  ( 3.846389827712755949, 59.84838327266260904, 8.318215756667200367 ) ) ;
#5401 = CARTESIAN_POINT ( 'NONE',  ( -2.061981289408837181, 59.75043083125096643, -7.163354006105254967 ) ) ;
#5402 = CARTESIAN_POINT ( 'NONE',  ( 5.621956772992699136, 45.02275046629593902, 5.691537757285066057 ) ) ;
#5403 = CARTESIAN_POINT ( 'NONE',  ( 7.778768480142077557, 59.04309822270757735, 1.499999999999981570 ) ) ;
#5404 = CARTESIAN_POINT ( 'NONE',  ( -6.223651127633529789, 45.32625813511265278, -7.850733500342038873 ) ) ;
#5405 = EDGE_CURVE ( 'NONE', #1665, #5957, #1150, .T. ) ;
#5406 = ORIENTED_EDGE ( 'NONE', *, *, #7466, .T. ) ;
#5407 = ORIENTED_EDGE ( 'NONE', *, *, #348, .F. ) ;
#5408 = LINE ( 'NONE', #2386, #1511 ) ;
#5409 = CARTESIAN_POINT ( 'NONE',  ( -2.639305510750119321, 58.61174645308442877, 7.571411241314741858 ) ) ;
#5410 = DIRECTION ( 'NONE',  ( 0.8660254037844388186, 0.000000000000000000, 0.4999999999999996669 ) ) ;
#5411 = CARTESIAN_POINT ( 'NONE',  ( -5.245330579411523253, 60.00000000000000000, -6.201394458320845793 ) ) ;
#5412 = CARTESIAN_POINT ( 'NONE',  ( -4.217817679307160894, 58.89515726333496559, 9.022997231211711266 ) ) ;
#5413 = CARTESIAN_POINT ( 'NONE',  ( 3.414507107233115679, 59.60209052066605295, -8.914099792532509170 ) ) ;
#5414 = CARTESIAN_POINT ( 'NONE',  ( -8.417244204607584379, 45.69089023002221239, -1.499999999999999334 ) ) ;
#5415 =( BOUNDED_SURFACE ( )  B_SPLINE_SURFACE ( 3, 2, ( 
 ( #6085, #3100, #574 ),
 ( #7938, #2423, #4992 ),
 ( #7331, #6734, #1209 ),
 ( #3672, #3061, #6125 ),
 ( #22, #1973, #4429 ),
 ( #5032, #6888, #7482 ),
 ( #1368, #2287, #1301 ),
 ( #3078, #117, #2513 ),
 ( #6304, #75, #7420 ),
 ( #6906, #4968, #1384 ),
 ( #1952, #3765, #787 ),
 ( #5655, #1908, #6216 ),
 ( #705, #3847, #3159 ),
 ( #4491, #5089, #7541 ) ),
 .UNSPECIFIED., .F., .F., .F. ) 
 B_SPLINE_SURFACE_WITH_KNOTS ( ( 4, 2, 2, 2, 2, 2, 4 ),
 ( 3, 3 ),
 ( 0.007251311775856277529, 0.007694002128595802542, 0.008136692481335326688, 0.008579382834074850833, 0.009022073186814376713, 0.009907453892293426739, 0.01079283459777247677 ),
 ( 0.000000000000000000, 1.000000000000000000 ),
 .UNSPECIFIED. ) 
 GEOMETRIC_REPRESENTATION_ITEM ( )  RATIONAL_B_SPLINE_SURFACE ( (
 ( 1.000000000000000000, 0.7914775938769178509, 1.000000000000000000),
 ( 1.000000000000000000, 0.7914751215769145753, 1.000000000000000000),
 ( 1.000000000000000000, 0.7910692898050377675, 1.000000000000000000),
 ( 1.000000000000000000, 0.7894438079031533828, 1.000000000000000000),
 ( 1.000000000000000000, 0.7882037160860818625, 1.000000000000000000),
 ( 1.000000000000000000, 0.7849047533173046931, 1.000000000000000000),
 ( 1.000000000000000000, 0.7828546967484226737, 1.000000000000000000),
 ( 1.000000000000000000, 0.7778217196377550380, 1.000000000000000000),
 ( 1.000000000000000000, 0.7748435908280043583, 1.000000000000000000),
 ( 1.000000000000000000, 0.7646248375020047172, 1.000000000000000000),
 ( 1.000000000000000000, 0.7558737235613899319, 1.000000000000000000),
 ( 1.000000000000000000, 0.7342902559673625262, 1.000000000000000000),
 ( 1.000000000000000000, 0.7211950083362945740, 1.000000000000000000),
 ( 1.000000000000000000, 0.7060162090484372044, 1.000000000000000000) ) ) 
 REPRESENTATION_ITEM ( '' )  SURFACE ( )  );
#5416 = VERTEX_POINT ( 'NONE', #32 ) ;
#5417 = B_SPLINE_CURVE_WITH_KNOTS ( 'NONE', 3,
 ( #2607, #4414, #4977, #2484, #7428, #2000, #7390, #3773 ),
 .UNSPECIFIED., .F., .F.,
 ( 4, 2, 2, 4 ),
 ( -7.483314828533119992E-06, 0.001314877765573385605, 0.001976058305774345235, 0.002637238845975304648 ),
 .UNSPECIFIED. ) ;
#5418 = CARTESIAN_POINT ( 'NONE',  ( -4.576219278224369802, 59.99999999999999289, -5.910888082642067332 ) ) ;
#5419 = CARTESIAN_POINT ( 'NONE',  ( 6.162723887912258114, 44.21244023287263758, -7.674150886881956346 ) ) ;
#5420 = CARTESIAN_POINT ( 'NONE',  ( -5.385977413371484168, 59.50074565370237423, 6.328786528377819742 ) ) ;
#5421 = EDGE_CURVE ( 'NONE', #4982, #5672, #3074, .T. ) ;
#5422 = CARTESIAN_POINT ( 'NONE',  ( -6.217799010044461561, 44.02508204143069293, 7.833213949514078678 ) ) ;
#5423 = ADVANCED_FACE ( 'NONE', ( #6137 ), #624, .F. ) ;
#5424 = CARTESIAN_POINT ( 'NONE',  ( 5.726434491383821879, 58.69821682416046116, 8.198045377764733743 ) ) ;
#5425 = ORIENTED_EDGE ( 'NONE', *, *, #820, .F. ) ;
#5426 = ORIENTED_EDGE ( 'NONE', *, *, #7497, .T. ) ;
#5427 = CARTESIAN_POINT ( 'NONE',  ( -8.796370278909078522, 45.64523177326697123, -1.499999999999999112 ) ) ;
#5428 = CARTESIAN_POINT ( 'NONE',  ( -1.954762178822160523, 60.00000000000000000, 6.836864301080580297 ) ) ;
#5429 = CARTESIAN_POINT ( 'NONE',  ( 8.462269199216011728, 59.29999999999999716, -1.499999999999999778 ) ) ;
#5430 = EDGE_CURVE ( 'NONE', #4489, #4833, #2533, .T. ) ;
#5431 = DIRECTION ( 'NONE',  ( 0.000000000000000000, 1.000000000000000000, 0.000000000000000000 ) ) ;
#5432 = B_SPLINE_CURVE_WITH_KNOTS ( 'NONE', 3,
 ( #3314, #1458, #1581, #7697, #2189, #6981, #3919, #7579, #4040, #3883 ),
 .UNSPECIFIED., .F., .F.,
 ( 4, 2, 2, 2, 4 ),
 ( 0.000000000000000000, 0.0005272183400222042737, 0.001054436680044408547, 0.001581655020066612821, 0.002108873360088817095 ),
 .UNSPECIFIED. ) ;
#5433 = CARTESIAN_POINT ( 'NONE',  ( -4.565542363464797582, 60.01848078357100036, -4.907751337628773136 ) ) ;
#5434 = VERTEX_POINT ( 'NONE', #7632 ) ;
#5435 = ORIENTED_EDGE ( 'NONE', *, *, #4957, .T. ) ;
#5436 = CARTESIAN_POINT ( 'NONE',  ( 5.287412149931832062, 59.43424718601784917, -6.057635500425959663 ) ) ;
#5437 = ORIENTED_EDGE ( 'NONE', *, *, #3254, .T. ) ;
#5438 = CARTESIAN_POINT ( 'NONE',  ( 5.726434491383812109, 45.44761534702016093, -8.198045377764740849 ) ) ;
#5439 = CARTESIAN_POINT ( 'NONE',  ( -2.638440768549811022, 60.00000000000000000, -6.812165616410772451 ) ) ;
#5440 = UNCERTAINTY_MEASURE_WITH_UNIT (LENGTH_MEASURE( 1.000000000000000082E-05 ), #2772, 'distance_accuracy_value', 'NONE');
#5441 = CARTESIAN_POINT ( 'NONE',  ( 4.115595878838973931, 44.77290120159839404, -9.113885984759242831 ) ) ;
#5442 = CARTESIAN_POINT ( 'NONE',  ( -6.116371473349212273, 60.00000000000000000, 2.200000000000000622 ) ) ;
#5443 = CARTESIAN_POINT ( 'NONE',  ( 7.739994670903527663, 58.50000000000000000, 2.022988505747126187 ) ) ;
#5444 = ORIENTED_EDGE ( 'NONE', *, *, #7603, .F. ) ;
#5445 = EDGE_LOOP ( 'NONE', ( #4706, #4071, #7021, #4947 ) ) ;
#5446 = DIRECTION ( 'NONE',  ( 0.000000000000000000, 0.000000000000000000, 1.000000000000000000 ) ) ;
#5447 = CARTESIAN_POINT ( 'NONE',  ( 9.959979526801262750, 45.05370681297948465, -0.8961007477470274152 ) ) ;
#5448 = DIRECTION ( 'NONE',  ( 0.000000000000000000, 1.000000000000000000, 0.000000000000000000 ) ) ;
#5449 = CARTESIAN_POINT ( 'NONE',  ( -6.555470836860244788, 43.61993891098795473, -7.553214043129810484 ) ) ;
#5450 = DIRECTION ( 'NONE',  ( 1.000000000000000000, 0.000000000000000000, 0.000000000000000000 ) ) ;
#5451 = CARTESIAN_POINT ( 'NONE',  ( -3.333725648282747756, 64.86389322930409662, -8.774182201321204744 ) ) ;
#5452 = EDGE_CURVE ( 'NONE', #4147, #7269, #7338, .T. ) ;
#5453 = CARTESIAN_POINT ( 'NONE',  ( 3.512958273669986475, 59.39586769377058317, -9.084622214866444168 ) ) ;
#5454 = CARTESIAN_POINT ( 'NONE',  ( 0.000000000000000000, 60.00000000000000000, 0.000000000000000000 ) ) ;
#5455 = DIRECTION ( 'NONE',  ( 0.000000000000000000, 1.000000000000000000, 0.000000000000000000 ) ) ;
#5456 = ORIENTED_EDGE ( 'NONE', *, *, #1959, .F. ) ;
#5457 = CIRCLE ( 'NONE', #1215, 0.6999999999999992895 ) ;
#5458 = CARTESIAN_POINT ( 'NONE',  ( 0.000000000000000000, 58.50000000000000000, 0.000000000000000000 ) ) ;
#5459 = LINE ( 'NONE', #2397, #3140 ) ;
#5460 = CARTESIAN_POINT ( 'NONE',  ( -5.237381722103144455, 58.61174645308432218, 6.071411241315264107 ) ) ;
#5461 = AXIS2_PLACEMENT_3D ( 'NONE', #4306, #4268, #5516 ) ;
#5462 = CARTESIAN_POINT ( 'NONE',  ( 6.531408793976053673, 44.44078939132194961, 7.150821730268955179 ) ) ;
#5463 = DIRECTION ( 'NONE',  ( -0.8660254037844388186, 0.000000000000000000, 0.4999999999999996669 ) ) ;
#5464 = AXIS2_PLACEMENT_3D ( 'NONE', #6099, #590, #3651 ) ;
#5465 = CARTESIAN_POINT ( 'NONE',  ( -3.845993699320396253, 59.84879564947461006, -8.317460642226594203 ) ) ;
#5466 = ORIENTED_EDGE ( 'NONE', *, *, #295, .F. ) ;
#5467 = CARTESIAN_POINT ( 'NONE',  ( -8.415859867841358977, 45.02324866275627357, -1.500000000003034017 ) ) ;
#5468 = FACE_OUTER_BOUND ( 'NONE', #7361, .T. ) ;
#5469 = CARTESIAN_POINT ( 'NONE',  ( 4.963441625000367452, 60.00000000000000000, -4.196933074902877259 ) ) ;
#5470 = B_SPLINE_CURVE_WITH_KNOTS ( 'NONE', 3,
 ( #5480, #3633, #4388, #1207, #3058, #7403, #7936, #2579, #6123, #6848 ),
 .UNSPECIFIED., .F., .F.,
 ( 4, 2, 2, 2, 4 ),
 ( -8.671656551037227903E-06, 0.0005933647113702862240, 0.001195401079291609535, 0.001797437447212932955, 0.002399473815134256591 ),
 .UNSPECIFIED. ) ;
#5471 = CARTESIAN_POINT ( 'NONE',  ( -2.874200311968238442, 45.62604786065597295, -7.978260971459457451 ) ) ;
#5472 = CYLINDRICAL_SURFACE ( 'NONE', #766, 8.000000000000000000 ) ;
#5473 = ORIENTED_EDGE ( 'NONE', *, *, #4029, .F. ) ;
#5474 = ORIENTED_EDGE ( 'NONE', *, *, #7911, .F. ) ;
#5475 = CARTESIAN_POINT ( 'NONE',  ( 0.000000000000000000, 1.500000000000000000, -12.00000000000000178 ) ) ;
#5476 = ORIENTED_EDGE ( 'NONE', *, *, #2765, .F. ) ;
#5477 = CARTESIAN_POINT ( 'NONE',  ( -5.507660207980447531, 45.69089023002221239, 6.539547311047512856 ) ) ;
#5478 = CARTESIAN_POINT ( 'NONE',  ( 5.850881431519817433, 58.99281382787367534, 7.134023908453642981 ) ) ;
#5479 = CIRCLE ( 'NONE', #3812, 10.00000000000000000 ) ;
#5480 = CARTESIAN_POINT ( 'NONE',  ( -1.152929848348838604, 60.00000000000000000, 6.396933074902873884 ) ) ;
#5481 = CARTESIAN_POINT ( 'NONE',  ( 8.100544398056250373, 59.62896311542225902, 1.499999999999999556 ) ) ;
#5482 = CARTESIAN_POINT ( 'NONE',  ( -6.433886936424289438, 43.75189518330586935, -7.656744213194590643 ) ) ;
#5483 = EDGE_CURVE ( 'NONE', #3429, #7567, #6998, .T. ) ;
#5484 = ORIENTED_EDGE ( 'NONE', *, *, #7194, .F. ) ;
#5485 = EDGE_CURVE ( 'NONE', #5416, #927, #1560, .T. ) ;
#5486 = CIRCLE ( 'NONE', #479, 8.000000000000000000 ) ;
#5487 = CARTESIAN_POINT ( 'NONE',  ( -5.887972618243655809, 58.91913233273815820, -7.198267728372353957 ) ) ;
#5488 = CARTESIAN_POINT ( 'NONE',  ( -3.206523730960868285E-16, 64.86389322930409662, -1.499999999999998002 ) ) ;
#5489 = CARTESIAN_POINT ( 'NONE',  ( -3.370688035228291746, 45.41350888058272517, -8.838202933479907486 ) ) ;
#5490 = CARTESIAN_POINT ( 'NONE',  ( 5.931801859636053109, 45.44761534702016093, -7.274182201321209185 ) ) ;
#5491 = CARTESIAN_POINT ( 'NONE',  ( 6.092694507282765848, 45.00000000000002132, 6.199152608505601236 ) ) ;
#5492 = FACE_OUTER_BOUND ( 'NONE', #4724, .T. ) ;
#5493 = CARTESIAN_POINT ( 'NONE',  ( -7.502935692264861345, 60.28467909235391886, 1.500000000000000888 ) ) ;
#5494 = DIRECTION ( 'NONE',  ( 0.8660254037844387076, 0.000000000000000000, -0.4999999999999998335 ) ) ;
#5495 = CIRCLE ( 'NONE', #4334, 12.70000000000000107 ) ;
#5496 = CARTESIAN_POINT ( 'NONE',  ( 9.580052777677307674, 44.25238333472616148, 2.071595859794250316 ) ) ;
#5497 = ORIENTED_EDGE ( 'NONE', *, *, #3965, .F. ) ;
#5498 = CARTESIAN_POINT ( 'NONE',  ( 9.910655320666059254, 44.17624473793536310, 1.338375252618950073 ) ) ;
#5499 = CARTESIAN_POINT ( 'NONE',  ( 8.261481222607418573, 59.29999999999999716, -0.7999999999999998224 ) ) ;
#5500 = AXIS2_PLACEMENT_3D ( 'NONE', #2673, #7658, #7064 ) ;
#5501 = CARTESIAN_POINT ( 'NONE',  ( 9.126981073290169277, 59.84838327266260194, -0.8280365746763036494 ) ) ;
#5502 = CARTESIAN_POINT ( 'NONE',  ( 6.331382131634716970, 44.82112557137041620, -6.725089513856688406 ) ) ;
#5503 = CARTESIAN_POINT ( 'NONE',  ( 5.530172705284658541, 59.29999999999999716, -6.578540100183670525 ) ) ;
#5504 = EDGE_LOOP ( 'NONE', ( #2781, #1617, #938, #359, #2374, #2412 ) ) ;
#5505 = ORIENTED_EDGE ( 'NONE', *, *, #7927, .T. ) ;
#5506 = CARTESIAN_POINT ( 'NONE',  ( -9.859364070768485533, 43.91850100297573789, -1.499999999999714007 ) ) ;
#5507 = CARTESIAN_POINT ( 'NONE',  ( -2.015431155441665734, 60.00000000000000000, 6.582306779026311006 ) ) ;
#5508 = DIRECTION ( 'NONE',  ( 0.000000000000000000, 1.000000000000000000, 0.000000000000000000 ) ) ;
#5509 = CARTESIAN_POINT ( 'NONE',  ( 5.585241267444645885, 58.99743028505172049, 5.613456303486731969 ) ) ;
#5510 = CARTESIAN_POINT ( 'NONE',  ( 0.000000000000000000, 0.000000000000000000, 0.000000000000000000 ) ) ;
#5511 = EDGE_LOOP ( 'NONE', ( #1411, #4753, #3278, #1817, #60 ) ) ;
#5512 = CARTESIAN_POINT ( 'NONE',  ( -9.244124902132325516, 58.71105033875263501, -1.499999999999999112 ) ) ;
#5513 = AXIS2_PLACEMENT_3D ( 'NONE', #648, #5634, #7288 ) ;
#5514 = ORIENTED_EDGE ( 'NONE', *, *, #4713, .F. ) ;
#5515 = FACE_OUTER_BOUND ( 'NONE', #1283, .T. ) ;
#5516 = DIRECTION ( 'NONE',  ( -0.8660254037844388186, 0.000000000000000000, 0.4999999999999996669 ) ) ;
#5517 = EDGE_CURVE ( 'NONE', #1089, #2193, #3981, .T. ) ;
#5518 = VECTOR ( 'NONE', #1279, 1000.000000000000000 ) ;
#5519 = PLANE ( 'NONE',  #6800 ) ;
#5520 = PLANE ( 'NONE',  #4497 ) ;
#5521 = CARTESIAN_POINT ( 'NONE',  ( 0.000000000000000000, 0.000000000000000000, 0.000000000000000000 ) ) ;
#5522 = ADVANCED_FACE ( 'NONE', ( #3294 ), #7831, .T. ) ;
#5523 = VECTOR ( 'NONE', #7097, 1000.000000000000114 ) ;
#5524 = EDGE_LOOP ( 'NONE', ( #1536, #496, #565, #1091 ) ) ;
#5525 = CARTESIAN_POINT ( 'NONE',  ( 5.325584076986954685, 45.44761534702016093, 7.624182201321204388 ) ) ;
#5526 = DIRECTION ( 'NONE',  ( 0.000000000000000000, 0.000000000000000000, -1.000000000000000000 ) ) ;
#5527 = CARTESIAN_POINT ( 'NONE',  ( -3.065093450956278609, 43.99659213480289566, 9.433506613678218855 ) ) ;
#5528 = CARTESIAN_POINT ( 'NONE',  ( 3.112519991823620380, 43.48572453497203583, 9.503202653930422628 ) ) ;
#5529 = CARTESIAN_POINT ( 'NONE',  ( 8.417244204608932634, 45.69089023002054262, -1.499999999999999556 ) ) ;
#5530 = CARTESIAN_POINT ( 'NONE',  ( -6.178341180006778011, 44.96189999830964723, -6.390169356493042407 ) ) ;
#5531 = EDGE_CURVE ( 'NONE', #4565, #888, #2179, .T. ) ;
#5532 = EDGE_CURVE ( 'NONE', #3304, #450, #6683, .T. ) ;
#5533 = CARTESIAN_POINT ( 'NONE',  ( -7.729091270268559022, 58.70244047755186045, 2.023894054918675689 ) ) ;
#5534 = CARTESIAN_POINT ( 'NONE',  ( -9.911819803788596062, 44.18723787529081193, 1.329658840597463865 ) ) ;
#5535 = CARTESIAN_POINT ( 'NONE',  ( -9.265527507918802641, 43.50000000000000000, 1.500000000000001332 ) ) ;
#5536 = ORIENTED_EDGE ( 'NONE', *, *, #4336, .F. ) ;
#5537 = CARTESIAN_POINT ( 'NONE',  ( -3.036956269647580697, 59.27933202669344581, 8.260162559394462534 ) ) ;
#5538 = DIRECTION ( 'NONE',  ( 1.000000000000000000, 0.000000000000000000, 0.000000000000000000 ) ) ;
#5539 = CARTESIAN_POINT ( 'NONE',  ( -9.265527507918800865, 45.44761534702016093, -0.7999999999999992673 ) ) ;
#5540 = CARTESIAN_POINT ( 'NONE',  ( 3.267046553658096819, 43.62272147863500038, -9.452662756618185114 ) ) ;
#5541 = PLANE ( 'NONE',  #3704 ) ;
#5542 = CARTESIAN_POINT ( 'NONE',  ( 6.113877990629552173, 58.50000000000000000, -6.189547311047517653 ) ) ;
#5543 = CARTESIAN_POINT ( 'NONE',  ( -6.304485444342859068, 44.38237976976082422, 7.766355828308776132 ) ) ;
#5544 = CARTESIAN_POINT ( 'NONE',  ( -5.723810240677345007, 59.94520046359311038, 6.913930149736971842 ) ) ;
#5545 = ORIENTED_EDGE ( 'NONE', *, *, #6269, .F. ) ;
#5546 = VECTOR ( 'NONE', #3982, 1000.000000000000000 ) ;
#5547 = CARTESIAN_POINT ( 'NONE',  ( -9.220156855696101772, 44.76386405928106882, -1.499999999999983347 ) ) ;
#5548 = CARTESIAN_POINT ( 'NONE',  ( -6.010435543346964948, 45.00000000000000711, 6.010379736694798858 ) ) ;
#5549 = CARTESIAN_POINT ( 'NONE',  ( 6.116371473349213161, 60.00000000000000000, 2.199999999999999289 ) ) ;
#5550 = ADVANCED_FACE ( 'NONE', ( #1603 ), #4361, .T. ) ;
#5551 = CARTESIAN_POINT ( 'NONE',  ( 5.037337231626874079, 60.00164933118431065, 4.380514908973205834 ) ) ;
#5552 = CARTESIAN_POINT ( 'NONE',  ( -2.118037897910833411, 45.02275046629593902, -7.714526263032193576 ) ) ;
#5553 = B_SPLINE_CURVE_WITH_KNOTS ( 'NONE', 3,
 ( #6819, #4357, #1293, #7335, #2547, #777, #1328, #3230 ),
 .UNSPECIFIED., .F., .F.,
 ( 4, 2, 2, 4 ),
 ( -7.483314828626961078E-06, 0.001314877765573345923, 0.001976058305774332224, 0.002637238845975318526 ),
 .UNSPECIFIED. ) ;
#5554 = ORIENTED_EDGE ( 'NONE', *, *, #4654, .F. ) ;
#5555 = EDGE_LOOP ( 'NONE', ( #3540, #3599, #53, #1790, #928 ) ) ;
#5556 = CARTESIAN_POINT ( 'NONE',  ( 0.000000000000000000, 43.50000000000000000, 0.000000000000000000 ) ) ;
#5557 = CARTESIAN_POINT ( 'NONE',  ( -5.481407238661357262, 59.04439041980842973, 6.494075834337301067 ) ) ;
#5558 = CARTESIAN_POINT ( 'NONE',  ( -5.219112172906130276, 59.59810576462999876, -5.700566757498434001 ) ) ;
#5559 = CARTESIAN_POINT ( 'NONE',  ( 7.411273751837256007, 59.59082966460349695, 1.499999999999999556 ) ) ;
#5560 = CARTESIAN_POINT ( 'NONE',  ( -6.304485444342987854, 44.38237976976297716, -7.766355828308483922 ) ) ;
#5561 = VERTEX_POINT ( 'NONE', #3415 ) ;
#5562 = ORIENTED_EDGE ( 'NONE', *, *, #2326, .F. ) ;
#5563 = DIRECTION ( 'NONE',  ( -0.000000000000000000, -1.000000000000000000, -0.000000000000000000 ) ) ;
#5564 = CARTESIAN_POINT ( 'NONE',  ( 5.621956772992692919, 60.00000000000000000, -5.691537757285073162 ) ) ;
#5565 = CARTESIAN_POINT ( 'NONE',  ( 6.116371473349212273, 60.00000000000000000, 2.199999999999999289 ) ) ;
#5566 = CARTESIAN_POINT ( 'NONE',  ( 2.806141549344543851, 45.70000000000000284, 7.860379736694797614 ) ) ;
#5567 = CARTESIAN_POINT ( 'NONE',  ( 2.932096493931342085, 59.29999999999999716, -8.078540100183667860 ) ) ;
#5568 = AXIS2_PLACEMENT_3D ( 'NONE', #599, #4260, #6648 ) ;
#5569 = FACE_OUTER_BOUND ( 'NONE', #723, .T. ) ;
#5570 = CARTESIAN_POINT ( 'NONE',  ( -2.111801969006340762, 58.70244047755104333, -7.705536415680549034 ) ) ;
#5571 = CARTESIAN_POINT ( 'NONE',  ( 0.000000000000000000, 0.8000000000000000444, 0.000000000000000000 ) ) ;
#5572 = ORIENTED_EDGE ( 'NONE', *, *, #3288, .F. ) ;
#5573 = CARTESIAN_POINT ( 'NONE',  ( -3.176487208308711896, 59.13703967621340496, 8.501837234383319952 ) ) ;
#5574 = CARTESIAN_POINT ( 'NONE',  ( -9.510542896295365978, 44.79916475255305386, 1.617518368275976393 ) ) ;
#5575 = CARTESIAN_POINT ( 'NONE',  ( -8.462269199216011728, 59.29999999999999716, 1.500000000000001110 ) ) ;
#5576 = CARTESIAN_POINT ( 'NONE',  ( 3.301779451963573031, 44.33474125497887997, -9.276614803685729882 ) ) ;
#5577 = CARTESIAN_POINT ( 'NONE',  ( -6.898279256375198898, 60.00000000000078160, 1.725558445324153256 ) ) ;
#5578 = CARTESIAN_POINT ( 'NONE',  ( -2.118037897910827194, 58.50000000000000000, 7.714526263032195352 ) ) ;
#5579 = CARTESIAN_POINT ( 'NONE',  ( -2.118037897910827194, 45.02275046629593902, 7.714526263032195352 ) ) ;
#5580 = CARTESIAN_POINT ( 'NONE',  ( -5.530172705284661205, 60.00000000000000000, 6.578540100183667860 ) ) ;
#5581 = ORIENTED_EDGE ( 'NONE', *, *, #7363, .F. ) ;
#5582 = CARTESIAN_POINT ( 'NONE',  ( 8.346476835288910934, 45.62604786065706719, 1.500000000000077938 ) ) ;
#5583 = CARTESIAN_POINT ( 'NONE',  ( -9.897186731620367439, 44.71979963232567457, -1.477700533470657218 ) ) ;
#5584 = AXIS2_PLACEMENT_3D ( 'NONE', #7364, #7401, #55 ) ;
#5585 = CARTESIAN_POINT ( 'NONE',  ( -7.234637190292730224, 59.75043083125054721, -1.795948824296614621 ) ) ;
#5586 = AXIS2_PLACEMENT_3D ( 'NONE', #5499, #6750, #6635 ) ;
#5587 = CARTESIAN_POINT ( 'NONE',  ( 5.476933078768376539, 59.43460535427674074, 5.380327187287691437 ) ) ;
#5588 = FACE_OUTER_BOUND ( 'NONE', #4206, .T. ) ;
#5589 = VECTOR ( 'NONE', #3372, 1000.000000000000000 ) ;
#5590 = VERTEX_POINT ( 'NONE', #1522 ) ;
#5591 = CARTESIAN_POINT ( 'NONE',  ( 9.163680012902517547, 58.90364570241902697, 1.500000000000000000 ) ) ;
#5592 = VERTEX_POINT ( 'NONE', #7673 ) ;
#5593 = CARTESIAN_POINT ( 'NONE',  ( 6.673785686565869568, 43.50000000000000000, -7.447186355247767509 ) ) ;
#5594 = CARTESIAN_POINT ( 'NONE',  ( -5.507660207980448419, 58.77569987213451697, 6.539547311047513745 ) ) ;
#5595 = LINE ( 'NONE', #3024, #2302 ) ;
#5596 = CARTESIAN_POINT ( 'NONE',  ( 7.502935692271170964, 60.28467909234909428, 1.499999999999999556 ) ) ;
#5597 = CARTESIAN_POINT ( 'NONE',  ( -6.088693522029120508, 44.94768297982630401, -7.397589238707761972 ) ) ;
#5598 = VECTOR ( 'NONE', #2766, 1000.000000000000114 ) ;
#5599 = ORIENTED_EDGE ( 'NONE', *, *, #997, .F. ) ;
#5600 = ORIENTED_EDGE ( 'NONE', *, *, #4792, .T. ) ;
#5601 = CYLINDRICAL_SURFACE ( 'NONE', #6752, 0.7000000000000000666 ) ;
#5602 = CYLINDRICAL_SURFACE ( 'NONE', #7038, 0.6999999999999992895 ) ;
#5603 = CARTESIAN_POINT ( 'NONE',  ( -6.321445307844222761, 60.00000000000000000, 2.171067298699836279 ) ) ;
#5604 = CARTESIAN_POINT ( 'NONE',  ( 2.762780915732632625, 44.69658421580473373, 8.995131844707440649 ) ) ;
#5605 = CARTESIAN_POINT ( 'NONE',  ( -7.739994670903527663, 45.02275046629593902, 2.022988505747127519 ) ) ;
#5606 = CARTESIAN_POINT ( 'NONE',  ( -6.674195933260845592, 43.58667614191537609, -7.448035007451328404 ) ) ;
#5607 = AXIS2_PLACEMENT_3D ( 'NONE', #2392, #2356, #6631 ) ;
#5608 = CARTESIAN_POINT ( 'NONE',  ( -2.847929439722959977, 59.22956441742049094, -7.932758485971325157 ) ) ;
#5609 = CARTESIAN_POINT ( 'NONE',  ( -9.349391837816279249, 45.20841721513703959, 1.515992524295596278 ) ) ;
#5610 = ORIENTED_EDGE ( 'NONE', *, *, #5201, .T. ) ;
#5611 = FACE_OUTER_BOUND ( 'NONE', #6292, .T. ) ;
#5612 = CARTESIAN_POINT ( 'NONE',  ( 0.000000000000000000, 43.50000000000000000, 0.000000000000000000 ) ) ;
#5613 = CARTESIAN_POINT ( 'NONE',  ( 9.931117344510861145, 44.42018426149839883, 1.173027105408421589 ) ) ;
#5614 = CARTESIAN_POINT ( 'NONE',  ( 5.404217760697847872, 45.00000000000000000, -6.360379736694806496 ) ) ;
#5615 = CARTESIAN_POINT ( 'NONE',  ( -7.658484981786860324, 59.99999999999999289, 1.460439925477883705 ) ) ;
#5616 = ADVANCED_FACE ( 'NONE', ( #5865 ), #4624, .T. ) ;
#5617 = DIRECTION ( 'NONE',  ( 0.000000000000000000, 0.000000000000000000, 1.000000000000000000 ) ) ;
#5618 = EDGE_CURVE ( 'NONE', #1848, #7929, #7069, .T. ) ;
#5619 = CARTESIAN_POINT ( 'NONE',  ( -5.280135361485226220, 59.84879564947465980, 7.489458567519526433 ) ) ;
#5620 = EDGE_CURVE ( 'NONE', #6853, #5590, #86, .T. ) ;
#5621 = DIRECTION ( 'NONE',  ( -0.000000000000000000, -1.000000000000000000, -0.000000000000000000 ) ) ;
#5622 = CARTESIAN_POINT ( 'NONE',  ( 2.932096493931348302, 60.00000000000000000, 8.078540100183666084 ) ) ;
#5623 = DIRECTION ( 'NONE',  ( 0.8660254037844390407, 0.000000000000000000, 0.4999999999999991118 ) ) ;
#5624 = VECTOR ( 'NONE', #1388, 1000.000000000000000 ) ;
#5625 = EDGE_CURVE ( 'NONE', #7060, #6149, #1533, .T. ) ;
#5626 = CARTESIAN_POINT ( 'NONE',  ( 9.786345413644342628, 43.50000000000000000, 2.056074766355140415 ) ) ;
#5627 = ADVANCED_FACE ( 'NONE', ( #2645 ), #511, .T. ) ;
#5628 = CARTESIAN_POINT ( 'NONE',  ( 2.892543997094147112, 44.49496742196144083, -9.182016092631510418 ) ) ;
#5629 = CARTESIAN_POINT ( 'NONE',  ( -3.437920288276154146, 60.00000000000000000, 7.554652611666146989 ) ) ;
#5630 = CARTESIAN_POINT ( 'NONE',  ( -3.165087016750555815, 43.66827298978009964, -9.486057098235260554 ) ) ;
#5631 = ORIENTED_EDGE ( 'NONE', *, *, #5625, .F. ) ;
#5632 = CARTESIAN_POINT ( 'NONE',  ( 2.658407295906863865, 44.82112557137041620, 8.845682523990880952 ) ) ;
#5633 = FACE_OUTER_BOUND ( 'NONE', #460, .T. ) ;
#5634 = DIRECTION ( 'NONE',  ( -0.5000000000000003331, 0.000000000000000000, -0.8660254037844385966 ) ) ;
#5635 = CARTESIAN_POINT ( 'NONE',  ( 8.417244204607586155, 45.69089023002221239, 1.499999999999999778 ) ) ;
#5636 = AXIS2_PLACEMENT_3D ( 'NONE', #5152, #181, #4479 ) ;
#5637 = CARTESIAN_POINT ( 'NONE',  ( -3.408662990750355615, 43.74710561168240730, 9.402195459032093083 ) ) ;
#5638 = VERTEX_POINT ( 'NONE', #5097 ) ;
#5639 = ORIENTED_EDGE ( 'NONE', *, *, #2424, .T. ) ;
#5640 = AXIS2_PLACEMENT_3D ( 'NONE', #1891, #4349, #6810 ) ;
#5641 = VERTEX_POINT ( 'NONE', #833 ) ;
#5642 = CARTESIAN_POINT ( 'NONE',  ( 9.579542049274632376, 44.27311077007767892, -2.071603570755839563 ) ) ;
#5643 = CARTESIAN_POINT ( 'NONE',  ( 5.931801859636061991, 43.50000000000000000, 7.274182201321203856 ) ) ;
#5644 = CARTESIAN_POINT ( 'NONE',  ( 5.446774382792912483, 45.55979648596110820, -6.412806685466009071 ) ) ;
#5645 = FACE_OUTER_BOUND ( 'NONE', #7755, .T. ) ;
#5646 = CARTESIAN_POINT ( 'NONE',  ( 3.267322350082682902, 45.51549468767143480, 8.659168315048555442 ) ) ;
#5647 = CARTESIAN_POINT ( 'NONE',  ( -6.534680620304658127, 43.47878117929302277, -8.318398845603368841 ) ) ;
#5648 = AXIS2_PLACEMENT_3D ( 'NONE', #6956, #5621, #3211 ) ;
#5649 = EDGE_CURVE ( 'NONE', #643, #5561, #3303, .T. ) ;
#5650 = CARTESIAN_POINT ( 'NONE',  ( -6.526240071244057361, 59.96664438078831694, 2.145307993867184848 ) ) ;
#5651 = CARTESIAN_POINT ( 'NONE',  ( 5.931801859636053997, 58.71174231375390917, -7.274182201321210073 ) ) ;
#5652 = CARTESIAN_POINT ( 'NONE',  ( -9.831876616136087321, 43.85566074627723765, 1.829743230868783543 ) ) ;
#5653 = ORIENTED_EDGE ( 'NONE', *, *, #3409, .T. ) ;
#5654 = FACE_OUTER_BOUND ( 'NONE', #2584, .T. ) ;
#5655 = CARTESIAN_POINT ( 'NONE',  ( -6.526240071252432884, 59.96664438078632742, -2.145307993866029772 ) ) ;
#5656 = CARTESIAN_POINT ( 'NONE',  ( 9.959979299690683519, 45.05369091973980034, 0.8961036389796463997 ) ) ;
#5657 = CARTESIAN_POINT ( 'NONE',  ( 3.694059351447758210, 44.88446914518942066, -9.302764625640389085 ) ) ;
#5658 = CARTESIAN_POINT ( 'NONE',  ( -6.708160463861148948, 60.00000000000000000, 1.545738809322980911 ) ) ;
#5659 = CARTESIAN_POINT ( 'NONE',  ( -5.707852723010796936, 45.00000000000000000, -5.605735980109919581 ) ) ;
#5660 = CARTESIAN_POINT ( 'NONE',  ( -2.240656880380651916, 45.06242755055220783, 7.689547311047511435 ) ) ;
#5661 = DIRECTION ( 'NONE',  ( 0.000000000000000000, 0.000000000000000000, -1.000000000000000000 ) ) ;
#5662 = CARTESIAN_POINT ( 'NONE',  ( -9.786345413644344404, 43.70385227762303515, -2.056074766355139083 ) ) ;
#5663 = DIRECTION ( 'NONE',  ( 0.000000000000000000, 1.000000000000000000, -0.000000000000000000 ) ) ;
#5664 = CARTESIAN_POINT ( 'NONE',  ( -9.801955860994562286, 43.73111428289880109, -1.981773368210464792 ) ) ;
#5665 = CARTESIAN_POINT ( 'NONE',  ( -5.653986389734299678, 45.66504311428028728, -6.792991692322729591 ) ) ;
#5666 = EDGE_CURVE ( 'NONE', #5109, #550, #6579, .T. ) ;
#5667 = CARTESIAN_POINT ( 'NONE',  ( -5.856159171140420838, 59.82458473914901731, -7.143165221625298322 ) ) ;
#5668 = CARTESIAN_POINT ( 'NONE',  ( 2.806141549344539854, 45.00000000000002132, -7.860379736694803832 ) ) ;
#5669 =( BOUNDED_SURFACE ( )  B_SPLINE_SURFACE ( 3, 2, ( 
 ( #7954, #2443, #6672 ),
 ( #6712, #6023, #4895 ),
 ( #1154, #4132, #4286 ),
 ( #513, #5419, #4165 ),
 ( #2321, #6595, #473 ),
 ( #7913, #1226, #4816 ),
 ( #5944, #435, #2883 ),
 ( #5336, #4737, #7793 ),
 ( #1752, #1073, #3614 ),
 ( #552, #3531, #7309 ),
 ( #2924, #6063, #7833 ),
 ( #5378, #4250, #4774 ),
 ( #7229, #3849, #38 ),
 ( #1954, #5614, #6829 ) ),
 .UNSPECIFIED., .F., .F., .T. ) 
 B_SPLINE_SURFACE_WITH_KNOTS ( ( 4, 2, 2, 2, 2, 2, 4 ),
 ( 3, 3 ),
 ( 0.001772834456946055905, 0.002650301912888601823, 0.003089035640859875108, 0.003527769368831147959, 0.003966503096802420809, 0.004405236824773693660, 0.005282704280716240229 ),
 ( 0.000000000000000000, 1.000000000000000000 ),
 .UNSPECIFIED. ) 
 GEOMETRIC_REPRESENTATION_ITEM ( )  RATIONAL_B_SPLINE_SURFACE ( (
 ( 1.000000000000000000, 0.7764019833919689750, 1.000000000000000000),
 ( 1.000000000000000000, 0.7764724955933640649, 1.000000000000000000),
 ( 1.000000000000000000, 0.7751264840473065520, 1.000000000000000000),
 ( 1.000000000000000000, 0.7709952323542105246, 1.000000000000000000),
 ( 1.000000000000000000, 0.7692344803650154050, 1.000000000000000000),
 ( 1.000000000000000000, 0.7650189772143588529, 1.000000000000000000),
 ( 1.000000000000000000, 0.7625688308997664588, 1.000000000000000000),
 ( 1.000000000000000000, 0.7568621671777806537, 1.000000000000000000),
 ( 1.000000000000000000, 0.7536059078440529024, 1.000000000000000000),
 ( 1.000000000000000000, 0.7464197732060149360, 1.000000000000000000),
 ( 1.000000000000000000, 0.7424609519006963865, 1.000000000000000000),
 ( 1.000000000000000000, 0.7292012344433802529, 1.000000000000000000),
 ( 1.000000000000000000, 0.7190378339145951925, 1.000000000000000000),
 ( 1.000000000000000000, 0.7071067811865442421, 1.000000000000000000) ) ) 
 REPRESENTATION_ITEM ( '' )  SURFACE ( )  );
#5670 = FACE_OUTER_BOUND ( 'NONE', #3017, .T. ) ;
#5671 = CARTESIAN_POINT ( 'NONE',  ( 1.152929848348836828, 60.00000000000000000, -6.396933074902873884 ) ) ;
#5672 = VERTEX_POINT ( 'NONE', #6874 ) ;
#5673 = CARTESIAN_POINT ( 'NONE',  ( -4.236498292474472294, 45.25138510346868514, -9.058260441048322065 ) ) ;
#5674 = EDGE_CURVE ( 'NONE', #6612, #4433, #3691, .T. ) ;
#5675 = DIRECTION ( 'NONE',  ( -1.000000000000000000, 0.000000000000000000, 2.137682487307248399E-16 ) ) ;
#5676 = CARTESIAN_POINT ( 'NONE',  ( -2.930489946891041253, 44.41763316992683741, 9.237063314021563443 ) ) ;
#5677 = ORIENTED_EDGE ( 'NONE', *, *, #3582, .T. ) ;
#5678 = ORIENTED_EDGE ( 'NONE', *, *, #2517, .T. ) ;
#5679 = EDGE_LOOP ( 'NONE', ( #6202, #5397, #5323, #6176 ) ) ;
#5680 = B_SPLINE_CURVE_WITH_KNOTS ( 'NONE', 3,
 ( #7704, #866, #2196, #3321, #4651, #5090, #3240, #232, #4009, #193, #4569, #273 ),
 .UNSPECIFIED., .F., .F.,
 ( 4, 2, 2, 2, 2, 4 ),
 ( -7.465060092953778131E-06, 0.0005897204466705944581, 0.001186905953434142652, 0.001485498706815925694, 0.001784091460197708735, 0.002381276966961274819 ),
 .UNSPECIFIED. ) ;
#5681 = CARTESIAN_POINT ( 'NONE',  ( 3.036956271878339830, 59.27933203474312052, 8.260162563258241164 ) ) ;
#5682 = ORIENTED_EDGE ( 'NONE', *, *, #1099, .T. ) ;
#5683 = CARTESIAN_POINT ( 'NONE',  ( 10.24448729172667427, 44.47407819879572344, -1.500000000000000000 ) ) ;
#5684 = CARTESIAN_POINT ( 'NONE',  ( 0.000000000000000000, 0.000000000000000000, 0.000000000000000000 ) ) ;
#5685 = CARTESIAN_POINT ( 'NONE',  ( 2.909583993802533186, 58.64978554326560811, -8.039547306155169437 ) ) ;
#5686 = DIRECTION ( 'NONE',  ( 0.000000000000000000, 0.000000000000000000, -1.000000000000000000 ) ) ;
#5687 = CARTESIAN_POINT ( 'NONE',  ( -6.478407649767896181, 44.20308017121179489, -8.220931201540871314 ) ) ;
#5688 = CYLINDRICAL_SURFACE ( 'NONE', #6931, 0.7000000000000000666 ) ;
#5689 = CARTESIAN_POINT ( 'NONE',  ( 5.507660207980452860, 58.50000000000000000, 6.539547311047509304 ) ) ;
#5690 = CARTESIAN_POINT ( 'NONE',  ( 9.453389741509534261, 59.63050311187610930, 0.8409783496691769500 ) ) ;
#5691 = ORIENTED_EDGE ( 'NONE', *, *, #1938, .T. ) ;
#5692 = EDGE_CURVE ( 'NONE', #4916, #3366, #4626, .T. ) ;
#5693 = CARTESIAN_POINT ( 'NONE',  ( 7.100431619955219098, 59.71682665320339822, -2.081553374974923099 ) ) ;
#5694 = DIRECTION ( 'NONE',  ( 0.000000000000000000, 0.000000000000000000, 1.000000000000000000 ) ) ;
#5695 = CARTESIAN_POINT ( 'NONE',  ( 9.177869025133992054, 58.91913233273815820, -1.500000000000000444 ) ) ;
#5696 = CARTESIAN_POINT ( 'NONE',  ( 4.090934453334812204, 44.69141332848794690, -9.125141347058779218 ) ) ;
#5697 = DIRECTION ( 'NONE',  ( 1.224646799147353454E-16, 0.000000000000000000, -1.000000000000000000 ) ) ;
#5698 = B_SPLINE_CURVE_WITH_KNOTS ( 'NONE', 3,
 ( #5629, #2535, #7001, #6881, #3821, #6358, #7438, #2651 ),
 .UNSPECIFIED., .F., .F.,
 ( 4, 2, 2, 4 ),
 ( 0.000000000000000000, 0.0006601270656099222705, 0.001320254131219844541, 0.002640508262439690383 ),
 .UNSPECIFIED. ) ;
#5699 = EDGE_CURVE ( 'NONE', #7917, #6729, #1275, .T. ) ;
#5700 = CARTESIAN_POINT ( 'NONE',  ( -9.458497673334735012, 44.44078939132194961, 2.080955072949865592 ) ) ;
#5701 = B_SPLINE_CURVE_WITH_KNOTS ( 'NONE', 3,
 ( #3971, #6425, #2957, #7339, #4729, #6057, #3564, #546, #2273, #3604 ),
 .UNSPECIFIED., .F., .F.,
 ( 4, 2, 2, 2, 4 ),
 ( -7.941285366540863736E-06, 0.0005234127332232026489, 0.001054766751812946050, 0.001586120770402689667, 0.002117474788992433285 ),
 .UNSPECIFIED. ) ;
#5702 = CARTESIAN_POINT ( 'NONE',  ( -5.931801859636057550, 58.50000000000000000, 7.274182201321207408 ) ) ;
#5703 = CARTESIAN_POINT ( 'NONE',  ( -5.897650920513153316, 59.77675553006085352, 7.215031039634419940 ) ) ;
#5704 = CARTESIAN_POINT ( 'NONE',  ( -9.962932804070094406, 58.69786187492241680, -0.8602150554274310412 ) ) ;
#5705 = DIRECTION ( 'NONE',  ( -0.5000000000000001110, 0.000000000000000000, -0.8660254037844384856 ) ) ;
#5706 = CARTESIAN_POINT ( 'NONE',  ( -9.948071446344059154, 44.69141332848791137, -1.019717511724470782 ) ) ;
#5707 = CARTESIAN_POINT ( 'NONE',  ( -6.898279256374130419, 59.99999999999999289, -1.725558445323567058 ) ) ;
#5708 = CARTESIAN_POINT ( 'NONE',  ( -5.921100556742844745, 58.71105033875263501, -7.255647001002964558 ) ) ;
#5709 = CARTESIAN_POINT ( 'NONE',  ( 9.788245516483526032, 43.68522673060936512, 2.055935215698851071 ) ) ;
#5710 = CARTESIAN_POINT ( 'NONE',  ( 0.000000000000000000, 45.00000000000000000, 0.000000000000000000 ) ) ;
#5711 = CARTESIAN_POINT ( 'NONE',  ( 5.507660207981125211, 45.69089023002054262, 6.539547311048675482 ) ) ;
#5712 = VECTOR ( 'NONE', #2451, 1000.000000000000114 ) ;
#5713 = ORIENTED_EDGE ( 'NONE', *, *, #1145, .T. ) ;
#5714 = DIRECTION ( 'NONE',  ( -2.137682487307248399E-16, 0.000000000000000000, -1.000000000000000000 ) ) ;
#5715 = CARTESIAN_POINT ( 'NONE',  ( 5.141711983043681045, 59.83700960661294488, 5.159967592898560440 ) ) ;
#5716 =( BOUNDED_SURFACE ( )  B_SPLINE_SURFACE ( 3, 2, ( 
 ( #5647, #1376, #3839 ),
 ( #4923, #1333, #5606 ),
 ( #6210, #698, #6252 ),
 ( #4400, #66, #2590 ),
 ( #5687, #5043, #3798 ),
 ( #1296, #737, #2469 ),
 ( #6781, #187, #2627 ),
 ( #6333, #5082, #7532 ),
 ( #3195, #2507, #2024 ),
 ( #4485, #150, #3148 ),
 ( #3069, #4360, #7491 ),
 ( #112, #2550, #5530 ),
 ( #29, #1982, #4441 ),
 ( #7414, #6898, #5001 ) ),
 .UNSPECIFIED., .F., .F., .F. ) 
 B_SPLINE_SURFACE_WITH_KNOTS ( ( 4, 2, 2, 2, 2, 2, 4 ),
 ( 3, 3 ),
 ( 0.002225472628914579309, 0.002664230922196086492, 0.003102989215477593675, 0.003541747508759100858, 0.003980505802040608040, 0.004858022388603622406, 0.005735538975166636771 ),
 ( 0.000000000000000000, 1.000000000000000000 ),
 .UNSPECIFIED. ) 
 GEOMETRIC_REPRESENTATION_ITEM ( )  RATIONAL_B_SPLINE_SURFACE ( (
 ( 1.000000000000000000, 0.7764019189191656567, 1.000000000000000000),
 ( 1.000000000000000000, 0.7764341587993162097, 1.000000000000000000),
 ( 1.000000000000000000, 0.7761162991565081493, 1.000000000000000000),
 ( 1.000000000000000000, 0.7747803634932023398, 1.000000000000000000),
 ( 1.000000000000000000, 0.7737458728123306484, 1.000000000000000000),
 ( 1.000000000000000000, 0.7709754987630542677, 1.000000000000000000),
 ( 1.000000000000000000, 0.7692484910742567461, 1.000000000000000000),
 ( 1.000000000000000000, 0.7650179021867420381, 1.000000000000000000),
 ( 1.000000000000000000, 0.7625239150132477883, 1.000000000000000000),
 ( 1.000000000000000000, 0.7540112073158912187, 1.000000000000000000),
 ( 1.000000000000000000, 0.7467563905232977861, 1.000000000000000000),
 ( 1.000000000000000000, 0.7292810299310198419, 1.000000000000000000),
 ( 1.000000000000000000, 0.7188203502331816930, 1.000000000000000000),
 ( 1.000000000000000000, 0.7071067811865473507, 1.000000000000000000) ) ) 
 REPRESENTATION_ITEM ( '' )  SURFACE ( )  );
#5717 = AXIS2_PLACEMENT_3D ( 'NONE', #3057, #6845, #7444 ) ;
#5718 = CARTESIAN_POINT ( 'NONE',  ( -3.647712939154075240, 43.70110085826045321, 9.318024142041455349 ) ) ;
#5719 = EDGE_CURVE ( 'NONE', #1800, #6707, #1855, .T. ) ;
#5720 = VECTOR ( 'NONE', #2677, 1000.000000000000114 ) ;
#5721 = ORIENTED_EDGE ( 'NONE', *, *, #7631, .T. ) ;
#5722 = ORIENTED_EDGE ( 'NONE', *, *, #1485, .T. ) ;
#5723 = CARTESIAN_POINT ( 'NONE',  ( 9.458497673334735012, 44.44078939132194961, -2.080955072949864704 ) ) ;
#5724 = AXIS2_PLACEMENT_3D ( 'NONE', #6049, #5888, #2830 ) ;
#5725 = ORIENTED_EDGE ( 'NONE', *, *, #3472, .F. ) ;
#5726 = CARTESIAN_POINT ( 'NONE',  ( 8.210359310042406378, 45.00000000000002132, -1.499999999999999556 ) ) ;
#5727 = CARTESIAN_POINT ( 'NONE',  ( -6.336158097167265524, 44.80466514540952971, 6.734510538893005105 ) ) ;
#5728 = CARTESIAN_POINT ( 'NONE',  ( -2.735661171870997332, 59.35850120951381825, -7.738304141973972428 ) ) ;
#5729 = FACE_OUTER_BOUND ( 'NONE', #4779, .T. ) ;
#5730 = EDGE_CURVE ( 'NONE', #5293, #5211, #5417, .T. ) ;
#5731 = DIRECTION ( 'NONE',  ( 0.000000000000000000, 0.000000000000000000, 1.000000000000000000 ) ) ;
#5732 = CARTESIAN_POINT ( 'NONE',  ( 5.481407238661361703, 59.04439041980842973, 6.494075834337298403 ) ) ;
#5733 = ORIENTED_EDGE ( 'NONE', *, *, #4062, .T. ) ;
#5734 = EDGE_CURVE ( 'NONE', #5087, #376, #1189, .T. ) ;
#5735 = VERTEX_POINT ( 'NONE', #796 ) ;
#5736 = CARTESIAN_POINT ( 'NONE',  ( 6.101137640359262093, 59.99777404406741255, -1.499999999999999112 ) ) ;
#5737 = CARTESIAN_POINT ( 'NONE',  ( -3.938028597110931450, 43.77166576655251617, -9.820865611855314370 ) ) ;
#5738 = DIRECTION ( 'NONE',  ( -0.4999999999999998335, 0.000000000000000000, -0.8660254037844388186 ) ) ;
#5739 = CARTESIAN_POINT ( 'NONE',  ( 6.250584695191196971, 43.48438124865895560, 7.826330269083570990 ) ) ;
#5740 = CARTESIAN_POINT ( 'NONE',  ( -4.957683967624433308, 59.99993818310226601, 4.182645404624736329 ) ) ;
#5741 = CARTESIAN_POINT ( 'NONE',  ( -6.405613037440914148, 44.71346693900361657, -6.884136443956309748 ) ) ;
#5742 = DIRECTION ( 'NONE',  ( 0.000000000000000000, 0.000000000000000000, 1.000000000000000000 ) ) ;
#5743 = VERTEX_POINT ( 'NONE', #1434 ) ;
#5744 = CARTESIAN_POINT ( 'NONE',  ( 2.664686648998096263, 59.87075451882532917, 7.615372662315158081 ) ) ;
#5745 = DIRECTION ( 'NONE',  ( 0.000000000000000000, 1.000000000000000000, -0.000000000000000000 ) ) ;
#5746 = AXIS2_PLACEMENT_3D ( 'NONE', #459, #7735, #4762 ) ;
#5747 = CARTESIAN_POINT ( 'NONE',  ( 0.000000000000000000, 45.00000000000000000, 0.000000000000000000 ) ) ;
#5748 = CARTESIAN_POINT ( 'NONE',  ( 6.114366811634537768, 44.17628949500908675, 7.913713034027408888 ) ) ;
#5749 = DIRECTION ( 'NONE',  ( 0.000000000000000000, 1.000000000000000000, 0.000000000000000000 ) ) ;
#5750 = CARTESIAN_POINT ( 'NONE',  ( -5.707893942612357385, 59.21935768393873190, -6.886362312819230169 ) ) ;
#5751 = CARTESIAN_POINT ( 'NONE',  ( 3.564333953913909614, 44.21367720169551063, -9.173607503321868251 ) ) ;
#5752 = CARTESIAN_POINT ( 'NONE',  ( 6.252884496049088803, 45.44761534702015382, 7.830313641016732440 ) ) ;
#5753 = CARTESIAN_POINT ( 'NONE',  ( 9.729576255541060092, 59.23193387676776922, 1.499999999999997558 ) ) ;
#5754 = CARTESIAN_POINT ( 'NONE',  ( -3.323981826534234241, 44.50456574272901378, -9.193888146077211942 ) ) ;
#5755 = DIRECTION ( 'NONE',  ( 0.000000000000000000, 1.000000000000000000, 0.000000000000000000 ) ) ;
#5756 = CARTESIAN_POINT ( 'NONE',  ( -3.656700006011367687, 44.95928555182351971, 9.333590198449115860 ) ) ;
#5757 = CIRCLE ( 'NONE', #1901, 8.500000000000000000 ) ;
#5758 = EDGE_LOOP ( 'NONE', ( #4714, #1555, #4871, #4794, #307 ) ) ;
#5759 = ORIENTED_EDGE ( 'NONE', *, *, #2029, .T. ) ;
#5760 = CARTESIAN_POINT ( 'NONE',  ( 8.614201939075535108, 44.96370456407976945, -2.156432772896490047 ) ) ;
#5761 = VERTEX_POINT ( 'NONE', #4335 ) ;
#5762 = DIRECTION ( 'NONE',  ( 0.000000000000000000, 0.000000000000000000, 1.000000000000000000 ) ) ;
#5763 = CARTESIAN_POINT ( 'NONE',  ( 2.452429740455462692, 60.28467909235494204, -7.247732912461827937 ) ) ;
#5764 = ADVANCED_FACE ( 'NONE', ( #3247 ), #206, .F. ) ;
#5765 = CARTESIAN_POINT ( 'NONE',  ( 6.300149780788570020, 44.50456574272858035, -7.475596776535066823 ) ) ;
#5766 =( BOUNDED_CURVE ( )  B_SPLINE_CURVE ( 3, ( #1502, #5809, #305, #5199 ),
 .UNSPECIFIED., .F., .F. ) 
 B_SPLINE_CURVE_WITH_KNOTS ( ( 4, 4 ),
 ( 5.012420009095607476, 6.027536106381309544 ),
 .UNSPECIFIED. ) 
 CURVE ( )  GEOMETRIC_REPRESENTATION_ITEM ( )  RATIONAL_B_SPLINE_CURVE ( ( 1.000000000000000000, 0.9159560062732668984, 0.9159560062732668984, 1.000000000000000000 ) ) 
 REPRESENTATION_ITEM ( '' )  );
#5767 = MECHANICAL_DESIGN_GEOMETRIC_PRESENTATION_REPRESENTATION (  '', ( #1526 ), #2167 ) ;
#5768 = EDGE_CURVE ( 'NONE', #2267, #7449, #5996, .T. ) ;
#5769 = CARTESIAN_POINT ( 'NONE',  ( -1.274968577019887972, 60.00164933118320221, -6.552719464512252401 ) ) ;
#5770 = CARTESIAN_POINT ( 'NONE',  ( 0.000000000000000000, 43.50000000000000000, 0.000000000000000000 ) ) ;
#5771 = CARTESIAN_POINT ( 'NONE',  ( 3.668867164638565104, 44.71979963232564614, 9.310065402316675787 ) ) ;
#5772 = EDGE_LOOP ( 'NONE', ( #179, #3954, #6287, #4073 ) ) ;
#5773 = VERTEX_POINT ( 'NONE', #2758 ) ;
#5774 = CARTESIAN_POINT ( 'NONE',  ( 5.265981236333618470E-16, 0.6999999999999999556, -4.299999999999999822 ) ) ;
#5775 = CARTESIAN_POINT ( 'NONE',  ( -3.936605786837200416, 43.47906265129231684, -9.818401232171680704 ) ) ;
#5776 = CARTESIAN_POINT ( 'NONE',  ( 1.152929848348842601, 60.00000000000000000, 6.396933074902874772 ) ) ;
#5777 = CARTESIAN_POINT ( 'NONE',  ( -8.417244204607584379, 45.69089023002221239, -1.499999999999999334 ) ) ;
#5778 = DIRECTION ( 'NONE',  ( 0.000000000000000000, 1.000000000000000000, 0.000000000000000000 ) ) ;
#5779 = CIRCLE ( 'NONE', #7568, 1.499999999999999556 ) ;
#5780 = EDGE_CURVE ( 'NONE', #3921, #3872, #1864, .T. ) ;
#5781 = EDGE_CURVE ( 'NONE', #3753, #7569, #4092, .T. ) ;
#5782 = DIRECTION ( 'NONE',  ( 0.8660254037844389297, 0.000000000000000000, 0.4999999999999993894 ) ) ;
#5783 = CARTESIAN_POINT ( 'NONE',  ( -7.739994670903529439, 45.02275046629593902, -2.022988505747126631 ) ) ;
#5784 = ORIENTED_EDGE ( 'NONE', *, *, #2551, .F. ) ;
#5785 = CARTESIAN_POINT ( 'NONE',  ( 2.633078879044571163, 58.72161683362924833, 7.560626398842129170 ) ) ;
#5786 = CARTESIAN_POINT ( 'NONE',  ( 1.905255888325764424, 45.69999999999999574, -1.100000000000000311 ) ) ;
#5787 = CARTESIAN_POINT ( 'NONE',  ( -4.576219266434580213, 60.00000000000000000, 5.910888082717921321 ) ) ;
#5788 = CARTESIAN_POINT ( 'NONE',  ( 4.565542363468398257, 60.01848078357167537, -4.907751337636995004 ) ) ;
#5789 = CARTESIAN_POINT ( 'NONE',  ( 0.000000000000000000, 0.7000000000000000666, 0.000000000000000000 ) ) ;
#5790 = CARTESIAN_POINT ( 'NONE',  ( -6.111034485023809637, 59.39586769377056186, -7.584622214866087120 ) ) ;
#5791 = CARTESIAN_POINT ( 'NONE',  ( 9.786274911527252485, 43.48572453497203583, 2.056079944259022518 ) ) ;
#5792 = DIRECTION ( 'NONE',  ( -0.000000000000000000, -1.000000000000000000, -0.000000000000000000 ) ) ;
#5793 = DIRECTION ( 'NONE',  ( 0.000000000000000000, -0.000000000000000000, 1.000000000000000000 ) ) ;
#5794 = CARTESIAN_POINT ( 'NONE',  ( -7.739994670903529439, 45.02275046629593902, -2.022988505747126631 ) ) ;
#5795 = ADVANCED_FACE ( 'NONE', ( #3330 ), #2080, .F. ) ;
#5796 = CARTESIAN_POINT ( 'NONE',  ( -3.939943430931855062, 45.00000000000000000, -8.424182201321205099 ) ) ;
#5797 = EDGE_CURVE ( 'NONE', #1976, #6469, #2159, .T. ) ;
#5798 = CARTESIAN_POINT ( 'NONE',  ( -2.909583996627131075, 58.50000000000000000, 8.039547311047511968 ) ) ;
#5799 = ORIENTED_EDGE ( 'NONE', *, *, #1740, .T. ) ;
#5800 = EDGE_LOOP ( 'NONE', ( #7819, #2871, #2107, #3885 ) ) ;
#5801 = CARTESIAN_POINT ( 'NONE',  ( 0.000000000000000000, 0.6999999999999999556, 4.299999999999999822 ) ) ;
#5802 = EDGE_LOOP ( 'NONE', ( #1693, #7625, #5484, #7550 ) ) ;
#5803 = CARTESIAN_POINT ( 'NONE',  ( 10.17423035294821076, 44.60262997119176021, -1.500000000000000000 ) ) ;
#5804 = CARTESIAN_POINT ( 'NONE',  ( -6.255620203290930270, 44.95751050121705816, 7.835052024954247685 ) ) ;
#5805 = CARTESIAN_POINT ( 'NONE',  ( 2.909583996627135072, 45.69089023002221239, 8.039547311047511968 ) ) ;
#5806 = CARTESIAN_POINT ( 'NONE',  ( 5.366358282250224043, 59.33863098884637566, -6.294805196475446785 ) ) ;
#5807 = CARTESIAN_POINT ( 'NONE',  ( -2.177883035215832042, 59.90411421627464961, -6.772204069937613369 ) ) ;
#5808 = LINE ( 'NONE', #2063, #3469 ) ;
#5809 = CARTESIAN_POINT ( 'NONE',  ( -5.376396456174313165, 45.25654466397779885, -6.103274358235632135 ) ) ;
#5810 = ORIENTED_EDGE ( 'NONE', *, *, #3569, .F. ) ;
#5811 = EDGE_LOOP ( 'NONE', ( #1415, #3992, #3966, #3763 ) ) ;
#5812 = CARTESIAN_POINT ( 'NONE',  ( -4.147423105567741963, 59.25683569236018400, 8.889887405033523038 ) ) ;
#5813 = DIRECTION ( 'NONE',  ( -0.8660254037844388186, 0.000000000000000000, 0.4999999999999996669 ) ) ;
#5814 = CARTESIAN_POINT ( 'NONE',  ( 7.802614475959018137, 45.08537027135142949, -1.783403873384862504 ) ) ;
#5815 = CARTESIAN_POINT ( 'NONE',  ( -5.625404832128180210, 59.25597686298503675, -8.037112296794964195 ) ) ;
#5816 = CARTESIAN_POINT ( 'NONE',  ( 8.210359310042404601, 45.00000000000000000, 2.199999999999999289 ) ) ;
#5817 = CARTESIAN_POINT ( 'NONE',  ( -6.673785686565880226, 43.60193811140077003, -7.447186355247759515 ) ) ;
#5818 = FACE_OUTER_BOUND ( 'NONE', #5524, .T. ) ;
#5819 = ORIENTED_EDGE ( 'NONE', *, *, #997, .T. ) ;
#5820 = FACE_OUTER_BOUND ( 'NONE', #5151, .T. ) ;
#5821 = CARTESIAN_POINT ( 'NONE',  ( 8.417244204607584379, 58.77569987213451697, 1.499999999999999778 ) ) ;
#5822 = CARTESIAN_POINT ( 'NONE',  ( -4.963441625000370117, 60.00000000000000000, 4.196933074902876371 ) ) ;
#5823 = CARTESIAN_POINT ( 'NONE',  ( -6.673785686565874897, 43.50000000000000000, 7.447186355247762179 ) ) ;
#5824 = ADVANCED_BREP_SHAPE_REPRESENTATION ( '\X2\710a95214e1d8f6c67b6\X0\100g\X2\8f74\X0\', ( #3156, #6264 ), #235 ) ;
#5825 = CARTESIAN_POINT ( 'NONE',  ( 6.012583318586248282, 59.60209052066604585, -7.414099792532680588 ) ) ;
#5826 = ADVANCED_FACE ( 'NONE', ( #1599 ), #4057, .T. ) ;
#5827 = CARTESIAN_POINT ( 'NONE',  ( 9.034372895320794683, 44.86761226355660170, 1.499999999999649836 ) ) ;
#5828 = EDGE_LOOP ( 'NONE', ( #7418, #2448, #6419, #1924 ) ) ;
#5829 = CARTESIAN_POINT ( 'NONE',  ( -3.717854479406261348, 59.95229064533528884, -8.072815756952040900 ) ) ;
#5830 = CARTESIAN_POINT ( 'NONE',  ( 8.462269199216011728, 59.29999999999999716, -1.500000000000000000 ) ) ;
#5831 = CARTESIAN_POINT ( 'NONE',  ( -8.462269199216011728, 59.29999999999999716, 1.500000000000001332 ) ) ;
#5832 = CARTESIAN_POINT ( 'NONE',  ( 0.000000000000000000, 5.000000000000000000, 0.000000000000000000 ) ) ;
#5833 = CARTESIAN_POINT ( 'NONE',  ( 0.000000000000000000, 58.50000000000000000, 0.000000000000000000 ) ) ;
#5834 = AXIS2_PLACEMENT_3D ( 'NONE', #3550, #1053, #2824 ) ;
#5835 = ORIENTED_EDGE ( 'NONE', *, *, #6021, .T. ) ;
#5836 = ORIENTED_EDGE ( 'NONE', *, *, #1687, .F. ) ;
#5837 = DIRECTION ( 'NONE',  ( 0.000000000000000000, 0.000000000000000000, 1.000000000000000000 ) ) ;
#5838 = ORIENTED_EDGE ( 'NONE', *, *, #4549, .F. ) ;
#5839 = CARTESIAN_POINT ( 'NONE',  ( 9.777772030509581214, 43.68618054591034650, -2.056701510855587500 ) ) ;
#5840 = FACE_OUTER_BOUND ( 'NONE', #1041, .T. ) ;
#5841 = CARTESIAN_POINT ( 'NONE',  ( 2.513839940539092765, 59.33639209907910583, -7.354098499109222864 ) ) ;
#5842 = CIRCLE ( 'NONE', #3406, 0.6999999999999999556 ) ;
#5843 = VECTOR ( 'NONE', #3624, 1000.000000000000114 ) ;
#5844 = LINE ( 'NONE', #4561, #3465 ) ;
#5845 = DIRECTION ( 'NONE',  ( -0.000000000000000000, -1.000000000000000000, -0.000000000000000000 ) ) ;
#5846 = CARTESIAN_POINT ( 'NONE',  ( 6.123233995736766282E-16, 0.8000000000000000444, 5.000000000000000000 ) ) ;
#5847 = EDGE_LOOP ( 'NONE', ( #7910, #2491, #1563, #7887 ) ) ;
#5848 = ORIENTED_EDGE ( 'NONE', *, *, #3541, .F. ) ;
#5849 = CARTESIAN_POINT ( 'NONE',  ( 7.570218458511853044, 59.18232658162715154, -2.037498148315220359 ) ) ;
#5850 = CARTESIAN_POINT ( 'NONE',  ( -9.786463717453981914, 43.83697044614594773, 1.947420696843493282 ) ) ;
#5851 = CARTESIAN_POINT ( 'NONE',  ( 2.564464414728145680, 60.00000000000074607, 7.362662511468019311 ) ) ;
#5852 = CARTESIAN_POINT ( 'NONE',  ( 6.097259642719791373, 45.26454619496399090, 7.560763488129932597 ) ) ;
#5853 = DIRECTION ( 'NONE',  ( -0.000000000000000000, -1.000000000000000000, -0.000000000000000000 ) ) ;
#5854 = CARTESIAN_POINT ( 'NONE',  ( -9.903093179029072601, 43.48438124865895560, 1.500000000000001554 ) ) ;
#5855 = FACE_OUTER_BOUND ( 'NONE', #4864, .T. ) ;
#5856 = EDGE_CURVE ( 'NONE', #1201, #6814, #50, .T. ) ;
#5857 = ORIENTED_EDGE ( 'NONE', *, *, #5384, .F. ) ;
#5858 = CARTESIAN_POINT ( 'NONE',  ( 2.452429740458923924, 60.28467909234910138, 7.247732912467811595 ) ) ;
#5859 = CARTESIAN_POINT ( 'NONE',  ( -8.417244204607584379, 58.50000000000000000, 2.200000000000001066 ) ) ;
#5860 = CARTESIAN_POINT ( 'NONE',  ( 3.333725648282742426, 58.50000000000000000, 8.774182201321204744 ) ) ;
#5861 = EDGE_CURVE ( 'NONE', #5434, #7269, #4169, .T. ) ;
#5862 = CARTESIAN_POINT ( 'NONE',  ( 1.905255888325763092, 45.69999999999999574, -1.099999999999998979 ) ) ;
#5863 = EDGE_CURVE ( 'NONE', #1054, #7764, #5901, .T. ) ;
#5864 = AXIS2_PLACEMENT_3D ( 'NONE', #5210, #945, #7710 ) ;
#5865 = FACE_OUTER_BOUND ( 'NONE', #3873, .T. ) ;
#5866 = EDGE_CURVE ( 'NONE', #2237, #6159, #4696, .T. ) ;
#5867 = CARTESIAN_POINT ( 'NONE',  ( 6.111034485023664864, 59.39586769377056896, -7.584622214866140411 ) ) ;
#5868 = CARTESIAN_POINT ( 'NONE',  ( 8.507489028902327277, 45.70000000753879732, 1.499999999999999556 ) ) ;
#5869 = ORIENTED_EDGE ( 'NONE', *, *, #508, .T. ) ;
#5870 = CIRCLE ( 'NONE', #227, 1.499999999999999556 ) ;
#5871 = CARTESIAN_POINT ( 'NONE',  ( 7.218728858518066893, 60.00000000000001421, -1.121126068574404222 ) ) ;
#5872 = FACE_OUTER_BOUND ( 'NONE', #6575, .T. ) ;
#5873 = DIRECTION ( 'NONE',  ( 0.000000000000000000, 0.000000000000000000, 1.000000000000000000 ) ) ;
#5874 = CARTESIAN_POINT ( 'NONE',  ( -9.870344325534231800, 58.88145147495341547, 1.499999999999998890 ) ) ;
#5875 = EDGE_CURVE ( 'NONE', #7789, #1089, #6877, .T. ) ;
#5876 = EDGE_CURVE ( 'NONE', #3834, #4147, #5459, .T. ) ;
#5877 = CARTESIAN_POINT ( 'NONE',  ( -2.806141549344542963, 45.70000000000001705, 7.860379736694802943 ) ) ;
#5878 = EDGE_LOOP ( 'NONE', ( #5399, #808, #6522 ) ) ;
#5879 = B_SPLINE_CURVE_WITH_KNOTS ( 'NONE', 3,
 ( #525, #2486, #7238, #6682, #1723, #485, #1124, #561, #1235, #2935, #3659, #5469 ),
 .UNSPECIFIED., .F., .F.,
 ( 4, 2, 2, 2, 2, 4 ),
 ( 0.000000000000000000, 0.0003066895098636515877, 0.0006133790197273031753, 0.001226758039454606351, 0.001840137059181909526, 0.002453516078909212701 ),
 .UNSPECIFIED. ) ;
#5880 = ORIENTED_EDGE ( 'NONE', *, *, #3168, .T. ) ;
#5881 = AXIS2_PLACEMENT_3D ( 'NONE', #2474, #4449, #5388 ) ;
#5882 = CARTESIAN_POINT ( 'NONE',  ( -8.462269199216013504, 59.29999999999999716, -1.499999999999999334 ) ) ;
#5883 = ORIENTED_EDGE ( 'NONE', *, *, #1726, .F. ) ;
#5884 = CARTESIAN_POINT ( 'NONE',  ( 4.095314523829898690, 59.42314520554081270, 8.791285481552225889 ) ) ;
#5885 = CARTESIAN_POINT ( 'NONE',  ( -2.768282070897022162, 59.33863098884658882, -7.794805196475622644 ) ) ;
#5886 = CARTESIAN_POINT ( 'NONE',  ( 4.823560934331253769, 60.00000000000000000, -6.754652611666150719 ) ) ;
#5887 = CARTESIAN_POINT ( 'NONE',  ( 4.236498312829938051, 58.69821682416046826, -9.058260431528180945 ) ) ;
#5888 = DIRECTION ( 'NONE',  ( 1.000000000000000000, 0.000000000000000000, -2.137682487307248399E-16 ) ) ;
#5889 = CARTESIAN_POINT ( 'NONE',  ( 7.651422187476526027, 59.00457541846049736, 2.030453724632752532 ) ) ;
#5890 = VERTEX_POINT ( 'NONE', #7346 ) ;
#5891 = EDGE_LOOP ( 'NONE', ( #7778, #4344, #6835, #4511, #1013 ) ) ;
#5892 = CARTESIAN_POINT ( 'NONE',  ( -4.963441625000369228, 60.00000000000000000, 4.196933074902875482 ) ) ;
#5893 = CARTESIAN_POINT ( 'NONE',  ( -9.729536510922104142, 44.16521768530102321, 1.837341388212052173 ) ) ;
#5894 = CARTESIAN_POINT ( 'NONE',  ( -5.867516709125608187, 44.68052492650399898, -8.097795830530685635 ) ) ;
#5895 = CARTESIAN_POINT ( 'NONE',  ( -7.407088877606910593, 59.99999999999999289, 1.007678106909356774 ) ) ;
#5896 = CARTESIAN_POINT ( 'NONE',  ( -3.267322350082687343, 45.51549468767143480, -8.659168315048551889 ) ) ;
#5897 = EDGE_CURVE ( 'NONE', #5638, #7449, #7258, .T. ) ;
#5898 = CARTESIAN_POINT ( 'NONE',  ( -9.738556579028223581, 43.88200801012160213, 2.059602168391784449 ) ) ;
#5899 = CARTESIAN_POINT ( 'NONE',  ( -3.289896406890340685, 58.91913233273815109, -8.698267728372352181 ) ) ;
#5900 = EDGE_LOOP ( 'NONE', ( #7389, #5116, #4032, #6825 ) ) ;
#5901 = B_SPLINE_CURVE_WITH_KNOTS ( 'NONE', 3,
 ( #6432, #3370, #5821, #319 ),
 .UNSPECIFIED., .F., .F.,
 ( 4, 4 ),
 ( 0.000000000000000000, 0.0008268229203837844377 ),
 .UNSPECIFIED. ) ;
#5902 = CIRCLE ( 'NONE', #4873, 0.7000000000000001776 ) ;
#5903 = CARTESIAN_POINT ( 'NONE',  ( -9.451585822629832379, 44.43377321503501065, -2.081705520167751455 ) ) ;
#5904 = CARTESIAN_POINT ( 'NONE',  ( -5.960041737809445905, 45.27937693539349340, -7.323095105117057635 ) ) ;
#5905 = CARTESIAN_POINT ( 'NONE',  ( 3.258082959786797517, 59.82458473914901020, 8.643165221625466188 ) ) ;
#5906 = CARTESIAN_POINT ( 'NONE',  ( 4.920854423397757138, 60.44316502280131687, -5.523169877974980047 ) ) ;
#5907 = CARTESIAN_POINT ( 'NONE',  ( 1.280523219922395928, 60.00000000000000000, 6.560065874576954670 ) ) ;
#5908 = CARTESIAN_POINT ( 'NONE',  ( 5.897650920513128447, 59.77675553006083931, -7.215031039634427934 ) ) ;
#5909 = AXIS2_PLACEMENT_3D ( 'NONE', #1715, #517, #2965 ) ;
#5910 = VECTOR ( 'NONE', #5021, 1000.000000000000000 ) ;
#5911 = CARTESIAN_POINT ( 'NONE',  ( 10.00754475559198298, 44.84573993124881497, 1.500000000000000000 ) ) ;
#5912 = VERTEX_POINT ( 'NONE', #4856 ) ;
#5913 = CARTESIAN_POINT ( 'NONE',  ( 0.000000000000000000, 43.50000000000000000, 0.000000000000000000 ) ) ;
#5914 = CARTESIAN_POINT ( 'NONE',  ( 5.507660207981125211, 45.69089023002054262, 6.539547311048675482 ) ) ;
#5915 = CARTESIAN_POINT ( 'NONE',  ( -3.504628631703211372, 44.20607608376096920, -9.368106199316533989 ) ) ;
#5916 = CARTESIAN_POINT ( 'NONE',  ( -4.977224572034028682, 60.00000000000000711, 7.012111197526494699 ) ) ;
#5917 = CARTESIAN_POINT ( 'NONE',  ( 9.265527507918802641, 45.44761534702016093, -1.500000000000000222 ) ) ;
#5918 = VERTEX_POINT ( 'NONE', #1794 ) ;
#5919 = ORIENTED_EDGE ( 'NONE', *, *, #3747, .F. ) ;
#5920 = EDGE_CURVE ( 'NONE', #6078, #4284, #5023, .T. ) ;
#5921 = CARTESIAN_POINT ( 'NONE',  ( -3.939943430931855062, 45.00000000000000000, -8.424182201321205099 ) ) ;
#5922 = ORIENTED_EDGE ( 'NONE', *, *, #3776, .T. ) ;
#5923 = CARTESIAN_POINT ( 'NONE',  ( 3.475169710456268213, 43.81655901773040540, 9.377007081716968173 ) ) ;
#5924 = CARTESIAN_POINT ( 'NONE',  ( 1.895452826264535595, 60.70241864486891359, -6.283020598440207216 ) ) ;
#5925 = CARTESIAN_POINT ( 'NONE',  ( 6.433886936425325054, 43.75189518330643068, -7.656744213193745985 ) ) ;
#5926 = DIRECTION ( 'NONE',  ( -0.000000000000000000, -1.000000000000000000, -0.000000000000000000 ) ) ;
#5927 = CARTESIAN_POINT ( 'NONE',  ( 5.584135600478961514, 59.00457541846049025, 5.611099127118194474 ) ) ;
#5928 = CARTESIAN_POINT ( 'NONE',  ( 0.000000000000000000, 0.6999999999999999556, 12.70000000000000107 ) ) ;
#5929 = ORIENTED_EDGE ( 'NONE', *, *, #6356, .T. ) ;
#5930 =( BOUNDED_SURFACE ( )  B_SPLINE_SURFACE ( 3, 2, ( 
 ( #7236, #1719, #4175 ),
 ( #1760, #3622, #2405 ),
 ( #1360, #1441, #3338 ),
 ( #132, #4544, #2573 ),
 ( #7598, #7475, #6402 ),
 ( #3781, #1483, #3175 ),
 ( #2694, #5145, #5107 ),
 ( #5025, #4420, #6964 ),
 ( #6317, #3901, #6278 ),
 ( #4383, #5065, #799 ) ),
 .UNSPECIFIED., .F., .F., .F. ) 
 B_SPLINE_SURFACE_WITH_KNOTS ( ( 4, 2, 2, 2, 4 ),
 ( 3, 3 ),
 ( 8.673617379884035472E-19, 0.0006601270656153593276, 0.001320254131230717788, 0.001980381196846076140, 0.002640508262461434708 ),
 ( 0.000000000000000000, 1.000000000000000000 ),
 .UNSPECIFIED. ) 
 GEOMETRIC_REPRESENTATION_ITEM ( )  RATIONAL_B_SPLINE_SURFACE ( (
 ( 1.000000000000000000, 0.7071067811865476838, 1.000000000000000000),
 ( 1.000000000000000000, 0.7265059775621470761, 1.000000000000000000),
 ( 1.000000000000000000, 0.7502783718688339487, 1.000000000000000000),
 ( 1.000000000000000000, 0.8072559680364044254, 1.000000000000000000),
 ( 1.000000000000000000, 0.8399358369244989131, 1.000000000000000000),
 ( 1.000000000000000000, 0.9071188964751948358, 1.000000000000000000),
 ( 1.000000000000000000, 0.9402799494365574606, 1.000000000000000000),
 ( 1.000000000000000000, 0.9871024881034580201, 1.000000000000000000),
 ( 1.000000000000000000, 1.000343213455307190, 1.000000000000000000),
 ( 1.000000000000000000, 1.000000000000000000, 1.000000000000000000) ) ) 
 REPRESENTATION_ITEM ( '' )  SURFACE ( )  );
#5931 = CIRCLE ( 'NONE', #4134, 0.7000000000000000666 ) ;
#5932 = EDGE_LOOP ( 'NONE', ( #3092, #6077, #7615 ) ) ;
#5933 = CARTESIAN_POINT ( 'NONE',  ( -8.462269199216011728, 60.00000000000000000, 0.8000000000000011546 ) ) ;
#5934 = CARTESIAN_POINT ( 'NONE',  ( -1.640170528029766706, 59.82488524275491670, 7.041418539654770825 ) ) ;
#5935 = CARTESIAN_POINT ( 'NONE',  ( -6.691036173972824130, 59.99999999999998579, -1.527277711114831904 ) ) ;
#5936 = CARTESIAN_POINT ( 'NONE',  ( 5.816077915564229706, 44.87933441066244455, 7.073742450537966242 ) ) ;
#5937 = FACE_OUTER_BOUND ( 'NONE', #5679, .T. ) ;
#5938 = CARTESIAN_POINT ( 'NONE',  ( 3.654808284695763465, 58.50000000000000711, -9.330313641016736881 ) ) ;
#5939 = CARTESIAN_POINT ( 'NONE',  ( 5.431299134285541896, 45.49311510543481774, 6.344744298363925061 ) ) ;
#5940 = ORIENTED_EDGE ( 'NONE', *, *, #5270, .T. ) ;
#5941 = EDGE_CURVE ( 'NONE', #3426, #1130, #6105, .T. ) ;
#5942 = EDGE_CURVE ( 'NONE', #3133, #3520, #1219, .T. ) ;
#5943 = CARTESIAN_POINT ( 'NONE',  ( -6.010435543346965837, 45.00000000000000000, 6.010379736694803299 ) ) ;
#5944 = CARTESIAN_POINT ( 'NONE',  ( 6.506090363777317087, 44.49375715928994879, -7.097087693870877345 ) ) ;
#5945 = CARTESIAN_POINT ( 'NONE',  ( 3.132862282853668745, 59.19488232838110520, 8.426276647018772437 ) ) ;
#5946 = CARTESIAN_POINT ( 'NONE',  ( 5.237381724346255929, 58.49999999999999289, -6.071411245200429185 ) ) ;
#5947 = CARTESIAN_POINT ( 'NONE',  ( 6.579327294095880241, 44.27033229744418463, -7.250838225880237964 ) ) ;
#5948 = CARTESIAN_POINT ( 'NONE',  ( 5.975749450267365148, 59.66580496981394788, -7.350301661164571065 ) ) ;
#5949 = CARTESIAN_POINT ( 'NONE',  ( -3.299574709160163266, 59.77675553006066878, -8.715031039634416388 ) ) ;
#5950 = EDGE_LOOP ( 'NONE', ( #5600, #5836, #2156 ) ) ;
#5951 = CARTESIAN_POINT ( 'NONE',  ( 6.107428236218281015, 44.18723787529081193, 7.919058327515868356 ) ) ;
#5952 = CYLINDRICAL_SURFACE ( 'NONE', #1735, 10.00000000000000000 ) ;
#5953 = AXIS2_PLACEMENT_3D ( 'NONE', #5143, #1357, #3818 ) ;
#5954 = DIRECTION ( 'NONE',  ( -0.000000000000000000, -1.000000000000000000, -0.000000000000000000 ) ) ;
#5955 = CARTESIAN_POINT ( 'NONE',  ( -9.772579882326221323, 59.25683569236018400, 0.8531699328525670367 ) ) ;
#5956 = CARTESIAN_POINT ( 'NONE',  ( 9.786345413644342628, 43.50000000000000000, -2.056074766355139971 ) ) ;
#5957 = VERTEX_POINT ( 'NONE', #5983 ) ;
#5958 = ORIENTED_EDGE ( 'NONE', *, *, #846, .F. ) ;
#5959 = ORIENTED_EDGE ( 'NONE', *, *, #378, .F. ) ;
#5960 = CARTESIAN_POINT ( 'NONE',  ( 3.584054145202248964, 60.00000000000001421, 7.816458518484848739 ) ) ;
#5961 = CARTESIAN_POINT ( 'NONE',  ( -2.831702505627056166, 59.29999999999999716, -7.904652611666146633 ) ) ;
#5962 = EDGE_CURVE ( 'NONE', #2257, #6853, #3537, .T. ) ;
#5963 = ADVANCED_FACE ( 'NONE', ( #1677 ), #5669, .F. ) ;
#5964 = CARTESIAN_POINT ( 'NONE',  ( 5.707852723010795160, 45.00000000000000000, 5.605735980109919581 ) ) ;
#5965 = DIRECTION ( 'NONE',  ( 0.000000000000000000, 0.000000000000000000, 1.000000000000000000 ) ) ;
#5966 = CARTESIAN_POINT ( 'NONE',  ( 6.116371473349212273, 60.00000000000000000, 2.199999999999999289 ) ) ;
#5967 = ORIENTED_EDGE ( 'NONE', *, *, #861, .F. ) ;
#5968 = VERTEX_POINT ( 'NONE', #629 ) ;
#5969 = CARTESIAN_POINT ( 'NONE',  ( 2.303366213978028210, 45.09378221735088488, 7.689547311047511435 ) ) ;
#5970 = CARTESIAN_POINT ( 'NONE',  ( -1.747537707915784333, 59.71682665320400929, 7.189930848202404690 ) ) ;
#5971 = AXIS2_PLACEMENT_3D ( 'NONE', #64, #3957, #7610 ) ;
#5972 = LINE ( 'NONE', #464, #6097 ) ;
#5973 = CARTESIAN_POINT ( 'NONE',  ( 9.265527507918802641, 45.44761534702016093, 1.500000000000000000 ) ) ;
#5974 = CARTESIAN_POINT ( 'NONE',  ( -4.876120455697926737, 60.00000000000000000, 6.845688373094723111 ) ) ;
#5975 = VECTOR ( 'NONE', #1557, 1000.000000000000000 ) ;
#5976 = ADVANCED_FACE ( 'NONE', ( #7464 ), #1874, .T. ) ;
#5977 = EDGE_CURVE ( 'NONE', #595, #3591, #3767, .T. ) ;
#5978 = CARTESIAN_POINT ( 'NONE',  ( 3.109817731259031603, 59.21935768393873190, -8.386362312819235498 ) ) ;
#5979 = CYLINDRICAL_SURFACE ( 'NONE', #1751, 0.7000000000000000666 ) ;
#5980 = ORIENTED_EDGE ( 'NONE', *, *, #6211, .T. ) ;
#5981 = AXIS2_PLACEMENT_3D ( 'NONE', #5913, #3378, #7801 ) ;
#5982 = CARTESIAN_POINT ( 'NONE',  ( 7.218728862873432739, 60.00000000000000000, -1.121126076260680060 ) ) ;
#5983 = CARTESIAN_POINT ( 'NONE',  ( -3.112559727078469063, 43.50000000000000000, -9.503261121602900374 ) ) ;
#5984 = CARTESIAN_POINT ( 'NONE',  ( -5.231155090398202923, 58.72161683362927675, 6.060626398842060780 ) ) ;
#5985 = CARTESIAN_POINT ( 'NONE',  ( -2.118037897910834300, 58.50000000000000000, -7.714526263032194464 ) ) ;
#5986 = CARTESIAN_POINT ( 'NONE',  ( 2.830266307776769796, 45.55979648596241560, -7.923448326914895645 ) ) ;
#5987 = CARTESIAN_POINT ( 'NONE',  ( 5.029310180488794302, 60.00000000000000000, -7.093824735512470170 ) ) ;
#5988 = CARTESIAN_POINT ( 'NONE',  ( -2.932096493931352743, 59.29999999999999716, -8.078540100183664308 ) ) ;
#5989 = ORIENTED_EDGE ( 'NONE', *, *, #1007, .F. ) ;
#5990 = CARTESIAN_POINT ( 'NONE',  ( -9.309195573038294924, 44.70126703666998225, -1.499999999999678479 ) ) ;
#5991 = CARTESIAN_POINT ( 'NONE',  ( -6.070830337074269778, 44.48035113418744402, 7.514986587943093710 ) ) ;
#5992 = DIRECTION ( 'NONE',  ( -0.000000000000000000, -1.000000000000000000, -0.000000000000000000 ) ) ;
#5993 = CARTESIAN_POINT ( 'NONE',  ( -5.455003485600982138, 59.63050311187609509, 7.766386493187875217 ) ) ;
#5994 = AXIS2_PLACEMENT_3D ( 'NONE', #506, #7260, #4811 ) ;
#5995 = CARTESIAN_POINT ( 'NONE',  ( 9.508148150027494694, 44.80891385920430281, -1.616485687996533471 ) ) ;
#5996 = B_SPLINE_CURVE_WITH_KNOTS ( 'NONE', 3,
 ( #6349, #4017, #7749, #6555, #4621, #2239, #4700, #1035, #914, #7148, #2685, #7627 ),
 .UNSPECIFIED., .F., .F.,
 ( 4, 2, 2, 2, 2, 4 ),
 ( 0.000000000000000000, 0.0003066895098636516961, 0.0006133790197273033921, 0.001226758039454606784, 0.001840137059181910176, 0.002453516078909213569 ),
 .UNSPECIFIED. ) ;
#5997 = ORIENTED_EDGE ( 'NONE', *, *, #3751, .F. ) ;
#5998 = EDGE_LOOP ( 'NONE', ( #3102, #5848, #143, #6571 ) ) ;
#5999 = DIRECTION ( 'NONE',  ( 0.000000000000000000, 0.000000000000000000, 1.000000000000000000 ) ) ;
#6000 = VERTEX_POINT ( 'NONE', #6180 ) ;
#6001 = CARTESIAN_POINT ( 'NONE',  ( 9.962932802280761280, 45.25138510346865672, 0.8602150761513411847 ) ) ;
#6002 = CARTESIAN_POINT ( 'NONE',  ( 5.730938494206973211, 59.19488232838092046, 6.926276647018747568 ) ) ;
#6003 = AXIS2_PLACEMENT_3D ( 'NONE', #309, #906, #2749 ) ;
#6004 = AXIS2_PLACEMENT_3D ( 'NONE', #5355, #4148, #7813 ) ;
#6005 = CARTESIAN_POINT ( 'NONE',  ( 1.993262609326496015, 59.28409436251600795, -7.535680941573805747 ) ) ;
#6006 = DIRECTION ( 'NONE',  ( 0.000000000000000000, 0.000000000000000000, -1.000000000000000000 ) ) ;
#6007 = CARTESIAN_POINT ( 'NONE',  ( -6.252884496049089691, 45.44761534702016093, -7.830313641016731552 ) ) ;
#6008 = ORIENTED_EDGE ( 'NONE', *, *, #4098, .F. ) ;
#6009 = CIRCLE ( 'NONE', #2408, 0.7000000000000000666 ) ;
#6010 = ORIENTED_EDGE ( 'NONE', *, *, #70, .T. ) ;
#6011 = EDGE_CURVE ( 'NONE', #5271, #5087, #3241, .T. ) ;
#6012 = LINE ( 'NONE', #542, #1763 ) ;
#6013 = CARTESIAN_POINT ( 'NONE',  ( 0.000000000000000000, 45.00000000000000000, 0.000000000000000000 ) ) ;
#6014 = DIRECTION ( 'NONE',  ( -0.4999999999999996114, 0.000000000000000000, 0.8660254037844388186 ) ) ;
#6015 = CARTESIAN_POINT ( 'NONE',  ( -5.366358282250319078, 59.33863098884653198, -6.294805196475593334 ) ) ;
#6016 = EDGE_CURVE ( 'NONE', #4628, #7867, #3408, .T. ) ;
#6017 = CARTESIAN_POINT ( 'NONE',  ( 0.000000000000000000, 0.000000000000000000, 12.70000000000000107 ) ) ;
#6018 = CARTESIAN_POINT ( 'NONE',  ( -9.179273579016207663, 44.70309967785748029, 2.104099028807861593 ) ) ;
#6019 = FACE_OUTER_BOUND ( 'NONE', #6257, .T. ) ;
#6020 = ORIENTED_EDGE ( 'NONE', *, *, #5483, .T. ) ;
#6021 = EDGE_CURVE ( 'NONE', #2311, #2554, #1347, .T. ) ;
#6022 = FACE_OUTER_BOUND ( 'NONE', #279, .T. ) ;
#6023 = CARTESIAN_POINT ( 'NONE',  ( 6.251694388606926722, 43.69996396030914099, -7.828252314461726868 ) ) ;
#6024 = CARTESIAN_POINT ( 'NONE',  ( 8.417244204607586155, 64.86389322930409662, -1.499999999999999778 ) ) ;
#6025 = B_SPLINE_CURVE_WITH_KNOTS ( 'NONE', 3,
 ( #4436, #3836, #6205, #4275 ),
 .UNSPECIFIED., .F., .F.,
 ( 4, 4 ),
 ( 0.000000000000000000, 0.0008882356951555993394 ),
 .UNSPECIFIED. ) ;
#6026 =( BOUNDED_CURVE ( )  B_SPLINE_CURVE ( 3, ( #2041, #7430, #2686, #6837 ),
 .UNSPECIFIED., .F., .F. ) 
 B_SPLINE_CURVE_WITH_KNOTS ( ( 4, 4 ),
 ( 1.870827355505823464, 2.885943452791516428 ),
 .UNSPECIFIED. ) 
 CURVE ( )  GEOMETRIC_REPRESENTATION_ITEM ( )  RATIONAL_B_SPLINE_CURVE ( ( 1.000000000000000000, 0.9159560062732683416, 0.9159560062732683416, 1.000000000000000000 ) ) 
 REPRESENTATION_ITEM ( '' )  );
#6027 = CARTESIAN_POINT ( 'NONE',  ( -5.981429944866849091, 44.42018426149840593, 8.014086355606451662 ) ) ;
#6028 = AXIS2_PLACEMENT_3D ( 'NONE', #7486, #6892, #3190 ) ;
#6029 = PLANE ( 'NONE',  #6939 ) ;
#6030 = ORIENTED_EDGE ( 'NONE', *, *, #3751, .T. ) ;
#6031 = AXIS2_PLACEMENT_3D ( 'NONE', #4180, #7122, #6486 ) ;
#6032 = ORIENTED_EDGE ( 'NONE', *, *, #7222, .F. ) ;
#6033 = CARTESIAN_POINT ( 'NONE',  ( -4.217817679307168888, 58.89515726333496559, -9.022997231211707714 ) ) ;
#6034 = CARTESIAN_POINT ( 'NONE',  ( -9.034372895320688102, 44.86761226355557852, -1.500000000000014877 ) ) ;
#6035 = CARTESIAN_POINT ( 'NONE',  ( -5.404217760697851425, 45.00000000000000000, 6.360379736694802055 ) ) ;
#6036 = CARTESIAN_POINT ( 'NONE',  ( 7.993230429499639023, 60.00000000000000000, 1.441892303857649438 ) ) ;
#6037 = CARTESIAN_POINT ( 'NONE',  ( 5.237381722103471304, 58.61174645308440745, 6.071411241315258778 ) ) ;
#6038 = CARTESIAN_POINT ( 'NONE',  ( -2.806141549344542963, 45.00000000000002132, 7.860379736694803832 ) ) ;
#6039 = B_SPLINE_CURVE_WITH_KNOTS ( 'NONE', 3,
 ( #1878, #5054, #80, #3244 ),
 .UNSPECIFIED., .F., .F.,
 ( 4, 4 ),
 ( -5.301803231837373564E-06, 0.0002826437288171623394 ),
 .UNSPECIFIED. ) ;
#6040 = ORIENTED_EDGE ( 'NONE', *, *, #5780, .F. ) ;
#6041 = EDGE_CURVE ( 'NONE', #1201, #1317, #73, .T. ) ;
#6042 = EDGE_LOOP ( 'NONE', ( #7496, #3186, #3577, #5 ) ) ;
#6043 = LINE ( 'NONE', #5475, #7505 ) ;
#6044 = ORIENTED_EDGE ( 'NONE', *, *, #1108, .F. ) ;
#6045 = CARTESIAN_POINT ( 'NONE',  ( 6.555790157071633040, 43.62158621499634847, -7.551649493509633437 ) ) ;
#6046 = ADVANCED_FACE ( 'NONE', ( #3687 ), #707, .T. ) ;
#6047 = CARTESIAN_POINT ( 'NONE',  ( 1.854671534557367885, 60.02895608275380823, -6.212385329205038609 ) ) ;
#6048 = CARTESIAN_POINT ( 'NONE',  ( 3.263539823139919971, 43.61993891099035636, -9.453811300054486111 ) ) ;
#6049 = CARTESIAN_POINT ( 'NONE',  ( -1.710145989845794036E-16, 59.29999999999999716, -0.7999999999999980460 ) ) ;
#6050 = CARTESIAN_POINT ( 'NONE',  ( -2.059957809623489844, 45.00752006237845393, 7.730472262036188091 ) ) ;
#6051 = ORIENTED_EDGE ( 'NONE', *, *, #752, .T. ) ;
#6052 = ORIENTED_EDGE ( 'NONE', *, *, #6258, .T. ) ;
#6053 = CARTESIAN_POINT ( 'NONE',  ( -8.658638042297376103, 59.99029920218771395, 0.8085411998166894820 ) ) ;
#6054 = CARTESIAN_POINT ( 'NONE',  ( -2.611670400632754685, 44.85047874796375567, -8.780105383772054850 ) ) ;
#6055 = CARTESIAN_POINT ( 'NONE',  ( 2.657841326781256175, 44.82131460797840816, -8.844898274049150189 ) ) ;
#6056 = CARTESIAN_POINT ( 'NONE',  ( 5.455003485600976809, 59.63050311187608798, -7.766386493187876106 ) ) ;
#6057 = CARTESIAN_POINT ( 'NONE',  ( -9.573972636006967463, 44.64352067352289311, -1.671155654024773174 ) ) ;
#6058 = CARTESIAN_POINT ( 'NONE',  ( -8.501331778836204833, 45.69999999628198140, 1.500000000000000888 ) ) ;
#6059 = CARTESIAN_POINT ( 'NONE',  ( 5.376396456174312277, 45.25654466397779885, 6.103274358235627695 ) ) ;
#6060 = DIRECTION ( 'NONE',  ( 1.000000000000000000, 0.000000000000000000, -2.137682487307248399E-16 ) ) ;
#6061 = EDGE_LOOP ( 'NONE', ( #5322, #4512, #2016, #7063 ) ) ;
#6062 = DIRECTION ( 'NONE',  ( 0.000000000000000000, 0.000000000000000000, -1.000000000000000000 ) ) ;
#6063 = CARTESIAN_POINT ( 'NONE',  ( 5.767263428942809966, 44.90951149104664353, -6.989193279562948113 ) ) ;
#6064 = CARTESIAN_POINT ( 'NONE',  ( 9.773045838156823706, 59.25597686298504385, -0.8531873427972551660 ) ) ;
#6065 = CARTESIAN_POINT ( 'NONE',  ( 6.499995580619635227, 44.50894764137461124, -7.084228249034809188 ) ) ;
#6066 = FACE_OUTER_BOUND ( 'NONE', #7427, .T. ) ;
#6067 = CARTESIAN_POINT ( 'NONE',  ( -3.719530545090056428, 59.96124756587126825, -8.076147904065717142 ) ) ;
#6068 = VERTEX_POINT ( 'NONE', #1994 ) ;
#6069 = CARTESIAN_POINT ( 'NONE',  ( -9.727371564470828957, 44.21244023287263758, -1.500000000000141664 ) ) ;
#6070 = CARTESIAN_POINT ( 'NONE',  ( -2.472604543543303279, 59.51119082470169985, 7.490354809367780753 ) ) ;
#6071 = APPLICATION_PROTOCOL_DEFINITION ( 'draft international standard', 'automotive_design', 1998, #2650 ) ;
#6072 = CARTESIAN_POINT ( 'NONE',  ( 7.234637190292795061, 59.75043083125041932, 1.795948824296665469 ) ) ;
#6073 = ADVANCED_FACE ( 'NONE', ( #119 ), #3152, .T. ) ;
#6074 = CARTESIAN_POINT ( 'NONE',  ( 5.507660207980452860, 58.50000000000000000, 6.539547311047511080 ) ) ;
#6075 = EDGE_CURVE ( 'NONE', #3694, #2920, #1477, .T. ) ;
#6076 = CARTESIAN_POINT ( 'NONE',  ( -5.043798350579314693, 59.51080168353728794, -5.736115006335279709 ) ) ;
#6077 = ORIENTED_EDGE ( 'NONE', *, *, #1586, .T. ) ;
#6078 = VERTEX_POINT ( 'NONE', #5777 ) ;
#6079 = CARTESIAN_POINT ( 'NONE',  ( -9.103686651686315301, 58.99281382787367534, -1.499999999999999112 ) ) ;
#6080 = ORIENTED_EDGE ( 'NONE', *, *, #7278, .F. ) ;
#6081 = CARTESIAN_POINT ( 'NONE',  ( -9.213117323876897302, 59.80239937500297032, -0.8314989845974757321 ) ) ;
#6082 = DIRECTION ( 'NONE',  ( 0.8660254037844382635, 0.000000000000000000, -0.5000000000000005551 ) ) ;
#6083 = CARTESIAN_POINT ( 'NONE',  ( -8.417244204608932634, 45.69089023002054262, 1.500000000000000888 ) ) ;
#6084 = CARTESIAN_POINT ( 'NONE',  ( 4.923954922635558340, 59.29999999999999716, 6.928540100183663952 ) ) ;
#6085 = CARTESIAN_POINT ( 'NONE',  ( -7.739994670903526774, 58.50000000000000000, -2.022988505747125743 ) ) ;
#6086 = ORIENTED_EDGE ( 'NONE', *, *, #5866, .T. ) ;
#6087 = CARTESIAN_POINT ( 'NONE',  ( -5.583101944928889893, 59.30000000000002558, -6.670216232453443972 ) ) ;
#6088 = DIRECTION ( 'NONE',  ( 0.000000000000000000, 0.000000000000000000, 1.000000000000000000 ) ) ;
#6089 = CARTESIAN_POINT ( 'NONE',  ( -2.324850540223454942, 45.00000000000000711, -8.379489071991740090 ) ) ;
#6090 = CARTESIAN_POINT ( 'NONE',  ( 3.311040322170908379, 44.76386405928007406, 8.734890063909967139 ) ) ;
#6091 = CARTESIAN_POINT ( 'NONE',  ( 3.939943430931844404, 58.50000000000000000, -8.424182201321206875 ) ) ;
#6092 = LINE ( 'NONE', #7182, #882 ) ;
#6093 = CARTESIAN_POINT ( 'NONE',  ( -2.909583993802367097, 58.64978554326496862, -8.039547306154860351 ) ) ;
#6094 = CARTESIAN_POINT ( 'NONE',  ( -8.417244204607584379, 45.00000000000000000, -1.499999999999999334 ) ) ;
#6095 = CARTESIAN_POINT ( 'NONE',  ( 8.210359310042402825, 45.70000000000000284, 1.499999999999999556 ) ) ;
#6096 = EDGE_LOOP ( 'NONE', ( #6649, #5073, #1129, #1111, #2793, #1968 ) ) ;
#6097 = VECTOR ( 'NONE', #2315, 1000.000000000000000 ) ;
#6098 = FACE_BOUND ( 'NONE', #6983, .T. ) ;
#6099 = CARTESIAN_POINT ( 'NONE',  ( 0.000000000000000000, 1.500000000000000000, 0.000000000000000000 ) ) ;
#6100 = CARTESIAN_POINT ( 'NONE',  ( 9.213117323876897302, 59.80239937500294900, -0.8314989845974767313 ) ) ;
#6101 = B_SPLINE_CURVE_WITH_KNOTS ( 'NONE', 3,
 ( #365, #7718, #2888, #998 ),
 .UNSPECIFIED., .F., .F.,
 ( 4, 4 ),
 ( 0.000000000000000000, 0.0008152306934952743486 ),
 .UNSPECIFIED. ) ;
#6102 = VECTOR ( 'NONE', #160, 1000.000000000000114 ) ;
#6103 = CARTESIAN_POINT ( 'NONE',  ( 2.874200311939298036, 45.62604786072449770, -7.978260971409468993 ) ) ;
#6104 = CARTESIAN_POINT ( 'NONE',  ( -3.333725648282747756, 58.50000000000000000, -8.774182201321204744 ) ) ;
#6105 = CIRCLE ( 'NONE', #5586, 0.6999999999999999556 ) ;
#6106 = ORIENTED_EDGE ( 'NONE', *, *, #992, .T. ) ;
#6107 = ORIENTED_EDGE ( 'NONE', *, *, #2209, .T. ) ;
#6108 = EDGE_CURVE ( 'NONE', #1683, #7406, #4560, .T. ) ;
#6109 = CARTESIAN_POINT ( 'NONE',  ( -9.701924186207001810, 45.16247519026224211, -1.499999999999998668 ) ) ;
#6110 = EDGE_CURVE ( 'NONE', #2116, #3198, #824, .T. ) ;
#6111 = CARTESIAN_POINT ( 'NONE',  ( -1.152929848348839270, 60.00000000000000000, 6.396933074902875660 ) ) ;
#6112 = FACE_OUTER_BOUND ( 'NONE', #2975, .T. ) ;
#6113 = EDGE_CURVE ( 'NONE', #5342, #2704, #3970, .T. ) ;
#6114 = CARTESIAN_POINT ( 'NONE',  ( 5.352893912038753754, 59.71682665320400929, 5.108377473227535326 ) ) ;
#6115 = CARTESIAN_POINT ( 'NONE',  ( -4.920854423393487664, 60.44316502280664594, -5.523169877967565533 ) ) ;
#6116 = VERTEX_POINT ( 'NONE', #1427 ) ;
#6117 = ADVANCED_FACE ( 'NONE', ( #867 ), #5314, .F. ) ;
#6118 = CARTESIAN_POINT ( 'NONE',  ( 2.118037897910824530, 45.02275046629593902, -7.714526263032196240 ) ) ;
#6119 = ORIENTED_EDGE ( 'NONE', *, *, #5201, .F. ) ;
#6120 = CARTESIAN_POINT ( 'NONE',  ( -5.431299134285538344, 45.49311510543481774, 6.344744298363929502 ) ) ;
#6121 = EDGE_CURVE ( 'NONE', #2257, #1800, #529, .T. ) ;
#6122 = CARTESIAN_POINT ( 'NONE',  ( -5.507660207980448419, 58.50000000000000000, 6.539547311047511968 ) ) ;
#6123 = CARTESIAN_POINT ( 'NONE',  ( -2.735664816647068509, 59.35849898938835167, 7.738310454911326630 ) ) ;
#6124 = CARTESIAN_POINT ( 'NONE',  ( 7.397966564250226362, 59.43460535427330882, 2.052999587396701298 ) ) ;
#6125 = CARTESIAN_POINT ( 'NONE',  ( -8.340369426365221273, 59.08601872170844160, -1.499999999999999112 ) ) ;
#6126 = ORIENTED_EDGE ( 'NONE', *, *, #7640, .F. ) ;
#6127 = AXIS2_PLACEMENT_3D ( 'NONE', #2266, #1582, #538 ) ;
#6128 = FACE_OUTER_BOUND ( 'NONE', #5950, .T. ) ;
#6129 = CYLINDRICAL_SURFACE ( 'NONE', #3046, 8.000000000000000000 ) ;
#6130 = CARTESIAN_POINT ( 'NONE',  ( -2.199923766695434324, 45.00000000000000000, 8.210379736694800812 ) ) ;
#6131 = CARTESIAN_POINT ( 'NONE',  ( 3.436381141238826320, 44.55925688362638226, 8.951986730797010239 ) ) ;
#6132 = CARTESIAN_POINT ( 'NONE',  ( -7.802614475959016360, 45.08537027135142949, 1.783403873384863614 ) ) ;
#6133 = LINE ( 'NONE', #5974, #6798 ) ;
#6134 = CARTESIAN_POINT ( 'NONE',  ( -8.293935090798434828, 59.22956441742279310, 1.500000000000000888 ) ) ;
#6135 = CARTESIAN_POINT ( 'NONE',  ( 0.000000000000000000, 60.00000000000000000, 0.000000000000000000 ) ) ;
#6136 = VECTOR ( 'NONE', #6440, 1000.000000000000000 ) ;
#6137 = FACE_OUTER_BOUND ( 'NONE', #6863, .T. ) ;
#6138 = ORIENTED_EDGE ( 'NONE', *, *, #7154, .T. ) ;
#6139 = EDGE_CURVE ( 'NONE', #6501, #4181, #1472, .T. ) ;
#6140 = FACE_OUTER_BOUND ( 'NONE', #2227, .T. ) ;
#6141 = CARTESIAN_POINT ( 'NONE',  ( 9.858311199461617491, 43.81655901773039830, 1.678918289141142939 ) ) ;
#6142 = CARTESIAN_POINT ( 'NONE',  ( 4.007454291082129139, 44.51410979594338357, -9.162558297770450721 ) ) ;
#6143 = CARTESIAN_POINT ( 'NONE',  ( 9.376140231109786782, 59.69377025920019264, -0.8379633253348277577 ) ) ;
#6144 =( BOUNDED_SURFACE ( )  B_SPLINE_SURFACE ( 3, 2, ( 
 ( #259, #2705, #5154 ),
 ( #7608, #4555, #931 ),
 ( #776, #7013, #5839 ),
 ( #1496, #6293, #3955 ),
 ( #7649, #5078, #4481 ),
 ( #5683, #3389, #811 ),
 ( #5803, #6412, #3270 ),
 ( #2586, #299, #7487 ),
 ( #2739, #5190, #2139 ),
 ( #1978, #183, #4599 ),
 ( #7051, #7526, #1537 ),
 ( #4435, #6893, #1372 ),
 ( #2020, #6935, #1416 ),
 ( #6330, #5726, #220 ) ),
 .UNSPECIFIED., .F., .F., .T. ) 
 B_SPLINE_SURFACE_WITH_KNOTS ( ( 4, 2, 2, 2, 2, 2, 4 ),
 ( 3, 3 ),
 ( 0.002225472628914582345, 0.002664230922196090395, 0.003102989215477598012, 0.003541747508759106062, 0.003980505802040614112, 0.004858022388603630212, 0.005735538975166646312 ),
 ( 0.000000000000000000, 1.000000000000000000 ),
 .UNSPECIFIED. ) 
 GEOMETRIC_REPRESENTATION_ITEM ( )  RATIONAL_B_SPLINE_SURFACE ( (
 ( 1.000000000000000000, 0.7764019189191657677, 1.000000000000000000),
 ( 1.000000000000000000, 0.7764341587992790172, 1.000000000000000000),
 ( 1.000000000000000000, 0.7761162991565564440, 1.000000000000000000),
 ( 1.000000000000000000, 0.7747803634931531569, 1.000000000000000000),
 ( 1.000000000000000000, 0.7737458728123223217, 1.000000000000000000),
 ( 1.000000000000000000, 0.7709754987630623724, 1.000000000000000000),
 ( 1.000000000000000000, 0.7692484910743628834, 1.000000000000000000),
 ( 1.000000000000000000, 0.7650179021866354567, 1.000000000000000000),
 ( 1.000000000000000000, 0.7625239150132886445, 1.000000000000000000),
 ( 1.000000000000000000, 0.7540112073158102834, 1.000000000000000000),
 ( 1.000000000000000000, 0.7467563905232658117, 1.000000000000000000),
 ( 1.000000000000000000, 0.7292810299310529265, 1.000000000000000000),
 ( 1.000000000000000000, 0.7188203502331561578, 1.000000000000000000),
 ( 1.000000000000000000, 0.7071067811865475727, 1.000000000000000000) ) ) 
 REPRESENTATION_ITEM ( '' )  SURFACE ( )  );
#6145 = DIRECTION ( 'NONE',  ( -0.000000000000000000, 1.000000000000000000, -0.000000000000000000 ) ) ;
#6146 = CARTESIAN_POINT ( 'NONE',  ( -6.673785686565899766, 43.49999999999995737, 7.447186355247819023 ) ) ;
#6147 = CIRCLE ( 'NONE', #2675, 0.7000000000000001776 ) ;
#6148 = FACE_OUTER_BOUND ( 'NONE', #2376, .T. ) ;
#6149 = VERTEX_POINT ( 'NONE', #4768 ) ;
#6150 = CARTESIAN_POINT ( 'NONE',  ( 7.379791994459995230, 59.68470169710484896, 1.739146277466842694 ) ) ;
#6151 = PLANE ( 'NONE',  #6407 ) ;
#6152 = CARTESIAN_POINT ( 'NONE',  ( 7.218728862873432739, 60.00000000000000000, 1.121126076260680060 ) ) ;
#6153 = VECTOR ( 'NONE', #7587, 1000.000000000000000 ) ;
#6154 = B_SPLINE_CURVE_WITH_KNOTS ( 'NONE', 3,
 ( #6769, #19, #3706, #646, #924, #843, #137, #4424, #4589, #5029, #3870, #3945 ),
 .UNSPECIFIED., .F., .F.,
 ( 4, 2, 2, 2, 2, 4 ),
 ( 0.000000000000000000, 0.0006170047189677830852, 0.001234009437935566170, 0.001851014156903349256, 0.002159516516387240907, 0.002468018875871132341 ),
 .UNSPECIFIED. ) ;
#6155 = CARTESIAN_POINT ( 'NONE',  ( 5.507660205155748834, 58.64978554326560811, 6.539547306154979367 ) ) ;
#6156 = DIRECTION ( 'NONE',  ( 0.000000000000000000, -1.000000000000000000, 0.000000000000000000 ) ) ;
#6157 = ORIENTED_EDGE ( 'NONE', *, *, #6710, .F. ) ;
#6158 = VECTOR ( 'NONE', #1135, 1000.000000000000000 ) ;
#6159 = VERTEX_POINT ( 'NONE', #1180 ) ;
#6160 = CARTESIAN_POINT ( 'NONE',  ( 5.981429944866843762, 44.42018426149839883, -8.014086355606455214 ) ) ;
#6161 = DIRECTION ( 'NONE',  ( 1.000000000000000000, 0.000000000000000000, 0.000000000000000000 ) ) ;
#6162 = AXIS2_PLACEMENT_3D ( 'NONE', #5031, #4350, #3182 ) ;
#6163 = DIRECTION ( 'NONE',  ( 0.000000000000000000, 1.000000000000000000, 0.000000000000000000 ) ) ;
#6164 = CARTESIAN_POINT ( 'NONE',  ( 6.095141605147119002, 60.69990933521665255, 1.499999999999999112 ) ) ;
#6165 = CARTESIAN_POINT ( 'NONE',  ( -4.236498312829941604, 45.24690378469705365, 9.058260431528173839 ) ) ;
#6166 = ORIENTED_EDGE ( 'NONE', *, *, #7287, .F. ) ;
#6167 = VERTEX_POINT ( 'NONE', #5973 ) ;
#6168 = CARTESIAN_POINT ( 'NONE',  ( -4.236498312829944268, 45.44761534702016093, 9.058260431528177392 ) ) ;
#6169 = CARTESIAN_POINT ( 'NONE',  ( -0.6928203230275484792, 60.00000000000000000, -0.3999999999999975797 ) ) ;
#6170 = CARTESIAN_POINT ( 'NONE',  ( 5.431299134285534791, 45.49311510543481774, -6.344744298363933055 ) ) ;
#6171 = CARTESIAN_POINT ( 'NONE',  ( 3.014789021821721704, 45.00520482652238741, 8.221767759896058791 ) ) ;
#6172 = CARTESIAN_POINT ( 'NONE',  ( -8.210359310042402825, 45.49311510543481774, 1.531270876661743996 ) ) ;
#6173 = DIRECTION ( 'NONE',  ( -0.5000000000000003331, 0.000000000000000000, -0.8660254037844385966 ) ) ;
#6174 = CARTESIAN_POINT ( 'NONE',  ( -7.625756092431397626, 59.33639209907865819, 1.500000000000013767 ) ) ;
#6175 = LINE ( 'NONE', #6094, #6517 ) ;
#6176 = ORIENTED_EDGE ( 'NONE', *, *, #5485, .F. ) ;
#6177 = CARTESIAN_POINT ( 'NONE',  ( -3.886047984270228017, 59.80290436043463131, 8.393759706139329424 ) ) ;
#6178 = DIRECTION ( 'NONE',  ( 0.000000000000000000, 1.000000000000000000, -0.000000000000000000 ) ) ;
#6179 = LINE ( 'NONE', #5010, #4046 ) ;
#6180 = CARTESIAN_POINT ( 'NONE',  ( 5.431299134285534791, 45.49311510543481774, -6.344744298363933055 ) ) ;
#6181 = CARTESIAN_POINT ( 'NONE',  ( -7.407088871777718353, 60.00000000000000000, 1.007678096661192457 ) ) ;
#6182 = CARTESIAN_POINT ( 'NONE',  ( 6.579747654049052485, 43.83697044614595484, 7.501615844108099118 ) ) ;
#6183 = CARTESIAN_POINT ( 'NONE',  ( -6.252884496049082586, 45.44761534702016093, 7.830313641016735993 ) ) ;
#6184 = EDGE_CURVE ( 'NONE', #3377, #1087, #4055, .T. ) ;
#6185 = CARTESIAN_POINT ( 'NONE',  ( -3.654808284695775011, 58.50000000000000711, -9.330313641016733328 ) ) ;
#6186 = ORIENTED_EDGE ( 'NONE', *, *, #4954, .F. ) ;
#6187 =( BOUNDED_SURFACE ( )  B_SPLINE_SURFACE ( 3, 2, ( 
 ( #7076, #5946, #4623 ),
 ( #7630, #7150, #4059 ),
 ( #4019, #7672, #4094 ),
 ( #1638, #5339, #6475 ),
 ( #3495, #950, #2848 ),
 ( #7751, #6557, #438 ),
 ( #3414, #3980, #321 ),
 ( #2284, #4739, #7190 ),
 ( #876, #7034, #6516 ),
 ( #3332, #3937, #2122 ),
 ( #3454, #993, #5906 ),
 ( #6397, #5788, #7716 ),
 ( #285, #4578, #2808 ),
 ( #398, #2205, #1521 ) ),
 .UNSPECIFIED., .F., .F., .F. ) 
 B_SPLINE_SURFACE_WITH_KNOTS ( ( 4, 2, 2, 2, 2, 2, 4 ),
 ( 3, 3 ),
 ( 0.007251311775856280999, 0.007694002128595806012, 0.008136692481335330157, 0.008579382834074854303, 0.009022073186814380183, 0.009907453892293430209, 0.01079283459777248023 ),
 ( 0.000000000000000000, 1.000000000000000000 ),
 .UNSPECIFIED. ) 
 GEOMETRIC_REPRESENTATION_ITEM ( )  RATIONAL_B_SPLINE_SURFACE ( (
 ( 1.000000000000000000, 0.7914775938769174068, 1.000000000000000000),
 ( 1.000000000000000000, 0.7914751215769505466, 1.000000000000000000),
 ( 1.000000000000000000, 0.7910692898049885846, 1.000000000000000000),
 ( 1.000000000000000000, 0.7894438079032025657, 1.000000000000000000),
 ( 1.000000000000000000, 0.7882037160861151692, 1.000000000000000000),
 ( 1.000000000000000000, 0.7849047533172722746, 1.000000000000000000),
 ( 1.000000000000000000, 0.7828546967484224517, 1.000000000000000000),
 ( 1.000000000000000000, 0.7778217196377548159, 1.000000000000000000),
 ( 1.000000000000000000, 0.7748435908280048023, 1.000000000000000000),
 ( 1.000000000000000000, 0.7646248375020051613, 1.000000000000000000),
 ( 1.000000000000000000, 0.7558737235613574024, 1.000000000000000000),
 ( 1.000000000000000000, 0.7342902559673957219, 1.000000000000000000),
 ( 1.000000000000000000, 0.7211950083362692610, 1.000000000000000000),
 ( 1.000000000000000000, 0.7060162090484374264, 1.000000000000000000) ) ) 
 REPRESENTATION_ITEM ( '' )  SURFACE ( )  );
#6188 = DIRECTION ( 'NONE',  ( 0.000000000000000000, 0.000000000000000000, -1.000000000000000000 ) ) ;
#6189 = CARTESIAN_POINT ( 'NONE',  ( -2.228046189770282126, 60.00000000000000000, 6.642884453143014234 ) ) ;
#6190 = CARTESIAN_POINT ( 'NONE',  ( 5.940596992214877581, 44.50460396087073178, 8.044336953467073670 ) ) ;
#6191 = CARTESIAN_POINT ( 'NONE',  ( 0.000000000000000000, 45.00000000000000000, 0.000000000000000000 ) ) ;
#6192 = CARTESIAN_POINT ( 'NONE',  ( -5.527928618512140346, 59.26974757817092154, -5.490647629999783064 ) ) ;
#6193 = ORIENTED_EDGE ( 'NONE', *, *, #562, .F. ) ;
#6194 = CARTESIAN_POINT ( 'NONE',  ( 2.830869599382528801, 60.00000000000001421, -6.918566189551424550 ) ) ;
#6195 = ORIENTED_EDGE ( 'NONE', *, *, #4865, .F. ) ;
#6196 = CARTESIAN_POINT ( 'NONE',  ( -4.576219537464306875, 59.99999999999999289, 5.910892062510109568 ) ) ;
#6197 = DIRECTION ( 'NONE',  ( 2.137682487307248399E-16, 0.000000000000000000, 1.000000000000000000 ) ) ;
#6198 = CARTESIAN_POINT ( 'NONE',  ( 2.303366213978028654, 58.50000000000000000, 8.389547311047511613 ) ) ;
#6199 = CARTESIAN_POINT ( 'NONE',  ( 6.101137640369873161, 59.99777404406902548, 1.499999999999999334 ) ) ;
#6200 = CARTESIAN_POINT ( 'NONE',  ( -3.949709018426391438, 44.42022203625153765, 9.187104143461070294 ) ) ;
#6201 = ORIENTED_EDGE ( 'NONE', *, *, #4893, .T. ) ;
#6202 = ORIENTED_EDGE ( 'NONE', *, *, #4940, .T. ) ;
#6203 = DIRECTION ( 'NONE',  ( 0.000000000000000000, 0.000000000000000000, -1.000000000000000000 ) ) ;
#6204 = CARTESIAN_POINT ( 'NONE',  ( 4.711798027507120068, 60.00000000000001421, 6.561073578645145510 ) ) ;
#6205 = CARTESIAN_POINT ( 'NONE',  ( -8.709896568115279791, 45.66504311428028728, 1.500000000000000888 ) ) ;
#6206 = EDGE_CURVE ( 'NONE', #4822, #5007, #6230, .T. ) ;
#6207 = CARTESIAN_POINT ( 'NONE',  ( 3.472754125721043916, 44.48035113418795561, 9.014986587943349505 ) ) ;
#6208 = CARTESIAN_POINT ( 'NONE',  ( 2.985025733575564111, 59.30000000000000426, -8.170216232453448413 ) ) ;
#6209 = EDGE_CURVE ( 'NONE', #1827, #4863, #4171, .T. ) ;
#6210 = CARTESIAN_POINT ( 'NONE',  ( -6.528542069924718305, 43.77306480075829143, -8.307766564460489889 ) ) ;
#6211 = EDGE_CURVE ( 'NONE', #6501, #7165, #411, .T. ) ;
#6212 = CARTESIAN_POINT ( 'NONE',  ( -2.068775128131365548, 58.99743028505024967, -7.643688975616009351 ) ) ;
#6213 = CARTESIAN_POINT ( 'NONE',  ( 2.057406622567554354E-15, 4.299999999999999822, -16.80000000000000426 ) ) ;
#6214 = ORIENTED_EDGE ( 'NONE', *, *, #1596, .T. ) ;
#6215 = CARTESIAN_POINT ( 'NONE',  ( 3.939943430931850621, 45.00000000000000000, 8.424182201321206875 ) ) ;
#6216 = CARTESIAN_POINT ( 'NONE',  ( -6.689712018165914209, 60.65107842505428692, -1.499999999999999778 ) ) ;
#6217 = EDGE_CURVE ( 'NONE', #1665, #3591, #4430, .T. ) ;
#6218 = CARTESIAN_POINT ( 'NONE',  ( 9.802466688245210946, 43.55919343493565776, 1.979341972230168167 ) ) ;
#6219 = CARTESIAN_POINT ( 'NONE',  ( 3.490479809642828002, 60.00000000000000000, 7.645688373094721157 ) ) ;
#6220 = CARTESIAN_POINT ( 'NONE',  ( -7.577202352961235121, 59.58610933779527841, 1.660563026546368670 ) ) ;
#6221 = ADVANCED_FACE ( 'NONE', ( #1065 ), #2289, .T. ) ;
#6222 = DIRECTION ( 'NONE',  ( 0.000000000000000000, 0.000000000000000000, 1.000000000000000000 ) ) ;
#6223 = DIRECTION ( 'NONE',  ( 0.000000000000000000, 0.000000000000000000, -1.000000000000000000 ) ) ;
#6224 = AXIS2_PLACEMENT_3D ( 'NONE', #6310, #795, #7326 ) ;
#6225 = CARTESIAN_POINT ( 'NONE',  ( -4.923954922635553899, 60.00000000000000000, 6.928540100183667505 ) ) ;
#6226 = DIRECTION ( 'NONE',  ( 0.000000000000000000, -1.000000000000000000, 0.000000000000000000 ) ) ;
#6227 = CARTESIAN_POINT ( 'NONE',  ( 3.036956269647646423, 59.27933202669344581, 8.260162559394570891 ) ) ;
#6228 = CIRCLE ( 'NONE', #204, 8.500000000000000000 ) ;
#6229 = CARTESIAN_POINT ( 'NONE',  ( 6.438208623493304472, 43.74710561168240730, 7.653086472445694177 ) ) ;
#6230 = CIRCLE ( 'NONE', #7638, 8.500000000000000000 ) ;
#6231 = CARTESIAN_POINT ( 'NONE',  ( -6.234210268443685088, 58.88145147495375653, -7.797968930011918154 ) ) ;
#6232 = CARTESIAN_POINT ( 'NONE',  ( 3.112518916251073797, 43.48553262224524474, -9.503201071302278535 ) ) ;
#6233 =( BOUNDED_SURFACE ( )  B_SPLINE_SURFACE ( 3, 2, ( 
 ( #6315, #6960, #1920 ),
 ( #4380, #6920, #7596 ),
 ( #2004, #717, #6839 ),
 ( #6276, #5667, #5750 ),
 ( #1439, #167, #797 ),
 ( #1313, #2084, #6878 ),
 ( #7434, #4541, #2690 ),
 ( #5062, #5790, #3252 ),
 ( #2610, #760, #1398 ),
 ( #6999, #6231, #5708 ),
 ( #7513, #1480, #3899 ),
 ( #4464, #3939, #3173 ) ),
 .UNSPECIFIED., .F., .F., .F. ) 
 B_SPLINE_SURFACE_WITH_KNOTS ( ( 4, 2, 2, 2, 2, 4 ),
 ( 3, 3 ),
 ( 7.589415207398531038E-19, 0.0003130780027722938961, 0.0004696170041584404918, 0.0006261560055445870333, 0.0009392340083168801163, 0.001252312011089173199 ),
 ( 0.000000000000000000, 1.000000000000000000 ),
 .UNSPECIFIED. ) 
 GEOMETRIC_REPRESENTATION_ITEM ( )  RATIONAL_B_SPLINE_SURFACE ( (
 ( 1.000000000000000000, 0.7071067811865475727, 1.000000000000000000),
 ( 1.000000000000000000, 0.7114525854347056866, 1.000000000000000000),
 ( 1.000000000000000000, 0.7155841935930605802, 1.000000000000000000),
 ( 1.000000000000000000, 0.7211136383400772454, 1.000000000000000000),
 ( 1.000000000000000000, 0.7228253759579519322, 1.000000000000000000),
 ( 1.000000000000000000, 0.7260124768012752305, 1.000000000000000000),
 ( 1.000000000000000000, 0.7274944237442851902, 1.000000000000000000),
 ( 1.000000000000000000, 0.7314273696354194332, 1.000000000000000000),
 ( 1.000000000000000000, 0.7334714490888273319, 1.000000000000000000),
 ( 1.000000000000000000, 0.7361867872712511973, 1.000000000000000000),
 ( 1.000000000000000000, 0.7368962947193716806, 1.000000000000000000),
 ( 1.000000000000000000, 0.7368926330804047575, 1.000000000000000000) ) ) 
 REPRESENTATION_ITEM ( '' )  SURFACE ( )  );
#6234 = VECTOR ( 'NONE', #6721, 1000.000000000000000 ) ;
#6235 = CARTESIAN_POINT ( 'NONE',  ( -3.437920288276162584, 60.00000000000000000, -7.554652611666146989 ) ) ;
#6236 = CARTESIAN_POINT ( 'NONE',  ( 5.446774382793219793, 45.55979648596240850, 6.412806685467318246 ) ) ;
#6237 = ORIENTED_EDGE ( 'NONE', *, *, #5278, .T. ) ;
#6238 = CARTESIAN_POINT ( 'NONE',  ( -3.201118501197692812, 45.58317014555833424, 8.544499885123146399 ) ) ;
#6239 = EDGE_CURVE ( 'NONE', #5243, #5434, #4317, .T. ) ;
#6240 = CARTESIAN_POINT ( 'NONE',  ( 5.565459599516130673, 59.42402592094062896, 7.941717252624025392 ) ) ;
#6241 = DIRECTION ( 'NONE',  ( 0.000000000000000000, 0.000000000000000000, 1.000000000000000000 ) ) ;
#6242 = CARTESIAN_POINT ( 'NONE',  ( -3.939943430931855062, 58.50000000000000000, -9.124182201321200836 ) ) ;
#6243 = CARTESIAN_POINT ( 'NONE',  ( -3.538314276580452500, 59.29999999999999716, 7.728540100183666439 ) ) ;
#6244 = ORIENTED_EDGE ( 'NONE', *, *, #281, .F. ) ;
#6245 = VERTEX_POINT ( 'NONE', #1863 ) ;
#6246 = VERTEX_POINT ( 'NONE', #2506 ) ;
#6247 = CARTESIAN_POINT ( 'NONE',  ( -3.694059351447721351, 44.88446914519069963, 9.302764625640225660 ) ) ;
#6248 = CARTESIAN_POINT ( 'NONE',  ( 0.000000000000000000, 60.00000000000000000, 0.000000000000000000 ) ) ;
#6249 = CARTESIAN_POINT ( 'NONE',  ( -2.759030524863974598, 44.71346693900362368, 8.989491839214787561 ) ) ;
#6250 = CARTESIAN_POINT ( 'NONE',  ( 3.370688035228333934, 45.41350888058322965, 8.838202933479989198 ) ) ;
#6251 = CARTESIAN_POINT ( 'NONE',  ( 9.000313213748711405, 45.58317014555833424, -1.500000000000000000 ) ) ;
#6252 = CARTESIAN_POINT ( 'NONE',  ( -6.670041771657557739, 43.68618054591037492, -7.439448215406456733 ) ) ;
#6253 = AXIS2_PLACEMENT_3D ( 'NONE', #6135, #623, #7495 ) ;
#6254 = CARTESIAN_POINT ( 'NONE',  ( -2.871146607505940196, 59.08601872170795133, -7.972971800179298185 ) ) ;
#6255 = CARTESIAN_POINT ( 'NONE',  ( 5.887972618243646927, 58.91913233273815109, -7.198267728372361063 ) ) ;
#6256 = LINE ( 'NONE', #1987, #7660 ) ;
#6257 = EDGE_LOOP ( 'NONE', ( #3892, #6366, #830, #3224, #4675 ) ) ;
#6258 = EDGE_CURVE ( 'NONE', #946, #4874, #6268, .T. ) ;
#6259 = CARTESIAN_POINT ( 'NONE',  ( -3.998386255908547238, 59.63050311187610220, -8.607364842857041509 ) ) ;
#6260 = CARTESIAN_POINT ( 'NONE',  ( 2.735661171871004438, 59.35850120951380404, 7.738304141973999961 ) ) ;
#6261 = CARTESIAN_POINT ( 'NONE',  ( 9.962932804213766147, 45.44761534702016093, 0.8602150537634408733 ) ) ;
#6262 = DIRECTION ( 'NONE',  ( -0.000000000000000000, -1.000000000000000000, 0.000000000000000000 ) ) ;
#6263 = CARTESIAN_POINT ( 'NONE',  ( 5.621956772992692919, 45.02275046629593902, -5.691537757285073162 ) ) ;
#6264 = AXIS2_PLACEMENT_3D ( 'NONE', #1004, #7353, #1721 ) ;
#6265 = DIRECTION ( 'NONE',  ( 0.000000000000000000, 1.000000000000000000, 0.000000000000000000 ) ) ;
#6266 = CARTESIAN_POINT ( 'NONE',  ( -6.360703638106739888, 44.20607608376165132, 7.719150525543263974 ) ) ;
#6267 = CARTESIAN_POINT ( 'NONE',  ( -5.726434491383815661, 58.50000000000000711, 8.198045377764739072 ) ) ;
#6268 = B_SPLINE_CURVE_WITH_KNOTS ( 'NONE', 3,
 ( #186, #6251, #5000, #5529 ),
 .UNSPECIFIED., .F., .F.,
 ( 4, 4 ),
 ( 0.000000000000000000, 0.0008882356951555993394 ),
 .UNSPECIFIED. ) ;
#6269 = EDGE_CURVE ( 'NONE', #3921, #1175, #6367, .T. ) ;
#6270 = VECTOR ( 'NONE', #387, 1000.000000000000000 ) ;
#6271 = CARTESIAN_POINT ( 'NONE',  ( 5.196040854413419119, 59.68470169710483475, -5.521514203113957464 ) ) ;
#6272 = CARTESIAN_POINT ( 'NONE',  ( -1.152929848348838604, 60.00000000000000000, 6.396933074902873884 ) ) ;
#6273 = CARTESIAN_POINT ( 'NONE',  ( -9.907692780744859817, 45.44761534702016093, -1.499999999999998890 ) ) ;
#6274 = CARTESIAN_POINT ( 'NONE',  ( -1.152929848348838604, 60.00000000000000000, 6.396933074902873884 ) ) ;
#6275 = CIRCLE ( 'NONE', #7815, 8.000000000000000000 ) ;
#6276 = CARTESIAN_POINT ( 'NONE',  ( -5.280135361485270629, 59.84879564947460295, -7.489458567519647225 ) ) ;
#6277 = CARTESIAN_POINT ( 'NONE',  ( 2.767433578482216827, 44.70309967785806293, -9.001533622118691014 ) ) ;
#6278 = CARTESIAN_POINT ( 'NONE',  ( 1.369260537096093744, 60.00000000000000000, -6.440345368903815704 ) ) ;
#6279 = CARTESIAN_POINT ( 'NONE',  ( 3.437920288276151926, 60.00000000000000000, -7.554652611666148765 ) ) ;
#6280 = ORIENTED_EDGE ( 'NONE', *, *, #3711, .F. ) ;
#6281 = CARTESIAN_POINT ( 'NONE',  ( -3.654808284695775900, 45.44761534702016093, -9.330313641016733328 ) ) ;
#6282 = CARTESIAN_POINT ( 'NONE',  ( 4.712485426358385077, 60.00000000000000000, 6.562264139353139569 ) ) ;
#6283 =( BOUNDED_SURFACE ( )  B_SPLINE_SURFACE ( 3, 2, ( 
 ( #1802, #3737, #1195 ),
 ( #560, #2332, #1123 ),
 ( #4258, #3088, #46 ),
 ( #6070, #1276, #1881 ),
 ( #1161, #3008, #1761 ),
 ( #4337, #7391, #6189 ),
 ( #5390, #5428, #5507 ),
 ( #3697, #4785, #7237 ),
 ( #7920, #7878, #2406 ),
 ( #6111, #4176, #3658 ) ),
 .UNSPECIFIED., .F., .F., .F. ) 
 B_SPLINE_SURFACE_WITH_KNOTS ( ( 4, 2, 2, 2, 4 ),
 ( 3, 3 ),
 ( 0.000000000000000000, 0.0006601270656153774338, 0.001320254131230754868, 0.001980381196846132084, 0.002640508262461509735 ),
 ( 0.000000000000000000, 1.000000000000000000 ),
 .UNSPECIFIED. ) 
 GEOMETRIC_REPRESENTATION_ITEM ( )  RATIONAL_B_SPLINE_SURFACE ( (
 ( 1.000000000000000000, 0.7071067811865475727, 1.000000000000000000),
 ( 1.000000000000000000, 0.7265059775621197646, 1.000000000000000000),
 ( 1.000000000000000000, 0.7502783718688733616, 1.000000000000000000),
 ( 1.000000000000000000, 0.8072559680363714518, 1.000000000000000000),
 ( 1.000000000000000000, 0.8399358369244668276, 1.000000000000000000),
 ( 1.000000000000000000, 0.9071188964752384676, 1.000000000000000000),
 ( 1.000000000000000000, 0.9402799494365831068, 1.000000000000000000),
 ( 1.000000000000000000, 0.9871024881034361487, 1.000000000000000000),
 ( 1.000000000000000000, 1.000343213455320068, 1.000000000000000000),
 ( 1.000000000000000000, 1.000000000000000000, 1.000000000000000000) ) ) 
 REPRESENTATION_ITEM ( '' )  SURFACE ( )  );
#6284 = CARTESIAN_POINT ( 'NONE',  ( 9.786345413644342628, 43.50000000000000000, -2.056074766355140415 ) ) ;
#6285 = CIRCLE ( 'NONE', #2813, 0.6999999999999992895 ) ;
#6286 = ORIENTED_EDGE ( 'NONE', *, *, #3852, .F. ) ;
#6287 = ORIENTED_EDGE ( 'NONE', *, *, #7492, .F. ) ;
#6288 = AXIS2_PLACEMENT_3D ( 'NONE', #6198, #6163, #6241 ) ;
#6289 = ORIENTED_EDGE ( 'NONE', *, *, #5856, .T. ) ;
#6290 = EDGE_CURVE ( 'NONE', #4375, #7175, #2616, .T. ) ;
#6291 = CARTESIAN_POINT ( 'NONE',  ( 5.583101944928889004, 59.30000000000000426, 6.670216232453445748 ) ) ;
#6292 = EDGE_LOOP ( 'NONE', ( #7124, #7931, #7295, #2473 ) ) ;
#6293 = CARTESIAN_POINT ( 'NONE',  ( 9.849427404670963782, 43.91194685461410074, -1.499999999999825251 ) ) ;
#6294 = CARTESIAN_POINT ( 'NONE',  ( -7.396226146599794049, 59.45216504684547232, 2.052864518610003408 ) ) ;
#6295 = CARTESIAN_POINT ( 'NONE',  ( -9.946653877181176995, 44.68049511873795865, -1.032534059828491557 ) ) ;
#6296 = CARTESIAN_POINT ( 'NONE',  ( 5.507660207980445755, 58.50000000000000000, -6.539547311047517297 ) ) ;
#6297 = CARTESIAN_POINT ( 'NONE',  ( -3.206716063404930761, 43.83697044614595484, 9.449036540951590624 ) ) ;
#6298 = AXIS2_PLACEMENT_3D ( 'NONE', #5789, #2726, #952 ) ;
#6299 = FACE_OUTER_BOUND ( 'NONE', #4031, .T. ) ;
#6300 = LINE ( 'NONE', #3801, #13 ) ;
#6301 = CARTESIAN_POINT ( 'NONE',  ( 4.090934453334868159, 44.69141332848791137, 9.125141347058754349 ) ) ;
#6302 = EDGE_LOOP ( 'NONE', ( #2820, #2738, #7873, #254, #2483, #6368, #6610, #1078, #6237, #3269, #7798, #2135, #7360, #2347, #2057, #4154, #775, #1119, #2490, #6773, #1625, #7125 ) ) ;
#6303 = CARTESIAN_POINT ( 'NONE',  ( 7.397966564247395738, 59.43460535427673364, -2.052999587396930892 ) ) ;
#6304 = CARTESIAN_POINT ( 'NONE',  ( -7.328324794049573043, 59.51135107530180335, -2.059480617374997991 ) ) ;
#6305 = DIRECTION ( 'NONE',  ( -0.000000000000000000, -1.000000000000000000, -0.000000000000000000 ) ) ;
#6306 = CARTESIAN_POINT ( 'NONE',  ( 7.708636127189048892, 45.00000000000000000, -2.140277469132568999 ) ) ;
#6307 = CARTESIAN_POINT ( 'NONE',  ( -7.993230429499635470, 59.99999999999999289, 1.441892303857601254 ) ) ;
#6308 = CARTESIAN_POINT ( 'NONE',  ( 6.673785686565879338, 43.50000000000000000, 7.447186355247759515 ) ) ;
#6309 = CARTESIAN_POINT ( 'NONE',  ( -6.228319566981791233, 44.71979963232708144, 7.832364868846202199 ) ) ;
#6310 = CARTESIAN_POINT ( 'NONE',  ( 1.383850883036509462E-15, 0.8000000000000000444, -11.30000000000000249 ) ) ;
#6311 = DIRECTION ( 'NONE',  ( 0.000000000000000000, 0.000000000000000000, 1.000000000000000000 ) ) ;
#6312 = CARTESIAN_POINT ( 'NONE',  ( -9.349391837816238393, 45.20841721513654221, -1.515992524295757482 ) ) ;
#6313 = CARTESIAN_POINT ( 'NONE',  ( -6.866929785711551659, 60.00000000000000000, -1.391897625425150276 ) ) ;
#6314 = ADVANCED_FACE ( 'NONE', ( #149 ), #3232, .T. ) ;
#6315 = CARTESIAN_POINT ( 'NONE',  ( -4.923954922635558340, 60.00000000000000000, -6.928540100183661288 ) ) ;
#6316 = CARTESIAN_POINT ( 'NONE',  ( 2.444878407204529314, 44.96189999830954065, -8.545685093380164687 ) ) ;
#6317 = CARTESIAN_POINT ( 'NONE',  ( 1.344705415410365035, 60.00000000000000000, -6.563340610995238578 ) ) ;
#6318 = ORIENTED_EDGE ( 'NONE', *, *, #3680, .T. ) ;
#6319 = CARTESIAN_POINT ( 'NONE',  ( -3.354156404354697862, 44.80891385920436676, -9.042540684868006551 ) ) ;
#6320 = EDGE_CURVE ( 'NONE', #5761, #4863, #4924, .T. ) ;
#6321 = CARTESIAN_POINT ( 'NONE',  ( 4.576219266434873312, 60.00000000000000000, 5.910888082717917769 ) ) ;
#6322 = EDGE_CURVE ( 'NONE', #4119, #6000, #2889, .T. ) ;
#6323 = B_SPLINE_CURVE_WITH_KNOTS ( 'NONE', 3,
 ( #4014, #314, #7549, #1469, #4657, #2035, #3365, #7624 ),
 .UNSPECIFIED., .F., .F.,
 ( 4, 2, 2, 4 ),
 ( -7.483314828424517663E-06, 0.001314877765573441550, 0.001976058305774375159, 0.002637238845975308985 ),
 .UNSPECIFIED. ) ;
#6324 = CARTESIAN_POINT ( 'NONE',  ( 2.481886928732093711, 45.18304257472792074, 7.689547311047511435 ) ) ;
#6325 = ORIENTED_EDGE ( 'NONE', *, *, #5452, .T. ) ;
#6326 = VERTEX_POINT ( 'NONE', #6858 ) ;
#6327 = ORIENTED_EDGE ( 'NONE', *, *, #3760, .F. ) ;
#6328 = CARTESIAN_POINT ( 'NONE',  ( 3.134104882898777866, 59.19936622830415729, 8.428428893430389479 ) ) ;
#6329 = VERTEX_POINT ( 'NONE', #4961 ) ;
#6330 = CARTESIAN_POINT ( 'NONE',  ( 8.210359310042406378, 45.70000000000001705, -1.499999999999999556 ) ) ;
#6331 = CARTESIAN_POINT ( 'NONE',  ( -6.034457352592074386, 44.55925688362638937, 7.451986730797136360 ) ) ;
#6332 = CARTESIAN_POINT ( 'NONE',  ( 2.751234093350089172, 59.62896311542671413, -7.765277233198062845 ) ) ;
#6333 = CARTESIAN_POINT ( 'NONE',  ( -6.302786990443600246, 44.84586198173934690, -7.916747296732443928 ) ) ;
#6334 = CARTESIAN_POINT ( 'NONE',  ( -2.452429740459109553, 60.28467909234910138, -7.247732912468125122 ) ) ;
#6335 = DIRECTION ( 'NONE',  ( -0.000000000000000000, -1.000000000000000000, -0.000000000000000000 ) ) ;
#6336 = CARTESIAN_POINT ( 'NONE',  ( 3.112559727078505034, 43.49999999999995737, 9.503261121602950112 ) ) ;
#6337 = ORIENTED_EDGE ( 'NONE', *, *, #3005, .F. ) ;
#6338 = ORIENTED_EDGE ( 'NONE', *, *, #7046, .F. ) ;
#6339 = AXIS2_PLACEMENT_3D ( 'NONE', #1229, #3692, #4937 ) ;
#6340 = CARTESIAN_POINT ( 'NONE',  ( 6.312305808640819471, 60.00164933118431065, -2.172204555531449977 ) ) ;
#6341 = CARTESIAN_POINT ( 'NONE',  ( -9.786345413644342628, 43.50000000000000000, 2.056074766355141303 ) ) ;
#6342 = CARTESIAN_POINT ( 'NONE',  ( 1.369260537090781327, 60.00000000000000000, 6.440345368930660008 ) ) ;
#6343 = CARTESIAN_POINT ( 'NONE',  ( -6.691030255867452148, 60.00000000000000000, 1.527283415360053409 ) ) ;
#6344 = CARTESIAN_POINT ( 'NONE',  ( -6.599470210213672416, 59.96335253576400959, 2.033415600131500245 ) ) ;
#6345 = CARTESIAN_POINT ( 'NONE',  ( -5.726434491383816550, 58.50000000000000000, 8.198045377764739072 ) ) ;
#6346 = LINE ( 'NONE', #4573, #2522 ) ;
#6347 = ORIENTED_EDGE ( 'NONE', *, *, #2078, .F. ) ;
#6348 = FACE_OUTER_BOUND ( 'NONE', #5900, .T. ) ;
#6349 = CARTESIAN_POINT ( 'NONE',  ( -7.739994670903527663, 58.50000000000000000, -2.022988505747125743 ) ) ;
#6350 = CARTESIAN_POINT ( 'NONE',  ( -9.684673807097617271, 44.33474125497647833, -1.778882518748706731 ) ) ;
#6351 = CARTESIAN_POINT ( 'NONE',  ( 6.673785686565879338, 43.50000000000000000, 7.447186355247759515 ) ) ;
#6352 = CARTESIAN_POINT ( 'NONE',  ( 1.993262609326500678, 59.28409436251600084, 7.535680941573804859 ) ) ;
#6353 = CARTESIAN_POINT ( 'NONE',  ( 9.265527507918802641, 45.44761534702016093, 1.500000000000000000 ) ) ;
#6354 = CARTESIAN_POINT ( 'NONE',  ( 3.652508483837870301, 43.48438124865895560, -9.326330269083575430 ) ) ;
#6355 = B_SPLINE_CURVE_WITH_KNOTS ( 'NONE', 3,
 ( #4727, #2989, #7782, #6055, #2836, #1782, #4689, #1744, #544, #2913, #7179, #4238 ),
 .UNSPECIFIED., .F., .F.,
 ( 4, 2, 2, 2, 2, 4 ),
 ( 0.000000000000000000, 0.0006060804227970588084, 0.001212160845594117617, 0.001818241268391176209, 0.002121281479789704962, 0.002424321691188233499 ),
 .UNSPECIFIED. ) ;
#6356 = EDGE_CURVE ( 'NONE', #7279, #2193, #3724, .T. ) ;
#6357 = AXIS2_PLACEMENT_3D ( 'NONE', #2231, #5367, #1104 ) ;
#6358 = CARTESIAN_POINT ( 'NONE',  ( -2.022848891453289610, 60.00000000000000711, 6.558243886751545126 ) ) ;
#6359 = CARTESIAN_POINT ( 'NONE',  ( 8.992413080768795197, 59.10333606103244364, 1.500000000000000000 ) ) ;
#6360 = ADVANCED_FACE ( 'NONE', ( #1331 ), #5195, .T. ) ;
#6361 = ORIENTED_EDGE ( 'NONE', *, *, #2288, .T. ) ;
#6362 = CARTESIAN_POINT ( 'NONE',  ( -3.668867164638794698, 44.71979963232639932, -9.310065402316672234 ) ) ;
#6363 = DIRECTION ( 'NONE',  ( -0.5000000000000001110, 0.000000000000000000, 0.8660254037844385966 ) ) ;
#6364 = CARTESIAN_POINT ( 'NONE',  ( -6.384130576959005765, 44.32661192286298757, 7.495828413728798267 ) ) ;
#6365 = AXIS2_PLACEMENT_3D ( 'NONE', #1315, #764, #3216 ) ;
#6366 = ORIENTED_EDGE ( 'NONE', *, *, #3519, .T. ) ;
#6367 = B_SPLINE_CURVE_WITH_KNOTS ( 'NONE', 3,
 ( #3194, #1943, #2468, #1375, #5646, #6741 ),
 .UNSPECIFIED., .F., .F.,
 ( 4, 2, 4 ),
 ( 0.0005598445178872202927, 0.001005070603848018515, 0.001450296689808816845 ),
 .UNSPECIFIED. ) ;
#6368 = ORIENTED_EDGE ( 'NONE', *, *, #4865, .T. ) ;
#6369 = ADVANCED_FACE ( 'NONE', ( #697 ), #6502, .T. ) ;
#6370 = CARTESIAN_POINT ( 'NONE',  ( -9.265527507918802641, 58.50000000000000000, -0.7999999999999991562 ) ) ;
#6371 = CIRCLE ( 'NONE', #4307, 6.500000000000000888 ) ;
#6372 = VERTEX_POINT ( 'NONE', #4748 ) ;
#6373 = CARTESIAN_POINT ( 'NONE',  ( 8.417244204608932634, 45.69089023002054262, -1.499999999999999556 ) ) ;
#6374 = DIRECTION ( 'NONE',  ( 0.000000000000000000, 1.000000000000000000, 0.000000000000000000 ) ) ;
#6375 = CARTESIAN_POINT ( 'NONE',  ( 2.406598770240091056, 59.59082966460670860, -7.168351343488650329 ) ) ;
#6376 = FACE_OUTER_BOUND ( 'NONE', #7282, .T. ) ;
#6377 = CARTESIAN_POINT ( 'NONE',  ( -1.751530714508282571, 59.99777404406903969, -6.033740188545756666 ) ) ;
#6378 = CARTESIAN_POINT ( 'NONE',  ( -2.831702505627047284, 59.29999999999999716, 7.904652611666146633 ) ) ;
#6379 = CARTESIAN_POINT ( 'NONE',  ( 3.361807880920631320, 45.20841721513652089, 8.854807103631561205 ) ) ;
#6380 = ORIENTED_EDGE ( 'NONE', *, *, #6016, .T. ) ;
#6381 = EDGE_LOOP ( 'NONE', ( #5497, #588, #4422, #178 ) ) ;
#6382 = CARTESIAN_POINT ( 'NONE',  ( 7.686398746153648709, 58.89955821941342862, -2.027490788662284604 ) ) ;
#6383 = CARTESIAN_POINT ( 'NONE',  ( -2.762780915732528264, 44.69658421580484031, -8.995131844707312752 ) ) ;
#6384 = CIRCLE ( 'NONE', #2904, 8.000000000000000000 ) ;
#6385 = CARTESIAN_POINT ( 'NONE',  ( 8.866285977150864639, 59.19936622830417861, -1.500000000000000000 ) ) ;
#6386 = CARTESIAN_POINT ( 'NONE',  ( -4.923954922635560116, 60.00000000000000000, -6.928540100183664840 ) ) ;
#6387 = CARTESIAN_POINT ( 'NONE',  ( -3.197532422278339670, 45.57017187878921050, -8.538288614234858187 ) ) ;
#6388 = LINE ( 'NONE', #983, #3590 ) ;
#6389 = DIRECTION ( 'NONE',  ( -1.000000000000000000, 0.000000000000000000, 2.137682487307248399E-16 ) ) ;
#6390 = ORIENTED_EDGE ( 'NONE', *, *, #2326, .T. ) ;
#6391 = EDGE_CURVE ( 'NONE', #4948, #7279, #7708, .T. ) ;
#6392 = EDGE_CURVE ( 'NONE', #306, #4565, #1663, .T. ) ;
#6393 = CARTESIAN_POINT ( 'NONE',  ( -6.654684472160850461, 43.90560972458311539, 7.407778661485200367 ) ) ;
#6394 = CARTESIAN_POINT ( 'NONE',  ( -6.632943301894788313, 43.66696327352184426, -7.483787201422514634 ) ) ;
#6395 = VECTOR ( 'NONE', #1854, 1000.000000000000000 ) ;
#6396 = CARTESIAN_POINT ( 'NONE',  ( -4.960290376086375908, 59.99999999999999289, 5.330688006719672245 ) ) ;
#6397 = CARTESIAN_POINT ( 'NONE',  ( 5.121011257255948301, 59.96664438078637005, -4.579235695967495801 ) ) ;
#6398 = CARTESIAN_POINT ( 'NONE',  ( 2.086410181174458423, 58.90544815734008921, 7.669024679726534011 ) ) ;
#6399 = DIRECTION ( 'NONE',  ( 0.000000000000000000, 0.000000000000000000, 1.000000000000000000 ) ) ;
#6400 = CARTESIAN_POINT ( 'NONE',  ( 3.085610489997334671, 43.88200801012160923, -9.463638477826403772 ) ) ;
#6401 = TOROIDAL_SURFACE ( 'NONE', #6004, 8.500000000000000000, 1.500000000000000000 ) ;
#6402 = CARTESIAN_POINT ( 'NONE',  ( 2.638440768549850102, 60.00000000000000000, -6.812165616410485569 ) ) ;
#6403 = CARTESIAN_POINT ( 'NONE',  ( 9.427090425819239172, 59.60209052066624480, -1.499999999999999778 ) ) ;
#6404 = CARTESIAN_POINT ( 'NONE',  ( -3.694059351447793738, 44.88446914518873143, -9.302764625640540075 ) ) ;
#6405 = DIRECTION ( 'NONE',  ( 0.8660254037844382635, 0.000000000000000000, 0.5000000000000005551 ) ) ;
#6406 = DIRECTION ( 'NONE',  ( 0.000000000000000000, 1.000000000000000000, 0.000000000000000000 ) ) ;
#6407 = AXIS2_PLACEMENT_3D ( 'NONE', #637, #2970, #3623 ) ;
#6408 = ORIENTED_EDGE ( 'NONE', *, *, #3844, .F. ) ;
#6409 = ORIENTED_EDGE ( 'NONE', *, *, #2529, .F. ) ;
#6410 = DIRECTION ( 'NONE',  ( -0.000000000000000000, -1.000000000000000000, -0.000000000000000000 ) ) ;
#6411 = EDGE_LOOP ( 'NONE', ( #6030, #2201, #2036, #6966, #4263 ) ) ;
#6412 = CARTESIAN_POINT ( 'NONE',  ( 9.672214646304070129, 44.30661360962498208, -1.500000000000236033 ) ) ;
#6413 = CARTESIAN_POINT ( 'NONE',  ( -6.302810483472675251, 44.84573993124881497, 7.916787987852438313 ) ) ;
#6414 = CARTESIAN_POINT ( 'NONE',  ( -1.152929848348845265, 60.00000000000000000, -6.396933074902872995 ) ) ;
#6415 = CARTESIAN_POINT ( 'NONE',  ( -7.546366136312348871, 59.59811855919387114, -1.669610299421768307 ) ) ;
#6416 = CARTESIAN_POINT ( 'NONE',  ( -3.112559727078471283, 43.70385227762304226, -9.503261121602905703 ) ) ;
#6417 = CARTESIAN_POINT ( 'NONE',  ( 5.621956772992700024, 58.50000000000000000, 5.691537757285066057 ) ) ;
#6418 = DIRECTION ( 'NONE',  ( 0.000000000000000000, 0.000000000000000000, 1.000000000000000000 ) ) ;
#6419 = ORIENTED_EDGE ( 'NONE', *, *, #1614, .F. ) ;
#6420 = ORIENTED_EDGE ( 'NONE', *, *, #5620, .T. ) ;
#6421 = CARTESIAN_POINT ( 'NONE',  ( -3.333725639264494944, 58.60552633313430704, 8.774182185701144832 ) ) ;
#6422 = CARTESIAN_POINT ( 'NONE',  ( 0.000000000000000000, 45.00000000000000000, 0.000000000000000000 ) ) ;
#6423 = CARTESIAN_POINT ( 'NONE',  ( 2.472604543543337918, 59.51119082470170696, 7.490354809367802957 ) ) ;
#6424 = CARTESIAN_POINT ( 'NONE',  ( 6.162410165267395712, 44.21367720169551063, 7.673607503321798973 ) ) ;
#6425 = CARTESIAN_POINT ( 'NONE',  ( -9.797709937195923757, 43.66827298978137151, -2.001982787427102561 ) ) ;
#6426 = VECTOR ( 'NONE', #5259, 1000.000000000000000 ) ;
#6427 = ADVANCED_FACE ( 'NONE', ( #2856 ), #138, .T. ) ;
#6428 = CARTESIAN_POINT ( 'NONE',  ( -9.708320738636338376, 43.97937284440525474, 2.061846940490538849 ) ) ;
#6429 = CARTESIAN_POINT ( 'NONE',  ( 2.909583996627801650, 45.69089023002054262, -8.039547311048679035 ) ) ;
#6430 = ORIENTED_EDGE ( 'NONE', *, *, #70, .F. ) ;
#6431 = CARTESIAN_POINT ( 'NONE',  ( 2.751234093351525800, 59.62896311542220928, 7.765277233200538198 ) ) ;
#6432 = CARTESIAN_POINT ( 'NONE',  ( 8.261481222607418573, 59.29999999999999716, 1.499999999999999778 ) ) ;
#6433 = CARTESIAN_POINT ( 'NONE',  ( -4.892872430089651559, 60.00000000000000000, 4.405987093983961600 ) ) ;
#6434 = CARTESIAN_POINT ( 'NONE',  ( -5.507660207981126099, 45.69089023002054262, -6.539547311048674594 ) ) ;
#6435 = CARTESIAN_POINT ( 'NONE',  ( -5.325584076986949356, 58.50000000000000000, 7.624182201321207053 ) ) ;
#6436 = DIRECTION ( 'NONE',  ( 0.000000000000000000, 0.000000000000000000, -1.000000000000000000 ) ) ;
#6437 = CARTESIAN_POINT ( 'NONE',  ( -4.236498312829950486, 45.44761534702016093, -9.058260431528173839 ) ) ;
#6438 = CARTESIAN_POINT ( 'NONE',  ( 6.211311660015256031, 44.03396261278087565, 7.838382519317262265 ) ) ;
#6439 = DIRECTION ( 'NONE',  ( -0.000000000000000000, -1.000000000000000000, -0.000000000000000000 ) ) ;
#6440 = DIRECTION ( 'NONE',  ( -0.000000000000000000, 1.000000000000000000, -0.000000000000000000 ) ) ;
#6441 = CARTESIAN_POINT ( 'NONE',  ( -5.029536240196288865, 59.99029920218772816, 7.094329906895545435 ) ) ;
#6442 = CARTESIAN_POINT ( 'NONE',  ( 4.960290376086287090, 60.00000000000000000, 5.330688006719578986 ) ) ;
#6443 = B_SPLINE_CURVE_WITH_KNOTS ( 'NONE', 3,
 ( #5381, #6103, #5986, #6715 ),
 .UNSPECIFIED., .F., .F.,
 ( 4, 4 ),
 ( -5.301803231849134617E-06, 0.0002826437288171531237 ),
 .UNSPECIFIED. ) ;
#6444 = CARTESIAN_POINT ( 'NONE',  ( 2.303366213978028210, 45.09378221735088488, 7.689547311047511435 ) ) ;
#6445 = ORIENTED_EDGE ( 'NONE', *, *, #3107, .F. ) ;
#6446 = ORIENTED_EDGE ( 'NONE', *, *, #6217, .F. ) ;
#6447 = SURFACE_SIDE_STYLE ('',( #4793 ) ) ;
#6448 =( BOUNDED_SURFACE ( )  B_SPLINE_SURFACE ( 3, 2, ( 
 ( #5069, #769, #2012 ),
 ( #252, #3825, #6282 ),
 ( #4508, #175, #7042 ),
 ( #1530, #4548, #6321 ),
 ( #3990, #7519, #804 ),
 ( #2698, #6442, #3262 ),
 ( #5715, #2090, #5148 ),
 ( #7005, #4028, #5226 ),
 ( #333, #7684, #6485 ),
 ( #2775, #3382, #4633 ) ),
 .UNSPECIFIED., .F., .F., .F. ) 
 B_SPLINE_SURFACE_WITH_KNOTS ( ( 4, 2, 2, 2, 4 ),
 ( 3, 3 ),
 ( 0.000000000000000000, 0.0006601270656153743980, 0.001320254131230748796, 0.001980381196846123411, 0.002640508262461497592 ),
 ( 0.000000000000000000, 1.000000000000000000 ),
 .UNSPECIFIED. ) 
 GEOMETRIC_REPRESENTATION_ITEM ( )  RATIONAL_B_SPLINE_SURFACE ( (
 ( 1.000000000000000000, 0.7071067811865475727, 1.000000000000000000),
 ( 1.000000000000000000, 0.7265059775623947669, 1.000000000000000000),
 ( 1.000000000000000000, 0.7502783718685037684, 1.000000000000000000),
 ( 1.000000000000000000, 0.8072559680367412671, 1.000000000000000000),
 ( 1.000000000000000000, 0.8399358369246761047, 1.000000000000000000),
 ( 1.000000000000000000, 0.9071188964750285244, 1.000000000000000000),
 ( 1.000000000000000000, 0.9402799494365453592, 1.000000000000000000),
 ( 1.000000000000000000, 0.9871024881034716758, 1.000000000000000000),
 ( 1.000000000000000000, 1.000343213455295421, 1.000000000000000000),
 ( 1.000000000000000000, 1.000000000000000000, 1.000000000000000000) ) ) 
 REPRESENTATION_ITEM ( '' )  SURFACE ( )  );
#6449 = EDGE_LOOP ( 'NONE', ( #1495, #5372, #7088, #6286 ) ) ;
#6450 = CARTESIAN_POINT ( 'NONE',  ( 8.277040690569997139, 45.55979648596240139, -1.510641641447572070 ) ) ;
#6451 = FACE_OUTER_BOUND ( 'NONE', #5772, .T. ) ;
#6452 = CARTESIAN_POINT ( 'NONE',  ( 2.542861875346335676, 59.24267963121434377, -7.404365964729884730 ) ) ;
#6453 = CARTESIAN_POINT ( 'NONE',  ( 5.429778716980361963, 60.00000000000000000, -6.404652611666151962 ) ) ;
#6454 = CARTESIAN_POINT ( 'NONE',  ( -2.279122636563978510, 59.80135194356070372, -6.947556203209212633 ) ) ;
#6455 = FACE_OUTER_BOUND ( 'NONE', #1729, .T. ) ;
#6456 = DIRECTION ( 'NONE',  ( -0.000000000000000000, -1.000000000000000000, -0.000000000000000000 ) ) ;
#6457 = ORIENTED_EDGE ( 'NONE', *, *, #3222, .F. ) ;
#6458 = ORIENTED_EDGE ( 'NONE', *, *, #3864, .T. ) ;
#6459 = EDGE_CURVE ( 'NONE', #1655, #6593, #1210, .T. ) ;
#6460 = EDGE_CURVE ( 'NONE', #4432, #5293, #5879, .T. ) ;
#6461 = CARTESIAN_POINT ( 'NONE',  ( 8.293935090798306931, 59.22956441742331180, -1.499999999999999556 ) ) ;
#6462 = CARTESIAN_POINT ( 'NONE',  ( -3.536854790422601535, 44.30723243523752330, -9.126012196005460098 ) ) ;
#6463 = CARTESIAN_POINT ( 'NONE',  ( 2.015431155441692823, 60.00000000000000000, 6.582306779026121824 ) ) ;
#6464 = CARTESIAN_POINT ( 'NONE',  ( 6.070811341401991967, 44.48044224980048966, 7.514953686473631045 ) ) ;
#6465 = EDGE_CURVE ( 'NONE', #2704, #3598, #1730, .T. ) ;
#6466 = CARTESIAN_POINT ( 'NONE',  ( 0.000000000000000000, 1.500000000000000000, 0.000000000000000000 ) ) ;
#6467 = CARTESIAN_POINT ( 'NONE',  ( -10.17423035294821076, 44.60262997119176021, 1.500000000000001332 ) ) ;
#6468 = CARTESIAN_POINT ( 'NONE',  ( 4.461315765845033532, 59.29999999999999716, -4.727225575051665629 ) ) ;
#6469 = VERTEX_POINT ( 'NONE', #2368 ) ;
#6470 = EDGE_CURVE ( 'NONE', #7687, #4112, #4259, .T. ) ;
#6471 = EDGE_CURVE ( 'NONE', #6652, #1949, #3790, .T. ) ;
#6472 = CARTESIAN_POINT ( 'NONE',  ( -9.162811683117755734, 44.71503005394552588, -2.105509316227589078 ) ) ;
#6473 = CARTESIAN_POINT ( 'NONE',  ( -6.018565395776453109, 45.11759801855913565, -7.360854553775387998 ) ) ;
#6474 = CARTESIAN_POINT ( 'NONE',  ( -5.429778716980365516, 59.29999999999999716, 6.404652611666148410 ) ) ;
#6475 = CARTESIAN_POINT ( 'NONE',  ( 5.469222818859152291, 59.08601872170844160, -6.472971800179142754 ) ) ;
#6476 = DIRECTION ( 'NONE',  ( 2.664535259100375697E-15, 0.000000000000000000, 1.000000000000000000 ) ) ;
#6477 = CARTESIAN_POINT ( 'NONE',  ( 5.454545633715778941, 59.63125511759704267, -7.765660198968864947 ) ) ;
#6478 = CARTESIAN_POINT ( 'NONE',  ( 7.739994670903529439, 60.00000000000000000, -2.022988505747126631 ) ) ;
#6479 = ORIENTED_EDGE ( 'NONE', *, *, #3333, .T. ) ;
#6480 = CARTESIAN_POINT ( 'NONE',  ( -3.538314276580458717, 60.00000000000000000, -7.728540100183663775 ) ) ;
#6481 = CARTESIAN_POINT ( 'NONE',  ( 9.907692780744859817, 58.50000000000000711, -1.500000000000000000 ) ) ;
#6482 = DIRECTION ( 'NONE',  ( 0.000000000000000000, 0.000000000000000000, 1.000000000000000000 ) ) ;
#6483 = B_SPLINE_CURVE_WITH_KNOTS ( 'NONE', 3,
 ( #5689, #3394, #5732, #4521 ),
 .UNSPECIFIED., .F., .F.,
 ( 4, 4 ),
 ( 0.000000000000000000, 0.0008152306934952736981 ),
 .UNSPECIFIED. ) ;
#6484 = CARTESIAN_POINT ( 'NONE',  ( -5.625404832128174881, 59.25597686298502964, 8.037112296794967747 ) ) ;
#6485 = CARTESIAN_POINT ( 'NONE',  ( 4.892872430089624913, 60.00000000000000000, 4.405987093984044201 ) ) ;
#6486 = DIRECTION ( 'NONE',  ( -0.8660254037844390407, 0.000000000000000000, -0.4999999999999991118 ) ) ;
#6487 = CIRCLE ( 'NONE', #2115, 8.000000000000000000 ) ;
#6488 = EDGE_LOOP ( 'NONE', ( #1139, #6032, #3832, #1653 ) ) ;
#6489 = EDGE_CURVE ( 'NONE', #6890, #2713, #4298, .T. ) ;
#6490 = VERTEX_POINT ( 'NONE', #5429 ) ;
#6491 = LINE ( 'NONE', #7728, #3975 ) ;
#6492 = VERTEX_POINT ( 'NONE', #7879 ) ;
#6493 = CARTESIAN_POINT ( 'NONE',  ( 9.938735395066201406, 44.51410979594333384, 1.110721928302964789 ) ) ;
#6494 = CARTESIAN_POINT ( 'NONE',  ( 1.299038105676659782, 64.86389322930409662, 0.7499999999999993339 ) ) ;
#6495 = CARTESIAN_POINT ( 'NONE',  ( 2.177883035212899721, 59.90411421627853628, -6.772204069931421877 ) ) ;
#6496 = CARTESIAN_POINT ( 'NONE',  ( 5.726434491383812109, 45.44761534702016093, -8.198045377764740849 ) ) ;
#6497 = AXIS2_PLACEMENT_3D ( 'NONE', #7188, #1186, #2997 ) ;
#6498 = CARTESIAN_POINT ( 'NONE',  ( 4.203943751501466153, 45.05370681297947755, -9.073645665256329096 ) ) ;
#6499 = CARTESIAN_POINT ( 'NONE',  ( 0.000000000000000000, 1.500000000000000000, 0.000000000000000000 ) ) ;
#6500 = CARTESIAN_POINT ( 'NONE',  ( 7.739994670903529439, 58.60379722026193861, 2.022988505747126187 ) ) ;
#6501 = VERTEX_POINT ( 'NONE', #4826 ) ;
#6502 =( BOUNDED_SURFACE ( )  B_SPLINE_SURFACE ( 3, 2, ( 
 ( #1529, #2773, #5831 ),
 ( #6526, #370, #5348 ),
 ( #923, #7759, #962 ),
 ( #4142, #7724, #2896 ),
 ( #6569, #2214, #4670 ),
 ( #3503, #2253, #4027 ),
 ( #4710, #1649, #7162 ),
 ( #332, #5309, #1048 ),
 ( #5955, #5225, #1689 ),
 ( #7683, #5874, #2817 ),
 ( #3989, #4068, #4106 ),
 ( #447, #7804, #2296 ) ),
 .UNSPECIFIED., .F., .F., .F. ) 
 B_SPLINE_SURFACE_WITH_KNOTS ( ( 4, 2, 2, 2, 2, 4 ),
 ( 3, 3 ),
 ( 0.000000000000000000, 0.0003130780027722934082, 0.0004696170041584401124, 0.0006261560055445868165, 0.0009392340083168802247, 0.001252312011089173633 ),
 ( 0.000000000000000000, 1.000000000000000000 ),
 .UNSPECIFIED. ) 
 GEOMETRIC_REPRESENTATION_ITEM ( )  RATIONAL_B_SPLINE_SURFACE ( (
 ( 1.000000000000000000, 0.7071067811865475727, 1.000000000000000000),
 ( 1.000000000000000000, 0.7114525854346986922, 1.000000000000000000),
 ( 1.000000000000000000, 0.7155841935930690179, 1.000000000000000000),
 ( 1.000000000000000000, 0.7211136383400770233, 1.000000000000000000),
 ( 1.000000000000000000, 0.7228253759579519322, 1.000000000000000000),
 ( 1.000000000000000000, 0.7260124768012752305, 1.000000000000000000),
 ( 1.000000000000000000, 0.7274944237442183548, 1.000000000000000000),
 ( 1.000000000000000000, 0.7314273696355528820, 1.000000000000000000),
 ( 1.000000000000000000, 0.7334714490888156746, 1.000000000000000000),
 ( 1.000000000000000000, 0.7361867872712628547, 1.000000000000000000),
 ( 1.000000000000000000, 0.7368962947193630209, 1.000000000000000000),
 ( 1.000000000000000000, 0.7368926330804047575, 1.000000000000000000) ) ) 
 REPRESENTATION_ITEM ( '' )  SURFACE ( )  );
#6503 = ORIENTED_EDGE ( 'NONE', *, *, #3881, .T. ) ;
#6504 = CARTESIAN_POINT ( 'NONE',  ( 9.846871614243656978, 43.74710561168242151, -1.749108986586397796 ) ) ;
#6505 = CARTESIAN_POINT ( 'NONE',  ( 5.751032792931648707, 45.00000000000000000, 5.561080993352353730 ) ) ;
#6506 = CARTESIAN_POINT ( 'NONE',  ( 8.671988755109989455, 59.27933203474312052, -1.500000000000000000 ) ) ;
#6507 = CARTESIAN_POINT ( 'NONE',  ( -5.565819297030592416, 59.42314520554078427, -7.942289154900174175 ) ) ;
#6508 = CARTESIAN_POINT ( 'NONE',  ( -2.909583996627139069, 45.69089023002221239, -8.039547311047510192 ) ) ;
#6509 = LINE ( 'NONE', #1513, #7186 ) ;
#6510 = DIRECTION ( 'NONE',  ( 0.8660254037844391517, 0.000000000000000000, 0.4999999999999991118 ) ) ;
#6511 = ORIENTED_EDGE ( 'NONE', *, *, #4108, .F. ) ;
#6512 = EDGE_CURVE ( 'NONE', #2920, #860, #7273, .T. ) ;
#6513 = CARTESIAN_POINT ( 'NONE',  ( 1.143435191615046920, 59.99993818310226601, 6.384802962209958466 ) ) ;
#6514 = CARTESIAN_POINT ( 'NONE',  ( -5.219108001875568448, 59.59811855919387824, 5.700539630594238183 ) ) ;
#6515 = B_SPLINE_CURVE_WITH_KNOTS ( 'NONE', 3,
 ( #3805, #6260, #2475, #35, #744, #156, #4932, #1872, #2598, #4324, #6787, #5049 ),
 .UNSPECIFIED., .F., .F.,
 ( 4, 2, 2, 2, 2, 4 ),
 ( 0.000000000000000000, 0.0005957801389501290361, 0.001191560277900258072, 0.001787340416850387217, 0.002085230486325453849, 0.002383120555800520481 ),
 .UNSPECIFIED. ) ;
#6516 = CARTESIAN_POINT ( 'NONE',  ( 5.213014594224670617, 59.98331490994839044, -6.029206137795199538 ) ) ;
#6517 = VECTOR ( 'NONE', #1338, 1000.000000000000000 ) ;
#6518 = DIRECTION ( 'NONE',  ( 0.000000000000000000, 0.000000000000000000, 1.000000000000000000 ) ) ;
#6519 = CARTESIAN_POINT ( 'NONE',  ( 5.625156776758455379, 59.25683569236020531, -8.036717472180979982 ) ) ;
#6520 = ADVANCED_FACE ( 'NONE', ( #6112 ), #7921, .F. ) ;
#6521 = CARTESIAN_POINT ( 'NONE',  ( 9.209281583769941548, 45.48070216549685796, 1.499999999999999556 ) ) ;
#6522 = ORIENTED_EDGE ( 'NONE', *, *, #6846, .F. ) ;
#6523 = AXIS2_PLACEMENT_3D ( 'NONE', #7452, #2466, #1941 ) ;
#6524 = CARTESIAN_POINT ( 'NONE',  ( 5.931281103983823577, 44.51410979594338357, 8.051836369467476828 ) ) ;
#6525 = CARTESIAN_POINT ( 'NONE',  ( 8.462269199216009952, 60.00000000000000000, -1.500000000000000000 ) ) ;
#6526 = CARTESIAN_POINT ( 'NONE',  ( -8.658087521192587843, 60.00000000000000000, 0.8085980120588989184 ) ) ;
#6527 = CARTESIAN_POINT ( 'NONE',  ( -2.444878407204292170, 44.96189999830964723, 8.545685093379953301 ) ) ;
#6528 = ORIENTED_EDGE ( 'NONE', *, *, #3255, .F. ) ;
#6529 = ORIENTED_EDGE ( 'NONE', *, *, #484, .T. ) ;
#6530 = CARTESIAN_POINT ( 'NONE',  ( -8.671988750648520039, 59.27933202669344581, -1.499999999999999112 ) ) ;
#6531 = ORIENTED_EDGE ( 'NONE', *, *, #5768, .F. ) ;
#6532 = CARTESIAN_POINT ( 'NONE',  ( 4.217817679307162670, 58.89515726333496559, 9.022997231211711266 ) ) ;
#6533 = CARTESIAN_POINT ( 'NONE',  ( -2.564464414728116815, 59.99999999999999289, -7.362662511468039739 ) ) ;
#6534 = CARTESIAN_POINT ( 'NONE',  ( 6.673785686565897102, 43.49999999999995737, -7.447186355247822576 ) ) ;
#6535 = EDGE_CURVE ( 'NONE', #4863, #6246, #6763, .T. ) ;
#6536 = VECTOR ( 'NONE', #909, 1000.000000000000114 ) ;
#6537 = CARTESIAN_POINT ( 'NONE',  ( -2.199923766695442762, 45.00000000000000000, -8.210379736694797259 ) ) ;
#6538 = CYLINDRICAL_SURFACE ( 'NONE', #5724, 0.6999999999999999556 ) ;
#6539 = DIRECTION ( 'NONE',  ( 0.4999999999999990563, 0.000000000000000000, -0.8660254037844392627 ) ) ;
#6540 = ORIENTED_EDGE ( 'NONE', *, *, #2878, .F. ) ;
#6541 = ADVANCED_FACE ( 'NONE', ( #6958 ), #4945, .T. ) ;
#6542 = EDGE_LOOP ( 'NONE', ( #2899, #1033, #1274, #6632 ) ) ;
#6543 = DIRECTION ( 'NONE',  ( -0.000000000000000000, -1.000000000000000000, -0.000000000000000000 ) ) ;
#6544 = CARTESIAN_POINT ( 'NONE',  ( -2.633078879044884690, 58.72161683363066231, 7.560626398842082985 ) ) ;
#6545 = DIRECTION ( 'NONE',  ( 0.000000000000000000, 0.000000000000000000, 1.000000000000000000 ) ) ;
#6546 = DIRECTION ( 'NONE',  ( 0.000000000000000000, 1.000000000000000000, 0.000000000000000000 ) ) ;
#6547 = CARTESIAN_POINT ( 'NONE',  ( 9.265527507918802641, 58.50000000000000000, -1.500000000000000000 ) ) ;
#6548 = B_SPLINE_CURVE_WITH_KNOTS ( 'NONE', 3,
 ( #671, #6909, #3732, #1996, #4288, #5700, #631, #3206, #4456, #6831, #3122, #1389 ),
 .UNSPECIFIED., .F., .F.,
 ( 4, 2, 2, 2, 2, 4 ),
 ( 0.000000000000000000, 0.0006060804227970583748, 0.001212160845594116750, 0.001818241268391175124, 0.002121281479789704529, 0.002424321691188233499 ),
 .UNSPECIFIED. ) ;
#6549 = CARTESIAN_POINT ( 'NONE',  ( 2.932096493931341641, 59.29999999999999716, -8.078540100183667860 ) ) ;
#6550 = CARTESIAN_POINT ( 'NONE',  ( -8.277040690568700398, 45.55979648596110820, -1.510641641447971306 ) ) ;
#6551 =( BOUNDED_SURFACE ( )  B_SPLINE_SURFACE ( 3, 2, ( 
 ( #5988, #3498, #1757 ),
 ( #2447, #4214, #4743 ),
 ( #3618, #1682, #6067 ),
 ( #557, #3003, #5465 ),
 ( #594, #5949, #3044 ),
 ( #4138, #7153, #3166 ),
 ( #123, #4458, #4332 ),
 ( #3855, #162, #6833 ),
 ( #199, #1230, #2521 ),
 ( #3208, #4900, #7349 ),
 ( #6911, #3771, #1837 ),
 ( #1391, #6185, #7506 ) ),
 .UNSPECIFIED., .F., .F., .F. ) 
 B_SPLINE_SURFACE_WITH_KNOTS ( ( 4, 2, 2, 2, 2, 4 ),
 ( 3, 3 ),
 ( 0.000000000000000000, 0.0003130780027722930830, 0.0004696170041584396245, 0.0006261560055445861660, 0.0009392340083168792490, 0.001252312011089172332 ),
 ( 0.000000000000000000, 1.000000000000000000 ),
 .UNSPECIFIED. ) 
 GEOMETRIC_REPRESENTATION_ITEM ( )  RATIONAL_B_SPLINE_SURFACE ( (
 ( 1.000000000000000000, 0.7071067811865473507, 1.000000000000000000),
 ( 1.000000000000000000, 0.7114525854347025779, 1.000000000000000000),
 ( 1.000000000000000000, 0.7155841935930633557, 1.000000000000000000),
 ( 1.000000000000000000, 0.7211136383400800209, 1.000000000000000000),
 ( 1.000000000000000000, 0.7228253759579482685, 1.000000000000000000),
 ( 1.000000000000000000, 0.7260124768012773400, 1.000000000000000000),
 ( 1.000000000000000000, 0.7274944237442819706, 1.000000000000000000),
 ( 1.000000000000000000, 0.7314273696354249843, 1.000000000000000000),
 ( 1.000000000000000000, 0.7334714490888268879, 1.000000000000000000),
 ( 1.000000000000000000, 0.7361867872712507532, 1.000000000000000000),
 ( 1.000000000000000000, 0.7368962947193722357, 1.000000000000000000),
 ( 1.000000000000000000, 0.7368926330804047575, 1.000000000000000000) ) ) 
 REPRESENTATION_ITEM ( '' )  SURFACE ( )  );
#6552 = ORIENTED_EDGE ( 'NONE', *, *, #5532, .T. ) ;
#6553 = CIRCLE ( 'NONE', #7699, 0.6999999999999992895 ) ;
#6554 = CARTESIAN_POINT ( 'NONE',  ( -6.579327294095883794, 44.27033229744418463, 7.250838225880235299 ) ) ;
#6555 = CARTESIAN_POINT ( 'NONE',  ( -7.684775285480225371, 58.90544815734007500, -2.027628120251692145 ) ) ;
#6556 = CARTESIAN_POINT ( 'NONE',  ( 3.323024345389532286, 58.71105033875263501, 8.755647001002980545 ) ) ;
#6557 = CARTESIAN_POINT ( 'NONE',  ( 5.140938086700430176, 59.24267963121045000, -5.904365964731203675 ) ) ;
#6558 = AXIS2_PLACEMENT_3D ( 'NONE', #4827, #1238, #3012 ) ;
#6559 = CARTESIAN_POINT ( 'NONE',  ( 7.739994670903529439, 45.02275046629593902, 2.022988505747126631 ) ) ;
#6560 = CARTESIAN_POINT ( 'NONE',  ( 5.582607807707948844, 59.29999997292472358, -6.669360361680886307 ) ) ;
#6561 = AXIS2_PLACEMENT_3D ( 'NONE', #5770, #5845, #783 ) ;
#6562 = ORIENTED_EDGE ( 'NONE', *, *, #177, .F. ) ;
#6563 = CARTESIAN_POINT ( 'NONE',  ( 9.220156855695954334, 44.76386405928007406, 1.500000000000347056 ) ) ;
#6564 = ORIENTED_EDGE ( 'NONE', *, *, #6489, .F. ) ;
#6565 = CARTESIAN_POINT ( 'NONE',  ( 6.088693522029061000, 44.94768297982631111, 7.397589238707587000 ) ) ;
#6566 = CARTESIAN_POINT ( 'NONE',  ( 9.163680012902336358, 58.90364570241938935, -1.500000000000000000 ) ) ;
#6567 = ADVANCED_FACE ( 'NONE', ( #2042 ), #3466, .T. ) ;
#6568 = DIRECTION ( 'NONE',  ( 0.000000000000000000, -1.000000000000000000, 0.000000000000000000 ) ) ;
#6569 = CARTESIAN_POINT ( 'NONE',  ( -9.212233130914118107, 59.80290436043453184, 0.8314635783663744117 ) ) ;
#6570 = CARTESIAN_POINT ( 'NONE',  ( -5.621956773927034412, 58.60212650681980762, -5.691537756362154532 ) ) ;
#6571 = ORIENTED_EDGE ( 'NONE', *, *, #6121, .F. ) ;
#6572 = ORIENTED_EDGE ( 'NONE', *, *, #2877, .T. ) ;
#6573 = EDGE_CURVE ( 'NONE', #6501, #4506, #7771, .T. ) ;
#6574 = FILL_AREA_STYLE ('',( #7208 ) ) ;
#6575 = EDGE_LOOP ( 'NONE', ( #7099, #7227, #6327, #5343, #568 ) ) ;
#6576 = CARTESIAN_POINT ( 'NONE',  ( 9.962932804213767923, 45.44761534702016093, 0.8602150537634410954 ) ) ;
#6577 = EDGE_CURVE ( 'NONE', #2228, #4254, #234, .T. ) ;
#6578 = CARTESIAN_POINT ( 'NONE',  ( 1.967466152111461586, 60.01848078357098615, -6.407751337628758925 ) ) ;
#6579 = B_SPLINE_CURVE_WITH_KNOTS ( 'NONE', 3,
 ( #1310, #6796, #3290, #675 ),
 .UNSPECIFIED., .F., .F.,
 ( 4, 4 ),
 ( -5.301803231838981233E-06, 0.0002826437288171603879 ),
 .UNSPECIFIED. ) ;
#6580 = CARTESIAN_POINT ( 'NONE',  ( 0.000000000000000000, 0.8000000000000000444, 0.000000000000000000 ) ) ;
#6581 = CARTESIAN_POINT ( 'NONE',  ( -7.889785824025436156, 59.43424132382838820, 1.550211850114785905 ) ) ;
#6582 = DIRECTION ( 'NONE',  ( -1.000000000000000000, 0.000000000000000000, 0.000000000000000000 ) ) ;
#6583 = ORIENTED_EDGE ( 'NONE', *, *, #4654, .T. ) ;
#6584 = VECTOR ( 'NONE', #7675, 1000.000000000000000 ) ;
#6585 = ORIENTED_EDGE ( 'NONE', *, *, #3813, .F. ) ;
#6586 = CARTESIAN_POINT ( 'NONE',  ( 9.892668111297284739, 44.02513061313003817, -1.468121409855682957 ) ) ;
#6587 = CARTESIAN_POINT ( 'NONE',  ( -2.199923766695443650, 45.00000000000000711, -8.210379736694800812 ) ) ;
#6588 = DIRECTION ( 'NONE',  ( -1.000000000000000000, -0.000000000000000000, 0.000000000000000000 ) ) ;
#6589 = DIRECTION ( 'NONE',  ( 0.000000000000000000, 0.000000000000000000, -1.000000000000000000 ) ) ;
#6590 = CARTESIAN_POINT ( 'NONE',  ( -3.846389827712751508, 59.84838327266260194, 8.318215756667203920 ) ) ;
#6591 = FACE_OUTER_BOUND ( 'NONE', #7176, .T. ) ;
#6592 = CARTESIAN_POINT ( 'NONE',  ( 5.219112172906130276, 59.59810576462999876, 5.700566757498436665 ) ) ;
#6593 = VERTEX_POINT ( 'NONE', #88 ) ;
#6594 = CARTESIAN_POINT ( 'NONE',  ( 7.993230429499639023, 60.00000000000000000, -1.441892303857649438 ) ) ;
#6595 = CARTESIAN_POINT ( 'NONE',  ( 6.134931001776040560, 44.30723243523702592, -7.626012196005464538 ) ) ;
#6596 = LINE ( 'NONE', #2322, #1005 ) ;
#6597 = CARTESIAN_POINT ( 'NONE',  ( 8.462269199216009952, 60.00000000000000000, 1.500000000000000000 ) ) ;
#6598 =( BOUNDED_SURFACE ( )  B_SPLINE_SURFACE ( 3, 2, ( 
 ( #1705, #4237, #7861 ),
 ( #7781, #5409, #4846 ),
 ( #4156, #6544, #2314 ),
 ( #4806, #7253, #7298 ),
 ( #2912, #5366, #1781 ),
 ( #7900, #7178, #6700 ),
 ( #3484, #578, #3030 ),
 ( #1743, #463, #3523 ),
 ( #6663, #1103, #7822 ),
 ( #7944, #2429, #5970 ),
 ( #6624, #4084, #5934 ),
 ( #1141, #426, #2873 ),
 ( #5325, #2270, #3601 ),
 ( #4726, #543, #1669 ) ),
 .UNSPECIFIED., .F., .F., .F. ) 
 B_SPLINE_SURFACE_WITH_KNOTS ( ( 4, 2, 2, 2, 2, 2, 4 ),
 ( 3, 3 ),
 ( 0.000000000000000000, 0.0004429394651903915199, 0.0008858789303807830398, 0.001328818395571174614, 0.001771757860761566080, 0.002657636791142349228, 0.003543515721523132159 ),
 ( 0.000000000000000000, 1.000000000000000000 ),
 .UNSPECIFIED. ) 
 GEOMETRIC_REPRESENTATION_ITEM ( )  RATIONAL_B_SPLINE_SURFACE ( (
 ( 1.000000000000000000, 0.7914775938769179620, 1.000000000000000000),
 ( 1.000000000000000000, 0.7914751215769351145, 1.000000000000000000),
 ( 1.000000000000000000, 0.7910692898050065702, 1.000000000000000000),
 ( 1.000000000000000000, 0.7894438079031641520, 1.000000000000000000),
 ( 1.000000000000000000, 0.7882037160860728697, 1.000000000000000000),
 ( 1.000000000000000000, 0.7849047533172333058, 1.000000000000000000),
 ( 1.000000000000000000, 0.7828546967482251651, 1.000000000000000000),
 ( 1.000000000000000000, 0.7778217196377642528, 1.000000000000000000),
 ( 1.000000000000000000, 0.7748435908278674678, 1.000000000000000000),
 ( 1.000000000000000000, 0.7646248375017756782, 1.000000000000000000),
 ( 1.000000000000000000, 0.7558737235606494131, 1.000000000000000000),
 ( 1.000000000000000000, 0.7342902559672968010, 1.000000000000000000),
 ( 1.000000000000000000, 0.7211950083353489971, 1.000000000000000000),
 ( 1.000000000000000000, 0.7060162090476745922, 1.000000000000000000) ) ) 
 REPRESENTATION_ITEM ( '' )  SURFACE ( )  );
#6599 = CARTESIAN_POINT ( 'NONE',  ( 6.601498854230404945, 44.18130082873837239, -7.297090811973235169 ) ) ;
#6600 = CARTESIAN_POINT ( 'NONE',  ( 5.507660207980445755, 45.00000000000000000, -6.539547311047515521 ) ) ;
#6601 = ORIENTED_EDGE ( 'NONE', *, *, #1437, .T. ) ;
#6602 = ORIENTED_EDGE ( 'NONE', *, *, #6802, .T. ) ;
#6603 = CARTESIAN_POINT ( 'NONE',  ( 6.673785686565878450, 43.50000000000000000, 7.447186355247759515 ) ) ;
#6604 = CARTESIAN_POINT ( 'NONE',  ( 7.546366136312305350, 59.59811855919390666, 1.669610299421786070 ) ) ;
#6605 = CARTESIAN_POINT ( 'NONE',  ( -3.112559727078479721, 43.49999999999995737, -9.503261121602898598 ) ) ;
#6606 = CARTESIAN_POINT ( 'NONE',  ( -8.417244204608932634, 45.69089023002054262, 1.500000000000000888 ) ) ;
#6607 = CARTESIAN_POINT ( 'NONE',  ( 9.624131607322402360, 44.50456574272931221, -1.718291369542126246 ) ) ;
#6608 = ADVANCED_FACE ( 'NONE', ( #2526 ), #7511, .T. ) ;
#6609 = EDGE_CURVE ( 'NONE', #1201, #5109, #3095, .T. ) ;
#6610 = ORIENTED_EDGE ( 'NONE', *, *, #2383, .T. ) ;
#6611 = ORIENTED_EDGE ( 'NONE', *, *, #7784, .T. ) ;
#6612 = VERTEX_POINT ( 'NONE', #6274 ) ;
#6613 = CARTESIAN_POINT ( 'NONE',  ( 9.684673807097356146, 44.33474125497711071, 1.778882518748670316 ) ) ;
#6614 = CARTESIAN_POINT ( 'NONE',  ( 5.530172705284665646, 59.29999999999999716, 6.578540100183663419 ) ) ;
#6615 = B_SPLINE_CURVE_WITH_KNOTS ( 'NONE', 3,
 ( #5443, #6500, #3517, #3437, #5889, #1059, #421, #383, #7857, #2831, #5281, #5966 ),
 .UNSPECIFIED., .F., .F.,
 ( 4, 2, 2, 2, 2, 4 ),
 ( 0.000000000000000000, 0.0003066895098636516961, 0.0006133790197273033921, 0.001226758039454606784, 0.001840137059181910176, 0.002453516078909213569 ),
 .UNSPECIFIED. ) ;
#6616 = CARTESIAN_POINT ( 'NONE',  ( 1.405225474359132587, 59.96606045144800134, -6.724589978644037735 ) ) ;
#6617 = CARTESIAN_POINT ( 'NONE',  ( -6.496088077496757762, 59.97820956075925380, 2.069133926114906874 ) ) ;
#6618 = DIRECTION ( 'NONE',  ( 0.000000000000000000, 0.000000000000000000, 1.000000000000000000 ) ) ;
#6619 = ORIENTED_EDGE ( 'NONE', *, *, #5876, .T. ) ;
#6620 = ADVANCED_FACE ( 'NONE', ( #7795 ), #5176, .F. ) ;
#6621 = ADVANCED_FACE ( 'NONE', ( #2885 ), #4662, .T. ) ;
#6622 = VERTEX_POINT ( 'NONE', #1559 ) ;
#6623 = CARTESIAN_POINT ( 'NONE',  ( -5.584135600478961514, 59.00457541846049025, -5.611099127118193586 ) ) ;
#6624 = CARTESIAN_POINT ( 'NONE',  ( -2.322778212040152557, 60.44316502280670989, 7.023169877967545105 ) ) ;
#6625 = AXIS2_PLACEMENT_3D ( 'NONE', #5295, #3289, #2039 ) ;
#6626 = CARTESIAN_POINT ( 'NONE',  ( -3.538314276580458717, 59.29999999999999716, -7.728540100183663775 ) ) ;
#6627 = CARTESIAN_POINT ( 'NONE',  ( -4.823560934331261763, 60.00000000000000000, -6.754652611666144502 ) ) ;
#6628 = DIRECTION ( 'NONE',  ( 1.000000000000000000, -0.000000000000000000, 2.137682487307248399E-16 ) ) ;
#6629 = AXIS2_PLACEMENT_3D ( 'NONE', #6948, #6262, #3730 ) ;
#6630 = CARTESIAN_POINT ( 'NONE',  ( 3.197168434707733820, 59.10333606103245074, -8.537658169269269237 ) ) ;
#6631 = DIRECTION ( 'NONE',  ( 0.000000000000000000, 0.000000000000000000, -1.000000000000000000 ) ) ;
#6632 = ORIENTED_EDGE ( 'NONE', *, *, #7286, .F. ) ;
#6633 = AXIS2_PLACEMENT_3D ( 'NONE', #3132, #96, #5066 ) ;
#6634 = CARTESIAN_POINT ( 'NONE',  ( 1.905255888325766422, 45.69999999999999574, 1.100000000000000533 ) ) ;
#6635 = DIRECTION ( 'NONE',  ( 0.000000000000000000, 0.000000000000000000, 1.000000000000000000 ) ) ;
#6636 = CARTESIAN_POINT ( 'NONE',  ( -5.507660205155639588, 58.64978554326530258, 6.539547306154800843 ) ) ;
#6637 = CARTESIAN_POINT ( 'NONE',  ( 8.210359310042406378, 45.49311510543481774, 1.531270876661743108 ) ) ;
#6638 = DIRECTION ( 'NONE',  ( 0.4999999999999997780, -0.000000000000000000, -0.8660254037844387076 ) ) ;
#6639 = ADVANCED_FACE ( 'NONE', ( #4702 ), #6187, .F. ) ;
#6640 = ORIENTED_EDGE ( 'NONE', *, *, #1392, .T. ) ;
#6641 = ORIENTED_EDGE ( 'NONE', *, *, #519, .F. ) ;
#6642 = EDGE_CURVE ( 'NONE', #3287, #3426, #916, .T. ) ;
#6643 = CARTESIAN_POINT ( 'NONE',  ( -7.708636127189048004, 45.00000000000000000, 2.140277469132570332 ) ) ;
#6644 = CARTESIAN_POINT ( 'NONE',  ( -9.903095326289063749, 43.48458843367428983, -1.500000000000000222 ) ) ;
#6645 = CARTESIAN_POINT ( 'NONE',  ( -5.751032792931644266, 45.00000000000000000, 5.561080993352358171 ) ) ;
#6646 = CARTESIAN_POINT ( 'NONE',  ( 7.096656421511718271, 60.00000000000000000, 1.630393472478515626 ) ) ;
#6647 = AXIS2_PLACEMENT_3D ( 'NONE', #5454, #4771, #3489 ) ;
#6648 = DIRECTION ( 'NONE',  ( 0.000000000000000000, 0.000000000000000000, -1.000000000000000000 ) ) ;
#6649 = ORIENTED_EDGE ( 'NONE', *, *, #4619, .T. ) ;
#6650 = ORIENTED_EDGE ( 'NONE', *, *, #180, .T. ) ;
#6651 = CARTESIAN_POINT ( 'NONE',  ( 7.739994670903527663, 58.50000000000000000, 2.022988505747126187 ) ) ;
#6652 = VERTEX_POINT ( 'NONE', #5823 ) ;
#6653 = CARTESIAN_POINT ( 'NONE',  ( 9.878104164316107827, 44.38237976976084553, 1.576666638435579193 ) ) ;
#6654 = CARTESIAN_POINT ( 'NONE',  ( 5.530172705284665646, 60.00000000000000000, 6.578540100183662531 ) ) ;
#6655 = AXIS2_PLACEMENT_3D ( 'NONE', #4507, #6884, #6967 ) ;
#6656 = CARTESIAN_POINT ( 'NONE',  ( 2.118037897910825862, 58.60379722026193150, -7.714526263032197129 ) ) ;
#6657 = DIRECTION ( 'NONE',  ( 0.000000000000000000, 0.000000000000000000, 1.000000000000000000 ) ) ;
#6658 = CARTESIAN_POINT ( 'NONE',  ( -1.299038105676656896, 64.86389322930409662, -0.7499999999999990008 ) ) ;
#6659 = VERTEX_POINT ( 'NONE', #5258 ) ;
#6660 = VECTOR ( 'NONE', #4918, 1000.000000000000000 ) ;
#6661 = ORIENTED_EDGE ( 'NONE', *, *, #2037, .T. ) ;
#6662 = CARTESIAN_POINT ( 'NONE',  ( -9.213117323876891973, 59.80239937500295611, 0.8314989845974781746 ) ) ;
#6663 = CARTESIAN_POINT ( 'NONE',  ( -2.614938382869024469, 59.98331490995298054, 7.529206137791155662 ) ) ;
#6664 = CARTESIAN_POINT ( 'NONE',  ( 4.236498312829946045, 45.44761534702016093, 9.058260431528175616 ) ) ;
#6665 = DIRECTION ( 'NONE',  ( 0.000000000000000000, 1.000000000000000000, 0.000000000000000000 ) ) ;
#6666 = DIRECTION ( 'NONE',  ( 0.000000000000000000, 0.000000000000000000, -1.000000000000000000 ) ) ;
#6667 = AXIS2_PLACEMENT_3D ( 'NONE', #6466, #2152, #4529 ) ;
#6668 = DIRECTION ( 'NONE',  ( -0.4999999999999991118, -0.000000000000000000, 0.8660254037844391517 ) ) ;
#6669 = ORIENTED_EDGE ( 'NONE', *, *, #992, .F. ) ;
#6670 = EDGE_CURVE ( 'NONE', #7448, #5125, #335, .T. ) ;
#6671 = DIRECTION ( 'NONE',  ( 0.000000000000000000, 1.000000000000000000, 0.000000000000000000 ) ) ;
#6672 = CARTESIAN_POINT ( 'NONE',  ( 6.534681998190504437, 43.47906265129231684, -8.318401232171687809 ) ) ;
#6673 = CARTESIAN_POINT ( 'NONE',  ( 9.923053660159576239, 58.89515726333497270, -0.8587613567947236515 ) ) ;
#6674 = DIRECTION ( 'NONE',  ( 0.000000000000000000, 0.000000000000000000, -1.000000000000000000 ) ) ;
#6675 = COLOUR_RGB ( '',0.7921568627450980005, 0.8196078431372548767, 0.9333333333333333481 ) ;
#6676 = CARTESIAN_POINT ( 'NONE',  ( 4.977224572034034900, 60.00000000000000711, 7.012111197526492923 ) ) ;
#6677 = EDGE_LOOP ( 'NONE', ( #7350, #294, #3471, #3559, #1778 ) ) ;
#6678 = AXIS2_PLACEMENT_3D ( 'NONE', #3342, #6406, #7006 ) ;
#6679 = ORIENTED_EDGE ( 'NONE', *, *, #4788, .F. ) ;
#6680 = CARTESIAN_POINT ( 'NONE',  ( -9.252553101943780334, 44.63350581217319757, -2.098034922043839678 ) ) ;
#6681 = CARTESIAN_POINT ( 'NONE',  ( -9.265527507918802641, 45.44761534702016093, -1.499999999999998668 ) ) ;
#6682 = CARTESIAN_POINT ( 'NONE',  ( 5.598365104305760731, 58.90544815734007500, -5.641396559474844530 ) ) ;
#6683 = CIRCLE ( 'NONE', #7440, 8.000000000000000000 ) ;
#6684 = CARTESIAN_POINT ( 'NONE',  ( 5.499837474607018883, 58.79691270050473406, 6.525997939390657976 ) ) ;
#6685 = CARTESIAN_POINT ( 'NONE',  ( 0.000000000000000000, 43.50000000000000000, 0.000000000000000000 ) ) ;
#6686 = ORIENTED_EDGE ( 'NONE', *, *, #4365, .F. ) ;
#6687 = VERTEX_POINT ( 'NONE', #7835 ) ;
#6688 = CARTESIAN_POINT ( 'NONE',  ( 5.726434491383821879, 45.00000000000000000, 8.198045377764733743 ) ) ;
#6689 = ORIENTED_EDGE ( 'NONE', *, *, #4619, .F. ) ;
#6690 = CARTESIAN_POINT ( 'NONE',  ( -8.417244204607584379, 60.00000000000000000, -2.199999999999999289 ) ) ;
#6691 = FACE_OUTER_BOUND ( 'NONE', #3004, .T. ) ;
#6692 = DIRECTION ( 'NONE',  ( -0.000000000000000000, -1.000000000000000000, -0.000000000000000000 ) ) ;
#6693 = CARTESIAN_POINT ( 'NONE',  ( 9.786463717453981914, 43.83697044614596194, -1.947420696843492616 ) ) ;
#6694 = CARTESIAN_POINT ( 'NONE',  ( -6.673785686565880226, 43.50000000000000000, -7.447186355247759515 ) ) ;
#6695 = VERTEX_POINT ( 'NONE', #5380 ) ;
#6696 = EDGE_LOOP ( 'NONE', ( #5162, #6020, #4354, #818 ) ) ;
#6697 = CARTESIAN_POINT ( 'NONE',  ( -3.362153446468710172, 44.94768297982696481, 8.971757885288507595 ) ) ;
#6698 = ADVANCED_FACE ( 'NONE', ( #2323 ), #1075, .T. ) ;
#6699 = DIRECTION ( 'NONE',  ( 0.8660254037844374864, 0.000000000000000000, -0.5000000000000019984 ) ) ;
#6700 = CARTESIAN_POINT ( 'NONE',  ( -2.020584072651129937, 59.18232658162758497, 7.574750571426573487 ) ) ;
#6701 = CARTESIAN_POINT ( 'NONE',  ( 5.960040907018711032, 45.27938188480974446, -7.323093666145315872 ) ) ;
#6702 = CARTESIAN_POINT ( 'NONE',  ( 5.698488939053619973, 45.64411999716082136, 6.870072368810131280 ) ) ;
#6703 = DIRECTION ( 'NONE',  ( -0.000000000000000000, -1.000000000000000000, -0.000000000000000000 ) ) ;
#6704 = CARTESIAN_POINT ( 'NONE',  ( -9.342996326808288288, 45.42752472520007956, 1.500000000000000888 ) ) ;
#6705 = CARTESIAN_POINT ( 'NONE',  ( 5.109530373651860913, 59.89492612794735749, 4.972009311621844674 ) ) ;
#6706 = CARTESIAN_POINT ( 'NONE',  ( 10.41568789869821465, 44.06757117394381851, 1.500000000000000222 ) ) ;
#6707 = VERTEX_POINT ( 'NONE', #5985 ) ;
#6708 = ADVANCED_FACE ( 'NONE', ( #2927 ), #1811, .T. ) ;
#6709 = ADVANCED_FACE ( 'NONE', ( #1403 ), #2123, .T. ) ;
#6710 = EDGE_CURVE ( 'NONE', #1633, #4830, #4443, .T. ) ;
#6711 = CARTESIAN_POINT ( 'NONE',  ( 7.820560476344699197, 60.00000000000000000, -0.8454866594163134019 ) ) ;
#6712 = CARTESIAN_POINT ( 'NONE',  ( 6.674614883571710067, 43.68522673060934380, -7.448901667904707757 ) ) ;
#6713 = CARTESIAN_POINT ( 'NONE',  ( -5.140938086700499454, 59.24267963121095448, 5.904365964731267624 ) ) ;
#6714 =( BOUNDED_SURFACE ( )  B_SPLINE_SURFACE ( 3, 2, ( 
 ( #5528, #7489, #2588 ),
 ( #1980, #2430, #5041 ),
 ( #1294, #4999, #1942 ),
 ( #579, #7412, #1256 ),
 ( #6779, #6857, #1179 ),
 ( #3718, #6207, #3642 ),
 ( #1821, #6131, #1330 ),
 ( #696, #618, #3146 ),
 ( #5604, #6090, #7945 ),
 ( #3108, #3031, #6250 ),
 ( #735, #2548, #1862 ),
 ( #3193, #6171, #4885 ),
 ( #2467, #7336, #4276 ),
 ( #6740, #3067, #5566 ) ),
 .UNSPECIFIED., .F., .F., .F. ) 
 B_SPLINE_SURFACE_WITH_KNOTS ( ( 4, 2, 2, 2, 2, 2, 4 ),
 ( 3, 3 ),
 ( 0.001772834456946064579, 0.002650301912888610497, 0.003089035640859883781, 0.003527769368831156632, 0.003966503096802429483, 0.004405236824773702334, 0.005282704280716248903 ),
 ( 0.000000000000000000, 1.000000000000000000 ),
 .UNSPECIFIED. ) 
 GEOMETRIC_REPRESENTATION_ITEM ( )  RATIONAL_B_SPLINE_SURFACE ( (
 ( 1.000000000000000000, 0.7764019833919689750, 1.000000000000000000),
 ( 1.000000000000000000, 0.7764724955933034467, 1.000000000000000000),
 ( 1.000000000000000000, 0.7751264840473872653, 1.000000000000000000),
 ( 1.000000000000000000, 0.7709952323541693353, 1.000000000000000000),
 ( 1.000000000000000000, 0.7692344803650319474, 1.000000000000000000),
 ( 1.000000000000000000, 0.7650189772143427547, 1.000000000000000000),
 ( 1.000000000000000000, 0.7625688308997750076, 1.000000000000000000),
 ( 1.000000000000000000, 0.7568621671777729931, 1.000000000000000000),
 ( 1.000000000000000000, 0.7536059078440043857, 1.000000000000000000),
 ( 1.000000000000000000, 0.7464197732060638968, 1.000000000000000000),
 ( 1.000000000000000000, 0.7424609519007128178, 1.000000000000000000),
 ( 1.000000000000000000, 0.7292012344433473903, 1.000000000000000000),
 ( 1.000000000000000000, 0.7190378339146199504, 1.000000000000000000),
 ( 1.000000000000000000, 0.7071067811865440200, 1.000000000000000000) ) ) 
 REPRESENTATION_ITEM ( '' )  SURFACE ( )  );
#6715 = CARTESIAN_POINT ( 'NONE',  ( 2.779060175756861817, 45.49311510543482484, -7.876015175025674608 ) ) ;
#6716 = DIRECTION ( 'NONE',  ( 0.000000000000000000, 0.000000000000000000, -1.000000000000000000 ) ) ;
#6717 = LINE ( 'NONE', #1192, #2459 ) ;
#6718 = ADVANCED_FACE ( 'NONE', ( #3176 ), #3867, .F. ) ;
#6719 = ORIENTED_EDGE ( 'NONE', *, *, #2252, .F. ) ;
#6720 = EDGE_CURVE ( 'NONE', #6806, #3458, #987, .T. ) ;
#6721 = DIRECTION ( 'NONE',  ( -0.000000000000000000, -1.000000000000000000, -0.000000000000000000 ) ) ;
#6722 = CARTESIAN_POINT ( 'NONE',  ( -5.552782620127556967, 45.70000000753879732, 6.617701621446364868 ) ) ;
#6723 = DIRECTION ( 'NONE',  ( 0.000000000000000000, 1.000000000000000000, 0.000000000000000000 ) ) ;
#6724 = FACE_OUTER_BOUND ( 'NONE', #5828, .T. ) ;
#6725 = CARTESIAN_POINT ( 'NONE',  ( -4.493529037617892463, 60.70241864486892069, -4.783020598440266724 ) ) ;
#6726 = AXIS2_PLACEMENT_3D ( 'NONE', #2648, #879, #3334 ) ;
#6727 = ORIENTED_EDGE ( 'NONE', *, *, #2910, .T. ) ;
#6728 = CARTESIAN_POINT ( 'NONE',  ( -9.427090425819333319, 59.60209052066605295, -1.499999999999879874 ) ) ;
#6729 = VERTEX_POINT ( 'NONE', #4505 ) ;
#6730 = CARTESIAN_POINT ( 'NONE',  ( -4.823560934331256433, 60.00000000000000000, 6.754652611666148943 ) ) ;
#6731 = CARTESIAN_POINT ( 'NONE',  ( 6.234210268443822756, 58.88145147495340126, 7.797968930012189936 ) ) ;
#6732 = CARTESIAN_POINT ( 'NONE',  ( 2.199923766695436989, 45.00000000000000000, 8.210379736694799035 ) ) ;
#6733 = CARTESIAN_POINT ( 'NONE',  ( 7.100431619959524987, 59.71682665320044947, 2.081553374974432824 ) ) ;
#6734 = CARTESIAN_POINT ( 'NONE',  ( -7.864233969442837591, 58.72161683362927675, -1.499999999999999112 ) ) ;
#6735 = EDGE_CURVE ( 'NONE', #5957, #4139, #7906, .T. ) ;
#6736 = ORIENTED_EDGE ( 'NONE', *, *, #2085, .F. ) ;
#6737 = CARTESIAN_POINT ( 'NONE',  ( -4.205297970773505867, 45.06128468649988150, 9.073004920217544012 ) ) ;
#6738 = DIRECTION ( 'NONE',  ( 0.000000000000000000, 1.000000000000000000, 0.000000000000000000 ) ) ;
#6739 = CARTESIAN_POINT ( 'NONE',  ( -7.739994670903527663, 58.50000000000000000, 2.022988505747127963 ) ) ;
#6740 = CARTESIAN_POINT ( 'NONE',  ( 2.199923766695436544, 45.00000000000000711, 8.210379736694797259 ) ) ;
#6741 = CARTESIAN_POINT ( 'NONE',  ( 3.333725648282743315, 45.44761534702016093, 8.774182201321206520 ) ) ;
#6742 = CARTESIAN_POINT ( 'NONE',  ( -3.584054145202246300, 60.00000000000001421, 7.816458518484852291 ) ) ;
#6743 = CARTESIAN_POINT ( 'NONE',  ( -1.921033485480613034, 59.43460535427338698, -7.433326774686869420 ) ) ;
#6744 = CARTESIAN_POINT ( 'NONE',  ( 2.735664816647063624, 59.35849898938835167, -7.738310454911325742 ) ) ;
#6745 = DIRECTION ( 'NONE',  ( -0.000000000000000000, -1.000000000000000000, -0.000000000000000000 ) ) ;
#6746 = ORIENTED_EDGE ( 'NONE', *, *, #5861, .T. ) ;
#6747 = AXIS2_PLACEMENT_3D ( 'NONE', #7823, #6588, #2874 ) ;
#6748 = AXIS2_PLACEMENT_3D ( 'NONE', #1143, #545, #6589 ) ;
#6749 = CARTESIAN_POINT ( 'NONE',  ( -1.280523219922399036, 60.00000000000000711, -6.560065874576955558 ) ) ;
#6750 = DIRECTION ( 'NONE',  ( -1.000000000000000000, 0.000000000000000000, 0.000000000000000000 ) ) ;
#6751 = CARTESIAN_POINT ( 'NONE',  ( -5.599057901997418263, 58.89955821941178016, 5.642871183455263839 ) ) ;
#6752 = AXIS2_PLACEMENT_3D ( 'NONE', #4882, #1895, #6203 ) ;
#6753 = CARTESIAN_POINT ( 'NONE',  ( 0.000000000000000000, 0.000000000000000000, 4.299999999999999822 ) ) ;
#6754 = CARTESIAN_POINT ( 'NONE',  ( -6.433886936425233571, 43.75189518330643068, 7.656744213193821480 ) ) ;
#6755 = AXIS2_PLACEMENT_3D ( 'NONE', #5061, #4979, #5623 ) ;
#6756 = CARTESIAN_POINT ( 'NONE',  ( -6.163826233446953573, 59.23193387676813160, 7.676060205355934585 ) ) ;
#6757 = B_SPLINE_CURVE_WITH_KNOTS ( 'NONE', 3,
 ( #5344, #2166, #2292, #1685, #5871, #1080, #2770, #2212 ),
 .UNSPECIFIED., .F., .F.,
 ( 4, 2, 2, 4 ),
 ( 0.000000000000000000, 0.0006601270656099455809, 0.001320254131219891162, 0.002640508262439781890 ),
 .UNSPECIFIED. ) ;
#6758 = EDGE_LOOP ( 'NONE', ( #1799, #69, #16, #848 ) ) ;
#6759 = CIRCLE ( 'NONE', #3284, 8.000000000000000000 ) ;
#6760 =( BOUNDED_SURFACE ( )  B_SPLINE_SURFACE ( 3, 2, ( 
 ( #1050, #4711, #5917 ),
 ( #486, #4109, #2174 ),
 ( #1569, #2936, #7087 ),
 ( #3585, #7725, #2215 ),
 ( #4144, #4750, #5995 ),
 ( #1690, #2297, #6607 ),
 ( #5394, #2857, #1084 ),
 ( #7685, #371, #2819 ),
 ( #3504, #7847, #4030 ),
 ( #7239, #5956, #448 ) ),
 .UNSPECIFIED., .F., .F., .F. ) 
 B_SPLINE_SURFACE_WITH_KNOTS ( ( 4, 2, 2, 2, 4 ),
 ( 3, 3 ),
 ( 0.000000000000000000, 0.0005780509363421302248, 0.001156101872684260450, 0.001734152809026390674, 0.002312203745368520899 ),
 ( 0.000000000000000000, 1.000000000000000000 ),
 .UNSPECIFIED. ) 
 GEOMETRIC_REPRESENTATION_ITEM ( )  RATIONAL_B_SPLINE_SURFACE ( (
 ( 1.000000000000000000, 0.7368926330804047575, 1.000000000000000000),
 ( 1.000000000000000000, 0.7560717295198770005, 1.000000000000000000),
 ( 1.000000000000000000, 0.7784905715806059723, 1.000000000000000000),
 ( 1.000000000000000000, 0.8293914224504118637, 1.000000000000000000),
 ( 1.000000000000000000, 0.8577598976842113476, 1.000000000000000000),
 ( 1.000000000000000000, 0.9135290035519507690, 1.000000000000000000),
 ( 1.000000000000000000, 0.9416745923866188805, 1.000000000000000000),
 ( 1.000000000000000000, 0.9850746835031990445, 1.000000000000000000),
 ( 1.000000000000000000, 1.000068771992435712, 1.000000000000000000),
 ( 1.000000000000000000, 1.000000000000000000, 1.000000000000000000) ) ) 
 REPRESENTATION_ITEM ( '' )  SURFACE ( )  );
#6761 = CARTESIAN_POINT ( 'NONE',  ( -9.543584462795092094, 44.48035113418745112, -1.500000000000002220 ) ) ;
#6762 = DIRECTION ( 'NONE',  ( 0.000000000000000000, 0.000000000000000000, 1.000000000000000000 ) ) ;
#6763 = LINE ( 'NONE', #7555, #831 ) ;
#6764 = CARTESIAN_POINT ( 'NONE',  ( 5.043798350579248080, 59.51080168353730215, 5.736115006335473332 ) ) ;
#6765 = DIRECTION ( 'NONE',  ( -0.000000000000000000, -1.000000000000000000, -0.000000000000000000 ) ) ;
#6766 = ORIENTED_EDGE ( 'NONE', *, *, #1759, .T. ) ;
#6767 = ORIENTED_EDGE ( 'NONE', *, *, #4371, .T. ) ;
#6768 = DIRECTION ( 'NONE',  ( -0.000000000000000000, -1.000000000000000000, -0.000000000000000000 ) ) ;
#6769 = CARTESIAN_POINT ( 'NONE',  ( 6.116371473349212273, 60.00000000000000000, -2.199999999999999289 ) ) ;
#6770 = CARTESIAN_POINT ( 'NONE',  ( -1.905255888325763758, 45.69999999999999574, -1.099999999999996314 ) ) ;
#6771 = CARTESIAN_POINT ( 'NONE',  ( 6.526240071252320973, 59.96664438078637716, 2.145307993865971152 ) ) ;
#6772 = CARTESIAN_POINT ( 'NONE',  ( -6.300149780787977605, 44.50456574272986643, -7.475596776534673360 ) ) ;
#6773 = ORIENTED_EDGE ( 'NONE', *, *, #1329, .T. ) ;
#6774 = ORIENTED_EDGE ( 'NONE', *, *, #7889, .T. ) ;
#6775 = CIRCLE ( 'NONE', #2919, 12.00000000000000178 ) ;
#6776 = CARTESIAN_POINT ( 'NONE',  ( -5.635032483231656286, 59.27933203474310631, -6.760162563258238499 ) ) ;
#6777 = CARTESIAN_POINT ( 'NONE',  ( -3.333725648282739318, 45.44761534702016093, 8.774182201321206520 ) ) ;
#6778 = CARTESIAN_POINT ( 'NONE',  ( -6.116371473349212273, 60.00000000000000000, 2.200000000000000622 ) ) ;
#6779 = CARTESIAN_POINT ( 'NONE',  ( 2.995971747882165026, 44.25238333472591989, 9.332367004961525936 ) ) ;
#6780 = CARTESIAN_POINT ( 'NONE',  ( -4.963441625000374557, 60.00000000000000000, -4.196933074902871041 ) ) ;
#6781 = CARTESIAN_POINT ( 'NONE',  ( -6.386153282150740296, 44.60262997119176021, -8.061141949607819157 ) ) ;
#6782 = ADVANCED_FACE ( 'NONE', ( #290 ), #1565, .T. ) ;
#6783 = CARTESIAN_POINT ( 'NONE',  ( -2.664686648998106477, 59.87075451882532917, -7.615372662315167851 ) ) ;
#6784 = CARTESIAN_POINT ( 'NONE',  ( -9.786345413644342628, 43.50000000000000000, 2.056074766355141303 ) ) ;
#6785 = VERTEX_POINT ( 'NONE', #2771 ) ;
#6786 = CARTESIAN_POINT ( 'NONE',  ( -3.258082959786861021, 59.82458473914901731, 8.643165221625555006 ) ) ;
#6787 = CARTESIAN_POINT ( 'NONE',  ( 1.227922629117748743, 60.00000000000002132, 6.462017158818627927 ) ) ;
#6788 = CARTESIAN_POINT ( 'NONE',  ( 2.831702505627051725, 60.00000000000000000, 7.904652611666148410 ) ) ;
#6789 = CARTESIAN_POINT ( 'NONE',  ( 3.361807880920632652, 45.20841721513650668, -8.854807103631580745 ) ) ;
#6790 = CARTESIAN_POINT ( 'NONE',  ( -4.643894114759654634, 60.65107842505428692, 5.043460551733822683 ) ) ;
#6791 = CARTESIAN_POINT ( 'NONE',  ( -6.091756212301698170, 44.99999999999999289, -6.196999353814066858 ) ) ;
#6792 = CARTESIAN_POINT ( 'NONE',  ( 0.000000000000000000, 58.50000000000000000, 0.000000000000000000 ) ) ;
#6793 = AXIS2_PLACEMENT_3D ( 'NONE', #3580, #3047, #4904 ) ;
#6794 = DIRECTION ( 'NONE',  ( -0.000000000000000000, -1.000000000000000000, -0.000000000000000000 ) ) ;
#6795 = VERTEX_POINT ( 'NONE', #3501 ) ;
#6796 = CARTESIAN_POINT ( 'NONE',  ( -5.472276523293091444, 45.62604786072399321, -6.478260971409723012 ) ) ;
#6797 = CARTESIAN_POINT ( 'NONE',  ( 6.708160463860292744, 60.00000000000000000, 1.545738809322122487 ) ) ;
#6798 = VECTOR ( 'NONE', #2390, 1000.000000000000114 ) ;
#6799 = CARTESIAN_POINT ( 'NONE',  ( 5.385977413370455658, 59.50074565370682933, 6.328786528376027398 ) ) ;
#6800 = AXIS2_PLACEMENT_3D ( 'NONE', #20, #1852, #4308 ) ;
#6801 = CARTESIAN_POINT ( 'NONE',  ( -5.262762860349456062, 59.87075451882977717, -6.115372662311765239 ) ) ;
#6802 = EDGE_CURVE ( 'NONE', #6492, #927, #4177, .T. ) ;
#6803 = ADVANCED_FACE ( 'NONE', ( #2730 ), #5952, .T. ) ;
#6804 = EDGE_LOOP ( 'NONE', ( #4831, #1928, #3674, #7261 ) ) ;
#6805 = CIRCLE ( 'NONE', #1147, 8.000000000000000000 ) ;
#6806 = VERTEX_POINT ( 'NONE', #5914 ) ;
#6807 = CARTESIAN_POINT ( 'NONE',  ( -9.661133820860484889, 59.42314520554079849, -0.8489963266520482721 ) ) ;
#6808 = EDGE_CURVE ( 'NONE', #5244, #2010, #4630, .T. ) ;
#6809 = CARTESIAN_POINT ( 'NONE',  ( 5.621956772992692919, 45.02275046629593902, -5.691537757285073162 ) ) ;
#6810 = DIRECTION ( 'NONE',  ( 0.000000000000000000, 0.000000000000000000, -1.000000000000000000 ) ) ;
#6811 = DIRECTION ( 'NONE',  ( 0.000000000000000000, 0.000000000000000000, -1.000000000000000000 ) ) ;
#6812 = CARTESIAN_POINT ( 'NONE',  ( -6.552722803811047214, 43.62272147863771465, -7.555676689121878731 ) ) ;
#6813 = ADVANCED_FACE ( 'NONE', ( #7722 ), #7223, .T. ) ;
#6814 = VERTEX_POINT ( 'NONE', #3339 ) ;
#6815 = EDGE_LOOP ( 'NONE', ( #6157, #1061, #4391 ) ) ;
#6816 = ADVANCED_FACE ( 'NONE', ( #5872 ), #437, .F. ) ;
#6817 = CARTESIAN_POINT ( 'NONE',  ( 6.010435543346970277, 45.00000000000000000, 6.010379736694799746 ) ) ;
#6818 = CARTESIAN_POINT ( 'NONE',  ( 0.000000000000000000, 0.000000000000000000, 0.000000000000000000 ) ) ;
#6819 = CARTESIAN_POINT ( 'NONE',  ( -1.152929848348845265, 60.00000000000000000, -6.396933074902872995 ) ) ;
#6820 = CARTESIAN_POINT ( 'NONE',  ( 6.455936393863551004, 44.16525576120960039, -7.507353235286392312 ) ) ;
#6821 = DIRECTION ( 'NONE',  ( 0.4999999999999997780, -0.000000000000000000, -0.8660254037844387076 ) ) ;
#6822 = CARTESIAN_POINT ( 'NONE',  ( -8.261481222607418573, 59.29999999999999716, -1.499999999999999334 ) ) ;
#6823 = FACE_OUTER_BOUND ( 'NONE', #5998, .T. ) ;
#6824 = CARTESIAN_POINT ( 'NONE',  ( -9.938735395066212064, 44.51410979594338357, 1.110721928302881301 ) ) ;
#6825 = ORIENTED_EDGE ( 'NONE', *, *, #7157, .F. ) ;
#6826 = CARTESIAN_POINT ( 'NONE',  ( -7.739994670903529439, 60.00000000000000000, -2.022988505747126631 ) ) ;
#6827 = DIRECTION ( 'NONE',  ( 0.8660254037844385966, 0.000000000000000000, -0.5000000000000001110 ) ) ;
#6828 = CARTESIAN_POINT ( 'NONE',  ( -1.635217420454705639, 59.82844729212749968, -7.034688384196967625 ) ) ;
#6829 = CARTESIAN_POINT ( 'NONE',  ( 5.404217760697853201, 45.70000000000000284, -6.360379736694802943 ) ) ;
#6830 = CARTESIAN_POINT ( 'NONE',  ( -6.262132967162568065, 60.00000000000000000, 2.034358274925803567 ) ) ;
#6831 = CARTESIAN_POINT ( 'NONE',  ( -9.775674712794316434, 43.70207799845188390, 2.056855427615692733 ) ) ;
#6832 = CARTESIAN_POINT ( 'NONE',  ( -6.088693522029087646, 44.94768297982637506, 7.397589238707682036 ) ) ;
#6833 = CARTESIAN_POINT ( 'NONE',  ( -4.094999090687611698, 59.42402592094063607, -8.790688023228884873 ) ) ;
#6834 = EDGE_CURVE ( 'NONE', #1827, #6326, #4903, .T. ) ;
#6835 = ORIENTED_EDGE ( 'NONE', *, *, #2665, .T. ) ;
#6836 = DIRECTION ( 'NONE',  ( 0.000000000000000000, 0.000000000000000000, 1.000000000000000000 ) ) ;
#6837 = CARTESIAN_POINT ( 'NONE',  ( -7.739994670903529439, 45.02275046629593902, -2.022988505747126631 ) ) ;
#6838 = CARTESIAN_POINT ( 'NONE',  ( -7.096656421511445600, 60.00000000000000000, -1.630393472478258277 ) ) ;
#6839 = CARTESIAN_POINT ( 'NONE',  ( -5.635032481000914473, 59.27933202669344581, -6.760162559394480297 ) ) ;
#6840 = DIRECTION ( 'NONE',  ( 0.000000000000000000, 1.000000000000000000, 0.000000000000000000 ) ) ;
#6841 = DIRECTION ( 'NONE',  ( 0.000000000000000000, 0.000000000000000000, -1.000000000000000000 ) ) ;
#6842 = CARTESIAN_POINT ( 'NONE',  ( 0.000000000000000000, 35.00000000000000000, 0.000000000000000000 ) ) ;
#6843 = ORIENTED_EDGE ( 'NONE', *, *, #1237, .T. ) ;
#6844 = CARTESIAN_POINT ( 'NONE',  ( -8.462269199216013504, 60.00000000000000000, -0.7999999999999992673 ) ) ;
#6845 = DIRECTION ( 'NONE',  ( 0.000000000000000000, 1.000000000000000000, 0.000000000000000000 ) ) ;
#6846 = EDGE_CURVE ( 'NONE', #1054, #2095, #4646, .T. ) ;
#6847 =( BOUNDED_SURFACE ( )  B_SPLINE_SURFACE ( 3, 2, ( 
 ( #5012, #3163, #1348 ),
 ( #1428, #3731, #3204 ),
 ( #120, #6307, #4454 ),
 ( #7465, #5615, #6181 ),
 ( #6220, #2516, #670 ),
 ( #1875, #3120, #2640 ),
 ( #3889, #5577, #5658 ),
 ( #6344, #4971, #78 ),
 ( #790, #2559, #6830 ),
 ( #3242, #825, #5131 ) ),
 .UNSPECIFIED., .F., .F., .F. ) 
 B_SPLINE_SURFACE_WITH_KNOTS ( ( 4, 2, 2, 2, 4 ),
 ( 3, 3 ),
 ( 0.000000000000000000, 0.0006601270656153574844, 0.001320254131230714969, 0.001980381196846072236, 0.002640508262461429938 ),
 ( 0.000000000000000000, 1.000000000000000000 ),
 .UNSPECIFIED. ) 
 GEOMETRIC_REPRESENTATION_ITEM ( )  RATIONAL_B_SPLINE_SURFACE ( (
 ( 1.000000000000000000, 0.7071067811865475727, 1.000000000000000000),
 ( 1.000000000000000000, 0.7265059775623973204, 1.000000000000000000),
 ( 1.000000000000000000, 0.7502783718685012149, 1.000000000000000000),
 ( 1.000000000000000000, 0.8072559680367373813, 1.000000000000000000),
 ( 1.000000000000000000, 0.8399358369246835432, 1.000000000000000000),
 ( 1.000000000000000000, 0.9071188964750096506, 1.000000000000000000),
 ( 1.000000000000000000, 0.9402799494365694510, 1.000000000000000000),
 ( 1.000000000000000000, 0.9871024881034455856, 1.000000000000000000),
 ( 1.000000000000000000, 1.000343213455316294, 1.000000000000000000),
 ( 1.000000000000000000, 1.000000000000000000, 1.000000000000000000) ) ) 
 REPRESENTATION_ITEM ( '' )  SURFACE ( )  );
#6848 = CARTESIAN_POINT ( 'NONE',  ( -2.831702505627047284, 59.29999999999999716, 7.904652611666146633 ) ) ;
#6849 = CARTESIAN_POINT ( 'NONE',  ( 1.299038105676659560, 59.29999999999999716, 0.7500000000000005551 ) ) ;
#6850 = CARTESIAN_POINT ( 'NONE',  ( -3.112559727078461069, 43.50000000000000000, 9.503261121602903927 ) ) ;
#6851 = ADVANCED_FACE ( 'NONE', ( #7271 ), #5930, .T. ) ;
#6852 = ORIENTED_EDGE ( 'NONE', *, *, #2420, .T. ) ;
#6853 = VERTEX_POINT ( 'NONE', #6235 ) ;
#6854 = CARTESIAN_POINT ( 'NONE',  ( -3.301779451963879453, 44.33474125497780705, 9.276614803686149102 ) ) ;
#6855 = DIRECTION ( 'NONE',  ( -0.000000000000000000, -1.000000000000000000, -0.000000000000000000 ) ) ;
#6856 = DIRECTION ( 'NONE',  ( 0.000000000000000000, 0.000000000000000000, 1.000000000000000000 ) ) ;
#6857 = CARTESIAN_POINT ( 'NONE',  ( 3.536854790422564676, 44.30723243523702592, 9.126012196005207855 ) ) ;
#6858 = CARTESIAN_POINT ( 'NONE',  ( 3.939943430931844404, 45.44761534702016093, -9.124182201321207941 ) ) ;
#6859 = CARTESIAN_POINT ( 'NONE',  ( -3.299507682325958591, 44.32657898966731835, 9.276748133400564811 ) ) ;
#6860 = EDGE_CURVE ( 'NONE', #4833, #2311, #7805, .T. ) ;
#6861 = CARTESIAN_POINT ( 'NONE',  ( 5.455003485600987467, 59.63050311187610220, 7.766386493187872553 ) ) ;
#6862 = CARTESIAN_POINT ( 'NONE',  ( -5.726434491383821879, 45.44761534702016093, -8.198045377764733743 ) ) ;
#6863 = EDGE_LOOP ( 'NONE', ( #4477, #6719, #3549, #2463 ) ) ;
#6864 = FACE_OUTER_BOUND ( 'NONE', #6924, .T. ) ;
#6865 = CARTESIAN_POINT ( 'NONE',  ( -8.210359310042404601, 45.69999999999999574, 2.200000000000001066 ) ) ;
#6866 = CARTESIAN_POINT ( 'NONE',  ( 3.178067312557033119, 60.00000000000000000, 7.195547374055295542 ) ) ;
#6867 = DIRECTION ( 'NONE',  ( -0.000000000000000000, -1.000000000000000000, -0.000000000000000000 ) ) ;
#6868 = CARTESIAN_POINT ( 'NONE',  ( 5.751032792931641602, 45.00000000000000000, -5.561080993352360835 ) ) ;
#6869 = DIRECTION ( 'NONE',  ( 0.8660254037844382635, 0.000000000000000000, -0.5000000000000005551 ) ) ;
#6870 = FACE_OUTER_BOUND ( 'NONE', #5932, .T. ) ;
#6871 = CIRCLE ( 'NONE', #6747, 0.7000000000000000666 ) ;
#6872 = CARTESIAN_POINT ( 'NONE',  ( -5.726434492752940919, 58.69786187492304919, 8.198045376808385853 ) ) ;
#6873 = CARTESIAN_POINT ( 'NONE',  ( -9.870344325533871199, 58.88145147495377074, -1.499999999999996225 ) ) ;
#6874 = CARTESIAN_POINT ( 'NONE',  ( -9.265527507918802641, 45.44761534702016093, 1.500000000000001332 ) ) ;
#6875 = CARTESIAN_POINT ( 'NONE',  ( -9.893894216316494905, 44.03396261277949009, -1.459962428735538609 ) ) ;
#6876 = CARTESIAN_POINT ( 'NONE',  ( -6.116371473349213161, 60.00000000000000000, -2.199999999999999734 ) ) ;
#6877 = CIRCLE ( 'NONE', #7003, 0.7000000000000000666 ) ;
#6878 = CARTESIAN_POINT ( 'NONE',  ( -5.774563419662027464, 59.13703967621340496, -7.001837234383305741 ) ) ;
#6879 = EDGE_CURVE ( 'NONE', #4292, #6695, #2763, .T. ) ;
#6880 = CARTESIAN_POINT ( 'NONE',  ( 3.113089558098119713, 43.58667614191539030, -9.504040731764389349 ) ) ;
#6881 = CARTESIAN_POINT ( 'NONE',  ( -2.830869599382552337, 59.99999999999998579, 6.918566189551436096 ) ) ;
#6882 = CARTESIAN_POINT ( 'NONE',  ( 8.863800777060568237, 59.19488232838110520, 1.500000000000000000 ) ) ;
#6883 = ORIENTED_EDGE ( 'NONE', *, *, #1071, .T. ) ;
#6884 = DIRECTION ( 'NONE',  ( -0.000000000000000000, -1.000000000000000000, -0.000000000000000000 ) ) ;
#6885 = CARTESIAN_POINT ( 'NONE',  ( -5.507660207980447531, 45.69089023002221239, 6.539547311047512856 ) ) ;
#6886 = CARTESIAN_POINT ( 'NONE',  ( -3.788077070797466472, 44.60262997119176021, 9.561141949607906199 ) ) ;
#6887 = DIRECTION ( 'NONE',  ( 0.000000000000000000, 0.000000000000000000, -1.000000000000000000 ) ) ;
#6888 = CARTESIAN_POINT ( 'NONE',  ( -7.683799962047499932, 59.24267963121096159, -1.500000000000013101 ) ) ;
#6889 = ORIENTED_EDGE ( 'NONE', *, *, #5734, .T. ) ;
#6890 = VERTEX_POINT ( 'NONE', #4983 ) ;
#6891 = ORIENTED_EDGE ( 'NONE', *, *, #4248, .T. ) ;
#6892 = DIRECTION ( 'NONE',  ( 0.000000000000000000, 1.000000000000000000, 0.000000000000000000 ) ) ;
#6893 = CARTESIAN_POINT ( 'NONE',  ( 8.629600431653299708, 45.00452237292401492, -1.500000000000835110 ) ) ;
#6894 = CARTESIAN_POINT ( 'NONE',  ( -7.728737442227481047, 58.70560882366326894, 2.023923329333920051 ) ) ;
#6895 = B_SPLINE_CURVE_WITH_KNOTS ( 'NONE', 3,
 ( #2104, #2064, #1543, #3963, #2145, #1422, #4003, #7655, #5690, #346, #7059, #7537, #5160, #2670 ),
 .UNSPECIFIED., .F., .F.,
 ( 4, 2, 2, 2, 2, 2, 4 ),
 ( 0.000000000000000000, 0.0002930787578485656965, 0.0005861575156971313930, 0.0008792362735456970895, 0.001172315031394262786, 0.001758472547091390493, 0.002344630062788518200 ),
 .UNSPECIFIED. ) ;
#6896 = CARTESIAN_POINT ( 'NONE',  ( 0.000000000000000000, 0.6999999999999999556, -5.000000000000000000 ) ) ;
#6897 = CARTESIAN_POINT ( 'NONE',  ( -4.963441625000374557, 60.00000000000000000, -4.196933074902871041 ) ) ;
#6898 = CARTESIAN_POINT ( 'NONE',  ( -5.404217760697864747, 45.00000000000001421, -6.360379736694798503 ) ) ;
#6899 = CIRCLE ( 'NONE', #3167, 12.00000000000000178 ) ;
#6900 = CARTESIAN_POINT ( 'NONE',  ( -6.101137640359262981, 59.99777404406741255, 1.500000000000000444 ) ) ;
#6901 = CARTESIAN_POINT ( 'NONE',  ( 1.940521016280111644, 45.00000000000000000, -7.761080993352356572 ) ) ;
#6902 = DIRECTION ( 'NONE',  ( 0.000000000000000000, 0.000000000000000000, -1.000000000000000000 ) ) ;
#6903 = ORIENTED_EDGE ( 'NONE', *, *, #4442, .T. ) ;
#6904 = VECTOR ( 'NONE', #4998, 1000.000000000000114 ) ;
#6905 = CYLINDRICAL_SURFACE ( 'NONE', #741, 0.7000000000000000666 ) ;
#6906 = CARTESIAN_POINT ( 'NONE',  ( -7.100431619959604035, 59.71682665320039973, -2.081553374974354220 ) ) ;
#6907 = CARTESIAN_POINT ( 'NONE',  ( 3.232363954260497163, 43.94854701178160639, -9.420108424204228115 ) ) ;
#6908 = CARTESIAN_POINT ( 'NONE',  ( -5.213014594224657294, 59.98331490994839754, 6.029206137795168452 ) ) ;
#6909 = CARTESIAN_POINT ( 'NONE',  ( -8.412636973789583195, 45.00000000000000711, 2.177115956607905467 ) ) ;
#6910 = CARTESIAN_POINT ( 'NONE',  ( -5.857136993009329551, 44.69141332848791137, 8.105423835334287119 ) ) ;
#6911 = CARTESIAN_POINT ( 'NONE',  ( -3.333725639264383034, 58.60552633313433546, -8.774182185700938774 ) ) ;
#6912 = EDGE_CURVE ( 'NONE', #5890, #6612, #5698, .T. ) ;
#6913 = VECTOR ( 'NONE', #7159, 1000.000000000000000 ) ;
#6914 = EDGE_CURVE ( 'NONE', #7050, #4433, #7262, .T. ) ;
#6915 = CARTESIAN_POINT ( 'NONE',  ( 5.429778716980361075, 59.29999999999999716, -6.404652611666151074 ) ) ;
#6916 = CARTESIAN_POINT ( 'NONE',  ( -2.831702505627047284, 59.29999999999999716, 7.904652611666146633 ) ) ;
#6917 = DIRECTION ( 'NONE',  ( 0.000000000000000000, 1.000000000000000000, 0.000000000000000000 ) ) ;
#6918 = CARTESIAN_POINT ( 'NONE',  ( 5.867516709125608187, 44.68052492650398477, 8.097795830530683858 ) ) ;
#6919 = AXIS2_PLACEMENT_3D ( 'NONE', #4600, #6374, #853 ) ;
#6920 = CARTESIAN_POINT ( 'NONE',  ( -5.627501802860888525, 59.99145286394718113, -6.747119042240820264 ) ) ;
#6921 = CARTESIAN_POINT ( 'NONE',  ( -4.236498312829941604, 45.44761534702016093, 9.058260431528177392 ) ) ;
#6922 = CARTESIAN_POINT ( 'NONE',  ( 6.206460863973821240, 45.18997598112125758, 7.860257711329162511 ) ) ;
#6923 = CARTESIAN_POINT ( 'NONE',  ( 9.962932804070092629, 58.69786187492241680, 0.8602150554274544669 ) ) ;
#6924 = EDGE_LOOP ( 'NONE', ( #1069, #4594, #6727, #6552, #773, #7928 ) ) ;
#6925 = CARTESIAN_POINT ( 'NONE',  ( -4.205297970773567151, 45.06128468650053520, -9.073004920217515590 ) ) ;
#6926 = FACE_OUTER_BOUND ( 'NONE', #1936, .T. ) ;
#6927 = B_SPLINE_CURVE_WITH_KNOTS ( 'NONE', 3,
 ( #5402, #3436, #5964, #1699 ),
 .UNSPECIFIED., .F., .F.,
 ( 4, 4 ),
 ( 0.000000000000000000, 0.0001849247682052306495 ),
 .UNSPECIFIED. ) ;
#6928 = CARTESIAN_POINT ( 'NONE',  ( -3.435735639794990526, 44.56049309867631081, 8.950868689500637743 ) ) ;
#6929 = ORIENTED_EDGE ( 'NONE', *, *, #3582, .F. ) ;
#6930 = EDGE_LOOP ( 'NONE', ( #6661, #2908 ) ) ;
#6931 = AXIS2_PLACEMENT_3D ( 'NONE', #5121, #5084, #7057 ) ;
#6932 = ORIENTED_EDGE ( 'NONE', *, *, #3778, .F. ) ;
#6933 = CARTESIAN_POINT ( 'NONE',  ( 8.988827262606328361, 44.82131460797840106, -2.120691028803862732 ) ) ;
#6934 = ORIENTED_EDGE ( 'NONE', *, *, #4471, .T. ) ;
#6935 = CARTESIAN_POINT ( 'NONE',  ( 8.411633758993019683, 45.02277054661629307, -1.499999999999999556 ) ) ;
#6936 = CARTESIAN_POINT ( 'NONE',  ( 2.068775128131066232, 58.99743028505171338, -7.643688975615631875 ) ) ;
#6937 = CARTESIAN_POINT ( 'NONE',  ( 8.134640353146258107, 59.33863098884359744, 1.499999999999999778 ) ) ;
#6938 = CARTESIAN_POINT ( 'NONE',  ( 2.909583996627135072, 58.77569987213450986, 8.039547311047511968 ) ) ;
#6939 = AXIS2_PLACEMENT_3D ( 'NONE', #2327, #5045, #3654 ) ;
#6940 = CARTESIAN_POINT ( 'NONE',  ( -1.748532696896906158, 60.69990933521665255, -6.028547469720866303 ) ) ;
#6941 = CARTESIAN_POINT ( 'NONE',  ( 7.889785824025381089, 59.43424132382840241, -1.550211850114802115 ) ) ;
#6942 = CARTESIAN_POINT ( 'NONE',  ( 3.112559727078493488, 43.49999999999995737, 9.503261121602953665 ) ) ;
#6943 = ORIENTED_EDGE ( 'NONE', *, *, #5405, .F. ) ;
#6944 = B_SPLINE_CURVE_WITH_KNOTS ( 'NONE', 3,
 ( #3323, #275, #2718, #5167 ),
 .UNSPECIFIED., .F., .F.,
 ( 4, 4 ),
 ( 8.673617379884035472E-19, 0.0008882356951556012910 ),
 .UNSPECIFIED. ) ;
#6945 = CARTESIAN_POINT ( 'NONE',  ( 6.533008515575606800, 60.01848078357100746, -1.500000000000037526 ) ) ;
#6946 = DIRECTION ( 'NONE',  ( -0.000000000000000000, -1.000000000000000000, -0.000000000000000000 ) ) ;
#6947 = CARTESIAN_POINT ( 'NONE',  ( 1.152929848348843489, 60.00000000000000000, 6.396933074902875660 ) ) ;
#6948 = CARTESIAN_POINT ( 'NONE',  ( -5.325584076986955573, 45.44761534702016093, -7.624182201321203500 ) ) ;
#6949 = CARTESIAN_POINT ( 'NONE',  ( -4.349606925861592366, 59.99777404406902548, 4.533740188545759331 ) ) ;
#6950 = CARTESIAN_POINT ( 'NONE',  ( -10.47128502925599491, 43.47878117929302277, 1.500000000000001554 ) ) ;
#6951 = CARTESIAN_POINT ( 'NONE',  ( 3.038174094995524932, 45.00000000000000000, -9.662271894771857106 ) ) ;
#6952 = EDGE_CURVE ( 'NONE', #1503, #6659, #81, .T. ) ;
#6953 = EDGE_LOOP ( 'NONE', ( #5229, #1975, #2277, #6891 ) ) ;
#6954 = EDGE_CURVE ( 'NONE', #1054, #6622, #1866, .T. ) ;
#6955 = CARTESIAN_POINT ( 'NONE',  ( 2.068775128131392638, 58.99743028505024967, 7.643688975616004022 ) ) ;
#6956 = CARTESIAN_POINT ( 'NONE',  ( 0.000000000000000000, 43.50000000000000000, 0.000000000000000000 ) ) ;
#6957 = CARTESIAN_POINT ( 'NONE',  ( 3.628777340703758458, 60.00000000000000000, 7.902422747571416828 ) ) ;
#6958 = FACE_OUTER_BOUND ( 'NONE', #3317, .T. ) ;
#6959 = ADVANCED_FACE ( 'NONE', ( #5670 ), #7786, .T. ) ;
#6960 = CARTESIAN_POINT ( 'NONE',  ( -5.530172705284665646, 60.00000000000000000, -6.578540100183660755 ) ) ;
#6961 = EDGE_CURVE ( 'NONE', #373, #5293, #2894, .T. ) ;
#6962 = LINE ( 'NONE', #1358, #5910 ) ;
#6963 = CLOSED_SHELL ( 'NONE', ( #539, #5550, #5374, #4897, #2106, #781, #200, #4163, #4299, #957, #5231, #1107, #6718, #3385, #2570, #6803, #2667, #1236, #6698, #7443, #680, #614, #1585, #6046, #280, #7119, #6782, #5268, #5826, #315, #423, #4095, #2435, #3220, #4437, #521, #7875, #2410, #6520, #2136, #3417, #647, #1517, #6621, #4202, #7429, #5027, #2187, #2101, #2815, #1413, #7386, #5387, #4510, #4262, #5083, #5126, #754, #925, #6709, #651, #5627, #7079, #7629, #1728, #5522, #7205, #6541, #4784, #7546, #6979, #2334, #5137, #6813, #5423, #7531, #509, #4781, #3506, #7202, #6608, #84, #2972, #1579, #6639, #3000, #7224, #5963, #5170, #2762, #6708, #6427, #4127, #583, #7534, #2776, #5347, #7460, #2634, #6959, #3960, #5795, #6117, #2173, #4587, #4203, #759, #3612, #2353, #3610, #7095, #3368, #1482, #441, #3862, #1364, #1169, #4240, #7191, #3439, #5136, #5616, #3538, #2192, #1934, #602, #1307, #6369, #1095, #4655, #4188, #1349, #2489, #4691, #5976, #36, #2354, #899, #2452, #897, #3435, #2177, #7743, #7688, #3264, #6567, #5302, #1697, #2278, #7681, #6816, #3998, #6314, #1642, #762, #5056, #2922, #2938, #2433, #6221, #5172, #1792, #28, #3949, #3259, #4697, #7845, #7322, #1927, #6620, #1923, #6073, #4684, #5034, #5283, #1516, #3714, #6851, #3947, #5764, #3856, #1382, #6360, #3681, #4595 ) ) ;
#6964 = CARTESIAN_POINT ( 'NONE',  ( 1.586309633028910371, 60.00000000000000000, -6.481231262063089638 ) ) ;
#6965 = CARTESIAN_POINT ( 'NONE',  ( -3.112559727078469063, 43.50000000000000000, -9.503261121602900374 ) ) ;
#6966 = ORIENTED_EDGE ( 'NONE', *, *, #803, .F. ) ;
#6967 = DIRECTION ( 'NONE',  ( 0.000000000000000000, 0.000000000000000000, 1.000000000000000000 ) ) ;
#6968 = CYLINDRICAL_SURFACE ( 'NONE', #958, 0.6999999999999999556 ) ;
#6969 =( BOUNDED_SURFACE ( )  B_SPLINE_SURFACE ( 3, 2, ( 
 ( #3411, #7669, #1473 ),
 ( #5255, #2079, #5212 ),
 ( #2684, #5785, #1518 ),
 ( #2722, #3977, #2158 ),
 ( #6955, #318, #395 ),
 ( #947, #7073, #7713 ),
 ( #7626, #1433, #6431 ),
 ( #5138, #832, #5744 ),
 ( #2118, #2757, #4016 ),
 ( #1556, #2844, #5858 ),
 ( #4575, #3893, #240 ),
 ( #360, #2202, #4659 ),
 ( #7110, #1598, #4056 ),
 ( #6513, #988, #7031 ) ),
 .UNSPECIFIED., .F., .F., .F. ) 
 B_SPLINE_SURFACE_WITH_KNOTS ( ( 4, 2, 2, 2, 2, 2, 4 ),
 ( 3, 3 ),
 ( 0.000000000000000000, 0.0004429394651885500567, 0.0008858789303771001135, 0.001328818395565650170, 0.001771757860754200227, 0.002657636791131300340, 0.003543515721508400454 ),
 ( 0.000000000000000000, 1.000000000000000000 ),
 .UNSPECIFIED. ) 
 GEOMETRIC_REPRESENTATION_ITEM ( )  RATIONAL_B_SPLINE_SURFACE ( (
 ( 1.000000000000000000, 0.7914775938769177399, 1.000000000000000000),
 ( 1.000000000000000000, 0.7914751215768841552, 1.000000000000000000),
 ( 1.000000000000000000, 0.7910692898050787347, 1.000000000000000000),
 ( 1.000000000000000000, 0.7894438079031119715, 1.000000000000000000),
 ( 1.000000000000000000, 0.7882037160860817515, 1.000000000000000000),
 ( 1.000000000000000000, 0.7849047533173045821, 1.000000000000000000),
 ( 1.000000000000000000, 0.7828546967484483199, 1.000000000000000000),
 ( 1.000000000000000000, 0.7778217196377289477, 1.000000000000000000),
 ( 1.000000000000000000, 0.7748435908280451034, 1.000000000000000000),
 ( 1.000000000000000000, 0.7646248375019220056, 1.000000000000000000),
 ( 1.000000000000000000, 0.7558737235610007987, 1.000000000000000000),
 ( 1.000000000000000000, 0.7342902559677472185, 1.000000000000000000),
 ( 1.000000000000000000, 0.7211950083360054720, 1.000000000000000000),
 ( 1.000000000000000000, 0.7060162090484374264, 1.000000000000000000) ) ) 
 REPRESENTATION_ITEM ( '' )  SURFACE ( )  );
#6970 = CARTESIAN_POINT ( 'NONE',  ( -6.455936393863555445, 44.16525576120960750, 7.507353235286386095 ) ) ;
#6971 = EDGE_LOOP ( 'NONE', ( #5610, #4042, #6640, #7720 ) ) ;
#6972 = EDGE_LOOP ( 'NONE', ( #488, #4975, #442 ) ) ;
#6973 = DIRECTION ( 'NONE',  ( -0.000000000000000000, -1.000000000000000000, -0.000000000000000000 ) ) ;
#6974 = ORIENTED_EDGE ( 'NONE', *, *, #6808, .F. ) ;
#6975 = DIRECTION ( 'NONE',  ( 0.000000000000000000, 1.000000000000000000, 0.000000000000000000 ) ) ;
#6976 = DIRECTION ( 'NONE',  ( 0.000000000000000000, -1.000000000000000000, 0.000000000000000000 ) ) ;
#6977 = CARTESIAN_POINT ( 'NONE',  ( 2.639305510749855976, 58.61174645308442877, -7.571411241314938145 ) ) ;
#6978 = CARTESIAN_POINT ( 'NONE',  ( 6.153991745672468205, 44.80891385920479308, -7.426054996871435776 ) ) ;
#6979 = ADVANCED_FACE ( 'NONE', ( #4140 ), #1478, .T. ) ;
#6980 = CARTESIAN_POINT ( 'NONE',  ( -1.640170528033380259, 59.82488524275167663, -7.041418539659755282 ) ) ;
#6981 = CARTESIAN_POINT ( 'NONE',  ( 3.299507682325955038, 44.32657898966732546, -9.276748133400571916 ) ) ;
#6982 = DIRECTION ( 'NONE',  ( -0.8660254037844385966, 0.000000000000000000, 0.5000000000000002220 ) ) ;
#6983 = EDGE_LOOP ( 'NONE', ( #6361, #4551 ) ) ;
#6984 = ORIENTED_EDGE ( 'NONE', *, *, #555, .F. ) ;
#6985 = AXIS2_PLACEMENT_3D ( 'NONE', #3699, #7923, #1883 ) ;
#6986 = CARTESIAN_POINT ( 'NONE',  ( -3.197168434707757356, 59.10333606103245074, 8.537658169269301212 ) ) ;
#6987 = CARTESIAN_POINT ( 'NONE',  ( -2.809325010455093530, 44.63350581217319046, -9.061963497169729820 ) ) ;
#6988 = CARTESIAN_POINT ( 'NONE',  ( 1.538745538941783453, 59.96335253576324220, 6.732016653630834568 ) ) ;
#6989 = CARTESIAN_POINT ( 'NONE',  ( 6.535411652276221339, 43.62712503595880520, 8.319665030120074078 ) ) ;
#6990 = CARTESIAN_POINT ( 'NONE',  ( 6.848685871647065326, 45.00000000000000000, 7.462271894771855152 ) ) ;
#6991 = CARTESIAN_POINT ( 'NONE',  ( 0.000000000000000000, 0.6999999999999999556, -12.00000000000000178 ) ) ;
#6992 = CARTESIAN_POINT ( 'NONE',  ( -2.932096493931351411, 59.29999999999999716, -8.078540100183664308 ) ) ;
#6993 = ORIENTED_EDGE ( 'NONE', *, *, #4440, .T. ) ;
#6994 = CARTESIAN_POINT ( 'NONE',  ( -6.673785686565874897, 43.50000000000000000, 7.447186355247762179 ) ) ;
#6995 = CARTESIAN_POINT ( 'NONE',  ( -6.234260895025744986, 44.64349766606835601, -7.455729643798115980 ) ) ;
#6996 = CARTESIAN_POINT ( 'NONE',  ( -9.774235178893752263, 43.94854701178371670, -1.910744913435560743 ) ) ;
#6997 = CARTESIAN_POINT ( 'NONE',  ( -7.658484981786865653, 59.99999999999999289, -1.460439925477904133 ) ) ;
#6998 = LINE ( 'NONE', #837, #6426 ) ;
#6999 = CARTESIAN_POINT ( 'NONE',  ( -5.705169423673586593, 58.89571938483740610, -8.164129708914778405 ) ) ;
#7000 = CARTESIAN_POINT ( 'NONE',  ( 3.930465858571392079, 43.77306480075829143, -9.807766564460496994 ) ) ;
#7001 = CARTESIAN_POINT ( 'NONE',  ( -3.178067318526190288, 60.00000000000000000, 7.195547363889780002 ) ) ;
#7002 = CARTESIAN_POINT ( 'NONE',  ( 9.265527489881906220, 58.60552633313427862, -1.500000000000000000 ) ) ;
#7003 = AXIS2_PLACEMENT_3D ( 'NONE', #5859, #361, #4660 ) ;
#7004 = CARTESIAN_POINT ( 'NONE',  ( -7.691553809211764126, 45.00000000000000000, 2.200000000000001066 ) ) ;
#7005 = CARTESIAN_POINT ( 'NONE',  ( 5.060724671273084674, 59.96335253576344115, 4.698601053498595803 ) ) ;
#7006 = DIRECTION ( 'NONE',  ( 0.000000000000000000, 0.000000000000000000, 1.000000000000000000 ) ) ;
#7007 = CIRCLE ( 'NONE', #3544, 16.80000000000000426 ) ;
#7008 = ORIENTED_EDGE ( 'NONE', *, *, #1840, .T. ) ;
#7009 = ORIENTED_EDGE ( 'NONE', *, *, #7877, .T. ) ;
#7010 = CARTESIAN_POINT ( 'NONE',  ( 8.210359310042404601, 45.00000000000000000, -2.199999999999999734 ) ) ;
#7011 =( BOUNDED_SURFACE ( )  B_SPLINE_SURFACE ( 3, 2, ( 
 ( #2649, #6354, #6232 ),
 ( #2572, #7037, #6880 ),
 ( #7000, #4582, #1440 ),
 ( #2045, #3174, #6400 ),
 ( #7514, #7635, #2728 ),
 ( #1524, #5751, #5104 ),
 ( #3941, #3900, #4542 ),
 ( #839, #2006, #1965 ),
 ( #3215, #3296, #5628 ),
 ( #718, #247, #6277 ),
 ( #2126, #131, #1481 ),
 ( #1400, #3865, #6316 ),
 ( #7474, #3819, #763 ),
 ( #2087, #5668, #7597 ) ),
 .UNSPECIFIED., .F., .F., .T. ) 
 B_SPLINE_SURFACE_WITH_KNOTS ( ( 4, 2, 2, 2, 2, 2, 4 ),
 ( 3, 3 ),
 ( 0.002225472628914581912, 0.002664230922196089094, 0.003102989215477596277, 0.003541747508759103460, 0.003980505802040610643, 0.004858022388603625008, 0.005735538975166639374 ),
 ( 0.000000000000000000, 1.000000000000000000 ),
 .UNSPECIFIED. ) 
 GEOMETRIC_REPRESENTATION_ITEM ( )  RATIONAL_B_SPLINE_SURFACE ( (
 ( 1.000000000000000000, 0.7764019189191657677, 1.000000000000000000),
 ( 1.000000000000000000, 0.7764341587993152105, 1.000000000000000000),
 ( 1.000000000000000000, 0.7761162991565077052, 1.000000000000000000),
 ( 1.000000000000000000, 0.7747803634932018957, 1.000000000000000000),
 ( 1.000000000000000000, 0.7737458728123222107, 1.000000000000000000),
 ( 1.000000000000000000, 0.7709754987630622614, 1.000000000000000000),
 ( 1.000000000000000000, 0.7692484910742402038, 1.000000000000000000),
 ( 1.000000000000000000, 0.7650179021867583584, 1.000000000000000000),
 ( 1.000000000000000000, 0.7625239150132721022, 1.000000000000000000),
 ( 1.000000000000000000, 0.7540112073158424799, 1.000000000000000000),
 ( 1.000000000000000000, 0.7467563905231847654, 1.000000000000000000),
 ( 1.000000000000000000, 0.7292810299311344169, 1.000000000000000000),
 ( 1.000000000000000000, 0.7188203502330944294, 1.000000000000000000),
 ( 1.000000000000000000, 0.7071067811865475727, 1.000000000000000000) ) ) 
 REPRESENTATION_ITEM ( '' )  SURFACE ( )  );
#7012 = ORIENTED_EDGE ( 'NONE', *, *, #1687, .T. ) ;
#7013 = CARTESIAN_POINT ( 'NONE',  ( 9.893502089661657450, 43.70110085826046031, -1.500000000000173861 ) ) ;
#7014 = CARTESIAN_POINT ( 'NONE',  ( -5.767263428942754011, 44.90951149104664353, 6.989193279562951666 ) ) ;
#7015 = CARTESIAN_POINT ( 'NONE',  ( -2.602360155269401787, 59.43424718601785628, -7.607850992332421569 ) ) ;
#7016 = CARTESIAN_POINT ( 'NONE',  ( 0.000000000000000000, 1.500000000000000000, 11.30000000000000249 ) ) ;
#7017 = CARTESIAN_POINT ( 'NONE',  ( -2.059957809623496949, 45.00752006237845393, -7.730472262036187203 ) ) ;
#7018 = DIRECTION ( 'NONE',  ( 0.000000000000000000, 1.000000000000000000, 0.000000000000000000 ) ) ;
#7019 = CARTESIAN_POINT ( 'NONE',  ( 3.112559727078498817, 43.49999999999995737, 9.503261121602951889 ) ) ;
#7020 = ORIENTED_EDGE ( 'NONE', *, *, #5861, .F. ) ;
#7021 = ORIENTED_EDGE ( 'NONE', *, *, #5485, .T. ) ;
#7022 = EDGE_CURVE ( 'NONE', #4015, #6492, #7007, .T. ) ;
#7023 = CARTESIAN_POINT ( 'NONE',  ( 6.526240071243945451, 59.96664438078835957, -2.145307993867188401 ) ) ;
#7024 = CARTESIAN_POINT ( 'NONE',  ( -3.704734272119389438, 44.84573993124881497, -9.416787987852476505 ) ) ;
#7025 = FACE_OUTER_BOUND ( 'NONE', #385, .T. ) ;
#7026 = CARTESIAN_POINT ( 'NONE',  ( 6.500232721187677143, 44.06027841475526685, 8.258733334118751657 ) ) ;
#7027 = DIRECTION ( 'NONE',  ( -2.137682487307248646E-16, 0.000000000000000000, 1.000000000000000000 ) ) ;
#7028 = CYLINDRICAL_SURFACE ( 'NONE', #384, 0.7000000000000000666 ) ;
#7029 = FACE_OUTER_BOUND ( 'NONE', #7484, .T. ) ;
#7030 = ORIENTED_EDGE ( 'NONE', *, *, #2005, .F. ) ;
#7031 = CARTESIAN_POINT ( 'NONE',  ( 1.748532696896904826, 60.69990933521665255, 6.028547469720868968 ) ) ;
#7032 = CARTESIAN_POINT ( 'NONE',  ( -4.982309704668962169, 59.99999999999999289, 4.294420770107063134 ) ) ;
#7033 = CARTESIAN_POINT ( 'NONE',  ( -5.141711983043551371, 59.83700960661305857, 5.159967592898295763 ) ) ;
#7034 = CARTESIAN_POINT ( 'NONE',  ( 5.004674981595185201, 59.59082966460350406, -5.668351343491813132 ) ) ;
#7035 = DIRECTION ( 'NONE',  ( 0.000000000000000000, 0.000000000000000000, -1.000000000000000000 ) ) ;
#7036 = LINE ( 'NONE', #4061, #3876 ) ;
#7037 = CARTESIAN_POINT ( 'NONE',  ( 3.653078072547735200, 43.59356959559177369, -9.327316825667974598 ) ) ;
#7038 = AXIS2_PLACEMENT_3D ( 'NONE', #25, #6855, #5526 ) ;
#7039 = CARTESIAN_POINT ( 'NONE',  ( -3.584054145202253405, 60.00000000000001421, -7.816458518484846962 ) ) ;
#7040 = CARTESIAN_POINT ( 'NONE',  ( 8.567139404062595887, 59.29999997292472358, -1.500000000000000000 ) ) ;
#7041 = CARTESIAN_POINT ( 'NONE',  ( 5.445780297538359349, 45.08537027135143660, -5.865560415424285523 ) ) ;
#7042 = CARTESIAN_POINT ( 'NONE',  ( 4.642493163787461796, 60.00000000000000000, 6.350060714638954273 ) ) ;
#7043 = EDGE_CURVE ( 'NONE', #1167, #4489, #403, .T. ) ;
#7044 = CARTESIAN_POINT ( 'NONE',  ( -3.113089558098184551, 43.58667614191541162, 9.504040731764368033 ) ) ;
#7045 = EDGE_CURVE ( 'NONE', #3426, #373, #6757, .T. ) ;
#7046 = EDGE_CURVE ( 'NONE', #2713, #7270, #4024, .T. ) ;
#7047 = ORIENTED_EDGE ( 'NONE', *, *, #6609, .T. ) ;
#7048 = EDGE_LOOP ( 'NONE', ( #2756, #1406, #2501, #5383 ) ) ;
#7049 = CARTESIAN_POINT ( 'NONE',  ( 8.412636973789583195, 44.99999999999999289, -2.177115956607904135 ) ) ;
#7050 = VERTEX_POINT ( 'NONE', #7756 ) ;
#7051 = CARTESIAN_POINT ( 'NONE',  ( 9.342996326808290064, 45.42752472520007956, -1.499999999999999556 ) ) ;
#7052 = CYLINDRICAL_SURFACE ( 'NONE', #4475, 2.200000000000000178 ) ;
#7053 = CARTESIAN_POINT ( 'NONE',  ( -1.304534131995712665, 59.99469939789403128, -6.528572331432997089 ) ) ;
#7054 = CARTESIAN_POINT ( 'NONE',  ( 5.335843902305700936, 60.00000000000000711, -6.316869149563671293 ) ) ;
#7055 = AXIS2_PLACEMENT_3D ( 'NONE', #4571, #4011, #7027 ) ;
#7056 = EDGE_CURVE ( 'NONE', #888, #5243, #890, .T. ) ;
#7057 = DIRECTION ( 'NONE',  ( 0.000000000000000000, 0.000000000000000000, -1.000000000000000000 ) ) ;
#7058 = DIRECTION ( 'NONE',  ( -0.000000000000000000, -1.000000000000000000, -0.000000000000000000 ) ) ;
#7059 = CARTESIAN_POINT ( 'NONE',  ( 9.773045838156823706, 59.25597686298502964, 0.8531873427972551660 ) ) ;
#7060 = VERTEX_POINT ( 'NONE', #7636 ) ;
#7061 = EDGE_CURVE ( 'NONE', #5590, #1870, #1945, .T. ) ;
#7062 =( BOUNDED_SURFACE ( )  B_SPLINE_SURFACE ( 3, 2, ( 
 ( #940, #3280, #5775 ),
 ( #5204, #3442, #5737 ),
 ( #4526, #231, #2835 ),
 ( #2109, #4650, #2674 ),
 ( #4568, #6462, #2795 ),
 ( #5286, #5246, #7024 ),
 ( #1507, #7102, #7703 ),
 ( #6987, #1464, #3926 ),
 ( #6383, #865, #3319 ),
 ( #3968, #2954, #5489 ),
 ( #6054, #4198, #2387 ),
 ( #3641, #1025, #2349 ),
 ( #6089, #499, #1063 ),
 ( #6587, #7217, #4884 ) ),
 .UNSPECIFIED., .F., .F., .F. ) 
 B_SPLINE_SURFACE_WITH_KNOTS ( ( 4, 2, 2, 2, 2, 2, 4 ),
 ( 3, 3 ),
 ( 0.001772834456946065229, 0.002650301912888609630, 0.003089035640859882047, 0.003527769368831154030, 0.003966503096802426881, 0.004405236824773698864, 0.005282704280716242831 ),
 ( 0.000000000000000000, 1.000000000000000000 ),
 .UNSPECIFIED. ) 
 GEOMETRIC_REPRESENTATION_ITEM ( )  RATIONAL_B_SPLINE_SURFACE ( (
 ( 1.000000000000000000, 0.7764019833919688640, 1.000000000000000000),
 ( 1.000000000000000000, 0.7764724955933527406, 1.000000000000000000),
 ( 1.000000000000000000, 0.7751264840473217621, 1.000000000000000000),
 ( 1.000000000000000000, 0.7709952323542013097, 1.000000000000000000),
 ( 1.000000000000000000, 0.7692344803650481566, 1.000000000000000000),
 ( 1.000000000000000000, 0.7650189772143263234, 1.000000000000000000),
 ( 1.000000000000000000, 0.7625688308997834453, 1.000000000000000000),
 ( 1.000000000000000000, 0.7568621671777649995, 1.000000000000000000),
 ( 1.000000000000000000, 0.7536059078441583736, 1.000000000000000000),
 ( 1.000000000000000000, 0.7464197732059094648, 1.000000000000000000),
 ( 1.000000000000000000, 0.7424609519007049352, 1.000000000000000000),
 ( 1.000000000000000000, 0.7292012344433642657, 1.000000000000000000),
 ( 1.000000000000000000, 0.7190378339146072939, 1.000000000000000000),
 ( 1.000000000000000000, 0.7071067811865442421, 1.000000000000000000) ) ) 
 REPRESENTATION_ITEM ( '' )  SURFACE ( )  );
#7063 = ORIENTED_EDGE ( 'NONE', *, *, #4759, .T. ) ;
#7064 = DIRECTION ( 'NONE',  ( 0.000000000000000000, 0.000000000000000000, 1.000000000000000000 ) ) ;
#7065 = DIRECTION ( 'NONE',  ( 0.000000000000000000, 0.000000000000000000, -1.000000000000000000 ) ) ;
#7066 = CARTESIAN_POINT ( 'NONE',  ( 0.000000000000000000, 4.299999999999999822, 0.000000000000000000 ) ) ;
#7067 = CARTESIAN_POINT ( 'NONE',  ( -5.183352265423732952, 59.92352707015807312, -7.336614002673352175 ) ) ;
#7068 = CARTESIAN_POINT ( 'NONE',  ( 2.303366213978028210, 58.50000000000000000, 7.689547311047511435 ) ) ;
#7069 = CIRCLE ( 'NONE', #889, 8.000000000000000000 ) ;
#7070 = CARTESIAN_POINT ( 'NONE',  ( -9.543546471450673252, 44.48044224980049677, 1.499999999999998224 ) ) ;
#7071 = CARTESIAN_POINT ( 'NONE',  ( -8.364738265969403841, 59.04439041980842973, -1.499999999999999334 ) ) ;
#7072 = ORIENTED_EDGE ( 'NONE', *, *, #4, .T. ) ;
#7073 = CARTESIAN_POINT ( 'NONE',  ( 2.542861875347126155, 59.24267963121096159, 7.404365964731263183 ) ) ;
#7074 = CARTESIAN_POINT ( 'NONE',  ( -5.140602656669411630, 59.83324556985110831, 5.157184428432588064 ) ) ;
#7075 = CARTESIAN_POINT ( 'NONE',  ( 4.236498312829939827, 45.00000000000000000, -9.058260431528179168 ) ) ;
#7076 = CARTESIAN_POINT ( 'NONE',  ( 5.621956772992692031, 58.50000000000000000, -5.691537757285074051 ) ) ;
#7077 = CARTESIAN_POINT ( 'NONE',  ( 2.067286586997565401, 59.00457541846050447, 7.641552851750949671 ) ) ;
#7078 = DIRECTION ( 'NONE',  ( -0.8660254037844382635, 0.000000000000000000, 0.5000000000000005551 ) ) ;
#7079 = ADVANCED_FACE ( 'NONE', ( #5611 ), #4473, .T. ) ;
#7080 = LINE ( 'NONE', #6478, #2821 ) ;
#7081 = ORIENTED_EDGE ( 'NONE', *, *, #7742, .T. ) ;
#7082 = CARTESIAN_POINT ( 'NONE',  ( -5.635032483231650957, 59.27933203474313473, 6.760162563258244717 ) ) ;
#7083 = CARTESIAN_POINT ( 'NONE',  ( 9.212233130914004420, 59.80290436043461000, -0.8314635783663667512 ) ) ;
#7084 = CARTESIAN_POINT ( 'NONE',  ( 0.000000000000000000, 1.500000000000000000, 0.000000000000000000 ) ) ;
#7085 = CARTESIAN_POINT ( 'NONE',  ( -5.565819297030587087, 59.42314520554081270, 7.942289154900179504 ) ) ;
#7086 = DIRECTION ( 'NONE',  ( 0.000000000000000000, 0.000000000000000000, 1.000000000000000000 ) ) ;
#7087 = CARTESIAN_POINT ( 'NONE',  ( 9.349391837816279249, 45.20841721513703959, -1.515992524295595167 ) ) ;
#7088 = ORIENTED_EDGE ( 'NONE', *, *, #3011, .T. ) ;
#7089 = ORIENTED_EDGE ( 'NONE', *, *, #1596, .F. ) ;
#7090 = FACE_OUTER_BOUND ( 'NONE', #3685, .T. ) ;
#7091 = EDGE_LOOP ( 'NONE', ( #1624, #3027, #2852, #1224, #412, #268 ) ) ;
#7092 = CARTESIAN_POINT ( 'NONE',  ( 9.831876616135099667, 43.85566074628040667, 1.829743230870569670 ) ) ;
#7093 = CARTESIAN_POINT ( 'NONE',  ( -6.673754919703630328, 43.48572453497203583, 7.447122709671401886 ) ) ;
#7094 = CARTESIAN_POINT ( 'NONE',  ( -3.437920288276162584, 60.00000000000000000, -7.554652611666146989 ) ) ;
#7095 = ADVANCED_FACE ( 'NONE', ( #7379 ), #6905, .T. ) ;
#7096 = CARTESIAN_POINT ( 'NONE',  ( -1.967466152116385425, 60.01848078357067351, -6.407751337636108602 ) ) ;
#7097 = DIRECTION ( 'NONE',  ( -0.4999999999999997780, 0.000000000000000000, -0.8660254037844387076 ) ) ;
#7098 = CARTESIAN_POINT ( 'NONE',  ( 3.333725648282742426, 45.44761534702016093, 8.774182201321204744 ) ) ;
#7099 = ORIENTED_EDGE ( 'NONE', *, *, #5920, .F. ) ;
#7100 = ORIENTED_EDGE ( 'NONE', *, *, #3476, .T. ) ;
#7101 = CARTESIAN_POINT ( 'NONE',  ( -9.453389741509532485, 59.63050311187610220, 0.8409783496691779492 ) ) ;
#7102 = CARTESIAN_POINT ( 'NONE',  ( -3.436381141238703307, 44.55925688362587778, -8.951986730797138136 ) ) ;
#7103 = CARTESIAN_POINT ( 'NONE',  ( -0.6928203230275492563, 59.29999999999999716, 0.3999999999999988565 ) ) ;
#7104 = CARTESIAN_POINT ( 'NONE',  ( -5.455003485600987467, 59.63050311187608798, -7.766386493187871665 ) ) ;
#7105 = CARTESIAN_POINT ( 'NONE',  ( 0.000000000000000000, 5.000000000000000000, 0.000000000000000000 ) ) ;
#7106 = EDGE_CURVE ( 'NONE', #2554, #3326, #3446, .T. ) ;
#7107 = DIRECTION ( 'NONE',  ( -0.000000000000000000, -1.000000000000000000, -0.000000000000000000 ) ) ;
#7108 = CYLINDRICAL_SURFACE ( 'NONE', #720, 0.7000000000000000666 ) ;
#7109 = ORIENTED_EDGE ( 'NONE', *, *, #1694, .T. ) ;
#7110 = CARTESIAN_POINT ( 'NONE',  ( 1.274968577019825577, 60.00164933118320931, 6.552719464512645864 ) ) ;
#7111 = DIRECTION ( 'NONE',  ( 0.5000000000000003331, -0.000000000000000000, 0.8660254037844385966 ) ) ;
#7112 = CARTESIAN_POINT ( 'NONE',  ( 3.299574709160149499, 59.77675553006084641, 8.715031039634419940 ) ) ;
#7113 = CARTESIAN_POINT ( 'NONE',  ( -4.702901472075941795E-16, 45.69999999999999574, -2.199999999999997957 ) ) ;
#7114 = CARTESIAN_POINT ( 'NONE',  ( 5.726434492753157635, 58.69786187492299234, -8.198045376808234863 ) ) ;
#7115 = CARTESIAN_POINT ( 'NONE',  ( -8.671988755109993008, 59.27933203474312052, -1.499999999999999334 ) ) ;
#7116 = ORIENTED_EDGE ( 'NONE', *, *, #1447, .T. ) ;
#7117 = CARTESIAN_POINT ( 'NONE',  ( -5.887972618243648704, 58.91913233273815109, 7.198267728372358398 ) ) ;
#7118 = CARTESIAN_POINT ( 'NONE',  ( -9.786274911527252485, 43.48572453497203583, -2.056079944259021186 ) ) ;
#7119 = ADVANCED_FACE ( 'NONE', ( #6864 ), #4323, .T. ) ;
#7120 = CARTESIAN_POINT ( 'NONE',  ( -8.277040690569993586, 45.55979648596240139, 1.510641641447573180 ) ) ;
#7121 = EDGE_CURVE ( 'NONE', #2193, #7838, #3184, .T. ) ;
#7122 = DIRECTION ( 'NONE',  ( 0.4999999999999991673, 0.000000000000000000, -0.8660254037844392627 ) ) ;
#7123 = CIRCLE ( 'NONE', #3009, 17.50000000000000355 ) ;
#7124 = ORIENTED_EDGE ( 'NONE', *, *, #484, .F. ) ;
#7125 = ORIENTED_EDGE ( 'NONE', *, *, #7564, .T. ) ;
#7126 = CARTESIAN_POINT ( 'NONE',  ( -8.658087521192816993, 60.00000000000000000, -0.8085980120589364439 ) ) ;
#7127 = EDGE_LOOP ( 'NONE', ( #4840, #6201, #7648, #217, #3260 ) ) ;
#7128 = FACE_OUTER_BOUND ( 'NONE', #4778, .T. ) ;
#7129 = CARTESIAN_POINT ( 'NONE',  ( -2.350511410906118481, 59.58610933779502972, -7.392331240552930893 ) ) ;
#7130 = CARTESIAN_POINT ( 'NONE',  ( -7.379791994460058291, 59.68470169710482764, -1.739146277466818935 ) ) ;
#7131 = CIRCLE ( 'NONE', #7560, 0.7000000000000001776 ) ;
#7132 = AXIS2_PLACEMENT_3D ( 'NONE', #465, #5450, #580 ) ;
#7133 = LINE ( 'NONE', #5319, #2560 ) ;
#7134 = CARTESIAN_POINT ( 'NONE',  ( 7.729091270268707348, 58.70244047755060279, 2.023894054918784935 ) ) ;
#7135 = FACE_OUTER_BOUND ( 'NONE', #7206, .T. ) ;
#7136 = ORIENTED_EDGE ( 'NONE', *, *, #6239, .F. ) ;
#7137 = VERTEX_POINT ( 'NONE', #2555 ) ;
#7138 = CARTESIAN_POINT ( 'NONE',  ( 9.786345413644342628, 43.50000000000000000, -2.056074766355140415 ) ) ;
#7139 = DIRECTION ( 'NONE',  ( 0.000000000000000000, -1.000000000000000000, 0.000000000000000000 ) ) ;
#7140 = DIRECTION ( 'NONE',  ( -0.5000000000000003331, 0.000000000000000000, -0.8660254037844384856 ) ) ;
#7141 = CARTESIAN_POINT ( 'NONE',  ( 5.132336285888638550, 59.95229064533529595, -7.256164305215617283 ) ) ;
#7142 = CARTESIAN_POINT ( 'NONE',  ( 9.786345413644342628, 43.50000000000000000, 2.056074766355140415 ) ) ;
#7143 = CARTESIAN_POINT ( 'NONE',  ( 3.377673238913743159, 59.66580496981411130, -8.850301661164612810 ) ) ;
#7144 = CARTESIAN_POINT ( 'NONE',  ( -9.907692780744856265, 45.44761534702016093, 1.500000000000001332 ) ) ;
#7145 = EDGE_LOOP ( 'NONE', ( #142, #4226, #7746, #7089 ) ) ;
#7146 = EDGE_CURVE ( 'NONE', #986, #2267, #7419, .T. ) ;
#7147 = CYLINDRICAL_SURFACE ( 'NONE', #1334, 0.6999999999999998446 ) ;
#7148 = CARTESIAN_POINT ( 'NONE',  ( -6.526278488719560400, 59.96606045144800134, -2.145334030481967247 ) ) ;
#7149 = FACE_BOUND ( 'NONE', #3388, .T. ) ;
#7150 = CARTESIAN_POINT ( 'NONE',  ( 5.237381722103658710, 58.61174645308430797, -6.071411241314745411 ) ) ;
#7151 = CARTESIAN_POINT ( 'NONE',  ( 7.802614475959018137, 45.08537027135142949, 1.783403873384863170 ) ) ;
#7152 = CARTESIAN_POINT ( 'NONE',  ( 5.730938494206929690, 59.19488232838110520, -6.926276647018694277 ) ) ;
#7153 = CARTESIAN_POINT ( 'NONE',  ( -3.377673238913717846, 59.66580496981411130, -8.850301661164561295 ) ) ;
#7154 = EDGE_CURVE ( 'NONE', #507, #4469, #3180, .T. ) ;
#7155 = CARTESIAN_POINT ( 'NONE',  ( 8.415859867841584574, 45.02324866275620252, 1.500000000003034462 ) ) ;
#7156 = ORIENTED_EDGE ( 'NONE', *, *, #3117, .F. ) ;
#7157 = EDGE_CURVE ( 'NONE', #7240, #3903, #1951, .T. ) ;
#7158 = AXIS2_PLACEMENT_3D ( 'NONE', #5521, #3635, #3139 ) ;
#7159 = DIRECTION ( 'NONE',  ( 0.000000000000000000, 1.000000000000000000, 0.000000000000000000 ) ) ;
#7160 = CARTESIAN_POINT ( 'NONE',  ( 9.729576255540695939, 59.23193387676813870, -1.499999999999997780 ) ) ;
#7161 = CARTESIAN_POINT ( 'NONE',  ( -3.184711849075474444, 43.73111428290205538, -9.479629466502885293 ) ) ;
#7162 = CARTESIAN_POINT ( 'NONE',  ( -8.992413080768704603, 59.10333606103262127, 1.500000000000001332 ) ) ;
#7163 = AXIS2_PLACEMENT_3D ( 'NONE', #5488, #4959, #1896 ) ;
#7164 = CARTESIAN_POINT ( 'NONE',  ( -5.446005651075785714, 59.22956441742279310, -6.432758485970477835 ) ) ;
#7165 = VERTEX_POINT ( 'NONE', #743 ) ;
#7166 = VERTEX_POINT ( 'NONE', #7235 ) ;
#7167 = DIRECTION ( 'NONE',  ( -1.000000000000000000, -0.000000000000000000, 2.137682487307248399E-16 ) ) ;
#7168 = ORIENTED_EDGE ( 'NONE', *, *, #612, .F. ) ;
#7169 = CARTESIAN_POINT ( 'NONE',  ( -7.691553809211765014, 45.00000000000000000, -2.199999999999999289 ) ) ;
#7170 = CARTESIAN_POINT ( 'NONE',  ( 6.541871224634193460, 43.94854701178304879, -7.509363510767862238 ) ) ;
#7171 = AXIS2_PLACEMENT_3D ( 'NONE', #3860, #3170, #4503 ) ;
#7172 = CARTESIAN_POINT ( 'NONE',  ( -2.118037897910833411, 60.00000000000000000, -7.714526263032193576 ) ) ;
#7173 = CARTESIAN_POINT ( 'NONE',  ( 7.686398746154111450, 58.89955821941175884, 2.027490788662215326 ) ) ;
#7174 = DIRECTION ( 'NONE',  ( 0.4999999999999997780, 0.000000000000000000, -0.8660254037844387076 ) ) ;
#7175 = VERTEX_POINT ( 'NONE', #3200 ) ;
#7176 = EDGE_LOOP ( 'NONE', ( #3187, #3125, #3427, #3772 ) ) ;
#7177 = CARTESIAN_POINT ( 'NONE',  ( -5.349006880311890200, 59.72317080742410411, -5.099735024489032043 ) ) ;
#7178 = CARTESIAN_POINT ( 'NONE',  ( -2.542861875346370759, 59.24267963121435798, 7.404365964729819893 ) ) ;
#7179 = CARTESIAN_POINT ( 'NONE',  ( 3.112559727078459293, 43.60193811140077003, -9.503261121602905703 ) ) ;
#7180 = CARTESIAN_POINT ( 'NONE',  ( 5.705235980852405575, 58.89515726333498691, -8.164235874416991834 ) ) ;
#7181 = AXIS2_PLACEMENT_3D ( 'NONE', #2352, #4809, #7301 ) ;
#7182 = CARTESIAN_POINT ( 'NONE',  ( 8.366600265340755627, 60.00000000000000000, 0.7999999999999998224 ) ) ;
#7183 = CARTESIAN_POINT ( 'NONE',  ( -8.417244204607586155, 58.50000000000000000, 1.500000000000000888 ) ) ;
#7184 = CARTESIAN_POINT ( 'NONE',  ( 5.333741028000387630, 59.35849898938835167, 6.238310454911323077 ) ) ;
#7185 = ORIENTED_EDGE ( 'NONE', *, *, #1099, .F. ) ;
#7186 = VECTOR ( 'NONE', #2034, 1000.000000000000000 ) ;
#7187 = CARTESIAN_POINT ( 'NONE',  ( 8.138491107056422535, 59.99999999999999289, -1.462541795246124821 ) ) ;
#7188 = CARTESIAN_POINT ( 'NONE',  ( -3.437920288276162140, 59.29999999999999716, -7.554652611666146989 ) ) ;
#7189 = CARTESIAN_POINT ( 'NONE',  ( 3.997986192606881151, 59.63125511759706399, 8.606605184383759877 ) ) ;
#7190 = CARTESIAN_POINT ( 'NONE',  ( 5.262762860351371863, 59.87075451882527233, -6.115372662315103902 ) ) ;
#7191 = ADVANCED_FACE ( 'NONE', ( #5654 ), #2595, .T. ) ;
#7192 = CIRCLE ( 'NONE', #638, 8.500000000000000000 ) ;
#7193 = CARTESIAN_POINT ( 'NONE',  ( 6.405613037440913260, 44.71346693900361657, 6.884136443956311524 ) ) ;
#7194 = EDGE_CURVE ( 'NONE', #5590, #2920, #4596, .T. ) ;
#7195 = CARTESIAN_POINT ( 'NONE',  ( 5.795244646061065374, 59.10333606103244364, -7.037658169269298547 ) ) ;
#7196 = ORIENTED_EDGE ( 'NONE', *, *, #6139, .F. ) ;
#7197 = EDGE_LOOP ( 'NONE', ( #7711, #5799, #964, #692, #3630 ) ) ;
#7198 = DIRECTION ( 'NONE',  ( -0.000000000000000000, -1.000000000000000000, -0.000000000000000000 ) ) ;
#7199 = CARTESIAN_POINT ( 'NONE',  ( 8.261481222607418573, 59.29999999999999716, 1.499999999999999778 ) ) ;
#7200 = DIRECTION ( 'NONE',  ( -0.000000000000000000, 1.000000000000000000, 0.000000000000000000 ) ) ;
#7201 = CARTESIAN_POINT ( 'NONE',  ( -5.280591245577411108, 59.84838327266260194, 7.490179181990900048 ) ) ;
#7202 = ADVANCED_FACE ( 'NONE', ( #1463 ), #1247, .F. ) ;
#7203 = EDGE_CURVE ( 'NONE', #1410, #3903, #6009, .T. ) ;
#7204 = CARTESIAN_POINT ( 'NONE',  ( -2.951627783741582967, 45.69999999628198140, 8.112369286472350893 ) ) ;
#7205 = ADVANCED_FACE ( 'NONE', ( #5365 ), #3826, .T. ) ;
#7206 = EDGE_LOOP ( 'NONE', ( #5456, #4606, #4763, #1935 ) ) ;
#7207 = ORIENTED_EDGE ( 'NONE', *, *, #5699, .F. ) ;
#7208 = FILL_AREA_STYLE_COLOUR ( '', #6675 ) ;
#7209 = ORIENTED_EDGE ( 'NONE', *, *, #5531, .F. ) ;
#7210 = CARTESIAN_POINT ( 'NONE',  ( 3.538314276580455164, 60.00000000000000000, 7.728540100183665551 ) ) ;
#7211 = CARTESIAN_POINT ( 'NONE',  ( 2.322778212040117474, 60.44316502280670989, -7.023169877967489150 ) ) ;
#7212 = CARTESIAN_POINT ( 'NONE',  ( 1.280523219922391265, 60.00000000000002132, -6.560065874576957334 ) ) ;
#7213 = CARTESIAN_POINT ( 'NONE',  ( 2.000783404178253733, 45.00000000000000000, 7.746013449242491689 ) ) ;
#7214 = ORIENTED_EDGE ( 'NONE', *, *, #7045, .T. ) ;
#7215 = ORIENTED_EDGE ( 'NONE', *, *, #6320, .F. ) ;
#7216 = DIRECTION ( 'NONE',  ( 1.000000000000000000, -0.000000000000000000, 1.224646799147353207E-16 ) ) ;
#7217 = CARTESIAN_POINT ( 'NONE',  ( -2.806141549344556285, 45.00000000000000000, -7.860379736694798503 ) ) ;
#7218 = CARTESIAN_POINT ( 'NONE',  ( 4.823560934331253769, 59.29999999999999716, -6.754652611666150719 ) ) ;
#7219 = CARTESIAN_POINT ( 'NONE',  ( 5.183352265423718741, 59.92352707015805180, -7.336614002673353063 ) ) ;
#7220 = CARTESIAN_POINT ( 'NONE',  ( -3.538314276580452056, 60.00000000000000000, 7.728540100183666439 ) ) ;
#7221 = B_SPLINE_CURVE_WITH_KNOTS ( 'NONE', 3,
 ( #6373, #1453, #6450, #2058 ),
 .UNSPECIFIED., .F., .F.,
 ( 4, 4 ),
 ( -5.301803231838110483E-06, 0.0002826437288171742656 ),
 .UNSPECIFIED. ) ;
#7222 = EDGE_CURVE ( 'NONE', #5638, #6068, #4242, .T. ) ;
#7223 =( BOUNDED_SURFACE ( )  B_SPLINE_SURFACE ( 3, 2, ( 
 ( #2854, #6525, #5830 ),
 ( #4586, #1003, #7040 ),
 ( #4067, #329, #3460 ),
 ( #2213, #2893, #3943 ),
 ( #7083, #1646, #3987 ),
 ( #3379, #4708, #4669 ),
 ( #445, #6403, #5223 ),
 ( #960, #4104, #7680 ),
 ( #2814, #7160, #6566 ),
 ( #4025, #5345, #7802 ),
 ( #2293, #2168, #7002 ),
 ( #883, #6481, #3421 ) ),
 .UNSPECIFIED., .F., .F., .F. ) 
 B_SPLINE_SURFACE_WITH_KNOTS ( ( 4, 2, 2, 2, 2, 4 ),
 ( 3, 3 ),
 ( 0.000000000000000000, 0.0003130780027722934082, 0.0004696170041584401124, 0.0006261560055445868165, 0.0009392340083168802247, 0.001252312011089173633 ),
 ( 0.000000000000000000, 1.000000000000000000 ),
 .UNSPECIFIED. ) 
 GEOMETRIC_REPRESENTATION_ITEM ( )  RATIONAL_B_SPLINE_SURFACE ( (
 ( 1.000000000000000000, 0.7071067811865473507, 1.000000000000000000),
 ( 1.000000000000000000, 0.7114525854346981371, 1.000000000000000000),
 ( 1.000000000000000000, 0.7155841935930690179, 1.000000000000000000),
 ( 1.000000000000000000, 0.7211136383400770233, 1.000000000000000000),
 ( 1.000000000000000000, 0.7228253759579490456, 1.000000000000000000),
 ( 1.000000000000000000, 0.7260124768012781171, 1.000000000000000000),
 ( 1.000000000000000000, 0.7274944237442182438, 1.000000000000000000),
 ( 1.000000000000000000, 0.7314273696355527710, 1.000000000000000000),
 ( 1.000000000000000000, 0.7334714490888155636, 1.000000000000000000),
 ( 1.000000000000000000, 0.7361867872712627436, 1.000000000000000000),
 ( 1.000000000000000000, 0.7368962947193635760, 1.000000000000000000),
 ( 1.000000000000000000, 0.7368926330804047575, 1.000000000000000000) ) ) 
 REPRESENTATION_ITEM ( '' )  SURFACE ( )  );
#7224 = ADVANCED_FACE ( 'NONE', ( #2313 ), #5324, .F. ) ;
#7225 = CARTESIAN_POINT ( 'NONE',  ( -8.629600431653296155, 45.00452237292401492, 1.500000000000868194 ) ) ;
#7226 = LINE ( 'NONE', #2840, #1112 ) ;
#7227 = ORIENTED_EDGE ( 'NONE', *, *, #1125, .T. ) ;
#7228 = CARTESIAN_POINT ( 'NONE',  ( 7.407088871777816053, 60.00000000000000000, -1.007678096661154488 ) ) ;
#7229 = CARTESIAN_POINT ( 'NONE',  ( 6.094425136967437595, 45.00000000000000711, -6.203124163831105875 ) ) ;
#7230 = CARTESIAN_POINT ( 'NONE',  ( -5.111916151893672655, 59.33639209907575207, 5.854098499111319853 ) ) ;
#7231 = CARTESIAN_POINT ( 'NONE',  ( -5.931801859636056662, 45.44761534702016093, 7.274182201321208296 ) ) ;
#7232 = CARTESIAN_POINT ( 'NONE',  ( 9.265527507918802641, 58.50000000000000000, 0.7999999999999999334 ) ) ;
#7233 = ORIENTED_EDGE ( 'NONE', *, *, #3018, .F. ) ;
#7234 = EDGE_LOOP ( 'NONE', ( #7952, #7572, #3354, #3576 ) ) ;
#7235 = CARTESIAN_POINT ( 'NONE',  ( -6.010435543346970277, 45.00000000000000000, -6.010379736694797970 ) ) ;
#7236 = CARTESIAN_POINT ( 'NONE',  ( 2.831702505627043731, 59.29999999999999716, -7.904652611666150186 ) ) ;
#7237 = CARTESIAN_POINT ( 'NONE',  ( -1.586309633028936794, 60.00000000000000000, 6.481231262062992826 ) ) ;
#7238 = CARTESIAN_POINT ( 'NONE',  ( 5.617137739628885740, 58.70560882366326894, -5.681321299482009479 ) ) ;
#7239 = CARTESIAN_POINT ( 'NONE',  ( 9.786345413644342628, 43.50000000000000000, -2.056074766355139971 ) ) ;
#7240 = VERTEX_POINT ( 'NONE', #4122 ) ;
#7241 = EDGE_LOOP ( 'NONE', ( #904, #5333, #7215, #2456, #2859 ) ) ;
#7242 =( LENGTH_UNIT ( ) NAMED_UNIT ( * ) SI_UNIT ( .MILLI., .METRE. ) );
#7243 = ORIENTED_EDGE ( 'NONE', *, *, #1152, .T. ) ;
#7244 = CARTESIAN_POINT ( 'NONE',  ( 3.949687399644009389, 44.42018426149839172, 9.187113461014874360 ) ) ;
#7245 = CARTESIAN_POINT ( 'NONE',  ( 5.029310180488886672, 60.00000000000000000, 7.093824735512350266 ) ) ;
#7246 = CARTESIAN_POINT ( 'NONE',  ( 2.086410181174451761, 58.90544815734008921, -7.669024679726535787 ) ) ;
#7247 = CARTESIAN_POINT ( 'NONE',  ( 7.739994670571469726, 58.60212650681937419, 2.022988507017579707 ) ) ;
#7248 = CARTESIAN_POINT ( 'NONE',  ( -0.6928203230275487012, 59.29999999999999716, -0.3999999999999976352 ) ) ;
#7249 = ORIENTED_EDGE ( 'NONE', *, *, #5037, .T. ) ;
#7250 = EDGE_CURVE ( 'NONE', #5641, #2329, #5408, .T. ) ;
#7251 = ORIENTED_EDGE ( 'NONE', *, *, #7106, .T. ) ;
#7252 = CARTESIAN_POINT ( 'NONE',  ( -5.621956772992700024, 58.60379722026193861, -5.691537757285066057 ) ) ;
#7253 = CARTESIAN_POINT ( 'NONE',  ( -2.608792545078219671, 58.93661152880312670, 7.518561234482572964 ) ) ;
#7254 = CIRCLE ( 'NONE', #5461, 0.6999999999999997335 ) ;
#7255 = CARTESIAN_POINT ( 'NONE',  ( -5.981411066237367180, 44.42022203625153054, -8.014100419244291729 ) ) ;
#7256 = CARTESIAN_POINT ( 'NONE',  ( -5.094020567058495708, 60.00000000000000000, -5.902222585989805204 ) ) ;
#7257 = CARTESIAN_POINT ( 'NONE',  ( -3.998386255908541465, 59.63050311187610220, 8.607364842857048615 ) ) ;
#7258 = CIRCLE ( 'NONE', #330, 6.500000000000000888 ) ;
#7259 = CARTESIAN_POINT ( 'NONE',  ( 3.323024345389526957, 58.71105033875263501, -8.755647001002982321 ) ) ;
#7260 = DIRECTION ( 'NONE',  ( 0.000000000000000000, 1.000000000000000000, -0.000000000000000000 ) ) ;
#7261 = ORIENTED_EDGE ( 'NONE', *, *, #7292, .F. ) ;
#7262 = CIRCLE ( 'NONE', #3923, 0.7000000000000000666 ) ;
#7263 = EDGE_CURVE ( 'NONE', #5912, #5244, #972, .T. ) ;
#7264 = CARTESIAN_POINT ( 'NONE',  ( -6.113877990629554837, 60.00000000000000000, 6.189547311047512324 ) ) ;
#7265 = CARTESIAN_POINT ( 'NONE',  ( -8.417244204607584379, 45.69089023002221239, -1.499999999999999334 ) ) ;
#7266 = DIRECTION ( 'NONE',  ( 0.000000000000000000, 1.000000000000000000, -0.000000000000000000 ) ) ;
#7267 = CARTESIAN_POINT ( 'NONE',  ( 0.000000000000000000, 60.00000000000000000, 6.500000000000000888 ) ) ;
#7268 = CARTESIAN_POINT ( 'NONE',  ( 3.339723067940030266, 44.64352067352289311, 9.126881344931490503 ) ) ;
#7269 = VERTEX_POINT ( 'NONE', #5892 ) ;
#7270 = VERTEX_POINT ( 'NONE', #5969 ) ;
#7271 = FACE_OUTER_BOUND ( 'NONE', #6815, .T. ) ;
#7272 = DIRECTION ( 'NONE',  ( 1.000000000000000000, -0.000000000000000000, -2.137682487307248399E-16 ) ) ;
#7273 = LINE ( 'NONE', #1762, #5843 ) ;
#7274 = VECTOR ( 'NONE', #5169, 1000.000000000000000 ) ;
#7275 = FACE_OUTER_BOUND ( 'NONE', #4554, .T. ) ;
#7276 = CARTESIAN_POINT ( 'NONE',  ( 9.962932804213766147, 45.00000000000000000, 0.8602150537634408733 ) ) ;
#7277 = CIRCLE ( 'NONE', #358, 10.00000000000000000 ) ;
#7278 = EDGE_CURVE ( 'NONE', #1870, #1665, #6012, .T. ) ;
#7279 = VERTEX_POINT ( 'NONE', #498 ) ;
#7280 = ORIENTED_EDGE ( 'NONE', *, *, #2085, .T. ) ;
#7281 = CARTESIAN_POINT ( 'NONE',  ( 5.001642423467302478, 59.99469939789403838, -4.394045864128567125 ) ) ;
#7282 = EDGE_LOOP ( 'NONE', ( #5171, #3470, #1423 ) ) ;
#7283 = CARTESIAN_POINT ( 'NONE',  ( -4.822463186324151607, 60.00000000000001421, 4.614567224397577938 ) ) ;
#7284 = CARTESIAN_POINT ( 'NONE',  ( 5.931801850617632432, 58.60552633313430704, 7.274182185700825087 ) ) ;
#7285 = CIRCLE ( 'NONE', #4466, 5.000000000000000000 ) ;
#7286 = EDGE_CURVE ( 'NONE', #7569, #7799, #5294, .T. ) ;
#7287 = EDGE_CURVE ( 'NONE', #2661, #2146, #1587, .T. ) ;
#7288 = DIRECTION ( 'NONE',  ( -0.8660254037844384856, 0.000000000000000000, 0.5000000000000003331 ) ) ;
#7289 = CARTESIAN_POINT ( 'NONE',  ( 5.617137739628893733, 58.70560882366326894, 5.681321299482004150 ) ) ;
#7290 = CARTESIAN_POINT ( 'NONE',  ( -3.674903618873794020, 44.02513061313004528, 9.301362600519514245 ) ) ;
#7291 = PRODUCT_DEFINITION ( 'UNKNOWN', '', #1120, #7934 ) ;
#7292 = EDGE_CURVE ( 'NONE', #4064, #1201, #425, .T. ) ;
#7293 = ORIENTED_EDGE ( 'NONE', *, *, #4698, .T. ) ;
#7294 = AXIS2_PLACEMENT_3D ( 'NONE', #1668, #2911, #4044 ) ;
#7295 = ORIENTED_EDGE ( 'NONE', *, *, #5897, .F. ) ;
#7296 = CARTESIAN_POINT ( 'NONE',  ( -5.732181094252094766, 59.19936622830416439, -6.928428893430384150 ) ) ;
#7297 = DIRECTION ( 'NONE',  ( 1.000000000000000000, 0.000000000000000000, -2.137682487307248399E-16 ) ) ;
#7298 = CARTESIAN_POINT ( 'NONE',  ( -2.087340844156334363, 58.89955821941297387, 7.670361972117158089 ) ) ;
#7299 = CARTESIAN_POINT ( 'NONE',  ( -5.726434491383821879, 45.44761534702016093, -8.198045377764733743 ) ) ;
#7300 = CARTESIAN_POINT ( 'NONE',  ( 6.336933253196953331, 44.81422140330005277, 6.737082885697605938 ) ) ;
#7301 = DIRECTION ( 'NONE',  ( 0.000000000000000000, 0.000000000000000000, 1.000000000000000000 ) ) ;
#7302 = EDGE_CURVE ( 'NONE', #4506, #1633, #146, .T. ) ;
#7303 = EDGE_CURVE ( 'NONE', #6492, #4015, #4209, .T. ) ;
#7304 = CARTESIAN_POINT ( 'NONE',  ( -8.210359310042404601, 45.00000000000002132, 2.200000000000001066 ) ) ;
#7305 = CARTESIAN_POINT ( 'NONE',  ( 2.118037897910831191, 45.02275046629593902, 7.714526263032195352 ) ) ;
#7306 = DIRECTION ( 'NONE',  ( 2.137682487307248399E-16, -0.000000000000000000, 1.000000000000000000 ) ) ;
#7307 = ORIENTED_EDGE ( 'NONE', *, *, #7664, .F. ) ;
#7308 = CARTESIAN_POINT ( 'NONE',  ( -6.331382131634717858, 44.82112557137041620, 6.725089513856683077 ) ) ;
#7309 = CARTESIAN_POINT ( 'NONE',  ( 5.968764246581576671, 45.41350888058322965, -7.338202933479877288 ) ) ;
#7310 = CARTESIAN_POINT ( 'NONE',  ( -5.499837474607042864, 58.79691270050302876, 6.525997939390710378 ) ) ;
#7311 = CARTESIAN_POINT ( 'NONE',  ( -2.985025733575565887, 59.30000000000001137, 8.170216232453448413 ) ) ;
#7312 = CIRCLE ( 'NONE', #2683, 0.7000000000000000666 ) ;
#7313 = CARTESIAN_POINT ( 'NONE',  ( 5.413767642734539365, 59.69377025920020685, 7.700993966918958655 ) ) ;
#7314 = ORIENTED_EDGE ( 'NONE', *, *, #4455, .T. ) ;
#7315 = CIRCLE ( 'NONE', #3071, 0.6999999999999999556 ) ;
#7316 = ORIENTED_EDGE ( 'NONE', *, *, #5962, .F. ) ;
#7317 =( BOUNDED_SURFACE ( )  B_SPLINE_SURFACE ( 3, 2, ( 
 ( #7573, #5316, #6576 ),
 ( #3475, #4186, #6001 ),
 ( #7691, #1133, #2183 ),
 ( #377, #491, #5235 ),
 ( #4639, #3592, #6493 ),
 ( #1092, #6653, #1055 ),
 ( #6613, #1696, #3511 ),
 ( #2826, #7092, #1618 ),
 ( #340, #454, #2782 ),
 ( #1575, #3430, #4035 ) ),
 .UNSPECIFIED., .F., .F., .F. ) 
 B_SPLINE_SURFACE_WITH_KNOTS ( ( 4, 2, 2, 2, 4 ),
 ( 3, 3 ),
 ( 0.000000000000000000, 0.0005780509363421557035, 0.001156101872684311407, 0.001734152809026467002, 0.002312203745368622814 ),
 ( 0.000000000000000000, 1.000000000000000000 ),
 .UNSPECIFIED. ) 
 GEOMETRIC_REPRESENTATION_ITEM ( )  RATIONAL_B_SPLINE_SURFACE ( (
 ( 1.000000000000000000, 0.7368926330804038694, 1.000000000000000000),
 ( 1.000000000000000000, 0.7560717295200405363, 1.000000000000000000),
 ( 1.000000000000000000, 0.7784905715805561233, 1.000000000000000000),
 ( 1.000000000000000000, 0.8293914224504932431, 1.000000000000000000),
 ( 1.000000000000000000, 0.8577598976841110945, 1.000000000000000000),
 ( 1.000000000000000000, 0.9135290035520914342, 1.000000000000000000),
 ( 1.000000000000000000, 0.9416745923865520451, 1.000000000000000000),
 ( 1.000000000000000000, 0.9850746835032729853, 1.000000000000000000),
 ( 1.000000000000000000, 1.000068771992388417, 1.000000000000000000),
 ( 1.000000000000000000, 1.000000000000000000, 1.000000000000000000) ) ) 
 REPRESENTATION_ITEM ( '' )  SURFACE ( )  );
#7318 = CARTESIAN_POINT ( 'NONE',  ( -9.585204284570153277, 45.25499018253135830, -1.499999999999998890 ) ) ;
#7319 = CARTESIAN_POINT ( 'NONE',  ( -5.621956772992696472, 45.02275046629593902, 5.691537757285069610 ) ) ;
#7320 = DIRECTION ( 'NONE',  ( 0.000000000000000000, 0.000000000000000000, 1.000000000000000000 ) ) ;
#7321 = CIRCLE ( 'NONE', #1151, 4.299999999999999822 ) ;
#7322 = ADVANCED_FACE ( 'NONE', ( #3755 ), #5602, .F. ) ;
#7323 = CARTESIAN_POINT ( 'NONE',  ( 5.599057901997375630, 58.89955821941293834, 5.642871183454850836 ) ) ;
#7324 = CARTESIAN_POINT ( 'NONE',  ( -5.050505951809059368, 60.28467909235391886, -5.747732912462295118 ) ) ;
#7325 = ORIENTED_EDGE ( 'NONE', *, *, #6912, .T. ) ;
#7326 = DIRECTION ( 'NONE',  ( 1.224646799147353207E-16, 0.000000000000000000, -1.000000000000000000 ) ) ;
#7327 = ORIENTED_EDGE ( 'NONE', *, *, #6211, .F. ) ;
#7328 = DIRECTION ( 'NONE',  ( -0.000000000000000000, -1.000000000000000000, -0.000000000000000000 ) ) ;
#7329 = DIRECTION ( 'NONE',  ( 0.000000000000000000, 0.000000000000000000, -1.000000000000000000 ) ) ;
#7330 = DIRECTION ( 'NONE',  ( -0.000000000000000000, -1.000000000000000000, -0.000000000000000000 ) ) ;
#7331 = CARTESIAN_POINT ( 'NONE',  ( -7.729091270268707348, 58.70244047755060279, -2.023894054918784491 ) ) ;
#7332 = VERTEX_POINT ( 'NONE', #6777 ) ;
#7333 = CARTESIAN_POINT ( 'NONE',  ( 6.091756212301699058, 45.00000000000000711, 6.196999353814065969 ) ) ;
#7334 = CARTESIAN_POINT ( 'NONE',  ( -6.116371473349211385, 60.00000000000000000, -2.200000000000000178 ) ) ;
#7335 = CARTESIAN_POINT ( 'NONE',  ( -2.638445186354456684, 60.00000000000000000, -6.812167921798258696 ) ) ;
#7336 = CARTESIAN_POINT ( 'NONE',  ( 2.908891828240782740, 45.02324866275615989, 8.038348440242069515 ) ) ;
#7337 = CARTESIAN_POINT ( 'NONE',  ( 6.010435543346962284, 45.69999999999999574, -6.010379736694805075 ) ) ;
#7338 = B_SPLINE_CURVE_WITH_KNOTS ( 'NONE', 3,
 ( #3455, #7595, #7752, #2124, #399, #1438, #996, #3373, #2688, #2809, #2849, #3898 ),
 .UNSPECIFIED., .F., .F.,
 ( 4, 2, 2, 2, 2, 4 ),
 ( 0.000000000000000000, 0.0003066895098636515877, 0.0006133790197273031753, 0.001226758039454606351, 0.001840137059181909526, 0.002453516078909212701 ),
 .UNSPECIFIED. ) ;
#7339 = CARTESIAN_POINT ( 'NONE',  ( -9.729526813873084379, 44.16525576120960039, -1.837328304659147094 ) ) ;
#7340 = CARTESIAN_POINT ( 'NONE',  ( -2.901761263253698431, 58.79691270050350482, -8.025997939390647318 ) ) ;
#7341 = DIRECTION ( 'NONE',  ( -0.000000000000000000, -1.000000000000000000, -0.000000000000000000 ) ) ;
#7342 = CARTESIAN_POINT ( 'NONE',  ( 8.627654254995981375, 45.00520482652238741, 1.499999999999967359 ) ) ;
#7343 = ORIENTED_EDGE ( 'NONE', *, *, #6470, .F. ) ;
#7344 = EDGE_CURVE ( 'NONE', #7166, #3429, #3572, .T. ) ;
#7345 = CARTESIAN_POINT ( 'NONE',  ( -1.741996643620818741, 59.72317080742410411, -7.182243355612358826 ) ) ;
#7346 = CARTESIAN_POINT ( 'NONE',  ( -3.437920288276154146, 60.00000000000000000, 7.554652611666146989 ) ) ;
#7347 = CARTESIAN_POINT ( 'NONE',  ( -5.237381724346262146, 58.50000000000000711, 6.071411245200425633 ) ) ;
#7348 = CARTESIAN_POINT ( 'NONE',  ( -6.552722803811650287, 43.62272147863950522, 7.555676689121412437 ) ) ;
#7349 = CARTESIAN_POINT ( 'NONE',  ( -4.217759015874885442, 58.89571938483668134, -9.022886508253163740 ) ) ;
#7350 = ORIENTED_EDGE ( 'NONE', *, *, #3007, .F. ) ;
#7351 = CARTESIAN_POINT ( 'NONE',  ( -10.47128778502770885, 43.47906265129231684, -1.499999999999998668 ) ) ;
#7352 = CARTESIAN_POINT ( 'NONE',  ( -7.739994670903527663, 58.50000000000000000, -2.022988505747125743 ) ) ;
#7353 = DIRECTION ( 'NONE',  ( 0.000000000000000000, 0.000000000000000000, 1.000000000000000000 ) ) ;
#7354 = CARTESIAN_POINT ( 'NONE',  ( 8.004029843291412760, 59.38694842928640583, 1.522743321576345510 ) ) ;
#7355 = CARTESIAN_POINT ( 'NONE',  ( 4.775959246566362282, 59.90411421627850075, 5.272204069931402337 ) ) ;
#7356 = DIRECTION ( 'NONE',  ( -1.000000000000000000, 0.000000000000000000, 0.000000000000000000 ) ) ;
#7357 =( BOUNDED_SURFACE ( )  B_SPLINE_SURFACE ( 3, 2, ( 
 ( #3350, #4038, #6496 ),
 ( #814, #971, #3434 ),
 ( #7611, #223, #2666 ),
 ( #7576, #2061, #4519 ),
 ( #6978, #3915, #3312 ),
 ( #5765, #262, #2708 ),
 ( #1499, #4719, #3478 ),
 ( #7170, #1016, #5925 ),
 ( #417, #2864, #5318 ),
 ( #1657, #6534, #7769 ) ),
 .UNSPECIFIED., .F., .F., .T. ) 
 B_SPLINE_SURFACE_WITH_KNOTS ( ( 4, 2, 2, 2, 4 ),
 ( 3, 3 ),
 ( 0.000000000000000000, 0.0005780509363421561372, 0.001156101872684312274, 0.001734152809026468303, 0.002312203745368624549 ),
 ( 0.000000000000000000, 1.000000000000000000 ),
 .UNSPECIFIED. ) 
 GEOMETRIC_REPRESENTATION_ITEM ( )  RATIONAL_B_SPLINE_SURFACE ( (
 ( 1.000000000000000000, 0.7368926330804047575, 1.000000000000000000),
 ( 1.000000000000000000, 0.7560717295200167776, 1.000000000000000000),
 ( 1.000000000000000000, 0.7784905715805886528, 1.000000000000000000),
 ( 1.000000000000000000, 0.8293914224504613797, 1.000000000000000000),
 ( 1.000000000000000000, 0.8577598976841542822, 1.000000000000000000),
 ( 1.000000000000000000, 0.9135290035520489127, 1.000000000000000000),
 ( 1.000000000000000000, 0.9416745923865523782, 1.000000000000000000),
 ( 1.000000000000000000, 0.9850746835032733184, 1.000000000000000000),
 ( 1.000000000000000000, 1.000068771992385752, 1.000000000000000000),
 ( 1.000000000000000000, 1.000000000000000000, 1.000000000000000000) ) ) 
 REPRESENTATION_ITEM ( '' )  SURFACE ( )  );
#7358 = AXIS2_PLACEMENT_3D ( 'NONE', #6792, #5014, #7468 ) ;
#7359 = EDGE_CURVE ( 'NONE', #7607, #2191, #2465, .T. ) ;
#7360 = ORIENTED_EDGE ( 'NONE', *, *, #6808, .T. ) ;
#7361 = EDGE_LOOP ( 'NONE', ( #5505, #5406, #4881, #452, #453, #2544 ) ) ;
#7362 = CARTESIAN_POINT ( 'NONE',  ( 6.383141489005340397, 43.81655901773041961, -7.698088792575836337 ) ) ;
#7363 = EDGE_CURVE ( 'NONE', #4054, #4432, #577, .T. ) ;
#7364 = CARTESIAN_POINT ( 'NONE',  ( 0.000000000000000000, 60.00000000000000000, 0.000000000000000000 ) ) ;
#7365 = DIRECTION ( 'NONE',  ( 0.000000000000000000, 0.000000000000000000, 1.000000000000000000 ) ) ;
#7366 = FACE_OUTER_BOUND ( 'NONE', #2182, .T. ) ;
#7367 = CARTESIAN_POINT ( 'NONE',  ( -6.500542428403329076, 43.85566074627791266, -7.599783301013170345 ) ) ;
#7368 = ORIENTED_EDGE ( 'NONE', *, *, #6075, .F. ) ;
#7369 = CARTESIAN_POINT ( 'NONE',  ( -3.112559727078462402, 43.50000000000000000, 9.503261121602903927 ) ) ;
#7370 = DIRECTION ( 'NONE',  ( -0.000000000000000000, -1.000000000000000000, -0.000000000000000000 ) ) ;
#7371 = CARTESIAN_POINT ( 'NONE',  ( 9.962932804213766147, 58.50000000000000000, -0.8602150537634407623 ) ) ;
#7372 = CARTESIAN_POINT ( 'NONE',  ( -4.943517077553026162, 59.99999999999999289, -5.111305855758237371 ) ) ;
#7373 = CARTESIAN_POINT ( 'NONE',  ( -2.303366213978023769, 45.09378221735089909, 7.689547311047511435 ) ) ;
#7374 = CARTESIAN_POINT ( 'NONE',  ( -2.590346134394256872, 59.04309822270758445, -7.486611113960543129 ) ) ;
#7375 = CARTESIAN_POINT ( 'NONE',  ( -1.905255888325763536, 45.69999999999999574, 1.099999999999998757 ) ) ;
#7376 = ORIENTED_EDGE ( 'NONE', *, *, #1597, .F. ) ;
#7377 = AXIS2_PLACEMENT_3D ( 'NONE', #657, #3796, #4920 ) ;
#7378 = AXIS2_PLACEMENT_3D ( 'NONE', #7337, #3758, #1822 ) ;
#7379 = FACE_OUTER_BOUND ( 'NONE', #644, .T. ) ;
#7380 = CARTESIAN_POINT ( 'NONE',  ( 6.406065737262772508, 60.00000000000000000, -1.866831190560354292 ) ) ;
#7381 = DIRECTION ( 'NONE',  ( 0.4999999999999997780, -0.000000000000000000, 0.8660254037844387076 ) ) ;
#7382 = CARTESIAN_POINT ( 'NONE',  ( 9.661133820860488441, 59.42314520554077717, -0.8489963266520487162 ) ) ;
#7383 = EDGE_CURVE ( 'NONE', #4112, #4043, #2411, .T. ) ;
#7384 = PLANE ( 'NONE',  #3786 ) ;
#7385 = CARTESIAN_POINT ( 'NONE',  ( -3.939943430931853285, 58.50000000000000000, -8.424182201321201546 ) ) ;
#7386 = ADVANCED_FACE ( 'NONE', ( #4845 ), #1780, .T. ) ;
#7387 = AXIS2_PLACEMENT_3D ( 'NONE', #4707, #5305, #4629 ) ;
#7388 = CARTESIAN_POINT ( 'NONE',  ( -5.413290116057996038, 59.69444939818002638, 7.700237100832431736 ) ) ;
#7389 = ORIENTED_EDGE ( 'NONE', *, *, #7779, .T. ) ;
#7390 = CARTESIAN_POINT ( 'NONE',  ( 4.711798533609943718, 60.00000000000000711, -6.561074455240966330 ) ) ;
#7391 = CARTESIAN_POINT ( 'NONE',  ( -2.136366045425110549, 59.99999999999999289, 6.961081479198731436 ) ) ;
#7392 = CARTESIAN_POINT ( 'NONE',  ( -3.939943430931845292, 58.50000000000000000, 8.424182201321205099 ) ) ;
#7393 = EDGE_CURVE ( 'NONE', #6116, #3015, #2800, .T. ) ;
#7394 = CARTESIAN_POINT ( 'NONE',  ( 4.877198847914508306, 59.80135194356480355, 5.447556203204295677 ) ) ;
#7395 = EDGE_CURVE ( 'NONE', #2920, #4005, #2147, .T. ) ;
#7396 = CARTESIAN_POINT ( 'NONE',  ( -5.530172705284661205, 59.29999999999999716, 6.578540100183667860 ) ) ;
#7397 = ORIENTED_EDGE ( 'NONE', *, *, #1233, .F. ) ;
#7398 = VECTOR ( 'NONE', #4152, 1000.000000000000000 ) ;
#7399 = ORIENTED_EDGE ( 'NONE', *, *, #1759, .F. ) ;
#7400 = CARTESIAN_POINT ( 'NONE',  ( 7.724764266986039019, 45.00752006237845393, 2.081260337159999807 ) ) ;
#7401 = DIRECTION ( 'NONE',  ( 0.000000000000000000, 1.000000000000000000, 0.000000000000000000 ) ) ;
#7402 =( BOUNDED_SURFACE ( )  B_SPLINE_SURFACE ( 3, 2, ( 
 ( #7593, #5622, #3127 ),
 ( #3248, #7472, #6957 ),
 ( #6227, #127, #2120 ),
 ( #3493, #5905, #4738 ),
 ( #5945, #7112, #5257 ),
 ( #2884, #436, #1036 ),
 ( #4018, #4058, #7189 ),
 ( #3453, #2724, #7715 ),
 ( #875, #320, #3331 ),
 ( #6556, #1678, #949 ),
 ( #2283, #4093, #1637 ),
 ( #5860, #3413, #362 ) ),
 .UNSPECIFIED., .F., .F., .F. ) 
 B_SPLINE_SURFACE_WITH_KNOTS ( ( 4, 2, 2, 2, 2, 4 ),
 ( 3, 3 ),
 ( 0.000000000000000000, 0.0003130780027722929746, 0.0004696170041584394618, 0.0006261560055445859491, 0.0009392340083168789237, 0.001252312011089171898 ),
 ( 0.000000000000000000, 1.000000000000000000 ),
 .UNSPECIFIED. ) 
 GEOMETRIC_REPRESENTATION_ITEM ( )  RATIONAL_B_SPLINE_SURFACE ( (
 ( 1.000000000000000000, 0.7071067811865475727, 1.000000000000000000),
 ( 1.000000000000000000, 0.7114525854347016898, 1.000000000000000000),
 ( 1.000000000000000000, 0.7155841935930662423, 1.000000000000000000),
 ( 1.000000000000000000, 0.7211136383400742478, 1.000000000000000000),
 ( 1.000000000000000000, 0.7228253759579433835, 1.000000000000000000),
 ( 1.000000000000000000, 0.7260124768012840013, 1.000000000000000000),
 ( 1.000000000000000000, 0.7274944237442847461, 1.000000000000000000),
 ( 1.000000000000000000, 0.7314273696354189891, 1.000000000000000000),
 ( 1.000000000000000000, 0.7334714490888331051, 1.000000000000000000),
 ( 1.000000000000000000, 0.7361867872712454242, 1.000000000000000000),
 ( 1.000000000000000000, 0.7368962947193764546, 1.000000000000000000),
 ( 1.000000000000000000, 0.7368926330804047575, 1.000000000000000000) ) ) 
 REPRESENTATION_ITEM ( '' )  SURFACE ( )  );
#7403 = CARTESIAN_POINT ( 'NONE',  ( -2.183778260457877707, 59.68468581218330371, 7.260681740207036050 ) ) ;
#7404 = DIRECTION ( 'NONE',  ( 0.8660254037844388186, -0.000000000000000000, 0.4999999999999998335 ) ) ;
#7405 = CARTESIAN_POINT ( 'NONE',  ( -6.673785686565880226, 43.50000000000000000, -7.447186355247759515 ) ) ;
#7406 = VERTEX_POINT ( 'NONE', #62 ) ;
#7407 = VERTEX_POINT ( 'NONE', #1254 ) ;
#7408 = AXIS2_PLACEMENT_3D ( 'NONE', #6422, #5128, #2230 ) ;
#7409 = CARTESIAN_POINT ( 'NONE',  ( -5.931801859636061991, 58.50000000000000000, -7.274182201321202079 ) ) ;
#7410 = DIRECTION ( 'NONE',  ( 0.000000000000000000, 1.000000000000000000, 0.000000000000000000 ) ) ;
#7411 = CARTESIAN_POINT ( 'NONE',  ( -7.739994670903529439, 58.60379722026193861, 2.022988505747127519 ) ) ;
#7412 = CARTESIAN_POINT ( 'NONE',  ( 3.564647676558627687, 44.21244023287263047, 9.174150886881950129 ) ) ;
#7413 = DIRECTION ( 'NONE',  ( 0.000000000000000000, 0.000000000000000000, 1.000000000000000000 ) ) ;
#7414 = CARTESIAN_POINT ( 'NONE',  ( -5.404217760697863859, 45.70000000000001705, -6.360379736694800279 ) ) ;
#7415 = CARTESIAN_POINT ( 'NONE',  ( -7.328324794046071844, 59.51135107530542712, 2.059480617375297307 ) ) ;
#7416 = CARTESIAN_POINT ( 'NONE',  ( 2.602370068565627026, 59.43424132382838820, -7.607860879081759897 ) ) ;
#7417 = VECTOR ( 'NONE', #1047, 1000.000000000000000 ) ;
#7418 = ORIENTED_EDGE ( 'NONE', *, *, #1329, .F. ) ;
#7419 = LINE ( 'NONE', #6826, #7940 ) ;
#7420 = CARTESIAN_POINT ( 'NONE',  ( -7.827952977096005682, 59.98331490994839754, -1.499999999999999112 ) ) ;
#7421 = CARTESIAN_POINT ( 'NONE',  ( -1.152929848348845265, 60.00000000000000000, -6.396933074902872995 ) ) ;
#7422 = CARTESIAN_POINT ( 'NONE',  ( -3.939943430931855062, 45.00000000000000000, -9.124182201321204388 ) ) ;
#7423 = CARTESIAN_POINT ( 'NONE',  ( -4.877198847917234126, 59.80135194356070372, 5.447556203208843151 ) ) ;
#7424 = CARTESIAN_POINT ( 'NONE',  ( 3.538314276580448947, 60.00000000000000000, -7.728540100183667327 ) ) ;
#7425 = CARTESIAN_POINT ( 'NONE',  ( -2.303366213978023769, 45.09378221735089909, 7.689547311047511435 ) ) ;
#7426 = CARTESIAN_POINT ( 'NONE',  ( -5.707893942612304983, 59.21935768393873900, 6.886362312819153786 ) ) ;
#7427 = EDGE_LOOP ( 'NONE', ( #4615, #326, #819, #1203 ) ) ;
#7428 = CARTESIAN_POINT ( 'NONE',  ( 4.576219537464305986, 60.00000000000000711, -5.910892062510111344 ) ) ;
#7429 = ADVANCED_FACE ( 'NONE', ( #3716 ), #655, .T. ) ;
#7430 = CARTESIAN_POINT ( 'NONE',  ( -7.973788868585375056, 45.25654466397778464, -1.604458732745766891 ) ) ;
#7431 = CARTESIAN_POINT ( 'NONE',  ( -7.993230429499641687, 60.00000000000000000, -1.441892303857573276 ) ) ;
#7432 = AXIS2_PLACEMENT_3D ( 'NONE', #1550, #1592, #5289 ) ;
#7433 = EDGE_CURVE ( 'NONE', #3520, #1432, #5362, .T. ) ;
#7434 = CARTESIAN_POINT ( 'NONE',  ( -5.454545633715732755, 59.63125511759706399, -7.765660198968873829 ) ) ;
#7435 = TOROIDAL_SURFACE ( 'NONE', #504, 8.500000000000000000, 1.500000000000000000 ) ;
#7436 = DIRECTION ( 'NONE',  ( 0.000000000000000000, 0.000000000000000000, 1.000000000000000000 ) ) ;
#7437 = EDGE_LOOP ( 'NONE', ( #5819, #3868, #2180, #2735, #422, #1732 ) ) ;
#7438 = CARTESIAN_POINT ( 'NONE',  ( -1.584412262365654467, 60.00000000000002132, 6.483521057486471229 ) ) ;
#7439 = CARTESIAN_POINT ( 'NONE',  ( 9.922928439548231339, 58.89571938483744873, 0.8587567993381338693 ) ) ;
#7440 = AXIS2_PLACEMENT_3D ( 'NONE', #2207, #878, #6476 ) ;
#7441 = VERTEX_POINT ( 'NONE', #3794 ) ;
#7442 = CARTESIAN_POINT ( 'NONE',  ( -9.962932804213766147, 58.69821682416046116, -0.8602150537634397631 ) ) ;
#7443 = ADVANCED_FACE ( 'NONE', ( #7943 ), #6129, .T. ) ;
#7444 = DIRECTION ( 'NONE',  ( 0.000000000000000000, 0.000000000000000000, 1.000000000000000000 ) ) ;
#7445 = CARTESIAN_POINT ( 'NONE',  ( -5.333741028000389406, 59.35849898938835167, -6.238310454911320413 ) ) ;
#7446 = CARTESIAN_POINT ( 'NONE',  ( 7.243632635442290635, 60.44316502280131687, 1.499999999999999112 ) ) ;
#7447 = CARTESIAN_POINT ( 'NONE',  ( -5.931281103983797820, 44.51410979594271566, -8.051836369467496368 ) ) ;
#7448 = VERTEX_POINT ( 'NONE', #4236 ) ;
#7449 = VERTEX_POINT ( 'NONE', #7334 ) ;
#7450 = CARTESIAN_POINT ( 'NONE',  ( -3.112559727078462402, 43.50000000000000000, 9.503261121602903927 ) ) ;
#7451 = CARTESIAN_POINT ( 'NONE',  ( -4.923954922635559228, 59.29999999999999716, -6.928540100183663952 ) ) ;
#7452 = CARTESIAN_POINT ( 'NONE',  ( -4.823560934331257322, 59.29999999999999716, 6.754652611666148943 ) ) ;
#7453 = CARTESIAN_POINT ( 'NONE',  ( 6.632622920445602865, 43.66827298977987226, -7.484074310812413700 ) ) ;
#7454 = CARTESIAN_POINT ( 'NONE',  ( -4.819756104232801874, 60.00000000000000000, -4.614400071502109846 ) ) ;
#7455 = CARTESIAN_POINT ( 'NONE',  ( -7.889772305201280922, 59.43424718601783496, -1.550215491906479892 ) ) ;
#7456 = CARTESIAN_POINT ( 'NONE',  ( -2.445722139227468173, 59.51080168353369970, -7.236115006337962008 ) ) ;
#7457 = CARTESIAN_POINT ( 'NONE',  ( 3.361964695665400349, 45.27938188480974446, 8.823093666145314984 ) ) ;
#7458 = DIRECTION ( 'NONE',  ( 0.000000000000000000, 0.000000000000000000, 1.000000000000000000 ) ) ;
#7459 = EDGE_LOOP ( 'NONE', ( #810, #7376, #1916, #3449 ) ) ;
#7460 = ADVANCED_FACE ( 'NONE', ( #1819 ), #4274, .F. ) ;
#7461 = DIRECTION ( 'NONE',  ( 0.000000000000000000, 0.000000000000000000, -1.000000000000000000 ) ) ;
#7462 = DIRECTION ( 'NONE',  ( 0.000000000000000000, 1.000000000000000000, 0.000000000000000000 ) ) ;
#7463 = CARTESIAN_POINT ( 'NONE',  ( 2.831702505627051281, 59.29999999999999716, 7.904652611666148410 ) ) ;
#7464 = FACE_OUTER_BOUND ( 'NONE', #4247, .T. ) ;
#7465 = CARTESIAN_POINT ( 'NONE',  ( -7.723139820043096293, 59.51119082470241750, 1.603839056462392332 ) ) ;
#7466 = EDGE_CURVE ( 'NONE', #6785, #2909, #4730, .T. ) ;
#7467 = CARTESIAN_POINT ( 'NONE',  ( 0.000000000000000000, 58.50000000000000000, 6.500000000000000888 ) ) ;
#7468 = DIRECTION ( 'NONE',  ( 0.000000000000000000, 0.000000000000000000, 1.000000000000000000 ) ) ;
#7469 = CARTESIAN_POINT ( 'NONE',  ( -6.111034485023759011, 59.39586769377055475, 7.584622214866091561 ) ) ;
#7470 = CARTESIAN_POINT ( 'NONE',  ( -9.907692749335804905, 58.69053078926059186, -1.499999999999965139 ) ) ;
#7471 = CARTESIAN_POINT ( 'NONE',  ( -2.111599702598585093, 58.70560882366327604, 7.705244628815925090 ) ) ;
#7472 = CARTESIAN_POINT ( 'NONE',  ( 3.029425591507630688, 59.99145286394576004, 8.247119042240695919 ) ) ;
#7473 = CARTESIAN_POINT ( 'NONE',  ( -7.039519009676354244, 59.83700960661294488, -1.872869399809495849 ) ) ;
#7474 = CARTESIAN_POINT ( 'NONE',  ( 2.951627783741448408, 45.69999999628198140, -8.112369286472125296 ) ) ;
#7475 = CARTESIAN_POINT ( 'NONE',  ( 2.444483014471591886, 59.99999999999999289, -7.225338309814183901 ) ) ;
#7476 = CARTESIAN_POINT ( 'NONE',  ( 9.427090425819333319, 59.60209052066586821, 1.499999999999880984 ) ) ;
#7477 = ORIENTED_EDGE ( 'NONE', *, *, #1332, .T. ) ;
#7478 = CARTESIAN_POINT ( 'NONE',  ( -3.333725648282747756, 45.44761534702016093, -8.774182201321202967 ) ) ;
#7479 = DIRECTION ( 'NONE',  ( 0.000000000000000000, 0.000000000000000000, -1.000000000000000000 ) ) ;
#7480 = CARTESIAN_POINT ( 'NONE',  ( -3.823205540186648044, 44.47407819879572344, 9.621986243382099957 ) ) ;
#7481 = CARTESIAN_POINT ( 'NONE',  ( 9.510542896295365978, 44.79916475255305386, -1.617518368275974616 ) ) ;
#7482 = CARTESIAN_POINT ( 'NONE',  ( -8.173878615389499558, 59.50074565370237423, -1.499999999999999112 ) ) ;
#7483 = EDGE_LOOP ( 'NONE', ( #2134, #4892, #3481, #2219 ) ) ;
#7484 = EDGE_LOOP ( 'NONE', ( #3638, #6934, #540, #154 ) ) ;
#7485 = VERTEX_POINT ( 'NONE', #3309 ) ;
#7486 = CARTESIAN_POINT ( 'NONE',  ( 0.000000000000000000, 60.00000000000000000, 0.000000000000000000 ) ) ;
#7487 = CARTESIAN_POINT ( 'NONE',  ( 9.464776459753252880, 44.41763316992715716, -2.080652917468234442 ) ) ;
#7488 = CARTESIAN_POINT ( 'NONE',  ( 1.905255888325767311, 45.00000000000000000, 1.099999999999998757 ) ) ;
#7489 = CARTESIAN_POINT ( 'NONE',  ( 3.652509557467875645, 43.48458843367428273, 9.326332128665274723 ) ) ;
#7490 = CARTESIAN_POINT ( 'NONE',  ( -4.960290376086571307, 60.00000000000000000, -5.330688006719886296 ) ) ;
#7491 = CARTESIAN_POINT ( 'NONE',  ( -6.336933253196953331, 44.81422140330005277, -6.737082885697605938 ) ) ;
#7492 = EDGE_CURVE ( 'NONE', #4223, #3903, #990, .T. ) ;
#7493 = CARTESIAN_POINT ( 'NONE',  ( -7.654016395575720999, 58.99743028505169917, 2.030232672128926996 ) ) ;
#7494 = DIRECTION ( 'NONE',  ( -0.4999999999999996114, -2.455935761763231723E-15, -0.8660254037844388186 ) ) ;
#7495 = DIRECTION ( 'NONE',  ( 0.000000000000000000, 0.000000000000000000, 1.000000000000000000 ) ) ;
#7496 = ORIENTED_EDGE ( 'NONE', *, *, #2291, .F. ) ;
#7497 = EDGE_CURVE ( 'NONE', #4874, #5125, #7221, .T. ) ;
#7498 = DIRECTION ( 'NONE',  ( 0.000000000000000000, 1.000000000000000000, 0.000000000000000000 ) ) ;
#7499 = CARTESIAN_POINT ( 'NONE',  ( -9.322007264265570470, 45.27937693539349340, 1.500000000000000888 ) ) ;
#7500 = CARTESIAN_POINT ( 'NONE',  ( -2.199923766695442762, 45.00000000000000000, -8.210379736694797259 ) ) ;
#7501 = CARTESIAN_POINT ( 'NONE',  ( 7.691553809211764126, 45.00000000000000000, -2.199999999999999734 ) ) ;
#7502 = CARTESIAN_POINT ( 'NONE',  ( -2.909583996627139069, 45.00000000000000000, -8.039547311047510192 ) ) ;
#7503 = CARTESIAN_POINT ( 'NONE',  ( 5.960041737809445905, 45.27937693539349340, 7.323095105117058523 ) ) ;
#7504 = CARTESIAN_POINT ( 'NONE',  ( -4.823560934331261763, 60.00000000000000000, -6.754652611666144502 ) ) ;
#7505 = VECTOR ( 'NONE', #4264, 1000.000000000000000 ) ;
#7506 = CARTESIAN_POINT ( 'NONE',  ( -4.236498312829950486, 58.50000000000000711, -9.058260431528175616 ) ) ;
#7507 = CARTESIAN_POINT ( 'NONE',  ( -9.212233130913977774, 59.80290436043463131, -0.8314635783663644197 ) ) ;
#7508 = CARTESIAN_POINT ( 'NONE',  ( -1.920280249655919036, 59.45216504684547942, 7.431751994395109584 ) ) ;
#7509 = CARTESIAN_POINT ( 'NONE',  ( -9.903460166955833088, 44.88446914518875985, -1.452233071378798535 ) ) ;
#7510 = AXIS2_PLACEMENT_3D ( 'NONE', #1176, #3754, #5446 ) ;
#7511 = CYLINDRICAL_SURFACE ( 'NONE', #6755, 0.7000000000000000666 ) ;
#7512 = AXIS2_PLACEMENT_3D ( 'NONE', #4338, #3738, #3048 ) ;
#7513 = CARTESIAN_POINT ( 'NONE',  ( -5.726434492752966676, 58.69786187492244522, -8.198045376808368090 ) ) ;
#7514 = CARTESIAN_POINT ( 'NONE',  ( 3.880331438414712508, 44.20308017121129041, -9.720931201541123556 ) ) ;
#7515 = CARTESIAN_POINT ( 'NONE',  ( 5.951706178612010234, 45.32903582538077814, 7.308657493077602041 ) ) ;
#7516 = CARTESIAN_POINT ( 'NONE',  ( -3.339723067940034706, 44.64352067352289311, -9.126881344931486950 ) ) ;
#7517 = VERTEX_POINT ( 'NONE', #4516 ) ;
#7518 = DIRECTION ( 'NONE',  ( 0.8660254037844387076, 0.000000000000000000, 0.4999999999999998335 ) ) ;
#7519 = CARTESIAN_POINT ( 'NONE',  ( 5.035085020000684253, 59.99999999999999289, 5.729653544559321077 ) ) ;
#7520 =( BOUNDED_SURFACE ( )  B_SPLINE_SURFACE ( 3, 2, ( 
 ( #3467, #2897, #3424 ),
 ( #5267, #4634, #6570 ),
 ( #1128, #4671, #407 ),
 ( #2256, #5350, #5228 ),
 ( #7164, #1651, #7807 ),
 ( #2454, #1846, #1280 ),
 ( #1805, #4261, #6192 ),
 ( #6801, #6076, #681 ),
 ( #2370, #4907, #642 ),
 ( #7324, #4828, #1314 ),
 ( #6115, #3700, #1766 ),
 ( #4302, #5433, #3130 ),
 ( #6725, #1921, #4981 ),
 ( #3626, #1200, #4381 ) ),
 .UNSPECIFIED., .F., .F., .F. ) 
 B_SPLINE_SURFACE_WITH_KNOTS ( ( 4, 2, 2, 2, 2, 2, 4 ),
 ( 3, 3 ),
 ( 0.007251311775856277529, 0.007694002128597643084, 0.008136692481339007771, 0.008579382834080374193, 0.009022073186821738880, 0.009907453892304469989, 0.01079283459778719936 ),
 ( 0.000000000000000000, 1.000000000000000000 ),
 .UNSPECIFIED. ) 
 GEOMETRIC_REPRESENTATION_ITEM ( )  RATIONAL_B_SPLINE_SURFACE ( (
 ( 1.000000000000000000, 0.7914775938769178509, 1.000000000000000000),
 ( 1.000000000000000000, 0.7914751215769419979, 1.000000000000000000),
 ( 1.000000000000000000, 0.7910692898049976884, 1.000000000000000000),
 ( 1.000000000000000000, 0.7894438079031721456, 1.000000000000000000),
 ( 1.000000000000000000, 0.7882037160860719816, 1.000000000000000000),
 ( 1.000000000000000000, 0.7849047533172317515, 1.000000000000000000),
 ( 1.000000000000000000, 0.7828546967483294150, 1.000000000000000000),
 ( 1.000000000000000000, 0.7778217196376573384, 1.000000000000000000),
 ( 1.000000000000000000, 0.7748435908279082129, 1.000000000000000000),
 ( 1.000000000000000000, 0.7646248375016937437, 1.000000000000000000),
 ( 1.000000000000000000, 0.7558737235606233229, 1.000000000000000000),
 ( 1.000000000000000000, 0.7342902559673226692, 1.000000000000000000),
 ( 1.000000000000000000, 0.7211950083353289020, 1.000000000000000000),
 ( 1.000000000000000000, 0.7060162090476741481, 1.000000000000000000) ) ) 
 REPRESENTATION_ITEM ( '' )  SURFACE ( )  );
#7521 = CARTESIAN_POINT ( 'NONE',  ( -5.960040907018715473, 45.27938188480974446, 7.323093666145315872 ) ) ;
#7522 = ORIENTED_EDGE ( 'NONE', *, *, #1551, .T. ) ;
#7523 = ORIENTED_EDGE ( 'NONE', *, *, #612, .T. ) ;
#7524 = CARTESIAN_POINT ( 'NONE',  ( 9.265527507918802641, 43.50000000000000000, -1.500000000000000000 ) ) ;
#7525 = EDGE_LOOP ( 'NONE', ( #6650, #977, #2712 ) ) ;
#7526 = CARTESIAN_POINT ( 'NONE',  ( 9.034079619775649661, 44.87933441066142848, -1.499999999999183764 ) ) ;
#7527 = CARTESIAN_POINT ( 'NONE',  ( 0.000000000000000000, 35.00000000000000000, 0.000000000000000000 ) ) ;
#7528 = EDGE_CURVE ( 'NONE', #7764, #3304, #4081, .T. ) ;
#7529 = CARTESIAN_POINT ( 'NONE',  ( -1.895951398689304845, 59.83324556985117226, -7.030484705653658573 ) ) ;
#7530 = CARTESIAN_POINT ( 'NONE',  ( 8.261481222607418573, 59.29999999999999716, 1.499999999999999556 ) ) ;
#7531 = ADVANCED_FACE ( 'NONE', ( #3878 ), #6144, .F. ) ;
#7532 = CARTESIAN_POINT ( 'NONE',  ( -6.534286512862429674, 44.41763316992680899, -7.156410396553360975 ) ) ;
#7533 = CIRCLE ( 'NONE', #6253, 6.500000000000000888 ) ;
#7534 = ADVANCED_FACE ( 'NONE', ( #2662 ), #7317, .T. ) ;
#7535 = DIRECTION ( 'NONE',  ( 0.000000000000000000, 0.000000000000000000, -1.000000000000000000 ) ) ;
#7536 = CARTESIAN_POINT ( 'NONE',  ( 5.121053014360424704, 59.96606045144802266, 4.579255948162069600 ) ) ;
#7537 = CARTESIAN_POINT ( 'NONE',  ( 9.923053660159576239, 58.89515726333497270, 0.8587613567947235405 ) ) ;
#7538 = ORIENTED_EDGE ( 'NONE', *, *, #3255, .T. ) ;
#7539 = AXIS2_PLACEMENT_3D ( 'NONE', #2308, #975, #1137 ) ;
#7540 = CARTESIAN_POINT ( 'NONE',  ( -3.323024345389580247, 58.71105033875227974, 8.755647001003071139 ) ) ;
#7541 = CARTESIAN_POINT ( 'NONE',  ( -6.095141605147120778, 60.69990933521665255, -1.499999999999999556 ) ) ;
#7542 = EDGE_CURVE ( 'NONE', #2554, #7060, #3959, .T. ) ;
#7543 = CARTESIAN_POINT ( 'NONE',  ( 2.228046189770286123, 60.00000000000000000, 6.642884453143015122 ) ) ;
#7544 = CARTESIAN_POINT ( 'NONE',  ( 3.682582556300974641, 44.03396261278155777, -9.298344948054340975 ) ) ;
#7545 = CARTESIAN_POINT ( 'NONE',  ( -4.920854423397757138, 60.44316502280131687, 5.523169877974974717 ) ) ;
#7546 = ADVANCED_FACE ( 'NONE', ( #7128 ), #6401, .T. ) ;
#7547 = AXIS2_PLACEMENT_3D ( 'NONE', #1213, #3676, #894 ) ;
#7548 = FACE_OUTER_BOUND ( 'NONE', #3951, .T. ) ;
#7549 = CARTESIAN_POINT ( 'NONE',  ( 6.691036173972809031, 60.00000000000000000, 1.527277711114854553 ) ) ;
#7550 = ORIENTED_EDGE ( 'NONE', *, *, #7061, .T. ) ;
#7551 = AXIS2_PLACEMENT_3D ( 'NONE', #4406, #4366, #5008 ) ;
#7552 = CARTESIAN_POINT ( 'NONE',  ( -9.907692780744859817, 58.50000000000000711, -1.499999999999999556 ) ) ;
#7553 = CARTESIAN_POINT ( 'NONE',  ( -1.405225474359136584, 59.96606045144800134, 6.724589978644039512 ) ) ;
#7554 = DIRECTION ( 'NONE',  ( 0.000000000000000000, 1.000000000000000000, 0.000000000000000000 ) ) ;
#7555 = CARTESIAN_POINT ( 'NONE',  ( 3.333725648282736653, 43.50000000000000000, -8.774182201321208296 ) ) ;
#7556 = VECTOR ( 'NONE', #1995, 1000.000000000000000 ) ;
#7557 = CARTESIAN_POINT ( 'NONE',  ( 9.729526813873086155, 44.16525576120960039, 1.837328304659145983 ) ) ;
#7558 = CARTESIAN_POINT ( 'NONE',  ( 9.905312565861821739, 43.69996396030909835, 1.499999999999430011 ) ) ;
#7559 = CARTESIAN_POINT ( 'NONE',  ( 0.000000000000000000, 5.000000000000000000, 0.000000000000000000 ) ) ;
#7560 = AXIS2_PLACEMENT_3D ( 'NONE', #2603, #79, #6869 ) ;
#7561 = CARTESIAN_POINT ( 'NONE',  ( 8.951050627970797535, 59.13703967621340496, 1.500000000000000000 ) ) ;
#7562 = ORIENTED_EDGE ( 'NONE', *, *, #5373, .F. ) ;
#7563 = CARTESIAN_POINT ( 'NONE',  ( 8.417244204607584379, 58.50000000000000000, 1.499999999999999778 ) ) ;
#7564 = EDGE_CURVE ( 'NONE', #3712, #4916, #5396, .T. ) ;
#7565 = CARTESIAN_POINT ( 'NONE',  ( 9.265527507918802641, 45.00000000000000000, 0.8000000000000000444 ) ) ;
#7566 = CARTESIAN_POINT ( 'NONE',  ( -3.608664056891355276, 44.01655506774199722, 9.250389493983549372 ) ) ;
#7567 = VERTEX_POINT ( 'NONE', #7169 ) ;
#7568 = AXIS2_PLACEMENT_3D ( 'NONE', #7467, #750, #5617 ) ;
#7569 = VERTEX_POINT ( 'NONE', #4114 ) ;
#7570 = CARTESIAN_POINT ( 'NONE',  ( 0.000000000000000000, 0.000000000000000000, -2.200000000000000178 ) ) ;
#7571 =( BOUNDED_CURVE ( )  B_SPLINE_CURVE ( 3, ( #3740, #4341, #3091, #5552 ),
 .UNSPECIFIED., .F., .F. ) 
 B_SPLINE_CURVE_WITH_KNOTS ( ( 4, 4 ),
 ( 1.870827355505813028, 2.885943452791515540 ),
 .UNSPECIFIED. ) 
 CURVE ( )  GEOMETRIC_REPRESENTATION_ITEM ( )  RATIONAL_B_SPLINE_CURVE ( ( 1.000000000000000000, 0.9159560062732667873, 0.9159560062732667873, 1.000000000000000000 ) ) 
 REPRESENTATION_ITEM ( '' )  );
#7572 = ORIENTED_EDGE ( 'NONE', *, *, #4841, .F. ) ;
#7573 = CARTESIAN_POINT ( 'NONE',  ( 9.265527507918800865, 45.44761534702016093, 1.500000000000000222 ) ) ;
#7574 = CARTESIAN_POINT ( 'NONE',  ( -5.612865233175188706, 45.00520482652237320, 6.721767759895969974 ) ) ;
#7575 = CARTESIAN_POINT ( 'NONE',  ( 2.614938382869013811, 59.98331490995298054, -7.529206137791141451 ) ) ;
#7576 = CARTESIAN_POINT ( 'NONE',  ( 6.088693522029113403, 44.94768297982632532, -7.397589238707729109 ) ) ;
#7577 = CIRCLE ( 'NONE', #4110, 6.500000000000000888 ) ;
#7578 = CARTESIAN_POINT ( 'NONE',  ( -3.939943430931846180, 45.44761534702016093, 8.424182201321206875 ) ) ;
#7579 = CARTESIAN_POINT ( 'NONE',  ( 3.206716063404925432, 43.83697044614594773, -9.449036540951592400 ) ) ;
#7580 = DIRECTION ( 'NONE',  ( 0.5000000000000002220, 0.000000000000000000, 0.8660254037844385966 ) ) ;
#7581 = ORIENTED_EDGE ( 'NONE', *, *, #7395, .T. ) ;
#7582 = VERTEX_POINT ( 'NONE', #3094 ) ;
#7583 = CARTESIAN_POINT ( 'NONE',  ( 7.927449509345636081, 59.87075451882977717, -1.499999999999999556 ) ) ;
#7584 = CARTESIAN_POINT ( 'NONE',  ( -8.462269199216011728, 59.29999999999999716, 1.500000000000001110 ) ) ;
#7585 = CARTESIAN_POINT ( 'NONE',  ( 1.567452533626017885, 59.99999999999999289, 6.609769517137030093 ) ) ;
#7586 = CARTESIAN_POINT ( 'NONE',  ( 3.112559727078457961, 43.50000000000000000, -9.503261121602903927 ) ) ;
#7587 = DIRECTION ( 'NONE',  ( -0.000000000000000000, 1.000000000000000000, -0.000000000000000000 ) ) ;
#7588 = CARTESIAN_POINT ( 'NONE',  ( -6.669126408624256541, 43.70207799845188390, -7.437554926605177918 ) ) ;
#7589 = CARTESIAN_POINT ( 'NONE',  ( 4.702901472075944753E-16, 45.69999999999999574, 2.199999999999999289 ) ) ;
#7590 = EDGE_LOOP ( 'NONE', ( #1242, #1326, #6641, #5869 ) ) ;
#7591 = CARTESIAN_POINT ( 'NONE',  ( 8.462269199216013504, 60.00000000000000000, 0.7999999999999999334 ) ) ;
#7592 = CARTESIAN_POINT ( 'NONE',  ( -5.931801859636061991, 45.44761534702016093, -7.274182201321202967 ) ) ;
#7593 = CARTESIAN_POINT ( 'NONE',  ( 2.932096493931347858, 59.29999999999999716, 8.078540100183666084 ) ) ;
#7594 = CARTESIAN_POINT ( 'NONE',  ( 5.981411066237365404, 44.42022203625153765, 8.014100419244289952 ) ) ;
#7595 = CARTESIAN_POINT ( 'NONE',  ( -5.621956772992694695, 58.60379722026193861, 5.691537757285070498 ) ) ;
#7596 = CARTESIAN_POINT ( 'NONE',  ( -5.582607807708033221, 59.29999997292472358, -6.669360361681010652 ) ) ;
#7597 = CARTESIAN_POINT ( 'NONE',  ( 2.199923766695432104, 45.00000000000002132, -8.210379736694802588 ) ) ;
#7598 = CARTESIAN_POINT ( 'NONE',  ( 2.350511410906059417, 59.58610933779510077, -7.392331240552858951 ) ) ;
#7599 = CARTESIAN_POINT ( 'NONE',  ( 9.103686651686315301, 58.99281382787367534, 1.500000000000000000 ) ) ;
#7600 = FACE_OUTER_BOUND ( 'NONE', #6061, .T. ) ;
#7601 = CARTESIAN_POINT ( 'NONE',  ( -3.333725648282747756, 45.44761534702016093, -8.774182201321204744 ) ) ;
#7602 = CARTESIAN_POINT ( 'NONE',  ( -2.996190927642124358, 44.25179316161710830, 9.332686369230467349 ) ) ;
#7603 = EDGE_CURVE ( 'NONE', #5918, #2339, #2176, .T. ) ;
#7604 = ORIENTED_EDGE ( 'NONE', *, *, #3984, .T. ) ;
#7605 = ORIENTED_EDGE ( 'NONE', *, *, #2799, .T. ) ;
#7606 = CARTESIAN_POINT ( 'NONE',  ( 5.887972618243656697, 58.91913233273815820, 7.198267728372356622 ) ) ;
#7607 = VERTEX_POINT ( 'NONE', #1318 ) ;
#7608 = CARTESIAN_POINT ( 'NONE',  ( 10.47274709319866126, 43.62712503595879809, -1.500000000000000000 ) ) ;
#7609 = CARTESIAN_POINT ( 'NONE',  ( -8.261481222607418573, 59.29999999999999716, -1.499999999999999334 ) ) ;
#7610 = DIRECTION ( 'NONE',  ( 0.8660254037844388186, 0.000000000000000000, -0.4999999999999996669 ) ) ;
#7611 = CARTESIAN_POINT ( 'NONE',  ( 5.987583956895513815, 45.20841721513658484, -7.338814579335829258 ) ) ;
#7612 = FACE_OUTER_BOUND ( 'NONE', #558, .T. ) ;
#7613 = CARTESIAN_POINT ( 'NONE',  ( -1.905255888325763758, 45.00000000000000000, 1.099999999999998535 ) ) ;
#7614 = CARTESIAN_POINT ( 'NONE',  ( 3.654808284695770126, 45.44761534702016093, 9.330313641016735104 ) ) ;
#7615 = ORIENTED_EDGE ( 'NONE', *, *, #5103, .F. ) ;
#7616 =( BOUNDED_SURFACE ( )  B_SPLINE_SURFACE ( 3, 2, ( 
 ( #1700, #4680, #1660 ),
 ( #7247, #1018, #1097 ),
 ( #7134, #4721, #2906 ),
 ( #7173, #494, #2948 ),
 ( #4079, #5403, #7856 ),
 ( #2344, #4799, #4192 ),
 ( #420, #5320, #5481 ),
 ( #6124, #3138, #3788 ),
 ( #7937, #5559, #3059 ),
 ( #6733, #2496, #5596 ),
 ( #573, #57, #7446 ),
 ( #6771, #101, #2542 ),
 ( #1932, #3025, #4309 ),
 ( #21, #6199, #6164 ) ),
 .UNSPECIFIED., .F., .F., .T. ) 
 B_SPLINE_SURFACE_WITH_KNOTS ( ( 4, 2, 2, 2, 2, 2, 4 ),
 ( 3, 3 ),
 ( 0.007251311775856277529, 0.007694002128595802542, 0.008136692481335328422, 0.008579382834074854303, 0.009022073186814380183, 0.009907453892293430209, 0.01079283459777248197 ),
 ( 0.000000000000000000, 1.000000000000000000 ),
 .UNSPECIFIED. ) 
 GEOMETRIC_REPRESENTATION_ITEM ( )  RATIONAL_B_SPLINE_SURFACE ( (
 ( 1.000000000000000000, 0.7914775938769178509, 1.000000000000000000),
 ( 1.000000000000000000, 0.7914751215769145753, 1.000000000000000000),
 ( 1.000000000000000000, 0.7910692898050377675, 1.000000000000000000),
 ( 1.000000000000000000, 0.7894438079031533828, 1.000000000000000000),
 ( 1.000000000000000000, 0.7882037160860818625, 1.000000000000000000),
 ( 1.000000000000000000, 0.7849047533173046931, 1.000000000000000000),
 ( 1.000000000000000000, 0.7828546967484226737, 1.000000000000000000),
 ( 1.000000000000000000, 0.7778217196377550380, 1.000000000000000000),
 ( 1.000000000000000000, 0.7748435908280207896, 1.000000000000000000),
 ( 1.000000000000000000, 0.7646248375019718546, 1.000000000000000000),
 ( 1.000000000000000000, 0.7558737235613737226, 1.000000000000000000),
 ( 1.000000000000000000, 0.7342902559673791796, 1.000000000000000000),
 ( 1.000000000000000000, 0.7211950083362793640, 1.000000000000000000),
 ( 1.000000000000000000, 0.7060162090484372044, 1.000000000000000000) ) ) 
 REPRESENTATION_ITEM ( '' )  SURFACE ( )  );
#7617 = ORIENTED_EDGE ( 'NONE', *, *, #4796, .F. ) ;
#7618 = CARTESIAN_POINT ( 'NONE',  ( 7.489520489805186365, 59.51080168353728794, -1.499999999999980238 ) ) ;
#7619 = CARTESIAN_POINT ( 'NONE',  ( 3.437920288276156811, 59.29999999999999716, 7.554652611666146989 ) ) ;
#7620 = CARTESIAN_POINT ( 'NONE',  ( -9.265527507918800865, 64.86389322930409662, -1.499999999999999112 ) ) ;
#7621 = CARTESIAN_POINT ( 'NONE',  ( 6.528542069924788471, 43.77306480075829143, 8.307766564460612457 ) ) ;
#7622 = CARTESIAN_POINT ( 'NONE',  ( 9.620215444006039007, 44.18130082873837949, 2.068520304830784529 ) ) ;
#7623 = CARTESIAN_POINT ( 'NONE',  ( -10.45900792849618277, 43.77306480075829143, 1.500000000000001332 ) ) ;
#7624 = CARTESIAN_POINT ( 'NONE',  ( 8.261481222607418573, 60.00000000000000000, 0.7999999999999998224 ) ) ;
#7625 = ORIENTED_EDGE ( 'NONE', *, *, #6075, .T. ) ;
#7626 = CARTESIAN_POINT ( 'NONE',  ( 1.991076021553586317, 59.26974757816812911, 7.532650428939827059 ) ) ;
#7627 = CARTESIAN_POINT ( 'NONE',  ( -6.116371473349211385, 60.00000000000000000, -2.200000000000000178 ) ) ;
#7628 = CARTESIAN_POINT ( 'NONE',  ( -4.692729308418466694, 60.00000000000000000, 5.036567969704226932 ) ) ;
#7629 = ADVANCED_FACE ( 'NONE', ( #3668 ), #7806, .T. ) ;
#7630 = CARTESIAN_POINT ( 'NONE',  ( 5.621956773927223594, 58.60212650681937419, -5.691537756361968015 ) ) ;
#7631 = EDGE_CURVE ( 'NONE', #3153, #6814, #1246, .T. ) ;
#7632 = CARTESIAN_POINT ( 'NONE',  ( -5.429778716980364628, 59.29999999999999716, 6.404652611666149298 ) ) ;
#7633 = EDGE_CURVE ( 'NONE', #6687, #7668, #3522, .T. ) ;
#7634 = CARTESIAN_POINT ( 'NONE',  ( 6.163826233446950909, 59.23193387676813160, -7.676060205356028732 ) ) ;
#7635 = CARTESIAN_POINT ( 'NONE',  ( 3.608664056891382810, 44.01655506774148563, -9.250389493983423250 ) ) ;
#7636 = CARTESIAN_POINT ( 'NONE',  ( 4.236498312829946045, 58.50000000000000000, 9.058260431528175616 ) ) ;
#7637 = DIRECTION ( 'NONE',  ( 0.000000000000000000, 0.000000000000000000, -1.000000000000000000 ) ) ;
#7638 = AXIS2_PLACEMENT_3D ( 'NONE', #7903, #6665, #2914 ) ;
#7639 = CARTESIAN_POINT ( 'NONE',  ( -7.708636127189048892, 45.00000000000000000, -2.140277469132569443 ) ) ;
#7640 = EDGE_CURVE ( 'NONE', #7269, #4480, #1691, .T. ) ;
#7641 = CARTESIAN_POINT ( 'NONE',  ( -1.299038105676656452, 64.86389322930409662, 0.7499999999999987788 ) ) ;
#7642 = EDGE_CURVE ( 'NONE', #7929, #3305, #4007, .T. ) ;
#7643 = DIRECTION ( 'NONE',  ( 0.000000000000000000, 0.000000000000000000, 1.000000000000000000 ) ) ;
#7644 = AXIS2_PLACEMENT_3D ( 'NONE', #1679, #3533, #4776 ) ;
#7645 = ORIENTED_EDGE ( 'NONE', *, *, #6879, .F. ) ;
#7646 = ORIENTED_EDGE ( 'NONE', *, *, #6952, .F. ) ;
#7647 = CARTESIAN_POINT ( 'NONE',  ( 8.564853449329138613, 45.67785335177063644, 1.499999999999999112 ) ) ;
#7648 = ORIENTED_EDGE ( 'NONE', *, *, #1856, .F. ) ;
#7649 = CARTESIAN_POINT ( 'NONE',  ( 10.35873908818267175, 44.20308017121179489, -1.500000000000000000 ) ) ;
#7650 = CARTESIAN_POINT ( 'NONE',  ( -6.297959109934657462, 44.85047874796377698, 6.651825605145872622 ) ) ;
#7651 = CARTESIAN_POINT ( 'NONE',  ( -9.786345413644342628, 43.50000000000000000, -2.056074766355139083 ) ) ;
#7652 = CARTESIAN_POINT ( 'NONE',  ( -7.036554055358847037, 59.83324556985109410, -1.873300277221194632 ) ) ;
#7653 = CARTESIAN_POINT ( 'NONE',  ( -2.989746455295628991, 44.27033229744417753, -9.323283689439481492 ) ) ;
#7654 = CARTESIAN_POINT ( 'NONE',  ( 0.000000000000000000, 0.000000000000000000, 0.000000000000000000 ) ) ;
#7655 = CARTESIAN_POINT ( 'NONE',  ( 9.376140231109788559, 59.69377025920019975, 0.8379633253348279798 ) ) ;
#7656 = ORIENTED_EDGE ( 'NONE', *, *, #3038, .F. ) ;
#7657 = ORIENTED_EDGE ( 'NONE', *, *, #3852, .T. ) ;
#7658 = DIRECTION ( 'NONE',  ( 0.000000000000000000, 1.000000000000000000, 0.000000000000000000 ) ) ;
#7659 = CARTESIAN_POINT ( 'NONE',  ( -9.683653389197745653, 44.32657898966731835, 1.780916593824087402 ) ) ;
#7660 = VECTOR ( 'NONE', #1298, 1000.000000000000000 ) ;
#7661 = CARTESIAN_POINT ( 'NONE',  ( 7.739994670903527663, 45.02275046629593902, -2.022988505747125743 ) ) ;
#7662 = CARTESIAN_POINT ( 'NONE',  ( 6.534286512862494511, 44.41763316992680899, 7.156410396553299691 ) ) ;
#7663 = DIRECTION ( 'NONE',  ( 0.000000000000000000, 0.000000000000000000, 1.000000000000000000 ) ) ;
#7664 = EDGE_CURVE ( 'NONE', #4172, #5773, #3128, .T. ) ;
#7665 = CARTESIAN_POINT ( 'NONE',  ( 0.000000000000000000, 4.299999999999999822, 0.000000000000000000 ) ) ;
#7666 = CARTESIAN_POINT ( 'NONE',  ( -8.417244204607584379, 58.77569987213451697, -1.499999999999999334 ) ) ;
#7667 =( BOUNDED_SURFACE ( )  B_SPLINE_SURFACE ( 3, 2, ( 
 ( #7093, #932, #3348 ),
 ( #4640, #260, #3431 ),
 ( #3996, #3310, #3956 ),
 ( #3879, #1576, #300 ),
 ( #2059, #2706, #2783 ),
 ( #5155, #5991, #6413 ),
 ( #895, #6331, #5804 ),
 ( #482, #2740, #3271 ),
 ( #2097, #4036, #5079 ),
 ( #5727, #4556, #221 ),
 ( #7650, #7014, #5117 ),
 ( #1497, #7574, #4517 ),
 ( #3912, #7842, #6722 ),
 ( #5548, #6035, #2934 ) ),
 .UNSPECIFIED., .F., .F., .F. ) 
 B_SPLINE_SURFACE_WITH_KNOTS ( ( 4, 2, 2, 2, 2, 2, 4 ),
 ( 3, 3 ),
 ( 0.001772834456946065229, 0.002650301912888612665, 0.003089035640859886384, 0.003527769368831160102, 0.003966503096802433820, 0.004405236824773707538, 0.005282704280716254974 ),
 ( 0.000000000000000000, 1.000000000000000000 ),
 .UNSPECIFIED. ) 
 GEOMETRIC_REPRESENTATION_ITEM ( )  RATIONAL_B_SPLINE_SURFACE ( (
 ( 1.000000000000000000, 0.7764019833919691971, 1.000000000000000000),
 ( 1.000000000000000000, 0.7764724955933642869, 1.000000000000000000),
 ( 1.000000000000000000, 0.7751264840473062190, 1.000000000000000000),
 ( 1.000000000000000000, 0.7709952323542101915, 1.000000000000000000),
 ( 1.000000000000000000, 0.7692344803650245089, 1.000000000000000000),
 ( 1.000000000000000000, 0.7650189772143515254, 1.000000000000000000),
 ( 1.000000000000000000, 0.7625688308998160858, 1.000000000000000000),
 ( 1.000000000000000000, 0.7568621671777323590, 1.000000000000000000),
 ( 1.000000000000000000, 0.7536059078440128234, 1.000000000000000000),
 ( 1.000000000000000000, 0.7464197732060561252, 1.000000000000000000),
 ( 1.000000000000000000, 0.7424609519006304392, 1.000000000000000000),
 ( 1.000000000000000000, 0.7292012344435117033, 1.000000000000000000),
 ( 1.000000000000000000, 0.7190378339144968267, 1.000000000000000000),
 ( 1.000000000000000000, 0.7071067811865434649, 1.000000000000000000) ) ) 
 REPRESENTATION_ITEM ( '' )  SURFACE ( )  );
#7668 = VERTEX_POINT ( 'NONE', #1809 ) ;
#7669 = CARTESIAN_POINT ( 'NONE',  ( 2.639305512992946579, 58.49999999999998579, 7.571411245200422968 ) ) ;
#7670 = CARTESIAN_POINT ( 'NONE',  ( -5.196040854413433330, 59.68470169710480633, 5.521514203114036512 ) ) ;
#7671 = CARTESIAN_POINT ( 'NONE',  ( -4.712485426358078655, 60.00000000000000000, 6.562264139353188419 ) ) ;
#7672 = CARTESIAN_POINT ( 'NONE',  ( 5.231155090398135421, 58.72161683362927675, -6.060626398842321017 ) ) ;
#7673 = CARTESIAN_POINT ( 'NONE',  ( 3.112559727078458405, 43.50000000000000000, -9.503261121602903927 ) ) ;
#7674 = B_SPLINE_CURVE_WITH_KNOTS ( 'NONE', 3,
 ( #2905, #7212, #6616, #4798, #1096, #3555, #6005, #2947, #7246, #4191, #6656, #3098 ),
 .UNSPECIFIED., .F., .F.,
 ( 4, 2, 2, 2, 2, 4 ),
 ( 0.000000000000000000, 0.0006170047189677833020, 0.001234009437935566604, 0.001851014156903350123, 0.002159516516387241340, 0.002468018875871132774 ),
 .UNSPECIFIED. ) ;
#7675 = DIRECTION ( 'NONE',  ( -0.000000000000000000, -1.000000000000000000, -0.000000000000000000 ) ) ;
#7676 = CARTESIAN_POINT ( 'NONE',  ( 9.701924186207385503, 45.16247519026173052, 1.500000000000000000 ) ) ;
#7677 = VECTOR ( 'NONE', #6738, 1000.000000000000000 ) ;
#7678 = ORIENTED_EDGE ( 'NONE', *, *, #2279, .F. ) ;
#7679 = CARTESIAN_POINT ( 'NONE',  ( -3.886459418056071424, 59.80239937500297032, -8.394543142822634252 ) ) ;
#7680 = CARTESIAN_POINT ( 'NONE',  ( 9.103686651686405895, 58.99281382787331296, -1.500000000000000000 ) ) ;
#7681 = ADVANCED_FACE ( 'NONE', ( #685 ), #4910, .F. ) ;
#7682 = CARTESIAN_POINT ( 'NONE',  ( -3.232363954259855454, 43.94854701178316247, -9.420108424203522901 ) ) ;
#7683 = CARTESIAN_POINT ( 'NONE',  ( -9.922928439548542201, 58.89571938483669555, 0.8587567993381420850 ) ) ;
#7684 = CARTESIAN_POINT ( 'NONE',  ( 4.952264635870883502, 60.00000001127101257, 4.425775323662102245 ) ) ;
#7685 = CARTESIAN_POINT ( 'NONE',  ( 9.847878467118162504, 43.75189518330586935, -1.743537425422919007 ) ) ;
#7686 = ORIENTED_EDGE ( 'NONE', *, *, #3619, .F. ) ;
#7687 = VERTEX_POINT ( 'NONE', #4266 ) ;
#7688 = ADVANCED_FACE ( 'NONE', ( #5515 ), #18, .T. ) ;
#7689 = DIRECTION ( 'NONE',  ( -0.000000000000000000, -1.000000000000000000, -0.000000000000000000 ) ) ;
#7690 = ORIENTED_EDGE ( 'NONE', *, *, #6322, .T. ) ;
#7691 = CARTESIAN_POINT ( 'NONE',  ( 9.349391837816231288, 45.20841721513652800, 1.515992524295763921 ) ) ;
#7692 = DIRECTION ( 'NONE',  ( -0.4999999999999991118, 0.000000000000000000, 0.8660254037844391517 ) ) ;
#7693 = CARTESIAN_POINT ( 'NONE',  ( 2.664686648996281271, 59.87075451882986954, -7.615372662312027252 ) ) ;
#7694 = CARTESIAN_POINT ( 'NONE',  ( 5.011666995127633584, 60.00000000000000000, -4.446219355845540733 ) ) ;
#7695 = CIRCLE ( 'NONE', #502, 8.000000000000000000 ) ;
#7696 = CARTESIAN_POINT ( 'NONE',  ( -1.854671534562599700, 60.02895608274851469, -6.212385329214467511 ) ) ;
#7697 = CARTESIAN_POINT ( 'NONE',  ( 3.354459450132730058, 44.79916475255303965, -9.045130936111410946 ) ) ;
#7698 = CARTESIAN_POINT ( 'NONE',  ( 3.694059351447993578, 44.88446914518874564, 9.302764625640540075 ) ) ;
#7699 = AXIS2_PLACEMENT_3D ( 'NONE', #4220, #6156, #564 ) ;
#7700 = ORIENTED_EDGE ( 'NONE', *, *, #5179, .F. ) ;
#7701 = VERTEX_POINT ( 'NONE', #5068 ) ;
#7702 = CARTESIAN_POINT ( 'NONE',  ( -3.636134057090457006, 58.88145147495340126, 9.297968930012277866 ) ) ;
#7703 = CARTESIAN_POINT ( 'NONE',  ( -3.657543991937642236, 44.95751050121653947, -9.335052024954281435 ) ) ;
#7704 = CARTESIAN_POINT ( 'NONE',  ( -9.786345413644342628, 43.50000000000000000, 2.056074766355141303 ) ) ;
#7705 = CARTESIAN_POINT ( 'NONE',  ( -5.326657905820835204, 59.80239937500298453, -7.563044158225155300 ) ) ;
#7706 = CYLINDRICAL_SURFACE ( 'NONE', #2804, 0.7000000000000000666 ) ;
#7707 = AXIS2_PLACEMENT_3D ( 'NONE', #3985, #5455, #7719 ) ;
#7708 = B_SPLINE_CURVE_WITH_KNOTS ( 'NONE', 3,
 ( #6606, #1083, #7120, #2170 ),
 .UNSPECIFIED., .F., .F.,
 ( 4, 4 ),
 ( -5.301803231858146200E-06, 0.0002826437288171532863 ),
 .UNSPECIFIED. ) ;
#7709 = CARTESIAN_POINT ( 'NONE',  ( -9.911476223375970562, 44.95928555182352682, 1.500000000000001332 ) ) ;
#7710 = DIRECTION ( 'NONE',  ( 0.000000000000000000, 0.000000000000000000, -1.000000000000000000 ) ) ;
#7711 = ORIENTED_EDGE ( 'NONE', *, *, #4425, .F. ) ;
#7712 = EDGE_CURVE ( 'NONE', #7332, #5271, #7925, .T. ) ;
#7713 = CARTESIAN_POINT ( 'NONE',  ( 2.787901202018183699, 59.50074565370237423, 7.828786528377838394 ) ) ;
#7714 = CARTESIAN_POINT ( 'NONE',  ( -5.039136279877934221, 59.97334755155950603, 4.589865193077304895 ) ) ;
#7715 = CARTESIAN_POINT ( 'NONE',  ( 4.094999090687566401, 59.42402592094064318, 8.790688023228895531 ) ) ;
#7716 = CARTESIAN_POINT ( 'NONE',  ( 4.643894114759654634, 60.65107842505428692, -5.043460551733827124 ) ) ;
#7717 = DIRECTION ( 'NONE',  ( -2.137682487307248399E-16, 0.000000000000000000, -1.000000000000000000 ) ) ;
#7718 = CARTESIAN_POINT ( 'NONE',  ( -8.417244204607586155, 58.77569987213450986, 1.500000000000001110 ) ) ;
#7719 = DIRECTION ( 'NONE',  ( 0.000000000000000000, 0.000000000000000000, 1.000000000000000000 ) ) ;
#7720 = ORIENTED_EDGE ( 'NONE', *, *, #7466, .F. ) ;
#7721 = CARTESIAN_POINT ( 'NONE',  ( 2.118037897910831191, 60.00000000000000000, 7.714526263032195352 ) ) ;
#7722 = FACE_OUTER_BOUND ( 'NONE', #3020, .T. ) ;
#7723 = CARTESIAN_POINT ( 'NONE',  ( 2.831702505627049948, 59.29999999999999716, 7.904652611666146633 ) ) ;
#7724 = CARTESIAN_POINT ( 'NONE',  ( -9.114242130927092234, 59.82458473914901731, 1.500000000000160316 ) ) ;
#7725 = CARTESIAN_POINT ( 'NONE',  ( 9.903460166955831312, 44.88446914518874564, -1.452233071378640661 ) ) ;
#7726 = ORIENTED_EDGE ( 'NONE', *, *, #6952, .T. ) ;
#7727 = EDGE_LOOP ( 'NONE', ( #1904, #5284, #7918, #5466 ) ) ;
#7728 = CARTESIAN_POINT ( 'NONE',  ( -9.886859966642592923, 45.00000000000000000, 2.200000000000001510 ) ) ;
#7729 = ORIENTED_EDGE ( 'NONE', *, *, #4814, .T. ) ;
#7730 = CARTESIAN_POINT ( 'NONE',  ( 4.147641006028648825, 59.25597686298502964, 8.890299639592219805 ) ) ;
#7731 = CARTESIAN_POINT ( 'NONE',  ( 1.143435191608415336, 59.99993818310217364, -6.384802962201500343 ) ) ;
#7732 = CARTESIAN_POINT ( 'NONE',  ( 4.963441625000369228, 60.00000000000000000, -4.196933074902879035 ) ) ;
#7733 = CARTESIAN_POINT ( 'NONE',  ( 4.147641006028639943, 59.25597686298502254, -8.890299639592221581 ) ) ;
#7734 = CARTESIAN_POINT ( 'NONE',  ( -7.546391714415796592, 59.59810576463000587, 1.669600348188090777 ) ) ;
#7735 = DIRECTION ( 'NONE',  ( 0.000000000000000000, 1.000000000000000000, 0.000000000000000000 ) ) ;
#7736 = ORIENTED_EDGE ( 'NONE', *, *, #6110, .F. ) ;
#7737 = ORIENTED_EDGE ( 'NONE', *, *, #6860, .F. ) ;
#7738 = CARTESIAN_POINT ( 'NONE',  ( -9.797621483897225758, 43.66696327352011053, 2.002403800586306293 ) ) ;
#7739 = DIRECTION ( 'NONE',  ( -0.000000000000000000, -1.000000000000000000, -0.000000000000000000 ) ) ;
#7740 = CARTESIAN_POINT ( 'NONE',  ( -5.726434491383824543, 58.69821682416048247, -8.198045377764733743 ) ) ;
#7741 = CARTESIAN_POINT ( 'NONE',  ( -3.333725648282747756, 45.44761534702016093, -8.774182201321204744 ) ) ;
#7742 = EDGE_CURVE ( 'NONE', #7567, #986, #1401, .T. ) ;
#7743 = ADVANCED_FACE ( 'NONE', ( #7600 ), #4588, .F. ) ;
#7744 = CARTESIAN_POINT ( 'NONE',  ( 3.125734029324462870, 59.94520046359347987, -8.413930149736257746 ) ) ;
#7745 = DIRECTION ( 'NONE',  ( 0.000000000000000000, 0.000000000000000000, 1.000000000000000000 ) ) ;
#7746 = ORIENTED_EDGE ( 'NONE', *, *, #2037, .F. ) ;
#7747 = TOROIDAL_SURFACE ( 'NONE', #7358, 8.500000000000000000, 1.500000000000000000 ) ;
#7748 = DIRECTION ( 'NONE',  ( -0.000000000000000000, -1.000000000000000000, -0.000000000000000000 ) ) ;
#7749 = CARTESIAN_POINT ( 'NONE',  ( -7.728737442227481047, 58.70560882366326894, -2.023923329333917831 ) ) ;
#7750 = CARTESIAN_POINT ( 'NONE',  ( -4.943517077551742744, 59.99999999999999289, 5.111305855757243499 ) ) ;
#7751 = CARTESIAN_POINT ( 'NONE',  ( 5.549634385861211605, 59.18232658162446569, -5.537252423112866140 ) ) ;
#7752 = CARTESIAN_POINT ( 'NONE',  ( -5.617137739628889292, 58.70560882366326894, 5.681321299482008591 ) ) ;
#7753 = CARTESIAN_POINT ( 'NONE',  ( -9.265527507918799088, 58.50000000000000000, 0.8000000000000012657 ) ) ;
#7754 = CARTESIAN_POINT ( 'NONE',  ( 9.339452281809814238, 45.41350888058322965, 1.500000000000000000 ) ) ;
#7755 = EDGE_LOOP ( 'NONE', ( #5545, #7851, #937, #4955, #3993 ) ) ;
#7756 = CARTESIAN_POINT ( 'NONE',  ( -2.303366213978023769, 58.50000000000000000, 7.689547311047511435 ) ) ;
#7757 = CARTESIAN_POINT ( 'NONE',  ( 2.057406622567554354E-15, 0.7000000000000000666, -16.80000000000000426 ) ) ;
#7758 = LINE ( 'NONE', #2895, #6136 ) ;
#7759 = CARTESIAN_POINT ( 'NONE',  ( -8.849544270001935331, 59.94520046359311749, 1.499999999999680478 ) ) ;
#7760 = FACE_OUTER_BOUND ( 'NONE', #1879, .T. ) ;
#7761 = AXIS2_PLACEMENT_3D ( 'NONE', #5539, #37, #2476 ) ;
#7762 = ORIENTED_EDGE ( 'NONE', *, *, #4108, .T. ) ;
#7763 = VECTOR ( 'NONE', #3162, 1000.000000000000000 ) ;
#7764 = VERTEX_POINT ( 'NONE', #7563 ) ;
#7765 = CARTESIAN_POINT ( 'NONE',  ( 9.265527507918800865, 58.50000000000000000, -0.8000000000000000444 ) ) ;
#7766 = ORIENTED_EDGE ( 'NONE', *, *, #2175, .T. ) ;
#7767 = CARTESIAN_POINT ( 'NONE',  ( 3.187072913392884121, 43.55919343493789597, 9.478856157886676570 ) ) ;
#7768 = CARTESIAN_POINT ( 'NONE',  ( 2.045817903400304338, 60.65107842505666724, -6.543460551723373264 ) ) ;
#7769 = CARTESIAN_POINT ( 'NONE',  ( 6.673785686565892661, 43.49999999999995737, -7.447186355247826128 ) ) ;
#7770 = AXIS2_PLACEMENT_3D ( 'NONE', #1850, #570, #7329 ) ;
#7771 = CIRCLE ( 'NONE', #711, 8.500000000000000000 ) ;
#7772 = CARTESIAN_POINT ( 'NONE',  ( 1.426713521006666606E-15, 1.500000000000000000, -11.30000000000000249 ) ) ;
#7773 = CARTESIAN_POINT ( 'NONE',  ( 5.621956772992698248, 58.60379722026193861, 5.691537757285066945 ) ) ;
#7774 = B_SPLINE_CURVE_WITH_KNOTS ( 'NONE', 3,
 ( #7898, #6087, #6776, #7296, #1253, #5487, #1779, #7409 ),
 .UNSPECIFIED., .F., .F.,
 ( 4, 2, 2, 4 ),
 ( 0.000000000000000000, 0.0003130780027722935167, 0.0006261560055445870333, 0.001252312011089172982 ),
 .UNSPECIFIED. ) ;
#7775 = CARTESIAN_POINT ( 'NONE',  ( 2.059957809623492953, 45.00752006237845393, 7.730472262036187203 ) ) ;
#7776 = EDGE_LOOP ( 'NONE', ( #5967, #6852, #4956, #6601 ) ) ;
#7777 = AXIS2_PLACEMENT_3D ( 'NONE', #2144, #1501, #3962 ) ;
#7778 = ORIENTED_EDGE ( 'NONE', *, *, #1125, .F. ) ;
#7779 = EDGE_CURVE ( 'NONE', #7240, #1432, #7285, .T. ) ;
#7780 = CARTESIAN_POINT ( 'NONE',  ( -5.121053014360425593, 59.96606045144802266, -4.579255948162069600 ) ) ;
#7781 = CARTESIAN_POINT ( 'NONE',  ( -2.909583993802375534, 58.64978554326560811, 8.039547306154890549 ) ) ;
#7782 = CARTESIAN_POINT ( 'NONE',  ( 2.439575406656080858, 44.96370456407974103, -8.538334099016831047 ) ) ;
#7783 = CARTESIAN_POINT ( 'NONE',  ( 4.923954922635551235, 59.29999999999999716, -6.928540100183670170 ) ) ;
#7784 = EDGE_CURVE ( 'NONE', #6000, #4054, #2072, .T. ) ;
#7785 = DIRECTION ( 'NONE',  ( 0.000000000000000000, 1.000000000000000000, 0.000000000000000000 ) ) ;
#7786 =( BOUNDED_SURFACE ( )  B_SPLINE_SURFACE ( 3, 2, ( 
 ( #3297, #5752, #170 ),
 ( #3942, #2612, #7515 ),
 ( #4467, #6922, #2127 ),
 ( #3986, #3420, #6565 ),
 ( #6524, #368, #1608 ),
 ( #5951, #920, #1045 ),
 ( #6438, #4103, #444 ),
 ( #2853, #2812, #3500 ),
 ( #2892, #4585, #3459 ),
 ( #1525, #6603, #4745 ) ),
 .UNSPECIFIED., .F., .F., .F. ) 
 B_SPLINE_SURFACE_WITH_KNOTS ( ( 4, 2, 2, 2, 4 ),
 ( 3, 3 ),
 ( 0.000000000000000000, 0.0005780509363421303332, 0.001156101872684260666, 0.001734152809026391108, 0.002312203745368521333 ),
 ( 0.000000000000000000, 1.000000000000000000 ),
 .UNSPECIFIED. ) 
 GEOMETRIC_REPRESENTATION_ITEM ( )  RATIONAL_B_SPLINE_SURFACE ( (
 ( 1.000000000000000000, 0.7368926330804044245, 1.000000000000000000),
 ( 1.000000000000000000, 0.7560717295199749222, 1.000000000000000000),
 ( 1.000000000000000000, 0.7784905715804761872, 1.000000000000000000),
 ( 1.000000000000000000, 0.8293914224505403165, 1.000000000000000000),
 ( 1.000000000000000000, 0.8577598976842540912, 1.000000000000000000),
 ( 1.000000000000000000, 0.9135290035519078033, 1.000000000000000000),
 ( 1.000000000000000000, 0.9416745923866189916, 1.000000000000000000),
 ( 1.000000000000000000, 0.9850746835031991555, 1.000000000000000000),
 ( 1.000000000000000000, 1.000068771992434380, 1.000000000000000000),
 ( 1.000000000000000000, 1.000000000000000000, 1.000000000000000000) ) ) 
 REPRESENTATION_ITEM ( '' )  SURFACE ( )  );
#7787 = CARTESIAN_POINT ( 'NONE',  ( 0.000000000000000000, 43.50000000000000000, 0.000000000000000000 ) ) ;
#7788 = CARTESIAN_POINT ( 'NONE',  ( -9.960101734956325004, 45.06128468650055652, 0.8946075869360167188 ) ) ;
#7789 = VERTEX_POINT ( 'NONE', #291 ) ;
#7790 = VECTOR ( 'NONE', #6456, 1000.000000000000000 ) ;
#7791 = EDGE_CURVE ( 'NONE', #3908, #4433, #7935, .T. ) ;
#7792 = DIRECTION ( 'NONE',  ( 0.4999999999999990008, 0.000000000000000000, -0.8660254037844391517 ) ) ;
#7793 = CARTESIAN_POINT ( 'NONE',  ( 6.150000198780369409, 45.16247519026173052, -7.652112810846312563 ) ) ;
#7794 = CARTESIAN_POINT ( 'NONE',  ( -5.320749321573752688, 59.38694842928713058, 6.170321516150954366 ) ) ;
#7795 = FACE_OUTER_BOUND ( 'NONE', #4995, .T. ) ;
#7796 = CARTESIAN_POINT ( 'NONE',  ( 6.654684472160846909, 43.90560972458310829, -7.407778661485205696 ) ) ;
#7797 = CARTESIAN_POINT ( 'NONE',  ( 4.923954922635551235, 60.00000000000000000, -6.928540100183670170 ) ) ;
#7798 = ORIENTED_EDGE ( 'NONE', *, *, #4685, .T. ) ;
#7799 = VERTEX_POINT ( 'NONE', #5182 ) ;
#7800 = AXIS2_PLACEMENT_3D ( 'NONE', #7619, #822, #5813 ) ;
#7801 = DIRECTION ( 'NONE',  ( 0.000000000000000000, 0.000000000000000000, 1.000000000000000000 ) ) ;
#7802 = CARTESIAN_POINT ( 'NONE',  ( 9.244124902132506705, 58.71105033875227974, -1.500000000000000000 ) ) ;
#7803 = DIRECTION ( 'NONE',  ( 0.000000000000000000, 0.000000000000000000, -1.000000000000000000 ) ) ;
#7804 = CARTESIAN_POINT ( 'NONE',  ( -9.907692780744856265, 58.50000000000000711, 1.500000000000001332 ) ) ;
#7805 = B_SPLINE_CURVE_WITH_KNOTS ( 'NONE', 3,
 ( #881, #3866, #2088, #2008, #248, #3257, #1966, #95 ),
 .UNSPECIFIED., .F., .F.,
 ( 4, 2, 2, 4 ),
 ( -7.483314828630728681E-06, 0.001314877765573343972, 0.001976058305774330923, 0.002637238845975317658 ),
 .UNSPECIFIED. ) ;
#7806 = TOROIDAL_SURFACE ( 'NONE', #2925, 6.500000000000000888, 1.500000000000000000 ) ;
#7807 = CARTESIAN_POINT ( 'NONE',  ( -5.585241267444635227, 58.99743028505175602, -5.613456303486720422 ) ) ;
#7808 = ORIENTED_EDGE ( 'NONE', *, *, #4538, .T. ) ;
#7809 = EDGE_CURVE ( 'NONE', #4916, #5007, #1393, .T. ) ;
#7810 = ORIENTED_EDGE ( 'NONE', *, *, #3110, .F. ) ;
#7811 = DIRECTION ( 'NONE',  ( -0.000000000000000000, -1.000000000000000000, -0.000000000000000000 ) ) ;
#7812 = ORIENTED_EDGE ( 'NONE', *, *, #719, .T. ) ;
#7813 = DIRECTION ( 'NONE',  ( 0.000000000000000000, 0.000000000000000000, 1.000000000000000000 ) ) ;
#7814 = CARTESIAN_POINT ( 'NONE',  ( -1.954762178822087026, 60.00000000000000000, -6.836864301080875173 ) ) ;
#7815 = AXIS2_PLACEMENT_3D ( 'NONE', #5747, #6917, #757 ) ;
#7816 = CARTESIAN_POINT ( 'NONE',  ( 3.762017971363885493, 59.92352707015806601, -8.157221739957249085 ) ) ;
#7817 = CARTESIAN_POINT ( 'NONE',  ( -5.431299134285544561, 45.49311510543482484, -6.344744298363929502 ) ) ;
#7818 = DIRECTION ( 'NONE',  ( 0.8660254037844388186, -0.000000000000000000, 0.4999999999999998335 ) ) ;
#7819 = ORIENTED_EDGE ( 'NONE', *, *, #4940, .F. ) ;
#7820 = ORIENTED_EDGE ( 'NONE', *, *, #5373, .T. ) ;
#7821 = CARTESIAN_POINT ( 'NONE',  ( -5.274610138194531395, 59.82844729212749257, -4.933484018923111947 ) ) ;
#7822 = CARTESIAN_POINT ( 'NONE',  ( -1.880599863774548686, 59.51135107530512869, 7.376255747515188865 ) ) ;
#7823 = CARTESIAN_POINT ( 'NONE',  ( -8.210359310042402825, 45.69999999999999574, -2.199999999999999289 ) ) ;
#7824 = CARTESIAN_POINT ( 'NONE',  ( 5.413767642734531371, 59.69377025920019264, -7.700993966918962208 ) ) ;
#7825 = VECTOR ( 'NONE', #7785, 1000.000000000000000 ) ;
#7826 = CARTESIAN_POINT ( 'NONE',  ( -3.333725648282739318, 45.44761534702016093, 8.774182201321206520 ) ) ;
#7827 = AXIS2_PLACEMENT_3D ( 'NONE', #6770, #3181, #1248 ) ;
#7828 = CARTESIAN_POINT ( 'NONE',  ( -8.417244198958222512, 58.64978554326557258, 1.500000000000000888 ) ) ;
#7829 = CARTESIAN_POINT ( 'NONE',  ( -8.346476835288921592, 45.62604786065705298, -1.500000000000077494 ) ) ;
#7830 = EDGE_LOOP ( 'NONE', ( #4255, #2779, #4153, #7617 ) ) ;
#7831 = TOROIDAL_SURFACE ( 'NONE', #2950, 8.500000000000000000, 1.500000000000000000 ) ;
#7832 = CARTESIAN_POINT ( 'NONE',  ( -4.963441625000372781, 60.00000000000000000, -4.196933074902871930 ) ) ;
#7833 = CARTESIAN_POINT ( 'NONE',  ( 5.903678897561419170, 45.48070216549685796, -7.225471802148614842 ) ) ;
#7834 = CARTESIAN_POINT ( 'NONE',  ( 9.962932804213766147, 58.50000000000000000, 0.8602150537634408733 ) ) ;
#7835 = CARTESIAN_POINT ( 'NONE',  ( 5.726434491383812109, 45.44761534702016093, -8.198045377764740849 ) ) ;
#7836 = CARTESIAN_POINT ( 'NONE',  ( -3.134104882898772537, 59.19936622830416439, 8.428428893430387703 ) ) ;
#7837 = CARTESIAN_POINT ( 'NONE',  ( 5.183352265423729399, 59.92352707015805890, 7.336614002673352175 ) ) ;
#7838 = VERTEX_POINT ( 'NONE', #7004 ) ;
#7839 = ORIENTED_EDGE ( 'NONE', *, *, #7880, .F. ) ;
#7840 = DIRECTION ( 'NONE',  ( 0.000000000000000000, 1.000000000000000000, 0.000000000000000000 ) ) ;
#7841 = CARTESIAN_POINT ( 'NONE',  ( 6.306176555462916333, 59.99469939789404549, 2.134526467304360242 ) ) ;
#7842 = CARTESIAN_POINT ( 'NONE',  ( -5.506968039599562381, 45.02324866275625936, 6.538348440238976877 ) ) ;
#7843 = CARTESIAN_POINT ( 'NONE',  ( 5.931801859636053109, 45.44761534702016093, -7.274182201321209185 ) ) ;
#7844 = CARTESIAN_POINT ( 'NONE',  ( 6.406065737262772508, 60.00000000000000000, 1.866831190560354292 ) ) ;
#7845 = ADVANCED_FACE ( 'NONE', ( #5147 ), #641, .T. ) ;
#7846 = B_SPLINE_CURVE_WITH_KNOTS ( 'NONE', 3,
 ( #6850, #3750, #5637, #7290, #690, #6200, #3710, #1776, #2462, #1173, #6165, #650 ),
 .UNSPECIFIED., .F., .F.,
 ( 4, 2, 2, 2, 2, 4 ),
 ( -7.465060092952713410E-06, 0.0005897204466705829656, 0.001186905953434118800, 0.001485498706815894252, 0.001784091460197669921, 0.002381276966961221042 ),
 .UNSPECIFIED. ) ;
#7847 = CARTESIAN_POINT ( 'NONE',  ( 9.810761116116257341, 43.67642093580737139, -1.939522035002650080 ) ) ;
#7848 = ORIENTED_EDGE ( 'NONE', *, *, #7045, .F. ) ;
#7849 = ORIENTED_EDGE ( 'NONE', *, *, #2076, .F. ) ;
#7850 = CARTESIAN_POINT ( 'NONE',  ( 5.581464830341218430, 45.67785335177063644, -6.667380666809811451 ) ) ;
#7851 = ORIENTED_EDGE ( 'NONE', *, *, #5780, .T. ) ;
#7852 = CARTESIAN_POINT ( 'NONE',  ( 4.079126212506429816, 44.68049511873793023, 9.130321970204123616 ) ) ;
#7853 = CARTESIAN_POINT ( 'NONE',  ( 5.897650920513272332, 59.77675553006066167, 7.215031039634618892 ) ) ;
#7854 = EDGE_CURVE ( 'NONE', #3326, #7897, #1528, .T. ) ;
#7855 = CARTESIAN_POINT ( 'NONE',  ( 3.112559727078465066, 43.50000000000000000, 9.503261121602902151 ) ) ;
#7856 = CARTESIAN_POINT ( 'NONE',  ( 8.293935090799429588, 59.22956441742048384, 1.499999999999999556 ) ) ;
#7857 = CARTESIAN_POINT ( 'NONE',  ( 6.909827558649232593, 59.82844729212749968, 2.101204365273853014 ) ) ;
#7858 = ORIENTED_EDGE ( 'NONE', *, *, #6860, .T. ) ;
#7859 = ORIENTED_EDGE ( 'NONE', *, *, #678, .T. ) ;
#7860 = DIRECTION ( 'NONE',  ( -0.000000000000000000, -1.000000000000000000, -0.000000000000000000 ) ) ;
#7861 = CARTESIAN_POINT ( 'NONE',  ( -2.118037897910827638, 58.50000000000000000, 7.714526263032196240 ) ) ;
#7862 = CARTESIAN_POINT ( 'NONE',  ( -5.621956772992696472, 45.02275046629593902, 5.691537757285069610 ) ) ;
#7863 = CARTESIAN_POINT ( 'NONE',  ( -4.642493163787751342, 60.00000000000000000, -6.350060714638867232 ) ) ;
#7864 = CARTESIAN_POINT ( 'NONE',  ( -1.299038105676658228, 64.86389322930409662, 0.7500000000000007772 ) ) ;
#7865 = CARTESIAN_POINT ( 'NONE',  ( 3.565750022093799210, 59.23193387676776922, -9.176060205356337818 ) ) ;
#7866 = CARTESIAN_POINT ( 'NONE',  ( 9.786345413644342628, 43.50000000000000000, 2.056074766355140415 ) ) ;
#7867 = VERTEX_POINT ( 'NONE', #4747 ) ;
#7868 = CARTESIAN_POINT ( 'NONE',  ( -4.668181364414194512, 60.00000000000000000, -5.030960471391478173 ) ) ;
#7869 = CARTESIAN_POINT ( 'NONE',  ( 0.000000000000000000, 60.00000000000000000, 0.000000000000000000 ) ) ;
#7870 = CARTESIAN_POINT ( 'NONE',  ( -5.043798350580463108, 59.51080168353367128, 5.736115006337976219 ) ) ;
#7871 = CARTESIAN_POINT ( 'NONE',  ( -6.615393774850909736, 43.55919343493601303, 7.499514185655815623 ) ) ;
#7872 = CARTESIAN_POINT ( 'NONE',  ( 5.029536240196293306, 59.99029920218771395, 7.094329906895540105 ) ) ;
#7873 = ORIENTED_EDGE ( 'NONE', *, *, #844, .T. ) ;
#7874 = ORIENTED_EDGE ( 'NONE', *, *, #177, .T. ) ;
#7875 = ADVANCED_FACE ( 'NONE', ( #1082 ), #483, .T. ) ;
#7876 = CARTESIAN_POINT ( 'NONE',  ( -8.419275677190542595, 45.00000000000000711, -2.176364908160423273 ) ) ;
#7877 = EDGE_CURVE ( 'NONE', #6068, #3407, #2294, .T. ) ;
#7878 = CARTESIAN_POINT ( 'NONE',  ( -1.356701543795919118, 60.00000001127101257, 6.501674642762686140 ) ) ;
#7879 = CARTESIAN_POINT ( 'NONE',  ( 2.100269260537711498E-15, 0.000000000000000000, -16.80000000000000426 ) ) ;
#7880 = EDGE_CURVE ( 'NONE', #4272, #2891, #5495, .T. ) ;
#7881 = DIRECTION ( 'NONE',  ( 0.000000000000000000, -0.000000000000000000, 1.000000000000000000 ) ) ;
#7882 = CARTESIAN_POINT ( 'NONE',  ( -2.481886928732093267, 45.18304257472793495, 7.689547311047512324 ) ) ;
#7883 = VERTEX_POINT ( 'NONE', #4026 ) ;
#7884 = ORIENTED_EDGE ( 'NONE', *, *, #3461, .F. ) ;
#7885 = EDGE_CURVE ( 'NONE', #3656, #7607, #3695, .T. ) ;
#7886 = CARTESIAN_POINT ( 'NONE',  ( 2.597392412411064555, 45.25654466397779174, -7.707733090981399471 ) ) ;
#7887 = ORIENTED_EDGE ( 'NONE', *, *, #3476, .F. ) ;
#7888 = CARTESIAN_POINT ( 'NONE',  ( -8.561278717236282532, 60.00000000000000711, -0.8043473209583544836 ) ) ;
#7889 = EDGE_CURVE ( 'NONE', #7764, #643, #2251, .T. ) ;
#7890 = CARTESIAN_POINT ( 'NONE',  ( 5.705169423673718931, 58.89571938483669555, 8.164129708915050188 ) ) ;
#7891 = B_SPLINE_CURVE_WITH_KNOTS ( 'NONE', 3,
 ( #6261, #3079, #5656, #1346, #4285, #3766, #5613, #5498, #4325, #6141, #788, #628, #6218, #3202 ),
 .UNSPECIFIED., .F., .F.,
 ( 4, 2, 2, 2, 2, 2, 4 ),
 ( 0.000000000000000000, 0.0005894577659039575970, 0.0008841866488559363413, 0.001178915531807915194, 0.001768373297711855335, 0.002063102180663825298, 0.002357831063615795694 ),
 .UNSPECIFIED. ) ;
#7892 = CIRCLE ( 'NONE', #5971, 0.6999999999999997335 ) ;
#7893 = CARTESIAN_POINT ( 'NONE',  ( 0.000000000000000000, 58.50000000000000000, 0.000000000000000000 ) ) ;
#7894 = DIRECTION ( 'NONE',  ( 0.000000000000000000, 1.000000000000000000, 0.000000000000000000 ) ) ;
#7895 = LINE ( 'NONE', #2226, #7398 ) ;
#7896 = ORIENTED_EDGE ( 'NONE', *, *, #856, .F. ) ;
#7897 = VERTEX_POINT ( 'NONE', #7723 ) ;
#7898 = CARTESIAN_POINT ( 'NONE',  ( -5.530172705284666534, 59.29999999999999716, -6.578540100183662531 ) ) ;
#7899 = CARTESIAN_POINT ( 'NONE',  ( 9.931120084663758618, 44.42022203625153054, -1.173003724216775456 ) ) ;
#7900 = CARTESIAN_POINT ( 'NONE',  ( -2.787901202017106339, 59.50074565370680091, 7.828786528375981213 ) ) ;
#7901 = AXIS2_PLACEMENT_3D ( 'NONE', #3104, #5563, #4958 ) ;
#7902 = CARTESIAN_POINT ( 'NONE',  ( -5.940596992214875804, 44.50460396087073178, -8.044336953467075446 ) ) ;
#7903 = CARTESIAN_POINT ( 'NONE',  ( 0.000000000000000000, 45.00000000000000000, 0.000000000000000000 ) ) ;
#7904 = DIRECTION ( 'NONE',  ( 1.000000000000000000, 0.000000000000000000, 0.000000000000000000 ) ) ;
#7905 = AXIS2_PLACEMENT_3D ( 'NONE', #3203, #6867, #4409 ) ;
#7906 = B_SPLINE_CURVE_WITH_KNOTS ( 'NONE', 3,
 ( #6965, #5630, #133, #2574, #171, #7516, #2009, #921, #1046, #5181 ),
 .UNSPECIFIED., .F., .F.,
 ( 4, 2, 2, 2, 4 ),
 ( -7.941285366607611626E-06, 0.0005234127332231386810, 0.001054766751812885118, 0.001586120770402631337, 0.002117474788992377774 ),
 .UNSPECIFIED. ) ;
#7907 = CARTESIAN_POINT ( 'NONE',  ( 3.176487208308711896, 59.13703967621340496, -8.501837234383327058 ) ) ;
#7908 = DIRECTION ( 'NONE',  ( -0.000000000000000000, -1.000000000000000000, -0.000000000000000000 ) ) ;
#7909 = CARTESIAN_POINT ( 'NONE',  ( 9.464808980792517090, 44.41754995251184113, 2.080650569739769917 ) ) ;
#7910 = ORIENTED_EDGE ( 'NONE', *, *, #6465, .F. ) ;
#7911 = EDGE_CURVE ( 'NONE', #6707, #2028, #5105, .T. ) ;
#7912 = CARTESIAN_POINT ( 'NONE',  ( 8.039330164202601381, 60.00000000000000000, -0.8000000245136803523 ) ) ;
#7913 = CARTESIAN_POINT ( 'NONE',  ( 6.534300740189319612, 44.41754995251214666, -7.156439734463399205 ) ) ;
#7914 = CARTESIAN_POINT ( 'NONE',  ( 9.453389741509532485, 59.63050311187611641, -0.8409783496691768390 ) ) ;
#7915 = CARTESIAN_POINT ( 'NONE',  ( 6.404830397316765733, 44.71503005394550456, -6.882473029559035282 ) ) ;
#7916 = CARTESIAN_POINT ( 'NONE',  ( 5.705235980852414457, 58.89515726333498691, 8.164235874416984728 ) ) ;
#7917 = VERTEX_POINT ( 'NONE', #7843 ) ;
#7918 = ORIENTED_EDGE ( 'NONE', *, *, #660, .F. ) ;
#7919 = CARTESIAN_POINT ( 'NONE',  ( -9.580052777677307674, 44.25238333472616858, -2.071595859794248984 ) ) ;
#7920 = CARTESIAN_POINT ( 'NONE',  ( -1.344705415397237314, 60.00000000000000000, 6.563340611010555214 ) ) ;
#7921 = PLANE ( 'NONE',  #451 ) ;
#7922 = CIRCLE ( 'NONE', #979, 0.6999999999999999556 ) ;
#7923 = DIRECTION ( 'NONE',  ( 0.000000000000000000, 1.000000000000000000, 0.000000000000000000 ) ) ;
#7924 = CARTESIAN_POINT ( 'NONE',  ( 0.000000000000000000, 60.00000000000000000, 0.000000000000000000 ) ) ;
#7925 = B_SPLINE_CURVE_WITH_KNOTS ( 'NONE', 3,
 ( #3904, #6238, #3299, #5110 ),
 .UNSPECIFIED., .F., .F.,
 ( 4, 4 ),
 ( 0.000000000000000000, 0.0008882356951556023752 ),
 .UNSPECIFIED. ) ;
#7926 = CIRCLE ( 'NONE', #1239, 0.7000000000000000666 ) ;
#7927 = EDGE_CURVE ( 'NONE', #1079, #6785, #7758, .T. ) ;
#7928 = ORIENTED_EDGE ( 'NONE', *, *, #4861, .T. ) ;
#7929 = VERTEX_POINT ( 'NONE', #2816 ) ;
#7930 = CARTESIAN_POINT ( 'NONE',  ( 5.109520551916521214, 59.89494319286457369, -4.971952658348699039 ) ) ;
#7931 = ORIENTED_EDGE ( 'NONE', *, *, #5768, .T. ) ;
#7932 = DIRECTION ( 'NONE',  ( 0.000000000000000000, 1.000000000000000000, 0.000000000000000000 ) ) ;
#7933 = CARTESIAN_POINT ( 'NONE',  ( 5.921100556742913135, 58.71105033875228685, 7.255647001003086238 ) ) ;
#7934 = PRODUCT_DEFINITION_CONTEXT ( 'detailed design', #2650, 'design' ) ;
#7935 = CIRCLE ( 'NONE', #6655, 8.000000000000000000 ) ;
#7936 = CARTESIAN_POINT ( 'NONE',  ( -2.327279541509673422, 59.59810576462999876, 7.370167105686537212 ) ) ;
#7937 = CARTESIAN_POINT ( 'NONE',  ( 7.328324794049612123, 59.51135107530177493, 2.059480617374959355 ) ) ;
#7938 = CARTESIAN_POINT ( 'NONE',  ( -7.739994670571469726, 58.60212650681937419, -2.022988507017579263 ) ) ;
#7939 = EDGE_CURVE ( 'NONE', #507, #1130, #2563, .T. ) ;
#7940 = VECTOR ( 'NONE', #7498, 1000.000000000000000 ) ;
#7941 = ORIENTED_EDGE ( 'NONE', *, *, #4685, .F. ) ;
#7942 = FACE_OUTER_BOUND ( 'NONE', #2825, .T. ) ;
#7943 = FACE_OUTER_BOUND ( 'NONE', #2015, .T. ) ;
#7944 = CARTESIAN_POINT ( 'NONE',  ( -2.452429740455449370, 60.28467909235494204, 7.247732912461801291 ) ) ;
#7945 = CARTESIAN_POINT ( 'NONE',  ( 3.493564036608271639, 45.25499018253085382, 9.051030410900944290 ) ) ;
#7946 = CARTESIAN_POINT ( 'NONE',  ( 5.970536269081102354, 45.42752472520007956, 7.341272166481189743 ) ) ;
#7947 = DIRECTION ( 'NONE',  ( -0.000000000000000000, -1.000000000000000000, -0.000000000000000000 ) ) ;
#7948 = VECTOR ( 'NONE', #4701, 1000.000000000000000 ) ;
#7949 = CARTESIAN_POINT ( 'NONE',  ( -6.312305808640735094, 60.00164933118431065, 2.172204555531418446 ) ) ;
#7950 = CARTESIAN_POINT ( 'NONE',  ( 1.304490393599153641, 60.00000000000000000, -6.528468125934739241 ) ) ;
#7951 = CARTESIAN_POINT ( 'NONE',  ( -8.568127678504456668, 59.30000000000000426, -1.499999999999999556 ) ) ;
#7952 = ORIENTED_EDGE ( 'NONE', *, *, #4471, .F. ) ;
#7953 = CARTESIAN_POINT ( 'NONE',  ( 2.768282070897010616, 59.33863098884646803, 7.794805196475611986 ) ) ;
#7954 = CARTESIAN_POINT ( 'NONE',  ( 6.673754919703625887, 43.48572453497203583, -7.447122709671405438 ) ) ;
ENDSEC;
END-ISO-10303-21;
