ISO-10303-21;
HEADER;
FILE_DESCRIPTION (( 'STEP AP214' ),
    '1' );
FILE_NAME ('ÏÂUSBÀ©Õ¹µ××ùÖ§',
    '2025-12-19T03:42:05',
    ( '' ),
    ( '' ),
    'SwSTEP 2.0',
    'SolidWorks 2024',
    '' );
FILE_SCHEMA (( 'AUTOMOTIVE_DESIGN' ));
ENDSEC;

DATA;
#1 = EDGE_LOOP ( 'NONE', ( #1022, #1441, #600 ) ) ;
#2 = DIRECTION ( 'NONE',  ( -1.000000000000000000, 0.000000000000000000, 0.000000000000000000 ) ) ;
#3 = AXIS2_PLACEMENT_3D ( 'NONE', #1724, #199, #1715 ) ;
#4 = ORIENTED_EDGE ( 'NONE', *, *, #1293, .F. ) ;
#5 = DIRECTION ( 'NONE',  ( -0.000000000000000000, 1.000000000000000000, -0.000000000000000000 ) ) ;
#6 = VECTOR ( 'NONE', #1455, 1000.000000000000000 ) ;
#7 = EDGE_CURVE ( 'NONE', #825, #63, #1487, .T. ) ;
#8 = CARTESIAN_POINT ( 'NONE',  ( 9.483773994739070901, 29.57276547003593592, 13.97548487669604889 ) ) ;
#9 = AXIS2_PLACEMENT_3D ( 'NONE', #1187, #1936, #1160 ) ;
#10 = CARTESIAN_POINT ( 'NONE',  ( 0.000000000000000000, 25.82268025649272403, 12.16082468013852669 ) ) ;
#11 = EDGE_CURVE ( 'NONE', #136, #641, #830, .T. ) ;
#12 = VERTEX_POINT ( 'NONE', #1542 ) ;
#13 = CARTESIAN_POINT ( 'NONE',  ( 5.000000000000000888, 33.85346300429650768, 0.2039146985339558571 ) ) ;
#14 = ORIENTED_EDGE ( 'NONE', *, *, #501, .T. ) ;
#15 = CARTESIAN_POINT ( 'NONE',  ( 9.499999999229739700, 28.99440427573100720, 14.16082468013852846 ) ) ;
#16 = CARTESIAN_POINT ( 'NONE',  ( 0.6999999999999999556, 36.58004632630706254, -0.8427225773132944742 ) ) ;
#17 = EDGE_CURVE ( 'NONE', #1017, #734, #463, .T. ) ;
#18 = ADVANCED_FACE ( 'NONE', ( #787 ), #760, .F. ) ;
#19 = ORIENTED_EDGE ( 'NONE', *, *, #1504, .F. ) ;
#20 = CARTESIAN_POINT ( 'NONE',  ( 10.00000000000000000, 15.42268025649272012, 17.41082468013853557 ) ) ;
#21 = EDGE_CURVE ( 'NONE', #1809, #1657, #619, .T. ) ;
#22 = AXIS2_PLACEMENT_3D ( 'NONE', #1847, #79, #497 ) ;
#23 = ORIENTED_EDGE ( 'NONE', *, *, #806, .T. ) ;
#24 = DIRECTION ( 'NONE',  ( 0.000000000000000000, -3.016910393003142859E-15, -1.000000000000000000 ) ) ;
#25 =( BOUNDED_SURFACE ( )  B_SPLINE_SURFACE ( 3, 2, ( 
 ( #1722, #507, #1101 ),
 ( #360, #959, #1555 ),
 ( #212, #1410, #1568 ),
 ( #549, #1175, #896 ),
 ( #1918, #1896, #251 ),
 ( #866, #592, #1929 ),
 ( #109, #572, #1309 ),
 ( #997, #876, #278 ),
 ( #1036, #1609, #583 ),
 ( #698, #1472, #1143 ) ),
 .UNSPECIFIED., .F., .F., .T. ) 
 B_SPLINE_SURFACE_WITH_KNOTS ( ( 4, 2, 2, 2, 4 ),
 ( 3, 3 ),
 ( 6.283185307179589785, 6.675884388878312592, 7.068583470577035399, 7.461282552275758206, 7.853981633974481902 ),
 ( 0.000000000000000000, 1.000000000000000000 ),
 .UNSPECIFIED. ) 
 GEOMETRIC_REPRESENTATION_ITEM ( )  RATIONAL_B_SPLINE_SURFACE ( (
 ( 1.000000000000000000, 0.7071067811865475727, 1.000000000000000000),
 ( 1.000000000000000000, 0.7066753101504408274, 1.000000000000000000),
 ( 1.000000000000000000, 0.7265523339799933034, 1.000000000000000000),
 ( 1.000000000000000000, 0.7876779057172187404, 1.000000000000000000),
 ( 1.000000000000000000, 0.8282383019019031734, 1.000000000000000000),
 ( 1.000000000000000000, 0.9038125056669791269, 1.000000000000000000),
 ( 1.000000000000000000, 0.9386557992893875824, 1.000000000000000000),
 ( 1.000000000000000000, 0.9867290404729297526, 1.000000000000000000),
 ( 1.000000000000000000, 1.000158692512662428, 1.000000000000000000),
 ( 1.000000000000000000, 1.000000000000000000, 1.000000000000000000) ) ) 
 REPRESENTATION_ITEM ( '' )  SURFACE ( )  );
#26 = B_SPLINE_CURVE_WITH_KNOTS ( 'NONE', 3,
 ( #1769, #163, #315, #1197 ),
 .UNSPECIFIED., .F., .F.,
 ( 4, 4 ),
 ( 0.5000140207336208897, 1.000000000000000000 ),
 .UNSPECIFIED. ) ;
#27 = CARTESIAN_POINT ( 'NONE',  ( 10.00000000000000000, 28.92684057696500233, 14.16082468013852669 ) ) ;
#28 = DIRECTION ( 'NONE',  ( 0.000000000000000000, -0.3583679495453009900, -0.9335804264972016320 ) ) ;
#29 = AXIS2_PLACEMENT_3D ( 'NONE', #1025, #1940, #1481 ) ;
#30 = AXIS2_PLACEMENT_3D ( 'NONE', #1147, #115, #1456 ) ;
#31 = CARTESIAN_POINT ( 'NONE',  ( 9.300000000000000711, 0.05879849028288033908, 13.17647098155143581 ) ) ;
#32 = VERTEX_POINT ( 'NONE', #324 ) ;
#33 = CARTESIAN_POINT ( 'NONE',  ( 10.00000000000000000, 0.000000000000000000, 14.16082468013852846 ) ) ;
#34 = VERTEX_POINT ( 'NONE', #1095 ) ;
#35 = CARTESIAN_POINT ( 'NONE',  ( 9.500000000000000000, 28.92684057696499877, 14.16082468013852846 ) ) ;
#36 = CARTESIAN_POINT ( 'NONE',  ( 9.299999999999998934, 29.42268025649270768, 14.16082468013852491 ) ) ;
#37 = AXIS2_PLACEMENT_3D ( 'NONE', #820, #1417, #1265 ) ;
#38 = CARTESIAN_POINT ( 'NONE',  ( 9.300000000000000711, 0.3096560549645922533, 13.82997728009947558 ) ) ;
#39 = DIRECTION ( 'NONE',  ( -1.000000000000000000, 0.000000000000000000, 0.000000000000000000 ) ) ;
#40 = CIRCLE ( 'NONE', #547, 0.6999999999999992895 ) ;
#41 = VERTEX_POINT ( 'NONE', #1702 ) ;
#42 = CARTESIAN_POINT ( 'NONE',  ( 10.00000000000000000, 0.3096560549645911986, 13.82997728009947558 ) ) ;
#43 = EDGE_CURVE ( 'NONE', #1319, #338, #1363, .T. ) ;
#44 = ORIENTED_EDGE ( 'NONE', *, *, #1584, .T. ) ;
#45 = CARTESIAN_POINT ( 'NONE',  ( 0.5000000000000000000, 26.82268025649272758, 13.66082468013852669 ) ) ;
#46 = LINE ( 'NONE', #838, #1357 ) ;
#47 = EDGE_CURVE ( 'NONE', #143, #424, #482, .T. ) ;
#48 = DIRECTION ( 'NONE',  ( 0.000000000000000000, 0.000000000000000000, 1.000000000000000000 ) ) ;
#49 = DIRECTION ( 'NONE',  ( 1.000000000000000000, 0.000000000000000000, -0.000000000000000000 ) ) ;
#50 = AXIS2_PLACEMENT_3D ( 'NONE', #499, #1242, #1370 ) ;
#51 = DIRECTION ( 'NONE',  ( 0.000000000000000000, 0.000000000000000000, -1.000000000000000000 ) ) ;
#52 = EDGE_LOOP ( 'NONE', ( #287, #1830, #96, #950 ) ) ;
#53 = DIRECTION ( 'NONE',  ( 0.000000000000000000, 0.000000000000000000, -1.000000000000000000 ) ) ;
#54 = ORIENTED_EDGE ( 'NONE', *, *, #1533, .F. ) ;
#55 = FACE_OUTER_BOUND ( 'NONE', #1470, .T. ) ;
#56 = VECTOR ( 'NONE', #1704, 1000.000000000000000 ) ;
#57 = AXIS2_PLACEMENT_3D ( 'NONE', #1270, #1887, #826 ) ;
#58 = CARTESIAN_POINT ( 'NONE',  ( 0.6999999999999999556, 0.05879849028288033908, 13.17647098155143581 ) ) ;
#59 = CARTESIAN_POINT ( 'NONE',  ( 0.5162260052609854988, 29.57276547003593237, 13.97548487669604889 ) ) ;
#60 = CARTESIAN_POINT ( 'NONE',  ( 0.4999999999999994449, 14.88634476897382086, 30.63184105663129131 ) ) ;
#61 = EDGE_CURVE ( 'NONE', #338, #402, #1074, .T. ) ;
#62 = VECTOR ( 'NONE', #1288, 1000.000000000000000 ) ;
#63 = VERTEX_POINT ( 'NONE', #316 ) ;
#64 = CARTESIAN_POINT ( 'NONE',  ( 9.500000000000000000, 15.92268025649271834, 12.66082468013852669 ) ) ;
#65 = ORIENTED_EDGE ( 'NONE', *, *, #1064, .F. ) ;
#66 = CARTESIAN_POINT ( 'NONE',  ( 0.5000000000000000000, 25.82268025649272403, 11.66082468013852491 ) ) ;
#67 = DIRECTION ( 'NONE',  ( 0.000000000000000000, 0.9335804264972014099, -0.3583679495453011565 ) ) ;
#68 = DIRECTION ( 'NONE',  ( 1.000000000000000000, -0.000000000000000000, 0.000000000000000000 ) ) ;
#69 = AXIS2_PLACEMENT_3D ( 'NONE', #1279, #1889, #1557 ) ;
#70 = ADVANCED_FACE ( 'NONE', ( #175 ), #1579, .T. ) ;
#71 = VECTOR ( 'NONE', #110, 1000.000000000000114 ) ;
#72 = LINE ( 'NONE', #543, #56 ) ;
#73 = EDGE_CURVE ( 'NONE', #1422, #1041, #942, .T. ) ;
#74 = VECTOR ( 'NONE', #144, 1000.000000000000000 ) ;
#75 = DIRECTION ( 'NONE',  ( -1.000000000000000000, 0.000000000000000000, -0.000000000000000000 ) ) ;
#76 = ORIENTED_EDGE ( 'NONE', *, *, #964, .F. ) ;
#77 = DIRECTION ( 'NONE',  ( 0.000000000000000000, 0.000000000000000000, -1.000000000000000000 ) ) ;
#78 = VERTEX_POINT ( 'NONE', #16 ) ;
#79 = DIRECTION ( 'NONE',  ( -1.000000000000000000, 0.000000000000000000, -0.000000000000000000 ) ) ;
#80 = LINE ( 'NONE', #1871, #1096 ) ;
#81 = SPHERICAL_SURFACE ( 'NONE', #905, 0.5000000000000000000 ) ;
#82 = DIRECTION ( 'NONE',  ( 0.000000000000000000, 0.000000000000000000, -1.000000000000000000 ) ) ;
#83 = CARTESIAN_POINT ( 'NONE',  ( 0.3474669040389223862, 14.33553265312077762, 30.32138876615325884 ) ) ;
#84 = EDGE_LOOP ( 'NONE', ( #1184, #1784, #1547 ) ) ;
#85 = DIRECTION ( 'NONE',  ( -1.000000000000000000, 0.000000000000000000, 0.000000000000000000 ) ) ;
#86 = EDGE_CURVE ( 'NONE', #1657, #136, #40, .T. ) ;
#87 = ORIENTED_EDGE ( 'NONE', *, *, #1254, .F. ) ;
#88 = SPHERICAL_SURFACE ( 'NONE', #564, 0.5000000000000000000 ) ;
#89 = CARTESIAN_POINT ( 'NONE',  ( 10.00000000000000000, 16.92268025649271834, 12.66082468013852669 ) ) ;
#90 = DIRECTION ( 'NONE',  ( 0.000000000000000000, 0.000000000000000000, -1.000000000000000000 ) ) ;
#91 = CARTESIAN_POINT ( 'NONE',  ( 0.6999999999999999556, 14.20247887865853720, 30.30565375930405025 ) ) ;
#92 = CARTESIAN_POINT ( 'NONE',  ( 0.5052055010781858480, 15.04271878188596112, 30.46652483879526940 ) ) ;
#93 = CARTESIAN_POINT ( 'NONE',  ( 10.00000000000000000, -0.2105453228695881862, 14.29836870455067199 ) ) ;
#94 = VECTOR ( 'NONE', #1385, 1000.000000000000000 ) ;
#95 = CIRCLE ( 'NONE', #1126, 0.6999999999999997335 ) ;
#96 = ORIENTED_EDGE ( 'NONE', *, *, #567, .F. ) ;
#97 = CARTESIAN_POINT ( 'NONE',  ( 0.5000000000000000000, 15.92268025649271834, 12.66082468013852669 ) ) ;
#98 = EDGE_LOOP ( 'NONE', ( #1344, #270, #1341, #1458 ) ) ;
#99 = SPHERICAL_SURFACE ( 'NONE', #1497, 0.6999999999999999556 ) ;
#100 = EDGE_CURVE ( 'NONE', #1598, #41, #1525, .T. ) ;
#101 = DIRECTION ( 'NONE',  ( 0.000000000000000000, 1.000000000000000000, 0.000000000000000000 ) ) ;
#102 = PRODUCT_DEFINITION_CONTEXT ( 'detailed design', #1499, 'design' ) ;
#103 = CIRCLE ( 'NONE', #1606, 1.000000000000000888 ) ;
#104 = EDGE_CURVE ( 'NONE', #1618, #211, #1087, .T. ) ;
#105 = DIRECTION ( 'NONE',  ( 0.000000000000000000, -0.7771459614569672381, -0.6293203910498419429 ) ) ;
#106 = CIRCLE ( 'NONE', #1452, 0.5000000000000004441 ) ;
#107 = CARTESIAN_POINT ( 'NONE',  ( 0.5000000000000000000, 26.82268025649272758, 13.66082468013852846 ) ) ;
#108 = VERTEX_POINT ( 'NONE', #165 ) ;
#109 = CARTESIAN_POINT ( 'NONE',  ( 9.400723741703185254, 14.50402599902224843, 30.50851958477688441 ) ) ;
#110 = DIRECTION ( 'NONE',  ( 0.000000000000000000, -0.3583679495453009345, -0.9335804264972015210 ) ) ;
#111 = ORIENTED_EDGE ( 'NONE', *, *, #1650, .F. ) ;
#112 = FACE_OUTER_BOUND ( 'NONE', #1895, .T. ) ;
#113 = ADVANCED_FACE ( 'NONE', ( #1381 ), #1649, .T. ) ;
#114 = ADVANCED_FACE ( 'NONE', ( #473 ), #1069, .T. ) ;
#115 = DIRECTION ( 'NONE',  ( -0.000000000000000000, 0.9335804264972000777, -0.3583679495453048758 ) ) ;
#116 = FACE_OUTER_BOUND ( 'NONE', #98, .T. ) ;
#117 = ORIENTED_EDGE ( 'NONE', *, *, #758, .T. ) ;
#118 = CARTESIAN_POINT ( 'NONE',  ( 0.000000000000000000, 26.32268025649272403, 11.66082468013852491 ) ) ;
#119 = CARTESIAN_POINT ( 'NONE',  ( 9.300000000000000711, 36.83090389098877182, -0.1892162787652536815 ) ) ;
#120 = ORIENTED_EDGE ( 'NONE', *, *, #621, .T. ) ;
#121 = DIRECTION ( 'NONE',  ( 0.000000000000000000, -3.886809318137117464E-15, 1.000000000000000000 ) ) ;
#122 = CARTESIAN_POINT ( 'NONE',  ( 9.300000000000000711, 36.83090389098875761, 3.085646651757090630 ) ) ;
#123 = ORIENTED_EDGE ( 'NONE', *, *, #1355, .T. ) ;
#124 = ADVANCED_FACE ( 'NONE', ( #1834 ), #1078, .T. ) ;
#125 = STYLED_ITEM ( 'NONE', ( #1869 ), #570 ) ;
#126 = ADVANCED_FACE ( 'NONE', ( #1850 ), #81, .T. ) ;
#127 = CARTESIAN_POINT ( 'NONE',  ( 0.6999999999999992895, 36.31833960233978331, 4.533083551171718462 ) ) ;
#128 = VERTEX_POINT ( 'NONE', #237 ) ;
#129 = CARTESIAN_POINT ( 'NONE',  ( 5.000000000000000888, 6.543105088251959245, 12.29409637690379853 ) ) ;
#130 = AXIS2_PLACEMENT_3D ( 'NONE', #1006, #1451, #1299 ) ;
#131 = CARTESIAN_POINT ( 'NONE',  ( 10.00000000000000000, 37.53090389098877466, 1.458754669616037491E-13 ) ) ;
#132 = ORIENTED_EDGE ( 'NONE', *, *, #982, .F. ) ;
#133 = CARTESIAN_POINT ( 'NONE',  ( 9.500000000000000000, 15.92268025649271834, 16.91082468013853202 ) ) ;
#134 = AXIS2_PLACEMENT_3D ( 'NONE', #521, #49, #832 ) ;
#135 = CARTESIAN_POINT ( 'NONE',  ( 0.6999999999999999556, 36.83090389098877182, -0.1892162787652553468 ) ) ;
#136 = VERTEX_POINT ( 'NONE', #1280 ) ;
#137 = ADVANCED_FACE ( 'NONE', ( #509 ), #99, .T. ) ;
#138 = AXIS2_PLACEMENT_3D ( 'NONE', #1766, #988, #411 ) ;
#139 = EDGE_LOOP ( 'NONE', ( #329, #1129, #655, #754 ) ) ;
#140 = DIRECTION ( 'NONE',  ( 0.000000000000000000, -0.3583679495453009345, -0.9335804264972015210 ) ) ;
#141 = CLOSED_SHELL ( 'NONE', ( #1519, #18, #1019, #137, #804, #724, #1610, #325, #1607, #1668, #1070, #749, #1943, #1138, #1762, #914, #149, #1671, #475, #334, #843, #124, #434, #1711, #831, #1004, #1660, #709, #1051, #114, #1912, #288, #264, #1953, #1901, #113, #588, #943, #1624, #1399, #273, #926, #450, #1186, #396, #126, #419, #216, #1732, #1199, #1142, #1773, #516, #1164, #70, #859, #538, #1439, #1587, #162, #664, #1310, #1208, #1737, #468, #177, #1712, #870, #1817 ) ) ;
#142 = CARTESIAN_POINT ( 'NONE',  ( 10.00000000000000000, 16.42268025649271834, 0.000000000000000000 ) ) ;
#143 = VERTEX_POINT ( 'NONE', #839 ) ;
#144 = DIRECTION ( 'NONE',  ( 1.000000000000000000, -0.000000000000000000, -0.000000000000000000 ) ) ;
#145 = DIRECTION ( 'NONE',  ( 0.000000000000000000, 0.000000000000000000, 1.000000000000000000 ) ) ;
#146 = ORIENTED_EDGE ( 'NONE', *, *, #1220, .T. ) ;
#147 = ORIENTED_EDGE ( 'NONE', *, *, #1254, .T. ) ;
#148 = DIRECTION ( 'NONE',  ( 0.000000000000000000, 2.434699615406045218E-16, -1.000000000000000000 ) ) ;
#149 = ADVANCED_FACE ( 'NONE', ( #392 ), #1251, .F. ) ;
#150 = DIRECTION ( 'NONE',  ( 0.000000000000000000, 0.000000000000000000, -1.000000000000000000 ) ) ;
#151 = ORIENTED_EDGE ( 'NONE', *, *, #176, .T. ) ;
#152 = CARTESIAN_POINT ( 'NONE',  ( 0.5000000000000004441, 16.92268025649271834, 12.66082468013852669 ) ) ;
#153 = AXIS2_PLACEMENT_3D ( 'NONE', #413, #1159, #1011 ) ;
#154 = DIRECTION ( 'NONE',  ( -0.000000000000000000, 0.000000000000000000, -1.000000000000000000 ) ) ;
#155 = EDGE_LOOP ( 'NONE', ( #1180, #1327, #1527, #736, #1312 ) ) ;
#156 = AXIS2_PLACEMENT_3D ( 'NONE', #1253, #1413, #353 ) ;
#157 = ORIENTED_EDGE ( 'NONE', *, *, #176, .F. ) ;
#158 = ADVANCED_BREP_SHAPE_REPRESENTATION ( '\X2\4e0b\X0\USB\X2\62695c555e955ea7652f67b6\X0\', ( #570, #1469 ), #1757 ) ;
#159 = CARTESIAN_POINT ( 'NONE',  ( 0.000000000000000000, 36.31833960233978331, 4.533083551171717573 ) ) ;
#160 = EDGE_LOOP ( 'NONE', ( #485, #1942, #1719, #1647 ) ) ;
#161 = DIRECTION ( 'NONE',  ( 1.000000000000000000, -0.000000000000000000, 0.000000000000000000 ) ) ;
#162 = ADVANCED_FACE ( 'NONE', ( #362 ), #1263, .F. ) ;
#163 = CARTESIAN_POINT ( 'NONE',  ( 4.771393945513010770, 36.65670322701337369, -0.8671942494050055572 ) ) ;
#164 = EDGE_CURVE ( 'NONE', #1474, #1483, #962, .T. ) ;
#165 = CARTESIAN_POINT ( 'NONE',  ( 0.000000000000000000, 36.31833960233978331, 4.533083551171718462 ) ) ;
#166 = EDGE_CURVE ( 'NONE', #1322, #170, #1273, .T. ) ;
#167 = ORIENTED_EDGE ( 'NONE', *, *, #712, .T. ) ;
#168 = DIRECTION ( 'NONE',  ( -1.000000000000000000, -0.000000000000000000, -0.000000000000000000 ) ) ;
#169 = VECTOR ( 'NONE', #1692, 1000.000000000000000 ) ;
#170 = VERTEX_POINT ( 'NONE', #1559 ) ;
#171 = CARTESIAN_POINT ( 'NONE',  ( 9.300000000000000711, 34.53090389098875335, 3.085646651757081305 ) ) ;
#172 = AXIS2_PLACEMENT_3D ( 'NONE', #433, #1029, #1633 ) ;
#173 = CARTESIAN_POINT ( 'NONE',  ( 9.500000000000000000, 15.19107168094391191, 30.35746371268703570 ) ) ;
#174 = AXIS2_PLACEMENT_3D ( 'NONE', #1815, #462, #1056 ) ;
#175 = FACE_OUTER_BOUND ( 'NONE', #254, .T. ) ;
#176 = EDGE_CURVE ( 'NONE', #211, #143, #661, .T. ) ;
#177 = ADVANCED_FACE ( 'NONE', ( #829 ), #690, .F. ) ;
#178 = ORIENTED_EDGE ( 'NONE', *, *, #1558, .T. ) ;
#179 = CARTESIAN_POINT ( 'NONE',  ( 9.500000000000000000, 16.92268025649271834, 12.16082468013852669 ) ) ;
#180 = ORIENTED_EDGE ( 'NONE', *, *, #567, .T. ) ;
#181 = CARTESIAN_POINT ( 'NONE',  ( 0.000000000000000000, 16.42268025649271834, 12.66082468013852669 ) ) ;
#182 = DIRECTION ( 'NONE',  ( -0.000000000000000000, -0.6691306063588533526, -0.7431448254773985740 ) ) ;
#183 = CARTESIAN_POINT ( 'NONE',  ( 10.00000000000000000, 0.05879849028288079704, 13.17647098155143581 ) ) ;
#184 = LINE ( 'NONE', #955, #1740 ) ;
#185 = ORIENTED_EDGE ( 'NONE', *, *, #368, .T. ) ;
#186 = CARTESIAN_POINT ( 'NONE',  ( 0.6999999999999999556, 0.3096560549645919203, 13.82997728009947558 ) ) ;
#187 = EDGE_LOOP ( 'NONE', ( #1277, #781, #1948, #1802 ) ) ;
#188 = DIRECTION ( 'NONE',  ( 0.000000000000000000, 1.734723475976805319E-15, 1.000000000000000000 ) ) ;
#189 = FACE_OUTER_BOUND ( 'NONE', #978, .T. ) ;
#190 = DIRECTION ( 'NONE',  ( -1.000000000000000000, -0.000000000000000000, 0.000000000000000000 ) ) ;
#191 = AXIS2_PLACEMENT_3D ( 'NONE', #1720, #811, #656 ) ;
#192 = TOROIDAL_SURFACE ( 'NONE', #1699, 2.299999999999999822, 0.6999999999999999556 ) ;
#193 = AXIS2_PLACEMENT_3D ( 'NONE', #415, #1465, #1445 ) ;
#194 = EDGE_LOOP ( 'NONE', ( #408, #1181, #223, #1535 ) ) ;
#195 = CYLINDRICAL_SURFACE ( 'NONE', #849, 0.6999999999999992895 ) ;
#196 = EDGE_CURVE ( 'NONE', #1054, #1876, #1395, .T. ) ;
#197 = ORIENTED_EDGE ( 'NONE', *, *, #491, .T. ) ;
#198 = CARTESIAN_POINT ( 'NONE',  ( 0.5000000000000000000, 15.92268025649271834, 0.000000000000000000 ) ) ;
#199 = DIRECTION ( 'NONE',  ( 0.000000000000000000, -0.6691306063588475794, -0.7431448254774039031 ) ) ;
#200 = CIRCLE ( 'NONE', #1515, 0.5000000000000004441 ) ;
#201 = DIRECTION ( 'NONE',  ( -6.938893903907221278E-15, -1.000000000000000000, 2.407412430484040332E-29 ) ) ;
#202 = CARTESIAN_POINT ( 'NONE',  ( 0.000000000000000000, 14.72268025649271550, 29.83726233485285206 ) ) ;
#203 = ORIENTED_EDGE ( 'NONE', *, *, #1304, .T. ) ;
#204 = CYLINDRICAL_SURFACE ( 'NONE', #249, 3.000000000000001776 ) ;
#205 = ORIENTED_EDGE ( 'NONE', *, *, #21, .F. ) ;
#206 = DIRECTION ( 'NONE',  ( -1.000000000000000000, 0.000000000000000000, 0.000000000000000000 ) ) ;
#207 = DIRECTION ( 'NONE',  ( 0.000000000000000000, 0.000000000000000000, -1.000000000000000000 ) ) ;
#208 = DIRECTION ( 'NONE',  ( -0.000000000000000000, -1.000000000000000000, 0.000000000000000000 ) ) ;
#209 = ORIENTED_EDGE ( 'NONE', *, *, #854, .T. ) ;
#210 = CYLINDRICAL_SURFACE ( 'NONE', #1032, 0.6999999999999992895 ) ;
#211 = VERTEX_POINT ( 'NONE', #1115 ) ;
#212 = CARTESIAN_POINT ( 'NONE',  ( 9.494794498921805825, 15.04271878188602507, 30.46652483879524809 ) ) ;
#213 = VECTOR ( 'NONE', #1457, 1000.000000000000000 ) ;
#214 = AXIS2_PLACEMENT_3D ( 'NONE', #1907, #1640, #1775 ) ;
#215 = DIRECTION ( 'NONE',  ( 0.000000000000000000, 1.000000000000000000, -0.000000000000000000 ) ) ;
#216 = ADVANCED_FACE ( 'NONE', ( #372 ), #303, .T. ) ;
#217 = CARTESIAN_POINT ( 'NONE',  ( 5.000000000000000888, 34.39101492861446019, 1.604285338279758388 ) ) ;
#218 = DIRECTION ( 'NONE',  ( -3.469446951953610639E-15, -0.000000000000000000, -1.000000000000000000 ) ) ;
#219 = VECTOR ( 'NONE', #1803, 1000.000000000000000 ) ;
#220 = CARTESIAN_POINT ( 'NONE',  ( -3.252606517456513302E-16, 14.85650637776448590, 29.98589129994833513 ) ) ;
#221 = ORIENTED_EDGE ( 'NONE', *, *, #61, .F. ) ;
#222 = CARTESIAN_POINT ( 'NONE',  ( 10.00000000000000000, 15.92268025649271834, 12.66082468013852669 ) ) ;
#223 = ORIENTED_EDGE ( 'NONE', *, *, #1648, .F. ) ;
#224 = CARTESIAN_POINT ( 'NONE',  ( 10.00000000000000000, 0.3096560549645938076, 13.82997728009947735 ) ) ;
#225 = CARTESIAN_POINT ( 'NONE',  ( 10.00000000000000000, 36.86234177535965983, 4.973607824906608244 ) ) ;
#226 = DIRECTION ( 'NONE',  ( -0.000000000000000000, -3.886809318137117464E-15, 1.000000000000000000 ) ) ;
#227 = AXIS2_PLACEMENT_3D ( 'NONE', #97, #51, #39 ) ;
#228 = DIRECTION ( 'NONE',  ( 0.000000000000000000, 0.000000000000000000, -1.000000000000000000 ) ) ;
#229 = EDGE_CURVE ( 'NONE', #136, #356, #991, .T. ) ;
#230 = AXIS2_PLACEMENT_3D ( 'NONE', #1516, #201, #1664 ) ;
#231 = CYLINDRICAL_SURFACE ( 'NONE', #699, 0.7000000000000011768 ) ;
#232 = VERTEX_POINT ( 'NONE', #740 ) ;
#233 = CARTESIAN_POINT ( 'NONE',  ( 0.5000000000000004441, 14.92268025649272367, 3.633224388131021570E-15 ) ) ;
#234 = ORIENTED_EDGE ( 'NONE', *, *, #723, .F. ) ;
#235 = FILL_AREA_STYLE_COLOUR ( '', #1914 ) ;
#236 = CARTESIAN_POINT ( 'NONE',  ( 10.00000000000000000, 0.000000000000000000, 11.66082468013852491 ) ) ;
#237 = CARTESIAN_POINT ( 'NONE',  ( 10.00000000000000000, 25.82268025649272403, 11.66082468013852491 ) ) ;
#238 = DIRECTION ( 'NONE',  ( 1.000000000000000000, 0.000000000000000000, 0.000000000000000000 ) ) ;
#239 = DIRECTION ( 'NONE',  ( 2.478176394252581732E-15, 0.000000000000000000, -1.000000000000000000 ) ) ;
#240 = VECTOR ( 'NONE', #1412, 1000.000000000000000 ) ;
#241 = EDGE_CURVE ( 'NONE', #1836, #1763, #562, .T. ) ;
#242 = ORIENTED_EDGE ( 'NONE', *, *, #1271, .T. ) ;
#243 = DIRECTION ( 'NONE',  ( 0.000000000000000000, 0.6691306063588533526, 0.7431448254773985740 ) ) ;
#244 = DIRECTION ( 'NONE',  ( 0.000000000000000000, 0.6691306063588488007, 0.7431448254774027928 ) ) ;
#245 = DIRECTION ( 'NONE',  ( 0.000000000000000000, 0.9335804264972015210, -0.3583679495453011565 ) ) ;
#246 = CARTESIAN_POINT ( 'NONE',  ( 0.6999999999999999556, 36.83090389098877182, -0.1892162787652534872 ) ) ;
#247 = SPHERICAL_SURFACE ( 'NONE', #37, 0.6999999999999999556 ) ;
#248 = DIRECTION ( 'NONE',  ( -0.000000000000000000, 1.000000000000000000, 0.000000000000000000 ) ) ;
#249 = AXIS2_PLACEMENT_3D ( 'NONE', #346, #1394, #514 ) ;
#250 = EDGE_LOOP ( 'NONE', ( #595, #1838, #586 ) ) ;
#251 = CARTESIAN_POINT ( 'NONE',  ( 9.859766609700935547, 14.51000834968856523, 30.24396448583527430 ) ) ;
#252 = EDGE_CURVE ( 'NONE', #1221, #793, #1686, .T. ) ;
#253 = CARTESIAN_POINT ( 'NONE',  ( 5.000000000000000888, 31.59027364912285307, 2.679389186915662524 ) ) ;
#254 = EDGE_LOOP ( 'NONE', ( #209, #262, #359, #242 ) ) ;
#255 = DIRECTION ( 'NONE',  ( 1.000000000000000000, -0.000000000000000000, 0.000000000000000000 ) ) ;
#256 = DIRECTION ( 'NONE',  ( -1.000000000000000000, 0.000000000000000000, -0.000000000000000000 ) ) ;
#257 = VECTOR ( 'NONE', #472, 1000.000000000000000 ) ;
#258 = AXIS2_PLACEMENT_3D ( 'NONE', #1514, #786, #1655 ) ;
#259 = VERTEX_POINT ( 'NONE', #1333 ) ;
#260 = CARTESIAN_POINT ( 'NONE',  ( 10.00000000000000000, 14.92268025649271657, 29.83726233485285206 ) ) ;
#261 = CARTESIAN_POINT ( 'NONE',  ( 0.5000000000000004441, 26.82268025649272758, 13.66082468013852669 ) ) ;
#262 = ORIENTED_EDGE ( 'NONE', *, *, #1623, .T. ) ;
#263 = DIRECTION ( 'NONE',  ( -0.000000000000000000, 0.000000000000000000, -1.000000000000000000 ) ) ;
#264 = ADVANCED_FACE ( 'NONE', ( #750 ), #1336, .T. ) ;
#265 = CARTESIAN_POINT ( 'NONE',  ( 9.300000000000000711, 0.3096560549645908655, 13.82997728009947558 ) ) ;
#266 = DIRECTION ( 'NONE',  ( -5.551115123125782702E-17, 0.3583679495453009345, 0.9335804264972016320 ) ) ;
#267 = EDGE_CURVE ( 'NONE', #503, #873, #1842, .T. ) ;
#268 =( NAMED_UNIT ( * ) SI_UNIT ( $, .STERADIAN. ) SOLID_ANGLE_UNIT ( ) );
#269 = CARTESIAN_POINT ( 'NONE',  ( 9.300000000000000711, 4.666798921701062142, 12.15742683804823088 ) ) ;
#270 = ORIENTED_EDGE ( 'NONE', *, *, #1801, .T. ) ;
#271 = CARTESIAN_POINT ( 'NONE',  ( 9.500000000000000000, 16.42268025649271834, 16.91082468013853202 ) ) ;
#272 = SPHERICAL_SURFACE ( 'NONE', #670, 0.5000000000000000000 ) ;
#273 = ADVANCED_FACE ( 'NONE', ( #1952 ), #607, .T. ) ;
#274 = ORIENTED_EDGE ( 'NONE', *, *, #1760, .F. ) ;
#275 = FACE_OUTER_BOUND ( 'NONE', #1153, .T. ) ;
#276 = VERTEX_POINT ( 'NONE', #1185 ) ;
#277 = ORIENTED_EDGE ( 'NONE', *, *, #1938, .T. ) ;
#278 = CARTESIAN_POINT ( 'NONE',  ( 9.483223709350001585, 14.25104712719112854, 30.33236608908427101 ) ) ;
#279 = PRODUCT_RELATED_PRODUCT_CATEGORY ( 'part', '', ( #1021 ) ) ;
#280 = VECTOR ( 'NONE', #1553, 1000.000000000000000 ) ;
#281 = AXIS2_PLACEMENT_3D ( 'NONE', #461, #1505, #301 ) ;
#282 = DIRECTION ( 'NONE',  ( 0.000000000000000000, 0.000000000000000000, -1.000000000000000000 ) ) ;
#283 = ORIENTED_EDGE ( 'NONE', *, *, #642, .F. ) ;
#284 = CARTESIAN_POINT ( 'NONE',  ( 0.000000000000000000, 26.82268025649272758, 14.16082468013852846 ) ) ;
#285 = AXIS2_PLACEMENT_3D ( 'NONE', #1435, #1873, #228 ) ;
#286 = CARTESIAN_POINT ( 'NONE',  ( 9.500000000000000000, 16.92268025649271834, 12.66082468013852669 ) ) ;
#287 = ORIENTED_EDGE ( 'NONE', *, *, #1421, .F. ) ;
#288 = ADVANCED_FACE ( 'NONE', ( #1614 ), #1602, .T. ) ;
#289 = ORIENTED_EDGE ( 'NONE', *, *, #1364, .T. ) ;
#290 = CARTESIAN_POINT ( 'NONE',  ( 9.300000000000000711, 36.58004632630706254, -0.8427225773132944742 ) ) ;
#291 = CARTESIAN_POINT ( 'NONE',  ( 0.6476503687571426582, 14.33861897843146416, 30.42962448301857847 ) ) ;
#292 = ORIENTED_EDGE ( 'NONE', *, *, #1233, .T. ) ;
#293 = DIRECTION ( 'NONE',  ( -1.000000000000000000, 0.000000000000000000, -0.000000000000000000 ) ) ;
#294 = CARTESIAN_POINT ( 'NONE',  ( 10.00000000000000178, 29.09641800275945656, 13.74343376744941381 ) ) ;
#295 = VECTOR ( 'NONE', #1816, 1000.000000000000000 ) ;
#296 = EDGE_LOOP ( 'NONE', ( #666, #995, #1437, #1917, #205 ) ) ;
#297 = DIRECTION ( 'NONE',  ( 0.000000000000000000, 0.000000000000000000, 1.000000000000000000 ) ) ;
#298 = VERTEX_POINT ( 'NONE', #719 ) ;
#299 = DIRECTION ( 'NONE',  ( -1.000000000000000000, 0.000000000000000000, -0.000000000000000000 ) ) ;
#300 = ORIENTED_EDGE ( 'NONE', *, *, #1066, .T. ) ;
#301 = DIRECTION ( 'NONE',  ( 0.000000000000000000, 0.000000000000000000, -1.000000000000000000 ) ) ;
#302 = AXIS2_PLACEMENT_3D ( 'NONE', #540, #1872, #207 ) ;
#303 =( BOUNDED_SURFACE ( )  B_SPLINE_SURFACE ( 3, 2, ( 
 ( #972, #552, #1891 ),
 ( #702, #1571, #953 ),
 ( #807, #847, #1442 ),
 ( #680, #1735, #1292 ),
 ( #1755, #1549, #59 ),
 ( #1858, #1105, #1716 ) ),
 .UNSPECIFIED., .F., .F., .T. ) 
 B_SPLINE_SURFACE_WITH_KNOTS ( ( 4, 2, 4 ),
 ( 3, 3 ),
 ( 1.570796326794896558, 2.356194490192344837, 3.141592653589793116 ),
 ( 0.000000000000000000, 1.000000000000000000 ),
 .UNSPECIFIED. ) 
 GEOMETRIC_REPRESENTATION_ITEM ( )  RATIONAL_B_SPLINE_SURFACE ( (
 ( 1.000000000000000000, 0.7071067811865487940, 1.000000000000000000),
 ( 1.000000000000000000, 0.7655932065310065981, 1.000000000000000000),
 ( 1.000000000000000000, 0.8157343783901001011, 1.000000000000000000),
 ( 1.000000000000000000, 0.8842636898736946360, 1.000000000000000000),
 ( 1.000000000000000000, 0.9027378428208996386, 1.000000000000000000),
 ( 1.000000000000000000, 0.9025852843498614053, 1.000000000000000000) ) ) 
 REPRESENTATION_ITEM ( '' )  SURFACE ( )  );
#304 = LINE ( 'NONE', #1352, #615 ) ;
#305 = ORIENTED_EDGE ( 'NONE', *, *, #515, .T. ) ;
#306 = CIRCLE ( 'NONE', #996, 0.5000000000000004441 ) ;
#307 = CIRCLE ( 'NONE', #57, 3.000000000000001776 ) ;
#308 = ORIENTED_EDGE ( 'NONE', *, *, #1556, .F. ) ;
#309 = CARTESIAN_POINT ( 'NONE',  ( 10.00000000000000000, 28.92684057696499522, 13.66082468013852669 ) ) ;
#310 = EDGE_CURVE ( 'NONE', #1194, #32, #1676, .T. ) ;
#311 = ORIENTED_EDGE ( 'NONE', *, *, #584, .T. ) ;
#312 = EDGE_CURVE ( 'NONE', #1052, #12, #1178, .T. ) ;
#313 = CARTESIAN_POINT ( 'NONE',  ( 0.000000000000000000, 16.92268025649271834, 11.66082468013852491 ) ) ;
#314 = AXIS2_PLACEMENT_3D ( 'NONE', #421, #1599, #853 ) ;
#315 = CARTESIAN_POINT ( 'NONE',  ( 4.542807121295092010, 36.63015587860685685, -0.8619578322529122261 ) ) ;
#316 = CARTESIAN_POINT ( 'NONE',  ( 5.000000000000000888, 6.005553163934007621, 10.89372573715799675 ) ) ;
#317 = EDGE_LOOP ( 'NONE', ( #185, #1093, #986, #1236, #1249, #389, #1177 ) ) ;
#318 = CARTESIAN_POINT ( 'NONE',  ( 10.00000000000000178, 29.30521461954138474, 13.84514835513805053 ) ) ;
#319 = TOROIDAL_SURFACE ( 'NONE', #69, 0.1999999999999999833, 0.5000000000000000000 ) ;
#320 = EDGE_LOOP ( 'NONE', ( #1632, #677, #1291, #1050 ) ) ;
#321 = LINE ( 'NONE', #181, #1800 ) ;
#322 = AXIS2_PLACEMENT_3D ( 'NONE', #1000, #1494, #587 ) ;
#323 = CARTESIAN_POINT ( 'NONE',  ( 9.432722105830864123, 29.42268025596491299, 14.16082468013857287 ) ) ;
#324 = CARTESIAN_POINT ( 'NONE',  ( 5.000000000000000888, 6.543105088251959245, 12.29409637690379853 ) ) ;
#325 = ADVANCED_FACE ( 'NONE', ( #275 ), #1922, .T. ) ;
#326 = CARTESIAN_POINT ( 'NONE',  ( 10.00000000000000000, 15.92268025649271834, 0.000000000000000000 ) ) ;
#327 = ORIENTED_EDGE ( 'NONE', *, *, #1173, .F. ) ;
#328 = DIRECTION ( 'NONE',  ( 0.000000000000000000, -0.9335804264972015210, 0.3583679495453011565 ) ) ;
#329 = ORIENTED_EDGE ( 'NONE', *, *, #610, .T. ) ;
#330 = CARTESIAN_POINT ( 'NONE',  ( 9.500000000000000000, 0.000000000000000000, 16.91082468013853202 ) ) ;
#331 = EDGE_CURVE ( 'NONE', #276, #503, #1780, .T. ) ;
#332 = CARTESIAN_POINT ( 'NONE',  ( 0.5000000000000000000, 15.92268025649271834, 16.91082468013853202 ) ) ;
#333 = CARTESIAN_POINT ( 'NONE',  ( 5.000000000000000888, 34.39101492861446019, 1.604285338279758388 ) ) ;
#334 = ADVANCED_FACE ( 'NONE', ( #112 ), #711, .T. ) ;
#335 = DIRECTION ( 'NONE',  ( 0.000000000000000000, 0.3583679495453009900, 0.9335804264972016320 ) ) ;
#336 = ORIENTED_EDGE ( 'NONE', *, *, #1623, .F. ) ;
#337 = DIRECTION ( 'NONE',  ( 0.000000000000000000, 0.3583679495453016561, 0.9335804264972011879 ) ) ;
#338 = VERTEX_POINT ( 'NONE', #1302 ) ;
#339 = CARTESIAN_POINT ( 'NONE',  ( 9.300000000000000711, -6.706095645486549905, 6.038195640644143936 ) ) ;
#340 = DIRECTION ( 'NONE',  ( 1.000000000000000000, -0.000000000000000000, 0.000000000000000000 ) ) ;
#341 = DIRECTION ( 'NONE',  ( 0.000000000000000000, 0.9335804264972015210, -0.3583679495453010455 ) ) ;
#342 = CIRCLE ( 'NONE', #1443, 0.5000000000000004441 ) ;
#343 = AXIS2_PLACEMENT_3D ( 'NONE', #66, #1113, #349 ) ;
#344 = DIRECTION ( 'NONE',  ( 0.000000000000000000, 0.000000000000000000, -1.000000000000000000 ) ) ;
#345 = ORIENTED_EDGE ( 'NONE', *, *, #457, .T. ) ;
#346 = CARTESIAN_POINT ( 'NONE',  ( 5.000000000000000888, 3.742363808760353017, 13.36920022553970355 ) ) ;
#347 = VECTOR ( 'NONE', #1001, 1000.000000000000114 ) ;
#348 = ORIENTED_EDGE ( 'NONE', *, *, #1330, .F. ) ;
#349 = DIRECTION ( 'NONE',  ( 0.000000000000000000, 0.000000000000000000, 1.000000000000000000 ) ) ;
#350 = CARTESIAN_POINT ( 'NONE',  ( 0.6999999999999992895, 37.53090389098876045, 3.085646651757093295 ) ) ;
#351 = VECTOR ( 'NONE', #1534, 1000.000000000000000 ) ;
#352 = DIRECTION ( 'NONE',  ( -0.000000000000000000, -0.6293203910498421649, 0.7771459614569670160 ) ) ;
#353 = DIRECTION ( 'NONE',  ( 0.000000000000000000, -0.9335804264972014099, 0.3583679495453011565 ) ) ;
#354 = EDGE_CURVE ( 'NONE', #686, #748, #1356, .T. ) ;
#355 = CARTESIAN_POINT ( 'NONE',  ( 10.00000000000000000, 26.82268025649270271, -4.652993312955745156E-14 ) ) ;
#356 = VERTEX_POINT ( 'NONE', #1910 ) ;
#357 = FACE_OUTER_BOUND ( 'NONE', #1347, .T. ) ;
#358 = EDGE_CURVE ( 'NONE', #1598, #128, #581, .T. ) ;
#359 = ORIENTED_EDGE ( 'NONE', *, *, #422, .F. ) ;
#360 = CARTESIAN_POINT ( 'NONE',  ( 9.499999999181689248, 15.12296537434403731, 30.41878690659175177 ) ) ;
#361 = FACE_OUTER_BOUND ( 'NONE', #320, .T. ) ;
#362 = FACE_OUTER_BOUND ( 'NONE', #376, .T. ) ;
#363 = DIRECTION ( 'NONE',  ( 1.000000000000000000, -0.000000000000000000, -0.000000000000000000 ) ) ;
#364 = CARTESIAN_POINT ( 'NONE',  ( 0.5770906045828038122, 14.59454113100788675, 30.53150749004547038 ) ) ;
#365 = EDGE_LOOP ( 'NONE', ( #668, #1924, #448, #1338 ) ) ;
#366 = FACE_OUTER_BOUND ( 'NONE', #296, .T. ) ;
#367 = ORIENTED_EDGE ( 'NONE', *, *, #229, .T. ) ;
#368 = EDGE_CURVE ( 'NONE', #78, #616, #1484, .T. ) ;
#369 = VECTOR ( 'NONE', #737, 1000.000000000000000 ) ;
#370 = CARTESIAN_POINT ( 'NONE',  ( 10.00000000000000000, 15.42268025649272367, 3.754959368901324127E-15 ) ) ;
#371 = EDGE_CURVE ( 'NONE', #445, #1934, #418, .T. ) ;
#372 = FACE_OUTER_BOUND ( 'NONE', #465, .T. ) ;
#373 = CARTESIAN_POINT ( 'NONE',  ( 0.5000000000000004441, 15.19107168094391191, 30.35746371268703570 ) ) ;
#374 = AXIS2_PLACEMENT_3D ( 'NONE', #1689, #623, #337 ) ;
#375 = DIRECTION ( 'NONE',  ( 0.000000000000000000, -1.734723475976805319E-15, -1.000000000000000000 ) ) ;
#376 = EDGE_LOOP ( 'NONE', ( #1301, #1360, #438, #65 ) ) ;
#377 = CYLINDRICAL_SURFACE ( 'NONE', #692, 0.5000000000000004441 ) ;
#378 = AXIS2_PLACEMENT_3D ( 'NONE', #265, #1900, #1030 ) ;
#379 =( BOUNDED_CURVE ( )  B_SPLINE_CURVE ( 3, ( #1603, #1634, #1303, #1797 ),
 .UNSPECIFIED., .F., .T. ) 
 B_SPLINE_CURVE_WITH_KNOTS ( ( 4, 4 ),
 ( 1.570796326794896558, 3.141592653589793116 ),
 .UNSPECIFIED. ) 
 CURVE ( )  GEOMETRIC_REPRESENTATION_ITEM ( )  RATIONAL_B_SPLINE_CURVE ( ( 1.000000000000000000, 0.8047378541243649375, 0.8047378541243649375, 1.000000000000000000 ) ) 
 REPRESENTATION_ITEM ( '' )  );
#380 = VERTEX_POINT ( 'NONE', #1204 ) ;
#381 = CARTESIAN_POINT ( 'NONE',  ( 0.000000000000000000, 28.92684057696499877, 13.66082468013852669 ) ) ;
#382 = DIRECTION ( 'NONE',  ( 0.000000000000000000, -0.3583679495453011565, -0.9335804264972014099 ) ) ;
#383 = CARTESIAN_POINT ( 'NONE',  ( 0.6999999999999999556, 0.3096560549645919203, 13.82997728009947558 ) ) ;
#384 = AXIS2_PLACEMENT_3D ( 'NONE', #451, #747, #789 ) ;
#385 = LINE ( 'NONE', #672, #1244 ) ;
#386 = CARTESIAN_POINT ( 'NONE',  ( 0.6999999999999999556, 24.15168589812995137, 19.55764961504689481 ) ) ;
#387 = CARTESIAN_POINT ( 'NONE',  ( 5.000000000000000888, 3.204811884442401393, 11.96882958579389999 ) ) ;
#388 = CARTESIAN_POINT ( 'NONE',  ( 0.000000000000000000, 15.92268025649271834, 17.41082468013853557 ) ) ;
#389 = ORIENTED_EDGE ( 'NONE', *, *, #21, .T. ) ;
#390 = DIRECTION ( 'NONE',  ( 0.000000000000000000, 0.7431448254773992401, -0.6691306063588526865 ) ) ;
#391 = CARTESIAN_POINT ( 'NONE',  ( 0.5000000000000000000, 26.32268025649272758, 13.66082468013852846 ) ) ;
#392 = FACE_OUTER_BOUND ( 'NONE', #1713, .T. ) ;
#393 = EDGE_CURVE ( 'NONE', #1145, #1052, #1518, .T. ) ;
#394 = DIRECTION ( 'NONE',  ( 0.000000000000000000, -1.000000000000000000, -3.717264591378875951E-15 ) ) ;
#395 = CARTESIAN_POINT ( 'NONE',  ( 5.000000000000000888, 3.204811884442401393, 11.96882958579389999 ) ) ;
#396 = ADVANCED_FACE ( 'NONE', ( #1368 ), #768, .T. ) ;
#397 = DIRECTION ( 'NONE',  ( 0.000000000000000000, -1.000000000000000000, 0.000000000000000000 ) ) ;
#398 = TOROIDAL_SURFACE ( 'NONE', #281, 1.000000000000000000, 0.5000000000000000000 ) ;
#399 = ORIENTED_EDGE ( 'NONE', *, *, #610, .F. ) ;
#400 = LINE ( 'NONE', #1751, #629 ) ;
#401 = DIRECTION ( 'NONE',  ( 0.000000000000000000, 0.000000000000000000, -1.000000000000000000 ) ) ;
#402 = VERTEX_POINT ( 'NONE', #35 ) ;
#403 = DIRECTION ( 'NONE',  ( 0.000000000000000000, 1.000000000000000000, 2.434699615406050641E-16 ) ) ;
#404 = CIRCLE ( 'NONE', #788, 0.5000000000000004441 ) ;
#405 = CARTESIAN_POINT ( 'NONE',  ( 0.5000000000000004441, 15.92268025649271834, 17.41082468013853557 ) ) ;
#406 = DIRECTION ( 'NONE',  ( 0.000000000000000000, -1.000000000000000000, 0.000000000000000000 ) ) ;
#407 = VECTOR ( 'NONE', #1156, 1000.000000000000000 ) ;
#408 = ORIENTED_EDGE ( 'NONE', *, *, #104, .F. ) ;
#409 = FACE_OUTER_BOUND ( 'NONE', #365, .T. ) ;
#410 = EDGE_CURVE ( 'NONE', #108, #834, #1778, .T. ) ;
#411 = DIRECTION ( 'NONE',  ( 0.000000000000000000, -0.9335804264972015210, 0.3583679495453009345 ) ) ;
#412 = ORIENTED_EDGE ( 'NONE', *, *, #1330, .T. ) ;
#413 = CARTESIAN_POINT ( 'NONE',  ( 0.6999999999999999556, 29.18419249014362649, 13.66082468013852669 ) ) ;
#414 = EDGE_CURVE ( 'NONE', #1328, #1813, #1102, .T. ) ;
#415 = CARTESIAN_POINT ( 'NONE',  ( 9.500000000000000000, 25.82268025649272403, 12.66082468013852669 ) ) ;
#416 = CIRCLE ( 'NONE', #827, 0.5000000000000004441 ) ;
#417 = DIRECTION ( 'NONE',  ( -0.000000000000000000, -0.9335804264972014099, 0.3583679495453011565 ) ) ;
#418 = CIRCLE ( 'NONE', #1862, 1.000000000000000888 ) ;
#419 = ADVANCED_FACE ( 'NONE', ( #1654 ), #398, .T. ) ;
#420 = ORIENTED_EDGE ( 'NONE', *, *, #1533, .T. ) ;
#421 = CARTESIAN_POINT ( 'NONE',  ( 10.00000000000000000, 26.82268025649272758, 13.66082468013852669 ) ) ;
#422 = EDGE_CURVE ( 'NONE', #756, #1500, #531, .T. ) ;
#423 = CARTESIAN_POINT ( 'NONE',  ( 9.300000000000000711, 29.57276547087211682, 13.97548487566344910 ) ) ;
#424 = VERTEX_POINT ( 'NONE', #470 ) ;
#425 = DIRECTION ( 'NONE',  ( 0.000000000000000000, 0.000000000000000000, -1.000000000000000000 ) ) ;
#426 = CARTESIAN_POINT ( 'NONE',  ( 10.00000000000000000, 36.31833960233978331, 4.533083551171718462 ) ) ;
#427 = ORIENTED_EDGE ( 'NONE', *, *, #948, .F. ) ;
#428 = DIRECTION ( 'NONE',  ( -0.000000000000000000, 1.000000000000000000, 0.000000000000000000 ) ) ;
#429 = ORIENTED_EDGE ( 'NONE', *, *, #605, .F. ) ;
#430 = DIRECTION ( 'NONE',  ( 0.000000000000000000, 0.000000000000000000, -1.000000000000000000 ) ) ;
#431 = DIRECTION ( 'NONE',  ( 0.000000000000000000, 0.000000000000000000, 1.000000000000000000 ) ) ;
#432 = VERTEX_POINT ( 'NONE', #1681 ) ;
#433 = CARTESIAN_POINT ( 'NONE',  ( 9.500000000000000000, 25.82268025649272403, 11.66082468013852491 ) ) ;
#434 = ADVANCED_FACE ( 'NONE', ( #1512 ), #192, .T. ) ;
#435 = DIRECTION ( 'NONE',  ( 0.000000000000000000, 3.717264591378876740E-15, -1.000000000000000000 ) ) ;
#436 = ORIENTED_EDGE ( 'NONE', *, *, #779, .F. ) ;
#437 = APPLICATION_PROTOCOL_DEFINITION ( 'draft international standard', 'automotive_design', 1998, #863 ) ;
#438 = ORIENTED_EDGE ( 'NONE', *, *, #541, .F. ) ;
#439 = CARTESIAN_POINT ( 'NONE',  ( 5.228580414128226828, 36.65670614262367621, -0.8671949985395512872 ) ) ;
#440 = CIRCLE ( 'NONE', #1374, 0.5000000000000004441 ) ;
#441 = AXIS2_PLACEMENT_3D ( 'NONE', #339, #617, #1814 ) ;
#442 = CARTESIAN_POINT ( 'NONE',  ( 0.6411022452753707412, 14.24188916772560809, 30.34942332214600924 ) ) ;
#443 = ORIENTED_EDGE ( 'NONE', *, *, #559, .F. ) ;
#444 = DIRECTION ( 'NONE',  ( 0.000000000000000000, 0.7771459614569672381, 0.6293203910498419429 ) ) ;
#445 = VERTEX_POINT ( 'NONE', #313 ) ;
#446 = AXIS2_PLACEMENT_3D ( 'NONE', #1786, #550, #700 ) ;
#447 = CIRCLE ( 'NONE', #1042, 0.1999999999999987899 ) ;
#448 = ORIENTED_EDGE ( 'NONE', *, *, #1867, .F. ) ;
#449 = DIRECTION ( 'NONE',  ( -1.858632295689436004E-15, -1.000000000000000000, 0.000000000000000000 ) ) ;
#450 = ADVANCED_FACE ( 'NONE', ( #1522 ), #1807, .T. ) ;
#451 = CARTESIAN_POINT ( 'NONE',  ( -6.840287721290209209E-16, 4.953493281337302712, 12.90429117924600000 ) ) ;
#452 = ORIENTED_EDGE ( 'NONE', *, *, #1354, .F. ) ;
#453 = DIRECTION ( 'NONE',  ( 0.000000000000000000, -1.000000000000000000, 3.469446951953611033E-15 ) ) ;
#454 = CARTESIAN_POINT ( 'NONE',  ( 9.300000000000000711, 29.57276547087212037, 13.97548487566344555 ) ) ;
#455 = VERTEX_POINT ( 'NONE', #1670 ) ;
#456 = EDGE_CURVE ( 'NONE', #1328, #1422, #1957, .T. ) ;
#457 = EDGE_CURVE ( 'NONE', #686, #1474, #940, .T. ) ;
#458 = ORIENTED_EDGE ( 'NONE', *, *, #819, .F. ) ;
#459 = DIRECTION ( 'NONE',  ( 0.000000000000000000, 0.000000000000000000, 1.000000000000000000 ) ) ;
#460 = ORIENTED_EDGE ( 'NONE', *, *, #478, .F. ) ;
#461 = CARTESIAN_POINT ( 'NONE',  ( 0.5000000000000004441, 16.92268025649271834, 12.66082468013852669 ) ) ;
#462 = DIRECTION ( 'NONE',  ( 1.000000000000000000, -0.000000000000000000, 0.000000000000000000 ) ) ;
#463 = LINE ( 'NONE', #771, #544 ) ;
#464 = CIRCLE ( 'NONE', #156, 3.000000000000001776 ) ;
#465 = EDGE_LOOP ( 'NONE', ( #1730, #1031, #1669, #76 ) ) ;
#466 = CARTESIAN_POINT ( 'NONE',  ( 5.000000000000000888, 34.39101492861446019, 1.604285338279758388 ) ) ;
#467 = EDGE_CURVE ( 'NONE', #455, #793, #321, .T. ) ;
#468 = ADVANCED_FACE ( 'NONE', ( #924 ), #1530, .T. ) ;
#469 = ORIENTED_EDGE ( 'NONE', *, *, #17, .T. ) ;
#470 = CARTESIAN_POINT ( 'NONE',  ( 9.300000000000000711, 36.83090389098877182, -0.8892162787652535538 ) ) ;
#471 = VECTOR ( 'NONE', #631, 1000.000000000000000 ) ;
#472 = DIRECTION ( 'NONE',  ( -0.000000000000000000, -0.000000000000000000, 1.000000000000000000 ) ) ;
#473 = FACE_OUTER_BOUND ( 'NONE', #160, .T. ) ;
#474 = CIRCLE ( 'NONE', #762, 3.000000000000000000 ) ;
#475 = ADVANCED_FACE ( 'NONE', ( #1084 ), #1691, .T. ) ;
#476 = ORIENTED_EDGE ( 'NONE', *, *, #467, .F. ) ;
#477 = LINE ( 'NONE', #639, #471 ) ;
#478 = EDGE_CURVE ( 'NONE', #1480, #1934, #938, .T. ) ;
#479 = VECTOR ( 'NONE', #934, 1000.000000000000000 ) ;
#480 = ORIENTED_EDGE ( 'NONE', *, *, #676, .F. ) ;
#481 = DIRECTION ( 'NONE',  ( 1.000000000000000000, 0.000000000000000000, 0.000000000000000000 ) ) ;
#482 = CIRCLE ( 'NONE', #795, 0.6999999999999999556 ) ;
#483 = CARTESIAN_POINT ( 'NONE',  ( 0.000000000000000000, 15.92268025649271834, 16.91082468013853202 ) ) ;
#484 = DIRECTION ( 'NONE',  ( 0.000000000000000000, -0.9335804264972015210, 0.3583679495453011565 ) ) ;
#485 = ORIENTED_EDGE ( 'NONE', *, *, #1293, .T. ) ;
#486 = CARTESIAN_POINT ( 'NONE',  ( 0.5000000000000000000, 16.42268025649271834, 12.66082468013852669 ) ) ;
#487 = ORIENTED_EDGE ( 'NONE', *, *, #723, .T. ) ;
#488 = DIRECTION ( 'NONE',  ( 0.000000000000000000, 1.000000000000000000, 0.000000000000000000 ) ) ;
#489 = CARTESIAN_POINT ( 'NONE',  ( 9.924558425912415771, 29.26400512935101617, 13.82507328702552130 ) ) ;
#490 = DIRECTION ( 'NONE',  ( 1.000000000000000000, -0.000000000000000000, -0.000000000000000000 ) ) ;
#491 = EDGE_CURVE ( 'NONE', #12, #1763, #1537, .T. ) ;
#492 = FACE_OUTER_BOUND ( 'NONE', #1731, .T. ) ;
#493 = ORIENTED_EDGE ( 'NONE', *, *, #100, .T. ) ;
#494 = DIRECTION ( 'NONE',  ( 1.000000000000000000, -0.000000000000000000, -0.000000000000000000 ) ) ;
#495 = AXIS2_PLACEMENT_3D ( 'NONE', #1916, #568, #1283 ) ;
#496 = ORIENTED_EDGE ( 'NONE', *, *, #61, .T. ) ;
#497 = DIRECTION ( 'NONE',  ( 0.000000000000000000, 0.000000000000000000, -1.000000000000000000 ) ) ;
#498 = CARTESIAN_POINT ( 'NONE',  ( 0.000000000000000000, 0.000000000000000000, 16.91082468013853202 ) ) ;
#499 = CARTESIAN_POINT ( 'NONE',  ( 0.6999999999999999556, 4.666798921701063030, 12.15742683804823088 ) ) ;
#500 = DIRECTION ( 'NONE',  ( 0.000000000000000000, 0.7771459614569677932, 0.6293203910498411657 ) ) ;
#501 = EDGE_CURVE ( 'NONE', #641, #356, #95, .T. ) ;
#502 = CARTESIAN_POINT ( 'NONE',  ( 0.000000000000000000, 28.92684057696499877, 13.66082468013852669 ) ) ;
#503 = VERTEX_POINT ( 'NONE', #687 ) ;
#504 = CARTESIAN_POINT ( 'NONE',  ( 0.5000000000000000000, 26.32268025649272403, 12.16082468013852669 ) ) ;
#505 = AXIS2_PLACEMENT_3D ( 'NONE', #1433, #961, #679 ) ;
#506 = ORIENTED_EDGE ( 'NONE', *, *, #1874, .T. ) ;
#507 = CARTESIAN_POINT ( 'NONE',  ( 10.00000000000000178, 15.19107168094391369, 30.35746371268703570 ) ) ;
#508 = CARTESIAN_POINT ( 'NONE',  ( 0.000000000000000000, 25.82268025649272403, 12.66082468013852669 ) ) ;
#509 = FACE_OUTER_BOUND ( 'NONE', #1754, .T. ) ;
#510 = VECTOR ( 'NONE', #1313, 1000.000000000000000 ) ;
#511 = CARTESIAN_POINT ( 'NONE',  ( 0.5000000000000000000, 26.32268025649272403, 12.66082468013852491 ) ) ;
#512 = CARTESIAN_POINT ( 'NONE',  ( 0.5400666829425769810, 14.77754904323741414, 30.54109852831664185 ) ) ;
#513 = ORIENTED_EDGE ( 'NONE', *, *, #252, .F. ) ;
#514 = DIRECTION ( 'NONE',  ( 0.000000000000000000, 0.9335804264972015210, -0.3583679495453010455 ) ) ;
#515 = EDGE_CURVE ( 'NONE', #259, #41, #1190, .T. ) ;
#516 = ADVANCED_FACE ( 'NONE', ( #979 ), #669, .T. ) ;
#517 = ORIENTED_EDGE ( 'NONE', *, *, #1685, .T. ) ;
#518 =( LENGTH_UNIT ( ) NAMED_UNIT ( * ) SI_UNIT ( .MILLI., .METRE. ) );
#519 = CARTESIAN_POINT ( 'NONE',  ( 10.00000000000000000, 4.415941357019351976, 11.50392053950018934 ) ) ;
#520 = CARTESIAN_POINT ( 'NONE',  ( 10.00000000000000000, 15.42268025649272012, 16.91082468013853202 ) ) ;
#521 = CARTESIAN_POINT ( 'NONE',  ( 10.00000000000000000, 16.92268025649271834, 12.66082468013852669 ) ) ;
#522 = PLANE ( 'NONE',  #1543 ) ;
#523 = VERTEX_POINT ( 'NONE', #224 ) ;
#524 = FACE_OUTER_BOUND ( 'NONE', #722, .T. ) ;
#525 = VERTEX_POINT ( 'NONE', #678 ) ;
#526 = DIRECTION ( 'NONE',  ( 0.000000000000000000, -1.000000000000000000, 0.000000000000000000 ) ) ;
#527 = LINE ( 'NONE', #498, #920 ) ;
#528 = CARTESIAN_POINT ( 'NONE',  ( 9.500000000000000000, 26.82268025649272403, 12.66082468013852491 ) ) ;
#529 = CYLINDRICAL_SURFACE ( 'NONE', #134, 0.5000000000000004441 ) ;
#530 = VECTOR ( 'NONE', #1429, 1000.000000000000000 ) ;
#531 = CIRCLE ( 'NONE', #693, 0.5000000000000004441 ) ;
#532 = CARTESIAN_POINT ( 'NONE',  ( 0.01821925377370988905, 14.71686137893854607, 30.10462352903227057 ) ) ;
#533 = EDGE_LOOP ( 'NONE', ( #1750, #739, #1418, #1898 ) ) ;
#534 = LINE ( 'NONE', #388, #94 ) ;
#535 = VECTOR ( 'NONE', #1020, 1000.000000000000000 ) ;
#536 = ORIENTED_EDGE ( 'NONE', *, *, #501, .F. ) ;
#537 = FACE_OUTER_BOUND ( 'NONE', #1884, .T. ) ;
#538 = ADVANCED_FACE ( 'NONE', ( #537 ), #88, .T. ) ;
#539 = FACE_OUTER_BOUND ( 'NONE', #1795, .T. ) ;
#540 = CARTESIAN_POINT ( 'NONE',  ( 10.00000000000000000, 25.82268025649272403, 12.66082468013852669 ) ) ;
#541 = EDGE_CURVE ( 'NONE', #1054, #1598, #1821, .T. ) ;
#542 = AXIS2_PLACEMENT_3D ( 'NONE', #1235, #654, #647 ) ;
#543 = CARTESIAN_POINT ( 'NONE',  ( 10.00000000000000000, 4.666798921701063030, 12.15742683804823088 ) ) ;
#544 = VECTOR ( 'NONE', #490, 1000.000000000000000 ) ;
#545 = DIRECTION ( 'NONE',  ( 0.000000000000000000, 0.000000000000000000, -1.000000000000000000 ) ) ;
#546 = CARTESIAN_POINT ( 'NONE',  ( 9.300000000000000711, 36.83090389098877182, -0.1892162787652536815 ) ) ;
#547 = AXIS2_PLACEMENT_3D ( 'NONE', #653, #190, #48 ) ;
#548 = ORIENTED_EDGE ( 'NONE', *, *, #1479, .F. ) ;
#549 = CARTESIAN_POINT ( 'NONE',  ( 9.474757314082710380, 14.86997133402667970, 30.52769791843951452 ) ) ;
#550 = DIRECTION ( 'NONE',  ( 0.000000000000000000, 3.886809318137117464E-15, -1.000000000000000000 ) ) ;
#551 = ORIENTED_EDGE ( 'NONE', *, *, #1268, .T. ) ;
#552 = CARTESIAN_POINT ( 'NONE',  ( 1.843143693225357538E-15, 28.92684057696500233, 14.16082468013852669 ) ) ;
#553 = CARTESIAN_POINT ( 'NONE',  ( 9.300000000000000711, 36.83090389098877182, -0.1892162787652534872 ) ) ;
#554 = CARTESIAN_POINT ( 'NONE',  ( -6.847667097949103473E-16, 14.55177946579439485, 30.26026864389259075 ) ) ;
#555 = FACE_OUTER_BOUND ( 'NONE', #1256, .T. ) ;
#556 = AXIS2_PLACEMENT_3D ( 'NONE', #528, #1426, #1146 ) ;
#557 = ORIENTED_EDGE ( 'NONE', *, *, #1697, .F. ) ;
#558 = CARTESIAN_POINT ( 'NONE',  ( 4.999980097755625685, 36.65626472462227525, -0.8670811386855090674 ) ) ;
#559 = EDGE_CURVE ( 'NONE', #32, #1194, #307, .T. ) ;
#560 = PLANE ( 'NONE',  #138 ) ;
#561 = ORIENTED_EDGE ( 'NONE', *, *, #1931, .T. ) ;
#562 = LINE ( 'NONE', #1463, #593 ) ;
#563 = VECTOR ( 'NONE', #1172, 1000.000000000000000 ) ;
#564 = AXIS2_PLACEMENT_3D ( 'NONE', #1278, #837, #1259 ) ;
#565 = DIRECTION ( 'NONE',  ( 0.000000000000000000, 0.000000000000000000, 1.000000000000000000 ) ) ;
#566 = EDGE_CURVE ( 'NONE', #734, #402, #987, .T. ) ;
#567 = EDGE_CURVE ( 'NONE', #380, #1680, #845, .T. ) ;
#568 = DIRECTION ( 'NONE',  ( -0.000000000000000000, 0.7771459614569670160, 0.6293203910498421649 ) ) ;
#569 = CIRCLE ( 'NONE', #130, 0.6999999999999992895 ) ;
#570 = MANIFOLD_SOLID_BREP ( 'Cut-Extrude2', #141 ) ;
#571 = ORIENTED_EDGE ( 'NONE', *, *, #1464, .F. ) ;
#572 = CARTESIAN_POINT ( 'NONE',  ( 9.543317877476903632, 14.38702910826205184, 30.46690048582421539 ) ) ;
#573 = CARTESIAN_POINT ( 'NONE',  ( 9.500000000000000000, 15.92268025649271834, 0.000000000000000000 ) ) ;
#574 = ORIENTED_EDGE ( 'NONE', *, *, #772, .T. ) ;
#575 = CARTESIAN_POINT ( 'NONE',  ( 0.6999999999999999556, 36.83090389098877182, 1.431547004389077814E-13 ) ) ;
#576 = DIRECTION ( 'NONE',  ( 0.000000000000000000, 0.000000000000000000, -1.000000000000000000 ) ) ;
#577 = VERTEX_POINT ( 'NONE', #381 ) ;
#578 = CIRCLE ( 'NONE', #174, 2.299999999999999822 ) ;
#579 = AXIS2_PLACEMENT_3D ( 'NONE', #945, #335, #484 ) ;
#580 = DIRECTION ( 'NONE',  ( 8.673617379884027583E-16, -1.000000000000000000, 0.000000000000000000 ) ) ;
#581 = CIRCLE ( 'NONE', #172, 0.5000000000000004441 ) ;
#582 = ORIENTED_EDGE ( 'NONE', *, *, #1915, .F. ) ;
#583 = CARTESIAN_POINT ( 'NONE',  ( 9.391646163406360159, 14.21999980805597019, 30.32511272276427761 ) ) ;
#584 = EDGE_CURVE ( 'NONE', #34, #686, #803, .T. ) ;
#585 = CARTESIAN_POINT ( 'NONE',  ( 0.6999999999999999556, -6.706095645486549905, 6.038195640644143936 ) ) ;
#586 = ORIENTED_EDGE ( 'NONE', *, *, #457, .F. ) ;
#587 = DIRECTION ( 'NONE',  ( 0.000000000000000000, 0.9335804264972015210, -0.3583679495453010455 ) ) ;
#588 = ADVANCED_FACE ( 'NONE', ( #55 ), #25, .T. ) ;
#589 = DIRECTION ( 'NONE',  ( 0.000000000000000000, 1.000000000000000000, 3.717264591378875951E-15 ) ) ;
#590 = ORIENTED_EDGE ( 'NONE', *, *, #166, .T. ) ;
#591 = ORIENTED_EDGE ( 'NONE', *, *, #354, .F. ) ;
#592 = CARTESIAN_POINT ( 'NONE',  ( 9.610113349063569288, 14.44693914826262393, 30.50283941626978645 ) ) ;
#593 = VECTOR ( 'NONE', #869, 1000.000000000000000 ) ;
#594 = LINE ( 'NONE', #326, #1674 ) ;
#595 = ORIENTED_EDGE ( 'NONE', *, *, #354, .T. ) ;
#596 = DIRECTION ( 'NONE',  ( 0.000000000000000000, 0.6293203910498421649, -0.7771459614569670160 ) ) ;
#597 = CARTESIAN_POINT ( 'NONE',  ( 9.300000000000000711, 29.18419249014363359, 14.16082468013852846 ) ) ;
#598 = EDGE_CURVE ( 'NONE', #1657, #78, #1785, .T. ) ;
#599 = ORIENTED_EDGE ( 'NONE', *, *, #1364, .F. ) ;
#600 = ORIENTED_EDGE ( 'NONE', *, *, #1685, .F. ) ;
#601 = DIRECTION ( 'NONE',  ( 1.000000000000000000, -0.000000000000000000, -0.000000000000000000 ) ) ;
#602 = TOROIDAL_SURFACE ( 'NONE', #191, 1.000000000000000000, 0.5000000000000000000 ) ;
#603 = AXIS2_PLACEMENT_3D ( 'NONE', #45, #651, #453 ) ;
#604 = DIRECTION ( 'NONE',  ( 1.000000000000000000, 0.000000000000000000, -0.000000000000000000 ) ) ;
#605 = EDGE_CURVE ( 'NONE', #32, #63, #1163, .T. ) ;
#606 = EDGE_LOOP ( 'NONE', ( #1141, #800, #1367, #458 ) ) ;
#607 = CYLINDRICAL_SURFACE ( 'NONE', #1260, 0.5000000000000004441 ) ;
#608 = CARTESIAN_POINT ( 'NONE',  ( 9.417157287525380838, 14.47685622260279281, 30.61038067127414308 ) ) ;
#609 = ORIENTED_EDGE ( 'NONE', *, *, #1812, .T. ) ;
#610 = EDGE_CURVE ( 'NONE', #523, #1809, #1155, .T. ) ;
#611 = CIRCLE ( 'NONE', #579, 3.000000000000001332 ) ;
#612 = ORIENTED_EDGE ( 'NONE', *, *, #948, .T. ) ;
#613 = CARTESIAN_POINT ( 'NONE',  ( 10.00000000000000000, 0.000000000000000000, 17.41082468013853557 ) ) ;
#614 = AXIS2_PLACEMENT_3D ( 'NONE', #133, #1796, #1788 ) ;
#615 = VECTOR ( 'NONE', #182, 1000.000000000000000 ) ;
#616 = VERTEX_POINT ( 'NONE', #729 ) ;
#617 = DIRECTION ( 'NONE',  ( 0.000000000000000000, 0.6691306063588533526, 0.7431448254773985740 ) ) ;
#618 = CYLINDRICAL_SURFACE ( 'NONE', #258, 0.5000000000000004441 ) ;
#619 = LINE ( 'NONE', #183, #1227 ) ;
#620 = EDGE_CURVE ( 'NONE', #1258, #813, #1308, .T. ) ;
#621 = EDGE_CURVE ( 'NONE', #1194, #825, #400, .T. ) ;
#622 = ORIENTED_EDGE ( 'NONE', *, *, #1414, .T. ) ;
#623 = DIRECTION ( 'NONE',  ( 0.000000000000000000, 0.9335804264972015210, -0.3583679495453013231 ) ) ;
#624 = ORIENTED_EDGE ( 'NONE', *, *, #854, .F. ) ;
#625 = DIRECTION ( 'NONE',  ( 0.000000000000000000, 0.000000000000000000, 1.000000000000000000 ) ) ;
#626 = CARTESIAN_POINT ( 'NONE',  ( 9.924036976617616190, 29.08277356443190698, 14.16082468013852846 ) ) ;
#627 = DIRECTION ( 'NONE',  ( -1.000000000000000000, 0.000000000000000000, 0.000000000000000000 ) ) ;
#628 = EDGE_CURVE ( 'NONE', #525, #1813, #880, .T. ) ;
#629 = VECTOR ( 'NONE', #140, 1000.000000000000114 ) ;
#630 = ORIENTED_EDGE ( 'NONE', *, *, #1906, .T. ) ;
#631 = DIRECTION ( 'NONE',  ( 0.000000000000000000, -1.000000000000000000, 0.000000000000000000 ) ) ;
#632 = EDGE_LOOP ( 'NONE', ( #1639, #1493, #1539, #1430 ) ) ;
#633 = DIRECTION ( 'NONE',  ( 0.000000000000000000, 0.6691306063588488007, 0.7431448254774027928 ) ) ;
#634 = CARTESIAN_POINT ( 'NONE',  ( 10.00000000000000178, 28.92684057696500233, 13.66082468013852669 ) ) ;
#635 = DIRECTION ( 'NONE',  ( -0.000000000000000000, 2.434699615406045218E-16, -1.000000000000000000 ) ) ;
#636 = CIRCLE ( 'NONE', #30, 0.7000000000000002887 ) ;
#637 = DIRECTION ( 'NONE',  ( 0.000000000000000000, 0.000000000000000000, -1.000000000000000000 ) ) ;
#638 = ORIENTED_EDGE ( 'NONE', *, *, #1861, .T. ) ;
#639 = CARTESIAN_POINT ( 'NONE',  ( 10.00000000000000000, 26.32268025649272403, 13.66082468013852669 ) ) ;
#640 = CIRCLE ( 'NONE', #949, 0.5000000000000004441 ) ;
#641 = VERTEX_POINT ( 'NONE', #1630 ) ;
#642 = EDGE_CURVE ( 'NONE', #1828, #1112, #1705, .T. ) ;
#643 = DIRECTION ( 'NONE',  ( -1.000000000000000000, -0.000000000000000000, 0.000000000000000000 ) ) ;
#644 = DIRECTION ( 'NONE',  ( 0.000000000000000000, 0.000000000000000000, -1.000000000000000000 ) ) ;
#645 = DIRECTION ( 'NONE',  ( 1.000000000000000000, -0.000000000000000000, 0.000000000000000000 ) ) ;
#646 =( BOUNDED_CURVE ( )  B_SPLINE_CURVE ( 3, ( #881, #1476, #1294, #597 ),
 .UNSPECIFIED., .F., .T. ) 
 B_SPLINE_CURVE_WITH_KNOTS ( ( 4, 4 ),
 ( 4.712388980384689674, 6.283185307179586232 ),
 .UNSPECIFIED. ) 
 CURVE ( )  GEOMETRIC_REPRESENTATION_ITEM ( )  RATIONAL_B_SPLINE_CURVE ( ( 1.000000000000000000, 0.8047378541243649375, 0.8047378541243649375, 1.000000000000000000 ) ) 
 REPRESENTATION_ITEM ( '' )  );
#647 = DIRECTION ( 'NONE',  ( 0.000000000000000000, 0.000000000000000000, -1.000000000000000000 ) ) ;
#648 = EDGE_LOOP ( 'NONE', ( #1373, #891, #1545, #1601 ) ) ;
#649 = CARTESIAN_POINT ( 'NONE',  ( 0.000000000000000000, 14.85650637776448590, 29.98589129994833513 ) ) ;
#650 = ORIENTED_EDGE ( 'NONE', *, *, #1088, .F. ) ;
#651 = DIRECTION ( 'NONE',  ( 0.000000000000000000, 3.469446951953610639E-15, 1.000000000000000000 ) ) ;
#652 = CYLINDRICAL_SURFACE ( 'NONE', #505, 0.5000000000000004441 ) ;
#653 = CARTESIAN_POINT ( 'NONE',  ( 0.6999999999999999556, 0.3096560549645914207, 13.82997728009947735 ) ) ;
#654 = DIRECTION ( 'NONE',  ( -0.000000000000000000, 1.000000000000000000, -0.000000000000000000 ) ) ;
#655 = ORIENTED_EDGE ( 'NONE', *, *, #806, .F. ) ;
#656 = DIRECTION ( 'NONE',  ( 0.000000000000000000, 0.000000000000000000, -1.000000000000000000 ) ) ;
#657 = VECTOR ( 'NONE', #1152, 1000.000000000000000 ) ;
#658 = ORIENTED_EDGE ( 'NONE', *, *, #1271, .F. ) ;
#659 = DIRECTION ( 'NONE',  ( 1.000000000000000000, -0.000000000000000000, 0.000000000000000000 ) ) ;
#660 = VERTEX_POINT ( 'NONE', #290 ) ;
#661 = LINE ( 'NONE', #1401, #1945 ) ;
#662 = DIRECTION ( 'NONE',  ( 0.000000000000000000, 0.000000000000000000, -1.000000000000000000 ) ) ;
#663 = EDGE_CURVE ( 'NONE', #1483, #525, #707, .T. ) ;
#664 = ADVANCED_FACE ( 'NONE', ( #409 ), #1490, .T. ) ;
#665 = CARTESIAN_POINT ( 'NONE',  ( 0.2899494936611656803, 14.28087240549975334, 30.39271859129549469 ) ) ;
#666 = ORIENTED_EDGE ( 'NONE', *, *, #1252, .T. ) ;
#667 = AXIS2_PLACEMENT_3D ( 'NONE', #332, #154, #1833 ) ;
#668 = ORIENTED_EDGE ( 'NONE', *, *, #1059, .T. ) ;
#669 = CYLINDRICAL_SURFACE ( 'NONE', #1726, 0.5000000000000004441 ) ;
#670 = AXIS2_PLACEMENT_3D ( 'NONE', #877, #1473, #730 ) ;
#671 = AXIS2_PLACEMENT_3D ( 'NONE', #1067, #1832, #633 ) ;
#672 = CARTESIAN_POINT ( 'NONE',  ( 10.00000000000000000, 36.58004632630706254, -0.8427225773132950293 ) ) ;
#673 = CARTESIAN_POINT ( 'NONE',  ( 0.6999999999999999556, 14.20247887865853720, 30.30565375930405025 ) ) ;
#674 = ORIENTED_EDGE ( 'NONE', *, *, #1491, .T. ) ;
#675 = DIRECTION ( 'NONE',  ( 0.000000000000000000, 1.000000000000000000, 0.000000000000000000 ) ) ;
#676 = EDGE_CURVE ( 'NONE', #1656, #1666, #569, .T. ) ;
#677 = ORIENTED_EDGE ( 'NONE', *, *, #1507, .F. ) ;
#678 = CARTESIAN_POINT ( 'NONE',  ( 10.00000000000000000, 14.92268025649271657, 29.83726233485285206 ) ) ;
#679 = DIRECTION ( 'NONE',  ( 0.000000000000000000, 0.000000000000000000, 1.000000000000000000 ) ) ;
#680 = CARTESIAN_POINT ( 'NONE',  ( 0.5956025520717898036, 29.15645672810839173, 14.16082468013852846 ) ) ;
#681 = LINE ( 'NONE', #1127, #1035 ) ;
#682 = EDGE_CURVE ( 'NONE', #660, #1809, #1016, .T. ) ;
#683 = DIRECTION ( 'NONE',  ( 0.000000000000000000, 1.000000000000000000, -0.000000000000000000 ) ) ;
#684 = EDGE_LOOP ( 'NONE', ( #277, #1024 ) ) ;
#685 = DIRECTION ( 'NONE',  ( 1.000000000000000000, -0.000000000000000000, 0.000000000000000000 ) ) ;
#686 = VERTEX_POINT ( 'NONE', #271 ) ;
#687 = CARTESIAN_POINT ( 'NONE',  ( 0.6999999999999999556, 29.57276547087211682, 13.97548487566344733 ) ) ;
#688 = EDGE_CURVE ( 'NONE', #445, #259, #1459, .T. ) ;
#689 = CARTESIAN_POINT ( 'NONE',  ( 10.00000000000000000, 26.82268025649272758, 13.66082468013852669 ) ) ;
#690 = CYLINDRICAL_SURFACE ( 'NONE', #841, 3.000000000000001332 ) ;
#691 = CARTESIAN_POINT ( 'NONE',  ( 10.00000000000000000, 14.85650637776448413, 29.98589129994833868 ) ) ;
#692 = AXIS2_PLACEMENT_3D ( 'NONE', #233, #977, #1885 ) ;
#693 = AXIS2_PLACEMENT_3D ( 'NONE', #1839, #5, #776 ) ;
#694 = CARTESIAN_POINT ( 'NONE',  ( 0.1741890992074393296, 14.69619980052961772, 30.56865380218726003 ) ) ;
#695 = FACE_OUTER_BOUND ( 'NONE', #84, .T. ) ;
#696 =( BOUNDED_CURVE ( )  B_SPLINE_CURVE ( 3, ( #673, #665, #554, #1875 ),
 .UNSPECIFIED., .F., .T. ) 
 B_SPLINE_CURVE_WITH_KNOTS ( ( 4, 4 ),
 ( 1.570796326794902553, 3.141592653589799333 ),
 .UNSPECIFIED. ) 
 CURVE ( )  GEOMETRIC_REPRESENTATION_ITEM ( )  RATIONAL_B_SPLINE_CURVE ( ( 1.000000000000000000, 0.8047378541243649375, 0.8047378541243649375, 1.000000000000000000 ) ) 
 REPRESENTATION_ITEM ( '' )  );
#697 = ORIENTED_EDGE ( 'NONE', *, *, #960, .T. ) ;
#698 = CARTESIAN_POINT ( 'NONE',  ( 9.300000000000000711, 14.20247887865853897, 30.30565375930405025 ) ) ;
#699 = AXIS2_PLACEMENT_3D ( 'NONE', #386, #833, #105 ) ;
#700 = DIRECTION ( 'NONE',  ( 0.000000000000000000, 1.000000000000000000, 3.886809318137124564E-15 ) ) ;
#701 = EDGE_LOOP ( 'NONE', ( #345, #1109, #624, #1590 ) ) ;
#702 = CARTESIAN_POINT ( 'NONE',  ( 0.5000000007701494997, 28.99440427573100365, 14.16082468013852846 ) ) ;
#703 = CIRCLE ( 'NONE', #542, 0.5000000000000004441 ) ;
#704 = LINE ( 'NONE', #741, #1703 ) ;
#705 = DIRECTION ( 'NONE',  ( 8.673617379884027583E-16, 0.000000000000000000, 1.000000000000000000 ) ) ;
#706 = ORIENTED_EDGE ( 'NONE', *, *, #1906, .F. ) ;
#707 = LINE ( 'NONE', #260, #62 ) ;
#708 = FACE_OUTER_BOUND ( 'NONE', #852, .T. ) ;
#709 = ADVANCED_FACE ( 'NONE', ( #774 ), #1359, .T. ) ;
#710 = ORIENTED_EDGE ( 'NONE', *, *, #1007, .T. ) ;
#711 = CYLINDRICAL_SURFACE ( 'NONE', #1424, 0.7000000000000011768 ) ;
#712 = EDGE_CURVE ( 'NONE', #1721, #338, #1572, .T. ) ;
#713 = CARTESIAN_POINT ( 'NONE',  ( 10.00000000000000000, 37.53090389098877466, -0.1892162787652526268 ) ) ;
#714 = CARTESIAN_POINT ( 'NONE',  ( 10.00000000000000000, 26.32268025649272403, 12.66082468013852491 ) ) ;
#715 = ORIENTED_EDGE ( 'NONE', *, *, #1861, .F. ) ;
#716 = DIRECTION ( 'NONE',  ( 0.000000000000000000, 1.000000000000000000, -0.000000000000000000 ) ) ;
#717 = CYLINDRICAL_SURFACE ( 'NONE', #1485, 0.6999999999999998446 ) ;
#718 = ORIENTED_EDGE ( 'NONE', *, *, #620, .T. ) ;
#719 = CARTESIAN_POINT ( 'NONE',  ( 0.000000000000000000, 14.92268025649272012, 16.91082468013853202 ) ) ;
#720 = VECTOR ( 'NONE', #1431, 1000.000000000000000 ) ;
#721 = CARTESIAN_POINT ( 'NONE',  ( 0.6999999999999992895, 34.53090389098875335, 3.085646651757081305 ) ) ;
#722 = EDGE_LOOP ( 'NONE', ( #571, #630, #132 ) ) ;
#723 = EDGE_CURVE ( 'NONE', #1709, #298, #1829, .T. ) ;
#724 = ADVANCED_FACE ( 'NONE', ( #1528 ), #782, .F. ) ;
#725 = SPHERICAL_SURFACE ( 'NONE', #1913, 0.6999999999999999556 ) ;
#726 = AXIS2_PLACEMENT_3D ( 'NONE', #1820, #2, #459 ) ;
#727 = ORIENTED_EDGE ( 'NONE', *, *, #166, .F. ) ;
#728 = CIRCLE ( 'NONE', #885, 0.6999999999999999556 ) ;
#729 = CARTESIAN_POINT ( 'NONE',  ( 4.314220297077177690, 36.58004632630706254, -0.8427225773132950293 ) ) ;
#730 = DIRECTION ( 'NONE',  ( 1.000000000000000000, 0.000000000000000000, 0.000000000000000000 ) ) ;
#731 = ORIENTED_EDGE ( 'NONE', *, *, #1124, .T. ) ;
#732 = DIRECTION ( 'NONE',  ( -1.000000000000000000, 0.000000000000000000, -0.000000000000000000 ) ) ;
#733 = CARTESIAN_POINT ( 'NONE',  ( 9.500000000000000000, 16.42268025649271834, 17.41082468013853557 ) ) ;
#734 = VERTEX_POINT ( 'NONE', #1501 ) ;
#735 = VECTOR ( 'NONE', #1526, 1000.000000000000000 ) ;
#736 = ORIENTED_EDGE ( 'NONE', *, *, #1371, .F. ) ;
#737 = DIRECTION ( 'NONE',  ( -0.000000000000000000, 0.9335804264972014099, -0.3583679495453011565 ) ) ;
#738 = DIRECTION ( 'NONE',  ( -0.000000000000000000, 1.000000000000000000, 0.000000000000000000 ) ) ;
#739 = ORIENTED_EDGE ( 'NONE', *, *, #1414, .F. ) ;
#740 = CARTESIAN_POINT ( 'NONE',  ( 0.5000000000000000000, 28.92684057696499522, 14.16082468013852846 ) ) ;
#741 = CARTESIAN_POINT ( 'NONE',  ( 0.000000000000000000, 15.94288163432689487, 31.19243325568733383 ) ) ;
#742 = ORIENTED_EDGE ( 'NONE', *, *, #994, .T. ) ;
#743 = EDGE_CURVE ( 'NONE', #1041, #1483, #1727, .T. ) ;
#744 = ORIENTED_EDGE ( 'NONE', *, *, #871, .T. ) ;
#745 = CARTESIAN_POINT ( 'NONE',  ( 10.00000000000000000, 16.92268025649271834, 12.16082468013852669 ) ) ;
#746 = AXIS2_PLACEMENT_3D ( 'NONE', #1935, #255, #889 ) ;
#747 = DIRECTION ( 'NONE',  ( 5.551115123125782086E-17, -0.3583679495453008790, -0.9335804264972015210 ) ) ;
#748 = VERTEX_POINT ( 'NONE', #1811 ) ;
#749 = ADVANCED_FACE ( 'NONE', ( #1192 ), #929, .F. ) ;
#750 = FACE_OUTER_BOUND ( 'NONE', #836, .T. ) ;
#751 = DIRECTION ( 'NONE',  ( -0.000000000000000000, -1.000000000000000000, 0.000000000000000000 ) ) ;
#752 = EDGE_LOOP ( 'NONE', ( #557, #117, #1047, #283, #1767 ) ) ;
#753 = AXIS2_PLACEMENT_3D ( 'NONE', #808, #208, #662 ) ;
#754 = ORIENTED_EDGE ( 'NONE', *, *, #1124, .F. ) ;
#755 = CARTESIAN_POINT ( 'NONE',  ( 0.000000000000000000, 14.92268025649272367, 3.633224388131021570E-15 ) ) ;
#756 = VERTEX_POINT ( 'NONE', #179 ) ;
#757 = DIRECTION ( 'NONE',  ( -0.000000000000000000, -0.000000000000000000, -1.000000000000000000 ) ) ;
#758 = EDGE_CURVE ( 'NONE', #1044, #1377, #1216, .T. ) ;
#759 = CARTESIAN_POINT ( 'NONE',  ( 9.300000000000000711, 14.20247887865853720, 30.30565375930405025 ) ) ;
#760 = CYLINDRICAL_SURFACE ( 'NONE', #1646, 3.000000000000001332 ) ;
#761 = EDGE_CURVE ( 'NONE', #1041, #1405, #1837, .T. ) ;
#762 = AXIS2_PLACEMENT_3D ( 'NONE', #721, #1923, #576 ) ;
#763 = EDGE_LOOP ( 'NONE', ( #517, #1520, #599, #1400 ) ) ;
#764 = DIRECTION ( 'NONE',  ( 0.000000000000000000, 0.000000000000000000, -1.000000000000000000 ) ) ;
#765 = AXIS2_PLACEMENT_3D ( 'NONE', #1361, #1662, #24 ) ;
#766 = AXIS2_PLACEMENT_3D ( 'NONE', #135, #256, #565 ) ;
#767 = ORIENTED_EDGE ( 'NONE', *, *, #1728, .T. ) ;
#768 = CYLINDRICAL_SURFACE ( 'NONE', #1612, 0.5000000000000000000 ) ;
#769 = EDGE_CURVE ( 'NONE', #1005, #1828, #1919, .T. ) ;
#770 = CARTESIAN_POINT ( 'NONE',  ( 0.5000000000000000000, 16.42268025649271834, 12.16082468013852669 ) ) ;
#771 = CARTESIAN_POINT ( 'NONE',  ( 10.00000000000000000, 26.82268025649272758, 14.16082468013852846 ) ) ;
#772 = EDGE_CURVE ( 'NONE', #577, #108, #1667, .T. ) ;
#773 = ORIENTED_EDGE ( 'NONE', *, *, #1371, .T. ) ;
#774 = FACE_OUTER_BOUND ( 'NONE', #1246, .T. ) ;
#775 = ORIENTED_EDGE ( 'NONE', *, *, #1085, .F. ) ;
#776 = DIRECTION ( 'NONE',  ( 0.000000000000000000, 0.000000000000000000, -1.000000000000000000 ) ) ;
#777 = CARTESIAN_POINT ( 'NONE',  ( 9.404397447928179332, 29.15645672810839528, 14.16082468013852846 ) ) ;
#778 = DIRECTION ( 'NONE',  ( -1.000000000000000000, 0.000000000000000000, 0.000000000000000000 ) ) ;
#779 = EDGE_CURVE ( 'NONE', #338, #1626, #477, .T. ) ;
#780 = DIRECTION ( 'NONE',  ( 0.000000000000000000, -2.434699615406045218E-16, 1.000000000000000000 ) ) ;
#781 = ORIENTED_EDGE ( 'NONE', *, *, #1407, .F. ) ;
#782 = PLANE ( 'NONE',  #1765 ) ;
#783 = ORIENTED_EDGE ( 'NONE', *, *, #1728, .F. ) ;
#784 = CARTESIAN_POINT ( 'NONE',  ( 0.5000000000000000000, 26.82268025649272403, 12.66082468013852491 ) ) ;
#785 = VECTOR ( 'NONE', #397, 1000.000000000000000 ) ;
#786 = DIRECTION ( 'NONE',  ( 0.000000000000000000, -1.000000000000000000, 0.000000000000000000 ) ) ;
#787 = FACE_OUTER_BOUND ( 'NONE', #155, .T. ) ;
#788 = AXIS2_PLACEMENT_3D ( 'NONE', #1264, #218, #1725 ) ;
#789 = DIRECTION ( 'NONE',  ( 0.000000000000000000, 0.9335804264972015210, -0.3583679495453008790 ) ) ;
#790 = ORIENTED_EDGE ( 'NONE', *, *, #779, .T. ) ;
#791 = LINE ( 'NONE', #1855, #530 ) ;
#792 = AXIS2_PLACEMENT_3D ( 'NONE', #1687, #1079, #1193 ) ;
#793 = VERTEX_POINT ( 'NONE', #486 ) ;
#794 = DIRECTION ( 'NONE',  ( 0.000000000000000000, 0.000000000000000000, -1.000000000000000000 ) ) ;
#795 = AXIS2_PLACEMENT_3D ( 'NONE', #1693, #1841, #1353 ) ;
#796 = DIRECTION ( 'NONE',  ( 0.000000000000000000, 0.9335804264972015210, -0.3583679495453010455 ) ) ;
#797 = CARTESIAN_POINT ( 'NONE',  ( 9.500000000000000000, 15.42268025649272012, 17.41082468013853557 ) ) ;
#798 = CARTESIAN_POINT ( 'NONE',  ( 10.00000000000000000, 0.000000000000000000, 12.16082468013852669 ) ) ;
#799 = CARTESIAN_POINT ( 'NONE',  ( 0.6999999999999999556, -0.8920590743988224824, 13.54147100307410057 ) ) ;
#800 = ORIENTED_EDGE ( 'NONE', *, *, #1874, .F. ) ;
#801 = LINE ( 'NONE', #1267, #1281 ) ;
#802 = ORIENTED_EDGE ( 'NONE', *, *, #970, .T. ) ;
#803 = LINE ( 'NONE', #1714, #720 ) ;
#804 = ADVANCED_FACE ( 'NONE', ( #1348 ), #1081, .T. ) ;
#805 = LINE ( 'NONE', #828, #824 ) ;
#806 = EDGE_CURVE ( 'NONE', #1322, #660, #1826, .T. ) ;
#807 = CARTESIAN_POINT ( 'NONE',  ( 0.5215547354535914337, 29.06117499174148833, 14.16082468013852846 ) ) ;
#808 = CARTESIAN_POINT ( 'NONE',  ( 0.5000000000000000000, 0.000000000000000000, 11.66082468013852491 ) ) ;
#809 = CARTESIAN_POINT ( 'NONE',  ( 0.6999999999999994005, 14.20247887865853897, 30.30565375930405025 ) ) ;
#810 = ORIENTED_EDGE ( 'NONE', *, *, #1517, .T. ) ;
#811 = DIRECTION ( 'NONE',  ( 1.000000000000000000, -0.000000000000000000, 0.000000000000000000 ) ) ;
#812 = AXIS2_PLACEMENT_3D ( 'NONE', #127, #874, #1003 ) ;
#813 = VERTEX_POINT ( 'NONE', #936 ) ;
#814 = DIRECTION ( 'NONE',  ( 0.000000000000000000, 0.000000000000000000, -1.000000000000000000 ) ) ;
#815 = CARTESIAN_POINT ( 'NONE',  ( 0.6999999999999999556, 37.53090389098877466, -0.1892162787652526268 ) ) ;
#816 = DIRECTION ( 'NONE',  ( 0.000000000000000000, 1.000000000000000000, 0.000000000000000000 ) ) ;
#817 = VECTOR ( 'NONE', #168, 1000.000000000000000 ) ;
#818 = CARTESIAN_POINT ( 'NONE',  ( 4.999980097755625685, 36.65626472462227525, -0.8670811386855090674 ) ) ;
#819 = EDGE_CURVE ( 'NONE', #1054, #1836, #1053, .T. ) ;
#820 = CARTESIAN_POINT ( 'NONE',  ( 0.6999999999999999556, 36.83090389098877182, -0.1892162787652534872 ) ) ;
#821 = ORIENTED_EDGE ( 'NONE', *, *, #566, .T. ) ;
#822 = FACE_OUTER_BOUND ( 'NONE', #1358, .T. ) ;
#823 = EDGE_CURVE ( 'NONE', #1221, #756, #1658, .T. ) ;
#824 = VECTOR ( 'NONE', #215, 1000.000000000000000 ) ;
#825 = VERTEX_POINT ( 'NONE', #1218 ) ;
#826 = DIRECTION ( 'NONE',  ( 0.000000000000000000, 0.9335804264972015210, -0.3583679495453010455 ) ) ;
#827 = AXIS2_PLACEMENT_3D ( 'NONE', #1311, #1745, #431 ) ;
#828 = CARTESIAN_POINT ( 'NONE',  ( 0.000000000000000000, 0.000000000000000000, 13.66082468013852669 ) ) ;
#829 = FACE_OUTER_BOUND ( 'NONE', #752, .T. ) ;
#830 = CIRCLE ( 'NONE', #1932, 0.6999999999999992895 ) ;
#831 = ADVANCED_FACE ( 'NONE', ( #366 ), #210, .T. ) ;
#832 = DIRECTION ( 'NONE',  ( 0.000000000000000000, 0.000000000000000000, -1.000000000000000000 ) ) ;
#833 = DIRECTION ( 'NONE',  ( 0.000000000000000000, -0.6293203910498421649, 0.7771459614569670160 ) ) ;
#834 = VERTEX_POINT ( 'NONE', #1536 ) ;
#835 = DIRECTION ( 'NONE',  ( -1.000000000000000000, 0.000000000000000000, 0.000000000000000000 ) ) ;
#836 = EDGE_LOOP ( 'NONE', ( #1565, #1396, #1653, #1038 ) ) ;
#837 = DIRECTION ( 'NONE',  ( 0.000000000000000000, 1.000000000000000000, -0.000000000000000000 ) ) ;
#838 = CARTESIAN_POINT ( 'NONE',  ( 0.000000000000000000, 14.20247887865853720, 30.30565375930405025 ) ) ;
#839 = CARTESIAN_POINT ( 'NONE',  ( 9.300000000000000711, 37.53090389098877466, -0.1892162787652526268 ) ) ;
#840 = CARTESIAN_POINT ( 'NONE',  ( 9.710050506338831156, 14.28087240549975512, 30.39271859129550180 ) ) ;
#841 = AXIS2_PLACEMENT_3D ( 'NONE', #217, #1135, #245 ) ;
#842 = CARTESIAN_POINT ( 'NONE',  ( 9.500000000000000000, 15.42268025649272012, 17.41082468013853557 ) ) ;
#843 = ADVANCED_FACE ( 'NONE', ( #822 ), #195, .T. ) ;
#844 = ORIENTED_EDGE ( 'NONE', *, *, #104, .T. ) ;
#845 = LINE ( 'NONE', #1591, #1563 ) ;
#846 = DIRECTION ( 'NONE',  ( 0.000000000000000000, -3.886809318137117464E-15, 1.000000000000000000 ) ) ;
#847 = CARTESIAN_POINT ( 'NONE',  ( 0.1880242425352990354, 29.21342391388529691, 14.16082468013853202 ) ) ;
#848 = CYLINDRICAL_SURFACE ( 'NONE', #1637, 0.5000000000000004441 ) ;
#849 = AXIS2_PLACEMENT_3D ( 'NONE', #1110, #1578, #53 ) ;
#850 = CARTESIAN_POINT ( 'NONE',  ( 0.5000000000000000000, 15.92268025649271834, 16.91082468013853202 ) ) ;
#851 = DIRECTION ( 'NONE',  ( 2.478176394252581732E-15, 0.000000000000000000, -1.000000000000000000 ) ) ;
#852 = EDGE_LOOP ( 'NONE', ( #715, #561, #348, #536 ) ) ;
#853 = DIRECTION ( 'NONE',  ( 0.000000000000000000, 0.000000000000000000, -1.000000000000000000 ) ) ;
#854 = EDGE_CURVE ( 'NONE', #455, #903, #440, .T. ) ;
#855 = CIRCLE ( 'NONE', #1672, 1.000000000000000888 ) ;
#856 = DIRECTION ( 'NONE',  ( 0.000000000000000000, 0.000000000000000000, 1.000000000000000000 ) ) ;
#857 = EDGE_LOOP ( 'NONE', ( #674, #111, #783, #1552 ) ) ;
#858 = DIRECTION ( 'NONE',  ( 0.000000000000000000, -0.7431448254773985740, 0.6691306063588533526 ) ) ;
#859 = ADVANCED_FACE ( 'NONE', ( #947 ), #602, .T. ) ;
#860 = CARTESIAN_POINT ( 'NONE',  ( 0.5000000000000004441, 15.42268025649271657, 29.83726233485285206 ) ) ;
#861 = AXIS2_PLACEMENT_3D ( 'NONE', #879, #858, #1168 ) ;
#862 = AXIS2_PLACEMENT_3D ( 'NONE', #1398, #1389, #1086 ) ;
#863 = APPLICATION_CONTEXT ( 'automotive_design' ) ;
#864 = CYLINDRICAL_SURFACE ( 'NONE', #1596, 0.6999999999999992895 ) ;
#865 = ORIENTED_EDGE ( 'NONE', *, *, #1723, .F. ) ;
#866 = CARTESIAN_POINT ( 'NONE',  ( 9.422909395417198297, 14.59454113100788675, 30.53150749004547038 ) ) ;
#867 = DIRECTION ( 'NONE',  ( 0.000000000000000000, -1.000000000000000000, 0.000000000000000000 ) ) ;
#868 = EDGE_LOOP ( 'NONE', ( #292, #727, #1198, #157 ) ) ;
#869 = DIRECTION ( 'NONE',  ( -1.000000000000000000, 0.000000000000000000, 0.000000000000000000 ) ) ;
#870 = ADVANCED_FACE ( 'NONE', ( #1546 ), #204, .F. ) ;
#871 = EDGE_CURVE ( 'NONE', #1666, #356, #1698, .T. ) ;
#872 = DIRECTION ( 'NONE',  ( -1.000000000000000000, 0.000000000000000000, -0.000000000000000000 ) ) ;
#873 = VERTEX_POINT ( 'NONE', #1406 ) ;
#874 = DIRECTION ( 'NONE',  ( 0.000000000000000000, -0.6293203910498412768, 0.7771459614569679042 ) ) ;
#875 = ORIENTED_EDGE ( 'NONE', *, *, #310, .F. ) ;
#876 = CARTESIAN_POINT ( 'NONE',  ( 9.419311064783698839, 14.28597662069087093, 30.39102092846557213 ) ) ;
#877 = CARTESIAN_POINT ( 'NONE',  ( 9.500000000000000000, 26.82268025649272758, 13.66082468013852669 ) ) ;
#878 = ORIENTED_EDGE ( 'NONE', *, *, #414, .T. ) ;
#879 = CARTESIAN_POINT ( 'NONE',  ( 10.00000000000000000, -7.226297023320729096, 6.506587065095342126 ) ) ;
#880 = CIRCLE ( 'NONE', #29, 0.1999999999999987899 ) ;
#881 = CARTESIAN_POINT ( 'NONE',  ( 9.500000000000000000, 28.92684057696499877, 14.16082468013852846 ) ) ;
#882 = ORIENTED_EDGE ( 'NONE', *, *, #1574, .F. ) ;
#883 = APPLICATION_PROTOCOL_DEFINITION ( 'draft international standard', 'automotive_design', 1998, #1499 ) ;
#884 = EDGE_LOOP ( 'NONE', ( #1062, #1511, #865, #1191 ) ) ;
#885 = AXIS2_PLACEMENT_3D ( 'NONE', #553, #872, #1179 ) ;
#886 = CARTESIAN_POINT ( 'NONE',  ( 0.6999999999999999556, 37.53090389098878177, -1.207722598835968109 ) ) ;
#887 = FACE_OUTER_BOUND ( 'NONE', #1947, .T. ) ;
#888 = ORIENTED_EDGE ( 'NONE', *, *, #1479, .T. ) ;
#889 = DIRECTION ( 'NONE',  ( 0.000000000000000000, 0.000000000000000000, -1.000000000000000000 ) ) ;
#890 = DIRECTION ( 'NONE',  ( -1.000000000000000000, 0.000000000000000000, -0.000000000000000000 ) ) ;
#891 = ORIENTED_EDGE ( 'NONE', *, *, #241, .T. ) ;
#892 = EDGE_CURVE ( 'NONE', #1656, #1618, #791, .T. ) ;
#893 = CIRCLE ( 'NONE', #1772, 0.5000000000000004441 ) ;
#894 = EDGE_CURVE ( 'NONE', #1258, #1422, #801, .T. ) ;
#895 = ORIENTED_EDGE ( 'NONE', *, *, #1027, .T. ) ;
#896 = CARTESIAN_POINT ( 'NONE',  ( 9.911650599289473007, 14.57763266518221812, 30.20302293425225315 ) ) ;
#897 = AXIS2_PLACEMENT_3D ( 'NONE', #1532, #925, #1390 ) ;
#898 = CARTESIAN_POINT ( 'NONE',  ( 0.6999999999999999556, 29.57276547087211682, 13.97548487566344733 ) ) ;
#899 = ORIENTED_EDGE ( 'NONE', *, *, #1355, .F. ) ;
#900 = DIRECTION ( 'NONE',  ( 0.000000000000000000, 0.000000000000000000, -1.000000000000000000 ) ) ;
#901 = DIRECTION ( 'NONE',  ( 0.000000000000000000, 0.000000000000000000, -1.000000000000000000 ) ) ;
#902 = ORIENTED_EDGE ( 'NONE', *, *, #894, .F. ) ;
#903 = VERTEX_POINT ( 'NONE', #222 ) ;
#904 = DIRECTION ( 'NONE',  ( 0.000000000000000000, 0.3583679495453009900, 0.9335804264972016320 ) ) ;
#905 = AXIS2_PLACEMENT_3D ( 'NONE', #1899, #816, #1881 ) ;
#906 = ORIENTED_EDGE ( 'NONE', *, *, #456, .F. ) ;
#907 = DIRECTION ( 'NONE',  ( 1.000000000000000000, 0.000000000000000000, 0.000000000000000000 ) ) ;
#908 = CARTESIAN_POINT ( 'NONE',  ( 9.569970877388103148, 29.37787370957811106, 14.16082468013853024 ) ) ;
#909 = ORIENTED_EDGE ( 'NONE', *, *, #628, .F. ) ;
#910 = AXIS2_PLACEMENT_3D ( 'NONE', #1904, #428, #239 ) ;
#911 = VECTOR ( 'NONE', #148, 1000.000000000000000 ) ;
#912 = EDGE_LOOP ( 'NONE', ( #976, #1158, #1822, #1580 ) ) ;
#913 = DIRECTION ( 'NONE',  ( -1.000000000000000000, 0.000000000000000000, -0.000000000000000000 ) ) ;
#914 = ADVANCED_FACE ( 'NONE', ( #1866 ), #1741, .T. ) ;
#915 = ORIENTED_EDGE ( 'NONE', *, *, #605, .T. ) ;
#916 = DIRECTION ( 'NONE',  ( -0.000000000000000000, -0.000000000000000000, -1.000000000000000000 ) ) ;
#917 = EDGE_CURVE ( 'NONE', #1763, #1145, #1276, .T. ) ;
#918 = CARTESIAN_POINT ( 'NONE',  ( 0.000000000000000000, 36.83090389098877893, -1.207722598835968553 ) ) ;
#919 = DIRECTION ( 'NONE',  ( 0.000000000000000000, 0.9335804264972015210, -0.3583679495453011565 ) ) ;
#920 = VECTOR ( 'NONE', #1241, 1000.000000000000000 ) ;
#921 = CIRCLE ( 'NONE', #1289, 0.5000000000000004441 ) ;
#922 = EDGE_LOOP ( 'NONE', ( #1635, #1386, #915, #935 ) ) ;
#923 = ORIENTED_EDGE ( 'NONE', *, *, #368, .F. ) ;
#924 = FACE_OUTER_BOUND ( 'NONE', #606, .T. ) ;
#925 = DIRECTION ( 'NONE',  ( 1.000000000000000000, -0.000000000000000000, 0.000000000000000000 ) ) ;
#926 = ADVANCED_FACE ( 'NONE', ( #524 ), #1877, .T. ) ;
#927 = LINE ( 'NONE', #355, #735 ) ;
#928 = ORIENTED_EDGE ( 'NONE', *, *, #1461, .F. ) ;
#929 = PLANE ( 'NONE',  #1408 ) ;
#930 = VERTEX_POINT ( 'NONE', #649 ) ;
#931 = DIRECTION ( 'NONE',  ( -1.000000000000000000, 0.000000000000000000, -0.000000000000000000 ) ) ;
#932 = CARTESIAN_POINT ( 'NONE',  ( 9.300000000000000711, 29.18419249014363359, 14.16082468013852846 ) ) ;
#933 = CARTESIAN_POINT ( 'NONE',  ( 10.00000000000000000, 24.15168589812995137, 19.55764961504689481 ) ) ;
#934 = DIRECTION ( 'NONE',  ( -0.000000000000000000, -0.6691306063588533526, -0.7431448254773985740 ) ) ;
#935 = ORIENTED_EDGE ( 'NONE', *, *, #7, .F. ) ;
#936 = CARTESIAN_POINT ( 'NONE',  ( 0.5000000000000004441, 15.19107168094391191, 30.35746371268703570 ) ) ;
#937 = ORIENTED_EDGE ( 'NONE', *, *, #252, .T. ) ;
#938 = LINE ( 'NONE', #1540, #1033 ) ;
#939 = AXIS2_PLACEMENT_3D ( 'NONE', #1420, #675, #1119 ) ;
#940 = CIRCLE ( 'NONE', #1636, 0.5000000000000004441 ) ;
#941 = DIRECTION ( 'NONE',  ( -1.000000000000000000, 0.000000000000000000, 0.000000000000000000 ) ) ;
#942 = LINE ( 'NONE', #797, #1388 ) ;
#943 = ADVANCED_FACE ( 'NONE', ( #357 ), #377, .T. ) ;
#944 = CIRCLE ( 'NONE', #9, 0.5000000000000000000 ) ;
#945 = CARTESIAN_POINT ( 'NONE',  ( 5.000000000000000888, 33.85346300429650768, 0.2039146985339558571 ) ) ;
#946 = ORIENTED_EDGE ( 'NONE', *, *, #393, .T. ) ;
#947 = FACE_OUTER_BOUND ( 'NONE', #1131, .T. ) ;
#948 = EDGE_CURVE ( 'NONE', #748, #1226, #534, .T. ) ;
#949 = AXIS2_PLACEMENT_3D ( 'NONE', #261, #867, #282 ) ;
#950 = ORIENTED_EDGE ( 'NONE', *, *, #1517, .F. ) ;
#951 =( NAMED_UNIT ( * ) SI_UNIT ( $, .STERADIAN. ) SOLID_ANGLE_UNIT ( ) );
#952 = FACE_OUTER_BOUND ( 'NONE', #1010, .T. ) ;
#953 = CARTESIAN_POINT ( 'NONE',  ( 8.438450710770757687E-16, 29.09641800275950985, 13.74343376744919532 ) ) ;
#954 = CARTESIAN_POINT ( 'NONE',  ( 9.999999999999996447, 14.55177946579438775, 30.26026864389259075 ) ) ;
#955 = CARTESIAN_POINT ( 'NONE',  ( 0.5000000000000004441, 15.42268025649272367, 3.754959368901324127E-15 ) ) ;
#956 = VERTEX_POINT ( 'NONE', #1237 ) ;
#957 = CARTESIAN_POINT ( 'NONE',  ( 9.500000000000000000, 16.42268025649271834, 0.000000000000000000 ) ) ;
#958 = ORIENTED_EDGE ( 'NONE', *, *, #1852, .T. ) ;
#959 = CARTESIAN_POINT ( 'NONE',  ( 9.999999905466170347, 15.07220562121806751, 30.46449106638579707 ) ) ;
#960 = EDGE_CURVE ( 'NONE', #686, #455, #1845, .T. ) ;
#961 = DIRECTION ( 'NONE',  ( 0.000000000000000000, 1.000000000000000000, -0.000000000000000000 ) ) ;
#962 = LINE ( 'NONE', #520, #240 ) ;
#963 = DIRECTION ( 'NONE',  ( 0.000000000000000000, 0.000000000000000000, 1.000000000000000000 ) ) ;
#964 = EDGE_CURVE ( 'NONE', #873, #232, #1092, .T. ) ;
#965 = CARTESIAN_POINT ( 'NONE',  ( 0.1402333902990512693, 14.51000834968853681, 30.24396448583521746 ) ) ;
#966 = ORIENTED_EDGE ( 'NONE', *, *, #1415, .F. ) ;
#967 = CARTESIAN_POINT ( 'NONE',  ( 0.000000000000000000, -0.6412015097171115396, 14.19497730162214566 ) ) ;
#968 = VECTOR ( 'NONE', #1132, 1000.000000000000000 ) ;
#969 = ORIENTED_EDGE ( 'NONE', *, *, #1407, .T. ) ;
#970 = EDGE_CURVE ( 'NONE', #1626, #734, #1798, .T. ) ;
#971 = DIRECTION ( 'NONE',  ( 0.000000000000000000, -1.000000000000000000, -2.434699615406045218E-16 ) ) ;
#972 = CARTESIAN_POINT ( 'NONE',  ( 0.5000000000000000000, 28.92684057696499522, 14.16082468013852846 ) ) ;
#973 = VECTOR ( 'NONE', #601, 1000.000000000000000 ) ;
#974 = FACE_OUTER_BOUND ( 'NONE', #1462, .T. ) ;
#975 = FACE_OUTER_BOUND ( 'NONE', #1098, .T. ) ;
#976 = ORIENTED_EDGE ( 'NONE', *, *, #761, .T. ) ;
#977 = DIRECTION ( 'NONE',  ( -0.000000000000000000, -2.434699615406045218E-16, 1.000000000000000000 ) ) ;
#978 = EDGE_LOOP ( 'NONE', ( #1576, #452, #221, #1651 ) ) ;
#979 = FACE_OUTER_BOUND ( 'NONE', #857, .T. ) ;
#980 = AXIS2_PLACEMENT_3D ( 'NONE', #1753, #1300, #856 ) ;
#981 = PLANE ( 'NONE',  #1615 ) ;
#982 = EDGE_CURVE ( 'NONE', #34, #1226, #342, .T. ) ;
#983 =( LENGTH_UNIT ( ) NAMED_UNIT ( * ) SI_UNIT ( .MILLI., .METRE. ) );
#984 = ORIENTED_EDGE ( 'NONE', *, *, #1938, .F. ) ;
#985 = LINE ( 'NONE', #1161, #785 ) ;
#986 = ORIENTED_EDGE ( 'NONE', *, *, #769, .T. ) ;
#987 = LINE ( 'NONE', #1581, #968 ) ;
#988 = DIRECTION ( 'NONE',  ( 0.000000000000000000, 0.3583679495453009345, 0.9335804264972015210 ) ) ;
#989 = DIRECTION ( 'NONE',  ( 0.000000000000000000, 3.886809318137117464E-15, -1.000000000000000000 ) ) ;
#990 = FACE_OUTER_BOUND ( 'NONE', #1739, .T. ) ;
#991 = CIRCLE ( 'NONE', #1432, 0.6999999999999999556 ) ;
#992 = FACE_OUTER_BOUND ( 'NONE', #1083, .T. ) ;
#993 = FACE_OUTER_BOUND ( 'NONE', #139, .T. ) ;
#994 = EDGE_CURVE ( 'NONE', #232, #1017, #985, .T. ) ;
#995 = ORIENTED_EDGE ( 'NONE', *, *, #1027, .F. ) ;
#996 = AXIS2_PLACEMENT_3D ( 'NONE', #107, #1286, #705 ) ;
#997 = CARTESIAN_POINT ( 'NONE',  ( 9.352349631242852013, 14.33861897843156363, 30.42962448301862821 ) ) ;
#998 = CARTESIAN_POINT ( 'NONE',  ( 0.5000000000000000000, 14.85650637776448590, 29.98589129994833513 ) ) ;
#999 = ORIENTED_EDGE ( 'NONE', *, *, #1867, .T. ) ;
#1000 = CARTESIAN_POINT ( 'NONE',  ( 5.000000000000000888, 3.742363808760353017, 13.36920022553970355 ) ) ;
#1001 = DIRECTION ( 'NONE',  ( 0.000000000000000000, -0.3583679495453009345, -0.9335804264972015210 ) ) ;
#1002 =( NAMED_UNIT ( * ) PLANE_ANGLE_UNIT ( ) SI_UNIT ( $, .RADIAN. ) );
#1003 = DIRECTION ( 'NONE',  ( 0.000000000000000000, -0.7771459614569677932, -0.6293203910498411657 ) ) ;
#1004 = ADVANCED_FACE ( 'NONE', ( #993 ), #864, .T. ) ;
#1005 = VERTEX_POINT ( 'NONE', #1628 ) ;
#1006 = CARTESIAN_POINT ( 'NONE',  ( 0.6999999999999999556, 36.83090389098877182, -0.1892162787652515721 ) ) ;
#1007 = EDGE_CURVE ( 'NONE', #276, #108, #1058, .T. ) ;
#1008 = CIRCLE ( 'NONE', #1513, 3.000000000000000000 ) ;
#1009 = CARTESIAN_POINT ( 'NONE',  ( 9.300000000000000711, 14.20247887865853720, 30.30565375930405025 ) ) ;
#1010 = EDGE_LOOP ( 'NONE', ( #878, #909, #274, #906 ) ) ;
#1011 = DIRECTION ( 'NONE',  ( 0.000000000000000000, 0.000000000000000000, -1.000000000000000000 ) ) ;
#1012 = DIRECTION ( 'NONE',  ( -9.713582736154794804E-16, 0.9335804264972011879, -0.3583679495453017116 ) ) ;
#1013 = AXIS2_PLACEMENT_3D ( 'NONE', #575, #121, #1475 ) ;
#1014 = CARTESIAN_POINT ( 'NONE',  ( 0.5828427124746189403, 29.18419249014363004, 14.16082468013852846 ) ) ;
#1015 = ORIENTED_EDGE ( 'NONE', *, *, #414, .F. ) ;
#1016 = LINE ( 'NONE', #1619, #407 ) ;
#1017 = VERTEX_POINT ( 'NONE', #1749 ) ;
#1018 = CARTESIAN_POINT ( 'NONE',  ( 9.300000000000000711, 24.15168589812995492, 19.55764961504689481 ) ) ;
#1019 = ADVANCED_FACE ( 'NONE', ( #555 ), #1436, .T. ) ;
#1020 = DIRECTION ( 'NONE',  ( -1.000000000000000000, 0.000000000000000000, 0.000000000000000000 ) ) ;
#1021 = PRODUCT ( '\X2\4e0b\X0\USB\X2\62695c555e955ea7652f67b6\X0\', '\X2\4e0b\X0\USB\X2\62695c555e955ea7652f67b6\X0\', '', ( #1627 ) ) ;
#1022 = ORIENTED_EDGE ( 'NONE', *, *, #1931, .F. ) ;
#1023 = DIRECTION ( 'NONE',  ( 0.000000000000000000, -0.3583679495453009345, -0.9335804264972014099 ) ) ;
#1024 = ORIENTED_EDGE ( 'NONE', *, *, #7, .T. ) ;
#1025 = CARTESIAN_POINT ( 'NONE',  ( 10.00000000000000000, 14.72268025649271550, 29.83726233485285206 ) ) ;
#1026 = CARTESIAN_POINT ( 'NONE',  ( 9.500000000000000000, 14.92268025649271479, 29.83726233485285206 ) ) ;
#1027 = EDGE_CURVE ( 'NONE', #641, #380, #1894, .T. ) ;
#1028 = EDGE_LOOP ( 'NONE', ( #1688, #19, #1844, #928 ) ) ;
#1029 = DIRECTION ( 'NONE',  ( 0.000000000000000000, 1.000000000000000000, 0.000000000000000000 ) ) ;
#1030 = DIRECTION ( 'NONE',  ( 0.000000000000000000, 8.518731355243257717E-16, -1.000000000000000000 ) ) ;
#1031 = ORIENTED_EDGE ( 'NONE', *, *, #1812, .F. ) ;
#1032 = AXIS2_PLACEMENT_3D ( 'NONE', #42, #85, #1091 ) ;
#1033 = VECTOR ( 'NONE', #794, 1000.000000000000000 ) ;
#1034 = ORIENTED_EDGE ( 'NONE', *, *, #1421, .T. ) ;
#1035 = VECTOR ( 'NONE', #1274, 1000.000000000000000 ) ;
#1036 = CARTESIAN_POINT ( 'NONE',  ( 9.326184618116146297, 14.26380213154910770, 30.37376013141435038 ) ) ;
#1037 = CARTESIAN_POINT ( 'NONE',  ( 0.6083538365936926873, 14.21999980805602348, 30.32511272276433445 ) ) ;
#1038 = ORIENTED_EDGE ( 'NONE', *, *, #1317, .F. ) ;
#1039 = CARTESIAN_POINT ( 'NONE',  ( 10.00000000000000000, 36.58004632630706254, -0.8427225773132950293 ) ) ;
#1040 = CARTESIAN_POINT ( 'NONE',  ( 5.000000000000000888, 37.19175620810606375, 0.5291814896438550297 ) ) ;
#1041 = VERTEX_POINT ( 'NONE', #842 ) ;
#1042 = AXIS2_PLACEMENT_3D ( 'NONE', #202, #1089, #344 ) ;
#1043 =( BOUNDED_CURVE ( )  B_SPLINE_CURVE ( 3, ( #759, #608, #1379, #173 ),
 .UNSPECIFIED., .F., .T. ) 
 B_SPLINE_CURVE_WITH_KNOTS ( ( 4, 4 ),
 ( 4.712388980384695891, 6.283185307179586232 ),
 .UNSPECIFIED. ) 
 CURVE ( )  GEOMETRIC_REPRESENTATION_ITEM ( )  RATIONAL_B_SPLINE_CURVE ( ( 1.000000000000000000, 0.8047378541243663808, 0.8047378541243663808, 1.000000000000000000 ) ) 
 REPRESENTATION_ITEM ( '' )  );
#1044 = VERTEX_POINT ( 'NONE', #1783 ) ;
#1045 = DIRECTION ( 'NONE',  ( 0.000000000000000000, -0.9335804264972014099, 0.3583679495453011565 ) ) ;
#1046 = AXIS2_PLACEMENT_3D ( 'NONE', #1214, #645, #1825 ) ;
#1047 = ORIENTED_EDGE ( 'NONE', *, *, #1346, .T. ) ;
#1048 = CARTESIAN_POINT ( 'NONE',  ( 0.6999999999999999556, 0.3096560549645907545, 13.82997728009947558 ) ) ;
#1049 = CARTESIAN_POINT ( 'NONE',  ( 9.352506855621532722, 29.18419248803221322, 14.16082468013852846 ) ) ;
#1050 = ORIENTED_EDGE ( 'NONE', *, *, #1852, .F. ) ;
#1051 = ADVANCED_FACE ( 'NONE', ( #695 ), #725, .T. ) ;
#1052 = VERTEX_POINT ( 'NONE', #1448 ) ;
#1053 = LINE ( 'NONE', #1949, #1508 ) ;
#1054 = VERTEX_POINT ( 'NONE', #1468 ) ;
#1055 = CARTESIAN_POINT ( 'NONE',  ( 9.500000000000000000, 14.72268025649271550, 29.83726233485285206 ) ) ;
#1056 = DIRECTION ( 'NONE',  ( 0.000000000000000000, 0.000000000000000000, -1.000000000000000000 ) ) ;
#1057 = CARTESIAN_POINT ( 'NONE',  ( 0.6999999999999999556, 0.3096560549645914207, 13.82997728009947735 ) ) ;
#1058 = CIRCLE ( 'NONE', #812, 0.7000000000000006217 ) ;
#1059 = EDGE_CURVE ( 'NONE', #1017, #1763, #306, .T. ) ;
#1060 =( GEOMETRIC_REPRESENTATION_CONTEXT ( 3 ) GLOBAL_UNCERTAINTY_ASSIGNED_CONTEXT ( ( #1758 ) ) GLOBAL_UNIT_ASSIGNED_CONTEXT ( ( #518, #1397, #951 ) ) REPRESENTATION_CONTEXT ( 'NONE', 'WORKASPACE' ) );
#1061 = AXIS2_PLACEMENT_3D ( 'NONE', #13, #904, #328 ) ;
#1062 = ORIENTED_EDGE ( 'NONE', *, *, #743, .T. ) ;
#1063 = CARTESIAN_POINT ( 'NONE',  ( 10.00000000000000000, 14.92268025649272012, 16.91082468013853202 ) ) ;
#1064 = EDGE_CURVE ( 'NONE', #1145, #1054, #1297, .T. ) ;
#1065 = ORIENTED_EDGE ( 'NONE', *, *, #43, .T. ) ;
#1066 = EDGE_CURVE ( 'NONE', #1226, #1405, #1761, .T. ) ;
#1067 = CARTESIAN_POINT ( 'NONE',  ( 9.500000000000001776, 14.85650637776448590, 29.98589129994833513 ) ) ;
#1068 = DIRECTION ( 'NONE',  ( 0.000000000000000000, 3.886809318137117464E-15, -1.000000000000000000 ) ) ;
#1069 = CYLINDRICAL_SURFACE ( 'NONE', #50, 0.6999999999999992895 ) ;
#1070 = ADVANCED_FACE ( 'NONE', ( #116 ), #1305, .T. ) ;
#1071 = CIRCLE ( 'NONE', #1200, 0.5000000000000004441 ) ;
#1072 = CARTESIAN_POINT ( 'NONE',  ( 9.500000000000000000, 26.32268025649272758, 13.66082468013852846 ) ) ;
#1073 = ORIENTED_EDGE ( 'NONE', *, *, #456, .T. ) ;
#1074 = CIRCLE ( 'NONE', #230, 0.5000000000000004441 ) ;
#1075 = DIRECTION ( 'NONE',  ( 0.000000000000000000, 1.734723475976805319E-15, 1.000000000000000000 ) ) ;
#1076 = ORIENTED_EDGE ( 'NONE', *, *, #267, .T. ) ;
#1077 = CARTESIAN_POINT ( 'NONE',  ( 10.00000000000000000, 14.92268025649272012, 16.91082468013853202 ) ) ;
#1078 = SPHERICAL_SURFACE ( 'NONE', #1082, 0.6999999999999999556 ) ;
#1079 = DIRECTION ( 'NONE',  ( 0.000000000000000000, -1.734723475976805319E-15, -1.000000000000000000 ) ) ;
#1080 = EDGE_LOOP ( 'NONE', ( #1819, #1409 ) ) ;
#1081 = CYLINDRICAL_SURFACE ( 'NONE', #726, 0.6999999999999999556 ) ;
#1082 = AXIS2_PLACEMENT_3D ( 'NONE', #38, #1234, #1746 ) ;
#1083 = EDGE_LOOP ( 'NONE', ( #123, #1806, #480 ) ) ;
#1084 = FACE_OUTER_BOUND ( 'NONE', #52, .T. ) ;
#1085 = EDGE_CURVE ( 'NONE', #1201, #1319, #1659, .T. ) ;
#1086 = DIRECTION ( 'NONE',  ( -1.000000000000000000, 0.000000000000000000, -4.375530196102218831E-15 ) ) ;
#1087 = LINE ( 'NONE', #1206, #295 ) ;
#1088 = EDGE_CURVE ( 'NONE', #1813, #1680, #1638, .T. ) ;
#1089 = DIRECTION ( 'NONE',  ( -1.000000000000000000, 0.000000000000000000, -0.000000000000000000 ) ) ;
#1090 = ORIENTED_EDGE ( 'NONE', *, *, #312, .T. ) ;
#1091 = DIRECTION ( 'NONE',  ( 0.000000000000000000, 0.000000000000000000, 1.000000000000000000 ) ) ;
#1092 =( BOUNDED_CURVE ( )  B_SPLINE_CURVE ( 3, ( #1318, #1014, #1589, #1770 ),
 .UNSPECIFIED., .F., .F. ) 
 B_SPLINE_CURVE_WITH_KNOTS ( ( 4, 4 ),
 ( 3.141592653589793116, 4.712388980384689674 ),
 .UNSPECIFIED. ) 
 CURVE ( )  GEOMETRIC_REPRESENTATION_ITEM ( )  RATIONAL_B_SPLINE_CURVE ( ( 1.000000000000000000, 0.8047378541243649375, 0.8047378541243649375, 1.000000000000000000 ) ) 
 REPRESENTATION_ITEM ( '' )  );
#1093 = ORIENTED_EDGE ( 'NONE', *, *, #1831, .T. ) ;
#1094 = CARTESIAN_POINT ( 'NONE',  ( 9.500000000000000000, 25.82268025649272403, 12.16082468013852669 ) ) ;
#1095 = CARTESIAN_POINT ( 'NONE',  ( 0.5000000000000000000, 16.42268025649271834, 16.91082468013853202 ) ) ;
#1096 = VECTOR ( 'NONE', #941, 1000.000000000000000 ) ;
#1097 = CARTESIAN_POINT ( 'NONE',  ( 9.500000000000000000, 0.000000000000000000, 12.16082468013852669 ) ) ;
#1098 = EDGE_LOOP ( 'NONE', ( #1567, #609, #1854, #710 ) ) ;
#1099 = DIRECTION ( 'NONE',  ( -0.000000000000000000, -1.734723475976805319E-15, -1.000000000000000000 ) ) ;
#1100 = EDGE_LOOP ( 'NONE', ( #1678, #1856, #773, #923, #899, #1118, #1928, #147 ) ) ;
#1101 = CARTESIAN_POINT ( 'NONE',  ( 10.00000000000000178, 14.85650637776448590, 29.98589129994833513 ) ) ;
#1102 = CIRCLE ( 'NONE', #671, 0.5000000000000001110 ) ;
#1103 = AXIS2_PLACEMENT_3D ( 'NONE', #1531, #1645, #901 ) ;
#1104 = DIRECTION ( 'NONE',  ( 0.000000000000000000, -0.3583679495453009900, -0.9335804264972016320 ) ) ;
#1105 = CARTESIAN_POINT ( 'NONE',  ( 0.7000000000000001776, 29.42268025649270413, 14.16082468013852491 ) ) ;
#1106 = CARTESIAN_POINT ( 'NONE',  ( 0.6999999999999999556, 36.83090389098875761, 3.085646651757090630 ) ) ;
#1107 = EDGE_CURVE ( 'NONE', #813, #956, #1930, .T. ) ;
#1108 = CARTESIAN_POINT ( 'NONE',  ( 0.4566821225230927039, 14.38702910826208203, 30.46690048582427579 ) ) ;
#1109 = ORIENTED_EDGE ( 'NONE', *, *, #1870, .F. ) ;
#1110 = CARTESIAN_POINT ( 'NONE',  ( 10.00000000000000000, 14.72268025649271550, 29.83726233485285206 ) ) ;
#1111 = EDGE_CURVE ( 'NONE', #1377, #1044, #464, .T. ) ;
#1112 = VERTEX_POINT ( 'NONE', #818 ) ;
#1113 = DIRECTION ( 'NONE',  ( 0.000000000000000000, 1.000000000000000000, -0.000000000000000000 ) ) ;
#1114 = DIRECTION ( 'NONE',  ( -1.000000000000000000, 0.000000000000000000, -0.000000000000000000 ) ) ;
#1115 = CARTESIAN_POINT ( 'NONE',  ( 9.300000000000000711, 37.53090389098876045, 3.085646651757093295 ) ) ;
#1116 = CARTESIAN_POINT ( 'NONE',  ( 9.300000000000000711, 14.20247887865853720, 30.30565375930405025 ) ) ;
#1117 = CARTESIAN_POINT ( 'NONE',  ( 0.5000000000000004441, 25.82268025649272403, 12.66082468013852669 ) ) ;
#1118 = ORIENTED_EDGE ( 'NONE', *, *, #1304, .F. ) ;
#1119 = DIRECTION ( 'NONE',  ( 1.000000000000000000, 0.000000000000000000, 0.000000000000000000 ) ) ;
#1120 = VECTOR ( 'NONE', #1764, 1000.000000000000114 ) ;
#1121 = ORIENTED_EDGE ( 'NONE', *, *, #892, .T. ) ;
#1122 = SURFACE_STYLE_USAGE ( .BOTH. , #1438 ) ;
#1123 = DIRECTION ( 'NONE',  ( 0.000000000000000000, 0.000000000000000000, -1.000000000000000000 ) ) ;
#1124 = EDGE_CURVE ( 'NONE', #523, #1322, #72, .T. ) ;
#1125 = CARTESIAN_POINT ( 'NONE',  ( 0.000000000000000000, 0.000000000000000000, 0.000000000000000000 ) ) ;
#1126 = AXIS2_PLACEMENT_3D ( 'NONE', #1048, #1744, #390 ) ;
#1127 = CARTESIAN_POINT ( 'NONE',  ( 9.300000000000000711, 24.69568807114983144, 19.99817388878178548 ) ) ;
#1128 = FACE_OUTER_BOUND ( 'NONE', #648, .T. ) ;
#1129 = ORIENTED_EDGE ( 'NONE', *, *, #682, .F. ) ;
#1130 = DIRECTION ( 'NONE',  ( -0.000000000000000000, -0.9335804264972014099, 0.3583679495453011565 ) ) ;
#1131 = EDGE_LOOP ( 'NONE', ( #178, #305, #582, #946 ) ) ;
#1132 = DIRECTION ( 'NONE',  ( -0.000000000000000000, 1.000000000000000000, -0.000000000000000000 ) ) ;
#1133 = CIRCLE ( 'NONE', #1169, 3.000000000000001332 ) ;
#1134 = DIRECTION ( 'NONE',  ( 0.000000000000000000, 0.000000000000000000, -1.000000000000000000 ) ) ;
#1135 = DIRECTION ( 'NONE',  ( 0.000000000000000000, -0.3583679495453009900, -0.9335804264972016320 ) ) ;
#1136 = PLANE ( 'NONE',  #1154 ) ;
#1137 = VECTOR ( 'NONE', #627, 1000.000000000000000 ) ;
#1138 = ADVANCED_FACE ( 'NONE', ( #1892 ), #1136, .T. ) ;
#1139 = CARTESIAN_POINT ( 'NONE',  ( 0.000000000000000000, 15.92268025649271834, 12.66082468013852669 ) ) ;
#1140 = DIRECTION ( 'NONE',  ( 0.000000000000000000, 0.000000000000000000, -1.000000000000000000 ) ) ;
#1141 = ORIENTED_EDGE ( 'NONE', *, *, #196, .T. ) ;
#1142 = ADVANCED_FACE ( 'NONE', ( #1860 ), #1747, .T. ) ;
#1143 = CARTESIAN_POINT ( 'NONE',  ( 9.300000000000000711, 14.20247887865853720, 30.30565375930405025 ) ) ;
#1144 = PLANE ( 'NONE',  #1261 ) ;
#1145 = VERTEX_POINT ( 'NONE', #511 ) ;
#1146 = DIRECTION ( 'NONE',  ( -1.000000000000000000, 0.000000000000000000, 0.000000000000000000 ) ) ;
#1147 = CARTESIAN_POINT ( 'NONE',  ( 0.6999999999999999556, 0.3096560549645932525, 13.82997728009947558 ) ) ;
#1148 = VECTOR ( 'NONE', #226, 1000.000000000000000 ) ;
#1149 = EDGE_CURVE ( 'NONE', #1618, #834, #1848, .T. ) ;
#1150 = CARTESIAN_POINT ( 'NONE',  ( 0.5000000008182589051, 15.12296537434406751, 30.41878690659172335 ) ) ;
#1151 = EDGE_CURVE ( 'NONE', #1828, #660, #385, .T. ) ;
#1152 = DIRECTION ( 'NONE',  ( 1.000000000000000000, -0.000000000000000000, -0.000000000000000000 ) ) ;
#1153 = EDGE_LOOP ( 'NONE', ( #180, #420, #638, #895 ) ) ;
#1154 = AXIS2_PLACEMENT_3D ( 'NONE', #798, #963, #1561 ) ;
#1155 = CIRCLE ( 'NONE', #214, 0.6999999999999994005 ) ;
#1156 = DIRECTION ( 'NONE',  ( 0.000000000000000000, -0.9335804264972014099, 0.3583679495453011565 ) ) ;
#1157 = DIRECTION ( 'NONE',  ( 0.000000000000000000, 0.7431448254773980189, -0.6691306063588537967 ) ) ;
#1158 = ORIENTED_EDGE ( 'NONE', *, *, #1890, .T. ) ;
#1159 = DIRECTION ( 'NONE',  ( 1.000000000000000000, 0.000000000000000000, 0.000000000000000000 ) ) ;
#1160 = DIRECTION ( 'NONE',  ( -1.000000000000000000, 0.000000000000000000, 0.000000000000000000 ) ) ;
#1161 = CARTESIAN_POINT ( 'NONE',  ( 0.5000000000000004441, 0.000000000000000000, 14.16082468013852846 ) ) ;
#1162 = ORIENTED_EDGE ( 'NONE', *, *, #491, .F. ) ;
#1163 = LINE ( 'NONE', #129, #1120 ) ;
#1164 = ADVANCED_FACE ( 'NONE', ( #990 ), #1243, .T. ) ;
#1165 = CIRCLE ( 'NONE', #3, 0.6999999999999999556 ) ;
#1166 = DIRECTION ( 'NONE',  ( -1.000000000000000000, 0.000000000000000000, 0.000000000000000000 ) ) ;
#1167 = ORIENTED_EDGE ( 'NONE', *, *, #1354, .T. ) ;
#1168 = DIRECTION ( 'NONE',  ( 0.000000000000000000, -0.6691306063588533526, -0.7431448254773985740 ) ) ;
#1169 = AXIS2_PLACEMENT_3D ( 'NONE', #395, #1597, #1759 ) ;
#1170 = CARTESIAN_POINT ( 'NONE',  ( 9.500000000000000000, 15.19107168094391191, 30.35746371268703570 ) ) ;
#1171 = ORIENTED_EDGE ( 'NONE', *, *, #478, .T. ) ;
#1172 = DIRECTION ( 'NONE',  ( 1.000000000000000000, -0.000000000000000000, -0.000000000000000000 ) ) ;
#1173 = EDGE_CURVE ( 'NONE', #1626, #1836, #404, .T. ) ;
#1174 = ORIENTED_EDGE ( 'NONE', *, *, #11, .T. ) ;
#1175 = CARTESIAN_POINT ( 'NONE',  ( 9.825810900792562919, 14.69619980052942587, 30.56865380218730621 ) ) ;
#1176 = DIRECTION ( 'NONE',  ( 0.000000000000000000, 0.000000000000000000, -1.000000000000000000 ) ) ;
#1177 = ORIENTED_EDGE ( 'NONE', *, *, #598, .T. ) ;
#1178 = LINE ( 'NONE', #284, #510 ) ;
#1179 = DIRECTION ( 'NONE',  ( 0.000000000000000000, 0.000000000000000000, -1.000000000000000000 ) ) ;
#1180 = ORIENTED_EDGE ( 'NONE', *, *, #1111, .T. ) ;
#1181 = ORIENTED_EDGE ( 'NONE', *, *, #1317, .T. ) ;
#1182 = CARTESIAN_POINT ( 'NONE',  ( 5.685779702922824086, 36.58004632630706965, -0.8427225773132893671 ) ) ;
#1183 = CARTESIAN_POINT ( 'NONE',  ( 0.6999999999999981792, 14.20247887865853720, 30.30565375930405025 ) ) ;
#1184 = ORIENTED_EDGE ( 'NONE', *, *, #1684, .F. ) ;
#1185 = CARTESIAN_POINT ( 'NONE',  ( 0.6999999999999992895, 36.86234177535965983, 4.973607824906608244 ) ) ;
#1186 = ADVANCED_FACE ( 'NONE', ( #974 ), #1573, .T. ) ;
#1187 = CARTESIAN_POINT ( 'NONE',  ( 0.5000000000000000000, 14.92268025649271657, 29.83726233485285206 ) ) ;
#1188 = ORIENTED_EDGE ( 'NONE', *, *, #410, .T. ) ;
#1189 = AXIS2_PLACEMENT_3D ( 'NONE', #1257, #406, #1140 ) ;
#1190 = CIRCLE ( 'NONE', #343, 0.5000000000000004441 ) ;
#1191 = ORIENTED_EDGE ( 'NONE', *, *, #1220, .F. ) ;
#1192 = FACE_OUTER_BOUND ( 'NONE', #1349, .T. ) ;
#1193 = DIRECTION ( 'NONE',  ( 0.000000000000000000, 1.000000000000000000, -1.734723475976805517E-15 ) ) ;
#1194 = VERTEX_POINT ( 'NONE', #1595 ) ;
#1195 = DIRECTION ( 'NONE',  ( 0.000000000000000000, 2.434699615406045218E-16, -1.000000000000000000 ) ) ;
#1196 = VECTOR ( 'NONE', #751, 1000.000000000000000 ) ;
#1197 = CARTESIAN_POINT ( 'NONE',  ( 4.314220297077177690, 36.58004632630706254, -0.8427225773132950293 ) ) ;
#1198 = ORIENTED_EDGE ( 'NONE', *, *, #1523, .F. ) ;
#1199 = ADVANCED_FACE ( 'NONE', ( #1391 ), #529, .F. ) ;
#1200 = AXIS2_PLACEMENT_3D ( 'NONE', #1026, #1176, #1620 ) ;
#1201 = VERTEX_POINT ( 'NONE', #1427 ) ;
#1202 = CARTESIAN_POINT ( 'NONE',  ( 9.500000000000000000, 15.42268025649272012, 17.41082468013853557 ) ) ;
#1203 = ORIENTED_EDGE ( 'NONE', *, *, #1574, .T. ) ;
#1204 = CARTESIAN_POINT ( 'NONE',  ( 9.300000000000000711, -0.2105453228695880474, 14.29836870455067199 ) ) ;
#1205 = CARTESIAN_POINT ( 'NONE',  ( 9.300000000000000711, 34.53090389098875335, 3.085646651757081305 ) ) ;
#1206 = CARTESIAN_POINT ( 'NONE',  ( 10.00000000000000000, 37.53090389098876045, 3.085646651757093295 ) ) ;
#1207 = EDGE_CURVE ( 'NONE', #1721, #1201, #681, .T. ) ;
#1208 = ADVANCED_FACE ( 'NONE', ( #1882 ), #1538, .T. ) ;
#1209 = ORIENTED_EDGE ( 'NONE', *, *, #1650, .T. ) ;
#1210 = DIRECTION ( 'NONE',  ( 0.000000000000000000, 0.000000000000000000, 1.000000000000000000 ) ) ;
#1211 = ORIENTED_EDGE ( 'NONE', *, *, #566, .F. ) ;
#1212 = DIRECTION ( 'NONE',  ( 0.000000000000000000, 0.000000000000000000, -1.000000000000000000 ) ) ;
#1213 = CARTESIAN_POINT ( 'NONE',  ( 9.500000000000001776, 28.92684057696499877, 14.16082468013852846 ) ) ;
#1214 = CARTESIAN_POINT ( 'NONE',  ( 0.5000000000000004441, 14.72268025649271550, 29.83726233485285206 ) ) ;
#1215 = PRESENTATION_LAYER_ASSIGNMENT (  '', '', ( #125 ) ) ;
#1216 = CIRCLE ( 'NONE', #1665, 3.000000000000001776 ) ;
#1217 = ORIENTED_EDGE ( 'NONE', *, *, #559, .T. ) ;
#1218 = CARTESIAN_POINT ( 'NONE',  ( 5.000000000000000888, 0.4040706049507946096, 13.04393343442980324 ) ) ;
#1219 = AXIS2_PLACEMENT_3D ( 'NONE', #122, #435, #589 ) ;
#1220 = EDGE_CURVE ( 'NONE', #1041, #748, #1851, .T. ) ;
#1221 = VERTEX_POINT ( 'NONE', #1789 ) ;
#1222 = DIRECTION ( 'NONE',  ( 0.000000000000000000, 0.000000000000000000, -1.000000000000000000 ) ) ;
#1223 = LINE ( 'NONE', #1232, #257 ) ;
#1224 = CIRCLE ( 'NONE', #227, 0.5000000000000000000 ) ;
#1225 = CARTESIAN_POINT ( 'NONE',  ( 9.300000000000000711, 29.57276547087211682, 13.97548487566344733 ) ) ;
#1226 = VERTEX_POINT ( 'NONE', #405 ) ;
#1227 = VECTOR ( 'NONE', #778, 1000.000000000000000 ) ;
#1228 = CARTESIAN_POINT ( 'NONE',  ( 10.00000000000000000, 15.21557347530617399, 17.20371789895198589 ) ) ;
#1229 = EDGE_CURVE ( 'NONE', #78, #1666, #1284, .T. ) ;
#1230 = ORIENTED_EDGE ( 'NONE', *, *, #917, .F. ) ;
#1231 = DIRECTION ( 'NONE',  ( 0.000000000000000000, -1.000000000000000000, 1.734723475976805517E-15 ) ) ;
#1232 = CARTESIAN_POINT ( 'NONE',  ( 0.5000000000000000000, 16.42268025649271834, 17.41082468013853557 ) ) ;
#1233 = EDGE_CURVE ( 'NONE', #211, #170, #1888, .T. ) ;
#1234 = DIRECTION ( 'NONE',  ( -2.710505431213764240E-15, 1.000000000000000000, -1.343422115225474320E-29 ) ) ;
#1235 = CARTESIAN_POINT ( 'NONE',  ( 0.5000000000000000000, 16.92268025649271834, 11.66082468013852491 ) ) ;
#1236 = ORIENTED_EDGE ( 'NONE', *, *, #1151, .T. ) ;
#1237 = CARTESIAN_POINT ( 'NONE',  ( 0.6999999999999999556, 14.20247887865853720, 30.30565375930405025 ) ) ;
#1238 =( BOUNDED_SURFACE ( )  B_SPLINE_SURFACE ( 3, 2, ( 
 ( #932, #36, #454 ),
 ( #1049, #323, #8 ),
 ( #777, #908, #1369 ),
 ( #1362, #1840, #489 ),
 ( #15, #626, #294 ),
 ( #1213, #27, #634 ) ),
 .UNSPECIFIED., .F., .F., .F. ) 
 B_SPLINE_SURFACE_WITH_KNOTS ( ( 4, 2, 4 ),
 ( 3, 3 ),
 ( 0.000000000000000000, 0.7853981633974482790, 1.570796326794896558 ),
 ( 0.000000000000000000, 1.000000000000000000 ),
 .UNSPECIFIED. ) 
 GEOMETRIC_REPRESENTATION_ITEM ( )  RATIONAL_B_SPLINE_SURFACE ( (
 ( 1.000000000000000000, 0.9025852843498614053, 1.000000000000000000),
 ( 1.000000000000000000, 0.9027378428208597816, 1.000000000000000000),
 ( 1.000000000000000000, 0.8842636898737475937, 1.000000000000000000),
 ( 1.000000000000000000, 0.8157343783900460332, 1.000000000000000000),
 ( 1.000000000000000000, 0.7655932065310484536, 1.000000000000000000),
 ( 1.000000000000000000, 0.7071067811865487940, 1.000000000000000000) ) ) 
 REPRESENTATION_ITEM ( '' )  SURFACE ( )  );
#1239 = ORIENTED_EDGE ( 'NONE', *, *, #1504, .T. ) ;
#1240 = CARTESIAN_POINT ( 'NONE',  ( 0.5000000000000004441, 0.000000000000000000, 13.66082468013852669 ) ) ;
#1241 = DIRECTION ( 'NONE',  ( 0.000000000000000000, 1.000000000000000000, -0.000000000000000000 ) ) ;
#1242 = DIRECTION ( 'NONE',  ( 0.000000000000000000, 0.9335804264972014099, -0.3583679495453011565 ) ) ;
#1243 = CYLINDRICAL_SURFACE ( 'NONE', #1502, 0.5000000000000004441 ) ;
#1244 = VECTOR ( 'NONE', #363, 1000.000000000000000 ) ;
#1245 = CARTESIAN_POINT ( 'NONE',  ( 5.685779702922824086, 36.58004632630706965, -0.8427225773132893671 ) ) ;
#1246 = EDGE_LOOP ( 'NONE', ( #1298, #1174, #14 ) ) ;
#1247 = CARTESIAN_POINT ( 'NONE',  ( 10.00000000000000000, 0.000000000000000000, 0.000000000000000000 ) ) ;
#1248 = AXIS2_PLACEMENT_3D ( 'NONE', #186, #1210, #449 ) ;
#1249 = ORIENTED_EDGE ( 'NONE', *, *, #682, .T. ) ;
#1250 = FACE_OUTER_BOUND ( 'NONE', #868, .T. ) ;
#1251 = PLANE ( 'NONE',  #1752 ) ;
#1252 = EDGE_CURVE ( 'NONE', #1809, #380, #1376, .T. ) ;
#1253 = CARTESIAN_POINT ( 'NONE',  ( 5.000000000000000888, 34.39101492861446019, 1.604285338279758388 ) ) ;
#1254 = EDGE_CURVE ( 'NONE', #424, #660, #728, .T. ) ;
#1255 = CIRCLE ( 'NONE', #862, 0.6999999999999992895 ) ;
#1256 = EDGE_LOOP ( 'NONE', ( #87, #1878, #23 ) ) ;
#1257 = CARTESIAN_POINT ( 'NONE',  ( 9.500000000000000000, 26.82268025649272758, 13.66082468013852669 ) ) ;
#1258 = VERTEX_POINT ( 'NONE', #860 ) ;
#1259 = DIRECTION ( 'NONE',  ( 0.000000000000000000, 0.000000000000000000, 1.000000000000000000 ) ) ;
#1260 = AXIS2_PLACEMENT_3D ( 'NONE', #1622, #1195, #403 ) ;
#1261 = AXIS2_PLACEMENT_3D ( 'NONE', #131, #1593, #846 ) ;
#1262 = DIRECTION ( 'NONE',  ( 0.000000000000000000, 0.000000000000000000, -1.000000000000000000 ) ) ;
#1263 = CYLINDRICAL_SURFACE ( 'NONE', #302, 0.5000000000000004441 ) ;
#1264 = CARTESIAN_POINT ( 'NONE',  ( 9.500000000000000000, 26.82268025649272758, 13.66082468013852846 ) ) ;
#1265 = DIRECTION ( 'NONE',  ( 2.633062418893367968E-15, 0.000000000000000000, 1.000000000000000000 ) ) ;
#1266 = ORIENTED_EDGE ( 'NONE', *, *, #761, .F. ) ;
#1267 = CARTESIAN_POINT ( 'NONE',  ( 10.00000000000000000, 15.42268025649271657, 29.83726233485285206 ) ) ;
#1268 = EDGE_CURVE ( 'NONE', #298, #1405, #379, .T. ) ;
#1269 = EDGE_LOOP ( 'NONE', ( #1065, #790, #506, #308, #1621, #336, #1629, #1799, #1956, #1613, #1034, #731, #590, #1239 ) ) ;
#1270 = CARTESIAN_POINT ( 'NONE',  ( 5.000000000000000888, 3.742363808760353017, 13.36920022553970355 ) ) ;
#1271 = EDGE_CURVE ( 'NONE', #756, #455, #1827, .T. ) ;
#1272 = FACE_OUTER_BOUND ( 'NONE', #912, .T. ) ;
#1273 = LINE ( 'NONE', #1434, #1148 ) ;
#1274 = DIRECTION ( 'NONE',  ( 0.000000000000000000, 0.6293203910498421649, -0.7771459614569670160 ) ) ;
#1275 = ORIENTED_EDGE ( 'NONE', *, *, #358, .T. ) ;
#1276 = LINE ( 'NONE', #504, #1955 ) ;
#1277 = ORIENTED_EDGE ( 'NONE', *, *, #1794, .T. ) ;
#1278 = CARTESIAN_POINT ( 'NONE',  ( 0.5000000000000000000, 26.82268025649272758, 13.66082468013852669 ) ) ;
#1279 = CARTESIAN_POINT ( 'NONE',  ( 9.500000000000000000, 14.72268025649271550, 29.83726233485285206 ) ) ;
#1280 = CARTESIAN_POINT ( 'NONE',  ( 0.6999999999999999556, -0.3903439450354083684, 13.82997728009947558 ) ) ;
#1281 = VECTOR ( 'NONE', #494, 1000.000000000000000 ) ;
#1282 = AXIS2_PLACEMENT_3D ( 'NONE', #1350, #188, #1231 ) ;
#1283 = DIRECTION ( 'NONE',  ( 0.000000000000000000, -0.6293203910498421649, 0.7771459614569670160 ) ) ;
#1284 = CIRCLE ( 'NONE', #1733, 0.7000000000000000666 ) ;
#1285 = CARTESIAN_POINT ( 'NONE',  ( 0.4999999999999996669, 15.19107168094391369, 30.35746371268703570 ) ) ;
#1286 = DIRECTION ( 'NONE',  ( 1.000000000000000000, -0.000000000000000000, -8.673617379884058152E-16 ) ) ;
#1287 = ORIENTED_EDGE ( 'NONE', *, *, #467, .T. ) ;
#1288 = DIRECTION ( 'NONE',  ( -0.000000000000000000, -2.434699615406045218E-16, 1.000000000000000000 ) ) ;
#1289 = AXIS2_PLACEMENT_3D ( 'NONE', #1117, #75, #545 ) ;
#1290 = CARTESIAN_POINT ( 'NONE',  ( 0.000000000000000000, 36.83090389098877182, -0.1892162787652515721 ) ) ;
#1291 = ORIENTED_EDGE ( 'NONE', *, *, #358, .F. ) ;
#1292 = CARTESIAN_POINT ( 'NONE',  ( 0.3346089322511896502, 29.50315176981681375, 13.94157278930177668 ) ) ;
#1293 = EDGE_CURVE ( 'NONE', #1657, #356, #636, .T. ) ;
#1294 = CARTESIAN_POINT ( 'NONE',  ( 9.417157287525382614, 29.18419249014363359, 14.16082468013852846 ) ) ;
#1295 = UNCERTAINTY_MEASURE_WITH_UNIT (LENGTH_MEASURE( 1.000000000000000082E-05 ), #983, 'distance_accuracy_value', 'NONE');
#1296 = CARTESIAN_POINT ( 'NONE',  ( 0.08834940071048499877, 14.57763266518236200, 30.20302293425225670 ) ) ;
#1297 = LINE ( 'NONE', #714, #657 ) ;
#1298 = ORIENTED_EDGE ( 'NONE', *, *, #229, .F. ) ;
#1299 = DIRECTION ( 'NONE',  ( 0.000000000000000000, 1.000000000000000000, -1.510138740247668355E-15 ) ) ;
#1300 = DIRECTION ( 'NONE',  ( -1.000000000000000000, 0.000000000000000000, 0.000000000000000000 ) ) ;
#1301 = ORIENTED_EDGE ( 'NONE', *, *, #1915, .T. ) ;
#1302 = CARTESIAN_POINT ( 'NONE',  ( 10.00000000000000000, 28.92684057696499522, 13.66082468013852669 ) ) ;
#1303 = CARTESIAN_POINT ( 'NONE',  ( 0.2071067811865478225, 15.42268025649272012, 17.41082468013853557 ) ) ;
#1304 = EDGE_CURVE ( 'NONE', #143, #1656, #1756, .T. ) ;
#1305 = PLANE ( 'NONE',  #495 ) ;
#1306 = ORIENTED_EDGE ( 'NONE', *, *, #1890, .F. ) ;
#1307 = AXIS2_PLACEMENT_3D ( 'NONE', #1736, #1550, #500 ) ;
#1308 = CIRCLE ( 'NONE', #1471, 0.6999999999999992895 ) ;
#1309 = CARTESIAN_POINT ( 'NONE',  ( 9.652533095961123522, 14.33553265312075986, 30.32138876615321266 ) ) ;
#1310 = ADVANCED_FACE ( 'NONE', ( #1325 ), #848, .T. ) ;
#1311 = CARTESIAN_POINT ( 'NONE',  ( 9.500000000000000000, 15.92268025649271834, 16.91082468013853202 ) ) ;
#1312 = ORIENTED_EDGE ( 'NONE', *, *, #1346, .F. ) ;
#1313 = DIRECTION ( 'NONE',  ( 0.000000000000000000, 1.734723475976805319E-15, 1.000000000000000000 ) ) ;
#1314 = DIRECTION ( 'NONE',  ( -0.000000000000000000, 1.000000000000000000, -0.000000000000000000 ) ) ;
#1315 = VECTOR ( 'NONE', #716, 1000.000000000000000 ) ;
#1316 = ORIENTED_EDGE ( 'NONE', *, *, #1464, .T. ) ;
#1317 = EDGE_CURVE ( 'NONE', #1618, #276, #474, .T. ) ;
#1318 = CARTESIAN_POINT ( 'NONE',  ( 0.6999999999999999556, 29.18419249014363359, 14.16082468013852846 ) ) ;
#1319 = VERTEX_POINT ( 'NONE', #426 ) ;
#1320 = CARTESIAN_POINT ( 'NONE',  ( 0.5000000000000004441, 14.72268025649271550, 29.83726233485285206 ) ) ;
#1321 = CARTESIAN_POINT ( 'NONE',  ( 0.000000000000000000, 14.92268025649271657, 29.83726233485285206 ) ) ;
#1322 = VERTEX_POINT ( 'NONE', #1911 ) ;
#1323 = DIRECTION ( 'NONE',  ( -1.000000000000000000, 0.000000000000000000, 0.000000000000000000 ) ) ;
#1324 = VECTOR ( 'NONE', #1544, 1000.000000000000000 ) ;
#1325 = FACE_OUTER_BOUND ( 'NONE', #1454, .T. ) ;
#1326 = AXIS2_PLACEMENT_3D ( 'NONE', #387, #266, #341 ) ;
#1327 = ORIENTED_EDGE ( 'NONE', *, *, #1697, .T. ) ;
#1328 = VERTEX_POINT ( 'NONE', #1170 ) ;
#1329 = DIRECTION ( 'NONE',  ( 1.000000000000000000, -0.000000000000000000, 0.000000000000000000 ) ) ;
#1330 = EDGE_CURVE ( 'NONE', #356, #930, #704, .T. ) ;
#1331 = DIRECTION ( 'NONE',  ( 0.000000000000000000, -0.000000000000000000, 1.000000000000000000 ) ) ;
#1332 = ORIENTED_EDGE ( 'NONE', *, *, #371, .F. ) ;
#1333 = CARTESIAN_POINT ( 'NONE',  ( 0.000000000000000000, 25.82268025649272403, 11.66082468013852491 ) ) ;
#1334 = DIRECTION ( 'NONE',  ( 0.000000000000000000, 0.6691306063588533526, 0.7431448254773985740 ) ) ;
#1335 = ORIENTED_EDGE ( 'NONE', *, *, #1776, .F. ) ;
#1336 = TOROIDAL_SURFACE ( 'NONE', #746, 2.299999999999999822, 0.6999999999999999556 ) ;
#1337 = CARTESIAN_POINT ( 'NONE',  ( 0.000000000000000000, 0.000000000000000000, 0.000000000000000000 ) ) ;
#1338 = ORIENTED_EDGE ( 'NONE', *, *, #17, .F. ) ;
#1339 = CARTESIAN_POINT ( 'NONE',  ( 9.300000000000000711, 29.57276547087211682, 13.97548487566344910 ) ) ;
#1340 = CYLINDRICAL_SURFACE ( 'NONE', #792, 0.5000000000000004441 ) ;
#1341 = ORIENTED_EDGE ( 'NONE', *, *, #1207, .T. ) ;
#1342 = CARTESIAN_POINT ( 'NONE',  ( 0.6999999999999999556, 0.3096560549645919203, 13.82997728009947558 ) ) ;
#1343 = CARTESIAN_POINT ( 'NONE',  ( 0.5000000000000004441, 15.42268025649272012, 17.41082468013853557 ) ) ;
#1344 = ORIENTED_EDGE ( 'NONE', *, *, #331, .T. ) ;
#1345 = AXIS2_PLACEMENT_3D ( 'NONE', #1247, #685, #77 ) ;
#1346 = EDGE_CURVE ( 'NONE', #1377, #1112, #1781, .T. ) ;
#1347 = EDGE_LOOP ( 'NONE', ( #289, #1306, #1868, #234 ) ) ;
#1348 = FACE_OUTER_BOUND ( 'NONE', #1100, .T. ) ;
#1349 = EDGE_LOOP ( 'NONE', ( #821, #1167, #44, #1588, #742, #469 ) ) ;
#1350 = CARTESIAN_POINT ( 'NONE',  ( 9.500000000000000000, 26.82268025649270271, -4.652993312955745156E-14 ) ) ;
#1351 = AXIS2_PLACEMENT_3D ( 'NONE', #1411, #1104, #796 ) ;
#1352 = CARTESIAN_POINT ( 'NONE',  ( 10.00000000000000000, -6.706095645486549905, 6.038195640644143936 ) ) ;
#1353 = DIRECTION ( 'NONE',  ( 0.000000000000000000, 0.000000000000000000, -1.000000000000000000 ) ) ;
#1354 = EDGE_CURVE ( 'NONE', #402, #432, #646, .T. ) ;
#1355 = EDGE_CURVE ( 'NONE', #1656, #78, #1804, .T. ) ;
#1356 = CIRCLE ( 'NONE', #614, 0.5000000000000004441 ) ;
#1357 = VECTOR ( 'NONE', #1880, 1000.000000000000000 ) ;
#1358 = EDGE_LOOP ( 'NONE', ( #718, #1509, #54, #1791, #1073, #902 ) ) ;
#1359 = SPHERICAL_SURFACE ( 'NONE', #1248, 0.6999999999999999556 ) ;
#1360 = ORIENTED_EDGE ( 'NONE', *, *, #100, .F. ) ;
#1361 = CARTESIAN_POINT ( 'NONE',  ( 0.000000000000000000, 34.53090389098875335, 3.085646651757081305 ) ) ;
#1362 = CARTESIAN_POINT ( 'NONE',  ( 9.478445264546442317, 29.06117499174149188, 14.16082468013852846 ) ) ;
#1363 = LINE ( 'NONE', #933, #1384 ) ;
#1364 = EDGE_CURVE ( 'NONE', #1709, #1258, #944, .T. ) ;
#1365 = ORIENTED_EDGE ( 'NONE', *, *, #1207, .F. ) ;
#1366 = CARTESIAN_POINT ( 'NONE',  ( 9.792893218813452094, 15.42268025649272012, 17.41082468013853557 ) ) ;
#1367 = ORIENTED_EDGE ( 'NONE', *, *, #1173, .T. ) ;
#1368 = FACE_OUTER_BOUND ( 'NONE', #1774, .T. ) ;
#1369 = CARTESIAN_POINT ( 'NONE',  ( 9.665391067748750231, 29.50315176981683862, 13.94157278930184596 ) ) ;
#1370 = DIRECTION ( 'NONE',  ( 0.000000000000000000, 0.3583679495453009345, 0.9335804264972014099 ) ) ;
#1371 = EDGE_CURVE ( 'NONE', #1112, #616, #26, .T. ) ;
#1372 = CARTESIAN_POINT ( 'NONE',  ( 10.00000000000000000, 26.82268025649272403, 12.66082468013852491 ) ) ;
#1373 = ORIENTED_EDGE ( 'NONE', *, *, #819, .T. ) ;
#1374 = AXIS2_PLACEMENT_3D ( 'NONE', #64, #1566, #835 ) ;
#1375 = AXIS2_PLACEMENT_3D ( 'NONE', #1055, #931, #1212 ) ;
#1376 = CIRCLE ( 'NONE', #378, 0.6999999999999992895 ) ;
#1377 = VERTEX_POINT ( 'NONE', #1040 ) ;
#1378 = DIRECTION ( 'NONE',  ( 0.000000000000000000, 0.000000000000000000, 1.000000000000000000 ) ) ;
#1379 = CARTESIAN_POINT ( 'NONE',  ( 9.500000000000001776, 14.88634476897382086, 30.63184105663129131 ) ) ;
#1380 = PRODUCT_DEFINITION_SHAPE ( 'NONE', 'NONE',  #1742 ) ;
#1381 = FACE_OUTER_BOUND ( 'NONE', #763, .T. ) ;
#1382 = LINE ( 'NONE', #799, #479 ) ;
#1383 = ORIENTED_EDGE ( 'NONE', *, *, #1768, .F. ) ;
#1384 = VECTOR ( 'NONE', #352, 1000.000000000000000 ) ;
#1385 = DIRECTION ( 'NONE',  ( -1.000000000000000000, 0.000000000000000000, 0.000000000000000000 ) ) ;
#1386 = ORIENTED_EDGE ( 'NONE', *, *, #310, .T. ) ;
#1387 = DIRECTION ( 'NONE',  ( -1.000000000000000000, 0.000000000000000000, 0.000000000000000000 ) ) ;
#1388 = VECTOR ( 'NONE', #635, 1000.000000000000000 ) ;
#1389 = DIRECTION ( 'NONE',  ( 4.375530196102219620E-15, 3.872150616019662975E-15, -1.000000000000000000 ) ) ;
#1390 = DIRECTION ( 'NONE',  ( 0.000000000000000000, 0.000000000000000000, -1.000000000000000000 ) ) ;
#1391 = FACE_OUTER_BOUND ( 'NONE', #1921, .T. ) ;
#1392 = DIRECTION ( 'NONE',  ( 1.000000000000000000, 0.000000000000000000, 0.000000000000000000 ) ) ;
#1393 = ORIENTED_EDGE ( 'NONE', *, *, #1818, .T. ) ;
#1394 = DIRECTION ( 'NONE',  ( 0.000000000000000000, -0.3583679495453009900, -0.9335804264972016320 ) ) ;
#1395 = CIRCLE ( 'NONE', #556, 0.5000000000000004441 ) ;
#1396 = ORIENTED_EDGE ( 'NONE', *, *, #410, .F. ) ;
#1397 =( NAMED_UNIT ( * ) PLANE_ANGLE_UNIT ( ) SI_UNIT ( $, .RADIAN. ) );
#1398 = CARTESIAN_POINT ( 'NONE',  ( 9.300000000000000711, 36.83090389098877182, -0.1892162787652553468 ) ) ;
#1399 = ADVANCED_FACE ( 'NONE', ( #1524 ), #618, .T. ) ;
#1400 = ORIENTED_EDGE ( 'NONE', *, *, #1818, .F. ) ;
#1401 = CARTESIAN_POINT ( 'NONE',  ( 9.300000000000000711, 37.53090389098877466, 1.458754669616037491E-13 ) ) ;
#1402 = CARTESIAN_POINT ( 'NONE',  ( 0.5828427124746186072, 14.47685622260279281, 30.61038067127414308 ) ) ;
#1403 = MECHANICAL_DESIGN_GEOMETRIC_PRESENTATION_REPRESENTATION (  '', ( #125 ), #1060 ) ;
#1404 = CARTESIAN_POINT ( 'NONE',  ( 9.453364260570659320E-08, 15.07220562121820429, 30.46449106638576154 ) ) ;
#1405 = VERTEX_POINT ( 'NONE', #1343 ) ;
#1406 = CARTESIAN_POINT ( 'NONE',  ( 0.6999999999999999556, 29.18419249014363359, 14.16082468013852846 ) ) ;
#1407 = EDGE_CURVE ( 'NONE', #41, #1221, #1682, .T. ) ;
#1408 = AXIS2_PLACEMENT_3D ( 'NONE', #33, #1679, #913 ) ;
#1409 = ORIENTED_EDGE ( 'NONE', *, *, #758, .F. ) ;
#1410 = CARTESIAN_POINT ( 'NONE',  ( 9.954811898196338049, 14.93544627692680038, 30.52682327151354613 ) ) ;
#1411 = CARTESIAN_POINT ( 'NONE',  ( 5.000000000000000888, 3.742363808760353017, 13.36920022553970355 ) ) ;
#1412 = DIRECTION ( 'NONE',  ( 0.000000000000000000, -1.000000000000000000, 0.000000000000000000 ) ) ;
#1413 = DIRECTION ( 'NONE',  ( 0.000000000000000000, 0.3583679495453009900, 0.9335804264972016320 ) ) ;
#1414 = EDGE_CURVE ( 'NONE', #834, #1666, #1954, .T. ) ;
#1415 = EDGE_CURVE ( 'NONE', #1680, #1328, #1043, .T. ) ;
#1416 = VECTOR ( 'NONE', #206, 1000.000000000000000 ) ;
#1417 = DIRECTION ( 'NONE',  ( 0.000000000000000000, 1.000000000000000000, -0.000000000000000000 ) ) ;
#1418 = ORIENTED_EDGE ( 'NONE', *, *, #1149, .F. ) ;
#1419 = CIRCLE ( 'NONE', #1644, 0.6999999999999999556 ) ;
#1420 = CARTESIAN_POINT ( 'NONE',  ( 0.5000000000000000000, 15.92268025649271834, 16.91082468013853202 ) ) ;
#1421 = EDGE_CURVE ( 'NONE', #1813, #523, #304, .T. ) ;
#1422 = VERTEX_POINT ( 'NONE', #1673 ) ;
#1423 = FILL_AREA_STYLE ('',( #235 ) ) ;
#1424 = AXIS2_PLACEMENT_3D ( 'NONE', #1018, #596, #444 ) ;
#1425 = FACE_OUTER_BOUND ( 'NONE', #1503, .T. ) ;
#1426 = DIRECTION ( 'NONE',  ( -0.000000000000000000, -0.000000000000000000, 1.000000000000000000 ) ) ;
#1427 = CARTESIAN_POINT ( 'NONE',  ( 9.300000000000000711, 36.86234177535965983, 4.973607824906608244 ) ) ;
#1428 = EDGE_LOOP ( 'NONE', ( #399, #810, #1466 ) ) ;
#1429 = DIRECTION ( 'NONE',  ( -0.000000000000000000, -3.886809318137117464E-15, 1.000000000000000000 ) ) ;
#1430 = ORIENTED_EDGE ( 'NONE', *, *, #73, .F. ) ;
#1431 = DIRECTION ( 'NONE',  ( 1.000000000000000000, -0.000000000000000000, -0.000000000000000000 ) ) ;
#1432 = AXIS2_PLACEMENT_3D ( 'NONE', #1342, #263, #1323 ) ;
#1433 = CARTESIAN_POINT ( 'NONE',  ( 9.500000000000000000, 0.000000000000000000, 11.66082468013852491 ) ) ;
#1434 = CARTESIAN_POINT ( 'NONE',  ( 10.00000000000000000, 36.83090389098877182, 1.431547004389077814E-13 ) ) ;
#1435 = CARTESIAN_POINT ( 'NONE',  ( 10.00000000000000000, 15.92268025649271834, 16.91082468013853202 ) ) ;
#1436 = SPHERICAL_SURFACE ( 'NONE', #910, 0.6999999999999999556 ) ;
#1437 = ORIENTED_EDGE ( 'NONE', *, *, #11, .F. ) ;
#1438 = SURFACE_SIDE_STYLE ('',( #1879 ) ) ;
#1439 = ADVANCED_FACE ( 'NONE', ( #189 ), #1238, .T. ) ;
#1440 = FACE_OUTER_BOUND ( 'NONE', #194, .T. ) ;
#1441 = ORIENTED_EDGE ( 'NONE', *, *, #1107, .F. ) ;
#1442 = CARTESIAN_POINT ( 'NONE',  ( 0.07544157408764635975, 29.26400512935103393, 13.82507328702559057 ) ) ;
#1443 = AXIS2_PLACEMENT_3D ( 'NONE', #1617, #1925, #580 ) ;
#1444 = AXIS2_PLACEMENT_3D ( 'NONE', #330, #488, #625 ) ;
#1445 = DIRECTION ( 'NONE',  ( 0.000000000000000000, 0.000000000000000000, -1.000000000000000000 ) ) ;
#1446 =( BOUNDED_CURVE ( )  B_SPLINE_CURVE ( 3, ( #502, #1492, #1805, #898 ),
 .UNSPECIFIED., .F., .T. ) 
 B_SPLINE_CURVE_WITH_KNOTS ( ( 4, 4 ),
 ( 1.570796326794902109, 3.141592653589793116 ),
 .UNSPECIFIED. ) 
 CURVE ( )  GEOMETRIC_REPRESENTATION_ITEM ( )  RATIONAL_B_SPLINE_CURVE ( ( 1.000000000000000000, 0.8047378541243662697, 0.8047378541243662697, 1.000000000000000000 ) ) 
 REPRESENTATION_ITEM ( '' )  );
#1447 = CARTESIAN_POINT ( 'NONE',  ( 0.5806889352163073781, 14.28597662069084606, 30.39102092846551173 ) ) ;
#1448 = CARTESIAN_POINT ( 'NONE',  ( 0.000000000000000000, 26.82268025649272403, 12.66082468013852491 ) ) ;
#1449 = CIRCLE ( 'NONE', #1103, 0.5000000000000004441 ) ;
#1450 = EDGE_LOOP ( 'NONE', ( #958, #493, #969, #1690 ) ) ;
#1451 = DIRECTION ( 'NONE',  ( 0.000000000000000000, 1.510138740247668750E-15, 1.000000000000000000 ) ) ;
#1452 = AXIS2_PLACEMENT_3D ( 'NONE', #1835, #1392, #637 ) ;
#1453 = DIRECTION ( 'NONE',  ( 0.000000000000000000, -0.6691306063588533526, -0.7431448254773985740 ) ) ;
#1454 = EDGE_LOOP ( 'NONE', ( #496, #1211, #1905, #436 ) ) ;
#1455 = DIRECTION ( 'NONE',  ( -0.000000000000000000, -0.6293203910498421649, 0.7771459614569670160 ) ) ;
#1456 = DIRECTION ( 'NONE',  ( 0.000000000000000000, -0.3583679495453047092, -0.9335804264972000777 ) ) ;
#1457 = DIRECTION ( 'NONE',  ( 0.000000000000000000, -1.000000000000000000, 0.000000000000000000 ) ) ;
#1458 = ORIENTED_EDGE ( 'NONE', *, *, #1648, .T. ) ;
#1459 = LINE ( 'NONE', #118, #1315 ) ;
#1460 = FACE_OUTER_BOUND ( 'NONE', #701, .T. ) ;
#1461 = EDGE_CURVE ( 'NONE', #1201, #211, #1008, .T. ) ;
#1462 = EDGE_LOOP ( 'NONE', ( #1787, #427, #591, #1489 ) ) ;
#1463 = CARTESIAN_POINT ( 'NONE',  ( 0.000000000000000000, 26.32268025649272758, 13.66082468013852846 ) ) ;
#1464 = EDGE_CURVE ( 'NONE', #1480, #34, #1710, .T. ) ;
#1465 = DIRECTION ( 'NONE',  ( 1.000000000000000000, -0.000000000000000000, 0.000000000000000000 ) ) ;
#1466 = ORIENTED_EDGE ( 'NONE', *, *, #1252, .F. ) ;
#1467 = DIRECTION ( 'NONE',  ( 1.000000000000000000, 0.000000000000000000, 0.000000000000000000 ) ) ;
#1468 = CARTESIAN_POINT ( 'NONE',  ( 9.500000000000000000, 26.32268025649272403, 12.66082468013852491 ) ) ;
#1469 = AXIS2_PLACEMENT_3D ( 'NONE', #1337, #297, #1467 ) ;
#1470 = EDGE_LOOP ( 'NONE', ( #966, #650, #1015 ) ) ;
#1471 = AXIS2_PLACEMENT_3D ( 'NONE', #1320, #1329, #430 ) ;
#1472 = CARTESIAN_POINT ( 'NONE',  ( 9.300000000000000711, 14.20247887865853897, 30.30565375930405025 ) ) ;
#1473 = DIRECTION ( 'NONE',  ( 0.000000000000000000, 1.000000000000000000, 0.000000000000000000 ) ) ;
#1474 = VERTEX_POINT ( 'NONE', #1824 ) ;
#1475 = DIRECTION ( 'NONE',  ( 0.000000000000000000, -1.000000000000000000, -3.886809318137124564E-15 ) ) ;
#1476 = CARTESIAN_POINT ( 'NONE',  ( 9.500000000000001776, 29.07759383740237880, 14.16082468013852846 ) ) ;
#1477 = ORIENTED_EDGE ( 'NONE', *, *, #1801, .F. ) ;
#1478 = VECTOR ( 'NONE', #1314, 1000.000000000000000 ) ;
#1479 = EDGE_CURVE ( 'NONE', #793, #34, #1223, .T. ) ;
#1480 = VERTEX_POINT ( 'NONE', #483 ) ;
#1481 = DIRECTION ( 'NONE',  ( 0.000000000000000000, 0.000000000000000000, -1.000000000000000000 ) ) ;
#1482 = PLANE ( 'NONE',  #1706 ) ;
#1483 = VERTEX_POINT ( 'NONE', #1077 ) ;
#1484 = LINE ( 'NONE', #1039, #74 ) ;
#1485 = AXIS2_PLACEMENT_3D ( 'NONE', #585, #1453, #1157 ) ;
#1486 = DIRECTION ( 'NONE',  ( 0.000000000000000000, 0.000000000000000000, -1.000000000000000000 ) ) ;
#1487 = CIRCLE ( 'NONE', #1326, 3.000000000000001332 ) ;
#1488 = ORIENTED_EDGE ( 'NONE', *, *, #823, .F. ) ;
#1489 = ORIENTED_EDGE ( 'NONE', *, *, #584, .F. ) ;
#1490 = CYLINDRICAL_SURFACE ( 'NONE', #314, 0.5000000000000004441 ) ;
#1491 = EDGE_CURVE ( 'NONE', #232, #577, #1449, .T. ) ;
#1492 = CARTESIAN_POINT ( 'NONE',  ( 2.251129214979043615E-15, 29.30521461954138474, 13.84514835513805586 ) ) ;
#1493 = ORIENTED_EDGE ( 'NONE', *, *, #663, .F. ) ;
#1494 = DIRECTION ( 'NONE',  ( -5.551115123125782702E-17, 0.3583679495453009345, 0.9335804264972016320 ) ) ;
#1495 = CARTESIAN_POINT ( 'NONE',  ( 10.00000000000000000, 16.92268025649271834, 11.66082468013852491 ) ) ;
#1496 = ORIENTED_EDGE ( 'NONE', *, *, #43, .F. ) ;
#1497 = AXIS2_PLACEMENT_3D ( 'NONE', #383, #1594, #1583 ) ;
#1498 = SHAPE_DEFINITION_REPRESENTATION ( #1380, #158 ) ;
#1499 = APPLICATION_CONTEXT ( 'automotive_design' ) ;
#1500 = VERTEX_POINT ( 'NONE', #1495 ) ;
#1501 = CARTESIAN_POINT ( 'NONE',  ( 9.500000000000000000, 26.82268025649272758, 14.16082468013852846 ) ) ;
#1502 = AXIS2_PLACEMENT_3D ( 'NONE', #1585, #238, #82 ) ;
#1503 = EDGE_LOOP ( 'NONE', ( #1217, #120, #984, #429 ) ) ;
#1504 = EDGE_CURVE ( 'NONE', #170, #1319, #578, .T. ) ;
#1505 = DIRECTION ( 'NONE',  ( 1.000000000000000000, -0.000000000000000000, 0.000000000000000000 ) ) ;
#1506 = DIRECTION ( 'NONE',  ( -1.000000000000000000, 0.000000000000000000, -0.000000000000000000 ) ) ;
#1507 = EDGE_CURVE ( 'NONE', #128, #1500, #1663, .T. ) ;
#1508 = VECTOR ( 'NONE', #1075, 1000.000000000000000 ) ;
#1509 = ORIENTED_EDGE ( 'NONE', *, *, #1107, .T. ) ;
#1510 = DIRECTION ( 'NONE',  ( 0.000000000000000000, 0.3583679495453009900, 0.9335804264972016320 ) ) ;
#1511 = ORIENTED_EDGE ( 'NONE', *, *, #164, .F. ) ;
#1512 = FACE_OUTER_BOUND ( 'NONE', #1028, .T. ) ;
#1513 = AXIS2_PLACEMENT_3D ( 'NONE', #1205, #1506, #644 ) ;
#1514 = CARTESIAN_POINT ( 'NONE',  ( 0.5000000000000004441, 0.000000000000000000, 16.91082468013853202 ) ) ;
#1515 = AXIS2_PLACEMENT_3D ( 'NONE', #1708, #604, #150 ) ;
#1516 = CARTESIAN_POINT ( 'NONE',  ( 9.500000000000000000, 28.92684057696499877, 13.66082468013852669 ) ) ;
#1517 = EDGE_CURVE ( 'NONE', #523, #380, #1165, .T. ) ;
#1518 = CIRCLE ( 'NONE', #1707, 0.5000000000000000000 ) ;
#1519 = ADVANCED_FACE ( 'NONE', ( #1425 ), #1570, .F. ) ;
#1520 = ORIENTED_EDGE ( 'NONE', *, *, #620, .F. ) ;
#1521 = EDGE_LOOP ( 'NONE', ( #1266, #146, #612, #300 ) ) ;
#1522 = FACE_OUTER_BOUND ( 'NONE', #884, .T. ) ;
#1523 = EDGE_CURVE ( 'NONE', #143, #1322, #1255, .T. ) ;
#1524 = FACE_OUTER_BOUND ( 'NONE', #1937, .T. ) ;
#1525 = LINE ( 'NONE', #10, #1137 ) ;
#1526 = DIRECTION ( 'NONE',  ( -0.000000000000000000, -1.734723475976805319E-15, -1.000000000000000000 ) ) ;
#1527 = ORIENTED_EDGE ( 'NONE', *, *, #1831, .F. ) ;
#1528 = FACE_OUTER_BOUND ( 'NONE', #1521, .T. ) ;
#1529 = ORIENTED_EDGE ( 'NONE', *, *, #541, .T. ) ;
#1530 = CYLINDRICAL_SURFACE ( 'NONE', #1282, 0.5000000000000004441 ) ;
#1531 = CARTESIAN_POINT ( 'NONE',  ( 0.5000000000000000000, 28.92684057696499522, 13.66082468013852669 ) ) ;
#1532 = CARTESIAN_POINT ( 'NONE',  ( 9.500000000000000000, 16.92268025649271834, 12.66082468013852669 ) ) ;
#1533 = EDGE_CURVE ( 'NONE', #1680, #956, #46, .T. ) ;
#1534 = DIRECTION ( 'NONE',  ( 1.000000000000000000, -0.000000000000000000, -0.000000000000000000 ) ) ;
#1535 = ORIENTED_EDGE ( 'NONE', *, *, #1461, .T. ) ;
#1536 = CARTESIAN_POINT ( 'NONE',  ( 0.000000000000000000, 36.83090389098875050, 3.085646651757090630 ) ) ;
#1537 = CIRCLE ( 'NONE', #603, 0.5000000000000004441 ) ;
#1538 = TOROIDAL_SURFACE ( 'NONE', #193, 1.000000000000000000, 0.5000000000000000000 ) ;
#1539 = ORIENTED_EDGE ( 'NONE', *, *, #743, .F. ) ;
#1540 = CARTESIAN_POINT ( 'NONE',  ( 0.000000000000000000, 15.92268025649271834, 12.16082468013852669 ) ) ;
#1541 = FACE_OUTER_BOUND ( 'NONE', #317, .T. ) ;
#1542 = CARTESIAN_POINT ( 'NONE',  ( 0.000000000000000000, 26.82268025649272758, 13.66082468013852669 ) ) ;
#1543 = AXIS2_PLACEMENT_3D ( 'NONE', #1729, #1586, #375 ) ;
#1544 = DIRECTION ( 'NONE',  ( 0.000000000000000000, 1.000000000000000000, -0.000000000000000000 ) ) ;
#1545 = ORIENTED_EDGE ( 'NONE', *, *, #917, .T. ) ;
#1546 = FACE_OUTER_BOUND ( 'NONE', #922, .T. ) ;
#1547 = ORIENTED_EDGE ( 'NONE', *, *, #1523, .T. ) ;
#1548 = LINE ( 'NONE', #225, #1416 ) ;
#1549 = CARTESIAN_POINT ( 'NONE',  ( 0.5672778941691961618, 29.42268025596508707, 14.16082468013853024 ) ) ;
#1550 = DIRECTION ( 'NONE',  ( 0.000000000000000000, 0.6293203910498412768, -0.7771459614569679042 ) ) ;
#1551 = FACE_OUTER_BOUND ( 'NONE', #1, .T. ) ;
#1552 = ORIENTED_EDGE ( 'NONE', *, *, #994, .F. ) ;
#1553 = DIRECTION ( 'NONE',  ( 0.000000000000000000, 0.000000000000000000, -1.000000000000000000 ) ) ;
#1554 = ORIENTED_EDGE ( 'NONE', *, *, #1794, .F. ) ;
#1555 = CARTESIAN_POINT ( 'NONE',  ( 10.00000000000000178, 14.78840007061708128, 30.04721449324489413 ) ) ;
#1556 = EDGE_CURVE ( 'NONE', #128, #1876, #855, .T. ) ;
#1557 = DIRECTION ( 'NONE',  ( 0.000000000000000000, 0.000000000000000000, -1.000000000000000000 ) ) ;
#1558 = EDGE_CURVE ( 'NONE', #1052, #259, #1771, .T. ) ;
#1559 = CARTESIAN_POINT ( 'NONE',  ( 10.00000000000000000, 36.83090389098875761, 3.085646651757090630 ) ) ;
#1560 = PRODUCT_DEFINITION_FORMATION_WITH_SPECIFIED_SOURCE ( 'ANY', '', #1021, .NOT_KNOWN. ) ;
#1561 = DIRECTION ( 'NONE',  ( 1.000000000000000000, 0.000000000000000000, -0.000000000000000000 ) ) ;
#1562 = AXIS2_PLACEMENT_3D ( 'NONE', #1106, #1717, #394 ) ;
#1563 = VECTOR ( 'NONE', #243, 1000.000000000000000 ) ;
#1564 = CARTESIAN_POINT ( 'NONE',  ( 0.5252426859172991680, 14.86997133402674542, 30.52769791843949321 ) ) ;
#1565 = ORIENTED_EDGE ( 'NONE', *, *, #1149, .T. ) ;
#1566 = DIRECTION ( 'NONE',  ( 0.000000000000000000, 0.000000000000000000, -1.000000000000000000 ) ) ;
#1567 = ORIENTED_EDGE ( 'NONE', *, *, #772, .F. ) ;
#1568 = CARTESIAN_POINT ( 'NONE',  ( 9.981780746226332823, 14.71686137893868640, 30.10462352903227412 ) ) ;
#1569 = AXIS2_PLACEMENT_3D ( 'NONE', #286, #890, #1486 ) ;
#1570 = CYLINDRICAL_SURFACE ( 'NONE', #1351, 3.000000000000001776 ) ;
#1571 = CARTESIAN_POINT ( 'NONE',  ( 0.07596302338220167760, 29.08277356443190698, 14.16082468013853024 ) ) ;
#1572 =( BOUNDED_CURVE ( )  B_SPLINE_CURVE ( 3, ( #1339, #1652, #318, #309 ),
 .UNSPECIFIED., .F., .F. ) 
 B_SPLINE_CURVE_WITH_KNOTS ( ( 4, 4 ),
 ( 0.000000000000000000, 1.570796326794902109 ),
 .UNSPECIFIED. ) 
 CURVE ( )  GEOMETRIC_REPRESENTATION_ITEM ( )  RATIONAL_B_SPLINE_CURVE ( ( 1.000000000000000000, 0.8047378541243637162, 0.8047378541243637162, 1.000000000000000000 ) ) 
 REPRESENTATION_ITEM ( '' )  );
#1573 = CYLINDRICAL_SURFACE ( 'NONE', #285, 0.5000000000000004441 ) ;
#1574 = EDGE_CURVE ( 'NONE', #298, #1480, #527, .T. ) ;
#1575 = CARTESIAN_POINT ( 'NONE',  ( -3.252606517456513302E-16, 14.78840007061704753, 30.04721449324474136 ) ) ;
#1576 = ORIENTED_EDGE ( 'NONE', *, *, #1776, .T. ) ;
#1577 = AXIS2_PLACEMENT_3D ( 'NONE', #998, #1908, #244 ) ;
#1578 = DIRECTION ( 'NONE',  ( 1.000000000000000000, 0.000000000000000000, 0.000000000000000000 ) ) ;
#1579 = TOROIDAL_SURFACE ( 'NONE', #897, 1.000000000000000000, 0.5000000000000000000 ) ;
#1580 = ORIENTED_EDGE ( 'NONE', *, *, #73, .T. ) ;
#1581 = CARTESIAN_POINT ( 'NONE',  ( 9.500000000000000000, 28.52194856036749115, 14.16082468013852846 ) ) ;
#1582 = DIRECTION ( 'NONE',  ( 0.000000000000000000, 2.434699615406045218E-16, -1.000000000000000000 ) ) ;
#1583 = DIRECTION ( 'NONE',  ( -1.858632295689436004E-15, -1.000000000000000000, 0.000000000000000000 ) ) ;
#1584 = EDGE_CURVE ( 'NONE', #432, #873, #80, .T. ) ;
#1585 = CARTESIAN_POINT ( 'NONE',  ( 10.00000000000000000, 29.18419249014363359, 13.66082468013852669 ) ) ;
#1586 = DIRECTION ( 'NONE',  ( 0.000000000000000000, -1.000000000000000000, 1.734723475976805319E-15 ) ) ;
#1587 = ADVANCED_FACE ( 'NONE', ( #361 ), #652, .T. ) ;
#1588 = ORIENTED_EDGE ( 'NONE', *, *, #964, .T. ) ;
#1589 = CARTESIAN_POINT ( 'NONE',  ( 0.5000000000000000000, 29.07759383740237169, 14.16082468013852846 ) ) ;
#1590 = ORIENTED_EDGE ( 'NONE', *, *, #960, .F. ) ;
#1591 = CARTESIAN_POINT ( 'NONE',  ( 9.300000000000000711, -7.226297023320729096, 6.506587065095342126 ) ) ;
#1592 = AXIS2_PLACEMENT_3D ( 'NONE', #152, #732, #425 ) ;
#1593 = DIRECTION ( 'NONE',  ( -0.000000000000000000, 1.000000000000000000, 3.886809318137117464E-15 ) ) ;
#1594 = DIRECTION ( 'NONE',  ( 0.000000000000000000, 0.000000000000000000, 1.000000000000000000 ) ) ;
#1595 = CARTESIAN_POINT ( 'NONE',  ( 5.000000000000000888, 0.9416225292687464554, 14.44430407417560680 ) ) ;
#1596 = AXIS2_PLACEMENT_3D ( 'NONE', #269, #417, #1023 ) ;
#1597 = DIRECTION ( 'NONE',  ( -5.551115123125782702E-17, 0.3583679495453009345, 0.9335804264972016320 ) ) ;
#1598 = VERTEX_POINT ( 'NONE', #1094 ) ;
#1599 = DIRECTION ( 'NONE',  ( 1.000000000000000000, 0.000000000000000000, 0.000000000000000000 ) ) ;
#1600 = LINE ( 'NONE', #253, #71 ) ;
#1601 = ORIENTED_EDGE ( 'NONE', *, *, #1064, .T. ) ;
#1602 = CYLINDRICAL_SURFACE ( 'NONE', #1013, 0.6999999999999992895 ) ;
#1603 = CARTESIAN_POINT ( 'NONE',  ( 0.000000000000000000, 14.92268025649272012, 16.91082468013853202 ) ) ;
#1604 = DIRECTION ( 'NONE',  ( 0.000000000000000000, 0.000000000000000000, 1.000000000000000000 ) ) ;
#1605 = CARTESIAN_POINT ( 'NONE',  ( 0.5000000000000004441, 0.000000000000000000, 17.41082468013853557 ) ) ;
#1606 = AXIS2_PLACEMENT_3D ( 'NONE', #89, #659, #1857 ) ;
#1607 = ADVANCED_FACE ( 'NONE', ( #1734, #1541 ), #1701, .T. ) ;
#1608 = ORIENTED_EDGE ( 'NONE', *, *, #312, .F. ) ;
#1609 = CARTESIAN_POINT ( 'NONE',  ( 9.358897754724750939, 14.24188916773712776, 30.34942332213543992 ) ) ;
#1610 = ADVANCED_FACE ( 'NONE', ( #1272 ), #981, .F. ) ;
#1611 = CYLINDRICAL_SURFACE ( 'NONE', #446, 0.6999999999999992895 ) ;
#1612 = AXIS2_PLACEMENT_3D ( 'NONE', #198, #1378, #481 ) ;
#1613 = ORIENTED_EDGE ( 'NONE', *, *, #628, .T. ) ;
#1614 = FACE_OUTER_BOUND ( 'NONE', #533, .T. ) ;
#1615 = AXIS2_PLACEMENT_3D ( 'NONE', #370, #971, #1582 ) ;
#1616 = DIRECTION ( 'NONE',  ( 0.000000000000000000, 0.3583679495453017672, 0.9335804264972011879 ) ) ;
#1617 = CARTESIAN_POINT ( 'NONE',  ( 0.5000000000000004441, 15.92268025649271834, 16.91082468013853202 ) ) ;
#1618 = VERTEX_POINT ( 'NONE', #350 ) ;
#1619 = CARTESIAN_POINT ( 'NONE',  ( 9.300000000000000711, 4.415941357019351976, 11.50392053950018934 ) ) ;
#1620 = DIRECTION ( 'NONE',  ( -1.000000000000000000, 0.000000000000000000, 0.000000000000000000 ) ) ;
#1621 = ORIENTED_EDGE ( 'NONE', *, *, #1507, .T. ) ;
#1622 = CARTESIAN_POINT ( 'NONE',  ( 9.500000000000000000, 14.92268025649272367, 3.633224388131021570E-15 ) ) ;
#1623 = EDGE_CURVE ( 'NONE', #903, #1500, #103, .T. ) ;
#1624 = ADVANCED_FACE ( 'NONE', ( #952 ), #319, .T. ) ;
#1625 = CARTESIAN_POINT ( 'NONE',  ( 9.500000000000000000, 0.000000000000000000, 13.66082468013852669 ) ) ;
#1626 = VERTEX_POINT ( 'NONE', #689 ) ;
#1627 = PRODUCT_CONTEXT ( 'NONE', #863, 'mechanical' ) ;
#1628 = CARTESIAN_POINT ( 'NONE',  ( 5.000000000000000888, 31.05272172480490056, 1.279018547169858744 ) ) ;
#1629 = ORIENTED_EDGE ( 'NONE', *, *, #1870, .T. ) ;
#1630 = CARTESIAN_POINT ( 'NONE',  ( 0.6999999999999999556, -0.2105453228695880474, 14.29836870455067199 ) ) ;
#1631 = CYLINDRICAL_SURFACE ( 'NONE', #980, 3.000000000000000000 ) ;
#1632 = ORIENTED_EDGE ( 'NONE', *, *, #422, .T. ) ;
#1633 = DIRECTION ( 'NONE',  ( 0.000000000000000000, 0.000000000000000000, 1.000000000000000000 ) ) ;
#1634 = CARTESIAN_POINT ( 'NONE',  ( 4.157463318486087282E-16, 15.21557347530617399, 17.20371789895198589 ) ) ;
#1635 = ORIENTED_EDGE ( 'NONE', *, *, #621, .F. ) ;
#1636 = AXIS2_PLACEMENT_3D ( 'NONE', #1823, #757, #907 ) ;
#1637 = AXIS2_PLACEMENT_3D ( 'NONE', #1625, #101, #145 ) ;
#1638 =( BOUNDED_CURVE ( )  B_SPLINE_CURVE ( 3, ( #691, #954, #840, #1116 ),
 .UNSPECIFIED., .F., .T. ) 
 B_SPLINE_CURVE_WITH_KNOTS ( ( 4, 4 ),
 ( 9.293161478447181990E-16, 1.570796326794891007 ),
 .UNSPECIFIED. ) 
 CURVE ( )  GEOMETRIC_REPRESENTATION_ITEM ( )  RATIONAL_B_SPLINE_CURVE ( ( 1.000000000000000000, 0.8047378541243663808, 0.8047378541243663808, 1.000000000000000000 ) ) 
 REPRESENTATION_ITEM ( '' )  );
#1639 = ORIENTED_EDGE ( 'NONE', *, *, #1760, .T. ) ;
#1640 = DIRECTION ( 'NONE',  ( -3.614964023565038288E-15, 0.9335804264972015210, -0.3583679495453014341 ) ) ;
#1641 = LINE ( 'NONE', #1097, #1324 ) ;
#1642 = ORIENTED_EDGE ( 'NONE', *, *, #1768, .T. ) ;
#1643 = CARTESIAN_POINT ( 'NONE',  ( 0.000000000000000000, 16.92268025649271834, 12.66082468013852669 ) ) ;
#1644 = AXIS2_PLACEMENT_3D ( 'NONE', #119, #1897, #401 ) ;
#1645 = DIRECTION ( 'NONE',  ( 0.000000000000000000, -1.000000000000000000, 0.000000000000000000 ) ) ;
#1646 = AXIS2_PLACEMENT_3D ( 'NONE', #333, #28, #919 ) ;
#1647 = ORIENTED_EDGE ( 'NONE', *, *, #598, .F. ) ;
#1648 = EDGE_CURVE ( 'NONE', #1201, #276, #1548, .T. ) ;
#1649 = TOROIDAL_SURFACE ( 'NONE', #1046, 0.1999999999999999833, 0.5000000000000000000 ) ;
#1650 = EDGE_CURVE ( 'NONE', #12, #577, #805, .T. ) ;
#1651 = ORIENTED_EDGE ( 'NONE', *, *, #712, .F. ) ;
#1652 = CARTESIAN_POINT ( 'NONE',  ( 9.710050506338836485, 29.57276547087211682, 13.97548487566344555 ) ) ;
#1653 = ORIENTED_EDGE ( 'NONE', *, *, #1007, .F. ) ;
#1654 = FACE_OUTER_BOUND ( 'NONE', #1864, .T. ) ;
#1655 = DIRECTION ( 'NONE',  ( 0.000000000000000000, 0.000000000000000000, -1.000000000000000000 ) ) ;
#1656 = VERTEX_POINT ( 'NONE', #815 ) ;
#1657 = VERTEX_POINT ( 'NONE', #58 ) ;
#1658 = LINE ( 'NONE', #745, #973 ) ;
#1659 = CIRCLE ( 'NONE', #1307, 0.7000000000000006217 ) ;
#1660 = ADVANCED_FACE ( 'NONE', ( #1250 ), #1611, .T. ) ;
#1661 = EDGE_LOOP ( 'NONE', ( #802, #999, #327 ) ) ;
#1662 = DIRECTION ( 'NONE',  ( -1.000000000000000000, 0.000000000000000000, -0.000000000000000000 ) ) ;
#1663 = LINE ( 'NONE', #236, #169 ) ;
#1664 = DIRECTION ( 'NONE',  ( 1.000000000000000000, -6.938893903907222067E-15, 0.000000000000000000 ) ) ;
#1665 = AXIS2_PLACEMENT_3D ( 'NONE', #466, #1510, #1045 ) ;
#1666 = VERTEX_POINT ( 'NONE', #1290 ) ;
#1667 = LINE ( 'NONE', #159, #219 ) ;
#1668 = ADVANCED_FACE ( 'NONE', ( #539 ), #1144, .T. ) ;
#1669 = ORIENTED_EDGE ( 'NONE', *, *, #1491, .F. ) ;
#1670 = CARTESIAN_POINT ( 'NONE',  ( 9.500000000000000000, 16.42268025649271834, 12.66082468013852669 ) ) ;
#1671 = ADVANCED_FACE ( 'NONE', ( #1440 ), #1631, .T. ) ;
#1672 = AXIS2_PLACEMENT_3D ( 'NONE', #1849, #340, #1123 ) ;
#1673 = CARTESIAN_POINT ( 'NONE',  ( 9.500000000000000000, 15.42268025649271657, 29.83726233485285206 ) ) ;
#1674 = VECTOR ( 'NONE', #1853, 1000.000000000000000 ) ;
#1675 = DIRECTION ( 'NONE',  ( 0.000000000000000000, 0.000000000000000000, 1.000000000000000000 ) ) ;
#1676 = CIRCLE ( 'NONE', #322, 3.000000000000001776 ) ;
#1677 = CARTESIAN_POINT ( 'NONE',  ( 10.00000000000000000, 14.85650637776448413, 29.98589129994833868 ) ) ;
#1678 = ORIENTED_EDGE ( 'NONE', *, *, #1151, .F. ) ;
#1679 = DIRECTION ( 'NONE',  ( 0.000000000000000000, 0.000000000000000000, -1.000000000000000000 ) ) ;
#1680 = VERTEX_POINT ( 'NONE', #1009 ) ;
#1681 = CARTESIAN_POINT ( 'NONE',  ( 9.300000000000000711, 29.18419249014363359, 14.16082468013852846 ) ) ;
#1682 = LINE ( 'NONE', #770, #1196 ) ;
#1683 = DIRECTION ( 'NONE',  ( -1.000000000000000000, -0.000000000000000000, 0.000000000000000000 ) ) ;
#1684 = EDGE_CURVE ( 'NONE', #424, #1322, #1419, .T. ) ;
#1685 = EDGE_CURVE ( 'NONE', #930, #813, #1808, .T. ) ;
#1686 = CIRCLE ( 'NONE', #1592, 0.5000000000000004441 ) ;
#1687 = CARTESIAN_POINT ( 'NONE',  ( 0.5000000000000000000, 26.82268025649270271, -4.652993312955745156E-14 ) ) ;
#1688 = ORIENTED_EDGE ( 'NONE', *, *, #1085, .T. ) ;
#1689 = CARTESIAN_POINT ( 'NONE',  ( 9.300000000000000711, 36.83090389098877182, -0.1892162787652522937 ) ) ;
#1690 = ORIENTED_EDGE ( 'NONE', *, *, #823, .T. ) ;
#1691 = CYLINDRICAL_SURFACE ( 'NONE', #441, 0.6999999999999998446 ) ;
#1692 = DIRECTION ( 'NONE',  ( -0.000000000000000000, -1.000000000000000000, -0.000000000000000000 ) ) ;
#1693 = CARTESIAN_POINT ( 'NONE',  ( 9.300000000000000711, 36.83090389098877182, -0.1892162787652534872 ) ) ;
#1694 = FACE_OUTER_BOUND ( 'NONE', #1939, .T. ) ;
#1695 = ORIENTED_EDGE ( 'NONE', *, *, #1066, .F. ) ;
#1696 = VECTOR ( 'NONE', #1130, 1000.000000000000000 ) ;
#1697 = EDGE_CURVE ( 'NONE', #1044, #1005, #1600, .T. ) ;
#1698 = LINE ( 'NONE', #967, #1696 ) ;
#1699 = AXIS2_PLACEMENT_3D ( 'NONE', #171, #161, #1222 ) ;
#1700 = EDGE_LOOP ( 'NONE', ( #1275, #1909, #1743, #1529 ) ) ;
#1701 = PLANE ( 'NONE',  #1865 ) ;
#1702 = CARTESIAN_POINT ( 'NONE',  ( 0.5000000000000000000, 25.82268025649272403, 12.16082468013852669 ) ) ;
#1703 = VECTOR ( 'NONE', #1334, 1000.000000000000000 ) ;
#1704 = DIRECTION ( 'NONE',  ( 0.000000000000000000, 0.9335804264972014099, -0.3583679495453011565 ) ) ;
#1705 = B_SPLINE_CURVE_WITH_KNOTS ( 'NONE', 3,
 ( #1182, #1792, #439, #558 ),
 .UNSPECIFIED., .F., .F.,
 ( 4, 4 ),
 ( 0.000000000000000000, 0.5000140207336208897 ),
 .UNSPECIFIED. ) ;
#1706 = AXIS2_PLACEMENT_3D ( 'NONE', #142, #738, #1331 ) ;
#1707 = AXIS2_PLACEMENT_3D ( 'NONE', #784, #916, #1387 ) ;
#1708 = CARTESIAN_POINT ( 'NONE',  ( 9.500000000000000000, 26.82268025649272758, 13.66082468013852669 ) ) ;
#1709 = VERTEX_POINT ( 'NONE', #1321 ) ;
#1710 = CIRCLE ( 'NONE', #667, 0.5000000000000000000 ) ;
#1711 = ADVANCED_FACE ( 'NONE', ( #708 ), #717, .T. ) ;
#1712 = ADVANCED_FACE ( 'NONE', ( #1933 ), #560, .F. ) ;
#1713 = EDGE_LOOP ( 'NONE', ( #1090, #1209, #574, #1188, #622, #744, #412, #1393, #487, #1203, #1171, #1332, #1846, #1951 ) ) ;
#1714 = CARTESIAN_POINT ( 'NONE',  ( 10.00000000000000000, 16.42268025649271834, 16.91082468013853202 ) ) ;
#1715 = DIRECTION ( 'NONE',  ( 0.000000000000000000, 0.7431448254774037920, -0.6691306063588475794 ) ) ;
#1716 = CARTESIAN_POINT ( 'NONE',  ( 0.7000000000000002887, 29.57276547087211682, 13.97548487566344555 ) ) ;
#1717 = DIRECTION ( 'NONE',  ( -3.684814944618440119E-29, -3.717264591378876740E-15, 1.000000000000000000 ) ) ;
#1718 = CARTESIAN_POINT ( 'NONE',  ( 0.5992762582968209628, 14.50402599902234968, 30.50851958477693415 ) ) ;
#1719 = ORIENTED_EDGE ( 'NONE', *, *, #1229, .F. ) ;
#1720 = CARTESIAN_POINT ( 'NONE',  ( 0.5000000000000004441, 25.82268025649272403, 12.66082468013852669 ) ) ;
#1721 = VERTEX_POINT ( 'NONE', #423 ) ;
#1722 = CARTESIAN_POINT ( 'NONE',  ( 9.500000000000001776, 15.19107168094391369, 30.35746371268703570 ) ) ;
#1723 = EDGE_CURVE ( 'NONE', #748, #1474, #416, .T. ) ;
#1724 = CARTESIAN_POINT ( 'NONE',  ( 9.300000000000000711, 0.3096560549645944183, 13.82997728009947913 ) ) ;
#1725 = DIRECTION ( 'NONE',  ( 1.000000000000000000, 0.000000000000000000, -3.469446951953611033E-15 ) ) ;
#1726 = AXIS2_PLACEMENT_3D ( 'NONE', #1240, #526, #814 ) ;
#1727 =( BOUNDED_CURVE ( )  B_SPLINE_CURVE ( 3, ( #1202, #1366, #1228, #1063 ),
 .UNSPECIFIED., .F., .F. ) 
 B_SPLINE_CURVE_WITH_KNOTS ( ( 4, 4 ),
 ( 0.000000000000000000, 1.570796326794896558 ),
 .UNSPECIFIED. ) 
 CURVE ( )  GEOMETRIC_REPRESENTATION_ITEM ( )  RATIONAL_B_SPLINE_CURVE ( ( 1.000000000000000000, 0.8047378541243649375, 0.8047378541243649375, 1.000000000000000000 ) ) 
 REPRESENTATION_ITEM ( '' )  );
#1728 = EDGE_CURVE ( 'NONE', #1017, #12, #640, .T. ) ;
#1729 = CARTESIAN_POINT ( 'NONE',  ( 10.00000000000000000, 26.32268025649270271, -4.566257139156904802E-14 ) ) ;
#1730 = ORIENTED_EDGE ( 'NONE', *, *, #267, .F. ) ;
#1731 = EDGE_LOOP ( 'NONE', ( #443, #875 ) ) ;
#1732 = ADVANCED_FACE ( 'NONE', ( #1460 ), #1920, .T. ) ;
#1733 = AXIS2_PLACEMENT_3D ( 'NONE', #246, #1012, #1616 ) ;
#1734 = FACE_BOUND ( 'NONE', #684, .T. ) ;
#1735 = CARTESIAN_POINT ( 'NONE',  ( 0.4300291226118387877, 29.37787370957800803, 14.16082468013852846 ) ) ;
#1736 = CARTESIAN_POINT ( 'NONE',  ( 9.300000000000000711, 36.31833960233978331, 4.533083551171718462 ) ) ;
#1737 = ADVANCED_FACE ( 'NONE', ( #1777 ), #272, .T. ) ;
#1738 = CARTESIAN_POINT ( 'NONE',  ( 0.5167762906499495656, 14.25104712719111433, 30.33236608908422127 ) ) ;
#1739 = EDGE_LOOP ( 'NONE', ( #1076, #1790, #1335, #1477 ) ) ;
#1740 = VECTOR ( 'NONE', #780, 1000.000000000000000 ) ;
#1741 = PLANE ( 'NONE',  #1345 ) ;
#1742 = PRODUCT_DEFINITION ( 'UNKNOWN', '', #1560, #102 ) ;
#1743 = ORIENTED_EDGE ( 'NONE', *, *, #196, .F. ) ;
#1744 = DIRECTION ( 'NONE',  ( -2.124599081480232821E-15, -0.6691306063588529085, -0.7431448254773990181 ) ) ;
#1745 = DIRECTION ( 'NONE',  ( 0.000000000000000000, 1.000000000000000000, 0.000000000000000000 ) ) ;
#1746 = DIRECTION ( 'NONE',  ( 4.956352788505168198E-15, 0.000000000000000000, -1.000000000000000000 ) ) ;
#1747 = CYLINDRICAL_SURFACE ( 'NONE', #753, 0.5000000000000004441 ) ;
#1748 = CARTESIAN_POINT ( 'NONE',  ( 0.2698171160397817014, 14.38893503530096218, 30.30315878702814203 ) ) ;
#1749 = CARTESIAN_POINT ( 'NONE',  ( 0.5000000000000004441, 26.82268025649272758, 14.16082468013852846 ) ) ;
#1750 = ORIENTED_EDGE ( 'NONE', *, *, #676, .T. ) ;
#1751 = CARTESIAN_POINT ( 'NONE',  ( 5.000000000000000888, 0.9416225292687464554, 14.44430407417560680 ) ) ;
#1752 = AXIS2_PLACEMENT_3D ( 'NONE', #1125, #68, #90 ) ;
#1753 = CARTESIAN_POINT ( 'NONE',  ( 10.00000000000000000, 34.53090389098875335, 3.085646651757081305 ) ) ;
#1754 = EDGE_LOOP ( 'NONE', ( #1810, #367, #4 ) ) ;
#1755 = CARTESIAN_POINT ( 'NONE',  ( 0.6474931443784980312, 29.18419248803220967, 14.16082468013852846 ) ) ;
#1756 = LINE ( 'NONE', #713, #535 ) ;
#1757 =( GEOMETRIC_REPRESENTATION_CONTEXT ( 3 ) GLOBAL_UNCERTAINTY_ASSIGNED_CONTEXT ( ( #1295 ) ) GLOBAL_UNIT_ASSIGNED_CONTEXT ( ( #983, #1002, #268 ) ) REPRESENTATION_CONTEXT ( 'NONE', 'WORKASPACE' ) );
#1758 = UNCERTAINTY_MEASURE_WITH_UNIT (LENGTH_MEASURE( 1.000000000000000082E-05 ), #518, 'distance_accuracy_value', 'NONE');
#1759 = DIRECTION ( 'NONE',  ( 0.000000000000000000, 0.9335804264972015210, -0.3583679495453010455 ) ) ;
#1760 = EDGE_CURVE ( 'NONE', #1422, #525, #1071, .T. ) ;
#1761 = LINE ( 'NONE', #1605, #213 ) ;
#1762 = ADVANCED_FACE ( 'NONE', ( #887 ), #1482, .T. ) ;
#1763 = VERTEX_POINT ( 'NONE', #391 ) ;
#1764 = DIRECTION ( 'NONE',  ( 0.000000000000000000, -0.3583679495453009345, -0.9335804264972015210 ) ) ;
#1765 = AXIS2_PLACEMENT_3D ( 'NONE', #613, #764, #299 ) ;
#1766 = CARTESIAN_POINT ( 'NONE',  ( 5.000000000000000888, 34.39101492861446019, 1.604285338279758388 ) ) ;
#1767 = ORIENTED_EDGE ( 'NONE', *, *, #769, .F. ) ;
#1768 = EDGE_CURVE ( 'NONE', #1934, #793, #1224, .T. ) ;
#1769 = CARTESIAN_POINT ( 'NONE',  ( 4.999980097755625685, 36.65626472462227525, -0.8670811386855090674 ) ) ;
#1770 = CARTESIAN_POINT ( 'NONE',  ( 0.5000000000000000000, 28.92684057696499522, 14.16082468013852846 ) ) ;
#1771 = CIRCLE ( 'NONE', #1926, 1.000000000000000888 ) ;
#1772 = AXIS2_PLACEMENT_3D ( 'NONE', #850, #683, #1604 ) ;
#1773 = ADVANCED_FACE ( 'NONE', ( #1694 ), #1340, .T. ) ;
#1774 = EDGE_LOOP ( 'NONE', ( #1316, #548, #1383, #460 ) ) ;
#1775 = DIRECTION ( 'NONE',  ( 0.000000000000000000, -0.3583679495453017116, -0.9335804264972012989 ) ) ;
#1776 = EDGE_CURVE ( 'NONE', #1721, #432, #106, .T. ) ;
#1777 = FACE_OUTER_BOUND ( 'NONE', #1661, .T. ) ;
#1778 = CIRCLE ( 'NONE', #765, 2.299999999999999822 ) ;
#1779 = ORIENTED_EDGE ( 'NONE', *, *, #393, .F. ) ;
#1780 = LINE ( 'NONE', #1944, #6 ) ;
#1781 = LINE ( 'NONE', #1946, #347 ) ;
#1782 = ORIENTED_EDGE ( 'NONE', *, *, #1059, .F. ) ;
#1783 = CARTESIAN_POINT ( 'NONE',  ( 5.000000000000000888, 31.59027364912285307, 2.679389186915661636 ) ) ;
#1784 = ORIENTED_EDGE ( 'NONE', *, *, #47, .F. ) ;
#1785 = LINE ( 'NONE', #886, #369 ) ;
#1786 = CARTESIAN_POINT ( 'NONE',  ( 9.300000000000000711, 36.83090389098877182, 1.431547004389077814E-13 ) ) ;
#1787 = ORIENTED_EDGE ( 'NONE', *, *, #982, .T. ) ;
#1788 = DIRECTION ( 'NONE',  ( 0.000000000000000000, 0.000000000000000000, -1.000000000000000000 ) ) ;
#1789 = CARTESIAN_POINT ( 'NONE',  ( 0.5000000000000000000, 16.92268025649271834, 12.16082468013852669 ) ) ;
#1790 = ORIENTED_EDGE ( 'NONE', *, *, #1584, .F. ) ;
#1791 = ORIENTED_EDGE ( 'NONE', *, *, #1415, .T. ) ;
#1792 = CARTESIAN_POINT ( 'NONE',  ( 5.457180058525525901, 36.63015868897640104, -0.8619589110527058340 ) ) ;
#1793 = CARTESIAN_POINT ( 'NONE',  ( 0.6738153818839213161, 14.26380213154918408, 30.37376013141443920 ) ) ;
#1794 = EDGE_CURVE ( 'NONE', #445, #1221, #703, .T. ) ;
#1795 = EDGE_LOOP ( 'NONE', ( #203, #1121, #844, #151 ) ) ;
#1796 = DIRECTION ( 'NONE',  ( 1.000000000000000000, 0.000000000000000000, 0.000000000000000000 ) ) ;
#1797 = CARTESIAN_POINT ( 'NONE',  ( 0.5000000000000004441, 15.42268025649272012, 17.41082468013853557 ) ) ;
#1798 = CIRCLE ( 'NONE', #1189, 0.5000000000000004441 ) ;
#1799 = ORIENTED_EDGE ( 'NONE', *, *, #164, .T. ) ;
#1800 = VECTOR ( 'NONE', #643, 1000.000000000000000 ) ;
#1801 = EDGE_CURVE ( 'NONE', #503, #1721, #1843, .T. ) ;
#1802 = ORIENTED_EDGE ( 'NONE', *, *, #688, .F. ) ;
#1803 = DIRECTION ( 'NONE',  ( 0.000000000000000000, 0.6293203910498421649, -0.7771459614569670160 ) ) ;
#1804 = CIRCLE ( 'NONE', #766, 0.6999999999999999556 ) ;
#1805 = CARTESIAN_POINT ( 'NONE',  ( 0.2899494936611682339, 29.57276547087211327, 13.97548487566344733 ) ) ;
#1806 = ORIENTED_EDGE ( 'NONE', *, *, #1229, .T. ) ;
#1807 = CYLINDRICAL_SURFACE ( 'NONE', #1444, 0.5000000000000004441 ) ;
#1808 = CIRCLE ( 'NONE', #1577, 0.5000000000000001110 ) ;
#1809 = VERTEX_POINT ( 'NONE', #31 ) ;
#1810 = ORIENTED_EDGE ( 'NONE', *, *, #86, .T. ) ;
#1811 = CARTESIAN_POINT ( 'NONE',  ( 9.500000000000000000, 15.92268025649271834, 17.41082468013853557 ) ) ;
#1812 = EDGE_CURVE ( 'NONE', #577, #503, #1446, .T. ) ;
#1813 = VERTEX_POINT ( 'NONE', #1677 ) ;
#1814 = DIRECTION ( 'NONE',  ( 0.000000000000000000, -0.7431448254773980189, 0.6691306063588537967 ) ) ;
#1815 = CARTESIAN_POINT ( 'NONE',  ( 10.00000000000000000, 34.53090389098875335, 3.085646651757081305 ) ) ;
#1816 = DIRECTION ( 'NONE',  ( 1.000000000000000000, -0.000000000000000000, -0.000000000000000000 ) ) ;
#1817 = ADVANCED_FACE ( 'NONE', ( #492 ), #1950, .T. ) ;
#1818 = EDGE_CURVE ( 'NONE', #930, #1709, #447, .T. ) ;
#1819 = ORIENTED_EDGE ( 'NONE', *, *, #1111, .F. ) ;
#1820 = CARTESIAN_POINT ( 'NONE',  ( 10.00000000000000000, 36.83090389098877182, -0.1892162787652553468 ) ) ;
#1821 = CIRCLE ( 'NONE', #22, 0.5000000000000004441 ) ;
#1822 = ORIENTED_EDGE ( 'NONE', *, *, #894, .T. ) ;
#1823 = CARTESIAN_POINT ( 'NONE',  ( 9.500000000000000000, 15.92268025649271834, 16.91082468013853202 ) ) ;
#1824 = CARTESIAN_POINT ( 'NONE',  ( 10.00000000000000000, 15.92268025649271834, 16.91082468013853202 ) ) ;
#1825 = DIRECTION ( 'NONE',  ( 0.000000000000000000, 0.000000000000000000, -1.000000000000000000 ) ) ;
#1826 = CIRCLE ( 'NONE', #374, 0.7000000000000002887 ) ;
#1827 = CIRCLE ( 'NONE', #1569, 0.5000000000000004441 ) ;
#1828 = VERTEX_POINT ( 'NONE', #1245 ) ;
#1829 = LINE ( 'NONE', #755, #911 ) ;
#1830 = ORIENTED_EDGE ( 'NONE', *, *, #1088, .T. ) ;
#1831 = EDGE_CURVE ( 'NONE', #616, #1005, #611, .T. ) ;
#1832 = DIRECTION ( 'NONE',  ( 0.000000000000000000, 0.7431448254774026818, -0.6691306063588488007 ) ) ;
#1833 = DIRECTION ( 'NONE',  ( 1.000000000000000000, 0.000000000000000000, 0.000000000000000000 ) ) ;
#1834 = FACE_OUTER_BOUND ( 'NONE', #1428, .T. ) ;
#1835 = CARTESIAN_POINT ( 'NONE',  ( 9.300000000000000711, 29.18419249014363004, 13.66082468013852669 ) ) ;
#1836 = VERTEX_POINT ( 'NONE', #1072 ) ;
#1837 = LINE ( 'NONE', #20, #817 ) ;
#1838 = ORIENTED_EDGE ( 'NONE', *, *, #1723, .T. ) ;
#1839 = CARTESIAN_POINT ( 'NONE',  ( 9.500000000000000000, 16.92268025649271834, 11.66082468013852491 ) ) ;
#1840 = CARTESIAN_POINT ( 'NONE',  ( 9.811975757464784564, 29.21342391388518323, 14.16082468013852669 ) ) ;
#1841 = DIRECTION ( 'NONE',  ( -1.000000000000000000, 0.000000000000000000, -0.000000000000000000 ) ) ;
#1842 = CIRCLE ( 'NONE', #153, 0.5000000000000004441 ) ;
#1843 = LINE ( 'NONE', #1225, #351 ) ;
#1844 = ORIENTED_EDGE ( 'NONE', *, *, #1233, .F. ) ;
#1845 = LINE ( 'NONE', #957, #280 ) ;
#1846 = ORIENTED_EDGE ( 'NONE', *, *, #688, .T. ) ;
#1847 = CARTESIAN_POINT ( 'NONE',  ( 9.500000000000000000, 25.82268025649272403, 12.66082468013852669 ) ) ;
#1848 = CIRCLE ( 'NONE', #1562, 0.6999999999999992895 ) ;
#1849 = CARTESIAN_POINT ( 'NONE',  ( 10.00000000000000000, 25.82268025649272403, 12.66082468013852669 ) ) ;
#1850 = FACE_OUTER_BOUND ( 'NONE', #250, .T. ) ;
#1851 = LINE ( 'NONE', #733, #1478 ) ;
#1852 = EDGE_CURVE ( 'NONE', #756, #1598, #1641, .T. ) ;
#1853 = DIRECTION ( 'NONE',  ( -0.000000000000000000, -0.000000000000000000, 1.000000000000000000 ) ) ;
#1854 = ORIENTED_EDGE ( 'NONE', *, *, #331, .F. ) ;
#1855 = CARTESIAN_POINT ( 'NONE',  ( 0.6999999999999999556, 37.53090389098876045, 3.085646651757093295 ) ) ;
#1856 = ORIENTED_EDGE ( 'NONE', *, *, #642, .T. ) ;
#1857 = DIRECTION ( 'NONE',  ( 0.000000000000000000, 0.000000000000000000, -1.000000000000000000 ) ) ;
#1858 = CARTESIAN_POINT ( 'NONE',  ( 0.7000000000000000666, 29.18419249014363004, 14.16082468013852846 ) ) ;
#1859 = VECTOR ( 'NONE', #1068, 1000.000000000000000 ) ;
#1860 = FACE_OUTER_BOUND ( 'NONE', #187, .T. ) ;
#1861 = EDGE_CURVE ( 'NONE', #956, #641, #1382, .T. ) ;
#1862 = AXIS2_PLACEMENT_3D ( 'NONE', #1643, #293, #900 ) ;
#1863 = CARTESIAN_POINT ( 'NONE',  ( 0.3898866509364555255, 14.44693914826265768, 30.50283941626984685 ) ) ;
#1864 = EDGE_LOOP ( 'NONE', ( #1886, #1642, #513, #1554 ) ) ;
#1865 = AXIS2_PLACEMENT_3D ( 'NONE', #519, #382, #67 ) ;
#1866 = FACE_OUTER_BOUND ( 'NONE', #1269, .T. ) ;
#1867 = EDGE_CURVE ( 'NONE', #734, #1836, #200, .T. ) ;
#1868 = ORIENTED_EDGE ( 'NONE', *, *, #1268, .F. ) ;
#1869 = PRESENTATION_STYLE_ASSIGNMENT (( #1122 ) ) ;
#1870 = EDGE_CURVE ( 'NONE', #903, #1474, #594, .T. ) ;
#1871 = CARTESIAN_POINT ( 'NONE',  ( 0.7000000000000027311, 29.18419249014363359, 14.16082468013852846 ) ) ;
#1872 = DIRECTION ( 'NONE',  ( 1.000000000000000000, 0.000000000000000000, -0.000000000000000000 ) ) ;
#1873 = DIRECTION ( 'NONE',  ( 1.000000000000000000, 0.000000000000000000, 0.000000000000000000 ) ) ;
#1874 = EDGE_CURVE ( 'NONE', #1626, #1876, #927, .T. ) ;
#1875 = CARTESIAN_POINT ( 'NONE',  ( 0.000000000000000000, 14.85650637776448590, 29.98589129994833513 ) ) ;
#1876 = VERTEX_POINT ( 'NONE', #1372 ) ;
#1877 = SPHERICAL_SURFACE ( 'NONE', #939, 0.5000000000000000000 ) ;
#1878 = ORIENTED_EDGE ( 'NONE', *, *, #1684, .T. ) ;
#1879 = SURFACE_STYLE_FILL_AREA ( #1423 ) ;
#1880 = DIRECTION ( 'NONE',  ( -1.000000000000000000, 0.000000000000000000, 0.000000000000000000 ) ) ;
#1881 = DIRECTION ( 'NONE',  ( 1.000000000000000000, 0.000000000000000000, 0.000000000000000000 ) ) ;
#1882 = FACE_OUTER_BOUND ( 'NONE', #1700, .T. ) ;
#1883 = CARTESIAN_POINT ( 'NONE',  ( 0.04518810180366052837, 14.93544627692660498, 30.52682327151360298 ) ) ;
#1884 = EDGE_LOOP ( 'NONE', ( #767, #197, #1782 ) ) ;
#1885 = DIRECTION ( 'NONE',  ( 0.000000000000000000, -1.000000000000000000, -2.434699615406050641E-16 ) ) ;
#1886 = ORIENTED_EDGE ( 'NONE', *, *, #371, .T. ) ;
#1887 = DIRECTION ( 'NONE',  ( -5.551115123125782702E-17, 0.3583679495453009345, 0.9335804264972016320 ) ) ;
#1888 = CIRCLE ( 'NONE', #1219, 0.6999999999999992895 ) ;
#1889 = DIRECTION ( 'NONE',  ( 1.000000000000000000, -0.000000000000000000, 0.000000000000000000 ) ) ;
#1890 = EDGE_CURVE ( 'NONE', #1405, #1258, #184, .T. ) ;
#1891 = CARTESIAN_POINT ( 'NONE',  ( 1.084202172485504434E-16, 28.92684057696499877, 13.66082468013852669 ) ) ;
#1892 = FACE_OUTER_BOUND ( 'NONE', #1450, .T. ) ;
#1893 = CARTESIAN_POINT ( 'NONE',  ( -3.252606517456513302E-16, 15.19107168094391369, 30.35746371268703570 ) ) ;
#1894 = LINE ( 'NONE', #93, #563 ) ;
#1895 = EDGE_LOOP ( 'NONE', ( #1365, #167, #1496, #775 ) ) ;
#1896 = CARTESIAN_POINT ( 'NONE',  ( 9.750248365510181259, 14.59890521751150239, 30.55457881761736161 ) ) ;
#1897 = DIRECTION ( 'NONE',  ( 0.000000000000000000, -1.000000000000000000, 0.000000000000000000 ) ) ;
#1898 = ORIENTED_EDGE ( 'NONE', *, *, #892, .F. ) ;
#1899 = CARTESIAN_POINT ( 'NONE',  ( 9.500000000000000000, 15.92268025649271834, 16.91082468013853202 ) ) ;
#1900 = DIRECTION ( 'NONE',  ( -1.000000000000000000, -0.000000000000000000, -0.000000000000000000 ) ) ;
#1901 = ADVANCED_FACE ( 'NONE', ( #1551 ), #1902, .T. ) ;
#1902 =( BOUNDED_SURFACE ( )  B_SPLINE_SURFACE ( 3, 2, ( 
 ( #809, #1941, #1183 ),
 ( #1793, #442, #1037 ),
 ( #291, #1447, #1738 ),
 ( #1718, #1108, #83 ),
 ( #364, #1863, #1748 ),
 ( #512, #1903, #965 ),
 ( #1564, #694, #1296 ),
 ( #92, #1883, #532 ),
 ( #1150, #1404, #1575 ),
 ( #1285, #1893, #220 ) ),
 .UNSPECIFIED., .F., .F., .F. ) 
 B_SPLINE_SURFACE_WITH_KNOTS ( ( 4, 2, 2, 2, 4 ),
 ( 3, 3 ),
 ( 1.570796326794897668, 1.963495408493620697, 2.356194490192343505, 2.748893571891066756, 3.141592653589789563 ),
 ( 0.000000000000000000, 1.000000000000000000 ),
 .UNSPECIFIED. ) 
 GEOMETRIC_REPRESENTATION_ITEM ( )  RATIONAL_B_SPLINE_SURFACE ( (
 ( 1.000000000000000000, 1.000000000000000000, 1.000000000000000000),
 ( 1.000000000000000000, 1.000158692512660652, 1.000000000000000000),
 ( 1.000000000000000000, 0.9867290404729316400, 1.000000000000000000),
 ( 1.000000000000000000, 0.9386557992893855840, 1.000000000000000000),
 ( 1.000000000000000000, 0.9038125056670093249, 1.000000000000000000),
 ( 1.000000000000000000, 0.8282383019018728643, 1.000000000000000000),
 ( 1.000000000000000000, 0.7876779057172379472, 1.000000000000000000),
 ( 1.000000000000000000, 0.7265523339799749847, 1.000000000000000000),
 ( 1.000000000000000000, 0.7066753101504549273, 1.000000000000000000),
 ( 1.000000000000000000, 0.7071067811865475727, 1.000000000000000000) ) ) 
 REPRESENTATION_ITEM ( '' )  SURFACE ( )  );
#1903 = CARTESIAN_POINT ( 'NONE',  ( 0.2497516344897901253, 14.59890521751147574, 30.55457881761730476 ) ) ;
#1904 = CARTESIAN_POINT ( 'NONE',  ( 9.300000000000000711, 36.83090389098877182, -0.1892162787652536815 ) ) ;
#1905 = ORIENTED_EDGE ( 'NONE', *, *, #970, .F. ) ;
#1906 = EDGE_CURVE ( 'NONE', #1480, #1226, #893, .T. ) ;
#1907 = CARTESIAN_POINT ( 'NONE',  ( 9.300000000000000711, 0.3096560549645910876, 13.82997728009947735 ) ) ;
#1908 = DIRECTION ( 'NONE',  ( 0.000000000000000000, 0.7431448254774027928, -0.6691306063588489117 ) ) ;
#1909 = ORIENTED_EDGE ( 'NONE', *, *, #1556, .T. ) ;
#1910 = CARTESIAN_POINT ( 'NONE',  ( 0.000000000000000000, 0.3096560549645932525, 13.82997728009947558 ) ) ;
#1911 = CARTESIAN_POINT ( 'NONE',  ( 10.00000000000000000, 36.83090389098877182, -0.1892162787652522937 ) ) ;
#1912 = ADVANCED_FACE ( 'NONE', ( #992 ), #247, .T. ) ;
#1913 = AXIS2_PLACEMENT_3D ( 'NONE', #546, #248, #851 ) ;
#1914 = COLOUR_RGB ( '',0.7921568627450980005, 0.8196078431372548767, 0.9333333333333333481 ) ;
#1915 = EDGE_CURVE ( 'NONE', #1145, #41, #921, .T. ) ;
#1916 = CARTESIAN_POINT ( 'NONE',  ( 10.00000000000000000, 24.69568807114983144, 19.99817388878178548 ) ) ;
#1917 = ORIENTED_EDGE ( 'NONE', *, *, #86, .F. ) ;
#1918 = CARTESIAN_POINT ( 'NONE',  ( 9.459933317057421576, 14.77754904323741414, 30.54109852831664185 ) ) ;
#1919 = CIRCLE ( 'NONE', #1061, 3.000000000000001332 ) ;
#1920 = CYLINDRICAL_SURFACE ( 'NONE', #1927, 0.5000000000000004441 ) ;
#1921 = EDGE_LOOP ( 'NONE', ( #937, #476, #658, #1488 ) ) ;
#1922 = PLANE ( 'NONE',  #861 ) ;
#1923 = DIRECTION ( 'NONE',  ( 1.000000000000000000, -0.000000000000000000, 0.000000000000000000 ) ) ;
#1924 = ORIENTED_EDGE ( 'NONE', *, *, #241, .F. ) ;
#1925 = DIRECTION ( 'NONE',  ( 1.000000000000000000, 8.673617379884026597E-16, -0.000000000000000000 ) ) ;
#1926 = AXIS2_PLACEMENT_3D ( 'NONE', #508, #1114, #1262 ) ;
#1927 = AXIS2_PLACEMENT_3D ( 'NONE', #573, #1134, #1166 ) ;
#1928 = ORIENTED_EDGE ( 'NONE', *, *, #47, .T. ) ;
#1929 = CARTESIAN_POINT ( 'NONE',  ( 9.730182883960234008, 14.38893503530093199, 30.30315878702808519 ) ) ;
#1930 =( BOUNDED_CURVE ( )  B_SPLINE_CURVE ( 3, ( #373, #60, #1402, #91 ),
 .UNSPECIFIED., .F., .T. ) 
 B_SPLINE_CURVE_WITH_KNOTS ( ( 4, 4 ),
 ( 3.141592653589793116, 4.712388980384683457 ),
 .UNSPECIFIED. ) 
 CURVE ( )  GEOMETRIC_REPRESENTATION_ITEM ( )  RATIONAL_B_SPLINE_CURVE ( ( 1.000000000000000000, 0.8047378541243663808, 0.8047378541243663808, 1.000000000000000000 ) ) 
 REPRESENTATION_ITEM ( '' )  );
#1931 = EDGE_CURVE ( 'NONE', #956, #930, #696, .T. ) ;
#1932 = AXIS2_PLACEMENT_3D ( 'NONE', #1057, #1683, #1675 ) ;
#1933 = FACE_OUTER_BOUND ( 'NONE', #1080, .T. ) ;
#1934 = VERTEX_POINT ( 'NONE', #1139 ) ;
#1935 = CARTESIAN_POINT ( 'NONE',  ( 0.6999999999999992895, 34.53090389098875335, 3.085646651757081305 ) ) ;
#1936 = DIRECTION ( 'NONE',  ( 0.000000000000000000, 0.000000000000000000, -1.000000000000000000 ) ) ;
#1937 = EDGE_LOOP ( 'NONE', ( #551, #1695, #706, #882 ) ) ;
#1938 = EDGE_CURVE ( 'NONE', #63, #825, #1133, .T. ) ;
#1939 = EDGE_LOOP ( 'NONE', ( #1162, #1608, #1779, #1230 ) ) ;
#1940 = DIRECTION ( 'NONE',  ( 1.000000000000000000, -0.000000000000000000, 0.000000000000000000 ) ) ;
#1941 = CARTESIAN_POINT ( 'NONE',  ( 0.6999999999999988454, 14.20247887865853897, 30.30565375930405025 ) ) ;
#1942 = ORIENTED_EDGE ( 'NONE', *, *, #871, .F. ) ;
#1943 = ADVANCED_FACE ( 'NONE', ( #1128 ), #522, .T. ) ;
#1944 = CARTESIAN_POINT ( 'NONE',  ( 0.6999999999999999556, 29.42268025649270768, 14.16082468013853202 ) ) ;
#1945 = VECTOR ( 'NONE', #989, 1000.000000000000000 ) ;
#1946 = CARTESIAN_POINT ( 'NONE',  ( 5.000000000000000888, 37.19175620810606375, 0.5291814896438544746 ) ) ;
#1947 = EDGE_LOOP ( 'NONE', ( #697, #1287, #888, #311 ) ) ;
#1948 = ORIENTED_EDGE ( 'NONE', *, *, #515, .F. ) ;
#1949 = CARTESIAN_POINT ( 'NONE',  ( 9.500000000000000000, 26.32268025649270271, -4.566257139156904802E-14 ) ) ;
#1950 = PLANE ( 'NONE',  #384 ) ;
#1951 = ORIENTED_EDGE ( 'NONE', *, *, #1558, .F. ) ;
#1952 = FACE_OUTER_BOUND ( 'NONE', #632, .T. ) ;
#1953 = ADVANCED_FACE ( 'NONE', ( #975 ), #231, .T. ) ;
#1954 = LINE ( 'NONE', #918, #1859 ) ;
#1955 = VECTOR ( 'NONE', #1099, 1000.000000000000000 ) ;
#1956 = ORIENTED_EDGE ( 'NONE', *, *, #663, .T. ) ;
#1957 = CIRCLE ( 'NONE', #1375, 0.6999999999999992895 ) ;
ENDSEC;
END-ISO-10303-21;
