ISO-10303-21;
HEADER;
FILE_DESCRIPTION (( 'STEP AP214' ),
    '1' );
FILE_NAME ('主板散热风道.STEP',
    '2025-12-20T09:55:07',
    ( '' ),
    ( '' ),
    'SwSTEP 2.0',
    'SolidWorks 2024',
    '' );
FILE_SCHEMA (( 'AUTOMOTIVE_DESIGN' ));
ENDSEC;

DATA;
#1 = ORIENTED_EDGE ( 'NONE', *, *, #4931, .F. ) ;
#2 = CIRCLE ( 'NONE', #4291, 1.199999999999999734 ) ;
#3 = CARTESIAN_POINT ( 'NONE',  ( -3.932834701793906262, 5.673575784305604941, 24.62691462614379390 ) ) ;
#4 = DIRECTION ( 'NONE',  ( 0.000000000000000000, 0.000000000000000000, -1.000000000000000000 ) ) ;
#5 = CARTESIAN_POINT ( 'NONE',  ( 58.66698729810907764, 10.40000000000000036, 30.09999999999940457 ) ) ;
#6 = DIRECTION ( 'NONE',  ( 1.084202172485503448E-16, 0.000000000000000000, 1.000000000000000000 ) ) ;
#7 = EDGE_CURVE ( 'NONE', #1691, #2841, #1480, .T. ) ;
#8 = CARTESIAN_POINT ( 'NONE',  ( 6.006025403737529800, 16.59999999999444853, 30.49397459625970441 ) ) ;
#9 = CARTESIAN_POINT ( 'NONE',  ( -3.874208513166511825, 5.853179606723657891, 5.465533296304906585 ) ) ;
#10 = DIRECTION ( 'NONE',  ( -0.000000000000000000, -6.938893903907221278E-15, -1.000000000000000000 ) ) ;
#11 = DIRECTION ( 'NONE',  ( 0.000000000000000000, 0.000000000000000000, -1.000000000000000000 ) ) ;
#12 = VECTOR ( 'NONE', #2639, 1000.000000000000000 ) ;
#13 = ADVANCED_FACE ( 'NONE', ( #6155 ), #3011, .T. ) ;
#14 = ORIENTED_EDGE ( 'NONE', *, *, #5676, .F. ) ;
#15 = ORIENTED_EDGE ( 'NONE', *, *, #1285, .T. ) ;
#16 = TOROIDAL_SURFACE ( 'NONE', #4834, 1.200000000000000178, 0.5000000000000000000 ) ;
#17 = CARTESIAN_POINT ( 'NONE',  ( 64.85000000000101750, 16.10000000000000142, 26.99999999999791456 ) ) ;
#18 = CARTESIAN_POINT ( 'NONE',  ( 0.1499999999995895450, 16.10000000000000142, 25.09999999999827480 ) ) ;
#19 = ADVANCED_FACE ( 'NONE', ( #3041 ), #6589, .T. ) ;
#20 = CIRCLE ( 'NONE', #5272, 0.5000000000000004441 ) ;
#21 = CARTESIAN_POINT ( 'NONE',  ( 64.85000000000096065, 11.79999999999999716, 23.89999999999835723 ) ) ;
#22 = CARTESIAN_POINT ( 'NONE',  ( 2.175335635996172171E-13, 5.599999999999998757, 31.09999999999874021 ) ) ;
#23 = VERTEX_POINT ( 'NONE', #2070 ) ;
#24 = VECTOR ( 'NONE', #2687, 1000.000000000000000 ) ;
#25 = ORIENTED_EDGE ( 'NONE', *, *, #1176, .T. ) ;
#26 = CARTESIAN_POINT ( 'NONE',  ( 5.899999999999417710, 16.10000000000000142, 29.84999999999830322 ) ) ;
#27 = ORIENTED_EDGE ( 'NONE', *, *, #1739, .F. ) ;
#28 = DIRECTION ( 'NONE',  ( -1.000000000000000000, 0.000000000000000000, 0.000000000000000000 ) ) ;
#29 = CIRCLE ( 'NONE', #2166, 0.5000000000000002220 ) ;
#30 = CARTESIAN_POINT ( 'NONE',  ( 66.60000000000161435, 8.900000000000000355, 4.899999999998364331 ) ) ;
#31 = CARTESIAN_POINT ( 'NONE',  ( 0.1499999999995895450, 8.599999999999999645, 25.09999999999827480 ) ) ;
#32 = ORIENTED_EDGE ( 'NONE', *, *, #3458, .T. ) ;
#33 = DIRECTION ( 'NONE',  ( 0.9510565162951544194, -0.000000000000000000, 0.3090169943749447867 ) ) ;
#34 = AXIS2_PLACEMENT_3D ( 'NONE', #64, #5567, #2578 ) ;
#35 = LINE ( 'NONE', #71, #3885 ) ;
#36 = CARTESIAN_POINT ( 'NONE',  ( -3.980835737645679107, 5.842126091842887448, 5.380278794611009552 ) ) ;
#37 = LINE ( 'NONE', #2115, #2342 ) ;
#38 = CARTESIAN_POINT ( 'NONE',  ( 37.80000000000161720, 10.40000000000000036, 31.09999999999848086 ) ) ;
#39 = DIRECTION ( 'NONE',  ( 0.000000000000000000, 1.000000000000000000, -0.000000000000000000 ) ) ;
#40 = ORIENTED_EDGE ( 'NONE', *, *, #5605, .T. ) ;
#41 = ORIENTED_EDGE ( 'NONE', *, *, #2279, .T. ) ;
#42 = CARTESIAN_POINT ( 'NONE',  ( 66.60000000000161435, 16.10000000000000142, 0.000000000000000000 ) ) ;
#43 = EDGE_CURVE ( 'NONE', #3234, #684, #1656, .T. ) ;
#44 = ADVANCED_FACE ( 'NONE', ( #6059 ), #4078, .T. ) ;
#45 = AXIS2_PLACEMENT_3D ( 'NONE', #854, #2497, #5024 ) ;
#46 = FACE_OUTER_BOUND ( 'NONE', #5402, .T. ) ;
#47 = CARTESIAN_POINT ( 'NONE',  ( -3.910886505159733240, 5.747370282641349526, 24.60547923835736484 ) ) ;
#48 = DIRECTION ( 'NONE',  ( 1.000000000000000000, 0.000000000000000000, 1.040834085586083310E-14 ) ) ;
#49 = CIRCLE ( 'NONE', #3790, 0.5000000000000000000 ) ;
#50 = AXIS2_PLACEMENT_3D ( 'NONE', #1831, #6334, #5380 ) ;
#51 = ORIENTED_EDGE ( 'NONE', *, *, #4613, .F. ) ;
#52 = DIRECTION ( 'NONE',  ( -0.000000000000000000, -1.000000000000000000, -0.000000000000000000 ) ) ;
#53 = EDGE_CURVE ( 'NONE', #410, #2263, #6244, .T. ) ;
#54 = DIRECTION ( 'NONE',  ( 0.000000000000000000, 0.000000000000000000, -1.000000000000000000 ) ) ;
#55 = DIRECTION ( 'NONE',  ( 0.000000000000000000, 0.000000000000000000, 1.000000000000000000 ) ) ;
#56 = DIRECTION ( 'NONE',  ( -1.000000000000000000, 0.000000000000000000, 6.938893903907270187E-15 ) ) ;
#57 = ORIENTED_EDGE ( 'NONE', *, *, #1235, .T. ) ;
#58 = AXIS2_PLACEMENT_3D ( 'NONE', #1984, #6009, #343 ) ;
#59 = DIRECTION ( 'NONE',  ( -1.196361017914920171E-16, 0.000000000000000000, -1.000000000000000000 ) ) ;
#60 = EDGE_CURVE ( 'NONE', #4629, #5691, #4011, .T. ) ;
#61 = VERTEX_POINT ( 'NONE', #963 ) ;
#62 = ORIENTED_EDGE ( 'NONE', *, *, #625, .T. ) ;
#63 = ORIENTED_EDGE ( 'NONE', *, *, #6276, .T. ) ;
#64 = CARTESIAN_POINT ( 'NONE',  ( -0.5999999999984180210, 5.599999999999998757, 24.09999999999827480 ) ) ;
#65 = LINE ( 'NONE', #4631, #3419 ) ;
#66 = CARTESIAN_POINT ( 'NONE',  ( 64.35000000000050591, 9.599999999999999645, -1.227924012470191182E-12 ) ) ;
#67 = EDGE_LOOP ( 'NONE', ( #3716, #4349, #2821, #937 ) ) ;
#68 = TOROIDAL_SURFACE ( 'NONE', #4887, 1.200000000000000178, 0.5000000000000000000 ) ;
#69 = DIRECTION ( 'NONE',  ( 0.000000000000000000, -0.000000000000000000, -1.000000000000000000 ) ) ;
#70 = AXIS2_PLACEMENT_3D ( 'NONE', #176, #2216, #6298 ) ;
#71 = CARTESIAN_POINT ( 'NONE',  ( -3.849999999999048406, 6.599999999999999645, 24.09999999999827480 ) ) ;
#72 = CARTESIAN_POINT ( 'NONE',  ( 59.80000000000161720, 8.799999999999998934, 0.000000000000000000 ) ) ;
#73 = DIRECTION ( 'NONE',  ( 0.000000000000000000, -0.000000000000000000, -1.000000000000000000 ) ) ;
#74 = DIRECTION ( 'NONE',  ( 0.000000000000000000, 1.000000000000000000, -0.000000000000000000 ) ) ;
#75 =( BOUNDED_CURVE ( )  B_SPLINE_CURVE ( 3, ( #1696, #5255, #5286, #5778 ),
 .UNSPECIFIED., .F., .F. ) 
 B_SPLINE_CURVE_WITH_KNOTS ( ( 4, 4 ),
 ( 0.7227342478125688974, 1.570796326794893893 ),
 .UNSPECIFIED. ) 
 CURVE ( )  GEOMETRIC_REPRESENTATION_ITEM ( )  RATIONAL_B_SPLINE_CURVE ( ( 1.000000000000000000, 0.9409585518439826934, 0.9409585518439826934, 1.000000000000000000 ) ) 
 REPRESENTATION_ITEM ( '' )  );
#76 = FACE_OUTER_BOUND ( 'NONE', #2196, .T. ) ;
#77 = CIRCLE ( 'NONE', #1683, 0.5000000000000004441 ) ;
#78 = DIRECTION ( 'NONE',  ( -1.908195823574485911E-14, 0.000000000000000000, -1.000000000000000000 ) ) ;
#79 = ORIENTED_EDGE ( 'NONE', *, *, #702, .T. ) ;
#80 = ORIENTED_EDGE ( 'NONE', *, *, #2477, .F. ) ;
#81 = VECTOR ( 'NONE', #3587, 1000.000000000000000 ) ;
#82 = DIRECTION ( 'NONE',  ( -1.000000000000000000, 0.000000000000000000, 0.000000000000000000 ) ) ;
#83 = DIRECTION ( 'NONE',  ( 0.000000000000000000, 0.000000000000000000, -1.000000000000000000 ) ) ;
#84 = CARTESIAN_POINT ( 'NONE',  ( -4.028618571104875201, 5.826959721512166013, 24.65803669186306379 ) ) ;
#85 = EDGE_CURVE ( 'NONE', #2913, #4392, #5721, .T. ) ;
#86 = ORIENTED_EDGE ( 'NONE', *, *, #4668, .F. ) ;
#87 = CARTESIAN_POINT ( 'NONE',  ( 37.10000000000161435, 8.799999999999998934, 31.09999999999848441 ) ) ;
#88 = DIRECTION ( 'NONE',  ( -1.908195823574485911E-14, 0.000000000000000000, -1.000000000000000000 ) ) ;
#89 = CARTESIAN_POINT ( 'NONE',  ( -6.106520656366103251E-13, 16.10000000000000142, 30.09999999999821441 ) ) ;
#90 = CIRCLE ( 'NONE', #307, 0.5000000000000001110 ) ;
#91 = EDGE_LOOP ( 'NONE', ( #3137, #2609, #1334 ) ) ;
#92 = DIRECTION ( 'NONE',  ( -1.908195823574485911E-14, 0.000000000000000000, -1.000000000000000000 ) ) ;
#93 = ORIENTED_EDGE ( 'NONE', *, *, #4396, .T. ) ;
#94 = ORIENTED_EDGE ( 'NONE', *, *, #4949, .F. ) ;
#95 = ORIENTED_EDGE ( 'NONE', *, *, #5191, .F. ) ;
#96 = FACE_OUTER_BOUND ( 'NONE', #5754, .T. ) ;
#97 = DIRECTION ( 'NONE',  ( 0.000000000000000000, 1.000000000000000000, -0.000000000000000000 ) ) ;
#98 = CARTESIAN_POINT ( 'NONE',  ( 19.39999999999941949, 8.799999999999998934, 31.59999999999860165 ) ) ;
#99 = ORIENTED_EDGE ( 'NONE', *, *, #5054, .F. ) ;
#100 = AXIS2_PLACEMENT_3D ( 'NONE', #362, #4963, #5397 ) ;
#101 = DIRECTION ( 'NONE',  ( 0.000000000000000000, 1.000000000000000000, -0.000000000000000000 ) ) ;
#102 = DIRECTION ( 'NONE',  ( -0.000000000000000000, -1.000000000000000000, -0.000000000000000000 ) ) ;
#103 = EDGE_CURVE ( 'NONE', #278, #5728, #6094, .T. ) ;
#104 = DIRECTION ( 'NONE',  ( 1.355252715606892622E-16, -0.000000000000000000, 1.000000000000000000 ) ) ;
#105 = SHAPE_DEFINITION_REPRESENTATION ( #4415, #3958 ) ;
#106 = CARTESIAN_POINT ( 'NONE',  ( 64.85000000000050591, 8.599999999999999645, -1.237464991588063621E-12 ) ) ;
#107 = DIRECTION ( 'NONE',  ( -1.000000000000000000, 0.000000000000000000, 1.387778780781454037E-14 ) ) ;
#108 = COLOUR_RGB ( '',0.7921568627450980005, 0.8196078431372548767, 0.9333333333333333481 ) ;
#109 = ORIENTED_EDGE ( 'NONE', *, *, #2744, .F. ) ;
#110 = APPLICATION_CONTEXT ( 'automotive_design' ) ;
#111 = EDGE_LOOP ( 'NONE', ( #3309, #1674, #6127, #5400, #5654, #1606, #5644 ) ) ;
#112 = TOROIDAL_SURFACE ( 'NONE', #3857, 1.200000000000000178, 0.5000000000000000000 ) ;
#113 = DIRECTION ( 'NONE',  ( 1.000000000000000000, 0.000000000000000000, -6.938893903907228378E-15 ) ) ;
#114 = DIRECTION ( 'NONE',  ( 0.000000000000000000, 1.000000000000000000, 0.000000000000000000 ) ) ;
#115 = CARTESIAN_POINT ( 'NONE',  ( -0.09999999999465931932, 8.031479838766138357, 5.527322003739381095 ) ) ;
#116 = AXIS2_PLACEMENT_3D ( 'NONE', #514, #1425, #5576 ) ;
#117 = DIRECTION ( 'NONE',  ( -9.033211100425053116E-14, -0.000000000000000000, 1.000000000000000000 ) ) ;
#118 = CYLINDRICAL_SURFACE ( 'NONE', #1244, 0.5000000000000004441 ) ;
#119 = CARTESIAN_POINT ( 'NONE',  ( 64.85000000000097486, 11.79999999999999716, 23.89999999999835723 ) ) ;
#120 = VERTEX_POINT ( 'NONE', #3545 ) ;
#121 = ORIENTED_EDGE ( 'NONE', *, *, #390, .T. ) ;
#122 = EDGE_LOOP ( 'NONE', ( #4313, #5464, #4934, #5142, #6223 ) ) ;
#123 = ORIENTED_EDGE ( 'NONE', *, *, #2806, .T. ) ;
#124 = CARTESIAN_POINT ( 'NONE',  ( -3.770807779836857332, 5.599999999999998757, 4.899999999998445155 ) ) ;
#125 = CARTESIAN_POINT ( 'NONE',  ( -3.848925667041174670, 5.619772614812465150, 24.59965092805950349 ) ) ;
#126 = CIRCLE ( 'NONE', #5591, 0.5000000000000004441 ) ;
#127 = CARTESIAN_POINT ( 'NONE',  ( -0.09999999999841696630, 7.656257716031054983, 24.19738268188150343 ) ) ;
#128 = VERTEX_POINT ( 'NONE', #5098 ) ;
#129 = EDGE_CURVE ( 'NONE', #3522, #6304, #5084, .T. ) ;
#130 = ADVANCED_FACE ( 'NONE', ( #356 ), #2870, .T. ) ;
#131 = FACE_OUTER_BOUND ( 'NONE', #4970, .T. ) ;
#132 = DIRECTION ( 'NONE',  ( -1.000000000000000000, 0.000000000000000000, 1.084202172485505420E-16 ) ) ;
#133 = ORIENTED_EDGE ( 'NONE', *, *, #2052, .T. ) ;
#134 = VECTOR ( 'NONE', #2163, 1000.000000000000000 ) ;
#135 = CARTESIAN_POINT ( 'NONE',  ( 59.60000000000162146, 10.40000000000000036, 31.59999999999832454 ) ) ;
#136 = CARTESIAN_POINT ( 'NONE',  ( -0.09844798861071168972, 8.032848584145643400, 24.47451858747390929 ) ) ;
#137 = DIRECTION ( 'NONE',  ( 1.000000000000000000, 0.000000000000000000, 0.000000000000000000 ) ) ;
#138 = EDGE_CURVE ( 'NONE', #199, #4687, #4855, .T. ) ;
#139 = DIRECTION ( 'NONE',  ( 0.000000000000000000, 0.000000000000000000, 1.000000000000000000 ) ) ;
#140 = DIRECTION ( 'NONE',  ( 2.028744404108460548E-14, 0.000000000000000000, -1.000000000000000000 ) ) ;
#141 = ORIENTED_EDGE ( 'NONE', *, *, #1705, .F. ) ;
#142 = EDGE_CURVE ( 'NONE', #290, #5453, #3039, .T. ) ;
#143 = DIRECTION ( 'NONE',  ( 1.000000000000000000, 0.000000000000000000, 0.000000000000000000 ) ) ;
#144 = ORIENTED_EDGE ( 'NONE', *, *, #4778, .T. ) ;
#145 = CARTESIAN_POINT ( 'NONE',  ( -0.5999999999984191312, 5.099999999999999645, 3.086057388542589536E-17 ) ) ;
#146 = CARTESIAN_POINT ( 'NONE',  ( -7.304098846217848459E-17, 16.10000000000000142, -1.600000000000000311 ) ) ;
#147 = CARTESIAN_POINT ( 'NONE',  ( 58.40000000000161862, 11.09999999999999787, 31.59999999999826770 ) ) ;
#148 = CARTESIAN_POINT ( 'NONE',  ( -0.5999999999984141352, 5.599999999999998757, 31.59999999999874731 ) ) ;
#149 = FACE_OUTER_BOUND ( 'NONE', #2169, .T. ) ;
#150 = ADVANCED_FACE ( 'NONE', ( #4919 ), #2934, .T. ) ;
#151 = AXIS2_PLACEMENT_3D ( 'NONE', #2465, #4412, #1429 ) ;
#152 = DIRECTION ( 'NONE',  ( 0.000000000000000000, -1.000000000000000000, -1.908195823574486226E-14 ) ) ;
#153 = CARTESIAN_POINT ( 'NONE',  ( 5.899999999999423039, 16.60000000000000142, 29.34999999999830322 ) ) ;
#154 = DIRECTION ( 'NONE',  ( 1.000000000000000000, 0.000000000000000000, 0.000000000000000000 ) ) ;
#155 = ORIENTED_EDGE ( 'NONE', *, *, #2729, .T. ) ;
#156 = ORIENTED_EDGE ( 'NONE', *, *, #6189, .F. ) ;
#157 = ORIENTED_EDGE ( 'NONE', *, *, #1056, .T. ) ;
#158 = ORIENTED_EDGE ( 'NONE', *, *, #4652, .F. ) ;
#159 = CARTESIAN_POINT ( 'NONE',  ( 0.1500000000015858648, 16.60000000000000142, 2.999999999997892797 ) ) ;
#160 = DIRECTION ( 'NONE',  ( 0.6614378277663388594, -0.7499999999998313571, 4.430772655026939922E-15 ) ) ;
#161 = AXIS2_PLACEMENT_3D ( 'NONE', #2691, #4807, #6366 ) ;
#162 = CARTESIAN_POINT ( 'NONE',  ( 64.85000000000061959, 11.79999999999999716, 6.099999999998364508 ) ) ;
#163 = ORIENTED_EDGE ( 'NONE', *, *, #198, .T. ) ;
#164 = EDGE_CURVE ( 'NONE', #560, #2239, #4550, .T. ) ;
#165 = EDGE_CURVE ( 'NONE', #1270, #3269, #372, .T. ) ;
#166 = CARTESIAN_POINT ( 'NONE',  ( 66.10000000000161435, 8.599999999999999645, 4.899999999998364331 ) ) ;
#167 = CARTESIAN_POINT ( 'NONE',  ( -0.1930675279136306599, 7.885032258633328794, 5.684484388292267987 ) ) ;
#168 = AXIS2_PLACEMENT_3D ( 'NONE', #187, #5353, #6341 ) ;
#169 = DIRECTION ( 'NONE',  ( -6.994648347254841037E-15, 0.000000000000000000, -1.000000000000000000 ) ) ;
#170 = LINE ( 'NONE', #5184, #548 ) ;
#171 = CIRCLE ( 'NONE', #4783, 0.1999999999999987899 ) ;
#172 = ORIENTED_EDGE ( 'NONE', *, *, #6112, .T. ) ;
#173 = CARTESIAN_POINT ( 'NONE',  ( -5.899999999999137046, 16.60000000000000142, -0.9000000000000001332 ) ) ;
#174 = EDGE_LOOP ( 'NONE', ( #2507, #5045, #51, #1227 ) ) ;
#175 = DIRECTION ( 'NONE',  ( -0.000000000000000000, -1.000000000000000000, 0.000000000000000000 ) ) ;
#176 = CARTESIAN_POINT ( 'NONE',  ( 62.00000000000005684, 16.60000000000000142, 26.99999999999791456 ) ) ;
#177 = AXIS2_PLACEMENT_3D ( 'NONE', #4161, #2123, #620 ) ;
#178 = EDGE_CURVE ( 'NONE', #1237, #5922, #3464, .T. ) ;
#179 = CARTESIAN_POINT ( 'NONE',  ( -4.169936144975806336, 5.891239539049156093, 24.70395355503760015 ) ) ;
#180 = SPHERICAL_SURFACE ( 'NONE', #50, 0.5000000000000000000 ) ;
#181 = ADVANCED_FACE ( 'NONE', ( #1905 ), #2288, .T. ) ;
#182 = VECTOR ( 'NONE', #5048, 1000.000000000000000 ) ;
#183 = ORIENTED_EDGE ( 'NONE', *, *, #267, .T. ) ;
#184 = DIRECTION ( 'NONE',  ( 1.000000000000000000, 0.000000000000000000, 0.000000000000000000 ) ) ;
#185 = CARTESIAN_POINT ( 'NONE',  ( -3.934036350063784493, 6.321870702590279834, 24.52292721630405126 ) ) ;
#186 = CARTESIAN_POINT ( 'NONE',  ( -3.898404710428377218, 6.424260237319807665, 5.546165972165414182 ) ) ;
#187 = CARTESIAN_POINT ( 'NONE',  ( 64.35000000000050591, 16.60000000000000142, -1.227924012470191182E-12 ) ) ;
#188 = ORIENTED_EDGE ( 'NONE', *, *, #1479, .F. ) ;
#189 = ORIENTED_EDGE ( 'NONE', *, *, #3351, .F. ) ;
#190 = ORIENTED_EDGE ( 'NONE', *, *, #4222, .F. ) ;
#191 = ORIENTED_EDGE ( 'NONE', *, *, #5504, .T. ) ;
#192 = CARTESIAN_POINT ( 'NONE',  ( -3.850000000000434852, 7.655136667404514483, 24.59999999999827480 ) ) ;
#193 = AXIS2_PLACEMENT_3D ( 'NONE', #5714, #1731, #1149 ) ;
#194 = CARTESIAN_POINT ( 'NONE',  ( -3.849999996253429035, 5.606604564407696500, 24.59999999878084864 ) ) ;
#195 = DIRECTION ( 'NONE',  ( -0.000000000000000000, 0.000000000000000000, 1.000000000000000000 ) ) ;
#196 = DIRECTION ( 'NONE',  ( 1.000000000000000000, 0.000000000000000000, 0.000000000000000000 ) ) ;
#197 = ORIENTED_EDGE ( 'NONE', *, *, #633, .F. ) ;
#198 = EDGE_CURVE ( 'NONE', #2313, #3700, #6043, .T. ) ;
#199 = VERTEX_POINT ( 'NONE', #3502 ) ;
#200 = CIRCLE ( 'NONE', #6291, 0.1999999999999987899 ) ;
#201 = CARTESIAN_POINT ( 'NONE',  ( 0.02068379415101722490, 7.587458182092401415, 24.45751964020915992 ) ) ;
#202 = DIRECTION ( 'NONE',  ( 0.000000000000000000, 0.000000000000000000, -1.000000000000000000 ) ) ;
#203 = AXIS2_PLACEMENT_3D ( 'NONE', #3450, #1980, #4015 ) ;
#204 = CARTESIAN_POINT ( 'NONE',  ( -3.911916152544063774, 5.745135384137747714, 5.393553008812131289 ) ) ;
#205 = EDGE_CURVE ( 'NONE', #3752, #2904, #5056, .T. ) ;
#206 = DIRECTION ( 'NONE',  ( -0.8561472168651514947, 0.5167319837730728338, 0.000000000000000000 ) ) ;
#207 = ORIENTED_EDGE ( 'NONE', *, *, #2436, .F. ) ;
#208 = AXIS2_PLACEMENT_3D ( 'NONE', #5493, #860, #2471 ) ;
#209 = CARTESIAN_POINT ( 'NONE',  ( -0.09999999999841835407, 7.651654044895320084, 5.868245836550255667 ) ) ;
#210 = ORIENTED_EDGE ( 'NONE', *, *, #5779, .F. ) ;
#211 = CARTESIAN_POINT ( 'NONE',  ( 66.60000000000161435, 8.599999999999999645, 4.899999999998364331 ) ) ;
#212 = CARTESIAN_POINT ( 'NONE',  ( 2.175335635996172171E-13, 8.099999999999999645, 31.09999999999874021 ) ) ;
#213 = EDGE_CURVE ( 'NONE', #2230, #2897, #3937, .T. ) ;
#214 = CARTESIAN_POINT ( 'NONE',  ( -4.076030692243798548, 5.932410494878552321, 24.67344182386134221 ) ) ;
#215 = DIRECTION ( 'NONE',  ( -0.000000000000000000, -0.000000000000000000, -1.000000000000000000 ) ) ;
#216 = CIRCLE ( 'NONE', #652, 0.1999999999999996503 ) ;
#217 = VERTEX_POINT ( 'NONE', #5519 ) ;
#218 = CARTESIAN_POINT ( 'NONE',  ( -0.3080777983763461902, 3.099999999999999645, 24.59999999999827480 ) ) ;
#219 = CARTESIAN_POINT ( 'NONE',  ( 66.60000000000161435, 8.099999999999999645, 25.09999999999835651 ) ) ;
#220 = DIRECTION ( 'NONE',  ( 0.000000000000000000, 0.000000000000000000, 1.000000000000000000 ) ) ;
#221 = EDGE_CURVE ( 'NONE', #5577, #2961, #1397, .T. ) ;
#222 = EDGE_CURVE ( 'NONE', #2592, #1393, #3677, .T. ) ;
#223 = EDGE_LOOP ( 'NONE', ( #3701, #261, #3898 ) ) ;
#224 = AXIS2_PLACEMENT_3D ( 'NONE', #1495, #978, #3460 ) ;
#225 = EDGE_LOOP ( 'NONE', ( #1941, #5753, #5816, #4900 ) ) ;
#226 = ADVANCED_FACE ( 'NONE', ( #2964 ), #450, .T. ) ;
#227 = ORIENTED_EDGE ( 'NONE', *, *, #249, .F. ) ;
#228 = EDGE_LOOP ( 'NONE', ( #1951, #858, #5960, #500 ) ) ;
#229 = DIRECTION ( 'NONE',  ( 0.000000000000000000, 0.000000000000000000, -1.000000000000000000 ) ) ;
#230 = AXIS2_PLACEMENT_3D ( 'NONE', #2622, #6263, #3748 ) ;
#231 = LINE ( 'NONE', #4316, #3095 ) ;
#232 = CARTESIAN_POINT ( 'NONE',  ( -3.349999999999048850, 6.590608526488994201, 24.23672873599514688 ) ) ;
#233 = CARTESIAN_POINT ( 'NONE',  ( -3.924228295346264161, 5.626587372532819487, 5.375881764822366016 ) ) ;
#234 = ORIENTED_EDGE ( 'NONE', *, *, #2144, .T. ) ;
#235 = ORIENTED_EDGE ( 'NONE', *, *, #2023, .F. ) ;
#236 = VERTEX_POINT ( 'NONE', #422 ) ;
#237 = AXIS2_PLACEMENT_3D ( 'NONE', #5307, #2749, #4803 ) ;
#238 = CARTESIAN_POINT ( 'NONE',  ( 6.460349496738708640E-16, 16.60000000000000142, 5.399999999998445155 ) ) ;
#239 = FACE_OUTER_BOUND ( 'NONE', #1750, .T. ) ;
#240 = DIRECTION ( 'NONE',  ( -0.000000000000000000, -1.000000000000000000, 0.000000000000000000 ) ) ;
#241 = CIRCLE ( 'NONE', #561, 0.4999999999999983347 ) ;
#242 = VERTEX_POINT ( 'NONE', #4518 ) ;
#243 = CARTESIAN_POINT ( 'NONE',  ( -3.850000000000434852, 7.672570500235653235, 24.59999999999827480 ) ) ;
#244 = ORIENTED_EDGE ( 'NONE', *, *, #2108, .T. ) ;
#245 = CARTESIAN_POINT ( 'NONE',  ( 2.175335635996172171E-13, 5.099999999999999645, 31.09999999999874021 ) ) ;
#246 = CIRCLE ( 'NONE', #4425, 0.1999999999999996503 ) ;
#247 = DIRECTION ( 'NONE',  ( 0.9510565162951545304, -0.000000000000000000, -0.3090169943749444537 ) ) ;
#248 = CARTESIAN_POINT ( 'NONE',  ( -0.5999999999984191312, 5.599999999999998757, 3.086057388542589536E-17 ) ) ;
#249 = EDGE_CURVE ( 'NONE', #4488, #2486, #5916, .T. ) ;
#250 = ORIENTED_EDGE ( 'NONE', *, *, #2349, .F. ) ;
#251 = DIRECTION ( 'NONE',  ( 0.000000000000000000, 0.000000000000000000, -1.000000000000000000 ) ) ;
#252 = EDGE_CURVE ( 'NONE', #5561, #1572, #3179, .T. ) ;
#253 = CARTESIAN_POINT ( 'NONE',  ( -3.397446908661922560, 6.048146196253887830, 24.32545503693831890 ) ) ;
#254 = DIRECTION ( 'NONE',  ( -1.000000000000000000, 0.000000000000000000, 6.994648347254856026E-15 ) ) ;
#255 = DIRECTION ( 'NONE',  ( -0.3090169943749447867, 0.000000000000000000, 0.9510565162951544194 ) ) ;
#256 = EDGE_LOOP ( 'NONE', ( #5291, #2817, #123, #2567, #1093, #5081 ) ) ;
#257 = CARTESIAN_POINT ( 'NONE',  ( -0.3080777983763486327, 3.099999999999999645, 5.899999999998444267 ) ) ;
#258 = ORIENTED_EDGE ( 'NONE', *, *, #5939, .T. ) ;
#259 = ADVANCED_FACE ( 'NONE', ( #621 ), #4763, .F. ) ;
#260 = VERTEX_POINT ( 'NONE', #5583 ) ;
#261 = ORIENTED_EDGE ( 'NONE', *, *, #5907, .T. ) ;
#262 = DIRECTION ( 'NONE',  ( 1.000000000000000000, 0.000000000000000000, 0.000000000000000000 ) ) ;
#263 = DIRECTION ( 'NONE',  ( 0.000000000000000000, 0.000000000000000000, -1.000000000000000000 ) ) ;
#264 = DIRECTION ( 'NONE',  ( 0.000000000000000000, 0.1367287359968702432, -0.9906085264889952224 ) ) ;
#265 = LINE ( 'NONE', #5181, #932 ) ;
#266 = VERTEX_POINT ( 'NONE', #483 ) ;
#267 = EDGE_CURVE ( 'NONE', #834, #4790, #5121, .T. ) ;
#268 = AXIS2_PLACEMENT_3D ( 'NONE', #4595, #3075, #5131 ) ;
#269 = ORIENTED_EDGE ( 'NONE', *, *, #3561, .T. ) ;
#270 = EDGE_CURVE ( 'NONE', #4935, #4204, #5611, .T. ) ;
#271 = ORIENTED_EDGE ( 'NONE', *, *, #2785, .F. ) ;
#272 = VECTOR ( 'NONE', #5912, 1000.000000000000000 ) ;
#273 = CYLINDRICAL_SURFACE ( 'NONE', #522, 0.7000000000000000666 ) ;
#274 = CARTESIAN_POINT ( 'NONE',  ( -3.695491502812964235, 5.099999999999999645, 25.07552825814585162 ) ) ;
#275 = AXIS2_PLACEMENT_3D ( 'NONE', #442, #313, #4944 ) ;
#276 = ORIENTED_EDGE ( 'NONE', *, *, #6273, .T. ) ;
#277 = DIRECTION ( 'NONE',  ( 0.000000000000000000, 0.000000000000000000, -1.000000000000000000 ) ) ;
#278 = VERTEX_POINT ( 'NONE', #2564 ) ;
#279 = CARTESIAN_POINT ( 'NONE',  ( -0.5999999999984179100, 5.599999999999998757, 24.59999999999827480 ) ) ;
#280 = DIRECTION ( 'NONE',  ( 0.000000000000000000, 1.000000000000000000, 0.000000000000000000 ) ) ;
#281 = AXIS2_PLACEMENT_3D ( 'NONE', #4375, #4480, #4448 ) ;
#282 = CARTESIAN_POINT ( 'NONE',  ( 6.527261247421300538, 16.18849817467433994, 30.10626030210631043 ) ) ;
#283 = EDGE_CURVE ( 'NONE', #4556, #3795, #900, .T. ) ;
#284 = EDGE_CURVE ( 'NONE', #4908, #2991, #4657, .T. ) ;
#285 = ORIENTED_EDGE ( 'NONE', *, *, #4949, .T. ) ;
#286 = AXIS2_PLACEMENT_3D ( 'NONE', #877, #4844, #4405 ) ;
#287 = DIRECTION ( 'NONE',  ( -5.143428980917867249E-17, -0.000000000000000000, -1.000000000000000000 ) ) ;
#288 = DIRECTION ( 'NONE',  ( 0.000000000000000000, 0.000000000000000000, 1.000000000000000000 ) ) ;
#289 = CARTESIAN_POINT ( 'NONE',  ( -3.925316277025642009, 5.599999999999998757, 24.62447174185070153 ) ) ;
#290 = VERTEX_POINT ( 'NONE', #4617 ) ;
#291 = CARTESIAN_POINT ( 'NONE',  ( -3.849999999999048406, 6.902442244140057248, 24.23672873597932664 ) ) ;
#292 = CARTESIAN_POINT ( 'NONE',  ( -0.09999999999841925613, 8.099999999999999645, -1.100000000000000311 ) ) ;
#293 = TOROIDAL_SURFACE ( 'NONE', #5442, 0.1999999999999999833, 0.5000000000000000000 ) ;
#294 = EDGE_CURVE ( 'NONE', #4684, #5834, #1767, .T. ) ;
#295 = ORIENTED_EDGE ( 'NONE', *, *, #53, .F. ) ;
#296 = ORIENTED_EDGE ( 'NONE', *, *, #6202, .F. ) ;
#297 = ORIENTED_EDGE ( 'NONE', *, *, #3242, .F. ) ;
#298 = DIRECTION ( 'NONE',  ( 0.000000000000000000, 1.000000000000000000, -0.000000000000000000 ) ) ;
#299 = CARTESIAN_POINT ( 'NONE',  ( -3.397318296583618835, 6.048246594951863564, 5.674761068379797990 ) ) ;
#300 = DIRECTION ( 'NONE',  ( 1.000000000000000000, 0.000000000000000000, 0.000000000000000000 ) ) ;
#301 = FACE_OUTER_BOUND ( 'NONE', #3065, .T. ) ;
#302 = VERTEX_POINT ( 'NONE', #4708 ) ;
#303 = ORIENTED_EDGE ( 'NONE', *, *, #2917, .F. ) ;
#304 = ORIENTED_EDGE ( 'NONE', *, *, #249, .T. ) ;
#305 = CYLINDRICAL_SURFACE ( 'NONE', #2765, 0.6999999999999992895 ) ;
#306 = CARTESIAN_POINT ( 'NONE',  ( -2.007671267438540852, 8.330810839623350006, 24.09999999999827480 ) ) ;
#307 = AXIS2_PLACEMENT_3D ( 'NONE', #2000, #5586, #3033 ) ;
#308 = ADVANCED_FACE ( 'NONE', ( #6113 ), #3595, .F. ) ;
#309 = DIRECTION ( 'NONE',  ( 1.000000000000000000, -0.000000000000000000, -6.994648347254856026E-15 ) ) ;
#310 = CARTESIAN_POINT ( 'NONE',  ( 58.95566243270431528, 16.10000000000000142, 30.09999999999941522 ) ) ;
#311 = ORIENTED_EDGE ( 'NONE', *, *, #4180, .F. ) ;
#312 = CIRCLE ( 'NONE', #1159, 2.350000000000362022 ) ;
#313 = DIRECTION ( 'NONE',  ( -0.000000000000000000, 1.000000000000000000, 0.000000000000000000 ) ) ;
#314 = CARTESIAN_POINT ( 'NONE',  ( 66.10000000000161435, 8.599999999999999645, 31.09999999999827835 ) ) ;
#315 = DIRECTION ( 'NONE',  ( 0.000000000000000000, 0.000000000000000000, 1.000000000000000000 ) ) ;
#316 = VECTOR ( 'NONE', #3044, 1000.000000000000000 ) ;
#317 = ORIENTED_EDGE ( 'NONE', *, *, #2185, .T. ) ;
#318 = CARTESIAN_POINT ( 'NONE',  ( -3.873723457274901083, 6.496292392549785966, 24.39381940422216388 ) ) ;
#319 = DIRECTION ( 'NONE',  ( 0.000000000000000000, 0.000000000000000000, -1.000000000000000000 ) ) ;
#320 = DIRECTION ( 'NONE',  ( -0.000000000000000000, -1.000000000000000000, -0.000000000000000000 ) ) ;
#321 = DIRECTION ( 'NONE',  ( 1.000000000000000000, 0.000000000000000000, 0.000000000000000000 ) ) ;
#322 = LINE ( 'NONE', #2364, #4611 ) ;
#323 = CARTESIAN_POINT ( 'NONE',  ( -5.900000000000464873, 5.099999999999999645, 26.00210893424252134 ) ) ;
#324 = ORIENTED_EDGE ( 'NONE', *, *, #3262, .F. ) ;
#325 = CIRCLE ( 'NONE', #5356, 0.5000000000000004441 ) ;
#326 = EDGE_LOOP ( 'NONE', ( #5082, #3643, #99, #383 ) ) ;
#327 = EDGE_LOOP ( 'NONE', ( #6425, #1067, #4455, #4295 ) ) ;
#328 = CARTESIAN_POINT ( 'NONE',  ( 6.191502622128621347, 16.60000000000000142, 30.45424868893373826 ) ) ;
#329 =( BOUNDED_CURVE ( )  B_SPLINE_CURVE ( 3, ( #373, #2385, #1982, #3386 ),
 .UNSPECIFIED., .F., .T. ) 
 B_SPLINE_CURVE_WITH_KNOTS ( ( 4, 4 ),
 ( 0.000000000000000000, 0.8640973550599367892 ),
 .UNSPECIFIED. ) 
 CURVE ( )  GEOMETRIC_REPRESENTATION_ITEM ( )  RATIONAL_B_SPLINE_CURVE ( ( 1.000000000000000000, 0.9387398726175406605, 0.9387398726175406605, 1.000000000000000000 ) ) 
 REPRESENTATION_ITEM ( '' )  );
#330 = DIRECTION ( 'NONE',  ( -0.000000000000000000, 0.000000000000000000, 1.000000000000000000 ) ) ;
#331 = CARTESIAN_POINT ( 'NONE',  ( -0.5999999999984179100, 5.099999999999999645, 25.09999999999827480 ) ) ;
#332 = CIRCLE ( 'NONE', #3642, 0.5000000000000004441 ) ;
#333 = ORIENTED_EDGE ( 'NONE', *, *, #887, .F. ) ;
#334 = VERTEX_POINT ( 'NONE', #5085 ) ;
#335 = AXIS2_PLACEMENT_3D ( 'NONE', #5957, #2365, #1293 ) ;
#336 = ORIENTED_EDGE ( 'NONE', *, *, #1064, .F. ) ;
#337 = CARTESIAN_POINT ( 'NONE',  ( -3.708107111722839466, 5.806813734897674273, 24.55532349791702629 ) ) ;
#338 = ADVANCED_FACE ( 'NONE', ( #5647 ), #5612, .F. ) ;
#339 = EDGE_CURVE ( 'NONE', #5001, #3446, #3096, .T. ) ;
#340 = PLANE ( 'NONE',  #3443 ) ;
#341 = DIRECTION ( 'NONE',  ( 0.000000000000000000, 0.000000000000000000, -1.000000000000000000 ) ) ;
#342 = AXIS2_PLACEMENT_3D ( 'NONE', #1613, #5202, #28 ) ;
#343 = DIRECTION ( 'NONE',  ( -1.000000000000000000, 0.000000000000000000, 6.994648347254856026E-15 ) ) ;
#344 = ORIENTED_EDGE ( 'NONE', *, *, #1157, .T. ) ;
#345 = FACE_OUTER_BOUND ( 'NONE', #2409, .T. ) ;
#346 = ADVANCED_FACE ( 'NONE', ( #46 ), #585, .T. ) ;
#347 = DIRECTION ( 'NONE',  ( 0.000000000000000000, -0.000000000000000000, -1.000000000000000000 ) ) ;
#348 = AXIS2_PLACEMENT_3D ( 'NONE', #2119, #3656, #206 ) ;
#349 = ADVANCED_FACE ( 'NONE', ( #2087 ), #5221, .T. ) ;
#350 = CARTESIAN_POINT ( 'NONE',  ( 6.754713760520878019, 16.35505419647152436, 30.16546598203003171 ) ) ;
#351 = AXIS2_PLACEMENT_3D ( 'NONE', #1746, #2373, #2880 ) ;
#352 = ORIENTED_EDGE ( 'NONE', *, *, #776, .T. ) ;
#353 = DIRECTION ( 'NONE',  ( -1.000000000000000000, 0.000000000000000000, 6.994648347254856026E-15 ) ) ;
#354 = CYLINDRICAL_SURFACE ( 'NONE', #2953, 0.5000000000000004441 ) ;
#355 = CARTESIAN_POINT ( 'NONE',  ( -3.149999999999051337, 6.697891065755752216, 5.899999999998443379 ) ) ;
#356 = FACE_OUTER_BOUND ( 'NONE', #844, .T. ) ;
#357 = CARTESIAN_POINT ( 'NONE',  ( 5.899999999999417710, 8.799999999999998934, 29.84999999999830678 ) ) ;
#358 = EDGE_LOOP ( 'NONE', ( #3345, #4754, #1797, #6421 ) ) ;
#359 = ORIENTED_EDGE ( 'NONE', *, *, #5297, .T. ) ;
#360 = ORIENTED_EDGE ( 'NONE', *, *, #6163, .T. ) ;
#361 = CARTESIAN_POINT ( 'NONE',  ( -3.594184521419900857, 7.239079682633038360, 5.787047044352182645 ) ) ;
#362 = CARTESIAN_POINT ( 'NONE',  ( -5.899999999999137046, 16.60000000000000142, 3.997891065754202167 ) ) ;
#363 = CARTESIAN_POINT ( 'NONE',  ( 18.19999999999941664, 11.40000000000000036, 31.09999999999861231 ) ) ;
#364 = CARTESIAN_POINT ( 'NONE',  ( -6.600000000000465050, 16.10000000000000142, 26.00210893424252134 ) ) ;
#365 = ORIENTED_EDGE ( 'NONE', *, *, #3355, .T. ) ;
#366 = ORIENTED_EDGE ( 'NONE', *, *, #427, .F. ) ;
#367 = ORIENTED_EDGE ( 'NONE', *, *, #1444, .F. ) ;
#368 = DIRECTION ( 'NONE',  ( 1.000000000000000000, 0.000000000000000000, 0.000000000000000000 ) ) ;
#369 =( BOUNDED_SURFACE ( )  B_SPLINE_SURFACE ( 3, 2, ( 
 ( #5370, #5302, #136 ),
 ( #2745, #2308, #6289 ),
 ( #2206, #6260, #4799 ),
 ( #1817, #4360, #5336 ),
 ( #1308, #677, #3347 ),
 ( #3312, #3243, #201 ) ),
 .UNSPECIFIED., .F., .F., .T. ) 
 B_SPLINE_SURFACE_WITH_KNOTS ( ( 4, 2, 4 ),
 ( 3, 3 ),
 ( 0.004875265645906631286, 0.005238405215509734855, 0.005601544785112838425 ),
 ( 0.000000000000000000, 0.5369547155700198360 ),
 .UNSPECIFIED. ) 
 GEOMETRIC_REPRESENTATION_ITEM ( )  RATIONAL_B_SPLINE_SURFACE ( (
 ( 1.000000000000000000, 0.8427296049996336746, 0.8543533704292800568),
 ( 1.000000000000000000, 0.8542817105707389835, 0.8650516664491552099),
 ( 1.000000000000000000, 0.8660849044917500184, 0.8759824930218288452),
 ( 1.000000000000000000, 0.8828945638689449371, 0.8915497600367974229),
 ( 1.000000000000000000, 0.8876801426010424434, 0.8959816393671298229),
 ( 1.000000000000000000, 0.8875432553070516928, 0.8958548693351682246) ) ) 
 REPRESENTATION_ITEM ( '' )  SURFACE ( )  );
#370 = CARTESIAN_POINT ( 'NONE',  ( -0.09999999999841760467, 8.099999999999999645, 31.09999999999874376 ) ) ;
#371 = CYLINDRICAL_SURFACE ( 'NONE', #554, 0.5000000000000004441 ) ;
#372 = CIRCLE ( 'NONE', #151, 0.7000000000000000666 ) ;
#373 = CARTESIAN_POINT ( 'NONE',  ( -3.849999999999048406, 6.697891065755752216, 24.23672873599514332 ) ) ;
#374 = AXIS2_PLACEMENT_3D ( 'NONE', #1605, #5621, #2571 ) ;
#375 = EDGE_CURVE ( 'NONE', #6456, #2298, #696, .T. ) ;
#376 = PLANE ( 'NONE',  #5413 ) ;
#377 = ORIENTED_EDGE ( 'NONE', *, *, #3266, .T. ) ;
#378 = FACE_OUTER_BOUND ( 'NONE', #3860, .T. ) ;
#379 = FACE_OUTER_BOUND ( 'NONE', #4487, .T. ) ;
#380 = CIRCLE ( 'NONE', #701, 0.5000000000000004441 ) ;
#381 = CARTESIAN_POINT ( 'NONE',  ( 6.833012701891655105, 16.17105898807118081, 30.09999999999834586 ) ) ;
#382 = AXIS2_PLACEMENT_3D ( 'NONE', #4439, #6474, #6070 ) ;
#383 = ORIENTED_EDGE ( 'NONE', *, *, #2645, .F. ) ;
#384 = ADVANCED_FACE ( 'NONE', ( #3158 ), #1530, .T. ) ;
#385 = CARTESIAN_POINT ( 'NONE',  ( 0.000000000000000000, 11.79999999999999716, 6.099999999998364508 ) ) ;
#386 = CARTESIAN_POINT ( 'NONE',  ( 37.10000000000161435, 8.799999999999998934, 30.09999999999896758 ) ) ;
#387 = CARTESIAN_POINT ( 'NONE',  ( 59.10000000000161435, 8.799999999999998934, 0.000000000000000000 ) ) ;
#388 = DIRECTION ( 'NONE',  ( 0.000000000000000000, 0.000000000000000000, 1.000000000000000000 ) ) ;
#389 = AXIS2_PLACEMENT_3D ( 'NONE', #3901, #1363, #1428 ) ;
#390 = EDGE_CURVE ( 'NONE', #6343, #6560, #2513, .T. ) ;
#391 = CYLINDRICAL_SURFACE ( 'NONE', #335, 2.350000000000504574 ) ;
#392 = CIRCLE ( 'NONE', #5007, 0.5000000000000000000 ) ;
#393 = ORIENTED_EDGE ( 'NONE', *, *, #4540, .T. ) ;
#394 = CARTESIAN_POINT ( 'NONE',  ( -0.09999999999841920062, 8.099999999999999645, 5.143428980836559880E-18 ) ) ;
#395 = EDGE_CURVE ( 'NONE', #5675, #5151, #2059, .T. ) ;
#396 = CARTESIAN_POINT ( 'NONE',  ( -3.517451716303668263, 5.961377159704305484, 5.545962974892820974 ) ) ;
#397 = DIRECTION ( 'NONE',  ( 1.908195823574485911E-14, -0.000000000000000000, 1.000000000000000000 ) ) ;
#398 = DIRECTION ( 'NONE',  ( 0.000000000000000000, 1.000000000000000000, -0.000000000000000000 ) ) ;
#399 = ORIENTED_EDGE ( 'NONE', *, *, #6078, .F. ) ;
#400 = VECTOR ( 'NONE', #5807, 1000.000000000000000 ) ;
#401 = ORIENTED_EDGE ( 'NONE', *, *, #3130, .F. ) ;
#402 = ORIENTED_EDGE ( 'NONE', *, *, #6477, .F. ) ;
#403 = CIRCLE ( 'NONE', #4034, 0.5000000000000000000 ) ;
#404 = CARTESIAN_POINT ( 'NONE',  ( 2.175335635996172171E-13, 8.099999999999999645, 31.09999999999874021 ) ) ;
#405 = CARTESIAN_POINT ( 'NONE',  ( 66.60000000000161435, 11.79999999999999716, 4.899999999998364331 ) ) ;
#406 = CARTESIAN_POINT ( 'NONE',  ( -3.924954915125416832, 5.617710571772520645, 5.375645671744446297 ) ) ;
#407 = EDGE_CURVE ( 'NONE', #1948, #242, #5158, .T. ) ;
#408 = ADVANCED_FACE ( 'NONE', ( #3597 ), #6180, .T. ) ;
#409 = DIRECTION ( 'NONE',  ( -2.081668171172166620E-14, 5.777789833161696797E-28, -1.000000000000000000 ) ) ;
#410 = VERTEX_POINT ( 'NONE', #6610 ) ;
#411 = CARTESIAN_POINT ( 'NONE',  ( 66.10000000000161435, 16.10000000000000142, 5.399999999998364331 ) ) ;
#412 = FACE_OUTER_BOUND ( 'NONE', #358, .T. ) ;
#413 = VECTOR ( 'NONE', #4373, 1000.000000000000000 ) ;
#414 = CARTESIAN_POINT ( 'NONE',  ( -3.770807779836852003, 5.599999999999998757, 4.899999999998446043 ) ) ;
#415 = DIRECTION ( 'NONE',  ( -0.3090169943749447867, 0.000000000000000000, 0.9510565162951544194 ) ) ;
#416 = AXIS2_PLACEMENT_3D ( 'NONE', #2148, #576, #3120 ) ;
#417 = ORIENTED_EDGE ( 'NONE', *, *, #4187, .F. ) ;
#418 = CARTESIAN_POINT ( 'NONE',  ( 64.85000000000056275, 16.10000000000000142, 2.999999999997883915 ) ) ;
#419 = EDGE_CURVE ( 'NONE', #4694, #4840, #2030, .T. ) ;
#420 = EDGE_CURVE ( 'NONE', #3608, #6590, #1225, .T. ) ;
#421 = AXIS2_PLACEMENT_3D ( 'NONE', #2104, #4146, #2201 ) ;
#422 = CARTESIAN_POINT ( 'NONE',  ( -1.853162770251071123, 7.855282581475772297, 5.899999999998444267 ) ) ;
#423 = LINE ( 'NONE', #1431, #6310 ) ;
#424 = EDGE_LOOP ( 'NONE', ( #962, #2736, #2195, #4868 ) ) ;
#425 = ORIENTED_EDGE ( 'NONE', *, *, #826, .T. ) ;
#426 = CARTESIAN_POINT ( 'NONE',  ( 64.85000000000097486, 8.099999999999999645, 24.59999999999834586 ) ) ;
#427 = EDGE_CURVE ( 'NONE', #6507, #3752, #4423, .T. ) ;
#428 = DIRECTION ( 'NONE',  ( 0.000000000000000000, -1.000000000000000000, 0.000000000000000000 ) ) ;
#429 = CARTESIAN_POINT ( 'NONE',  ( -3.770807779838171392, 5.599999999999998757, 24.59999999999827480 ) ) ;
#430 = CARTESIAN_POINT ( 'NONE',  ( -3.604528795094502414, 7.230247689109941867, 24.09999999999827125 ) ) ;
#431 = ADVANCED_FACE ( 'NONE', ( #3565 ), #3868, .F. ) ;
#432 = EDGE_LOOP ( 'NONE', ( #402, #4531, #2775, #1969 ) ) ;
#433 = ORIENTED_EDGE ( 'NONE', *, *, #2382, .T. ) ;
#434 = CARTESIAN_POINT ( 'NONE',  ( 64.85000000000060538, 8.099999999999999645, 4.899999999998364331 ) ) ;
#435 = AXIS2_PLACEMENT_3D ( 'NONE', #5784, #5324, #6220 ) ;
#436 = DIRECTION ( 'NONE',  ( -1.355252715606892622E-16, -0.000000000000000000, -1.000000000000000000 ) ) ;
#437 = FACE_OUTER_BOUND ( 'NONE', #4257, .T. ) ;
#438 = CARTESIAN_POINT ( 'NONE',  ( -4.088223109205407546, 6.080942047187166466, 5.322596619719481836 ) ) ;
#439 = VECTOR ( 'NONE', #3906, 1000.000000000000000 ) ;
#440 = DIRECTION ( 'NONE',  ( 0.000000000000000000, 0.000000000000000000, 1.000000000000000000 ) ) ;
#441 = VERTEX_POINT ( 'NONE', #148 ) ;
#442 = CARTESIAN_POINT ( 'NONE',  ( 0.1499999999995896005, 16.10000000000000142, 25.09999999999827480 ) ) ;
#443 = CARTESIAN_POINT ( 'NONE',  ( 66.10000000000161435, 16.60000000000000142, 4.899999999998364331 ) ) ;
#444 = DIRECTION ( 'NONE',  ( 1.000000000000000000, 0.000000000000000000, 0.000000000000000000 ) ) ;
#445 = DIRECTION ( 'NONE',  ( -1.000000000000000000, -0.000000000000000000, 4.565061778886154824E-17 ) ) ;
#446 = DIRECTION ( 'NONE',  ( 0.000000000000000000, -1.000000000000000000, 0.000000000000000000 ) ) ;
#447 = VERTEX_POINT ( 'NONE', #5346 ) ;
#448 = VECTOR ( 'NONE', #4600, 1000.000000000000000 ) ;
#449 = DIRECTION ( 'NONE',  ( -1.000000000000000000, 0.000000000000000000, 0.000000000000000000 ) ) ;
#450 = CYLINDRICAL_SURFACE ( 'NONE', #45, 0.5000000000000004441 ) ;
#451 = FACE_OUTER_BOUND ( 'NONE', #5437, .T. ) ;
#452 = AXIS2_PLACEMENT_3D ( 'NONE', #5694, #796, #3808 ) ;
#453 = ADVANCED_FACE ( 'NONE', ( #3722 ), #4745, .T. ) ;
#454 = ADVANCED_FACE ( 'NONE', ( #1695 ), #2187, .T. ) ;
#455 = ORIENTED_EDGE ( 'NONE', *, *, #3488, .T. ) ;
#456 = CARTESIAN_POINT ( 'NONE',  ( -0.3071067811849631513, 8.307106781186549327, 31.59999999999874021 ) ) ;
#457 = CYLINDRICAL_SURFACE ( 'NONE', #711, 0.5000000000000004441 ) ;
#458 = DIRECTION ( 'NONE',  ( 0.000000000000000000, -1.000000000000000000, 0.000000000000000000 ) ) ;
#459 = AXIS2_PLACEMENT_3D ( 'NONE', #6591, #4113, #6096 ) ;
#460 = CARTESIAN_POINT ( 'NONE',  ( 64.35000000000098908, 16.10000000000000142, 25.09999999999836717 ) ) ;
#461 = CARTESIAN_POINT ( 'NONE',  ( 37.10000000000161435, 16.60000000000000142, 30.09999999999896758 ) ) ;
#462 = ORIENTED_EDGE ( 'NONE', *, *, #4222, .T. ) ;
#463 = ADVANCED_FACE ( 'NONE', ( #3792 ), #1183, .T. ) ;
#464 = DIRECTION ( 'NONE',  ( -0.9510565162951547524, 0.000000000000000000, -0.3090169943749440096 ) ) ;
#465 = EDGE_LOOP ( 'NONE', ( #5446, #5566, #2770, #2447 ) ) ;
#466 = CARTESIAN_POINT ( 'NONE',  ( -3.438542887805505988, 6.018075381434933924, 24.37676071234001540 ) ) ;
#467 = CARTESIAN_POINT ( 'NONE',  ( -1.853162770251068681, 7.855282581475772297, 24.09999999999827480 ) ) ;
#468 = ADVANCED_FACE ( 'NONE', ( #5874 ), #4264, .T. ) ;
#469 = CARTESIAN_POINT ( 'NONE',  ( 58.66698729810907764, 16.09999999999999787, 29.59999999999940457 ) ) ;
#470 = LINE ( 'NONE', #2951, #2463 ) ;
#471 = ADVANCED_FACE ( 'NONE', ( #4780 ), #180, .T. ) ;
#472 = ORIENTED_EDGE ( 'NONE', *, *, #4273, .F. ) ;
#473 = VECTOR ( 'NONE', #2576, 1000.000000000000000 ) ;
#474 = DIRECTION ( 'NONE',  ( 1.000000000000000000, 0.000000000000000000, 0.000000000000000000 ) ) ;
#475 = CARTESIAN_POINT ( 'NONE',  ( 0.1499999999994179045, 8.099999999999999645, 26.99999999999786837 ) ) ;
#476 = DIRECTION ( 'NONE',  ( -1.000000000000000000, 0.000000000000000000, 5.782411586589358033E-15 ) ) ;
#477 = EDGE_CURVE ( 'NONE', #2211, #5490, #1727, .T. ) ;
#478 = AXIS2_PLACEMENT_3D ( 'NONE', #2696, #6271, #5315 ) ;
#479 = VERTEX_POINT ( 'NONE', #5809 ) ;
#480 = ORIENTED_EDGE ( 'NONE', *, *, #4108, .T. ) ;
#481 = CIRCLE ( 'NONE', #2190, 0.7000000000000000666 ) ;
#482 = LINE ( 'NONE', #984, #6172 ) ;
#483 = CARTESIAN_POINT ( 'NONE',  ( 0.6500000000015859758, 16.10000000000000142, 2.999999999997892797 ) ) ;
#484 = EDGE_CURVE ( 'NONE', #2574, #5921, #4765, .T. ) ;
#485 = DIRECTION ( 'NONE',  ( -0.000000000000000000, -1.000000000000000000, -0.000000000000000000 ) ) ;
#486 = DIRECTION ( 'NONE',  ( 1.000000000000000000, 0.000000000000000000, 0.000000000000000000 ) ) ;
#487 = AXIS2_PLACEMENT_3D ( 'NONE', #2419, #845, #4403 ) ;
#488 = EDGE_CURVE ( 'NONE', #1421, #560, #3864, .T. ) ;
#489 = ORIENTED_EDGE ( 'NONE', *, *, #6106, .T. ) ;
#490 = DIRECTION ( 'NONE',  ( 1.908195823574485911E-14, -0.000000000000000000, 1.000000000000000000 ) ) ;
#491 = CARTESIAN_POINT ( 'NONE',  ( 5.899999999999417710, 8.799999999999998934, 31.09999999999869758 ) ) ;
#492 = CARTESIAN_POINT ( 'NONE',  ( 59.80000000000161720, 8.799999999999998934, 31.09999999999831743 ) ) ;
#493 = CARTESIAN_POINT ( 'NONE',  ( -3.850000000000442402, 16.39289321881345174, 24.59999999999827480 ) ) ;
#494 = ORIENTED_EDGE ( 'NONE', *, *, #2151, .T. ) ;
#495 = CARTESIAN_POINT ( 'NONE',  ( -3.818757446307832204, 7.570950735129836850, 5.410151321053359830 ) ) ;
#496 = EDGE_CURVE ( 'NONE', #6304, #3125, #5906, .T. ) ;
#497 = AXIS2_PLACEMENT_3D ( 'NONE', #2092, #2635, #1506 ) ;
#498 = ORIENTED_EDGE ( 'NONE', *, *, #3685, .F. ) ;
#499 = EDGE_LOOP ( 'NONE', ( #4578, #1358, #1221, #6393 ) ) ;
#500 = ORIENTED_EDGE ( 'NONE', *, *, #662, .F. ) ;
#501 = CARTESIAN_POINT ( 'NONE',  ( 59.80000000000161720, 8.599999999999999645, 29.84999999999885389 ) ) ;
#502 = CARTESIAN_POINT ( 'NONE',  ( 66.10000000000161435, 11.79999999999999716, 24.59999999999835651 ) ) ;
#503 = VECTOR ( 'NONE', #3930, 1000.000000000000000 ) ;
#504 = CARTESIAN_POINT ( 'NONE',  ( -3.850000003967318118, 5.606579457168183289, 5.399999998709106741 ) ) ;
#505 = EDGE_CURVE ( 'NONE', #1260, #1783, #720, .T. ) ;
#506 = DIRECTION ( 'NONE',  ( 0.000000000000000000, 1.000000000000000000, 0.000000000000000000 ) ) ;
#507 = AXIS2_PLACEMENT_3D ( 'NONE', #5482, #247, #5345 ) ;
#508 = SPHERICAL_SURFACE ( 'NONE', #1315, 0.5000000000000000000 ) ;
#509 = DIRECTION ( 'NONE',  ( 0.000000000000000000, 0.000000000000000000, 1.000000000000000000 ) ) ;
#510 = ADVANCED_FACE ( 'NONE', ( #4299 ), #5841, .T. ) ;
#511 = ADVANCED_FACE ( 'NONE', ( #3827 ), #3932, .T. ) ;
#512 = CARTESIAN_POINT ( 'NONE',  ( -3.849999999999048406, 5.599999999999998757, 24.09999999999827480 ) ) ;
#513 = DIRECTION ( 'NONE',  ( 0.000000000000000000, 0.000000000000000000, -1.000000000000000000 ) ) ;
#514 = CARTESIAN_POINT ( 'NONE',  ( -5.021567956774771046E-17, 16.10000000000000142, -1.100000000000000311 ) ) ;
#515 = EDGE_LOOP ( 'NONE', ( #931, #4427, #2760, #95 ) ) ;
#516 = CARTESIAN_POINT ( 'NONE',  ( 0.1500000000014142520, 8.099999999999999645, 4.899999999998468247 ) ) ;
#517 = CARTESIAN_POINT ( 'NONE',  ( 59.04281086117033084, 16.54003239718139540, 30.32140543058378057 ) ) ;
#518 = DIRECTION ( 'NONE',  ( -0.9510565162951544194, -0.000000000000000000, -0.3090169943749447867 ) ) ;
#519 = CARTESIAN_POINT ( 'NONE',  ( 6.309436930580782033, 16.39167110492534718, 29.84999999999830322 ) ) ;
#520 = VECTOR ( 'NONE', #4557, 1000.000000000000000 ) ;
#521 = ORIENTED_EDGE ( 'NONE', *, *, #3986, .T. ) ;
#522 = AXIS2_PLACEMENT_3D ( 'NONE', #4766, #4216, #1274 ) ;
#523 = CARTESIAN_POINT ( 'NONE',  ( 0.000000000000000000, 8.599999999999999645, 25.09999999999835651 ) ) ;
#524 = CARTESIAN_POINT ( 'NONE',  ( -3.818757446309034354, 7.570950735128700870, 24.58984867894332638 ) ) ;
#525 = ORIENTED_EDGE ( 'NONE', *, *, #5298, .F. ) ;
#526 = AXIS2_PLACEMENT_3D ( 'NONE', #898, #2949, #4502 ) ;
#527 = DIRECTION ( 'NONE',  ( -0.000000000000000000, 0.000000000000000000, 1.000000000000000000 ) ) ;
#528 = ORIENTED_EDGE ( 'NONE', *, *, #5817, .T. ) ;
#529 = FACE_OUTER_BOUND ( 'NONE', #3803, .T. ) ;
#530 = CARTESIAN_POINT ( 'NONE',  ( 6.399999999999418598, 8.799999999999998934, 31.09999999999869758 ) ) ;
#531 = CARTESIAN_POINT ( 'NONE',  ( 18.89999999999941593, 16.60000000000000142, 0.000000000000000000 ) ) ;
#532 = AXIS2_PLACEMENT_3D ( 'NONE', #2153, #6262, #1557 ) ;
#533 = ORIENTED_EDGE ( 'NONE', *, *, #3607, .T. ) ;
#534 = CARTESIAN_POINT ( 'NONE',  ( -3.849999999999122569, 5.599999999999998757, 5.399999999998445155 ) ) ;
#535 = AXIS2_PLACEMENT_3D ( 'NONE', #5601, #1135, #3115 ) ;
#536 = EDGE_CURVE ( 'NONE', #5677, #3334, #4514, .T. ) ;
#537 = CARTESIAN_POINT ( 'NONE',  ( 6.182611862980829542, 16.58479597953470375, 30.45869406850734507 ) ) ;
#538 = EDGE_CURVE ( 'NONE', #3734, #4079, #6444, .T. ) ;
#539 = CYLINDRICAL_SURFACE ( 'NONE', #5342, 0.5000000000000004441 ) ;
#540 = DIRECTION ( 'NONE',  ( 1.000000000000000000, -0.000000000000000000, -1.355252715606892622E-16 ) ) ;
#541 =( BOUNDED_CURVE ( )  B_SPLINE_CURVE ( 3, ( #1588, #1137, #3621, #3652 ),
 .UNSPECIFIED., .F., .T. ) 
 B_SPLINE_CURVE_WITH_KNOTS ( ( 4, 4 ),
 ( 3.141592653589793116, 3.168183159478408673 ),
 .UNSPECIFIED. ) 
 CURVE ( )  GEOMETRIC_REPRESENTATION_ITEM ( )  RATIONAL_B_SPLINE_CURVE ( ( 1.000000000000000000, 0.9999410796176390059, 0.9999410796176390059, 1.000000000000000000 ) ) 
 REPRESENTATION_ITEM ( '' )  );
#542 = AXIS2_PLACEMENT_3D ( 'NONE', #4992, #1839, #3399 ) ;
#543 = CARTESIAN_POINT ( 'NONE',  ( -5.900000000000463096, 16.60000000000000142, 31.09999999999878284 ) ) ;
#544 = CARTESIAN_POINT ( 'NONE',  ( -3.366311896061512599, 7.363630627162360831, 5.899999999998445155 ) ) ;
#545 = EDGE_LOOP ( 'NONE', ( #6621, #1940, #572, #1714 ) ) ;
#546 = EDGE_CURVE ( 'NONE', #3383, #1790, #4828, .T. ) ;
#547 = ORIENTED_EDGE ( 'NONE', *, *, #5512, .F. ) ;
#548 = VECTOR ( 'NONE', #6293, 1000.000000000000000 ) ;
#549 = CARTESIAN_POINT ( 'NONE',  ( 66.10000000000161435, 16.10000000000000142, 31.09999999999827480 ) ) ;
#550 = EDGE_CURVE ( 'NONE', #3334, #2499, #2408, .T. ) ;
#551 = CARTESIAN_POINT ( 'NONE',  ( -0.5999999999984159116, 7.590521286910921539, 24.09999999999827480 ) ) ;
#552 = DIRECTION ( 'NONE',  ( -1.000000000000000000, 0.000000000000000000, 1.908195823574485911E-14 ) ) ;
#553 = DIRECTION ( 'NONE',  ( 1.000000000000000000, 0.000000000000000000, -1.196361017914920171E-16 ) ) ;
#554 = AXIS2_PLACEMENT_3D ( 'NONE', #4324, #6362, #4470 ) ;
#555 = ORIENTED_EDGE ( 'NONE', *, *, #2309, .F. ) ;
#556 = LINE ( 'NONE', #2601, #841 ) ;
#557 = DIRECTION ( 'NONE',  ( 0.000000000000000000, -1.000000000000000000, 0.000000000000000000 ) ) ;
#558 = LINE ( 'NONE', #1698, #2927 ) ;
#559 = DIRECTION ( 'NONE',  ( 5.143428980917867249E-17, 0.000000000000000000, 1.000000000000000000 ) ) ;
#560 = VERTEX_POINT ( 'NONE', #3494 ) ;
#561 = AXIS2_PLACEMENT_3D ( 'NONE', #1677, #5238, #2708 ) ;
#562 = DIRECTION ( 'NONE',  ( -6.994648347254841037E-15, 0.000000000000000000, -1.000000000000000000 ) ) ;
#563 = ORIENTED_EDGE ( 'NONE', *, *, #85, .T. ) ;
#564 = EDGE_LOOP ( 'NONE', ( #5410, #849, #3025, #6581, #1702, #1169 ) ) ;
#565 = FACE_OUTER_BOUND ( 'NONE', #4372, .T. ) ;
#566 = AXIS2_PLACEMENT_3D ( 'NONE', #892, #3974, #1436 ) ;
#567 = DIRECTION ( 'NONE',  ( -0.000000000000000000, -0.000000000000000000, -1.000000000000000000 ) ) ;
#568 = CARTESIAN_POINT ( 'NONE',  ( 66.10000000000161435, 16.60000000000000142, -1.100000000000003419 ) ) ;
#569 = ORIENTED_EDGE ( 'NONE', *, *, #1660, .T. ) ;
#570 = DIRECTION ( 'NONE',  ( 0.000000000000000000, 0.000000000000000000, -1.000000000000000000 ) ) ;
#571 = FACE_OUTER_BOUND ( 'NONE', #2031, .T. ) ;
#572 = ORIENTED_EDGE ( 'NONE', *, *, #6603, .F. ) ;
#573 = ADVANCED_FACE ( 'NONE', ( #2393 ), #879, .T. ) ;
#574 = CARTESIAN_POINT ( 'NONE',  ( 6.041305931490215109, 16.58479597953479256, 30.31738813701676349 ) ) ;
#575 = CARTESIAN_POINT ( 'NONE',  ( -4.004932739884756288, 5.933694952332866812, 5.384161718230900284 ) ) ;
#576 = DIRECTION ( 'NONE',  ( -1.355252715606892622E-16, 0.000000000000000000, -1.000000000000000000 ) ) ;
#577 = DIRECTION ( 'NONE',  ( 1.000000000000000000, 0.000000000000000000, 0.000000000000000000 ) ) ;
#578 = CARTESIAN_POINT ( 'NONE',  ( 64.35000000000097486, 8.900000000000000355, 24.59999999999835651 ) ) ;
#579 = CARTESIAN_POINT ( 'NONE',  ( -4.013709576152548308, 6.080942047187286370, 24.60674056125096243 ) ) ;
#580 = EDGE_CURVE ( 'NONE', #6457, #1612, #5733, .T. ) ;
#581 = DIRECTION ( 'NONE',  ( -1.000000000000000000, 0.000000000000000000, -1.982541115402067279E-14 ) ) ;
#582 = ORIENTED_EDGE ( 'NONE', *, *, #6112, .F. ) ;
#583 = VERTEX_POINT ( 'NONE', #3996 ) ;
#584 = LINE ( 'NONE', #1213, #3926 ) ;
#585 = TOROIDAL_SURFACE ( 'NONE', #4328, 0.1999999999999999833, 0.5000000000000000000 ) ;
#586 = DIRECTION ( 'NONE',  ( 0.000000000000000000, -0.000000000000000000, -1.000000000000000000 ) ) ;
#587 = CARTESIAN_POINT ( 'NONE',  ( -4.195491502811576012, 6.080942047187287258, 24.71225699414272015 ) ) ;
#588 = CARTESIAN_POINT ( 'NONE',  ( -0.09999999999841890919, 7.873770023213991998, 5.626582182924587450 ) ) ;
#589 = AXIS2_PLACEMENT_3D ( 'NONE', #2868, #2430, #4989 ) ;
#590 = CARTESIAN_POINT ( 'NONE',  ( -3.769941761540242631, 7.614529924170072128, 5.426012498519446225 ) ) ;
#591 = DIRECTION ( 'NONE',  ( -0.000000000000000000, -0.000000000000000000, -1.000000000000000000 ) ) ;
#592 = DIRECTION ( 'NONE',  ( -0.000000000000000000, -1.000000000000000000, -0.000000000000000000 ) ) ;
#593 = DIRECTION ( 'NONE',  ( -1.000000000000000000, 0.000000000000000000, 5.143428980917867249E-17 ) ) ;
#594 = ORIENTED_EDGE ( 'NONE', *, *, #2598, .F. ) ;
#595 = AXIS2_PLACEMENT_3D ( 'NONE', #2324, #5419, #1289 ) ;
#596 = CARTESIAN_POINT ( 'NONE',  ( 37.10000000000161435, 8.799999999999998934, 31.09999999999848441 ) ) ;
#597 = ORIENTED_EDGE ( 'NONE', *, *, #1553, .F. ) ;
#598 = VERTEX_POINT ( 'NONE', #943 ) ;
#599 = EDGE_LOOP ( 'NONE', ( #5441, #3749, #2278, #4852 ) ) ;
#600 = CIRCLE ( 'NONE', #2089, 0.6999999999999992895 ) ;
#601 = CARTESIAN_POINT ( 'NONE',  ( 59.80000000000161720, 8.599999999999999645, 29.34999999999885389 ) ) ;
#602 = CARTESIAN_POINT ( 'NONE',  ( -5.900000000000464873, 16.10000000000000142, 30.89999999999878355 ) ) ;
#603 = DIRECTION ( 'NONE',  ( -0.000000000000000000, -1.000000000000000000, 0.000000000000000000 ) ) ;
#604 = EDGE_LOOP ( 'NONE', ( #2327, #1741, #1195, #3829 ) ) ;
#605 = VECTOR ( 'NONE', #3694, 1000.000000000000000 ) ;
#606 = DIRECTION ( 'NONE',  ( 1.000000000000000000, 0.000000000000000000, 0.000000000000000000 ) ) ;
#607 = LINE ( 'NONE', #2076, #5472 ) ;
#608 = VECTOR ( 'NONE', #5322, 1000.000000000000000 ) ;
#609 = AXIS2_PLACEMENT_3D ( 'NONE', #3688, #2694, #4742 ) ;
#610 = EDGE_CURVE ( 'NONE', #4532, #1496, #5414, .T. ) ;
#611 = CARTESIAN_POINT ( 'NONE',  ( -3.882531003217971399, 5.908992088247583041, 5.497001489051101863 ) ) ;
#612 = DIRECTION ( 'NONE',  ( 0.000000000000000000, 1.000000000000000000, -0.000000000000000000 ) ) ;
#613 = CYLINDRICAL_SURFACE ( 'NONE', #1198, 0.5000000000000004441 ) ;
#614 = CARTESIAN_POINT ( 'NONE',  ( 59.11086956521879898, 16.30130716497184551, 30.11086956521658564 ) ) ;
#615 = CARTESIAN_POINT ( 'NONE',  ( -3.858951573455444706, 6.543504956067176970, 24.33997465681785499 ) ) ;
#616 = AXIS2_PLACEMENT_3D ( 'NONE', #4007, #6429, #6495 ) ;
#617 = VERTEX_POINT ( 'NONE', #1426 ) ;
#618 = ORIENTED_EDGE ( 'NONE', *, *, #5871, .T. ) ;
#619 = AXIS2_PLACEMENT_3D ( 'NONE', #2605, #2066, #2503 ) ;
#620 = DIRECTION ( 'NONE',  ( -1.000000000000000000, 0.000000000000000000, 0.000000000000000000 ) ) ;
#621 = FACE_OUTER_BOUND ( 'NONE', #2577, .T. ) ;
#622 = EDGE_CURVE ( 'NONE', #800, #560, #3793, .T. ) ;
#623 = ORIENTED_EDGE ( 'NONE', *, *, #4436, .T. ) ;
#624 = CARTESIAN_POINT ( 'NONE',  ( -4.195491502760728686, 7.048473945416861675, 5.287743005870095381 ) ) ;
#625 = EDGE_CURVE ( 'NONE', #3413, #1280, #1991, .T. ) ;
#626 = CARTESIAN_POINT ( 'NONE',  ( 64.35000000000061959, 8.900000000000000355, 6.099999999998364508 ) ) ;
#627 = CARTESIAN_POINT ( 'NONE',  ( 66.10000000000161435, 8.599999999999999645, -1.100000000000003419 ) ) ;
#628 = DIRECTION ( 'NONE',  ( -1.000000000000000000, -0.000000000000000000, -0.000000000000000000 ) ) ;
#629 = AXIS2_PLACEMENT_3D ( 'NONE', #5224, #117, #5685 ) ;
#630 = EDGE_LOOP ( 'NONE', ( #5553, #3872, #5133, #5339 ) ) ;
#631 = ORIENTED_EDGE ( 'NONE', *, *, #4362, .F. ) ;
#632 = AXIS2_PLACEMENT_3D ( 'NONE', #3294, #4544, #4510 ) ;
#633 = EDGE_CURVE ( 'NONE', #3038, #6010, #1865, .T. ) ;
#634 = ORIENTED_EDGE ( 'NONE', *, *, #4888, .T. ) ;
#635 = ORIENTED_EDGE ( 'NONE', *, *, #284, .F. ) ;
#636 = CARTESIAN_POINT ( 'NONE',  ( 0.1499999999995895450, 8.599999999999999645, 24.59999999999827480 ) ) ;
#637 = CARTESIAN_POINT ( 'NONE',  ( 0.1500000000014130308, 8.251959114677260843, 5.899999999998445155 ) ) ;
#638 = CARTESIAN_POINT ( 'NONE',  ( -5.899999999999137046, 5.099999999999999645, -1.100000000000000089 ) ) ;
#639 = ORIENTED_EDGE ( 'NONE', *, *, #6189, .T. ) ;
#640 = EDGE_CURVE ( 'NONE', #1513, #3858, #3356, .T. ) ;
#641 = AXIS2_PLACEMENT_3D ( 'NONE', #1952, #3984, #2980 ) ;
#642 = SPHERICAL_SURFACE ( 'NONE', #5050, 0.5000000000000000000 ) ;
#643 = DIRECTION ( 'NONE',  ( 2.028744404108457393E-14, 0.000000000000000000, -1.000000000000000000 ) ) ;
#644 = ORIENTED_EDGE ( 'NONE', *, *, #5148, .F. ) ;
#645 = B_SPLINE_CURVE_WITH_KNOTS ( 'NONE', 3,
 ( #2731, #3798, #3263, #1256, #2670, #5352 ),
 .UNSPECIFIED., .F., .F.,
 ( 4, 2, 4 ),
 ( -0.0004449240498166012812, -0.0002245831456094936882, -4.242241402386095258E-06 ),
 .UNSPECIFIED. ) ;
#646 = CARTESIAN_POINT ( 'NONE',  ( 18.19999999999941664, 12.09999999999999964, 31.09999999999861586 ) ) ;
#647 =( NAMED_UNIT ( * ) PLANE_ANGLE_UNIT ( ) SI_UNIT ( $, .RADIAN. ) );
#648 = AXIS2_PLACEMENT_3D ( 'NONE', #3589, #5641, #1686 ) ;
#649 = ORIENTED_EDGE ( 'NONE', *, *, #1858, .T. ) ;
#650 = ORIENTED_EDGE ( 'NONE', *, *, #1537, .T. ) ;
#651 = DIRECTION ( 'NONE',  ( 0.3090169943749444537, 0.000000000000000000, 0.9510565162951545304 ) ) ;
#652 = AXIS2_PLACEMENT_3D ( 'NONE', #3146, #3616, #5667 ) ;
#653 = DIRECTION ( 'NONE',  ( -0.000000000000000000, 0.000000000000000000, 1.000000000000000000 ) ) ;
#654 = CARTESIAN_POINT ( 'NONE',  ( 58.40000000000162572, 10.40000000000000036, 31.59999999999833165 ) ) ;
#655 = CARTESIAN_POINT ( 'NONE',  ( 6.399999999999418598, 16.10000000000000142, 29.84999999999830322 ) ) ;
#656 = CIRCLE ( 'NONE', #1407, 0.5000000000000000000 ) ;
#657 = DIRECTION ( 'NONE',  ( 0.000000000000000000, 0.000000000000000000, 1.000000000000000000 ) ) ;
#658 = CARTESIAN_POINT ( 'NONE',  ( 66.10000000000161435, 16.60000000000000142, 31.09999999999827835 ) ) ;
#659 = LINE ( 'NONE', #1088, #1863 ) ;
#660 = FACE_OUTER_BOUND ( 'NONE', #2780, .T. ) ;
#661 = ORIENTED_EDGE ( 'NONE', *, *, #2528, .T. ) ;
#662 = EDGE_CURVE ( 'NONE', #302, #266, #3159, .T. ) ;
#663 = EDGE_CURVE ( 'NONE', #5262, #3076, #3384, .T. ) ;
#664 = ORIENTED_EDGE ( 'NONE', *, *, #267, .F. ) ;
#665 = ORIENTED_EDGE ( 'NONE', *, *, #5776, .T. ) ;
#666 = ORIENTED_EDGE ( 'NONE', *, *, #2052, .F. ) ;
#667 = DIRECTION ( 'NONE',  ( 0.000000000000000000, -1.000000000000000000, 0.000000000000000000 ) ) ;
#668 = CARTESIAN_POINT ( 'NONE',  ( -3.770807779838165619, 5.599999999999834444, 24.59999999999827480 ) ) ;
#669 = AXIS2_PLACEMENT_3D ( 'NONE', #469, #1954, #1486 ) ;
#670 = CARTESIAN_POINT ( 'NONE',  ( -0.09999999999841796550, 7.590521286910921539, 24.13175416344693147 ) ) ;
#671 = ADVANCED_FACE ( 'NONE', ( #3896 ), #5947, .T. ) ;
#672 = CARTESIAN_POINT ( 'NONE',  ( 64.85000000000060538, 16.60000000000000142, 4.899999999998364331 ) ) ;
#673 = ORIENTED_EDGE ( 'NONE', *, *, #375, .F. ) ;
#674 = AXIS2_PLACEMENT_3D ( 'NONE', #5398, #3339, #6428 ) ;
#675 = ADVANCED_FACE ( 'NONE', ( #5449 ), #4570, .F. ) ;
#676 = B_SPLINE_CURVE_WITH_KNOTS ( 'NONE', 3,
 ( #1177, #209, #5277, #683, #2246, #6296 ),
 .UNSPECIFIED., .F., .F.,
 ( 4, 2, 4 ),
 ( 0.000000000000000000, 0.0001833137555280193499, 0.0003666275110560362604 ),
 .UNSPECIFIED. ) ;
#677 = CARTESIAN_POINT ( 'NONE',  ( -0.09968755885877496337, 7.655446072679302105, 24.31703634340256315 ) ) ;
#678 = CARTESIAN_POINT ( 'NONE',  ( -0.2249999999985016763, 7.921240200794088082, 5.674729451584625828 ) ) ;
#679 = EDGE_CURVE ( 'NONE', #1574, #1691, #2, .T. ) ;
#680 = CARTESIAN_POINT ( 'NONE',  ( -4.068520549333740632, 5.733700679153176161, 5.328998369487994324 ) ) ;
#681 = CARTESIAN_POINT ( 'NONE',  ( -4.195491502811576900, 6.697891065755752216, 24.71225699414272015 ) ) ;
#682 = ORIENTED_EDGE ( 'NONE', *, *, #2546, .T. ) ;
#683 = CARTESIAN_POINT ( 'NONE',  ( -0.1536673872815415010, 7.823795824896673246, 5.890721564224805640 ) ) ;
#684 = VERTEX_POINT ( 'NONE', #3905 ) ;
#685 = EDGE_CURVE ( 'NONE', #5675, #4694, #3530, .T. ) ;
#686 = DIRECTION ( 'NONE',  ( 1.000000000000000000, -0.000000000000000000, 2.775557561562888511E-14 ) ) ;
#687 = DIRECTION ( 'NONE',  ( 1.000000000000000000, 0.000000000000000000, -4.565061778886154824E-17 ) ) ;
#688 = DIRECTION ( 'NONE',  ( 1.000000000000000000, 0.000000000000000000, -5.143428980917867249E-17 ) ) ;
#689 = DIRECTION ( 'NONE',  ( 1.000000000000000000, 0.000000000000000000, 0.000000000000000000 ) ) ;
#690 = EDGE_CURVE ( 'NONE', #5684, #5795, #3311, .T. ) ;
#691 = AXIS2_PLACEMENT_3D ( 'NONE', #2124, #2028, #1048 ) ;
#692 = DIRECTION ( 'NONE',  ( 1.000000000000000000, 0.000000000000000000, 0.000000000000000000 ) ) ;
#693 = CARTESIAN_POINT ( 'NONE',  ( -6.116311896062926579, 5.599999999999990763, 25.33636937283591450 ) ) ;
#694 = ORIENTED_EDGE ( 'NONE', *, *, #847, .F. ) ;
#695 = ORIENTED_EDGE ( 'NONE', *, *, #6445, .T. ) ;
#696 = CIRCLE ( 'NONE', #4117, 0.5000000000000004441 ) ;
#697 = ORIENTED_EDGE ( 'NONE', *, *, #6415, .T. ) ;
#698 = VERTEX_POINT ( 'NONE', #1430 ) ;
#699 = CARTESIAN_POINT ( 'NONE',  ( 59.04827727397796622, 10.67257151919778480, 29.92519364294608053 ) ) ;
#700 = CARTESIAN_POINT ( 'NONE',  ( 36.60000000000162146, 10.40000000000000036, 31.59999999999848441 ) ) ;
#701 = AXIS2_PLACEMENT_3D ( 'NONE', #5901, #1312, #1791 ) ;
#702 = EDGE_CURVE ( 'NONE', #4730, #5001, #2355, .T. ) ;
#703 = CARTESIAN_POINT ( 'NONE',  ( -0.09999999999841796550, 7.726532831565419812, 24.26008766978800324 ) ) ;
#704 = ORIENTED_EDGE ( 'NONE', *, *, #4988, .F. ) ;
#705 = ORIENTED_EDGE ( 'NONE', *, *, #5460, .T. ) ;
#706 = DIRECTION ( 'NONE',  ( 0.000000000000000000, 0.000000000000000000, -1.000000000000000000 ) ) ;
#707 = CARTESIAN_POINT ( 'NONE',  ( 64.35000000000060538, 8.599999999999999645, 5.399999999998364331 ) ) ;
#708 = AXIS2_PLACEMENT_3D ( 'NONE', #5751, #2672, #1153 ) ;
#709 = DIRECTION ( 'NONE',  ( -2.028744404108460548E-14, -0.000000000000000000, 1.000000000000000000 ) ) ;
#710 = CARTESIAN_POINT ( 'NONE',  ( 36.40000000000162572, 8.799999999999998934, 31.59999999999848441 ) ) ;
#711 = AXIS2_PLACEMENT_3D ( 'NONE', #4682, #88, #4136 ) ;
#712 = ORIENTED_EDGE ( 'NONE', *, *, #165, .F. ) ;
#713 = FACE_OUTER_BOUND ( 'NONE', #5942, .T. ) ;
#714 = ORIENTED_EDGE ( 'NONE', *, *, #6005, .T. ) ;
#715 = DIRECTION ( 'NONE',  ( 0.000000000000000000, -1.000000000000000000, 0.000000000000000000 ) ) ;
#716 = ADVANCED_FACE ( 'NONE', ( #3836 ), #3366, .T. ) ;
#717 = CARTESIAN_POINT ( 'NONE',  ( 0.000000000000000000, 8.900000000000000355, 6.099999999998364508 ) ) ;
#718 = EDGE_CURVE ( 'NONE', #3116, #5578, #322, .T. ) ;
#719 = CARTESIAN_POINT ( 'NONE',  ( -0.09999999999841893694, 8.099999999999999645, 4.899999999998445155 ) ) ;
#720 = LINE ( 'NONE', #1319, #3791 ) ;
#721 = CIRCLE ( 'NONE', #2435, 0.5000000000000004441 ) ;
#722 = ORIENTED_EDGE ( 'NONE', *, *, #2776, .T. ) ;
#723 = MANIFOLD_SOLID_BREP ( 'Fillet4', #6469 ) ;
#724 = CARTESIAN_POINT ( 'NONE',  ( -3.849999999942896434, 6.938080467150403940, 5.400000000016345503 ) ) ;
#725 = CARTESIAN_POINT ( 'NONE',  ( 59.80000000000162430, 8.799999999999998934, 31.59999999999832454 ) ) ;
#726 = LINE ( 'NONE', #2130, #3485 ) ;
#727 = DIRECTION ( 'NONE',  ( -1.000000000000000000, 0.000000000000000000, 0.000000000000000000 ) ) ;
#728 = ORIENTED_EDGE ( 'NONE', *, *, #5699, .T. ) ;
#729 = ORIENTED_EDGE ( 'NONE', *, *, #294, .T. ) ;
#730 = EDGE_LOOP ( 'NONE', ( #1770, #1439, #2805, #4048 ) ) ;
#731 = ORIENTED_EDGE ( 'NONE', *, *, #1763, .F. ) ;
#732 = CARTESIAN_POINT ( 'NONE',  ( 0.6499999999994179323, 16.10000000000000142, 26.99999999999791456 ) ) ;
#733 = CARTESIAN_POINT ( 'NONE',  ( -3.770807779836854223, 16.60000000000000142, 4.899999999998446043 ) ) ;
#734 = LINE ( 'NONE', #2335, #1751 ) ;
#735 = CARTESIAN_POINT ( 'NONE',  ( -4.004681099975959668, 5.925523659350218963, 5.384086719225059881 ) ) ;
#736 = ORIENTED_EDGE ( 'NONE', *, *, #2848, .T. ) ;
#737 = AXIS2_PLACEMENT_3D ( 'NONE', #2457, #2286, #3524 ) ;
#738 = DIRECTION ( 'NONE',  ( 0.000000000000000000, 1.000000000000000000, -0.000000000000000000 ) ) ;
#739 = DIRECTION ( 'NONE',  ( -1.000000000000000000, 0.000000000000000000, 5.143428980917867249E-17 ) ) ;
#740 = LINE ( 'NONE', #2820, #1066 ) ;
#741 = EDGE_CURVE ( 'NONE', #583, #5364, #5468, .T. ) ;
#742 = VERTEX_POINT ( 'NONE', #543 ) ;
#743 = ADVANCED_FACE ( 'NONE', ( #76 ), #1108, .T. ) ;
#744 = CIRCLE ( 'NONE', #3953, 0.5000000000000004441 ) ;
#745 = VERTEX_POINT ( 'NONE', #2118 ) ;
#746 = DIRECTION ( 'NONE',  ( -0.000000000000000000, 1.000000000000000000, -0.000000000000000000 ) ) ;
#747 = CYLINDRICAL_SURFACE ( 'NONE', #4237, 0.5000000000000000000 ) ;
#748 = TOROIDAL_SURFACE ( 'NONE', #4394, 1.000000000000000000, 0.5000000000000000000 ) ;
#749 = DIRECTION ( 'NONE',  ( 5.143428980917867249E-17, 0.000000000000000000, 1.000000000000000000 ) ) ;
#750 = ADVANCED_FACE ( 'NONE', ( #4218 ), #6300, .T. ) ;
#751 = VECTOR ( 'NONE', #6164, 1000.000000000000000 ) ;
#752 = EDGE_LOOP ( 'NONE', ( #3370, #5484, #5617, #2475 ) ) ;
#753 = CARTESIAN_POINT ( 'NONE',  ( -0.6324358001786489769, 8.089468096567690836, 8.571103356391326175E-17 ) ) ;
#754 = ADVANCED_FACE ( 'NONE', ( #2555 ), #3214, .T. ) ;
#755 = LINE ( 'NONE', #1255, #272 ) ;
#756 = CARTESIAN_POINT ( 'NONE',  ( 62.00000000000005684, 8.099999999999999645, 2.999999999997893241 ) ) ;
#757 = CARTESIAN_POINT ( 'NONE',  ( -0.09999999999845005094, 8.599999999999999645, 24.59999999999827480 ) ) ;
#758 = VERTEX_POINT ( 'NONE', #5214 ) ;
#759 =( BOUNDED_CURVE ( )  B_SPLINE_CURVE ( 3, ( #5032, #5465, #328, #3913 ),
 .UNSPECIFIED., .F., .T. ) 
 B_SPLINE_CURVE_WITH_KNOTS ( ( 4, 4 ),
 ( 0.7227342478133510495, 1.570796326794895226 ),
 .UNSPECIFIED. ) 
 CURVE ( )  GEOMETRIC_REPRESENTATION_ITEM ( )  RATIONAL_B_SPLINE_CURVE ( ( 1.000000000000000000, 0.9409585518440897189, 0.9409585518440897189, 1.000000000000000000 ) ) 
 REPRESENTATION_ITEM ( '' )  );
#760 = AXIS2_PLACEMENT_3D ( 'NONE', #2663, #114, #1632 ) ;
#761 = ORIENTED_EDGE ( 'NONE', *, *, #5450, .T. ) ;
#762 = ORIENTED_EDGE ( 'NONE', *, *, #3732, .T. ) ;
#763 = ORIENTED_EDGE ( 'NONE', *, *, #2585, .F. ) ;
#764 = CYLINDRICAL_SURFACE ( 'NONE', #3717, 2.350000000000962430 ) ;
#765 = CYLINDRICAL_SURFACE ( 'NONE', #4269, 0.5000000000000004441 ) ;
#766 = DIRECTION ( 'NONE',  ( -1.000000000000000000, 0.000000000000000000, -9.020562075079396891E-14 ) ) ;
#767 = CARTESIAN_POINT ( 'NONE',  ( -2.985811927269651504E-13, 16.60000000000000142, 29.34999999999824638 ) ) ;
#768 = ORIENTED_EDGE ( 'NONE', *, *, #827, .F. ) ;
#769 = ORIENTED_EDGE ( 'NONE', *, *, #2710, .T. ) ;
#770 = VERTEX_POINT ( 'NONE', #4157 ) ;
#771 = AXIS2_PLACEMENT_3D ( 'NONE', #1275, #5406, #773 ) ;
#772 = DIRECTION ( 'NONE',  ( 1.000000000000000000, 0.000000000000000000, 0.000000000000000000 ) ) ;
#773 = DIRECTION ( 'NONE',  ( 0.000000000000000000, -1.000000000000000000, 0.000000000000000000 ) ) ;
#774 = EDGE_CURVE ( 'NONE', #6590, #6352, #2037, .T. ) ;
#775 = CARTESIAN_POINT ( 'NONE',  ( -4.195491502811576900, 5.599999999999998757, 24.71225699414272015 ) ) ;
#776 = EDGE_CURVE ( 'NONE', #4789, #1534, #4592, .T. ) ;
#777 = ORIENTED_EDGE ( 'NONE', *, *, #782, .T. ) ;
#778 = DIRECTION ( 'NONE',  ( 0.000000000000000000, 0.000000000000000000, -1.000000000000000000 ) ) ;
#779 = VERTEX_POINT ( 'NONE', #2657 ) ;
#780 = LINE ( 'NONE', #1826, #2947 ) ;
#781 = DIRECTION ( 'NONE',  ( -1.000000000000000000, 0.000000000000000000, 3.538541870064538530E-14 ) ) ;
#782 = EDGE_CURVE ( 'NONE', #128, #4429, #6100, .T. ) ;
#783 = CARTESIAN_POINT ( 'NONE',  ( -6.600000000000465050, 16.60000000000000142, 30.89999999999878355 ) ) ;
#784 = ORIENTED_EDGE ( 'NONE', *, *, #929, .F. ) ;
#785 = CARTESIAN_POINT ( 'NONE',  ( 66.60000000000161435, 8.900000000000000355, 23.89999999999835723 ) ) ;
#786 = CARTESIAN_POINT ( 'NONE',  ( 18.19999999999941664, 12.09999999999999964, 30.09999999999858389 ) ) ;
#787 = CARTESIAN_POINT ( 'NONE',  ( 66.10000000000161435, 16.10000000000000142, -1.600000000000003419 ) ) ;
#788 = FACE_OUTER_BOUND ( 'NONE', #2478, .T. ) ;
#789 = ORIENTED_EDGE ( 'NONE', *, *, #5752, .T. ) ;
#790 = ORIENTED_EDGE ( 'NONE', *, *, #4604, .F. ) ;
#791 = APPLICATION_CONTEXT ( 'automotive_design' ) ;
#792 = ORIENTED_EDGE ( 'NONE', *, *, #3001, .F. ) ;
#793 = VERTEX_POINT ( 'NONE', #6171 ) ;
#794 = CARTESIAN_POINT ( 'NONE',  ( 6.178594569414809001, 16.54003239718150553, 30.04281086116756683 ) ) ;
#795 = ADVANCED_FACE ( 'NONE', ( #4126 ), #5043, .T. ) ;
#796 = DIRECTION ( 'NONE',  ( -1.000000000000000000, 0.000000000000000000, 1.196361017914920171E-16 ) ) ;
#797 = DIRECTION ( 'NONE',  ( -1.000000000000000000, 0.000000000000000000, 1.908195823574486226E-14 ) ) ;
#798 = ORIENTED_EDGE ( 'NONE', *, *, #5873, .F. ) ;
#799 = AXIS2_PLACEMENT_3D ( 'NONE', #2901, #1465, #3904 ) ;
#800 = VERTEX_POINT ( 'NONE', #1591 ) ;
#801 = ORIENTED_EDGE ( 'NONE', *, *, #5665, .F. ) ;
#802 = ORIENTED_EDGE ( 'NONE', *, *, #4520, .T. ) ;
#803 = CIRCLE ( 'NONE', #4453, 0.5000000000000004441 ) ;
#804 = CARTESIAN_POINT ( 'NONE',  ( 66.10000000000161435, 16.10000000000000142, -1.100000000000003419 ) ) ;
#805 = PLANE ( 'NONE',  #3298 ) ;
#806 = LINE ( 'NONE', #2855, #3976 ) ;
#807 = VECTOR ( 'NONE', #2863, 1000.000000000000000 ) ;
#808 = CYLINDRICAL_SURFACE ( 'NONE', #4710, 0.5000000000000004441 ) ;
#809 = TOROIDAL_SURFACE ( 'NONE', #6369, 0.1999999999999999833, 0.5000000000000000000 ) ;
#810 = CARTESIAN_POINT ( 'NONE',  ( 58.97273875257987896, 16.18849817467385677, 30.10626030210707782 ) ) ;
#811 = EDGE_LOOP ( 'NONE', ( #4003, #2737, #1010, #761, #6499, #62, #4984, #433, #4720, #3184, #5707, #4772, #359 ) ) ;
#812 = FACE_OUTER_BOUND ( 'NONE', #2054, .T. ) ;
#813 = DIRECTION ( 'NONE',  ( 1.355252715606892868E-16, 5.861338315319824747E-33, 1.000000000000000000 ) ) ;
#814 = CIRCLE ( 'NONE', #915, 0.4999999999999988343 ) ;
#815 = DIRECTION ( 'NONE',  ( 0.000000000000000000, 0.000000000000000000, -1.000000000000000000 ) ) ;
#816 = EDGE_LOOP ( 'NONE', ( #857, #4179, #5317, #6162 ) ) ;
#817 = DIRECTION ( 'NONE',  ( -1.000000000000000000, -0.000000000000000000, -0.000000000000000000 ) ) ;
#818 = DIRECTION ( 'NONE',  ( 1.000000000000000000, 0.000000000000000000, 9.020562075079396891E-14 ) ) ;
#819 = FACE_OUTER_BOUND ( 'NONE', #2850, .T. ) ;
#820 = LINE ( 'NONE', #6482, #5217 ) ;
#821 = VERTEX_POINT ( 'NONE', #1076 ) ;
#822 = CARTESIAN_POINT ( 'NONE',  ( 2.175335635996172171E-13, 8.599999999999999645, 31.09999999999874021 ) ) ;
#823 = CARTESIAN_POINT ( 'NONE',  ( 0.6500000000018568702, 16.60000000000000142, 5.871587215293058169E-14 ) ) ;
#824 = DIRECTION ( 'NONE',  ( -0.000000000000000000, -1.000000000000000000, 0.000000000000000000 ) ) ;
#825 = ORIENTED_EDGE ( 'NONE', *, *, #2135, .F. ) ;
#826 = EDGE_CURVE ( 'NONE', #6590, #2263, #2620, .T. ) ;
#827 = EDGE_CURVE ( 'NONE', #1802, #1722, #1717, .T. ) ;
#828 = VERTEX_POINT ( 'NONE', #6438 ) ;
#829 = ORIENTED_EDGE ( 'NONE', *, *, #5096, .T. ) ;
#830 = DIRECTION ( 'NONE',  ( 1.000000000000000000, 0.000000000000000000, 6.938893903907222067E-15 ) ) ;
#831 = CARTESIAN_POINT ( 'NONE',  ( -5.900000000000459544, 16.10000000000000142, 31.59999999999878284 ) ) ;
#832 = CARTESIAN_POINT ( 'NONE',  ( 37.10000000000161435, 10.40000000000000036, 31.09999999999848441 ) ) ;
#833 = LINE ( 'NONE', #2881, #3178 ) ;
#834 = VERTEX_POINT ( 'NONE', #1243 ) ;
#835 = ORIENTED_EDGE ( 'NONE', *, *, #5503, .F. ) ;
#836 = EDGE_CURVE ( 'NONE', #3056, #5921, #4175, .T. ) ;
#837 = EDGE_LOOP ( 'NONE', ( #5403, #1867, #5657 ) ) ;
#838 = CARTESIAN_POINT ( 'NONE',  ( -4.005852119697292046, 5.665599711472475875, 5.349360576608861884 ) ) ;
#839 = CARTESIAN_POINT ( 'NONE',  ( 19.59999999999941522, 8.799999999999998934, 0.000000000000000000 ) ) ;
#840 = ADVANCED_FACE ( 'NONE', ( #6363 ), #808, .T. ) ;
#841 = VECTOR ( 'NONE', #52, 1000.000000000000000 ) ;
#842 = FACE_OUTER_BOUND ( 'NONE', #3591, .T. ) ;
#843 = CARTESIAN_POINT ( 'NONE',  ( 5.699999999999418421, 8.799999999999998934, 31.09999999999870113 ) ) ;
#844 = EDGE_LOOP ( 'NONE', ( #1192, #2681, #4918 ) ) ;
#845 = DIRECTION ( 'NONE',  ( 5.143428980917867249E-17, -0.000000000000000000, 1.000000000000000000 ) ) ;
#846 = CARTESIAN_POINT ( 'NONE',  ( 0.000000000000000000, 6.099999999999999645, 0.000000000000000000 ) ) ;
#847 = EDGE_CURVE ( 'NONE', #1027, #3234, #1931, .T. ) ;
#848 = VECTOR ( 'NONE', #436, 1000.000000000000000 ) ;
#849 = ORIENTED_EDGE ( 'NONE', *, *, #950, .T. ) ;
#850 = DIRECTION ( 'NONE',  ( 0.000000000000000000, 1.000000000000000000, 0.000000000000000000 ) ) ;
#851 = AXIS2_PLACEMENT_3D ( 'NONE', #3465, #1365, #2965 ) ;
#852 = DIRECTION ( 'NONE',  ( 0.5516772843670089133, 0.6255432421718624125, 0.5516772843670083581 ) ) ;
#853 = DIRECTION ( 'NONE',  ( 1.000000000000000000, 0.000000000000000000, -6.938893903907221278E-15 ) ) ;
#854 = CARTESIAN_POINT ( 'NONE',  ( 19.39999999999941593, 16.60000000000000142, 31.09999999999860520 ) ) ;
#855 = CARTESIAN_POINT ( 'NONE',  ( 66.10000000000161435, 11.09999999999999787, 0.000000000000000000 ) ) ;
#856 = VERTEX_POINT ( 'NONE', #1788 ) ;
#857 = ORIENTED_EDGE ( 'NONE', *, *, #6603, .T. ) ;
#858 = ORIENTED_EDGE ( 'NONE', *, *, #2382, .F. ) ;
#859 = FACE_OUTER_BOUND ( 'NONE', #3007, .T. ) ;
#860 = DIRECTION ( 'NONE',  ( -6.994648347254856026E-15, 0.000000000000000000, -1.000000000000000000 ) ) ;
#861 = CARTESIAN_POINT ( 'NONE',  ( 66.10000000000161435, 10.59999999999999787, 0.000000000000000000 ) ) ;
#862 = CARTESIAN_POINT ( 'NONE',  ( -3.609416974773173692, 7.277432511653171510, 24.32620965866487595 ) ) ;
#863 = AXIS2_PLACEMENT_3D ( 'NONE', #5230, #4755, #4309 ) ;
#864 = ADVANCED_FACE ( 'NONE', ( #2277 ), #5274, .T. ) ;
#865 = ORIENTED_EDGE ( 'NONE', *, *, #6117, .F. ) ;
#866 = CIRCLE ( 'NONE', #1075, 0.5000000000000004441 ) ;
#867 = ORIENTED_EDGE ( 'NONE', *, *, #5335, .F. ) ;
#868 = CARTESIAN_POINT ( 'NONE',  ( -3.728647286234543667, 5.770700932095667035, 24.57036763279141312 ) ) ;
#869 = CARTESIAN_POINT ( 'NONE',  ( -3.938282885727291571, 5.703321040595079161, 24.62868484841177974 ) ) ;
#870 = DIRECTION ( 'NONE',  ( 1.000000000000000000, 0.000000000000000000, 0.000000000000000000 ) ) ;
#871 = CARTESIAN_POINT ( 'NONE',  ( -6.116311896062926579, 16.60000000000000142, 25.33636937283591450 ) ) ;
#872 = CIRCLE ( 'NONE', #4746, 0.5000000000000004441 ) ;
#873 = ADVANCED_FACE ( 'NONE', ( #5372 ), #4906, .T. ) ;
#874 = CARTESIAN_POINT ( 'NONE',  ( 58.85000000000107434, 16.43071891388277095, 30.22499999999914166 ) ) ;
#875 = ORIENTED_EDGE ( 'NONE', *, *, #5510, .F. ) ;
#876 = EDGE_CURVE ( 'NONE', #3941, #1802, #5150, .T. ) ;
#877 = CARTESIAN_POINT ( 'NONE',  ( 62.00000000000005684, 8.099999999999999645, 26.99999999999791456 ) ) ;
#878 = AXIS2_PLACEMENT_3D ( 'NONE', #1077, #140, #581 ) ;
#879 = CYLINDRICAL_SURFACE ( 'NONE', #1988, 0.5000000000000000000 ) ;
#880 = AXIS2_PLACEMENT_3D ( 'NONE', #363, #6027, #4072 ) ;
#881 = EDGE_LOOP ( 'NONE', ( #5215, #4107, #3423 ) ) ;
#882 = DIRECTION ( 'NONE',  ( 1.017312411335549241E-14, 0.000000000000000000, -1.000000000000000000 ) ) ;
#883 = FACE_OUTER_BOUND ( 'NONE', #515, .T. ) ;
#884 = CARTESIAN_POINT ( 'NONE',  ( -3.754263541532224302, 5.697599650142031180, 24.59210222210111141 ) ) ;
#885 = AXIS2_PLACEMENT_3D ( 'NONE', #3013, #1097, #965 ) ;
#886 = DIRECTION ( 'NONE',  ( 0.000000000000000000, 0.000000000000000000, 1.000000000000000000 ) ) ;
#887 = EDGE_CURVE ( 'NONE', #3127, #698, #4062, .T. ) ;
#888 = ORIENTED_EDGE ( 'NONE', *, *, #1866, .T. ) ;
#889 = ORIENTED_EDGE ( 'NONE', *, *, #2918, .F. ) ;
#890 = CARTESIAN_POINT ( 'NONE',  ( 6.045751311064020861, 16.60000000000000142, 30.30849737786913423 ) ) ;
#891 = CARTESIAN_POINT ( 'NONE',  ( 7.099999999999418776, 12.59999999999999964, 31.09999999999869047 ) ) ;
#892 = CARTESIAN_POINT ( 'NONE',  ( -3.770807779838181162, 5.599999999999998757, 25.09999999999827480 ) ) ;
#893 = DIRECTION ( 'NONE',  ( 0.000000000000000000, 1.000000000000000000, -0.000000000000000000 ) ) ;
#894 = ORIENTED_EDGE ( 'NONE', *, *, #5309, .F. ) ;
#895 = VERTEX_POINT ( 'NONE', #3782 ) ;
#896 = CARTESIAN_POINT ( 'NONE',  ( -3.924228295346264161, 5.626587372532819487, 5.375881764822366016 ) ) ;
#897 = EDGE_CURVE ( 'NONE', #4112, #6304, #740, .T. ) ;
#898 = CARTESIAN_POINT ( 'NONE',  ( 0.1499999999995888234, 8.251959114679332075, 24.09999999999827835 ) ) ;
#899 = PLANE ( 'NONE',  #5062 ) ;
#900 = CIRCLE ( 'NONE', #691, 0.6999999999999992895 ) ;
#901 = CARTESIAN_POINT ( 'NONE',  ( 2.999999999999780620, 8.599999999999999645, 0.6499999999994765520 ) ) ;
#902 = AXIS2_PLACEMENT_3D ( 'NONE', #2629, #1598, #113 ) ;
#903 = ADVANCED_FACE ( 'NONE', ( #4867 ), #3497, .F. ) ;
#904 = CARTESIAN_POINT ( 'NONE',  ( 2.999999999999780620, 16.10000000000000142, 26.99999999999791456 ) ) ;
#905 = ORIENTED_EDGE ( 'NONE', *, *, #5929, .F. ) ;
#906 = ADVANCED_FACE ( 'NONE', ( #5506 ), #971, .T. ) ;
#907 = DIRECTION ( 'NONE',  ( -0.9966665030403836223, 0.08158358730316407625, 0.000000000000000000 ) ) ;
#908 = DIRECTION ( 'NONE',  ( -0.3090169943749447867, 0.000000000000000000, 0.9510565162951544194 ) ) ;
#909 = AXIS2_PLACEMENT_3D ( 'NONE', #4841, #3786, #1758 ) ;
#910 = CARTESIAN_POINT ( 'NONE',  ( 6.833012701891655105, 16.10000000000000142, 30.09999999999835296 ) ) ;
#911 = ADVANCED_FACE ( 'NONE', ( #6065 ), #1487, .T. ) ;
#912 = EDGE_CURVE ( 'NONE', #4764, #6032, #5074, .T. ) ;
#913 = TOROIDAL_SURFACE ( 'NONE', #3687, 1.200000000000000178, 0.5000000000000000000 ) ;
#914 = CARTESIAN_POINT ( 'NONE',  ( -3.149999999999051337, 6.697891065755752216, 5.899999999998444267 ) ) ;
#915 = AXIS2_PLACEMENT_3D ( 'NONE', #5321, #1635, #4820 ) ;
#916 = ADVANCED_FACE ( 'NONE', ( #4471 ), #3988, .T. ) ;
#917 = DIRECTION ( 'NONE',  ( 0.000000000000000000, 0.000000000000000000, 1.000000000000000000 ) ) ;
#918 = VECTOR ( 'NONE', #2800, 1000.000000000000000 ) ;
#919 = CARTESIAN_POINT ( 'NONE',  ( 66.10000000000161435, 16.10000000000000142, 25.09999999999835651 ) ) ;
#920 = VECTOR ( 'NONE', #6608, 1000.000000000000000 ) ;
#921 = VERTEX_POINT ( 'NONE', #901 ) ;
#922 = ORIENTED_EDGE ( 'NONE', *, *, #3818, .T. ) ;
#923 = DIRECTION ( 'NONE',  ( -9.033211100425053116E-14, 0.000000000000000000, 1.000000000000000000 ) ) ;
#924 = DIRECTION ( 'NONE',  ( 1.734723475976807883E-15, 0.000000000000000000, 1.000000000000000000 ) ) ;
#925 = LINE ( 'NONE', #2407, #1965 ) ;
#926 = CARTESIAN_POINT ( 'NONE',  ( 59.10000000000161435, 8.799999999999998934, 29.84999999999885389 ) ) ;
#927 = AXIS2_PLACEMENT_3D ( 'NONE', #6170, #3122, #5399 ) ;
#928 = CARTESIAN_POINT ( 'NONE',  ( -0.1536673872819390996, 7.823795824897497475, 24.10927843577203689 ) ) ;
#929 = EDGE_CURVE ( 'NONE', #5497, #479, #2516, .T. ) ;
#930 = ORIENTED_EDGE ( 'NONE', *, *, #4652, .T. ) ;
#931 = ORIENTED_EDGE ( 'NONE', *, *, #53, .T. ) ;
#932 = VECTOR ( 'NONE', #3340, 1000.000000000000000 ) ;
#933 = CARTESIAN_POINT ( 'NONE',  ( -3.694779948902975342, 5.824069197902264072, 24.54708433572334414 ) ) ;
#934 = LINE ( 'NONE', #2512, #1956 ) ;
#935 = CARTESIAN_POINT ( 'NONE',  ( -0.5999999999984184651, 7.590521286910921539, 5.899999999998444267 ) ) ;
#936 = LINE ( 'NONE', #5941, #2837 ) ;
#937 = ORIENTED_EDGE ( 'NONE', *, *, #5388, .F. ) ;
#938 = DIRECTION ( 'NONE',  ( -0.000000000000000000, 1.000000000000000000, 0.000000000000000000 ) ) ;
#939 = CARTESIAN_POINT ( 'NONE',  ( 64.55710678118752810, 8.099999999999999645, 24.80710678118489909 ) ) ;
#940 = CARTESIAN_POINT ( 'NONE',  ( -0.09999999999841920062, 6.599999999999999645, 5.143428980836559880E-18 ) ) ;
#941 = ADVANCED_FACE ( 'NONE', ( #842 ), #748, .F. ) ;
#942 = EDGE_CURVE ( 'NONE', #3787, #2239, #325, .T. ) ;
#943 = CARTESIAN_POINT ( 'NONE',  ( -6.116311896062926579, 16.10000000000000142, 25.33636937283591450 ) ) ;
#944 = CIRCLE ( 'NONE', #4601, 0.5000000000000004441 ) ;
#945 = DIRECTION ( 'NONE',  ( 0.000000000000000000, 1.000000000000000000, -0.000000000000000000 ) ) ;
#946 = AXIS2_PLACEMENT_3D ( 'NONE', #3338, #1336, #4892 ) ;
#947 = EDGE_CURVE ( 'NONE', #1155, #3076, #470, .T. ) ;
#948 = CARTESIAN_POINT ( 'NONE',  ( 0.000000000000000000, 16.60000000000000142, 25.09999999999835651 ) ) ;
#949 = CARTESIAN_POINT ( 'NONE',  ( -4.017702709478030876, 5.686490654971971814, 24.65448991341917306 ) ) ;
#950 = EDGE_CURVE ( 'NONE', #3941, #1270, #329, .T. ) ;
#951 = ORIENTED_EDGE ( 'NONE', *, *, #4067, .T. ) ;
#952 = ORIENTED_EDGE ( 'NONE', *, *, #3768, .F. ) ;
#953 = CARTESIAN_POINT ( 'NONE',  ( -5.961803398875454185, 5.599999999999998757, 25.81189763098349133 ) ) ;
#954 = CARTESIAN_POINT ( 'NONE',  ( -3.849999999999051514, 6.579076116122341666, 5.721494820101303169 ) ) ;
#955 = FACE_OUTER_BOUND ( 'NONE', #3610, .T. ) ;
#956 = ADVANCED_FACE ( 'NONE', ( #6099 ), #1418, .T. ) ;
#957 = DIRECTION ( 'NONE',  ( -1.000000000000000000, 0.000000000000000000, -2.028744404108460548E-14 ) ) ;
#958 = EDGE_LOOP ( 'NONE', ( #2168, #4854, #2315, #271 ) ) ;
#959 = CARTESIAN_POINT ( 'NONE',  ( -3.604528795093752347, 7.230247689110584908, 5.899999999998443379 ) ) ;
#960 = B_SPLINE_CURVE_WITH_KNOTS ( 'NONE', 3,
 ( #4850, #4712, #4233, #186, #2698, #4200, #6245, #6277 ),
 .UNSPECIFIED., .F., .F.,
 ( 4, 2, 2, 4 ),
 ( 0.000000000000000000, 0.0003372482478201916756, 0.0005058723717302885704, 0.0006744964956403854111 ),
 .UNSPECIFIED. ) ;
#961 = VECTOR ( 'NONE', #240, 1000.000000000000000 ) ;
#962 = ORIENTED_EDGE ( 'NONE', *, *, #6005, .F. ) ;
#963 = CARTESIAN_POINT ( 'NONE',  ( 36.60000000000162146, 8.799999999999998934, 31.59999999999848441 ) ) ;
#964 = VERTEX_POINT ( 'NONE', #1893 ) ;
#965 = DIRECTION ( 'NONE',  ( -1.000000000000000000, 0.000000000000000000, 0.000000000000000000 ) ) ;
#966 = CIRCLE ( 'NONE', #2688, 0.5000000000000004441 ) ;
#967 = CARTESIAN_POINT ( 'NONE',  ( 36.40000000000161862, 8.799999999999998934, 31.09999999999848797 ) ) ;
#968 = EDGE_CURVE ( 'NONE', #4822, #5429, #3925, .T. ) ;
#969 = FACE_OUTER_BOUND ( 'NONE', #1781, .T. ) ;
#970 = B_SPLINE_CURVE_WITH_KNOTS ( 'NONE', 3,
 ( #896, #838, #1307, #2412, #4393, #1889 ),
 .UNSPECIFIED., .F., .F.,
 ( 4, 2, 4 ),
 ( 7.835039329074559942E-05, 0.0003642437985944244646, 0.0006501372038981033299 ),
 .UNSPECIFIED. ) ;
#971 = CYLINDRICAL_SURFACE ( 'NONE', #3098, 0.6999999999999992895 ) ;
#972 = CIRCLE ( 'NONE', #2584, 0.5000000000000000000 ) ;
#973 = CARTESIAN_POINT ( 'NONE',  ( 6.556565575718168226, 16.48369125327610263, 30.27171721213143485 ) ) ;
#974 = ORIENTED_EDGE ( 'NONE', *, *, #2185, .F. ) ;
#975 = FACE_OUTER_BOUND ( 'NONE', #3285, .T. ) ;
#976 = CARTESIAN_POINT ( 'NONE',  ( 5.307812805082040004E-15, 16.60000000000000142, 0.1499999999995826616 ) ) ;
#977 = EDGE_CURVE ( 'NONE', #2787, #598, #5476, .T. ) ;
#978 = DIRECTION ( 'NONE',  ( -1.017312411335546717E-14, -0.000000000000000000, 1.000000000000000000 ) ) ;
#979 = ORIENTED_EDGE ( 'NONE', *, *, #836, .T. ) ;
#980 = EDGE_LOOP ( 'NONE', ( #4171, #5660, #2752, #4342, #2869 ) ) ;
#981 = PRODUCT_DEFINITION_CONTEXT ( 'detailed design', #791, 'design' ) ;
#982 = AXIS2_PLACEMENT_3D ( 'NONE', #306, #5444, #2887 ) ;
#983 = EDGE_CURVE ( 'NONE', #1158, #3813, #2680, .T. ) ;
#984 = CARTESIAN_POINT ( 'NONE',  ( 64.35000000000050591, 16.10000000000000142, -1.227924012470191182E-12 ) ) ;
#985 = CARTESIAN_POINT ( 'NONE',  ( 18.89999999999941593, 16.60000000000000142, 30.09999999999860165 ) ) ;
#986 = DIRECTION ( 'NONE',  ( 0.000000000000000000, 0.000000000000000000, -1.000000000000000000 ) ) ;
#987 = AXIS2_PLACEMENT_3D ( 'NONE', #4796, #2612, #4664 ) ;
#988 = EDGE_LOOP ( 'NONE', ( #3724, #6490, #5595, #1166 ) ) ;
#989 = DIRECTION ( 'NONE',  ( 0.000000000000000000, 0.000000000000000000, -1.000000000000000000 ) ) ;
#990 = CARTESIAN_POINT ( 'NONE',  ( 64.85000000000060538, 11.79999999999999716, 5.399999999998364331 ) ) ;
#991 = DIRECTION ( 'NONE',  ( -6.994648347254856026E-15, 0.000000000000000000, -1.000000000000000000 ) ) ;
#992 = AXIS2_PLACEMENT_3D ( 'NONE', #5716, #4234, #2093 ) ;
#993 = DIRECTION ( 'NONE',  ( 0.000000000000000000, -1.000000000000000000, 0.000000000000000000 ) ) ;
#994 = DIRECTION ( 'NONE',  ( -1.000000000000000000, 0.000000000000000000, 6.994648347254856026E-15 ) ) ;
#995 = ORIENTED_EDGE ( 'NONE', *, *, #6216, .T. ) ;
#996 = DIRECTION ( 'NONE',  ( 0.000000000000000000, 0.000000000000000000, 1.000000000000000000 ) ) ;
#997 = ADVANCED_FACE ( 'NONE', ( #5633 ), #6200, .F. ) ;
#998 = ORIENTED_EDGE ( 'NONE', *, *, #3822, .T. ) ;
#999 = LINE ( 'NONE', #601, #6136 ) ;
#1000 = CARTESIAN_POINT ( 'NONE',  ( -3.349999999999051070, 6.099999999999999645, 5.899999999998444267 ) ) ;
#1001 = CARTESIAN_POINT ( 'NONE',  ( -3.770807783855712803, 5.604423295295481111, 5.399999999998444267 ) ) ;
#1002 = CARTESIAN_POINT ( 'NONE',  ( -6.207957876571526357E-13, 16.10000000000000142, 30.59999999999821441 ) ) ;
#1003 = CARTESIAN_POINT ( 'NONE',  ( 5.899999999999417710, 16.60000000000000142, 30.59999999999833520 ) ) ;
#1004 = AXIS2_PLACEMENT_3D ( 'NONE', #5065, #464, #2508 ) ;
#1005 = DIRECTION ( 'NONE',  ( -0.000000000000000000, 0.000000000000000000, 1.000000000000000000 ) ) ;
#1006 = DIRECTION ( 'NONE',  ( -0.000000000000000000, -0.000000000000000000, -1.000000000000000000 ) ) ;
#1007 =( BOUNDED_SURFACE ( )  B_SPLINE_SURFACE ( 3, 2, ( 
 ( #5933, #5471, #4936 ),
 ( #2979, #1442, #4432 ),
 ( #933, #4533, #3921 ),
 ( #337, #1816, #3449 ),
 ( #2381, #6466, #5895 ),
 ( #868, #5973, #3415 ),
 ( #4971, #4467, #3950 ),
 ( #6002, #1413, #5501 ),
 ( #1979, #6562, #3 ),
 ( #2103, #2544, #3547 ) ),
 .UNSPECIFIED., .F., .F., .T. ) 
 B_SPLINE_SURFACE_WITH_KNOTS ( ( 4, 2, 2, 2, 4 ),
 ( 3, 3 ),
 ( 0.000000000000000000, 6.063488458802440120E-05, 0.0001212697691760488024, 0.0002425395383520976048, 0.0004850790767041952096 ),
 ( 0.000000000000000000, 1.000000000000000000 ),
 .UNSPECIFIED. ) 
 GEOMETRIC_REPRESENTATION_ITEM ( )  RATIONAL_B_SPLINE_SURFACE ( (
 ( 1.000000000000000000, 0.9079695759379379227, 1.000000000000000000),
 ( 1.000000000000000000, 0.9203946685594418531, 1.000000000000000000),
 ( 1.000000000000000000, 0.9298597088052305004, 1.000000000000000000),
 ( 1.000000000000000000, 0.9449209450399200794, 1.000000000000000000),
 ( 1.000000000000000000, 0.9505722976353785381, 1.000000000000000000),
 ( 1.000000000000000000, 0.9644440161642358067, 1.000000000000000000),
 ( 1.000000000000000000, 0.9697807958290309838, 1.000000000000000000),
 ( 1.000000000000000000, 0.9819731539223213179, 1.000000000000000000),
 ( 1.000000000000000000, 0.9847944761355545973, 1.000000000000000000),
 ( 1.000000000000000000, 0.9876032380147394818, 1.000000000000000000) ) ) 
 REPRESENTATION_ITEM ( '' )  SURFACE ( )  );
#1008 = VECTOR ( 'NONE', #3291, 1000.000000000000000 ) ;
#1009 = ORIENTED_EDGE ( 'NONE', *, *, #3501, .T. ) ;
#1010 = ORIENTED_EDGE ( 'NONE', *, *, #2135, .T. ) ;
#1011 = VECTOR ( 'NONE', #3890, 1000.000000000000000 ) ;
#1012 = DIRECTION ( 'NONE',  ( 0.000000000000000000, 0.000000000000000000, 1.000000000000000000 ) ) ;
#1013 = CARTESIAN_POINT ( 'NONE',  ( 59.30849737787212206, 16.60000000000000142, 30.45424868893467618 ) ) ;
#1014 = DIRECTION ( 'NONE',  ( -0.000000000000000000, 1.000000000000000000, 0.000000000000000000 ) ) ;
#1015 = DIRECTION ( 'NONE',  ( 0.000000000000000000, -1.000000000000000000, 0.000000000000000000 ) ) ;
#1016 = EDGE_LOOP ( 'NONE', ( #2099, #1611, #1909 ) ) ;
#1017 = CARTESIAN_POINT ( 'NONE',  ( -3.770807779836854223, 16.60000000000000142, 4.899999999998446043 ) ) ;
#1018 = CARTESIAN_POINT ( 'NONE',  ( 58.40000000000161862, 10.40000000000000036, 0.000000000000000000 ) ) ;
#1019 = FACE_OUTER_BOUND ( 'NONE', #1377, .T. ) ;
#1020 = CIRCLE ( 'NONE', #1570, 0.6999999999999992895 ) ;
#1021 = DIRECTION ( 'NONE',  ( 0.000000000000000000, 0.000000000000000000, 1.000000000000000000 ) ) ;
#1022 = ORIENTED_EDGE ( 'NONE', *, *, #1910, .F. ) ;
#1023 = CARTESIAN_POINT ( 'NONE',  ( -4.195491502811576900, 6.697891065755752216, 24.71225699414272015 ) ) ;
#1024 = EDGE_CURVE ( 'NONE', #6045, #3446, #1510, .T. ) ;
#1025 = AXIS2_PLACEMENT_3D ( 'NONE', #1697, #5256, #152 ) ;
#1026 = EDGE_CURVE ( 'NONE', #1792, #3734, #5154, .T. ) ;
#1027 = VERTEX_POINT ( 'NONE', #4697 ) ;
#1028 = ORIENTED_EDGE ( 'NONE', *, *, #1589, .F. ) ;
#1029 = ORIENTED_EDGE ( 'NONE', *, *, #1285, .F. ) ;
#1030 = FACE_OUTER_BOUND ( 'NONE', #6424, .T. ) ;
#1031 = VECTOR ( 'NONE', #5772, 1000.000000000000000 ) ;
#1032 = CARTESIAN_POINT ( 'NONE',  ( -3.925316277024328837, 5.600000000000004086, 5.375528258146021976 ) ) ;
#1033 = ADVANCED_FACE ( 'NONE', ( #4635 ), #2145, .T. ) ;
#1034 = EDGE_CURVE ( 'NONE', #1848, #4285, #3426, .T. ) ;
#1035 = DIRECTION ( 'NONE',  ( 0.000000000000000000, -1.000000000000000000, 0.000000000000000000 ) ) ;
#1036 = DIRECTION ( 'NONE',  ( 0.000000000000000000, 0.000000000000000000, -1.000000000000000000 ) ) ;
#1037 = AXIS2_PLACEMENT_3D ( 'NONE', #2656, #4125, #4671 ) ;
#1038 = ADVANCED_FACE ( 'NONE', ( #571 ), #5730, .T. ) ;
#1039 = CARTESIAN_POINT ( 'NONE',  ( -3.708082393722639480, 5.806849685429484431, 5.444692945040027432 ) ) ;
#1040 = DIRECTION ( 'NONE',  ( 0.000000000000000000, -1.000000000000000000, 0.000000000000000000 ) ) ;
#1041 = CARTESIAN_POINT ( 'NONE',  ( 0.6499999999995895728, 8.599999999999999645, 25.09999999999832099 ) ) ;
#1042 = CARTESIAN_POINT ( 'NONE',  ( -3.883266955088948258, 6.467607780506806847, 24.42098003766334458 ) ) ;
#1043 = ORIENTED_EDGE ( 'NONE', *, *, #4103, .T. ) ;
#1044 = VERTEX_POINT ( 'NONE', #5106 ) ;
#1045 =( BOUNDED_SURFACE ( )  B_SPLINE_SURFACE ( 3, 2, ( 
 ( #2481, #3580, #1032 ),
 ( #1001, #504, #2548 ),
 ( #3451, #4571, #406 ),
 ( #3015, #3079, #6596 ) ),
 .UNSPECIFIED., .F., .F., .F. ) 
 B_SPLINE_SURFACE_WITH_KNOTS ( ( 4, 4 ),
 ( 3, 3 ),
 ( 0.1714173692038596097, 0.1786032751444852629 ),
 ( 0.000000000000000000, 1.000000000000000000 ),
 .UNSPECIFIED. ) 
 GEOMETRIC_REPRESENTATION_ITEM ( )  RATIONAL_B_SPLINE_SURFACE ( (
 ( 1.000000000000000000, 0.9876883405951379924, 1.000000000000000000),
 ( 1.000000000000000000, 0.9876883413445309845, 1.000000000000000000),
 ( 1.000000000000000000, 0.9876600780983164629, 1.000000000000000000),
 ( 1.000000000000000000, 0.9876032380139578848, 1.000000000000000000) ) ) 
 REPRESENTATION_ITEM ( '' )  SURFACE ( )  );
#1046 = LINE ( 'NONE', #42, #920 ) ;
#1047 = EDGE_CURVE ( 'NONE', #447, #2220, #1619, .T. ) ;
#1048 = DIRECTION ( 'NONE',  ( -1.000000000000000000, 0.000000000000000000, 4.956352788505168198E-15 ) ) ;
#1049 = DIRECTION ( 'NONE',  ( 0.000000000000000000, 1.000000000000000000, 0.000000000000000000 ) ) ;
#1050 = CIRCLE ( 'NONE', #3189, 0.4999999999999997224 ) ;
#1051 = DIRECTION ( 'NONE',  ( -0.000000000000000000, -1.000000000000000000, -0.000000000000000000 ) ) ;
#1052 = CARTESIAN_POINT ( 'NONE',  ( -0.09999999999841925613, 8.099999999999999645, -1.100000000000000311 ) ) ;
#1053 = CARTESIAN_POINT ( 'NONE',  ( 0.000000000000000000, 11.79999999999999716, 23.89999999999835723 ) ) ;
#1054 = CARTESIAN_POINT ( 'NONE',  ( 0.6499999999995895728, 16.60000000000000142, 25.09999999999832099 ) ) ;
#1055 = ORIENTED_EDGE ( 'NONE', *, *, #5929, .T. ) ;
#1056 = EDGE_CURVE ( 'NONE', #3324, #5497, #6165, .T. ) ;
#1057 = FACE_OUTER_BOUND ( 'NONE', #2582, .T. ) ;
#1058 = ORIENTED_EDGE ( 'NONE', *, *, #3323, .F. ) ;
#1059 = VECTOR ( 'NONE', #591, 1000.000000000000000 ) ;
#1060 = DIRECTION ( 'NONE',  ( -0.000000000000000000, 1.000000000000000000, -0.000000000000000000 ) ) ;
#1061 = EDGE_LOOP ( 'NONE', ( #1669, #4882, #3209, #1887 ) ) ;
#1062 = CARTESIAN_POINT ( 'NONE',  ( -3.349999999999050182, 6.088535583384737215, 24.21740389091242562 ) ) ;
#1063 = CARTESIAN_POINT ( 'NONE',  ( -3.754259787661959891, 5.697580535005839053, 5.407901039990050229 ) ) ;
#1064 = EDGE_CURVE ( 'NONE', #800, #4935, #1583, .T. ) ;
#1065 = LINE ( 'NONE', #4245, #5704 ) ;
#1066 = VECTOR ( 'NONE', #1822, 1000.000000000000000 ) ;
#1067 = ORIENTED_EDGE ( 'NONE', *, *, #5776, .F. ) ;
#1068 = CARTESIAN_POINT ( 'NONE',  ( -4.349999999999049294, 5.099999999999999645, 24.23672873599514688 ) ) ;
#1069 = DIRECTION ( 'NONE',  ( 0.3090169943749447867, -0.9510565162951544194, 0.000000000000000000 ) ) ;
#1070 = CIRCLE ( 'NONE', #1937, 0.6999999999999992895 ) ;
#1071 = CARTESIAN_POINT ( 'NONE',  ( 66.60000000000161435, 16.10000000000000142, 25.09999999999835651 ) ) ;
#1072 = CARTESIAN_POINT ( 'NONE',  ( -0.09999999999841790999, 5.599999999999998757, 25.09999999999827480 ) ) ;
#1073 = DIRECTION ( 'NONE',  ( -1.000000000000000000, 0.000000000000000000, 0.000000000000000000 ) ) ;
#1074 = DIRECTION ( 'NONE',  ( -1.908195823574485911E-14, 5.296307347064888731E-28, -1.000000000000000000 ) ) ;
#1075 = AXIS2_PLACEMENT_3D ( 'NONE', #2466, #485, #4618 ) ;
#1076 = CARTESIAN_POINT ( 'NONE',  ( 58.40000000000161862, 11.09999999999999787, 30.09999999999939746 ) ) ;
#1077 = CARTESIAN_POINT ( 'NONE',  ( 36.40000000000161862, 8.799999999999998934, 30.09999999999895337 ) ) ;
#1078 = ORIENTED_EDGE ( 'NONE', *, *, #3840, .F. ) ;
#1079 = VERTEX_POINT ( 'NONE', #2176 ) ;
#1080 = ADVANCED_FACE ( 'NONE', ( #1518 ), #4149, .T. ) ;
#1081 = CIRCLE ( 'NONE', #2253, 0.5000000000000004441 ) ;
#1082 = DIRECTION ( 'NONE',  ( 1.000000000000000000, 0.000000000000000000, 0.000000000000000000 ) ) ;
#1083 = DIRECTION ( 'NONE',  ( -1.000000000000000000, 0.000000000000000000, 2.081668171172166620E-14 ) ) ;
#1084 = FACE_OUTER_BOUND ( 'NONE', #6287, .T. ) ;
#1085 = DIRECTION ( 'NONE',  ( 1.000000000000000000, 0.000000000000000000, 0.000000000000000000 ) ) ;
#1086 = CIRCLE ( 'NONE', #237, 0.5000000000000001110 ) ;
#1087 = CARTESIAN_POINT ( 'NONE',  ( -6.106520656366103251E-13, 8.099999999999999645, 30.09999999999821441 ) ) ;
#1088 = CARTESIAN_POINT ( 'NONE',  ( -0.5999999999984191312, 6.099999999999999645, 3.086057388542589536E-17 ) ) ;
#1089 = CARTESIAN_POINT ( 'NONE',  ( 66.10000000000161435, 8.900000000000000355, 5.399999999998364331 ) ) ;
#1090 = ORIENTED_EDGE ( 'NONE', *, *, #2519, .T. ) ;
#1091 = CIRCLE ( 'NONE', #4847, 0.5000000000000004441 ) ;
#1092 = LINE ( 'NONE', #5688, #3105 ) ;
#1093 = ORIENTED_EDGE ( 'NONE', *, *, #1246, .T. ) ;
#1094 = EDGE_CURVE ( 'NONE', #5834, #4824, #3675, .T. ) ;
#1095 = EDGE_LOOP ( 'NONE', ( #3814, #665, #1901, #1648, #5349, #1174, #5836, #5886, #276, #634, #2533, #1339, #1682, #2390, #1200, #3498 ) ) ;
#1096 = ORIENTED_EDGE ( 'NONE', *, *, #5348, .F. ) ;
#1097 = DIRECTION ( 'NONE',  ( -0.000000000000000000, -0.000000000000000000, -1.000000000000000000 ) ) ;
#1098 = AXIS2_PLACEMENT_3D ( 'NONE', #4559, #458, #6055 ) ;
#1099 = CARTESIAN_POINT ( 'NONE',  ( -0.09999999999841795162, 7.951085535071429788, 24.42511608477777685 ) ) ;
#1100 = EDGE_LOOP ( 'NONE', ( #121, #2039, #2558, #3206 ) ) ;
#1101 = CYLINDRICAL_SURFACE ( 'NONE', #4831, 0.5000000000000004441 ) ;
#1102 = LINE ( 'NONE', #4210, #2997 ) ;
#1103 = DIRECTION ( 'NONE',  ( -1.387778780781444413E-14, 0.000000000000000000, -1.000000000000000000 ) ) ;
#1104 = CARTESIAN_POINT ( 'NONE',  ( -3.871342287917511893, 5.838154500512225731, 5.457965040333214723 ) ) ;
#1105 = DIRECTION ( 'NONE',  ( 0.000000000000000000, 0.000000000000000000, -1.000000000000000000 ) ) ;
#1106 = CARTESIAN_POINT ( 'NONE',  ( -0.09999999999841790999, 8.099999999999999645, 25.09999999999827480 ) ) ;
#1107 = CYLINDRICAL_SURFACE ( 'NONE', #6501, 0.5000000000000004441 ) ;
#1108 = PLANE ( 'NONE',  #2566 ) ;
#1109 = EDGE_CURVE ( 'NONE', #4857, #5969, #6211, .T. ) ;
#1110 = ORIENTED_EDGE ( 'NONE', *, *, #897, .T. ) ;
#1111 = EDGE_CURVE ( 'NONE', #5394, #2802, #1102, .T. ) ;
#1112 = ORIENTED_EDGE ( 'NONE', *, *, #6542, .F. ) ;
#1113 = CARTESIAN_POINT ( 'NONE',  ( -0.09999999999841893694, 5.599999999999998757, 4.899999999998445155 ) ) ;
#1114 = AXIS2_PLACEMENT_3D ( 'NONE', #3107, #5625, #1977 ) ;
#1115 = DIRECTION ( 'NONE',  ( 5.143428980917867249E-17, 0.000000000000000000, 1.000000000000000000 ) ) ;
#1116 = EDGE_CURVE ( 'NONE', #4286, #1815, #216, .T. ) ;
#1117 = CIRCLE ( 'NONE', #4121, 2.850000000000362466 ) ;
#1118 = ORIENTED_EDGE ( 'NONE', *, *, #5219, .F. ) ;
#1119 = PLANE ( 'NONE',  #3939 ) ;
#1120 = EDGE_CURVE ( 'NONE', #5691, #3125, #1400, .T. ) ;
#1121 = CARTESIAN_POINT ( 'NONE',  ( 66.10000000000161435, 8.099999999999999645, 31.59999999999827480 ) ) ;
#1122 = DIRECTION ( 'NONE',  ( 5.421010862427522170E-17, 0.000000000000000000, 1.000000000000000000 ) ) ;
#1123 = ORIENTED_EDGE ( 'NONE', *, *, #2827, .F. ) ;
#1124 = AXIS2_PLACEMENT_3D ( 'NONE', #3929, #5979, #3424 ) ;
#1125 = ORIENTED_EDGE ( 'NONE', *, *, #1488, .F. ) ;
#1126 = EDGE_LOOP ( 'NONE', ( #3300, #2071, #3544, #333 ) ) ;
#1127 = ORIENTED_EDGE ( 'NONE', *, *, #5475, .F. ) ;
#1128 = CYLINDRICAL_SURFACE ( 'NONE', #2706, 0.5000000000000000000 ) ;
#1129 = CARTESIAN_POINT ( 'NONE',  ( -3.520820393248985436, 7.839158885309936764, 5.399999999998445155 ) ) ;
#1130 = CARTESIAN_POINT ( 'NONE',  ( 62.00000000000005684, 16.60000000000000142, 2.999999999997893241 ) ) ;
#1131 = ORIENTED_EDGE ( 'NONE', *, *, #164, .T. ) ;
#1132 = VECTOR ( 'NONE', #3508, 1000.000000000000000 ) ;
#1133 = EDGE_CURVE ( 'NONE', #2859, #4842, #332, .T. ) ;
#1134 = B_SPLINE_CURVE_WITH_KNOTS ( 'NONE', 3,
 ( #4232, #4166, #3162, #2761, #5812, #4680, #2191, #2697 ),
 .UNSPECIFIED., .F., .F.,
 ( 4, 2, 2, 4 ),
 ( 0.000000000000000000, 0.0001459749292119553684, 0.0002919498584239107368, 0.0005838997168478187632 ),
 .UNSPECIFIED. ) ;
#1135 = DIRECTION ( 'NONE',  ( 0.9510565162951543083, 0.3090169943749452308, -8.249100328989607049E-16 ) ) ;
#1136 = ORIENTED_EDGE ( 'NONE', *, *, #477, .T. ) ;
#1137 = CARTESIAN_POINT ( 'NONE',  ( -3.770807779838171836, 5.604431881548591399, 24.59999999999827835 ) ) ;
#1138 = CARTESIAN_POINT ( 'NONE',  ( 66.10000000000161435, 16.10000000000000142, 31.09999999999827835 ) ) ;
#1139 =( LENGTH_UNIT ( ) NAMED_UNIT ( * ) SI_UNIT ( .MILLI., .METRE. ) );
#1140 = AXIS2_PLACEMENT_3D ( 'NONE', #3916, #3510, #3473 ) ;
#1141 = CARTESIAN_POINT ( 'NONE',  ( -4.170229402587293244, 5.892340414917009106, 24.70404884021164449 ) ) ;
#1142 = ORIENTED_EDGE ( 'NONE', *, *, #1185, .T. ) ;
#1143 = DIRECTION ( 'NONE',  ( 0.000000000000000000, -1.000000000000000000, 0.000000000000000000 ) ) ;
#1144 = EDGE_CURVE ( 'NONE', #3299, #5876, #3583, .T. ) ;
#1145 = EDGE_CURVE ( 'NONE', #4564, #4889, #607, .T. ) ;
#1146 = CARTESIAN_POINT ( 'NONE',  ( -4.097939288557014947, 5.770343479790299490, 24.68056035832028172 ) ) ;
#1147 = CARTESIAN_POINT ( 'NONE',  ( 5.862168987781249171E-16, 5.599999999999998757, 4.899999999998445155 ) ) ;
#1148 = VERTEX_POINT ( 'NONE', #1681 ) ;
#1149 = DIRECTION ( 'NONE',  ( 0.000000000000000000, 0.000000000000000000, 1.000000000000000000 ) ) ;
#1150 = EDGE_CURVE ( 'NONE', #3849, #4128, #6354, .T. ) ;
#1151 = DIRECTION ( 'NONE',  ( -2.168404344971008868E-16, 0.000000000000000000, -1.000000000000000000 ) ) ;
#1152 = CARTESIAN_POINT ( 'NONE',  ( 0.6499999999994179323, 16.60000000000000142, 26.99999999999791456 ) ) ;
#1153 = DIRECTION ( 'NONE',  ( 1.000000000000000000, 0.000000000000000000, 0.000000000000000000 ) ) ;
#1154 = AXIS2_PLACEMENT_3D ( 'NONE', #3191, #657, #689 ) ;
#1155 = VERTEX_POINT ( 'NONE', #3741 ) ;
#1156 = LINE ( 'NONE', #2260, #4170 ) ;
#1157 = EDGE_CURVE ( 'NONE', #5216, #2904, #5700, .T. ) ;
#1158 = VERTEX_POINT ( 'NONE', #2572 ) ;
#1159 = AXIS2_PLACEMENT_3D ( 'NONE', #6034, #1382, #4973 ) ;
#1160 = ORIENTED_EDGE ( 'NONE', *, *, #3417, .T. ) ;
#1161 = EDGE_LOOP ( 'NONE', ( #3371, #1775, #2404 ) ) ;
#1162 = DIRECTION ( 'NONE',  ( 1.017312411335549241E-14, 0.000000000000000000, -1.000000000000000000 ) ) ;
#1163 = ADVANCED_FACE ( 'NONE', ( #4626 ), #2097, .T. ) ;
#1164 = DIRECTION ( 'NONE',  ( -0.000000000000000000, -1.000000000000000000, -0.000000000000000000 ) ) ;
#1165 = CARTESIAN_POINT ( 'NONE',  ( -5.899999999999137046, 16.60000000000000142, -0.9000000000000001332 ) ) ;
#1166 = ORIENTED_EDGE ( 'NONE', *, *, #3341, .T. ) ;
#1167 = AXIS2_PLACEMENT_3D ( 'NONE', #6132, #2580, #1548 ) ;
#1168 = LINE ( 'NONE', #4484, #439 ) ;
#1169 = ORIENTED_EDGE ( 'NONE', *, *, #1193, .T. ) ;
#1170 = PLANE ( 'NONE',  #5659 ) ;
#1171 = DIRECTION ( 'NONE',  ( 1.387778780781454037E-14, 0.000000000000000000, 1.000000000000000000 ) ) ;
#1172 = DIRECTION ( 'NONE',  ( 0.000000000000000000, 0.000000000000000000, -1.000000000000000000 ) ) ;
#1173 = STYLED_ITEM ( 'NONE', ( #3624 ), #723 ) ;
#1174 = ORIENTED_EDGE ( 'NONE', *, *, #3050, .T. ) ;
#1175 = ADVANCED_FACE ( 'NONE', ( #2068 ), #3641, .F. ) ;
#1176 = EDGE_CURVE ( 'NONE', #2913, #3299, #1092, .T. ) ;
#1177 = CARTESIAN_POINT ( 'NONE',  ( -0.09999999999841889531, 7.590521286910921539, 5.868245836550253891 ) ) ;
#1178 = EDGE_LOOP ( 'NONE', ( #6500, #3735, #2938, #4357 ) ) ;
#1179 = CARTESIAN_POINT ( 'NONE',  ( 64.85000000000097486, 16.10000000000000142, 25.09999999999835651 ) ) ;
#1180 = AXIS2_PLACEMENT_3D ( 'NONE', #3081, #5207, #2651 ) ;
#1181 = LINE ( 'NONE', #212, #1031 ) ;
#1182 = DIRECTION ( 'NONE',  ( 0.000000000000000000, 1.000000000000000000, -0.000000000000000000 ) ) ;
#1183 = CYLINDRICAL_SURFACE ( 'NONE', #4986, 0.5000000000000000000 ) ;
#1184 = AXIS2_PLACEMENT_3D ( 'NONE', #357, #1014, #3596 ) ;
#1185 = EDGE_CURVE ( 'NONE', #3446, #4848, #4212, .T. ) ;
#1186 = ORIENTED_EDGE ( 'NONE', *, *, #776, .F. ) ;
#1187 = CARTESIAN_POINT ( 'NONE',  ( -4.195491502811578677, 6.697891065755752216, 5.287743005853572598 ) ) ;
#1188 = CARTESIAN_POINT ( 'NONE',  ( 64.35000000000060538, 16.60000000000000142, 5.399999999998364331 ) ) ;
#1189 = DIRECTION ( 'NONE',  ( 1.000000000000000000, 2.168404344971010840E-16, -3.761581922631320025E-31 ) ) ;
#1190 = ORIENTED_EDGE ( 'NONE', *, *, #1462, .F. ) ;
#1191 = AXIS2_PLACEMENT_3D ( 'NONE', #4049, #4080, #5628 ) ;
#1192 = ORIENTED_EDGE ( 'NONE', *, *, #2222, .F. ) ;
#1193 = EDGE_CURVE ( 'NONE', #3850, #6045, #5636, .T. ) ;
#1194 = EDGE_LOOP ( 'NONE', ( #3676, #4500, #594, #6312 ) ) ;
#1195 = ORIENTED_EDGE ( 'NONE', *, *, #3266, .F. ) ;
#1196 = DIRECTION ( 'NONE',  ( 0.000000000000000000, 0.000000000000000000, -1.000000000000000000 ) ) ;
#1197 = DIRECTION ( 'NONE',  ( 1.000000000000000000, -0.000000000000000000, -1.196361017914920171E-16 ) ) ;
#1198 = AXIS2_PLACEMENT_3D ( 'NONE', #106, #2655, #4701 ) ;
#1199 = CARTESIAN_POINT ( 'NONE',  ( -0.09999999999841760467, 5.599999999999998757, 31.09999999999874376 ) ) ;
#1200 = ORIENTED_EDGE ( 'NONE', *, *, #2306, .F. ) ;
#1201 = ORIENTED_EDGE ( 'NONE', *, *, #4945, .T. ) ;
#1202 = EDGE_CURVE ( 'NONE', #6010, #4285, #3744, .T. ) ;
#1203 = ADVANCED_FACE ( 'NONE', ( #1057 ), #3138, .T. ) ;
#1204 = CIRCLE ( 'NONE', #1532, 0.5000000000000000000 ) ;
#1205 = CARTESIAN_POINT ( 'NONE',  ( 5.899999999999417710, 16.60000000000000142, 30.59999999999833165 ) ) ;
#1206 = AXIS2_PLACEMENT_3D ( 'NONE', #627, #3195, #2570 ) ;
#1207 = CARTESIAN_POINT ( 'NONE',  ( 2.175335635996172171E-13, 11.59999999999999964, 31.09999999999874021 ) ) ;
#1208 = FACE_OUTER_BOUND ( 'NONE', #4498, .T. ) ;
#1209 = ORIENTED_EDGE ( 'NONE', *, *, #5298, .T. ) ;
#1210 = DIRECTION ( 'NONE',  ( 1.196361017914920171E-16, -0.000000000000000000, 1.000000000000000000 ) ) ;
#1211 = ORIENTED_EDGE ( 'NONE', *, *, #1034, .T. ) ;
#1212 = CARTESIAN_POINT ( 'NONE',  ( 64.85000000000050591, 16.10000000000000142, -1.237464991588063621E-12 ) ) ;
#1213 = CARTESIAN_POINT ( 'NONE',  ( 0.000000000000000000, 8.099999999999999645, 4.899999999998364331 ) ) ;
#1214 = DIRECTION ( 'NONE',  ( -0.000000000000000000, -1.000000000000000000, -0.000000000000000000 ) ) ;
#1215 = CARTESIAN_POINT ( 'NONE',  ( -3.770807779838181162, 5.599999999999998757, 25.09999999999827480 ) ) ;
#1216 = ORIENTED_EDGE ( 'NONE', *, *, #625, .F. ) ;
#1217 = CARTESIAN_POINT ( 'NONE',  ( -3.924228295346264161, 5.626587372532819487, 5.375881764822366016 ) ) ;
#1218 = VECTOR ( 'NONE', #2995, 1000.000000000000000 ) ;
#1219 = CARTESIAN_POINT ( 'NONE',  ( -0.5999999999984191312, 5.099999999999999645, 3.086057388542589536E-17 ) ) ;
#1220 = DIRECTION ( 'NONE',  ( 0.000000000000000000, 0.000000000000000000, -1.000000000000000000 ) ) ;
#1221 = ORIENTED_EDGE ( 'NONE', *, *, #774, .F. ) ;
#1222 = DIRECTION ( 'NONE',  ( 1.000000000000000000, 0.000000000000000000, 2.028744404108460233E-14 ) ) ;
#1223 = AXIS2_PLACEMENT_3D ( 'NONE', #5652, #56, #2095 ) ;
#1224 = EDGE_LOOP ( 'NONE', ( #5626, #4198, #2690 ) ) ;
#1225 = CIRCLE ( 'NONE', #1559, 0.5000000000000004441 ) ;
#1226 = ORIENTED_EDGE ( 'NONE', *, *, #6264, .T. ) ;
#1227 = ORIENTED_EDGE ( 'NONE', *, *, #4642, .F. ) ;
#1228 = FACE_OUTER_BOUND ( 'NONE', #5819, .T. ) ;
#1229 = CARTESIAN_POINT ( 'NONE',  ( -3.817197508373472381, 16.60000000000000142, 5.192893218811897249 ) ) ;
#1230 = AXIS2_PLACEMENT_3D ( 'NONE', #2417, #4473, #6506 ) ;
#1231 = DIRECTION ( 'NONE',  ( -0.000000000000000000, 0.000000000000000000, 1.000000000000000000 ) ) ;
#1232 = CARTESIAN_POINT ( 'NONE',  ( 59.45869406851117134, 16.58479597953498086, 30.31738813701793589 ) ) ;
#1233 = EDGE_LOOP ( 'NONE', ( #3389, #5358, #3093 ) ) ;
#1234 = EDGE_CURVE ( 'NONE', #5713, #1802, #4661, .T. ) ;
#1235 = EDGE_CURVE ( 'NONE', #5292, #4857, #6303, .T. ) ;
#1236 = CARTESIAN_POINT ( 'NONE',  ( -0.2249999999994135580, 7.921240200795126363, 24.09999999999826770 ) ) ;
#1237 = VERTEX_POINT ( 'NONE', #596 ) ;
#1238 = DIRECTION ( 'NONE',  ( 0.000000000000000000, -0.000000000000000000, -1.000000000000000000 ) ) ;
#1239 = CARTESIAN_POINT ( 'NONE',  ( -0.09999999999841920062, 5.099999999999999645, 5.143428980836559880E-18 ) ) ;
#1240 = EDGE_CURVE ( 'NONE', #698, #5922, #5094, .T. ) ;
#1241 = EDGE_CURVE ( 'NONE', #2245, #1280, #4400, .T. ) ;
#1242 = VECTOR ( 'NONE', #727, 1000.000000000000000 ) ;
#1243 = CARTESIAN_POINT ( 'NONE',  ( 18.89999999999941593, 11.40000000000000036, 30.09999999999860165 ) ) ;
#1244 = AXIS2_PLACEMENT_3D ( 'NONE', #6215, #2799, #4750 ) ;
#1245 = ORIENTED_EDGE ( 'NONE', *, *, #4396, .F. ) ;
#1246 = EDGE_CURVE ( 'NONE', #4789, #3941, #4686, .T. ) ;
#1247 = DIRECTION ( 'NONE',  ( 9.033211100425053116E-14, -0.000000000000000000, -1.000000000000000000 ) ) ;
#1248 = ORIENTED_EDGE ( 'NONE', *, *, #2491, .T. ) ;
#1249 = DIRECTION ( 'NONE',  ( 0.000000000000000000, 0.000000000000000000, -1.000000000000000000 ) ) ;
#1250 = DIRECTION ( 'NONE',  ( -1.000000000000000000, 0.000000000000000000, 0.000000000000000000 ) ) ;
#1251 = CARTESIAN_POINT ( 'NONE',  ( 66.10000000000161435, 9.599999999999999645, 23.89999999999835723 ) ) ;
#1252 = CIRCLE ( 'NONE', #1367, 0.5000000000000004441 ) ;
#1253 = ORIENTED_EDGE ( 'NONE', *, *, #1910, .T. ) ;
#1254 = FACE_OUTER_BOUND ( 'NONE', #1498, .T. ) ;
#1255 = CARTESIAN_POINT ( 'NONE',  ( 59.10000000000161435, 8.799999999999998934, 29.84999999999885389 ) ) ;
#1256 = CARTESIAN_POINT ( 'NONE',  ( -0.09999999999841889531, 8.306004501009494945, 5.412947381504179312 ) ) ;
#1257 = DIRECTION ( 'NONE',  ( 0.000000000000000000, 0.000000000000000000, 1.000000000000000000 ) ) ;
#1258 = ORIENTED_EDGE ( 'NONE', *, *, #3207, .T. ) ;
#1259 = FACE_OUTER_BOUND ( 'NONE', #6538, .T. ) ;
#1260 = VERTEX_POINT ( 'NONE', #4593 ) ;
#1261 = ORIENTED_EDGE ( 'NONE', *, *, #2319, .F. ) ;
#1262 = EDGE_LOOP ( 'NONE', ( #1993, #1950, #4148 ) ) ;
#1263 = CARTESIAN_POINT ( 'NONE',  ( -0.5999999999984191312, 7.590521286910921539, 5.676713840673706834E-17 ) ) ;
#1264 = VECTOR ( 'NONE', #3725, 1000.000000000000000 ) ;
#1265 = CARTESIAN_POINT ( 'NONE',  ( 18.89999999999941593, 8.799999999999998934, 31.09999999999860520 ) ) ;
#1266 =( BOUNDED_SURFACE ( )  B_SPLINE_SURFACE ( 3, 2, ( 
 ( #3150, #614, #2619 ),
 ( #4156, #6206, #1625 ),
 ( #3654, #5703, #3775 ),
 ( #1232, #3275, #5333 ),
 ( #4830, #1780, #5000 ),
 ( #1375, #4966, #6555 ) ),
 .UNSPECIFIED., .F., .F., .T. ) 
 B_SPLINE_SURFACE_WITH_KNOTS ( ( 4, 2, 4 ),
 ( 3, 3 ),
 ( 7.005919554992160236, 7.429950594483321069, 7.853981633974482790 ),
 ( 0.000000000000000000, 1.000000000000000000 ),
 .UNSPECIFIED. ) 
 GEOMETRIC_REPRESENTATION_ITEM ( )  RATIONAL_B_SPLINE_SURFACE ( (
 ( 1.000000000000000000, 0.8477912478904094939, 1.000000000000000000),
 ( 1.000000000000000000, 0.8893848161471898939, 1.000000000000000000),
 ( 1.000000000000000000, 0.9290440718070223092, 1.000000000000000000),
 ( 1.000000000000000000, 0.9844443205710193823, 1.000000000000000000),
 ( 1.000000000000000000, 1.000216355542407953, 1.000000000000000000),
 ( 1.000000000000000000, 1.000000000000000000, 1.000000000000000000) ) ) 
 REPRESENTATION_ITEM ( '' )  SURFACE ( )  );
#1267 = LINE ( 'NONE', #5823, #3558 ) ;
#1268 = CARTESIAN_POINT ( 'NONE',  ( -3.960829008884925617, 5.776877711648579883, 5.377156637608123901 ) ) ;
#1269 = ORIENTED_EDGE ( 'NONE', *, *, #1360, .F. ) ;
#1270 = VERTEX_POINT ( 'NONE', #6586 ) ;
#1271 = CIRCLE ( 'NONE', #5764, 0.5000000000000004441 ) ;
#1272 = EDGE_LOOP ( 'NONE', ( #5949, #4205, #1861, #1368, #3171, #3838, #4378, #5199, #5858, #4815, #1305, #5865, #6118, #2297, #2903, #5373 ) ) ;
#1273 = EDGE_CURVE ( 'NONE', #2083, #4922, #6091, .T. ) ;
#1274 = DIRECTION ( 'NONE',  ( 1.000000000000000000, 0.000000000000000000, -1.355252715606892622E-16 ) ) ;
#1275 = CARTESIAN_POINT ( 'NONE',  ( -3.849999999999120792, 16.60000000000000142, 5.399999999998446043 ) ) ;
#1276 = CIRCLE ( 'NONE', #3628, 0.5000000000000000000 ) ;
#1277 = CARTESIAN_POINT ( 'NONE',  ( -3.924228295347462758, 5.626587372534170406, 24.62411823517431841 ) ) ;
#1278 = ORIENTED_EDGE ( 'NONE', *, *, #6117, .T. ) ;
#1279 = CARTESIAN_POINT ( 'NONE',  ( 66.10000000000161435, 11.79999999999999716, 4.899999999998364331 ) ) ;
#1280 = VERTEX_POINT ( 'NONE', #3543 ) ;
#1281 = CARTESIAN_POINT ( 'NONE',  ( 66.10000000000161435, 11.09999999999999787, 6.099999999998364508 ) ) ;
#1282 = DIRECTION ( 'NONE',  ( 1.000000000000000000, -0.000000000000000000, 0.000000000000000000 ) ) ;
#1283 = AXIS2_PLACEMENT_3D ( 'NONE', #1872, #2050, #2689 ) ;
#1284 = DIRECTION ( 'NONE',  ( 1.000000000000000000, 0.000000000000000000, 0.000000000000000000 ) ) ;
#1285 = EDGE_CURVE ( 'NONE', #3400, #3293, #1509, .T. ) ;
#1286 = CIRCLE ( 'NONE', #863, 2.849999999998416467 ) ;
#1287 = ORIENTED_EDGE ( 'NONE', *, *, #4345, .F. ) ;
#1288 = DIRECTION ( 'NONE',  ( 0.000000000000000000, 0.000000000000000000, 1.000000000000000000 ) ) ;
#1289 = DIRECTION ( 'NONE',  ( 0.000000000000000000, 0.000000000000000000, 1.000000000000000000 ) ) ;
#1290 = CARTESIAN_POINT ( 'NONE',  ( 59.10000000000161435, 10.40000000000000036, 31.09999999999832809 ) ) ;
#1291 = CARTESIAN_POINT ( 'NONE',  ( -3.770445097912723753, 5.608863371404493314, 5.400058921248753308 ) ) ;
#1292 = VERTEX_POINT ( 'NONE', #6620 ) ;
#1293 = DIRECTION ( 'NONE',  ( 0.000000000000000000, 0.000000000000000000, -1.000000000000000000 ) ) ;
#1294 = VECTOR ( 'NONE', #2935, 1000.000000000000000 ) ;
#1295 = VERTEX_POINT ( 'NONE', #3072 ) ;
#1296 = VERTEX_POINT ( 'NONE', #5719 ) ;
#1297 = ORIENTED_EDGE ( 'NONE', *, *, #4886, .T. ) ;
#1298 = FACE_OUTER_BOUND ( 'NONE', #2999, .T. ) ;
#1299 = DIRECTION ( 'NONE',  ( -0.9510565162951545304, 0.000000000000000000, 0.3090169943749444537 ) ) ;
#1300 = DIRECTION ( 'NONE',  ( 9.020562075079395629E-14, 0.000000000000000000, -1.000000000000000000 ) ) ;
#1301 = CARTESIAN_POINT ( 'NONE',  ( 5.899999999999417710, 16.10000000000000142, 0.000000000000000000 ) ) ;
#1302 = ORIENTED_EDGE ( 'NONE', *, *, #4067, .F. ) ;
#1303 = ORIENTED_EDGE ( 'NONE', *, *, #2685, .T. ) ;
#1304 = ORIENTED_EDGE ( 'NONE', *, *, #2108, .F. ) ;
#1305 = ORIENTED_EDGE ( 'NONE', *, *, #679, .T. ) ;
#1306 = VECTOR ( 'NONE', #5138, 1000.000000000000000 ) ;
#1307 = CARTESIAN_POINT ( 'NONE',  ( -4.075359713852436450, 5.731830606684815699, 5.326776190230091856 ) ) ;
#1308 = CARTESIAN_POINT ( 'NONE',  ( -0.09973776834151969195, 7.649771950363729367, 24.13188957797308376 ) ) ;
#1309 = CARTESIAN_POINT ( 'NONE',  ( 62.00000000000005684, 16.60000000000000142, 0.6499999999973887777 ) ) ;
#1310 = CARTESIAN_POINT ( 'NONE',  ( -3.036677547836428572E-13, 8.599999999999999645, 29.84999999999824638 ) ) ;
#1311 = AXIS2_PLACEMENT_3D ( 'NONE', #2908, #195, #4282 ) ;
#1312 = DIRECTION ( 'NONE',  ( 0.000000000000000000, -1.000000000000000000, 0.000000000000000000 ) ) ;
#1313 = ORIENTED_EDGE ( 'NONE', *, *, #5460, .F. ) ;
#1314 = DIRECTION ( 'NONE',  ( -0.000000000000000000, -1.000000000000000000, 0.000000000000000000 ) ) ;
#1315 = AXIS2_PLACEMENT_3D ( 'NONE', #6137, #1552, #3585 ) ;
#1316 = CARTESIAN_POINT ( 'NONE',  ( 19.59999999999941522, 8.099999999999999645, 31.09999999999859810 ) ) ;
#1317 = ADVANCED_FACE ( 'NONE', ( #1259 ), #3961, .T. ) ;
#1318 = EDGE_CURVE ( 'NONE', #5790, #6322, #1156, .T. ) ;
#1319 = CARTESIAN_POINT ( 'NONE',  ( 59.80000000000161720, 8.099999999999999645, -0.000000000000000000 ) ) ;
#1320 = ORIENTED_EDGE ( 'NONE', *, *, #5365, .T. ) ;
#1321 = DIRECTION ( 'NONE',  ( 1.000000000000000000, 0.000000000000000000, 0.000000000000000000 ) ) ;
#1322 = CARTESIAN_POINT ( 'NONE',  ( -3.350000033517266385, 6.089539079447557235, 24.21013349710030127 ) ) ;
#1323 = DIRECTION ( 'NONE',  ( 1.196361017914919431E-16, 0.000000000000000000, 1.000000000000000000 ) ) ;
#1324 = DIRECTION ( 'NONE',  ( -1.000000000000000000, 0.000000000000000000, 6.938893903907221278E-15 ) ) ;
#1325 = EDGE_CURVE ( 'NONE', #5490, #2943, #1286, .T. ) ;
#1326 = ADVANCED_FACE ( 'NONE', ( #4634 ), #1101, .T. ) ;
#1327 = ORIENTED_EDGE ( 'NONE', *, *, #4978, .F. ) ;
#1328 = CARTESIAN_POINT ( 'NONE',  ( 66.10000000000161435, 8.599999999999999645, 25.09999999999835651 ) ) ;
#1329 = CARTESIAN_POINT ( 'NONE',  ( 2.999999999999762856, 16.10000000000000142, 0.1499999999994764965 ) ) ;
#1330 = VERTEX_POINT ( 'NONE', #6257 ) ;
#1331 = EDGE_CURVE ( 'NONE', #1237, #128, #1070, .T. ) ;
#1332 = VECTOR ( 'NONE', #1060, 1000.000000000000000 ) ;
#1333 = ORIENTED_EDGE ( 'NONE', *, *, #1649, .T. ) ;
#1334 = ORIENTED_EDGE ( 'NONE', *, *, #484, .F. ) ;
#1335 = CARTESIAN_POINT ( 'NONE',  ( -3.366311896061509934, 7.363630627162360831, 24.09999999999827480 ) ) ;
#1336 = DIRECTION ( 'NONE',  ( 1.000000000000000000, 0.000000000000000000, -0.000000000000000000 ) ) ;
#1337 = DIRECTION ( 'NONE',  ( -0.000000000000000000, 0.000000000000000000, 1.000000000000000000 ) ) ;
#1338 = CARTESIAN_POINT ( 'NONE',  ( 2.175335635996172171E-13, 12.59999999999999964, 31.09999999999874021 ) ) ;
#1339 = ORIENTED_EDGE ( 'NONE', *, *, #3373, .T. ) ;
#1340 = CARTESIAN_POINT ( 'NONE',  ( -0.09999999999841581444, 7.651654044895558116, 24.13175416344692792 ) ) ;
#1341 = VECTOR ( 'NONE', #1015, 1000.000000000000000 ) ;
#1342 = EDGE_LOOP ( 'NONE', ( #6294, #3286, #1885, #5290 ) ) ;
#1343 = VERTEX_POINT ( 'NONE', #4728 ) ;
#1344 = CIRCLE ( 'NONE', #5623, 0.6999999999999992895 ) ;
#1345 = CARTESIAN_POINT ( 'NONE',  ( -4.021651095878095994, 6.002114042283601236, 24.61395832255534089 ) ) ;
#1346 = ADVANCED_FACE ( 'NONE', ( #4602 ), #642, .T. ) ;
#1347 = CARTESIAN_POINT ( 'NONE',  ( -0.1105384967417434305, 7.709366085524087531, 5.874416298424363525 ) ) ;
#1348 = CARTESIAN_POINT ( 'NONE',  ( -3.939395606392453342, 5.798506277698253442, 5.392834125846666993 ) ) ;
#1349 =( GEOMETRIC_REPRESENTATION_CONTEXT ( 3 ) GLOBAL_UNCERTAINTY_ASSIGNED_CONTEXT ( ( #4061 ) ) GLOBAL_UNIT_ASSIGNED_CONTEXT ( ( #6599, #2616, #4057 ) ) REPRESENTATION_CONTEXT ( 'NONE', 'WORKASPACE' ) );
#1350 = DIRECTION ( 'NONE',  ( -1.000000000000000000, 0.000000000000000000, -0.000000000000000000 ) ) ;
#1351 = ORIENTED_EDGE ( 'NONE', *, *, #1853, .T. ) ;
#1352 = FACE_OUTER_BOUND ( 'NONE', #5197, .T. ) ;
#1353 = CIRCLE ( 'NONE', #4675, 1.000000000000000000 ) ;
#1354 = SPHERICAL_SURFACE ( 'NONE', #4027, 0.5000000000000000000 ) ;
#1355 = CIRCLE ( 'NONE', #5530, 0.5000000000000004441 ) ;
#1356 = CARTESIAN_POINT ( 'NONE',  ( -1.800153969829872302, 5.599999999999998757, 5.540304237326127534 ) ) ;
#1357 = ADVANCED_FACE ( 'NONE', ( #6134 ), #4084, .T. ) ;
#1358 = ORIENTED_EDGE ( 'NONE', *, *, #3987, .F. ) ;
#1359 = VECTOR ( 'NONE', #4646, 1000.000000000000000 ) ;
#1360 = EDGE_CURVE ( 'NONE', #3125, #5572, #2682, .T. ) ;
#1361 = CARTESIAN_POINT ( 'NONE',  ( -3.360286275769575948, 6.078771071479663668, 24.24981070726807886 ) ) ;
#1362 = DIRECTION ( 'NONE',  ( -2.081668171172166620E-14, -5.777789833161696797E-28, -1.000000000000000000 ) ) ;
#1363 = DIRECTION ( 'NONE',  ( 1.000000000000000000, 0.000000000000000000, 0.000000000000000000 ) ) ;
#1364 = DIRECTION ( 'NONE',  ( 0.000000000000000000, 1.000000000000000000, -0.000000000000000000 ) ) ;
#1365 = DIRECTION ( 'NONE',  ( -0.000000000000000000, 1.000000000000000000, 0.000000000000000000 ) ) ;
#1366 = LINE ( 'NONE', #855, #3862 ) ;
#1367 = AXIS2_PLACEMENT_3D ( 'NONE', #1811, #1074, #797 ) ;
#1368 = ORIENTED_EDGE ( 'NONE', *, *, #5779, .T. ) ;
#1369 = B_SPLINE_CURVE_WITH_KNOTS ( 'NONE', 3,
 ( #2773, #4353, #3915, #2845, #1374, #5855, #2811, #6350, #4829, #2302 ),
 .UNSPECIFIED., .F., .F.,
 ( 4, 2, 2, 2, 4 ),
 ( 0.000000000000000000, 0.0002162472686915619790, 0.0004324945373831239580, 0.0006487418060746859370, 0.0008649890747662479160 ),
 .UNSPECIFIED. ) ;
#1370 = EDGE_LOOP ( 'NONE', ( #6193, #5434, #792, #4417 ) ) ;
#1371 = ORIENTED_EDGE ( 'NONE', *, *, #4613, .T. ) ;
#1372 = CARTESIAN_POINT ( 'NONE',  ( 66.10000000000161435, 11.09999999999999787, 23.89999999999835723 ) ) ;
#1373 = CARTESIAN_POINT ( 'NONE',  ( -3.844467956310388512, 6.095199921646076824, 5.830879387476704423 ) ) ;
#1374 = CARTESIAN_POINT ( 'NONE',  ( 6.479894559294327117, 11.73144185062907674, 29.95712733202036304 ) ) ;
#1375 = CARTESIAN_POINT ( 'NONE',  ( 59.60000000000161435, 16.60000000000000142, 30.59999999999942588 ) ) ;
#1376 = ADVANCED_FACE ( 'NONE', ( #131 ), #3582, .F. ) ;
#1377 = EDGE_LOOP ( 'NONE', ( #3259, #6128, #1806, #1043, #1226, #5165, #1832 ) ) ;
#1378 = EDGE_CURVE ( 'NONE', #1237, #61, #4512, .T. ) ;
#1379 = VECTOR ( 'NONE', #3600, 1000.000000000000000 ) ;
#1380 = EDGE_LOOP ( 'NONE', ( #3800, #2379, #6365, #2468 ) ) ;
#1381 = FACE_OUTER_BOUND ( 'NONE', #5478, .T. ) ;
#1382 = DIRECTION ( 'NONE',  ( 0.000000000000000000, 1.000000000000000000, -0.000000000000000000 ) ) ;
#1383 = CARTESIAN_POINT ( 'NONE',  ( 18.19999999999941664, 11.40000000000000036, 30.09999999999858389 ) ) ;
#1384 = VECTOR ( 'NONE', #1765, 1000.000000000000000 ) ;
#1385 = DIRECTION ( 'NONE',  ( -1.908195823574485911E-14, 0.000000000000000000, -1.000000000000000000 ) ) ;
#1386 = CARTESIAN_POINT ( 'NONE',  ( 58.66698730587435051, 16.16261027137280593, 30.09999999999940457 ) ) ;
#1387 = EDGE_LOOP ( 'NONE', ( #489, #731, #188, #27 ) ) ;
#1388 = VECTOR ( 'NONE', #5573, 1000.000000000000000 ) ;
#1389 = CYLINDRICAL_SURFACE ( 'NONE', #382, 0.5000000000000004441 ) ;
#1390 = FACE_OUTER_BOUND ( 'NONE', #6387, .T. ) ;
#1391 = CARTESIAN_POINT ( 'NONE',  ( -3.719715713425411074, 7.169713493181181008, 24.55766806917968026 ) ) ;
#1392 = ADVANCED_FACE ( 'NONE', ( #1680 ), #112, .T. ) ;
#1393 = VERTEX_POINT ( 'NONE', #4853 ) ;
#1394 = AXIS2_PLACEMENT_3D ( 'NONE', #4641, #39, #5673 ) ;
#1395 = CARTESIAN_POINT ( 'NONE',  ( 0.000000000000000000, 5.599999999999998757, 24.09999999999827480 ) ) ;
#1396 = DIRECTION ( 'NONE',  ( 0.000000000000000000, 1.000000000000000000, 9.020562075079389318E-14 ) ) ;
#1397 = LINE ( 'NONE', #387, #1218 ) ;
#1398 = DIRECTION ( 'NONE',  ( 0.000000000000000000, 1.000000000000000000, -0.000000000000000000 ) ) ;
#1399 = EDGE_CURVE ( 'NONE', #5958, #1948, #966, .T. ) ;
#1400 = CIRCLE ( 'NONE', #1180, 0.5000000000000004441 ) ;
#1401 = ORIENTED_EDGE ( 'NONE', *, *, #3894, .T. ) ;
#1402 = ORIENTED_EDGE ( 'NONE', *, *, #5049, .T. ) ;
#1403 = CARTESIAN_POINT ( 'NONE',  ( 6.274999999999439027, 16.43071891388304806, 29.84999999999830322 ) ) ;
#1404 = CYLINDRICAL_SURFACE ( 'NONE', #100, 0.7000000000000000666 ) ;
#1405 = DIRECTION ( 'NONE',  ( -1.000000000000000000, 0.000000000000000000, 0.000000000000000000 ) ) ;
#1406 = PLANE ( 'NONE',  #1796 ) ;
#1407 = AXIS2_PLACEMENT_3D ( 'NONE', #5711, #4195, #5745 ) ;
#1408 = ORIENTED_EDGE ( 'NONE', *, *, #1483, .F. ) ;
#1409 = EDGE_CURVE ( 'NONE', #3234, #236, #4946, .T. ) ;
#1410 = EDGE_LOOP ( 'NONE', ( #2274, #1627, #4308, #5117, #5789, #6529, #4625 ) ) ;
#1411 = CIRCLE ( 'NONE', #4290, 0.5000000000000004441 ) ;
#1412 = EDGE_LOOP ( 'NONE', ( #2343, #1201, #235, #951 ) ) ;
#1413 = CARTESIAN_POINT ( 'NONE',  ( -3.852534569436135925, 5.704327054134681774, 24.59134888468989644 ) ) ;
#1414 = CARTESIAN_POINT ( 'NONE',  ( -3.036677547836428572E-13, 8.599999999999999645, 29.84999999999824638 ) ) ;
#1415 = CARTESIAN_POINT ( 'NONE',  ( 0.1500000000014143076, 16.10000000000000142, 5.399999999998445155 ) ) ;
#1416 = EDGE_CURVE ( 'NONE', #2969, #302, #972, .T. ) ;
#1417 = ADVANCED_FACE ( 'NONE', ( #3938 ), #2292, .T. ) ;
#1418 = CYLINDRICAL_SURFACE ( 'NONE', #5571, 0.5000000000000004441 ) ;
#1419 = AXIS2_PLACEMENT_3D ( 'NONE', #2746, #202, #1073 ) ;
#1420 = CARTESIAN_POINT ( 'NONE',  ( 64.85000000000098908, 16.60000000000000142, 24.59999999999835651 ) ) ;
#1421 = VERTEX_POINT ( 'NONE', #5988 ) ;
#1422 = EDGE_CURVE ( 'NONE', #2828, #2943, #4516, .T. ) ;
#1423 = CARTESIAN_POINT ( 'NONE',  ( -3.769719798173734926, 5.626587372507684925, 25.09964649332636100 ) ) ;
#1424 = DIRECTION ( 'NONE',  ( 0.000000000000000000, 1.000000000000000000, 0.000000000000000000 ) ) ;
#1425 = DIRECTION ( 'NONE',  ( 1.000000000000000000, -0.000000000000000000, -4.565061778886154824E-17 ) ) ;
#1426 = CARTESIAN_POINT ( 'NONE',  ( -0.5999999999984189092, 6.099999999999999645, 5.899999999998444267 ) ) ;
#1427 = DIRECTION ( 'NONE',  ( 1.000000000000000000, 0.000000000000000000, 1.017312411335546717E-14 ) ) ;
#1428 = DIRECTION ( 'NONE',  ( 0.000000000000000000, 0.000000000000000000, -1.000000000000000000 ) ) ;
#1429 = DIRECTION ( 'NONE',  ( -1.000000000000000000, 0.000000000000000000, 0.000000000000000000 ) ) ;
#1430 = CARTESIAN_POINT ( 'NONE',  ( 37.10000000000161435, 10.40000000000000036, 30.09999999999896758 ) ) ;
#1431 = CARTESIAN_POINT ( 'NONE',  ( 0.1500000000018568702, 16.60000000000000142, 1.354981665080531454E-14 ) ) ;
#1432 = VERTEX_POINT ( 'NONE', #4884 ) ;
#1433 = ORIENTED_EDGE ( 'NONE', *, *, #1660, .F. ) ;
#1434 = SPHERICAL_SURFACE ( 'NONE', #2660, 0.5000000000000000000 ) ;
#1435 = CARTESIAN_POINT ( 'NONE',  ( -3.677419152304993499, 5.840471023593582167, 5.461623806744461795 ) ) ;
#1436 = DIRECTION ( 'NONE',  ( 0.000000000000000000, 0.000000000000000000, 1.000000000000000000 ) ) ;
#1437 = FACE_OUTER_BOUND ( 'NONE', #256, .T. ) ;
#1438 = ORIENTED_EDGE ( 'NONE', *, *, #876, .F. ) ;
#1439 = ORIENTED_EDGE ( 'NONE', *, *, #6423, .F. ) ;
#1440 = ORIENTED_EDGE ( 'NONE', *, *, #6345, .T. ) ;
#1441 = EDGE_LOOP ( 'NONE', ( #777, #1748, #3241, #303 ) ) ;
#1442 = CARTESIAN_POINT ( 'NONE',  ( -3.882533164829066408, 5.908943063516193916, 24.50302955181422959 ) ) ;
#1443 = DIRECTION ( 'NONE',  ( 0.000000000000000000, 1.000000000000000000, 0.000000000000000000 ) ) ;
#1444 = EDGE_CURVE ( 'NONE', #3949, #5909, #3213, .T. ) ;
#1445 = ADVANCED_FACE ( 'NONE', ( #1804 ), #391, .F. ) ;
#1446 = DIRECTION ( 'NONE',  ( -0.000000000000000000, -0.000000000000000000, 1.000000000000000000 ) ) ;
#1447 = AXIS2_PLACEMENT_3D ( 'NONE', #4036, #5680, #1631 ) ;
#1448 = CARTESIAN_POINT ( 'NONE',  ( 59.60000000000161435, 16.60000000000000142, 31.09999999999832454 ) ) ;
#1449 = AXIS2_PLACEMENT_3D ( 'NONE', #5953, #5518, #1396 ) ;
#1450 = ORIENTED_EDGE ( 'NONE', *, *, #4520, .F. ) ;
#1451 = CYLINDRICAL_SURFACE ( 'NONE', #4567, 0.5000000000000001110 ) ;
#1452 = EDGE_CURVE ( 'NONE', #6455, #3299, #6110, .T. ) ;
#1453 = CARTESIAN_POINT ( 'NONE',  ( 37.10000000000161435, 10.40000000000000036, 0.000000000000000000 ) ) ;
#1454 = VECTOR ( 'NONE', #6074, 1000.000000000000000 ) ;
#1455 = CARTESIAN_POINT ( 'NONE',  ( 0.1499999999994183486, 16.60000000000000142, 26.99999999999786837 ) ) ;
#1456 = CIRCLE ( 'NONE', #2517, 0.5000000000000000000 ) ;
#1457 = EDGE_CURVE ( 'NONE', #2998, #2263, #2902, .T. ) ;
#1458 = CARTESIAN_POINT ( 'NONE',  ( 66.10000000000161435, 16.10000000000000142, -1.100000000000003419 ) ) ;
#1459 = CARTESIAN_POINT ( 'NONE',  ( 6.649999999999454126, 16.43071891388304806, 30.22499999999832809 ) ) ;
#1460 = AXIS2_PLACEMENT_3D ( 'NONE', #3959, #2860, #5411 ) ;
#1461 = EDGE_LOOP ( 'NONE', ( #1481, #3106, #1689, #3267 ) ) ;
#1462 = EDGE_CURVE ( 'NONE', #3293, #5394, #5683, .T. ) ;
#1463 = DIRECTION ( 'NONE',  ( 1.908195823574485911E-14, -0.000000000000000000, 1.000000000000000000 ) ) ;
#1464 = AXIS2_PLACEMENT_3D ( 'NONE', #21, #2063, #5619 ) ;
#1465 = DIRECTION ( 'NONE',  ( -1.000000000000000000, 0.000000000000000000, 1.355252715606892622E-16 ) ) ;
#1466 = CIRCLE ( 'NONE', #4781, 0.5000000000000001110 ) ;
#1467 = CARTESIAN_POINT ( 'NONE',  ( 66.60000000000161435, 10.59999999999999787, 23.89999999999835723 ) ) ;
#1468 = CIRCLE ( 'NONE', #286, 2.850000000000962874 ) ;
#1469 = ORIENTED_EDGE ( 'NONE', *, *, #6066, .F. ) ;
#1470 = ORIENTED_EDGE ( 'NONE', *, *, #5735, .F. ) ;
#1471 = CARTESIAN_POINT ( 'NONE',  ( 3.000000000000002665, 16.60000000000000142, 2.999999999997893241 ) ) ;
#1472 = DIRECTION ( 'NONE',  ( -2.168404344971006896E-16, 0.000000000000000000, -1.000000000000000000 ) ) ;
#1473 = CARTESIAN_POINT ( 'NONE',  ( 0.000000000000000000, 8.099999999999999645, 0.000000000000000000 ) ) ;
#1474 = FACE_OUTER_BOUND ( 'NONE', #225, .T. ) ;
#1475 = ORIENTED_EDGE ( 'NONE', *, *, #5907, .F. ) ;
#1476 = AXIS2_PLACEMENT_3D ( 'NONE', #6029, #5496, #2973 ) ;
#1477 = DIRECTION ( 'NONE',  ( -0.000000000000000000, -1.000000000000000000, -0.000000000000000000 ) ) ;
#1478 = EDGE_LOOP ( 'NONE', ( #1958, #3658, #3776, #5263 ) ) ;
#1479 = EDGE_CURVE ( 'NONE', #3324, #4465, #4873, .T. ) ;
#1480 = LINE ( 'NONE', #4628, #1332 ) ;
#1481 = ORIENTED_EDGE ( 'NONE', *, *, #129, .T. ) ;
#1482 = AXIS2_PLACEMENT_3D ( 'NONE', #1338, #6461, #5433 ) ;
#1483 = EDGE_CURVE ( 'NONE', #4556, #834, #2328, .T. ) ;
#1484 = CYLINDRICAL_SURFACE ( 'NONE', #342, 0.5000000000000004441 ) ;
#1485 = FACE_OUTER_BOUND ( 'NONE', #6419, .T. ) ;
#1486 = DIRECTION ( 'NONE',  ( -1.000000000000000000, -6.938893903907222067E-15, 0.000000000000000000 ) ) ;
#1487 = CYLINDRICAL_SURFACE ( 'NONE', #2781, 0.5000000000000004441 ) ;
#1488 = EDGE_CURVE ( 'NONE', #3197, #6434, #1366, .T. ) ;
#1489 = CARTESIAN_POINT ( 'NONE',  ( 58.95566244378839826, 16.14556416817943685, 30.10000000372707163 ) ) ;
#1490 = ORIENTED_EDGE ( 'NONE', *, *, #6489, .F. ) ;
#1491 = CARTESIAN_POINT ( 'NONE',  ( 2.175335635996172171E-13, 8.599999999999999645, 31.09999999999874021 ) ) ;
#1492 = CARTESIAN_POINT ( 'NONE',  ( 64.35000000000097486, 8.307106781186547551, 24.59999999999835651 ) ) ;
#1493 = VECTOR ( 'NONE', #2877, 1000.000000000000000 ) ;
#1494 = DIRECTION ( 'NONE',  ( 1.000000000000000000, 0.000000000000000000, 0.000000000000000000 ) ) ;
#1495 = CARTESIAN_POINT ( 'NONE',  ( 5.699999999999418421, 8.799999999999998934, 29.84999999999830322 ) ) ;
#1496 = VERTEX_POINT ( 'NONE', #6420 ) ;
#1497 = AXIS2_PLACEMENT_3D ( 'NONE', #1521, #612, #509 ) ;
#1498 = EDGE_LOOP ( 'NONE', ( #631, #41, #3804, #1160 ) ) ;
#1499 = CARTESIAN_POINT ( 'NONE',  ( 64.85000000000060538, 8.099999999999999645, 4.899999999998364331 ) ) ;
#1500 = AXIS2_PLACEMENT_3D ( 'NONE', #3703, #4243, #3272 ) ;
#1501 = CARTESIAN_POINT ( 'NONE',  ( -1.099999999999022426, 8.099999999999999645, 1.490777987166256869E-16 ) ) ;
#1502 = EDGE_CURVE ( 'NONE', #2102, #821, #4176, .T. ) ;
#1503 = EDGE_CURVE ( 'NONE', #6560, #745, #1168, .T. ) ;
#1504 = ORIENTED_EDGE ( 'NONE', *, *, #5309, .T. ) ;
#1505 = CARTESIAN_POINT ( 'NONE',  ( 66.10000000000161435, 8.900000000000000355, 4.899999999998364331 ) ) ;
#1506 = DIRECTION ( 'NONE',  ( 0.000000000000000000, 0.000000000000000000, -1.000000000000000000 ) ) ;
#1507 = CARTESIAN_POINT ( 'NONE',  ( -6.599999999999137223, 16.60000000000000142, 0.000000000000000000 ) ) ;
#1508 = SPHERICAL_SURFACE ( 'NONE', #6390, 0.5000000000000000000 ) ;
#1509 = LINE ( 'NONE', #5592, #5260 ) ;
#1510 = CIRCLE ( 'NONE', #6532, 0.4999999999999995559 ) ;
#1511 = EDGE_LOOP ( 'NONE', ( #1759, #763, #2136, #3706 ) ) ;
#1512 = CARTESIAN_POINT ( 'NONE',  ( -0.09999999999841892306, 5.099999999999999645, 5.399999999998445155 ) ) ;
#1513 = VERTEX_POINT ( 'NONE', #5459 ) ;
#1514 = CARTESIAN_POINT ( 'NONE',  ( -3.924228295347462758, 5.626587372534170406, 24.62411823517431841 ) ) ;
#1515 = VECTOR ( 'NONE', #4076, 1000.000000000000000 ) ;
#1516 = CARTESIAN_POINT ( 'NONE',  ( 58.79364958019591825, 16.39877122879446603, 30.19682479009656362 ) ) ;
#1517 = CARTESIAN_POINT ( 'NONE',  ( 62.00000000000005684, 8.099999999999999645, 0.1499999999973887777 ) ) ;
#1518 = FACE_OUTER_BOUND ( 'NONE', #3133, .T. ) ;
#1519 = CIRCLE ( 'NONE', #4624, 0.5000000000000004441 ) ;
#1520 = APPLICATION_PROTOCOL_DEFINITION ( 'draft international standard', 'automotive_design', 1998, #791 ) ;
#1521 = CARTESIAN_POINT ( 'NONE',  ( 0.000000000000000000, 5.099999999999999645, 0.000000000000000000 ) ) ;
#1522 = CARTESIAN_POINT ( 'NONE',  ( 0.6500000000014142243, 8.599999999999999645, 4.899999999998490452 ) ) ;
#1523 = VECTOR ( 'NONE', #592, 1000.000000000000000 ) ;
#1524 = CYLINDRICAL_SURFACE ( 'NONE', #3435, 5.000000000000000000 ) ;
#1525 = EDGE_LOOP ( 'NONE', ( #133, #3358, #425, #4093 ) ) ;
#1526 = VECTOR ( 'NONE', #6325, 1000.000000000000000 ) ;
#1527 = FACE_OUTER_BOUND ( 'NONE', #4012, .T. ) ;
#1528 = ADVANCED_FACE ( 'NONE', ( #6517 ), #3208, .T. ) ;
#1529 = EDGE_CURVE ( 'NONE', #2155, #1295, #2791, .T. ) ;
#1530 = CYLINDRICAL_SURFACE ( 'NONE', #3047, 0.7000000000000000666 ) ;
#1531 = CARTESIAN_POINT ( 'NONE',  ( 62.00000000000005684, 16.10000000000000142, 0.6499999999973887777 ) ) ;
#1532 = AXIS2_PLACEMENT_3D ( 'NONE', #3306, #5361, #766 ) ;
#1533 = B_SPLINE_CURVE_WITH_KNOTS ( 'NONE', 3,
 ( #3509, #3440, #2441, #6617, #5091, #1912 ),
 .UNSPECIFIED., .F., .F.,
 ( 4, 2, 4 ),
 ( -0.0004449240498111782646, -0.0002245831456054401816, -4.242241399702098570E-06 ),
 .UNSPECIFIED. ) ;
#1534 = VERTEX_POINT ( 'NONE', #4065 ) ;
#1535 = FACE_OUTER_BOUND ( 'NONE', #4241, .T. ) ;
#1536 = ADVANCED_FACE ( 'NONE', ( #1564 ), #2530, .T. ) ;
#1537 = EDGE_CURVE ( 'NONE', #4128, #1343, #3321, .T. ) ;
#1538 = LINE ( 'NONE', #3570, #2599 ) ;
#1539 = CIRCLE ( 'NONE', #4094, 0.5000000000000000000 ) ;
#1540 = LINE ( 'NONE', #6585, #4663 ) ;
#1541 = VERTEX_POINT ( 'NONE', #6114 ) ;
#1542 = DIRECTION ( 'NONE',  ( 1.000000000000000000, -3.614007241618347587E-15, 0.000000000000000000 ) ) ;
#1543 = EDGE_CURVE ( 'NONE', #5969, #5292, #5893, .T. ) ;
#1544 = VERTEX_POINT ( 'NONE', #1531 ) ;
#1545 = CARTESIAN_POINT ( 'NONE',  ( 64.85000000000098908, 16.10000000000000142, 25.09999999999835651 ) ) ;
#1546 = ORIENTED_EDGE ( 'NONE', *, *, #876, .T. ) ;
#1547 = CARTESIAN_POINT ( 'NONE',  ( 64.35000000000060538, 16.10000000000000142, 4.899999999998373212 ) ) ;
#1548 = DIRECTION ( 'NONE',  ( 0.000000000000000000, 0.9906085264889364916, -0.1367287359972952643 ) ) ;
#1549 = CARTESIAN_POINT ( 'NONE',  ( -6.099999999999137223, 16.60000000000000142, 3.997891065754202167 ) ) ;
#1550 = CARTESIAN_POINT ( 'NONE',  ( -6.600000000000465050, 16.10000000000000142, 0.000000000000000000 ) ) ;
#1551 = DIRECTION ( 'NONE',  ( -0.9510565162951545304, -0.3090169943749445092, 0.000000000000000000 ) ) ;
#1552 = DIRECTION ( 'NONE',  ( 1.000000000000000000, -0.000000000000000000, 0.000000000000000000 ) ) ;
#1553 = EDGE_CURVE ( 'NONE', #4848, #6010, #3620, .T. ) ;
#1554 = AXIS2_PLACEMENT_3D ( 'NONE', #3365, #6547, #6048 ) ;
#1555 = DIRECTION ( 'NONE',  ( 0.000000000000000000, 1.000000000000000000, -0.000000000000000000 ) ) ;
#1556 = CARTESIAN_POINT ( 'NONE',  ( 19.39999999999941593, 8.799999999999998934, 31.09999999999860165 ) ) ;
#1557 = DIRECTION ( 'NONE',  ( 0.000000000000000000, 0.000000000000000000, -1.000000000000000000 ) ) ;
#1558 = DIRECTION ( 'NONE',  ( 0.000000000000000000, 0.000000000000000000, 1.000000000000000000 ) ) ;
#1559 = AXIS2_PLACEMENT_3D ( 'NONE', #3633, #1085, #4066 ) ;
#1560 = EDGE_LOOP ( 'NONE', ( #4092, #5470, #2165, #2641 ) ) ;
#1561 = VECTOR ( 'NONE', #778, 1000.000000000000000 ) ;
#1562 = CARTESIAN_POINT ( 'NONE',  ( -5.899999999999137046, 16.60000000000000142, -1.600000000000000089 ) ) ;
#1563 = DIRECTION ( 'NONE',  ( 1.000000000000000000, 0.000000000000000000, 0.000000000000000000 ) ) ;
#1564 = FACE_OUTER_BOUND ( 'NONE', #881, .T. ) ;
#1565 = AXIS2_PLACEMENT_3D ( 'NONE', #1179, #686, #2753 ) ;
#1566 = EDGE_CURVE ( 'NONE', #4840, #2841, #2249, .T. ) ;
#1567 = LINE ( 'NONE', #6582, #1595 ) ;
#1568 = FACE_OUTER_BOUND ( 'NONE', #6549, .T. ) ;
#1569 = FACE_OUTER_BOUND ( 'NONE', #5004, .T. ) ;
#1570 = AXIS2_PLACEMENT_3D ( 'NONE', #5880, #5815, #1257 ) ;
#1571 = FACE_OUTER_BOUND ( 'NONE', #1061, .T. ) ;
#1572 = VERTEX_POINT ( 'NONE', #3466 ) ;
#1573 = TOROIDAL_SURFACE ( 'NONE', #1464, 1.200000000000000178, 0.5000000000000000000 ) ;
#1574 = VERTEX_POINT ( 'NONE', #1467 ) ;
#1575 = DIRECTION ( 'NONE',  ( -1.000000000000000000, 0.000000000000000000, -0.000000000000000000 ) ) ;
#1576 = ORIENTED_EDGE ( 'NONE', *, *, #1649, .F. ) ;
#1577 = CARTESIAN_POINT ( 'NONE',  ( -3.849999999999122569, 16.10000000000000142, 5.399999999998446043 ) ) ;
#1578 = CARTESIAN_POINT ( 'NONE',  ( -0.09999999999841897858, 8.099999999999999645, 4.899999999998445155 ) ) ;
#1579 = CIRCLE ( 'NONE', #6063, 0.5000000000000004441 ) ;
#1580 = ADVANCED_FACE ( 'NONE', ( #451 ), #16, .T. ) ;
#1581 = PLANE ( 'NONE',  #4300 ) ;
#1582 = ORIENTED_EDGE ( 'NONE', *, *, #4576, .F. ) ;
#1583 = LINE ( 'NONE', #3650, #2357 ) ;
#1584 = EDGE_CURVE ( 'NONE', #3700, #334, #5550, .T. ) ;
#1585 = AXIS2_PLACEMENT_3D ( 'NONE', #4026, #1494, #11 ) ;
#1586 = CARTESIAN_POINT ( 'NONE',  ( 6.114384433516953266, 16.56724310933576305, 30.38561556648089379 ) ) ;
#1587 = CARTESIAN_POINT ( 'NONE',  ( -3.687067498112150510, 5.832477837315555469, 5.457239148736953815 ) ) ;
#1588 = CARTESIAN_POINT ( 'NONE',  ( -3.770807779838171392, 5.599999999999998757, 24.59999999999827480 ) ) ;
#1589 = EDGE_CURVE ( 'NONE', #5311, #1292, #423, .T. ) ;
#1590 = DIRECTION ( 'NONE',  ( -0.000000000000000000, 0.000000000000000000, 1.000000000000000000 ) ) ;
#1591 = CARTESIAN_POINT ( 'NONE',  ( 66.60000000000161435, 10.09999999999999964, 23.89999999999835723 ) ) ;
#1592 = FACE_OUTER_BOUND ( 'NONE', #91, .T. ) ;
#1593 = VERTEX_POINT ( 'NONE', #3029 ) ;
#1594 = ORIENTED_EDGE ( 'NONE', *, *, #5788, .T. ) ;
#1595 = VECTOR ( 'NONE', #1051, 1000.000000000000000 ) ;
#1596 = LINE ( 'NONE', #4615, #4134 ) ;
#1597 = EDGE_CURVE ( 'NONE', #5577, #4101, #866, .T. ) ;
#1598 = DIRECTION ( 'NONE',  ( -0.000000000000000000, 1.000000000000000000, 0.000000000000000000 ) ) ;
#1599 = CARTESIAN_POINT ( 'NONE',  ( -4.090036804491764322, 6.007231386356260749, 24.67799268559851456 ) ) ;
#1600 = ORIENTED_EDGE ( 'NONE', *, *, #3865, .T. ) ;
#1601 = CYLINDRICAL_SURFACE ( 'NONE', #2553, 2.349999999998416911 ) ;
#1602 = CIRCLE ( 'NONE', #3726, 0.5000000000000004441 ) ;
#1603 = CARTESIAN_POINT ( 'NONE',  ( 2.999999999999780176, 16.10000000000000142, 29.34999999999827835 ) ) ;
#1604 = CARTESIAN_POINT ( 'NONE',  ( 3.000000000000002665, 8.599999999999999645, 2.999999999997893241 ) ) ;
#1605 = CARTESIAN_POINT ( 'NONE',  ( 5.899999999999417710, 16.10000000000000142, 29.84999999999830322 ) ) ;
#1606 = ORIENTED_EDGE ( 'NONE', *, *, #718, .T. ) ;
#1607 = CARTESIAN_POINT ( 'NONE',  ( -4.195491502811578677, 6.697891065755752216, 5.287743005853572598 ) ) ;
#1608 = ADVANCED_FACE ( 'NONE', ( #2498 ), #6531, .F. ) ;
#1609 = ORIENTED_EDGE ( 'NONE', *, *, #3780, .T. ) ;
#1610 = VECTOR ( 'NONE', #428, 1000.000000000000000 ) ;
#1611 = ORIENTED_EDGE ( 'NONE', *, *, #4436, .F. ) ;
#1612 = VERTEX_POINT ( 'NONE', #2695 ) ;
#1613 = CARTESIAN_POINT ( 'NONE',  ( 66.10000000000161435, 8.599999999999999645, 0.000000000000000000 ) ) ;
#1614 = CARTESIAN_POINT ( 'NONE',  ( 66.10000000000161435, 10.09999999999999964, 6.099999999998364508 ) ) ;
#1615 = CYLINDRICAL_SURFACE ( 'NONE', #452, 0.5000000000000004441 ) ;
#1616 = AXIS2_PLACEMENT_3D ( 'NONE', #823, #2871, #4920 ) ;
#1617 = ADVANCED_FACE ( 'NONE', ( #2630 ), #3632, .T. ) ;
#1618 = ADVANCED_FACE ( 'NONE', ( #1084 ), #5314, .F. ) ;
#1619 = LINE ( 'NONE', #4665, #1724 ) ;
#1620 = AXIS2_PLACEMENT_3D ( 'NONE', #1068, #3708, #5632 ) ;
#1621 = LINE ( 'NONE', #4152, #5810 ) ;
#1622 = DIRECTION ( 'NONE',  ( 0.000000000000000000, -1.000000000000000000, 0.000000000000000000 ) ) ;
#1623 = LINE ( 'NONE', #1685, #24 ) ;
#1624 = EDGE_CURVE ( 'NONE', #1948, #4038, #2217, .T. ) ;
#1625 = CARTESIAN_POINT ( 'NONE',  ( 58.94343442428250057, 16.48369125327606355, 30.27171721213238342 ) ) ;
#1626 = AXIS2_PLACEMENT_3D ( 'NONE', #5269, #1049, #6146 ) ;
#1627 = ORIENTED_EDGE ( 'NONE', *, *, #2085, .T. ) ;
#1628 = EDGE_CURVE ( 'NONE', #821, #3400, #4709, .T. ) ;
#1629 = ORIENTED_EDGE ( 'NONE', *, *, #983, .F. ) ;
#1630 = CARTESIAN_POINT ( 'NONE',  ( 66.60000000000161435, 8.599999999999999645, -1.100000000000003419 ) ) ;
#1631 = DIRECTION ( 'NONE',  ( 0.000000000000000000, 0.000000000000000000, -1.000000000000000000 ) ) ;
#1632 = DIRECTION ( 'NONE',  ( 0.000000000000000000, 0.000000000000000000, 1.000000000000000000 ) ) ;
#1633 = AXIS2_PLACEMENT_3D ( 'NONE', #5149, #4736, #3626 ) ;
#1634 = LINE ( 'NONE', #87, #1384 ) ;
#1635 = DIRECTION ( 'NONE',  ( -0.9510565162951538642, 0.000000000000000000, 0.3090169943749466186 ) ) ;
#1636 = DIRECTION ( 'NONE',  ( 6.994648347254841037E-15, 0.000000000000000000, 1.000000000000000000 ) ) ;
#1637 = ORIENTED_EDGE ( 'NONE', *, *, #2556, .F. ) ;
#1638 = VECTOR ( 'NONE', #3174, 1000.000000000000000 ) ;
#1639 = VERTEX_POINT ( 'NONE', #719 ) ;
#1640 = EDGE_LOOP ( 'NONE', ( #3866, #2718, #4895, #3201 ) ) ;
#1641 = ORIENTED_EDGE ( 'NONE', *, *, #2237, .F. ) ;
#1642 = DIRECTION ( 'NONE',  ( 1.000000000000000000, 0.000000000000000000, 0.000000000000000000 ) ) ;
#1643 = AXIS2_PLACEMENT_3D ( 'NONE', #4964, #2002, #6121 ) ;
#1644 = CARTESIAN_POINT ( 'NONE',  ( 59.60000000000162146, 8.799999999999998934, 29.34999999999885389 ) ) ;
#1645 = FACE_OUTER_BOUND ( 'NONE', #730, .T. ) ;
#1646 = ORIENTED_EDGE ( 'NONE', *, *, #3331, .T. ) ;
#1647 = CARTESIAN_POINT ( 'NONE',  ( 36.40000000000161862, 8.799999999999998934, 0.000000000000000000 ) ) ;
#1648 = ORIENTED_EDGE ( 'NONE', *, *, #1827, .T. ) ;
#1649 = EDGE_CURVE ( 'NONE', #560, #290, #5250, .T. ) ;
#1650 = CARTESIAN_POINT ( 'NONE',  ( 6.274999999999439915, 16.43071891388304451, 29.84999999999830678 ) ) ;
#1651 = EDGE_CURVE ( 'NONE', #921, #5490, #656, .T. ) ;
#1652 = FACE_OUTER_BOUND ( 'NONE', #2727, .T. ) ;
#1653 = CARTESIAN_POINT ( 'NONE',  ( 58.66698729810907054, 16.10000000000000142, 30.09999999999940457 ) ) ;
#1654 = CARTESIAN_POINT ( 'NONE',  ( 5.899999999999421263, 8.799999999999998934, 31.59999999999869758 ) ) ;
#1655 = ORIENTED_EDGE ( 'NONE', *, *, #4668, .T. ) ;
#1656 = CIRCLE ( 'NONE', #268, 0.4999999999999997224 ) ;
#1657 = EDGE_CURVE ( 'NONE', #5151, #4419, #1519, .T. ) ;
#1658 = EDGE_LOOP ( 'NONE', ( #6221, #3410, #2659 ) ) ;
#1659 = FACE_OUTER_BOUND ( 'NONE', #3336, .T. ) ;
#1660 = EDGE_CURVE ( 'NONE', #2281, #479, #2366, .T. ) ;
#1661 = DIRECTION ( 'NONE',  ( 0.000000000000000000, 0.000000000000000000, -1.000000000000000000 ) ) ;
#1662 = EDGE_CURVE ( 'NONE', #2802, #2852, #5053, .T. ) ;
#1663 = CIRCLE ( 'NONE', #4994, 0.5000000000000004441 ) ;
#1664 = CARTESIAN_POINT ( 'NONE',  ( 0.1500000000018568702, 16.10000000000000142, 1.354981665080531927E-14 ) ) ;
#1665 = DIRECTION ( 'NONE',  ( 1.000000000000000000, 0.000000000000000000, -2.168404344971009115E-16 ) ) ;
#1666 = CARTESIAN_POINT ( 'NONE',  ( -6.599999999999137223, 5.599999999999998757, -0.9000000000000001332 ) ) ;
#1667 = DIRECTION ( 'NONE',  ( -1.000000000000000000, 0.000000000000000000, 1.908195823574485911E-14 ) ) ;
#1668 = AXIS2_PLACEMENT_3D ( 'NONE', #2426, #446, #6014 ) ;
#1669 = ORIENTED_EDGE ( 'NONE', *, *, #3992, .T. ) ;
#1670 = CIRCLE ( 'NONE', #1565, 0.5000000000000004441 ) ;
#1671 = ADVANCED_FACE ( 'NONE', ( #2188 ), #1694, .T. ) ;
#1672 = ORIENTED_EDGE ( 'NONE', *, *, #3444, .F. ) ;
#1673 = ORIENTED_EDGE ( 'NONE', *, *, #60, .T. ) ;
#1674 = ORIENTED_EDGE ( 'NONE', *, *, #2666, .T. ) ;
#1675 = CARTESIAN_POINT ( 'NONE',  ( -3.818757446309034354, 7.570950735128700870, 24.58984867894332638 ) ) ;
#1676 = CARTESIAN_POINT ( 'NONE',  ( -3.770443664386503357, 5.608872152691715129, 24.59994084519405888 ) ) ;
#1677 = CARTESIAN_POINT ( 'NONE',  ( -3.770807779838180274, 5.599999999999998757, 25.09999999999827835 ) ) ;
#1678 = ORIENTED_EDGE ( 'NONE', *, *, #4616, .F. ) ;
#1679 = AXIS2_PLACEMENT_3D ( 'NONE', #6307, #1734, #3763 ) ;
#1680 = FACE_OUTER_BOUND ( 'NONE', #6412, .T. ) ;
#1681 = CARTESIAN_POINT ( 'NONE',  ( 6.399999999999418598, 8.799999999999998934, 31.09999999999869758 ) ) ;
#1682 = ORIENTED_EDGE ( 'NONE', *, *, #4688, .F. ) ;
#1683 = AXIS2_PLACEMENT_3D ( 'NONE', #6240, #5249, #5218 ) ;
#1684 = DIRECTION ( 'NONE',  ( 0.000000000000000000, 7.806255641895631925E-15, 1.000000000000000000 ) ) ;
#1685 = CARTESIAN_POINT ( 'NONE',  ( 5.899999999999417710, 16.60000000000000142, 0.000000000000000000 ) ) ;
#1686 = DIRECTION ( 'NONE',  ( 0.000000000000000000, 0.000000000000000000, 1.000000000000000000 ) ) ;
#1687 = TOROIDAL_SURFACE ( 'NONE', #3504, 0.1999999999999999833, 0.5000000000000000000 ) ;
#1688 = EDGE_CURVE ( 'NONE', #4142, #1330, #5481, .T. ) ;
#1689 = ORIENTED_EDGE ( 'NONE', *, *, #3030, .F. ) ;
#1690 = DIRECTION ( 'NONE',  ( 4.565061778886154824E-17, 0.000000000000000000, 1.000000000000000000 ) ) ;
#1691 = VERTEX_POINT ( 'NONE', #6073 ) ;
#1692 = DIRECTION ( 'NONE',  ( -1.000000000000000000, 0.000000000000000000, 6.938893903907174735E-15 ) ) ;
#1693 = DIRECTION ( 'NONE',  ( 0.000000000000000000, 0.000000000000000000, 1.000000000000000000 ) ) ;
#1694 = PLANE ( 'NONE',  #5265 ) ;
#1695 = FACE_OUTER_BOUND ( 'NONE', #1511, .T. ) ;
#1696 = CARTESIAN_POINT ( 'NONE',  ( 59.22500000000133724, 16.43071891388275318, 29.84999999999885034 ) ) ;
#1697 = CARTESIAN_POINT ( 'NONE',  ( 64.85000000000056275, 8.599999999999999645, 2.999999999997893241 ) ) ;
#1698 = CARTESIAN_POINT ( 'NONE',  ( -1.853162770251072011, 7.855282581475772297, 2.511503876844357565E-16 ) ) ;
#1699 = LINE ( 'NONE', #5782, #4985 ) ;
#1700 = AXIS2_PLACEMENT_3D ( 'NONE', #3972, #6024, #6388 ) ;
#1701 = ADVANCED_FACE ( 'NONE', ( #6573 ), #3590, .T. ) ;
#1702 = ORIENTED_EDGE ( 'NONE', *, *, #5946, .T. ) ;
#1703 =( BOUNDED_SURFACE ( )  B_SPLINE_SURFACE ( 3, 2, ( 
 ( #1435, #5964, #2843 ),
 ( #5525, #6552, #1972 ),
 ( #396, #2440, #2372 ),
 ( #6493, #5888, #3879 ),
 ( #299, #5995, #4386 ),
 ( #2334, #6427, #1845 ),
 ( #4422, #1373, #954 ),
 ( #6087, #3003, #6183 ) ),
 .UNSPECIFIED., .F., .F., .F. ) 
 B_SPLINE_SURFACE_WITH_KNOTS ( ( 4, 2, 2, 4 ),
 ( 3, 3 ),
 ( 0.000000000000000000, 0.0004967951233360057587, 0.0007451926850040085839, 0.0009935902466720115175 ),
 ( 0.000000000000000000, 1.000000000000000000 ),
 .UNSPECIFIED. ) 
 GEOMETRIC_REPRESENTATION_ITEM ( )  RATIONAL_B_SPLINE_SURFACE ( (
 ( 1.000000000000000000, 0.9079695759378645370, 1.000000000000000000),
 ( 1.000000000000000000, 0.8770741266662560598, 1.000000000000000000),
 ( 1.000000000000000000, 0.8343175782623835079, 1.000000000000000000),
 ( 1.000000000000000000, 0.7734485714254645261, 1.000000000000000000),
 ( 1.000000000000000000, 0.7537011333921795897, 1.000000000000000000),
 ( 1.000000000000000000, 0.7223390661751075692, 1.000000000000000000),
 ( 1.000000000000000000, 0.7111474643078644631, 1.000000000000000000),
 ( 1.000000000000000000, 0.7071067811865480168, 1.000000000000000000) ) ) 
 REPRESENTATION_ITEM ( '' )  SURFACE ( )  );
#1704 = ORIENTED_EDGE ( 'NONE', *, *, #5831, .T. ) ;
#1705 = EDGE_CURVE ( 'NONE', #5790, #120, #5159, .T. ) ;
#1706 = AXIS2_PLACEMENT_3D ( 'NONE', #5243, #6232, #1105 ) ;
#1707 = EDGE_LOOP ( 'NONE', ( #1849, #2789, #6186, #4139 ) ) ;
#1708 = VERTEX_POINT ( 'NONE', #2425 ) ;
#1709 = CARTESIAN_POINT ( 'NONE',  ( 58.91048540604889183, 10.89689741874976825, 30.04678785167067190 ) ) ;
#1710 = DIRECTION ( 'NONE',  ( 0.000000000000000000, -1.000000000000000000, 0.000000000000000000 ) ) ;
#1711 = DIRECTION ( 'NONE',  ( 0.000000000000000000, 0.000000000000000000, -1.000000000000000000 ) ) ;
#1712 = ORIENTED_EDGE ( 'NONE', *, *, #6356, .F. ) ;
#1713 = VECTOR ( 'NONE', #2886, 1000.000000000000000 ) ;
#1714 = ORIENTED_EDGE ( 'NONE', *, *, #3780, .F. ) ;
#1715 = DIRECTION ( 'NONE',  ( -0.9978936193135382604, -0.06487160036045994116, 4.327673719876640391E-16 ) ) ;
#1716 = FACE_OUTER_BOUND ( 'NONE', #4739, .T. ) ;
#1717 = LINE ( 'NONE', #775, #961 ) ;
#1718 = CARTESIAN_POINT ( 'NONE',  ( 66.10000000000161435, 8.599999999999999645, -1.100000000000003419 ) ) ;
#1719 = AXIS2_PLACEMENT_3D ( 'NONE', #4655, #59, #1542 ) ;
#1720 = EDGE_LOOP ( 'NONE', ( #3668, #4192, #4924, #2874 ) ) ;
#1721 = DIRECTION ( 'NONE',  ( 0.000000000000000000, -1.000000000000000000, 0.000000000000000000 ) ) ;
#1722 = VERTEX_POINT ( 'NONE', #2492 ) ;
#1723 = DIRECTION ( 'NONE',  ( -1.908195823574485911E-14, 0.000000000000000000, -1.000000000000000000 ) ) ;
#1724 = VECTOR ( 'NONE', #6229, 1000.000000000000000 ) ;
#1725 = FACE_OUTER_BOUND ( 'NONE', #599, .T. ) ;
#1726 = DIRECTION ( 'NONE',  ( -0.000000000000000000, 1.000000000000000000, 0.000000000000000000 ) ) ;
#1727 = LINE ( 'NONE', #3757, #1008 ) ;
#1728 = AXIS2_PLACEMENT_3D ( 'NONE', #654, #3256, #4744 ) ;
#1729 = EDGE_CURVE ( 'NONE', #6343, #2155, #3110, .T. ) ;
#1730 = ORIENTED_EDGE ( 'NONE', *, *, #3126, .F. ) ;
#1731 = DIRECTION ( 'NONE',  ( 0.000000000000000000, 1.000000000000000000, -0.000000000000000000 ) ) ;
#1732 = EDGE_CURVE ( 'NONE', #3400, #2802, #1081, .T. ) ;
#1733 = CARTESIAN_POINT ( 'NONE',  ( 0.1500000000014141965, 16.10000000000000142, 4.899999999998445155 ) ) ;
#1734 = DIRECTION ( 'NONE',  ( 0.000000000000000000, 1.000000000000000000, 0.000000000000000000 ) ) ;
#1735 = LINE ( 'NONE', #6380, #918 ) ;
#1736 = EDGE_LOOP ( 'NONE', ( #2367, #3886, #889, #2733 ) ) ;
#1737 = AXIS2_PLACEMENT_3D ( 'NONE', #4315, #1642, #1196 ) ;
#1738 = ORIENTED_EDGE ( 'NONE', *, *, #1145, .T. ) ;
#1739 = EDGE_CURVE ( 'NONE', #6032, #3324, #3024, .T. ) ;
#1740 = EDGE_CURVE ( 'NONE', #4764, #1541, #5164, .T. ) ;
#1741 = ORIENTED_EDGE ( 'NONE', *, *, #2640, .T. ) ;
#1742 = ORIENTED_EDGE ( 'NONE', *, *, #6404, .F. ) ;
#1743 = CARTESIAN_POINT ( 'NONE',  ( -3.823543441486441541, 7.577158646836684497, 24.59140374304254095 ) ) ;
#1744 = LINE ( 'NONE', #2171, #6198 ) ;
#1745 = VECTOR ( 'NONE', #2345, 1000.000000000000000 ) ;
#1746 = CARTESIAN_POINT ( 'NONE',  ( -0.5999999999984192423, 5.599999999999998757, -1.100000000000000311 ) ) ;
#1747 = DIRECTION ( 'NONE',  ( 0.000000000000000000, 0.000000000000000000, 1.000000000000000000 ) ) ;
#1748 = ORIENTED_EDGE ( 'NONE', *, *, #3720, .F. ) ;
#1749 = ADVANCED_FACE ( 'NONE', ( #6107 ), #1524, .T. ) ;
#1750 = EDGE_LOOP ( 'NONE', ( #5596, #1440, #2476, #974 ) ) ;
#1751 = VECTOR ( 'NONE', #1810, 1000.000000000000000 ) ;
#1752 = DIRECTION ( 'NONE',  ( -0.000000000000000000, -1.000000000000000000, 0.000000000000000000 ) ) ;
#1753 = CARTESIAN_POINT ( 'NONE',  ( -2.985811927269651504E-13, 16.10000000000000142, 29.34999999999824638 ) ) ;
#1754 = CIRCLE ( 'NONE', #5499, 0.5000000000000004441 ) ;
#1755 = CARTESIAN_POINT ( 'NONE',  ( -4.097939288553173576, 5.770343479784598273, 5.319439641677260688 ) ) ;
#1756 = VERTEX_POINT ( 'NONE', #3682 ) ;
#1757 = EDGE_CURVE ( 'NONE', #2155, #3849, #170, .T. ) ;
#1758 = DIRECTION ( 'NONE',  ( 1.387778780781444413E-14, 0.000000000000000000, -1.000000000000000000 ) ) ;
#1759 = ORIENTED_EDGE ( 'NONE', *, *, #4418, .T. ) ;
#1760 = LINE ( 'NONE', #4296, #2084 ) ;
#1761 = CYLINDRICAL_SURFACE ( 'NONE', #2962, 0.6999999999999992895 ) ;
#1762 = CARTESIAN_POINT ( 'NONE',  ( 6.719631840943321777, 16.39124132264812772, 30.19018403707584852 ) ) ;
#1763 = EDGE_CURVE ( 'NONE', #4465, #964, #4256, .T. ) ;
#1764 = ORIENTED_EDGE ( 'NONE', *, *, #5271, .F. ) ;
#1765 = DIRECTION ( 'NONE',  ( 0.000000000000000000, -1.000000000000000000, 0.000000000000000000 ) ) ;
#1766 = DIRECTION ( 'NONE',  ( 1.000000000000000000, 0.000000000000000000, 0.000000000000000000 ) ) ;
#1767 = CIRCLE ( 'NONE', #5515, 0.5000000000000004441 ) ;
#1768 = DIRECTION ( 'NONE',  ( 1.982541115402065070E-14, 0.000000000000000000, 1.000000000000000000 ) ) ;
#1769 = DIRECTION ( 'NONE',  ( 1.000000000000000000, 0.000000000000000000, 9.033211100425053116E-14 ) ) ;
#1770 = ORIENTED_EDGE ( 'NONE', *, *, #5787, .T. ) ;
#1771 = VECTOR ( 'NONE', #6123, 1000.000000000000000 ) ;
#1772 = EDGE_CURVE ( 'NONE', #5097, #964, #1411, .T. ) ;
#1773 = ORIENTED_EDGE ( 'NONE', *, *, #2353, .T. ) ;
#1774 = ORIENTED_EDGE ( 'NONE', *, *, #5027, .T. ) ;
#1775 = ORIENTED_EDGE ( 'NONE', *, *, #1235, .F. ) ;
#1776 = DIRECTION ( 'NONE',  ( 0.000000000000000000, 0.000000000000000000, -1.000000000000000000 ) ) ;
#1777 = CARTESIAN_POINT ( 'NONE',  ( 0.1500000000014142520, 16.60000000000000142, 4.899999999998445155 ) ) ;
#1778 = CIRCLE ( 'NONE', #5093, 0.6999999999999992895 ) ;
#1779 = CYLINDRICAL_SURFACE ( 'NONE', #1311, 0.5000000000000004441 ) ;
#1780 = CARTESIAN_POINT ( 'NONE',  ( 59.49397459626366214, 16.59999999999444853, 30.49397459626008811 ) ) ;
#1781 = EDGE_LOOP ( 'NONE', ( #3639, #4240, #2444, #2955 ) ) ;
#1782 = VECTOR ( 'NONE', #938, 1000.000000000000000 ) ;
#1783 = VERTEX_POINT ( 'NONE', #6236 ) ;
#1784 = FACE_OUTER_BOUND ( 'NONE', #1640, .T. ) ;
#1785 = CIRCLE ( 'NONE', #4469, 0.5000000000000004441 ) ;
#1786 = DIRECTION ( 'NONE',  ( -1.000000000000000000, 0.000000000000000000, -1.982541115402067279E-14 ) ) ;
#1787 = AXIS2_PLACEMENT_3D ( 'NONE', #2225, #4851, #4201 ) ;
#1788 = CARTESIAN_POINT ( 'NONE',  ( 64.35000000000060538, 8.900000000000000355, 5.399999999998364331 ) ) ;
#1789 = AXIS2_PLACEMENT_3D ( 'NONE', #549, #2086, #5022 ) ;
#1790 = VERTEX_POINT ( 'NONE', #3215 ) ;
#1791 = DIRECTION ( 'NONE',  ( 0.000000000000000000, 0.000000000000000000, -1.000000000000000000 ) ) ;
#1792 = VERTEX_POINT ( 'NONE', #5801 ) ;
#1793 = DIRECTION ( 'NONE',  ( 0.000000000000000000, 0.000000000000000000, 1.000000000000000000 ) ) ;
#1794 = FACE_OUTER_BOUND ( 'NONE', #6330, .T. ) ;
#1795 = DIRECTION ( 'NONE',  ( 1.000000000000000000, 0.000000000000000000, -1.908195823574486226E-14 ) ) ;
#1796 = AXIS2_PLACEMENT_3D ( 'NONE', #1974, #5560, #957 ) ;
#1797 = ORIENTED_EDGE ( 'NONE', *, *, #3073, .F. ) ;
#1798 = DIRECTION ( 'NONE',  ( 0.000000000000000000, 1.000000000000000000, -0.000000000000000000 ) ) ;
#1799 = CARTESIAN_POINT ( 'NONE',  ( -3.850000000000434852, 16.60000000000000142, 24.59999999999827480 ) ) ;
#1800 = CARTESIAN_POINT ( 'NONE',  ( 66.60000000000161435, 10.59999999999999787, 0.000000000000000000 ) ) ;
#1801 = LINE ( 'NONE', #757, #1242 ) ;
#1802 = VERTEX_POINT ( 'NONE', #681 ) ;
#1803 = CARTESIAN_POINT ( 'NONE',  ( 64.85000000000098908, 16.10000000000000142, 25.09999999999835651 ) ) ;
#1804 = FACE_OUTER_BOUND ( 'NONE', #5234, .T. ) ;
#1805 = ORIENTED_EDGE ( 'NONE', *, *, #929, .T. ) ;
#1806 = ORIENTED_EDGE ( 'NONE', *, *, #3659, .T. ) ;
#1807 = ORIENTED_EDGE ( 'NONE', *, *, #6394, .F. ) ;
#1808 = FACE_OUTER_BOUND ( 'NONE', #2643, .T. ) ;
#1809 = CARTESIAN_POINT ( 'NONE',  ( -3.849640409036310995, 5.613197328227154337, 24.59988316181141954 ) ) ;
#1810 = DIRECTION ( 'NONE',  ( -1.000000000000000000, -0.000000000000000000, -0.000000000000000000 ) ) ;
#1811 = CARTESIAN_POINT ( 'NONE',  ( 64.85000000000061959, 10.59999999999999787, 6.099999999998364508 ) ) ;
#1812 = ORIENTED_EDGE ( 'NONE', *, *, #5418, .F. ) ;
#1813 = ORIENTED_EDGE ( 'NONE', *, *, #1502, .F. ) ;
#1814 = CIRCLE ( 'NONE', #1706, 0.5000000000000004441 ) ;
#1815 = VERTEX_POINT ( 'NONE', #1654 ) ;
#1816 = CARTESIAN_POINT ( 'NONE',  ( -3.874196797862213160, 5.853114083101635501, 24.53450104247415098 ) ) ;
#1817 = CARTESIAN_POINT ( 'NONE',  ( -0.1105384967418302916, 7.709366085524560930, 24.12558370157269039 ) ) ;
#1818 = EDGE_CURVE ( 'NONE', #1722, #3056, #6497, .T. ) ;
#1819 = ADVANCED_FACE ( 'NONE', ( #1592 ), #5674, .T. ) ;
#1820 = CARTESIAN_POINT ( 'NONE',  ( -0.1532844611628010612, 7.823205357466884280, 5.890616127765745169 ) ) ;
#1821 = VECTOR ( 'NONE', #6253, 1000.000000000000000 ) ;
#1822 = DIRECTION ( 'NONE',  ( -0.000000000000000000, -0.000000000000000000, 1.000000000000000000 ) ) ;
#1823 = ORIENTED_EDGE ( 'NONE', *, *, #3349, .F. ) ;
#1824 = CARTESIAN_POINT ( 'NONE',  ( -6.099999999999137223, 5.099999999999999645, -0.9000000000000001332 ) ) ;
#1825 = ORIENTED_EDGE ( 'NONE', *, *, #5271, .T. ) ;
#1826 = CARTESIAN_POINT ( 'NONE',  ( 66.60000000000161435, 16.60000000000000142, -1.100000000000003419 ) ) ;
#1827 = EDGE_CURVE ( 'NONE', #23, #5675, #6207, .T. ) ;
#1828 = DIRECTION ( 'NONE',  ( -0.9510565162951545304, -0.3090169943749445092, 1.137806941929489189E-16 ) ) ;
#1829 = AXIS2_PLACEMENT_3D ( 'NONE', #3246, #6326, #3314 ) ;
#1830 = ADVANCED_FACE ( 'NONE', ( #1208 ), #2591, .T. ) ;
#1831 = CARTESIAN_POINT ( 'NONE',  ( 66.10000000000161435, 8.599999999999999645, 25.09999999999835651 ) ) ;
#1832 = ORIENTED_EDGE ( 'NONE', *, *, #6394, .T. ) ;
#1833 = DIRECTION ( 'NONE',  ( -6.938893903907222067E-15, 0.000000000000000000, -1.000000000000000000 ) ) ;
#1834 = FACE_OUTER_BOUND ( 'NONE', #4798, .T. ) ;
#1835 = CARTESIAN_POINT ( 'NONE',  ( 58.85000000000106013, 16.76143782776551561, 29.84999999999885389 ) ) ;
#1836 = FACE_OUTER_BOUND ( 'NONE', #4673, .T. ) ;
#1837 = ORIENTED_EDGE ( 'NONE', *, *, #283, .T. ) ;
#1838 = DIRECTION ( 'NONE',  ( -0.000000000000000000, -1.000000000000000000, -0.000000000000000000 ) ) ;
#1839 = DIRECTION ( 'NONE',  ( -2.028744404108460548E-14, -0.000000000000000000, 1.000000000000000000 ) ) ;
#1840 = AXIS2_PLACEMENT_3D ( 'NONE', #1936, #3967, #5424 ) ;
#1841 = EDGE_LOOP ( 'NONE', ( #5811, #4158, #829, #4612 ) ) ;
#1842 = ORIENTED_EDGE ( 'NONE', *, *, #5110, .F. ) ;
#1843 = ORIENTED_EDGE ( 'NONE', *, *, #2150, .T. ) ;
#1844 = DIRECTION ( 'NONE',  ( -0.000000000000000000, -1.000000000000000000, -0.000000000000000000 ) ) ;
#1845 = CARTESIAN_POINT ( 'NONE',  ( -3.855140449672617375, 6.557562221101489008, 5.681881719117433782 ) ) ;
#1846 = LINE ( 'NONE', #5926, #3132 ) ;
#1847 = DIRECTION ( 'NONE',  ( 1.000000000000000000, 0.000000000000000000, 0.000000000000000000 ) ) ;
#1848 = VERTEX_POINT ( 'NONE', #544 ) ;
#1849 = ORIENTED_EDGE ( 'NONE', *, *, #3683, .F. ) ;
#1850 = EDGE_LOOP ( 'NONE', ( #2875, #3445, #3019, #2542 ) ) ;
#1851 = EDGE_LOOP ( 'NONE', ( #5664, #2823, #6313 ) ) ;
#1853 = EDGE_CURVE ( 'NONE', #5922, #4428, #6226, .T. ) ;
#1852 = CIRCLE ( 'NONE', #4298, 0.5000000000000004441 ) ;
#1854 = CARTESIAN_POINT ( 'NONE',  ( 64.85000000000097486, 16.60000000000000142, 25.09999999999835651 ) ) ;
#1855 = CYLINDRICAL_SURFACE ( 'NONE', #3092, 0.5000000000000004441 ) ;
#1856 = DIRECTION ( 'NONE',  ( 0.000000000000000000, 0.000000000000000000, -1.000000000000000000 ) ) ;
#1857 = CIRCLE ( 'NONE', #2387, 0.5000000000000000000 ) ;
#1858 = EDGE_CURVE ( 'NONE', #4687, #1534, #3224, .T. ) ;
#1859 = EDGE_CURVE ( 'NONE', #3269, #3627, #1086, .T. ) ;
#1860 = CARTESIAN_POINT ( 'NONE',  ( -3.769719798172535441, 5.613293686253161496, 5.400176753334384294 ) ) ;
#1861 = ORIENTED_EDGE ( 'NONE', *, *, #270, .T. ) ;
#1862 = CYLINDRICAL_SURFACE ( 'NONE', #3376, 0.5000000000000004441 ) ;
#1863 = VECTOR ( 'NONE', #2671, 1000.000000000000000 ) ;
#1864 = DIRECTION ( 'NONE',  ( -1.000000000000000000, 0.000000000000000000, 4.565061778886154824E-17 ) ) ;
#1865 = LINE ( 'NONE', #2356, #1454 ) ;
#1866 = EDGE_CURVE ( 'NONE', #4429, #61, #4086, .T. ) ;
#1867 = ORIENTED_EDGE ( 'NONE', *, *, #3810, .T. ) ;
#1868 = EDGE_CURVE ( 'NONE', #2674, #5394, #3758, .T. ) ;
#1869 = CARTESIAN_POINT ( 'NONE',  ( -3.886965146810339000, 6.457322160115144705, 24.42864683514729762 ) ) ;
#1870 = LINE ( 'NONE', #4953, #5840 ) ;
#1871 = DIRECTION ( 'NONE',  ( 0.000000000000000000, -0.000000000000000000, -1.000000000000000000 ) ) ;
#1872 = CARTESIAN_POINT ( 'NONE',  ( 7.099999999999418776, 11.40000000000000036, 31.09999999999869402 ) ) ;
#1873 = EDGE_CURVE ( 'NONE', #6210, #2281, #5800, .T. ) ;
#1874 = DIRECTION ( 'NONE',  ( -0.000000000000000000, -0.000000000000000000, -1.000000000000000000 ) ) ;
#1875 = ORIENTED_EDGE ( 'NONE', *, *, #5794, .F. ) ;
#1876 = VECTOR ( 'NONE', #3062, 1000.000000000000000 ) ;
#1877 = ORIENTED_EDGE ( 'NONE', *, *, #5027, .F. ) ;
#1878 = ORIENTED_EDGE ( 'NONE', *, *, #103, .T. ) ;
#1879 = CARTESIAN_POINT ( 'NONE',  ( -3.687059454688138782, 7.400801344303179263, 5.495373850584704734 ) ) ;
#1880 = CARTESIAN_POINT ( 'NONE',  ( 0.000000000000000000, 16.10000000000000142, 24.59999999999827480 ) ) ;
#1881 = DIRECTION ( 'NONE',  ( 0.000000000000000000, 0.000000000000000000, -1.000000000000000000 ) ) ;
#1882 = DIRECTION ( 'NONE',  ( 1.000000000000000000, 0.000000000000000000, 0.000000000000000000 ) ) ;
#1883 = ORIENTED_EDGE ( 'NONE', *, *, #5900, .F. ) ;
#1884 = AXIS2_PLACEMENT_3D ( 'NONE', #4846, #4335, #1795 ) ;
#1885 = ORIENTED_EDGE ( 'NONE', *, *, #4418, .F. ) ;
#1886 = VERTEX_POINT ( 'NONE', #707 ) ;
#1887 = ORIENTED_EDGE ( 'NONE', *, *, #5475, .T. ) ;
#1888 = CIRCLE ( 'NONE', #1230, 0.1999999999999987899 ) ;
#1889 = CARTESIAN_POINT ( 'NONE',  ( -4.195491502811579565, 6.080942047187164690, 5.287743005853572598 ) ) ;
#1890 = DIRECTION ( 'NONE',  ( -6.994648347254856026E-15, 0.000000000000000000, -1.000000000000000000 ) ) ;
#1891 = CARTESIAN_POINT ( 'NONE',  ( -0.1133051906466772812, 7.721226366090590432, 5.685127824672445485 ) ) ;
#1892 = EDGE_CURVE ( 'NONE', #1148, #2155, #2242, .T. ) ;
#1893 = CARTESIAN_POINT ( 'NONE',  ( 66.10000000000161435, 8.099999999999999645, -1.100000000000003419 ) ) ;
#1894 = ORIENTED_EDGE ( 'NONE', *, *, #3750, .F. ) ;
#1895 = FACE_OUTER_BOUND ( 'NONE', #1100, .T. ) ;
#1896 = AXIS2_PLACEMENT_3D ( 'NONE', #2362, #853, #1904 ) ;
#1897 = CARTESIAN_POINT ( 'NONE',  ( -3.366311896061513487, 7.363630627162360831, 4.562203338717154051E-16 ) ) ;
#1898 = EDGE_CURVE ( 'NONE', #441, #895, #5377, .T. ) ;
#1899 = AXIS2_PLACEMENT_3D ( 'NONE', #1395, #3362, #319 ) ;
#1900 = CARTESIAN_POINT ( 'NONE',  ( -4.037779515373086880, 7.388239039918990336, 24.66101326309192387 ) ) ;
#1901 = ORIENTED_EDGE ( 'NONE', *, *, #4247, .F. ) ;
#1902 = AXIS2_PLACEMENT_3D ( 'NONE', #3960, #347, #1250 ) ;
#1903 = DIRECTION ( 'NONE',  ( 6.994648347254841037E-15, 0.000000000000000000, 1.000000000000000000 ) ) ;
#1904 = DIRECTION ( 'NONE',  ( -6.938893903907222067E-15, 0.000000000000000000, -1.000000000000000000 ) ) ;
#1905 = FACE_OUTER_BOUND ( 'NONE', #4515, .T. ) ;
#1906 = DIRECTION ( 'NONE',  ( 5.421010862427517240E-17, 0.000000000000000000, 1.000000000000000000 ) ) ;
#1907 = AXIS2_PLACEMENT_3D ( 'NONE', #3809, #6351, #5889 ) ;
#1908 = ORIENTED_EDGE ( 'NONE', *, *, #6188, .T. ) ;
#1909 = ORIENTED_EDGE ( 'NONE', *, *, #4045, .F. ) ;
#1910 = EDGE_CURVE ( 'NONE', #3197, #1574, #5172, .T. ) ;
#1911 = DIRECTION ( 'NONE',  ( 1.000000000000000000, 0.000000000000000000, -1.734723475976807094E-15 ) ) ;
#1912 = CARTESIAN_POINT ( 'NONE',  ( -0.09999999999841786835, 8.456546690695361690, 24.59999999999827480 ) ) ;
#1913 = CARTESIAN_POINT ( 'NONE',  ( -3.594184521421168288, 7.239079682631984092, 24.21295295564459238 ) ) ;
#1914 = ADVANCED_FACE ( 'NONE', ( #1716 ), #4289, .F. ) ;
#1915 = ORIENTED_EDGE ( 'NONE', *, *, #5252, .F. ) ;
#1916 = ORIENTED_EDGE ( 'NONE', *, *, #3091, .F. ) ;
#1917 = AXIS2_PLACEMENT_3D ( 'NONE', #2728, #4784, #184 ) ;
#1918 = ORIENTED_EDGE ( 'NONE', *, *, #1133, .T. ) ;
#1919 = DIRECTION ( 'NONE',  ( 0.000000000000000000, 0.000000000000000000, -1.000000000000000000 ) ) ;
#1920 = DIRECTION ( 'NONE',  ( -0.000000000000000000, 0.000000000000000000, 1.000000000000000000 ) ) ;
#1921 = CARTESIAN_POINT ( 'NONE',  ( 58.66698729810907764, 11.04708406150150068, 30.09999999999940457 ) ) ;
#1922 = AXIS2_PLACEMENT_3D ( 'NONE', #238, #2275, #4323 ) ;
#1923 = DIRECTION ( 'NONE',  ( 1.000000000000000000, -0.000000000000000000, -5.143428980917867249E-17 ) ) ;
#1924 = DIRECTION ( 'NONE',  ( -1.000000000000000000, 0.000000000000000000, 2.081668171172166620E-14 ) ) ;
#1925 = ORIENTED_EDGE ( 'NONE', *, *, #3030, .T. ) ;
#1926 = AXIS2_PLACEMENT_3D ( 'NONE', #602, #6195, #4050 ) ;
#1927 = CARTESIAN_POINT ( 'NONE',  ( -3.852549715061703850, 5.704482504496533046, 5.408692908138257316 ) ) ;
#1928 = FACE_OUTER_BOUND ( 'NONE', #3875, .T. ) ;
#1929 = DIRECTION ( 'NONE',  ( 1.000000000000000000, -0.000000000000000000, -4.565061778886154824E-17 ) ) ;
#1930 = AXIS2_PLACEMENT_3D ( 'NONE', #5162, #2001, #1472 ) ;
#1931 = CIRCLE ( 'NONE', #1829, 0.5000000000000000000 ) ;
#1932 = LINE ( 'NONE', #2398, #2959 ) ;
#1933 = FACE_OUTER_BOUND ( 'NONE', #6033, .T. ) ;
#1934 = DIRECTION ( 'NONE',  ( 1.000000000000000000, -0.000000000000000000, -1.908195823574485911E-14 ) ) ;
#1935 = CARTESIAN_POINT ( 'NONE',  ( 66.60000000000161435, 11.79999999999999716, 23.89999999999835723 ) ) ;
#1936 = CARTESIAN_POINT ( 'NONE',  ( 0.1500000000015859203, 8.599999999999999645, 2.999999999997847500 ) ) ;
#1937 = AXIS2_PLACEMENT_3D ( 'NONE', #4182, #3048, #4119 ) ;
#1938 = EDGE_CURVE ( 'NONE', #5561, #3877, #3121, .T. ) ;
#1939 = EDGE_CURVE ( 'NONE', #4825, #4350, #6205, .T. ) ;
#1940 = ORIENTED_EDGE ( 'NONE', *, *, #836, .F. ) ;
#1941 = ORIENTED_EDGE ( 'NONE', *, *, #3001, .T. ) ;
#1942 = CARTESIAN_POINT ( 'NONE',  ( -3.818757446307832204, 7.570950735129836850, 5.410151321053359830 ) ) ;
#1943 = CARTESIAN_POINT ( 'NONE',  ( 62.00000000000005684, 16.10000000000000142, 29.34999999999887876 ) ) ;
#1944 = DIRECTION ( 'NONE',  ( -1.000000000000000000, 0.000000000000000000, -1.734723475976810250E-14 ) ) ;
#1945 = CARTESIAN_POINT ( 'NONE',  ( 59.60000000000161435, 16.60000000000000142, 30.59999999999942233 ) ) ;
#1946 = AXIS2_PLACEMENT_3D ( 'NONE', #672, #2803, #5391 ) ;
#1947 = ORIENTED_EDGE ( 'NONE', *, *, #1624, .T. ) ;
#1948 = VERTEX_POINT ( 'NONE', #1106 ) ;
#1949 = EDGE_CURVE ( 'NONE', #3877, #4564, #1623, .T. ) ;
#1950 = ORIENTED_EDGE ( 'NONE', *, *, #3281, .T. ) ;
#1951 = ORIENTED_EDGE ( 'NONE', *, *, #1416, .F. ) ;
#1952 = CARTESIAN_POINT ( 'NONE',  ( 6.649999999999463007, 16.76143782776609825, 29.84999999999830322 ) ) ;
#1953 = EDGE_CURVE ( 'NONE', #5684, #3787, #3653, .T. ) ;
#1954 = DIRECTION ( 'NONE',  ( -3.862357149564233661E-15, 1.000000000000000000, -3.469446951953690708E-15 ) ) ;
#1955 = CARTESIAN_POINT ( 'NONE',  ( -4.092542930182428762, 6.006712165323978780, 5.321193024799920401 ) ) ;
#1956 = VECTOR ( 'NONE', #5040, 1000.000000000000000 ) ;
#1957 = LINE ( 'NONE', #5477, #1011 ) ;
#1958 = ORIENTED_EDGE ( 'NONE', *, *, #1859, .T. ) ;
#1959 = CARTESIAN_POINT ( 'NONE',  ( -6.099999999999137223, 5.599999999999998757, -0.9000000000000001332 ) ) ;
#1960 = DIRECTION ( 'NONE',  ( 1.000000000000000000, -1.734723475976807094E-15, 0.000000000000000000 ) ) ;
#1961 = CIRCLE ( 'NONE', #3982, 0.5000000000000000000 ) ;
#1962 = CARTESIAN_POINT ( 'NONE',  ( -0.09999999999841910348, 8.599999999999999645, -1.600000000000000311 ) ) ;
#1963 = CARTESIAN_POINT ( 'NONE',  ( -6.099999999999137223, 16.10000000000000142, -0.9000000000000001332 ) ) ;
#1964 = EDGE_LOOP ( 'NONE', ( #2684, #4529, #5522, #336 ) ) ;
#1965 = VECTOR ( 'NONE', #3004, 1000.000000000000000 ) ;
#1966 = LINE ( 'NONE', #3998, #1359 ) ;
#1967 = CARTESIAN_POINT ( 'NONE',  ( 64.35000000000096065, 8.900000000000000355, 23.89999999999835723 ) ) ;
#1968 = CARTESIAN_POINT ( 'NONE',  ( -3.999480746712267276, 5.671922815341009283, 24.64856923881255213 ) ) ;
#1969 = ORIENTED_EDGE ( 'NONE', *, *, #5587, .T. ) ;
#1970 = ORIENTED_EDGE ( 'NONE', *, *, #2634, .T. ) ;
#1971 = DIRECTION ( 'NONE',  ( -1.000000000000000000, 0.000000000000000000, 0.000000000000000000 ) ) ;
#1972 = CARTESIAN_POINT ( 'NONE',  ( -3.975055775771414002, 6.209029003241193223, 5.428390485988217051 ) ) ;
#1973 = CARTESIAN_POINT ( 'NONE',  ( 64.35000000000060538, 11.79999999999999716, 4.899999999998374101 ) ) ;
#1974 = CARTESIAN_POINT ( 'NONE',  ( -6.106520656366103251E-13, 38.65107707119990010, 30.09999999999821441 ) ) ;
#1975 = ADVANCED_FACE ( 'NONE', ( #5212 ), #613, .T. ) ;
#1976 = EDGE_LOOP ( 'NONE', ( #661, #4967, #1, #304, #2814 ) ) ;
#1977 = DIRECTION ( 'NONE',  ( 2.775557561562888827E-14, -1.000000000000000000, 0.000000000000000000 ) ) ;
#1978 = VERTEX_POINT ( 'NONE', #5244 ) ;
#1979 = CARTESIAN_POINT ( 'NONE',  ( -3.763081933583847682, 5.653839553765500625, 24.59874485736132499 ) ) ;
#1980 = DIRECTION ( 'NONE',  ( -6.994648347254856026E-15, 0.000000000000000000, -1.000000000000000000 ) ) ;
#1981 = CARTESIAN_POINT ( 'NONE',  ( -0.09999999999841925613, 5.099999999999999645, -1.100000000000000311 ) ) ;
#1982 = CARTESIAN_POINT ( 'NONE',  ( -3.762836625612886010, 7.095083657513360897, 24.18817828377539669 ) ) ;
#1983 = VECTOR ( 'NONE', #5279, 1000.000000000000000 ) ;
#1984 = CARTESIAN_POINT ( 'NONE',  ( 5.699999999999418421, 8.799999999999998934, 31.09999999999870113 ) ) ;
#1985 = EDGE_LOOP ( 'NONE', ( #2445, #5999, #2370, #4008 ) ) ;
#1986 = DIRECTION ( 'NONE',  ( 0.000000000000000000, 0.000000000000000000, 1.000000000000000000 ) ) ;
#1987 = CARTESIAN_POINT ( 'NONE',  ( 64.85000000000098908, 8.099999999999999645, 25.09999999999835651 ) ) ;
#1988 = AXIS2_PLACEMENT_3D ( 'NONE', #4911, #5546, #3962 ) ;
#1989 = ADVANCED_FACE ( 'NONE', ( #2149 ), #4185, .T. ) ;
#1990 = CARTESIAN_POINT ( 'NONE',  ( 64.85000000000056275, 8.099999999999999645, 2.999999999997883915 ) ) ;
#1991 = LINE ( 'NONE', #4030, #3477 ) ;
#1992 = ORIENTED_EDGE ( 'NONE', *, *, #2237, .T. ) ;
#1993 = ORIENTED_EDGE ( 'NONE', *, *, #1949, .F. ) ;
#1994 = FACE_OUTER_BOUND ( 'NONE', #1370, .T. ) ;
#1995 = CIRCLE ( 'NONE', #2527, 0.5000000000000019984 ) ;
#1996 = DIRECTION ( 'NONE',  ( 1.000000000000000000, 0.000000000000000000, 1.017312411335546717E-14 ) ) ;
#1997 = CARTESIAN_POINT ( 'NONE',  ( -4.008817573492133413, 5.793557082251978407, 24.65160295773361909 ) ) ;
#1998 = AXIS2_PLACEMENT_3D ( 'NONE', #5679, #2025, #6047 ) ;
#1999 = VERTEX_POINT ( 'NONE', #1653 ) ;
#2000 = CARTESIAN_POINT ( 'NONE',  ( -2.007671267438543516, 8.330810839623350006, 5.899999999998444267 ) ) ;
#2001 = DIRECTION ( 'NONE',  ( -1.000000000000000000, -2.168404344971007142E-16, 2.168404344971010840E-16 ) ) ;
#2002 = DIRECTION ( 'NONE',  ( 0.000000000000000000, 1.000000000000000000, 0.000000000000000000 ) ) ;
#2003 = VECTOR ( 'NONE', #813, 1000.000000000000000 ) ;
#2004 = CARTESIAN_POINT ( 'NONE',  ( -3.036677547836428572E-13, 16.60000000000000142, 29.84999999999824638 ) ) ;
#2005 = ORIENTED_EDGE ( 'NONE', *, *, #5436, .F. ) ;
#2006 = DIRECTION ( 'NONE',  ( -1.000000000000000000, -2.775557561562888827E-14, 0.000000000000000000 ) ) ;
#2007 = ORIENTED_EDGE ( 'NONE', *, *, #633, .T. ) ;
#2008 = CARTESIAN_POINT ( 'NONE',  ( -3.849999999999051070, 6.599999999999999645, 5.899999999998444267 ) ) ;
#2009 = DIRECTION ( 'NONE',  ( 0.000000000000000000, 0.000000000000000000, 1.000000000000000000 ) ) ;
#2010 = CARTESIAN_POINT ( 'NONE',  ( 0.000000000000000000, 8.599999999999999645, 25.09999999999827480 ) ) ;
#2011 = CARTESIAN_POINT ( 'NONE',  ( -5.899999999999137046, 5.599999999999998757, -1.600000000000000089 ) ) ;
#2012 = ADVANCED_FACE ( 'NONE', ( #3679 ), #5737, .T. ) ;
#2013 = CARTESIAN_POINT ( 'NONE',  ( 5.899999999999417710, 16.60000000000000142, 30.59999999999833520 ) ) ;
#2014 = ADVANCED_FACE ( 'NONE', ( #2179 ), #4486, .F. ) ;
#2015 = CARTESIAN_POINT ( 'NONE',  ( -3.677419152304993943, 5.840471023593583055, 5.461623806744460907 ) ) ;
#2016 = CARTESIAN_POINT ( 'NONE',  ( -1.800153969829872524, 16.60000000000000142, 5.540304237326128423 ) ) ;
#2017 = AXIS2_PLACEMENT_3D ( 'NONE', #4891, #298, #2332 ) ;
#2018 = LINE ( 'NONE', #3492, #3499 ) ;
#2019 = DIRECTION ( 'NONE',  ( 0.000000000000000000, 0.000000000000000000, -1.000000000000000000 ) ) ;
#2020 = EDGE_LOOP ( 'NONE', ( #3167, #3529, #6465, #2375 ) ) ;
#2021 = EDGE_CURVE ( 'NONE', #5909, #3116, #3282, .T. ) ;
#2022 = AXIS2_PLACEMENT_3D ( 'NONE', #785, #2323, #6102 ) ;
#2023 = EDGE_CURVE ( 'NONE', #1544, #3542, #4866, .T. ) ;
#2024 = ORIENTED_EDGE ( 'NONE', *, *, #550, .F. ) ;
#2025 = DIRECTION ( 'NONE',  ( 1.000000000000000000, 0.000000000000000000, -3.538541870064538530E-14 ) ) ;
#2026 = EDGE_CURVE ( 'NONE', #4142, #6280, #4416, .T. ) ;
#2027 = AXIS2_PLACEMENT_3D ( 'NONE', #2810, #4859, #4827 ) ;
#2028 = DIRECTION ( 'NONE',  ( 6.994648347254856026E-15, -0.000000000000000000, 1.000000000000000000 ) ) ;
#2029 = CARTESIAN_POINT ( 'NONE',  ( 64.85000000000061959, 11.79999999999999716, 6.099999999998364508 ) ) ;
#2030 = LINE ( 'NONE', #2664, #5087 ) ;
#2031 = EDGE_LOOP ( 'NONE', ( #4644, #3456, #623, #5930, #5239, #5508 ) ) ;
#2032 = DIRECTION ( 'NONE',  ( 0.000000000000000000, 0.000000000000000000, -1.000000000000000000 ) ) ;
#2033 = LINE ( 'NONE', #990, #3802 ) ;
#2034 = DIRECTION ( 'NONE',  ( -1.000000000000000000, 0.000000000000000000, 5.782411586589354089E-15 ) ) ;
#2035 = CARTESIAN_POINT ( 'NONE',  ( 66.10000000000161435, 16.10000000000000142, -1.100000000000003419 ) ) ;
#2036 = CARTESIAN_POINT ( 'NONE',  ( -4.195491502811579565, 7.033139083277539783, 5.287743005853572598 ) ) ;
#2037 = CIRCLE ( 'NONE', #648, 0.5000000000000004441 ) ;
#2038 = ADVANCED_FACE ( 'NONE', ( #5371 ), #340, .T. ) ;
#2039 = ORIENTED_EDGE ( 'NONE', *, *, #2528, .F. ) ;
#2040 = ORIENTED_EDGE ( 'NONE', *, *, #4478, .F. ) ;
#2041 = CARTESIAN_POINT ( 'NONE',  ( 0.1500000000015859203, 8.099999999999999645, 2.999999999997892797 ) ) ;
#2042 = VECTOR ( 'NONE', #33, 1000.000000000000000 ) ;
#2043 = DIRECTION ( 'NONE',  ( -1.908195823574485911E-14, 0.000000000000000000, -1.000000000000000000 ) ) ;
#2044 = CARTESIAN_POINT ( 'NONE',  ( -2.007671267438543516, 8.330810839623350006, 5.399999999998445155 ) ) ;
#2045 = DIRECTION ( 'NONE',  ( 1.000000000000000000, 0.000000000000000000, -6.994648347254856026E-15 ) ) ;
#2046 = AXIS2_PLACEMENT_3D ( 'NONE', #257, #4414, #4921 ) ;
#2047 = FACE_OUTER_BOUND ( 'NONE', #1016, .T. ) ;
#2048 = DIRECTION ( 'NONE',  ( 0.000000000000000000, 1.000000000000000000, -6.938893903907222067E-15 ) ) ;
#2049 = CARTESIAN_POINT ( 'NONE',  ( 37.80000000000162430, 11.59999999999999964, 31.59999999999847731 ) ) ;
#2050 = DIRECTION ( 'NONE',  ( 6.994648347254856026E-15, -0.000000000000000000, 1.000000000000000000 ) ) ;
#2051 = CIRCLE ( 'NONE', #3755, 2.349999999998416911 ) ;
#2052 = EDGE_CURVE ( 'NONE', #1393, #2807, #2310, .T. ) ;
#2053 = EDGE_LOOP ( 'NONE', ( #5534, #4704, #5547, #2067 ) ) ;
#2054 = EDGE_LOOP ( 'NONE', ( #6157, #6174, #704, #311 ) ) ;
#2055 = VECTOR ( 'NONE', #870, 1000.000000000000000 ) ;
#2056 = DIRECTION ( 'NONE',  ( 0.000000000000000000, 0.000000000000000000, -1.000000000000000000 ) ) ;
#2057 = CARTESIAN_POINT ( 'NONE',  ( 66.10000000000161435, 16.10000000000000142, 31.09999999999827835 ) ) ;
#2058 = DIRECTION ( 'NONE',  ( 9.020562075079389318E-14, 0.000000000000000000, -1.000000000000000000 ) ) ;
#2059 = LINE ( 'NONE', #4133, #1341 ) ;
#2060 = AXIS2_PLACEMENT_3D ( 'NONE', #568, #5205, #1711 ) ;
#2061 = ADVANCED_FACE ( 'NONE', ( #5474 ), #2919, .F. ) ;
#2062 = CARTESIAN_POINT ( 'NONE',  ( -4.195491502811579565, 6.697891065755752216, 5.287743005853572598 ) ) ;
#2063 = DIRECTION ( 'NONE',  ( -1.000000000000000000, 0.000000000000000000, 1.908195823574485911E-14 ) ) ;
#2064 = FACE_OUTER_BOUND ( 'NONE', #2905, .T. ) ;
#2065 = EDGE_CURVE ( 'NONE', #5677, #2138, #4636, .T. ) ;
#2066 = DIRECTION ( 'NONE',  ( 1.000000000000000000, -0.000000000000000000, 0.000000000000000000 ) ) ;
#2067 = ORIENTED_EDGE ( 'NONE', *, *, #2347, .F. ) ;
#2068 = FACE_OUTER_BOUND ( 'NONE', #1126, .T. ) ;
#2069 = ORIENTED_EDGE ( 'NONE', *, *, #4227, .F. ) ;
#2070 = CARTESIAN_POINT ( 'NONE',  ( 64.35000000000101750, 16.10000000000000142, 26.99999999999791456 ) ) ;
#2071 = ORIENTED_EDGE ( 'NONE', *, *, #5393, .T. ) ;
#2072 = CARTESIAN_POINT ( 'NONE',  ( 2.175335635996172171E-13, 12.09999999999999964, 31.09999999999874021 ) ) ;
#2073 = LINE ( 'NONE', #4081, #2563 ) ;
#2074 = DIRECTION ( 'NONE',  ( -0.000000000000000000, -0.000000000000000000, 1.000000000000000000 ) ) ;
#2075 = EDGE_LOOP ( 'NONE', ( #2040, #57, #4402, #4367 ) ) ;
#2076 = CARTESIAN_POINT ( 'NONE',  ( -3.036677547836428572E-13, 16.60000000000000142, 29.84999999999824638 ) ) ;
#2077 = CARTESIAN_POINT ( 'NONE',  ( 62.00000000000005684, 8.599999999999999645, 26.99999999999791456 ) ) ;
#2078 = AXIS2_PLACEMENT_3D ( 'NONE', #6516, #1364, #917 ) ;
#2079 = CYLINDRICAL_SURFACE ( 'NONE', #2226, 0.6999999999999992895 ) ;
#2080 = DIRECTION ( 'NONE',  ( 6.994648347254856026E-15, -0.000000000000000000, 1.000000000000000000 ) ) ;
#2081 = AXIS2_PLACEMENT_3D ( 'NONE', #5848, #2194, #3833 ) ;
#2082 = AXIS2_PLACEMENT_3D ( 'NONE', #1147, #553, #2531 ) ;
#2083 = VERTEX_POINT ( 'NONE', #4434 ) ;
#2084 = VECTOR ( 'NONE', #2790, 1000.000000000000000 ) ;
#2085 = EDGE_CURVE ( 'NONE', #1783, #2859, #5897, .T. ) ;
#2086 = DIRECTION ( 'NONE',  ( -0.000000000000000000, -1.000000000000000000, -0.000000000000000000 ) ) ;
#2087 = FACE_OUTER_BOUND ( 'NONE', #1851, .T. ) ;
#2088 = CARTESIAN_POINT ( 'NONE',  ( -3.929238979090631911, 5.784048059837354927, 24.60556549176408936 ) ) ;
#2089 = AXIS2_PLACEMENT_3D ( 'NONE', #6269, #175, #2215 ) ;
#2090 = CARTESIAN_POINT ( 'NONE',  ( -0.5999999999984192423, 8.599999999999999645, -1.600000000000000311 ) ) ;
#2091 = ADVANCED_FACE ( 'NONE', ( #239 ), #371, .F. ) ;
#2092 = CARTESIAN_POINT ( 'NONE',  ( 5.899999999999417710, 16.60000000000000142, 29.84999999999830322 ) ) ;
#2093 = DIRECTION ( 'NONE',  ( -1.000000000000000000, 0.000000000000000000, 0.000000000000000000 ) ) ;
#2094 = AXIS2_PLACEMENT_3D ( 'NONE', #3264, #2764, #1769 ) ;
#2095 = DIRECTION ( 'NONE',  ( 6.938893903907270187E-15, 0.000000000000000000, 1.000000000000000000 ) ) ;
#2096 = VERTEX_POINT ( 'NONE', #2384 ) ;
#2097 = CYLINDRICAL_SURFACE ( 'NONE', #5363, 0.5000000000000004441 ) ;
#2098 = VECTOR ( 'NONE', #5814, 1000.000000000000000 ) ;
#2099 = ORIENTED_EDGE ( 'NONE', *, *, #3281, .F. ) ;
#2100 = EDGE_CURVE ( 'NONE', #4726, #2852, #1852, .T. ) ;
#2101 = ORIENTED_EDGE ( 'NONE', *, *, #2151, .F. ) ;
#2102 = VERTEX_POINT ( 'NONE', #1921 ) ;
#2103 = CARTESIAN_POINT ( 'NONE',  ( -3.769719798173723824, 5.613293686253840953, 24.59982324666231790 ) ) ;
#2104 = CARTESIAN_POINT ( 'NONE',  ( 0.000000000000000000, 5.099999999999999645, 0.000000000000000000 ) ) ;
#2105 = AXIS2_PLACEMENT_3D ( 'NONE', #5708, #1143, #5313 ) ;
#2106 = CARTESIAN_POINT ( 'NONE',  ( 66.10000000000161435, 16.60000000000000142, 24.59999999999835651 ) ) ;
#2107 = EDGE_LOOP ( 'NONE', ( #3686, #399, #1712, #3657 ) ) ;
#2108 = EDGE_CURVE ( 'NONE', #834, #6322, #5275, .T. ) ;
#2109 = CARTESIAN_POINT ( 'NONE',  ( 66.10000000000161435, 16.10000000000000142, 0.000000000000000000 ) ) ;
#2110 = CARTESIAN_POINT ( 'NONE',  ( -0.5999999999984192423, 5.099999999999999645, -1.600000000000000311 ) ) ;
#2111 = VERTEX_POINT ( 'NONE', #3418 ) ;
#2112 = VECTOR ( 'NONE', #3525, 1000.000000000000000 ) ;
#2113 = CARTESIAN_POINT ( 'NONE',  ( 66.10000000000161435, 11.79999999999999716, 5.399999999998364331 ) ) ;
#2114 = CARTESIAN_POINT ( 'NONE',  ( -3.860366571878866893, 5.772748632018625869, 5.429676717130800689 ) ) ;
#2115 = CARTESIAN_POINT ( 'NONE',  ( 18.89999999999941593, 16.60000000000000142, 31.09999999999860520 ) ) ;
#2116 = CARTESIAN_POINT ( 'NONE',  ( -0.5999999999984175769, 5.599999999999998757, 31.09999999999874731 ) ) ;
#2117 = FACE_OUTER_BOUND ( 'NONE', #604, .T. ) ;
#2118 = CARTESIAN_POINT ( 'NONE',  ( 2.999999999999780176, 8.599999999999999645, 29.34999999999827835 ) ) ;
#2119 = CARTESIAN_POINT ( 'NONE',  ( -3.677419152305386962, 6.080942047187286370, 24.97675238650617757 ) ) ;
#2120 = ORIENTED_EDGE ( 'NONE', *, *, #4362, .T. ) ;
#2121 = EDGE_LOOP ( 'NONE', ( #1278, #2703, #4454, #183 ) ) ;
#2122 = CIRCLE ( 'NONE', #629, 0.5000000000000000000 ) ;
#2123 = DIRECTION ( 'NONE',  ( 0.000000000000000000, 0.000000000000000000, -1.000000000000000000 ) ) ;
#2124 = CARTESIAN_POINT ( 'NONE',  ( 18.19999999999941664, 11.40000000000000036, 31.09999999999861231 ) ) ;
#2125 = CARTESIAN_POINT ( 'NONE',  ( -4.195491457694285664, 5.985383210964214662, 24.71225697948322519 ) ) ;
#2126 = CARTESIAN_POINT ( 'NONE',  ( -0.09999999999841886755, 7.726532831564226989, 5.739912330210187541 ) ) ;
#2127 = CIRCLE ( 'NONE', #632, 0.4999999999999970024 ) ;
#2128 = CARTESIAN_POINT ( 'NONE',  ( -3.849999999999051514, 6.902442244140385874, 5.763271264017420847 ) ) ;
#2129 = TOROIDAL_SURFACE ( 'NONE', #5991, 1.000000000000000000, 0.5000000000000000000 ) ;
#2130 = CARTESIAN_POINT ( 'NONE',  ( 66.60000000000161435, 9.599999999999999645, 6.099999999998364508 ) ) ;
#2131 = CARTESIAN_POINT ( 'NONE',  ( 0.000000000000000000, 11.09999999999999787, 6.099999999998364508 ) ) ;
#2132 = DIRECTION ( 'NONE',  ( 1.000000000000000000, -0.000000000000000000, -5.143428980917867249E-17 ) ) ;
#2133 = CARTESIAN_POINT ( 'NONE',  ( -3.849999999999048406, 6.697891065755752216, 24.23672873599514688 ) ) ;
#2134 = ADVANCED_FACE ( 'NONE', ( #3817 ), #5862, .F. ) ;
#2135 = EDGE_CURVE ( 'NONE', #2499, #2138, #806, .T. ) ;
#2136 = ORIENTED_EDGE ( 'NONE', *, *, #6122, .F. ) ;
#2137 = ORIENTED_EDGE ( 'NONE', *, *, #2085, .F. ) ;
#2138 = VERTEX_POINT ( 'NONE', #1549 ) ;
#2139 = PLANE ( 'NONE',  #1737 ) ;
#2140 = LINE ( 'NONE', #4599, #5875 ) ;
#2141 = DIRECTION ( 'NONE',  ( -1.000000000000000000, 0.000000000000000000, 0.000000000000000000 ) ) ;
#2142 = AXIS2_PLACEMENT_3D ( 'NONE', #4399, #4325, #1856 ) ;
#2143 = EDGE_LOOP ( 'NONE', ( #4202, #4248, #3609 ) ) ;
#2144 = EDGE_CURVE ( 'NONE', #6084, #1756, #934, .T. ) ;
#2145 = CYLINDRICAL_SURFACE ( 'NONE', #4716, 0.6999999999999992895 ) ;
#2146 = CARTESIAN_POINT ( 'NONE',  ( 6.440263792550361188, 16.52664184823142435, 30.32986810372316810 ) ) ;
#2147 = ADVANCED_FACE ( 'NONE', ( #969 ), #4018, .T. ) ;
#2148 = CARTESIAN_POINT ( 'NONE',  ( -3.349999999999051958, 6.599999999999999645, 4.540096597281805389E-16 ) ) ;
#2149 = FACE_OUTER_BOUND ( 'NONE', #2075, .T. ) ;
#2150 = EDGE_CURVE ( 'NONE', #4824, #1756, #6545, .T. ) ;
#2151 = EDGE_CURVE ( 'NONE', #684, #278, #3655, .T. ) ;
#2152 = AXIS2_PLACEMENT_3D ( 'NONE', #6041, #5051, #4513 ) ;
#2153 = CARTESIAN_POINT ( 'NONE',  ( 66.10000000000161435, 8.900000000000000355, 6.099999999998364508 ) ) ;
#2154 = CARTESIAN_POINT ( 'NONE',  ( 66.60000000000161435, 8.099999999999999645, -1.100000000000003419 ) ) ;
#2155 = VERTEX_POINT ( 'NONE', #5569 ) ;
#2156 = ORIENTED_EDGE ( 'NONE', *, *, #164, .F. ) ;
#2157 = DIRECTION ( 'NONE',  ( 1.908195823574538922E-14, -0.000000000000000000, 1.000000000000000000 ) ) ;
#2158 = CARTESIAN_POINT ( 'NONE',  ( -0.09999999999841893694, 7.951085535068064480, 5.574883915221292341 ) ) ;
#2159 = AXIS2_PLACEMENT_3D ( 'NONE', #2618, #5303, #3746 ) ;
#2160 = ORIENTED_EDGE ( 'NONE', *, *, #5348, .T. ) ;
#2161 = CYLINDRICAL_SURFACE ( 'NONE', #3292, 0.5000000000000000000 ) ;
#2162 = DIRECTION ( 'NONE',  ( 0.000000000000000000, 1.000000000000000000, -0.000000000000000000 ) ) ;
#2163 = DIRECTION ( 'NONE',  ( 1.000000000000000000, 0.000000000000000000, 0.000000000000000000 ) ) ;
#2164 = CARTESIAN_POINT ( 'NONE',  ( 66.10000000000161435, 8.099999999999999645, 25.09999999999835651 ) ) ;
#2165 = ORIENTED_EDGE ( 'NONE', *, *, #947, .F. ) ;
#2166 = AXIS2_PLACEMENT_3D ( 'NONE', #4589, #5494, #4494 ) ;
#2167 = EDGE_LOOP ( 'NONE', ( #5169, #4706, #4792, #6058 ) ) ;
#2168 = ORIENTED_EDGE ( 'NONE', *, *, #1422, .T. ) ;
#2169 = EDGE_LOOP ( 'NONE', ( #762, #480, #5334, #6367, #3667, #1774, #4322, #5068, #1136, #4408 ) ) ;
#2170 = CIRCLE ( 'NONE', #1206, 0.5000000000000000000 ) ;
#2171 = CARTESIAN_POINT ( 'NONE',  ( 7.058530005696168109E-16, 6.099999999999999645, 5.899999999998444267 ) ) ;
#2172 = ADVANCED_FACE ( 'NONE', ( #437 ), #1045, .T. ) ;
#2173 = FACE_OUTER_BOUND ( 'NONE', #3515, .T. ) ;
#2174 = ORIENTED_EDGE ( 'NONE', *, *, #1047, .T. ) ;
#2175 = CARTESIAN_POINT ( 'NONE',  ( 36.60000000000161435, 8.799999999999998934, 31.09999999999848441 ) ) ;
#2176 = CARTESIAN_POINT ( 'NONE',  ( -3.849999999999048406, 6.599999999999999645, 24.09999999999827480 ) ) ;
#2177 = ORIENTED_EDGE ( 'NONE', *, *, #6372, .F. ) ;
#2178 = DIRECTION ( 'NONE',  ( 1.000000000000000000, -0.000000000000000000, -1.355252715606892622E-16 ) ) ;
#2179 = FACE_OUTER_BOUND ( 'NONE', #6219, .T. ) ;
#2180 = EDGE_LOOP ( 'NONE', ( #4719, #4614, #6060, #6526 ) ) ;
#2181 = AXIS2_PLACEMENT_3D ( 'NONE', #3433, #5488, #2432 ) ;
#2182 = DIRECTION ( 'NONE',  ( 0.000000000000000000, 0.000000000000000000, 1.000000000000000000 ) ) ;
#2183 = ORIENTED_EDGE ( 'NONE', *, *, #339, .T. ) ;
#2184 = PLANE ( 'NONE',  #3681 ) ;
#2185 = EDGE_CURVE ( 'NONE', #1999, #2102, #2450, .T. ) ;
#2186 = DIRECTION ( 'NONE',  ( 1.000000000000000000, 0.000000000000000000, 0.000000000000000000 ) ) ;
#2187 = TOROIDAL_SURFACE ( 'NONE', #5940, 1.200000000000000178, 0.5000000000000000000 ) ;
#2188 = FACE_OUTER_BOUND ( 'NONE', #4930, .T. ) ;
#2189 = CARTESIAN_POINT ( 'NONE',  ( 6.434152437291523086, 16.27748375296731354, 30.11387106376958656 ) ) ;
#2190 = AXIS2_PLACEMENT_3D ( 'NONE', #843, #2891, #4268 ) ;
#2191 = CARTESIAN_POINT ( 'NONE',  ( -3.606358541671594864, 5.899339398237607668, 5.493916021800348659 ) ) ;
#2192 = DIRECTION ( 'NONE',  ( 1.000000000000000000, -0.000000000000000000, 0.000000000000000000 ) ) ;
#2193 = CARTESIAN_POINT ( 'NONE',  ( 0.000000000000000000, 8.900000000000000355, 24.59999999999835651 ) ) ;
#2194 = DIRECTION ( 'NONE',  ( 0.000000000000000000, -1.000000000000000000, 0.000000000000000000 ) ) ;
#2195 = ORIENTED_EDGE ( 'NONE', *, *, #5709, .T. ) ;
#2196 = EDGE_LOOP ( 'NONE', ( #3225, #1110, #4659, #3821 ) ) ;
#2197 = ORIENTED_EDGE ( 'NONE', *, *, #3331, .F. ) ;
#2198 = ORIENTED_EDGE ( 'NONE', *, *, #536, .F. ) ;
#2199 = DIRECTION ( 'NONE',  ( -1.355252715606892868E-16, 0.000000000000000000, -1.000000000000000000 ) ) ;
#2200 = CIRCLE ( 'NONE', #4129, 0.5000000000000004441 ) ;
#2201 = DIRECTION ( 'NONE',  ( 0.000000000000000000, 0.000000000000000000, 1.000000000000000000 ) ) ;
#2202 = FACE_OUTER_BOUND ( 'NONE', #1412, .T. ) ;
#2203 = VERTEX_POINT ( 'NONE', #4051 ) ;
#2204 = EDGE_LOOP ( 'NONE', ( #1258, #1825, #6242, #86, #4737, #4756, #4960, #5608, #5392, #4384, #1947, #2876, #3767, #1629, #6606, #1470, #2978, #1992 ) ) ;
#2205 = VECTOR ( 'NONE', #1282, 1000.000000000000000 ) ;
#2206 = CARTESIAN_POINT ( 'NONE',  ( -0.1532844611631908882, 7.823205357467690746, 24.10938387223114177 ) ) ;
#2207 = CARTESIAN_POINT ( 'NONE',  ( -0.1847255550957894732, 7.875573272763933375, 5.899999929618787498 ) ) ;
#2208 = AXIS2_PLACEMENT_3D ( 'NONE', #4090, #4639, #3995 ) ;
#2209 = CARTESIAN_POINT ( 'NONE',  ( -4.075359713853712762, 5.731830606686822094, 24.67322380976660767 ) ) ;
#2210 = EDGE_CURVE ( 'NONE', #4285, #2203, #4503, .T. ) ;
#2211 = VERTEX_POINT ( 'NONE', #1517 ) ;
#2212 = EDGE_CURVE ( 'NONE', #2281, #4508, #5631, .T. ) ;
#2213 = CARTESIAN_POINT ( 'NONE',  ( 2.999999999999780620, 16.60000000000000142, 26.99999999999791456 ) ) ;
#2214 = ORIENTED_EDGE ( 'NONE', *, *, #4458, .T. ) ;
#2215 = DIRECTION ( 'NONE',  ( 0.000000000000000000, 0.000000000000000000, 1.000000000000000000 ) ) ;
#2216 = DIRECTION ( 'NONE',  ( -0.000000000000000000, -1.000000000000000000, 0.000000000000000000 ) ) ;
#2217 = LINE ( 'NONE', #4263, #3006 ) ;
#2218 = ADVANCED_FACE ( 'NONE', ( #5505 ), #899, .F. ) ;
#2219 = AXIS2_PLACEMENT_3D ( 'NONE', #1263, #2199, #6284 ) ;
#2220 = VERTEX_POINT ( 'NONE', #2950 ) ;
#2221 = PLANE ( 'NONE',  #193 ) ;
#2222 = EDGE_CURVE ( 'NONE', #3076, #242, #126, .T. ) ;
#2223 = CARTESIAN_POINT ( 'NONE',  ( -3.349999999999048850, 6.095304263244496923, 24.16836436799670906 ) ) ;
#2224 = FACE_OUTER_BOUND ( 'NONE', #752, .T. ) ;
#2225 = CARTESIAN_POINT ( 'NONE',  ( -0.5999999999984175769, 5.599999999999998757, 31.09999999999874376 ) ) ;
#2226 = AXIS2_PLACEMENT_3D ( 'NONE', #72, #1005, #4058 ) ;
#2227 = ORIENTED_EDGE ( 'NONE', *, *, #3351, .T. ) ;
#2228 = ORIENTED_EDGE ( 'NONE', *, *, #4717, .T. ) ;
#2229 = CIRCLE ( 'NONE', #4052, 0.5000000000000004441 ) ;
#2230 = VERTEX_POINT ( 'NONE', #3952 ) ;
#2231 = ORIENTED_EDGE ( 'NONE', *, *, #1553, .T. ) ;
#2232 = FACE_OUTER_BOUND ( 'NONE', #2402, .T. ) ;
#2233 = FACE_OUTER_BOUND ( 'NONE', #2461, .T. ) ;
#2234 = CARTESIAN_POINT ( 'NONE',  ( 36.40000000000161862, 8.099999999999999645, 31.59999999999848441 ) ) ;
#2235 = DIRECTION ( 'NONE',  ( -1.000000000000000000, 0.000000000000000000, 1.355252715606892622E-16 ) ) ;
#2236 = ORIENTED_EDGE ( 'NONE', *, *, #2514, .F. ) ;
#2237 = EDGE_CURVE ( 'NONE', #1044, #4465, #5072, .T. ) ;
#2238 = CIRCLE ( 'NONE', #4159, 0.5000000000000001110 ) ;
#2239 = VERTEX_POINT ( 'NONE', #3985 ) ;
#2240 = AXIS2_PLACEMENT_3D ( 'NONE', #6235, #513, #2589 ) ;
#2241 = CARTESIAN_POINT ( 'NONE',  ( -5.899999999999137046, 16.10000000000000142, -0.9000000000000001332 ) ) ;
#2242 = LINE ( 'NONE', #5180, #6327 ) ;
#2243 = CARTESIAN_POINT ( 'NONE',  ( -4.010200513938259270, 5.792170587858628927, 5.347947697672998935 ) ) ;
#2244 = VECTOR ( 'NONE', #2549, 1000.000000000000000 ) ;
#2245 = VERTEX_POINT ( 'NONE', #1415 ) ;
#2246 = CARTESIAN_POINT ( 'NONE',  ( -0.1844824371270967767, 7.875297602899187233, 5.899999999998443379 ) ) ;
#2247 = ORIENTED_EDGE ( 'NONE', *, *, #536, .T. ) ;
#2248 = DIRECTION ( 'NONE',  ( 0.000000000000000000, 0.000000000000000000, -1.000000000000000000 ) ) ;
#2249 = CIRCLE ( 'NONE', #6536, 0.5000000000000004441 ) ;
#2250 = CARTESIAN_POINT ( 'NONE',  ( 66.60000000000161435, 8.599999999999999645, 24.59999999999835651 ) ) ;
#2251 = EDGE_CURVE ( 'NONE', #1999, #3113, #3551, .T. ) ;
#2252 = DIRECTION ( 'NONE',  ( -0.000000000000000000, 1.000000000000000000, -0.000000000000000000 ) ) ;
#2253 = AXIS2_PLACEMENT_3D ( 'NONE', #5513, #5019, #2459 ) ;
#2254 = ORIENTED_EDGE ( 'NONE', *, *, #4320, .F. ) ;
#2255 = CARTESIAN_POINT ( 'NONE',  ( -3.924953595099471393, 5.617726742826724795, 5.375646100646876313 ) ) ;
#2256 = DIRECTION ( 'NONE',  ( -9.033211100425053116E-14, 0.000000000000000000, 1.000000000000000000 ) ) ;
#2257 = CARTESIAN_POINT ( 'NONE',  ( -5.900000000000463096, 5.099999999999999645, 31.09999999999878284 ) ) ;
#2258 = FACE_OUTER_BOUND ( 'NONE', #1095, .T. ) ;
#2259 = ORIENTED_EDGE ( 'NONE', *, *, #685, .F. ) ;
#2260 = CARTESIAN_POINT ( 'NONE',  ( -6.106520656366103251E-13, 12.09999999999999964, 30.09999999999821441 ) ) ;
#2261 = VECTOR ( 'NONE', #3855, 1000.000000000000000 ) ;
#2262 = EDGE_CURVE ( 'NONE', #4508, #1044, #1961, .T. ) ;
#2263 = VERTEX_POINT ( 'NONE', #3482 ) ;
#2264 = ORIENTED_EDGE ( 'NONE', *, *, #538, .F. ) ;
#2265 = VERTEX_POINT ( 'NONE', #5539 ) ;
#2266 = CYLINDRICAL_SURFACE ( 'NONE', #2219, 0.4999999999999998890 ) ;
#2267 = EDGE_CURVE ( 'NONE', #4825, #4922, #1091, .T. ) ;
#2268 = CARTESIAN_POINT ( 'NONE',  ( -3.925316277025637568, 5.599999999999667466, 24.62447174185070153 ) ) ;
#2269 = VECTOR ( 'NONE', #3144, 1000.000000000000000 ) ;
#2270 = CARTESIAN_POINT ( 'NONE',  ( -6.099999999999137223, 16.60000000000000142, -0.9000000000000001332 ) ) ;
#2271 = CARTESIAN_POINT ( 'NONE',  ( -0.5999999999984192423, 5.599999999999998757, -1.600000000000000311 ) ) ;
#2272 = VERTEX_POINT ( 'NONE', #2648 ) ;
#2273 = EDGE_LOOP ( 'NONE', ( #3382, #3404, #2378, #639, #3910, #5498, #5881, #5200, #2160, #3342, #6556, #6396, #888, #5036, #4496, #5463, #2649, #2675, #2329, #234, #998, #3469 ) ) ;
#2274 = ORIENTED_EDGE ( 'NONE', *, *, #505, .T. ) ;
#2275 = DIRECTION ( 'NONE',  ( 1.196361017914920171E-16, -0.000000000000000000, 1.000000000000000000 ) ) ;
#2276 = DIRECTION ( 'NONE',  ( -1.000000000000000000, 0.000000000000000000, -1.017312411335546717E-14 ) ) ;
#2277 = FACE_OUTER_BOUND ( 'NONE', #5241, .T. ) ;
#2278 = ORIENTED_EDGE ( 'NONE', *, *, #5187, .F. ) ;
#2279 = EDGE_CURVE ( 'NONE', #5921, #3116, #241, .T. ) ;
#2280 = DIRECTION ( 'NONE',  ( 1.000000000000000000, -7.222237291452120996E-29, 1.040834085586083310E-14 ) ) ;
#2281 = VERTEX_POINT ( 'NONE', #638 ) ;
#2282 = DIRECTION ( 'NONE',  ( -1.000000000000000000, 0.000000000000000000, 0.000000000000000000 ) ) ;
#2283 = LINE ( 'NONE', #2825, #5435 ) ;
#2284 = DIRECTION ( 'NONE',  ( 0.000000000000000000, 1.000000000000000000, 0.000000000000000000 ) ) ;
#2285 = ORIENTED_EDGE ( 'NONE', *, *, #6066, .T. ) ;
#2286 = DIRECTION ( 'NONE',  ( 1.017312411335546717E-14, 0.000000000000000000, -1.000000000000000000 ) ) ;
#2287 = CARTESIAN_POINT ( 'NONE',  ( -3.423930303198268188, 6.028661081754354001, 24.36028246597710378 ) ) ;
#2288 = TOROIDAL_SURFACE ( 'NONE', #799, 1.000000000000000000, 0.5000000000000000000 ) ;
#2289 = DIRECTION ( 'NONE',  ( 0.000000000000000000, 0.000000000000000000, -1.000000000000000000 ) ) ;
#2290 = CARTESIAN_POINT ( 'NONE',  ( -0.5999999999984189092, 5.599999999999998757, 4.899999999998445155 ) ) ;
#2291 = ORIENTED_EDGE ( 'NONE', *, *, #1120, .T. ) ;
#2292 = CYLINDRICAL_SURFACE ( 'NONE', #1946, 0.5000000000000004441 ) ;
#2293 = VECTOR ( 'NONE', #1247, 1000.000000000000000 ) ;
#2294 = ORIENTED_EDGE ( 'NONE', *, *, #2994, .F. ) ;
#2295 = ADVANCED_FACE ( 'NONE', ( #2202 ), #1581, .T. ) ;
#2296 = ADVANCED_FACE ( 'NONE', ( #2173 ), #4693, .T. ) ;
#2297 = ORIENTED_EDGE ( 'NONE', *, *, #1094, .T. ) ;
#2298 = VERTEX_POINT ( 'NONE', #4725 ) ;
#2299 = DIRECTION ( 'NONE',  ( 0.000000000000000000, 0.000000000000000000, -1.000000000000000000 ) ) ;
#2300 = FACE_OUTER_BOUND ( 'NONE', #545, .T. ) ;
#2301 = VECTOR ( 'NONE', #353, 1000.000000000000000 ) ;
#2302 = CARTESIAN_POINT ( 'NONE',  ( 6.833012701891654217, 12.04708406150137634, 30.09999999999835296 ) ) ;
#2303 = CARTESIAN_POINT ( 'NONE',  ( -4.021777439225267869, 6.000859950579140900, 5.385926848522329280 ) ) ;
#2304 = ORIENTED_EDGE ( 'NONE', *, *, #3948, .T. ) ;
#2305 = ORIENTED_EDGE ( 'NONE', *, *, #1818, .T. ) ;
#2306 = EDGE_CURVE ( 'NONE', #290, #260, #3204, .T. ) ;
#2307 = ORIENTED_EDGE ( 'NONE', *, *, #4246, .F. ) ;
#2308 = CARTESIAN_POINT ( 'NONE',  ( -0.1930675279143787559, 7.885032258634200986, 24.31551561170700637 ) ) ;
#2309 = EDGE_CURVE ( 'NONE', #2904, #2096, #5603, .T. ) ;
#2310 = LINE ( 'NONE', #2783, #2055 ) ;
#2311 = TOROIDAL_SURFACE ( 'NONE', #2636, 1.000000000000000000, 0.5000000000000000000 ) ;
#2312 = AXIS2_PLACEMENT_3D ( 'NONE', #3562, #3500, #2496 ) ;
#2313 = VERTEX_POINT ( 'NONE', #4116 ) ;
#2314 = DIRECTION ( 'NONE',  ( 0.000000000000000000, 0.000000000000000000, 1.000000000000000000 ) ) ;
#2315 = ORIENTED_EDGE ( 'NONE', *, *, #1651, .F. ) ;
#2316 = LINE ( 'NONE', #4775, #5945 ) ;
#2317 = LINE ( 'NONE', #1897, #2003 ) ;
#2318 = TOROIDAL_SURFACE ( 'NONE', #5222, 2.850000000000504574, 0.5000000000000000000 ) ;
#2319 = EDGE_CURVE ( 'NONE', #6095, #1421, #6020, .T. ) ;
#2320 = CARTESIAN_POINT ( 'NONE',  ( 6.833012694127344133, 16.16261027137289474, 30.09999999999835296 ) ) ;
#2321 = VECTOR ( 'NONE', #5163, 1000.000000000000000 ) ;
#2322 = EDGE_LOOP ( 'NONE', ( #1925, #3154, #3777, #367 ) ) ;
#2323 = DIRECTION ( 'NONE',  ( -1.000000000000000000, -0.000000000000000000, -0.000000000000000000 ) ) ;
#2324 = CARTESIAN_POINT ( 'NONE',  ( 0.000000000000000000, 9.599999999999999645, 0.000000000000000000 ) ) ;
#2325 = CYLINDRICAL_SURFACE ( 'NONE', #281, 0.5000000000000004441 ) ;
#2326 = CYLINDRICAL_SURFACE ( 'NONE', #589, 0.5000000000000004441 ) ;
#2327 = ORIENTED_EDGE ( 'NONE', *, *, #718, .F. ) ;
#2328 = LINE ( 'NONE', #4380, #1294 ) ;
#2329 = ORIENTED_EDGE ( 'NONE', *, *, #6361, .T. ) ;
#2330 = VERTEX_POINT ( 'NONE', #98 ) ;
#2331 = ORIENTED_EDGE ( 'NONE', *, *, #2755, .T. ) ;
#2332 = DIRECTION ( 'NONE',  ( 0.000000000000000000, 0.000000000000000000, 1.000000000000000000 ) ) ;
#2333 = TOROIDAL_SURFACE ( 'NONE', #4912, 1.200000000000000178, 0.5000000000000000000 ) ;
#2334 = CARTESIAN_POINT ( 'NONE',  ( -3.360280905508906901, 6.078781110722506043, 5.750246087802557859 ) ) ;
#2335 = CARTESIAN_POINT ( 'NONE',  ( 64.35000000000097486, 8.599999999999999645, 24.59999999999835651 ) ) ;
#2336 = CARTESIAN_POINT ( 'NONE',  ( -5.899999999999137046, 5.599999999999998757, 3.997891065754202167 ) ) ;
#2337 = VERTEX_POINT ( 'NONE', #1199 ) ;
#2338 = EDGE_CURVE ( 'NONE', #4101, #4825, #1065, .T. ) ;
#2339 = EDGE_CURVE ( 'NONE', #617, #5544, #2490, .T. ) ;
#2340 = DIRECTION ( 'NONE',  ( -1.000000000000000000, -0.000000000000000000, -1.017312411335546717E-14 ) ) ;
#2341 = VERTEX_POINT ( 'NONE', #3705 ) ;
#2342 = VECTOR ( 'NONE', #4153, 1000.000000000000000 ) ;
#2343 = ORIENTED_EDGE ( 'NONE', *, *, #5319, .T. ) ;
#2344 = LINE ( 'NONE', #6004, #3947 ) ;
#2345 = DIRECTION ( 'NONE',  ( 1.000000000000000000, 0.000000000000000000, 1.017312411335546717E-14 ) ) ;
#2346 = AXIS2_PLACEMENT_3D ( 'NONE', #967, #1890, #2449 ) ;
#2347 = EDGE_CURVE ( 'NONE', #4840, #4127, #3739, .T. ) ;
#2348 = DIRECTION ( 'NONE',  ( -1.017312411335549241E-14, 0.000000000000000000, 1.000000000000000000 ) ) ;
#2349 = EDGE_CURVE ( 'NONE', #3038, #2913, #3239, .T. ) ;
#2350 = CARTESIAN_POINT ( 'NONE',  ( 58.73380237638344425, 16.34018959728931719, 30.15721713194671949 ) ) ;
#2351 = EDGE_LOOP ( 'NONE', ( #4311, #3957, #1112, #6309 ) ) ;
#2352 = CARTESIAN_POINT ( 'NONE',  ( 5.699999999999423750, 8.599999999999997868, 29.34999999999830322 ) ) ;
#2353 = EDGE_CURVE ( 'NONE', #1393, #4532, #4640, .T. ) ;
#2354 = PLANE ( 'NONE',  #5968 ) ;
#2355 = CIRCLE ( 'NONE', #851, 0.5000000000000004441 ) ;
#2356 = CARTESIAN_POINT ( 'NONE',  ( -3.849999999999122569, 16.60000000000000142, 5.399999999998446043 ) ) ;
#2357 = VECTOR ( 'NONE', #5240, 1000.000000000000000 ) ;
#2358 = ORIENTED_EDGE ( 'NONE', *, *, #3341, .F. ) ;
#2359 = ADVANCED_FACE ( 'NONE', ( #1645 ), #5727, .T. ) ;
#2360 = CARTESIAN_POINT ( 'NONE',  ( -3.809448802462365613, 6.101015580105011438, 24.23996800313119593 ) ) ;
#2361 = DIRECTION ( 'NONE',  ( 1.196361017914920171E-16, -0.000000000000000000, 1.000000000000000000 ) ) ;
#2362 = CARTESIAN_POINT ( 'NONE',  ( -5.900000000000463096, 16.10000000000000142, 31.09999999999878284 ) ) ;
#2363 = CARTESIAN_POINT ( 'NONE',  ( -3.769719798173734926, 5.613293686253841841, 24.59982324666231790 ) ) ;
#2364 = CARTESIAN_POINT ( 'NONE',  ( -0.09999999999841793774, 5.099999999999999645, 25.09999999999827480 ) ) ;
#2365 = DIRECTION ( 'NONE',  ( -0.000000000000000000, -1.000000000000000000, -0.000000000000000000 ) ) ;
#2366 = CIRCLE ( 'NONE', #2474, 0.5000000000000000000 ) ;
#2367 = ORIENTED_EDGE ( 'NONE', *, *, #4606, .T. ) ;
#2368 = EDGE_CURVE ( 'NONE', #758, #3981, #2816, .T. ) ;
#2369 = ORIENTED_EDGE ( 'NONE', *, *, #2210, .T. ) ;
#2370 = ORIENTED_EDGE ( 'NONE', *, *, #2394, .F. ) ;
#2371 = LINE ( 'NONE', #394, #5761 ) ;
#2372 = CARTESIAN_POINT ( 'NONE',  ( -3.933725868389369662, 6.322754327725005119, 5.477598609015061015 ) ) ;
#2373 = DIRECTION ( 'NONE',  ( 0.000000000000000000, -1.000000000000000000, 0.000000000000000000 ) ) ;
#2374 = CARTESIAN_POINT ( 'NONE',  ( -3.687059454689141091, 7.400801344302310625, 24.50462614941194772 ) ) ;
#2375 = ORIENTED_EDGE ( 'NONE', *, *, #6512, .T. ) ;
#2376 = AXIS2_PLACEMENT_3D ( 'NONE', #2077, #4122, #6168 ) ;
#2377 = ORIENTED_EDGE ( 'NONE', *, *, #5379, .F. ) ;
#2378 = ORIENTED_EDGE ( 'NONE', *, *, #6336, .T. ) ;
#2379 = ORIENTED_EDGE ( 'NONE', *, *, #1185, .F. ) ;
#2380 = AXIS2_PLACEMENT_3D ( 'NONE', #1239, #739, #4974 ) ;
#2381 = CARTESIAN_POINT ( 'NONE',  ( -3.713713958486700495, 5.797935725348096980, 24.55925763812785689 ) ) ;
#2382 = EDGE_CURVE ( 'NONE', #3145, #2969, #4310, .T. ) ;
#2383 = CYLINDRICAL_SURFACE ( 'NONE', #6623, 0.4999999999999970024 ) ;
#2384 = CARTESIAN_POINT ( 'NONE',  ( -0.09999999999412133300, 8.031479838770147595, 24.47267799626007445 ) ) ;
#2385 = CARTESIAN_POINT ( 'NONE',  ( -3.849999999999048850, 6.906051303651656426, 24.23672873599514688 ) ) ;
#2386 =( BOUNDED_SURFACE ( )  B_SPLINE_SURFACE ( 3, 2, ( 
 ( #2223, #4785, #2730 ),
 ( #1322, #5351, #4914 ),
 ( #1361, #2798, #4849 ),
 ( #253, #2866, #318 ),
 ( #2287, #2360, #1869 ),
 ( #3395, #5454, #185 ),
 ( #6306, #4339, #3762 ),
 ( #5813, #3261, #5320 ) ),
 .UNSPECIFIED., .F., .F., .F. ) 
 B_SPLINE_SURFACE_WITH_KNOTS ( ( 4, 2, 2, 4 ),
 ( 3, 3 ),
 ( 0.000000000000000000, 0.0002485280937642606004, 0.0004970561875285212008, 0.0009941123750570424016 ),
 ( 0.000000000000000000, 1.000000000000000000 ),
 .UNSPECIFIED. ) 
 GEOMETRIC_REPRESENTATION_ITEM ( )  RATIONAL_B_SPLINE_SURFACE ( (
 ( 1.000000000000000000, 0.7071067811865469066, 1.000000000000000000),
 ( 1.000000000000000000, 0.7111467661182964139, 1.000000000000000000),
 ( 1.000000000000000000, 0.7223499089355865932, 1.000000000000000000),
 ( 1.000000000000000000, 0.7538037198636865499, 1.000000000000000000),
 ( 1.000000000000000000, 0.7735284355229149478, 1.000000000000000000),
 ( 1.000000000000000000, 0.8346928901866323969, 1.000000000000000000),
 ( 1.000000000000000000, 0.8769453814762502297, 1.000000000000000000),
 ( 1.000000000000000000, 0.9079695759379384778, 1.000000000000000000) ) ) 
 REPRESENTATION_ITEM ( '' )  SURFACE ( )  );
#2387 = AXIS2_PLACEMENT_3D ( 'NONE', #232, #264, #3880 ) ;
#2388 = ADVANCED_FACE ( 'NONE', ( #4147 ), #1615, .T. ) ;
#2389 = CARTESIAN_POINT ( 'NONE',  ( -6.099999999999137223, 5.099999999999999645, -0.9000000000000001332 ) ) ;
#2390 = ORIENTED_EDGE ( 'NONE', *, *, #4642, .T. ) ;
#2391 = CARTESIAN_POINT ( 'NONE',  ( 2.238538171961834689, 9.710487920814605545, 5.899999999998444267 ) ) ;
#2392 = LINE ( 'NONE', #5412, #2205 ) ;
#2393 = FACE_OUTER_BOUND ( 'NONE', #3430, .T. ) ;
#2394 = EDGE_CURVE ( 'NONE', #6447, #3528, #2921, .T. ) ;
#2395 = EDGE_CURVE ( 'NONE', #5497, #1044, #3989, .T. ) ;
#2396 = ORIENTED_EDGE ( 'NONE', *, *, #4230, .F. ) ;
#2397 = CARTESIAN_POINT ( 'NONE',  ( 2.175335635996172171E-13, 8.099999999999999645, 31.09999999999874021 ) ) ;
#2398 = CARTESIAN_POINT ( 'NONE',  ( 64.35000000000097486, 11.79999999999999716, 24.59999999999835651 ) ) ;
#2399 = CARTESIAN_POINT ( 'NONE',  ( 18.19999999999941664, 11.40000000000000036, 0.000000000000000000 ) ) ;
#2400 = CARTESIAN_POINT ( 'NONE',  ( -3.770807779836852003, 5.599999999999998757, 4.899999999998446043 ) ) ;
#2401 = DIRECTION ( 'NONE',  ( -1.000000000000000000, 0.000000000000000000, 1.387778780781444256E-14 ) ) ;
#2402 = EDGE_LOOP ( 'NONE', ( #5323, #6068, #835, #2525 ) ) ;
#2403 = ORIENTED_EDGE ( 'NONE', *, *, #283, .F. ) ;
#2404 = ORIENTED_EDGE ( 'NONE', *, *, #1543, .F. ) ;
#2405 = CYLINDRICAL_SURFACE ( 'NONE', #4596, 0.6999999999999992895 ) ;
#2406 = DIRECTION ( 'NONE',  ( -1.000000000000000000, 0.000000000000000000, 6.938893903907221278E-15 ) ) ;
#2407 = CARTESIAN_POINT ( 'NONE',  ( -6.599999999999137223, 5.599999999999998757, 3.997891065754202167 ) ) ;
#2408 = CIRCLE ( 'NONE', #3255, 0.5000000000000004441 ) ;
#2409 = EDGE_LOOP ( 'NONE', ( #5883, #1269, #4721, #6328 ) ) ;
#2410 = ORIENTED_EDGE ( 'NONE', *, *, #2514, .T. ) ;
#2411 = CIRCLE ( 'NONE', #6576, 0.5000000000000004441 ) ;
#2412 = CARTESIAN_POINT ( 'NONE',  ( -4.170229402587335876, 5.892340414916467317, 5.295951159784639373 ) ) ;
#2413 = LINE ( 'NONE', #5502, #1713 ) ;
#2414 = CARTESIAN_POINT ( 'NONE',  ( 0.02098057060877235591, 7.674044379242014102, 5.542470952126048900 ) ) ;
#2415 = CARTESIAN_POINT ( 'NONE',  ( 59.60000000000161435, 16.10000000000000142, 0.000000000000000000 ) ) ;
#2416 = CIRCLE ( 'NONE', #6158, 2.350000000000504574 ) ;
#2417 = CARTESIAN_POINT ( 'NONE',  ( 59.80000000000162430, 8.799999999999998934, 29.34999999999885389 ) ) ;
#2418 = VERTEX_POINT ( 'NONE', #4928 ) ;
#2419 = CARTESIAN_POINT ( 'NONE',  ( -0.5999999999984191312, 6.599999999999999645, 3.086057388542589536E-17 ) ) ;
#2420 = CIRCLE ( 'NONE', #374, 0.5000000000000004441 ) ;
#2421 = CARTESIAN_POINT ( 'NONE',  ( 66.10000000000161435, 8.599999999999999645, 4.899999999998364331 ) ) ;
#2422 = EDGE_CURVE ( 'NONE', #4428, #128, #3274, .T. ) ;
#2423 = CIRCLE ( 'NONE', #3276, 2.850000000000505018 ) ;
#2424 = EDGE_CURVE ( 'NONE', #4224, #2272, #734, .T. ) ;
#2425 = CARTESIAN_POINT ( 'NONE',  ( 66.60000000000161435, 16.10000000000000142, -1.100000000000003419 ) ) ;
#2426 = CARTESIAN_POINT ( 'NONE',  ( 66.10000000000161435, 8.599999999999999645, 4.899999999998364331 ) ) ;
#2427 = ORIENTED_EDGE ( 'NONE', *, *, #390, .F. ) ;
#2428 = AXIS2_PLACEMENT_3D ( 'NONE', #418, #1463, #4549 ) ;
#2429 = CARTESIAN_POINT ( 'NONE',  ( 7.058530005696168109E-16, 5.599999999999998757, 5.899999999998444267 ) ) ;
#2430 = DIRECTION ( 'NONE',  ( -1.000000000000000000, 0.000000000000000000, 0.000000000000000000 ) ) ;
#2431 = EDGE_CURVE ( 'NONE', #334, #6023, #5806, .T. ) ;
#2432 = DIRECTION ( 'NONE',  ( 1.000000000000000000, 0.000000000000000000, 0.000000000000000000 ) ) ;
#2433 = CARTESIAN_POINT ( 'NONE',  ( -3.849999999944646145, 6.938080467150633979, 24.59999999998192877 ) ) ;
#2434 = CARTESIAN_POINT ( 'NONE',  ( -0.09999999999841790999, 8.599999999999999645, 25.09999999999827480 ) ) ;
#2435 = AXIS2_PLACEMENT_3D ( 'NONE', #1556, #2458, #3088 ) ;
#2436 = EDGE_CURVE ( 'NONE', #3849, #120, #1369, .T. ) ;
#2437 = ORIENTED_EDGE ( 'NONE', *, *, #1034, .F. ) ;
#2438 = ORIENTED_EDGE ( 'NONE', *, *, #3607, .F. ) ;
#2439 = LINE ( 'NONE', #3372, #5026 ) ;
#2440 = CARTESIAN_POINT ( 'NONE',  ( -3.811440500988187541, 6.069956402634978154, 5.661152546624023785 ) ) ;
#2441 = CARTESIAN_POINT ( 'NONE',  ( -0.09999999999841795162, 8.163673889155122154, 24.54242803632907766 ) ) ;
#2442 = FACE_OUTER_BOUND ( 'NONE', #3801, .T. ) ;
#2443 = ORIENTED_EDGE ( 'NONE', *, *, #3902, .T. ) ;
#2444 = ORIENTED_EDGE ( 'NONE', *, *, #1399, .F. ) ;
#2445 = ORIENTED_EDGE ( 'NONE', *, *, #550, .T. ) ;
#2446 = CIRCLE ( 'NONE', #2759, 1.199999999999999734 ) ;
#2447 = ORIENTED_EDGE ( 'NONE', *, *, #5846, .F. ) ;
#2448 = DIRECTION ( 'NONE',  ( -1.000000000000000000, 0.000000000000000000, 6.994648347254856026E-15 ) ) ;
#2449 = DIRECTION ( 'NONE',  ( -1.000000000000000000, 0.000000000000000000, 6.994648347254856026E-15 ) ) ;
#2450 = LINE ( 'NONE', #5, #448 ) ;
#2451 = AXIS2_PLACEMENT_3D ( 'NONE', #4732, #10, #2048 ) ;
#2452 = DIRECTION ( 'NONE',  ( 1.000000000000000000, 0.000000000000000000, -1.196361017914920171E-16 ) ) ;
#2453 = CARTESIAN_POINT ( 'NONE',  ( 59.16011294060743353, 16.34515729883163360, 29.85000000463071146 ) ) ;
#2454 = ORIENTED_EDGE ( 'NONE', *, *, #3273, .T. ) ;
#2455 = AXIS2_PLACEMENT_3D ( 'NONE', #4468, #5039, #4938 ) ;
#2456 = CARTESIAN_POINT ( 'NONE',  ( -3.763062038630895056, 5.653961075578441076, 5.401258374724438482 ) ) ;
#2457 = CARTESIAN_POINT ( 'NONE',  ( 59.80000000000161720, 8.799999999999998934, 29.84999999999885389 ) ) ;
#2458 = DIRECTION ( 'NONE',  ( 0.000000000000000000, 1.000000000000000000, -0.000000000000000000 ) ) ;
#2459 = DIRECTION ( 'NONE',  ( 1.387778780781444413E-14, 0.000000000000000000, 1.000000000000000000 ) ) ;
#2460 = CARTESIAN_POINT ( 'NONE',  ( -5.021567956774771046E-17, 5.599999999999998757, -1.100000000000000311 ) ) ;
#2461 = EDGE_LOOP ( 'NONE', ( #2228, #1078, #417, #875 ) ) ;
#2462 = ADVANCED_FACE ( 'NONE', ( #6318 ), #5965, .T. ) ;
#2463 = VECTOR ( 'NONE', #4053, 1000.000000000000000 ) ;
#2464 = CYLINDRICAL_SURFACE ( 'NONE', #1998, 0.5000000000000000000 ) ;
#2465 = CARTESIAN_POINT ( 'NONE',  ( -3.149999999999048672, 6.697891065755752216, 24.09999999999827125 ) ) ;
#2466 = CARTESIAN_POINT ( 'NONE',  ( 59.60000000000161435, 8.799999999999998934, 29.84999999999885389 ) ) ;
#2467 = AXIS2_PLACEMENT_3D ( 'NONE', #4141, #5655, #6126 ) ;
#2468 = ORIENTED_EDGE ( 'NONE', *, *, #1193, .F. ) ;
#2469 = ORIENTED_EDGE ( 'NONE', *, *, #4718, .F. ) ;
#2470 = LINE ( 'NONE', #4524, #2878 ) ;
#2471 = DIRECTION ( 'NONE',  ( -1.000000000000000000, 0.000000000000000000, 6.994648347254856026E-15 ) ) ;
#2472 = CARTESIAN_POINT ( 'NONE',  ( 0.000000000000000000, 8.099999999999999645, 0.000000000000000000 ) ) ;
#2473 = PLANE ( 'NONE',  #1140 ) ;
#2474 = AXIS2_PLACEMENT_3D ( 'NONE', #3689, #4228, #3188 ) ;
#2475 = ORIENTED_EDGE ( 'NONE', *, *, #4186, .F. ) ;
#2476 = ORIENTED_EDGE ( 'NONE', *, *, #3166, .F. ) ;
#2477 = EDGE_CURVE ( 'NONE', #742, #4684, #5432, .T. ) ;
#2478 = EDGE_LOOP ( 'NONE', ( #5296, #4689, #4302, #2005, #6222 ) ) ;
#2479 = DIRECTION ( 'NONE',  ( -1.000000000000000000, 0.000000000000000000, 0.000000000000000000 ) ) ;
#2480 = DIRECTION ( 'NONE',  ( -1.017312411335549241E-14, 0.000000000000000000, 1.000000000000000000 ) ) ;
#2481 = CARTESIAN_POINT ( 'NONE',  ( -3.770807779836856444, 5.600000000000000533, 5.399999999998444267 ) ) ;
#2482 = EDGE_CURVE ( 'NONE', #1292, #2341, #6446, .T. ) ;
#2483 = CARTESIAN_POINT ( 'NONE',  ( 66.10000000000161435, 8.900000000000000355, 25.09999999999835651 ) ) ;
#2484 = AXIS2_PLACEMENT_3D ( 'NONE', #5600, #6098, #5008 ) ;
#2485 = CARTESIAN_POINT ( 'NONE',  ( 59.22500000000134435, 16.43071891388276740, 29.84999999999885034 ) ) ;
#2486 = VERTEX_POINT ( 'NONE', #4860 ) ;
#2487 = DIRECTION ( 'NONE',  ( -0.000000000000000000, 1.000000000000000000, 0.000000000000000000 ) ) ;
#2488 = CYLINDRICAL_SURFACE ( 'NONE', #4265, 0.4999999999999983347 ) ;
#2489 = CARTESIAN_POINT ( 'NONE',  ( -0.5999999999984189092, 5.099999999999999645, 4.899999999998446043 ) ) ;
#2490 = CIRCLE ( 'NONE', #6230, 0.5000000000000000000 ) ;
#2491 = EDGE_CURVE ( 'NONE', #1792, #4789, #1857, .T. ) ;
#2492 = CARTESIAN_POINT ( 'NONE',  ( -4.195491502811576900, 6.080942047187286370, 24.71225699414272015 ) ) ;
#2493 = DIRECTION ( 'NONE',  ( -1.000000000000000000, 0.000000000000000000, 0.000000000000000000 ) ) ;
#2494 = ORIENTED_EDGE ( 'NONE', *, *, #827, .T. ) ;
#2495 = TOROIDAL_SURFACE ( 'NONE', #6116, 1.200000000000000178, 0.5000000000000000000 ) ;
#2496 = DIRECTION ( 'NONE',  ( -1.000000000000000000, 0.000000000000000000, 6.938893903907222067E-15 ) ) ;
#2497 = DIRECTION ( 'NONE',  ( 0.000000000000000000, -1.000000000000000000, 0.000000000000000000 ) ) ;
#2498 = FACE_OUTER_BOUND ( 'NONE', #4275, .T. ) ;
#2499 = VERTEX_POINT ( 'NONE', #2270 ) ;
#2500 = CARTESIAN_POINT ( 'NONE',  ( -3.849999999999052402, 6.697891065755751328, 5.399999999998467359 ) ) ;
#2501 = LINE ( 'NONE', #5090, #5669 ) ;
#2502 = PLANE ( 'NONE',  #3231 ) ;
#2503 = DIRECTION ( 'NONE',  ( 0.000000000000000000, 0.000000000000000000, -1.000000000000000000 ) ) ;
#2504 = DIRECTION ( 'NONE',  ( -1.000000000000000000, -0.000000000000000000, 1.084202172485505420E-16 ) ) ;
#2505 = EDGE_CURVE ( 'NONE', #1708, #6352, #1267, .T. ) ;
#2506 = ADVANCED_FACE ( 'NONE', ( #5466 ), #1779, .T. ) ;
#2507 = ORIENTED_EDGE ( 'NONE', *, *, #5096, .F. ) ;
#2508 = DIRECTION ( 'NONE',  ( -0.3090169943749440651, 0.000000000000000000, 0.9510565162951547524 ) ) ;
#2509 = ORIENTED_EDGE ( 'NONE', *, *, #2709, .F. ) ;
#2510 = FACE_OUTER_BOUND ( 'NONE', #3733, .T. ) ;
#2511 = CARTESIAN_POINT ( 'NONE',  ( 6.399999999999418598, 16.10000000000000142, 29.84999999999830322 ) ) ;
#2512 = CARTESIAN_POINT ( 'NONE',  ( 2.210308877732446313E-13, 8.599999999999999645, 31.59999999999874021 ) ) ;
#2513 = CIRCLE ( 'NONE', #2724, 0.5000000000000004441 ) ;
#2514 = EDGE_CURVE ( 'NONE', #5311, #3080, #1204, .T. ) ;
#2515 = ADVANCED_FACE ( 'NONE', ( #3846 ), #3662, .T. ) ;
#2516 = LINE ( 'NONE', #2011, #3634 ) ;
#2517 = AXIS2_PLACEMENT_3D ( 'NONE', #1733, #6416, #818 ) ;
#2518 = CARTESIAN_POINT ( 'NONE',  ( -3.149999999999048672, 6.697891065755752216, 24.59999999999827480 ) ) ;
#2519 = EDGE_CURVE ( 'NONE', #2897, #3940, #1846, .T. ) ;
#2520 = CARTESIAN_POINT ( 'NONE',  ( -3.863984279914491893, 5.796700253891747145, 5.438638300332613973 ) ) ;
#2521 = CARTESIAN_POINT ( 'NONE',  ( -5.900000000000463096, 5.599999999999998757, 31.09999999999878284 ) ) ;
#2522 = CARTESIAN_POINT ( 'NONE',  ( 5.699999999999418421, 8.099999999999999645, 31.59999999999827480 ) ) ;
#2523 = AXIS2_PLACEMENT_3D ( 'NONE', #3053, #5111, #474 ) ;
#2524 = VERTEX_POINT ( 'NONE', #832 ) ;
#2525 = ORIENTED_EDGE ( 'NONE', *, *, #4227, .T. ) ;
#2526 = CARTESIAN_POINT ( 'NONE',  ( -5.900000000000464873, 16.10000000000000142, 30.89999999999878355 ) ) ;
#2527 = AXIS2_PLACEMENT_3D ( 'NONE', #1835, #852, #5486 ) ;
#2528 = EDGE_CURVE ( 'NONE', #1295, #6560, #246, .T. ) ;
#2529 = CARTESIAN_POINT ( 'NONE',  ( -0.5999999999984180210, 5.599999999999998757, 24.09999999999827480 ) ) ;
#2530 = SPHERICAL_SURFACE ( 'NONE', #5579, 0.5000000000000000000 ) ;
#2531 = DIRECTION ( 'NONE',  ( -1.196361017914919431E-16, 0.000000000000000000, -1.000000000000000000 ) ) ;
#2532 = CIRCLE ( 'NONE', #5849, 0.5000000000000004441 ) ;
#2533 = ORIENTED_EDGE ( 'NONE', *, *, #2827, .T. ) ;
#2534 = CARTESIAN_POINT ( 'NONE',  ( -0.5999999999984141352, 8.599999999999999645, 31.59999999999874731 ) ) ;
#2535 = DIRECTION ( 'NONE',  ( 0.000000000000000000, -1.000000000000000000, 0.000000000000000000 ) ) ;
#2536 = PLANE ( 'NONE',  #6131 ) ;
#2537 = LINE ( 'NONE', #3165, #1771 ) ;
#2538 = ORIENTED_EDGE ( 'NONE', *, *, #6106, .F. ) ;
#2539 = VECTOR ( 'NONE', #1006, 1000.000000000000000 ) ;
#2540 = CARTESIAN_POINT ( 'NONE',  ( 0.1500000000014142520, 16.10000000000000142, 4.899999999998445155 ) ) ;
#2541 = ORIENTED_EDGE ( 'NONE', *, *, #4320, .T. ) ;
#2542 = ORIENTED_EDGE ( 'NONE', *, *, #6188, .F. ) ;
#2543 = EDGE_LOOP ( 'NONE', ( #2259, #5891, #3876 ) ) ;
#2544 = CARTESIAN_POINT ( 'NONE',  ( -3.848925667038010090, 5.619772614819479095, 24.59965092805931519 ) ) ;
#2545 = CARTESIAN_POINT ( 'NONE',  ( -6.600000000000465050, 5.599999999999998757, 26.00210893424252134 ) ) ;
#2546 = EDGE_CURVE ( 'NONE', #217, #2961, #3453, .T. ) ;
#2547 = EDGE_CURVE ( 'NONE', #2096, #6256, #1533, .T. ) ;
#2548 = CARTESIAN_POINT ( 'NONE',  ( -3.925316281043179867, 5.608846581490532834, 5.375528256840218511 ) ) ;
#2549 = DIRECTION ( 'NONE',  ( 0.000000000000000000, -1.000000000000000000, 0.000000000000000000 ) ) ;
#2550 = DIRECTION ( 'NONE',  ( -0.000000000000000000, -1.000000000000000000, -0.000000000000000000 ) ) ;
#2551 = CARTESIAN_POINT ( 'NONE',  ( -3.713692252167165364, 5.797971982110914801, 5.440757896346246625 ) ) ;
#2552 = DIRECTION ( 'NONE',  ( 1.000000000000000000, 0.000000000000000000, -6.994648347254856026E-15 ) ) ;
#2553 = AXIS2_PLACEMENT_3D ( 'NONE', #1471, #3635, #2032 ) ;
#2554 = CARTESIAN_POINT ( 'NONE',  ( 6.399999999999418598, 11.40000000000000036, 31.09999999999869758 ) ) ;
#2555 = FACE_OUTER_BOUND ( 'NONE', #5029, .T. ) ;
#2556 = EDGE_CURVE ( 'NONE', #2673, #6455, #925, .T. ) ;
#2557 = CARTESIAN_POINT ( 'NONE',  ( -0.3080777983763494099, 3.099999999999999645, 4.175232728677404096E-17 ) ) ;
#2558 = ORIENTED_EDGE ( 'NONE', *, *, #1529, .F. ) ;
#2559 = VECTOR ( 'NONE', #2552, 1000.000000000000000 ) ;
#2560 = ORIENTED_EDGE ( 'NONE', *, *, #6395, .F. ) ;
#2561 = EDGE_CURVE ( 'NONE', #1260, #2961, #4193, .T. ) ;
#2562 = CYLINDRICAL_SURFACE ( 'NONE', #5538, 0.5000000000000004441 ) ;
#2563 = VECTOR ( 'NONE', #2646, 1000.000000000000000 ) ;
#2564 = CARTESIAN_POINT ( 'NONE',  ( -0.09999999999841895082, 8.456546690695361690, 5.399999999998445155 ) ) ;
#2565 = DIRECTION ( 'NONE',  ( 6.938893903907221278E-15, -0.000000000000000000, 1.000000000000000000 ) ) ;
#2566 = AXIS2_PLACEMENT_3D ( 'NONE', #3151, #6140, #139 ) ;
#2567 = ORIENTED_EDGE ( 'NONE', *, *, #5335, .T. ) ;
#2568 = FACE_OUTER_BOUND ( 'NONE', #1380, .T. ) ;
#2569 = LINE ( 'NONE', #1087, #2777 ) ;
#2570 = DIRECTION ( 'NONE',  ( 0.000000000000000000, 0.000000000000000000, -1.000000000000000000 ) ) ;
#2571 = DIRECTION ( 'NONE',  ( 0.000000000000000000, 0.000000000000000000, 1.000000000000000000 ) ) ;
#2572 = CARTESIAN_POINT ( 'NONE',  ( -0.09999999999841796550, 6.599999999999999645, 24.09999999999827480 ) ) ;
#2573 = AXIS2_PLACEMENT_3D ( 'NONE', #3176, #3049, #3550 ) ;
#2574 = VERTEX_POINT ( 'NONE', #429 ) ;
#2575 = ADVANCED_FACE ( 'NONE', ( #1019 ), #4006, .F. ) ;
#2576 = DIRECTION ( 'NONE',  ( 0.000000000000000000, 1.000000000000000000, 0.000000000000000000 ) ) ;
#2577 = EDGE_LOOP ( 'NONE', ( #324, #3175, #3505, #4808, #2443 ) ) ;
#2578 = DIRECTION ( 'NONE',  ( 5.143428980917867249E-17, 0.000000000000000000, 1.000000000000000000 ) ) ;
#2579 = VECTOR ( 'NONE', #518, 1000.000000000000000 ) ;
#2580 = DIRECTION ( 'NONE',  ( -0.000000000000000000, -0.1367287359972952643, -0.9906085264889364916 ) ) ;
#2581 = DIRECTION ( 'NONE',  ( 1.000000000000000000, 0.000000000000000000, 0.000000000000000000 ) ) ;
#2582 = EDGE_LOOP ( 'NONE', ( #6498, #2931, #1245, #3769 ) ) ;
#2583 = CARTESIAN_POINT ( 'NONE',  ( -4.349999999999051070, 6.697891065755752216, 5.763271264001150307 ) ) ;
#2584 = AXIS2_PLACEMENT_3D ( 'NONE', #1329, #4344, #3873 ) ;
#2585 = EDGE_CURVE ( 'NONE', #2111, #1513, #5070, .T. ) ;
#2586 = DIRECTION ( 'NONE',  ( -0.000000000000000000, 1.000000000000000000, -0.000000000000000000 ) ) ;
#2587 = CARTESIAN_POINT ( 'NONE',  ( 66.10000000000161435, 16.60000000000000142, 31.59999999999827480 ) ) ;
#2588 = CARTESIAN_POINT ( 'NONE',  ( 18.19999999999942020, 11.40000000000000036, 31.59999999999861586 ) ) ;
#2589 = DIRECTION ( 'NONE',  ( -1.000000000000000000, 0.000000000000000000, -0.000000000000000000 ) ) ;
#2590 = AXIS2_PLACEMENT_3D ( 'NONE', #804, #368, #4501 ) ;
#2591 = CYLINDRICAL_SURFACE ( 'NONE', #1633, 0.5000000000000004441 ) ;
#2592 = VERTEX_POINT ( 'NONE', #1973 ) ;
#2593 = ADVANCED_FACE ( 'NONE', ( #5996 ), #2536, .T. ) ;
#2594 = ORIENTED_EDGE ( 'NONE', *, *, #5587, .F. ) ;
#2595 = AXIS2_PLACEMENT_3D ( 'NONE', #1138, #3181, #137 ) ;
#2596 = CARTESIAN_POINT ( 'NONE',  ( 0.000000000000000000, 16.10000000000000142, 25.09999999999835651 ) ) ;
#2597 = DIRECTION ( 'NONE',  ( -1.000000000000000000, 0.000000000000000000, -0.000000000000000000 ) ) ;
#2598 = EDGE_CURVE ( 'NONE', #4160, #4730, #29, .T. ) ;
#2599 = VECTOR ( 'NONE', #6088, 1000.000000000000000 ) ;
#2600 = ORIENTED_EDGE ( 'NONE', *, *, #4451, .F. ) ;
#2601 = CARTESIAN_POINT ( 'NONE',  ( -0.09999999999841760467, 5.099999999999999645, 31.09999999999874376 ) ) ;
#2602 = ADVANCED_FACE ( 'NONE', ( #5589 ), #2502, .F. ) ;
#2603 = CARTESIAN_POINT ( 'NONE',  ( 66.60000000000161435, 10.59999999999999787, 6.099999999998364508 ) ) ;
#2604 = AXIS2_PLACEMENT_3D ( 'NONE', #5195, #3164, #5257 ) ;
#2605 = CARTESIAN_POINT ( 'NONE',  ( 66.10000000000161435, 16.10000000000000142, 25.09999999999835651 ) ) ;
#2606 = EDGE_LOOP ( 'NONE', ( #569, #784, #3141, #4431 ) ) ;
#2607 = DIRECTION ( 'NONE',  ( -1.084202172485503448E-16, 0.000000000000000000, -1.000000000000000000 ) ) ;
#2608 = EDGE_LOOP ( 'NONE', ( #2541, #4169, #207, #6520 ) ) ;
#2609 = ORIENTED_EDGE ( 'NONE', *, *, #2279, .F. ) ;
#2610 = LINE ( 'NONE', #3077, #4082 ) ;
#2611 = LINE ( 'NONE', #1578, #2669 ) ;
#2612 = DIRECTION ( 'NONE',  ( -0.000000000000000000, -1.000000000000000000, 0.000000000000000000 ) ) ;
#2613 = ORIENTED_EDGE ( 'NONE', *, *, #1378, .T. ) ;
#2614 = DIRECTION ( 'NONE',  ( -1.000000000000000000, 0.000000000000000000, 0.000000000000000000 ) ) ;
#2615 = AXIS2_PLACEMENT_3D ( 'NONE', #3028, #83, #2597 ) ;
#2616 =( NAMED_UNIT ( * ) PLANE_ANGLE_UNIT ( ) SI_UNIT ( $, .RADIAN. ) );
#2617 = LINE ( 'NONE', #3554, #2559 ) ;
#2618 = CARTESIAN_POINT ( 'NONE',  ( -5.899999999999137046, 5.099999999999999645, -0.9000000000000001332 ) ) ;
#2619 = CARTESIAN_POINT ( 'NONE',  ( 58.85000000000105302, 16.43071891388275674, 30.22499999999913101 ) ) ;
#2620 = LINE ( 'NONE', #4672, #2894 ) ;
#2621 = AXIS2_PLACEMENT_3D ( 'NONE', #2290, #1189, #4341 ) ;
#2622 = CARTESIAN_POINT ( 'NONE',  ( -3.770807779838181162, 5.599999999999998757, 25.09999999999827480 ) ) ;
#2623 = EDGE_LOOP ( 'NONE', ( #1253, #6491, #5887, #1125 ) ) ;
#2624 = ORIENTED_EDGE ( 'NONE', *, *, #3902, .F. ) ;
#2625 = AXIS2_PLACEMENT_3D ( 'NONE', #904, #4907, #440 ) ;
#2626 = CARTESIAN_POINT ( 'NONE',  ( -5.900000000000464873, 5.599999999999990763, 26.00210893424252134 ) ) ;
#2627 = ADVANCED_FACE ( 'NONE', ( #955 ), #3766, .T. ) ;
#2628 = ADVANCED_FACE ( 'NONE', ( #5061 ), #6523, .T. ) ;
#2629 = CARTESIAN_POINT ( 'NONE',  ( -0.5999999999984175769, 5.599999999999998757, 31.09999999999874376 ) ) ;
#2630 = FACE_OUTER_BOUND ( 'NONE', #499, .T. ) ;
#2631 = AXIS2_PLACEMENT_3D ( 'NONE', #1212, #1723, #5805 ) ;
#2632 = AXIS2_PLACEMENT_3D ( 'NONE', #1018, #3067, #3100 ) ;
#2633 = CARTESIAN_POINT ( 'NONE',  ( -3.925316277024328837, 5.608863763105596867, 5.375528258146021976 ) ) ;
#2634 = EDGE_CURVE ( 'NONE', #598, #5783, #1538, .T. ) ;
#2635 = DIRECTION ( 'NONE',  ( 0.000000000000000000, -1.000000000000000000, 0.000000000000000000 ) ) ;
#2636 = AXIS2_PLACEMENT_3D ( 'NONE', #4560, #593, #559 ) ;
#2637 = DIRECTION ( 'NONE',  ( -0.000000000000000000, 1.000000000000000000, -0.000000000000000000 ) ) ;
#2638 = ORIENTED_EDGE ( 'NONE', *, *, #3040, .F. ) ;
#2639 = DIRECTION ( 'NONE',  ( -0.000000000000000000, -1.000000000000000000, -0.000000000000000000 ) ) ;
#2640 = EDGE_CURVE ( 'NONE', #3116, #2574, #4539, .T. ) ;
#2641 = ORIENTED_EDGE ( 'NONE', *, *, #6557, .F. ) ;
#2642 = VERTEX_POINT ( 'NONE', #5620 ) ;
#2643 = EDGE_LOOP ( 'NONE', ( #5851, #894, #3320 ) ) ;
#2644 = DIRECTION ( 'NONE',  ( -5.143428980917867249E-17, -0.000000000000000000, -1.000000000000000000 ) ) ;
#2645 = EDGE_CURVE ( 'NONE', #3981, #410, #4525, .T. ) ;
#2646 = DIRECTION ( 'NONE',  ( 0.000000000000000000, -1.000000000000000000, 0.000000000000000000 ) ) ;
#2647 = CIRCLE ( 'NONE', #616, 0.6999999999999999556 ) ;
#2648 = CARTESIAN_POINT ( 'NONE',  ( 64.35000000000097486, 8.599999999999999645, 24.59999999999835651 ) ) ;
#2649 = ORIENTED_EDGE ( 'NONE', *, *, #1662, .T. ) ;
#2650 = DIRECTION ( 'NONE',  ( 0.000000000000000000, 1.000000000000000000, -0.000000000000000000 ) ) ;
#2651 = DIRECTION ( 'NONE',  ( 1.000000000000000000, 0.000000000000000000, 0.000000000000000000 ) ) ;
#2652 = CIRCLE ( 'NONE', #619, 0.5000000000000004441 ) ;
#2653 = CARTESIAN_POINT ( 'NONE',  ( 6.228282787866224801, 16.48369125327622697, 29.94343442427946655 ) ) ;
#2654 = FACE_OUTER_BOUND ( 'NONE', #2053, .T. ) ;
#2655 = DIRECTION ( 'NONE',  ( 1.908195823574485911E-14, 0.000000000000000000, 1.000000000000000000 ) ) ;
#2656 = CARTESIAN_POINT ( 'NONE',  ( 66.10000000000161435, 11.79999999999999716, 23.89999999999835723 ) ) ;
#2657 = CARTESIAN_POINT ( 'NONE',  ( -3.849999999999051070, 6.590608526488935581, 5.763271264001149419 ) ) ;
#2658 = ORIENTED_EDGE ( 'NONE', *, *, #1479, .T. ) ;
#2659 = ORIENTED_EDGE ( 'NONE', *, *, #1566, .F. ) ;
#2660 = AXIS2_PLACEMENT_3D ( 'NONE', #3337, #5524, #262 ) ;
#2661 = CARTESIAN_POINT ( 'NONE',  ( 66.10000000000161435, 16.10000000000000142, 31.09999999999827835 ) ) ;
#2662 = DIRECTION ( 'NONE',  ( 0.000000000000000000, 0.000000000000000000, -1.000000000000000000 ) ) ;
#2663 = CARTESIAN_POINT ( 'NONE',  ( -4.349999999999051958, 16.60000000000000142, 5.763271264001149419 ) ) ;
#2664 = CARTESIAN_POINT ( 'NONE',  ( 0.000000000000000000, 16.10000000000000142, 24.59999999999835651 ) ) ;
#2665 = VECTOR ( 'NONE', #5844, 1000.000000000000000 ) ;
#2666 = EDGE_CURVE ( 'NONE', #4649, #3522, #3023, .T. ) ;
#2667 = ORIENTED_EDGE ( 'NONE', *, *, #5605, .F. ) ;
#2668 = CARTESIAN_POINT ( 'NONE',  ( -6.100000000000464162, 5.099999999999999645, 30.89999999999878355 ) ) ;
#2669 = VECTOR ( 'NONE', #4662, 1000.000000000000000 ) ;
#2670 = CARTESIAN_POINT ( 'NONE',  ( -0.09999999999841892306, 8.381044854986265946, 5.399999999998445155 ) ) ;
#2671 = DIRECTION ( 'NONE',  ( 5.143428980917867249E-17, -0.000000000000000000, 1.000000000000000000 ) ) ;
#2672 = DIRECTION ( 'NONE',  ( 0.000000000000000000, -0.000000000000000000, -1.000000000000000000 ) ) ;
#2673 = VERTEX_POINT ( 'NONE', #1666 ) ;
#2674 = VERTEX_POINT ( 'NONE', #5781 ) ;
#2675 = ORIENTED_EDGE ( 'NONE', *, *, #3552, .T. ) ;
#2676 = ORIENTED_EDGE ( 'NONE', *, *, #3009, .T. ) ;
#2677 = FACE_OUTER_BOUND ( 'NONE', #3487, .T. ) ;
#2678 = CARTESIAN_POINT ( 'NONE',  ( 5.699999999999421973, 8.599999999999997868, 31.59999999999869758 ) ) ;
#2679 = DIRECTION ( 'NONE',  ( 0.000000000000000000, -1.000000000000000000, 0.000000000000000000 ) ) ;
#2680 = CIRCLE ( 'NONE', #6422, 1.000000000000000888 ) ;
#2681 = ORIENTED_EDGE ( 'NONE', *, *, #663, .F. ) ;
#2682 = LINE ( 'NONE', #1550, #751 ) ;
#2683 = CARTESIAN_POINT ( 'NONE',  ( 66.60000000000161435, 8.099999999999999645, 31.09999999999827835 ) ) ;
#2684 = ORIENTED_EDGE ( 'NONE', *, *, #622, .T. ) ;
#2685 = EDGE_CURVE ( 'NONE', #5453, #2239, #3695, .T. ) ;
#2686 = CARTESIAN_POINT ( 'NONE',  ( 0.1500000000013690937, 8.099999999999999645, 5.399999999998399858 ) ) ;
#2687 = DIRECTION ( 'NONE',  ( -0.000000000000000000, -0.000000000000000000, -1.000000000000000000 ) ) ;
#2688 = AXIS2_PLACEMENT_3D ( 'NONE', #2434, #6486, #1906 ) ;
#2689 = DIRECTION ( 'NONE',  ( -1.000000000000000000, 0.000000000000000000, 4.956352788505162676E-15 ) ) ;
#2690 = ORIENTED_EDGE ( 'NONE', *, *, #5787, .F. ) ;
#2691 = CARTESIAN_POINT ( 'NONE',  ( 66.10000000000161435, 8.599999999999999645, -1.100000000000003419 ) ) ;
#2692 = ORIENTED_EDGE ( 'NONE', *, *, #5450, .F. ) ;
#2693 = CARTESIAN_POINT ( 'NONE',  ( -6.600000000000465050, 16.60000000000000142, 25.49352916463876895 ) ) ;
#2694 = DIRECTION ( 'NONE',  ( 0.000000000000000000, 1.000000000000000000, -0.000000000000000000 ) ) ;
#2695 = CARTESIAN_POINT ( 'NONE',  ( 66.10000000000161435, 8.599999999999999645, 5.399999999998364331 ) ) ;
#2696 = CARTESIAN_POINT ( 'NONE',  ( 0.6500000000018568702, 16.60000000000000142, 5.871587215293058169E-14 ) ) ;
#2697 = CARTESIAN_POINT ( 'NONE',  ( -3.677419152304993499, 5.840471023593582167, 5.461623806744460907 ) ) ;
#2698 = CARTESIAN_POINT ( 'NONE',  ( -3.883334231891008681, 6.467408969308411137, 5.578845199466380578 ) ) ;
#2699 = DIRECTION ( 'NONE',  ( 1.982541115402067279E-14, 0.000000000000000000, 1.000000000000000000 ) ) ;
#2700 = VERTEX_POINT ( 'NONE', #3068 ) ;
#2701 = VECTOR ( 'NONE', #6391, 1000.000000000000000 ) ;
#2702 = ORIENTED_EDGE ( 'NONE', *, *, #3374, .T. ) ;
#2703 = ORIENTED_EDGE ( 'NONE', *, *, #3750, .T. ) ;
#2704 = ORIENTED_EDGE ( 'NONE', *, *, #3458, .F. ) ;
#2705 = DIRECTION ( 'NONE',  ( -0.000000000000000000, 0.000000000000000000, 1.000000000000000000 ) ) ;
#2706 = AXIS2_PLACEMENT_3D ( 'NONE', #3670, #5853, #3270 ) ;
#2707 = DIRECTION ( 'NONE',  ( 0.7499999999998314681, 0.6614378277663388594, 0.000000000000000000 ) ) ;
#2708 = DIRECTION ( 'NONE',  ( -0.3090169943749450643, 0.000000000000000000, -0.9510565162951544194 ) ) ;
#2709 = EDGE_CURVE ( 'NONE', #6434, #4532, #6217, .T. ) ;
#2710 = EDGE_CURVE ( 'NONE', #3734, #1079, #2911, .T. ) ;
#2711 = DIRECTION ( 'NONE',  ( -0.000000000000000000, 1.000000000000000000, -0.000000000000000000 ) ) ;
#2712 = ORIENTED_EDGE ( 'NONE', *, *, #1241, .T. ) ;
#2713 = CARTESIAN_POINT ( 'NONE',  ( 18.19999999999942020, 12.59999999999999964, 31.59999999999861586 ) ) ;
#2714 = CARTESIAN_POINT ( 'NONE',  ( -0.2249999999985019539, 7.921240200794088970, 5.899999999998444267 ) ) ;
#2715 = EDGE_CURVE ( 'NONE', #2486, #1295, #5750, .T. ) ;
#2716 = DIRECTION ( 'NONE',  ( -1.000000000000000000, -0.000000000000000000, -0.000000000000000000 ) ) ;
#2717 = CARTESIAN_POINT ( 'NONE',  ( -4.005852119698461777, 5.665599711473424449, 24.65063942338781544 ) ) ;
#2718 = ORIENTED_EDGE ( 'NONE', *, *, #2917, .T. ) ;
#2719 = ADVANCED_FACE ( 'NONE', ( #2064 ), #5127, .T. ) ;
#2720 = DIRECTION ( 'NONE',  ( 0.000000000000000000, 1.000000000000000000, -0.000000000000000000 ) ) ;
#2721 = ORIENTED_EDGE ( 'NONE', *, *, #395, .F. ) ;
#2722 = CARTESIAN_POINT ( 'NONE',  ( -0.09999999999465931932, 8.031479838766138357, 5.527322003739381095 ) ) ;
#2723 = CARTESIAN_POINT ( 'NONE',  ( 64.35000000000060538, 8.900000000000000355, 5.399999999998364331 ) ) ;
#2724 = AXIS2_PLACEMENT_3D ( 'NONE', #6213, #48, #4196 ) ;
#2725 = DIRECTION ( 'NONE',  ( 0.000000000000000000, 0.000000000000000000, -1.000000000000000000 ) ) ;
#2726 = CIRCLE ( 'NONE', #5521, 0.5000000000000004441 ) ;
#2727 = EDGE_LOOP ( 'NONE', ( #3436, #3835, #905, #4236, #141 ) ) ;
#2728 = CARTESIAN_POINT ( 'NONE',  ( -6.100000000000464162, 16.10000000000000142, 26.00210893424252134 ) ) ;
#2729 = EDGE_CURVE ( 'NONE', #617, #2298, #659, .T. ) ;
#2730 = CARTESIAN_POINT ( 'NONE',  ( -3.849999999999048850, 6.590608526488994201, 24.23672873599514688 ) ) ;
#2731 = CARTESIAN_POINT ( 'NONE',  ( -0.09999999999465931932, 8.031479838766138357, 5.527322003739381095 ) ) ;
#2732 = CARTESIAN_POINT ( 'NONE',  ( -3.770807779836853779, 5.599999999999998757, 5.399999999998446043 ) ) ;
#2733 = ORIENTED_EDGE ( 'NONE', *, *, #3373, .F. ) ;
#2734 = VECTOR ( 'NONE', #746, 1000.000000000000000 ) ;
#2735 = ORIENTED_EDGE ( 'NONE', *, *, #6266, .T. ) ;
#2736 = ORIENTED_EDGE ( 'NONE', *, *, #6316, .T. ) ;
#2737 = ORIENTED_EDGE ( 'NONE', *, *, #6156, .T. ) ;
#2738 = CARTESIAN_POINT ( 'NONE',  ( 59.10000000000161435, 10.47329843662067539, 29.84999999999886455 ) ) ;
#2739 = CIRCLE ( 'NONE', #2081, 0.5000000000000004441 ) ;
#2740 = FACE_OUTER_BOUND ( 'NONE', #3352, .T. ) ;
#2741 = CARTESIAN_POINT ( 'NONE',  ( -3.849999999999120792, 16.10000000000000142, 5.399999999998446043 ) ) ;
#2742 = ORIENTED_EDGE ( 'NONE', *, *, #4983, .F. ) ;
#2743 = VECTOR ( 'NONE', #653, 1000.000000000000000 ) ;
#2744 = EDGE_CURVE ( 'NONE', #3080, #6544, #5227, .T. ) ;
#2745 = CARTESIAN_POINT ( 'NONE',  ( -0.1847255550964315429, 7.875573272764918364, 24.10000007037814029 ) ) ;
#2746 = CARTESIAN_POINT ( 'NONE',  ( 66.10000000000161435, 10.59999999999999787, 23.89999999999835723 ) ) ;
#2747 = CARTESIAN_POINT ( 'NONE',  ( -3.890903633581538568, 5.702144682116116137, 5.394223936046051548 ) ) ;
#2748 = CIRCLE ( 'NONE', #5854, 0.5000000000000004441 ) ;
#2749 = DIRECTION ( 'NONE',  ( -0.9510565162951543083, -0.3090169943749452308, 0.000000000000000000 ) ) ;
#2750 = ORIENTED_EDGE ( 'NONE', *, *, #3693, .F. ) ;
#2751 = CARTESIAN_POINT ( 'NONE',  ( 5.899999999999417710, 16.10000000000000142, 29.84999999999830322 ) ) ;
#2752 = ORIENTED_EDGE ( 'NONE', *, *, #6272, .T. ) ;
#2753 = DIRECTION ( 'NONE',  ( -2.775557561562888827E-14, 0.000000000000000000, 1.000000000000000000 ) ) ;
#2754 = CYLINDRICAL_SURFACE ( 'NONE', #6270, 0.7000000000000000666 ) ;
#2755 = EDGE_CURVE ( 'NONE', #6032, #5097, #2170, .T. ) ;
#2756 = DIRECTION ( 'NONE',  ( -1.000000000000000000, -0.000000000000000000, -0.000000000000000000 ) ) ;
#2757 = CARTESIAN_POINT ( 'NONE',  ( 6.766197623617062895, 16.34018959728956588, 30.15721713194579934 ) ) ;
#2758 = ADVANCED_FACE ( 'NONE', ( #4752 ), #6278, .T. ) ;
#2759 = AXIS2_PLACEMENT_3D ( 'NONE', #4102, #6053, #5161 ) ;
#2760 = ORIENTED_EDGE ( 'NONE', *, *, #420, .F. ) ;
#2761 = CARTESIAN_POINT ( 'NONE',  ( -3.409672713609649186, 6.038888549751342261, 5.656475342512278459 ) ) ;
#2762 = DIRECTION ( 'NONE',  ( 6.994648347254856026E-15, -0.000000000000000000, 1.000000000000000000 ) ) ;
#2763 = CARTESIAN_POINT ( 'NONE',  ( -6.100000000000464162, 16.60000000000000142, 26.00210893424252134 ) ) ;
#2764 = DIRECTION ( 'NONE',  ( -9.033211100425053116E-14, 0.000000000000000000, 1.000000000000000000 ) ) ;
#2765 = AXIS2_PLACEMENT_3D ( 'NONE', #839, #1920, #5934 ) ;
#2766 = EDGE_LOOP ( 'NONE', ( #3265, #5035, #4075, #4118 ) ) ;
#2767 = ORIENTED_EDGE ( 'NONE', *, *, #4563, .T. ) ;
#2768 = VECTOR ( 'NONE', #3647, 1000.000000000000000 ) ;
#2769 = ORIENTED_EDGE ( 'NONE', *, *, #610, .F. ) ;
#2770 = ORIENTED_EDGE ( 'NONE', *, *, #5712, .F. ) ;
#2771 = CARTESIAN_POINT ( 'NONE',  ( 37.80000000000161720, 11.09999999999999787, 30.09999999999898179 ) ) ;
#2772 = CARTESIAN_POINT ( 'NONE',  ( 66.10000000000161435, 8.599999999999999645, 24.59999999999835651 ) ) ;
#2773 = CARTESIAN_POINT ( 'NONE',  ( 6.399999999999418598, 11.40000000000000036, 29.84999999999830322 ) ) ;
#2774 = DIRECTION ( 'NONE',  ( -1.000000000000000000, 0.000000000000000000, 0.000000000000000000 ) ) ;
#2775 = ORIENTED_EDGE ( 'NONE', *, *, #1176, .F. ) ;
#2776 = EDGE_CURVE ( 'NONE', #4142, #236, #558, .T. ) ;
#2777 = VECTOR ( 'NONE', #4040, 1000.000000000000000 ) ;
#2778 = VERTEX_POINT ( 'NONE', #6150 ) ;
#2779 = ADVANCED_FACE ( 'NONE', ( #1569 ), #3602, .F. ) ;
#2780 = EDGE_LOOP ( 'NONE', ( #6282, #4805, #4856 ) ) ;
#2781 = AXIS2_PLACEMENT_3D ( 'NONE', #5540, #5009, #6597 ) ;
#2782 = FACE_OUTER_BOUND ( 'NONE', #5491, .T. ) ;
#2783 = CARTESIAN_POINT ( 'NONE',  ( 0.000000000000000000, 11.79999999999999716, 5.399999999998364331 ) ) ;
#2784 = CARTESIAN_POINT ( 'NONE',  ( 37.80000000000161720, 10.40000000000000036, 30.09999999999898179 ) ) ;
#2785 = EDGE_CURVE ( 'NONE', #2828, #921, #2051, .T. ) ;
#2786 = VECTOR ( 'NONE', #4562, 1000.000000000000000 ) ;
#2787 = VERTEX_POINT ( 'NONE', #693 ) ;
#2788 = CYLINDRICAL_SURFACE ( 'NONE', #3051, 0.5000000000000000000 ) ;
#2789 = ORIENTED_EDGE ( 'NONE', *, *, #5885, .F. ) ;
#2790 = DIRECTION ( 'NONE',  ( -0.000000000000000000, -0.000000000000000000, -1.000000000000000000 ) ) ;
#2791 = CIRCLE ( 'NONE', #1184, 0.5000000000000004441 ) ;
#2792 = CARTESIAN_POINT ( 'NONE',  ( 5.307812805082041582E-15, 16.10000000000000142, 0.1499999999995826616 ) ) ;
#2793 = EDGE_CURVE ( 'NONE', #5969, #2245, #4787, .T. ) ;
#2794 = EDGE_CURVE ( 'NONE', #3627, #6052, #3344, .T. ) ;
#2795 = DIRECTION ( 'NONE',  ( -0.000000000000000000, 0.000000000000000000, 1.000000000000000000 ) ) ;
#2796 = ORIENTED_EDGE ( 'NONE', *, *, #1416, .T. ) ;
#2797 = CARTESIAN_POINT ( 'NONE',  ( -5.900000000000464873, 16.10000000000000142, 26.00210893424252134 ) ) ;
#2798 = CARTESIAN_POINT ( 'NONE',  ( -3.833672924784361946, 6.099945138522474331, 24.17496350175180098 ) ) ;
#2799 = DIRECTION ( 'NONE',  ( 0.000000000000000000, 0.000000000000000000, 1.000000000000000000 ) ) ;
#2800 = DIRECTION ( 'NONE',  ( -1.000000000000000000, 0.000000000000000000, -0.000000000000000000 ) ) ;
#2801 = EDGE_CURVE ( 'NONE', #6084, #1260, #5390, .T. ) ;
#2802 = VERTEX_POINT ( 'NONE', #4605 ) ;
#2803 = DIRECTION ( 'NONE',  ( 0.000000000000000000, 1.000000000000000000, 0.000000000000000000 ) ) ;
#2804 = AXIS2_PLACEMENT_3D ( 'NONE', #710, #3247, #4800 ) ;
#2805 = ORIENTED_EDGE ( 'NONE', *, *, #2755, .F. ) ;
#2806 = EDGE_CURVE ( 'NONE', #3042, #1079, #35, .T. ) ;
#2807 = VERTEX_POINT ( 'NONE', #2113 ) ;
#2808 = ORIENTED_EDGE ( 'NONE', *, *, #4451, .T. ) ;
#2809 = CARTESIAN_POINT ( 'NONE',  ( -0.5999999999984159116, 7.590521286910921539, 24.59999999999827480 ) ) ;
#2810 = CARTESIAN_POINT ( 'NONE',  ( 0.1500000000014142520, 16.10000000000000142, 4.899999999998445155 ) ) ;
#2811 = CARTESIAN_POINT ( 'NONE',  ( 6.596985235000851766, 11.89180313303783620, 30.04453327623694747 ) ) ;
#2812 = DIRECTION ( 'NONE',  ( 0.000000000000000000, 0.000000000000000000, 1.000000000000000000 ) ) ;
#2813 = ORIENTED_EDGE ( 'NONE', *, *, #662, .T. ) ;
#2814 = ORIENTED_EDGE ( 'NONE', *, *, #2715, .T. ) ;
#2815 =( BOUNDED_CURVE ( )  B_SPLINE_CURVE ( 3, ( #5822, #3773, #1229, #733 ),
 .UNSPECIFIED., .F., .T. ) 
 B_SPLINE_CURVE_WITH_KNOTS ( ( 4, 4 ),
 ( 3.141592653589793116, 4.712388980384689674 ),
 .UNSPECIFIED. ) 
 CURVE ( )  GEOMETRIC_REPRESENTATION_ITEM ( )  RATIONAL_B_SPLINE_CURVE ( ( 1.000000000000000000, 0.8047378541243649375, 0.8047378541243649375, 1.000000000000000000 ) ) 
 REPRESENTATION_ITEM ( '' )  );
#2816 = CIRCLE ( 'NONE', #6332, 2.850000000000505018 ) ;
#2817 = ORIENTED_EDGE ( 'NONE', *, *, #3840, .T. ) ;
#2818 = DIRECTION ( 'NONE',  ( 1.000000000000000000, 0.000000000000000000, 0.000000000000000000 ) ) ;
#2819 = CARTESIAN_POINT ( 'NONE',  ( -0.09968755885875592304, 7.655446072678977032, 5.682963656595950042 ) ) ;
#2820 = CARTESIAN_POINT ( 'NONE',  ( -6.600000000000465050, 5.599999999999998757, 30.89999999999878355 ) ) ;
#2821 = ORIENTED_EDGE ( 'NONE', *, *, #6105, .F. ) ;
#2822 = CARTESIAN_POINT ( 'NONE',  ( 18.89999999999941593, 8.799999999999998934, 0.000000000000000000 ) ) ;
#2823 = ORIENTED_EDGE ( 'NONE', *, *, #1898, .T. ) ;
#2824 = CARTESIAN_POINT ( 'NONE',  ( -5.899999999999137046, 16.10000000000000142, -1.600000000000000089 ) ) ;
#2825 = CARTESIAN_POINT ( 'NONE',  ( -5.021567956774771663E-17, 16.60000000000000142, -1.100000000000000311 ) ) ;
#2826 = CARTESIAN_POINT ( 'NONE',  ( 6.822052281303991883, 16.22626995850314913, 30.11234888653034858 ) ) ;
#2827 = EDGE_CURVE ( 'NONE', #5389, #6386, #1621, .T. ) ;
#2828 = VERTEX_POINT ( 'NONE', #5209 ) ;
#2829 = DIRECTION ( 'NONE',  ( 0.000000000000000000, 0.000000000000000000, -1.000000000000000000 ) ) ;
#2830 = ADVANCED_FACE ( 'NONE', ( #2047 ), #4443, .F. ) ;
#2831 = DIRECTION ( 'NONE',  ( 0.000000000000000000, 1.000000000000000000, 0.000000000000000000 ) ) ;
#2832 = AXIS2_PLACEMENT_3D ( 'NONE', #2400, #5954, #6484 ) ;
#2833 = DIRECTION ( 'NONE',  ( -0.000000000000000000, 0.000000000000000000, 1.000000000000000000 ) ) ;
#2834 = DIRECTION ( 'NONE',  ( -0.000000000000000000, 1.000000000000000000, 0.000000000000000000 ) ) ;
#2835 = ORIENTED_EDGE ( 'NONE', *, *, #2776, .F. ) ;
#2836 = DIRECTION ( 'NONE',  ( 1.387778780781444413E-14, 0.000000000000000000, 1.000000000000000000 ) ) ;
#2837 = VECTOR ( 'NONE', #2922, 1000.000000000000000 ) ;
#2838 = ORIENTED_EDGE ( 'NONE', *, *, #1026, .T. ) ;
#2839 = ADVANCED_FACE ( 'NONE', ( #4087 ), #508, .T. ) ;
#2840 = ORIENTED_EDGE ( 'NONE', *, *, #1234, .T. ) ;
#2841 = VERTEX_POINT ( 'NONE', #1071 ) ;
#2842 = PLANE ( 'NONE',  #2017 ) ;
#2843 = CARTESIAN_POINT ( 'NONE',  ( -4.013709576152022507, 6.080942047187164690, 5.393259438745813483 ) ) ;
#2844 = CIRCLE ( 'NONE', #275, 0.5000000000000004441 ) ;
#2845 = CARTESIAN_POINT ( 'NONE',  ( 6.451598953411172843, 11.67222941124406432, 29.92503663773126377 ) ) ;
#2846 = DIRECTION ( 'NONE',  ( 1.017312411335546717E-14, 0.000000000000000000, -1.000000000000000000 ) ) ;
#2847 = ORIENTED_EDGE ( 'NONE', *, *, #6483, .T. ) ;
#2848 = EDGE_CURVE ( 'NONE', #5684, #4224, #20, .T. ) ;
#2849 = ORIENTED_EDGE ( 'NONE', *, *, #1868, .F. ) ;
#2850 = EDGE_LOOP ( 'NONE', ( #3369, #4597, #1469, #227 ) ) ;
#2851 = EDGE_CURVE ( 'NONE', #2991, #4842, #3560, .T. ) ;
#2852 = VERTEX_POINT ( 'NONE', #135 ) ;
#2853 = DIRECTION ( 'NONE',  ( 0.000000000000000000, 0.000000000000000000, 1.000000000000000000 ) ) ;
#2854 = AXIS2_PLACEMENT_3D ( 'NONE', #5455, #1427, #882 ) ;
#2855 = CARTESIAN_POINT ( 'NONE',  ( -6.099999999999137223, 16.60000000000000142, 0.000000000000000000 ) ) ;
#2856 = DIRECTION ( 'NONE',  ( 0.000000000000000000, 0.000000000000000000, 1.000000000000000000 ) ) ;
#2857 = CIRCLE ( 'NONE', #2428, 0.5000000000000004441 ) ;
#2858 = CARTESIAN_POINT ( 'NONE',  ( 59.10000000235875461, 16.16765244554784076, 29.84999999591617481 ) ) ;
#2859 = VERTEX_POINT ( 'NONE', #5300 ) ;
#2860 = DIRECTION ( 'NONE',  ( 1.017312411335546717E-14, 0.000000000000000000, -1.000000000000000000 ) ) ;
#2861 = FACE_OUTER_BOUND ( 'NONE', #6519, .T. ) ;
#2862 = CIRCLE ( 'NONE', #1585, 0.7000000000000000666 ) ;
#2863 = DIRECTION ( 'NONE',  ( 1.000000000000000000, 0.000000000000000000, -6.994648347254856026E-15 ) ) ;
#2864 = EDGE_CURVE ( 'NONE', #745, #1432, #872, .T. ) ;
#2865 = ORIENTED_EDGE ( 'NONE', *, *, #1318, .F. ) ;
#2866 = CARTESIAN_POINT ( 'NONE',  ( -3.815786265635472407, 6.103061449296436791, 24.21141861668938589 ) ) ;
#2867 = FACE_OUTER_BOUND ( 'NONE', #4823, .T. ) ;
#2868 = CARTESIAN_POINT ( 'NONE',  ( 0.000000000000000000, 16.10000000000000142, 4.899999999998364331 ) ) ;
#2869 = ORIENTED_EDGE ( 'NONE', *, *, #1939, .T. ) ;
#2870 = SPHERICAL_SURFACE ( 'NONE', #2181, 0.5000000000000000000 ) ;
#2871 = DIRECTION ( 'NONE',  ( 1.000000000000000000, -0.000000000000000000, 9.033211100425053116E-14 ) ) ;
#2872 = DIRECTION ( 'NONE',  ( 0.000000000000000000, 0.000000000000000000, 1.000000000000000000 ) ) ;
#2873 = ADVANCED_FACE ( 'NONE', ( #5536 ), #2885, .T. ) ;
#2874 = ORIENTED_EDGE ( 'NONE', *, *, #1853, .F. ) ;
#2875 = ORIENTED_EDGE ( 'NONE', *, *, #2100, .T. ) ;
#2876 = ORIENTED_EDGE ( 'NONE', *, *, #3318, .T. ) ;
#2877 = DIRECTION ( 'NONE',  ( -1.000000000000000000, -0.000000000000000000, -0.000000000000000000 ) ) ;
#2878 = VECTOR ( 'NONE', #923, 1000.000000000000000 ) ;
#2879 = FACE_OUTER_BOUND ( 'NONE', #1194, .T. ) ;
#2880 = DIRECTION ( 'NONE',  ( 0.000000000000000000, 0.000000000000000000, -1.000000000000000000 ) ) ;
#2881 = CARTESIAN_POINT ( 'NONE',  ( 0.000000000000000000, 8.599999999999999645, 5.399999999998364331 ) ) ;
#2882 = EDGE_LOOP ( 'NONE', ( #729, #3918, #1118, #2600 ) ) ;
#2883 = ORIENTED_EDGE ( 'NONE', *, *, #2431, .T. ) ;
#2884 = ORIENTED_EDGE ( 'NONE', *, *, #1240, .T. ) ;
#2885 = SPHERICAL_SURFACE ( 'NONE', #2590, 0.5000000000000000000 ) ;
#2886 = DIRECTION ( 'NONE',  ( 0.000000000000000000, -0.000000000000000000, -1.000000000000000000 ) ) ;
#2887 = DIRECTION ( 'NONE',  ( 0.3090169943749444537, -0.9510565162951546414, 0.000000000000000000 ) ) ;
#2888 = CIRCLE ( 'NONE', #2455, 0.5000000000000002220 ) ;
#2889 = ADVANCED_FACE ( 'NONE', ( #1381 ), #2495, .F. ) ;
#2890 = CARTESIAN_POINT ( 'NONE',  ( -4.006305823735659466, 6.080942047187166466, 5.400126233465650571 ) ) ;
#2891 = DIRECTION ( 'NONE',  ( -6.994648347254856026E-15, 0.000000000000000000, -1.000000000000000000 ) ) ;
#2892 = ORIENTED_EDGE ( 'NONE', *, *, #2065, .T. ) ;
#2893 = CARTESIAN_POINT ( 'NONE',  ( -0.2249999999994135580, 7.921240200795126363, 24.09999999999826770 ) ) ;
#2894 = VECTOR ( 'NONE', #2716, 1000.000000000000000 ) ;
#2895 = CARTESIAN_POINT ( 'NONE',  ( -3.769941761541546033, 7.614529924168968122, 24.57398750147727640 ) ) ;
#2896 = AXIS2_PLACEMENT_3D ( 'NONE', #3008, #3573, #5166 ) ;
#2897 = VERTEX_POINT ( 'NONE', #1854 ) ;
#2898 = LINE ( 'NONE', #2397, #2301 ) ;
#2899 = DIRECTION ( 'NONE',  ( -1.000000000000000000, 0.000000000000000000, 2.081668171172166620E-14 ) ) ;
#2900 = FACE_OUTER_BOUND ( 'NONE', #837, .T. ) ;
#2901 = CARTESIAN_POINT ( 'NONE',  ( -3.349999999999048406, 5.599999999999998757, 24.09999999999827480 ) ) ;
#2902 = CIRCLE ( 'NONE', #4287, 0.5000000000000004441 ) ;
#2903 = ORIENTED_EDGE ( 'NONE', *, *, #5018, .T. ) ;
#2904 = VERTEX_POINT ( 'NONE', #3983 ) ;
#2905 = EDGE_LOOP ( 'NONE', ( #6247, #6152, #4791 ) ) ;
#2906 = DIRECTION ( 'NONE',  ( -0.000000000000000000, 1.000000000000000000, -0.000000000000000000 ) ) ;
#2907 = CARTESIAN_POINT ( 'NONE',  ( 36.40000000000161862, 8.099999999999999645, 30.09999999999895337 ) ) ;
#2908 = CARTESIAN_POINT ( 'NONE',  ( 66.10000000000161435, 16.10000000000000142, 0.000000000000000000 ) ) ;
#2909 = CARTESIAN_POINT ( 'NONE',  ( -3.818757446309034354, 7.570950735128700870, 24.58984867894332638 ) ) ;
#2910 = ORIENTED_EDGE ( 'NONE', *, *, #2709, .T. ) ;
#2911 = CIRCLE ( 'NONE', #992, 0.5000000000000000000 ) ;
#2912 = ORIENTED_EDGE ( 'NONE', *, *, #3273, .F. ) ;
#2913 = VERTEX_POINT ( 'NONE', #6502 ) ;
#2914 = AXIS2_PLACEMENT_3D ( 'NONE', #6233, #3711, #4733 ) ;
#2915 = DIRECTION ( 'NONE',  ( -1.000000000000000000, -0.000000000000000000, -1.040834085586083310E-14 ) ) ;
#2916 = LINE ( 'NONE', #405, #4607 ) ;
#2917 = EDGE_CURVE ( 'NONE', #128, #5201, #5005, .T. ) ;
#2918 = EDGE_CURVE ( 'NONE', #1886, #4822, #5135, .T. ) ;
#2919 = PLANE ( 'NONE',  #2380 ) ;
#2920 = DIRECTION ( 'NONE',  ( -0.000000000000000000, 1.000000000000000000, -0.000000000000000000 ) ) ;
#2921 = CIRCLE ( 'NONE', #5908, 0.5000000000000000000 ) ;
#2922 = DIRECTION ( 'NONE',  ( 0.000000000000000000, -1.000000000000000000, 0.000000000000000000 ) ) ;
#2923 = EDGE_LOOP ( 'NONE', ( #157, #1805, #285, #1402, #3235, #3512 ) ) ;
#2924 = EDGE_CURVE ( 'NONE', #4464, #5001, #970, .T. ) ;
#2925 = CARTESIAN_POINT ( 'NONE',  ( -3.924228295356194440, 5.626587372531558273, 5.375881764819139264 ) ) ;
#2926 = ADVANCED_FACE ( 'NONE', ( #5404 ), #1007, .T. ) ;
#2927 = VECTOR ( 'NONE', #3728, 1000.000000000000000 ) ;
#2928 = FACE_OUTER_BOUND ( 'NONE', #1161, .T. ) ;
#2929 = EDGE_CURVE ( 'NONE', #4842, #6320, #999, .T. ) ;
#2930 = CARTESIAN_POINT ( 'NONE',  ( -3.601762650924864584, 7.232597066496794902, 24.09845924332969602 ) ) ;
#2931 = ORIENTED_EDGE ( 'NONE', *, *, #5034, .F. ) ;
#2932 = FACE_OUTER_BOUND ( 'NONE', #6619, .T. ) ;
#2933 = DIRECTION ( 'NONE',  ( -0.000000000000000000, 0.000000000000000000, 1.000000000000000000 ) ) ;
#2934 = CYLINDRICAL_SURFACE ( 'NONE', #3575, 0.5000000000000004441 ) ;
#2935 = DIRECTION ( 'NONE',  ( 0.000000000000000000, -0.000000000000000000, -1.000000000000000000 ) ) ;
#2936 = AXIS2_PLACEMENT_3D ( 'NONE', #551, #2662, #3533 ) ;
#2937 = ORIENTED_EDGE ( 'NONE', *, *, #3318, .F. ) ;
#2938 = ORIENTED_EDGE ( 'NONE', *, *, #3812, .T. ) ;
#2939 = DIRECTION ( 'NONE',  ( 6.938893903907221278E-15, -0.000000000000000000, -1.000000000000000000 ) ) ;
#2940 = CARTESIAN_POINT ( 'NONE',  ( 64.85000000000098908, 11.79999999999999716, 24.59999999999835651 ) ) ;
#2941 = CARTESIAN_POINT ( 'NONE',  ( 5.699999999999423750, 8.799999999999998934, 29.34999999999830322 ) ) ;
#2942 = DIRECTION ( 'NONE',  ( 0.000000000000000000, 0.000000000000000000, 1.000000000000000000 ) ) ;
#2943 = VERTEX_POINT ( 'NONE', #2041 ) ;
#2944 = CIRCLE ( 'NONE', #3271, 0.6999999999999992895 ) ;
#2945 = ORIENTED_EDGE ( 'NONE', *, *, #1939, .F. ) ;
#2946 = ORIENTED_EDGE ( 'NONE', *, *, #1657, .F. ) ;
#2947 = VECTOR ( 'NONE', #4740, 1000.000000000000000 ) ;
#2948 = DIRECTION ( 'NONE',  ( -1.040834085586083310E-14, 0.000000000000000000, 1.000000000000000000 ) ) ;
#2949 = DIRECTION ( 'NONE',  ( -0.6614378277684102025, 0.7499999999980047072, 3.534357242738094599E-15 ) ) ;
#2950 = CARTESIAN_POINT ( 'NONE',  ( -5.961803398875453297, 16.60000000000000142, 25.81189763098349133 ) ) ;
#2951 = CARTESIAN_POINT ( 'NONE',  ( 0.1499999999995895450, 16.60000000000000142, 24.59999999999827480 ) ) ;
#2952 = ADVANCED_FACE ( 'NONE', ( #2510 ), #4430, .F. ) ;
#2953 = AXIS2_PLACEMENT_3D ( 'NONE', #2429, #4915, #1323 ) ;
#2954 = CARTESIAN_POINT ( 'NONE',  ( 0.000000000000000000, 16.60000000000000142, 24.59999999999827480 ) ) ;
#2955 = ORIENTED_EDGE ( 'NONE', *, *, #5817, .F. ) ;
#2956 = DIRECTION ( 'NONE',  ( -1.000000000000000000, 0.000000000000000000, 0.000000000000000000 ) ) ;
#2957 = VECTOR ( 'NONE', #5128, 1000.000000000000000 ) ;
#2958 = CARTESIAN_POINT ( 'NONE',  ( 66.10000000000161435, 8.599999999999999645, 4.899999999998364331 ) ) ;
#2959 = VECTOR ( 'NONE', #4410, 1000.000000000000000 ) ;
#2960 = CARTESIAN_POINT ( 'NONE',  ( 0.1499999999995895450, 8.599999999999999645, 25.09999999999827480 ) ) ;
#2961 = VERTEX_POINT ( 'NONE', #3516 ) ;
#2962 = AXIS2_PLACEMENT_3D ( 'NONE', #3718, #3253, #1693 ) ;
#2963 = CARTESIAN_POINT ( 'NONE',  ( -4.013709576152022507, 6.080942047187164690, 5.393259438745812595 ) ) ;
#2964 = FACE_OUTER_BOUND ( 'NONE', #6473, .T. ) ;
#2965 = DIRECTION ( 'NONE',  ( 0.000000000000000000, 0.000000000000000000, 1.000000000000000000 ) ) ;
#2966 = CARTESIAN_POINT ( 'NONE',  ( -3.841462933687044945, 7.598971128775955819, 5.402773860991286092 ) ) ;
#2967 = VECTOR ( 'NONE', #1828, 1000.000000000000000 ) ;
#2968 = ORIENTED_EDGE ( 'NONE', *, *, #1584, .T. ) ;
#2969 = VERTEX_POINT ( 'NONE', #6061 ) ;
#2970 = CARTESIAN_POINT ( 'NONE',  ( 62.00000000000005684, 8.599999999999999645, 26.99999999999791456 ) ) ;
#2971 = LINE ( 'NONE', #5925, #1610 ) ;
#2972 = DIRECTION ( 'NONE',  ( 0.000000000000000000, 0.000000000000000000, 1.000000000000000000 ) ) ;
#2973 = DIRECTION ( 'NONE',  ( 1.239088197126290669E-15, 0.000000000000000000, 1.000000000000000000 ) ) ;
#2974 = EDGE_LOOP ( 'NONE', ( #1915, #4420, #4968, #63 ) ) ;
#2975 = CARTESIAN_POINT ( 'NONE',  ( -0.1110300562069732738, 7.711095767277869939, 24.12535853154996701 ) ) ;
#2976 = ORIENTED_EDGE ( 'NONE', *, *, #5900, .T. ) ;
#2977 = CIRCLE ( 'NONE', #3828, 5.500000000000000000 ) ;
#2978 = ORIENTED_EDGE ( 'NONE', *, *, #3690, .T. ) ;
#2979 = CARTESIAN_POINT ( 'NONE',  ( -3.687086311543118722, 5.832462249435820034, 24.54276940198276336 ) ) ;
#2980 = DIRECTION ( 'NONE',  ( -0.7500000000000424105, -0.6614378277660996064, 0.000000000000000000 ) ) ;
#2981 = DIRECTION ( 'NONE',  ( 0.000000000000000000, 0.000000000000000000, -1.000000000000000000 ) ) ;
#2982 = VECTOR ( 'NONE', #4669, 1000.000000000000000 ) ;
#2983 = CARTESIAN_POINT ( 'NONE',  ( -5.900000000000464873, 16.60000000000000142, 26.00210893424252134 ) ) ;
#2984 = CARTESIAN_POINT ( 'NONE',  ( 64.85000000000096065, 10.59999999999999787, 23.89999999999835723 ) ) ;
#2985 = ORIENTED_EDGE ( 'NONE', *, *, #420, .T. ) ;
#2986 = VECTOR ( 'NONE', #1299, 1000.000000000000000 ) ;
#2987 = FACE_OUTER_BOUND ( 'NONE', #228, .T. ) ;
#2988 = DIRECTION ( 'NONE',  ( 1.000000000000000000, -3.548298019043469128E-15, -1.577021341797097314E-16 ) ) ;
#2989 = LINE ( 'NONE', #4609, #2539 ) ;
#2990 = CARTESIAN_POINT ( 'NONE',  ( 64.85000000000050591, 11.09999999999999787, -1.237464991588063621E-12 ) ) ;
#2991 = VERTEX_POINT ( 'NONE', #5170 ) ;
#2992 = LINE ( 'NONE', #5083, #5744 ) ;
#2993 = ADVANCED_FACE ( 'NONE', ( #565 ), #1484, .T. ) ;
#2994 = EDGE_CURVE ( 'NONE', #2337, #3813, #2610, .T. ) ;
#2995 = DIRECTION ( 'NONE',  ( -0.000000000000000000, 0.000000000000000000, 1.000000000000000000 ) ) ;
#2996 = DIRECTION ( 'NONE',  ( -0.000000000000000000, 1.000000000000000000, 0.000000000000000000 ) ) ;
#2997 = VECTOR ( 'NONE', #2045, 1000.000000000000000 ) ;
#2998 = VERTEX_POINT ( 'NONE', #1547 ) ;
#2999 = EDGE_LOOP ( 'NONE', ( #802, #2676, #4619, #6192 ) ) ;
#3000 = DIRECTION ( 'NONE',  ( -0.3090169943749465631, 0.000000000000000000, -0.9510565162951538642 ) ) ;
#3001 = EDGE_CURVE ( 'NONE', #3542, #2211, #1539, .T. ) ;
#3002 = ADVANCED_FACE ( 'NONE', ( #529 ), #4632, .T. ) ;
#3003 = CARTESIAN_POINT ( 'NONE',  ( -3.849999999999050626, 6.095304263244466725, 5.831635631999795955 ) ) ;
#3004 = DIRECTION ( 'NONE',  ( -0.000000000000000000, -0.000000000000000000, 1.000000000000000000 ) ) ;
#3005 = CYLINDRICAL_SURFACE ( 'NONE', #1482, 0.5000000000000004441 ) ;
#3006 = VECTOR ( 'NONE', #1115, 1000.000000000000000 ) ;
#3007 = EDGE_LOOP ( 'NONE', ( #5529, #2849, #4391, #3691 ) ) ;
#3008 = CARTESIAN_POINT ( 'NONE',  ( 0.1500000000014142520, 8.599999999999999645, 4.899999999998445155 ) ) ;
#3009 = EDGE_CURVE ( 'NONE', #3795, #583, #4598, .T. ) ;
#3010 = ORIENTED_EDGE ( 'NONE', *, *, #5510, .T. ) ;
#3011 = PLANE ( 'NONE',  #3357 ) ;
#3012 = ORIENTED_EDGE ( 'NONE', *, *, #6299, .F. ) ;
#3013 = CARTESIAN_POINT ( 'NONE',  ( -6.100000000000464162, 5.599999999999998757, 26.00210893424252134 ) ) ;
#3014 = CARTESIAN_POINT ( 'NONE',  ( -3.709169811493288282, 5.814167988992119618, 5.447195291347033397 ) ) ;
#3015 = CARTESIAN_POINT ( 'NONE',  ( -3.769719798172528336, 5.613293686253192583, 5.400176753334385182 ) ) ;
#3016 = DIRECTION ( 'NONE',  ( 0.000000000000000000, -1.000000000000000000, 0.000000000000000000 ) ) ;
#3017 = AXIS2_PLACEMENT_3D ( 'NONE', #3046, #5103, #2981 ) ;
#3018 = CARTESIAN_POINT ( 'NONE',  ( 6.041378263112116009, 16.60000000000000142, 30.52931086844133546 ) ) ;
#3019 = ORIENTED_EDGE ( 'NONE', *, *, #1732, .F. ) ;
#3020 = CARTESIAN_POINT ( 'NONE',  ( -3.879590575300467137, 5.888445369804621521, 5.484966249174475728 ) ) ;
#3021 = LINE ( 'NONE', #753, #1388 ) ;
#3022 = CARTESIAN_POINT ( 'NONE',  ( 19.59999999999941522, 8.799999999999998934, 31.09999999999860165 ) ) ;
#3023 = CIRCLE ( 'NONE', #5382, 0.1999999999999987899 ) ;
#3024 = LINE ( 'NONE', #1962, #4839 ) ;
#3025 = ORIENTED_EDGE ( 'NONE', *, *, #165, .T. ) ;
#3026 = AXIS2_PLACEMENT_3D ( 'NONE', #501, #3771, #4206 ) ;
#3027 = CARTESIAN_POINT ( 'NONE',  ( 66.60000000000161435, 8.599999999999999645, 31.09999999999827835 ) ) ;
#3028 = CARTESIAN_POINT ( 'NONE',  ( 0.000000000000000000, 16.60000000000000142, 5.399999999998364331 ) ) ;
#3029 = CARTESIAN_POINT ( 'NONE',  ( 19.59999999999941522, 8.099999999999999645, 30.09999999999861231 ) ) ;
#3030 = EDGE_CURVE ( 'NONE', #3949, #4112, #4951, .T. ) ;
#3031 = EDGE_CURVE ( 'NONE', #5572, #4112, #6159, .T. ) ;
#3032 = ORIENTED_EDGE ( 'NONE', *, *, #4024, .F. ) ;
#3033 = DIRECTION ( 'NONE',  ( -0.3090169943749447867, 0.9510565162951544194, 0.000000000000000000 ) ) ;
#3034 = DIRECTION ( 'NONE',  ( 0.000000000000000000, 0.000000000000000000, 1.000000000000000000 ) ) ;
#3035 = DIRECTION ( 'NONE',  ( 0.000000000000000000, 0.000000000000000000, 1.000000000000000000 ) ) ;
#3036 = LINE ( 'NONE', #5590, #2321 ) ;
#3037 = CARTESIAN_POINT ( 'NONE',  ( -4.062667049084641491, 7.340952172252701580, 5.330900287010831740 ) ) ;
#3038 = VERTEX_POINT ( 'NONE', #1577 ) ;
#3039 = CIRCLE ( 'NONE', #5407, 0.6999999999999992895 ) ;
#3040 = EDGE_CURVE ( 'NONE', #4687, #1792, #4329, .T. ) ;
#3041 = FACE_OUTER_BOUND ( 'NONE', #3140, .T. ) ;
#3042 = VERTEX_POINT ( 'NONE', #2008 ) ;
#3043 = DIRECTION ( 'NONE',  ( -1.000000000000000000, 0.000000000000000000, 0.000000000000000000 ) ) ;
#3044 = DIRECTION ( 'NONE',  ( 0.000000000000000000, -1.000000000000000000, 0.000000000000000000 ) ) ;
#3045 = ADVANCED_FACE ( 'NONE', ( #4568 ), #5284, .T. ) ;
#3046 = CARTESIAN_POINT ( 'NONE',  ( 66.10000000000161435, 8.599999999999999645, 31.09999999999827835 ) ) ;
#3047 = AXIS2_PLACEMENT_3D ( 'NONE', #5190, #586, #4678 ) ;
#3048 = DIRECTION ( 'NONE',  ( -6.994648347254856026E-15, 0.000000000000000000, -1.000000000000000000 ) ) ;
#3049 = DIRECTION ( 'NONE',  ( -1.000000000000000000, 0.000000000000000000, 1.355252715606892622E-16 ) ) ;
#3050 = EDGE_CURVE ( 'NONE', #5151, #1978, #4969, .T. ) ;
#3051 = AXIS2_PLACEMENT_3D ( 'NONE', #4738, #4773, #1690 ) ;
#3052 = DIRECTION ( 'NONE',  ( -0.000000000000000000, -0.000000000000000000, 1.000000000000000000 ) ) ;
#3053 = CARTESIAN_POINT ( 'NONE',  ( 0.000000000000000000, 0.000000000000000000, 0.000000000000000000 ) ) ;
#3054 = FACE_OUTER_BOUND ( 'NONE', #4337, .T. ) ;
#3055 = LINE ( 'NONE', #5113, #3704 ) ;
#3056 = VERTEX_POINT ( 'NONE', #1514 ) ;
#3057 = ORIENTED_EDGE ( 'NONE', *, *, #5963, .F. ) ;
#3058 = CIRCLE ( 'NONE', #1896, 0.5000000000000004441 ) ;
#3059 = UNCERTAINTY_MEASURE_WITH_UNIT (LENGTH_MEASURE( 1.000000000000000082E-05 ), #1139, 'distance_accuracy_value', 'NONE');
#3060 = DIRECTION ( 'NONE',  ( -0.000000000000000000, -1.000000000000000000, 0.000000000000000000 ) ) ;
#3061 = AXIS2_PLACEMENT_3D ( 'NONE', #6481, #254, #1903 ) ;
#3062 = DIRECTION ( 'NONE',  ( -0.000000000000000000, -1.000000000000000000, -0.000000000000000000 ) ) ;
#3063 = CARTESIAN_POINT ( 'NONE',  ( -3.890266831122988211, 5.703889285821136745, 24.60522194981242450 ) ) ;
#3064 = CIRCLE ( 'NONE', #5642, 0.5000000000000004441 ) ;
#3065 = EDGE_LOOP ( 'NONE', ( #5461, #4347, #4835 ) ) ;
#3066 = DIRECTION ( 'NONE',  ( 0.000000000000000000, 1.000000000000000000, -0.000000000000000000 ) ) ;
#3067 = DIRECTION ( 'NONE',  ( 0.000000000000000000, -0.000000000000000000, -1.000000000000000000 ) ) ;
#3068 = CARTESIAN_POINT ( 'NONE',  ( 66.10000000000161435, 16.10000000000000142, 31.59999999999827480 ) ) ;
#3069 = FACE_OUTER_BOUND ( 'NONE', #5723, .T. ) ;
#3070 = ORIENTED_EDGE ( 'NONE', *, *, #3948, .F. ) ;
#3071 = VECTOR ( 'NONE', #6541, 1000.000000000000000 ) ;
#3072 = CARTESIAN_POINT ( 'NONE',  ( 5.899999999999423039, 8.799999999999998934, 29.34999999999830322 ) ) ;
#3073 = EDGE_CURVE ( 'NONE', #1783, #6320, #5796, .T. ) ;
#3074 = VERTEX_POINT ( 'NONE', #5724 ) ;
#3075 = DIRECTION ( 'NONE',  ( 0.9978936193135382604, 0.06487160036045994116, -2.163836859938320195E-16 ) ) ;
#3076 = VERTEX_POINT ( 'NONE', #636 ) ;
#3077 = CARTESIAN_POINT ( 'NONE',  ( -0.09999999999841920062, 5.599999999999998757, 5.143428980836559880E-18 ) ) ;
#3078 = CARTESIAN_POINT ( 'NONE',  ( 66.60000000000161435, 11.09999999999999787, 23.89999999999835723 ) ) ;
#3079 = CARTESIAN_POINT ( 'NONE',  ( -3.848925667039982734, 5.619772614811487266, 5.400349071937182721 ) ) ;
#3080 = VERTEX_POINT ( 'NONE', #732 ) ;
#3081 = CARTESIAN_POINT ( 'NONE',  ( -6.100000000000464162, 16.10000000000000142, 30.89999999999878355 ) ) ;
#3082 = TOROIDAL_SURFACE ( 'NONE', #6288, 2.850000000000962430, 0.5000000000000000000 ) ;
#3083 = CARTESIAN_POINT ( 'NONE',  ( 59.80000000000161720, 8.599999999999997868, 31.09999999999832454 ) ) ;
#3084 = LINE ( 'NONE', #2686, #2982 ) ;
#3085 = ADVANCED_FACE ( 'NONE', ( #3702 ), #2139, .T. ) ;
#3086 = CIRCLE ( 'NONE', #6191, 0.6999999999999999556 ) ;
#3087 = ADVANCED_FACE ( 'NONE', ( #96 ), #1128, .T. ) ;
#3088 = DIRECTION ( 'NONE',  ( 0.000000000000000000, 0.000000000000000000, 1.000000000000000000 ) ) ;
#3089 = CARTESIAN_POINT ( 'NONE',  ( -3.849999999999050626, 6.575346637633848523, 24.29201542141650805 ) ) ;
#3090 = ORIENTED_EDGE ( 'NONE', *, *, #2368, .F. ) ;
#3091 = EDGE_CURVE ( 'NONE', #6052, #5713, #4896, .T. ) ;
#3092 = AXIS2_PLACEMENT_3D ( 'NONE', #1414, #4535, #2480 ) ;
#3093 = ORIENTED_EDGE ( 'NONE', *, *, #5017, .F. ) ;
#3094 = CARTESIAN_POINT ( 'NONE',  ( 66.10000000000161435, 16.10000000000000142, 24.59999999999835651 ) ) ;
#3095 = VECTOR ( 'NONE', #6349, 1000.000000000000000 ) ;
#3096 = LINE ( 'NONE', #5156, #3467 ) ;
#3097 = CARTESIAN_POINT ( 'NONE',  ( -5.961803398874126358, 5.099999999999999645, 4.188102369013233073 ) ) ;
#3098 = AXIS2_PLACEMENT_3D ( 'NONE', #2983, #6535, #5041 ) ;
#3099 = DIRECTION ( 'NONE',  ( -1.017312411335546717E-14, -0.000000000000000000, 1.000000000000000000 ) ) ;
#3100 = DIRECTION ( 'NONE',  ( -1.000000000000000000, 0.000000000000000000, 0.000000000000000000 ) ) ;
#3101 = DIRECTION ( 'NONE',  ( -1.000000000000000000, 0.000000000000000000, 0.000000000000000000 ) ) ;
#3102 = CARTESIAN_POINT ( 'NONE',  ( -6.100000000000464162, 16.60000000000000142, 30.89999999999878355 ) ) ;
#3103 = CARTESIAN_POINT ( 'NONE',  ( -4.195491502811576012, 7.033139083276939374, 24.71225699414272015 ) ) ;
#3104 =( BOUNDED_SURFACE ( )  B_SPLINE_SURFACE ( 3, 2, ( 
 ( #874, #5011, #2485 ),
 ( #6472, #5977, #4541 ),
 ( #2350, #6067, #2453 ),
 ( #5543, #810, #5445 ),
 ( #1386, #1489, #2858 ),
 ( #4942, #310, #6537 ) ),
 .UNSPECIFIED., .F., .F., .F. ) 
 B_SPLINE_SURFACE_WITH_KNOTS ( ( 4, 2, 4 ),
 ( 3, 3 ),
 ( 0.001998698012988070396, 0.002374806371275080263, 0.002750914729562089697 ),
 ( 0.000000000000000000, 1.000000000000000000 ),
 .UNSPECIFIED. ) 
 GEOMETRIC_REPRESENTATION_ITEM ( )  RATIONAL_B_SPLINE_SURFACE ( (
 ( 1.000000000000000000, 0.8477912478904070515, 1.000000000000000000),
 ( 1.000000000000000000, 0.8474314354876556488, 1.000000000000000000),
 ( 1.000000000000000000, 0.8511214732657251814, 1.000000000000000000),
 ( 1.000000000000000000, 0.8608213666602971825, 1.000000000000000000),
 ( 1.000000000000000000, 0.8662749536189586763, 1.000000000000000000),
 ( 1.000000000000000000, 0.8660254037841126351, 1.000000000000000000) ) ) 
 REPRESENTATION_ITEM ( '' )  SURFACE ( )  );
#3105 = VECTOR ( 'NONE', #1477, 1000.000000000000000 ) ;
#3106 = ORIENTED_EDGE ( 'NONE', *, *, #897, .F. ) ;
#3107 = CARTESIAN_POINT ( 'NONE',  ( 64.85000000000060538, 16.10000000000000142, 4.899999999998364331 ) ) ;
#3108 = ORIENTED_EDGE ( 'NONE', *, *, #782, .F. ) ;
#3109 = DIRECTION ( 'NONE',  ( -1.000000000000000000, 0.000000000000000000, 6.994648347254856026E-15 ) ) ;
#3110 = CIRCLE ( 'NONE', #224, 0.7000000000000000666 ) ;
#3111 = CARTESIAN_POINT ( 'NONE',  ( 58.85000000000105302, 16.43071891388275674, 30.22499999999913101 ) ) ;
#3112 = DIRECTION ( 'NONE',  ( 1.000000000000000000, -0.000000000000000000, 1.387778780781454037E-14 ) ) ;
#3113 = VERTEX_POINT ( 'NONE', #5757 ) ;
#3114 = DIRECTION ( 'NONE',  ( 2.775557561562888827E-14, 0.000000000000000000, 1.000000000000000000 ) ) ;
#3115 = DIRECTION ( 'NONE',  ( -0.3090169943749447867, 0.9510565162951544194, 0.000000000000000000 ) ) ;
#3116 = VERTEX_POINT ( 'NONE', #5235 ) ;
#3117 = ADVANCED_FACE ( 'NONE', ( #2677 ), #6315, .T. ) ;
#3118 = ADVANCED_FACE ( 'NONE', ( #4722 ), #3202, .F. ) ;
#3119 = CARTESIAN_POINT ( 'NONE',  ( -4.013709576152022507, 6.080942047187165578, 5.393259438745813483 ) ) ;
#3120 = DIRECTION ( 'NONE',  ( -1.000000000000000000, 0.000000000000000000, 1.355252715606892129E-16 ) ) ;
#3121 = LINE ( 'NONE', #4154, #1526 ) ;
#3122 = DIRECTION ( 'NONE',  ( 0.000000000000000000, 1.000000000000000000, -0.000000000000000000 ) ) ;
#3123 = FILL_AREA_STYLE ('',( #4735 ) ) ;
#3124 = VECTOR ( 'NONE', #3781, 1000.000000000000000 ) ;
#3125 = VERTEX_POINT ( 'NONE', #4826 ) ;
#3126 = EDGE_CURVE ( 'NONE', #2313, #5876, #1754, .T. ) ;
#3127 = VERTEX_POINT ( 'NONE', #2771 ) ;
#3128 = AXIS2_PLACEMENT_3D ( 'NONE', #3672, #5793, #6255 ) ;
#3129 = CARTESIAN_POINT ( 'NONE',  ( -3.769719798172535441, 5.626587372506323348, 4.900353506670323434 ) ) ;
#3130 = EDGE_CURVE ( 'NONE', #964, #2778, #5791, .T. ) ;
#3131 = DIRECTION ( 'NONE',  ( 0.3090169943749445092, -0.9510565162951545304, -4.187961207953234063E-17 ) ) ;
#3132 = VECTOR ( 'NONE', #3377, 1000.000000000000000 ) ;
#3133 = EDGE_LOOP ( 'NONE', ( #3760, #6342, #2946, #2721 ) ) ;
#3134 = CARTESIAN_POINT ( 'NONE',  ( -3.719715713426305914, 7.169713493182737984, 5.442331930814791718 ) ) ;
#3135 = FACE_OUTER_BOUND ( 'NONE', #1841, .T. ) ;
#3136 = LINE ( 'NONE', #89, #2957 ) ;
#3137 = ORIENTED_EDGE ( 'NONE', *, *, #2640, .F. ) ;
#3138 = CYLINDRICAL_SURFACE ( 'NONE', #5785, 0.5000000000000004441 ) ;
#3139 = EDGE_LOOP ( 'NONE', ( #4172, #5756, #4885, #2247 ) ) ;
#3140 = EDGE_LOOP ( 'NONE', ( #789, #2285, #3317, #6051 ) ) ;
#3141 = ORIENTED_EDGE ( 'NONE', *, *, #4681, .F. ) ;
#3142 = DIRECTION ( 'NONE',  ( -0.000000000000000000, -1.000000000000000000, 0.000000000000000000 ) ) ;
#3143 = CARTESIAN_POINT ( 'NONE',  ( 0.1499999999995895450, 16.60000000000000142, 25.09999999999827480 ) ) ;
#3144 = DIRECTION ( 'NONE',  ( -1.908195823574485911E-14, 0.000000000000000000, -1.000000000000000000 ) ) ;
#3145 = VERTEX_POINT ( 'NONE', #159 ) ;
#3146 = CARTESIAN_POINT ( 'NONE',  ( 5.699999999999421973, 8.799999999999998934, 31.59999999999869758 ) ) ;
#3147 = PRODUCT_CONTEXT ( 'NONE', #110, 'mechanical' ) ;
#3148 = DIRECTION ( 'NONE',  ( 0.000000000000000000, 0.000000000000000000, -1.000000000000000000 ) ) ;
#3149 = CARTESIAN_POINT ( 'NONE',  ( 66.60000000000161435, 16.60000000000000142, 25.09999999999835651 ) ) ;
#3150 = CARTESIAN_POINT ( 'NONE',  ( 59.22500000000133724, 16.43071891388275674, 29.84999999999885389 ) ) ;
#3151 = CARTESIAN_POINT ( 'NONE',  ( -6.600000000000465050, 16.60000000000000142, 0.000000000000000000 ) ) ;
#3152 = VECTOR ( 'NONE', #2256, 1000.000000000000000 ) ;
#3153 = ADVANCED_FACE ( 'NONE', ( #1228 ), #2266, .T. ) ;
#3154 = ORIENTED_EDGE ( 'NONE', *, *, #5067, .F. ) ;
#3155 = ORIENTED_EDGE ( 'NONE', *, *, #1202, .T. ) ;
#3156 = CIRCLE ( 'NONE', #4460, 0.5000000000000004441 ) ;
#3157 = DIRECTION ( 'NONE',  ( -1.000000000000000000, -0.000000000000000000, -0.000000000000000000 ) ) ;
#3158 = FACE_OUTER_BOUND ( 'NONE', #2974, .T. ) ;
#3159 = CIRCLE ( 'NONE', #4346, 2.349999999998416911 ) ;
#3160 = EDGE_LOOP ( 'NONE', ( #1576, #1131, #3599, #5425 ) ) ;
#3161 = AXIS2_PLACEMENT_3D ( 'NONE', #385, #4880, #2289 ) ;
#3162 = CARTESIAN_POINT ( 'NONE',  ( -3.364668903374080422, 6.074611004572356698, 5.736684929519907605 ) ) ;
#3163 = DIRECTION ( 'NONE',  ( -0.000000000000000000, 0.000000000000000000, 1.000000000000000000 ) ) ;
#3164 = DIRECTION ( 'NONE',  ( -0.000000000000000000, 1.000000000000000000, 0.000000000000000000 ) ) ;
#3165 = CARTESIAN_POINT ( 'NONE',  ( 64.35000000000101750, 8.599999999999999645, 26.99999999999791456 ) ) ;
#3166 = EDGE_CURVE ( 'NONE', #2102, #3177, #4167, .T. ) ;
#3167 = ORIENTED_EDGE ( 'NONE', *, *, #977, .F. ) ;
#3168 = CIRCLE ( 'NONE', #4577, 0.6999999999999992895 ) ;
#3169 = EDGE_LOOP ( 'NONE', ( #2658, #1641, #6142, #4757 ) ) ;
#3170 = ORIENTED_EDGE ( 'NONE', *, *, #580, .T. ) ;
#3171 = ORIENTED_EDGE ( 'NONE', *, *, #4028, .T. ) ;
#3172 = CARTESIAN_POINT ( 'NONE',  ( -3.843588452753519125, 7.620705300669276205, 24.59791676201442456 ) ) ;
#3173 = AXIS2_PLACEMENT_3D ( 'NONE', #3882, #6056, #1847 ) ;
#3174 = DIRECTION ( 'NONE',  ( 0.000000000000000000, -1.000000000000000000, 0.000000000000000000 ) ) ;
#3175 = ORIENTED_EDGE ( 'NONE', *, *, #2547, .F. ) ;
#3176 = CARTESIAN_POINT ( 'NONE',  ( -3.349999999999048406, 5.599999999999998757, 24.09999999999827480 ) ) ;
#3177 = VERTEX_POINT ( 'NONE', #5359 ) ;
#3178 = VECTOR ( 'NONE', #1882, 1000.000000000000000 ) ;
#3179 =( BOUNDED_CURVE ( )  B_SPLINE_CURVE ( 3, ( #4647, #1013, #517, #4098 ),
 .UNSPECIFIED., .F., .T. ) 
 B_SPLINE_CURVE_WITH_KNOTS ( ( 4, 4 ),
 ( 4.712388980384691450, 5.560451059367010451 ),
 .UNSPECIFIED. ) 
 CURVE ( )  GEOMETRIC_REPRESENTATION_ITEM ( )  RATIONAL_B_SPLINE_CURVE ( ( 1.000000000000000000, 0.9409585518439833596, 0.9409585518439833596, 1.000000000000000000 ) ) 
 REPRESENTATION_ITEM ( '' )  );
#3180 = DIRECTION ( 'NONE',  ( 0.9510565162951544194, -0.000000000000000000, 0.3090169943749447867 ) ) ;
#3181 = DIRECTION ( 'NONE',  ( 0.000000000000000000, 1.000000000000000000, 0.000000000000000000 ) ) ;
#3182 = SURFACE_STYLE_FILL_AREA ( #3123 ) ;
#3183 = CARTESIAN_POINT ( 'NONE',  ( -3.924228295347462758, 5.626587372534170406, 24.62411823517431841 ) ) ;
#3184 = ORIENTED_EDGE ( 'NONE', *, *, #2368, .T. ) ;
#3185 = ORIENTED_EDGE ( 'NONE', *, *, #977, .T. ) ;
#3186 = AXIS2_PLACEMENT_3D ( 'NONE', #2809, #5396, #6492 ) ;
#3187 = DIRECTION ( 'NONE',  ( -1.000000000000000000, -0.000000000000000000, -0.000000000000000000 ) ) ;
#3188 = DIRECTION ( 'NONE',  ( 0.000000000000000000, 0.000000000000000000, -1.000000000000000000 ) ) ;
#3189 = AXIS2_PLACEMENT_3D ( 'NONE', #6324, #1715, #3779 ) ;
#3190 = ADVANCED_FACE ( 'NONE', ( #2232 ), #764, .F. ) ;
#3191 = CARTESIAN_POINT ( 'NONE',  ( 0.1500000000015859203, 16.10000000000000142, 2.999999999997892797 ) ) ;
#3192 = ADVANCED_FACE ( 'NONE', ( #859 ), #2333, .T. ) ;
#3193 = VECTOR ( 'NONE', #5203, 1000.000000000000000 ) ;
#3194 = DIRECTION ( 'NONE',  ( 0.000000000000000000, 0.000000000000000000, -1.000000000000000000 ) ) ;
#3195 = DIRECTION ( 'NONE',  ( 0.000000000000000000, -1.000000000000000000, 0.000000000000000000 ) ) ;
#3196 = CARTESIAN_POINT ( 'NONE',  ( -3.769719798172535441, 5.613293686253161496, 5.400176753334384294 ) ) ;
#3197 = VERTEX_POINT ( 'NONE', #1372 ) ;
#3198 = ORIENTED_EDGE ( 'NONE', *, *, #488, .T. ) ;
#3199 = ADVANCED_FACE ( 'NONE', ( #5924 ), #3912, .T. ) ;
#3200 = ORIENTED_EDGE ( 'NONE', *, *, #3091, .T. ) ;
#3201 = ORIENTED_EDGE ( 'NONE', *, *, #4481, .T. ) ;
#3202 = CYLINDRICAL_SURFACE ( 'NONE', #4645, 2.350000000000362022 ) ;
#3203 = CARTESIAN_POINT ( 'NONE',  ( -3.770807776043744397, 5.604440173684628768, 24.59999999999827480 ) ) ;
#3204 = LINE ( 'NONE', #66, #2269 ) ;
#3205 = VECTOR ( 'NONE', #4572, 1000.000000000000000 ) ;
#3206 = ORIENTED_EDGE ( 'NONE', *, *, #1729, .F. ) ;
#3207 = EDGE_CURVE ( 'NONE', #4465, #1639, #2371, .T. ) ;
#3208 = SPHERICAL_SURFACE ( 'NONE', #1626, 0.5000000000000000000 ) ;
#3209 = ORIENTED_EDGE ( 'NONE', *, *, #2339, .F. ) ;
#3210 = VECTOR ( 'NONE', #102, 1000.000000000000000 ) ;
#3211 = CARTESIAN_POINT ( 'NONE',  ( 6.399999999999418598, 11.40000000000000036, 29.84999999999830322 ) ) ;
#3212 = DIRECTION ( 'NONE',  ( 0.000000000000000000, 0.000000000000000000, -1.000000000000000000 ) ) ;
#3213 = CIRCLE ( 'NONE', #4723, 0.1999999999999987899 ) ;
#3214 = PLANE ( 'NONE',  #2240 ) ;
#3215 = CARTESIAN_POINT ( 'NONE',  ( 6.649999999999454126, 16.43071891388304806, 30.22499999999832809 ) ) ;
#3216 = ORIENTED_EDGE ( 'NONE', *, *, #5899, .T. ) ;
#3217 = EDGE_CURVE ( 'NONE', #2961, #4726, #2439, .T. ) ;
#3218 = DIRECTION ( 'NONE',  ( 0.000000000000000000, 0.000000000000000000, -1.000000000000000000 ) ) ;
#3219 = ORIENTED_EDGE ( 'NONE', *, *, #580, .F. ) ;
#3220 = CARTESIAN_POINT ( 'NONE',  ( -6.599999999999137223, 16.60000000000000142, 3.997891065754202167 ) ) ;
#3221 = DIRECTION ( 'NONE',  ( 0.000000000000000000, 0.000000000000000000, 1.000000000000000000 ) ) ;
#3222 = AXIS2_PLACEMENT_3D ( 'NONE', #5692, #6130, #3043 ) ;
#3223 = DIRECTION ( 'NONE',  ( -1.000000000000000000, 0.000000000000000000, 6.994648347254856026E-15 ) ) ;
#3224 = CIRCLE ( 'NONE', #348, 0.5000000000000000000 ) ;
#3225 = ORIENTED_EDGE ( 'NONE', *, *, #3031, .T. ) ;
#3226 = CARTESIAN_POINT ( 'NONE',  ( -5.899999999999137046, 16.60000000000000142, -1.100000000000000089 ) ) ;
#3227 = CARTESIAN_POINT ( 'NONE',  ( 64.85000000000098908, 16.10000000000000142, 24.59999999999835651 ) ) ;
#3228 = DIRECTION ( 'NONE',  ( 0.000000000000000000, 0.000000000000000000, 1.000000000000000000 ) ) ;
#3229 = CARTESIAN_POINT ( 'NONE',  ( -1.800153969829872302, 16.10000000000000142, 5.540304237326127534 ) ) ;
#3230 = ORIENTED_EDGE ( 'NONE', *, *, #6021, .T. ) ;
#3231 = AXIS2_PLACEMENT_3D ( 'NONE', #1473, #5559, #4461 ) ;
#3232 = ADVANCED_FACE ( 'NONE', ( #4489 ), #2405, .F. ) ;
#3233 = ORIENTED_EDGE ( 'NONE', *, *, #5899, .F. ) ;
#3234 = VERTEX_POINT ( 'NONE', #4421 ) ;
#3235 = ORIENTED_EDGE ( 'NONE', *, *, #912, .T. ) ;
#3236 = CARTESIAN_POINT ( 'NONE',  ( -3.036677547836429077E-13, 16.10000000000000142, 29.84999999999824638 ) ) ;
#3237 = AXIS2_PLACEMENT_3D ( 'NONE', #3236, #5329, #1162 ) ;
#3238 = DIRECTION ( 'NONE',  ( -0.000000000000000000, -1.000000000000000000, -0.000000000000000000 ) ) ;
#3239 = LINE ( 'NONE', #2741, #6028 ) ;
#3240 = ORIENTED_EDGE ( 'NONE', *, *, #222, .F. ) ;
#3241 = ORIENTED_EDGE ( 'NONE', *, *, #6000, .F. ) ;
#3242 = EDGE_CURVE ( 'NONE', #3850, #4848, #6083, .T. ) ;
#3243 = CARTESIAN_POINT ( 'NONE',  ( -0.1000056254559286567, 7.588140398124176400, 24.31699263911535525 ) ) ;
#3244 = CARTESIAN_POINT ( 'NONE',  ( 37.80000000000162430, 10.40000000000000036, 31.59999999999847731 ) ) ;
#3245 = ADVANCED_FACE ( 'NONE', ( #6458 ), #5551, .T. ) ;
#3246 = CARTESIAN_POINT ( 'NONE',  ( -0.5999999999984184651, 7.590521286910921539, 5.899999999998443379 ) ) ;
#3247 = DIRECTION ( 'NONE',  ( 6.994648347254856026E-15, -0.000000000000000000, 1.000000000000000000 ) ) ;
#3248 = ORIENTED_EDGE ( 'NONE', *, *, #5304, .T. ) ;
#3249 = VECTOR ( 'NONE', #527, 1000.000000000000000 ) ;
#3250 = DIRECTION ( 'NONE',  ( 0.000000000000000000, 1.000000000000000000, 0.000000000000000000 ) ) ;
#3251 = ORIENTED_EDGE ( 'NONE', *, *, #6148, .F. ) ;
#3252 = DIRECTION ( 'NONE',  ( 0.000000000000000000, 0.000000000000000000, 1.000000000000000000 ) ) ;
#3253 = DIRECTION ( 'NONE',  ( 0.000000000000000000, 1.000000000000000000, 0.000000000000000000 ) ) ;
#3254 = TOROIDAL_SURFACE ( 'NONE', #6476, 5.500000000000000000, 0.5000000000000000000 ) ;
#3255 = AXIS2_PLACEMENT_3D ( 'NONE', #1963, #4547, #4441 ) ;
#3256 = DIRECTION ( 'NONE',  ( -6.994648347254856026E-15, 0.000000000000000000, -1.000000000000000000 ) ) ;
#3257 = DIRECTION ( 'NONE',  ( 0.000000000000000000, 0.000000000000000000, 1.000000000000000000 ) ) ;
#3258 = CIRCLE ( 'NONE', #909, 0.5000000000000004441 ) ;
#3259 = ORIENTED_EDGE ( 'NONE', *, *, #1624, .F. ) ;
#3260 = CARTESIAN_POINT ( 'NONE',  ( -3.925316277024327949, 5.599999999999998757, 5.375528258146021976 ) ) ;
#3261 = CARTESIAN_POINT ( 'NONE',  ( -3.881377700482309567, 5.935097511117125357, 24.48646888472587335 ) ) ;
#3262 = EDGE_CURVE ( 'NONE', #6256, #2418, #5451, .T. ) ;
#3263 = CARTESIAN_POINT ( 'NONE',  ( -0.09999999999841892306, 8.163673889152089913, 5.457571963668850223 ) ) ;
#3264 = CARTESIAN_POINT ( 'NONE',  ( 0.1500000000018568702, 16.10000000000000142, 1.354981665080531927E-14 ) ) ;
#3265 = ORIENTED_EDGE ( 'NONE', *, *, #4817, .T. ) ;
#3266 = EDGE_CURVE ( 'NONE', #6456, #2574, #4858, .T. ) ;
#3267 = ORIENTED_EDGE ( 'NONE', *, *, #5639, .F. ) ;
#3268 = ORIENTED_EDGE ( 'NONE', *, *, #2806, .F. ) ;
#3269 = VERTEX_POINT ( 'NONE', #1335 ) ;
#3270 = DIRECTION ( 'NONE',  ( 1.000000000000000000, 0.000000000000000000, -5.143428980917867249E-17 ) ) ;
#3271 = AXIS2_PLACEMENT_3D ( 'NONE', #4788, #4307, #3764 ) ;
#3272 = DIRECTION ( 'NONE',  ( 0.000000000000000000, 0.000000000000000000, 1.000000000000000000 ) ) ;
#3273 = EDGE_CURVE ( 'NONE', #4824, #3074, #5129, .T. ) ;
#3274 = LINE ( 'NONE', #2234, #5182 ) ;
#3275 = CARTESIAN_POINT ( 'NONE',  ( 59.38561556648367201, 16.56724310933598687, 30.38561556648244277 ) ) ;
#3276 = AXIS2_PLACEMENT_3D ( 'NONE', #756, #2162, #220 ) ;
#3277 = CARTESIAN_POINT ( 'NONE',  ( -0.1844824371277208608, 7.875297602900153571, 24.09999999999826414 ) ) ;
#3278 = EDGE_LOOP ( 'NONE', ( #4031, #5928, #1433, #4913 ) ) ;
#3279 = CIRCLE ( 'NONE', #6594, 0.6999999999999992895 ) ;
#3280 = CARTESIAN_POINT ( 'NONE',  ( 6.399999999999418598, 16.60000000000000142, 0.000000000000000000 ) ) ;
#3281 = EDGE_CURVE ( 'NONE', #3877, #1343, #4699, .T. ) ;
#3282 = LINE ( 'NONE', #274, #2261 ) ;
#3283 = DIRECTION ( 'NONE',  ( 0.000000000000000000, 1.000000000000000000, 0.000000000000000000 ) ) ;
#3284 = AXIS2_PLACEMENT_3D ( 'NONE', #2588, #4511, #476 ) ;
#3285 = EDGE_LOOP ( 'NONE', ( #2767, #5992, #5760, #4656 ) ) ;
#3286 = ORIENTED_EDGE ( 'NONE', *, *, #640, .F. ) ;
#3287 = CYLINDRICAL_SURFACE ( 'NONE', #5833, 0.5000000000000004441 ) ;
#3288 = ADVANCED_FACE ( 'NONE', ( #1808 ), #1434, .T. ) ;
#3289 = CYLINDRICAL_SURFACE ( 'NONE', #507, 0.4999999999999983347 ) ;
#3290 = ADVANCED_FACE ( 'NONE', ( #1298 ), #2842, .F. ) ;
#3291 = DIRECTION ( 'NONE',  ( -1.000000000000000000, 0.000000000000000000, 3.538541870064538530E-14 ) ) ;
#3292 = AXIS2_PLACEMENT_3D ( 'NONE', #1664, #4199, #6243 ) ;
#3293 = VERTEX_POINT ( 'NONE', #4385 ) ;
#3294 = CARTESIAN_POINT ( 'NONE',  ( 19.39999999999941593, 11.40000000000000036, 31.09999999999860520 ) ) ;
#3295 = CARTESIAN_POINT ( 'NONE',  ( -6.099999999999137223, 5.599999999999998757, 3.997891065754202167 ) ) ;
#3296 = CARTESIAN_POINT ( 'NONE',  ( 62.00000000000005684, 16.10000000000000142, 0.1499999999973887777 ) ) ;
#3297 = CARTESIAN_POINT ( 'NONE',  ( -5.961803398875454185, 5.099999999999999645, 25.81189763098349133 ) ) ;
#3298 = AXIS2_PLACEMENT_3D ( 'NONE', #5829, #738, #2853 ) ;
#3299 = VERTEX_POINT ( 'NONE', #4926 ) ;
#3300 = ORIENTED_EDGE ( 'NONE', *, *, #6415, .F. ) ;
#3301 = AXIS2_PLACEMENT_3D ( 'NONE', #4493, #3375, #6522 ) ;
#3302 = ORIENTED_EDGE ( 'NONE', *, *, #3818, .F. ) ;
#3303 = VERTEX_POINT ( 'NONE', #5059 ) ;
#3304 = CARTESIAN_POINT ( 'NONE',  ( 59.08842269202997244, 10.54364140813994055, 29.87115523203774714 ) ) ;
#3305 = DIRECTION ( 'NONE',  ( -0.000000000000000000, 1.000000000000000000, -0.000000000000000000 ) ) ;
#3306 = CARTESIAN_POINT ( 'NONE',  ( 0.1499999999994183486, 16.10000000000000142, 26.99999999999786837 ) ) ;
#3307 = DIRECTION ( 'NONE',  ( 0.000000000000000000, -1.000000000000000000, 0.000000000000000000 ) ) ;
#3308 = ORIENTED_EDGE ( 'NONE', *, *, #3555, .T. ) ;
#3309 = ORIENTED_EDGE ( 'NONE', *, *, #6489, .T. ) ;
#3310 = ORIENTED_EDGE ( 'NONE', *, *, #5236, .T. ) ;
#3311 = CIRCLE ( 'NONE', #4276, 0.5000000000000004441 ) ;
#3312 = CARTESIAN_POINT ( 'NONE',  ( -0.1000047220857641223, 7.588348255606458537, 24.13175172502064214 ) ) ;
#3313 = CARTESIAN_POINT ( 'NONE',  ( 62.00000000000004974, 8.099999999999999645, 29.84999999999887876 ) ) ;
#3314 = DIRECTION ( 'NONE',  ( 1.000000000000000000, 0.000000000000000000, 0.000000000000000000 ) ) ;
#3315 = AXIS2_PLACEMENT_3D ( 'NONE', #2540, #2504, #2607 ) ;
#3316 = EDGE_CURVE ( 'NONE', #2245, #3038, #4070, .T. ) ;
#3317 = ORIENTED_EDGE ( 'NONE', *, *, #4941, .F. ) ;
#3318 = EDGE_CURVE ( 'NONE', #4038, #2337, #556, .T. ) ;
#3319 = CARTESIAN_POINT ( 'NONE',  ( -0.3080777983763486327, 3.099999999999999645, 5.899999999998444267 ) ) ;
#3320 = ORIENTED_EDGE ( 'NONE', *, *, #198, .F. ) ;
#3321 = CIRCLE ( 'NONE', #3646, 0.5000000000000004441 ) ;
#3322 = LINE ( 'NONE', #5944, #2967 ) ;
#3323 = EDGE_CURVE ( 'NONE', #2330, #828, #4252, .T. ) ;
#3324 = VERTEX_POINT ( 'NONE', #2090 ) ;
#3325 = LINE ( 'NONE', #5384, #3723 ) ;
#3326 = EDGE_CURVE ( 'NONE', #4908, #1296, #4620, .T. ) ;
#3327 = LINE ( 'NONE', #4409, #4219 ) ;
#3328 = CYLINDRICAL_SURFACE ( 'NONE', #3923, 0.5000000000000004441 ) ;
#3329 = DIRECTION ( 'NONE',  ( -1.000000000000000000, 0.000000000000000000, 0.000000000000000000 ) ) ;
#3330 = ORIENTED_EDGE ( 'NONE', *, *, #339, .F. ) ;
#3331 = EDGE_CURVE ( 'NONE', #2239, #4224, #4650, .T. ) ;
#3332 = CARTESIAN_POINT ( 'NONE',  ( -0.3071067811849669815, 8.307106781186547551, -1.600000000000000311 ) ) ;
#3333 = VECTOR ( 'NONE', #5763, 1000.000000000000000 ) ;
#3334 = VERTEX_POINT ( 'NONE', #4039 ) ;
#3335 = ORIENTED_EDGE ( 'NONE', *, *, #546, .F. ) ;
#3336 = EDGE_LOOP ( 'NONE', ( #3170, #5160, #5038 ) ) ;
#3337 = CARTESIAN_POINT ( 'NONE',  ( -3.770807779836852003, 5.599999999999998757, 4.899999999998446043 ) ) ;
#3338 = CARTESIAN_POINT ( 'NONE',  ( 66.10000000000161435, 8.599999999999999645, 31.09999999999827480 ) ) ;
#3339 = DIRECTION ( 'NONE',  ( 0.000000000000000000, 1.000000000000000000, -0.000000000000000000 ) ) ;
#3340 = DIRECTION ( 'NONE',  ( -0.000000000000000000, -1.000000000000000000, -0.000000000000000000 ) ) ;
#3341 = EDGE_CURVE ( 'NONE', #2341, #3080, #2470, .T. ) ;
#3342 = ORIENTED_EDGE ( 'NONE', *, *, #4406, .T. ) ;
#3343 = ORIENTED_EDGE ( 'NONE', *, *, #4679, .T. ) ;
#3344 = CIRCLE ( 'NONE', #4197, 1.200000000000000622 ) ;
#3345 = ORIENTED_EDGE ( 'NONE', *, *, #1597, .T. ) ;
#3346 = CARTESIAN_POINT ( 'NONE',  ( 64.35000000000061959, 8.307106781186547551, 5.399999999998365219 ) ) ;
#3347 = CARTESIAN_POINT ( 'NONE',  ( 0.02098057061052366334, 7.674044379242670466, 24.45752904787301318 ) ) ;
#3348 = DIRECTION ( 'NONE',  ( 0.000000000000000000, 0.000000000000000000, 1.000000000000000000 ) ) ;
#3349 = EDGE_CURVE ( 'NONE', #5453, #2272, #1567, .T. ) ;
#3350 = CARTESIAN_POINT ( 'NONE',  ( -3.961583353571253685, 5.727781930988453674, 5.363744370651139626 ) ) ;
#3351 = EDGE_CURVE ( 'NONE', #236, #2203, #90, .T. ) ;
#3352 = EDGE_LOOP ( 'NONE', ( #5428, #5532, #4365, #472 ) ) ;
#3353 = DIRECTION ( 'NONE',  ( 0.000000000000000000, 0.000000000000000000, 1.000000000000000000 ) ) ;
#3354 = CYLINDRICAL_SURFACE ( 'NONE', #1902, 0.5000000000000004441 ) ;
#3355 = EDGE_CURVE ( 'NONE', #4038, #5531, #5558, .T. ) ;
#3356 = LINE ( 'NONE', #5982, #807 ) ;
#3357 = AXIS2_PLACEMENT_3D ( 'NONE', #5565, #3576, #1575 ) ;
#3358 = ORIENTED_EDGE ( 'NONE', *, *, #4898, .T. ) ;
#3359 = LINE ( 'NONE', #475, #6615 ) ;
#3360 = CARTESIAN_POINT ( 'NONE',  ( 19.59999999999941522, 8.799999999999998934, 30.09999999999861231 ) ) ;
#3361 = VECTOR ( 'NONE', #5682, 1000.000000000000000 ) ;
#3362 = DIRECTION ( 'NONE',  ( 1.000000000000000000, -0.000000000000000000, 0.000000000000000000 ) ) ;
#3363 = CARTESIAN_POINT ( 'NONE',  ( -0.09999999999841793774, 8.599999999999999645, 24.59999999999827480 ) ) ;
#3364 = ORIENTED_EDGE ( 'NONE', *, *, #3557, .F. ) ;
#3365 = CARTESIAN_POINT ( 'NONE',  ( -6.100000000000464162, 5.599999999999998757, 30.89999999999878355 ) ) ;
#3366 = PLANE ( 'NONE',  #1616 ) ;
#3367 = DIRECTION ( 'NONE',  ( 1.000000000000000000, 0.000000000000000000, 0.000000000000000000 ) ) ;
#3368 = AXIS2_PLACEMENT_3D ( 'NONE', #173, #2720, #4294 ) ;
#3369 = ORIENTED_EDGE ( 'NONE', *, *, #5827, .T. ) ;
#3370 = ORIENTED_EDGE ( 'NONE', *, *, #6122, .T. ) ;
#3371 = ORIENTED_EDGE ( 'NONE', *, *, #1109, .F. ) ;
#3372 = CARTESIAN_POINT ( 'NONE',  ( 59.10000000000161435, 16.60000000000000142, 31.09999999999832454 ) ) ;
#3373 = EDGE_CURVE ( 'NONE', #6386, #1886, #6085, .T. ) ;
#3374 = EDGE_CURVE ( 'NONE', #4204, #6095, #6401, .T. ) ;
#3375 = DIRECTION ( 'NONE',  ( -3.430911808370508050E-15, 1.000000000000000000, 6.938893903907155802E-15 ) ) ;
#3376 = AXIS2_PLACEMENT_3D ( 'NONE', #1491, #6011, #3489 ) ;
#3377 = DIRECTION ( 'NONE',  ( 1.908195823574485911E-14, -0.000000000000000000, 1.000000000000000000 ) ) ;
#3378 = DIRECTION ( 'NONE',  ( 0.000000000000000000, 0.000000000000000000, -1.000000000000000000 ) ) ;
#3379 = ORIENTED_EDGE ( 'NONE', *, *, #1827, .F. ) ;
#3380 = EDGE_CURVE ( 'NONE', #5577, #1783, #3617, .T. ) ;
#3381 = ORIENTED_EDGE ( 'NONE', *, *, #1246, .F. ) ;
#3382 = ORIENTED_EDGE ( 'NONE', *, *, #5187, .T. ) ;
#3383 = VERTEX_POINT ( 'NONE', #6614 ) ;
#3384 = CIRCLE ( 'NONE', #5042, 0.5000000000000004441 ) ;
#3385 = DIRECTION ( 'NONE',  ( 0.000000000000000000, 0.000000000000000000, -1.000000000000000000 ) ) ;
#3386 = CARTESIAN_POINT ( 'NONE',  ( -3.604528795094502414, 7.230247689109941867, 24.09999999999827125 ) ) ;
#3387 = CIRCLE ( 'NONE', #177, 0.5000000000000004441 ) ;
#3388 = DIRECTION ( 'NONE',  ( -0.000000000000000000, 1.000000000000000000, -0.000000000000000000 ) ) ;
#3389 = ORIENTED_EDGE ( 'NONE', *, *, #3812, .F. ) ;
#3390 = FACE_OUTER_BOUND ( 'NONE', #1441, .T. ) ;
#3391 = CARTESIAN_POINT ( 'NONE',  ( 64.35000000000098908, 11.79999999999999716, 25.09999999999836717 ) ) ;
#3392 = AXIS2_PLACEMENT_3D ( 'NONE', #5856, #74, #1747 ) ;
#3393 = DIRECTION ( 'NONE',  ( -0.9510565162951544194, 0.000000000000000000, -0.3090169943749447867 ) ) ;
#3394 = ORIENTED_EDGE ( 'NONE', *, *, #622, .F. ) ;
#3395 = CARTESIAN_POINT ( 'NONE',  ( -3.518072680975301125, 5.960935347901807013, 24.45456285064928181 ) ) ;
#3396 = CARTESIAN_POINT ( 'NONE',  ( -6.099999999999137223, 16.10000000000000142, 0.000000000000000000 ) ) ;
#3397 = CARTESIAN_POINT ( 'NONE',  ( 0.1500000000014143076, 8.599999999999999645, 5.399999999998445155 ) ) ;
#3398 = CARTESIAN_POINT ( 'NONE',  ( -3.762715708478589161, 5.656076443284239197, 24.59868536331488542 ) ) ;
#3399 = DIRECTION ( 'NONE',  ( -1.000000000000000000, 4.956352788505168198E-15, -1.982541115402067279E-14 ) ) ;
#3400 = VERTEX_POINT ( 'NONE', #5089 ) ;
#3401 = EDGE_CURVE ( 'NONE', #5563, #2592, #2446, .T. ) ;
#3402 = ADVANCED_FACE ( 'NONE', ( #1535 ), #1601, .F. ) ;
#3403 = ORIENTED_EDGE ( 'NONE', *, *, #2251, .F. ) ;
#3404 = ORIENTED_EDGE ( 'NONE', *, *, #4214, .T. ) ;
#3405 = CARTESIAN_POINT ( 'NONE',  ( -3.609416974772325037, 7.277432511653870506, 5.673790341331804044 ) ) ;
#3406 = CIRCLE ( 'NONE', #4260, 0.4999999999999986122 ) ;
#3407 = CARTESIAN_POINT ( 'NONE',  ( -0.5999999999984189092, 5.599999999999998757, 4.899999999998446043 ) ) ;
#3408 = DIRECTION ( 'NONE',  ( -1.000000000000000000, 0.000000000000000000, -9.020562075079396891E-14 ) ) ;
#3409 = CARTESIAN_POINT ( 'NONE',  ( 64.35000000000061959, 10.59999999999999787, 6.099999999998374278 ) ) ;
#3410 = ORIENTED_EDGE ( 'NONE', *, *, #5219, .T. ) ;
#3411 = VECTOR ( 'NONE', #5211, 1000.000000000000000 ) ;
#3412 = ADVANCED_FACE ( 'NONE', ( #5555 ), #3082, .T. ) ;
#3413 = VERTEX_POINT ( 'NONE', #1017 ) ;
#3414 = ORIENTED_EDGE ( 'NONE', *, *, #5861, .T. ) ;
#3415 = CARTESIAN_POINT ( 'NONE',  ( -3.980820592615352815, 5.842082712245347587, 24.61972332140457098 ) ) ;
#3416 = DIRECTION ( 'NONE',  ( -0.000000000000000000, 1.000000000000000000, -0.000000000000000000 ) ) ;
#3417 = EDGE_CURVE ( 'NONE', #5909, #2787, #3406, .T. ) ;
#3418 = CARTESIAN_POINT ( 'NONE',  ( 5.899999999999422151, 11.40000000000000036, 31.59999999999869758 ) ) ;
#3419 = VECTOR ( 'NONE', #567, 1000.000000000000000 ) ;
#3420 = CARTESIAN_POINT ( 'NONE',  ( 66.10000000000161435, 16.60000000000000142, -1.600000000000003419 ) ) ;
#3421 = AXIS2_PLACEMENT_3D ( 'NONE', #4703, #107, #1171 ) ;
#3422 = CARTESIAN_POINT ( 'NONE',  ( -0.09999999999841786835, 8.456546690695361690, 24.59999999999827480 ) ) ;
#3423 = ORIENTED_EDGE ( 'NONE', *, *, #4530, .F. ) ;
#3424 = DIRECTION ( 'NONE',  ( 0.000000000000000000, 0.000000000000000000, 1.000000000000000000 ) ) ;
#3425 = LINE ( 'NONE', #2522, #4244 ) ;
#3426 = CIRCLE ( 'NONE', #535, 0.5000000000000001110 ) ;
#3427 = ADVANCED_FACE ( 'NONE', ( #2568 ), #5344, .F. ) ;
#3428 = DIRECTION ( 'NONE',  ( 1.908195823574485911E-14, -0.000000000000000000, 1.000000000000000000 ) ) ;
#3429 = AXIS2_PLACEMENT_3D ( 'NONE', #5115, #6604, #4029 ) ;
#3430 = EDGE_LOOP ( 'NONE', ( #5978, #1009, #4211, #3666 ) ) ;
#3431 = FACE_OUTER_BOUND ( 'NONE', #6403, .T. ) ;
#3432 = CARTESIAN_POINT ( 'NONE',  ( -3.849999999999122569, 7.672570500236599145, 5.399999999998446043 ) ) ;
#3433 = CARTESIAN_POINT ( 'NONE',  ( 0.1499999999995895450, 8.599999999999999645, 25.09999999999827480 ) ) ;
#3434 = CARTESIAN_POINT ( 'NONE',  ( -0.5999999999984192423, 8.599999999999999645, -1.600000000000000311 ) ) ;
#3435 = AXIS2_PLACEMENT_3D ( 'NONE', #2557, #5643, #4220 ) ;
#3436 = ORIENTED_EDGE ( 'NONE', *, *, #4191, .F. ) ;
#3437 = ORIENTED_EDGE ( 'NONE', *, *, #6478, .F. ) ;
#3438 = DIRECTION ( 'NONE',  ( -6.994648347254856026E-15, 0.000000000000000000, -1.000000000000000000 ) ) ;
#3439 = CARTESIAN_POINT ( 'NONE',  ( -6.116311896062928355, 5.599999999999998757, 25.33636937283591450 ) ) ;
#3440 = CARTESIAN_POINT ( 'NONE',  ( -0.09999999999412130525, 8.096199636509018305, 24.51096674495481054 ) ) ;
#3441 = DIRECTION ( 'NONE',  ( 0.000000000000000000, 0.000000000000000000, 1.000000000000000000 ) ) ;
#3442 = ORIENTED_EDGE ( 'NONE', *, *, #1157, .F. ) ;
#3443 = AXIS2_PLACEMENT_3D ( 'NONE', #3888, #3924, #2276 ) ;
#3444 = EDGE_CURVE ( 'NONE', #5876, #4464, #6026, .T. ) ;
#3445 = ORIENTED_EDGE ( 'NONE', *, *, #1662, .F. ) ;
#3446 = VERTEX_POINT ( 'NONE', #1187 ) ;
#3447 = ORIENTED_EDGE ( 'NONE', *, *, #2710, .F. ) ;
#3448 = AXIS2_PLACEMENT_3D ( 'NONE', #2116, #6261, #5798 ) ;
#3449 = CARTESIAN_POINT ( 'NONE',  ( -4.004908953064042265, 5.933582295800795769, 24.61584298060346399 ) ) ;
#3450 = CARTESIAN_POINT ( 'NONE',  ( 58.40000000000161862, 10.40000000000000036, 31.09999999999833165 ) ) ;
#3451 = CARTESIAN_POINT ( 'NONE',  ( -3.770446418932382304, 5.608855279827827722, 5.400058706038912248 ) ) ;
#3452 = CARTESIAN_POINT ( 'NONE',  ( -4.012577933522184281, 6.025595269826065525, 5.394120149433765832 ) ) ;
#3453 = CIRCLE ( 'NONE', #1098, 0.5000000000000004441 ) ;
#3454 = EDGE_CURVE ( 'NONE', #2313, #2642, #6305, .T. ) ;
#3455 = DIRECTION ( 'NONE',  ( -1.000000000000000000, 0.000000000000000000, 4.956352788505168198E-15 ) ) ;
#3456 = ORIENTED_EDGE ( 'NONE', *, *, #546, .T. ) ;
#3457 = LINE ( 'NONE', #6570, #1782 ) ;
#3458 = EDGE_CURVE ( 'NONE', #2418, #6280, #4151, .T. ) ;
#3459 = DIRECTION ( 'NONE',  ( -0.000000000000000000, -1.000000000000000000, -0.000000000000000000 ) ) ;
#3460 = DIRECTION ( 'NONE',  ( -1.000000000000000000, 0.000000000000000000, -9.912705577010325352E-15 ) ) ;
#3461 = CARTESIAN_POINT ( 'NONE',  ( 6.706409792045166185, 16.39873756789837245, 30.19679510397547517 ) ) ;
#3462 = CARTESIAN_POINT ( 'NONE',  ( 18.89999999999941593, 8.799999999999998934, 30.09999999999860165 ) ) ;
#3463 = DIRECTION ( 'NONE',  ( 0.000000000000000000, -0.000000000000000000, -1.000000000000000000 ) ) ;
#3464 = LINE ( 'NONE', #6451, #4110 ) ;
#3465 = CARTESIAN_POINT ( 'NONE',  ( -4.349999999999051070, 6.080942047187164690, 5.763271264001149419 ) ) ;
#3466 = CARTESIAN_POINT ( 'NONE',  ( 58.85000000000105302, 16.43071891388275674, 30.22499999999913101 ) ) ;
#3467 = VECTOR ( 'NONE', #4163, 1000.000000000000000 ) ;
#3468 = ORIENTED_EDGE ( 'NONE', *, *, #4054, .F. ) ;
#3469 = ORIENTED_EDGE ( 'NONE', *, *, #4249, .T. ) ;
#3470 = CARTESIAN_POINT ( 'NONE',  ( 66.10000000000161435, 8.599999999999999645, 31.09999999999827480 ) ) ;
#3471 = LINE ( 'NONE', #1880, #4504 ) ;
#3472 = CARTESIAN_POINT ( 'NONE',  ( -5.900000000000464873, 5.099999999999999645, 30.89999999999878355 ) ) ;
#3473 = DIRECTION ( 'NONE',  ( 1.355252715606892622E-16, 0.000000000000000000, 1.000000000000000000 ) ) ;
#3474 = CIRCLE ( 'NONE', #6485, 0.7000000000000000666 ) ;
#3475 = ORIENTED_EDGE ( 'NONE', *, *, #2864, .F. ) ;
#3476 = ORIENTED_EDGE ( 'NONE', *, *, #3262, .T. ) ;
#3477 = VECTOR ( 'NONE', #4479, 1000.000000000000000 ) ;
#3478 = ORIENTED_EDGE ( 'NONE', *, *, #1488, .T. ) ;
#3479 = CIRCLE ( 'NONE', #3368, 0.1999999999999999833 ) ;
#3480 = CARTESIAN_POINT ( 'NONE',  ( 64.55710678118715862, 8.099999999999999645, 5.192893218811816425 ) ) ;
#3481 = CARTESIAN_POINT ( 'NONE',  ( -3.924228295347462758, 5.626587372534170406, 24.62411823517431841 ) ) ;
#3482 = CARTESIAN_POINT ( 'NONE',  ( 64.85000000000060538, 16.10000000000000142, 5.399999999998364331 ) ) ;
#3483 = DIRECTION ( 'NONE',  ( -1.000000000000000000, 0.000000000000000000, 4.565061778886154824E-17 ) ) ;
#3484 = EDGE_CURVE ( 'NONE', #793, #4160, #1134, .T. ) ;
#3485 = VECTOR ( 'NONE', #2192, 1000.000000000000000 ) ;
#3486 = FACE_OUTER_BOUND ( 'NONE', #3933, .T. ) ;
#3487 = EDGE_LOOP ( 'NONE', ( #6154, #4381, #4832, #2945 ) ) ;
#3488 = EDGE_CURVE ( 'NONE', #2524, #1237, #1634, .T. ) ;
#3489 = DIRECTION ( 'NONE',  ( -6.994648347254841037E-15, 0.000000000000000000, -1.000000000000000000 ) ) ;
#3490 = CARTESIAN_POINT ( 'NONE',  ( 62.00000000000005684, 8.599999999999999645, 0.6499999999973887777 ) ) ;
#3491 = CIRCLE ( 'NONE', #708, 0.5000000000000000000 ) ;
#3492 = CARTESIAN_POINT ( 'NONE',  ( 2.999999999999780620, 16.60000000000000142, 0.6499999999994765520 ) ) ;
#3493 = TOROIDAL_SURFACE ( 'NONE', #609, 0.1999999999999999833, 0.5000000000000000000 ) ;
#3494 = CARTESIAN_POINT ( 'NONE',  ( 66.10000000000161435, 9.599999999999999645, 23.89999999999835723 ) ) ;
#3495 = ADVANCED_FACE ( 'NONE', ( #149 ), #2221, .F. ) ;
#3496 = ADVANCED_FACE ( 'NONE', ( #3761 ), #1119, .F. ) ;
#3497 =( BOUNDED_SURFACE ( )  B_SPLINE_SURFACE ( 3, 2, ( 
 ( #4253, #4363, #2747 ),
 ( #5832, #6292, #5898 ),
 ( #6402, #4802, #204 ),
 ( #3856, #3350, #3889 ),
 ( #5408, #5938, #1348 ),
 ( #680, #2243, #4292 ),
 ( #1755, #4019, #3520 ),
 ( #4505, #5570, #4940 ),
 ( #6036, #1955, #3452 ),
 ( #6007, #438, #2890 ) ),
 .UNSPECIFIED., .F., .F., .T. ) 
 B_SPLINE_SURFACE_WITH_KNOTS ( ( 4, 2, 2, 2, 4 ),
 ( 3, 3 ),
 ( 7.487596063109661873E-05, 0.0001467138190319374077, 0.0002185516774327781830, 0.0003622273942344597609, 0.0006495788278378228624 ),
 ( 0.000000000000000000, 0.3575673460804402737 ),
 .UNSPECIFIED. ) 
 GEOMETRIC_REPRESENTATION_ITEM ( )  RATIONAL_B_SPLINE_SURFACE ( (
 ( 1.000000000000000000, 0.9899951951350931534, 0.9871451733173810528),
 ( 1.000000000000000000, 0.9858688741647869680, 0.9818434066536256832),
 ( 1.000000000000000000, 0.9818008977160309625, 0.9766166048415125811),
 ( 1.000000000000000000, 0.9742950643500585262, 0.9669726199431531999),
 ( 1.000000000000000000, 0.9708150370532305784, 0.9625012535991257501),
 ( 1.000000000000000000, 0.9613921902506694650, 0.9503941646414322264),
 ( 1.000000000000000000, 0.9562939720815433198, 0.9438436409841270969),
 ( 1.000000000000000000, 0.9430804495546560862, 0.9268660442949789857),
 ( 1.000000000000000000, 0.9370677460322274221, 0.9191405301326882604),
 ( 1.000000000000000000, 0.9317107135321838207, 0.9122574649204155950) ) ) 
 REPRESENTATION_ITEM ( '' )  SURFACE ( )  );
#3498 = ORIENTED_EDGE ( 'NONE', *, *, #142, .T. ) ;
#3499 = VECTOR ( 'NONE', #3459, 1000.000000000000000 ) ;
#3500 = DIRECTION ( 'NONE',  ( 6.938893903907221278E-15, -0.000000000000000000, 1.000000000000000000 ) ) ;
#3501 = EDGE_CURVE ( 'NONE', #242, #5262, #2122, .T. ) ;
#3502 = CARTESIAN_POINT ( 'NONE',  ( -3.769719798173734926, 5.613293686253841841, 24.59982324666231790 ) ) ;
#3503 = DIRECTION ( 'NONE',  ( 0.000000000000000000, 0.000000000000000000, 1.000000000000000000 ) ) ;
#3504 = AXIS2_PLACEMENT_3D ( 'NONE', #4526, #893, #2942 ) ;
#3505 = ORIENTED_EDGE ( 'NONE', *, *, #4017, .F. ) ;
#3506 = ORIENTED_EDGE ( 'NONE', *, *, #942, .T. ) ;
#3507 = CARTESIAN_POINT ( 'NONE',  ( 19.59999999999941878, 8.799999999999998934, 31.59999999999860165 ) ) ;
#3508 = DIRECTION ( 'NONE',  ( -0.000000000000000000, 0.000000000000000000, 1.000000000000000000 ) ) ;
#3509 = CARTESIAN_POINT ( 'NONE',  ( -0.09999999999412133300, 8.031479838770147595, 24.47267799626007445 ) ) ;
#3510 = DIRECTION ( 'NONE',  ( -1.000000000000000000, 0.000000000000000000, 1.355252715606892622E-16 ) ) ;
#3511 = CARTESIAN_POINT ( 'NONE',  ( -3.849999999999051070, 6.697891065755752216, 5.763271264001149419 ) ) ;
#3512 = ORIENTED_EDGE ( 'NONE', *, *, #1739, .T. ) ;
#3513 = CARTESIAN_POINT ( 'NONE',  ( -6.100000000000464162, 16.60000000000000142, 0.000000000000000000 ) ) ;
#3514 = VECTOR ( 'NONE', #5618, 1000.000000000000000 ) ;
#3515 = EDGE_LOOP ( 'NONE', ( #94, #3971, #6108, #1401 ) ) ;
#3516 = CARTESIAN_POINT ( 'NONE',  ( 59.10000000000161435, 8.799999999999998934, 31.09999999999832454 ) ) ;
#3517 = CARTESIAN_POINT ( 'NONE',  ( -6.100000000000464162, 5.099999999999999645, 26.00210893424252134 ) ) ;
#3518 = DIRECTION ( 'NONE',  ( -1.000000000000000000, 0.000000000000000000, 0.000000000000000000 ) ) ;
#3519 = TOROIDAL_SURFACE ( 'NONE', #737, 0.1999999999999999833, 0.5000000000000000000 ) ;
#3520 = CARTESIAN_POINT ( 'NONE',  ( -3.976211885812722446, 5.877334240877170046, 5.391704380401865393 ) ) ;
#3521 = FACE_OUTER_BOUND ( 'NONE', #3765, .T. ) ;
#3522 = VERTEX_POINT ( 'NONE', #2668 ) ;
#3523 = AXIS2_PLACEMENT_3D ( 'NONE', #3143, #6592, #6160 ) ;
#3524 = DIRECTION ( 'NONE',  ( -1.000000000000000000, 0.000000000000000000, -1.017312411335546717E-14 ) ) ;
#3525 = DIRECTION ( 'NONE',  ( 0.9510565162951545304, 0.3090169943749445092, 1.540743955509788682E-33 ) ) ;
#3526 = ADVANCED_FACE ( 'NONE', ( #4711 ), #2161, .T. ) ;
#3527 = EDGE_CURVE ( 'NONE', #3303, #5561, #75, .T. ) ;
#3528 = VERTEX_POINT ( 'NONE', #3226 ) ;
#3529 = ORIENTED_EDGE ( 'NONE', *, *, #5067, .T. ) ;
#3530 = CIRCLE ( 'NONE', #6208, 0.5000000000000004441 ) ;
#3531 = DIRECTION ( 'NONE',  ( 0.000000000000000000, 0.000000000000000000, -1.000000000000000000 ) ) ;
#3532 = EDGE_CURVE ( 'NONE', #266, #3145, #4801, .T. ) ;
#3533 = DIRECTION ( 'NONE',  ( -1.000000000000000000, 0.000000000000000000, 0.000000000000000000 ) ) ;
#3534 = CARTESIAN_POINT ( 'NONE',  ( 5.899999999999417710, 16.10000000000000142, 29.84999999999830678 ) ) ;
#3535 = EDGE_CURVE ( 'NONE', #4629, #5572, #4371, .T. ) ;
#3536 = ORIENTED_EDGE ( 'NONE', *, *, #2561, .F. ) ;
#3537 = DIRECTION ( 'NONE',  ( 0.000000000000000000, -1.000000000000000000, 0.000000000000000000 ) ) ;
#3538 = LINE ( 'NONE', #6054, #1132 ) ;
#3539 = DIRECTION ( 'NONE',  ( 1.017312411335546717E-14, 0.000000000000000000, -1.000000000000000000 ) ) ;
#3540 = EDGE_CURVE ( 'NONE', #3813, #5578, #5653, .T. ) ;
#3541 = VECTOR ( 'NONE', #3661, 1000.000000000000000 ) ;
#3542 = VERTEX_POINT ( 'NONE', #3490 ) ;
#3543 = CARTESIAN_POINT ( 'NONE',  ( 0.1500000000014142520, 16.60000000000000142, 4.899999999998445155 ) ) ;
#3544 = ORIENTED_EDGE ( 'NONE', *, *, #3566, .F. ) ;
#3545 = CARTESIAN_POINT ( 'NONE',  ( 6.833012701891654217, 12.04708406150137634, 30.09999999999835296 ) ) ;
#3546 = ORIENTED_EDGE ( 'NONE', *, *, #4249, .F. ) ;
#3547 = CARTESIAN_POINT ( 'NONE',  ( -3.924228295355273399, 5.626587372521369979, 24.62411823517686216 ) ) ;
#3548 = LINE ( 'NONE', #3078, #3193 ) ;
#3549 = VECTOR ( 'NONE', #2705, 1000.000000000000000 ) ;
#3550 = DIRECTION ( 'NONE',  ( 0.000000000000000000, 0.000000000000000000, 1.000000000000000000 ) ) ;
#3551 = CIRCLE ( 'NONE', #669, 0.5000000000000004441 ) ;
#3552 = EDGE_CURVE ( 'NONE', #2852, #217, #3867, .T. ) ;
#3553 = CARTESIAN_POINT ( 'NONE',  ( -3.694756999754223781, 5.824094951261339581, 5.452928686362285227 ) ) ;
#3554 = CARTESIAN_POINT ( 'NONE',  ( 2.210308877732446313E-13, 8.599999999999999645, 31.59999999999874021 ) ) ;
#3555 = EDGE_CURVE ( 'NONE', #3813, #6456, #5863, .T. ) ;
#3556 = CARTESIAN_POINT ( 'NONE',  ( -1.853162770251068681, 7.855282581475772297, 24.09999999999827480 ) ) ;
#3557 = EDGE_CURVE ( 'NONE', #2203, #684, #2977, .T. ) ;
#3558 = VECTOR ( 'NONE', #1231, 1000.000000000000000 ) ;
#3559 = ORIENTED_EDGE ( 'NONE', *, *, #43, .F. ) ;
#3560 = CIRCLE ( 'NONE', #2376, 2.350000000000962430 ) ;
#3561 = EDGE_CURVE ( 'NONE', #2673, #6210, #3834, .T. ) ;
#3562 = CARTESIAN_POINT ( 'NONE',  ( 5.899999999999417710, 16.10000000000000142, 29.84999999999830678 ) ) ;
#3563 = CARTESIAN_POINT ( 'NONE',  ( 64.85000000000101750, 8.599999999999999645, 26.99999999999790390 ) ) ;
#3564 = DIRECTION ( 'NONE',  ( 9.033211100425053116E-14, -0.000000000000000000, -1.000000000000000000 ) ) ;
#3565 = FACE_OUTER_BOUND ( 'NONE', #4643, .T. ) ;
#3566 = EDGE_CURVE ( 'NONE', #698, #2524, #4025, .T. ) ;
#3567 = ORIENTED_EDGE ( 'NONE', *, *, #6050, .T. ) ;
#3568 = CARTESIAN_POINT ( 'NONE',  ( 66.10000000000161435, 16.60000000000000142, 24.59999999999835651 ) ) ;
#3569 = CYLINDRICAL_SURFACE ( 'NONE', #2632, 0.6999999999999992895 ) ;
#3570 = CARTESIAN_POINT ( 'NONE',  ( -6.600000000000465050, 16.10000000000000142, 25.49352916463876895 ) ) ;
#3571 = CARTESIAN_POINT ( 'NONE',  ( -0.09999999999841883980, 5.599999999999998757, 5.899999999998444267 ) ) ;
#3572 = EDGE_LOOP ( 'NONE', ( #5825, #2769, #1313, #6613 ) ) ;
#3573 = DIRECTION ( 'NONE',  ( 9.033211100425053116E-14, 0.000000000000000000, -1.000000000000000000 ) ) ;
#3574 = ORIENTED_EDGE ( 'NONE', *, *, #3355, .F. ) ;
#3575 = AXIS2_PLACEMENT_3D ( 'NONE', #822, #5423, #3965 ) ;
#3576 = DIRECTION ( 'NONE',  ( 0.000000000000000000, 0.000000000000000000, -1.000000000000000000 ) ) ;
#3577 = ADVANCED_FACE ( 'NONE', ( #412 ), #3519, .T. ) ;
#3578 = ORIENTED_EDGE ( 'NONE', *, *, #702, .F. ) ;
#3579 = LINE ( 'NONE', #530, #316 ) ;
#3580 = CARTESIAN_POINT ( 'NONE',  ( -3.849999999999125677, 5.600000000000003197, 5.399999999998444267 ) ) ;
#3581 = VECTOR ( 'NONE', #815, 1000.000000000000000 ) ;
#3582 = CYLINDRICAL_SURFACE ( 'NONE', #1620, 0.5000000000000004441 ) ;
#3583 = LINE ( 'NONE', #534, #2042 ) ;
#3584 = VECTOR ( 'NONE', #5769, 1000.000000000000000 ) ;
#3585 = DIRECTION ( 'NONE',  ( 0.000000000000000000, 6.938893903907222067E-15, 1.000000000000000000 ) ) ;
#3586 = LINE ( 'NONE', #2587, #3411 ) ;
#3587 = DIRECTION ( 'NONE',  ( 1.000000000000000000, -0.000000000000000000, -3.538541870064538530E-14 ) ) ;
#3588 = VECTOR ( 'NONE', #6331, 1000.000000000000000 ) ;
#3589 = CARTESIAN_POINT ( 'NONE',  ( 66.10000000000161435, 16.10000000000000142, 4.899999999998364331 ) ) ;
#3590 = CYLINDRICAL_SURFACE ( 'NONE', #116, 0.5000000000000000000 ) ;
#3591 = EDGE_LOOP ( 'NONE', ( #1655, #2101, #3559, #694, #5690 ) ) ;
#3592 = AXIS2_PLACEMENT_3D ( 'NONE', #119, #1667, #2699 ) ;
#3593 = CARTESIAN_POINT ( 'NONE',  ( 66.10000000000161435, 16.60000000000000142, 5.399999999998364331 ) ) ;
#3594 = CIRCLE ( 'NONE', #1789, 0.5000000000000004441 ) ;
#3595 = PLANE ( 'NONE',  #2615 ) ;
#3596 = DIRECTION ( 'NONE',  ( 0.000000000000000000, 0.000000000000000000, 1.000000000000000000 ) ) ;
#3597 = FACE_OUTER_BOUND ( 'NONE', #5383, .T. ) ;
#3598 = VECTOR ( 'NONE', #5646, 1000.000000000000000 ) ;
#3599 = ORIENTED_EDGE ( 'NONE', *, *, #2685, .F. ) ;
#3600 = DIRECTION ( 'NONE',  ( -1.908195823574485911E-14, 0.000000000000000000, -1.000000000000000000 ) ) ;
#3601 = CYLINDRICAL_SURFACE ( 'NONE', #6488, 0.5000000000000004441 ) ;
#3602 = CYLINDRICAL_SURFACE ( 'NONE', #5485, 0.6999999999999992895 ) ;
#3603 = DIRECTION ( 'NONE',  ( 0.000000000000000000, -1.000000000000000000, -0.000000000000000000 ) ) ;
#3604 = AXIS2_PLACEMENT_3D ( 'NONE', #5981, #6409, #4910 ) ;
#3605 = CARTESIAN_POINT ( 'NONE',  ( -3.849999999999051070, 6.906051303652018802, 5.763271264001150307 ) ) ;
#3606 = ADVANCED_FACE ( 'NONE', ( #1254 ), #2488, .T. ) ;
#3607 = EDGE_CURVE ( 'NONE', #4556, #4032, #2127, .T. ) ;
#3608 = VERTEX_POINT ( 'NONE', #443 ) ;
#3609 = ORIENTED_EDGE ( 'NONE', *, *, #2262, .F. ) ;
#3610 = EDGE_LOOP ( 'NONE', ( #533, #1096, #6237, #2403 ) ) ;
#3611 = CARTESIAN_POINT ( 'NONE',  ( -3.409768525678856133, 6.038819293962814250, 24.34363725446884530 ) ) ;
#3612 = FACE_OUTER_BOUND ( 'NONE', #111, .T. ) ;
#3613 = CARTESIAN_POINT ( 'NONE',  ( 2.300052215540473423E-14, 16.60000000000000142, 0.6499999999995826894 ) ) ;
#3614 = ORIENTED_EDGE ( 'NONE', *, *, #6163, .F. ) ;
#3615 = EDGE_CURVE ( 'NONE', #6568, #4523, #5132, .T. ) ;
#3616 = DIRECTION ( 'NONE',  ( 6.994648347254856026E-15, -0.000000000000000000, 1.000000000000000000 ) ) ;
#3617 = CIRCLE ( 'NONE', #5980, 0.6999999999999992895 ) ;
#3618 = DIRECTION ( 'NONE',  ( 1.000000000000000000, 1.925929944387239216E-28, -1.387778780781444571E-14 ) ) ;
#3619 = EDGE_CURVE ( 'NONE', #1296, #2272, #4254, .T. ) ;
#3620 = B_SPLINE_CURVE_WITH_KNOTS ( 'NONE', 3,
 ( #5648, #2966, #4583, #5157 ),
 .UNSPECIFIED., .F., .F.,
 ( 4, 4 ),
 ( 0.000000000000000000, 0.0001081318416286748186 ),
 .UNSPECIFIED. ) ;
#3621 = CARTESIAN_POINT ( 'NONE',  ( -3.770445097914002730, 5.608863371404948062, 24.59994107874796043 ) ) ;
#3622 = AXIS2_PLACEMENT_3D ( 'NONE', #166, #1238, #772 ) ;
#3623 = CARTESIAN_POINT ( 'NONE',  ( 0.000000000000000000, 5.599999999999998757, 25.09999999999827480 ) ) ;
#3624 = PRESENTATION_STYLE_ASSIGNMENT (( #4610 ) ) ;
#3625 = B_SPLINE_CURVE_WITH_KNOTS ( 'NONE', 3,
 ( #233, #4318, #1268, #735, #2303, #4797 ),
 .UNSPECIFIED., .F., .F.,
 ( 4, 2, 4 ),
 ( 1.273362840543858821E-14, 0.0002317040426759359758, 0.0004634080853391383224 ),
 .UNSPECIFIED. ) ;
#3626 = DIRECTION ( 'NONE',  ( 0.000000000000000000, 0.000000000000000000, 1.000000000000000000 ) ) ;
#3627 = VERTEX_POINT ( 'NONE', #5350 ) ;
#3628 = AXIS2_PLACEMENT_3D ( 'NONE', #3407, #924, #1911 ) ;
#3629 = ORIENTED_EDGE ( 'NONE', *, *, #4717, .F. ) ;
#3630 = LINE ( 'NONE', #1562, #3598 ) ;
#3631 = DIRECTION ( 'NONE',  ( 0.000000000000000000, 0.000000000000000000, 1.000000000000000000 ) ) ;
#3632 = CYLINDRICAL_SURFACE ( 'NONE', #6008, 0.5000000000000004441 ) ;
#3633 = CARTESIAN_POINT ( 'NONE',  ( 66.10000000000161435, 16.10000000000000142, 4.899999999998364331 ) ) ;
#3634 = VECTOR ( 'NONE', #3483, 1000.000000000000000 ) ;
#3635 = DIRECTION ( 'NONE',  ( -0.000000000000000000, -1.000000000000000000, -0.000000000000000000 ) ) ;
#3636 = DIRECTION ( 'NONE',  ( -1.000000000000000000, 0.000000000000000000, -0.000000000000000000 ) ) ;
#3637 = DIRECTION ( 'NONE',  ( -0.000000000000000000, -1.000000000000000000, 0.000000000000000000 ) ) ;
#3638 = LINE ( 'NONE', #1089, #608 ) ;
#3639 = ORIENTED_EDGE ( 'NONE', *, *, #2222, .T. ) ;
#3640 = EDGE_CURVE ( 'NONE', #1330, #3234, #3021, .T. ) ;
#3641 = CYLINDRICAL_SURFACE ( 'NONE', #2467, 0.6999999999999992895 ) ;
#3642 = AXIS2_PLACEMENT_3D ( 'NONE', #6135, #4085, #5141 ) ;
#3643 = ORIENTED_EDGE ( 'NONE', *, *, #4888, .F. ) ;
#3644 = ORIENTED_EDGE ( 'NONE', *, *, #5788, .F. ) ;
#3645 = ORIENTED_EDGE ( 'NONE', *, *, #2431, .F. ) ;
#3646 = AXIS2_PLACEMENT_3D ( 'NONE', #3534, #2565, #5520 ) ;
#3647 = DIRECTION ( 'NONE',  ( -1.000000000000000000, 0.000000000000000000, 3.538541870064538530E-14 ) ) ;
#3648 = ADVANCED_FACE ( 'NONE', ( #975 ), #4809, .T. ) ;
#3649 = CARTESIAN_POINT ( 'NONE',  ( -0.09999999999412133300, 8.031479838770147595, 24.47267799626007445 ) ) ;
#3650 = CARTESIAN_POINT ( 'NONE',  ( 66.60000000000161435, 10.09999999999999964, 6.099999999998364508 ) ) ;
#3651 = CARTESIAN_POINT ( 'NONE',  ( -4.018534383235492058, 6.033033142159347939, 5.388874345328972915 ) ) ;
#3652 = CARTESIAN_POINT ( 'NONE',  ( -3.769719798173734926, 5.613293686253841841, 24.59982324666231790 ) ) ;
#3653 = LINE ( 'NONE', #3149, #3333 ) ;
#3654 = CARTESIAN_POINT ( 'NONE',  ( 59.32986810372554487, 16.52664184823099447, 30.05973620744783759 ) ) ;
#3655 = CIRCLE ( 'NONE', #2484, 1.000000000000000000 ) ;
#3656 = DIRECTION ( 'NONE',  ( 0.4677196552535200502, 0.7749411565247428246, -0.4250935520725084293 ) ) ;
#3657 = ORIENTED_EDGE ( 'NONE', *, *, #6316, .F. ) ;
#3658 = ORIENTED_EDGE ( 'NONE', *, *, #4886, .F. ) ;
#3659 = EDGE_CURVE ( 'NONE', #242, #770, #3359, .T. ) ;
#3660 = DIRECTION ( 'NONE',  ( -0.08155493881341861762, -0.9963165186024007802, -0.02649880591897527810 ) ) ;
#3661 = DIRECTION ( 'NONE',  ( -0.000000000000000000, 0.000000000000000000, 1.000000000000000000 ) ) ;
#3662 = TOROIDAL_SURFACE ( 'NONE', #674, 2.850000000000962430, 0.5000000000000000000 ) ;
#3663 = CARTESIAN_POINT ( 'NONE',  ( -4.037779515372797334, 7.388239039919586304, 5.338986736904469232 ) ) ;
#3664 = FACE_OUTER_BOUND ( 'NONE', #6209, .T. ) ;
#3665 = DIRECTION ( 'NONE',  ( 0.000000000000000000, -1.000000000000000000, 0.000000000000000000 ) ) ;
#3666 = ORIENTED_EDGE ( 'NONE', *, *, #5963, .T. ) ;
#3667 = ORIENTED_EDGE ( 'NONE', *, *, #3130, .T. ) ;
#3668 = ORIENTED_EDGE ( 'NONE', *, *, #178, .F. ) ;
#3669 = EDGE_LOOP ( 'NONE', ( #1594, #156, #3574, #1807 ) ) ;
#3670 = CARTESIAN_POINT ( 'NONE',  ( -0.5999999999984191312, 5.599999999999998757, 3.086057388542589536E-17 ) ) ;
#3671 = DIRECTION ( 'NONE',  ( -1.000000000000000000, 0.000000000000000000, 0.000000000000000000 ) ) ;
#3672 = CARTESIAN_POINT ( 'NONE',  ( 66.10000000000161435, 8.900000000000000355, 6.099999999998364508 ) ) ;
#3673 = EDGE_LOOP ( 'NONE', ( #144, #3883, #3403, #6347 ) ) ;
#3674 = DIRECTION ( 'NONE',  ( 0.000000000000000000, 0.000000000000000000, 1.000000000000000000 ) ) ;
#3675 = LINE ( 'NONE', #2683, #2244 ) ;
#3676 = ORIENTED_EDGE ( 'NONE', *, *, #4187, .T. ) ;
#3677 = CIRCLE ( 'NONE', #2078, 0.4999999999999995559 ) ;
#3678 = CYLINDRICAL_SURFACE ( 'NONE', #416, 0.5000000000000000000 ) ;
#3679 = FACE_OUTER_BOUND ( 'NONE', #3946, .T. ) ;
#3680 =( NAMED_UNIT ( * ) SI_UNIT ( $, .STERADIAN. ) SOLID_ANGLE_UNIT ( ) );
#3681 = AXIS2_PLACEMENT_3D ( 'NONE', #2693, #651, #715 ) ;
#3682 = CARTESIAN_POINT ( 'NONE',  ( 66.10000000000161435, 8.599999999999999645, 31.59999999999827480 ) ) ;
#3683 = EDGE_CURVE ( 'NONE', #6030, #4649, #2229, .T. ) ;
#3684 = ORIENTED_EDGE ( 'NONE', *, *, #5378, .F. ) ;
#3685 = EDGE_CURVE ( 'NONE', #3608, #6352, #1271, .T. ) ;
#3686 = ORIENTED_EDGE ( 'NONE', *, *, #3532, .T. ) ;
#3687 = AXIS2_PLACEMENT_3D ( 'NONE', #3753, #5838, #1249 ) ;
#3688 = CARTESIAN_POINT ( 'NONE',  ( -5.900000000000464873, 5.599999999999998757, 26.00210893424252134 ) ) ;
#3689 = CARTESIAN_POINT ( 'NONE',  ( -5.899999999999137046, 5.599999999999998757, -1.100000000000000089 ) ) ;
#3690 = EDGE_CURVE ( 'NONE', #5064, #1044, #3325, .T. ) ;
#3691 = ORIENTED_EDGE ( 'NONE', *, *, #5393, .F. ) ;
#3692 = AXIS2_PLACEMENT_3D ( 'NONE', #5951, #1362, #2899 ) ;
#3693 = EDGE_CURVE ( 'NONE', #3787, #800, #4377, .T. ) ;
#3694 = DIRECTION ( 'NONE',  ( 1.000000000000000000, 0.000000000000000000, 2.028744404108460233E-14 ) ) ;
#3695 = LINE ( 'NONE', #2193, #134 ) ;
#3696 = CARTESIAN_POINT ( 'NONE',  ( 2.999999999999780176, 16.10000000000000142, 29.84999999999827835 ) ) ;
#3697 = ORIENTED_EDGE ( 'NONE', *, *, #2785, .T. ) ;
#3698 = CIRCLE ( 'NONE', #5325, 0.4999999999999998335 ) ;
#3699 = ORIENTED_EDGE ( 'NONE', *, *, #1859, .F. ) ;
#3700 = VERTEX_POINT ( 'NONE', #5670 ) ;
#3701 = ORIENTED_EDGE ( 'NONE', *, *, #690, .T. ) ;
#3702 = FACE_OUTER_BOUND ( 'NONE', #6381, .T. ) ;
#3703 = CARTESIAN_POINT ( 'NONE',  ( 62.00000000000005684, 16.10000000000000142, 26.99999999999791456 ) ) ;
#3704 = VECTOR ( 'NONE', #3307, 1000.000000000000000 ) ;
#3705 = CARTESIAN_POINT ( 'NONE',  ( 0.6499999999995895728, 16.10000000000000142, 25.09999999999832099 ) ) ;
#3706 = ORIENTED_EDGE ( 'NONE', *, *, #741, .F. ) ;
#3707 = EDGE_CURVE ( 'NONE', #4127, #1691, #944, .T. ) ;
#3708 = DIRECTION ( 'NONE',  ( 0.000000000000000000, 1.000000000000000000, -0.000000000000000000 ) ) ;
#3709 = ORIENTED_EDGE ( 'NONE', *, *, #270, .F. ) ;
#3710 = FACE_OUTER_BOUND ( 'NONE', #5554, .T. ) ;
#3711 = DIRECTION ( 'NONE',  ( 9.033211100425053116E-14, 0.000000000000000000, -1.000000000000000000 ) ) ;
#3712 = CARTESIAN_POINT ( 'NONE',  ( -3.849999999999048406, 6.590608526488994201, 24.23672873599514688 ) ) ;
#3713 = ADVANCED_FACE ( 'NONE', ( #3054 ), #4638, .F. ) ;
#3714 = EDGE_LOOP ( 'NONE', ( #1918, #4674, #635, #644 ) ) ;
#3715 = CARTESIAN_POINT ( 'NONE',  ( -3.849999999999051070, 6.697891065755752216, 5.763271264001149419 ) ) ;
#3716 = ORIENTED_EDGE ( 'NONE', *, *, #5095, .T. ) ;
#3717 = AXIS2_PLACEMENT_3D ( 'NONE', #4691, #1844, #3942 ) ;
#3718 = CARTESIAN_POINT ( 'NONE',  ( -5.900000000000464873, 16.60000000000000142, 30.89999999999878355 ) ) ;
#3719 = ADVANCED_FACE ( 'NONE', ( #5606 ), #3678, .T. ) ;
#3720 = EDGE_CURVE ( 'NONE', #828, #4429, #2617, .T. ) ;
#3721 = CARTESIAN_POINT ( 'NONE',  ( 0.000000000000000000, 16.60000000000000142, 0.000000000000000000 ) ) ;
#3722 = FACE_OUTER_BOUND ( 'NONE', #424, .T. ) ;
#3723 = VECTOR ( 'NONE', #287, 1000.000000000000000 ) ;
#3724 = ORIENTED_EDGE ( 'NONE', *, *, #2744, .T. ) ;
#3725 = DIRECTION ( 'NONE',  ( 1.000000000000000000, -0.000000000000000000, -1.196361017914920171E-16 ) ) ;
#3726 = AXIS2_PLACEMENT_3D ( 'NONE', #1614, #4, #3671 ) ;
#3727 = CARTESIAN_POINT ( 'NONE',  ( -0.5999999999984191312, 5.599999999999998757, -1.100000000000000311 ) ) ;
#3728 = DIRECTION ( 'NONE',  ( -1.355252715606892868E-16, -5.861338315319824747E-33, -1.000000000000000000 ) ) ;
#3729 = PLANE ( 'NONE',  #168 ) ;
#3730 = ORIENTED_EDGE ( 'NONE', *, *, #5054, .T. ) ;
#3731 = AXIS2_PLACEMENT_3D ( 'NONE', #1356, #3393, #415 ) ;
#3732 = EDGE_CURVE ( 'NONE', #2943, #4857, #3084, .T. ) ;
#3733 = EDGE_LOOP ( 'NONE', ( #5254, #2704, #2624, #3979 ) ) ;
#3734 = VERTEX_POINT ( 'NONE', #5179 ) ;
#3735 = ORIENTED_EDGE ( 'NONE', *, *, #5104, .T. ) ;
#3736 = CARTESIAN_POINT ( 'NONE',  ( 58.80253962301682691, 10.99115508544957898, 30.09999999999941167 ) ) ;
#3737 = ADVANCED_FACE ( 'NONE', ( #5145 ), #2079, .T. ) ;
#3738 = CARTESIAN_POINT ( 'NONE',  ( -3.850000000000426859, 5.599999999999753619, 24.59999999999827480 ) ) ;
#3739 = LINE ( 'NONE', #2106, #1638 ) ;
#3740 = ORIENTED_EDGE ( 'NONE', *, *, #1202, .F. ) ;
#3741 = CARTESIAN_POINT ( 'NONE',  ( 0.1499999999995895450, 16.10000000000000142, 24.59999999999827480 ) ) ;
#3742 = ORIENTED_EDGE ( 'NONE', *, *, #4186, .T. ) ;
#3743 =( BOUNDED_CURVE ( )  B_SPLINE_CURVE ( 3, ( #3196, #1291, #5258, #2732 ),
 .UNSPECIFIED., .F., .T. ) 
 B_SPLINE_CURVE_WITH_KNOTS ( ( 4, 4 ),
 ( 6.256594801292332697, 6.283185307179586232 ),
 .UNSPECIFIED. ) 
 CURVE ( )  GEOMETRIC_REPRESENTATION_ITEM ( )  RATIONAL_B_SPLINE_CURVE ( ( 1.000000000000000000, 0.9999410796176448901, 0.9999410796176448901, 1.000000000000000000 ) ) 
 REPRESENTATION_ITEM ( '' )  );
#3744 = CIRCLE ( 'NONE', #1719, 1.200000000000000178 ) ;
#3745 = FACE_OUTER_BOUND ( 'NONE', #564, .T. ) ;
#3746 = DIRECTION ( 'NONE',  ( 0.000000000000000000, 0.000000000000000000, 1.000000000000000000 ) ) ;
#3747 = AXIS2_PLACEMENT_3D ( 'NONE', #4956, #2401, #2836 ) ;
#3748 = DIRECTION ( 'NONE',  ( 1.000000000000000000, 0.000000000000000000, 0.000000000000000000 ) ) ;
#3749 = ORIENTED_EDGE ( 'NONE', *, *, #5885, .T. ) ;
#3750 = EDGE_CURVE ( 'NONE', #4259, #4556, #37, .T. ) ;
#3751 = FACE_OUTER_BOUND ( 'NONE', #67, .T. ) ;
#3752 = VERTEX_POINT ( 'NONE', #4700 ) ;
#3753 = CARTESIAN_POINT ( 'NONE',  ( 66.10000000000161435, 11.79999999999999716, 23.89999999999835723 ) ) ;
#3754 = FACE_OUTER_BOUND ( 'NONE', #2322, .T. ) ;
#3755 = AXIS2_PLACEMENT_3D ( 'NONE', #1604, #3637, #3228 ) ;
#3756 = CARTESIAN_POINT ( 'NONE',  ( -4.002596826186838541, 5.969409176873399225, 24.60499529790190820 ) ) ;
#3757 = CARTESIAN_POINT ( 'NONE',  ( 2.999999999999762856, 8.099999999999999645, 0.1499999999994764965 ) ) ;
#3758 = CIRCLE ( 'NONE', #3874, 1.199999999999999734 ) ;
#3759 = ADVANCED_FACE ( 'NONE', ( #2654 ), #539, .T. ) ;
#3760 = ORIENTED_EDGE ( 'NONE', *, *, #685, .T. ) ;
#3761 = FACE_OUTER_BOUND ( 'NONE', #4995, .T. ) ;
#3762 = CARTESIAN_POINT ( 'NONE',  ( -3.974979870599490095, 6.209280527592675014, 24.57154052653070408 ) ) ;
#3763 = DIRECTION ( 'NONE',  ( 0.000000000000000000, 0.000000000000000000, 1.000000000000000000 ) ) ;
#3764 = DIRECTION ( 'NONE',  ( -1.000000000000000000, 0.000000000000000000, 4.956352788505168198E-15 ) ) ;
#3765 = EDGE_LOOP ( 'NONE', ( #2236, #3614, #5327, #3070 ) ) ;
#3766 = TOROIDAL_SURFACE ( 'NONE', #880, 1.200000000000000178, 0.5000000000000000000 ) ;
#3767 = ORIENTED_EDGE ( 'NONE', *, *, #2994, .T. ) ;
#3768 = EDGE_CURVE ( 'NONE', #4392, #3413, #4124, .T. ) ;
#3769 = ORIENTED_EDGE ( 'NONE', *, *, #2144, .F. ) ;
#3770 = ORIENTED_EDGE ( 'NONE', *, *, #2634, .F. ) ;
#3771 = DIRECTION ( 'NONE',  ( 1.000000000000000000, 0.000000000000000000, 1.387778780781444256E-14 ) ) ;
#3772 = VECTOR ( 'NONE', #5651, 1000.000000000000000 ) ;
#3773 = CARTESIAN_POINT ( 'NONE',  ( -3.849999999999119460, 16.39289321881345174, 5.399999999998446931 ) ) ;
#3774 = DIRECTION ( 'NONE',  ( -0.000000000000000000, -1.000000000000000000, 0.000000000000000000 ) ) ;
#3775 = CARTESIAN_POINT ( 'NONE',  ( 59.05973620745002961, 16.52664184823111881, 30.32986810372361575 ) ) ;
#3776 = ORIENTED_EDGE ( 'NONE', *, *, #2026, .F. ) ;
#3777 = ORIENTED_EDGE ( 'NONE', *, *, #3417, .F. ) ;
#3778 = ADVANCED_FACE ( 'NONE', ( #1652 ), #5736, .F. ) ;
#3779 = DIRECTION ( 'NONE',  ( 0.06487160036045994116, -0.9978936193135382604, 0.000000000000000000 ) ) ;
#3780 = EDGE_CURVE ( 'NONE', #2574, #199, #541, .T. ) ;
#3781 = DIRECTION ( 'NONE',  ( 1.000000000000000000, 0.000000000000000000, 1.017312411335546717E-14 ) ) ;
#3782 = CARTESIAN_POINT ( 'NONE',  ( -0.5999999999984175769, 5.099999999999999645, 31.09999999999874376 ) ) ;
#3783 =( BOUNDED_SURFACE ( )  B_SPLINE_SURFACE ( 3, 2, ( 
 ( #5013, #4909, #2925 ),
 ( #2456, #4979, #4475 ),
 ( #6508, #1927, #6539 ),
 ( #4574, #2114, #5637 ),
 ( #5210, #2520, #36 ),
 ( #2551, #1104, #6203 ),
 ( #1039, #9, #575 ),
 ( #3553, #3020, #4088 ),
 ( #1587, #611, #3651 ),
 ( #2015, #5078, #3119 ) ),
 .UNSPECIFIED., .F., .F., .T. ) 
 B_SPLINE_SURFACE_WITH_KNOTS ( ( 4, 2, 2, 2, 4 ),
 ( 3, 3 ),
 ( -2.011867235307551738E-14, 0.0002420864071378763362, 0.0003631296107168738405, 0.0004236512125063725655, 0.0004841728142958713448 ),
 ( 0.000000000000000000, 1.000000000000000000 ),
 .UNSPECIFIED. ) 
 GEOMETRIC_REPRESENTATION_ITEM ( )  RATIONAL_B_SPLINE_SURFACE ( (
 ( 1.000000000000000000, 0.9876032380141154254, 1.000000000000000000),
 ( 1.000000000000000000, 0.9847904923888152195, 1.000000000000000000),
 ( 1.000000000000000000, 0.9819498578057078708, 1.000000000000000000),
 ( 1.000000000000000000, 0.9697761727616591720, 1.000000000000000000),
 ( 1.000000000000000000, 0.9644369260995864224, 1.000000000000000000),
 ( 1.000000000000000000, 0.9505510354459555389, 1.000000000000000000),
 ( 1.000000000000000000, 0.9448946555411689152, 1.000000000000000000),
 ( 1.000000000000000000, 0.9298321232593943497, 1.000000000000000000),
 ( 1.000000000000000000, 0.9203706426910917004, 1.000000000000000000),
 ( 1.000000000000000000, 0.9079695759378646480, 1.000000000000000000) ) ) 
 REPRESENTATION_ITEM ( '' )  SURFACE ( )  );
#3784 = ORIENTED_EDGE ( 'NONE', *, *, #294, .F. ) ;
#3785 = AXIS2_PLACEMENT_3D ( 'NONE', #26, #4046, #5658 ) ;
#3786 = DIRECTION ( 'NONE',  ( 1.000000000000000000, -0.000000000000000000, 1.387778780781444256E-14 ) ) ;
#3787 = VERTEX_POINT ( 'NONE', #5701 ) ;
#3788 = DIRECTION ( 'NONE',  ( -1.000000000000000000, 0.000000000000000000, 1.196361017914920171E-16 ) ) ;
#3789 = DIRECTION ( 'NONE',  ( 0.000000000000000000, 0.000000000000000000, 1.000000000000000000 ) ) ;
#3790 = AXIS2_PLACEMENT_3D ( 'NONE', #2035, #3603, #6151 ) ;
#3791 = VECTOR ( 'NONE', #215, 1000.000000000000000 ) ;
#3792 = FACE_OUTER_BOUND ( 'NONE', #4925, .T. ) ;
#3793 = CIRCLE ( 'NONE', #4666, 0.5000000000000004441 ) ;
#3794 = TOROIDAL_SURFACE ( 'NONE', #2625, 2.850000000000362022, 0.5000000000000000000 ) ;
#3795 = VERTEX_POINT ( 'NONE', #646 ) ;
#3796 = DIRECTION ( 'NONE',  ( 1.000000000000000000, 0.000000000000000000, -6.938893903907222856E-15 ) ) ;
#3797 = CARTESIAN_POINT ( 'NONE',  ( -6.600000000000465050, 5.599999999999998757, 30.89999999999878355 ) ) ;
#3798 = CARTESIAN_POINT ( 'NONE',  ( -0.09999999999465929157, 8.096199636505541974, 5.489033255043865189 ) ) ;
#3799 = DIRECTION ( 'NONE',  ( 1.000000000000000000, -0.000000000000000000, 0.000000000000000000 ) ) ;
#3800 = ORIENTED_EDGE ( 'NONE', *, *, #3242, .T. ) ;
#3801 = EDGE_LOOP ( 'NONE', ( #2985, #5438, #498 ) ) ;
#3802 = VECTOR ( 'NONE', #557, 1000.000000000000000 ) ;
#3803 = EDGE_LOOP ( 'NONE', ( #3308, #6337, #798, #5857 ) ) ;
#3804 = ORIENTED_EDGE ( 'NONE', *, *, #2021, .F. ) ;
#3805 = CARTESIAN_POINT ( 'NONE',  ( 59.02008619680908197, 10.73146448854397939, 29.95713981292940886 ) ) ;
#3806 = AXIS2_PLACEMENT_3D ( 'NONE', #3229, #4821, #255 ) ;
#3807 = LINE ( 'NONE', #5360, #4705 ) ;
#3808 = DIRECTION ( 'NONE',  ( 1.196361017914919431E-16, 0.000000000000000000, 1.000000000000000000 ) ) ;
#3809 = CARTESIAN_POINT ( 'NONE',  ( -0.5999999999984189092, 5.599999999999998757, 5.899999999998444267 ) ) ;
#3810 = EDGE_CURVE ( 'NONE', #5578, #6456, #1814, .T. ) ;
#3811 = CIRCLE ( 'NONE', #6376, 0.5000000000000004441 ) ;
#3812 = EDGE_CURVE ( 'NONE', #3303, #4922, #5457, .T. ) ;
#3813 = VERTEX_POINT ( 'NONE', #1072 ) ;
#3814 = ORIENTED_EDGE ( 'NONE', *, *, #3349, .T. ) ;
#3815 = CIRCLE ( 'NONE', #70, 2.850000000000962874 ) ;
#3816 = LINE ( 'NONE', #5859, #5556 ) ;
#3817 = FACE_OUTER_BOUND ( 'NONE', #4527, .T. ) ;
#3818 = EDGE_CURVE ( 'NONE', #5691, #742, #200, .T. ) ;
#3819 = CARTESIAN_POINT ( 'NONE',  ( -3.924953595100748149, 5.617726742827624520, 24.62435389934983121 ) ) ;
#3820 = CIRCLE ( 'NONE', #3392, 0.1999999999999996503 ) ;
#3821 = ORIENTED_EDGE ( 'NONE', *, *, #1360, .T. ) ;
#3822 = EDGE_CURVE ( 'NONE', #1756, #2700, #3586, .T. ) ;
#3823 = LINE ( 'NONE', #2822, #3584 ) ;
#3824 = ORIENTED_EDGE ( 'NONE', *, *, #4988, .T. ) ;
#3825 = CARTESIAN_POINT ( 'NONE',  ( -6.599999999999137223, 5.599999999999998757, 3.997891065754202167 ) ) ;
#3826 = ADVANCED_FACE ( 'NONE', ( #5896 ), #1170, .T. ) ;
#3827 = FACE_OUTER_BOUND ( 'NONE', #2606, .T. ) ;
#3828 = AXIS2_PLACEMENT_3D ( 'NONE', #6071, #6571, #2988 ) ;
#3829 = ORIENTED_EDGE ( 'NONE', *, *, #3810, .F. ) ;
#3830 = CARTESIAN_POINT ( 'NONE',  ( 66.10000000000161435, 16.10000000000000142, 4.899999999998364331 ) ) ;
#3831 = DIRECTION ( 'NONE',  ( 1.000000000000000000, -0.000000000000000000, 0.000000000000000000 ) ) ;
#3832 = DIRECTION ( 'NONE',  ( -1.000000000000000000, 0.000000000000000000, 0.000000000000000000 ) ) ;
#3833 = DIRECTION ( 'NONE',  ( 0.000000000000000000, 0.000000000000000000, -1.000000000000000000 ) ) ;
#3834 = CIRCLE ( 'NONE', #5869, 0.5000000000000004441 ) ;
#3835 = ORIENTED_EDGE ( 'NONE', *, *, #741, .T. ) ;
#3836 = FACE_OUTER_BOUND ( 'NONE', #988, .T. ) ;
#3837 = CARTESIAN_POINT ( 'NONE',  ( -5.899999999999137046, 5.599999999999998757, 3.997891065754202167 ) ) ;
#3838 = ORIENTED_EDGE ( 'NONE', *, *, #6423, .T. ) ;
#3839 = CIRCLE ( 'NONE', #946, 0.5000000000000004441 ) ;
#3840 = EDGE_CURVE ( 'NONE', #779, #3042, #4155, .T. ) ;
#3841 = ORIENTED_EDGE ( 'NONE', *, *, #1144, .F. ) ;
#3842 = ORIENTED_EDGE ( 'NONE', *, *, #690, .F. ) ;
#3843 = DIRECTION ( 'NONE',  ( 0.000000000000000000, -1.000000000000000000, 0.000000000000000000 ) ) ;
#3844 = CARTESIAN_POINT ( 'NONE',  ( -3.924952160664838097, 5.617744316524988513, 24.62435343327335602 ) ) ;
#3845 = ADVANCED_FACE ( 'NONE', ( #3745 ), #273, .T. ) ;
#3846 = FACE_OUTER_BOUND ( 'NONE', #4044, .T. ) ;
#3847 = CARTESIAN_POINT ( 'NONE',  ( 2.999999999999762856, 8.099999999999999645, 0.1499999999994764965 ) ) ;
#3848 = ORIENTED_EDGE ( 'NONE', *, *, #178, .T. ) ;
#3849 = VERTEX_POINT ( 'NONE', #3211 ) ;
#3850 = VERTEX_POINT ( 'NONE', #6398 ) ;
#3851 = CARTESIAN_POINT ( 'NONE',  ( 64.35000000000060538, 8.599999999999999645, 5.399999999998364331 ) ) ;
#3852 = ADVANCED_FACE ( 'NONE', ( #3710 ), #369, .F. ) ;
#3853 = MECHANICAL_DESIGN_GEOMETRIC_PRESENTATION_REPRESENTATION (  '', ( #1173 ), #5884 ) ;
#3854 = CARTESIAN_POINT ( 'NONE',  ( -3.849999999999051070, 5.599999999999998757, 5.899999999998444267 ) ) ;
#3855 = DIRECTION ( 'NONE',  ( 0.9510565162951545304, -0.000000000000000000, -0.3090169943749444537 ) ) ;
#3856 = CARTESIAN_POINT ( 'NONE',  ( -3.999480746705578849, 5.671922815335507018, 5.351430761185915763 ) ) ;
#3857 = AXIS2_PLACEMENT_3D ( 'NONE', #5920, #3367, #4452 ) ;
#3858 = VERTEX_POINT ( 'NONE', #2713 ) ;
#3859 = FACE_OUTER_BOUND ( 'NONE', #6431, .T. ) ;
#3860 = EDGE_LOOP ( 'NONE', ( #2227, #5594, #2437, #5931 ) ) ;
#3861 = DIRECTION ( 'NONE',  ( 6.938893903907270187E-15, 0.000000000000000000, 1.000000000000000000 ) ) ;
#3862 = VECTOR ( 'NONE', #1874, 1000.000000000000000 ) ;
#3863 = DIRECTION ( 'NONE',  ( 1.000000000000000000, 0.000000000000000000, 0.000000000000000000 ) ) ;
#3864 = LINE ( 'NONE', #1251, #5301 ) ;
#3865 = EDGE_CURVE ( 'NONE', #6457, #2778, #5983, .T. ) ;
#3866 = ORIENTED_EDGE ( 'NONE', *, *, #2422, .T. ) ;
#3867 = LINE ( 'NONE', #6414, #413 ) ;
#3868 =( BOUNDED_SURFACE ( )  B_SPLINE_SURFACE ( 3, 2, ( 
 ( #4164, #5123, #6115 ),
 ( #519, #2189, #1762 ),
 ( #4876, #4229, #2757 ),
 ( #5251, #282, #2826 ),
 ( #5283, #4812, #2320 ),
 ( #655, #6302, #4370 ) ),
 .UNSPECIFIED., .F., .F., .T. ) 
 B_SPLINE_SURFACE_WITH_KNOTS ( ( 4, 2, 4 ),
 ( 3, 3 ),
 ( 0.001998698012987319261, 0.002374806371274735487, 0.002750914729562151714 ),
 ( 0.000000000000000000, 1.000000000000000000 ),
 .UNSPECIFIED. ) 
 GEOMETRIC_REPRESENTATION_ITEM ( )  RATIONAL_B_SPLINE_SURFACE ( (
 ( 1.000000000000000000, 0.8477912478906408644, 1.000000000000000000),
 ( 1.000000000000000000, 0.8474314354879719513, 1.000000000000000000),
 ( 1.000000000000000000, 0.8511214732658545223, 1.000000000000000000),
 ( 1.000000000000000000, 0.8608213666606880921, 1.000000000000000000),
 ( 1.000000000000000000, 0.8662749536191769462, 1.000000000000000000),
 ( 1.000000000000000000, 0.8660254037844159480, 1.000000000000000000) ) ) 
 REPRESENTATION_ITEM ( '' )  SURFACE ( )  );
#3869 = CARTESIAN_POINT ( 'NONE',  ( -2.007671267438540852, 8.330810839623350006, 24.59999999999827480 ) ) ;
#3870 = DIRECTION ( 'NONE',  ( 0.000000000000000000, -0.000000000000000000, -1.000000000000000000 ) ) ;
#3871 = PLANE ( 'NONE',  #5634 ) ;
#3872 = ORIENTED_EDGE ( 'NONE', *, *, #5177, .F. ) ;
#3873 = DIRECTION ( 'NONE',  ( -3.556183125752454544E-14, 0.000000000000000000, -1.000000000000000000 ) ) ;
#3874 = AXIS2_PLACEMENT_3D ( 'NONE', #3244, #4670, #4217 ) ;
#3875 = EDGE_LOOP ( 'NONE', ( #4390, #3770, #4747, #5232 ) ) ;
#3876 = ORIENTED_EDGE ( 'NONE', *, *, #6445, .F. ) ;
#3877 = VERTEX_POINT ( 'NONE', #1205 ) ;
#3878 = DIRECTION ( 'NONE',  ( 5.143428980917867249E-17, 0.000000000000000000, 1.000000000000000000 ) ) ;
#3879 = CARTESIAN_POINT ( 'NONE',  ( -3.886914580045045753, 6.457472609117504092, 5.571502787865026285 ) ) ;
#3880 = DIRECTION ( 'NONE',  ( 0.000000000000000000, 0.9906085264889952224, 0.1367287359968702432 ) ) ;
#3881 = VECTOR ( 'NONE', #4622, 1000.000000000000000 ) ;
#3882 = CARTESIAN_POINT ( 'NONE',  ( 66.10000000000161435, 16.10000000000000142, 4.899999999998364331 ) ) ;
#3883 = ORIENTED_EDGE ( 'NONE', *, *, #5104, .F. ) ;
#3884 = EDGE_LOOP ( 'NONE', ( #377, #1609, #4863, #6550, #2838, #6001, #673 ) ) ;
#3885 = VECTOR ( 'NONE', #104, 1000.000000000000000 ) ;
#3886 = ORIENTED_EDGE ( 'NONE', *, *, #968, .F. ) ;
#3887 = CARTESIAN_POINT ( 'NONE',  ( -4.004994309924705398, 5.926712773429266612, 24.61586523525382120 ) ) ;
#3888 = CARTESIAN_POINT ( 'NONE',  ( -2.985811927269651504E-13, 16.60000000000000142, 29.34999999999824638 ) ) ;
#3889 = CARTESIAN_POINT ( 'NONE',  ( -3.930654441690114798, 5.781580564423270729, 5.393079311817859711 ) ) ;
#3890 = DIRECTION ( 'NONE',  ( 1.000000000000000000, 0.000000000000000000, 1.017312411335546717E-14 ) ) ;
#3891 = ORIENTED_EDGE ( 'NONE', *, *, #1273, .T. ) ;
#3892 = CARTESIAN_POINT ( 'NONE',  ( 66.10000000000161435, 8.599999999999999645, -1.100000000000003419 ) ) ;
#3893 = SPHERICAL_SURFACE ( 'NONE', #4356, 0.5000000000000000000 ) ;
#3894 = EDGE_CURVE ( 'NONE', #3334, #6447, #3086, .T. ) ;
#3895 = ADVANCED_FACE ( 'NONE', ( #5797 ), #6360, .T. ) ;
#3896 = FACE_OUTER_BOUND ( 'NONE', #5741, .T. ) ;
#3897 = VECTOR ( 'NONE', #1996, 1000.000000000000000 ) ;
#3898 = ORIENTED_EDGE ( 'NONE', *, *, #2848, .F. ) ;
#3899 = LINE ( 'NONE', #5878, #3152 ) ;
#3900 = DIRECTION ( 'NONE',  ( 0.000000000000000000, 0.000000000000000000, -1.000000000000000000 ) ) ;
#3901 = CARTESIAN_POINT ( 'NONE',  ( -0.5999999999984179100, 5.599999999999998757, 25.09999999999827480 ) ) ;
#3902 = EDGE_CURVE ( 'NONE', #1330, #2418, #1050, .T. ) ;
#3903 = ADVANCED_FACE ( 'NONE', ( #1784 ), #805, .F. ) ;
#3904 = DIRECTION ( 'NONE',  ( 1.355252715606892622E-16, 0.000000000000000000, 1.000000000000000000 ) ) ;
#3905 = CARTESIAN_POINT ( 'NONE',  ( -0.6648716003588782675, 8.588414906224459244, 5.399999999998445155 ) ) ;
#3906 = DIRECTION ( 'NONE',  ( -1.000000000000000000, -0.000000000000000000, -1.017312411335546717E-14 ) ) ;
#3907 = TOROIDAL_SURFACE ( 'NONE', #58, 0.1999999999999999833, 0.5000000000000000000 ) ;
#3908 = ORIENTED_EDGE ( 'NONE', *, *, #419, .T. ) ;
#3909 = ADVANCED_FACE ( 'NONE', ( #2782 ), #4837, .T. ) ;
#3910 = ORIENTED_EDGE ( 'NONE', *, *, #1116, .T. ) ;
#3911 = ORIENTED_EDGE ( 'NONE', *, *, #505, .F. ) ;
#3912 = CYLINDRICAL_SURFACE ( 'NONE', #6611, 0.5000000000000004441 ) ;
#3913 = CARTESIAN_POINT ( 'NONE',  ( 5.899999999999417710, 16.60000000000000142, 30.59999999999833165 ) ) ;
#3914 = CIRCLE ( 'NONE', #5627, 2.350000000000362022 ) ;
#3915 = CARTESIAN_POINT ( 'NONE',  ( 6.411599176223844232, 11.54365610111696938, 29.87117504269748025 ) ) ;
#3916 = CARTESIAN_POINT ( 'NONE',  ( -3.849999999999051958, 5.099999999999999645, 5.217722955085251577E-16 ) ) ;
#3917 = ORIENTED_EDGE ( 'NONE', *, *, #2794, .T. ) ;
#3918 = ORIENTED_EDGE ( 'NONE', *, *, #4904, .F. ) ;
#3919 = CIRCLE ( 'NONE', #3592, 0.6999999999999992895 ) ;
#3920 = ORIENTED_EDGE ( 'NONE', *, *, #5110, .T. ) ;
#3921 = CARTESIAN_POINT ( 'NONE',  ( -4.014561504696553484, 5.995730871483496927, 24.61290490801274089 ) ) ;
#3922 = FACE_OUTER_BOUND ( 'NONE', #1850, .T. ) ;
#3923 = AXIS2_PLACEMENT_3D ( 'NONE', #3396, #3900, #3963 ) ;
#3924 = DIRECTION ( 'NONE',  ( 1.017312411335546717E-14, 0.000000000000000000, -1.000000000000000000 ) ) ;
#3925 = LINE ( 'NONE', #5976, #4165 ) ;
#3926 = VECTOR ( 'NONE', #3187, 1000.000000000000000 ) ;
#3927 = DIRECTION ( 'NONE',  ( -0.000000000000000000, 1.000000000000000000, -0.000000000000000000 ) ) ;
#3928 = ORIENTED_EDGE ( 'NONE', *, *, #5225, .T. ) ;
#3929 = CARTESIAN_POINT ( 'NONE',  ( 3.000000000000002665, 16.10000000000000142, 2.999999999997893241 ) ) ;
#3930 = DIRECTION ( 'NONE',  ( 0.000000000000000000, -1.000000000000000000, 0.000000000000000000 ) ) ;
#3931 = CIRCLE ( 'NONE', #1907, 0.5000000000000004441 ) ;
#3932 = CYLINDRICAL_SURFACE ( 'NONE', #4215, 0.5000000000000000000 ) ;
#3933 = EDGE_LOOP ( 'NONE', ( #5268, #528, #2735, #3476, #32, #1297, #3917, #5233, #4899 ) ) ;
#3934 = EDGE_CURVE ( 'NONE', #1815, #2111, #3816, .T. ) ;
#3935 = CARTESIAN_POINT ( 'NONE',  ( -5.900000000000464873, 16.60000000000000142, 26.00210893424252134 ) ) ;
#3936 = CARTESIAN_POINT ( 'NONE',  ( -6.099999999999136335, 5.099999999999999645, 3.997891065754202167 ) ) ;
#3937 = LINE ( 'NONE', #948, #6575 ) ;
#3938 = FACE_OUTER_BOUND ( 'NONE', #2180, .T. ) ;
#3939 = AXIS2_PLACEMENT_3D ( 'NONE', #6275, #5318, #4816 ) ;
#3940 = VERTEX_POINT ( 'NONE', #4903 ) ;
#3941 = VERTEX_POINT ( 'NONE', #6503 ) ;
#3942 = DIRECTION ( 'NONE',  ( 0.000000000000000000, 0.000000000000000000, -1.000000000000000000 ) ) ;
#3943 = AXIS2_PLACEMENT_3D ( 'NONE', #3280, #2818, #4288 ) ;
#3944 = CARTESIAN_POINT ( 'NONE',  ( -5.961803398874127247, 16.60000000000000142, 4.188102369013233073 ) ) ;
#3945 = ADVANCED_FACE ( 'NONE', ( #1485 ), #305, .T. ) ;
#3946 = EDGE_LOOP ( 'NONE', ( #3784, #3920, #5585 ) ) ;
#3947 = VECTOR ( 'NONE', #4395, 1000.000000000000000 ) ;
#3948 = EDGE_CURVE ( 'NONE', #3080, #4488, #312, .T. ) ;
#3949 = VERTEX_POINT ( 'NONE', #3517 ) ;
#3950 = CARTESIAN_POINT ( 'NONE',  ( -3.969884700860703663, 5.808964356961346276, 24.62146040594569385 ) ) ;
#3951 = CARTESIAN_POINT ( 'NONE',  ( -4.013709576152548308, 6.080942047187286370, 24.60674056125096243 ) ) ;
#3952 = CARTESIAN_POINT ( 'NONE',  ( 66.10000000000161435, 16.60000000000000142, 25.09999999999835651 ) ) ;
#3953 = AXIS2_PLACEMENT_3D ( 'NONE', #891, #2406, #4459 ) ;
#3954 = DIRECTION ( 'NONE',  ( 5.421010862427517240E-17, 0.000000000000000000, 1.000000000000000000 ) ) ;
#3955 = PRESENTATION_LAYER_ASSIGNMENT (  '', '', ( #1173 ) ) ;
#3956 = LINE ( 'NONE', #3990, #5306 ) ;
#3957 = ORIENTED_EDGE ( 'NONE', *, *, #2505, .F. ) ;
#3958 = ADVANCED_BREP_SHAPE_REPRESENTATION ( '\X2\4e3b677f656370ed98ce9053\X0\', ( #723, #2523 ), #1349 ) ;
#3959 = CARTESIAN_POINT ( 'NONE',  ( 5.699999999999418421, 8.799999999999998934, 29.84999999999830322 ) ) ;
#3960 = CARTESIAN_POINT ( 'NONE',  ( 66.10000000000161435, 8.599999999999999645, 0.000000000000000000 ) ) ;
#3961 = TOROIDAL_SURFACE ( 'NONE', #435, 2.850000000000504574, 0.5000000000000000000 ) ;
#3962 = DIRECTION ( 'NONE',  ( -1.000000000000000000, 0.000000000000000000, -9.033211100425053116E-14 ) ) ;
#3963 = DIRECTION ( 'NONE',  ( -1.000000000000000000, 0.000000000000000000, 0.000000000000000000 ) ) ;
#3964 = DIRECTION ( 'NONE',  ( 1.196361017914920171E-16, -0.000000000000000000, 1.000000000000000000 ) ) ;
#3965 = DIRECTION ( 'NONE',  ( 6.994648347254841037E-15, 0.000000000000000000, 1.000000000000000000 ) ) ;
#3966 = CARTESIAN_POINT ( 'NONE',  ( -4.195491502761273139, 7.048473945415889119, 24.71225699412637766 ) ) ;
#3967 = DIRECTION ( 'NONE',  ( 9.020562075079395629E-14, -9.020562075079389318E-14, -1.000000000000000000 ) ) ;
#3968 = AXIS2_PLACEMENT_3D ( 'NONE', #1458, #5080, #2019 ) ;
#3969 = ADVANCED_FACE ( 'NONE', ( #6563 ), #1855, .T. ) ;
#3970 = ORIENTED_EDGE ( 'NONE', *, *, #4804, .F. ) ;
#3971 = ORIENTED_EDGE ( 'NONE', *, *, #5582, .T. ) ;
#3972 = CARTESIAN_POINT ( 'NONE',  ( -5.900000000000464873, 5.599999999999998757, 30.89999999999878355 ) ) ;
#3973 = PLANE ( 'NONE',  #208 ) ;
#3974 = DIRECTION ( 'NONE',  ( 1.000000000000000000, -0.000000000000000000, -0.000000000000000000 ) ) ;
#3975 = DIRECTION ( 'NONE',  ( 0.000000000000000000, 0.000000000000000000, 1.000000000000000000 ) ) ;
#3976 = VECTOR ( 'NONE', #4905, 1000.000000000000000 ) ;
#3977 = ADVANCED_FACE ( 'NONE', ( #3922 ), #4813, .T. ) ;
#3978 = ADVANCED_FACE ( 'NONE', ( #6062 ), #2383, .T. ) ;
#3979 = ORIENTED_EDGE ( 'NONE', *, *, #1688, .F. ) ;
#3980 = ORIENTED_EDGE ( 'NONE', *, *, #1116, .F. ) ;
#3981 = VERTEX_POINT ( 'NONE', #6436 ) ;
#3982 = AXIS2_PLACEMENT_3D ( 'NONE', #6035, #1446, #3518 ) ;
#3983 = CARTESIAN_POINT ( 'NONE',  ( -0.09999999999841796550, 7.590521286910921539, 24.13175416344693147 ) ) ;
#3984 = DIRECTION ( 'NONE',  ( -0.5516772843673471982, 0.6255432421712801005, 0.5516772843673306559 ) ) ;
#3985 = CARTESIAN_POINT ( 'NONE',  ( 66.10000000000161435, 8.900000000000000355, 24.59999999999835651 ) ) ;
#3986 = EDGE_CURVE ( 'NONE', #1534, #3056, #4326, .T. ) ;
#3987 = EDGE_CURVE ( 'NONE', #6352, #6568, #2916, .T. ) ;
#3988 = CYLINDRICAL_SURFACE ( 'NONE', #6525, 0.5000000000000004441 ) ;
#3989 = CIRCLE ( 'NONE', #351, 0.5000000000000000000 ) ;
#3990 = CARTESIAN_POINT ( 'NONE',  ( 64.35000000000060538, 16.60000000000000142, 4.899999999998373212 ) ) ;
#3991 = ORIENTED_EDGE ( 'NONE', *, *, #4028, .F. ) ;
#3992 = EDGE_CURVE ( 'NONE', #2642, #5064, #5768, .T. ) ;
#3993 = CARTESIAN_POINT ( 'NONE',  ( -5.899999999999137046, 16.10000000000000142, -0.9000000000000001332 ) ) ;
#3994 = DIRECTION ( 'NONE',  ( 1.000000000000000000, 0.000000000000000000, 0.000000000000000000 ) ) ;
#3995 = DIRECTION ( 'NONE',  ( 5.421010862427517240E-17, 0.000000000000000000, 1.000000000000000000 ) ) ;
#3996 = CARTESIAN_POINT ( 'NONE',  ( 7.099999999999418776, 12.09999999999999964, 31.09999999999869047 ) ) ;
#3997 = ORIENTED_EDGE ( 'NONE', *, *, #419, .F. ) ;
#3998 = CARTESIAN_POINT ( 'NONE',  ( 2.999999999999780176, 16.60000000000000142, 29.34999999999827835 ) ) ;
#3999 = DIRECTION ( 'NONE',  ( 0.000000000000000000, 0.000000000000000000, -1.000000000000000000 ) ) ;
#4000 = CARTESIAN_POINT ( 'NONE',  ( -3.973453275644798666, 5.745048022028490742, 24.64011240081961063 ) ) ;
#4001 = VECTOR ( 'NONE', #4990, 1000.000000000000000 ) ;
#4002 = ORIENTED_EDGE ( 'NONE', *, *, #3316, .T. ) ;
#4003 = ORIENTED_EDGE ( 'NONE', *, *, #5177, .T. ) ;
#4004 = CARTESIAN_POINT ( 'NONE',  ( -0.09999999999841752141, 8.100000000000001421, 31.39289321881219053 ) ) ;
#4005 = CARTESIAN_POINT ( 'NONE',  ( -0.5999999999984191312, 5.099999999999999645, -1.100000000000000311 ) ) ;
#4006 = PLANE ( 'NONE',  #5280 ) ;
#4007 = CARTESIAN_POINT ( 'NONE',  ( -5.899999999999137046, 5.599999999999998757, -0.9000000000000001332 ) ) ;
#4008 = ORIENTED_EDGE ( 'NONE', *, *, #3894, .F. ) ;
#4009 = TOROIDAL_SURFACE ( 'NONE', #6046, 1.200000000000000178, 0.5000000000000000000 ) ;
#4010 = ORIENTED_EDGE ( 'NONE', *, *, #538, .T. ) ;
#4011 = LINE ( 'NONE', #3513, #3249 ) ;
#4012 = EDGE_LOOP ( 'NONE', ( #695, #6432, #14, #3997 ) ) ;
#4013 = CIRCLE ( 'NONE', #6259, 0.5000000000000001110 ) ;
#4014 = CARTESIAN_POINT ( 'NONE',  ( 62.00000000000003553, 8.599999999999999645, 0.1499999999973887777 ) ) ;
#4015 = DIRECTION ( 'NONE',  ( -1.000000000000000000, 0.000000000000000000, 6.994648347254856026E-15 ) ) ;
#4016 = ADVANCED_FACE ( 'NONE', ( #6467 ), #5564, .T. ) ;
#4017 = EDGE_CURVE ( 'NONE', #5216, #2096, #6093, .T. ) ;
#4018 = CYLINDRICAL_SURFACE ( 'NONE', #5905, 0.5000000000000004441 ) ;
#4019 = CARTESIAN_POINT ( 'NONE',  ( -4.030232854280289878, 5.825641289586889648, 5.341438795734220868 ) ) ;
#4020 = VECTOR ( 'NONE', #3163, 1000.000000000000000 ) ;
#4021 = DIRECTION ( 'NONE',  ( 0.000000000000000000, 0.000000000000000000, -1.000000000000000000 ) ) ;
#4022 = EDGE_LOOP ( 'NONE', ( #6090, #1877, #2377, #801 ) ) ;
#4023 = DIRECTION ( 'NONE',  ( 0.9510565162951545304, 0.3090169943749445092, -1.137806941929488942E-16 ) ) ;
#4024 = EDGE_CURVE ( 'NONE', #5201, #1593, #2344, .T. ) ;
#4025 = LINE ( 'NONE', #1453, #2665 ) ;
#4026 = CARTESIAN_POINT ( 'NONE',  ( 66.10000000000161435, 11.79999999999999716, 6.099999999998364508 ) ) ;
#4027 = AXIS2_PLACEMENT_3D ( 'NONE', #6370, #4980, #6475 ) ;
#4028 = EDGE_CURVE ( 'NONE', #6457, #5097, #2413, .T. ) ;
#4029 = DIRECTION ( 'NONE',  ( -1.000000000000000000, -2.478176394252581338E-15, -1.982541115402065070E-14 ) ) ;
#4030 = CARTESIAN_POINT ( 'NONE',  ( 5.862168987781249171E-16, 16.60000000000000142, 4.899999999998445155 ) ) ;
#4031 = ORIENTED_EDGE ( 'NONE', *, *, #3561, .F. ) ;
#4032 = VERTEX_POINT ( 'NONE', #5537 ) ;
#4033 = EDGE_CURVE ( 'NONE', #3941, #6045, #5443, .T. ) ;
#4034 = AXIS2_PLACEMENT_3D ( 'NONE', #5146, #6013, #1960 ) ;
#4035 = CARTESIAN_POINT ( 'NONE',  ( 59.60000000000162146, 16.10000000000000142, 29.34999999999885389 ) ) ;
#4036 = CARTESIAN_POINT ( 'NONE',  ( 66.60000000000161435, 8.900000000000000355, 6.099999999998364508 ) ) ;
#4037 = CARTESIAN_POINT ( 'NONE',  ( -4.068520549338104253, 5.733700679158515001, 24.67100163050971773 ) ) ;
#4038 = VERTEX_POINT ( 'NONE', #370 ) ;
#4039 = CARTESIAN_POINT ( 'NONE',  ( -6.599999999999137223, 16.10000000000000142, -0.9000000000000001332 ) ) ;
#4040 = DIRECTION ( 'NONE',  ( 1.000000000000000000, 0.000000000000000000, 2.028744404108460233E-14 ) ) ;
#4041 = DIRECTION ( 'NONE',  ( -1.000000000000000000, 0.000000000000000000, 4.956352788505168198E-15 ) ) ;
#4042 = CARTESIAN_POINT ( 'NONE',  ( 66.60000000000161435, 8.099999999999999645, 4.899999999998364331 ) ) ;
#4043 = CARTESIAN_POINT ( 'NONE',  ( 2.175335635996172171E-13, 8.599999999999999645, 31.09999999999874021 ) ) ;
#4044 = EDGE_LOOP ( 'NONE', ( #3567, #6346, #1327, #2069 ) ) ;
#4045 = EDGE_CURVE ( 'NONE', #1343, #1790, #4056, .T. ) ;
#4046 = DIRECTION ( 'NONE',  ( 0.000000000000000000, 1.000000000000000000, 0.000000000000000000 ) ) ;
#4047 = AXIS2_PLACEMENT_3D ( 'NONE', #3507, #4587, #1971 ) ;
#4048 = ORIENTED_EDGE ( 'NONE', *, *, #912, .F. ) ;
#4049 = CARTESIAN_POINT ( 'NONE',  ( 3.000000000000002665, 8.599999999999999645, 2.999999999997893241 ) ) ;
#4050 = DIRECTION ( 'NONE',  ( 0.000000000000000000, 0.000000000000000000, 1.000000000000000000 ) ) ;
#4051 = CARTESIAN_POINT ( 'NONE',  ( -2.007671267438543516, 8.330810839623350006, 5.399999999998445155 ) ) ;
#4052 = AXIS2_PLACEMENT_3D ( 'NONE', #2521, #3796, #1833 ) ;
#4053 = DIRECTION ( 'NONE',  ( 0.000000000000000000, -1.000000000000000000, 0.000000000000000000 ) ) ;
#4054 = EDGE_CURVE ( 'NONE', #3299, #334, #2888, .T. ) ;
#4055 = CARTESIAN_POINT ( 'NONE',  ( 5.899999999999417710, 16.60000000000000142, 30.59999999999833520 ) ) ;
#4056 = CIRCLE ( 'NONE', #641, 0.4999999999999999445 ) ;
#4057 =( NAMED_UNIT ( * ) SI_UNIT ( $, .STERADIAN. ) SOLID_ANGLE_UNIT ( ) );
#4058 = DIRECTION ( 'NONE',  ( 1.000000000000000000, 0.000000000000000000, 0.000000000000000000 ) ) ;
#4059 = CARTESIAN_POINT ( 'NONE',  ( -3.849999999999051070, 5.599999999999998757, 5.763271264001149419 ) ) ;
#4060 = ORIENTED_EDGE ( 'NONE', *, *, #6361, .F. ) ;
#4061 = UNCERTAINTY_MEASURE_WITH_UNIT (LENGTH_MEASURE( 1.000000000000000082E-05 ), #6599, 'distance_accuracy_value', 'NONE');
#4062 = CIRCLE ( 'NONE', #5775, 0.6999999999999992895 ) ;
#4063 = DIRECTION ( 'NONE',  ( 1.000000000000000000, -0.000000000000000000, -3.538541870064538530E-14 ) ) ;
#4064 = DIRECTION ( 'NONE',  ( -6.994648347254856026E-15, 0.000000000000000000, -1.000000000000000000 ) ) ;
#4065 = CARTESIAN_POINT ( 'NONE',  ( -4.013709576152548308, 6.080942047187286370, 24.60674056125096243 ) ) ;
#4066 = DIRECTION ( 'NONE',  ( 0.000000000000000000, 0.000000000000000000, -1.000000000000000000 ) ) ;
#4067 = EDGE_CURVE ( 'NONE', #1544, #302, #4569, .T. ) ;
#4068 = AXIS2_PLACEMENT_3D ( 'NONE', #5175, #1551, #1069 ) ;
#4069 = ORIENTED_EDGE ( 'NONE', *, *, #6311, .F. ) ;
#4070 = LINE ( 'NONE', #6119, #520 ) ;
#4071 = CARTESIAN_POINT ( 'NONE',  ( 66.10000000000161435, 16.60000000000000142, 0.000000000000000000 ) ) ;
#4072 = DIRECTION ( 'NONE',  ( -1.000000000000000000, 0.000000000000000000, 6.994648347254856026E-15 ) ) ;
#4073 = CARTESIAN_POINT ( 'NONE',  ( -6.599999999999137223, 16.10000000000000142, 3.997891065754202167 ) ) ;
#4074 = AXIS2_PLACEMENT_3D ( 'NONE', #3837, #1398, #2872 ) ;
#4075 = ORIENTED_EDGE ( 'NONE', *, *, #2150, .F. ) ;
#4076 = DIRECTION ( 'NONE',  ( -1.000000000000000000, -0.000000000000000000, -1.017312411335546717E-14 ) ) ;
#4077 = ORIENTED_EDGE ( 'NONE', *, *, #4616, .T. ) ;
#4078 = SPHERICAL_SURFACE ( 'NONE', #4555, 0.5000000000000000000 ) ;
#4079 = VERTEX_POINT ( 'NONE', #1000 ) ;
#4080 = DIRECTION ( 'NONE',  ( 0.000000000000000000, 1.000000000000000000, -0.000000000000000000 ) ) ;
#4081 = CARTESIAN_POINT ( 'NONE',  ( -6.599999999999137223, 16.60000000000000142, -0.9000000000000001332 ) ) ;
#4082 = VECTOR ( 'NONE', #2644, 1000.000000000000000 ) ;
#4083 = DIRECTION ( 'NONE',  ( 0.9510565162951545304, 0.3090169943749445092, -1.137806941929488942E-16 ) ) ;
#4084 = PLANE ( 'NONE',  #5678 ) ;
#4085 = DIRECTION ( 'NONE',  ( 1.000000000000000000, 0.000000000000000000, 0.000000000000000000 ) ) ;
#4086 = CIRCLE ( 'NONE', #2804, 0.1999999999999987899 ) ;
#4087 = FACE_OUTER_BOUND ( 'NONE', #1178, .T. ) ;
#4088 = CARTESIAN_POINT ( 'NONE',  ( -4.014572222795258050, 5.995840509941934293, 5.387100902869425667 ) ) ;
#4089 = DIRECTION ( 'NONE',  ( 1.000000000000000000, 0.000000000000000000, 0.000000000000000000 ) ) ;
#4090 = CARTESIAN_POINT ( 'NONE',  ( -0.09999999999841893694, 8.599999999999999645, 4.899999999998445155 ) ) ;
#4091 = AXIS2_PLACEMENT_3D ( 'NONE', #4424, #3774, #6460 ) ;
#4092 = ORIENTED_EDGE ( 'NONE', *, *, #5698, .F. ) ;
#4093 = ORIENTED_EDGE ( 'NONE', *, *, #4521, .T. ) ;
#4094 = AXIS2_PLACEMENT_3D ( 'NONE', #4014, #4630, #4660 ) ;
#4095 = FACE_OUTER_BOUND ( 'NONE', #3169, .T. ) ;
#4096 = ADVANCED_FACE ( 'NONE', ( #6225 ), #4692, .T. ) ;
#4097 = EDGE_CURVE ( 'NONE', #1496, #3197, #3548, .T. ) ;
#4098 = CARTESIAN_POINT ( 'NONE',  ( 58.85000000000105302, 16.43071891388275674, 30.22499999999913101 ) ) ;
#4099 = CARTESIAN_POINT ( 'NONE',  ( -3.973727264136037274, 5.879717008128207745, 24.60596117307972008 ) ) ;
#4100 = CARTESIAN_POINT ( 'NONE',  ( -0.09999999999841861775, 7.656257716028384230, 5.802617318114089429 ) ) ;
#4101 = VERTEX_POINT ( 'NONE', #1644 ) ;
#4102 = CARTESIAN_POINT ( 'NONE',  ( 64.35000000000061959, 11.79999999999999716, 6.099999999998374278 ) ) ;
#4103 = EDGE_CURVE ( 'NONE', #770, #1432, #5462, .T. ) ;
#4104 = CARTESIAN_POINT ( 'NONE',  ( 0.000000000000000000, 16.60000000000000142, 5.399999999998364331 ) ) ;
#4105 = DIRECTION ( 'NONE',  ( -4.565061778886154824E-17, 0.000000000000000000, -1.000000000000000000 ) ) ;
#4106 = DIRECTION ( 'NONE',  ( -1.000000000000000000, 0.000000000000000000, 6.994648347254856026E-15 ) ) ;
#4107 = ORIENTED_EDGE ( 'NONE', *, *, #6557, .T. ) ;
#4108 = EDGE_CURVE ( 'NONE', #4857, #1639, #2611, .T. ) ;
#4109 = EDGE_LOOP ( 'NONE', ( #1371, #3198, #1333, #6129 ) ) ;
#4110 = VECTOR ( 'NONE', #1871, 1000.000000000000000 ) ;
#4111 = ORIENTED_EDGE ( 'NONE', *, *, #2491, .F. ) ;
#4112 = VERTEX_POINT ( 'NONE', #2545 ) ;
#4113 = DIRECTION ( 'NONE',  ( 1.000000000000000000, -0.000000000000000000, -1.908195823574485911E-14 ) ) ;
#4114 = CARTESIAN_POINT ( 'NONE',  ( -3.677419152304993499, 5.840471023593582167, 5.461623806744460907 ) ) ;
#4115 = CIRCLE ( 'NONE', #1223, 0.4999999999999970024 ) ;
#4116 = CARTESIAN_POINT ( 'NONE',  ( -3.770807779836853779, 5.599999999999998757, 5.399999999998446043 ) ) ;
#4117 = AXIS2_PLACEMENT_3D ( 'NONE', #2529, #4582, #3631 ) ;
#4118 = ORIENTED_EDGE ( 'NONE', *, *, #1094, .F. ) ;
#4119 = DIRECTION ( 'NONE',  ( -1.000000000000000000, 0.000000000000000000, 4.956352788505168198E-15 ) ) ;
#4120 = DIRECTION ( 'NONE',  ( 1.000000000000000000, 0.000000000000000000, 2.028744404108460548E-14 ) ) ;
#4121 = AXIS2_PLACEMENT_3D ( 'NONE', #2213, #6329, #4258 ) ;
#4122 = DIRECTION ( 'NONE',  ( -0.000000000000000000, -1.000000000000000000, 0.000000000000000000 ) ) ;
#4123 = ADVANCED_FACE ( 'NONE', ( #1030 ), #6411, .T. ) ;
#4124 = LINE ( 'NONE', #2016, #4702 ) ;
#4125 = DIRECTION ( 'NONE',  ( 1.000000000000000000, 0.000000000000000000, 0.000000000000000000 ) ) ;
#4126 = FACE_OUTER_BOUND ( 'NONE', #5139, .T. ) ;
#4127 = VERTEX_POINT ( 'NONE', #502 ) ;
#4128 = VERTEX_POINT ( 'NONE', #2511 ) ;
#4129 = AXIS2_PLACEMENT_3D ( 'NONE', #4449, #1324, #5421 ) ;
#4130 = CARTESIAN_POINT ( 'NONE',  ( 64.85000000000101750, 8.099999999999999645, 26.99999999999790390 ) ) ;
#4131 = CIRCLE ( 'NONE', #1025, 0.5000000000000004441 ) ;
#4132 = CARTESIAN_POINT ( 'NONE',  ( 59.80000000000161720, 8.799999999999998934, 31.09999999999832099 ) ) ;
#4133 = CARTESIAN_POINT ( 'NONE',  ( 64.35000000000098908, 16.60000000000000142, 25.09999999999836717 ) ) ;
#4134 = VECTOR ( 'NONE', #4063, 1000.000000000000000 ) ;
#4135 = EDGE_CURVE ( 'NONE', #4935, #1421, #1602, .T. ) ;
#4136 = DIRECTION ( 'NONE',  ( -1.000000000000000000, 0.000000000000000000, 1.908195823574486226E-14 ) ) ;
#4137 = CARTESIAN_POINT ( 'NONE',  ( -7.304098846217848459E-17, 16.60000000000000142, -1.600000000000000311 ) ) ;
#4138 = CARTESIAN_POINT ( 'NONE',  ( 7.099999999999418776, 12.09999999999999964, 30.09999999999836007 ) ) ;
#4139 = ORIENTED_EDGE ( 'NONE', *, *, #2666, .F. ) ;
#4140 = AXIS2_PLACEMENT_3D ( 'NONE', #1301, #1590, #196 ) ;
#4141 = CARTESIAN_POINT ( 'NONE',  ( 37.80000000000161720, 10.40000000000000036, 0.000000000000000000 ) ) ;
#4142 = VERTEX_POINT ( 'NONE', #467 ) ;
#4143 = ORIENTED_EDGE ( 'NONE', *, *, #4727, .T. ) ;
#4144 = ORIENTED_EDGE ( 'NONE', *, *, #3707, .T. ) ;
#4145 = CARTESIAN_POINT ( 'NONE',  ( -3.606386668986935717, 5.899316096871341841, 24.50609676014822824 ) ) ;
#4146 = DIRECTION ( 'NONE',  ( 0.000000000000000000, 1.000000000000000000, -0.000000000000000000 ) ) ;
#4147 = FACE_OUTER_BOUND ( 'NONE', #5099, .T. ) ;
#4148 = ORIENTED_EDGE ( 'NONE', *, *, #4941, .T. ) ;
#4149 = CYLINDRICAL_SURFACE ( 'NONE', #4284, 0.5000000000000004441 ) ;
#4150 = EDGE_CURVE ( 'NONE', #3334, #2673, #2073, .T. ) ;
#4151 = CIRCLE ( 'NONE', #4485, 5.500000000000000000 ) ;
#4152 = CARTESIAN_POINT ( 'NONE',  ( 64.35000000000056275, 16.60000000000000142, 2.999999999997893241 ) ) ;
#4153 = DIRECTION ( 'NONE',  ( -0.000000000000000000, 1.000000000000000000, -0.000000000000000000 ) ) ;
#4154 = CARTESIAN_POINT ( 'NONE',  ( -6.207957876571527367E-13, 16.60000000000000142, 30.59999999999821441 ) ) ;
#4155 = CIRCLE ( 'NONE', #5031, 1.000000000000000000 ) ;
#4156 = CARTESIAN_POINT ( 'NONE',  ( 59.27171721213445466, 16.48369125327591078, 29.94343442428064606 ) ) ;
#4157 = CARTESIAN_POINT ( 'NONE',  ( 0.1499999999994183486, 8.099999999999999645, 26.99999999999786837 ) ) ;
#4158 = ORIENTED_EDGE ( 'NONE', *, *, #5794, .T. ) ;
#4159 = AXIS2_PLACEMENT_3D ( 'NONE', #637, #160, #2707 ) ;
#4160 = VERTEX_POINT ( 'NONE', #4114 ) ;
#4161 = CARTESIAN_POINT ( 'NONE',  ( 66.10000000000161435, 10.59999999999999787, 6.099999999998364508 ) ) ;
#4162 = EDGE_CURVE ( 'NONE', #1978, #5563, #2140, .T. ) ;
#4163 = DIRECTION ( 'NONE',  ( 0.000000000000000000, 1.000000000000000000, 0.000000000000000000 ) ) ;
#4164 = CARTESIAN_POINT ( 'NONE',  ( 6.274999999999425704, 16.43071891388306227, 29.84999999999830322 ) ) ;
#4165 = VECTOR ( 'NONE', #1385, 1000.000000000000000 ) ;
#4166 = CARTESIAN_POINT ( 'NONE',  ( -3.349999999999052402, 6.088533563646130631, 5.782581475947766947 ) ) ;
#4167 = B_SPLINE_CURVE_WITH_KNOTS ( 'NONE', 3,
 ( #5293, #3736, #1709, #3805, #699, #3304, #2738, #4793 ),
 .UNSPECIFIED., .F., .F.,
 ( 4, 2, 2, 4 ),
 ( 0.000000000000000000, 0.0004322752284893333335, 0.0006484128427340018434, 0.0008645504569786704617 ),
 .UNSPECIFIED. ) ;
#4168 = CARTESIAN_POINT ( 'NONE',  ( 18.89999999999941593, 11.40000000000000036, 31.09999999999860876 ) ) ;
#4169 = ORIENTED_EDGE ( 'NONE', *, *, #6593, .F. ) ;
#4170 = VECTOR ( 'NONE', #1222, 1000.000000000000000 ) ;
#4171 = ORIENTED_EDGE ( 'NONE', *, *, #5503, .T. ) ;
#4172 = ORIENTED_EDGE ( 'NONE', *, *, #4150, .T. ) ;
#4173 = ORIENTED_EDGE ( 'NONE', *, *, #6000, .T. ) ;
#4174 = CARTESIAN_POINT ( 'NONE',  ( -3.839724855093168188, 7.606459664125625686, 24.59666140303625426 ) ) ;
#4175 =( BOUNDED_CURVE ( )  B_SPLINE_CURVE ( 3, ( #1277, #3819, #5338, #5799 ),
 .UNSPECIFIED., .F., .T. ) 
 B_SPLINE_CURVE_WITH_KNOTS ( ( 4, 4 ),
 ( 3.115002147674582389, 3.141592653589793116 ),
 .UNSPECIFIED. ) 
 CURVE ( )  GEOMETRIC_REPRESENTATION_ITEM ( )  RATIONAL_B_SPLINE_CURVE ( ( 1.000000000000000000, 0.9999410796175209892, 0.9999410796175209892, 1.000000000000000000 ) ) 
 REPRESENTATION_ITEM ( '' )  );
#4176 = CIRCLE ( 'NONE', #542, 0.6999999999999992895 ) ;
#4177 = CARTESIAN_POINT ( 'NONE',  ( -3.762713515794344321, 5.656089836722460795, 5.401314992904023171 ) ) ;
#4178 = DIRECTION ( 'NONE',  ( -0.9510565162951544194, 0.000000000000000000, -0.3090169943749447867 ) ) ;
#4179 = ORIENTED_EDGE ( 'NONE', *, *, #3986, .F. ) ;
#4180 = EDGE_CURVE ( 'NONE', #4160, #6251, #6082, .T. ) ;
#4181 = EDGE_CURVE ( 'NONE', #1572, #1999, #5452, .T. ) ;
#4182 = CARTESIAN_POINT ( 'NONE',  ( 36.40000000000161862, 8.799999999999998934, 31.09999999999848797 ) ) ;
#4183 = CARTESIAN_POINT ( 'NONE',  ( 64.85000000000098908, 16.60000000000000142, 25.09999999999835651 ) ) ;
#4184 = DIRECTION ( 'NONE',  ( 0.000000000000000000, 0.000000000000000000, -1.000000000000000000 ) ) ;
#4185 = CYLINDRICAL_SURFACE ( 'NONE', #2914, 0.5000000000000000000 ) ;
#4186 = EDGE_CURVE ( 'NONE', #5364, #1148, #3579, .T. ) ;
#4187 = EDGE_CURVE ( 'NONE', #793, #779, #6295, .T. ) ;
#4188 = VECTOR ( 'NONE', #4083, 1000.000000000000000 ) ;
#4189 = DIRECTION ( 'NONE',  ( -1.000000000000000000, 0.000000000000000000, 0.000000000000000000 ) ) ;
#4190 = EDGE_LOOP ( 'NONE', ( #462, #952, #5276, #250 ) ) ;
#4191 = EDGE_CURVE ( 'NONE', #583, #5790, #65, .T. ) ;
#4192 = ORIENTED_EDGE ( 'NONE', *, *, #1331, .T. ) ;
#4193 = CIRCLE ( 'NONE', #4965, 0.6999999999999992895 ) ;
#4194 = FACE_OUTER_BOUND ( 'NONE', #2608, .T. ) ;
#4195 = DIRECTION ( 'NONE',  ( 1.000000000000000000, 5.898059818321137810E-14, -9.454242944073597402E-14 ) ) ;
#4196 = DIRECTION ( 'NONE',  ( 1.040834085586083310E-14, 0.000000000000000000, -1.000000000000000000 ) ) ;
#4197 = AXIS2_PLACEMENT_3D ( 'NONE', #2518, #3052, #4667 ) ;
#4198 = ORIENTED_EDGE ( 'NONE', *, *, #6542, .T. ) ;
#4199 = DIRECTION ( 'NONE',  ( -9.033211100425053116E-14, 0.000000000000000000, 1.000000000000000000 ) ) ;
#4200 = CARTESIAN_POINT ( 'NONE',  ( -3.858980605148623066, 6.543403197492096979, 5.659879454439793456 ) ) ;
#4201 = DIRECTION ( 'NONE',  ( 1.000000000000000000, 0.000000000000000000, 0.000000000000000000 ) ) ;
#4202 = ORIENTED_EDGE ( 'NONE', *, *, #4681, .T. ) ;
#4203 = ORIENTED_EDGE ( 'NONE', *, *, #1628, .T. ) ;
#4204 = VERTEX_POINT ( 'NONE', #30 ) ;
#4205 = ORIENTED_EDGE ( 'NONE', *, *, #1064, .T. ) ;
#4206 = DIRECTION ( 'NONE',  ( 1.387778780781444413E-14, 0.000000000000000000, -1.000000000000000000 ) ) ;
#4207 = LINE ( 'NONE', #4760, #5144 ) ;
#4208 = CARTESIAN_POINT ( 'NONE',  ( 59.60000000000161435, 16.10000000000000142, 29.84999999999885034 ) ) ;
#4209 = ORIENTED_EDGE ( 'NONE', *, *, #887, .T. ) ;
#4210 = CARTESIAN_POINT ( 'NONE',  ( 2.210308877732446313E-13, 11.59999999999999964, 31.59999999999874021 ) ) ;
#4211 = ORIENTED_EDGE ( 'NONE', *, *, #4304, .F. ) ;
#4212 =( BOUNDED_CURVE ( )  B_SPLINE_CURVE ( 3, ( #1607, #2036, #3037, #495 ),
 .UNSPECIFIED., .F., .T. ) 
 B_SPLINE_CURVE_WITH_KNOTS ( ( 4, 4 ),
 ( 3.141592653589793116, 3.956336262993684016 ),
 .UNSPECIFIED. ) 
 CURVE ( )  GEOMETRIC_REPRESENTATION_ITEM ( )  RATIONAL_B_SPLINE_CURVE ( ( 1.000000000000000000, 0.9454435182059504061, 0.9454435182059504061, 1.000000000000000000 ) ) 
 REPRESENTATION_ITEM ( '' )  );
#4213 = ADVANCED_FACE ( 'NONE', ( #3612 ), #5662, .F. ) ;
#4214 = EDGE_CURVE ( 'NONE', #6030, #441, #3807, .T. ) ;
#4215 = AXIS2_PLACEMENT_3D ( 'NONE', #2460, #1929, #6042 ) ;
#4216 = DIRECTION ( 'NONE',  ( 1.355252715606892868E-16, 0.000000000000000000, 1.000000000000000000 ) ) ;
#4217 = DIRECTION ( 'NONE',  ( -1.000000000000000000, 0.000000000000000000, 5.782411586589358033E-15 ) ) ;
#4218 = FACE_OUTER_BOUND ( 'NONE', #5416, .T. ) ;
#4219 = VECTOR ( 'NONE', #2831, 1000.000000000000000 ) ;
#4220 = DIRECTION ( 'NONE',  ( -1.000000000000000000, 0.000000000000000000, 1.355252715606892868E-16 ) ) ;
#4221 = ORIENTED_EDGE ( 'NONE', *, *, #942, .F. ) ;
#4222 = EDGE_CURVE ( 'NONE', #3038, #3413, #2815, .T. ) ;
#4223 = CARTESIAN_POINT ( 'NONE',  ( 0.1500000000018568702, 16.60000000000000142, 1.354981665080531454E-14 ) ) ;
#4224 = VERTEX_POINT ( 'NONE', #2772 ) ;
#4225 = LINE ( 'NONE', #245, #3588 ) ;
#4226 = LINE ( 'NONE', #146, #5010 ) ;
#4227 = EDGE_CURVE ( 'NONE', #4350, #23, #5347, .T. ) ;
#4228 = DIRECTION ( 'NONE',  ( 1.000000000000000000, 0.000000000000000000, 0.000000000000000000 ) ) ;
#4229 = CARTESIAN_POINT ( 'NONE',  ( 6.471780207447626942, 16.25334935642928258, 30.11412602611238043 ) ) ;
#4230 = EDGE_CURVE ( 'NONE', #1027, #6507, #2238, .T. ) ;
#4231 = VECTOR ( 'NONE', #5226, 1000.000000000000000 ) ;
#4232 = CARTESIAN_POINT ( 'NONE',  ( -3.349999999999051070, 6.095304263244467613, 5.831635631999796843 ) ) ;
#4233 = CARTESIAN_POINT ( 'NONE',  ( -3.946682467081894075, 6.286114306198688162, 5.460571708561096749 ) ) ;
#4234 = DIRECTION ( 'NONE',  ( 0.000000000000000000, -0.000000000000000000, -1.000000000000000000 ) ) ;
#4235 = CARTESIAN_POINT ( 'NONE',  ( -3.925316277024327949, 5.599999999999998757, 5.375528258146021976 ) ) ;
#4236 = ORIENTED_EDGE ( 'NONE', *, *, #2436, .T. ) ;
#4237 = AXIS2_PLACEMENT_3D ( 'NONE', #2792, #781, #4947 ) ;
#4238 = EDGE_CURVE ( 'NONE', #3113, #4825, #5037, .T. ) ;
#4239 = EDGE_LOOP ( 'NONE', ( #2427, #5767, #3475, #6258 ) ) ;
#4240 = ORIENTED_EDGE ( 'NONE', *, *, #407, .F. ) ;
#4241 = EDGE_LOOP ( 'NONE', ( #714, #3697, #5422, #2813 ) ) ;
#4242 = CARTESIAN_POINT ( 'NONE',  ( 66.10000000000161435, 8.099999999999999645, 5.399999999998364331 ) ) ;
#4243 = DIRECTION ( 'NONE',  ( 0.000000000000000000, 1.000000000000000000, -0.000000000000000000 ) ) ;
#4244 = VECTOR ( 'NONE', #5607, 1000.000000000000000 ) ;
#4245 = CARTESIAN_POINT ( 'NONE',  ( 59.60000000000162146, 16.60000000000000142, 29.34999999999885389 ) ) ;
#4246 = EDGE_CURVE ( 'NONE', #4079, #617, #1744, .T. ) ;
#4247 = EDGE_CURVE ( 'NONE', #23, #2991, #4207, .T. ) ;
#4248 = ORIENTED_EDGE ( 'NONE', *, *, #2395, .T. ) ;
#4249 = EDGE_CURVE ( 'NONE', #2700, #4358, #5330, .T. ) ;
#4250 = DIRECTION ( 'NONE',  ( 1.000000000000000000, 0.000000000000000000, 0.000000000000000000 ) ) ;
#4251 = CARTESIAN_POINT ( 'NONE',  ( -0.03617655303391852789, 7.912427393673553411, 5.540474407726953210 ) ) ;
#4252 = CIRCLE ( 'NONE', #4047, 0.1999999999999987899 ) ;
#4253 = CARTESIAN_POINT ( 'NONE',  ( -3.921283827361574659, 5.625194409807729556, 5.376838480465519154 ) ) ;
#4254 =( BOUNDED_CURVE ( )  B_SPLINE_CURVE ( 3, ( #1987, #939, #1492, #4338 ),
 .UNSPECIFIED., .F., .T. ) 
 B_SPLINE_CURVE_WITH_KNOTS ( ( 4, 4 ),
 ( 4.712388980384689674, 6.283185307179586232 ),
 .UNSPECIFIED. ) 
 CURVE ( )  GEOMETRIC_REPRESENTATION_ITEM ( )  RATIONAL_B_SPLINE_CURVE ( ( 1.000000000000000000, 0.8047378541243649375, 0.8047378541243649375, 1.000000000000000000 ) ) 
 REPRESENTATION_ITEM ( '' )  );
#4255 = EDGE_CURVE ( 'NONE', #61, #2674, #5294, .T. ) ;
#4256 = LINE ( 'NONE', #2154, #6012 ) ;
#4257 = EDGE_LOOP ( 'NONE', ( #3824, #1672, #1730, #3233 ) ) ;
#4258 = DIRECTION ( 'NONE',  ( 0.000000000000000000, 0.000000000000000000, 1.000000000000000000 ) ) ;
#4259 = VERTEX_POINT ( 'NONE', #1265 ) ;
#4260 = AXIS2_PLACEMENT_3D ( 'NONE', #953, #5125, #3000 ) ;
#4261 = FACE_OUTER_BOUND ( 'NONE', #4654, .T. ) ;
#4262 = DIRECTION ( 'NONE',  ( 1.000000000000000000, 0.000000000000000000, -1.908195823574486226E-14 ) ) ;
#4263 = CARTESIAN_POINT ( 'NONE',  ( -0.09999999999841920062, 8.099999999999999645, 5.143428980836559880E-18 ) ) ;
#4264 = CYLINDRICAL_SURFACE ( 'NONE', #5616, 0.5000000000000004441 ) ;
#4265 = AXIS2_PLACEMENT_3D ( 'NONE', #5910, #6601, #5047 ) ;
#4266 = ORIENTED_EDGE ( 'NONE', *, *, #5699, .F. ) ;
#4267 = CARTESIAN_POINT ( 'NONE',  ( -3.526598491351173426, 7.296101796079903501, 5.505079519949598321 ) ) ;
#4268 = DIRECTION ( 'NONE',  ( -1.000000000000000000, 0.000000000000000000, 4.956352788505162676E-15 ) ) ;
#4269 = AXIS2_PLACEMENT_3D ( 'NONE', #1777, #1710, #263 ) ;
#4270 = CYLINDRICAL_SURFACE ( 'NONE', #1679, 0.5000000000000004441 ) ;
#4271 = FACE_OUTER_BOUND ( 'NONE', #2107, .T. ) ;
#4272 = ADVANCED_FACE ( 'NONE', ( #2740 ), #765, .T. ) ;
#4273 = EDGE_CURVE ( 'NONE', #2245, #5770, #4923, .T. ) ;
#4274 = ORIENTED_EDGE ( 'NONE', *, *, #2424, .F. ) ;
#4275 = EDGE_LOOP ( 'NONE', ( #5892, #521, #6181 ) ) ;
#4276 = AXIS2_PLACEMENT_3D ( 'NONE', #1328, #6452, #6018 ) ;
#4277 = ADVANCED_FACE ( 'NONE', ( #2300 ), #4958, .T. ) ;
#4278 = EDGE_LOOP ( 'NONE', ( #393, #3980, #3644, #5915 ) ) ;
#4279 = ORIENTED_EDGE ( 'NONE', *, *, #3454, .F. ) ;
#4280 = CARTESIAN_POINT ( 'NONE',  ( -3.850000000000434852, 7.672570500235653235, 24.59999999999827480 ) ) ;
#4281 = DIRECTION ( 'NONE',  ( -1.000000000000000000, 0.000000000000000000, 1.355252715606892622E-16 ) ) ;
#4282 = DIRECTION ( 'NONE',  ( 1.000000000000000000, 0.000000000000000000, 0.000000000000000000 ) ) ;
#4283 = PLANE ( 'NONE',  #5541 ) ;
#4284 = AXIS2_PLACEMENT_3D ( 'NONE', #4183, #4603, #1036 ) ;
#4285 = VERTEX_POINT ( 'NONE', #1129 ) ;
#4286 = VERTEX_POINT ( 'NONE', #2678 ) ;
#4287 = AXIS2_PLACEMENT_3D ( 'NONE', #5882, #6454, #886 ) ;
#4288 = DIRECTION ( 'NONE',  ( 0.000000000000000000, 0.000000000000000000, -1.000000000000000000 ) ) ;
#4289 = PLANE ( 'NONE',  #4528 ) ;
#4290 = AXIS2_PLACEMENT_3D ( 'NONE', #1718, #1172, #4189 ) ;
#4291 = AXIS2_PLACEMENT_3D ( 'NONE', #1935, #4991, #4379 ) ;
#4292 = CARTESIAN_POINT ( 'NONE',  ( -3.963322955483483678, 5.847298576001635162, 5.392119639552057642 ) ) ;
#4293 = ORIENTED_EDGE ( 'NONE', *, *, #3484, .T. ) ;
#4294 = DIRECTION ( 'NONE',  ( 0.000000000000000000, 0.000000000000000000, 1.000000000000000000 ) ) ;
#4295 = ORIENTED_EDGE ( 'NONE', *, *, #3326, .F. ) ;
#4296 = CARTESIAN_POINT ( 'NONE',  ( 37.80000000000161720, 11.09999999999999787, 0.000000000000000000 ) ) ;
#4297 = FACE_OUTER_BOUND ( 'NONE', #174, .T. ) ;
#4298 = AXIS2_PLACEMENT_3D ( 'NONE', #5975, #6504, #3348 ) ;
#4299 = FACE_OUTER_BOUND ( 'NONE', #1736, .T. ) ;
#4300 = AXIS2_PLACEMENT_3D ( 'NONE', #3613, #6196, #5759 ) ;
#4301 = ADVANCED_FACE ( 'NONE', ( #2233 ), #2129, .T. ) ;
#4302 = ORIENTED_EDGE ( 'NONE', *, *, #1597, .F. ) ;
#4303 = DIRECTION ( 'NONE',  ( -0.000000000000000000, -0.000000000000000000, 1.000000000000000000 ) ) ;
#4304 = EDGE_CURVE ( 'NONE', #6544, #5262, #231, .T. ) ;
#4305 = DIRECTION ( 'NONE',  ( -1.000000000000000000, 0.000000000000000000, -1.982541115402067279E-14 ) ) ;
#4306 = LINE ( 'NONE', #6340, #605 ) ;
#4307 = DIRECTION ( 'NONE',  ( -6.994648347254856026E-15, 0.000000000000000000, -1.000000000000000000 ) ) ;
#4308 = ORIENTED_EDGE ( 'NONE', *, *, #5148, .T. ) ;
#4309 = DIRECTION ( 'NONE',  ( 0.000000000000000000, 0.000000000000000000, 1.000000000000000000 ) ) ;
#4310 = CIRCLE ( 'NONE', #987, 2.849999999998416467 ) ;
#4311 = ORIENTED_EDGE ( 'NONE', *, *, #3685, .T. ) ;
#4312 = ADVANCED_FACE ( 'NONE', ( #4927 ), #1404, .T. ) ;
#4313 = ORIENTED_EDGE ( 'NONE', *, *, #1529, .T. ) ;
#4314 = ORIENTED_EDGE ( 'NONE', *, *, #4814, .T. ) ;
#4315 = CARTESIAN_POINT ( 'NONE',  ( 37.10000000000161435, 16.60000000000000142, 0.000000000000000000 ) ) ;
#4316 = CARTESIAN_POINT ( 'NONE',  ( 0.6499999999996346478, 8.599999999999999645, 24.59999999999827480 ) ) ;
#4317 = DIRECTION ( 'NONE',  ( 1.000000000000000000, -0.000000000000000000, 0.000000000000000000 ) ) ;
#4318 = CARTESIAN_POINT ( 'NONE',  ( -3.938184857337933220, 5.702785836171679890, 5.371347002936672332 ) ) ;
#4319 = ORIENTED_EDGE ( 'NONE', *, *, #4727, .F. ) ;
#4320 = EDGE_CURVE ( 'NONE', #4128, #3383, #6515, .T. ) ;
#4321 = ORIENTED_EDGE ( 'NONE', *, *, #1144, .T. ) ;
#4322 = ORIENTED_EDGE ( 'NONE', *, *, #968, .T. ) ;
#4323 = DIRECTION ( 'NONE',  ( 1.000000000000000000, 0.000000000000000000, -1.196361017914920171E-16 ) ) ;
#4324 = CARTESIAN_POINT ( 'NONE',  ( 58.66698729810908475, 16.60000000000000142, 29.59999999999940457 ) ) ;
#4325 = DIRECTION ( 'NONE',  ( 0.000000000000000000, -1.000000000000000000, 0.000000000000000000 ) ) ;
#4326 = B_SPLINE_CURVE_WITH_KNOTS ( 'NONE', 3,
 ( #3951, #1345, #3887, #4433, #869, #3481 ),
 .UNSPECIFIED., .F., .F.,
 ( 4, 2, 4 ),
 ( 3.354795539598934899E-17, 0.0002311039772587273917, 0.0004622079545174212272 ),
 .UNSPECIFIED. ) ;
#4327 = ORIENTED_EDGE ( 'NONE', *, *, #6148, .T. ) ;
#4328 = AXIS2_PLACEMENT_3D ( 'NONE', #4132, #4064, #6178 ) ;
#4329 = B_SPLINE_CURVE_WITH_KNOTS ( 'NONE', 3,
 ( #5101, #4145, #5069, #466, #3611, #5661, #1062, #5597 ),
 .UNSPECIFIED., .F., .F.,
 ( 4, 2, 2, 4 ),
 ( 0.000000000000000000, 0.0002904220137589349419, 0.0004356330206384048252, 0.0005808440275178747628 ),
 .UNSPECIFIED. ) ;
#4330 = CARTESIAN_POINT ( 'NONE',  ( 59.80000000000162430, 8.599999999999997868, 31.59999999999832454 ) ) ;
#4331 = ORIENTED_EDGE ( 'NONE', *, *, #1953, .F. ) ;
#4332 = CARTESIAN_POINT ( 'NONE',  ( 0.6499999999994179323, 8.599999999999999645, 26.99999999999791456 ) ) ;
#4333 = FACE_OUTER_BOUND ( 'NONE', #465, .T. ) ;
#4334 = CIRCLE ( 'NONE', #1449, 0.5000000000000004441 ) ;
#4335 = DIRECTION ( 'NONE',  ( 1.908195823574485911E-14, 0.000000000000000000, 1.000000000000000000 ) ) ;
#4336 = VECTOR ( 'NONE', #4507, 1000.000000000000000 ) ;
#4337 = EDGE_LOOP ( 'NONE', ( #4077, #5354, #2968, #2883, #172, #5002, #6355 ) ) ;
#4338 = CARTESIAN_POINT ( 'NONE',  ( 64.35000000000097486, 8.599999999999999645, 24.59999999999835651 ) ) ;
#4339 = CARTESIAN_POINT ( 'NONE',  ( -3.839970092071940844, 6.017467821185707777, 24.42257994905493490 ) ) ;
#4340 = CARTESIAN_POINT ( 'NONE',  ( -3.349999999999051070, 6.599999999999999645, 5.899999999998444267 ) ) ;
#4341 = DIRECTION ( 'NONE',  ( 0.000000000000000000, -1.734723475976805517E-15, -1.000000000000000000 ) ) ;
#4342 = ORIENTED_EDGE ( 'NONE', *, *, #2338, .T. ) ;
#4343 = TOROIDAL_SURFACE ( 'NONE', #1460, 0.1999999999999999833, 0.5000000000000000000 ) ;
#4344 = DIRECTION ( 'NONE',  ( 1.000000000000000000, 0.000000000000000000, -3.556183125752453912E-14 ) ) ;
#4345 = EDGE_CURVE ( 'NONE', #5270, #5064, #1276, .T. ) ;
#4346 = AXIS2_PLACEMENT_3D ( 'NONE', #5483, #6511, #315 ) ;
#4347 = ORIENTED_EDGE ( 'NONE', *, *, #3527, .F. ) ;
#4348 = AXIS2_PLACEMENT_3D ( 'NONE', #4340, #6513, #3832 ) ;
#4349 = ORIENTED_EDGE ( 'NONE', *, *, #3615, .F. ) ;
#4350 = VERTEX_POINT ( 'NONE', #1943 ) ;
#4351 = CARTESIAN_POINT ( 'NONE',  ( -3.747508135294762344, 7.483023367258946124, 5.433301625543663249 ) ) ;
#4352 = AXIS2_PLACEMENT_3D ( 'NONE', #4376, #2834, #4881 ) ;
#4353 = CARTESIAN_POINT ( 'NONE',  ( 6.399999999999416822, 11.47377476407043417, 29.84999999999830678 ) ) ;
#4354 = FACE_OUTER_BOUND ( 'NONE', #980, .T. ) ;
#4355 = EDGE_LOOP ( 'NONE', ( #2331, #5695, #2538 ) ) ;
#4356 = AXIS2_PLACEMENT_3D ( 'NONE', #2421, #280, #3863 ) ;
#4357 = ORIENTED_EDGE ( 'NONE', *, *, #2267, .F. ) ;
#4358 = VERTEX_POINT ( 'NONE', #831 ) ;
#4359 = CIRCLE ( 'NONE', #1476, 0.7000000000000000666 ) ;
#4360 = CARTESIAN_POINT ( 'NONE',  ( -0.1133051906468360570, 7.721226366091304527, 24.31487217532617251 ) ) ;
#4361 = CARTESIAN_POINT ( 'NONE',  ( -6.099999999999137223, 16.10000000000000142, 3.997891065754202167 ) ) ;
#4362 = EDGE_CURVE ( 'NONE', #5921, #2787, #6025, .T. ) ;
#4363 = CARTESIAN_POINT ( 'NONE',  ( -3.904872240752229828, 5.663946489819459806, 5.382170928201329474 ) ) ;
#4364 = VECTOR ( 'NONE', #3378, 1000.000000000000000 ) ;
#4365 = ORIENTED_EDGE ( 'NONE', *, *, #5709, .F. ) ;
#4366 = DIRECTION ( 'NONE',  ( 1.040834085586083310E-14, 0.000000000000000000, -1.000000000000000000 ) ) ;
#4367 = ORIENTED_EDGE ( 'NONE', *, *, #1422, .F. ) ;
#4368 = LINE ( 'NONE', #3220, #2734 ) ;
#4369 = CYLINDRICAL_SURFACE ( 'NONE', #3604, 0.5000000000000004441 ) ;
#4370 = CARTESIAN_POINT ( 'NONE',  ( 6.833012701891655105, 16.10000000000000142, 30.09999999999835296 ) ) ;
#4371 = CIRCLE ( 'NONE', #1917, 0.5000000000000004441 ) ;
#4372 = EDGE_LOOP ( 'NONE', ( #1600, #401, #5116, #3991 ) ) ;
#4373 = DIRECTION ( 'NONE',  ( 0.000000000000000000, -1.000000000000000000, 0.000000000000000000 ) ) ;
#4374 = CARTESIAN_POINT ( 'NONE',  ( 66.60000000000161435, 16.10000000000000142, 4.899999999998364331 ) ) ;
#4375 = CARTESIAN_POINT ( 'NONE',  ( 5.862168987781249171E-16, 8.599999999999999645, 4.899999999998445155 ) ) ;
#4376 = CARTESIAN_POINT ( 'NONE',  ( 59.60000000000161435, 16.60000000000000142, 29.84999999999885389 ) ) ;
#4377 = CIRCLE ( 'NONE', #2022, 1.199999999999999734 ) ;
#4378 = ORIENTED_EDGE ( 'NONE', *, *, #2505, .T. ) ;
#4379 = DIRECTION ( 'NONE',  ( 0.000000000000000000, 0.000000000000000000, -1.000000000000000000 ) ) ;
#4380 = CARTESIAN_POINT ( 'NONE',  ( 18.89999999999941593, 11.40000000000000036, 30.09999999999860165 ) ) ;
#4381 = ORIENTED_EDGE ( 'NONE', *, *, #1273, .F. ) ;
#4382 = AXIS2_PLACEMENT_3D ( 'NONE', #6097, #97, #2009 ) ;
#4383 = ORIENTED_EDGE ( 'NONE', *, *, #5873, .T. ) ;
#4384 = ORIENTED_EDGE ( 'NONE', *, *, #1399, .T. ) ;
#4385 = CARTESIAN_POINT ( 'NONE',  ( 37.80000000000161720, 11.09999999999999787, 31.09999999999848086 ) ) ;
#4386 = CARTESIAN_POINT ( 'NONE',  ( -3.873659151372696563, 6.496493190247252691, 5.606396701067627220 ) ) ;
#4387 = CARTESIAN_POINT ( 'NONE',  ( 0.1499999999995895450, 16.10000000000000142, 25.09999999999827480 ) ) ;
#4388 = SPHERICAL_SURFACE ( 'NONE', #3173, 0.5000000000000000000 ) ;
#4389 = EDGE_LOOP ( 'NONE', ( #109, #2304, #5367, #4877 ) ) ;
#4390 = ORIENTED_EDGE ( 'NONE', *, *, #5712, .T. ) ;
#4391 = ORIENTED_EDGE ( 'NONE', *, *, #5861, .F. ) ;
#4392 = VERTEX_POINT ( 'NONE', #3944 ) ;
#4393 = CARTESIAN_POINT ( 'NONE',  ( -4.195491502811580453, 5.985786337272418045, 5.287743005853571709 ) ) ;
#4394 = AXIS2_PLACEMENT_3D ( 'NONE', #935, #6470, #2452 ) ;
#4395 = DIRECTION ( 'NONE',  ( -0.000000000000000000, -0.000000000000000000, -1.000000000000000000 ) ) ;
#4396 = EDGE_CURVE ( 'NONE', #1756, #3074, #3839, .T. ) ;
#4397 = EDGE_CURVE ( 'NONE', #5783, #1155, #3471, .T. ) ;
#4398 = CARTESIAN_POINT ( 'NONE',  ( -0.1000047220857666203, 7.588348255606464754, 5.868248274976547663 ) ) ;
#4399 = CARTESIAN_POINT ( 'NONE',  ( -4.349999999999049294, 6.697891065755752216, 24.23672873599514688 ) ) ;
#4400 = CIRCLE ( 'NONE', #3315, 0.5000000000000004441 ) ;
#4401 = CARTESIAN_POINT ( 'NONE',  ( 2.210308877732446313E-13, 8.599999999999999645, 31.59999999999874021 ) ) ;
#4402 = ORIENTED_EDGE ( 'NONE', *, *, #3732, .F. ) ;
#4403 = DIRECTION ( 'NONE',  ( 1.000000000000000000, 0.000000000000000000, -5.143428980917867249E-17 ) ) ;
#4404 = ADVANCED_FACE ( 'NONE', ( #5431 ), #3973, .F. ) ;
#4405 = DIRECTION ( 'NONE',  ( 0.000000000000000000, 0.000000000000000000, 1.000000000000000000 ) ) ;
#4406 = EDGE_CURVE ( 'NONE', #4032, #2330, #2971, .T. ) ;
#4407 = DIRECTION ( 'NONE',  ( 0.000000000000000000, 0.000000000000000000, -1.000000000000000000 ) ) ;
#4408 = ORIENTED_EDGE ( 'NONE', *, *, #1325, .T. ) ;
#4409 = CARTESIAN_POINT ( 'NONE',  ( -0.5999999999984141352, 16.60000000000000142, 31.59999999999874731 ) ) ;
#4410 = DIRECTION ( 'NONE',  ( -1.000000000000000000, -0.000000000000000000, -0.000000000000000000 ) ) ;
#4411 = DIRECTION ( 'NONE',  ( 0.000000000000000000, 0.000000000000000000, 1.000000000000000000 ) ) ;
#4412 = DIRECTION ( 'NONE',  ( 0.000000000000000000, 0.000000000000000000, -1.000000000000000000 ) ) ;
#4413 = DIRECTION ( 'NONE',  ( 1.000000000000000000, -0.000000000000000000, 0.000000000000000000 ) ) ;
#4414 = DIRECTION ( 'NONE',  ( 1.196361017914920171E-16, -0.000000000000000000, 1.000000000000000000 ) ) ;
#4415 = PRODUCT_DEFINITION_SHAPE ( 'NONE', 'NONE',  #4585 ) ;
#4416 = CIRCLE ( 'NONE', #982, 0.5000000000000000000 ) ;
#4417 = ORIENTED_EDGE ( 'NONE', *, *, #4945, .F. ) ;
#4418 = EDGE_CURVE ( 'NONE', #583, #1513, #744, .T. ) ;
#4419 = VERTEX_POINT ( 'NONE', #2940 ) ;
#4420 = ORIENTED_EDGE ( 'NONE', *, *, #1729, .T. ) ;
#4421 = CARTESIAN_POINT ( 'NONE',  ( -0.6324358001786483108, 8.089468096567690836, 5.899999999998443379 ) ) ;
#4422 = CARTESIAN_POINT ( 'NONE',  ( -3.350000034265061988, 6.089539852175510859, 5.789872101360503009 ) ) ;
#4423 = B_SPLINE_CURVE_WITH_KNOTS ( 'NONE', 3,
 ( #115, #2158, #588, #2126, #4100, #4584 ),
 .UNSPECIFIED., .F., .F.,
 ( 4, 2, 4 ),
 ( 7.831005274198006843E-05, 0.0003569772824392939792, 0.0006356445121366099092 ),
 .UNSPECIFIED. ) ;
#4424 = CARTESIAN_POINT ( 'NONE',  ( -5.899999999999137046, 5.099999999999999645, 3.997891065754202167 ) ) ;
#4425 = AXIS2_PLACEMENT_3D ( 'NONE', #2941, #3539, #1944 ) ;
#4426 = CARTESIAN_POINT ( 'NONE',  ( -3.747508135295864129, 7.483023367257941594, 24.56669837445299009 ) ) ;
#4427 = ORIENTED_EDGE ( 'NONE', *, *, #826, .F. ) ;
#4428 = VERTEX_POINT ( 'NONE', #2907 ) ;
#4429 = VERTEX_POINT ( 'NONE', #4998 ) ;
#4430 = TOROIDAL_SURFACE ( 'NONE', #3222, 5.500000000000000000, 0.5000000000000000000 ) ;
#4431 = ORIENTED_EDGE ( 'NONE', *, *, #2212, .F. ) ;
#4432 = CARTESIAN_POINT ( 'NONE',  ( -4.018543638816671759, 6.032941183773602667, 24.61113406673176129 ) ) ;
#4433 = CARTESIAN_POINT ( 'NONE',  ( -3.961101999229815984, 5.777677328579193805, 24.62279878843501635 ) ) ;
#4434 = CARTESIAN_POINT ( 'NONE',  ( 62.00000000000004974, 16.60000000000000142, 29.84999999999887876 ) ) ;
#4435 = DIRECTION ( 'NONE',  ( -1.000000000000000000, 0.000000000000000000, 0.000000000000000000 ) ) ;
#4436 = EDGE_CURVE ( 'NONE', #1790, #3877, #759, .T. ) ;
#4437 = LINE ( 'NONE', #1420, #5726 ) ;
#4438 = ORIENTED_EDGE ( 'NONE', *, *, #6321, .T. ) ;
#4439 = CARTESIAN_POINT ( 'NONE',  ( -6.100000000000464162, 16.10000000000000142, 0.000000000000000000 ) ) ;
#4440 = DIRECTION ( 'NONE',  ( -1.000000000000000000, 0.000000000000000000, 0.000000000000000000 ) ) ;
#4441 = DIRECTION ( 'NONE',  ( -1.000000000000000000, 0.000000000000000000, 0.000000000000000000 ) ) ;
#4442 = AXIS2_PLACEMENT_3D ( 'NONE', #3563, #6079, #1083 ) ;
#4443 =( BOUNDED_SURFACE ( )  B_SPLINE_SURFACE ( 3, 2, ( 
 ( #6201, #5143, #1650 ),
 ( #973, #5604, #2653 ),
 ( #2146, #6231, #5178 ),
 ( #537, #1586, #574 ),
 ( #3018, #8, #5076 ),
 ( #2013, #1003, #4055 ) ),
 .UNSPECIFIED., .F., .F., .F. ) 
 B_SPLINE_SURFACE_WITH_KNOTS ( ( 4, 2, 4 ),
 ( 3, 3 ),
 ( 7.005919554992933840, 7.429950594483708315, 7.853981633974482790 ),
 ( 0.000000000000000000, 1.000000000000000000 ),
 .UNSPECIFIED. ) 
 GEOMETRIC_REPRESENTATION_ITEM ( )  RATIONAL_B_SPLINE_SURFACE ( (
 ( 1.000000000000000000, 0.8477912478906428628, 1.000000000000000000),
 ( 1.000000000000000000, 0.8893848161474383618, 1.000000000000000000),
 ( 1.000000000000000000, 0.9290440718070724913, 1.000000000000000000),
 ( 1.000000000000000000, 0.9844443205711250755, 1.000000000000000000),
 ( 1.000000000000000000, 1.000216355542350666, 1.000000000000000000),
 ( 1.000000000000000000, 1.000000000000000000, 1.000000000000000000) ) ) 
 REPRESENTATION_ITEM ( '' )  SURFACE ( )  );
#4444 = ORIENTED_EDGE ( 'NONE', *, *, #1133, .F. ) ;
#4445 = ADVANCED_FACE ( 'NONE', ( #2879 ), #1703, .T. ) ;
#4446 = LINE ( 'NONE', #145, #1983 ) ;
#4447 = VECTOR ( 'NONE', #4981, 1000.000000000000000 ) ;
#4448 = DIRECTION ( 'NONE',  ( -1.196361017914919431E-16, 0.000000000000000000, -1.000000000000000000 ) ) ;
#4449 = CARTESIAN_POINT ( 'NONE',  ( 19.59999999999941522, 8.599999999999999645, 31.09999999999860165 ) ) ;
#4450 = CARTESIAN_POINT ( 'NONE',  ( 66.10000000000161435, 8.900000000000000355, 23.89999999999835723 ) ) ;
#4451 = EDGE_CURVE ( 'NONE', #4684, #2230, #6149, .T. ) ;
#4452 = DIRECTION ( 'NONE',  ( 0.000000000000000000, 0.000000000000000000, -1.000000000000000000 ) ) ;
#4453 = AXIS2_PLACEMENT_3D ( 'NONE', #5374, #1721, #277 ) ;
#4454 = ORIENTED_EDGE ( 'NONE', *, *, #1483, .T. ) ;
#4455 = ORIENTED_EDGE ( 'NONE', *, *, #3619, .F. ) ;
#4456 = EDGE_LOOP ( 'NONE', ( #6281, #6037, #1190, #1029 ) ) ;
#4457 = CARTESIAN_POINT ( 'NONE',  ( -3.604528795093752347, 7.230247689110584908, 5.899999999998443379 ) ) ;
#4458 = EDGE_CURVE ( 'NONE', #5270, #2642, #4819, .T. ) ;
#4459 = DIRECTION ( 'NONE',  ( 6.938893903907222067E-15, 0.000000000000000000, 1.000000000000000000 ) ) ;
#4460 = AXIS2_PLACEMENT_3D ( 'NONE', #5312, #2248, #2282 ) ;
#4461 = DIRECTION ( 'NONE',  ( 0.000000000000000000, 0.000000000000000000, 1.000000000000000000 ) ) ;
#4462 = DIRECTION ( 'NONE',  ( 0.000000000000000000, 1.000000000000000000, -0.000000000000000000 ) ) ;
#4463 = EDGE_LOOP ( 'NONE', ( #2410, #2358, #4782, #1028 ) ) ;
#4464 = VERTEX_POINT ( 'NONE', #5060 ) ;
#4465 = VERTEX_POINT ( 'NONE', #1052 ) ;
#4466 = ORIENTED_EDGE ( 'NONE', *, *, #4255, .F. ) ;
#4467 = CARTESIAN_POINT ( 'NONE',  ( -3.860363754404883885, 5.772735738731003430, 24.57033027250809099 ) ) ;
#4468 = CARTESIAN_POINT ( 'NONE',  ( -5.961803398874126358, 5.599999999999998757, 4.188102369013233073 ) ) ;
#4469 = AXIS2_PLACEMENT_3D ( 'NONE', #491, #2535, #4588 ) ;
#4470 = DIRECTION ( 'NONE',  ( 0.000000000000000000, 0.000000000000000000, -1.000000000000000000 ) ) ;
#4471 = FACE_OUTER_BOUND ( 'NONE', #2167, .T. ) ;
#4472 = VECTOR ( 'NONE', #5548, 1000.000000000000000 ) ;
#4473 = DIRECTION ( 'NONE',  ( 1.017312411335546717E-14, 0.000000000000000000, -1.000000000000000000 ) ) ;
#4474 = ORIENTED_EDGE ( 'NONE', *, *, #3454, .T. ) ;
#4475 = CARTESIAN_POINT ( 'NONE',  ( -3.932858150704172218, 5.673703808690542694, 5.373077754840491771 ) ) ;
#4476 = DIRECTION ( 'NONE',  ( 0.000000000000000000, -0.000000000000000000, 1.000000000000000000 ) ) ;
#4477 = AXIS2_PLACEMENT_3D ( 'NONE', #512, #540, #4545 ) ;
#4478 = EDGE_CURVE ( 'NONE', #5292, #2828, #2501, .T. ) ;
#4479 = DIRECTION ( 'NONE',  ( 1.000000000000000000, -0.000000000000000000, -1.196361017914920171E-16 ) ) ;
#4480 = DIRECTION ( 'NONE',  ( 1.000000000000000000, 0.000000000000000000, -1.196361017914920171E-16 ) ) ;
#4481 = EDGE_CURVE ( 'NONE', #1593, #4428, #2569, .T. ) ;
#4482 = DIRECTION ( 'NONE',  ( -1.000000000000000000, 0.000000000000000000, 0.000000000000000000 ) ) ;
#4483 = DIRECTION ( 'NONE',  ( 1.982541115402067279E-14, 0.000000000000000000, 1.000000000000000000 ) ) ;
#4484 = CARTESIAN_POINT ( 'NONE',  ( 2.999999999999780176, 8.599999999999999645, 29.34999999999827835 ) ) ;
#4485 = AXIS2_PLACEMENT_3D ( 'NONE', #218, #4303, #5748 ) ;
#4486 =( BOUNDED_SURFACE ( )  B_SPLINE_SURFACE ( 3, 2, ( 
 ( #5273, #678, #2714 ),
 ( #4768, #167, #2207 ),
 ( #4251, #6290, #1820 ),
 ( #5337, #1891, #1347 ),
 ( #2414, #2819, #5935 ),
 ( #6399, #4939, #4398 ) ),
 .UNSPECIFIED., .F., .F., .T. ) 
 B_SPLINE_SURFACE_WITH_KNOTS ( ( 4, 2, 4 ),
 ( 3, 3 ),
 ( 0.004875265645899843313, 0.005238405215501546960, 0.005601544785103249741 ),
 ( 0.4630452844347442976, 1.000000000000000000 ),
 .UNSPECIFIED. ) 
 GEOMETRIC_REPRESENTATION_ITEM ( )  RATIONAL_B_SPLINE_SURFACE ( (
 ( 0.8543533704290753317, 0.8427296050010307793, 1.000000000000000000),
 ( 0.8650516664489107388, 0.8542817105719741066, 1.000000000000000000),
 ( 0.8759824930215343031, 0.8660849044928097262, 1.000000000000000000),
 ( 0.8915497600363839759, 0.8828945638697034415, 1.000000000000000000),
 ( 0.8959816393667032752, 0.8876801426017376651, 1.000000000000000000),
 ( 0.8958548693347347935, 0.8875432553077406972, 1.000000000000000000) ) ) 
 REPRESENTATION_ITEM ( '' )  SURFACE ( )  );
#4487 = EDGE_LOOP ( 'NONE', ( #2454, #790, #3842, #5852 ) ) ;
#4488 = VERTEX_POINT ( 'NONE', #1603 ) ;
#4489 = FACE_OUTER_BOUND ( 'NONE', #3160, .T. ) ;
#4490 = ADVANCED_FACE ( 'NONE', ( #3135 ), #5588, .F. ) ;
#4491 = AXIS2_PLACEMENT_3D ( 'NONE', #2797, #1798, #1288 ) ;
#4492 = ADVANCED_FACE ( 'NONE', ( #5194 ), #5126, .T. ) ;
#4493 = CARTESIAN_POINT ( 'NONE',  ( 6.833012701891665763, 16.10000000000000497, 29.59999999999835296 ) ) ;
#4494 = DIRECTION ( 'NONE',  ( 0.8561472168654721271, -0.5167319837725418141, 0.000000000000000000 ) ) ;
#4495 = FACE_OUTER_BOUND ( 'NONE', #5028, .T. ) ;
#4496 = ORIENTED_EDGE ( 'NONE', *, *, #1868, .T. ) ;
#4497 = ADVANCED_FACE ( 'NONE', ( #6616 ), #457, .T. ) ;
#4498 = EDGE_LOOP ( 'NONE', ( #2702, #1875, #3219, #210 ) ) ;
#4499 = AXIS2_PLACEMENT_3D ( 'NONE', #5568, #3416, #3385 ) ;
#4500 = ORIENTED_EDGE ( 'NONE', *, *, #4679, .F. ) ;
#4501 = DIRECTION ( 'NONE',  ( 0.000000000000000000, 0.000000000000000000, 1.000000000000000000 ) ) ;
#4502 = DIRECTION ( 'NONE',  ( -0.7499999999980047072, -0.6614378277684102025, 0.000000000000000000 ) ) ;
#4503 = LINE ( 'NONE', #2044, #4188 ) ;
#4504 = VECTOR ( 'NONE', #6459, 1000.000000000000000 ) ;
#4505 = CARTESIAN_POINT ( 'NONE',  ( -4.169936144975136649, 5.891239539045820983, 5.296046444958911970 ) ) ;
#4506 = AXIS2_PLACEMENT_3D ( 'NONE', #1310, #4769, #2348 ) ;
#4507 = DIRECTION ( 'NONE',  ( 1.000000000000000000, -0.000000000000000000, -6.994648347254856026E-15 ) ) ;
#4508 = VERTEX_POINT ( 'NONE', #4005 ) ;
#4509 = FACE_OUTER_BOUND ( 'NONE', #1985, .T. ) ;
#4510 = DIRECTION ( 'NONE',  ( 0.000000000000000000, 0.000000000000000000, 1.000000000000000000 ) ) ;
#4511 = DIRECTION ( 'NONE',  ( -6.994648347254856026E-15, 0.000000000000000000, -1.000000000000000000 ) ) ;
#4512 = CIRCLE ( 'NONE', #5890, 0.5000000000000004441 ) ;
#4513 = DIRECTION ( 'NONE',  ( -1.000000000000000000, 0.000000000000000000, 0.000000000000000000 ) ) ;
#4514 = LINE ( 'NONE', #6543, #3581 ) ;
#4515 = EDGE_LOOP ( 'NONE', ( #1248, #867, #3447, #5259 ) ) ;
#4516 = CIRCLE ( 'NONE', #1840, 0.5000000000000000000 ) ;
#4517 = DIRECTION ( 'NONE',  ( -0.9510565162951545304, -0.3090169943749445092, -0.000000000000000000 ) ) ;
#4518 = CARTESIAN_POINT ( 'NONE',  ( 0.1499999999995895450, 8.099999999999999645, 25.09999999999829612 ) ) ;
#4519 = CARTESIAN_POINT ( 'NONE',  ( -3.919670012068941389, 5.681735135491320143, 24.62263715915610263 ) ) ;
#4520 = EDGE_CURVE ( 'NONE', #6322, #3795, #3538, .T. ) ;
#4521 = EDGE_CURVE ( 'NONE', #2263, #1393, #2033, .T. ) ;
#4522 = ORIENTED_EDGE ( 'NONE', *, *, #1234, .F. ) ;
#4523 = VERTEX_POINT ( 'NONE', #2603 ) ;
#4524 = CARTESIAN_POINT ( 'NONE',  ( 0.6500000000018568702, 16.10000000000000142, 5.871587215293058169E-14 ) ) ;
#4525 = LINE ( 'NONE', #4999, #4534 ) ;
#4526 = CARTESIAN_POINT ( 'NONE',  ( -5.899999999999137046, 5.599999999999998757, -0.9000000000000001332 ) ) ;
#4527 = EDGE_LOOP ( 'NONE', ( #4321, #5732, #6487, #2183, #1142, #2231, #197, #5689, #25 ) ) ;
#4528 = AXIS2_PLACEMENT_3D ( 'NONE', #5702, #577, #3212 ) ;
#4529 = ORIENTED_EDGE ( 'NONE', *, *, #488, .F. ) ;
#4530 = EDGE_CURVE ( 'NONE', #1292, #1155, #1355, .T. ) ;
#4531 = ORIENTED_EDGE ( 'NONE', *, *, #1452, .T. ) ;
#4532 = VERTEX_POINT ( 'NONE', #4651 ) ;
#4533 = CARTESIAN_POINT ( 'NONE',  ( -3.879583060736485400, 5.888384757159601968, 24.51506894047378182 ) ) ;
#4534 = VECTOR ( 'NONE', #397, 1000.000000000000000 ) ;
#4535 = DIRECTION ( 'NONE',  ( -1.000000000000000000, 0.000000000000000000, -1.017312411335546717E-14 ) ) ;
#4536 = ADVANCED_FACE ( 'NONE', ( #6583 ), #3601, .T. ) ;
#4537 = DIRECTION ( 'NONE',  ( -1.000000000000000000, -0.000000000000000000, -0.000000000000000000 ) ) ;
#4538 = DIRECTION ( 'NONE',  ( -0.000000000000000000, 1.000000000000000000, 0.000000000000000000 ) ) ;
#4539 = CIRCLE ( 'NONE', #566, 0.5000000000000004441 ) ;
#4540 = EDGE_CURVE ( 'NONE', #1148, #1815, #1785, .T. ) ;
#4541 = CARTESIAN_POINT ( 'NONE',  ( 59.19056306942008661, 16.39167110492510204, 29.84999999999885034 ) ) ;
#4542 = ORIENTED_EDGE ( 'NONE', *, *, #2929, .F. ) ;
#4543 = DIRECTION ( 'NONE',  ( -0.3090169943749447867, 0.9510565162951544194, 0.000000000000000000 ) ) ;
#4544 = DIRECTION ( 'NONE',  ( 0.000000000000000000, 1.000000000000000000, -0.000000000000000000 ) ) ;
#4545 = DIRECTION ( 'NONE',  ( 0.000000000000000000, 0.000000000000000000, 1.000000000000000000 ) ) ;
#4546 = ADVANCED_FACE ( 'NONE', ( #5650 ), #1573, .T. ) ;
#4547 = DIRECTION ( 'NONE',  ( 0.000000000000000000, 0.000000000000000000, -1.000000000000000000 ) ) ;
#4548 = ORIENTED_EDGE ( 'NONE', *, *, #4180, .T. ) ;
#4549 = DIRECTION ( 'NONE',  ( 1.000000000000000000, 0.000000000000000000, -1.908195823574486226E-14 ) ) ;
#4550 = CIRCLE ( 'NONE', #4982, 0.6999999999999992895 ) ;
#4551 = CARTESIAN_POINT ( 'NONE',  ( -2.985811927269651504E-13, 16.10000000000000142, 29.34999999999824638 ) ) ;
#4552 = ADVANCED_FACE ( 'NONE', ( #1568 ), #3569, .F. ) ;
#4553 = CARTESIAN_POINT ( 'NONE',  ( -3.921283827370193542, 5.625194409812572793, 24.62316151953357846 ) ) ;
#4554 = ADVANCED_FACE ( 'NONE', ( #3664 ), #118, .T. ) ;
#4555 = AXIS2_PLACEMENT_3D ( 'NONE', #1545, #996, #2006 ) ;
#4556 = VERTEX_POINT ( 'NONE', #4168 ) ;
#4557 = DIRECTION ( 'NONE',  ( -1.000000000000000000, 0.000000000000000000, 1.196361017914920171E-16 ) ) ;
#4558 = DIRECTION ( 'NONE',  ( 0.000000000000000000, 0.000000000000000000, -1.000000000000000000 ) ) ;
#4559 = CARTESIAN_POINT ( 'NONE',  ( 59.60000000000161435, 8.799999999999998934, 31.09999999999832454 ) ) ;
#4560 = CARTESIAN_POINT ( 'NONE',  ( -0.5999999999984189092, 5.599999999999998757, 5.899999999998444267 ) ) ;
#4561 = CIRCLE ( 'NONE', #161, 0.5000000000000000000 ) ;
#4562 = DIRECTION ( 'NONE',  ( -0.000000000000000000, 1.000000000000000000, -0.000000000000000000 ) ) ;
#4563 = EDGE_CURVE ( 'NONE', #2220, #598, #814, .T. ) ;
#4564 = VERTEX_POINT ( 'NONE', #5715 ) ;
#4565 = ORIENTED_EDGE ( 'NONE', *, *, #5871, .F. ) ;
#4566 = ORIENTED_EDGE ( 'NONE', *, *, #5731, .T. ) ;
#4567 = AXIS2_PLACEMENT_3D ( 'NONE', #2391, #4023, #4543 ) ;
#4568 = FACE_OUTER_BOUND ( 'NONE', #958, .T. ) ;
#4569 = LINE ( 'NONE', #5693, #2768 ) ;
#4570 =( BOUNDED_SURFACE ( )  B_SPLINE_SURFACE ( 3, 2, ( 
 ( #2895, #4948, #2930 ),
 ( #1900, #1391, #4883 ),
 ( #3966, #2433, #291 ),
 ( #5917, #6382, #5955 ) ),
 .UNSPECIFIED., .F., .F., .T. ) 
 B_SPLINE_SURFACE_WITH_KNOTS ( ( 4, 4 ),
 ( 3, 3 ),
 ( 5.413903367989289173, 6.283185307179586232 ),
 ( 0.000000000000000000, 1.000000000000000000 ),
 .UNSPECIFIED. ) 
 GEOMETRIC_REPRESENTATION_ITEM ( )  RATIONAL_B_SPLINE_SURFACE ( (
 ( 1.000000000000000000, 0.7744132970744241895, 1.000000000000000000),
 ( 1.000000000000000000, 0.7966015464423177317, 1.000000000000000000),
 ( 1.000000000000000000, 0.8091236404367696533, 1.000000000000000000),
 ( 1.000000000000000000, 0.8090169943749432324, 1.000000000000000000) ) ) 
 REPRESENTATION_ITEM ( '' )  SURFACE ( )  );
#4571 = CARTESIAN_POINT ( 'NONE',  ( -3.849643128745691367, 5.613172237491669492, 5.400115954497702653 ) ) ;
#4572 = DIRECTION ( 'NONE',  ( 0.000000000000000000, -1.000000000000000000, 0.000000000000000000 ) ) ;
#4573 = DIRECTION ( 'NONE',  ( -0.000000000000000000, 1.000000000000000000, -0.000000000000000000 ) ) ;
#4574 = CARTESIAN_POINT ( 'NONE',  ( -3.736169442946690289, 5.751624935005327011, 5.423123587476884389 ) ) ;
#4575 = DIRECTION ( 'NONE',  ( -0.000000000000000000, 1.000000000000000000, -0.000000000000000000 ) ) ;
#4576 = EDGE_CURVE ( 'NONE', #758, #1544, #5426, .T. ) ;
#4577 = AXIS2_PLACEMENT_3D ( 'NONE', #2626, #4676, #3221 ) ;
#4578 = ORIENTED_EDGE ( 'NONE', *, *, #6105, .T. ) ;
#4579 = ORIENTED_EDGE ( 'NONE', *, *, #4214, .F. ) ;
#4580 = CIRCLE ( 'NONE', #2208, 0.5000000000000004441 ) ;
#4581 = LINE ( 'NONE', #3593, #4472 ) ;
#4582 = DIRECTION ( 'NONE',  ( -1.000000000000000000, 0.000000000000000000, 5.143428980917867249E-17 ) ) ;
#4583 = CARTESIAN_POINT ( 'NONE',  ( -3.849999999999124789, 7.635955717790850805, 5.399999999998445155 ) ) ;
#4584 = CARTESIAN_POINT ( 'NONE',  ( -0.09999999999841889531, 7.590521286910921539, 5.868245836550253891 ) ) ;
#4585 = PRODUCT_DEFINITION ( 'UNKNOWN', '', #5948, #981 ) ;
#4586 = ORIENTED_EDGE ( 'NONE', *, *, #4097, .T. ) ;
#4587 = DIRECTION ( 'NONE',  ( 6.994648347254856026E-15, -0.000000000000000000, 1.000000000000000000 ) ) ;
#4588 = DIRECTION ( 'NONE',  ( 0.000000000000000000, 0.000000000000000000, -1.000000000000000000 ) ) ;
#4589 = CARTESIAN_POINT ( 'NONE',  ( -3.677419152304993499, 6.080942047187164690, 5.023247613490476660 ) ) ;
#4590 = DIRECTION ( 'NONE',  ( 1.000000000000000000, 0.000000000000000000, 0.000000000000000000 ) ) ;
#4591 = ORIENTED_EDGE ( 'NONE', *, *, #1409, .F. ) ;
#4592 = B_SPLINE_CURVE_WITH_KNOTS ( 'NONE', 3,
 ( #3712, #3089, #615, #1042, #5147, #5765, #5738, #579 ),
 .UNSPECIFIED., .F., .F.,
 ( 4, 2, 2, 4 ),
 ( 0.000000000000000000, 0.0001689311211894652142, 0.0003378622423789304284, 0.0006757244847578629168 ),
 .UNSPECIFIED. ) ;
#4593 = CARTESIAN_POINT ( 'NONE',  ( 59.80000000000161720, 8.099999999999999645, 31.09999999999831743 ) ) ;
#4594 = ORIENTED_EDGE ( 'NONE', *, *, #3566, .T. ) ;
#4595 = CARTESIAN_POINT ( 'NONE',  ( -0.6648716003588781565, 8.588414906224459244, 5.899999999998445155 ) ) ;
#4596 = AXIS2_PLACEMENT_3D ( 'NONE', #4962, #6521, #5430 ) ;
#4597 = ORIENTED_EDGE ( 'NONE', *, *, #1145, .F. ) ;
#4598 = LINE ( 'NONE', #2072, #5602 ) ;
#4599 = CARTESIAN_POINT ( 'NONE',  ( 64.35000000000050591, 10.59999999999999787, -1.227924012470191182E-12 ) ) ;
#4600 = DIRECTION ( 'NONE',  ( 0.000000000000000000, -1.000000000000000000, -0.000000000000000000 ) ) ;
#4601 = AXIS2_PLACEMENT_3D ( 'NONE', #5112, #1040, #3148 ) ;
#4602 = FACE_OUTER_BOUND ( 'NONE', #5923, .T. ) ;
#4603 = DIRECTION ( 'NONE',  ( 0.000000000000000000, -1.000000000000000000, 0.000000000000000000 ) ) ;
#4604 = EDGE_CURVE ( 'NONE', #5795, #3074, #5749, .T. ) ;
#4605 = CARTESIAN_POINT ( 'NONE',  ( 58.40000000000162572, 11.59999999999999964, 31.59999999999833165 ) ) ;
#4606 = EDGE_CURVE ( 'NONE', #6386, #5429, #4131, .T. ) ;
#4607 = VECTOR ( 'NONE', #5974, 1000.000000000000000 ) ;
#4608 = CARTESIAN_POINT ( 'NONE',  ( 7.099999999999418776, 11.40000000000000036, 0.000000000000000000 ) ) ;
#4609 = CARTESIAN_POINT ( 'NONE',  ( 66.10000000000161435, 16.60000000000000142, 0.000000000000000000 ) ) ;
#4610 = SURFACE_STYLE_USAGE ( .BOTH. , #5183 ) ;
#4611 = VECTOR ( 'NONE', #4413, 1000.000000000000000 ) ;
#4612 = ORIENTED_EDGE ( 'NONE', *, *, #4688, .T. ) ;
#4613 = EDGE_CURVE ( 'NONE', #260, #1421, #726, .T. ) ;
#4614 = ORIENTED_EDGE ( 'NONE', *, *, #4521, .F. ) ;
#4615 = CARTESIAN_POINT ( 'NONE',  ( 62.00000000000005684, 8.599999999999999645, 0.6499999999973887777 ) ) ;
#4616 = EDGE_CURVE ( 'NONE', #4508, #5270, #5847, .T. ) ;
#4617 = CARTESIAN_POINT ( 'NONE',  ( 64.35000000000096065, 9.599999999999999645, 23.89999999999835723 ) ) ;
#4618 = DIRECTION ( 'NONE',  ( 0.000000000000000000, 0.000000000000000000, -1.000000000000000000 ) ) ;
#4619 = ORIENTED_EDGE ( 'NONE', *, *, #4191, .T. ) ;
#4620 = LINE ( 'NONE', #426, #1379 ) ;
#4621 = CARTESIAN_POINT ( 'NONE',  ( 0.1499999999995895450, 16.10000000000000142, 25.09999999999827480 ) ) ;
#4622 = DIRECTION ( 'NONE',  ( -1.000000000000000000, -0.000000000000000000, -0.000000000000000000 ) ) ;
#4623 = LINE ( 'NONE', #4042, #6374 ) ;
#4624 = AXIS2_PLACEMENT_3D ( 'NONE', #5808, #1214, #1661 ) ;
#4625 = ORIENTED_EDGE ( 'NONE', *, *, #5034, .T. ) ;
#4626 = FACE_OUTER_BOUND ( 'NONE', #3572, .T. ) ;
#4627 = ORIENTED_EDGE ( 'NONE', *, *, #1892, .T. ) ;
#4628 = CARTESIAN_POINT ( 'NONE',  ( 66.60000000000161435, 16.60000000000000142, 25.09999999999835651 ) ) ;
#4629 = VERTEX_POINT ( 'NONE', #2763 ) ;
#4630 = DIRECTION ( 'NONE',  ( 1.000000000000000000, 4.163336342344332609E-14, -4.163336342344336395E-14 ) ) ;
#4631 = CARTESIAN_POINT ( 'NONE',  ( 7.099999999999418776, 12.09999999999999964, 0.000000000000000000 ) ) ;
#4632 = TOROIDAL_SURFACE ( 'NONE', #34, 1.000000000000000000, 0.5000000000000000000 ) ;
#4633 = DIRECTION ( 'NONE',  ( 0.000000000000000000, 0.000000000000000000, -1.000000000000000000 ) ) ;
#4634 = FACE_OUTER_BOUND ( 'NONE', #2882, .T. ) ;
#4635 = FACE_OUTER_BOUND ( 'NONE', #1720, .T. ) ;
#4636 = CIRCLE ( 'NONE', #6323, 0.5000000000000004441 ) ;
#4637 = DIRECTION ( 'NONE',  ( 0.000000000000000000, 0.000000000000000000, -1.000000000000000000 ) ) ;
#4638 = PLANE ( 'NONE',  #1497 ) ;
#4639 = DIRECTION ( 'NONE',  ( -1.000000000000000000, 0.000000000000000000, 5.143428980917867249E-17 ) ) ;
#4640 = CIRCLE ( 'NONE', #5598, 0.7000000000000000666 ) ;
#4641 = CARTESIAN_POINT ( 'NONE',  ( -5.899999999999137046, 16.10000000000000142, 3.997891065754202167 ) ) ;
#4642 = EDGE_CURVE ( 'NONE', #856, #260, #6167, .T. ) ;
#4643 = EDGE_LOOP ( 'NONE', ( #5622, #3335, #2254, #650 ) ) ;
#4644 = ORIENTED_EDGE ( 'NONE', *, *, #5731, .F. ) ;
#4645 = AXIS2_PLACEMENT_3D ( 'NONE', #5264, #4759, #229 ) ;
#4646 = DIRECTION ( 'NONE',  ( -0.000000000000000000, -1.000000000000000000, -0.000000000000000000 ) ) ;
#4647 = CARTESIAN_POINT ( 'NONE',  ( 59.60000000000161435, 16.60000000000000142, 30.59999999999942233 ) ) ;
#4648 = EDGE_CURVE ( 'NONE', #5429, #2211, #2423, .T. ) ;
#4649 = VERTEX_POINT ( 'NONE', #2257 ) ;
#4650 = LINE ( 'NONE', #3568, #3514 ) ;
#4651 = CARTESIAN_POINT ( 'NONE',  ( 64.85000000000063380, 11.09999999999999787, 6.099999999998364508 ) ) ;
#4652 = EDGE_CURVE ( 'NONE', #3127, #821, #4306, .T. ) ;
#4653 = CARTESIAN_POINT ( 'NONE',  ( 0.6500000000014142243, 16.10000000000000142, 4.899999999998490452 ) ) ;
#4654 = EDGE_LOOP ( 'NONE', ( #4144, #5186, #1022, #5130 ) ) ;
#4655 = CARTESIAN_POINT ( 'NONE',  ( -3.149999999999051337, 6.697891065755752216, 5.399999999998445155 ) ) ;
#4656 = ORIENTED_EDGE ( 'NONE', *, *, #4814, .F. ) ;
#4657 = CIRCLE ( 'NONE', #4442, 0.5000000000000004441 ) ;
#4658 = ORIENTED_EDGE ( 'NONE', *, *, #1457, .T. ) ;
#4659 = ORIENTED_EDGE ( 'NONE', *, *, #496, .T. ) ;
#4660 = DIRECTION ( 'NONE',  ( -4.163336342344337027E-14, 0.000000000000000000, -1.000000000000000000 ) ) ;
#4661 =( BOUNDED_CURVE ( )  B_SPLINE_CURVE ( 3, ( #5063, #5198, #3103, #1023 ),
 .UNSPECIFIED., .F., .T. ) 
 B_SPLINE_CURVE_WITH_KNOTS ( ( 4, 4 ),
 ( 5.468441697777074673, 6.283185307179586232 ),
 .UNSPECIFIED. ) 
 CURVE ( )  GEOMETRIC_REPRESENTATION_ITEM ( )  RATIONAL_B_SPLINE_CURVE ( ( 1.000000000000000000, 0.9454435182061324827, 0.9454435182061324827, 1.000000000000000000 ) ) 
 REPRESENTATION_ITEM ( '' )  );
#4662 = DIRECTION ( 'NONE',  ( -1.000000000000000000, 0.000000000000000000, 1.196361017914920171E-16 ) ) ;
#4663 = VECTOR ( 'NONE', #3665, 1000.000000000000000 ) ;
#4664 = DIRECTION ( 'NONE',  ( 0.000000000000000000, 0.000000000000000000, 1.000000000000000000 ) ) ;
#4665 = CARTESIAN_POINT ( 'NONE',  ( 7.016624814556061907, 16.60000000000000142, 21.59495067829478643 ) ) ;
#4666 = AXIS2_PLACEMENT_3D ( 'NONE', #6479, #5052, #2493 ) ;
#4667 = DIRECTION ( 'NONE',  ( -1.000000000000000000, -1.662443331144439291E-14, 0.000000000000000000 ) ) ;
#4668 = EDGE_CURVE ( 'NONE', #6507, #278, #645, .T. ) ;
#4669 = DIRECTION ( 'NONE',  ( -9.033211100425053116E-14, 0.000000000000000000, 1.000000000000000000 ) ) ;
#4670 = DIRECTION ( 'NONE',  ( -6.994648347254856026E-15, 0.000000000000000000, -1.000000000000000000 ) ) ;
#4671 = DIRECTION ( 'NONE',  ( 0.000000000000000000, 0.000000000000000000, -1.000000000000000000 ) ) ;
#4672 = CARTESIAN_POINT ( 'NONE',  ( 64.35000000000060538, 16.10000000000000142, 5.399999999998364331 ) ) ;
#4673 = EDGE_LOOP ( 'NONE', ( #2910, #6297, #4586, #3478 ) ) ;
#4674 = ORIENTED_EDGE ( 'NONE', *, *, #2851, .F. ) ;
#4675 = AXIS2_PLACEMENT_3D ( 'NONE', #3571, #2132, #1122 ) ;
#4676 = DIRECTION ( 'NONE',  ( 0.000000000000000000, 1.000000000000000000, -0.000000000000000000 ) ) ;
#4677 = CIRCLE ( 'NONE', #2312, 0.5000000000000004441 ) ;
#4678 = DIRECTION ( 'NONE',  ( -1.000000000000000000, 0.000000000000000000, 0.000000000000000000 ) ) ;
#4679 = EDGE_CURVE ( 'NONE', #4730, #779, #960, .T. ) ;
#4680 = CARTESIAN_POINT ( 'NONE',  ( -3.533261166552975396, 5.950230059735791777, 5.535560030422995936 ) ) ;
#4681 = EDGE_CURVE ( 'NONE', #4508, #5497, #392, .T. ) ;
#4682 = CARTESIAN_POINT ( 'NONE',  ( 64.85000000000050591, 16.10000000000000142, -1.237464991588063621E-12 ) ) ;
#4683 = CARTESIAN_POINT ( 'NONE',  ( -0.09999999999841892306, 8.599999999999999645, 5.399999999998445155 ) ) ;
#4684 = VERTEX_POINT ( 'NONE', #658 ) ;
#4685 = CIRCLE ( 'NONE', #927, 2.350000000000504574 ) ;
#4686 = LINE ( 'NONE', #2133, #2786 ) ;
#4687 = VERTEX_POINT ( 'NONE', #4786 ) ;
#4688 = EDGE_CURVE ( 'NONE', #856, #1886, #5780, .T. ) ;
#4689 = ORIENTED_EDGE ( 'NONE', *, *, #2338, .F. ) ;
#4690 = ORIENTED_EDGE ( 'NONE', *, *, #5017, .T. ) ;
#4691 = CARTESIAN_POINT ( 'NONE',  ( 62.00000000000005684, 16.60000000000000142, 26.99999999999791456 ) ) ;
#4692 = CYLINDRICAL_SURFACE ( 'NONE', #3523, 0.5000000000000004441 ) ;
#4693 = CYLINDRICAL_SURFACE ( 'NONE', #5176, 0.6999999999999999556 ) ;
#4694 = VERTEX_POINT ( 'NONE', #3227 ) ;
#4695 = ADVANCED_FACE ( 'NONE', ( #2224 ), #4270, .T. ) ;
#4696 = CARTESIAN_POINT ( 'NONE',  ( 0.000000000000000000, 16.60000000000000142, 0.000000000000000000 ) ) ;
#4697 = CARTESIAN_POINT ( 'NONE',  ( -0.2249999999985025922, 7.921240200794090747, 5.899999999998443379 ) ) ;
#4698 = AXIS2_PLACEMENT_3D ( 'NONE', #1505, #3537, #989 ) ;
#4699 =( BOUNDED_CURVE ( )  B_SPLINE_CURVE ( 3, ( #5994, #890, #794, #1403 ),
 .UNSPECIFIED., .F., .T. ) 
 B_SPLINE_CURVE_WITH_KNOTS ( ( 4, 4 ),
 ( 4.712388980384692339, 5.560451059366236848 ),
 .UNSPECIFIED. ) 
 CURVE ( )  GEOMETRIC_REPRESENTATION_ITEM ( )  RATIONAL_B_SPLINE_CURVE ( ( 1.000000000000000000, 0.9409585518440897189, 0.9409585518440897189, 1.000000000000000000 ) ) 
 REPRESENTATION_ITEM ( '' )  );
#4700 = CARTESIAN_POINT ( 'NONE',  ( -0.09999999999841889531, 7.590521286910921539, 5.868245836550253891 ) ) ;
#4701 = DIRECTION ( 'NONE',  ( 1.000000000000000000, 0.000000000000000000, -1.908195823574486226E-14 ) ) ;
#4702 = VECTOR ( 'NONE', #3180, 1000.000000000000000 ) ;
#4703 = CARTESIAN_POINT ( 'NONE',  ( 36.40000000000161862, 8.599999999999999645, 31.09999999999848797 ) ) ;
#4704 = ORIENTED_EDGE ( 'NONE', *, *, #7, .F. ) ;
#4705 = VECTOR ( 'NONE', #5792, 1000.000000000000000 ) ;
#4706 = ORIENTED_EDGE ( 'NONE', *, *, #3552, .F. ) ;
#4707 = DIRECTION ( 'NONE',  ( 0.000000000000000000, 0.000000000000000000, -1.000000000000000000 ) ) ;
#4708 = CARTESIAN_POINT ( 'NONE',  ( 2.999999999999780620, 16.10000000000000142, 0.6499999999994765520 ) ) ;
#4709 = LINE ( 'NONE', #147, #3541 ) ;
#4710 = AXIS2_PLACEMENT_3D ( 'NONE', #1207, #309, #169 ) ;
#4711 = FACE_OUTER_BOUND ( 'NONE', #4463, .T. ) ;
#4712 = CARTESIAN_POINT ( 'NONE',  ( -3.982096136117964313, 6.185699482572147190, 5.421991755992647377 ) ) ;
#4713 = DIRECTION ( 'NONE',  ( -1.000000000000000000, 0.000000000000000000, 4.565061778886154824E-17 ) ) ;
#4714 = SPHERICAL_SURFACE ( 'NONE', #2621, 0.5000000000000000000 ) ;
#4715 = ORIENTED_EDGE ( 'NONE', *, *, #3683, .T. ) ;
#4716 = AXIS2_PLACEMENT_3D ( 'NONE', #1647, #69, #2614 ) ;
#4717 = EDGE_CURVE ( 'NONE', #4079, #3042, #5108, .T. ) ;
#4718 = EDGE_CURVE ( 'NONE', #4127, #4419, #1932, .T. ) ;
#4719 = ORIENTED_EDGE ( 'NONE', *, *, #222, .T. ) ;
#4720 = ORIENTED_EDGE ( 'NONE', *, *, #5378, .T. ) ;
#4721 = ORIENTED_EDGE ( 'NONE', *, *, #1120, .F. ) ;
#4722 = FACE_OUTER_BOUND ( 'NONE', #4389, .T. ) ;
#4723 = AXIS2_PLACEMENT_3D ( 'NONE', #323, #824, #6383 ) ;
#4724 = CARTESIAN_POINT ( 'NONE',  ( -5.900000000000459544, 16.10000000000000142, 31.59999999999878284 ) ) ;
#4725 = CARTESIAN_POINT ( 'NONE',  ( -0.5999999999984179100, 6.099999999999999645, 24.09999999999827480 ) ) ;
#4726 = VERTEX_POINT ( 'NONE', #1290 ) ;
#4727 = EDGE_CURVE ( 'NONE', #4726, #3177, #1870, .T. ) ;
#4728 = CARTESIAN_POINT ( 'NONE',  ( 6.274999999999439027, 16.43071891388304806, 29.84999999999830322 ) ) ;
#4729 = DIRECTION ( 'NONE',  ( 0.000000000000000000, 0.000000000000000000, 1.000000000000000000 ) ) ;
#4730 = VERTEX_POINT ( 'NONE', #2963 ) ;
#4731 = ADVANCED_FACE ( 'NONE', ( #5985 ), #5913, .F. ) ;
#4732 = CARTESIAN_POINT ( 'NONE',  ( 59.60000000000161435, 16.10000000000000142, 29.84999999999885389 ) ) ;
#4733 = DIRECTION ( 'NONE',  ( -1.000000000000000000, 0.000000000000000000, -9.033211100425053116E-14 ) ) ;
#4734 = ADVANCED_FACE ( 'NONE', ( #2867 ), #5879, .F. ) ;
#4735 = FILL_AREA_STYLE_COLOUR ( '', #108 ) ;
#4736 = DIRECTION ( 'NONE',  ( -0.000000000000000000, 1.000000000000000000, 0.000000000000000000 ) ) ;
#4737 = ORIENTED_EDGE ( 'NONE', *, *, #427, .T. ) ;
#4738 = CARTESIAN_POINT ( 'NONE',  ( -5.021567956774771663E-17, 8.599999999999999645, -1.100000000000000311 ) ) ;
#4739 = EDGE_LOOP ( 'NONE', ( #4143, #4862, #5971, #6588 ) ) ;
#4740 = DIRECTION ( 'NONE',  ( -0.000000000000000000, 1.000000000000000000, -0.000000000000000000 ) ) ;
#4741 = AXIS2_PLACEMENT_3D ( 'NONE', #4387, #1300, #3408 ) ;
#4742 = DIRECTION ( 'NONE',  ( 0.000000000000000000, 0.000000000000000000, 1.000000000000000000 ) ) ;
#4743 = ADVANCED_FACE ( 'NONE', ( #2932 ), #3328, .T. ) ;
#4744 = DIRECTION ( 'NONE',  ( -1.000000000000000000, 0.000000000000000000, 5.782411586589358033E-15 ) ) ;
#4745 = PLANE ( 'NONE',  #478 ) ;
#4746 = AXIS2_PLACEMENT_3D ( 'NONE', #4902, #2915, #2948 ) ;
#4747 = ORIENTED_EDGE ( 'NONE', *, *, #4563, .F. ) ;
#4748 = CARTESIAN_POINT ( 'NONE',  ( -3.601762650924105191, 7.232597066497438831, 5.901540756667023047 ) ) ;
#4749 = ADVANCED_FACE ( 'NONE', ( #5386 ), #354, .F. ) ;
#4750 = DIRECTION ( 'NONE',  ( 1.000000000000000000, 0.000000000000000000, 0.000000000000000000 ) ) ;
#4751 = ADVANCED_FACE ( 'NONE', ( #4987 ), #68, .F. ) ;
#4752 = FACE_OUTER_BOUND ( 'NONE', #2923, .T. ) ;
#4753 = CARTESIAN_POINT ( 'NONE',  ( 66.10000000000161435, 8.599999999999999645, 25.09999999999835651 ) ) ;
#4754 = ORIENTED_EDGE ( 'NONE', *, *, #6272, .F. ) ;
#4755 = DIRECTION ( 'NONE',  ( 0.000000000000000000, 1.000000000000000000, -0.000000000000000000 ) ) ;
#4756 = ORIENTED_EDGE ( 'NONE', *, *, #205, .T. ) ;
#4757 = ORIENTED_EDGE ( 'NONE', *, *, #1056, .F. ) ;
#4758 = ORIENTED_EDGE ( 'NONE', *, *, #4718, .T. ) ;
#4759 = DIRECTION ( 'NONE',  ( -0.000000000000000000, -1.000000000000000000, -0.000000000000000000 ) ) ;
#4760 = CARTESIAN_POINT ( 'NONE',  ( 64.35000000000101750, 16.60000000000000142, 26.99999999999791456 ) ) ;
#4761 = EDGE_CURVE ( 'NONE', #4523, #1574, #5420, .T. ) ;
#4762 = DIRECTION ( 'NONE',  ( 0.000000000000000000, 0.000000000000000000, -1.000000000000000000 ) ) ;
#4763 = TOROIDAL_SURFACE ( 'NONE', #2936, 1.000000000000000000, 0.5000000000000000000 ) ;
#4764 = VERTEX_POINT ( 'NONE', #787 ) ;
#4765 = CIRCLE ( 'NONE', #6471, 0.5000000000000004441 ) ;
#4766 = CARTESIAN_POINT ( 'NONE',  ( -3.149999999999051781, 6.697891065755752216, 4.269046054160426816E-16 ) ) ;
#4767 = ADVANCED_FACE ( 'NONE', ( #6016 ), #2325, .T. ) ;
#4768 = CARTESIAN_POINT ( 'NONE',  ( -0.06736681282176243402, 7.979229033144078720, 5.536248696822918980 ) ) ;
#4769 = DIRECTION ( 'NONE',  ( -1.000000000000000000, 0.000000000000000000, -1.017312411335546717E-14 ) ) ;
#4770 = AXIS2_PLACEMENT_3D ( 'NONE', #2751, #2280, #4366 ) ;
#4771 = CARTESIAN_POINT ( 'NONE',  ( -4.195491502811576900, 6.080942047187286370, 24.71225699414272015 ) ) ;
#4772 = ORIENTED_EDGE ( 'NONE', *, *, #5191, .T. ) ;
#4773 = DIRECTION ( 'NONE',  ( -1.000000000000000000, 0.000000000000000000, 4.565061778886154824E-17 ) ) ;
#4774 = EDGE_LOOP ( 'NONE', ( #6605, #5802, #3970, #3379 ) ) ;
#4775 = CARTESIAN_POINT ( 'NONE',  ( -3.849999999999122569, 5.099999999999999645, 4.899999999998446043 ) ) ;
#4776 = ADVANCED_FACE ( 'NONE', ( #819 ), #6417, .T. ) ;
#4777 = LINE ( 'NONE', #5839, #2743 ) ;
#4778 = EDGE_CURVE ( 'NONE', #1572, #3303, #1995, .T. ) ;
#4779 = CARTESIAN_POINT ( 'NONE',  ( -4.085596441238449117, 6.080942047187286370, 24.67654992411887704 ) ) ;
#4780 = FACE_OUTER_BOUND ( 'NONE', #223, .T. ) ;
#4781 = AXIS2_PLACEMENT_3D ( 'NONE', #4954, #6450, #4482 ) ;
#4782 = ORIENTED_EDGE ( 'NONE', *, *, #2482, .F. ) ;
#4783 = AXIS2_PLACEMENT_3D ( 'NONE', #3935, #945, #6077 ) ;
#4784 = DIRECTION ( 'NONE',  ( 0.000000000000000000, -0.000000000000000000, 1.000000000000000000 ) ) ;
#4785 = CARTESIAN_POINT ( 'NONE',  ( -3.849999999999049294, 6.095304263244496923, 24.16836436799670906 ) ) ;
#4786 = CARTESIAN_POINT ( 'NONE',  ( -3.677419152305386962, 5.840471023593642563, 24.53837619325222619 ) ) ;
#4787 = LINE ( 'NONE', #5668, #5918 ) ;
#4788 = CARTESIAN_POINT ( 'NONE',  ( 19.59999999999941522, 8.799999999999998934, 31.09999999999859810 ) ) ;
#4789 = VERTEX_POINT ( 'NONE', #6449 ) ;
#4790 = VERTEX_POINT ( 'NONE', #3462 ) ;
#4791 = ORIENTED_EDGE ( 'NONE', *, *, #1241, .F. ) ;
#4792 = ORIENTED_EDGE ( 'NONE', *, *, #2100, .F. ) ;
#4793 = CARTESIAN_POINT ( 'NONE',  ( 59.10000000000161435, 10.40000000000000036, 29.84999999999885389 ) ) ;
#4794 = CARTESIAN_POINT ( 'NONE',  ( -3.924228295361202434, 5.626587372507702689, 24.62411823517878773 ) ) ;
#4795 = AXIS2_PLACEMENT_3D ( 'NONE', #314, #1424, #444 ) ;
#4796 = CARTESIAN_POINT ( 'NONE',  ( 3.000000000000002665, 16.60000000000000142, 2.999999999997893241 ) ) ;
#4797 = CARTESIAN_POINT ( 'NONE',  ( -4.013709576152022507, 6.080942047187164690, 5.393259438745812595 ) ) ;
#4798 = EDGE_LOOP ( 'NONE', ( #649, #1186, #4111, #2638 ) ) ;
#4799 = CARTESIAN_POINT ( 'NONE',  ( -0.03617655303252016730, 7.912427393676055409, 24.45952559227239931 ) ) ;
#4800 = DIRECTION ( 'NONE',  ( -1.000000000000000000, 0.000000000000000000, 0.000000000000000000 ) ) ;
#4801 = CIRCLE ( 'NONE', #1154, 0.5000000000000000000 ) ;
#4802 = CARTESIAN_POINT ( 'NONE',  ( -3.934457982628023043, 5.696308743863337298, 5.372557937938218231 ) ) ;
#4803 = DIRECTION ( 'NONE',  ( 0.3090169943749447867, -0.9510565162951544194, 0.000000000000000000 ) ) ;
#4804 = EDGE_CURVE ( 'NONE', #5675, #2897, #5740, .T. ) ;
#4805 = ORIENTED_EDGE ( 'NONE', *, *, #4345, .T. ) ;
#4806 = ADVANCED_FACE ( 'NONE', ( #3431 ), #5517, .T. ) ;
#4807 = DIRECTION ( 'NONE',  ( -1.000000000000000000, -0.000000000000000000, -0.000000000000000000 ) ) ;
#4808 = ORIENTED_EDGE ( 'NONE', *, *, #5939, .F. ) ;
#4809 = TOROIDAL_SURFACE ( 'NONE', #4491, 0.1999999999999999833, 0.5000000000000000000 ) ;
#4810 = FACE_OUTER_BOUND ( 'NONE', #4774, .T. ) ;
#4811 = LINE ( 'NONE', #2723, #5114 ) ;
#4812 = CARTESIAN_POINT ( 'NONE',  ( 6.544337556209966600, 16.14556416817936579, 30.10000000372578199 ) ) ;
#4813 = TOROIDAL_SURFACE ( 'NONE', #203, 1.200000000000000178, 0.5000000000000000000 ) ;
#4814 = EDGE_CURVE ( 'NONE', #2220, #4629, #171, .T. ) ;
#4815 = ORIENTED_EDGE ( 'NONE', *, *, #4761, .T. ) ;
#4816 = DIRECTION ( 'NONE',  ( 0.000000000000000000, 0.000000000000000000, 1.000000000000000000 ) ) ;
#4817 = EDGE_CURVE ( 'NONE', #5834, #2700, #3594, .T. ) ;
#4818 = DIRECTION ( 'NONE',  ( -1.000000000000000000, 0.000000000000000000, 0.000000000000000000 ) ) ;
#4819 = CIRCLE ( 'NONE', #1930, 0.5000000000000004441 ) ;
#4820 = DIRECTION ( 'NONE',  ( 0.3090169943749481729, 0.000000000000000000, 0.9510565162951534202 ) ) ;
#4821 = DIRECTION ( 'NONE',  ( -0.9510565162951544194, 0.000000000000000000, -0.3090169943749447867 ) ) ;
#4822 = VERTEX_POINT ( 'NONE', #1499 ) ;
#4823 = EDGE_LOOP ( 'NONE', ( #666, #1773, #2509, #5984 ) ) ;
#4824 = VERTEX_POINT ( 'NONE', #3027 ) ;
#4825 = VERTEX_POINT ( 'NONE', #4035 ) ;
#4826 = CARTESIAN_POINT ( 'NONE',  ( -6.600000000000465050, 16.10000000000000142, 30.89999999999878355 ) ) ;
#4827 = DIRECTION ( 'NONE',  ( 0.000000000000000000, 0.000000000000000000, 1.000000000000000000 ) ) ;
#4828 = B_SPLINE_CURVE_WITH_KNOTS ( 'NONE', 3,
 ( #910, #381, #6574, #350, #3461, #1459 ),
 .UNSPECIFIED., .F., .F.,
 ( 4, 2, 4 ),
 ( 0.000000000000000000, 0.0002099962025876322708, 0.0004199924051752645417 ),
 .UNSPECIFIED. ) ;
#4829 = CARTESIAN_POINT ( 'NONE',  ( 6.764970212139848726, 12.01900968666171821, 30.09999999999834941 ) ) ;
#4830 = CARTESIAN_POINT ( 'NONE',  ( 59.52931086844544950, 16.60000000000000142, 30.45862173688570351 ) ) ;
#4831 = AXIS2_PLACEMENT_3D ( 'NONE', #2109, #5140, #606 ) ;
#4832 = ORIENTED_EDGE ( 'NONE', *, *, #6050, .F. ) ;
#4833 = ORIENTED_EDGE ( 'NONE', *, *, #1452, .F. ) ;
#4834 = AXIS2_PLACEMENT_3D ( 'NONE', #2029, #552, #5057 ) ;
#4835 = ORIENTED_EDGE ( 'NONE', *, *, #4778, .F. ) ;
#4836 = B_SPLINE_CURVE_WITH_KNOTS ( 'NONE', 3,
 ( #430, #1913, #862, #2374, #4426, #2909 ),
 .UNSPECIFIED., .F., .F.,
 ( 4, 2, 4 ),
 ( -7.346231166407703897E-06, 0.0003339519116571758317, 0.0006752500544807593826 ),
 .UNSPECIFIED. ) ;
#4837 = PLANE ( 'NONE',  #1922 ) ;
#4838 = DIRECTION ( 'NONE',  ( -1.000000000000000000, 0.000000000000000000, 0.000000000000000000 ) ) ;
#4839 = VECTOR ( 'NONE', #445, 1000.000000000000000 ) ;
#4840 = VERTEX_POINT ( 'NONE', #3094 ) ;
#4841 = CARTESIAN_POINT ( 'NONE',  ( 62.00000000000004974, 16.10000000000000142, 29.84999999999887876 ) ) ;
#4842 = VERTEX_POINT ( 'NONE', #6546 ) ;
#4843 = CYLINDRICAL_SURFACE ( 'NONE', #2631, 0.5000000000000004441 ) ;
#4844 = DIRECTION ( 'NONE',  ( 0.000000000000000000, 1.000000000000000000, -0.000000000000000000 ) ) ;
#4845 = EDGE_CURVE ( 'NONE', #4358, #3125, #3279, .T. ) ;
#4846 = CARTESIAN_POINT ( 'NONE',  ( 64.85000000000050591, 8.599999999999999645, -1.237464991588063621E-12 ) ) ;
#4847 = AXIS2_PLACEMENT_3D ( 'NONE', #4208, #3112, #6161 ) ;
#4848 = VERTEX_POINT ( 'NONE', #5610 ) ;
#4849 = CARTESIAN_POINT ( 'NONE',  ( -3.855143134939897909, 6.557542142917316852, 24.31817507598109884 ) ) ;
#4850 = CARTESIAN_POINT ( 'NONE',  ( -4.013709576152022507, 6.080942047187164690, 5.393259438745812595 ) ) ;
#4851 = DIRECTION ( 'NONE',  ( 0.000000000000000000, -0.000000000000000000, -1.000000000000000000 ) ) ;
#4852 = ORIENTED_EDGE ( 'NONE', *, *, #4845, .T. ) ;
#4853 = CARTESIAN_POINT ( 'NONE',  ( 64.85000000000060538, 11.79999999999999716, 5.399999999998364331 ) ) ;
#4854 = ORIENTED_EDGE ( 'NONE', *, *, #1325, .F. ) ;
#4855 = B_SPLINE_CURVE_WITH_KNOTS ( 'NONE', 3,
 ( #2363, #3398, #884, #6578, #4955, #5458 ),
 .UNSPECIFIED., .F., .F.,
 ( 4, 2, 4 ),
 ( 0.000000000000000000, 0.0001285537339636804962, 0.0002571074679273609924 ),
 .UNSPECIFIED. ) ;
#4856 = ORIENTED_EDGE ( 'NONE', *, *, #3992, .F. ) ;
#4857 = VERTEX_POINT ( 'NONE', #516 ) ;
#4858 = LINE ( 'NONE', #5492, #1493 ) ;
#4859 = DIRECTION ( 'NONE',  ( 0.000000000000000000, 1.000000000000000000, 0.000000000000000000 ) ) ;
#4860 = CARTESIAN_POINT ( 'NONE',  ( 5.899999999999423039, 16.10000000000000142, 29.34999999999830322 ) ) ;
#4861 = FACE_OUTER_BOUND ( 'NONE', #1262, .T. ) ;
#4862 = ORIENTED_EDGE ( 'NONE', *, *, #5436, .T. ) ;
#4863 = ORIENTED_EDGE ( 'NONE', *, *, #138, .T. ) ;
#4864 = ORIENTED_EDGE ( 'NONE', *, *, #6299, .T. ) ;
#4865 = DIRECTION ( 'NONE',  ( -0.000000000000000000, 1.000000000000000000, -0.000000000000000000 ) ) ;
#4866 = LINE ( 'NONE', #1309, #4957 ) ;
#4867 = FACE_OUTER_BOUND ( 'NONE', #6283, .T. ) ;
#4868 = ORIENTED_EDGE ( 'NONE', *, *, #4478, .T. ) ;
#4869 = ADVANCED_FACE ( 'NONE', ( #4095 ), #6111, .T. ) ;
#4870 = CARTESIAN_POINT ( 'NONE',  ( 66.10000000000161435, 8.900000000000000355, 5.399999999998364331 ) ) ;
#4871 = ORIENTED_EDGE ( 'NONE', *, *, #2801, .F. ) ;
#4872 = FACE_OUTER_BOUND ( 'NONE', #1461, .T. ) ;
#4873 =( BOUNDED_CURVE ( )  B_SPLINE_CURVE ( 3, ( #3434, #3332, #5489, #292 ),
 .UNSPECIFIED., .F., .T. ) 
 B_SPLINE_CURVE_WITH_KNOTS ( ( 4, 4 ),
 ( 4.712388980384689674, 6.283185307179586232 ),
 .UNSPECIFIED. ) 
 CURVE ( )  GEOMETRIC_REPRESENTATION_ITEM ( )  RATIONAL_B_SPLINE_CURVE ( ( 1.000000000000000000, 0.8047378541243649375, 0.8047378541243649375, 1.000000000000000000 ) ) 
 REPRESENTATION_ITEM ( '' )  );
#4874 = DIRECTION ( 'NONE',  ( 0.000000000000000000, 0.000000000000000000, -1.000000000000000000 ) ) ;
#4875 = AXIS2_PLACEMENT_3D ( 'NONE', #725, #2762, #4818 ) ;
#4876 = CARTESIAN_POINT ( 'NONE',  ( 6.339887059393420010, 16.34515729883196400, 29.85000000463012171 ) ) ;
#4877 = ORIENTED_EDGE ( 'NONE', *, *, #6478, .T. ) ;
#4878 = DIRECTION ( 'NONE',  ( -9.033211100425053116E-14, 0.000000000000000000, 1.000000000000000000 ) ) ;
#4879 = CARTESIAN_POINT ( 'NONE',  ( 59.80000000000162430, 8.599999999999997868, 29.34999999999885389 ) ) ;
#4880 = DIRECTION ( 'NONE',  ( 1.000000000000000000, 0.000000000000000000, 0.000000000000000000 ) ) ;
#4881 = DIRECTION ( 'NONE',  ( 0.000000000000000000, 0.000000000000000000, 1.000000000000000000 ) ) ;
#4882 = ORIENTED_EDGE ( 'NONE', *, *, #5735, .T. ) ;
#4883 = CARTESIAN_POINT ( 'NONE',  ( -3.758071466969073793, 7.100534802371566201, 24.18552406565297375 ) ) ;
#4884 = CARTESIAN_POINT ( 'NONE',  ( 2.999999999999774847, 8.099999999999999645, 29.84999999999827835 ) ) ;
#4885 = ORIENTED_EDGE ( 'NONE', *, *, #6477, .T. ) ;
#4886 = EDGE_CURVE ( 'NONE', #6280, #3627, #2992, .T. ) ;
#4887 = AXIS2_PLACEMENT_3D ( 'NONE', #914, #2361, #6379 ) ;
#4888 = EDGE_CURVE ( 'NONE', #2998, #5389, #482, .T. ) ;
#4889 = VERTEX_POINT ( 'NONE', #5119 ) ;
#4890 = ORIENTED_EDGE ( 'NONE', *, *, #5105, .T. ) ;
#4891 = CARTESIAN_POINT ( 'NONE',  ( 0.000000000000000000, 12.09999999999999964, 0.000000000000000000 ) ) ;
#4892 = DIRECTION ( 'NONE',  ( 0.000000000000000000, 0.000000000000000000, -1.000000000000000000 ) ) ;
#4893 = CARTESIAN_POINT ( 'NONE',  ( 66.60000000000161435, 16.60000000000000142, 31.09999999999827480 ) ) ;
#4894 = CARTESIAN_POINT ( 'NONE',  ( -0.09999999999841889531, 6.599999999999999645, 5.899999999998444267 ) ) ;
#4895 = ORIENTED_EDGE ( 'NONE', *, *, #4024, .T. ) ;
#4896 = B_SPLINE_CURVE_WITH_KNOTS ( 'NONE', 3,
 ( #4280, #192, #6348, #3172, #4174, #6224, #6252, #1743, #5821, #1675 ),
 .UNSPECIFIED., .F., .F.,
 ( 4, 3, 3, 4 ),
 ( 0.000000000000000000, 5.230149849348904052E-05, 9.681347717250331588E-05, 0.0001086472022151714926 ),
 .UNSPECIFIED. ) ;
#4897 = ORIENTED_EDGE ( 'NONE', *, *, #2794, .F. ) ;
#4898 = EDGE_CURVE ( 'NONE', #2807, #6590, #4581, .T. ) ;
#4899 = ORIENTED_EDGE ( 'NONE', *, *, #4397, .T. ) ;
#4900 = ORIENTED_EDGE ( 'NONE', *, *, #6483, .F. ) ;
#4901 = CIRCLE ( 'NONE', #3284, 1.199999999999999734 ) ;
#4902 = CARTESIAN_POINT ( 'NONE',  ( 2.999999999999774847, 8.599999999999999645, 29.84999999999827835 ) ) ;
#4903 = CARTESIAN_POINT ( 'NONE',  ( 64.85000000000101750, 16.60000000000000142, 26.99999999999791456 ) ) ;
#4904 = EDGE_CURVE ( 'NONE', #2841, #5834, #1046, .T. ) ;
#4905 = DIRECTION ( 'NONE',  ( -0.000000000000000000, 0.000000000000000000, 1.000000000000000000 ) ) ;
#4906 = CYLINDRICAL_SURFACE ( 'NONE', #4506, 0.5000000000000004441 ) ;
#4907 = DIRECTION ( 'NONE',  ( 0.000000000000000000, 1.000000000000000000, -0.000000000000000000 ) ) ;
#4908 = VERTEX_POINT ( 'NONE', #4130 ) ;
#4909 = CARTESIAN_POINT ( 'NONE',  ( -3.848925667037199183, 5.619772614829062540, 5.400349071937780465 ) ) ;
#4910 = DIRECTION ( 'NONE',  ( 0.000000000000000000, 0.000000000000000000, -1.000000000000000000 ) ) ;
#4911 = CARTESIAN_POINT ( 'NONE',  ( 0.1500000000018568702, 8.599999999999999645, 1.354981665080531454E-14 ) ) ;
#4912 = AXIS2_PLACEMENT_3D ( 'NONE', #5962, #3438, #6426 ) ;
#4913 = ORIENTED_EDGE ( 'NONE', *, *, #1873, .F. ) ;
#4914 = CARTESIAN_POINT ( 'NONE',  ( -3.849999999999048850, 6.579074594651224572, 24.27851069426872499 ) ) ;
#4915 = DIRECTION ( 'NONE',  ( -1.000000000000000000, 0.000000000000000000, 1.196361017914920171E-16 ) ) ;
#4916 = DIRECTION ( 'NONE',  ( 1.000000000000000000, 0.000000000000000000, 0.000000000000000000 ) ) ;
#4917 = AXIS2_PLACEMENT_3D ( 'NONE', #6377, #817, #251 ) ;
#4918 = ORIENTED_EDGE ( 'NONE', *, *, #3501, .F. ) ;
#4919 = FACE_OUTER_BOUND ( 'NONE', #3669, .T. ) ;
#4920 = DIRECTION ( 'NONE',  ( 9.033211100425053116E-14, 0.000000000000000000, -1.000000000000000000 ) ) ;
#4921 = DIRECTION ( 'NONE',  ( 1.000000000000000000, 0.000000000000000000, -1.734723475976807094E-16 ) ) ;
#4922 = VERTEX_POINT ( 'NONE', #5055 ) ;
#4923 = CIRCLE ( 'NONE', #2027, 0.5000000000000004441 ) ;
#4924 = ORIENTED_EDGE ( 'NONE', *, *, #2422, .F. ) ;
#4925 = EDGE_LOOP ( 'NONE', ( #6141, #6197, #1287, #1678 ) ) ;
#4926 = CARTESIAN_POINT ( 'NONE',  ( -6.116311896061599640, 5.599999999999998757, 4.663630627160810782 ) ) ;
#4927 = FACE_OUTER_BOUND ( 'NONE', #432, .T. ) ;
#4928 = CARTESIAN_POINT ( 'NONE',  ( -0.6648716003588756029, 8.588414906224459244, 24.59999999999827480 ) ) ;
#4929 = FACE_OUTER_BOUND ( 'NONE', #5326, .T. ) ;
#4930 = EDGE_LOOP ( 'NONE', ( #5174, #5720, #2174, #4314, #1673, #922, #5697, #2808, #6265, #1090, #4890, #3891, #4690, #5152, #5624, #1738, #360 ) ) ;
#4931 = EDGE_CURVE ( 'NONE', #4488, #745, #1966, .T. ) ;
#4932 = CARTESIAN_POINT ( 'NONE',  ( -0.09999999999841796550, 7.590521286910921539, 24.13175416344693147 ) ) ;
#4933 = ADVANCED_FACE ( 'NONE', ( #1994 ), #2464, .T. ) ;
#4934 = ORIENTED_EDGE ( 'NONE', *, *, #5752, .F. ) ;
#4935 = VERTEX_POINT ( 'NONE', #5155 ) ;
#4936 = CARTESIAN_POINT ( 'NONE',  ( -4.013709576152217906, 6.080942047187286370, 24.60674056125066400 ) ) ;
#4937 = VECTOR ( 'NONE', #2920, 1000.000000000000000 ) ;
#4938 = DIRECTION ( 'NONE',  ( 0.3090169943749456194, 0.000000000000000000, -0.9510565162951541973 ) ) ;
#4939 = CARTESIAN_POINT ( 'NONE',  ( -0.1000056254559295726, 7.588140398124187946, 5.683007360883398640 ) ) ;
#4940 = CARTESIAN_POINT ( 'NONE',  ( -4.005935648836125296, 5.967730241595222473, 5.391923145948662288 ) ) ;
#4941 = EDGE_CURVE ( 'NONE', #1343, #4564, #4677, .T. ) ;
#4942 = CARTESIAN_POINT ( 'NONE',  ( 58.66698729810906343, 16.10000000000000142, 30.09999999999940457 ) ) ;
#4943 = ORIENTED_EDGE ( 'NONE', *, *, #4103, .F. ) ;
#4944 = DIRECTION ( 'NONE',  ( 0.000000000000000000, 0.000000000000000000, 1.000000000000000000 ) ) ;
#4945 = EDGE_CURVE ( 'NONE', #921, #3542, #1596, .T. ) ;
#4946 = CIRCLE ( 'NONE', #2046, 5.000000000000000000 ) ;
#4947 = DIRECTION ( 'NONE',  ( 3.538541870064538530E-14, 0.000000000000000000, 1.000000000000000000 ) ) ;
#4948 = CARTESIAN_POINT ( 'NONE',  ( -3.526598491352133991, 7.296101796079271118, 24.49492048004700706 ) ) ;
#4949 = EDGE_CURVE ( 'NONE', #479, #6447, #3630, .T. ) ;
#4950 = ORIENTED_EDGE ( 'NONE', *, *, #2729, .F. ) ;
#4951 = CIRCLE ( 'NONE', #885, 0.5000000000000004441 ) ;
#4952 = CARTESIAN_POINT ( 'NONE',  ( 64.35000000000056275, 8.599999999999999645, 2.999999999997893241 ) ) ;
#4953 = CARTESIAN_POINT ( 'NONE',  ( 59.10000000000161435, 10.40000000000000036, 30.09999999999887876 ) ) ;
#4954 = CARTESIAN_POINT ( 'NONE',  ( -0.5999999999984159116, 7.590521286910921539, 24.09999999999827125 ) ) ;
#4955 = CARTESIAN_POINT ( 'NONE',  ( -3.709179310328317936, 5.814160119921699454, 24.55280902522401121 ) ) ;
#4956 = CARTESIAN_POINT ( 'NONE',  ( 37.80000000000161720, 11.59999999999999964, 31.09999999999847731 ) ) ;
#4957 = VECTOR ( 'NONE', #6437, 1000.000000000000000 ) ;
#4958 =( BOUNDED_SURFACE ( )  B_SPLINE_SURFACE ( 3, 2, ( 
 ( #6389, #125, #4794 ),
 ( #1676, #1809, #3844 ),
 ( #3203, #194, #5266 ),
 ( #668, #3738, #2268 ) ),
 .UNSPECIFIED., .F., .F., .T. ) 
 B_SPLINE_SURFACE_WITH_KNOTS ( ( 4, 4 ),
 ( 3, 3 ),
 ( 0.1703040587983810361, 0.1774352920148635770 ),
 ( 0.000000000000000000, 1.000000000000000000 ),
 .UNSPECIFIED. ) 
 GEOMETRIC_REPRESENTATION_ITEM ( )  RATIONAL_B_SPLINE_SURFACE ( (
 ( 1.000000000000000000, 0.9876032380139496691, 1.000000000000000000),
 ( 1.000000000000000000, 0.9876598620389153149, 1.000000000000000000),
 ( 1.000000000000000000, 0.9876883413399130118, 1.000000000000000000),
 ( 1.000000000000000000, 0.9876883405951378814, 1.000000000000000000) ) ) 
 REPRESENTATION_ITEM ( '' )  SURFACE ( )  );
#4959 = ORIENTED_EDGE ( 'NONE', *, *, #950, .F. ) ;
#4960 = ORIENTED_EDGE ( 'NONE', *, *, #2309, .T. ) ;
#4961 = ORIENTED_EDGE ( 'NONE', *, *, #2424, .T. ) ;
#4962 = CARTESIAN_POINT ( 'NONE',  ( 0.000000000000000000, 8.900000000000000355, 23.89999999999835723 ) ) ;
#4963 = DIRECTION ( 'NONE',  ( 0.000000000000000000, -1.000000000000000000, 0.000000000000000000 ) ) ;
#4964 = CARTESIAN_POINT ( 'NONE',  ( 36.60000000000161435, 16.60000000000000142, 31.09999999999848441 ) ) ;
#4965 = AXIS2_PLACEMENT_3D ( 'NONE', #492, #991, #4041 ) ;
#4966 = CARTESIAN_POINT ( 'NONE',  ( 59.60000000000161435, 16.60000000000000142, 30.59999999999942588 ) ) ;
#4967 = ORIENTED_EDGE ( 'NONE', *, *, #1503, .T. ) ;
#4968 = ORIENTED_EDGE ( 'NONE', *, *, #1892, .F. ) ;
#4969 = CIRCLE ( 'NONE', #459, 1.199999999999999734 ) ;
#4970 = EDGE_LOOP ( 'NONE', ( #3381, #352, #3248, #768, #1438 ) ) ;
#4971 = CARTESIAN_POINT ( 'NONE',  ( -3.736174786132095527, 5.751616136835672854, 24.57688105377727794 ) ) ;
#4972 = ADVANCED_FACE ( 'NONE', ( #1527 ), #2562, .T. ) ;
#4973 = DIRECTION ( 'NONE',  ( 0.000000000000000000, 0.000000000000000000, 1.000000000000000000 ) ) ;
#4974 = DIRECTION ( 'NONE',  ( 5.143428980917867249E-17, 0.000000000000000000, 1.000000000000000000 ) ) ;
#4975 = CARTESIAN_POINT ( 'NONE',  ( -0.09999999999841797937, 5.599999999999998757, 24.09999999999827480 ) ) ;
#4976 = CARTESIAN_POINT ( 'NONE',  ( 58.40000000000161862, 10.40000000000000036, 31.09999999999833165 ) ) ;
#4977 = ORIENTED_EDGE ( 'NONE', *, *, #1584, .F. ) ;
#4978 = EDGE_CURVE ( 'NONE', #23, #3940, #1579, .T. ) ;
#4979 = CARTESIAN_POINT ( 'NONE',  ( -3.850451907910094285, 5.662701681706074908, 5.402023705063606407 ) ) ;
#4980 = DIRECTION ( 'NONE',  ( 0.000000000000000000, 1.000000000000000000, 0.000000000000000000 ) ) ;
#4981 = DIRECTION ( 'NONE',  ( -1.355252715606892622E-16, 0.000000000000000000, -1.000000000000000000 ) ) ;
#4982 = AXIS2_PLACEMENT_3D ( 'NONE', #4450, #321, #3999 ) ;
#4983 = EDGE_CURVE ( 'NONE', #3981, #5389, #2857, .T. ) ;
#4984 = ORIENTED_EDGE ( 'NONE', *, *, #6078, .T. ) ;
#4985 = VECTOR ( 'NONE', #628, 1000.000000000000000 ) ;
#4986 = AXIS2_PLACEMENT_3D ( 'NONE', #248, #749, #688 ) ;
#4987 = FACE_OUTER_BOUND ( 'NONE', #5328, .T. ) ;
#4988 = EDGE_CURVE ( 'NONE', #6251, #4464, #3698, .T. ) ;
#4989 = DIRECTION ( 'NONE',  ( 0.000000000000000000, 0.000000000000000000, 1.000000000000000000 ) ) ;
#4990 = DIRECTION ( 'NONE',  ( 5.143428980917867249E-17, -0.000000000000000000, 1.000000000000000000 ) ) ;
#4991 = DIRECTION ( 'NONE',  ( -1.000000000000000000, -0.000000000000000000, -0.000000000000000000 ) ) ;
#4992 = CARTESIAN_POINT ( 'NONE',  ( 58.40000000000161862, 10.40000000000000036, 30.09999999999939746 ) ) ;
#4993 = VECTOR ( 'NONE', #3428, 1000.000000000000000 ) ;
#4994 = AXIS2_PLACEMENT_3D ( 'NONE', #1279, #3250, #2182 ) ;
#4995 = EDGE_LOOP ( 'NONE', ( #4203, #15, #697, #930 ) ) ;
#4996 = ORIENTED_EDGE ( 'NONE', *, *, #847, .T. ) ;
#4997 = CARTESIAN_POINT ( 'NONE',  ( 66.10000000000161435, 16.60000000000000142, 25.09999999999835651 ) ) ;
#4998 = CARTESIAN_POINT ( 'NONE',  ( 36.40000000000162572, 8.599999999999999645, 31.59999999999848441 ) ) ;
#4999 = CARTESIAN_POINT ( 'NONE',  ( 64.85000000000050591, 16.60000000000000142, -1.237464991588063621E-12 ) ) ;
#5000 = CARTESIAN_POINT ( 'NONE',  ( 59.45862173688883701, 16.60000000000000142, 30.52931086844164810 ) ) ;
#5001 = VERTEX_POINT ( 'NONE', #5281 ) ;
#5002 = ORIENTED_EDGE ( 'NONE', *, *, #1873, .T. ) ;
#5003 = TOROIDAL_SURFACE ( 'NONE', #5842, 2.850000000000362022, 0.5000000000000000000 ) ;
#5004 = EDGE_LOOP ( 'NONE', ( #5289, #618, #2469, #5188 ) ) ;
#5005 = LINE ( 'NONE', #404, #6453 ) ;
#5006 = DIRECTION ( 'NONE',  ( 0.000000000000000000, 0.000000000000000000, 1.000000000000000000 ) ) ;
#5007 = AXIS2_PLACEMENT_3D ( 'NONE', #3727, #1665, #1151 ) ;
#5008 = DIRECTION ( 'NONE',  ( 1.000000000000000000, -1.734723475976807094E-15, 0.000000000000000000 ) ) ;
#5009 = DIRECTION ( 'NONE',  ( 0.000000000000000000, -0.000000000000000000, -1.000000000000000000 ) ) ;
#5010 = VECTOR ( 'NONE', #687, 1000.000000000000000 ) ;
#5011 = CARTESIAN_POINT ( 'NONE',  ( 59.11086956521879898, 16.30130716497184906, 30.11086956521658919 ) ) ;
#5012 = ORIENTED_EDGE ( 'NONE', *, *, #3640, .F. ) ;
#5013 = CARTESIAN_POINT ( 'NONE',  ( -3.769719798170873215, 5.613293686263297388, 5.400176753334653412 ) ) ;
#5014 = DIRECTION ( 'NONE',  ( 0.000000000000000000, 0.000000000000000000, -1.000000000000000000 ) ) ;
#5015 = CARTESIAN_POINT ( 'NONE',  ( 64.35000000000056275, 16.10000000000000142, 2.999999999997893241 ) ) ;
#5016 = CIRCLE ( 'NONE', #6274, 0.5000000000000001110 ) ;
#5017 = EDGE_CURVE ( 'NONE', #4922, #5561, #4777, .T. ) ;
#5018 = EDGE_CURVE ( 'NONE', #4824, #5684, #6333, .T. ) ;
#5019 = DIRECTION ( 'NONE',  ( -1.000000000000000000, 0.000000000000000000, 1.387778780781444256E-14 ) ) ;
#5020 = DIRECTION ( 'NONE',  ( -0.000000000000000000, 1.000000000000000000, -0.000000000000000000 ) ) ;
#5021 = EDGE_LOOP ( 'NONE', ( #4522, #2667, #4959, #1546 ) ) ;
#5022 = DIRECTION ( 'NONE',  ( 0.000000000000000000, 0.000000000000000000, 1.000000000000000000 ) ) ;
#5023 = ADVANCED_FACE ( 'NONE', ( #4194 ), #5189, .F. ) ;
#5024 = DIRECTION ( 'NONE',  ( 0.000000000000000000, 0.000000000000000000, -1.000000000000000000 ) ) ;
#5025 = DIRECTION ( 'NONE',  ( 0.000000000000000000, -1.000000000000000000, -0.000000000000000000 ) ) ;
#5026 = VECTOR ( 'NONE', #2906, 1000.000000000000000 ) ;
#5027 = EDGE_CURVE ( 'NONE', #2778, #4822, #584, .T. ) ;
#5028 = EDGE_LOOP ( 'NONE', ( #5867, #6022, #4566, #317, #5246, #158, #4209, #2884, #1351, #5261, #4438, #664, #244, #2865 ) ) ;
#5029 = EDGE_LOOP ( 'NONE', ( #1303, #1646, #4961, #1823 ) ) ;
#5030 = DIRECTION ( 'NONE',  ( 0.000000000000000000, 0.000000000000000000, 1.000000000000000000 ) ) ;
#5031 = AXIS2_PLACEMENT_3D ( 'NONE', #3854, #2178, #1684 ) ;
#5032 = CARTESIAN_POINT ( 'NONE',  ( 6.649999999999454126, 16.43071891388304806, 30.22499999999832809 ) ) ;
#5033 = CARTESIAN_POINT ( 'NONE',  ( 7.099999999999421441, 11.40000000000000036, 31.59999999999869047 ) ) ;
#5034 = EDGE_CURVE ( 'NONE', #3074, #1260, #1181, .T. ) ;
#5035 = ORIENTED_EDGE ( 'NONE', *, *, #3822, .F. ) ;
#5036 = ORIENTED_EDGE ( 'NONE', *, *, #4255, .T. ) ;
#5037 = CIRCLE ( 'NONE', #5666, 0.5000000000000004441 ) ;
#5038 = ORIENTED_EDGE ( 'NONE', *, *, #3865, .F. ) ;
#5039 = DIRECTION ( 'NONE',  ( 0.9510565162951543083, 0.000000000000000000, 0.3090169943749456194 ) ) ;
#5040 = DIRECTION ( 'NONE',  ( 1.000000000000000000, 0.000000000000000000, -6.994648347254856026E-15 ) ) ;
#5041 = DIRECTION ( 'NONE',  ( 0.000000000000000000, 0.000000000000000000, 1.000000000000000000 ) ) ;
#5042 = AXIS2_PLACEMENT_3D ( 'NONE', #2960, #5020, #4407 ) ;
#5043 = TOROIDAL_SURFACE ( 'NONE', #1394, 0.1999999999999999833, 0.5000000000000000000 ) ;
#5044 = FACE_OUTER_BOUND ( 'NONE', #3673, .T. ) ;
#5045 = ORIENTED_EDGE ( 'NONE', *, *, #2319, .T. ) ;
#5046 = FACE_OUTER_BOUND ( 'NONE', #4355, .T. ) ;
#5047 = DIRECTION ( 'NONE',  ( -0.3090169943749450643, 0.000000000000000000, -0.9510565162951544194 ) ) ;
#5048 = DIRECTION ( 'NONE',  ( -5.143428980917867249E-17, -0.000000000000000000, -1.000000000000000000 ) ) ;
#5049 = EDGE_CURVE ( 'NONE', #6447, #4764, #4226, .T. ) ;
#5050 = AXIS2_PLACEMENT_3D ( 'NONE', #5729, #2650, #3114 ) ;
#5051 = DIRECTION ( 'NONE',  ( 0.000000000000000000, 0.000000000000000000, -1.000000000000000000 ) ) ;
#5052 = DIRECTION ( 'NONE',  ( 0.000000000000000000, 0.000000000000000000, -1.000000000000000000 ) ) ;
#5053 = CIRCLE ( 'NONE', #1728, 1.199999999999999734 ) ;
#5054 = EDGE_CURVE ( 'NONE', #410, #2998, #2532, .T. ) ;
#5055 = CARTESIAN_POINT ( 'NONE',  ( 59.60000000000161435, 16.60000000000000142, 29.84999999999885034 ) ) ;
#5056 = LINE ( 'NONE', #5549, #4001 ) ;
#5057 = DIRECTION ( 'NONE',  ( 1.908195823574485911E-14, 0.000000000000000000, 1.000000000000000000 ) ) ;
#5058 = ORIENTED_EDGE ( 'NONE', *, *, #2353, .F. ) ;
#5059 = CARTESIAN_POINT ( 'NONE',  ( 59.22500000000133724, 16.43071891388275318, 29.84999999999885034 ) ) ;
#5060 = CARTESIAN_POINT ( 'NONE',  ( -3.924228295346264161, 5.626587372532819487, 5.375881764822366016 ) ) ;
#5061 = FACE_OUTER_BOUND ( 'NONE', #5755, .T. ) ;
#5062 = AXIS2_PLACEMENT_3D ( 'NONE', #531, #2581, #4633 ) ;
#5063 = CARTESIAN_POINT ( 'NONE',  ( -3.818757446309034354, 7.570950735128700870, 24.58984867894332638 ) ) ;
#5064 = VERTEX_POINT ( 'NONE', #1113 ) ;
#5065 = CARTESIAN_POINT ( 'NONE',  ( -5.961803398874127247, 16.10000000000000142, 4.188102369013233073 ) ) ;
#5066 = ADVANCED_FACE ( 'NONE', ( #1725 ), #1761, .T. ) ;
#5067 = EDGE_CURVE ( 'NONE', #2787, #4112, #3168, .T. ) ;
#5068 = ORIENTED_EDGE ( 'NONE', *, *, #4648, .T. ) ;
#5069 = CARTESIAN_POINT ( 'NONE',  ( -3.533939505186663776, 5.949746777077046467, 24.46498117452062004 ) ) ;
#5070 = CIRCLE ( 'NONE', #5495, 1.200000000000000622 ) ;
#5071 = CARTESIAN_POINT ( 'NONE',  ( -3.677419152304993499, 5.840471023593582167, 5.461623806744460907 ) ) ;
#5072 = LINE ( 'NONE', #6006, #6443 ) ;
#5073 = ADVANCED_FACE ( 'NONE', ( #4297 ), #2754, .F. ) ;
#5074 = LINE ( 'NONE', #3420, #3205 ) ;
#5075 = VECTOR ( 'NONE', #3142, 1000.000000000000000 ) ;
#5076 = CARTESIAN_POINT ( 'NONE',  ( 5.970689131555874773, 16.60000000000000142, 30.45862173688542285 ) ) ;
#5077 = ORIENTED_EDGE ( 'NONE', *, *, #3557, .T. ) ;
#5078 = CARTESIAN_POINT ( 'NONE',  ( -3.881377700482067983, 5.935097511117020552, 5.513531115270776439 ) ) ;
#5079 = DIRECTION ( 'NONE',  ( -6.994648347254856026E-15, 0.000000000000000000, -1.000000000000000000 ) ) ;
#5080 = DIRECTION ( 'NONE',  ( 1.000000000000000000, -0.000000000000000000, 0.000000000000000000 ) ) ;
#5081 = ORIENTED_EDGE ( 'NONE', *, *, #4033, .T. ) ;
#5082 = ORIENTED_EDGE ( 'NONE', *, *, #4983, .T. ) ;
#5083 = CARTESIAN_POINT ( 'NONE',  ( -3.520820393248980995, 7.839158885309938540, 24.59999999999827480 ) ) ;
#5084 = CIRCLE ( 'NONE', #1554, 0.5000000000000004441 ) ;
#5085 = CARTESIAN_POINT ( 'NONE',  ( -5.961803398874126358, 5.099999999999999645, 4.188102369013233073 ) ) ;
#5086 = CARTESIAN_POINT ( 'NONE',  ( -3.937789020901997894, 5.801022161159243851, 24.60562703229362214 ) ) ;
#5087 = VECTOR ( 'NONE', #486, 1000.000000000000000 ) ;
#5088 = ORIENTED_EDGE ( 'NONE', *, *, #1024, .T. ) ;
#5089 = CARTESIAN_POINT ( 'NONE',  ( 58.40000000000161862, 11.09999999999999787, 31.09999999999833165 ) ) ;
#5090 = CARTESIAN_POINT ( 'NONE',  ( 0.6500000000015859758, 8.599999999999999645, 2.999999999997892797 ) ) ;
#5091 = CARTESIAN_POINT ( 'NONE',  ( -0.09999999999841795162, 8.381044854987210968, 24.59999999999827835 ) ) ;
#5092 = CYLINDRICAL_SURFACE ( 'NONE', #5316, 0.5000000000000004441 ) ;
#5093 = AXIS2_PLACEMENT_3D ( 'NONE', #4976, #5507, #3455 ) ;
#5094 = LINE ( 'NONE', #461, #12 ) ;
#5095 = EDGE_CURVE ( 'NONE', #6434, #4523, #3387, .T. ) ;
#5096 = EDGE_CURVE ( 'NONE', #6095, #856, #4811, .T. ) ;
#5097 = VERTEX_POINT ( 'NONE', #1630 ) ;
#5098 = CARTESIAN_POINT ( 'NONE',  ( 36.40000000000161862, 8.099999999999999645, 31.09999999999848441 ) ) ;
#5099 = EDGE_LOOP ( 'NONE', ( #2712, #1216, #190, #6190 ) ) ;
#5100 = TOROIDAL_SURFACE ( 'NONE', #1124, 2.849999999998416911, 0.5000000000000000000 ) ;
#5101 = CARTESIAN_POINT ( 'NONE',  ( -3.677419152305386962, 5.840471023593642563, 24.53837619325222619 ) ) ;
#5102 = CARTESIAN_POINT ( 'NONE',  ( 58.74546318847615822, 16.35527172415127239, 30.16559068654694542 ) ) ;
#5103 = DIRECTION ( 'NONE',  ( 0.000000000000000000, -1.000000000000000000, 0.000000000000000000 ) ) ;
#5104 = EDGE_CURVE ( 'NONE', #3113, #3303, #77, .T. ) ;
#5105 = EDGE_CURVE ( 'NONE', #3940, #2083, #3815, .T. ) ;
#5106 = CARTESIAN_POINT ( 'NONE',  ( -0.09999999999841925613, 5.599999999999998757, -1.100000000000000311 ) ) ;
#5107 = AXIS2_PLACEMENT_3D ( 'NONE', #2399, #3463, #3329 ) ;
#5108 = CIRCLE ( 'NONE', #4348, 0.5000000000000000000 ) ;
#5109 = CARTESIAN_POINT ( 'NONE',  ( 66.10000000000161435, 8.599999999999999645, 25.09999999999835651 ) ) ;
#5110 = EDGE_CURVE ( 'NONE', #4684, #2700, #3811, .T. ) ;
#5111 = DIRECTION ( 'NONE',  ( 0.000000000000000000, 0.000000000000000000, 1.000000000000000000 ) ) ;
#5112 = CARTESIAN_POINT ( 'NONE',  ( 66.10000000000161435, 11.79999999999999716, 25.09999999999835651 ) ) ;
#5113 = CARTESIAN_POINT ( 'NONE',  ( 59.10000000000161435, 8.799999999999998934, 29.84999999999885389 ) ) ;
#5114 = VECTOR ( 'NONE', #3157, 1000.000000000000000 ) ;
#5115 = CARTESIAN_POINT ( 'NONE',  ( 7.099999999999418776, 11.40000000000000036, 30.09999999999836007 ) ) ;
#5116 = ORIENTED_EDGE ( 'NONE', *, *, #1772, .F. ) ;
#5117 = ORIENTED_EDGE ( 'NONE', *, *, #3326, .T. ) ;
#5118 = CIRCLE ( 'NONE', #4477, 1.000000000000000888 ) ;
#5119 = CARTESIAN_POINT ( 'NONE',  ( 2.999999999999780176, 16.60000000000000142, 29.84999999999827835 ) ) ;
#5120 = ADVANCED_FACE ( 'NONE', ( #3754 ), #3493, .T. ) ;
#5121 = LINE ( 'NONE', #985, #1876 ) ;
#5122 = CARTESIAN_POINT ( 'NONE',  ( -3.904494576111729565, 5.664838255564095704, 24.61770636111469557 ) ) ;
#5123 = CARTESIAN_POINT ( 'NONE',  ( 6.389130434782023471, 16.30130716497228249, 30.11086956521571878 ) ) ;
#5124 = ORIENTED_EDGE ( 'NONE', *, *, #3073, .T. ) ;
#5125 = DIRECTION ( 'NONE',  ( 0.9510565162951545304, 0.000000000000000000, -0.3090169943749450643 ) ) ;
#5126 = CYLINDRICAL_SURFACE ( 'NONE', #497, 0.5000000000000004441 ) ;
#5127 = SPHERICAL_SURFACE ( 'NONE', #2604, 0.5000000000000000000 ) ;
#5128 = DIRECTION ( 'NONE',  ( 1.000000000000000000, 0.000000000000000000, 2.028744404108460548E-14 ) ) ;
#5129 = CIRCLE ( 'NONE', #6185, 0.5000000000000004441 ) ;
#5130 = ORIENTED_EDGE ( 'NONE', *, *, #5439, .F. ) ;
#5131 = DIRECTION ( 'NONE',  ( -0.06487160036045994116, 0.9978936193135382604, 0.000000000000000000 ) ) ;
#5132 = CIRCLE ( 'NONE', #4917, 1.200000000000000622 ) ;
#5133 = ORIENTED_EDGE ( 'NONE', *, *, #1740, .F. ) ;
#5134 = DIRECTION ( 'NONE',  ( -1.000000000000000000, -0.000000000000000000, -1.017312411335546717E-14 ) ) ;
#5135 =( BOUNDED_CURVE ( )  B_SPLINE_CURVE ( 3, ( #3851, #3346, #3480, #434 ),
 .UNSPECIFIED., .F., .T. ) 
 B_SPLINE_CURVE_WITH_KNOTS ( ( 4, 4 ),
 ( 3.141592653589793116, 4.712388980384689674 ),
 .UNSPECIFIED. ) 
 CURVE ( )  GEOMETRIC_REPRESENTATION_ITEM ( )  RATIONAL_B_SPLINE_CURVE ( ( 1.000000000000000000, 0.8047378541243649375, 0.8047378541243649375, 1.000000000000000000 ) ) 
 REPRESENTATION_ITEM ( '' )  );
#5136 = CARTESIAN_POINT ( 'NONE',  ( -3.727545711113345206, 5.776495628768890001, 5.430390970827536634 ) ) ;
#5137 = ADVANCED_FACE ( 'NONE', ( #1659 ), #3893, .T. ) ;
#5138 = DIRECTION ( 'NONE',  ( 1.000000000000000000, -0.000000000000000000, -4.565061778886154824E-17 ) ) ;
#5139 = EDGE_LOOP ( 'NONE', ( #563, #2692, #6314, #2594 ) ) ;
#5140 = DIRECTION ( 'NONE',  ( -0.000000000000000000, 0.000000000000000000, 1.000000000000000000 ) ) ;
#5141 = DIRECTION ( 'NONE',  ( 0.000000000000000000, 0.000000000000000000, -1.000000000000000000 ) ) ;
#5142 = ORIENTED_EDGE ( 'NONE', *, *, #1150, .F. ) ;
#5143 = CARTESIAN_POINT ( 'NONE',  ( 6.389130434782039458, 16.30130716497226828, 30.11086956521572588 ) ) ;
#5144 = VECTOR ( 'NONE', #3238, 1000.000000000000000 ) ;
#5145 = FACE_OUTER_BOUND ( 'NONE', #6075, .T. ) ;
#5146 = CARTESIAN_POINT ( 'NONE',  ( -4.349999999999049294, 6.080942047187287258, 24.23672873599514688 ) ) ;
#5147 = CARTESIAN_POINT ( 'NONE',  ( -3.898393942184254612, 6.424290412476488576, 24.45383480856774838 ) ) ;
#5148 = EDGE_CURVE ( 'NONE', #2859, #4908, #1468, .T. ) ;
#5149 = CARTESIAN_POINT ( 'NONE',  ( 66.10000000000161435, 16.60000000000000142, 4.899999999998364331 ) ) ;
#5150 = CIRCLE ( 'NONE', #2142, 0.5000000000000004441 ) ;
#5151 = VERTEX_POINT ( 'NONE', #3391 ) ;
#5152 = ORIENTED_EDGE ( 'NONE', *, *, #1938, .T. ) ;
#5153 = ADVANCED_FACE ( 'NONE', ( #2928 ), #1354, .T. ) ;
#5154 = CIRCLE ( 'NONE', #2573, 0.5000000000000004441 ) ;
#5155 = CARTESIAN_POINT ( 'NONE',  ( 66.60000000000161435, 10.09999999999999964, 6.099999999998364508 ) ) ;
#5156 = CARTESIAN_POINT ( 'NONE',  ( -4.195491502811579565, 6.697891065755752216, 5.287743005853572598 ) ) ;
#5157 = CARTESIAN_POINT ( 'NONE',  ( -3.849999999999122569, 7.672570500236599145, 5.399999999998446043 ) ) ;
#5158 = LINE ( 'NONE', #5746, #3361 ) ;
#5159 = CIRCLE ( 'NONE', #3429, 0.7000000000000000666 ) ;
#5160 = ORIENTED_EDGE ( 'NONE', *, *, #5379, .T. ) ;
#5161 = DIRECTION ( 'NONE',  ( 2.312964634635743213E-14, 0.000000000000000000, 1.000000000000000000 ) ) ;
#5162 = CARTESIAN_POINT ( 'NONE',  ( -0.5999999999984189092, 5.599999999999998757, 4.899999999998445155 ) ) ;
#5163 = DIRECTION ( 'NONE',  ( 1.000000000000000000, -0.000000000000000000, -1.196361017914920171E-16 ) ) ;
#5164 = CIRCLE ( 'NONE', #3968, 0.5000000000000000000 ) ;
#5165 = ORIENTED_EDGE ( 'NONE', *, *, #5252, .T. ) ;
#5166 = DIRECTION ( 'NONE',  ( -1.000000000000000000, 0.000000000000000000, -9.020562075079396891E-14 ) ) ;
#5167 = EDGE_LOOP ( 'NONE', ( #6124, #1055, #3742, #4627 ) ) ;
#5168 = ADVANCED_FACE ( 'NONE', ( #379 ), #3354, .T. ) ;
#5169 = ORIENTED_EDGE ( 'NONE', *, *, #2546, .F. ) ;
#5170 = CARTESIAN_POINT ( 'NONE',  ( 64.35000000000101750, 8.599999999999999645, 26.99999999999791456 ) ) ;
#5171 = CARTESIAN_POINT ( 'NONE',  ( 58.66698729810907054, 16.10000000000000142, 30.09999999999940457 ) ) ;
#5172 = CIRCLE ( 'NONE', #1419, 0.5000000000000004441 ) ;
#5173 = CARTESIAN_POINT ( 'NONE',  ( -0.5999999999984189092, 6.599999999999999645, 5.899999999998444267 ) ) ;
#5174 = ORIENTED_EDGE ( 'NONE', *, *, #1589, .T. ) ;
#5175 = CARTESIAN_POINT ( 'NONE',  ( 2.238538171961834689, 9.710487920814603768, 24.09999999999827480 ) ) ;
#5176 = AXIS2_PLACEMENT_3D ( 'NONE', #1165, #2679, #4762 ) ;
#5177 = EDGE_CURVE ( 'NONE', #1541, #3528, #2283, .T. ) ;
#5178 = CARTESIAN_POINT ( 'NONE',  ( 6.170131896274801520, 16.52664184823133553, 30.05973620744756758 ) ) ;
#5179 = CARTESIAN_POINT ( 'NONE',  ( -3.349999999999048406, 6.099999999999999645, 24.09999999999827480 ) ) ;
#5180 = CARTESIAN_POINT ( 'NONE',  ( 6.399999999999418598, 8.799999999999998934, 29.34999999999827835 ) ) ;
#5181 = CARTESIAN_POINT ( 'NONE',  ( 62.00000000000005684, 16.60000000000000142, 29.34999999999887876 ) ) ;
#5182 = VECTOR ( 'NONE', #1337, 1000.000000000000000 ) ;
#5183 = SURFACE_SIDE_STYLE ('',( #3182 ) ) ;
#5184 = CARTESIAN_POINT ( 'NONE',  ( 6.399999999999418598, 16.60000000000000142, 29.84999999999830322 ) ) ;
#5185 = ADVANCED_FACE ( 'NONE', ( #2861 ), #747, .T. ) ;
#5186 = ORIENTED_EDGE ( 'NONE', *, *, #679, .F. ) ;
#5187 = EDGE_CURVE ( 'NONE', #4358, #6030, #6442, .T. ) ;
#5188 = ORIENTED_EDGE ( 'NONE', *, *, #5439, .T. ) ;
#5189 = CYLINDRICAL_SURFACE ( 'NONE', #2105, 0.5000000000000004441 ) ;
#5190 = CARTESIAN_POINT ( 'NONE',  ( 5.699999999999418421, 8.799999999999998934, 0.000000000000000000 ) ) ;
#5191 = EDGE_CURVE ( 'NONE', #410, #3608, #2392, .T. ) ;
#5192 = CARTESIAN_POINT ( 'NONE',  ( -3.849999999999051514, 6.697891065755752216, 5.763271264001149419 ) ) ;
#5193 = ADVANCED_FACE ( 'NONE', ( #1390 ), #2354, .F. ) ;
#5194 = FACE_OUTER_BOUND ( 'NONE', #122, .T. ) ;
#5195 = CARTESIAN_POINT ( 'NONE',  ( 0.1500000000014142520, 16.10000000000000142, 4.899999999998445155 ) ) ;
#5196 = CARTESIAN_POINT ( 'NONE',  ( -3.770807779838171836, 16.60000000000000142, 25.09999999999827480 ) ) ;
#5197 = EDGE_LOOP ( 'NONE', ( #6430, #1812, #4383, #4950 ) ) ;
#5198 = CARTESIAN_POINT ( 'NONE',  ( -4.062667049085089133, 7.340952172251639318, 24.66909971298561288 ) ) ;
#5199 = ORIENTED_EDGE ( 'NONE', *, *, #3987, .T. ) ;
#5200 = ORIENTED_EDGE ( 'NONE', *, *, #640, .T. ) ;
#5201 = VERTEX_POINT ( 'NONE', #1316 ) ;
#5202 = DIRECTION ( 'NONE',  ( 0.000000000000000000, -0.000000000000000000, -1.000000000000000000 ) ) ;
#5203 = DIRECTION ( 'NONE',  ( 1.000000000000000000, -0.000000000000000000, 0.000000000000000000 ) ) ;
#5204 = CIRCLE ( 'NONE', #4770, 0.5000000000000004441 ) ;
#5205 = DIRECTION ( 'NONE',  ( 0.000000000000000000, -1.000000000000000000, 0.000000000000000000 ) ) ;
#5206 = ORIENTED_EDGE ( 'NONE', *, *, #1657, .T. ) ;
#5207 = DIRECTION ( 'NONE',  ( 0.000000000000000000, -0.000000000000000000, 1.000000000000000000 ) ) ;
#5208 = VECTOR ( 'NONE', #850, 1000.000000000000000 ) ;
#5209 = CARTESIAN_POINT ( 'NONE',  ( 0.6500000000015859758, 8.599999999999999645, 2.999999999997892797 ) ) ;
#5210 = CARTESIAN_POINT ( 'NONE',  ( -3.728637293380679285, 5.770725800071597966, 5.429641027445538448 ) ) ;
#5211 = DIRECTION ( 'NONE',  ( -0.000000000000000000, 1.000000000000000000, -0.000000000000000000 ) ) ;
#5212 = FACE_OUTER_BOUND ( 'NONE', #327, .T. ) ;
#5213 = CARTESIAN_POINT ( 'NONE',  ( -3.349999999999051070, 5.599999999999998757, 5.899999999998444267 ) ) ;
#5214 = CARTESIAN_POINT ( 'NONE',  ( 62.00000000000005684, 16.60000000000000142, 0.1499999999973887777 ) ) ;
#5215 = ORIENTED_EDGE ( 'NONE', *, *, #2482, .T. ) ;
#5216 = VERTEX_POINT ( 'NONE', #2893 ) ;
#5217 = VECTOR ( 'NONE', #320, 1000.000000000000000 ) ;
#5218 = DIRECTION ( 'NONE',  ( 0.000000000000000000, 1.000000000000000000, -6.938893903907222067E-15 ) ) ;
#5219 = EDGE_CURVE ( 'NONE', #2230, #2841, #3064, .T. ) ;
#5220 = ADVANCED_FACE ( 'NONE', ( #1928 ), #3289, .T. ) ;
#5221 = SPHERICAL_SURFACE ( 'NONE', #902, 0.5000000000000000000 ) ;
#5222 = AXIS2_PLACEMENT_3D ( 'NONE', #5467, #398, #3441 ) ;
#5223 = EDGE_LOOP ( 'NONE', ( #4173, #1058, #525, #1883 ) ) ;
#5224 = CARTESIAN_POINT ( 'NONE',  ( 0.1499999999995895450, 8.599999999999999645, 25.09999999999827480 ) ) ;
#5225 = EDGE_CURVE ( 'NONE', #1848, #3269, #2317, .T. ) ;
#5226 = DIRECTION ( 'NONE',  ( 5.143428980917867249E-17, 0.000000000000000000, 1.000000000000000000 ) ) ;
#5227 = LINE ( 'NONE', #1152, #1523 ) ;
#5228 = CYLINDRICAL_SURFACE ( 'NONE', #3806, 0.5000000000000001110 ) ;
#5229 = VECTOR ( 'NONE', #2637, 1000.000000000000000 ) ;
#5230 = CARTESIAN_POINT ( 'NONE',  ( 3.000000000000002665, 8.099999999999999645, 2.999999999997893241 ) ) ;
#5231 = ADVANCED_FACE ( 'NONE', ( #4333 ), #4369, .T. ) ;
#5232 = ORIENTED_EDGE ( 'NONE', *, *, #1047, .F. ) ;
#5233 = ORIENTED_EDGE ( 'NONE', *, *, #6372, .T. ) ;
#5234 = EDGE_LOOP ( 'NONE', ( #6559, #2847, #1123, #5894 ) ) ;
#5235 = CARTESIAN_POINT ( 'NONE',  ( -3.770807779838175833, 5.099999999999999645, 25.09999999999827480 ) ) ;
#5236 = EDGE_CURVE ( 'NONE', #236, #1848, #3322, .T. ) ;
#5237 = CARTESIAN_POINT ( 'NONE',  ( -3.349999999999051070, 5.599999999999998757, 5.899999999998444267 ) ) ;
#5238 = DIRECTION ( 'NONE',  ( -0.9510565162951545304, 0.000000000000000000, 0.3090169943749444537 ) ) ;
#5239 = ORIENTED_EDGE ( 'NONE', *, *, #252, .T. ) ;
#5240 = DIRECTION ( 'NONE',  ( 0.000000000000000000, -0.000000000000000000, -1.000000000000000000 ) ) ;
#5241 = EDGE_LOOP ( 'NONE', ( #365, #6413, #5902, #2937 ) ) ;
#5242 = AXIS2_PLACEMENT_3D ( 'NONE', #5417, #4575, #2829 ) ;
#5243 = CARTESIAN_POINT ( 'NONE',  ( -0.5999999999984179100, 5.599999999999998757, 25.09999999999827480 ) ) ;
#5244 = CARTESIAN_POINT ( 'NONE',  ( 64.35000000000096065, 10.59999999999999787, 23.89999999999836788 ) ) ;
#5245 = CARTESIAN_POINT ( 'NONE',  ( 64.35000000000050591, 16.10000000000000142, -1.227924012470191182E-12 ) ) ;
#5246 = ORIENTED_EDGE ( 'NONE', *, *, #1502, .T. ) ;
#5247 = VECTOR ( 'NONE', #3305, 1000.000000000000000 ) ;
#5248 = ADVANCED_FACE ( 'NONE', ( #1794 ), #5904, .T. ) ;
#5249 = DIRECTION ( 'NONE',  ( -0.000000000000000000, -6.938893903907221278E-15, -1.000000000000000000 ) ) ;
#5250 = LINE ( 'NONE', #5282, #5368 ) ;
#5251 = CARTESIAN_POINT ( 'NONE',  ( 6.385412667365373274, 16.23407932342114890, 29.84999999536648829 ) ) ;
#5252 = EDGE_CURVE ( 'NONE', #6343, #2265, #3425, .T. ) ;
#5253 = AXIS2_PLACEMENT_3D ( 'NONE', #5305, #3283, #2856 ) ;
#5254 = ORIENTED_EDGE ( 'NONE', *, *, #2026, .T. ) ;
#5255 = CARTESIAN_POINT ( 'NONE',  ( 59.32140543058596904, 16.54003239718139540, 30.04281086116813526 ) ) ;
#5256 = DIRECTION ( 'NONE',  ( 0.000000000000000000, -1.908195823574485911E-14, 1.000000000000000000 ) ) ;
#5257 = DIRECTION ( 'NONE',  ( 9.020562075079389318E-14, 0.000000000000000000, -1.000000000000000000 ) ) ;
#5258 = CARTESIAN_POINT ( 'NONE',  ( -3.770807779836855556, 5.604431881548363137, 5.399999999998445155 ) ) ;
#5259 = ORIENTED_EDGE ( 'NONE', *, *, #1026, .F. ) ;
#5260 = VECTOR ( 'NONE', #994, 1000.000000000000000 ) ;
#5261 = ORIENTED_EDGE ( 'NONE', *, *, #4481, .F. ) ;
#5262 = VERTEX_POINT ( 'NONE', #1041 ) ;
#5263 = ORIENTED_EDGE ( 'NONE', *, *, #5365, .F. ) ;
#5264 = CARTESIAN_POINT ( 'NONE',  ( 2.999999999999780620, 16.60000000000000142, 26.99999999999791456 ) ) ;
#5265 = AXIS2_PLACEMENT_3D ( 'NONE', #3721, #1182, #1558 ) ;
#5266 = CARTESIAN_POINT ( 'NONE',  ( -3.925316273231231889, 5.608880339001398596, 24.62447174061782107 ) ) ;
#5267 = DIRECTION ( 'NONE',  ( -0.000000000000000000, 1.000000000000000000, -0.000000000000000000 ) ) ;
#5268 = ORIENTED_EDGE ( 'NONE', *, *, #947, .T. ) ;
#5269 = CARTESIAN_POINT ( 'NONE',  ( -0.5999999999984192423, 5.599999999999998757, -1.100000000000000311 ) ) ;
#5270 = VERTEX_POINT ( 'NONE', #2489 ) ;
#5271 = EDGE_CURVE ( 'NONE', #1639, #5728, #4580, .T. ) ;
#5272 = AXIS2_PLACEMENT_3D ( 'NONE', #5109, #2586, #4637 ) ;
#5273 = CARTESIAN_POINT ( 'NONE',  ( -0.09844798861170604709, 8.032848584142305626, 5.525481412525426350 ) ) ;
#5274 = CYLINDRICAL_SURFACE ( 'NONE', #5253, 0.4999999999999970024 ) ;
#5275 = CIRCLE ( 'NONE', #6015, 0.6999999999999992895 ) ;
#5276 = ORIENTED_EDGE ( 'NONE', *, *, #85, .F. ) ;
#5277 = CARTESIAN_POINT ( 'NONE',  ( -0.1110300562068815833, 7.711095767277383217, 5.874641468447114434 ) ) ;
#5278 = ORIENTED_EDGE ( 'NONE', *, *, #221, .F. ) ;
#5279 = DIRECTION ( 'NONE',  ( 5.143428980917867249E-17, 0.000000000000000000, 1.000000000000000000 ) ) ;
#5280 = AXIS2_PLACEMENT_3D ( 'NONE', #2472, #6494, #3035 ) ;
#5281 = CARTESIAN_POINT ( 'NONE',  ( -4.195491502811579565, 6.080942047187164690, 5.287743005853572598 ) ) ;
#5282 = CARTESIAN_POINT ( 'NONE',  ( 0.000000000000000000, 9.599999999999999645, 23.89999999999835723 ) ) ;
#5283 = CARTESIAN_POINT ( 'NONE',  ( 6.399999997642090044, 16.16765244554797576, 29.84999999591529374 ) ) ;
#5284 = TOROIDAL_SURFACE ( 'NONE', #1191, 2.849999999998416911, 0.5000000000000000000 ) ;
#5285 = ORIENTED_EDGE ( 'NONE', *, *, #1898, .F. ) ;
#5286 = CARTESIAN_POINT ( 'NONE',  ( 59.45424868893686465, 16.59999999999999787, 30.30849737786992648 ) ) ;
#5287 = DIRECTION ( 'NONE',  ( 1.000000000000000000, -0.000000000000000000, -1.908195823574485911E-14 ) ) ;
#5288 = CARTESIAN_POINT ( 'NONE',  ( 66.60000000000161435, 16.10000000000000142, 31.09999999999827835 ) ) ;
#5289 = ORIENTED_EDGE ( 'NONE', *, *, #4097, .F. ) ;
#5290 = ORIENTED_EDGE ( 'NONE', *, *, #3009, .F. ) ;
#5291 = ORIENTED_EDGE ( 'NONE', *, *, #5415, .T. ) ;
#5292 = VERTEX_POINT ( 'NONE', #1522 ) ;
#5293 = CARTESIAN_POINT ( 'NONE',  ( 58.66698729810907764, 11.04708406150150068, 30.09999999999940457 ) ) ;
#5294 = LINE ( 'NONE', #700, #5247 ) ;
#5295 = DIRECTION ( 'NONE',  ( 0.000000000000000000, 0.000000000000000000, 1.000000000000000000 ) ) ;
#5296 = ORIENTED_EDGE ( 'NONE', *, *, #4238, .T. ) ;
#5297 = EDGE_CURVE ( 'NONE', #3608, #1541, #2989, .T. ) ;
#5298 = EDGE_CURVE ( 'NONE', #4259, #2330, #721, .T. ) ;
#5299 = ORIENTED_EDGE ( 'NONE', *, *, #4406, .F. ) ;
#5300 = CARTESIAN_POINT ( 'NONE',  ( 62.00000000000005684, 8.099999999999999645, 29.84999999999887876 ) ) ;
#5301 = VECTOR ( 'NONE', #2795, 1000.000000000000000 ) ;
#5302 = CARTESIAN_POINT ( 'NONE',  ( -0.2249999999994145850, 7.921240200795124586, 24.32527054841446557 ) ) ;
#5303 = DIRECTION ( 'NONE',  ( -0.000000000000000000, -1.000000000000000000, 0.000000000000000000 ) ) ;
#5304 = EDGE_CURVE ( 'NONE', #1534, #1722, #403, .T. ) ;
#5305 = CARTESIAN_POINT ( 'NONE',  ( -0.5999999999984175769, 16.60000000000000142, 31.09999999999874376 ) ) ;
#5306 = VECTOR ( 'NONE', #3388, 1000.000000000000000 ) ;
#5307 = CARTESIAN_POINT ( 'NONE',  ( -3.520820393248982327, 7.839158885309936764, 24.09999999999827480 ) ) ;
#5308 = ORIENTED_EDGE ( 'NONE', *, *, #6321, .F. ) ;
#5309 = EDGE_CURVE ( 'NONE', #3700, #5876, #5016, .T. ) ;
#5310 = FACE_OUTER_BOUND ( 'NONE', #1387, .T. ) ;
#5311 = VERTEX_POINT ( 'NONE', #1455 ) ;
#5312 = CARTESIAN_POINT ( 'NONE',  ( 66.10000000000161435, 16.10000000000000142, -1.100000000000003419 ) ) ;
#5313 = DIRECTION ( 'NONE',  ( 0.000000000000000000, 0.000000000000000000, -1.000000000000000000 ) ) ;
#5314 = CYLINDRICAL_SURFACE ( 'NONE', #760, 0.5000000000000004441 ) ;
#5315 = DIRECTION ( 'NONE',  ( 9.033211100425053116E-14, 0.000000000000000000, -1.000000000000000000 ) ) ;
#5316 = AXIS2_PLACEMENT_3D ( 'NONE', #22, #4106, #1636 ) ;
#5317 = ORIENTED_EDGE ( 'NONE', *, *, #1858, .F. ) ;
#5318 = DIRECTION ( 'NONE',  ( 0.000000000000000000, 1.000000000000000000, -0.000000000000000000 ) ) ;
#5319 = EDGE_CURVE ( 'NONE', #302, #921, #2018, .T. ) ;
#5320 = CARTESIAN_POINT ( 'NONE',  ( -4.013709576152218794, 6.080942047187281929, 24.60674056125066400 ) ) ;
#5321 = CARTESIAN_POINT ( 'NONE',  ( -5.961803398875453297, 16.10000000000000142, 25.81189763098349133 ) ) ;
#5322 = DIRECTION ( 'NONE',  ( -0.000000000000000000, 1.000000000000000000, -0.000000000000000000 ) ) ;
#5323 = ORIENTED_EDGE ( 'NONE', *, *, #4247, .T. ) ;
#5324 = DIRECTION ( 'NONE',  ( 0.000000000000000000, 1.000000000000000000, -0.000000000000000000 ) ) ;
#5325 = AXIS2_PLACEMENT_3D ( 'NONE', #3129, #3660, #5743 ) ;
#5326 = EDGE_LOOP ( 'NONE', ( #4864, #3645, #3468, #4833 ) ) ;
#5327 = ORIENTED_EDGE ( 'NONE', *, *, #5827, .F. ) ;
#5328 = EDGE_LOOP ( 'NONE', ( #3740, #597, #297, #5355, #1211 ) ) ;
#5329 = DIRECTION ( 'NONE',  ( 1.000000000000000000, 0.000000000000000000, 1.017312411335546717E-14 ) ) ;
#5330 = LINE ( 'NONE', #4724, #1821 ) ;
#5331 = CIRCLE ( 'NONE', #5747, 0.5000000000000004441 ) ;
#5332 = CARTESIAN_POINT ( 'NONE',  ( -5.899999999999137046, 16.10000000000000142, -1.100000000000000089 ) ) ;
#5333 = CARTESIAN_POINT ( 'NONE',  ( 59.31738813702013147, 16.58479597953485651, 30.45869406850868799 ) ) ;
#5334 = ORIENTED_EDGE ( 'NONE', *, *, #3207, .F. ) ;
#5335 = EDGE_CURVE ( 'NONE', #1079, #4789, #5118, .T. ) ;
#5336 = CARTESIAN_POINT ( 'NONE',  ( 0.008196297703139796345, 7.758676648335250725, 24.45673955887485462 ) ) ;
#5337 = CARTESIAN_POINT ( 'NONE',  ( 0.008196297701475681319, 7.758676648333866055, 5.543260441124288285 ) ) ;
#5338 = CARTESIAN_POINT ( 'NONE',  ( -3.925316277025643785, 5.608863763106045397, 24.62447174185070153 ) ) ;
#5339 = ORIENTED_EDGE ( 'NONE', *, *, #5049, .F. ) ;
#5340 = DIRECTION ( 'NONE',  ( 1.000000000000000000, 0.000000000000000000, -1.196361017914920171E-16 ) ) ;
#5341 = ORIENTED_EDGE ( 'NONE', *, *, #3619, .T. ) ;
#5342 = AXIS2_PLACEMENT_3D ( 'NONE', #6204, #1622, #4184 ) ;
#5343 = CARTESIAN_POINT ( 'NONE',  ( 2.999999999999780620, 8.599999999999999645, 26.99999999999791456 ) ) ;
#5344 =( BOUNDED_SURFACE ( )  B_SPLINE_SURFACE ( 3, 2, ( 
 ( #2062, #2500, #5192 ),
 ( #624, #724, #2128 ),
 ( #3663, #3134, #6338 ),
 ( #590, #4267, #4748 ) ),
 .UNSPECIFIED., .F., .F., .T. ) 
 B_SPLINE_SURFACE_WITH_KNOTS ( ( 4, 4 ),
 ( 3, 3 ),
 ( 3.141592653589793116, 4.010874592781514814 ),
 ( 0.000000000000000000, 1.000000000000000000 ),
 .UNSPECIFIED. ) 
 GEOMETRIC_REPRESENTATION_ITEM ( )  RATIONAL_B_SPLINE_SURFACE ( (
 ( 1.000000000000000000, 0.8090169943749468962, 1.000000000000000000),
 ( 1.000000000000000000, 0.8091236404367704305, 1.000000000000000000),
 ( 1.000000000000000000, 0.7966015464422808723, 1.000000000000000000),
 ( 1.000000000000000000, 0.7744132970743162758, 1.000000000000000000) ) ) 
 REPRESENTATION_ITEM ( '' )  SURFACE ( )  );
#5345 = DIRECTION ( 'NONE',  ( -0.3090169943749450643, 0.000000000000000000, -0.9510565162951544194 ) ) ;
#5346 = CARTESIAN_POINT ( 'NONE',  ( -3.770807779838171836, 16.60000000000000142, 25.09999999999827480 ) ) ;
#5347 = CIRCLE ( 'NONE', #1500, 2.350000000000962430 ) ;
#5348 = EDGE_CURVE ( 'NONE', #3858, #4032, #4901, .T. ) ;
#5349 = ORIENTED_EDGE ( 'NONE', *, *, #395, .T. ) ;
#5350 = CARTESIAN_POINT ( 'NONE',  ( -3.520820393248982771, 7.839158885309938540, 24.59999999999827480 ) ) ;
#5351 = CARTESIAN_POINT ( 'NONE',  ( -3.844470036763222964, 6.095199960561407337, 24.16912032786171594 ) ) ;
#5352 = CARTESIAN_POINT ( 'NONE',  ( -0.09999999999841895082, 8.456546690695361690, 5.399999999998445155 ) ) ;
#5353 = DIRECTION ( 'NONE',  ( -1.000000000000000000, 0.000000000000000000, 1.908195823574485911E-14 ) ) ;
#5354 = ORIENTED_EDGE ( 'NONE', *, *, #6404, .T. ) ;
#5355 = ORIENTED_EDGE ( 'NONE', *, *, #5946, .F. ) ;
#5356 = AXIS2_PLACEMENT_3D ( 'NONE', #2483, #4538, #6566 ) ;
#5357 = ORIENTED_EDGE ( 'NONE', *, *, #1409, .T. ) ;
#5358 = ORIENTED_EDGE ( 'NONE', *, *, #3527, .T. ) ;
#5359 = CARTESIAN_POINT ( 'NONE',  ( 59.10000000000161435, 10.40000000000000036, 29.84999999999885389 ) ) ;
#5360 = CARTESIAN_POINT ( 'NONE',  ( 2.210308877732446313E-13, 5.599999999999998757, 31.59999999999874021 ) ) ;
#5361 = DIRECTION ( 'NONE',  ( 9.020562075079395629E-14, 0.000000000000000000, -1.000000000000000000 ) ) ;
#5362 = CARTESIAN_POINT ( 'NONE',  ( -0.5999999999984141352, 8.599999999999999645, 31.59999999999874731 ) ) ;
#5363 = AXIS2_PLACEMENT_3D ( 'NONE', #6153, #92, #6057 ) ;
#5364 = VERTEX_POINT ( 'NONE', #2554 ) ;
#5365 = EDGE_CURVE ( 'NONE', #3269, #4142, #5640, .T. ) ;
#5366 = CARTESIAN_POINT ( 'NONE',  ( 6.399999999999418598, 16.60000000000000142, 29.84999999999830322 ) ) ;
#5367 = ORIENTED_EDGE ( 'NONE', *, *, #4931, .T. ) ;
#5368 = VECTOR ( 'NONE', #2756, 1000.000000000000000 ) ;
#5369 = ORIENTED_EDGE ( 'NONE', *, *, #3488, .F. ) ;
#5370 = CARTESIAN_POINT ( 'NONE',  ( -0.2249999999994133915, 7.921240200795124586, 24.09999999999827125 ) ) ;
#5371 = FACE_OUTER_BOUND ( 'NONE', #1976, .T. ) ;
#5372 = FACE_OUTER_BOUND ( 'NONE', #6464, .T. ) ;
#5373 = ORIENTED_EDGE ( 'NONE', *, *, #1953, .T. ) ;
#5374 = CARTESIAN_POINT ( 'NONE',  ( -0.5999999999984175769, 5.599999999999998757, 31.09999999999874376 ) ) ;
#5375 = ORIENTED_EDGE ( 'NONE', *, *, #4246, .T. ) ;
#5376 = DIRECTION ( 'NONE',  ( 1.000000000000000000, 0.000000000000000000, 0.000000000000000000 ) ) ;
#5377 = CIRCLE ( 'NONE', #3448, 0.5000000000000004441 ) ;
#5378 = EDGE_CURVE ( 'NONE', #2969, #758, #6072, .T. ) ;
#5379 = EDGE_CURVE ( 'NONE', #1612, #2778, #5331, .T. ) ;
#5380 = DIRECTION ( 'NONE',  ( 0.000000000000000000, 0.000000000000000000, -1.000000000000000000 ) ) ;
#5381 =( BOUNDED_CURVE ( )  B_SPLINE_CURVE ( 3, ( #5196, #5717, #493, #5687 ),
 .UNSPECIFIED., .F., .F. ) 
 B_SPLINE_CURVE_WITH_KNOTS ( ( 4, 4 ),
 ( 4.712388980384689674, 6.283185307179586232 ),
 .UNSPECIFIED. ) 
 CURVE ( )  GEOMETRIC_REPRESENTATION_ITEM ( )  RATIONAL_B_SPLINE_CURVE ( ( 1.000000000000000000, 0.8047378541243649375, 0.8047378541243649375, 1.000000000000000000 ) ) 
 REPRESENTATION_ITEM ( '' )  );
#5382 = AXIS2_PLACEMENT_3D ( 'NONE', #3472, #5527, #2972 ) ;
#5383 = EDGE_LOOP ( 'NONE', ( #4279, #163, #1742, #2214 ) ) ;
#5384 = CARTESIAN_POINT ( 'NONE',  ( -0.09999999999841920062, 5.599999999999998757, 5.143428980836559880E-18 ) ) ;
#5385 = DIRECTION ( 'NONE',  ( 2.028744404108460548E-14, 0.000000000000000000, -1.000000000000000000 ) ) ;
#5386 = FACE_OUTER_BOUND ( 'NONE', #5824, .T. ) ;
#5387 = CARTESIAN_POINT ( 'NONE',  ( 6.399999999999418598, 11.40000000000000036, 0.000000000000000000 ) ) ;
#5388 = EDGE_CURVE ( 'NONE', #6434, #2807, #2862, .T. ) ;
#5389 = VERTEX_POINT ( 'NONE', #5015 ) ;
#5390 = CIRCLE ( 'NONE', #6335, 0.5000000000000004441 ) ;
#5391 = DIRECTION ( 'NONE',  ( 0.000000000000000000, 0.000000000000000000, 1.000000000000000000 ) ) ;
#5392 = ORIENTED_EDGE ( 'NONE', *, *, #6266, .F. ) ;
#5393 = EDGE_CURVE ( 'NONE', #3293, #2524, #5645, .T. ) ;
#5394 = VERTEX_POINT ( 'NONE', #2049 ) ;
#5395 = ORIENTED_EDGE ( 'NONE', *, *, #4017, .T. ) ;
#5396 = DIRECTION ( 'NONE',  ( -0.000000000000000000, -0.000000000000000000, 1.000000000000000000 ) ) ;
#5397 = DIRECTION ( 'NONE',  ( 0.000000000000000000, 0.000000000000000000, -1.000000000000000000 ) ) ;
#5398 = CARTESIAN_POINT ( 'NONE',  ( 62.00000000000005684, 16.10000000000000142, 26.99999999999791456 ) ) ;
#5399 = DIRECTION ( 'NONE',  ( 0.000000000000000000, 0.000000000000000000, 1.000000000000000000 ) ) ;
#5400 = ORIENTED_EDGE ( 'NONE', *, *, #1444, .T. ) ;
#5401 = EDGE_LOOP ( 'NONE', ( #5206, #4565, #296, #5705 ) ) ;
#5402 = EDGE_LOOP ( 'NONE', ( #682, #3536, #4871, #4060 ) ) ;
#5403 = ORIENTED_EDGE ( 'NONE', *, *, #3540, .T. ) ;
#5404 = FACE_OUTER_BOUND ( 'NONE', #816, .T. ) ;
#5405 = DIRECTION ( 'NONE',  ( 0.000000000000000000, 0.000000000000000000, 1.000000000000000000 ) ) ;
#5406 = DIRECTION ( 'NONE',  ( 0.3090169943749447867, 0.000000000000000000, -0.9510565162951544194 ) ) ;
#5407 = AXIS2_PLACEMENT_3D ( 'NONE', #1967, #1934, #4483 ) ;
#5408 = CARTESIAN_POINT ( 'NONE',  ( -4.017702709471891787, 5.686490654966371849, 5.345510086579118081 ) ) ;
#5409 = LINE ( 'NONE', #1824, #1561 ) ;
#5410 = ORIENTED_EDGE ( 'NONE', *, *, #4033, .F. ) ;
#5411 = DIRECTION ( 'NONE',  ( -1.000000000000000000, 0.000000000000000000, -1.017312411335546717E-14 ) ) ;
#5412 = CARTESIAN_POINT ( 'NONE',  ( 66.60000000000161435, 16.60000000000000142, 4.899999999998364331 ) ) ;
#5413 = AXIS2_PLACEMENT_3D ( 'NONE', #2954, #4021, #1350 ) ;
#5414 = LINE ( 'NONE', #2990, #4993 ) ;
#5415 = EDGE_CURVE ( 'NONE', #6045, #779, #5545, .T. ) ;
#5416 = EDGE_LOOP ( 'NONE', ( #5932, #1261, #6406, #3709 ) ) ;
#5417 = CARTESIAN_POINT ( 'NONE',  ( -0.5999999999984179100, 5.599999999999998757, 25.09999999999827480 ) ) ;
#5418 = EDGE_CURVE ( 'NONE', #1158, #5544, #5574, .T. ) ;
#5419 = DIRECTION ( 'NONE',  ( 0.000000000000000000, 1.000000000000000000, -0.000000000000000000 ) ) ;
#5420 = LINE ( 'NONE', #1800, #5959 ) ;
#5421 = DIRECTION ( 'NONE',  ( 6.938893903907222067E-15, 0.000000000000000000, 1.000000000000000000 ) ) ;
#5422 = ORIENTED_EDGE ( 'NONE', *, *, #5319, .F. ) ;
#5423 = DIRECTION ( 'NONE',  ( -1.000000000000000000, 0.000000000000000000, 6.994648347254856026E-15 ) ) ;
#5424 = DIRECTION ( 'NONE',  ( -1.000000000000000000, 0.000000000000000000, -9.020562075079396891E-14 ) ) ;
#5425 = ORIENTED_EDGE ( 'NONE', *, *, #142, .F. ) ;
#5426 = CIRCLE ( 'NONE', #6587, 0.5000000000000000000 ) ;
#5427 = ADVANCED_FACE ( 'NONE', ( #6572 ), #6384, .T. ) ;
#5428 = ORIENTED_EDGE ( 'NONE', *, *, #2793, .F. ) ;
#5429 = VERTEX_POINT ( 'NONE', #1990 ) ;
#5430 = DIRECTION ( 'NONE',  ( 0.000000000000000000, 0.000000000000000000, -1.000000000000000000 ) ) ;
#5431 = FACE_OUTER_BOUND ( 'NONE', #2273, .T. ) ;
#5432 = LINE ( 'NONE', #4893, #2701 ) ;
#5433 = DIRECTION ( 'NONE',  ( -6.994648347254841037E-15, 0.000000000000000000, -1.000000000000000000 ) ) ;
#5434 = ORIENTED_EDGE ( 'NONE', *, *, #477, .F. ) ;
#5435 = VECTOR ( 'NONE', #1864, 1000.000000000000000 ) ;
#5436 = EDGE_CURVE ( 'NONE', #3177, #5577, #3055, .T. ) ;
#5437 = EDGE_LOOP ( 'NONE', ( #705, #5058, #3240, #5786 ) ) ;
#5438 = ORIENTED_EDGE ( 'NONE', *, *, #774, .T. ) ;
#5439 = EDGE_CURVE ( 'NONE', #4127, #3197, #6176, .T. ) ;
#5440 = PRODUCT ( '\X2\4e3b677f656370ed98ce9053\X0\', '\X2\4e3b677f656370ed98ce9053\X0\', '', ( #3147 ) ) ;
#5441 = ORIENTED_EDGE ( 'NONE', *, *, #496, .F. ) ;
#5442 = AXIS2_PLACEMENT_3D ( 'NONE', #2336, #4462, #3975 ) ;
#5443 = LINE ( 'NONE', #6533, #848 ) ;
#5444 = DIRECTION ( 'NONE',  ( -0.9510565162951547524, -0.3090169943749443981, 0.000000000000000000 ) ) ;
#5445 = CARTESIAN_POINT ( 'NONE',  ( 59.11458733263565790, 16.23407932342101745, 29.84999999536699633 ) ) ;
#5446 = ORIENTED_EDGE ( 'NONE', *, *, #4530, .T. ) ;
#5447 = CYLINDRICAL_SURFACE ( 'NONE', #487, 0.5000000000000000000 ) ;
#5448 = DIRECTION ( 'NONE',  ( 0.000000000000000000, 1.000000000000000000, 0.000000000000000000 ) ) ;
#5449 = FACE_OUTER_BOUND ( 'NONE', #5021, .T. ) ;
#5450 = EDGE_CURVE ( 'NONE', #2138, #4392, #3820, .T. ) ;
#5451 = CIRCLE ( 'NONE', #3186, 1.000000000000000000 ) ;
#5452 = B_SPLINE_CURVE_WITH_KNOTS ( 'NONE', 3,
 ( #3111, #1516, #5102, #5599, #5725, #5171 ),
 .UNSPECIFIED., .F., .F.,
 ( 4, 2, 4 ),
 ( 0.000000000000000000, 0.0002088413042714182570, 0.0004176826085428365139 ),
 .UNSPECIFIED. ) ;
#5453 = VERTEX_POINT ( 'NONE', #578 ) ;
#5454 = CARTESIAN_POINT ( 'NONE',  ( -3.811522091489968123, 6.069687496116748626, 24.33947971215497930 ) ) ;
#5455 = CARTESIAN_POINT ( 'NONE',  ( -3.036677547836429077E-13, 16.10000000000000142, 29.84999999999824638 ) ) ;
#5456 = CARTESIAN_POINT ( 'NONE',  ( 0.000000000000000000, 11.09999999999999787, 0.000000000000000000 ) ) ;
#5457 = CIRCLE ( 'NONE', #2451, 0.5000000000000004441 ) ;
#5458 = CARTESIAN_POINT ( 'NONE',  ( -3.677419152305386962, 5.840471023593642563, 24.53837619325222619 ) ) ;
#5459 = CARTESIAN_POINT ( 'NONE',  ( 7.099999999999421441, 12.59999999999999964, 31.59999999999869047 ) ) ;
#5460 = EDGE_CURVE ( 'NONE', #5563, #4532, #1252, .T. ) ;
#5461 = ORIENTED_EDGE ( 'NONE', *, *, #252, .F. ) ;
#5462 = CIRCLE ( 'NONE', #4382, 2.850000000000362466 ) ;
#5463 = ORIENTED_EDGE ( 'NONE', *, *, #1111, .T. ) ;
#5464 = ORIENTED_EDGE ( 'NONE', *, *, #2715, .F. ) ;
#5465 = CARTESIAN_POINT ( 'NONE',  ( 6.457189138830192299, 16.54003239718150553, 30.32140543058295634 ) ) ;
#5466 = FACE_OUTER_BOUND ( 'NONE', #2351, .T. ) ;
#5467 = CARTESIAN_POINT ( 'NONE',  ( 62.00000000000005684, 8.599999999999999645, 2.999999999997893241 ) ) ;
#5468 = CIRCLE ( 'NONE', #1283, 0.7000000000000000666 ) ;
#5469 = ORIENTED_EDGE ( 'NONE', *, *, #1109, .T. ) ;
#5470 = ORIENTED_EDGE ( 'NONE', *, *, #663, .T. ) ;
#5471 = CARTESIAN_POINT ( 'NONE',  ( -3.881377700482308679, 5.935097511117128910, 24.48646888472586625 ) ) ;
#5472 = VECTOR ( 'NONE', #2340, 1000.000000000000000 ) ;
#5473 = CARTESIAN_POINT ( 'NONE',  ( 66.10000000000161435, 16.60000000000000142, 31.09999999999827835 ) ) ;
#5474 = FACE_OUTER_BOUND ( 'NONE', #2204, .T. ) ;
#5475 = EDGE_CURVE ( 'NONE', #617, #2642, #3931, .T. ) ;
#5476 = LINE ( 'NONE', #871, #4937 ) ;
#5477 = CARTESIAN_POINT ( 'NONE',  ( 5.699999999999413092, 8.099999999999999645, 29.84999999999830322 ) ) ;
#5478 = EDGE_LOOP ( 'NONE', ( #1916, #4897, #3699, #712, #40 ) ) ;
#5479 = ADVANCED_FACE ( 'NONE', ( #4861 ), #5672, .T. ) ;
#5480 = CARTESIAN_POINT ( 'NONE',  ( 66.60000000000161435, 11.79999999999999716, 4.899999999998364331 ) ) ;
#5481 = CIRCLE ( 'NONE', #2152, 5.000000000000000000 ) ;
#5482 = CARTESIAN_POINT ( 'NONE',  ( 7.016624814556061018, 16.10000000000000142, 21.59495067829478643 ) ) ;
#5483 = CARTESIAN_POINT ( 'NONE',  ( 3.000000000000002665, 16.10000000000000142, 2.999999999997893241 ) ) ;
#5484 = ORIENTED_EDGE ( 'NONE', *, *, #3934, .F. ) ;
#5485 = AXIS2_PLACEMENT_3D ( 'NONE', #1053, #3101, #55 ) ;
#5486 = DIRECTION ( 'NONE',  ( -0.7500000000005527800, 0.6614378277655209581, 0.000000000000000000 ) ) ;
#5487 = CARTESIAN_POINT ( 'NONE',  ( -5.900000000000459544, 5.599999999999998757, 31.59999999999878284 ) ) ;
#5488 = DIRECTION ( 'NONE',  ( 0.000000000000000000, 1.000000000000000000, 0.000000000000000000 ) ) ;
#5489 = CARTESIAN_POINT ( 'NONE',  ( -0.09999999999841942266, 8.099999999999999645, -1.392893218813452405 ) ) ;
#5490 = VERTEX_POINT ( 'NONE', #3847 ) ;
#5491 = EDGE_LOOP ( 'NONE', ( #494, #1878, #728, #6463, #4002, #2007, #3155, #2369, #5077 ) ) ;
#5492 = CARTESIAN_POINT ( 'NONE',  ( -3.850000000000434852, 5.599999999999998757, 24.59999999999827480 ) ) ;
#5493 = CARTESIAN_POINT ( 'NONE',  ( 2.210308877732446313E-13, 16.60000000000000142, 31.59999999999874021 ) ) ;
#5494 = DIRECTION ( 'NONE',  ( -0.4677196552530351048, -0.7749411565250263756, -0.4250935520725255268 ) ) ;
#5495 = AXIS2_PLACEMENT_3D ( 'NONE', #5033, #6553, #2034 ) ;
#5496 = DIRECTION ( 'NONE',  ( -0.000000000000000000, -1.000000000000000000, 0.000000000000000000 ) ) ;
#5497 = VERTEX_POINT ( 'NONE', #2271 ) ;
#5498 = ORIENTED_EDGE ( 'NONE', *, *, #3934, .T. ) ;
#5499 = AXIS2_PLACEMENT_3D ( 'NONE', #124, #667, #1776 ) ;
#5500 = ORIENTED_EDGE ( 'NONE', *, *, #3640, .T. ) ;
#5501 = CARTESIAN_POINT ( 'NONE',  ( -3.943451965166403284, 5.719307838312050585, 24.62572315606882256 ) ) ;
#5502 = CARTESIAN_POINT ( 'NONE',  ( 66.60000000000161435, 8.599999999999999645, -1.600000000001555067 ) ) ;
#5503 = EDGE_CURVE ( 'NONE', #4350, #4842, #265, .T. ) ;
#5504 = EDGE_CURVE ( 'NONE', #4464, #4730, #3625, .T. ) ;
#5505 = FACE_OUTER_BOUND ( 'NONE', #2121, .T. ) ;
#5506 = FACE_OUTER_BOUND ( 'NONE', #2020, .T. ) ;
#5507 = DIRECTION ( 'NONE',  ( 6.994648347254856026E-15, -0.000000000000000000, 1.000000000000000000 ) ) ;
#5508 = ORIENTED_EDGE ( 'NONE', *, *, #4181, .T. ) ;
#5509 = SPHERICAL_SURFACE ( 'NONE', #5734, 0.5000000000000000000 ) ;
#5510 = EDGE_CURVE ( 'NONE', #4079, #793, #2748, .T. ) ;
#5511 = DIRECTION ( 'NONE',  ( -0.9510565162951544194, 0.000000000000000000, -0.3090169943749447867 ) ) ;
#5512 = EDGE_CURVE ( 'NONE', #5389, #1544, #4685, .T. ) ;
#5513 = CARTESIAN_POINT ( 'NONE',  ( 58.40000000000161862, 11.59999999999999964, 31.09999999999833165 ) ) ;
#5514 = CARTESIAN_POINT ( 'NONE',  ( -3.349999999999051070, 6.099999999999999645, 5.899999999998445155 ) ) ;
#5515 = AXIS2_PLACEMENT_3D ( 'NONE', #2057, #6145, #1563 ) ;
#5516 = CIRCLE ( 'NONE', #6166, 0.5000000000000004441 ) ;
#5517 = CYLINDRICAL_SURFACE ( 'NONE', #3061, 0.5000000000000004441 ) ;
#5518 = DIRECTION ( 'NONE',  ( 0.000000000000000000, 9.020562075079388056E-14, -1.000000000000000000 ) ) ;
#5519 = CARTESIAN_POINT ( 'NONE',  ( 59.60000000000162146, 8.799999999999998934, 31.59999999999832454 ) ) ;
#5520 = DIRECTION ( 'NONE',  ( -1.000000000000000000, 0.000000000000000000, 6.938893903907222067E-15 ) ) ;
#5521 = AXIS2_PLACEMENT_3D ( 'NONE', #2984, #409, #1924 ) ;
#5522 = ORIENTED_EDGE ( 'NONE', *, *, #4135, .F. ) ;
#5523 = EDGE_LOOP ( 'NONE', ( #769, #3268, #3629, #2264 ) ) ;
#5524 = DIRECTION ( 'NONE',  ( 0.000000000000000000, 1.000000000000000000, 0.000000000000000000 ) ) ;
#5525 = CARTESIAN_POINT ( 'NONE',  ( -3.599851442695445325, 5.904729961763637291, 5.496873012505590239 ) ) ;
#5526 = AXIS2_PLACEMENT_3D ( 'NONE', #5870, #1692, #3861 ) ;
#5527 = DIRECTION ( 'NONE',  ( -0.000000000000000000, -1.000000000000000000, 0.000000000000000000 ) ) ;
#5528 = FACE_OUTER_BOUND ( 'NONE', #1342, .T. ) ;
#5529 = ORIENTED_EDGE ( 'NONE', *, *, #1462, .T. ) ;
#5530 = AXIS2_PLACEMENT_3D ( 'NONE', #4621, #6120, #54 ) ;
#5531 = VERTEX_POINT ( 'NONE', #5362 ) ;
#5532 = ORIENTED_EDGE ( 'NONE', *, *, #1543, .T. ) ;
#5533 = CIRCLE ( 'NONE', #1787, 0.5000000000000000000 ) ;
#5534 = ORIENTED_EDGE ( 'NONE', *, *, #1566, .T. ) ;
#5535 = ADVANCED_FACE ( 'NONE', ( #2117 ), #1107, .T. ) ;
#5536 = FACE_OUTER_BOUND ( 'NONE', #1224, .T. ) ;
#5537 = CARTESIAN_POINT ( 'NONE',  ( 19.39999999999941949, 11.40000000000000036, 31.59999999999860165 ) ) ;
#5538 = AXIS2_PLACEMENT_3D ( 'NONE', #2596, #1082, #6577 ) ;
#5539 = CARTESIAN_POINT ( 'NONE',  ( 5.699999999999418421, 8.099999999999999645, 31.09999999999870113 ) ) ;
#5540 = CARTESIAN_POINT ( 'NONE',  ( 66.10000000000161435, 10.09999999999999964, 0.000000000000000000 ) ) ;
#5541 = AXIS2_PLACEMENT_3D ( 'NONE', #767, #2846, #6392 ) ;
#5542 = ADVANCED_FACE ( 'NONE', ( #4354 ), #4283, .T. ) ;
#5543 = CARTESIAN_POINT ( 'NONE',  ( 58.67794771869690607, 16.22626995850300347, 30.11234888653136821 ) ) ;
#5544 = VERTEX_POINT ( 'NONE', #4894 ) ;
#5545 = LINE ( 'NONE', #4059, #3071 ) ;
#5546 = DIRECTION ( 'NONE',  ( 9.033211100425053116E-14, 0.000000000000000000, -1.000000000000000000 ) ) ;
#5547 = ORIENTED_EDGE ( 'NONE', *, *, #3707, .F. ) ;
#5548 = DIRECTION ( 'NONE',  ( -0.000000000000000000, 1.000000000000000000, -0.000000000000000000 ) ) ;
#5549 = CARTESIAN_POINT ( 'NONE',  ( -0.09999999999841793774, 7.590521286910921539, 24.59999999999826770 ) ) ;
#5550 = LINE ( 'NONE', #3097, #2579 ) ;
#5551 = TOROIDAL_SURFACE ( 'NONE', #1700, 0.1999999999999999833, 0.5000000000000000000 ) ;
#5552 = ADVANCED_FACE ( 'NONE', ( #301 ), #1266, .F. ) ;
#5553 = ORIENTED_EDGE ( 'NONE', *, *, #2394, .T. ) ;
#5554 = EDGE_LOOP ( 'NONE', ( #5395, #555, #3442 ) ) ;
#5555 = FACE_OUTER_BOUND ( 'NONE', #3714, .T. ) ;
#5556 = VECTOR ( 'NONE', #4865, 1000.000000000000000 ) ;
#5557 = DIRECTION ( 'NONE',  ( -1.000000000000000000, 0.000000000000000000, 0.000000000000000000 ) ) ;
#5558 =( BOUNDED_CURVE ( )  B_SPLINE_CURVE ( 3, ( #5649, #4004, #456, #2534 ),
 .UNSPECIFIED., .F., .T. ) 
 B_SPLINE_CURVE_WITH_KNOTS ( ( 4, 4 ),
 ( 3.141592653589799777, 4.712388980384689674 ),
 .UNSPECIFIED. ) 
 CURVE ( )  GEOMETRIC_REPRESENTATION_ITEM ( )  RATIONAL_B_SPLINE_CURVE ( ( 1.000000000000000000, 0.8047378541243666028, 0.8047378541243666028, 1.000000000000000000 ) ) 
 REPRESENTATION_ITEM ( '' )  );
#5559 = DIRECTION ( 'NONE',  ( 0.000000000000000000, 1.000000000000000000, -0.000000000000000000 ) ) ;
#5560 = DIRECTION ( 'NONE',  ( 2.028744404108460548E-14, 0.000000000000000000, -1.000000000000000000 ) ) ;
#5561 = VERTEX_POINT ( 'NONE', #1945 ) ;
#5562 = DIRECTION ( 'NONE',  ( 1.000000000000000000, -0.000000000000000000, -6.994648347254856026E-15 ) ) ;
#5563 = VERTEX_POINT ( 'NONE', #3409 ) ;
#5564 = TOROIDAL_SURFACE ( 'NONE', #2346, 0.1999999999999999833, 0.5000000000000000000 ) ;
#5565 = CARTESIAN_POINT ( 'NONE',  ( 0.000000000000000000, 16.60000000000000142, 24.59999999999835651 ) ) ;
#5566 = ORIENTED_EDGE ( 'NONE', *, *, #4397, .F. ) ;
#5567 = DIRECTION ( 'NONE',  ( -1.000000000000000000, 0.000000000000000000, 5.143428980917867249E-17 ) ) ;
#5568 = CARTESIAN_POINT ( 'NONE',  ( -0.5999999999984189092, 5.599999999999998757, 4.899999999998445155 ) ) ;
#5569 = CARTESIAN_POINT ( 'NONE',  ( 6.399999999999418598, 8.799999999999998934, 29.84999999999830678 ) ) ;
#5570 = CARTESIAN_POINT ( 'NONE',  ( -4.078248123471713171, 5.931438306781481984, 5.325837689053997792 ) ) ;
#5571 = AXIS2_PLACEMENT_3D ( 'NONE', #2415, #6505, #4435 ) ;
#5572 = VERTEX_POINT ( 'NONE', #364 ) ;
#5573 = DIRECTION ( 'NONE',  ( -1.355252715606892868E-16, 0.000000000000000000, -1.000000000000000000 ) ) ;
#5574 = LINE ( 'NONE', #940, #182 ) ;
#5575 = AXIS2_PLACEMENT_3D ( 'NONE', #1002, #4120, #643 ) ;
#5576 = DIRECTION ( 'NONE',  ( -4.565061778886154824E-17, 0.000000000000000000, -1.000000000000000000 ) ) ;
#5577 = VERTEX_POINT ( 'NONE', #926 ) ;
#5578 = VERTEX_POINT ( 'NONE', #331 ) ;
#5579 = AXIS2_PLACEMENT_3D ( 'NONE', #18, #2996, #2058 ) ;
#5580 = DIRECTION ( 'NONE',  ( -1.908195823574485911E-14, 0.000000000000000000, -1.000000000000000000 ) ) ;
#5581 = ADVANCED_FACE ( 'NONE', ( #4929 ), #293, .T. ) ;
#5582 = EDGE_CURVE ( 'NONE', #479, #2673, #2647, .T. ) ;
#5583 = CARTESIAN_POINT ( 'NONE',  ( 64.35000000000061959, 9.599999999999999645, 6.099999999998364508 ) ) ;
#5584 = DIRECTION ( 'NONE',  ( -0.000000000000000000, 1.000000000000000000, -0.000000000000000000 ) ) ;
#5585 = ORIENTED_EDGE ( 'NONE', *, *, #4817, .F. ) ;
#5586 = DIRECTION ( 'NONE',  ( 0.9510565162951545304, 0.3090169943749447867, 0.000000000000000000 ) ) ;
#5587 = EDGE_CURVE ( 'NONE', #2913, #5677, #4359, .T. ) ;
#5588 = PLANE ( 'NONE',  #6518 ) ;
#5589 = FACE_OUTER_BOUND ( 'NONE', #1410, .T. ) ;
#5590 = CARTESIAN_POINT ( 'NONE',  ( -0.02230544009231374275, 8.599999999999999645, 5.399999999998445155 ) ) ;
#5591 = AXIS2_PLACEMENT_3D ( 'NONE', #31, #4537, #6064 ) ;
#5592 = CARTESIAN_POINT ( 'NONE',  ( 2.175335635996172171E-13, 11.09999999999999787, 31.09999999999874021 ) ) ;
#5593 = ADVANCED_FACE ( 'NONE', ( #1474 ), #2318, .T. ) ;
#5594 = ORIENTED_EDGE ( 'NONE', *, *, #2210, .F. ) ;
#5595 = ORIENTED_EDGE ( 'NONE', *, *, #5698, .T. ) ;
#5596 = ORIENTED_EDGE ( 'NONE', *, *, #2251, .T. ) ;
#5597 = CARTESIAN_POINT ( 'NONE',  ( -3.349999999999048406, 6.095304263244496923, 24.16836436799670906 ) ) ;
#5598 = AXIS2_PLACEMENT_3D ( 'NONE', #162, #6228, #6286 ) ;
#5599 = CARTESIAN_POINT ( 'NONE',  ( 58.68185255502435638, 16.24096143519223645, 30.11625938918205492 ) ) ;
#5600 = CARTESIAN_POINT ( 'NONE',  ( -0.5999999999984185761, 7.590521286910921539, 5.399999999998445155 ) ) ;
#5601 = CARTESIAN_POINT ( 'NONE',  ( -3.520820393248984992, 7.839158885309936764, 5.899999999998445155 ) ) ;
#5602 = VECTOR ( 'NONE', #3109, 1000.000000000000000 ) ;
#5603 = B_SPLINE_CURVE_WITH_KNOTS ( 'NONE', 3,
 ( #670, #127, #703, #5663, #1099, #3649 ),
 .UNSPECIFIED., .F., .F.,
 ( 4, 2, 4 ),
 ( -4.472137464604446398E-06, 0.0002741950922349814523, 0.0005528623219345674307 ),
 .UNSPECIFIED. ) ;
#5604 = CARTESIAN_POINT ( 'NONE',  ( 6.355173311509957124, 16.37505823957162221, 30.14482668848724600 ) ) ;
#5605 = EDGE_CURVE ( 'NONE', #1270, #5713, #4836, .T. ) ;
#5606 = FACE_OUTER_BOUND ( 'NONE', #5523, .T. ) ;
#5607 = DIRECTION ( 'NONE',  ( -0.000000000000000000, 0.000000000000000000, 1.000000000000000000 ) ) ;
#5608 = ORIENTED_EDGE ( 'NONE', *, *, #2547, .T. ) ;
#5609 = ORIENTED_EDGE ( 'NONE', *, *, #3540, .F. ) ;
#5610 = CARTESIAN_POINT ( 'NONE',  ( -3.818757446307832204, 7.570950735129836850, 5.410151321053359830 ) ) ;
#5611 = CIRCLE ( 'NONE', #1447, 1.200000000000000622 ) ;
#5612 = PLANE ( 'NONE',  #6353 ) ;
#5613 = CARTESIAN_POINT ( 'NONE',  ( -3.933827248122376830, 5.697472485751869264, 24.62723712399408882 ) ) ;
#5614 = ADVANCED_FACE ( 'NONE', ( #2442 ), #4388, .T. ) ;
#5615 = ADVANCED_FACE ( 'NONE', ( #1437 ), #2473, .T. ) ;
#5616 = AXIS2_PLACEMENT_3D ( 'NONE', #6410, #1284, #2725 ) ;
#5617 = ORIENTED_EDGE ( 'NONE', *, *, #4540, .F. ) ;
#5618 = DIRECTION ( 'NONE',  ( 0.000000000000000000, -1.000000000000000000, 0.000000000000000000 ) ) ;
#5619 = DIRECTION ( 'NONE',  ( 1.908195823574485911E-14, 0.000000000000000000, 1.000000000000000000 ) ) ;
#5620 = CARTESIAN_POINT ( 'NONE',  ( -0.5999999999984189092, 5.599999999999998757, 5.399999999998445155 ) ) ;
#5621 = DIRECTION ( 'NONE',  ( -0.000000000000000000, 1.000000000000000000, 0.000000000000000000 ) ) ;
#5622 = ORIENTED_EDGE ( 'NONE', *, *, #4045, .T. ) ;
#5623 = AXIS2_PLACEMENT_3D ( 'NONE', #3360, #5385, #4305 ) ;
#5624 = ORIENTED_EDGE ( 'NONE', *, *, #1949, .T. ) ;
#5625 = DIRECTION ( 'NONE',  ( 1.000000000000000000, 2.775557561562888511E-14, -0.000000000000000000 ) ) ;
#5626 = ORIENTED_EDGE ( 'NONE', *, *, #1740, .T. ) ;
#5627 = AXIS2_PLACEMENT_3D ( 'NONE', #5343, #6407, #3252 ) ;
#5628 = DIRECTION ( 'NONE',  ( 0.000000000000000000, 0.000000000000000000, 1.000000000000000000 ) ) ;
#5629 = CARTESIAN_POINT ( 'NONE',  ( -3.769719798172535441, 5.613293686253161496, 5.400176753334384294 ) ) ;
#5630 = ADVANCED_FACE ( 'NONE', ( #5997 ), #1687, .T. ) ;
#5631 = LINE ( 'NONE', #1981, #1306 ) ;
#5632 = DIRECTION ( 'NONE',  ( 0.000000000000000000, 0.000000000000000000, 1.000000000000000000 ) ) ;
#5633 = FACE_OUTER_BOUND ( 'NONE', #1478, .T. ) ;
#5634 = AXIS2_PLACEMENT_3D ( 'NONE', #5456, #5914, #4411 ) ;
#5635 = ADVANCED_FACE ( 'NONE', ( #4495 ), #1406, .T. ) ;
#5636 =( BOUNDED_CURVE ( )  B_SPLINE_CURVE ( 3, ( #959, #6187, #3605, #3511 ),
 .UNSPECIFIED., .F., .T. ) 
 B_SPLINE_CURVE_WITH_KNOTS ( ( 4, 4 ),
 ( 2.277495298528442902, 3.141592653589793116 ),
 .UNSPECIFIED. ) 
 CURVE ( )  GEOMETRIC_REPRESENTATION_ITEM ( )  RATIONAL_B_SPLINE_CURVE ( ( 1.000000000000000000, 0.9387398726173433738, 0.9387398726173433738, 1.000000000000000000 ) ) 
 REPRESENTATION_ITEM ( '' )  );
#5637 = CARTESIAN_POINT ( 'NONE',  ( -3.969892091156672631, 5.808985871063658379, 5.378540965855819422 ) ) ;
#5638 = DIRECTION ( 'NONE',  ( 0.000000000000000000, 0.000000000000000000, 1.000000000000000000 ) ) ;
#5639 = EDGE_CURVE ( 'NONE', #3522, #3949, #6524, .T. ) ;
#5640 = LINE ( 'NONE', #3556, #2112 ) ;
#5641 = DIRECTION ( 'NONE',  ( 0.000000000000000000, 1.000000000000000000, 0.000000000000000000 ) ) ;
#5642 = AXIS2_PLACEMENT_3D ( 'NONE', #6510, #4874, #4440 ) ;
#5643 = DIRECTION ( 'NONE',  ( -1.355252715606892868E-16, 0.000000000000000000, -1.000000000000000000 ) ) ;
#5644 = ORIENTED_EDGE ( 'NONE', *, *, #6395, .T. ) ;
#5645 = CIRCLE ( 'NONE', #5972, 0.6999999999999992895 ) ;
#5646 = DIRECTION ( 'NONE',  ( -0.000000000000000000, 1.000000000000000000, -0.000000000000000000 ) ) ;
#5647 = FACE_OUTER_BOUND ( 'NONE', #6480, .T. ) ;
#5648 = CARTESIAN_POINT ( 'NONE',  ( -3.818757446307832204, 7.570950735129836850, 5.410151321053359830 ) ) ;
#5649 = CARTESIAN_POINT ( 'NONE',  ( -0.09999999999841760467, 8.099999999999999645, 31.09999999999874376 ) ) ;
#5650 = FACE_OUTER_BOUND ( 'NONE', #5401, .T. ) ;
#5651 = DIRECTION ( 'NONE',  ( 0.000000000000000000, -1.000000000000000000, 0.000000000000000000 ) ) ;
#5652 = CARTESIAN_POINT ( 'NONE',  ( 5.699999999999418421, 8.599999999999999645, 31.09999999999870113 ) ) ;
#5653 = CIRCLE ( 'NONE', #6509, 0.4999999999999998890 ) ;
#5654 = ORIENTED_EDGE ( 'NONE', *, *, #2021, .T. ) ;
#5655 = DIRECTION ( 'NONE',  ( -0.000000000000000000, 0.000000000000000000, 1.000000000000000000 ) ) ;
#5656 = ADVANCED_FACE ( 'NONE', ( #5528 ), #3005, .T. ) ;
#5657 = ORIENTED_EDGE ( 'NONE', *, *, #3555, .F. ) ;
#5658 = DIRECTION ( 'NONE',  ( -1.000000000000000000, 0.000000000000000000, -6.938893903907222067E-15 ) ) ;
#5659 = AXIS2_PLACEMENT_3D ( 'NONE', #5762, #4250, #706 ) ;
#5660 = ORIENTED_EDGE ( 'NONE', *, *, #2929, .T. ) ;
#5661 = CARTESIAN_POINT ( 'NONE',  ( -3.364776868669608678, 6.074518539733678502, 24.26356539966762327 ) ) ;
#5662 = PLANE ( 'NONE',  #421 ) ;
#5663 = CARTESIAN_POINT ( 'NONE',  ( -0.09999999999841796550, 7.873770023216583702, 24.37341781707424815 ) ) ;
#5664 = ORIENTED_EDGE ( 'NONE', *, *, #6076, .T. ) ;
#5665 = EDGE_CURVE ( 'NONE', #1886, #1612, #833, .T. ) ;
#5666 = AXIS2_PLACEMENT_3D ( 'NONE', #5758, #1164, #6285 ) ;
#5667 = DIRECTION ( 'NONE',  ( -1.000000000000000000, 0.000000000000000000, 0.000000000000000000 ) ) ;
#5668 = CARTESIAN_POINT ( 'NONE',  ( 0.1500000000014143076, 16.60000000000000142, 5.399999999998445155 ) ) ;
#5669 = VECTOR ( 'NONE', #5686, 1000.000000000000000 ) ;
#5670 = CARTESIAN_POINT ( 'NONE',  ( -3.770807779836851559, 5.099999999999999645, 4.899999999998446043 ) ) ;
#5671 = ADVANCED_FACE ( 'NONE', ( #5966 ), #1508, .T. ) ;
#5672 = CYLINDRICAL_SURFACE ( 'NONE', #4140, 0.5000000000000004441 ) ;
#5673 = DIRECTION ( 'NONE',  ( 0.000000000000000000, 0.000000000000000000, 1.000000000000000000 ) ) ;
#5674 = SPHERICAL_SURFACE ( 'NONE', #230, 0.5000000000000000000 ) ;
#5675 = VERTEX_POINT ( 'NONE', #460 ) ;
#5676 = EDGE_CURVE ( 'NONE', #4840, #2230, #2652, .T. ) ;
#5677 = VERTEX_POINT ( 'NONE', #4073 ) ;
#5678 = AXIS2_PLACEMENT_3D ( 'NONE', #4696, #101, #3674 ) ;
#5679 = CARTESIAN_POINT ( 'NONE',  ( 5.307812805082040004E-15, 8.599999999999999645, 0.1499999999995826616 ) ) ;
#5680 = DIRECTION ( 'NONE',  ( -1.000000000000000000, -0.000000000000000000, -0.000000000000000000 ) ) ;
#5681 = DIRECTION ( 'NONE',  ( 0.000000000000000000, 0.000000000000000000, 1.000000000000000000 ) ) ;
#5682 = DIRECTION ( 'NONE',  ( 1.000000000000000000, -0.000000000000000000, -0.000000000000000000 ) ) ;
#5683 = CIRCLE ( 'NONE', #3747, 0.5000000000000004441 ) ;
#5684 = VERTEX_POINT ( 'NONE', #6184 ) ;
#5685 = DIRECTION ( 'NONE',  ( -1.000000000000000000, 0.000000000000000000, -9.020562075079396891E-14 ) ) ;
#5686 = DIRECTION ( 'NONE',  ( 9.033211100425053116E-14, -0.000000000000000000, -1.000000000000000000 ) ) ;
#5687 = CARTESIAN_POINT ( 'NONE',  ( -3.850000000000434852, 16.10000000000000142, 24.59999999999827480 ) ) ;
#5688 = CARTESIAN_POINT ( 'NONE',  ( -6.116311896061599640, 16.60000000000000142, 4.663630627160810782 ) ) ;
#5689 = ORIENTED_EDGE ( 'NONE', *, *, #2349, .T. ) ;
#5690 = ORIENTED_EDGE ( 'NONE', *, *, #4230, .T. ) ;
#5691 = VERTEX_POINT ( 'NONE', #3102 ) ;
#5692 = CARTESIAN_POINT ( 'NONE',  ( -0.3080777983763461902, 3.099999999999999645, 24.09999999999827480 ) ) ;
#5693 = CARTESIAN_POINT ( 'NONE',  ( 2.300052215540473423E-14, 16.10000000000000142, 0.6499999999995826894 ) ) ;
#5694 = CARTESIAN_POINT ( 'NONE',  ( 5.862168987781248185E-16, 16.10000000000000142, 4.899999999998445155 ) ) ;
#5695 = ORIENTED_EDGE ( 'NONE', *, *, #1772, .T. ) ;
#5696 = CARTESIAN_POINT ( 'NONE',  ( 0.1500000000014142520, 8.599999999999999645, 4.899999999998445155 ) ) ;
#5697 = ORIENTED_EDGE ( 'NONE', *, *, #2477, .T. ) ;
#5698 = EDGE_CURVE ( 'NONE', #5262, #2341, #6218, .T. ) ;
#5699 = EDGE_CURVE ( 'NONE', #5728, #5969, #3036, .T. ) ;
#5700 = B_SPLINE_CURVE_WITH_KNOTS ( 'NONE', 3,
 ( #1236, #3277, #928, #2975, #1340, #4932 ),
 .UNSPECIFIED., .F., .F.,
 ( 4, 2, 4 ),
 ( 0.000000000000000000, 0.0001804215148794312176, 0.0003608430297588624352 ),
 .UNSPECIFIED. ) ;
#5701 = CARTESIAN_POINT ( 'NONE',  ( 66.60000000000161435, 8.900000000000000355, 25.09999999999835651 ) ) ;
#5702 = CARTESIAN_POINT ( 'NONE',  ( 59.10000000000161435, 16.60000000000000142, 0.000000000000000000 ) ) ;
#5703 = CARTESIAN_POINT ( 'NONE',  ( 59.21120014232639051, 16.45671678462215226, 30.21120014232317175 ) ) ;
#5704 = VECTOR ( 'NONE', #5267, 1000.000000000000000 ) ;
#5705 = ORIENTED_EDGE ( 'NONE', *, *, #3050, .F. ) ;
#5706 = ADVANCED_FACE ( 'NONE', ( #3069 ), #5092, .T. ) ;
#5707 = ORIENTED_EDGE ( 'NONE', *, *, #2645, .T. ) ;
#5708 = CARTESIAN_POINT ( 'NONE',  ( 6.833012701891664875, 16.60000000000000142, 29.59999999999835296 ) ) ;
#5709 = EDGE_CURVE ( 'NONE', #5770, #5292, #1540, .T. ) ;
#5710 = DIRECTION ( 'NONE',  ( 1.355252715606892622E-16, 0.000000000000000000, 1.000000000000000000 ) ) ;
#5711 = CARTESIAN_POINT ( 'NONE',  ( 2.999999999999733546, 8.599999999999999645, 0.1499999999994764965 ) ) ;
#5712 = EDGE_CURVE ( 'NONE', #447, #5783, #5381, .T. ) ;
#5713 = VERTEX_POINT ( 'NONE', #524 ) ;
#5714 = CARTESIAN_POINT ( 'NONE',  ( 0.000000000000000000, 8.099999999999999645, 0.000000000000000000 ) ) ;
#5715 = CARTESIAN_POINT ( 'NONE',  ( 5.899999999999417710, 16.60000000000000142, 29.84999999999830678 ) ) ;
#5716 = CARTESIAN_POINT ( 'NONE',  ( -3.349999999999048406, 6.599999999999999645, 24.09999999999827480 ) ) ;
#5717 = CARTESIAN_POINT ( 'NONE',  ( -3.817197508374795323, 16.60000000000000142, 24.80710678118482093 ) ) ;
#5718 = ORIENTED_EDGE ( 'NONE', *, *, #5868, .T. ) ;
#5719 = CARTESIAN_POINT ( 'NONE',  ( 64.85000000000098908, 8.099999999999999645, 25.09999999999835651 ) ) ;
#5720 = ORIENTED_EDGE ( 'NONE', *, *, #5846, .T. ) ;
#5721 = CIRCLE ( 'NONE', #1004, 0.4999999999999999445 ) ;
#5722 = ORIENTED_EDGE ( 'NONE', *, *, #5415, .F. ) ;
#5723 = EDGE_LOOP ( 'NONE', ( #4715, #1490, #5285, #4579 ) ) ;
#5724 = CARTESIAN_POINT ( 'NONE',  ( 66.10000000000161435, 8.099999999999999645, 31.09999999999827480 ) ) ;
#5725 = CARTESIAN_POINT ( 'NONE',  ( 58.66698729810907054, 16.17098839410382993, 30.09999999999940457 ) ) ;
#5726 = VECTOR ( 'NONE', #3927, 1000.000000000000000 ) ;
#5727 = CYLINDRICAL_SURFACE ( 'NONE', #2060, 0.5000000000000000000 ) ;
#5728 = VERTEX_POINT ( 'NONE', #4683 ) ;
#5729 = CARTESIAN_POINT ( 'NONE',  ( 64.85000000000060538, 16.10000000000000142, 4.899999999998364331 ) ) ;
#5730 = CYLINDRICAL_SURFACE ( 'NONE', #5575, 0.5000000000000004441 ) ;
#5731 = EDGE_CURVE ( 'NONE', #3383, #1999, #3136, .T. ) ;
#5732 = ORIENTED_EDGE ( 'NONE', *, *, #3444, .T. ) ;
#5733 = CIRCLE ( 'NONE', #1668, 0.5000000000000004441 ) ;
#5734 = AXIS2_PLACEMENT_3D ( 'NONE', #3892, #2487, #6038 ) ;
#5735 = EDGE_CURVE ( 'NONE', #5064, #5544, #1353, .T. ) ;
#5736 = CYLINDRICAL_SURFACE ( 'NONE', #6086, 0.7000000000000000666 ) ;
#5737 = SPHERICAL_SURFACE ( 'NONE', #2595, 0.5000000000000000000 ) ;
#5738 = CARTESIAN_POINT ( 'NONE',  ( -3.982080080577769188, 6.185752685805545603, 24.57799365170242112 ) ) ;
#5739 = ADVANCED_FACE ( 'NONE', ( #1571 ), #2311, .T. ) ;
#5740 = CIRCLE ( 'NONE', #3692, 0.5000000000000004441 ) ;
#5741 = EDGE_LOOP ( 'NONE', ( #4977, #1504, #3841, #5820 ) ) ;
#5742 = ORIENTED_EDGE ( 'NONE', *, *, #4845, .F. ) ;
#5743 = DIRECTION ( 'NONE',  ( 0.9966665030407215742, -0.08158358729903547601, 0.000000000000000000 ) ) ;
#5744 = VECTOR ( 'NONE', #4517, 1000.000000000000000 ) ;
#5745 = DIRECTION ( 'NONE',  ( -9.454242944073598665E-14, 0.000000000000000000, -1.000000000000000000 ) ) ;
#5746 = CARTESIAN_POINT ( 'NONE',  ( -0.02230544009552790780, 8.099999999999999645, 25.09999999999827480 ) ) ;
#5747 = AXIS2_PLACEMENT_3D ( 'NONE', #2958, #6139, #6040 ) ;
#5748 = DIRECTION ( 'NONE',  ( -1.000000000000000000, 1.332583033818547297E-14, 0.000000000000000000 ) ) ;
#5749 = LINE ( 'NONE', #1121, #4020 ) ;
#5750 = LINE ( 'NONE', #153, #3772 ) ;
#5751 = CARTESIAN_POINT ( 'NONE',  ( -0.5999999999984179100, 6.599999999999999645, 24.09999999999827480 ) ) ;
#5752 = EDGE_CURVE ( 'NONE', #4128, #2486, #2420, .T. ) ;
#5753 = ORIENTED_EDGE ( 'NONE', *, *, #4648, .F. ) ;
#5754 = EDGE_LOOP ( 'NONE', ( #1704, #2560, #5609, #2294 ) ) ;
#5755 = EDGE_LOOP ( 'NONE', ( #3414, #4466, #6397, #5369 ) ) ;
#5756 = ORIENTED_EDGE ( 'NONE', *, *, #2556, .T. ) ;
#5757 = CARTESIAN_POINT ( 'NONE',  ( 59.10000000000161435, 16.10000000000000142, 29.84999999999885389 ) ) ;
#5758 = CARTESIAN_POINT ( 'NONE',  ( 59.60000000000161435, 16.10000000000000142, 29.84999999999885389 ) ) ;
#5759 = DIRECTION ( 'NONE',  ( 1.000000000000000000, 0.000000000000000000, -3.538541870064538530E-14 ) ) ;
#5760 = ORIENTED_EDGE ( 'NONE', *, *, #3535, .F. ) ;
#5761 = VECTOR ( 'NONE', #3878, 1000.000000000000000 ) ;
#5762 = CARTESIAN_POINT ( 'NONE',  ( 66.60000000000161435, 16.60000000000000142, 0.000000000000000000 ) ) ;
#5763 = DIRECTION ( 'NONE',  ( -0.000000000000000000, 1.000000000000000000, -0.000000000000000000 ) ) ;
#5764 = AXIS2_PLACEMENT_3D ( 'NONE', #3830, #5877, #1321 ) ;
#5765 = CARTESIAN_POINT ( 'NONE',  ( -3.946923159599737829, 6.285426849198356258, 24.53981514866551805 ) ) ;
#5766 = DIRECTION ( 'NONE',  ( 1.000000000000000000, -0.000000000000000000, -4.565061778886154824E-17 ) ) ;
#5767 = ORIENTED_EDGE ( 'NONE', *, *, #6264, .F. ) ;
#5768 = CIRCLE ( 'NONE', #4499, 0.5000000000000004441 ) ;
#5769 = DIRECTION ( 'NONE',  ( -0.000000000000000000, 0.000000000000000000, 1.000000000000000000 ) ) ;
#5770 = VERTEX_POINT ( 'NONE', #4653 ) ;
#5771 = FACE_OUTER_BOUND ( 'NONE', #5804, .T. ) ;
#5772 = DIRECTION ( 'NONE',  ( -1.000000000000000000, 0.000000000000000000, 6.994648347254856026E-15 ) ) ;
#5773 = CARTESIAN_POINT ( 'NONE',  ( 66.10000000000161435, 16.60000000000000142, 4.899999999998364331 ) ) ;
#5774 = CARTESIAN_POINT ( 'NONE',  ( 7.099999999999418776, 11.40000000000000036, 31.09999999999869047 ) ) ;
#5775 = AXIS2_PLACEMENT_3D ( 'NONE', #2784, #709, #5864 ) ;
#5776 = EDGE_CURVE ( 'NONE', #2272, #2991, #2537, .T. ) ;
#5777 = EDGE_LOOP ( 'NONE', ( #736, #2197, #4221, #4331 ) ) ;
#5778 = CARTESIAN_POINT ( 'NONE',  ( 59.60000000000161435, 16.60000000000000142, 30.59999999999942233 ) ) ;
#5779 = EDGE_CURVE ( 'NONE', #4204, #6457, #4623, .T. ) ;
#5780 = LINE ( 'NONE', #1188, #2098 ) ;
#5781 = CARTESIAN_POINT ( 'NONE',  ( 36.60000000000162146, 10.40000000000000036, 31.59999999999848441 ) ) ;
#5782 = CARTESIAN_POINT ( 'NONE',  ( 0.000000000000000000, 16.60000000000000142, 25.09999999999827480 ) ) ;
#5783 = VERTEX_POINT ( 'NONE', #6618 ) ;
#5784 = CARTESIAN_POINT ( 'NONE',  ( 62.00000000000005684, 16.10000000000000142, 2.999999999997893241 ) ) ;
#5785 = AXIS2_PLACEMENT_3D ( 'NONE', #4043, #5562, #562 ) ;
#5786 = ORIENTED_EDGE ( 'NONE', *, *, #3401, .F. ) ;
#5787 = EDGE_CURVE ( 'NONE', #4764, #1708, #49, .T. ) ;
#5788 = EDGE_CURVE ( 'NONE', #2265, #4286, #4115, .T. ) ;
#5789 = ORIENTED_EDGE ( 'NONE', *, *, #6311, .T. ) ;
#5790 = VERTEX_POINT ( 'NONE', #4138 ) ;
#5791 = LINE ( 'NONE', #4242, #3549 ) ;
#5792 = DIRECTION ( 'NONE',  ( 1.000000000000000000, -0.000000000000000000, -6.994648347254856026E-15 ) ) ;
#5793 = DIRECTION ( 'NONE',  ( 1.000000000000000000, 0.000000000000000000, 0.000000000000000000 ) ) ;
#5794 = EDGE_CURVE ( 'NONE', #1612, #6095, #3638, .T. ) ;
#5795 = VERTEX_POINT ( 'NONE', #2164 ) ;
#5796 = CIRCLE ( 'NONE', #3026, 0.5000000000000004441 ) ;
#5797 = FACE_OUTER_BOUND ( 'NONE', #5167, .T. ) ;
#5798 = DIRECTION ( 'NONE',  ( -6.938893903907222067E-15, 0.000000000000000000, -1.000000000000000000 ) ) ;
#5799 = CARTESIAN_POINT ( 'NONE',  ( -3.925316277025642009, 5.599999999999998757, 24.62447174185070153 ) ) ;
#5800 = CIRCLE ( 'NONE', #2159, 0.1999999999999999833 ) ;
#5801 = CARTESIAN_POINT ( 'NONE',  ( -3.349999999999048406, 6.095304263244496923, 24.16836436799670906 ) ) ;
#5802 = ORIENTED_EDGE ( 'NONE', *, *, #2519, .F. ) ;
#5803 = CARTESIAN_POINT ( 'NONE',  ( 66.10000000000161435, 8.599999999999999645, -1.600000000000003419 ) ) ;
#5804 = EDGE_LOOP ( 'NONE', ( #2305, #979, #2120, #3185, #1970, #2177, #3200, #2840, #2494 ) ) ;
#5805 = DIRECTION ( 'NONE',  ( -1.000000000000000000, 0.000000000000000000, 1.908195823574486226E-14 ) ) ;
#5806 = CIRCLE ( 'NONE', #4091, 0.1999999999999996503 ) ;
#5807 = DIRECTION ( 'NONE',  ( 0.000000000000000000, -0.000000000000000000, -1.000000000000000000 ) ) ;
#5808 = CARTESIAN_POINT ( 'NONE',  ( 64.85000000000098908, 11.79999999999999716, 25.09999999999835651 ) ) ;
#5809 = CARTESIAN_POINT ( 'NONE',  ( -5.899999999999137046, 5.599999999999998757, -1.600000000000000089 ) ) ;
#5810 = VECTOR ( 'NONE', #2550, 1000.000000000000000 ) ;
#5811 = ORIENTED_EDGE ( 'NONE', *, *, #5665, .T. ) ;
#5812 = CARTESIAN_POINT ( 'NONE',  ( -3.438442153159039005, 6.018148833883754101, 5.623375797761267059 ) ) ;
#5813 = CARTESIAN_POINT ( 'NONE',  ( -3.677419152305388295, 5.840471023593639899, 24.53837619325222619 ) ) ;
#5814 = DIRECTION ( 'NONE',  ( -0.000000000000000000, -1.000000000000000000, -0.000000000000000000 ) ) ;
#5815 = DIRECTION ( 'NONE',  ( 0.000000000000000000, 1.000000000000000000, -0.000000000000000000 ) ) ;
#5816 = ORIENTED_EDGE ( 'NONE', *, *, #4606, .F. ) ;
#5817 = EDGE_CURVE ( 'NONE', #3076, #5958, #1801, .T. ) ;
#5818 = ORIENTED_EDGE ( 'NONE', *, *, #4576, .T. ) ;
#5819 = EDGE_LOOP ( 'NONE', ( #5012, #258, #344, #5993, #4327, #4996 ) ) ;
#5820 = ORIENTED_EDGE ( 'NONE', *, *, #4054, .T. ) ;
#5821 = CARTESIAN_POINT ( 'NONE',  ( -3.821219796007115033, 7.573989472266299927, 24.59064874485924790 ) ) ;
#5822 = CARTESIAN_POINT ( 'NONE',  ( -3.849999999999122569, 16.10000000000000142, 5.399999999998446043 ) ) ;
#5823 = CARTESIAN_POINT ( 'NONE',  ( 66.60000000000161435, 16.10000000000000142, 0.000000000000000000 ) ) ;
#5824 = EDGE_LOOP ( 'NONE', ( #4548, #3216, #4474, #1127, #2307, #3010, #4293 ) ) ;
#5825 = ORIENTED_EDGE ( 'NONE', *, *, #6202, .T. ) ;
#5826 = CIRCLE ( 'NONE', #6359, 0.5000000000000004441 ) ;
#5827 = EDGE_CURVE ( 'NONE', #4488, #4889, #5516, .T. ) ;
#5828 = VECTOR ( 'NONE', #2252, 1000.000000000000000 ) ;
#5829 = CARTESIAN_POINT ( 'NONE',  ( 0.000000000000000000, 8.099999999999999645, 0.000000000000000000 ) ) ;
#5830 = DIRECTION ( 'NONE',  ( -2.028744404108460548E-14, -0.000000000000000000, 1.000000000000000000 ) ) ;
#5831 = EDGE_CURVE ( 'NONE', #2337, #895, #5533, .T. ) ;
#5832 = CARTESIAN_POINT ( 'NONE',  ( -3.941895726904081965, 5.634845194463910190, 5.370141268327383699 ) ) ;
#5833 = AXIS2_PLACEMENT_3D ( 'NONE', #6368, #1793, #5376 ) ;
#5834 = VERTEX_POINT ( 'NONE', #5288 ) ;
#5835 = DIRECTION ( 'NONE',  ( 0.000000000000000000, 1.000000000000000000, -0.000000000000000000 ) ) ;
#5836 = ORIENTED_EDGE ( 'NONE', *, *, #4162, .T. ) ;
#5837 = ADVANCED_FACE ( 'NONE', ( #6279 ), #5228, .T. ) ;
#5838 = DIRECTION ( 'NONE',  ( 1.000000000000000000, 0.000000000000000000, 0.000000000000000000 ) ) ;
#5839 = CARTESIAN_POINT ( 'NONE',  ( 59.60000000000161435, 16.60000000000000142, 30.09999999999887876 ) ) ;
#5840 = VECTOR ( 'NONE', #3870, 1000.000000000000000 ) ;
#5841 = CYLINDRICAL_SURFACE ( 'NONE', #1884, 0.5000000000000004441 ) ;
#5842 = AXIS2_PLACEMENT_3D ( 'NONE', #6267, #5835, #2314 ) ;
#5843 = EDGE_LOOP ( 'NONE', ( #5469, #4266, #1764, #6358 ) ) ;
#5844 = DIRECTION ( 'NONE',  ( -0.000000000000000000, 0.000000000000000000, 1.000000000000000000 ) ) ;
#5845 = LINE ( 'NONE', #219, #6364 ) ;
#5846 = EDGE_CURVE ( 'NONE', #1292, #447, #1699, .T. ) ;
#5847 = LINE ( 'NONE', #1219, #4231 ) ;
#5848 = CARTESIAN_POINT ( 'NONE',  ( 36.60000000000161435, 10.40000000000000036, 31.09999999999848441 ) ) ;
#5849 = AXIS2_PLACEMENT_3D ( 'NONE', #6212, #2157, #4262 ) ;
#5850 = EDGE_LOOP ( 'NONE', ( #2613, #6175, #3108, #6092 ) ) ;
#5851 = ORIENTED_EDGE ( 'NONE', *, *, #3126, .T. ) ;
#5852 = ORIENTED_EDGE ( 'NONE', *, *, #5018, .F. ) ;
#5853 = DIRECTION ( 'NONE',  ( 5.143428980917867249E-17, 0.000000000000000000, 1.000000000000000000 ) ) ;
#5854 = AXIS2_PLACEMENT_3D ( 'NONE', #5213, #2235, #6319 ) ;
#5855 = CARTESIAN_POINT ( 'NONE',  ( 6.553041588860097910, 11.84183815410672125, 30.01695147172668143 ) ) ;
#5856 = CARTESIAN_POINT ( 'NONE',  ( -5.899999999999137046, 16.60000000000000142, 3.997891065754202167 ) ) ;
#5857 = ORIENTED_EDGE ( 'NONE', *, *, #983, .T. ) ;
#5858 = ORIENTED_EDGE ( 'NONE', *, *, #3615, .T. ) ;
#5859 = CARTESIAN_POINT ( 'NONE',  ( 5.899999999999421263, 11.40000000000000036, 31.59999999999869758 ) ) ;
#5860 = ADVANCED_FACE ( 'NONE', ( #660 ), #4714, .T. ) ;
#5861 = EDGE_CURVE ( 'NONE', #2524, #2674, #2739, .T. ) ;
#5862 = PLANE ( 'NONE',  #771 ) ;
#5863 = CIRCLE ( 'NONE', #5242, 0.5000000000000004441 ) ;
#5864 = DIRECTION ( 'NONE',  ( -1.000000000000000000, 0.000000000000000000, -1.982541115402067279E-14 ) ) ;
#5865 = ORIENTED_EDGE ( 'NONE', *, *, #7, .T. ) ;
#5866 = CARTESIAN_POINT ( 'NONE',  ( 66.10000000000161435, 11.79999999999999716, 6.099999999998364508 ) ) ;
#5867 = ORIENTED_EDGE ( 'NONE', *, *, #1705, .T. ) ;
#5868 = EDGE_CURVE ( 'NONE', #2298, #3734, #1735, .T. ) ;
#5869 = AXIS2_PLACEMENT_3D ( 'NONE', #1959, #6540, #3994 ) ;
#5870 = CARTESIAN_POINT ( 'NONE',  ( 18.19999999999941664, 12.59999999999999964, 31.09999999999861231 ) ) ;
#5871 = EDGE_CURVE ( 'NONE', #1496, #4419, #3919, .T. ) ;
#5872 = CARTESIAN_POINT ( 'NONE',  ( -5.900000000000459544, 5.100000000000000533, 31.59999999999878284 ) ) ;
#5873 = EDGE_CURVE ( 'NONE', #1158, #2298, #3491, .T. ) ;
#5874 = FACE_OUTER_BOUND ( 'NONE', #4022, .T. ) ;
#5875 = VECTOR ( 'NONE', #2043, 1000.000000000000000 ) ;
#5876 = VERTEX_POINT ( 'NONE', #4235 ) ;
#5877 = DIRECTION ( 'NONE',  ( -0.000000000000000000, -0.000000000000000000, -1.000000000000000000 ) ) ;
#5878 = CARTESIAN_POINT ( 'NONE',  ( 0.6500000000018568702, 16.10000000000000142, 5.871587215293058169E-14 ) ) ;
#5879 = CYLINDRICAL_SURFACE ( 'NONE', #3161, 0.7000000000000000666 ) ;
#5880 = CARTESIAN_POINT ( 'NONE',  ( -5.900000000000464873, 5.599999999999998757, 30.89999999999878355 ) ) ;
#5881 = ORIENTED_EDGE ( 'NONE', *, *, #2585, .T. ) ;
#5882 = CARTESIAN_POINT ( 'NONE',  ( 64.85000000000060538, 16.10000000000000142, 4.899999999998364331 ) ) ;
#5883 = ORIENTED_EDGE ( 'NONE', *, *, #3535, .T. ) ;
#5884 =( GEOMETRIC_REPRESENTATION_CONTEXT ( 3 ) GLOBAL_UNCERTAINTY_ASSIGNED_CONTEXT ( ( #3059 ) ) GLOBAL_UNIT_ASSIGNED_CONTEXT ( ( #1139, #647, #3680 ) ) REPRESENTATION_CONTEXT ( 'NONE', 'WORKASPACE' ) );
#5885 = EDGE_CURVE ( 'NONE', #6304, #6030, #1020, .T. ) ;
#5886 = ORIENTED_EDGE ( 'NONE', *, *, #3401, .T. ) ;
#5887 = ORIENTED_EDGE ( 'NONE', *, *, #5095, .F. ) ;
#5888 = CARTESIAN_POINT ( 'NONE',  ( -3.809483773922403671, 6.101010493438675297, 5.760136316074027540 ) ) ;
#5889 = DIRECTION ( 'NONE',  ( 0.000000000000000000, 0.000000000000000000, 1.000000000000000000 ) ) ;
#5890 = AXIS2_PLACEMENT_3D ( 'NONE', #2175, #1035, #570 ) ;
#5891 = ORIENTED_EDGE ( 'NONE', *, *, #4804, .T. ) ;
#5892 = ORIENTED_EDGE ( 'NONE', *, *, #5304, .F. ) ;
#5893 = CIRCLE ( 'NONE', #6433, 0.5000000000000004441 ) ;
#5894 = ORIENTED_EDGE ( 'NONE', *, *, #5512, .T. ) ;
#5895 = CARTESIAN_POINT ( 'NONE',  ( -3.998659688140019597, 5.908487295997019828, 24.61683549537920257 ) ) ;
#5896 = FACE_OUTER_BOUND ( 'NONE', #1272, .T. ) ;
#5897 = LINE ( 'NONE', #3313, #1745 ) ;
#5898 = CARTESIAN_POINT ( 'NONE',  ( -3.901902672962880292, 5.725621644710278346, 5.393728969240729754 ) ) ;
#5899 = EDGE_CURVE ( 'NONE', #6251, #2313, #3743, .T. ) ;
#5900 = EDGE_CURVE ( 'NONE', #5201, #4259, #2944, .T. ) ;
#5901 = CARTESIAN_POINT ( 'NONE',  ( 5.899999999999417710, 11.40000000000000036, 31.09999999999869758 ) ) ;
#5902 = ORIENTED_EDGE ( 'NONE', *, *, #6076, .F. ) ;
#5903 = CARTESIAN_POINT ( 'NONE',  ( 62.00000000000005684, 8.599999999999999645, 2.999999999997893241 ) ) ;
#5904 = SPHERICAL_SURFACE ( 'NONE', #4795, 0.5000000000000000000 ) ;
#5905 = AXIS2_PLACEMENT_3D ( 'NONE', #2010, #6133, #6564 ) ;
#5906 = LINE ( 'NONE', #783, #5828 ) ;
#5907 = EDGE_CURVE ( 'NONE', #5795, #4224, #5826, .T. ) ;
#5908 = AXIS2_PLACEMENT_3D ( 'NONE', #5332, #4317, #1881 ) ;
#5909 = VERTEX_POINT ( 'NONE', #3297 ) ;
#5910 = CARTESIAN_POINT ( 'NONE',  ( 7.016624814556061018, 5.599999999999998757, 21.59495067829478643 ) ) ;
#5911 = ADVANCED_FACE ( 'NONE', ( #2258 ), #3729, .T. ) ;
#5912 = DIRECTION ( 'NONE',  ( 0.000000000000000000, -1.000000000000000000, 0.000000000000000000 ) ) ;
#5913 = CYLINDRICAL_SURFACE ( 'NONE', #1899, 0.5000000000000004441 ) ;
#5914 = DIRECTION ( 'NONE',  ( 0.000000000000000000, 1.000000000000000000, -0.000000000000000000 ) ) ;
#5915 = ORIENTED_EDGE ( 'NONE', *, *, #6276, .F. ) ;
#5916 = LINE ( 'NONE', #4551, #3897 ) ;
#5917 = CARTESIAN_POINT ( 'NONE',  ( -4.195491502811576900, 6.697891065755755768, 24.71225699414272015 ) ) ;
#5918 = VECTOR ( 'NONE', #4573, 1000.000000000000000 ) ;
#5919 = ADVANCED_FACE ( 'NONE', ( #4271 ), #6308, .T. ) ;
#5920 = CARTESIAN_POINT ( 'NONE',  ( 66.10000000000161435, 8.900000000000000355, 23.89999999999835723 ) ) ;
#5921 = VERTEX_POINT ( 'NONE', #289 ) ;
#5922 = VERTEX_POINT ( 'NONE', #386 ) ;
#5923 = EDGE_LOOP ( 'NONE', ( #3730, #4658, #295 ) ) ;
#5924 = FACE_OUTER_BOUND ( 'NONE', #5777, .T. ) ;
#5925 = CARTESIAN_POINT ( 'NONE',  ( 19.39999999999941949, 16.60000000000000142, 31.59999999999860165 ) ) ;
#5926 = CARTESIAN_POINT ( 'NONE',  ( 64.85000000000050591, 16.60000000000000142, -1.237464991588063621E-12 ) ) ;
#5927 = CARTESIAN_POINT ( 'NONE',  ( -6.100000000000464162, 5.099999999999999645, 26.00210893424252134 ) ) ;
#5928 = ORIENTED_EDGE ( 'NONE', *, *, #5582, .F. ) ;
#5929 = EDGE_CURVE ( 'NONE', #3849, #5364, #5986, .T. ) ;
#5930 = ORIENTED_EDGE ( 'NONE', *, *, #1938, .F. ) ;
#5931 = ORIENTED_EDGE ( 'NONE', *, *, #5236, .F. ) ;
#5932 = ORIENTED_EDGE ( 'NONE', *, *, #4135, .T. ) ;
#5933 = CARTESIAN_POINT ( 'NONE',  ( -3.677419152305386518, 5.840471023593642563, 24.53837619325222619 ) ) ;
#5934 = DIRECTION ( 'NONE',  ( 1.000000000000000000, 0.000000000000000000, 0.000000000000000000 ) ) ;
#5935 = CARTESIAN_POINT ( 'NONE',  ( -0.09973776834152389692, 7.649771950363515316, 5.868110422024052752 ) ) ;
#5936 = ADVANCED_FACE ( 'NONE', ( #883 ), #2326, .T. ) ;
#5937 = ADVANCED_FACE ( 'NONE', ( #788 ), #6514, .T. ) ;
#5938 = CARTESIAN_POINT ( 'NONE',  ( -3.974468306659318717, 5.743704783503954303, 5.359557795607783781 ) ) ;
#5939 = EDGE_CURVE ( 'NONE', #1330, #5216, #1466, .T. ) ;
#5940 = AXIS2_PLACEMENT_3D ( 'NONE', #5774, #6373, #3223 ) ;
#5941 = CARTESIAN_POINT ( 'NONE',  ( -0.09999999999841793774, 5.099999999999999645, 24.59999999999827480 ) ) ;
#5942 = EDGE_LOOP ( 'NONE', ( #5961, #3364, #189, #4591 ) ) ;
#5943 = DIRECTION ( 'NONE',  ( 0.08155493881754279084, 0.9963165186020275232, -0.02649880592032349130 ) ) ;
#5944 = CARTESIAN_POINT ( 'NONE',  ( -3.366311896061512154, 7.363630627162360831, 5.899999999998445155 ) ) ;
#5945 = VECTOR ( 'NONE', #3788, 1000.000000000000000 ) ;
#5946 = EDGE_CURVE ( 'NONE', #1848, #3850, #3474, .T. ) ;
#5947 = CYLINDRICAL_SURFACE ( 'NONE', #3731, 0.5000000000000001110 ) ;
#5948 = PRODUCT_DEFINITION_FORMATION_WITH_SPECIFIED_SOURCE ( 'ANY', '', #5440, .NOT_KNOWN. ) ;
#5949 = ORIENTED_EDGE ( 'NONE', *, *, #3693, .T. ) ;
#5950 = PLANE ( 'NONE',  #595 ) ;
#5951 = CARTESIAN_POINT ( 'NONE',  ( 64.85000000000098908, 16.10000000000000142, 25.09999999999835651 ) ) ;
#5952 = ADVANCED_FACE ( 'NONE', ( #2900 ), #6017, .T. ) ;
#5953 = CARTESIAN_POINT ( 'NONE',  ( 0.1499999999994184041, 8.599999999999999645, 26.99999999999791456 ) ) ;
#5954 = DIRECTION ( 'NONE',  ( 1.000000000000000000, 0.000000000000000000, -1.196361017914920171E-16 ) ) ;
#5955 = CARTESIAN_POINT ( 'NONE',  ( -3.849999999999048850, 6.697891065755753992, 24.23672873599514332 ) ) ;
#5956 = VECTOR ( 'NONE', #2933, 1000.000000000000000 ) ;
#5957 = CARTESIAN_POINT ( 'NONE',  ( 62.00000000000005684, 16.60000000000000142, 2.999999999997893241 ) ) ;
#5958 = VERTEX_POINT ( 'NONE', #3363 ) ;
#5959 = VECTOR ( 'NONE', #2833, 1000.000000000000000 ) ;
#5960 = ORIENTED_EDGE ( 'NONE', *, *, #3532, .F. ) ;
#5961 = ORIENTED_EDGE ( 'NONE', *, *, #43, .T. ) ;
#5962 = CARTESIAN_POINT ( 'NONE',  ( 37.80000000000161720, 10.40000000000000036, 31.09999999999847731 ) ) ;
#5963 = EDGE_CURVE ( 'NONE', #6544, #770, #4334, .T. ) ;
#5964 = CARTESIAN_POINT ( 'NONE',  ( -3.881377700482066651, 5.935097511117020552, 5.513531115270777327 ) ) ;
#5965 = CYLINDRICAL_SURFACE ( 'NONE', #6554, 0.5000000000000004441 ) ;
#5966 = FACE_OUTER_BOUND ( 'NONE', #1658, .T. ) ;
#5967 = ORIENTED_EDGE ( 'NONE', *, *, #2864, .T. ) ;
#5968 = AXIS2_PLACEMENT_3D ( 'NONE', #846, #5448, #4476 ) ;
#5969 = VERTEX_POINT ( 'NONE', #3397 ) ;
#5970 = EDGE_LOOP ( 'NONE', ( #5341, #4274, #1475, #4069 ) ) ;
#5971 = ORIENTED_EDGE ( 'NONE', *, *, #221, .T. ) ;
#5972 = AXIS2_PLACEMENT_3D ( 'NONE', #38, #2080, #6602 ) ;
#5973 = CARTESIAN_POINT ( 'NONE',  ( -3.863979163107310821, 5.796668914228076730, 24.56137355674745493 ) ) ;
#5974 = DIRECTION ( 'NONE',  ( 0.000000000000000000, -1.000000000000000000, 0.000000000000000000 ) ) ;
#5975 = CARTESIAN_POINT ( 'NONE',  ( 59.60000000000161435, 10.40000000000000036, 31.09999999999832454 ) ) ;
#5976 = CARTESIAN_POINT ( 'NONE',  ( 64.85000000000056275, 8.099999999999999645, 2.999999999997883915 ) ) ;
#5977 = CARTESIAN_POINT ( 'NONE',  ( 59.06584756270927983, 16.27748375296706129, 30.11387106377002354 ) ) ;
#5978 = ORIENTED_EDGE ( 'NONE', *, *, #3659, .F. ) ;
#5979 = DIRECTION ( 'NONE',  ( 0.000000000000000000, 1.000000000000000000, -0.000000000000000000 ) ) ;
#5980 = AXIS2_PLACEMENT_3D ( 'NONE', #6551, #3099, #6182 ) ;
#5981 = CARTESIAN_POINT ( 'NONE',  ( 0.000000000000000000, 16.10000000000000142, 25.09999999999827480 ) ) ;
#5982 = CARTESIAN_POINT ( 'NONE',  ( 2.210308877732446313E-13, 12.59999999999999964, 31.59999999999874021 ) ) ;
#5983 = CIRCLE ( 'NONE', #3622, 0.5000000000000004441 ) ;
#5984 = ORIENTED_EDGE ( 'NONE', *, *, #5388, .T. ) ;
#5985 = FACE_OUTER_BOUND ( 'NONE', #3884, .T. ) ;
#5986 = LINE ( 'NONE', #5387, #5956 ) ;
#5987 = DIRECTION ( 'NONE',  ( -1.000000000000000000, -0.000000000000000000, -0.000000000000000000 ) ) ;
#5988 = CARTESIAN_POINT ( 'NONE',  ( 66.10000000000161435, 9.599999999999999645, 6.099999999998364508 ) ) ;
#5989 = ADVANCED_FACE ( 'NONE', ( #1933 ), #6418, .F. ) ;
#5990 = ADVANCED_FACE ( 'NONE', ( #1836 ), #3871, .T. ) ;
#5991 = AXIS2_PLACEMENT_3D ( 'NONE', #5237, #4281, #6317 ) ;
#5992 = ORIENTED_EDGE ( 'NONE', *, *, #6512, .F. ) ;
#5993 = ORIENTED_EDGE ( 'NONE', *, *, #205, .F. ) ;
#5994 = CARTESIAN_POINT ( 'NONE',  ( 5.899999999999417710, 16.60000000000000142, 30.59999999999833165 ) ) ;
#5995 = CARTESIAN_POINT ( 'NONE',  ( -3.815832766732234926, 6.103060305191888801, 5.788711255899316122 ) ) ;
#5996 = FACE_OUTER_BOUND ( 'NONE', #3139, .T. ) ;
#5997 = FACE_OUTER_BOUND ( 'NONE', #3278, .T. ) ;
#5998 = ORIENTED_EDGE ( 'NONE', *, *, #2561, .T. ) ;
#5999 = ORIENTED_EDGE ( 'NONE', *, *, #6156, .F. ) ;
#6000 = EDGE_CURVE ( 'NONE', #5201, #828, #2200, .T. ) ;
#6001 = ORIENTED_EDGE ( 'NONE', *, *, #5868, .F. ) ;
#6002 = CARTESIAN_POINT ( 'NONE',  ( -3.755126074514124390, 5.693537175932771532, 24.59281108583937936 ) ) ;
#6003 = AXIS2_PLACEMENT_3D ( 'NONE', #5696, #132, #6 ) ;
#6004 = CARTESIAN_POINT ( 'NONE',  ( 19.59999999999941522, 8.099999999999999645, -0.000000000000000000 ) ) ;
#6005 = EDGE_CURVE ( 'NONE', #266, #2828, #820, .T. ) ;
#6006 = CARTESIAN_POINT ( 'NONE',  ( -0.09999999999841925613, 8.099999999999999645, -1.100000000000000311 ) ) ;
#6007 = CARTESIAN_POINT ( 'NONE',  ( -4.195491502811579565, 6.080942047187166466, 5.287743005853571709 ) ) ;
#6008 = AXIS2_PLACEMENT_3D ( 'NONE', #5773, #1726, #5681 ) ;
#6009 = DIRECTION ( 'NONE',  ( -6.994648347254856026E-15, 0.000000000000000000, -1.000000000000000000 ) ) ;
#6010 = VERTEX_POINT ( 'NONE', #3432 ) ;
#6011 = DIRECTION ( 'NONE',  ( 1.000000000000000000, -0.000000000000000000, -6.994648347254856026E-15 ) ) ;
#6012 = VECTOR ( 'NONE', #5766, 1000.000000000000000 ) ;
#6013 = DIRECTION ( 'NONE',  ( -2.276824562219558523E-15, -1.000000000000000000, 7.397851451319910463E-16 ) ) ;
#6014 = DIRECTION ( 'NONE',  ( 0.000000000000000000, 0.000000000000000000, -1.000000000000000000 ) ) ;
#6015 = AXIS2_PLACEMENT_3D ( 'NONE', #1383, #5830, #1786 ) ;
#6016 = FACE_OUTER_BOUND ( 'NONE', #5843, .T. ) ;
#6017 = SPHERICAL_SURFACE ( 'NONE', #389, 0.5000000000000000000 ) ;
#6018 = DIRECTION ( 'NONE',  ( -1.000000000000000000, 0.000000000000000000, 0.000000000000000000 ) ) ;
#6019 = CARTESIAN_POINT ( 'NONE',  ( -3.960696873944235197, 5.729088563567033887, 24.63596759465403707 ) ) ;
#6021 = EDGE_CURVE ( 'NONE', #742, #4358, #3058, .T. ) ;
#6020 = CIRCLE ( 'NONE', #3128, 0.7000000000000000666 ) ;
#6022 = ORIENTED_EDGE ( 'NONE', *, *, #6593, .T. ) ;
#6023 = VERTEX_POINT ( 'NONE', #3936 ) ;
#6024 = DIRECTION ( 'NONE',  ( 0.000000000000000000, 1.000000000000000000, -0.000000000000000000 ) ) ;
#6025 = LINE ( 'NONE', #3439, #2986 ) ;
#6026 =( BOUNDED_CURVE ( )  B_SPLINE_CURVE ( 3, ( #3260, #2633, #2255, #1217 ),
 .UNSPECIFIED., .F., .T. ) 
 B_SPLINE_CURVE_WITH_KNOTS ( ( 4, 4 ),
 ( 0.000000000000000000, 0.02659050591385883969 ),
 .UNSPECIFIED. ) 
 CURVE ( )  GEOMETRIC_REPRESENTATION_ITEM ( )  RATIONAL_B_SPLINE_CURVE ( ( 1.000000000000000000, 0.9999410796175270955, 0.9999410796175270955, 1.000000000000000000 ) ) 
 REPRESENTATION_ITEM ( '' )  );
#6027 = DIRECTION ( 'NONE',  ( -6.994648347254856026E-15, 0.000000000000000000, -1.000000000000000000 ) ) ;
#6028 = VECTOR ( 'NONE', #4178, 1000.000000000000000 ) ;
#6029 = CARTESIAN_POINT ( 'NONE',  ( -5.899999999999137046, 16.10000000000000142, 3.997891065754202167 ) ) ;
#6030 = VERTEX_POINT ( 'NONE', #5487 ) ;
#6031 = ADVANCED_FACE ( 'NONE', ( #3859 ), #5003, .T. ) ;
#6032 = VERTEX_POINT ( 'NONE', #5803 ) ;
#6033 = EDGE_LOOP ( 'NONE', ( #1408, #1837, #1450, #1304 ) ) ;
#6034 = CARTESIAN_POINT ( 'NONE',  ( 2.999999999999780620, 16.10000000000000142, 26.99999999999791456 ) ) ;
#6035 = CARTESIAN_POINT ( 'NONE',  ( -0.5999999999984192423, 5.599999999999998757, -1.100000000000000311 ) ) ;
#6036 = CARTESIAN_POINT ( 'NONE',  ( -4.195491457693767856, 5.985383210961419564, 5.287743020513238079 ) ) ;
#6037 = ORIENTED_EDGE ( 'NONE', *, *, #1111, .F. ) ;
#6038 = DIRECTION ( 'NONE',  ( 0.000000000000000000, 0.000000000000000000, -1.000000000000000000 ) ) ;
#6039 = CARTESIAN_POINT ( 'NONE',  ( -0.5999999999984179100, 5.599999999999998757, 25.09999999999827480 ) ) ;
#6040 = DIRECTION ( 'NONE',  ( 0.000000000000000000, 0.000000000000000000, -1.000000000000000000 ) ) ;
#6041 = CARTESIAN_POINT ( 'NONE',  ( -0.3080777983763461902, 3.099999999999999645, 24.09999999999827480 ) ) ;
#6042 = DIRECTION ( 'NONE',  ( -4.565061778886154824E-17, 0.000000000000000000, -1.000000000000000000 ) ) ;
#6043 = CIRCLE ( 'NONE', #2832, 0.4999999999999995559 ) ;
#6044 = ADVANCED_FACE ( 'NONE', ( #713 ), #3254, .F. ) ;
#6045 = VERTEX_POINT ( 'NONE', #3715 ) ;
#6046 = AXIS2_PLACEMENT_3D ( 'NONE', #5866, #143, #3218 ) ;
#6047 = DIRECTION ( 'NONE',  ( -3.538541870064538530E-14, 0.000000000000000000, -1.000000000000000000 ) ) ;
#6048 = DIRECTION ( 'NONE',  ( -1.000000000000000000, 0.000000000000000000, 0.000000000000000000 ) ) ;
#6049 = CARTESIAN_POINT ( 'NONE',  ( 0.1500000000014142520, 8.599999999999999645, 4.899999999998445155 ) ) ;
#6050 = EDGE_CURVE ( 'NONE', #4350, #2083, #3258, .T. ) ;
#6051 = ORIENTED_EDGE ( 'NONE', *, *, #1537, .F. ) ;
#6052 = VERTEX_POINT ( 'NONE', #243 ) ;
#6053 = DIRECTION ( 'NONE',  ( 1.000000000000000000, -0.000000000000000000, -1.908195823574485911E-14 ) ) ;
#6054 = CARTESIAN_POINT ( 'NONE',  ( 18.19999999999941664, 12.09999999999999964, 31.59999999999860876 ) ) ;
#6055 = DIRECTION ( 'NONE',  ( 0.000000000000000000, 0.000000000000000000, -1.000000000000000000 ) ) ;
#6056 = DIRECTION ( 'NONE',  ( 0.000000000000000000, 1.000000000000000000, 0.000000000000000000 ) ) ;
#6057 = DIRECTION ( 'NONE',  ( -1.000000000000000000, 0.000000000000000000, 1.908195823574486226E-14 ) ) ;
#6058 = ORIENTED_EDGE ( 'NONE', *, *, #3217, .F. ) ;
#6059 = FACE_OUTER_BOUND ( 'NONE', #2543, .T. ) ;
#6060 = ORIENTED_EDGE ( 'NONE', *, *, #1457, .F. ) ;
#6061 = CARTESIAN_POINT ( 'NONE',  ( 2.999999999999762856, 16.60000000000000142, 0.1499999999994764965 ) ) ;
#6062 = FACE_OUTER_BOUND ( 'NONE', #2766, .T. ) ;
#6063 = AXIS2_PLACEMENT_3D ( 'NONE', #17, #2056, #449 ) ;
#6064 = DIRECTION ( 'NONE',  ( 0.000000000000000000, 0.000000000000000000, 1.000000000000000000 ) ) ;
#6065 = FACE_OUTER_BOUND ( 'NONE', #1964, .T. ) ;
#6066 = EDGE_CURVE ( 'NONE', #2486, #4564, #5204, .T. ) ;
#6067 = CARTESIAN_POINT ( 'NONE',  ( 59.02821979255327278, 16.25334935642916534, 30.11412602611357059 ) ) ;
#6068 = ORIENTED_EDGE ( 'NONE', *, *, #2851, .T. ) ;
#6069 = ADVANCED_FACE ( 'NONE', ( #5310 ), #2788, .T. ) ;
#6070 = DIRECTION ( 'NONE',  ( -1.000000000000000000, 0.000000000000000000, 0.000000000000000000 ) ) ;
#6071 = CARTESIAN_POINT ( 'NONE',  ( -0.3080777983763486882, 3.099999999999999645, 5.399999999998445155 ) ) ;
#6072 = LINE ( 'NONE', #976, #81 ) ;
#6073 = CARTESIAN_POINT ( 'NONE',  ( 66.60000000000161435, 11.79999999999999716, 25.09999999999835651 ) ) ;
#6074 = DIRECTION ( 'NONE',  ( 0.000000000000000000, -1.000000000000000000, 0.000000000000000000 ) ) ;
#6075 = EDGE_LOOP ( 'NONE', ( #5278, #6268, #3911, #5998 ) ) ;
#6076 = EDGE_CURVE ( 'NONE', #2337, #441, #803, .T. ) ;
#6077 = DIRECTION ( 'NONE',  ( 0.000000000000000000, 0.000000000000000000, 1.000000000000000000 ) ) ;
#6078 = EDGE_CURVE ( 'NONE', #1280, #3145, #6405, .T. ) ;
#6079 = DIRECTION ( 'NONE',  ( -2.081668171172166620E-14, -0.000000000000000000, -1.000000000000000000 ) ) ;
#6080 = CARTESIAN_POINT ( 'NONE',  ( -3.941895726912145737, 5.634845194469061624, 24.62985873167152917 ) ) ;
#6081 = VECTOR ( 'NONE', #490, 1000.000000000000000 ) ;
#6082 = B_SPLINE_CURVE_WITH_KNOTS ( 'NONE', 3,
 ( #5071, #3014, #5136, #1063, #4177, #5629 ),
 .UNSPECIFIED., .F., .F.,
 ( 4, 2, 4 ),
 ( 0.000000000000000000, 0.0001298035221567808435, 0.0002596070443135616869 ),
 .UNSPECIFIED. ) ;
#6083 = B_SPLINE_CURVE_WITH_KNOTS ( 'NONE', 3,
 ( #4457, #361, #3405, #1879, #4351, #1942 ),
 .UNSPECIFIED., .F., .F.,
 ( 4, 2, 4 ),
 ( -7.346231166412781012E-06, 0.0003339519116572529727, 0.0006752500544809186519 ),
 .UNSPECIFIED. ) ;
#6084 = VERTEX_POINT ( 'NONE', #4330 ) ;
#6085 = LINE ( 'NONE', #6147, #6081 ) ;
#6086 = AXIS2_PLACEMENT_3D ( 'NONE', #4608, #6169, #4089 ) ;
#6087 = CARTESIAN_POINT ( 'NONE',  ( -3.349999999999051514, 6.095304263244467613, 5.831635631999796843 ) ) ;
#6088 = DIRECTION ( 'NONE',  ( 0.9510565162951545304, -0.000000000000000000, -0.3090169943749444537 ) ) ;
#6089 = CARTESIAN_POINT ( 'NONE',  ( 66.10000000000161435, 16.10000000000000142, 25.09999999999835651 ) ) ;
#6090 = ORIENTED_EDGE ( 'NONE', *, *, #2918, .T. ) ;
#6091 = LINE ( 'NONE', #2004, #1515 ) ;
#6092 = ORIENTED_EDGE ( 'NONE', *, *, #1331, .F. ) ;
#6093 = CIRCLE ( 'NONE', #526, 0.5000000000000000000 ) ;
#6094 = LINE ( 'NONE', #1512, #473 ) ;
#6095 = VERTEX_POINT ( 'NONE', #4870 ) ;
#6096 = DIRECTION ( 'NONE',  ( 2.312964634635743213E-14, 0.000000000000000000, 1.000000000000000000 ) ) ;
#6097 = CARTESIAN_POINT ( 'NONE',  ( 2.999999999999780620, 8.099999999999999645, 26.99999999999791456 ) ) ;
#6098 = DIRECTION ( 'NONE',  ( -1.196361017914920171E-16, 0.000000000000000000, -1.000000000000000000 ) ) ;
#6099 = FACE_OUTER_BOUND ( 'NONE', #1233, .T. ) ;
#6100 = CIRCLE ( 'NONE', #3421, 0.4999999999999970024 ) ;
#6101 = APPLICATION_PROTOCOL_DEFINITION ( 'draft international standard', 'automotive_design', 1998, #110 ) ;
#6102 = DIRECTION ( 'NONE',  ( 0.000000000000000000, 0.000000000000000000, -1.000000000000000000 ) ) ;
#6103 = DIRECTION ( 'NONE',  ( -1.000000000000000000, 0.000000000000000000, 6.994648347254856026E-15 ) ) ;
#6104 = VECTOR ( 'NONE', #2711, 1000.000000000000000 ) ;
#6105 = EDGE_CURVE ( 'NONE', #2807, #6568, #1663, .T. ) ;
#6106 = EDGE_CURVE ( 'NONE', #6032, #964, #4561, .T. ) ;
#6107 = FACE_OUTER_BOUND ( 'NONE', #6462, .T. ) ;
#6108 = ORIENTED_EDGE ( 'NONE', *, *, #4150, .F. ) ;
#6109 = ORIENTED_EDGE ( 'NONE', *, *, #1240, .F. ) ;
#6110 = CIRCLE ( 'NONE', #4074, 0.7000000000000000666 ) ;
#6111 = CYLINDRICAL_SURFACE ( 'NONE', #6496, 0.5000000000000000000 ) ;
#6112 = EDGE_CURVE ( 'NONE', #6023, #6210, #5409, .T. ) ;
#6113 = FACE_OUTER_BOUND ( 'NONE', #1525, .T. ) ;
#6114 = CARTESIAN_POINT ( 'NONE',  ( 66.10000000000161435, 16.60000000000000142, -1.100000000000003419 ) ) ;
#6115 = CARTESIAN_POINT ( 'NONE',  ( 6.649999999999430145, 16.43071891388305872, 30.22499999999833875 ) ) ;
#6116 = AXIS2_PLACEMENT_3D ( 'NONE', #6530, #1919, #2479 ) ;
#6117 = EDGE_CURVE ( 'NONE', #4790, #4259, #3823, .T. ) ;
#6118 = ORIENTED_EDGE ( 'NONE', *, *, #4904, .T. ) ;
#6119 = CARTESIAN_POINT ( 'NONE',  ( 6.460349496738708640E-16, 16.10000000000000142, 5.399999999998445155 ) ) ;
#6120 = DIRECTION ( 'NONE',  ( -1.000000000000000000, 0.000000000000000000, -0.000000000000000000 ) ) ;
#6121 = DIRECTION ( 'NONE',  ( 0.000000000000000000, 0.000000000000000000, 1.000000000000000000 ) ) ;
#6122 = EDGE_CURVE ( 'NONE', #5364, #2111, #380, .T. ) ;
#6123 = DIRECTION ( 'NONE',  ( 1.908195823574485911E-14, -0.000000000000000000, 1.000000000000000000 ) ) ;
#6124 = ORIENTED_EDGE ( 'NONE', *, *, #1757, .T. ) ;
#6125 = VECTOR ( 'NONE', #78, 1000.000000000000000 ) ;
#6126 = DIRECTION ( 'NONE',  ( 1.000000000000000000, 0.000000000000000000, 0.000000000000000000 ) ) ;
#6127 = ORIENTED_EDGE ( 'NONE', *, *, #5639, .T. ) ;
#6128 = ORIENTED_EDGE ( 'NONE', *, *, #407, .T. ) ;
#6129 = ORIENTED_EDGE ( 'NONE', *, *, #2306, .T. ) ;
#6130 = DIRECTION ( 'NONE',  ( 0.000000000000000000, 0.000000000000000000, -1.000000000000000000 ) ) ;
#6131 = AXIS2_PLACEMENT_3D ( 'NONE', #1507, #1405, #6584 ) ;
#6132 = CARTESIAN_POINT ( 'NONE',  ( -3.349999999999051070, 6.590608526488935581, 5.763271264001149419 ) ) ;
#6133 = DIRECTION ( 'NONE',  ( 1.000000000000000000, 0.000000000000000000, 0.000000000000000000 ) ) ;
#6134 = FACE_OUTER_BOUND ( 'NONE', #811, .T. ) ;
#6135 = CARTESIAN_POINT ( 'NONE',  ( 62.00000000000005684, 8.599999999999999645, 29.84999999999887876 ) ) ;
#6136 = VECTOR ( 'NONE', #5134, 1000.000000000000000 ) ;
#6137 = CARTESIAN_POINT ( 'NONE',  ( 59.60000000000161435, 16.10000000000000142, 29.84999999999885389 ) ) ;
#6138 = CARTESIAN_POINT ( 'NONE',  ( -5.900000000000464873, 16.60000000000000142, 30.89999999999878355 ) ) ;
#6139 = DIRECTION ( 'NONE',  ( 1.000000000000000000, 0.000000000000000000, -0.000000000000000000 ) ) ;
#6140 = DIRECTION ( 'NONE',  ( -1.000000000000000000, 0.000000000000000000, 0.000000000000000000 ) ) ;
#6141 = ORIENTED_EDGE ( 'NONE', *, *, #2262, .T. ) ;
#6142 = ORIENTED_EDGE ( 'NONE', *, *, #2395, .F. ) ;
#6143 = ADVANCED_FACE ( 'NONE', ( #3751 ), #4009, .T. ) ;
#6144 = CARTESIAN_POINT ( 'NONE',  ( -0.5999999999984192423, 5.099999999999999645, -1.100000000000000311 ) ) ;
#6145 = DIRECTION ( 'NONE',  ( -0.000000000000000000, -0.000000000000000000, -1.000000000000000000 ) ) ;
#6146 = DIRECTION ( 'NONE',  ( -1.000000000000000000, 0.000000000000000000, 0.000000000000000000 ) ) ;
#6147 = CARTESIAN_POINT ( 'NONE',  ( 64.35000000000060538, 8.599999999999999645, 5.399999999998364331 ) ) ;
#6148 = EDGE_CURVE ( 'NONE', #3752, #1027, #676, .T. ) ;
#6149 = LINE ( 'NONE', #4071, #1059 ) ;
#6150 = CARTESIAN_POINT ( 'NONE',  ( 66.10000000000161435, 8.099999999999999645, 4.899999999998364331 ) ) ;
#6151 = DIRECTION ( 'NONE',  ( 0.000000000000000000, 0.000000000000000000, 1.000000000000000000 ) ) ;
#6152 = ORIENTED_EDGE ( 'NONE', *, *, #6356, .T. ) ;
#6153 = CARTESIAN_POINT ( 'NONE',  ( 64.85000000000050591, 10.59999999999999787, -1.237464991588063621E-12 ) ) ;
#6154 = ORIENTED_EDGE ( 'NONE', *, *, #2267, .T. ) ;
#6155 = FACE_OUTER_BOUND ( 'NONE', #6250, .T. ) ;
#6156 = EDGE_CURVE ( 'NONE', #3528, #2499, #3479, .T. ) ;
#6157 = ORIENTED_EDGE ( 'NONE', *, *, #2598, .T. ) ;
#6158 = AXIS2_PLACEMENT_3D ( 'NONE', #5903, #1314, #3353 ) ;
#6159 = LINE ( 'NONE', #6194, #5075 ) ;
#6160 = DIRECTION ( 'NONE',  ( 0.000000000000000000, 0.000000000000000000, -1.000000000000000000 ) ) ;
#6161 = DIRECTION ( 'NONE',  ( -1.387778780781444413E-14, 0.000000000000000000, 1.000000000000000000 ) ) ;
#6162 = ORIENTED_EDGE ( 'NONE', *, *, #138, .F. ) ;
#6163 = EDGE_CURVE ( 'NONE', #4889, #5311, #1117, .T. ) ;
#6164 = DIRECTION ( 'NONE',  ( 0.000000000000000000, 0.000000000000000000, -1.000000000000000000 ) ) ;
#6165 = LINE ( 'NONE', #2110, #3210 ) ;
#6166 = AXIS2_PLACEMENT_3D ( 'NONE', #3696, #3799, #6246 ) ;
#6167 = CIRCLE ( 'NONE', #6371, 0.7000000000000000666 ) ;
#6168 = DIRECTION ( 'NONE',  ( 0.000000000000000000, 0.000000000000000000, 1.000000000000000000 ) ) ;
#6169 = DIRECTION ( 'NONE',  ( -0.000000000000000000, 0.000000000000000000, 1.000000000000000000 ) ) ;
#6170 = CARTESIAN_POINT ( 'NONE',  ( 62.00000000000005684, 16.10000000000000142, 2.999999999997893241 ) ) ;
#6171 = CARTESIAN_POINT ( 'NONE',  ( -3.349999999999051070, 6.095304263244467613, 5.831635631999796843 ) ) ;
#6172 = VECTOR ( 'NONE', #5580, 1000.000000000000000 ) ;
#6173 = CARTESIAN_POINT ( 'NONE',  ( -4.195491502811576900, 5.985786337272855917, 24.71225699414272015 ) ) ;
#6174 = ORIENTED_EDGE ( 'NONE', *, *, #5504, .F. ) ;
#6175 = ORIENTED_EDGE ( 'NONE', *, *, #1866, .F. ) ;
#6176 = CIRCLE ( 'NONE', #1037, 0.6999999999999992895 ) ;
#6177 = DIRECTION ( 'NONE',  ( 0.000000000000000000, -1.000000000000000000, 0.000000000000000000 ) ) ;
#6178 = DIRECTION ( 'NONE',  ( -1.000000000000000000, 0.000000000000000000, 6.994648347254856026E-15 ) ) ;
#6179 = CARTESIAN_POINT ( 'NONE',  ( -4.008879685502693135, 6.026470266249670082, 24.60247295114282906 ) ) ;
#6180 = CYLINDRICAL_SURFACE ( 'NONE', #2082, 0.5000000000000004441 ) ;
#6181 = ORIENTED_EDGE ( 'NONE', *, *, #1818, .F. ) ;
#6182 = DIRECTION ( 'NONE',  ( -1.000000000000000000, 0.000000000000000000, -9.912705577010336396E-15 ) ) ;
#6183 = CARTESIAN_POINT ( 'NONE',  ( -3.849999999999051514, 6.590608526488935581, 5.763271264001149419 ) ) ;
#6184 = CARTESIAN_POINT ( 'NONE',  ( 66.60000000000161435, 8.599999999999999645, 25.09999999999835651 ) ) ;
#6185 = AXIS2_PLACEMENT_3D ( 'NONE', #3470, #2939, #830 ) ;
#6186 = ORIENTED_EDGE ( 'NONE', *, *, #129, .F. ) ;
#6187 = CARTESIAN_POINT ( 'NONE',  ( -3.762836625612602237, 7.095083657513991504, 5.811821716221059475 ) ) ;
#6188 = EDGE_CURVE ( 'NONE', #4726, #3400, #1778, .T. ) ;
#6189 = EDGE_CURVE ( 'NONE', #5531, #4286, #6567, .T. ) ;
#6190 = ORIENTED_EDGE ( 'NONE', *, *, #3316, .F. ) ;
#6191 = AXIS2_PLACEMENT_3D ( 'NONE', #2241, #1752, #5405 ) ;
#6192 = ORIENTED_EDGE ( 'NONE', *, *, #1318, .T. ) ;
#6193 = ORIENTED_EDGE ( 'NONE', *, *, #1651, .T. ) ;
#6194 = CARTESIAN_POINT ( 'NONE',  ( -6.600000000000465050, 16.60000000000000142, 26.00210893424252134 ) ) ;
#6195 = DIRECTION ( 'NONE',  ( 0.000000000000000000, 1.000000000000000000, -0.000000000000000000 ) ) ;
#6196 = DIRECTION ( 'NONE',  ( 3.538541870064538530E-14, -0.000000000000000000, 1.000000000000000000 ) ) ;
#6197 = ORIENTED_EDGE ( 'NONE', *, *, #3690, .F. ) ;
#6198 = VECTOR ( 'NONE', #1197, 1000.000000000000000 ) ;
#6199 = ADVANCED_FACE ( 'NONE', ( #6439 ), #3907, .T. ) ;
#6200 = CYLINDRICAL_SURFACE ( 'NONE', #4068, 0.5000000000000001110 ) ;
#6201 = CARTESIAN_POINT ( 'NONE',  ( 6.649999999999455014, 16.43071891388304451, 30.22499999999832809 ) ) ;
#6202 = EDGE_CURVE ( 'NONE', #1978, #1496, #2726, .T. ) ;
#6203 = CARTESIAN_POINT ( 'NONE',  ( -3.998684010309317305, 5.908584347395181346, 5.383168609870240928 ) ) ;
#6204 = CARTESIAN_POINT ( 'NONE',  ( 66.10000000000161435, 16.60000000000000142, 25.09999999999835651 ) ) ;
#6205 = LINE ( 'NONE', #1753, #3124 ) ;
#6206 = CARTESIAN_POINT ( 'NONE',  ( 59.14482668849224467, 16.37505823957064877, 30.14482668848862801 ) ) ;
#6207 = LINE ( 'NONE', #5245, #6125 ) ;
#6208 = AXIS2_PLACEMENT_3D ( 'NONE', #1803, #1838, #388 ) ;
#6209 = EDGE_LOOP ( 'NONE', ( #269, #582, #3012, #1637 ) ) ;
#6210 = VERTEX_POINT ( 'NONE', #2389 ) ;
#6211 = CIRCLE ( 'NONE', #6003, 0.5000000000000004441 ) ;
#6212 = CARTESIAN_POINT ( 'NONE',  ( 64.85000000000059117, 16.10000000000000142, 4.899999999998364331 ) ) ;
#6213 = CARTESIAN_POINT ( 'NONE',  ( 5.699999999999418421, 8.599999999999999645, 29.84999999999830322 ) ) ;
#6214 = CARTESIAN_POINT ( 'NONE',  ( -0.09999999999841892306, 5.599999999999998757, 5.399999999998445155 ) ) ;
#6215 = CARTESIAN_POINT ( 'NONE',  ( -6.099999999999137223, 5.599999999999998757, 0.000000000000000000 ) ) ;
#6216 = EDGE_CURVE ( 'NONE', #4419, #4694, #4437, .T. ) ;
#6217 = LINE ( 'NONE', #2131, #3881 ) ;
#6218 = LINE ( 'NONE', #1054, #5229 ) ;
#6219 = EDGE_LOOP ( 'NONE', ( #366, #2396, #3251 ) ) ;
#6220 = DIRECTION ( 'NONE',  ( 0.000000000000000000, 0.000000000000000000, 1.000000000000000000 ) ) ;
#6221 = ORIENTED_EDGE ( 'NONE', *, *, #5676, .T. ) ;
#6222 = ORIENTED_EDGE ( 'NONE', *, *, #6345, .F. ) ;
#6223 = ORIENTED_EDGE ( 'NONE', *, *, #1757, .F. ) ;
#6224 = CARTESIAN_POINT ( 'NONE',  ( -3.833762470724530580, 7.592592406258247273, 24.59472410691837752 ) ) ;
#6225 = FACE_OUTER_BOUND ( 'NONE', #1560, .T. ) ;
#6226 = CIRCLE ( 'NONE', #878, 0.6999999999999992895 ) ;
#6227 = ADVANCED_FACE ( 'NONE', ( #3521 ), #3794, .T. ) ;
#6228 = DIRECTION ( 'NONE',  ( -1.000000000000000000, 0.000000000000000000, 1.908195823574485911E-14 ) ) ;
#6229 = DIRECTION ( 'NONE',  ( -0.9510565162951545304, 0.000000000000000000, 0.3090169943749444537 ) ) ;
#6230 = AXIS2_PLACEMENT_3D ( 'NONE', #5173, #2074, #2141 ) ;
#6231 = CARTESIAN_POINT ( 'NONE',  ( 6.288799857674575833, 16.45671678462269227, 30.21120014232309714 ) ) ;
#6232 = DIRECTION ( 'NONE',  ( 1.000000000000000000, 0.000000000000000000, 0.000000000000000000 ) ) ;
#6233 = CARTESIAN_POINT ( 'NONE',  ( 0.1500000000018568702, 8.599999999999999645, 1.354981665080531454E-14 ) ) ;
#6234 = AXIS2_PLACEMENT_3D ( 'NONE', #4137, #4105, #4713 ) ;
#6235 = CARTESIAN_POINT ( 'NONE',  ( 0.000000000000000000, 16.60000000000000142, 24.59999999999835651 ) ) ;
#6236 = CARTESIAN_POINT ( 'NONE',  ( 59.80000000000161720, 8.099999999999999645, 29.84999999999885389 ) ) ;
#6237 = ORIENTED_EDGE ( 'NONE', *, *, #6435, .F. ) ;
#6238 = ORIENTED_EDGE ( 'NONE', *, *, #2347, .T. ) ;
#6239 = ADVANCED_FACE ( 'NONE', ( #3486 ), #376, .T. ) ;
#6240 = CARTESIAN_POINT ( 'NONE',  ( 59.60000000000161435, 16.10000000000000142, 29.84999999999885389 ) ) ;
#6241 = ADVANCED_FACE ( 'NONE', ( #5044 ), #3104, .F. ) ;
#6242 = ORIENTED_EDGE ( 'NONE', *, *, #103, .F. ) ;
#6243 = DIRECTION ( 'NONE',  ( 1.000000000000000000, 0.000000000000000000, 9.033211100425053116E-14 ) ) ;
#6244 = CIRCLE ( 'NONE', #1114, 0.5000000000000004441 ) ;
#6245 = CARTESIAN_POINT ( 'NONE',  ( -3.849999999999051958, 6.575362789164177713, 5.708043088020590794 ) ) ;
#6246 = DIRECTION ( 'NONE',  ( 0.000000000000000000, 0.000000000000000000, -1.000000000000000000 ) ) ;
#6247 = ORIENTED_EDGE ( 'NONE', *, *, #4273, .T. ) ;
#6248 = PRODUCT_RELATED_PRODUCT_CATEGORY ( 'part', '', ( #5440 ) ) ;
#6249 = ORIENTED_EDGE ( 'NONE', *, *, #3166, .T. ) ;
#6250 = EDGE_LOOP ( 'NONE', ( #3908, #6238, #4758, #995 ) ) ;
#6251 = VERTEX_POINT ( 'NONE', #1860 ) ;
#6252 = CARTESIAN_POINT ( 'NONE',  ( -3.825712773918813703, 7.580434981025242713, 24.59210860187749859 ) ) ;
#6253 = DIRECTION ( 'NONE',  ( -1.000000000000000000, -0.000000000000000000, 6.994648347254856026E-15 ) ) ;
#6254 = CIRCLE ( 'NONE', #4875, 0.1999999999999987899 ) ;
#6255 = DIRECTION ( 'NONE',  ( 0.000000000000000000, 0.000000000000000000, -1.000000000000000000 ) ) ;
#6256 = VERTEX_POINT ( 'NONE', #3422 ) ;
#6257 = CARTESIAN_POINT ( 'NONE',  ( -0.6324358001786457573, 8.089468096567690836, 24.09999999999826770 ) ) ;
#6258 = ORIENTED_EDGE ( 'NONE', *, *, #1503, .F. ) ;
#6259 = AXIS2_PLACEMENT_3D ( 'NONE', #1423, #5943, #907 ) ;
#6260 = CARTESIAN_POINT ( 'NONE',  ( -0.1601861511281235939, 7.837006327172249875, 24.31374258351955930 ) ) ;
#6261 = DIRECTION ( 'NONE',  ( 1.000000000000000000, 4.814824860968089633E-29, -6.938893903907222856E-15 ) ) ;
#6262 = DIRECTION ( 'NONE',  ( 1.000000000000000000, 0.000000000000000000, 0.000000000000000000 ) ) ;
#6263 = DIRECTION ( 'NONE',  ( 0.000000000000000000, 1.000000000000000000, 0.000000000000000000 ) ) ;
#6264 = EDGE_CURVE ( 'NONE', #1432, #6343, #1957, .T. ) ;
#6265 = ORIENTED_EDGE ( 'NONE', *, *, #213, .T. ) ;
#6266 = EDGE_CURVE ( 'NONE', #5958, #6256, #936, .T. ) ;
#6267 = CARTESIAN_POINT ( 'NONE',  ( 2.999999999999780620, 8.599999999999999645, 26.99999999999791456 ) ) ;
#6268 = ORIENTED_EDGE ( 'NONE', *, *, #3380, .T. ) ;
#6269 = CARTESIAN_POINT ( 'NONE',  ( -5.900000000000464873, 16.10000000000000142, 26.00210893424252134 ) ) ;
#6270 = AXIS2_PLACEMENT_3D ( 'NONE', #717, #82, #3789 ) ;
#6271 = DIRECTION ( 'NONE',  ( 1.000000000000000000, -0.000000000000000000, 9.033211100425053116E-14 ) ) ;
#6272 = EDGE_CURVE ( 'NONE', #6320, #4101, #1888, .T. ) ;
#6273 = EDGE_CURVE ( 'NONE', #2592, #2998, #3956, .T. ) ;
#6274 = AXIS2_PLACEMENT_3D ( 'NONE', #414, #5511, #908 ) ;
#6275 = CARTESIAN_POINT ( 'NONE',  ( 0.000000000000000000, 11.09999999999999787, 0.000000000000000000 ) ) ;
#6276 = EDGE_CURVE ( 'NONE', #1148, #2265, #481, .T. ) ;
#6277 = CARTESIAN_POINT ( 'NONE',  ( -3.849999999999051070, 6.590608526488935581, 5.763271264001149419 ) ) ;
#6278 = PLANE ( 'NONE',  #6234 ) ;
#6279 = FACE_OUTER_BOUND ( 'NONE', #4190, .T. ) ;
#6280 = VERTEX_POINT ( 'NONE', #3869 ) ;
#6281 = ORIENTED_EDGE ( 'NONE', *, *, #1732, .T. ) ;
#6282 = ORIENTED_EDGE ( 'NONE', *, *, #4458, .F. ) ;
#6283 = EDGE_LOOP ( 'NONE', ( #6561, #191, #79 ) ) ;
#6284 = DIRECTION ( 'NONE',  ( -1.000000000000000000, 0.000000000000000000, 1.355252715606892868E-16 ) ) ;
#6285 = DIRECTION ( 'NONE',  ( 0.000000000000000000, 0.000000000000000000, 1.000000000000000000 ) ) ;
#6286 = DIRECTION ( 'NONE',  ( 1.982541115402065070E-14, 0.000000000000000000, 1.000000000000000000 ) ) ;
#6287 = EDGE_LOOP ( 'NONE', ( #3578, #3343, #5722, #5088, #3330 ) ) ;
#6288 = AXIS2_PLACEMENT_3D ( 'NONE', #2970, #3066, #5030 ) ;
#6289 = CARTESIAN_POINT ( 'NONE',  ( -0.06736681282052352226, 7.979229033146856942, 24.46375130317662183 ) ) ;
#6290 = CARTESIAN_POINT ( 'NONE',  ( -0.1601861511275722294, 7.837006327171174291, 5.686257416479378435 ) ) ;
#6291 = AXIS2_PLACEMENT_3D ( 'NONE', #6138, #1555, #5638 ) ;
#6292 = CARTESIAN_POINT ( 'NONE',  ( -3.920172059406565879, 5.680675958287912941, 5.377199715771729061 ) ) ;
#6293 = DIRECTION ( 'NONE',  ( -0.000000000000000000, 1.000000000000000000, -0.000000000000000000 ) ) ;
#6294 = ORIENTED_EDGE ( 'NONE', *, *, #6435, .T. ) ;
#6295 = CIRCLE ( 'NONE', #1167, 0.4999999999999998890 ) ;
#6296 = CARTESIAN_POINT ( 'NONE',  ( -0.2249999999985025922, 7.921240200794090747, 5.899999999998443379 ) ) ;
#6297 = ORIENTED_EDGE ( 'NONE', *, *, #610, .T. ) ;
#6298 = DIRECTION ( 'NONE',  ( 7.304098846215666913E-15, 0.000000000000000000, 1.000000000000000000 ) ) ;
#6299 = EDGE_CURVE ( 'NONE', #6455, #6023, #2411, .T. ) ;
#6300 = TOROIDAL_SURFACE ( 'NONE', #532, 1.200000000000000178, 0.5000000000000000000 ) ;
#6301 = CARTESIAN_POINT ( 'NONE',  ( -4.002511854528446378, 6.080942047187287258, 24.59624506212985651 ) ) ;
#6302 = CARTESIAN_POINT ( 'NONE',  ( 6.544337567296812708, 16.10000000000000142, 30.09999999999835296 ) ) ;
#6303 = CIRCLE ( 'NONE', #2896, 0.5000000000000000000 ) ;
#6304 = VERTEX_POINT ( 'NONE', #3797 ) ;
#6305 = LINE ( 'NONE', #6214, #1264 ) ;
#6306 = CARTESIAN_POINT ( 'NONE',  ( -3.599671071961272339, 5.904879384893719774, 24.50304502151396946 ) ) ;
#6307 = CARTESIAN_POINT ( 'NONE',  ( 5.899999999999417710, 16.60000000000000142, 31.09999999999869758 ) ) ;
#6308 = CYLINDRICAL_SURFACE ( 'NONE', #2094, 0.5000000000000000000 ) ;
#6309 = ORIENTED_EDGE ( 'NONE', *, *, #5297, .F. ) ;
#6310 = VECTOR ( 'NONE', #3564, 1000.000000000000000 ) ;
#6311 = EDGE_CURVE ( 'NONE', #1296, #5795, #5845, .T. ) ;
#6312 = ORIENTED_EDGE ( 'NONE', *, *, #3484, .F. ) ;
#6313 = ORIENTED_EDGE ( 'NONE', *, *, #5831, .F. ) ;
#6314 = ORIENTED_EDGE ( 'NONE', *, *, #2065, .F. ) ;
#6315 = CYLINDRICAL_SURFACE ( 'NONE', #3237, 0.5000000000000004441 ) ;
#6316 = EDGE_CURVE ( 'NONE', #266, #5770, #3899, .T. ) ;
#6317 = DIRECTION ( 'NONE',  ( 1.355252715606892622E-16, 0.000000000000000000, 1.000000000000000000 ) ) ;
#6318 = FACE_OUTER_BOUND ( 'NONE', #2623, .T. ) ;
#6319 = DIRECTION ( 'NONE',  ( 0.000000000000000000, 0.000000000000000000, 1.000000000000000000 ) ) ;
#6320 = VERTEX_POINT ( 'NONE', #4879 ) ;
#6321 = EDGE_CURVE ( 'NONE', #1593, #4790, #1344, .T. ) ;
#6322 = VERTEX_POINT ( 'NONE', #786 ) ;
#6323 = AXIS2_PLACEMENT_3D ( 'NONE', #4361, #6468, #4838 ) ;
#6324 = CARTESIAN_POINT ( 'NONE',  ( -0.6648716003588758250, 8.588414906224459244, 24.09999999999827480 ) ) ;
#6325 = DIRECTION ( 'NONE',  ( -1.000000000000000000, -0.000000000000000000, -2.028744404108460548E-14 ) ) ;
#6326 = DIRECTION ( 'NONE',  ( 1.196361017914920171E-16, -0.000000000000000000, 1.000000000000000000 ) ) ;
#6327 = VECTOR ( 'NONE', #73, 1000.000000000000000 ) ;
#6328 = ORIENTED_EDGE ( 'NONE', *, *, #60, .F. ) ;
#6329 = DIRECTION ( 'NONE',  ( -0.000000000000000000, -1.000000000000000000, 0.000000000000000000 ) ) ;
#6330 = EDGE_LOOP ( 'NONE', ( #1843, #93, #2912 ) ) ;
#6331 = DIRECTION ( 'NONE',  ( -1.000000000000000000, 0.000000000000000000, 6.994648347254856026E-15 ) ) ;
#6332 = AXIS2_PLACEMENT_3D ( 'NONE', #1130, #603, #5295 ) ;
#6333 = LINE ( 'NONE', #2250, #400 ) ;
#6334 = DIRECTION ( 'NONE',  ( 1.000000000000000000, 0.000000000000000000, 0.000000000000000000 ) ) ;
#6335 = AXIS2_PLACEMENT_3D ( 'NONE', #3083, #3618, #1103 ) ;
#6336 = EDGE_CURVE ( 'NONE', #441, #5531, #3327, .T. ) ;
#6337 = ORIENTED_EDGE ( 'NONE', *, *, #375, .T. ) ;
#6338 = CARTESIAN_POINT ( 'NONE',  ( -3.758071466968744279, 7.100534802372229670, 5.814475934343088959 ) ) ;
#6339 = CARTESIAN_POINT ( 'NONE',  ( 5.699999999999418421, 8.099999999999999645, 29.84999999999830322 ) ) ;
#6340 = CARTESIAN_POINT ( 'NONE',  ( -6.106520656366103251E-13, 11.09999999999999787, 30.09999999999821441 ) ) ;
#6341 = DIRECTION ( 'NONE',  ( 1.908195823574485911E-14, 0.000000000000000000, 1.000000000000000000 ) ) ;
#6342 = ORIENTED_EDGE ( 'NONE', *, *, #6216, .F. ) ;
#6343 = VERTEX_POINT ( 'NONE', #6339 ) ;
#6344 = ADVANCED_FACE ( 'NONE', ( #6448 ), #5950, .F. ) ;
#6345 = EDGE_CURVE ( 'NONE', #3113, #3177, #755, .T. ) ;
#6346 = ORIENTED_EDGE ( 'NONE', *, *, #5105, .F. ) ;
#6347 = ORIENTED_EDGE ( 'NONE', *, *, #4181, .F. ) ;
#6348 = CARTESIAN_POINT ( 'NONE',  ( -3.848135457591070452, 7.637470757109712238, 24.59939417344501322 ) ) ;
#6349 = DIRECTION ( 'NONE',  ( 9.033211100425053116E-14, -0.000000000000000000, -1.000000000000000000 ) ) ;
#6350 = CARTESIAN_POINT ( 'NONE',  ( 6.704264206931373593, 11.98162475665776050, 30.08656204522565147 ) ) ;
#6351 = DIRECTION ( 'NONE',  ( -1.000000000000000000, 0.000000000000000000, 5.143428980917867249E-17 ) ) ;
#6352 = VERTEX_POINT ( 'NONE', #4374 ) ;
#6353 = AXIS2_PLACEMENT_3D ( 'NONE', #1501, #3131, #5710 ) ;
#6354 = LINE ( 'NONE', #5366, #6104 ) ;
#6355 = ORIENTED_EDGE ( 'NONE', *, *, #2212, .T. ) ;
#6356 = EDGE_CURVE ( 'NONE', #5770, #1280, #1456, .T. ) ;
#6357 = ADVANCED_FACE ( 'NONE', ( #1834 ), #2386, .T. ) ;
#6358 = ORIENTED_EDGE ( 'NONE', *, *, #4108, .F. ) ;
#6359 = AXIS2_PLACEMENT_3D ( 'NONE', #4753, #154, #1220 ) ;
#6360 = PLANE ( 'NONE',  #3943 ) ;
#6361 = EDGE_CURVE ( 'NONE', #217, #6084, #6254, .T. ) ;
#6362 = DIRECTION ( 'NONE',  ( 0.000000000000000000, -1.000000000000000000, 0.000000000000000000 ) ) ;
#6363 = FACE_OUTER_BOUND ( 'NONE', #4456, .T. ) ;
#6364 = VECTOR ( 'NONE', #3831, 1000.000000000000000 ) ;
#6365 = ORIENTED_EDGE ( 'NONE', *, *, #1024, .F. ) ;
#6366 = DIRECTION ( 'NONE',  ( 0.000000000000000000, 0.000000000000000000, -1.000000000000000000 ) ) ;
#6367 = ORIENTED_EDGE ( 'NONE', *, *, #1763, .T. ) ;
#6368 = CARTESIAN_POINT ( 'NONE',  ( -6.100000000000464162, 5.599999999999998757, 0.000000000000000000 ) ) ;
#6369 = AXIS2_PLACEMENT_3D ( 'NONE', #3993, #6441, #1986 ) ;
#6370 = CARTESIAN_POINT ( 'NONE',  ( 0.1500000000014142520, 8.599999999999999645, 4.899999999998445155 ) ) ;
#6371 = AXIS2_PLACEMENT_3D ( 'NONE', #626, #5287, #1768 ) ;
#6372 = EDGE_CURVE ( 'NONE', #6052, #5783, #6378, .T. ) ;
#6373 = DIRECTION ( 'NONE',  ( -6.994648347254856026E-15, 0.000000000000000000, -1.000000000000000000 ) ) ;
#6374 = VECTOR ( 'NONE', #993, 1000.000000000000000 ) ;
#6375 = ORIENTED_EDGE ( 'NONE', *, *, #6021, .F. ) ;
#6376 = AXIS2_PLACEMENT_3D ( 'NONE', #2661, #2186, #4707 ) ;
#6377 = CARTESIAN_POINT ( 'NONE',  ( 66.60000000000161435, 11.79999999999999716, 6.099999999998364508 ) ) ;
#6378 = LINE ( 'NONE', #1799, #5208 ) ;
#6379 = DIRECTION ( 'NONE',  ( 1.000000000000000000, 0.000000000000000000, -1.196361017914920171E-16 ) ) ;
#6380 = CARTESIAN_POINT ( 'NONE',  ( 0.000000000000000000, 6.099999999999999645, 24.09999999999827480 ) ) ;
#6381 = EDGE_LOOP ( 'NONE', ( #4594, #455, #3848, #6109 ) ) ;
#6382 = CARTESIAN_POINT ( 'NONE',  ( -3.849999999999043965, 6.697891065755753992, 24.59999999999782361 ) ) ;
#6383 = DIRECTION ( 'NONE',  ( 0.000000000000000000, 0.000000000000000000, 1.000000000000000000 ) ) ;
#6384 = TOROIDAL_SURFACE ( 'NONE', #6598, 0.1999999999999999833, 0.5000000000000000000 ) ;
#6385 = ORIENTED_EDGE ( 'NONE', *, *, #1628, .F. ) ;
#6386 = VERTEX_POINT ( 'NONE', #4952 ) ;
#6387 = EDGE_LOOP ( 'NONE', ( #5718, #4010, #5375, #155 ) ) ;
#6388 = DIRECTION ( 'NONE',  ( 0.000000000000000000, 0.000000000000000000, 1.000000000000000000 ) ) ;
#6389 = CARTESIAN_POINT ( 'NONE',  ( -3.769719798173730485, 5.613293686253850723, 24.59982324666231790 ) ) ;
#6390 = AXIS2_PLACEMENT_3D ( 'NONE', #6089, #4590, #1021 ) ;
#6391 = DIRECTION ( 'NONE',  ( 1.000000000000000000, -0.000000000000000000, -6.994648347254856026E-15 ) ) ;
#6392 = DIRECTION ( 'NONE',  ( -1.000000000000000000, 0.000000000000000000, -1.017312411335546717E-14 ) ) ;
#6393 = ORIENTED_EDGE ( 'NONE', *, *, #4898, .F. ) ;
#6394 = EDGE_CURVE ( 'NONE', #2265, #4038, #2898, .T. ) ;
#6395 = EDGE_CURVE ( 'NONE', #5578, #895, #4446, .T. ) ;
#6396 = ORIENTED_EDGE ( 'NONE', *, *, #3720, .T. ) ;
#6397 = ORIENTED_EDGE ( 'NONE', *, *, #1378, .F. ) ;
#6398 = CARTESIAN_POINT ( 'NONE',  ( -3.604528795093752347, 7.230247689110584908, 5.899999999998443379 ) ) ;
#6399 = CARTESIAN_POINT ( 'NONE',  ( 0.02068379414922694864, 7.587458182092423620, 5.542480359790115330 ) ) ;
#6400 = ADVANCED_FACE ( 'NONE', ( #5771 ), #2184, .F. ) ;
#6401 = CIRCLE ( 'NONE', #4698, 0.5000000000000004441 ) ;
#6402 = CARTESIAN_POINT ( 'NONE',  ( -3.961634747011527402, 5.646166031892271064, 5.363727671910137218 ) ) ;
#6403 = EDGE_LOOP ( 'NONE', ( #3230, #3546, #1842, #80 ) ) ;
#6404 = EDGE_CURVE ( 'NONE', #5270, #3700, #2316, .T. ) ;
#6405 = LINE ( 'NONE', #4223, #2293 ) ;
#6406 = ORIENTED_EDGE ( 'NONE', *, *, #3374, .F. ) ;
#6407 = DIRECTION ( 'NONE',  ( -0.000000000000000000, -1.000000000000000000, 0.000000000000000000 ) ) ;
#6408 = ADVANCED_FACE ( 'NONE', ( #4872 ), #3287, .T. ) ;
#6409 = DIRECTION ( 'NONE',  ( 1.000000000000000000, 0.000000000000000000, 0.000000000000000000 ) ) ;
#6410 = CARTESIAN_POINT ( 'NONE',  ( 0.000000000000000000, 8.599999999999999645, 4.899999999998364331 ) ) ;
#6411 = TOROIDAL_SURFACE ( 'NONE', #1926, 0.1999999999999999833, 0.5000000000000000000 ) ;
#6412 = EDGE_LOOP ( 'NONE', ( #3506, #2156, #3394, #2750 ) ) ;
#6413 = ORIENTED_EDGE ( 'NONE', *, *, #6336, .F. ) ;
#6414 = CARTESIAN_POINT ( 'NONE',  ( 59.60000000000162146, 16.60000000000000142, 31.59999999999832454 ) ) ;
#6415 = EDGE_CURVE ( 'NONE', #3293, #3127, #1760, .T. ) ;
#6416 = DIRECTION ( 'NONE',  ( -9.020562075079395629E-14, 9.780112998841422257E-30, 1.000000000000000000 ) ) ;
#6417 = CYLINDRICAL_SURFACE ( 'NONE', #2854, 0.5000000000000004441 ) ;
#6418 = CYLINDRICAL_SURFACE ( 'NONE', #5107, 0.6999999999999992895 ) ;
#6419 = EDGE_LOOP ( 'NONE', ( #3032, #2976, #865, #5308 ) ) ;
#6420 = CARTESIAN_POINT ( 'NONE',  ( 64.85000000000097486, 11.09999999999999787, 23.89999999999835723 ) ) ;
#6421 = ORIENTED_EDGE ( 'NONE', *, *, #3380, .F. ) ;
#6422 = AXIS2_PLACEMENT_3D ( 'NONE', #4975, #1923, #3954 ) ;
#6423 = EDGE_CURVE ( 'NONE', #5097, #1708, #780, .T. ) ;
#6424 = EDGE_LOOP ( 'NONE', ( #2291, #5742, #6375, #3302 ) ) ;
#6425 = ORIENTED_EDGE ( 'NONE', *, *, #284, .T. ) ;
#6426 = DIRECTION ( 'NONE',  ( -1.000000000000000000, 0.000000000000000000, 6.994648347254856026E-15 ) ) ;
#6427 = CARTESIAN_POINT ( 'NONE',  ( -3.833689213142763119, 6.099935014448843340, 5.825032940826562644 ) ) ;
#6428 = DIRECTION ( 'NONE',  ( 0.000000000000000000, 0.000000000000000000, 1.000000000000000000 ) ) ;
#6429 = DIRECTION ( 'NONE',  ( 0.000000000000000000, 1.000000000000000000, -0.000000000000000000 ) ) ;
#6430 = ORIENTED_EDGE ( 'NONE', *, *, #2339, .T. ) ;
#6431 = EDGE_LOOP ( 'NONE', ( #5967, #4943, #3057, #3437 ) ) ;
#6432 = ORIENTED_EDGE ( 'NONE', *, *, #213, .F. ) ;
#6433 = AXIS2_PLACEMENT_3D ( 'NONE', #6049, #5584, #986 ) ;
#6434 = VERTEX_POINT ( 'NONE', #1281 ) ;
#6435 = EDGE_CURVE ( 'NONE', #3795, #3858, #6580, .T. ) ;
#6436 = CARTESIAN_POINT ( 'NONE',  ( 64.85000000000056275, 16.60000000000000142, 2.999999999997883915 ) ) ;
#6437 = DIRECTION ( 'NONE',  ( -0.000000000000000000, -1.000000000000000000, -0.000000000000000000 ) ) ;
#6438 = CARTESIAN_POINT ( 'NONE',  ( 19.59999999999941878, 8.599999999999997868, 31.59999999999860165 ) ) ;
#6439 = FACE_OUTER_BOUND ( 'NONE', #4278, .T. ) ;
#6440 = ORIENTED_EDGE ( 'NONE', *, *, #1688, .T. ) ;
#6441 = DIRECTION ( 'NONE',  ( 0.000000000000000000, 1.000000000000000000, -0.000000000000000000 ) ) ;
#6442 = LINE ( 'NONE', #5872, #503 ) ;
#6443 = VECTOR ( 'NONE', #6534, 1000.000000000000000 ) ;
#6444 = LINE ( 'NONE', #5514, #4447 ) ;
#6445 = EDGE_CURVE ( 'NONE', #4694, #2897, #1670, .T. ) ;
#6446 = CIRCLE ( 'NONE', #4741, 0.5000000000000000000 ) ;
#6447 = VERTEX_POINT ( 'NONE', #2824 ) ;
#6448 = FACE_OUTER_BOUND ( 'NONE', #4109, .T. ) ;
#6449 = CARTESIAN_POINT ( 'NONE',  ( -3.849999999999048406, 6.590608526488994201, 24.23672873599514688 ) ) ;
#6450 = DIRECTION ( 'NONE',  ( 0.000000000000000000, 0.000000000000000000, -1.000000000000000000 ) ) ;
#6451 = CARTESIAN_POINT ( 'NONE',  ( 37.10000000000161435, 8.799999999999998934, 30.09999999999896758 ) ) ;
#6452 = DIRECTION ( 'NONE',  ( 0.000000000000000000, 0.000000000000000000, -1.000000000000000000 ) ) ;
#6453 = VECTOR ( 'NONE', #2448, 1000.000000000000000 ) ;
#6454 = DIRECTION ( 'NONE',  ( 0.000000000000000000, 1.000000000000000000, -0.000000000000000000 ) ) ;
#6455 = VERTEX_POINT ( 'NONE', #3825 ) ;
#6456 = VERTEX_POINT ( 'NONE', #279 ) ;
#6457 = VERTEX_POINT ( 'NONE', #211 ) ;
#6458 = FACE_OUTER_BOUND ( 'NONE', #1707, .T. ) ;
#6459 = DIRECTION ( 'NONE',  ( 1.000000000000000000, 0.000000000000000000, 0.000000000000000000 ) ) ;
#6460 = DIRECTION ( 'NONE',  ( 0.000000000000000000, 0.000000000000000000, 1.000000000000000000 ) ) ;
#6461 = DIRECTION ( 'NONE',  ( 1.000000000000000000, -0.000000000000000000, -6.994648347254856026E-15 ) ) ;
#6462 = EDGE_LOOP ( 'NONE', ( #2835, #6440, #5500, #5357 ) ) ;
#6463 = ORIENTED_EDGE ( 'NONE', *, *, #2793, .T. ) ;
#6464 = EDGE_LOOP ( 'NONE', ( #5124, #4542, #4444, #2137 ) ) ;
#6465 = ORIENTED_EDGE ( 'NONE', *, *, #3031, .F. ) ;
#6466 = CARTESIAN_POINT ( 'NONE',  ( -3.871331572104079299, 5.838095400518860778, 24.54206390644701230 ) ) ;
#6467 = FACE_OUTER_BOUND ( 'NONE', #5850, .T. ) ;
#6468 = DIRECTION ( 'NONE',  ( 0.000000000000000000, 0.000000000000000000, -1.000000000000000000 ) ) ;
#6469 = CLOSED_SHELL ( 'NONE', ( #2014, #3852, #3909, #6239, #2061, #3713, #4213, #3495, #2575, #4490, #2758, #2593, #453, #3402, #2295, #1445, #5911, #308, #3826, #1357, #5990, #6344, #754, #1914, #5542, #4404, #13, #3190, #1671, #2602, #3496, #5635, #3895, #2038, #3118, #716, #743, #3290, #2218, #3085, #3903, #5615, #5193, #338, #6400, #2134, #1749, #3845, #906, #4312, #384, #3945, #3737, #1033, #1175, #4552, #5989, #3778, #3232, #2779, #5073, #4734, #5066, #2296, #3969, #6031, #6607, #573, #6227, #4776, #4492, #4096, #3526, #19, #1536, #5479, #5231, #1038, #5220, #956, #3648, #2839, #6595, #3117, #5937, #4123, #2515, #3577, #4806, #6528, #873, #346, #2012, #916, #44, #3412, #1203, #3978, #1326, #4972, #3977, #1080, #1975, #5248, #5671, #4546, #6622, #840, #3192, #5919, #4272, #4536, #5168, #3759, #1163, #5185, #2719, #2628, #1989, #471, #6527, #1580, #1317, #2388, #4016, #3045, #3199, #2462, #1417, #4497, #5837, #6600, #4933, #1392, #6143, #1346, #795, #5427, #5593, #911, #1617, #5936, #4743, #226, #510, #750, #5614, #6558, #2627, #468, #1830, #2506, #1701, #5656, #5137, #2873, #454, #2993, #2359, #4695, #6565, #6199, #6069, #5630, #3245, #150, #4869, #511, #4554, #6408, #5706, #864, #1528, #5581, #5120, #349, #463, #671, #3606, #3087, #5860, #408, #5535, #5952, #4749, #4731, #5739, #3002, #6612, #3153, #2830, #431, #5023, #5552, #6241, #2091, #1608, #1376, #675, #2889, #997, #2952, #259, #941, #6044, #6569, #4751, #3427, #1618, #903, #1819, #4277, #2926, #6357, #181, #3719, #4301, #4445, #6624, #2172, #3288, #5153, #4767, #130, #2147 ) ) ;
#6470 = DIRECTION ( 'NONE',  ( 1.196361017914920171E-16, -0.000000000000000000, 1.000000000000000000 ) ) ;
#6471 = AXIS2_PLACEMENT_3D ( 'NONE', #1215, #2284, #3257 ) ;
#6472 = CARTESIAN_POINT ( 'NONE',  ( 58.78036815905764456, 16.39124132264770850, 30.19018403707658393 ) ) ;
#6473 = EDGE_LOOP ( 'NONE', ( #1209, #5299, #2438, #1894 ) ) ;
#6474 = DIRECTION ( 'NONE',  ( 0.000000000000000000, 0.000000000000000000, -1.000000000000000000 ) ) ;
#6475 = DIRECTION ( 'NONE',  ( 1.000000000000000000, 0.000000000000000000, 0.000000000000000000 ) ) ;
#6476 = AXIS2_PLACEMENT_3D ( 'NONE', #3319, #1210, #5340 ) ;
#6477 = EDGE_CURVE ( 'NONE', #6455, #5677, #4368, .T. ) ;
#6478 = EDGE_CURVE ( 'NONE', #745, #6544, #3914, .T. ) ;
#6479 = CARTESIAN_POINT ( 'NONE',  ( 66.10000000000161435, 10.09999999999999964, 23.89999999999835723 ) ) ;
#6480 = EDGE_LOOP ( 'NONE', ( #3928, #1320, #722, #3310 ) ) ;
#6481 = CARTESIAN_POINT ( 'NONE',  ( 2.175335635996172171E-13, 16.10000000000000142, 31.09999999999874021 ) ) ;
#6482 = CARTESIAN_POINT ( 'NONE',  ( 0.6500000000015859758, 16.60000000000000142, 2.999999999997892797 ) ) ;
#6483 = EDGE_CURVE ( 'NONE', #3542, #6386, #2416, .T. ) ;
#6484 = DIRECTION ( 'NONE',  ( 0.000000000000000000, 0.000000000000000000, -1.000000000000000000 ) ) ;
#6485 = AXIS2_PLACEMENT_3D ( 'NONE', #355, #3964, #4916 ) ;
#6486 = DIRECTION ( 'NONE',  ( -1.000000000000000000, 0.000000000000000000, 5.143428980917867249E-17 ) ) ;
#6487 = ORIENTED_EDGE ( 'NONE', *, *, #2924, .T. ) ;
#6488 = AXIS2_PLACEMENT_3D ( 'NONE', #523, #5557, #3034 ) ;
#6489 = EDGE_CURVE ( 'NONE', #895, #4649, #4225, .T. ) ;
#6490 = ORIENTED_EDGE ( 'NONE', *, *, #4304, .T. ) ;
#6491 = ORIENTED_EDGE ( 'NONE', *, *, #4761, .F. ) ;
#6492 = DIRECTION ( 'NONE',  ( -1.000000000000000000, 1.734723475976807094E-15, 0.000000000000000000 ) ) ;
#6493 = CARTESIAN_POINT ( 'NONE',  ( -3.423829170329048655, 6.028736306637850539, 5.639867156924117886 ) ) ;
#6494 = DIRECTION ( 'NONE',  ( 0.000000000000000000, 1.000000000000000000, -0.000000000000000000 ) ) ;
#6495 = DIRECTION ( 'NONE',  ( 0.000000000000000000, 0.000000000000000000, 1.000000000000000000 ) ) ;
#6496 = AXIS2_PLACEMENT_3D ( 'NONE', #6144, #6177, #3531 ) ;
#6497 = B_SPLINE_CURVE_WITH_KNOTS ( 'NONE', 3,
 ( #4771, #6173, #1141, #2209, #2717, #3183 ),
 .UNSPECIFIED., .F., .F.,
 ( 4, 2, 4 ),
 ( 0.000000000000000000, 0.0002826835860133186445, 0.0005653671720266372890 ),
 .UNSPECIFIED. ) ;
#6498 = ORIENTED_EDGE ( 'NONE', *, *, #2801, .T. ) ;
#6499 = ORIENTED_EDGE ( 'NONE', *, *, #3768, .T. ) ;
#6500 = ORIENTED_EDGE ( 'NONE', *, *, #4238, .F. ) ;
#6501 = AXIS2_PLACEMENT_3D ( 'NONE', #3623, #2774, #2812 ) ;
#6502 = CARTESIAN_POINT ( 'NONE',  ( -6.116311896061599640, 16.10000000000000142, 4.663630627160810782 ) ) ;
#6503 = CARTESIAN_POINT ( 'NONE',  ( -3.849999999999048406, 6.697891065755752216, 24.23672873599514332 ) ) ;
#6504 = DIRECTION ( 'NONE',  ( 0.000000000000000000, 1.000000000000000000, -0.000000000000000000 ) ) ;
#6505 = DIRECTION ( 'NONE',  ( 0.000000000000000000, -0.000000000000000000, -1.000000000000000000 ) ) ;
#6506 = DIRECTION ( 'NONE',  ( -1.000000000000000000, 0.000000000000000000, -1.734723475976817507E-14 ) ) ;
#6507 = VERTEX_POINT ( 'NONE', #2722 ) ;
#6508 = CARTESIAN_POINT ( 'NONE',  ( -3.755086185708899293, 5.693674544735547904, 5.407222144765857941 ) ) ;
#6509 = AXIS2_PLACEMENT_3D ( 'NONE', #6039, #5014, #2956 ) ;
#6510 = CARTESIAN_POINT ( 'NONE',  ( 66.10000000000161435, 16.10000000000000142, 25.09999999999835651 ) ) ;
#6511 = DIRECTION ( 'NONE',  ( 0.000000000000000000, 1.000000000000000000, -0.000000000000000000 ) ) ;
#6512 = EDGE_CURVE ( 'NONE', #5572, #598, #600, .T. ) ;
#6513 = DIRECTION ( 'NONE',  ( -0.000000000000000000, -0.000000000000000000, -1.000000000000000000 ) ) ;
#6514 = CYLINDRICAL_SURFACE ( 'NONE', #4352, 0.5000000000000004441 ) ;
#6515 = CIRCLE ( 'NONE', #3301, 0.5000000000000004441 ) ;
#6516 = CARTESIAN_POINT ( 'NONE',  ( 64.85000000000060538, 11.79999999999999716, 4.899999999998365219 ) ) ;
#6517 = FACE_OUTER_BOUND ( 'NONE', #2143, .T. ) ;
#6518 = AXIS2_PLACEMENT_3D ( 'NONE', #4104, #4558, #3636 ) ;
#6519 = EDGE_LOOP ( 'NONE', ( #2796, #1302, #1582, #3684 ) ) ;
#6520 = ORIENTED_EDGE ( 'NONE', *, *, #1150, .T. ) ;
#6521 = DIRECTION ( 'NONE',  ( 1.000000000000000000, 0.000000000000000000, 0.000000000000000000 ) ) ;
#6522 = DIRECTION ( 'NONE',  ( 0.000000000000000000, -6.938893903907222067E-15, 1.000000000000000000 ) ) ;
#6523 = CYLINDRICAL_SURFACE ( 'NONE', #1643, 0.5000000000000004441 ) ;
#6524 = LINE ( 'NONE', #5927, #4364 ) ;
#6525 = AXIS2_PLACEMENT_3D ( 'NONE', #1448, #3016, #341 ) ;
#6526 = ORIENTED_EDGE ( 'NONE', *, *, #6273, .F. ) ;
#6527 = ADVANCED_FACE ( 'NONE', ( #4261 ), #913, .T. ) ;
#6528 = ADVANCED_FACE ( 'NONE', ( #4810 ), #4843, .T. ) ;
#6529 = ORIENTED_EDGE ( 'NONE', *, *, #4604, .T. ) ;
#6530 = CARTESIAN_POINT ( 'NONE',  ( -3.149999999999048672, 6.697891065755752216, 24.09999999999827480 ) ) ;
#6531 =( BOUNDED_SURFACE ( )  B_SPLINE_SURFACE ( 3, 2, ( 
 ( #3063, #5122, #4553 ),
 ( #6609, #4519, #6080 ),
 ( #47, #5613, #6548 ),
 ( #2088, #6019, #1968 ),
 ( #5086, #4000, #949 ),
 ( #6579, #1997, #4037 ),
 ( #4099, #84, #1146 ),
 ( #3756, #214, #179 ),
 ( #6179, #1599, #2125 ),
 ( #6301, #4779, #587 ) ),
 .UNSPECIFIED., .F., .F., .T. ) 
 B_SPLINE_SURFACE_WITH_KNOTS ( ( 4, 2, 2, 2, 4 ),
 ( 3, 3 ),
 ( 7.487596064012956782E-05, 0.0001467138190390458437, 0.0002185516774379621060, 0.0003622273942357946306, 0.0006495788278314596799 ),
 ( 0.6342884859094350958, 1.000000000000000000 ),
 .UNSPECIFIED. ) 
 GEOMETRIC_REPRESENTATION_ITEM ( )  RATIONAL_B_SPLINE_SURFACE ( (
 ( 0.9870190574184682930, 0.9897673197055438798, 1.000000000000000000),
 ( 0.9816652762805864185, 0.9855470151778606969, 1.000000000000000000),
 ( 0.9763871954582015178, 0.9813863840615498768, 1.000000000000000000),
 ( 0.9666485955316181933, 0.9737095933401951342, 1.000000000000000000),
 ( 0.9621333615895690805, 0.9701503028577459498, 1.000000000000000000),
 ( 0.9499074926281052544, 0.9605128356538958911, 1.000000000000000000),
 ( 0.9432927032145586033, 0.9552984974146777608, 1.000000000000000000),
 ( 0.9261485430346118042, 0.9417840157862074069, 1.000000000000000000),
 ( 0.9183472355407946708, 0.9356343633274907257, 1.000000000000000000),
 ( 0.9113966420799153312, 0.9301553158472944949, 1.000000000000000000) ) ) 
 REPRESENTATION_ITEM ( '' )  SURFACE ( )  );
#6532 = AXIS2_PLACEMENT_3D ( 'NONE', #2583, #506, #4729 ) ;
#6533 = CARTESIAN_POINT ( 'NONE',  ( -3.849999999999051958, 6.697891065755752216, 5.217722955085251577E-16 ) ) ;
#6534 = DIRECTION ( 'NONE',  ( 0.000000000000000000, 1.000000000000000000, 0.000000000000000000 ) ) ;
#6535 = DIRECTION ( 'NONE',  ( 0.000000000000000000, 1.000000000000000000, -0.000000000000000000 ) ) ;
#6536 = AXIS2_PLACEMENT_3D ( 'NONE', #919, #5025, #3503 ) ;
#6537 = CARTESIAN_POINT ( 'NONE',  ( 59.10000000000161435, 16.09999999999999787, 29.84999999999885389 ) ) ;
#6538 = EDGE_LOOP ( 'NONE', ( #5818, #547, #2742, #3090 ) ) ;
#6539 = CARTESIAN_POINT ( 'NONE',  ( -3.943507725265110064, 5.719504060822423241, 5.374285476948812423 ) ) ;
#6540 = DIRECTION ( 'NONE',  ( 0.000000000000000000, 0.000000000000000000, 1.000000000000000000 ) ) ;
#6541 = DIRECTION ( 'NONE',  ( 0.000000000000000000, -1.000000000000000000, 0.000000000000000000 ) ) ;
#6542 = EDGE_CURVE ( 'NONE', #1541, #1708, #3156, .T. ) ;
#6543 = CARTESIAN_POINT ( 'NONE',  ( -6.599999999999137223, 16.10000000000000142, 0.000000000000000000 ) ) ;
#6544 = VERTEX_POINT ( 'NONE', #4332 ) ;
#6545 = CIRCLE ( 'NONE', #3017, 0.5000000000000004441 ) ;
#6546 = CARTESIAN_POINT ( 'NONE',  ( 62.00000000000005684, 8.599999999999999645, 29.34999999999887876 ) ) ;
#6547 = DIRECTION ( 'NONE',  ( -0.000000000000000000, -0.000000000000000000, -1.000000000000000000 ) ) ;
#6548 = CARTESIAN_POINT ( 'NONE',  ( -3.961634747019072922, 5.646166031897430493, 24.63627232808860867 ) ) ;
#6549 = EDGE_LOOP ( 'NONE', ( #4319, #1908, #6385, #1813, #6249 ) ) ;
#6550 = ORIENTED_EDGE ( 'NONE', *, *, #3040, .T. ) ;
#6551 = CARTESIAN_POINT ( 'NONE',  ( 59.80000000000161720, 8.799999999999998934, 29.84999999999885389 ) ) ;
#6552 = CARTESIAN_POINT ( 'NONE',  ( -3.840009410520200728, 6.017389607268825102, 5.577359383834960660 ) ) ;
#6553 = DIRECTION ( 'NONE',  ( -6.994648347254856026E-15, 0.000000000000000000, -1.000000000000000000 ) ) ;
#6554 = AXIS2_PLACEMENT_3D ( 'NONE', #861, #330, #300 ) ;
#6555 = CARTESIAN_POINT ( 'NONE',  ( 59.60000000000161435, 16.60000000000000142, 30.59999999999942588 ) ) ;
#6556 = ORIENTED_EDGE ( 'NONE', *, *, #3323, .T. ) ;
#6557 = EDGE_CURVE ( 'NONE', #2341, #1155, #2844, .T. ) ;
#6558 = ADVANCED_FACE ( 'NONE', ( #4509 ), #809, .T. ) ;
#6559 = ORIENTED_EDGE ( 'NONE', *, *, #2023, .T. ) ;
#6560 = VERTEX_POINT ( 'NONE', #2352 ) ;
#6561 = ORIENTED_EDGE ( 'NONE', *, *, #2924, .F. ) ;
#6562 = CARTESIAN_POINT ( 'NONE',  ( -3.850447491888728813, 5.662577471761382597, 24.59798114121483081 ) ) ;
#6563 = FACE_OUTER_BOUND ( 'NONE', #4239, .T. ) ;
#6564 = DIRECTION ( 'NONE',  ( 0.000000000000000000, 0.000000000000000000, -1.000000000000000000 ) ) ;
#6565 = ADVANCED_FACE ( 'NONE', ( #5046 ), #5509, .T. ) ;
#6566 = DIRECTION ( 'NONE',  ( 0.000000000000000000, 0.000000000000000000, 1.000000000000000000 ) ) ;
#6567 = LINE ( 'NONE', #4401, #4336 ) ;
#6568 = VERTEX_POINT ( 'NONE', #5480 ) ;
#6569 = ADVANCED_FACE ( 'NONE', ( #378 ), #1451, .F. ) ;
#6570 = CARTESIAN_POINT ( 'NONE',  ( 6.833012701891654217, 16.10000000000000142, 30.09999999999835296 ) ) ;
#6571 = DIRECTION ( 'NONE',  ( -1.196361017914920171E-16, 0.000000000000000000, -1.000000000000000000 ) ) ;
#6572 = FACE_OUTER_BOUND ( 'NONE', #5223, .T. ) ;
#6573 = FACE_OUTER_BOUND ( 'NONE', #630, .T. ) ;
#6574 = CARTESIAN_POINT ( 'NONE',  ( 6.818203141899739528, 16.24076052236568657, 30.11620362624928049 ) ) ;
#6575 = VECTOR ( 'NONE', #5987, 1000.000000000000000 ) ;
#6576 = AXIS2_PLACEMENT_3D ( 'NONE', #3295, #288, #1766 ) ;
#6577 = DIRECTION ( 'NONE',  ( 0.000000000000000000, 0.000000000000000000, -1.000000000000000000 ) ) ;
#6578 = CARTESIAN_POINT ( 'NONE',  ( -3.727475524580575961, 5.776672684940107771, 24.56954983878266674 ) ) ;
#6579 = CARTESIAN_POINT ( 'NONE',  ( -3.961169940727933270, 5.849836044212188391, 24.60583194728127410 ) ) ;
#6580 = CIRCLE ( 'NONE', #5526, 0.4999999999999970024 ) ;
#6581 = ORIENTED_EDGE ( 'NONE', *, *, #5225, .F. ) ;
#6582 = CARTESIAN_POINT ( 'NONE',  ( 64.35000000000097486, 16.60000000000000142, 24.59999999999835651 ) ) ;
#6583 = FACE_OUTER_BOUND ( 'NONE', #5970, .T. ) ;
#6584 = DIRECTION ( 'NONE',  ( 0.000000000000000000, 0.000000000000000000, 1.000000000000000000 ) ) ;
#6585 = CARTESIAN_POINT ( 'NONE',  ( 0.6500000000014142243, 16.60000000000000142, 4.899999999998490452 ) ) ;
#6586 = CARTESIAN_POINT ( 'NONE',  ( -3.604528795094502414, 7.230247689109941867, 24.09999999999827125 ) ) ;
#6587 = AXIS2_PLACEMENT_3D ( 'NONE', #3296, #692, #3194 ) ;
#6588 = ORIENTED_EDGE ( 'NONE', *, *, #3217, .T. ) ;
#6589 = SPHERICAL_SURFACE ( 'NONE', #3785, 0.5000000000000000000 ) ;
#6590 = VERTEX_POINT ( 'NONE', #411 ) ;
#6591 = CARTESIAN_POINT ( 'NONE',  ( 64.35000000000096065, 11.79999999999999716, 23.89999999999836788 ) ) ;
#6592 = DIRECTION ( 'NONE',  ( 0.000000000000000000, -1.000000000000000000, 0.000000000000000000 ) ) ;
#6593 = EDGE_CURVE ( 'NONE', #120, #3383, #3457, .T. ) ;
#6594 = AXIS2_PLACEMENT_3D ( 'NONE', #2526, #3060, #1012 ) ;
#6595 = ADVANCED_FACE ( 'NONE', ( #345 ), #1389, .T. ) ;
#6596 = CARTESIAN_POINT ( 'NONE',  ( -3.924228295360001173, 5.626587372506385520, 5.375881764817902919 ) ) ;
#6597 = DIRECTION ( 'NONE',  ( -1.000000000000000000, 0.000000000000000000, 0.000000000000000000 ) ) ;
#6598 = AXIS2_PLACEMENT_3D ( 'NONE', #3022, #5079, #6103 ) ;
#6599 =( LENGTH_UNIT ( ) NAMED_UNIT ( * ) SI_UNIT ( .MILLI., .METRE. ) );
#6600 = ADVANCED_FACE ( 'NONE', ( #3390 ), #1862, .T. ) ;
#6601 = DIRECTION ( 'NONE',  ( 0.9510565162951545304, -0.000000000000000000, -0.3090169943749444537 ) ) ;
#6602 = DIRECTION ( 'NONE',  ( -1.000000000000000000, 0.000000000000000000, 4.956352788505168198E-15 ) ) ;
#6603 = EDGE_CURVE ( 'NONE', #199, #3056, #4013, .T. ) ;
#6604 = DIRECTION ( 'NONE',  ( -2.028744404108460548E-14, -0.000000000000000000, 1.000000000000000000 ) ) ;
#6605 = ORIENTED_EDGE ( 'NONE', *, *, #4978, .T. ) ;
#6606 = ORIENTED_EDGE ( 'NONE', *, *, #5418, .T. ) ;
#6607 = ADVANCED_FACE ( 'NONE', ( #1895 ), #4343, .T. ) ;
#6608 = DIRECTION ( 'NONE',  ( -0.000000000000000000, 0.000000000000000000, 1.000000000000000000 ) ) ;
#6609 = CARTESIAN_POINT ( 'NONE',  ( -3.901068978619912642, 5.727676692718136842, 24.60551008805081707 ) ) ;
#6610 = CARTESIAN_POINT ( 'NONE',  ( 64.85000000000059117, 16.60000000000000142, 4.899999999998364331 ) ) ;
#6611 = AXIS2_PLACEMENT_3D ( 'NONE', #4997, #3843, #2299 ) ;
#6612 = ADVANCED_FACE ( 'NONE', ( #1352 ), #5447, .T. ) ;
#6613 = ORIENTED_EDGE ( 'NONE', *, *, #4162, .F. ) ;
#6614 = CARTESIAN_POINT ( 'NONE',  ( 6.833012701891655105, 16.10000000000000142, 30.09999999999835296 ) ) ;
#6615 = VECTOR ( 'NONE', #4878, 1000.000000000000000 ) ;
#6616 = FACE_OUTER_BOUND ( 'NONE', #326, .T. ) ;
#6617 = CARTESIAN_POINT ( 'NONE',  ( -0.09999999999841793774, 8.306004501011624797, 24.58705261849295454 ) ) ;
#6618 = CARTESIAN_POINT ( 'NONE',  ( -3.850000000000434852, 16.10000000000000142, 24.59999999999827480 ) ) ;
#6619 = EDGE_LOOP ( 'NONE', ( #2892, #825, #2024, #2198 ) ) ;
#6620 = CARTESIAN_POINT ( 'NONE',  ( 0.1499999999995895450, 16.60000000000000142, 25.09999999999827480 ) ) ;
#6621 = ORIENTED_EDGE ( 'NONE', *, *, #484, .T. ) ;
#6622 = ADVANCED_FACE ( 'NONE', ( #2987 ), #5100, .T. ) ;
#6623 = AXIS2_PLACEMENT_3D ( 'NONE', #5473, #1443, #5006 ) ;
#6624 = ADVANCED_FACE ( 'NONE', ( #812 ), #3783, .T. ) ;
ENDSEC;
END-ISO-10303-21;
