ISO-10303-21;
HEADER;
FILE_DESCRIPTION (( 'STEP AP214' ),
    '1' );
FILE_NAME ('ËÄÁª21700µç³ØºÐ_Ö÷¿',
    '2025-11-17T07:07:13',
    ( '' ),
    ( '' ),
    'SwSTEP 2.0',
    'SolidWorks 2024',
    '' );
FILE_SCHEMA (( 'AUTOMOTIVE_DESIGN' ));
ENDSEC;

DATA;
#1 = EDGE_LOOP ( 'NONE', ( #14, #99, #428, #977 ) ) ;
#2 = EDGE_CURVE ( 'NONE', #1814, #857, #651, .T. ) ;
#3 = CARTESIAN_POINT ( 'NONE',  ( -0.000000000000000000, 24.50000000000000000, -38.50000000000000000 ) ) ;
#4 = DIRECTION ( 'NONE',  ( 0.000000000000000000, -1.000000000000000000, 0.000000000000000000 ) ) ;
#5 = ORIENTED_EDGE ( 'NONE', *, *, #734, .T. ) ;
#6 = CARTESIAN_POINT ( 'NONE',  ( -10.74999999999999822, -21.99999999999999645, -40.00000000000000000 ) ) ;
#7 = UNCERTAINTY_MEASURE_WITH_UNIT (LENGTH_MEASURE( 1.000000000000000082E-05 ), #513, 'distance_accuracy_value', 'NONE');
#8 = SPHERICAL_SURFACE ( 'NONE', #318, 1.500000000000000000 ) ;
#9 = ADVANCED_FACE ( 'NONE', ( #238 ), #374, .F. ) ;
#10 = EDGE_LOOP ( 'NONE', ( #192, #1670, #670, #995 ) ) ;
#11 = CARTESIAN_POINT ( 'NONE',  ( 21.99999999999999645, 10.74999999999999645, -40.00000000000000000 ) ) ;
#12 = EDGE_CURVE ( 'NONE', #1175, #444, #659, .T. ) ;
#13 = CYLINDRICAL_SURFACE ( 'NONE', #1358, 11.25000000000000000 ) ;
#14 = ORIENTED_EDGE ( 'NONE', *, *, #1191, .T. ) ;
#15 = CARTESIAN_POINT ( 'NONE',  ( -10.74999999999999645, -10.74999999999999645, -40.00000000000000000 ) ) ;
#16 = DIRECTION ( 'NONE',  ( -0.000000000000000000, 0.000000000000000000, -1.000000000000000000 ) ) ;
#17 = AXIS2_PLACEMENT_3D ( 'NONE', #1838, #1285, #1546 ) ;
#18 = CARTESIAN_POINT ( 'NONE',  ( -5.722881095858849854, 23.07266118658051823, 35.50000000000000711 ) ) ;
#19 = CIRCLE ( 'NONE', #1182, 11.25000000000000000 ) ;
#20 = AXIS2_PLACEMENT_3D ( 'NONE', #1384, #112, #972 ) ;
#21 = VECTOR ( 'NONE', #1581, 1000.000000000000114 ) ;
#22 = EDGE_LOOP ( 'NONE', ( #379, #528, #1477, #1701 ) ) ;
#23 = DIRECTION ( 'NONE',  ( 1.000000000000000000, 0.000000000000000000, 0.000000000000000000 ) ) ;
#24 = DIRECTION ( 'NONE',  ( -1.000000000000000000, 0.000000000000000000, 0.000000000000000000 ) ) ;
#25 = EDGE_LOOP ( 'NONE', ( #274, #707, #1327, #1255 ) ) ;
#26 = LINE ( 'NONE', #606, #1266 ) ;
#27 = CYLINDRICAL_SURFACE ( 'NONE', #1504, 13.24999999999999822 ) ;
#28 = ORIENTED_EDGE ( 'NONE', *, *, #343, .F. ) ;
#29 = CARTESIAN_POINT ( 'NONE',  ( 10.74999999999999645, 10.74999999999999645, -40.00000000000000000 ) ) ;
#30 = LINE ( 'NONE', #1748, #105 ) ;
#31 = ORIENTED_EDGE ( 'NONE', *, *, #242, .T. ) ;
#32 = CARTESIAN_POINT ( 'NONE',  ( -13.57872218131090669, 22.15442154696851063, -38.50000000000000000 ) ) ;
#33 = CARTESIAN_POINT ( 'NONE',  ( -21.50000000000000000, 10.74999999999999822, -37.50000000000000000 ) ) ;
#34 = EDGE_CURVE ( 'NONE', #1606, #123, #1805, .T. ) ;
#35 = EDGE_LOOP ( 'NONE', ( #1580, #391, #616, #1437 ) ) ;
#36 = FACE_OUTER_BOUND ( 'NONE', #797, .T. ) ;
#37 = EDGE_CURVE ( 'NONE', #1038, #312, #1568, .T. ) ;
#38 = VERTEX_POINT ( 'NONE', #646 ) ;
#39 = DIRECTION ( 'NONE',  ( 0.000000000000000000, -0.000000000000000000, -1.000000000000000000 ) ) ;
#40 = FACE_OUTER_BOUND ( 'NONE', #1375, .T. ) ;
#41 = ORIENTED_EDGE ( 'NONE', *, *, #346, .F. ) ;
#42 = DIRECTION ( 'NONE',  ( 0.000000000000000000, 1.000000000000000000, 0.000000000000000000 ) ) ;
#43 = DIRECTION ( 'NONE',  ( 0.000000000000000000, 0.000000000000000000, 1.000000000000000000 ) ) ;
#44 = ORIENTED_EDGE ( 'NONE', *, *, #100, .F. ) ;
#45 = DIRECTION ( 'NONE',  ( 0.000000000000000000, 0.000000000000000000, -1.000000000000000000 ) ) ;
#46 = CIRCLE ( 'NONE', #1535, 1.500000000000001332 ) ;
#47 = EDGE_CURVE ( 'NONE', #874, #1108, #1797, .T. ) ;
#48 = VECTOR ( 'NONE', #310, 1000.000000000000000 ) ;
#49 = CIRCLE ( 'NONE', #258, 11.24999999999999822 ) ;
#50 = ORIENTED_EDGE ( 'NONE', *, *, #794, .F. ) ;
#51 = EDGE_CURVE ( 'NONE', #818, #96, #1088, .T. ) ;
#52 = AXIS2_PLACEMENT_3D ( 'NONE', #334, #328, #448 ) ;
#53 = DIRECTION ( 'NONE',  ( -0.9705890678271078542, 0.2407423133030544837, 0.000000000000000000 ) ) ;
#54 = ORIENTED_EDGE ( 'NONE', *, *, #1796, .F. ) ;
#55 = CARTESIAN_POINT ( 'NONE',  ( -5.000000000000004441, -23.99999999999999289, 5.421010862427527100E-16 ) ) ;
#56 = ORIENTED_EDGE ( 'NONE', *, *, #1575, .T. ) ;
#57 = DIRECTION ( 'NONE',  ( -0.000000000000000000, 0.000000000000000000, 1.000000000000000000 ) ) ;
#58 = EDGE_CURVE ( 'NONE', #699, #1175, #1626, .T. ) ;
#59 = ORIENTED_EDGE ( 'NONE', *, *, #1501, .F. ) ;
#60 = CARTESIAN_POINT ( 'NONE',  ( 23.99999999999999289, -22.49999999999999289, -38.50000000000000000 ) ) ;
#61 = ADVANCED_FACE ( 'NONE', ( #1577 ), #1115, .T. ) ;
#62 = ORIENTED_EDGE ( 'NONE', *, *, #607, .F. ) ;
#63 = CARTESIAN_POINT ( 'NONE',  ( 5.843252252510385603, 23.55795572049406772, 35.50000000000000711 ) ) ;
#64 = ORIENTED_EDGE ( 'NONE', *, *, #301, .T. ) ;
#65 = DIRECTION ( 'NONE',  ( 0.000000000000000000, -0.000000000000000000, -1.000000000000000000 ) ) ;
#66 = EDGE_CURVE ( 'NONE', #279, #656, #276, .T. ) ;
#67 = PRODUCT_CONTEXT ( 'NONE', #1425, 'mechanical' ) ;
#68 = CARTESIAN_POINT ( 'NONE',  ( -4.305419223664572748, 26.00000000000000355, -38.50000000000000000 ) ) ;
#69 = ADVANCED_FACE ( 'NONE', ( #1417 ), #135, .F. ) ;
#70 = LINE ( 'NONE', #649, #500 ) ;
#71 = ORIENTED_EDGE ( 'NONE', *, *, #916, .F. ) ;
#72 = DIRECTION ( 'NONE',  ( -0.000000000000000000, -1.000000000000000000, -0.000000000000000000 ) ) ;
#73 = CIRCLE ( 'NONE', #102, 11.25000000000000000 ) ;
#74 = CIRCLE ( 'NONE', #910, 1.500000000000001332 ) ;
#75 = ORIENTED_EDGE ( 'NONE', *, *, #959, .T. ) ;
#76 = VECTOR ( 'NONE', #1461, 1000.000000000000114 ) ;
#77 = ORIENTED_EDGE ( 'NONE', *, *, #34, .F. ) ;
#78 = CIRCLE ( 'NONE', #914, 1.500000000000001332 ) ;
#79 = CARTESIAN_POINT ( 'NONE',  ( -10.74999999999999645, -21.49999999999999645, 35.50000000000000711 ) ) ;
#80 = VECTOR ( 'NONE', #1076, 1000.000000000000000 ) ;
#81 = EDGE_CURVE ( 'NONE', #259, #619, #855, .T. ) ;
#82 = DIRECTION ( 'NONE',  ( 1.000000000000000000, 0.000000000000000000, 0.000000000000000000 ) ) ;
#83 = DIRECTION ( 'NONE',  ( 0.2407423133030555107, -0.9705890678271075211, 0.000000000000000000 ) ) ;
#84 = LINE ( 'NONE', #810, #1775 ) ;
#85 = ORIENTED_EDGE ( 'NONE', *, *, #672, .T. ) ;
#86 = FILL_AREA_STYLE_COLOUR ( '', #315 ) ;
#87 = CARTESIAN_POINT ( 'NONE',  ( 10.74999999999999645, 10.74999999999999645, 38.50000000000000000 ) ) ;
#88 = ORIENTED_EDGE ( 'NONE', *, *, #958, .T. ) ;
#89 = CARTESIAN_POINT ( 'NONE',  ( 3.500000000000000888, -23.99999999999999289, 33.50000000000000000 ) ) ;
#90 = ADVANCED_FACE ( 'NONE', ( #1596 ), #474, .T. ) ;
#91 = EDGE_CURVE ( 'NONE', #1625, #488, #1296, .T. ) ;
#92 = DIRECTION ( 'NONE',  ( -0.000000000000000000, 0.000000000000000000, -1.000000000000000000 ) ) ;
#93 = ORIENTED_EDGE ( 'NONE', *, *, #189, .F. ) ;
#94 = DIRECTION ( 'NONE',  ( -0.000000000000000000, 1.000000000000000000, -0.000000000000000000 ) ) ;
#95 = VERTEX_POINT ( 'NONE', #517 ) ;
#96 = VERTEX_POINT ( 'NONE', #949 ) ;
#97 = CARTESIAN_POINT ( 'NONE',  ( -24.00000000000000000, 10.74999999999999822, -38.50000000000000000 ) ) ;
#98 = CARTESIAN_POINT ( 'NONE',  ( 23.99999999999999289, 0.000000000000000000, -38.50000000000000000 ) ) ;
#99 = ORIENTED_EDGE ( 'NONE', *, *, #1821, .T. ) ;
#100 = EDGE_CURVE ( 'NONE', #656, #312, #1573, .T. ) ;
#101 = LINE ( 'NONE', #1540, #1004 ) ;
#102 = AXIS2_PLACEMENT_3D ( 'NONE', #891, #1166, #752 ) ;
#103 = EDGE_LOOP ( 'NONE', ( #1416, #1401, #785, #230 ) ) ;
#104 =( GEOMETRIC_REPRESENTATION_CONTEXT ( 3 ) GLOBAL_UNCERTAINTY_ASSIGNED_CONTEXT ( ( #7 ) ) GLOBAL_UNIT_ASSIGNED_CONTEXT ( ( #513, #1637, #1619 ) ) REPRESENTATION_CONTEXT ( 'NONE', 'WORKASPACE' ) );
#105 = VECTOR ( 'NONE', #326, 1000.000000000000000 ) ;
#106 = FACE_OUTER_BOUND ( 'NONE', #601, .T. ) ;
#107 = DIRECTION ( 'NONE',  ( 1.000000000000000000, 0.000000000000000000, -0.000000000000000000 ) ) ;
#108 = AXIS2_PLACEMENT_3D ( 'NONE', #1667, #92, #673 ) ;
#109 = ORIENTED_EDGE ( 'NONE', *, *, #1707, .T. ) ;
#110 = FACE_OUTER_BOUND ( 'NONE', #726, .T. ) ;
#111 = CIRCLE ( 'NONE', #1448, 11.24999999999999822 ) ;
#112 = DIRECTION ( 'NONE',  ( -1.000000000000000000, 1.613696256722611898E-16, 0.000000000000000000 ) ) ;
#113 = ORIENTED_EDGE ( 'NONE', *, *, #589, .T. ) ;
#114 = FACE_OUTER_BOUND ( 'NONE', #1571, .T. ) ;
#115 = EDGE_CURVE ( 'NONE', #593, #730, #1292, .T. ) ;
#116 = ORIENTED_EDGE ( 'NONE', *, *, #333, .T. ) ;
#117 = CARTESIAN_POINT ( 'NONE',  ( -5.000000000000000000, -22.00000000000000000, 40.00000000000000000 ) ) ;
#118 = EDGE_CURVE ( 'NONE', #120, #183, #1533, .T. ) ;
#119 = CARTESIAN_POINT ( 'NONE',  ( 5.000000000000000000, -22.49999999999999289, 40.00000000000000000 ) ) ;
#120 = VERTEX_POINT ( 'NONE', #299 ) ;
#121 = LINE ( 'NONE', #6, #1385 ) ;
#122 = DIRECTION ( 'NONE',  ( -0.2407423133030558715, -0.9705890678271074101, 0.000000000000000000 ) ) ;
#123 = VERTEX_POINT ( 'NONE', #1432 ) ;
#124 = DIRECTION ( 'NONE',  ( 0.000000000000000000, -0.000000000000000000, -1.000000000000000000 ) ) ;
#125 = ORIENTED_EDGE ( 'NONE', *, *, #66, .T. ) ;
#126 = EDGE_CURVE ( 'NONE', #1013, #1555, #598, .T. ) ;
#127 = LINE ( 'NONE', #700, #716 ) ;
#128 = DIRECTION ( 'NONE',  ( -0.000000000000000000, 0.000000000000000000, 1.000000000000000000 ) ) ;
#129 = ORIENTED_EDGE ( 'NONE', *, *, #51, .F. ) ;
#130 = DIRECTION ( 'NONE',  ( 1.000000000000000000, 0.000000000000000000, 0.000000000000000000 ) ) ;
#131 = DIRECTION ( 'NONE',  ( 0.000000000000000000, -1.000000000000000000, 0.000000000000000000 ) ) ;
#132 = ADVANCED_FACE ( 'NONE', ( #572 ), #399, .T. ) ;
#133 = ORIENTED_EDGE ( 'NONE', *, *, #618, .T. ) ;
#134 = ORIENTED_EDGE ( 'NONE', *, *, #211, .F. ) ;
#135 = PLANE ( 'NONE',  #824 ) ;
#136 = FACE_OUTER_BOUND ( 'NONE', #233, .T. ) ;
#137 = VECTOR ( 'NONE', #732, 1000.000000000000000 ) ;
#138 = DIRECTION ( 'NONE',  ( -0.000000000000000000, -0.000000000000000000, -1.000000000000000000 ) ) ;
#139 = CIRCLE ( 'NONE', #1772, 11.74999999999999645 ) ;
#140 = VECTOR ( 'NONE', #1288, 1000.000000000000000 ) ;
#141 = CARTESIAN_POINT ( 'NONE',  ( 0.000000000000000000, -23.99999999999999289, -40.00000000000000000 ) ) ;
#142 = VECTOR ( 'NONE', #1658, 1000.000000000000000 ) ;
#143 = CARTESIAN_POINT ( 'NONE',  ( 23.99999999999999289, -22.49999999999999289, -40.00000000000000000 ) ) ;
#144 = AXIS2_PLACEMENT_3D ( 'NONE', #653, #1489, #680 ) ;
#145 = EDGE_CURVE ( 'NONE', #1824, #1259, #705, .T. ) ;
#146 = ORIENTED_EDGE ( 'NONE', *, *, #389, .T. ) ;
#147 = VERTEX_POINT ( 'NONE', #281 ) ;
#148 = CARTESIAN_POINT ( 'NONE',  ( -13.45835102465937894, 21.66912701305495759, -40.00000000000000000 ) ) ;
#149 = LINE ( 'NONE', #1261, #1682 ) ;
#150 = ORIENTED_EDGE ( 'NONE', *, *, #1484, .T. ) ;
#151 = DIRECTION ( 'NONE',  ( -1.000000000000000000, -3.227392513445225276E-16, 0.000000000000000000 ) ) ;
#152 = DIRECTION ( 'NONE',  ( -1.000000000000000000, 0.000000000000000000, 0.000000000000000000 ) ) ;
#153 = EDGE_CURVE ( 'NONE', #1320, #1662, #421, .T. ) ;
#154 = ORIENTED_EDGE ( 'NONE', *, *, #1009, .T. ) ;
#155 = ADVANCED_FACE ( 'NONE', ( #1257 ), #1820, .F. ) ;
#156 = DIRECTION ( 'NONE',  ( 0.000000000000000000, 0.000000000000000000, 1.000000000000000000 ) ) ;
#157 = LINE ( 'NONE', #736, #140 ) ;
#158 = ORIENTED_EDGE ( 'NONE', *, *, #1219, .T. ) ;
#159 = CARTESIAN_POINT ( 'NONE',  ( -5.963623409161904476, 24.04325025440762786, 40.00000000000000000 ) ) ;
#160 = CARTESIAN_POINT ( 'NONE',  ( 0.000000000000000000, 24.00000000000000000, -40.00000000000000000 ) ) ;
#161 = DIRECTION ( 'NONE',  ( 1.000000000000000000, -0.000000000000000000, 0.000000000000000000 ) ) ;
#162 = ORIENTED_EDGE ( 'NONE', *, *, #426, .T. ) ;
#163 = DIRECTION ( 'NONE',  ( 1.000000000000000000, 0.000000000000000000, 0.000000000000000000 ) ) ;
#164 = LINE ( 'NONE', #1049, #717 ) ;
#165 = EDGE_CURVE ( 'NONE', #1210, #1625, #852, .T. ) ;
#166 = ORIENTED_EDGE ( 'NONE', *, *, #1159, .F. ) ;
#167 = CARTESIAN_POINT ( 'NONE',  ( 5.000000000000008882, -21.99999999999999645, -40.00000000000000000 ) ) ;
#168 = LINE ( 'NONE', #191, #1795 ) ;
#169 = VECTOR ( 'NONE', #1479, 1000.000000000000000 ) ;
#170 = VECTOR ( 'NONE', #16, 1000.000000000000000 ) ;
#171 = DIRECTION ( 'NONE',  ( -0.000000000000000000, 0.000000000000000000, 1.000000000000000000 ) ) ;
#172 = AXIS2_PLACEMENT_3D ( 'NONE', #1116, #987, #1551 ) ;
#173 = AXIS2_PLACEMENT_3D ( 'NONE', #1243, #1803, #1105 ) ;
#174 = AXIS2_PLACEMENT_3D ( 'NONE', #704, #1695, #1560 ) ;
#175 = ORIENTED_EDGE ( 'NONE', *, *, #12, .F. ) ;
#176 = PRODUCT ( '\X2\56db8054\X0\21700\X2\75356c6076d2\X0\_\X2\4e3b58f34f53\X0\', '\X2\56db8054\X0\21700\X2\75356c6076d2\X0\_\X2\4e3b58f34f53\X0\', '', ( #67 ) ) ;
#177 = ADVANCED_FACE ( 'NONE', ( #1403 ), #1686, .F. ) ;
#178 = CARTESIAN_POINT ( 'NONE',  ( -23.99999999999998934, -22.49999999999999289, -40.00000000000000000 ) ) ;
#179 = DIRECTION ( 'NONE',  ( 1.000000000000000000, 0.000000000000000000, 0.000000000000000000 ) ) ;
#180 = VERTEX_POINT ( 'NONE', #725 ) ;
#181 = ADVANCED_FACE ( 'NONE', ( #1276 ), #1264, .T. ) ;
#182 = CARTESIAN_POINT ( 'NONE',  ( -21.99999999999999645, 10.74999999999999822, 35.50000000000000711 ) ) ;
#183 = VERTEX_POINT ( 'NONE', #441 ) ;
#184 = CARTESIAN_POINT ( 'NONE',  ( 5.000000000000000888, -21.49999999999999645, 35.50000000000000711 ) ) ;
#185 = ORIENTED_EDGE ( 'NONE', *, *, #1833, .T. ) ;
#186 = DIRECTION ( 'NONE',  ( 1.000000000000000000, 0.000000000000000000, 0.000000000000000000 ) ) ;
#187 = CARTESIAN_POINT ( 'NONE',  ( -5.000000000000000000, -23.99999999999999289, 40.00000000000000000 ) ) ;
#188 = ORIENTED_EDGE ( 'NONE', *, *, #1110, .T. ) ;
#189 = EDGE_CURVE ( 'NONE', #1363, #866, #1147, .T. ) ;
#190 = DIRECTION ( 'NONE',  ( 0.000000000000000000, 0.000000000000000000, 1.000000000000000000 ) ) ;
#191 = CARTESIAN_POINT ( 'NONE',  ( 23.99999999999999289, 10.74999999999999645, -40.00000000000000000 ) ) ;
#192 = ORIENTED_EDGE ( 'NONE', *, *, #1389, .F. ) ;
#193 = CARTESIAN_POINT ( 'NONE',  ( 22.49999999999999289, -22.49999999999999289, 38.50000000000000000 ) ) ;
#194 = ORIENTED_EDGE ( 'NONE', *, *, #573, .T. ) ;
#195 = DIRECTION ( 'NONE',  ( -0.000000000000000000, 0.000000000000000000, 1.000000000000000000 ) ) ;
#196 = VERTEX_POINT ( 'NONE', #998 ) ;
#197 = CARTESIAN_POINT ( 'NONE',  ( 4.999999999999992895, -21.49999999999999645, 103.6553218513581953 ) ) ;
#198 = CARTESIAN_POINT ( 'NONE',  ( 22.49999999999999289, -23.99999999999999289, -38.50000000000000000 ) ) ;
#199 = ORIENTED_EDGE ( 'NONE', *, *, #1821, .F. ) ;
#200 = CARTESIAN_POINT ( 'NONE',  ( 10.74999999999999645, 10.74999999999999645, -40.00000000000000000 ) ) ;
#201 = CLOSED_SHELL ( 'NONE', ( #1222, #69, #1350, #155, #574, #789, #1289, #132, #181, #1055, #992, #1622, #1277, #543, #1097, #1051, #177, #560, #581, #816, #1211, #1376, #596, #213, #1522, #90, #1642, #429, #1660, #534, #9, #799, #605, #1594, #1386, #745, #947, #1733, #1220, #662, #1230, #499, #1840, #336, #741, #1582, #61, #307, #847, #547, #376, #930, #1268, #1666, #400, #1245, #1086, #1069, #363, #1141, #509 ) ) ;
#202 = VECTOR ( 'NONE', #696, 1000.000000000000000 ) ;
#203 = EDGE_CURVE ( 'NONE', #699, #488, #1561, .T. ) ;
#204 = VECTOR ( 'NONE', #357, 1000.000000000000114 ) ;
#205 =( NAMED_UNIT ( * ) SI_UNIT ( $, .STERADIAN. ) SOLID_ANGLE_UNIT ( ) );
#206 = CYLINDRICAL_SURFACE ( 'NONE', #595, 1.500000000000001110 ) ;
#207 = DIRECTION ( 'NONE',  ( 0.000000000000000000, 0.000000000000000000, 1.000000000000000000 ) ) ;
#208 = PLANE ( 'NONE',  #1771 ) ;
#209 = VERTEX_POINT ( 'NONE', #198 ) ;
#210 = CARTESIAN_POINT ( 'NONE',  ( 0.000000000000000000, 0.000000000000000000, 40.00000000000000000 ) ) ;
#211 = EDGE_CURVE ( 'NONE', #351, #1164, #433, .T. ) ;
#212 = EDGE_LOOP ( 'NONE', ( #1413, #953, #1690, #1556, #793, #162, #679, #520, #364, #490 ) ) ;
#213 = ADVANCED_FACE ( 'NONE', ( #456 ), #208, .T. ) ;
#214 = ORIENTED_EDGE ( 'NONE', *, *, #1101, .F. ) ;
#215 = DIRECTION ( 'NONE',  ( 1.000000000000000000, 0.000000000000000000, 0.000000000000000000 ) ) ;
#216 = CYLINDRICAL_SURFACE ( 'NONE', #1091, 1.500000000000001110 ) ;
#217 = ORIENTED_EDGE ( 'NONE', *, *, #126, .T. ) ;
#218 =( BOUNDED_CURVE ( )  B_SPLINE_CURVE ( 3, ( #920, #1777, #1371, #1503 ),
 .UNSPECIFIED., .F., .T. ) 
 B_SPLINE_CURVE_WITH_KNOTS ( ( 4, 4 ),
 ( 3.141592653589793116, 4.712388980384689674 ),
 .UNSPECIFIED. ) 
 CURVE ( )  GEOMETRIC_REPRESENTATION_ITEM ( )  RATIONAL_B_SPLINE_CURVE ( ( 1.000000000000000000, 0.8047378541243649375, 0.8047378541243649375, 1.000000000000000000 ) ) 
 REPRESENTATION_ITEM ( '' )  );
#219 = LINE ( 'NONE', #948, #415 ) ;
#220 = ORIENTED_EDGE ( 'NONE', *, *, #1758, .T. ) ;
#221 = CARTESIAN_POINT ( 'NONE',  ( -4.122167689465833007, 24.50000000000000000, -40.00000000000000000 ) ) ;
#222 = CARTESIAN_POINT ( 'NONE',  ( -10.74999999999999645, 10.74999999999999645, 40.00000000000000000 ) ) ;
#223 = DIRECTION ( 'NONE',  ( 0.000000000000000000, 0.000000000000000000, -1.000000000000000000 ) ) ;
#224 = EDGE_LOOP ( 'NONE', ( #93, #1468, #31, #199 ) ) ;
#225 = CARTESIAN_POINT ( 'NONE',  ( -10.74999999999999645, -10.74999999999999645, 35.50000000000000711 ) ) ;
#226 = AXIS2_PLACEMENT_3D ( 'NONE', #407, #1399, #566 ) ;
#227 = CIRCLE ( 'NONE', #1061, 1.500000000000001110 ) ;
#228 = VECTOR ( 'NONE', #876, 1000.000000000000000 ) ;
#229 = VECTOR ( 'NONE', #666, 1000.000000000000000 ) ;
#230 = ORIENTED_EDGE ( 'NONE', *, *, #1133, .F. ) ;
#231 = SURFACE_STYLE_FILL_AREA ( #486 ) ;
#232 = DIRECTION ( 'NONE',  ( 1.000000000000000000, 9.164576854217095870E-16, 0.000000000000000000 ) ) ;
#233 = EDGE_LOOP ( 'NONE', ( #406, #340, #760, #1290 ) ) ;
#234 = EDGE_CURVE ( 'NONE', #1145, #1824, #405, .T. ) ;
#235 = DIRECTION ( 'NONE',  ( -0.9705890678271074101, -0.2407423133030555107, 0.000000000000000000 ) ) ;
#236 = CARTESIAN_POINT ( 'NONE',  ( 22.49999999999999289, -23.99999999999999289, 40.00000000000000000 ) ) ;
#237 = CARTESIAN_POINT ( 'NONE',  ( -22.49999999999999645, -7.261633155251752976E-15, 40.00000000000000000 ) ) ;
#238 = FACE_OUTER_BOUND ( 'NONE', #1204, .T. ) ;
#239 = CARTESIAN_POINT ( 'NONE',  ( -0.000000000000000000, 24.50000000000000000, -40.00000000000000000 ) ) ;
#240 = CARTESIAN_POINT ( 'NONE',  ( 22.49999999999999289, -22.49999999999999289, -40.00000000000000000 ) ) ;
#241 = CARTESIAN_POINT ( 'NONE',  ( -5.000000000000000888, -23.99999999999999289, 33.50000000000000000 ) ) ;
#242 = EDGE_CURVE ( 'NONE', #1134, #642, #1466, .T. ) ;
#243 = FACE_OUTER_BOUND ( 'NONE', #881, .T. ) ;
#244 = ORIENTED_EDGE ( 'NONE', *, *, #1691, .T. ) ;
#245 = LINE ( 'NONE', #266, #1536 ) ;
#246 = EDGE_LOOP ( 'NONE', ( #1142, #5, #1250, #1072 ) ) ;
#247 = CARTESIAN_POINT ( 'NONE',  ( 23.99999999999999289, 0.000000000000000000, -40.00000000000000000 ) ) ;
#248 = DIRECTION ( 'NONE',  ( 0.9705890678271072991, -0.2407423133030559548, 0.000000000000000000 ) ) ;
#249 = FACE_OUTER_BOUND ( 'NONE', #212, .T. ) ;
#250 = DIRECTION ( 'NONE',  ( 1.000000000000000000, 0.000000000000000000, 0.000000000000000000 ) ) ;
#251 = ORIENTED_EDGE ( 'NONE', *, *, #211, .T. ) ;
#252 = EDGE_CURVE ( 'NONE', #898, #393, #168, .T. ) ;
#253 = LINE ( 'NONE', #1388, #440 ) ;
#254 = VECTOR ( 'NONE', #1394, 1000.000000000000114 ) ;
#255 = ORIENTED_EDGE ( 'NONE', *, *, #115, .T. ) ;
#256 = AXIS2_PLACEMENT_3D ( 'NONE', #1216, #1493, #223 ) ;
#257 = PLANE ( 'NONE',  #974 ) ;
#258 = AXIS2_PLACEMENT_3D ( 'NONE', #1012, #1286, #519 ) ;
#259 = VERTEX_POINT ( 'NONE', #775 ) ;
#260 = CARTESIAN_POINT ( 'NONE',  ( 0.000000000000000000, -21.49999999999999645, 35.50000000000000711 ) ) ;
#261 = AXIS2_PLACEMENT_3D ( 'NONE', #1248, #288, #1674 ) ;
#262 = CARTESIAN_POINT ( 'NONE',  ( -0.000000000000000000, 26.00000000000000355, -38.50000000000000000 ) ) ;
#263 = CARTESIAN_POINT ( 'NONE',  ( 5.963623409161916022, 24.04325025440762076, -38.50000000000000000 ) ) ;
#264 = EDGE_CURVE ( 'NONE', #1132, #1262, #1018, .T. ) ;
#265 = EDGE_LOOP ( 'NONE', ( #523, #1639, #973, #356 ) ) ;
#266 = CARTESIAN_POINT ( 'NONE',  ( 23.99999999999999289, -23.99999999999999289, 38.50000000000000000 ) ) ;
#267 = EDGE_CURVE ( 'NONE', #1217, #1485, #487, .T. ) ;
#268 = DIRECTION ( 'NONE',  ( 0.000000000000000000, 1.000000000000000000, 0.000000000000000000 ) ) ;
#269 = LINE ( 'NONE', #692, #911 ) ;
#270 = EDGE_CURVE ( 'NONE', #1662, #444, #625, .T. ) ;
#271 = EDGE_LOOP ( 'NONE', ( #1318, #1223, #1671, #477, #1100, #150, #1657, #747, #77, #557 ) ) ;
#272 = CYLINDRICAL_SURFACE ( 'NONE', #1070, 1.500000000000001332 ) ;
#273 = CARTESIAN_POINT ( 'NONE',  ( -5.843252252510376721, 23.55795572049406772, 35.50000000000000711 ) ) ;
#274 = ORIENTED_EDGE ( 'NONE', *, *, #1120, .T. ) ;
#275 = ORIENTED_EDGE ( 'NONE', *, *, #37, .T. ) ;
#276 = LINE ( 'NONE', #1706, #681 ) ;
#277 = SPHERICAL_SURFACE ( 'NONE', #1237, 1.500000000000000000 ) ;
#278 = DIRECTION ( 'NONE',  ( 0.000000000000000000, -0.000000000000000000, -1.000000000000000000 ) ) ;
#279 = VERTEX_POINT ( 'NONE', #1322 ) ;
#280 = CARTESIAN_POINT ( 'NONE',  ( -13.33797986800785118, 21.18383247914141165, -37.50000000000000000 ) ) ;
#281 = CARTESIAN_POINT ( 'NONE',  ( 4.061083844732925385, 24.00000000000000000, 40.00000000000000000 ) ) ;
#282 = EDGE_LOOP ( 'NONE', ( #251, #806, #1066, #1812 ) ) ;
#283 = ORIENTED_EDGE ( 'NONE', *, *, #1501, .T. ) ;
#284 = AXIS2_PLACEMENT_3D ( 'NONE', #1092, #72, #388 ) ;
#285 = CARTESIAN_POINT ( 'NONE',  ( -13.93983565126548996, 23.61030514870917330, -38.50000000000000000 ) ) ;
#286 = STYLED_ITEM ( 'NONE', ( #634 ), #1518 ) ;
#287 = VECTOR ( 'NONE', #1246, 1000.000000000000114 ) ;
#288 = DIRECTION ( 'NONE',  ( 0.000000000000000000, 1.000000000000000000, 0.000000000000000000 ) ) ;
#289 = CIRCLE ( 'NONE', #1126, 1.500000000000001332 ) ;
#290 = DIRECTION ( 'NONE',  ( -1.000000000000000000, -0.000000000000000000, -0.000000000000000000 ) ) ;
#291 = EDGE_CURVE ( 'NONE', #697, #1460, #73, .T. ) ;
#292 = VECTOR ( 'NONE', #1810, 1000.000000000000000 ) ;
#293 = PRODUCT_DEFINITION ( 'UNKNOWN', '', #1715, #1724 ) ;
#294 = ORIENTED_EDGE ( 'NONE', *, *, #1219, .F. ) ;
#295 = CARTESIAN_POINT ( 'NONE',  ( 0.000000000000000000, 23.50000000000000355, -37.50000000000000000 ) ) ;
#296 = CARTESIAN_POINT ( 'NONE',  ( 21.49999999999999645, 0.000000000000000000, 35.50000000000000711 ) ) ;
#297 = ORIENTED_EDGE ( 'NONE', *, *, #37, .F. ) ;
#298 = CARTESIAN_POINT ( 'NONE',  ( 3.500000000000000888, -21.49999999999999645, 32.00000000000000000 ) ) ;
#299 = CARTESIAN_POINT ( 'NONE',  ( -23.99999999999998934, -22.49999999999999289, 38.50000000000000000 ) ) ;
#300 = CARTESIAN_POINT ( 'NONE',  ( -5.843252252510376721, 23.55795572049406772, -40.00000000000000000 ) ) ;
#301 = EDGE_CURVE ( 'NONE', #1013, #1408, #1451, .T. ) ;
#302 = DIRECTION ( 'NONE',  ( -0.000000000000000000, 1.000000000000000000, -0.000000000000000000 ) ) ;
#303 = DIRECTION ( 'NONE',  ( 1.000000000000000000, 0.000000000000000000, -0.000000000000000000 ) ) ;
#304 = DIRECTION ( 'NONE',  ( -0.9705890678271075211, -0.2407423133030555662, -0.000000000000000000 ) ) ;
#305 = CARTESIAN_POINT ( 'NONE',  ( -21.49999999999999645, 0.000000000000000000, 103.6553218513581953 ) ) ;
#306 = DIRECTION ( 'NONE',  ( 1.000000000000000000, 0.000000000000000000, 0.000000000000000000 ) ) ;
#307 = ADVANCED_FACE ( 'NONE', ( #1731 ), #479, .T. ) ;
#308 = VERTEX_POINT ( 'NONE', #33 ) ;
#309 = EDGE_CURVE ( 'NONE', #1363, #961, #1045, .T. ) ;
#310 = DIRECTION ( 'NONE',  ( 0.000000000000000000, 0.000000000000000000, 1.000000000000000000 ) ) ;
#311 = FACE_OUTER_BOUND ( 'NONE', #1, .T. ) ;
#312 = VERTEX_POINT ( 'NONE', #1613 ) ;
#313 = PLANE ( 'NONE',  #1156 ) ;
#314 = DIRECTION ( 'NONE',  ( 1.084202172485504434E-16, 0.000000000000000000, -1.000000000000000000 ) ) ;
#315 = COLOUR_RGB ( '',0.7921568627450980005, 0.8196078431372548767, 0.9333333333333333481 ) ;
#316 = AXIS2_PLACEMENT_3D ( 'NONE', #1171, #1281, #323 ) ;
#317 = FACE_OUTER_BOUND ( 'NONE', #900, .T. ) ;
#318 = AXIS2_PLACEMENT_3D ( 'NONE', #1369, #1083, #1646 ) ;
#319 = AXIS2_PLACEMENT_3D ( 'NONE', #1653, #1514, #516 ) ;
#320 = AXIS2_PLACEMENT_3D ( 'NONE', #1380, #571, #982 ) ;
#321 = EDGE_CURVE ( 'NONE', #1694, #1034, #1481, .T. ) ;
#322 = ORIENTED_EDGE ( 'NONE', *, *, #66, .F. ) ;
#323 = DIRECTION ( 'NONE',  ( 0.000000000000000000, 0.000000000000000000, 1.000000000000000000 ) ) ;
#324 = ADVANCED_BREP_SHAPE_REPRESENTATION ( '\X2\56db8054\X0\21700\X2\75356c6076d2\X0\_\X2\4e3b58f34f53\X0\', ( #1518, #1152 ), #1684 ) ;
#325 = EDGE_CURVE ( 'NONE', #1348, #454, #882, .T. ) ;
#326 = DIRECTION ( 'NONE',  ( -0.000000000000000000, -0.000000000000000000, -1.000000000000000000 ) ) ;
#327 = ORIENTED_EDGE ( 'NONE', *, *, #267, .T. ) ;
#328 = DIRECTION ( 'NONE',  ( 1.000000000000000000, 0.000000000000000000, 0.000000000000000000 ) ) ;
#329 = ORIENTED_EDGE ( 'NONE', *, *, #1133, .T. ) ;
#330 = LINE ( 'NONE', #628, #1185 ) ;
#331 = DIRECTION ( 'NONE',  ( 0.000000000000000000, 0.000000000000000000, 1.000000000000000000 ) ) ;
#332 = ORIENTED_EDGE ( 'NONE', *, *, #321, .F. ) ;
#333 = EDGE_CURVE ( 'NONE', #1013, #1462, #934, .T. ) ;
#334 = CARTESIAN_POINT ( 'NONE',  ( 22.49999999999999289, -22.49999999999999289, -38.50000000000000000 ) ) ;
#335 = ORIENTED_EDGE ( 'NONE', *, *, #1178, .F. ) ;
#336 = ADVANCED_FACE ( 'NONE', ( #1233 ), #1074, .T. ) ;
#337 = CARTESIAN_POINT ( 'NONE',  ( -4.122167689465846330, 24.50000000000000000, 40.00000000000000000 ) ) ;
#338 = VERTEX_POINT ( 'NONE', #1781 ) ;
#339 = CARTESIAN_POINT ( 'NONE',  ( 10.74999999999999467, -22.00000000000000000, 40.00000000000000000 ) ) ;
#340 = ORIENTED_EDGE ( 'NONE', *, *, #1792, .T. ) ;
#341 = DIRECTION ( 'NONE',  ( 1.084202172485504434E-16, 0.000000000000000000, 1.000000000000000000 ) ) ;
#342 = CARTESIAN_POINT ( 'NONE',  ( -22.49999999999998934, -22.49999999999999289, 38.50000000000000000 ) ) ;
#343 = EDGE_CURVE ( 'NONE', #1668, #1824, #1028, .T. ) ;
#344 = ORIENTED_EDGE ( 'NONE', *, *, #1768, .T. ) ;
#345 = FACE_OUTER_BOUND ( 'NONE', #459, .T. ) ;
#346 = EDGE_CURVE ( 'NONE', #38, #1694, #218, .T. ) ;
#347 = CIRCLE ( 'NONE', #654, 1.500000000000001332 ) ;
#348 = VECTOR ( 'NONE', #1822, 1000.000000000000000 ) ;
#349 = EDGE_CURVE ( 'NONE', #1355, #393, #1297, .T. ) ;
#350 = VECTOR ( 'NONE', #392, 1000.000000000000000 ) ;
#351 = VERTEX_POINT ( 'NONE', #669 ) ;
#352 = AXIS2_PLACEMENT_3D ( 'NONE', #774, #1450, #478 ) ;
#353 = DIRECTION ( 'NONE',  ( 0.000000000000000000, 0.000000000000000000, 1.000000000000000000 ) ) ;
#354 = ORIENTED_EDGE ( 'NONE', *, *, #872, .T. ) ;
#355 = DIRECTION ( 'NONE',  ( -0.000000000000000000, 0.000000000000000000, 1.000000000000000000 ) ) ;
#356 = ORIENTED_EDGE ( 'NONE', *, *, #267, .F. ) ;
#357 = DIRECTION ( 'NONE',  ( 0.9705890678271074101, 0.2407423133030554829, -0.000000000000000000 ) ) ;
#358 = EDGE_CURVE ( 'NONE', #991, #1320, #1330, .T. ) ;
#359 = ORIENTED_EDGE ( 'NONE', *, *, #118, .T. ) ;
#360 = CARTESIAN_POINT ( 'NONE',  ( -13.45835102465937894, 21.66912701305495759, 35.50000000000001421 ) ) ;
#361 = CARTESIAN_POINT ( 'NONE',  ( -10.74999999999999645, 10.74999999999999645, -40.00000000000000000 ) ) ;
#362 = EDGE_LOOP ( 'NONE', ( #396, #146, #220, #327, #1420, #1559, #1308, #1471 ) ) ;
#363 = ADVANCED_FACE ( 'NONE', ( #1200 ), #216, .T. ) ;
#364 = ORIENTED_EDGE ( 'NONE', *, *, #1029, .T. ) ;
#365 = CARTESIAN_POINT ( 'NONE',  ( -21.49999999999999645, -10.74999999999999645, 35.50000000000000711 ) ) ;
#366 = DIRECTION ( 'NONE',  ( -1.000000000000000000, 0.000000000000000000, -0.000000000000000000 ) ) ;
#367 = ORIENTED_EDGE ( 'NONE', *, *, #115, .F. ) ;
#368 = DIRECTION ( 'NONE',  ( 0.000000000000000000, -1.000000000000000000, 0.000000000000000000 ) ) ;
#369 = AXIS2_PLACEMENT_3D ( 'NONE', #559, #969, #835 ) ;
#370 = AXIS2_PLACEMENT_3D ( 'NONE', #927, #355, #215 ) ;
#371 = TOROIDAL_SURFACE ( 'NONE', #1743, 11.74999999999999822, 1.500000000000000000 ) ;
#372 = DIRECTION ( 'NONE',  ( -1.000000000000000000, -0.000000000000000000, -0.000000000000000000 ) ) ;
#373 = AXIS2_PLACEMENT_3D ( 'NONE', #1791, #1675, #1368 ) ;
#374 = CYLINDRICAL_SURFACE ( 'NONE', #1472, 10.75000000000000000 ) ;
#375 = CIRCLE ( 'NONE', #1507, 1.500000000000001332 ) ;
#376 = ADVANCED_FACE ( 'NONE', ( #385 ), #1766, .T. ) ;
#377 = DIRECTION ( 'NONE',  ( -1.613696256722611898E-16, -1.000000000000000000, 0.000000000000000000 ) ) ;
#378 = CARTESIAN_POINT ( 'NONE',  ( 23.99999999999999289, 10.74999999999999645, 38.50000000000000000 ) ) ;
#379 = ORIENTED_EDGE ( 'NONE', *, *, #1496, .T. ) ;
#380 = CARTESIAN_POINT ( 'NONE',  ( 5.000000000000000000, -22.00000000000000000, 40.00000000000000000 ) ) ;
#381 = DIRECTION ( 'NONE',  ( 0.000000000000000000, 0.000000000000000000, -1.000000000000000000 ) ) ;
#382 = FACE_OUTER_BOUND ( 'NONE', #362, .T. ) ;
#383 = CARTESIAN_POINT ( 'NONE',  ( 10.74999999999999645, -10.74999999999999645, -37.50000000000000000 ) ) ;
#384 = DIRECTION ( 'NONE',  ( 3.227392513445223797E-16, -1.000000000000000000, 0.000000000000000000 ) ) ;
#385 = FACE_OUTER_BOUND ( 'NONE', #963, .T. ) ;
#386 = EDGE_LOOP ( 'NONE', ( #1729, #506, #1104, #194 ) ) ;
#387 = LINE ( 'NONE', #731, #1241 ) ;
#388 = DIRECTION ( 'NONE',  ( 0.000000000000000000, 0.000000000000000000, 1.000000000000000000 ) ) ;
#389 = EDGE_CURVE ( 'NONE', #1809, #1303, #522, .T. ) ;
#390 = CARTESIAN_POINT ( 'NONE',  ( 3.944305753709989038, 24.54411639825934444, 40.00000000000000000 ) ) ;
#391 = ORIENTED_EDGE ( 'NONE', *, *, #1423, .F. ) ;
#392 = DIRECTION ( 'NONE',  ( 0.9705890678271074101, -0.2407423133030558715, 0.000000000000000000 ) ) ;
#393 = VERTEX_POINT ( 'NONE', #378 ) ;
#394 = DIRECTION ( 'NONE',  ( 1.000000000000000000, 0.000000000000000000, 0.000000000000000000 ) ) ;
#395 = LINE ( 'NONE', #296, #1065 ) ;
#396 = ORIENTED_EDGE ( 'NONE', *, *, #1523, .T. ) ;
#397 = DIRECTION ( 'NONE',  ( -1.613696256722611898E-16, -1.000000000000000000, 0.000000000000000000 ) ) ;
#398 = EDGE_CURVE ( 'NONE', #1767, #541, #70, .T. ) ;
#399 = PLANE ( 'NONE',  #1235 ) ;
#400 = ADVANCED_FACE ( 'NONE', ( #678 ), #1513, .T. ) ;
#401 = PLANE ( 'NONE',  #108 ) ;
#402 = ORIENTED_EDGE ( 'NONE', *, *, #349, .T. ) ;
#403 = LINE ( 'NONE', #828, #1333 ) ;
#404 = CIRCLE ( 'NONE', #1442, 1.500000000000001332 ) ;
#405 = CIRCLE ( 'NONE', #1562, 1.500000000000001332 ) ;
#406 = ORIENTED_EDGE ( 'NONE', *, *, #647, .T. ) ;
#407 = CARTESIAN_POINT ( 'NONE',  ( 0.000000000000000000, -22.49999999999999289, -38.50000000000000000 ) ) ;
#408 = VECTOR ( 'NONE', #432, 1000.000000000000000 ) ;
#409 = AXIS2_PLACEMENT_3D ( 'NONE', #446, #885, #621 ) ;
#410 = CARTESIAN_POINT ( 'NONE',  ( -4.305419223664572748, 26.00000000000000355, 38.50000000000000000 ) ) ;
#411 = CARTESIAN_POINT ( 'NONE',  ( 21.49999999999999645, -10.74999999999999645, 35.50000000000000711 ) ) ;
#412 = AXIS2_PLACEMENT_3D ( 'NONE', #1294, #57, #306 ) ;
#413 = ORIENTED_EDGE ( 'NONE', *, *, #693, .T. ) ;
#414 = DIRECTION ( 'NONE',  ( -0.000000000000000000, 0.000000000000000000, 1.000000000000000000 ) ) ;
#415 = VECTOR ( 'NONE', #1495, 1000.000000000000000 ) ;
#416 = CARTESIAN_POINT ( 'NONE',  ( 21.99999999999999289, -3.550131764789744944E-15, 35.50000000000000711 ) ) ;
#417 = ORIENTED_EDGE ( 'NONE', *, *, #1434, .F. ) ;
#418 = CARTESIAN_POINT ( 'NONE',  ( 21.49999999999999645, 0.000000000000000000, 103.6553218513581953 ) ) ;
#419 = ORIENTED_EDGE ( 'NONE', *, *, #242, .F. ) ;
#420 = LINE ( 'NONE', #1118, #803 ) ;
#421 = LINE ( 'NONE', #865, #623 ) ;
#422 = ORIENTED_EDGE ( 'NONE', *, *, #252, .F. ) ;
#423 = EDGE_CURVE ( 'NONE', #1595, #541, #149, .T. ) ;
#424 = EDGE_LOOP ( 'NONE', ( #1352, #1226, #335, #1170 ) ) ;
#425 = CARTESIAN_POINT ( 'NONE',  ( 10.74999999999999645, -10.74999999999999645, 40.00000000000000000 ) ) ;
#426 = EDGE_CURVE ( 'NONE', #180, #1210, #46, .T. ) ;
#427 = FACE_OUTER_BOUND ( 'NONE', #665, .T. ) ;
#428 = ORIENTED_EDGE ( 'NONE', *, *, #1691, .F. ) ;
#429 = ADVANCED_FACE ( 'NONE', ( #1419 ), #721, .F. ) ;
#430 = DIRECTION ( 'NONE',  ( 1.000000000000000000, -1.613696256722611898E-16, 0.000000000000000000 ) ) ;
#431 = ORIENTED_EDGE ( 'NONE', *, *, #640, .F. ) ;
#432 = DIRECTION ( 'NONE',  ( 0.000000000000000000, 0.000000000000000000, 1.000000000000000000 ) ) ;
#433 = CIRCLE ( 'NONE', #525, 1.500000000000001110 ) ;
#434 = DIRECTION ( 'NONE',  ( -0.000000000000000000, 0.000000000000000000, -1.000000000000000000 ) ) ;
#435 = ORIENTED_EDGE ( 'NONE', *, *, #2, .T. ) ;
#436 = VECTOR ( 'NONE', #248, 1000.000000000000227 ) ;
#437 = EDGE_CURVE ( 'NONE', #312, #570, #1107, .T. ) ;
#438 = LINE ( 'NONE', #197, #1302 ) ;
#439 = VECTOR ( 'NONE', #156, 1000.000000000000000 ) ;
#440 = VECTOR ( 'NONE', #1669, 1000.000000000000000 ) ;
#441 = CARTESIAN_POINT ( 'NONE',  ( -22.49999999999998934, -23.99999999999999289, 38.50000000000000000 ) ) ;
#442 = CIRCLE ( 'NONE', #144, 10.75000000000000178 ) ;
#443 = CARTESIAN_POINT ( 'NONE',  ( -10.74999999999999645, -10.74999999999999645, 35.50000000000000711 ) ) ;
#444 = VERTEX_POINT ( 'NONE', #994 ) ;
#445 = LINE ( 'NONE', #178, #1269 ) ;
#446 = CARTESIAN_POINT ( 'NONE',  ( 10.74999999999999645, -10.74999999999999645, -40.00000000000000000 ) ) ;
#447 = ORIENTED_EDGE ( 'NONE', *, *, #450, .F. ) ;
#448 = DIRECTION ( 'NONE',  ( 0.000000000000000000, 0.000000000000000000, -1.000000000000000000 ) ) ;
#449 = LINE ( 'NONE', #18, #1414 ) ;
#450 = EDGE_CURVE ( 'NONE', #1396, #1555, #19, .T. ) ;
#451 = ORIENTED_EDGE ( 'NONE', *, *, #321, .T. ) ;
#452 = LINE ( 'NONE', #761, #439 ) ;
#453 = DIRECTION ( 'NONE',  ( -0.2407423133030559825, -0.9705890678271074101, 0.000000000000000000 ) ) ;
#454 = VERTEX_POINT ( 'NONE', #568 ) ;
#455 = FACE_OUTER_BOUND ( 'NONE', #271, .T. ) ;
#456 = FACE_OUTER_BOUND ( 'NONE', #35, .T. ) ;
#457 = EDGE_CURVE ( 'NONE', #338, #1814, #269, .T. ) ;
#458 = DIRECTION ( 'NONE',  ( -1.613696256722611898E-16, -1.000000000000000000, 0.000000000000000000 ) ) ;
#459 = EDGE_LOOP ( 'NONE', ( #109, #332, #41, #772 ) ) ;
#460 = EDGE_CURVE ( 'NONE', #1210, #1538, #545, .T. ) ;
#461 = LINE ( 'NONE', #868, #408 ) ;
#462 = FACE_OUTER_BOUND ( 'NONE', #870, .T. ) ;
#463 = VERTEX_POINT ( 'NONE', #1700 ) ;
#464 = VECTOR ( 'NONE', #676, 1000.000000000000000 ) ;
#465 = CARTESIAN_POINT ( 'NONE',  ( 0.000000000000000000, -21.49999999999999645, 35.50000000000000711 ) ) ;
#466 = DIRECTION ( 'NONE',  ( 0.000000000000000000, 0.000000000000000000, 1.000000000000000000 ) ) ;
#467 = AXIS2_PLACEMENT_3D ( 'NONE', #1232, #691, #567 ) ;
#468 = AXIS2_PLACEMENT_3D ( 'NONE', #1331, #53, #484 ) ;
#469 = ORIENTED_EDGE ( 'NONE', *, *, #959, .F. ) ;
#470 = LINE ( 'NONE', #1605, #76 ) ;
#471 = VECTOR ( 'NONE', #161, 1000.000000000000000 ) ;
#472 = AXIS2_PLACEMENT_3D ( 'NONE', #1683, #397, #1521 ) ;
#473 = ORIENTED_EDGE ( 'NONE', *, *, #291, .T. ) ;
#474 = PLANE ( 'NONE',  #1741 ) ;
#475 = DIRECTION ( 'NONE',  ( 1.000000000000000000, 0.000000000000000000, 0.000000000000000000 ) ) ;
#476 = CYLINDRICAL_SURFACE ( 'NONE', #409, 11.24999999999999645 ) ;
#477 = ORIENTED_EDGE ( 'NONE', *, *, #58, .T. ) ;
#478 = DIRECTION ( 'NONE',  ( 1.084202172485504434E-16, 0.000000000000000000, -1.000000000000000000 ) ) ;
#479 = SPHERICAL_SURFACE ( 'NONE', #1149, 1.500000000000000000 ) ;
#480 = ORIENTED_EDGE ( 'NONE', *, *, #839, .F. ) ;
#481 = LINE ( 'NONE', #905, #471 ) ;
#482 = ORIENTED_EDGE ( 'NONE', *, *, #1169, .T. ) ;
#483 = DIRECTION ( 'NONE',  ( 1.000000000000000000, 0.000000000000000000, 0.000000000000000000 ) ) ;
#484 = DIRECTION ( 'NONE',  ( -0.2407423133030545115, -0.9705890678271077432, 0.000000000000000000 ) ) ;
#485 = ORIENTED_EDGE ( 'NONE', *, *, #1829, .F. ) ;
#486 = FILL_AREA_STYLE ('',( #86 ) ) ;
#487 = LINE ( 'NONE', #765, #1180 ) ;
#488 = VERTEX_POINT ( 'NONE', #862 ) ;
#489 = DIRECTION ( 'NONE',  ( 1.000000000000000000, -1.613696256722611898E-16, 0.000000000000000000 ) ) ;
#490 = ORIENTED_EDGE ( 'NONE', *, *, #607, .T. ) ;
#491 = FACE_OUTER_BOUND ( 'NONE', #1649, .T. ) ;
#492 = ORIENTED_EDGE ( 'NONE', *, *, #426, .F. ) ;
#493 = DIRECTION ( 'NONE',  ( -1.000000000000000000, 0.000000000000000000, 0.000000000000000000 ) ) ;
#494 = DIRECTION ( 'NONE',  ( 0.2407423133030555940, -0.9705890678271074101, 0.000000000000000000 ) ) ;
#495 = VERTEX_POINT ( 'NONE', #411 ) ;
#496 = CARTESIAN_POINT ( 'NONE',  ( -13.57872218131090847, 22.15442154696851418, 40.00000000000000000 ) ) ;
#497 = AXIS2_PLACEMENT_3D ( 'NONE', #222, #1224, #1780 ) ;
#498 = AXIS2_PLACEMENT_3D ( 'NONE', #1410, #131, #712 ) ;
#499 = ADVANCED_FACE ( 'NONE', ( #1816 ), #371, .T. ) ;
#500 = VECTOR ( 'NONE', #1208, 1000.000000000000000 ) ;
#501 = AXIS2_PLACEMENT_3D ( 'NONE', #540, #1785, #1397 ) ;
#502 = ORIENTED_EDGE ( 'NONE', *, *, #647, .F. ) ;
#503 = AXIS2_PLACEMENT_3D ( 'NONE', #738, #1612, #1158 ) ;
#504 = LINE ( 'NONE', #1052, #1532 ) ;
#505 = CARTESIAN_POINT ( 'NONE',  ( 0.000000000000000000, 24.00000000000000000, 35.50000000000000711 ) ) ;
#506 = ORIENTED_EDGE ( 'NONE', *, *, #100, .T. ) ;
#507 = CARTESIAN_POINT ( 'NONE',  ( -13.93983565126548996, 23.61030514870917330, -40.00000000000000000 ) ) ;
#508 = EDGE_CURVE ( 'NONE', #454, #495, #395, .T. ) ;
#509 = ADVANCED_FACE ( 'NONE', ( #427 ), #842, .F. ) ;
#510 = VERTEX_POINT ( 'NONE', #119 ) ;
#511 = DIRECTION ( 'NONE',  ( 0.000000000000000000, 0.000000000000000000, 1.000000000000000000 ) ) ;
#512 = DIRECTION ( 'NONE',  ( -0.000000000000000000, -0.000000000000000000, -1.000000000000000000 ) ) ;
#513 =( LENGTH_UNIT ( ) NAMED_UNIT ( * ) SI_UNIT ( .MILLI., .METRE. ) );
#514 = CARTESIAN_POINT ( 'NONE',  ( 10.74999999999999645, 10.74999999999999645, 35.50000000000000711 ) ) ;
#515 = ORIENTED_EDGE ( 'NONE', *, *, #1467, .F. ) ;
#516 = DIRECTION ( 'NONE',  ( 1.000000000000000000, 0.000000000000000000, 0.000000000000000000 ) ) ;
#517 = CARTESIAN_POINT ( 'NONE',  ( 3.500000000000000888, -23.99999999999999289, 32.00000000000000000 ) ) ;
#518 = EDGE_CURVE ( 'NONE', #1456, #565, #1773, .T. ) ;
#519 = DIRECTION ( 'NONE',  ( 1.000000000000000000, 0.000000000000000000, 0.000000000000000000 ) ) ;
#520 = ORIENTED_EDGE ( 'NONE', *, *, #886, .T. ) ;
#521 = DIRECTION ( 'NONE',  ( 0.000000000000000000, 0.000000000000000000, -1.000000000000000000 ) ) ;
#522 = LINE ( 'NONE', #1085, #436 ) ;
#523 = ORIENTED_EDGE ( 'NONE', *, *, #768, .T. ) ;
#524 = CARTESIAN_POINT ( 'NONE',  ( 5.000000000000000888, -21.49999999999999645, 33.50000000000000000 ) ) ;
#525 = AXIS2_PLACEMENT_3D ( 'NONE', #1343, #643, #1603 ) ;
#526 = DIRECTION ( 'NONE',  ( 0.000000000000000000, 0.000000000000000000, 1.000000000000000000 ) ) ;
#527 = CIRCLE ( 'NONE', #370, 13.25000000000000533 ) ;
#528 = ORIENTED_EDGE ( 'NONE', *, *, #609, .T. ) ;
#529 = CARTESIAN_POINT ( 'NONE',  ( 4.000000000000000000, 23.50000000000000355, 35.50000000000000711 ) ) ;
#530 = AXIS2_PLACEMENT_3D ( 'NONE', #893, #1725, #45 ) ;
#531 = DIRECTION ( 'NONE',  ( -0.000000000000000000, 0.000000000000000000, 1.000000000000000000 ) ) ;
#532 = CIRCLE ( 'NONE', #503, 13.25000000000000533 ) ;
#533 = DIRECTION ( 'NONE',  ( 0.000000000000000000, -0.000000000000000000, 1.000000000000000000 ) ) ;
#534 = ADVANCED_FACE ( 'NONE', ( #1709 ), #980, .F. ) ;
#535 = DIRECTION ( 'NONE',  ( 1.000000000000000000, -0.000000000000000000, 0.000000000000000000 ) ) ;
#536 = EDGE_LOOP ( 'NONE', ( #837, #1445, #133, #723 ) ) ;
#537 = DIRECTION ( 'NONE',  ( 1.000000000000000000, 0.000000000000000000, 0.000000000000000000 ) ) ;
#538 = LINE ( 'NONE', #1094, #1830 ) ;
#539 = ORIENTED_EDGE ( 'NONE', *, *, #933, .T. ) ;
#540 = CARTESIAN_POINT ( 'NONE',  ( 0.000000000000000000, 0.000000000000000000, -40.00000000000000000 ) ) ;
#541 = VERTEX_POINT ( 'NONE', #701 ) ;
#542 = CARTESIAN_POINT ( 'NONE',  ( -4.229513952873775295, 25.37867965644035806, -40.00000000000000000 ) ) ;
#543 = ADVANCED_FACE ( 'NONE', ( #1530 ), #257, .T. ) ;
#544 = DIRECTION ( 'NONE',  ( -1.000000000000000000, -0.000000000000000000, -1.084202172485504434E-16 ) ) ;
#545 = LINE ( 'NONE', #1129, #1381 ) ;
#546 = ORIENTED_EDGE ( 'NONE', *, *, #1754, .F. ) ;
#547 = ADVANCED_FACE ( 'NONE', ( #1254 ), #556, .T. ) ;
#548 = LINE ( 'NONE', #260, #1800 ) ;
#549 = EDGE_CURVE ( 'NONE', #1456, #857, #1680, .T. ) ;
#550 = DIRECTION ( 'NONE',  ( -0.000000000000000000, -1.000000000000000000, -0.000000000000000000 ) ) ;
#551 = ORIENTED_EDGE ( 'NONE', *, *, #933, .F. ) ;
#552 = DIRECTION ( 'NONE',  ( 1.000000000000000000, 0.000000000000000000, 0.000000000000000000 ) ) ;
#553 = ORIENTED_EDGE ( 'NONE', *, *, #423, .F. ) ;
#554 = DIRECTION ( 'NONE',  ( -0.000000000000000000, -1.000000000000000000, -0.000000000000000000 ) ) ;
#555 = CYLINDRICAL_SURFACE ( 'NONE', #467, 10.75000000000000000 ) ;
#556 = CYLINDRICAL_SURFACE ( 'NONE', #172, 1.500000000000001332 ) ;
#557 = ORIENTED_EDGE ( 'NONE', *, *, #1326, .T. ) ;
#558 = FACE_OUTER_BOUND ( 'NONE', #1151, .T. ) ;
#559 = CARTESIAN_POINT ( 'NONE',  ( -22.49999999999998934, -22.49999999999999289, 38.50000000000000000 ) ) ;
#560 = ADVANCED_FACE ( 'NONE', ( #1023 ), #612, .F. ) ;
#561 = EDGE_CURVE ( 'NONE', #1552, #563, #30, .T. ) ;
#562 = CARTESIAN_POINT ( 'NONE',  ( -5.000000000000000000, -22.49999999999999289, 38.50000000000000000 ) ) ;
#563 = VERTEX_POINT ( 'NONE', #1736 ) ;
#564 = AXIS2_PLACEMENT_3D ( 'NONE', #762, #1319, #24 ) ;
#565 = VERTEX_POINT ( 'NONE', #1720 ) ;
#566 = DIRECTION ( 'NONE',  ( 0.000000000000000000, 0.000000000000000000, 1.000000000000000000 ) ) ;
#567 = DIRECTION ( 'NONE',  ( -1.000000000000000000, 0.000000000000000000, 0.000000000000000000 ) ) ;
#568 = CARTESIAN_POINT ( 'NONE',  ( 21.49999999999999645, 10.74999999999999645, 35.50000000000000711 ) ) ;
#569 = AXIS2_PLACEMENT_3D ( 'NONE', #1534, #414, #130 ) ;
#570 = VERTEX_POINT ( 'NONE', #1172 ) ;
#571 = DIRECTION ( 'NONE',  ( -0.000000000000000000, 0.000000000000000000, 1.000000000000000000 ) ) ;
#572 = FACE_OUTER_BOUND ( 'NONE', #22, .T. ) ;
#573 = EDGE_CURVE ( 'NONE', #1618, #38, #1310, .T. ) ;
#574 = ADVANCED_FACE ( 'NONE', ( #311 ), #476, .F. ) ;
#575 = DIRECTION ( 'NONE',  ( -0.000000000000000000, 0.000000000000000000, 1.000000000000000000 ) ) ;
#576 = CARTESIAN_POINT ( 'NONE',  ( 21.49999999999999645, 0.000000000000000000, -37.50000000000000000 ) ) ;
#577 = EDGE_LOOP ( 'NONE', ( #188, #1756, #551, #1192 ) ) ;
#578 = CARTESIAN_POINT ( 'NONE',  ( -21.99999999999999645, 3.550131764789745733E-15, 40.00000000000000000 ) ) ;
#579 = DIRECTION ( 'NONE',  ( 0.000000000000000000, 1.000000000000000000, 0.000000000000000000 ) ) ;
#580 = ORIENTED_EDGE ( 'NONE', *, *, #1020, .F. ) ;
#581 = ADVANCED_FACE ( 'NONE', ( #462 ), #13, .F. ) ;
#582 = DIRECTION ( 'NONE',  ( 0.000000000000000000, 0.000000000000000000, -1.000000000000000000 ) ) ;
#583 = EDGE_CURVE ( 'NONE', #874, #1348, #1447, .T. ) ;
#584 = ORIENTED_EDGE ( 'NONE', *, *, #398, .F. ) ;
#585 = DIRECTION ( 'NONE',  ( 0.000000000000000000, 0.000000000000000000, 1.000000000000000000 ) ) ;
#586 = DIRECTION ( 'NONE',  ( 0.000000000000000000, -0.000000000000000000, -1.000000000000000000 ) ) ;
#587 = CARTESIAN_POINT ( 'NONE',  ( 0.000000000000000000, 0.000000000000000000, 35.50000000000000711 ) ) ;
#588 = ORIENTED_EDGE ( 'NONE', *, *, #437, .F. ) ;
#589 = EDGE_CURVE ( 'NONE', #1488, #1616, #1599, .T. ) ;
#590 = CARTESIAN_POINT ( 'NONE',  ( 10.74999999999999645, 10.74999999999999645, -38.50000000000000000 ) ) ;
#591 = VECTOR ( 'NONE', #1378, 1000.000000000000000 ) ;
#592 = DIRECTION ( 'NONE',  ( -0.000000000000000000, -1.000000000000000000, -0.000000000000000000 ) ) ;
#593 = VERTEX_POINT ( 'NONE', #1455 ) ;
#594 = AXIS2_PLACEMENT_3D ( 'NONE', #425, #993, #677 ) ;
#595 = AXIS2_PLACEMENT_3D ( 'NONE', #263, #1123, #1811 ) ;
#596 = ADVANCED_FACE ( 'NONE', ( #1033 ), #907, .F. ) ;
#597 = CYLINDRICAL_SURFACE ( 'NONE', #1335, 11.24999999999999822 ) ;
#598 = LINE ( 'NONE', #273, #254 ) ;
#599 = VECTOR ( 'NONE', #585, 1000.000000000000000 ) ;
#600 = CARTESIAN_POINT ( 'NONE',  ( -22.50000000000000000, 10.74999999999999822, 38.50000000000000000 ) ) ;
#601 = EDGE_LOOP ( 'NONE', ( #255, #1531, #1430, #1405 ) ) ;
#602 = LINE ( 'NONE', #1143, #748 ) ;
#603 = DIRECTION ( 'NONE',  ( 0.000000000000000000, 0.000000000000000000, -1.000000000000000000 ) ) ;
#604 = ORIENTED_EDGE ( 'NONE', *, *, #234, .F. ) ;
#605 = ADVANCED_FACE ( 'NONE', ( #40 ), #901, .T. ) ;
#606 = CARTESIAN_POINT ( 'NONE',  ( 5.000000000000000000, -23.99999999999999289, 40.00000000000000000 ) ) ;
#607 = EDGE_CURVE ( 'NONE', #1145, #209, #1755, .T. ) ;
#608 = CARTESIAN_POINT ( 'NONE',  ( -13.57872218131090669, 22.15442154696851418, -40.00000000000000000 ) ) ;
#609 = EDGE_CURVE ( 'NONE', #697, #259, #1015, .T. ) ;
#610 = ORIENTED_EDGE ( 'NONE', *, *, #301, .F. ) ;
#611 = DIRECTION ( 'NONE',  ( -0.000000000000000000, 0.000000000000000000, 1.000000000000000000 ) ) ;
#612 = PLANE ( 'NONE',  #1209 ) ;
#613 = EDGE_LOOP ( 'NONE', ( #1482, #546, #1753, #1046 ) ) ;
#614 = DIRECTION ( 'NONE',  ( 0.9705890678271075211, -0.2407423133030555662, 0.000000000000000000 ) ) ;
#615 = DIRECTION ( 'NONE',  ( 0.000000000000000000, 1.000000000000000000, -0.000000000000000000 ) ) ;
#616 = ORIENTED_EDGE ( 'NONE', *, *, #1584, .T. ) ;
#617 = DIRECTION ( 'NONE',  ( -0.9705890678271074101, -0.2407423133030554829, 0.000000000000000000 ) ) ;
#618 = EDGE_CURVE ( 'NONE', #96, #1355, #1267, .T. ) ;
#619 = VERTEX_POINT ( 'NONE', #1436 ) ;
#620 = SPHERICAL_SURFACE ( 'NONE', #316, 1.500000000000000000 ) ;
#621 = DIRECTION ( 'NONE',  ( 1.000000000000000000, 0.000000000000000000, 0.000000000000000000 ) ) ;
#622 = ORIENTED_EDGE ( 'NONE', *, *, #664, .F. ) ;
#623 = VECTOR ( 'NONE', #290, 1000.000000000000000 ) ;
#624 = DIRECTION ( 'NONE',  ( 0.000000000000000000, -0.000000000000000000, 1.000000000000000000 ) ) ;
#625 = LINE ( 'NONE', #1439, #798 ) ;
#626 = VECTOR ( 'NONE', #303, 1000.000000000000000 ) ;
#627 = ORIENTED_EDGE ( 'NONE', *, *, #1457, .F. ) ;
#628 = CARTESIAN_POINT ( 'NONE',  ( -22.49999999999998934, -23.99999999999999289, -40.00000000000000000 ) ) ;
#629 = CIRCLE ( 'NONE', #52, 1.500000000000001332 ) ;
#630 = EDGE_CURVE ( 'NONE', #123, #1814, #164, .T. ) ;
#631 = ORIENTED_EDGE ( 'NONE', *, *, #583, .F. ) ;
#632 = CARTESIAN_POINT ( 'NONE',  ( 23.99999999999999289, -23.99999999999999289, -38.50000000000000000 ) ) ;
#633 = ORIENTED_EDGE ( 'NONE', *, *, #58, .F. ) ;
#634 = PRESENTATION_STYLE_ASSIGNMENT (( #648 ) ) ;
#635 = DIRECTION ( 'NONE',  ( -0.000000000000000000, 0.000000000000000000, -1.000000000000000000 ) ) ;
#636 = EDGE_LOOP ( 'NONE', ( #482, #981, #1433, #54 ) ) ;
#637 = CARTESIAN_POINT ( 'NONE',  ( -6.324736879116486854, 25.49913385614828343, -40.00000000000000000 ) ) ;
#638 = ORIENTED_EDGE ( 'NONE', *, *, #81, .T. ) ;
#639 = APPLICATION_PROTOCOL_DEFINITION ( 'draft international standard', 'automotive_design', 1998, #739 ) ;
#640 = EDGE_CURVE ( 'NONE', #1106, #1259, #1002, .T. ) ;
#641 = CYLINDRICAL_SURFACE ( 'NONE', #373, 1.500000000000001332 ) ;
#642 = VERTEX_POINT ( 'NONE', #339 ) ;
#643 = DIRECTION ( 'NONE',  ( 0.9705890678271075211, 0.2407423133030555662, 5.656406375937198711E-16 ) ) ;
#644 = ORIENTED_EDGE ( 'NONE', *, *, #1490, .F. ) ;
#645 = CARTESIAN_POINT ( 'NONE',  ( -22.49999999999998934, -23.99999999999999289, -38.50000000000000000 ) ) ;
#646 = CARTESIAN_POINT ( 'NONE',  ( 4.305419223664574524, 26.00000000000000711, 38.50000000000000000 ) ) ;
#647 = EDGE_CURVE ( 'NONE', #463, #1132, #157, .T. ) ;
#648 = SURFACE_STYLE_USAGE ( .BOTH. , #1757 ) ;
#649 = CARTESIAN_POINT ( 'NONE',  ( -3.550131764789745733E-15, -21.99999999999999645, 35.50000000000000711 ) ) ;
#650 = EDGE_LOOP ( 'NONE', ( #75, #737, #134, #763 ) ) ;
#651 = CIRCLE ( 'NONE', #1265, 10.75000000000000000 ) ;
#652 = EDGE_CURVE ( 'NONE', #1462, #147, #1579, .T. ) ;
#653 = CARTESIAN_POINT ( 'NONE',  ( -10.74999999999999645, 10.74999999999999645, 35.50000000000000711 ) ) ;
#654 = AXIS2_PLACEMENT_3D ( 'NONE', #660, #986, #1542 ) ;
#655 = AXIS2_PLACEMENT_3D ( 'NONE', #1583, #171, #754 ) ;
#656 = VERTEX_POINT ( 'NONE', #1763 ) ;
#657 = CIRCLE ( 'NONE', #319, 11.24999999999999645 ) ;
#658 = SHAPE_DEFINITION_REPRESENTATION ( #1602, #324 ) ;
#659 = LINE ( 'NONE', #1774, #464 ) ;
#660 = CARTESIAN_POINT ( 'NONE',  ( 22.49999999999999289, -22.49999999999999289, -38.50000000000000000 ) ) ;
#661 = CARTESIAN_POINT ( 'NONE',  ( 5.963623409161917799, 24.04325025440762076, 38.50000000000000000 ) ) ;
#662 = ADVANCED_FACE ( 'NONE', ( #491 ), #206, .T. ) ;
#663 = DIRECTION ( 'NONE',  ( 0.000000000000000000, 0.000000000000000000, -1.000000000000000000 ) ) ;
#664 = EDGE_CURVE ( 'NONE', #1396, #1641, #1197, .T. ) ;
#665 = EDGE_LOOP ( 'NONE', ( #492, #1424, #902, #1784 ) ) ;
#666 = DIRECTION ( 'NONE',  ( 3.227392513445223797E-16, -1.000000000000000000, 0.000000000000000000 ) ) ;
#667 = ORIENTED_EDGE ( 'NONE', *, *, #1548, .T. ) ;
#668 = LINE ( 'NONE', #786, #1295 ) ;
#669 = CARTESIAN_POINT ( 'NONE',  ( -13.93983565126548996, 23.61030514870917330, 38.50000000000000000 ) ) ;
#670 = ORIENTED_EDGE ( 'NONE', *, *, #1796, .T. ) ;
#671 = CARTESIAN_POINT ( 'NONE',  ( -22.50000000000000000, 10.74999999999999822, 40.00000000000000000 ) ) ;
#672 = EDGE_CURVE ( 'NONE', #1460, #1610, #1228, .T. ) ;
#673 = DIRECTION ( 'NONE',  ( -1.000000000000000000, 0.000000000000000000, 0.000000000000000000 ) ) ;
#674 = ORIENTED_EDGE ( 'NONE', *, *, #768, .F. ) ;
#675 = PLANE ( 'NONE',  #1125 ) ;
#676 = DIRECTION ( 'NONE',  ( -0.000000000000000000, -1.000000000000000000, 0.000000000000000000 ) ) ;
#677 = DIRECTION ( 'NONE',  ( 1.000000000000000000, 0.000000000000000000, 0.000000000000000000 ) ) ;
#678 = FACE_OUTER_BOUND ( 'NONE', #282, .T. ) ;
#679 = ORIENTED_EDGE ( 'NONE', *, *, #460, .T. ) ;
#680 = DIRECTION ( 'NONE',  ( 1.000000000000000000, 0.000000000000000000, 0.000000000000000000 ) ) ;
#681 = VECTOR ( 'NONE', #1406, 1000.000000000000227 ) ;
#682 = DIRECTION ( 'NONE',  ( -0.000000000000000000, 1.000000000000000000, -0.000000000000000000 ) ) ;
#683 = EDGE_CURVE ( 'NONE', #1488, #1538, #1475, .T. ) ;
#684 = CIRCLE ( 'NONE', #1828, 1.500000000000001332 ) ;
#685 = ORIENTED_EDGE ( 'NONE', *, *, #358, .T. ) ;
#686 = VECTOR ( 'NONE', #1249, 1000.000000000000227 ) ;
#687 = FACE_OUTER_BOUND ( 'NONE', #1188, .T. ) ;
#688 = AXIS2_PLACEMENT_3D ( 'NONE', #300, #899, #1740 ) ;
#689 = EDGE_CURVE ( 'NONE', #96, #1694, #1476, .T. ) ;
#690 = VERTEX_POINT ( 'NONE', #1515 ) ;
#691 = DIRECTION ( 'NONE',  ( -0.000000000000000000, -0.000000000000000000, -1.000000000000000000 ) ) ;
#692 = CARTESIAN_POINT ( 'NONE',  ( 10.74999999999999645, -21.49999999999999645, 103.6553218513581953 ) ) ;
#693 = EDGE_CURVE ( 'NONE', #488, #180, #1059, .T. ) ;
#694 = ORIENTED_EDGE ( 'NONE', *, *, #1279, .F. ) ;
#695 = FACE_OUTER_BOUND ( 'NONE', #1629, .T. ) ;
#696 = DIRECTION ( 'NONE',  ( 0.000000000000000000, 0.000000000000000000, 1.000000000000000000 ) ) ;
#697 = VERTEX_POINT ( 'NONE', #1111 ) ;
#698 = CYLINDRICAL_SURFACE ( 'NONE', #1478, 1.500000000000001110 ) ;
#699 = VERTEX_POINT ( 'NONE', #960 ) ;
#700 = CARTESIAN_POINT ( 'NONE',  ( -23.99999999999998934, -23.99999999999999289, -38.50000000000000000 ) ) ;
#701 = CARTESIAN_POINT ( 'NONE',  ( -5.000000000000000888, -21.99999999999999645, 35.50000000000000711 ) ) ;
#702 = ORIENTED_EDGE ( 'NONE', *, *, #189, .T. ) ;
#703 = EDGE_CURVE ( 'NONE', #510, #991, #918, .T. ) ;
#704 = CARTESIAN_POINT ( 'NONE',  ( 10.74999999999999645, 10.74999999999999645, -40.00000000000000000 ) ) ;
#705 = LINE ( 'NONE', #845, #1712 ) ;
#706 = CARTESIAN_POINT ( 'NONE',  ( 4.122167689465847218, 24.50000000000000000, -40.00000000000000000 ) ) ;
#707 = ORIENTED_EDGE ( 'NONE', *, *, #518, .F. ) ;
#708 = ORIENTED_EDGE ( 'NONE', *, *, #1434, .T. ) ;
#709 = DIRECTION ( 'NONE',  ( 1.000000000000000000, 0.000000000000000000, 0.000000000000000000 ) ) ;
#710 = EDGE_CURVE ( 'NONE', #209, #1320, #1340, .T. ) ;
#711 = DIRECTION ( 'NONE',  ( 0.000000000000000000, 0.000000000000000000, 1.000000000000000000 ) ) ;
#712 = DIRECTION ( 'NONE',  ( 0.000000000000000000, -0.000000000000000000, -1.000000000000000000 ) ) ;
#713 = EDGE_CURVE ( 'NONE', #1408, #147, #538, .T. ) ;
#714 = ORIENTED_EDGE ( 'NONE', *, *, #81, .F. ) ;
#715 = VECTOR ( 'NONE', #512, 1000.000000000000000 ) ;
#716 = VECTOR ( 'NONE', #384, 1000.000000000000000 ) ;
#717 = VECTOR ( 'NONE', #756, 1000.000000000000000 ) ;
#718 = ORIENTED_EDGE ( 'NONE', *, *, #1611, .F. ) ;
#719 = AXIS2_PLACEMENT_3D ( 'NONE', #637, #1019, #617 ) ;
#720 = LINE ( 'NONE', #831, #1181 ) ;
#721 = PLANE ( 'NONE',  #1592 ) ;
#722 = AXIS2_PLACEMENT_3D ( 'NONE', #1799, #1623, #1633 ) ;
#723 = ORIENTED_EDGE ( 'NONE', *, *, #872, .F. ) ;
#724 = CARTESIAN_POINT ( 'NONE',  ( -22.49999999999999645, -7.261633155251751398E-15, -38.50000000000000000 ) ) ;
#725 = CARTESIAN_POINT ( 'NONE',  ( -3.500000000000000888, -23.99999999999999289, 32.00000000000000000 ) ) ;
#726 = EDGE_LOOP ( 'NONE', ( #1190, #1453, #28, #1834 ) ) ;
#727 = ORIENTED_EDGE ( 'NONE', *, *, #589, .F. ) ;
#728 = CARTESIAN_POINT ( 'NONE',  ( -4.229513952873790394, 25.37867965644035806, 40.00000000000000000 ) ) ;
#729 = CARTESIAN_POINT ( 'NONE',  ( 10.74999999999999645, 10.74999999999999645, -38.50000000000000000 ) ) ;
#730 = VERTEX_POINT ( 'NONE', #60 ) ;
#731 = CARTESIAN_POINT ( 'NONE',  ( -23.99999999999999289, -22.49999999999999289, -40.00000000000000000 ) ) ;
#732 = DIRECTION ( 'NONE',  ( -1.000000000000000000, -0.000000000000000000, -0.000000000000000000 ) ) ;
#733 = FACE_OUTER_BOUND ( 'NONE', #1198, .T. ) ;
#734 = EDGE_CURVE ( 'NONE', #690, #196, #1395, .T. ) ;
#735 = CARTESIAN_POINT ( 'NONE',  ( -10.74999999999999645, -10.74999999999999645, -37.50000000000000000 ) ) ;
#736 = CARTESIAN_POINT ( 'NONE',  ( -4.000000000000000000, 23.50000000000000355, 103.6553218513581953 ) ) ;
#737 = ORIENTED_EDGE ( 'NONE', *, *, #1575, .F. ) ;
#738 = CARTESIAN_POINT ( 'NONE',  ( -10.74999999999999645, 10.74999999999999645, 38.50000000000000000 ) ) ;
#739 = APPLICATION_CONTEXT ( 'automotive_design' ) ;
#740 = DIRECTION ( 'NONE',  ( 0.9705890678271075211, 0.2407423133030555107, 0.000000000000000000 ) ) ;
#741 = ADVANCED_FACE ( 'NONE', ( #836 ), #641, .T. ) ;
#742 = ORIENTED_EDGE ( 'NONE', *, *, #47, .T. ) ;
#743 = AXIS2_PLACEMENT_3D ( 'NONE', #247, #848, #965 ) ;
#744 = CARTESIAN_POINT ( 'NONE',  ( -4.122167689465846330, 24.50000000000000000, 40.00000000000000000 ) ) ;
#745 = ADVANCED_FACE ( 'NONE', ( #243 ), #401, .F. ) ;
#746 = CARTESIAN_POINT ( 'NONE',  ( -10.74999999999999645, 10.74999999999999645, -40.00000000000000000 ) ) ;
#747 = ORIENTED_EDGE ( 'NONE', *, *, #630, .F. ) ;
#748 = VECTOR ( 'NONE', #1162, 1000.000000000000000 ) ;
#749 = AXIS2_PLACEMENT_3D ( 'NONE', #966, #1808, #582 ) ;
#750 = DIRECTION ( 'NONE',  ( -1.084202172485504434E-16, 1.749572987270382095E-32, 1.000000000000000000 ) ) ;
#751 = VECTOR ( 'NONE', #682, 1000.000000000000000 ) ;
#752 = DIRECTION ( 'NONE',  ( 1.000000000000000000, 0.000000000000000000, 0.000000000000000000 ) ) ;
#753 = CIRCLE ( 'NONE', #1537, 1.500000000000001110 ) ;
#754 = DIRECTION ( 'NONE',  ( 1.000000000000000000, 0.000000000000000000, 0.000000000000000000 ) ) ;
#755 = FACE_OUTER_BOUND ( 'NONE', #1060, .T. ) ;
#756 = DIRECTION ( 'NONE',  ( 1.000000000000000000, 0.000000000000000000, 0.000000000000000000 ) ) ;
#757 = ORIENTED_EDGE ( 'NONE', *, *, #309, .T. ) ;
#758 = PLANE ( 'NONE',  #352 ) ;
#759 = CARTESIAN_POINT ( 'NONE',  ( -13.45835102465937894, 21.66912701305495759, 40.00000000000000000 ) ) ;
#760 = ORIENTED_EDGE ( 'NONE', *, *, #47, .F. ) ;
#761 = CARTESIAN_POINT ( 'NONE',  ( 13.93983565126548818, 23.61030514870917330, -40.00000000000000000 ) ) ;
#762 = CARTESIAN_POINT ( 'NONE',  ( -10.74999999999999645, -10.74999999999999645, 103.6553218513581953 ) ) ;
#763 = ORIENTED_EDGE ( 'NONE', *, *, #1356, .F. ) ;
#764 = DIRECTION ( 'NONE',  ( 1.000000000000000000, -0.000000000000000000, 0.000000000000000000 ) ) ;
#765 = CARTESIAN_POINT ( 'NONE',  ( 22.49999999999999289, 0.000000000000000000, -40.00000000000000000 ) ) ;
#766 = ORIENTED_EDGE ( 'NONE', *, *, #264, .T. ) ;
#767 = DIRECTION ( 'NONE',  ( 0.000000000000000000, 0.000000000000000000, -1.000000000000000000 ) ) ;
#768 = EDGE_CURVE ( 'NONE', #1217, #898, #1153, .T. ) ;
#769 = ORIENTED_EDGE ( 'NONE', *, *, #1688, .T. ) ;
#770 = CARTESIAN_POINT ( 'NONE',  ( 0.000000000000000000, 0.000000000000000000, 0.000000000000000000 ) ) ;
#771 = CARTESIAN_POINT ( 'NONE',  ( 13.45835102465938071, 21.66912701305495759, -40.00000000000000000 ) ) ;
#772 = ORIENTED_EDGE ( 'NONE', *, *, #573, .F. ) ;
#773 = VECTOR ( 'NONE', #1037, 1000.000000000000000 ) ;
#774 = CARTESIAN_POINT ( 'NONE',  ( 5.000000000000004441, -23.99999999999999289, 5.421010862427527100E-16 ) ) ;
#775 = CARTESIAN_POINT ( 'NONE',  ( 13.45835102465938071, 21.66912701305495759, 40.00000000000000000 ) ) ;
#776 = AXIS2_PLACEMENT_3D ( 'NONE', #1063, #1342, #521 ) ;
#777 = VECTOR ( 'NONE', #1463, 1000.000000000000000 ) ;
#778 = ORIENTED_EDGE ( 'NONE', *, *, #1758, .F. ) ;
#779 = DIRECTION ( 'NONE',  ( 0.000000000000000000, 0.000000000000000000, 1.000000000000000000 ) ) ;
#780 = AXIS2_PLACEMENT_3D ( 'NONE', #825, #1656, #381 ) ;
#781 = AXIS2_PLACEMENT_3D ( 'NONE', #210, #1553, #1819 ) ;
#782 = EDGE_CURVE ( 'NONE', #730, #898, #950, .T. ) ;
#783 = ORIENTED_EDGE ( 'NONE', *, *, #1746, .F. ) ;
#784 = CARTESIAN_POINT ( 'NONE',  ( -21.99999999999999645, 10.74999999999999822, -40.00000000000000000 ) ) ;
#785 = ORIENTED_EDGE ( 'NONE', *, *, #1806, .F. ) ;
#786 = CARTESIAN_POINT ( 'NONE',  ( -4.999999999999992895, -21.49999999999999645, 103.6553218513581953 ) ) ;
#787 = VERTEX_POINT ( 'NONE', #1240 ) ;
#788 = CARTESIAN_POINT ( 'NONE',  ( 0.000000000000000000, 24.50000000000000000, 38.50000000000000000 ) ) ;
#789 = ADVANCED_FACE ( 'NONE', ( #1801 ), #1103, .T. ) ;
#790 = ORIENTED_EDGE ( 'NONE', *, *, #886, .F. ) ;
#791 = DIRECTION ( 'NONE',  ( -1.000000000000000000, 0.000000000000000000, 0.000000000000000000 ) ) ;
#792 = PLANE ( 'NONE',  #781 ) ;
#793 = ORIENTED_EDGE ( 'NONE', *, *, #1647, .T. ) ;
#794 = EDGE_CURVE ( 'NONE', #1809, #656, #1058, .T. ) ;
#795 = PLANE ( 'NONE',  #1090 ) ;
#796 = CARTESIAN_POINT ( 'NONE',  ( -5.963623409161903588, 24.04325025440762431, 38.50000000000000000 ) ) ;
#797 = EDGE_LOOP ( 'NONE', ( #854, #402, #422, #1817 ) ) ;
#798 = VECTOR ( 'NONE', #314, 1000.000000000000000 ) ;
#799 = ADVANCED_FACE ( 'NONE', ( #1251 ), #675, .T. ) ;
#800 = CARTESIAN_POINT ( 'NONE',  ( -5.843252252510376721, 23.55795572049406772, 40.00000000000000000 ) ) ;
#801 = CIRCLE ( 'NONE', #1770, 11.75000000000000533 ) ;
#802 = AXIS2_PLACEMENT_3D ( 'NONE', #1042, #195, #1609 ) ;
#803 = VECTOR ( 'NONE', #989, 1000.000000000000000 ) ;
#804 = CARTESIAN_POINT ( 'NONE',  ( 10.74999999999999467, -22.00000000000000000, 35.50000000000001421 ) ) ;
#805 = ORIENTED_EDGE ( 'NONE', *, *, #1011, .T. ) ;
#806 = ORIENTED_EDGE ( 'NONE', *, *, #1426, .F. ) ;
#807 = DIRECTION ( 'NONE',  ( 0.000000000000000000, 0.000000000000000000, 1.000000000000000000 ) ) ;
#808 = EDGE_CURVE ( 'NONE', #147, #259, #942, .T. ) ;
#809 = DIRECTION ( 'NONE',  ( 1.000000000000000000, 0.000000000000000000, 0.000000000000000000 ) ) ;
#810 = CARTESIAN_POINT ( 'NONE',  ( 0.000000000000000000, -23.99999999999999289, 38.50000000000000000 ) ) ;
#811 = ORIENTED_EDGE ( 'NONE', *, *, #12, .T. ) ;
#812 = LINE ( 'NONE', #239, #1412 ) ;
#813 = DIRECTION ( 'NONE',  ( -0.9705890678271075211, -0.2407423133030555107, 0.000000000000000000 ) ) ;
#814 = ORIENTED_EDGE ( 'NONE', *, *, #203, .T. ) ;
#815 = FACE_OUTER_BOUND ( 'NONE', #1315, .T. ) ;
#816 = ADVANCED_FACE ( 'NONE', ( #382 ), #1377, .F. ) ;
#817 = CARTESIAN_POINT ( 'NONE',  ( -22.00000000000000000, -10.74999999999999467, -40.00000000000000000 ) ) ;
#818 = VERTEX_POINT ( 'NONE', #1713 ) ;
#819 = CARTESIAN_POINT ( 'NONE',  ( 21.99999999999999289, -10.75000000000000000, 40.00000000000000000 ) ) ;
#820 = CARTESIAN_POINT ( 'NONE',  ( -21.99999999999999645, 10.74999999999999822, 40.00000000000000000 ) ) ;
#821 = DIRECTION ( 'NONE',  ( 0.000000000000000000, -0.000000000000000000, -1.000000000000000000 ) ) ;
#822 = DIRECTION ( 'NONE',  ( -1.000000000000000000, 0.000000000000000000, 0.000000000000000000 ) ) ;
#823 = CIRCLE ( 'NONE', #938, 10.75000000000000000 ) ;
#824 = AXIS2_PLACEMENT_3D ( 'NONE', #1272, #1135, #1698 ) ;
#825 = CARTESIAN_POINT ( 'NONE',  ( 22.49999999999999289, 10.74999999999999645, -38.50000000000000000 ) ) ;
#826 = ORIENTED_EDGE ( 'NONE', *, *, #1496, .F. ) ;
#827 = EDGE_CURVE ( 'NONE', #393, #593, #245, .T. ) ;
#828 = CARTESIAN_POINT ( 'NONE',  ( 13.93983565126548818, 23.61030514870917330, 38.50000000000000000 ) ) ;
#829 = EDGE_LOOP ( 'NONE', ( #1274, #1449, #64, #1549 ) ) ;
#830 = VECTOR ( 'NONE', #1017, 1000.000000000000000 ) ;
#831 = CARTESIAN_POINT ( 'NONE',  ( 0.000000000000000000, -22.49999999999999289, 40.00000000000000000 ) ) ;
#832 = CARTESIAN_POINT ( 'NONE',  ( -23.99999999999999645, -7.745742032268535140E-15, -40.00000000000000000 ) ) ;
#833 = ORIENTED_EDGE ( 'NONE', *, *, #583, .T. ) ;
#834 = CARTESIAN_POINT ( 'NONE',  ( 22.49999999999999289, 10.74999999999999645, -40.00000000000000000 ) ) ;
#835 = DIRECTION ( 'NONE',  ( 1.000000000000000000, 0.000000000000000000, 0.000000000000000000 ) ) ;
#836 = FACE_OUTER_BOUND ( 'NONE', #636, .T. ) ;
#837 = ORIENTED_EDGE ( 'NONE', *, *, #346, .T. ) ;
#838 = CARTESIAN_POINT ( 'NONE',  ( -4.305419223664572748, 26.00000000000000355, -40.00000000000000000 ) ) ;
#839 = EDGE_CURVE ( 'NONE', #1641, #964, #890, .T. ) ;
#840 = DIRECTION ( 'NONE',  ( -1.000000000000000000, 0.000000000000000000, 0.000000000000000000 ) ) ;
#841 = EDGE_CURVE ( 'NONE', #1606, #1552, #860, .T. ) ;
#842 = CYLINDRICAL_SURFACE ( 'NONE', #749, 1.500000000000001332 ) ;
#843 = ORIENTED_EDGE ( 'NONE', *, *, #1754, .T. ) ;
#844 = FACE_OUTER_BOUND ( 'NONE', #1344, .T. ) ;
#845 = CARTESIAN_POINT ( 'NONE',  ( -22.50000000000000000, 10.74999999999999822, -40.00000000000000000 ) ) ;
#846 = ORIENTED_EDGE ( 'NONE', *, *, #1470, .T. ) ;
#847 = ADVANCED_FACE ( 'NONE', ( #733 ), #8, .T. ) ;
#848 = DIRECTION ( 'NONE',  ( -1.000000000000000000, 0.000000000000000000, 0.000000000000000000 ) ) ;
#849 = DIRECTION ( 'NONE',  ( 0.000000000000000000, -1.000000000000000000, 0.000000000000000000 ) ) ;
#850 = ORIENTED_EDGE ( 'NONE', *, *, #398, .T. ) ;
#851 = FACE_OUTER_BOUND ( 'NONE', #650, .T. ) ;
#852 = LINE ( 'NONE', #1121, #1648 ) ;
#853 = EDGE_CURVE ( 'NONE', #1080, #196, #49, .T. ) ;
#854 = ORIENTED_EDGE ( 'NONE', *, *, #1829, .T. ) ;
#855 = CIRCLE ( 'NONE', #1206, 11.25000000000000000 ) ;
#856 = VECTOR ( 'NONE', #377, 1000.000000000000000 ) ;
#857 = VERTEX_POINT ( 'NONE', #1813 ) ;
#858 = CARTESIAN_POINT ( 'NONE',  ( 10.74999999999999645, 10.74999999999999645, 40.00000000000000000 ) ) ;
#859 = VECTOR ( 'NONE', #163, 1000.000000000000000 ) ;
#860 = CIRCLE ( 'NONE', #1383, 10.75000000000000000 ) ;
#861 = CARTESIAN_POINT ( 'NONE',  ( -22.49999999999998934, -22.49999999999999289, -40.00000000000000000 ) ) ;
#862 = CARTESIAN_POINT ( 'NONE',  ( -3.500000000000000888, -21.49999999999999645, 32.00000000000000000 ) ) ;
#863 = ORIENTED_EDGE ( 'NONE', *, *, #1607, .F. ) ;
#864 = CARTESIAN_POINT ( 'NONE',  ( 22.49999999999999289, -23.99999999999999289, 38.50000000000000000 ) ) ;
#865 = CARTESIAN_POINT ( 'NONE',  ( 0.000000000000000000, -23.99999999999999289, 38.50000000000000000 ) ) ;
#866 = VERTEX_POINT ( 'NONE', #804 ) ;
#867 = EDGE_LOOP ( 'NONE', ( #783, #175, #633, #1392 ) ) ;
#868 = CARTESIAN_POINT ( 'NONE',  ( 10.74999999999999467, -22.00000000000000000, -40.00000000000000000 ) ) ;
#869 = DIRECTION ( 'NONE',  ( 0.2407423133030559270, 0.9705890678271074101, -0.000000000000000000 ) ) ;
#870 = EDGE_LOOP ( 'NONE', ( #1117, #185, #480, #622 ) ) ;
#871 = CARTESIAN_POINT ( 'NONE',  ( -21.49999999999999645, 10.74999999999999645, 103.6553218513581953 ) ) ;
#872 = EDGE_CURVE ( 'NONE', #38, #1355, #403, .T. ) ;
#873 = DIRECTION ( 'NONE',  ( 0.000000000000000000, 1.000000000000000000, -0.000000000000000000 ) ) ;
#874 = VERTEX_POINT ( 'NONE', #529 ) ;
#875 = CARTESIAN_POINT ( 'NONE',  ( -24.00000000000000000, 10.74999999999999822, 38.50000000000000000 ) ) ;
#876 = DIRECTION ( 'NONE',  ( 0.000000000000000000, 0.000000000000000000, 1.000000000000000000 ) ) ;
#877 = ORIENTED_EDGE ( 'NONE', *, *, #683, .F. ) ;
#878 = CARTESIAN_POINT ( 'NONE',  ( 13.33797986800784940, 21.18383247914140100, 35.50000000000000711 ) ) ;
#879 = CARTESIAN_POINT ( 'NONE',  ( -5.722881095858851630, 23.07266118658052179, -37.50000000000000000 ) ) ;
#880 = FACE_OUTER_BOUND ( 'NONE', #1130, .T. ) ;
#881 = EDGE_LOOP ( 'NONE', ( #1195, #1718, #814, #413 ) ) ;
#882 = CIRCLE ( 'NONE', #1354, 10.75000000000000000 ) ;
#883 = DIRECTION ( 'NONE',  ( 1.000000000000000000, 0.000000000000000000, 0.000000000000000000 ) ) ;
#884 = AXIS2_PLACEMENT_3D ( 'NONE', #955, #1638, #945 ) ;
#885 = DIRECTION ( 'NONE',  ( 0.000000000000000000, 0.000000000000000000, 1.000000000000000000 ) ) ;
#886 = EDGE_CURVE ( 'NONE', #1538, #183, #84, .T. ) ;
#887 = ORIENTED_EDGE ( 'NONE', *, *, #1326, .F. ) ;
#888 = AXIS2_PLACEMENT_3D ( 'NONE', #87, #821, #232 ) ;
#889 = CARTESIAN_POINT ( 'NONE',  ( 21.99999999999999645, 10.74999999999999645, 35.50000000000001421 ) ) ;
#890 = CIRCLE ( 'NONE', #1068, 11.25000000000000000 ) ;
#891 = CARTESIAN_POINT ( 'NONE',  ( 10.74999999999999645, 10.74999999999999645, 35.50000000000000711 ) ) ;
#892 = VECTOR ( 'NONE', #922, 1000.000000000000000 ) ;
#893 = CARTESIAN_POINT ( 'NONE',  ( -22.49999999999998934, -22.49999999999999289, 38.50000000000000000 ) ) ;
#894 = CARTESIAN_POINT ( 'NONE',  ( 4.305419223664574524, 26.00000000000000355, 38.50000000000000000 ) ) ;
#895 = ORIENTED_EDGE ( 'NONE', *, *, #264, .F. ) ;
#896 = LINE ( 'NONE', #1722, #1631 ) ;
#897 = CARTESIAN_POINT ( 'NONE',  ( -22.49999999999998934, -22.49999999999999289, -38.50000000000000000 ) ) ;
#898 = VERTEX_POINT ( 'NONE', #975 ) ;
#899 = DIRECTION ( 'NONE',  ( -0.2407423133030555662, 0.9705890678271075211, 0.000000000000000000 ) ) ;
#900 = EDGE_LOOP ( 'NONE', ( #904, #1387, #1764, #941 ) ) ;
#901 = PLANE ( 'NONE',  #802 ) ;
#902 = ORIENTED_EDGE ( 'NONE', *, *, #91, .F. ) ;
#903 = CARTESIAN_POINT ( 'NONE',  ( 13.93983565126548818, 23.61030514870917330, 38.50000000000000000 ) ) ;
#904 = ORIENTED_EDGE ( 'NONE', *, *, #1178, .T. ) ;
#905 = CARTESIAN_POINT ( 'NONE',  ( 0.000000000000000000, 23.50000000000000355, 35.50000000000000711 ) ) ;
#906 = ORIENTED_EDGE ( 'NONE', *, *, #1339, .F. ) ;
#907 = CYLINDRICAL_SURFACE ( 'NONE', #564, 10.75000000000000000 ) ;
#908 = ORIENTED_EDGE ( 'NONE', *, *, #349, .F. ) ;
#909 = DIRECTION ( 'NONE',  ( 0.000000000000000000, 0.000000000000000000, -1.000000000000000000 ) ) ;
#910 = AXIS2_PLACEMENT_3D ( 'NONE', #1193, #1502, #207 ) ;
#911 = VECTOR ( 'NONE', #138, 1000.000000000000000 ) ;
#912 = ORIENTED_EDGE ( 'NONE', *, *, #549, .F. ) ;
#913 = DIRECTION ( 'NONE',  ( 0.000000000000000000, 0.000000000000000000, 1.000000000000000000 ) ) ;
#914 = AXIS2_PLACEMENT_3D ( 'NONE', #193, #1307, #767 ) ;
#915 = AXIS2_PLACEMENT_3D ( 'NONE', #361, #913, #82 ) ;
#916 = EDGE_CURVE ( 'NONE', #1203, #787, #1510, .T. ) ;
#917 = EDGE_LOOP ( 'NONE', ( #877, #1336, #694, #790 ) ) ;
#918 = LINE ( 'NONE', #1524, #1566 ) ;
#919 = DIRECTION ( 'NONE',  ( 0.000000000000000000, -1.000000000000000000, 0.000000000000000000 ) ) ;
#920 = CARTESIAN_POINT ( 'NONE',  ( 4.305419223664574524, 26.00000000000000711, 38.50000000000000000 ) ) ;
#921 = ORIENTED_EDGE ( 'NONE', *, *, #652, .T. ) ;
#922 = DIRECTION ( 'NONE',  ( 0.000000000000000000, 0.000000000000000000, 1.000000000000000000 ) ) ;
#923 = EDGE_CURVE ( 'NONE', #991, #818, #101, .T. ) ;
#924 = ORIENTED_EDGE ( 'NONE', *, *, #508, .T. ) ;
#925 = EDGE_CURVE ( 'NONE', #312, #1618, #1095, .T. ) ;
#926 = EDGE_LOOP ( 'NONE', ( #708, #1124, #431, #644 ) ) ;
#927 = CARTESIAN_POINT ( 'NONE',  ( -10.74999999999999645, 10.74999999999999645, -38.50000000000000000 ) ) ;
#928 = VERTEX_POINT ( 'NONE', #819 ) ;
#929 = DIRECTION ( 'NONE',  ( -1.000000000000000000, 0.000000000000000000, 0.000000000000000000 ) ) ;
#930 = ADVANCED_FACE ( 'NONE', ( #687 ), #962, .T. ) ;
#931 = DIRECTION ( 'NONE',  ( 1.000000000000000000, 0.000000000000000000, 0.000000000000000000 ) ) ;
#932 = LINE ( 'NONE', #63, #169 ) ;
#933 = EDGE_CURVE ( 'NONE', #495, #857, #253, .T. ) ;
#934 = LINE ( 'NONE', #505, #1590 ) ;
#935 = ORIENTED_EDGE ( 'NONE', *, *, #51, .T. ) ;
#936 = AXIS2_PLACEMENT_3D ( 'NONE', #1077, #531, #931 ) ;
#937 = LINE ( 'NONE', #1353, #1654 ) ;
#938 = AXIS2_PLACEMENT_3D ( 'NONE', #735, #611, #883 ) ;
#939 = AXIS2_PLACEMENT_3D ( 'NONE', #1617, #592, #603 ) ;
#940 = AXIS2_PLACEMENT_3D ( 'NONE', #141, #968, #1109 ) ;
#941 = ORIENTED_EDGE ( 'NONE', *, *, #437, .T. ) ;
#942 = LINE ( 'NONE', #1148, #350 ) ;
#943 = CARTESIAN_POINT ( 'NONE',  ( 10.74999999999999645, -10.74999999999999645, 103.6553218513581953 ) ) ;
#944 = DIRECTION ( 'NONE',  ( -0.000000000000000000, -0.000000000000000000, -1.000000000000000000 ) ) ;
#945 = DIRECTION ( 'NONE',  ( 0.000000000000000000, 0.000000000000000000, -1.000000000000000000 ) ) ;
#946 = ORIENTED_EDGE ( 'NONE', *, *, #1169, .F. ) ;
#947 = ADVANCED_FACE ( 'NONE', ( #114 ), #698, .T. ) ;
#948 = CARTESIAN_POINT ( 'NONE',  ( 21.49999999999999645, 10.74999999999999645, 103.6553218513581953 ) ) ;
#949 = CARTESIAN_POINT ( 'NONE',  ( 13.57872218131090492, 22.15442154696851063, 40.00000000000000000 ) ) ;
#950 = LINE ( 'NONE', #98, #751 ) ;
#951 = ORIENTED_EDGE ( 'NONE', *, *, #1304, .T. ) ;
#952 = CARTESIAN_POINT ( 'NONE',  ( 4.305419223664552320, 26.00000000000000711, -39.37867965644036161 ) ) ;
#953 = ORIENTED_EDGE ( 'NONE', *, *, #153, .T. ) ;
#954 = PLANE ( 'NONE',  #743 ) ;
#955 = CARTESIAN_POINT ( 'NONE',  ( 0.000000000000000000, -22.49999999999999289, 38.50000000000000000 ) ) ;
#956 = EDGE_LOOP ( 'NONE', ( #359, #1252, #580 ) ) ;
#957 = CARTESIAN_POINT ( 'NONE',  ( -23.99999999999999645, -7.745742032268535140E-15, 38.50000000000000000 ) ) ;
#958 = EDGE_CURVE ( 'NONE', #619, #928, #1469, .T. ) ;
#959 = EDGE_CURVE ( 'NONE', #1804, #1203, #1093, .T. ) ;
#960 = CARTESIAN_POINT ( 'NONE',  ( 3.500000000000000888, -21.49999999999999645, 32.00000000000000000 ) ) ;
#961 = VERTEX_POINT ( 'NONE', #184 ) ;
#962 = CYLINDRICAL_SURFACE ( 'NONE', #173, 1.500000000000001332 ) ;
#963 = EDGE_LOOP ( 'NONE', ( #1737, #367, #1021, #1802 ) ) ;
#964 = VERTEX_POINT ( 'NONE', #759 ) ;
#965 = DIRECTION ( 'NONE',  ( 0.000000000000000000, 0.000000000000000000, 1.000000000000000000 ) ) ;
#966 = CARTESIAN_POINT ( 'NONE',  ( -3.500000000000000888, -23.99999999999999289, 33.50000000000000000 ) ) ;
#967 = EDGE_LOOP ( 'NONE', ( #727, #1140, #1043, #1234, #1710, #1360, #214 ) ) ;
#968 = DIRECTION ( 'NONE',  ( 0.000000000000000000, -1.000000000000000000, 0.000000000000000000 ) ) ;
#969 = DIRECTION ( 'NONE',  ( 0.000000000000000000, 0.000000000000000000, 1.000000000000000000 ) ) ;
#970 = AXIS2_PLACEMENT_3D ( 'NONE', #1253, #268, #533 ) ;
#971 = AXIS2_PLACEMENT_3D ( 'NONE', #160, #1139, #586 ) ;
#972 = DIRECTION ( 'NONE',  ( -1.613696256722611898E-16, -1.000000000000000000, 0.000000000000000000 ) ) ;
#973 = ORIENTED_EDGE ( 'NONE', *, *, #1011, .F. ) ;
#974 = AXIS2_PLACEMENT_3D ( 'NONE', #832, #1391, #1570 ) ;
#975 = CARTESIAN_POINT ( 'NONE',  ( 23.99999999999999289, 10.74999999999999645, -38.50000000000000000 ) ) ;
#976 = AXIS2_PLACEMENT_3D ( 'NONE', #600, #873, #1189 ) ;
#977 = ORIENTED_EDGE ( 'NONE', *, *, #1199, .F. ) ;
#978 = VECTOR ( 'NONE', #750, 1000.000000000000000 ) ;
#979 = PLANE ( 'NONE',  #970 ) ;
#980 = PLANE ( 'NONE',  #1122 ) ;
#981 = ORIENTED_EDGE ( 'NONE', *, *, #1029, .F. ) ;
#982 = DIRECTION ( 'NONE',  ( 1.000000000000000000, 0.000000000000000000, 0.000000000000000000 ) ) ;
#983 = EDGE_CURVE ( 'NONE', #463, #874, #481, .T. ) ;
#984 = ORIENTED_EDGE ( 'NONE', *, *, #1584, .F. ) ;
#985 = ORIENTED_EDGE ( 'NONE', *, *, #1792, .F. ) ;
#986 = DIRECTION ( 'NONE',  ( -0.000000000000000000, -0.000000000000000000, 1.000000000000000000 ) ) ;
#987 = DIRECTION ( 'NONE',  ( 3.227392513445223797E-16, -1.000000000000000000, 0.000000000000000000 ) ) ;
#988 = ORIENTED_EDGE ( 'NONE', *, *, #923, .T. ) ;
#989 = DIRECTION ( 'NONE',  ( 0.000000000000000000, -1.000000000000000000, 0.000000000000000000 ) ) ;
#990 = EDGE_LOOP ( 'NONE', ( #685, #769, #1161 ) ) ;
#991 = VERTEX_POINT ( 'NONE', #1047 ) ;
#992 = ADVANCED_FACE ( 'NONE', ( #36 ), #27, .T. ) ;
#993 = DIRECTION ( 'NONE',  ( 0.000000000000000000, -0.000000000000000000, -1.000000000000000000 ) ) ;
#994 = CARTESIAN_POINT ( 'NONE',  ( 5.000000000000000888, -23.99999999999999289, 33.50000000000000000 ) ) ;
#995 = ORIENTED_EDGE ( 'NONE', *, *, #1325, .T. ) ;
#996 = EDGE_CURVE ( 'NONE', #1080, #1616, #1761, .T. ) ;
#997 = CARTESIAN_POINT ( 'NONE',  ( -22.49999999999998934, -22.49999999999999289, 38.50000000000000000 ) ) ;
#998 = CARTESIAN_POINT ( 'NONE',  ( -22.00000000000000000, -10.74999999999999467, 40.00000000000000000 ) ) ;
#999 = ORIENTED_EDGE ( 'NONE', *, *, #1523, .F. ) ;
#1000 = VECTOR ( 'NONE', #43, 1000.000000000000000 ) ;
#1001 = CIRCLE ( 'NONE', #497, 11.75000000000000533 ) ;
#1002 = CIRCLE ( 'NONE', #939, 1.500000000000001332 ) ;
#1003 = EDGE_LOOP ( 'NONE', ( #1229, #1621, #906, #62 ) ) ;
#1004 = VECTOR ( 'NONE', #94, 1000.000000000000000 ) ;
#1005 = CARTESIAN_POINT ( 'NONE',  ( -4.305419223664572748, 26.00000000000000355, 38.50000000000000000 ) ) ;
#1006 = DIRECTION ( 'NONE',  ( 1.000000000000000000, 0.000000000000000000, -0.000000000000000000 ) ) ;
#1007 = AXIS2_PLACEMENT_3D ( 'NONE', #788, #929, #1202 ) ;
#1008 = VERTEX_POINT ( 'NONE', #608 ) ;
#1009 = EDGE_CURVE ( 'NONE', #463, #1247, #449, .T. ) ;
#1010 = DIRECTION ( 'NONE',  ( 0.000000000000000000, 1.000000000000000000, 0.000000000000000000 ) ) ;
#1011 = EDGE_CURVE ( 'NONE', #1485, #730, #289, .T. ) ;
#1012 = CARTESIAN_POINT ( 'NONE',  ( -10.74999999999999645, -10.74999999999999645, 40.00000000000000000 ) ) ;
#1013 = VERTEX_POINT ( 'NONE', #1732 ) ;
#1014 = DIRECTION ( 'NONE',  ( 0.000000000000000000, 0.000000000000000000, 1.000000000000000000 ) ) ;
#1015 = LINE ( 'NONE', #771, #228 ) ;
#1016 = ORIENTED_EDGE ( 'NONE', *, *, #983, .T. ) ;
#1017 = DIRECTION ( 'NONE',  ( -0.000000000000000000, -0.000000000000000000, -1.000000000000000000 ) ) ;
#1018 = LINE ( 'NONE', #879, #1443 ) ;
#1019 = DIRECTION ( 'NONE',  ( -0.2407423133030555107, 0.9705890678271075211, 0.000000000000000000 ) ) ;
#1020 = EDGE_CURVE ( 'NONE', #120, #787, #1213, .T. ) ;
#1021 = ORIENTED_EDGE ( 'NONE', *, *, #1688, .F. ) ;
#1022 = LINE ( 'NONE', #148, #48 ) ;
#1023 = FACE_OUTER_BOUND ( 'NONE', #1782, .T. ) ;
#1024 = ORIENTED_EDGE ( 'NONE', *, *, #1064, .F. ) ;
#1025 = DIRECTION ( 'NONE',  ( 0.2407423133030555940, -0.9705890678271074101, 0.000000000000000000 ) ) ;
#1026 = DIRECTION ( 'NONE',  ( 1.000000000000000000, 0.000000000000000000, 0.000000000000000000 ) ) ;
#1027 = ORIENTED_EDGE ( 'NONE', *, *, #333, .F. ) ;
#1028 = CIRCLE ( 'NONE', #256, 1.500000000000001332 ) ;
#1029 = EDGE_CURVE ( 'NONE', #183, #1145, #330, .T. ) ;
#1030 = CIRCLE ( 'NONE', #594, 11.24999999999999645 ) ;
#1031 = LINE ( 'NONE', #295, #859 ) ;
#1032 = AXIS2_PLACEMENT_3D ( 'NONE', #1144, #1693, #709 ) ;
#1033 = FACE_OUTER_BOUND ( 'NONE', #613, .T. ) ;
#1034 = VERTEX_POINT ( 'NONE', #337 ) ;
#1035 = VECTOR ( 'NONE', #526, 1000.000000000000000 ) ;
#1036 = DIRECTION ( 'NONE',  ( 1.000000000000000000, -0.000000000000000000, 0.000000000000000000 ) ) ;
#1037 = DIRECTION ( 'NONE',  ( 1.000000000000000000, -1.613696256722611898E-16, 0.000000000000000000 ) ) ;
#1038 = VERTEX_POINT ( 'NONE', #1589 ) ;
#1039 = DIRECTION ( 'NONE',  ( 0.000000000000000000, -1.000000000000000000, 0.000000000000000000 ) ) ;
#1040 = EDGE_LOOP ( 'NONE', ( #895, #502, #154, #1112 ) ) ;
#1041 = DIRECTION ( 'NONE',  ( 1.000000000000000000, 8.858162430519868322E-16, 0.000000000000000000 ) ) ;
#1042 = CARTESIAN_POINT ( 'NONE',  ( 10.74999999999999645, 10.74999999999999645, -37.50000000000000000 ) ) ;
#1043 = ORIENTED_EDGE ( 'NONE', *, *, #460, .F. ) ;
#1044 = CARTESIAN_POINT ( 'NONE',  ( 0.000000000000000000, -21.49999999999999645, 103.6553218513581953 ) ) ;
#1045 = LINE ( 'NONE', #1620, #1441 ) ;
#1046 = ORIENTED_EDGE ( 'NONE', *, *, #841, .F. ) ;
#1047 = CARTESIAN_POINT ( 'NONE',  ( 22.49999999999999289, -22.49999999999999289, 40.00000000000000000 ) ) ;
#1048 = ORIENTED_EDGE ( 'NONE', *, *, #618, .F. ) ;
#1049 = CARTESIAN_POINT ( 'NONE',  ( 0.000000000000000000, -21.49999999999999645, -37.50000000000000000 ) ) ;
#1050 = EDGE_LOOP ( 'NONE', ( #116, #921, #1179, #610 ) ) ;
#1051 = ADVANCED_FACE ( 'NONE', ( #317 ), #1615, .T. ) ;
#1052 = CARTESIAN_POINT ( 'NONE',  ( -21.49999999999999645, 0.000000000000000000, 35.50000000000000711 ) ) ;
#1053 = DIRECTION ( 'NONE',  ( 0.000000000000000000, -1.000000000000000000, 0.000000000000000000 ) ) ;
#1054 = ORIENTED_EDGE ( 'NONE', *, *, #1467, .T. ) ;
#1055 = ADVANCED_FACE ( 'NONE', ( #1177 ), #1160, .F. ) ;
#1056 = CARTESIAN_POINT ( 'NONE',  ( 22.49999999999999289, -22.49999999999999289, -38.50000000000000000 ) ) ;
#1057 = DIRECTION ( 'NONE',  ( 1.000000000000000000, 0.000000000000000000, 0.000000000000000000 ) ) ;
#1058 =( BOUNDED_CURVE ( )  B_SPLINE_CURVE ( 3, ( #706, #1258, #952, #1794 ),
 .UNSPECIFIED., .F., .F. ) 
 B_SPLINE_CURVE_WITH_KNOTS ( ( 4, 4 ),
 ( 4.712388980384689674, 6.283185307179586232 ),
 .UNSPECIFIED. ) 
 CURVE ( )  GEOMETRIC_REPRESENTATION_ITEM ( )  RATIONAL_B_SPLINE_CURVE ( ( 1.000000000000000000, 0.8047378541243649375, 0.8047378541243649375, 1.000000000000000000 ) ) 
 REPRESENTATION_ITEM ( '' )  );
#1059 = LINE ( 'NONE', #1628, #1744 ) ;
#1060 = EDGE_LOOP ( 'NONE', ( #604, #946, #1547 ) ) ;
#1061 = AXIS2_PLACEMENT_3D ( 'NONE', #1730, #614, #1174 ) ;
#1062 = VECTOR ( 'NONE', #430, 1000.000000000000000 ) ;
#1063 = CARTESIAN_POINT ( 'NONE',  ( 22.49999999999999289, 0.000000000000000000, -38.50000000000000000 ) ) ;
#1064 = EDGE_CURVE ( 'NONE', #1008, #1038, #470, .T. ) ;
#1065 = VECTOR ( 'NONE', #4, 1000.000000000000000 ) ;
#1066 = ORIENTED_EDGE ( 'NONE', *, *, #1707, .F. ) ;
#1067 = LINE ( 'NONE', #800, #1567 ) ;
#1068 = AXIS2_PLACEMENT_3D ( 'NONE', #1517, #1526, #1113 ) ;
#1069 = ADVANCED_FACE ( 'NONE', ( #880 ), #1716, .T. ) ;
#1070 = AXIS2_PLACEMENT_3D ( 'NONE', #724, #1263, #151 ) ;
#1071 = ORIENTED_EDGE ( 'NONE', *, *, #827, .F. ) ;
#1072 = ORIENTED_EDGE ( 'NONE', *, *, #1287, .F. ) ;
#1073 = DIRECTION ( 'NONE',  ( 1.000000000000000000, 0.000000000000000000, 0.000000000000000000 ) ) ;
#1074 = CYLINDRICAL_SURFACE ( 'NONE', #884, 1.500000000000001332 ) ;
#1075 = EDGE_LOOP ( 'NONE', ( #85, #1332, #1157, #1366 ) ) ;
#1076 = DIRECTION ( 'NONE',  ( 0.000000000000000000, 0.000000000000000000, 1.000000000000000000 ) ) ;
#1077 = CARTESIAN_POINT ( 'NONE',  ( 10.74999999999999645, 10.74999999999999645, 40.00000000000000000 ) ) ;
#1078 = CYLINDRICAL_SURFACE ( 'NONE', #1499, 10.75000000000000178 ) ;
#1079 = CARTESIAN_POINT ( 'NONE',  ( -4.305419223664572748, 24.50000000000000000, 40.00000000000000000 ) ) ;
#1080 = VERTEX_POINT ( 'NONE', #1196 ) ;
#1081 = CARTESIAN_POINT ( 'NONE',  ( 21.99999999999999289, -10.75000000000000000, -40.00000000000000000 ) ) ;
#1082 = EDGE_CURVE ( 'NONE', #1262, #308, #1446, .T. ) ;
#1083 = DIRECTION ( 'NONE',  ( 0.000000000000000000, 1.000000000000000000, 0.000000000000000000 ) ) ;
#1084 = EDGE_CURVE ( 'NONE', #991, #593, #78, .T. ) ;
#1085 = CARTESIAN_POINT ( 'NONE',  ( 5.963623409161916022, 24.04325025440762076, -40.00000000000000000 ) ) ;
#1086 = ADVANCED_FACE ( 'NONE', ( #345 ), #1362, .T. ) ;
#1087 = ORIENTED_EDGE ( 'NONE', *, *, #923, .F. ) ;
#1088 = CIRCLE ( 'NONE', #936, 11.74999999999999645 ) ;
#1089 = CARTESIAN_POINT ( 'NONE',  ( -6.324736879116486854, 25.49913385614828343, 38.50000000000000000 ) ) ;
#1090 = AXIS2_PLACEMENT_3D ( 'NONE', #55, #1651, #341 ) ;
#1091 = AXIS2_PLACEMENT_3D ( 'NONE', #661, #1652, #1225 ) ;
#1092 = CARTESIAN_POINT ( 'NONE',  ( -3.500000000000000888, -21.49999999999999645, 33.50000000000000000 ) ) ;
#1093 = CIRCLE ( 'NONE', #976, 1.500000000000001332 ) ;
#1094 = CARTESIAN_POINT ( 'NONE',  ( 0.000000000000000000, 24.00000000000000000, 40.00000000000000000 ) ) ;
#1095 = LINE ( 'NONE', #838, #142 ) ;
#1096 = ORIENTED_EDGE ( 'NONE', *, *, #457, .F. ) ;
#1097 = ADVANCED_FACE ( 'NONE', ( #1640 ), #1645, .T. ) ;
#1098 = FACE_OUTER_BOUND ( 'NONE', #990, .T. ) ;
#1099 = DIRECTION ( 'NONE',  ( 0.000000000000000000, -0.000000000000000000, -1.000000000000000000 ) ) ;
#1100 = ORIENTED_EDGE ( 'NONE', *, *, #1347, .F. ) ;
#1101 = EDGE_CURVE ( 'NONE', #1616, #541, #1373, .T. ) ;
#1102 = DIRECTION ( 'NONE',  ( -1.613696256722611898E-16, -1.000000000000000000, 0.000000000000000000 ) ) ;
#1103 = PLANE ( 'NONE',  #20 ) ;
#1104 = ORIENTED_EDGE ( 'NONE', *, *, #925, .T. ) ;
#1105 = DIRECTION ( 'NONE',  ( 0.000000000000000000, 0.000000000000000000, -1.000000000000000000 ) ) ;
#1106 = VERTEX_POINT ( 'NONE', #97 ) ;
#1107 = LINE ( 'NONE', #285, #287 ) ;
#1108 = VERTEX_POINT ( 'NONE', #1790 ) ;
#1109 = DIRECTION ( 'NONE',  ( 0.000000000000000000, -0.000000000000000000, -1.000000000000000000 ) ) ;
#1110 = EDGE_CURVE ( 'NONE', #454, #1456, #219, .T. ) ;
#1111 = CARTESIAN_POINT ( 'NONE',  ( 13.45835102465938071, 21.66912701305495759, 35.50000000000001421 ) ) ;
#1112 = ORIENTED_EDGE ( 'NONE', *, *, #1806, .T. ) ;
#1113 = DIRECTION ( 'NONE',  ( 1.000000000000000000, 0.000000000000000000, 0.000000000000000000 ) ) ;
#1114 = ORIENTED_EDGE ( 'NONE', *, *, #1663, .T. ) ;
#1115 = CYLINDRICAL_SURFACE ( 'NONE', #226, 1.500000000000001332 ) ;
#1116 = CARTESIAN_POINT ( 'NONE',  ( -22.49999999999999645, -7.261633155251752976E-15, 38.50000000000000000 ) ) ;
#1117 = ORIENTED_EDGE ( 'NONE', *, *, #450, .T. ) ;
#1118 = CARTESIAN_POINT ( 'NONE',  ( -21.49999999999999645, 0.000000000000000000, -37.50000000000000000 ) ) ;
#1119 =( BOUNDED_CURVE ( )  B_SPLINE_CURVE ( 3, ( #1005, #1418, #728, #744 ),
 .UNSPECIFIED., .F., .F. ) 
 B_SPLINE_CURVE_WITH_KNOTS ( ( 4, 4 ),
 ( 0.000000000000000000, 1.570796326794896558 ),
 .UNSPECIFIED. ) 
 CURVE ( )  GEOMETRIC_REPRESENTATION_ITEM ( )  RATIONAL_B_SPLINE_CURVE ( ( 1.000000000000000000, 0.8047378541243649375, 0.8047378541243649375, 1.000000000000000000 ) ) 
 REPRESENTATION_ITEM ( '' )  );
#1120 = EDGE_CURVE ( 'NONE', #1348, #565, #937, .T. ) ;
#1121 = CARTESIAN_POINT ( 'NONE',  ( -5.000000000000000888, -21.49999999999999645, 33.50000000000000000 ) ) ;
#1122 = AXIS2_PLACEMENT_3D ( 'NONE', #418, #1006, #434 ) ;
#1123 = DIRECTION ( 'NONE',  ( 0.9705890678271075211, -0.2407423133030560103, 0.000000000000000000 ) ) ;
#1124 = ORIENTED_EDGE ( 'NONE', *, *, #1635, .F. ) ;
#1125 = AXIS2_PLACEMENT_3D ( 'NONE', #587, #1231, #552 ) ;
#1126 = AXIS2_PLACEMENT_3D ( 'NONE', #1056, #1039, #1168 ) ;
#1127 = VECTOR ( 'NONE', #1102, 1000.000000000000000 ) ;
#1128 = DIRECTION ( 'NONE',  ( 1.000000000000000000, 0.000000000000000000, 0.000000000000000000 ) ) ;
#1129 = CARTESIAN_POINT ( 'NONE',  ( -5.000000000000004441, -23.99999999999999289, 5.421010862427527100E-16 ) ) ;
#1130 = EDGE_LOOP ( 'NONE', ( #283, #908, #1048, #129 ) ) ;
#1131 = DIRECTION ( 'NONE',  ( 0.000000000000000000, 0.000000000000000000, 1.000000000000000000 ) ) ;
#1132 = VERTEX_POINT ( 'NONE', #1236 ) ;
#1133 = EDGE_CURVE ( 'NONE', #1751, #1247, #442, .T. ) ;
#1134 = VERTEX_POINT ( 'NONE', #380 ) ;
#1135 = DIRECTION ( 'NONE',  ( -1.000000000000000000, 1.613696256722611898E-16, 0.000000000000000000 ) ) ;
#1136 = CARTESIAN_POINT ( 'NONE',  ( -23.99999999999998934, -22.49999999999999289, -38.50000000000000000 ) ) ;
#1137 = DIRECTION ( 'NONE',  ( 0.000000000000000000, -1.000000000000000000, 0.000000000000000000 ) ) ;
#1138 = FACE_OUTER_BOUND ( 'NONE', #926, .T. ) ;
#1139 = DIRECTION ( 'NONE',  ( 0.000000000000000000, -1.000000000000000000, 0.000000000000000000 ) ) ;
#1140 = ORIENTED_EDGE ( 'NONE', *, *, #683, .T. ) ;
#1141 = ADVANCED_FACE ( 'NONE', ( #1778 ), #1212, .F. ) ;
#1142 = ORIENTED_EDGE ( 'NONE', *, *, #1159, .T. ) ;
#1143 = CARTESIAN_POINT ( 'NONE',  ( -13.33797986800784940, 21.18383247914140810, 103.6553218513581953 ) ) ;
#1144 = CARTESIAN_POINT ( 'NONE',  ( 10.74999999999999645, 10.74999999999999645, -37.50000000000000000 ) ) ;
#1145 = VERTEX_POINT ( 'NONE', #645 ) ;
#1146 = CARTESIAN_POINT ( 'NONE',  ( -4.061083844732923609, 24.00000000000000000, 40.00000000000000000 ) ) ;
#1147 = LINE ( 'NONE', #1703, #1062 ) ;
#1148 = CARTESIAN_POINT ( 'NONE',  ( 5.843252252510385603, 23.55795572049406772, 40.00000000000000000 ) ) ;
#1149 = AXIS2_PLACEMENT_3D ( 'NONE', #342, #1314, #909 ) ;
#1150 = AXIS2_PLACEMENT_3D ( 'NONE', #796, #813, #494 ) ;
#1151 = EDGE_LOOP ( 'NONE', ( #1494, #1823, #584, #1739 ) ) ;
#1152 = AXIS2_PLACEMENT_3D ( 'NONE', #770, #511, #483 ) ;
#1153 = CIRCLE ( 'NONE', #780, 1.500000000000001332 ) ;
#1154 = DIRECTION ( 'NONE',  ( -0.000000000000000000, 0.000000000000000000, 1.000000000000000000 ) ) ;
#1155 = CARTESIAN_POINT ( 'NONE',  ( 4.061083844732925385, 24.00000000000000000, -40.00000000000000000 ) ) ;
#1156 = AXIS2_PLACEMENT_3D ( 'NONE', #1044, #42, #624 ) ;
#1157 = ORIENTED_EDGE ( 'NONE', *, *, #958, .F. ) ;
#1158 = DIRECTION ( 'NONE',  ( 1.000000000000000000, 0.000000000000000000, 0.000000000000000000 ) ) ;
#1159 = EDGE_CURVE ( 'NONE', #1767, #690, #111, .T. ) ;
#1160 = PLANE ( 'NONE',  #688 ) ;
#1161 = ORIENTED_EDGE ( 'NONE', *, *, #1084, .F. ) ;
#1162 = DIRECTION ( 'NONE',  ( -0.000000000000000000, -0.000000000000000000, -1.000000000000000000 ) ) ;
#1163 = DIRECTION ( 'NONE',  ( 0.9705890678271074101, -0.2407423133030559270, 0.000000000000000000 ) ) ;
#1164 = VERTEX_POINT ( 'NONE', #496 ) ;
#1165 = DIRECTION ( 'NONE',  ( -0.000000000000000000, 1.000000000000000000, -0.000000000000000000 ) ) ;
#1166 = DIRECTION ( 'NONE',  ( 0.000000000000000000, -0.000000000000000000, -1.000000000000000000 ) ) ;
#1167 = EDGE_CURVE ( 'NONE', #1408, #964, #1067, .T. ) ;
#1168 = DIRECTION ( 'NONE',  ( 0.000000000000000000, 0.000000000000000000, -1.000000000000000000 ) ) ;
#1169 = EDGE_CURVE ( 'NONE', #1668, #1145, #1187, .T. ) ;
#1170 = ORIENTED_EDGE ( 'NONE', *, *, #1490, .T. ) ;
#1171 = CARTESIAN_POINT ( 'NONE',  ( -22.49999999999998934, -22.49999999999999289, -38.50000000000000000 ) ) ;
#1172 = CARTESIAN_POINT ( 'NONE',  ( -13.93983565126548996, 23.61030514870917330, -38.50000000000000000 ) ) ;
#1173 = ORIENTED_EDGE ( 'NONE', *, *, #1325, .F. ) ;
#1174 = DIRECTION ( 'NONE',  ( 0.2407423133030555940, 0.9705890678271074101, 0.000000000000000000 ) ) ;
#1175 = VERTEX_POINT ( 'NONE', #524 ) ;
#1176 = EDGE_CURVE ( 'NONE', #351, #1618, #1218, .T. ) ;
#1177 = FACE_OUTER_BOUND ( 'NONE', #829, .T. ) ;
#1178 = EDGE_CURVE ( 'NONE', #570, #351, #1783, .T. ) ;
#1179 = ORIENTED_EDGE ( 'NONE', *, *, #713, .F. ) ;
#1180 = VECTOR ( 'NONE', #1053, 1000.000000000000000 ) ;
#1181 = VECTOR ( 'NONE', #1128, 1000.000000000000000 ) ;
#1182 = AXIS2_PLACEMENT_3D ( 'NONE', #1673, #278, #1558 ) ;
#1183 = CARTESIAN_POINT ( 'NONE',  ( 5.722881095858857847, 23.07266118658051113, 35.50000000000000711 ) ) ;
#1184 = ORIENTED_EDGE ( 'NONE', *, *, #794, .T. ) ;
#1185 = VECTOR ( 'NONE', #1337, 1000.000000000000000 ) ;
#1186 = CARTESIAN_POINT ( 'NONE',  ( 5.000000000000000888, -21.99999999999999645, 35.50000000000000711 ) ) ;
#1187 = CIRCLE ( 'NONE', #722, 1.500000000000001332 ) ;
#1188 = EDGE_LOOP ( 'NONE', ( #718, #1681, #1372, #1527 ) ) ;
#1189 = DIRECTION ( 'NONE',  ( 0.000000000000000000, 0.000000000000000000, 1.000000000000000000 ) ) ;
#1190 = ORIENTED_EDGE ( 'NONE', *, *, #640, .T. ) ;
#1191 = EDGE_CURVE ( 'NONE', #1610, #866, #657, .T. ) ;
#1192 = ORIENTED_EDGE ( 'NONE', *, *, #508, .F. ) ;
#1193 = CARTESIAN_POINT ( 'NONE',  ( 22.49999999999999289, 10.74999999999999645, 38.50000000000000000 ) ) ;
#1194 = DIRECTION ( 'NONE',  ( 0.000000000000000000, 0.000000000000000000, 1.000000000000000000 ) ) ;
#1195 = ORIENTED_EDGE ( 'NONE', *, *, #1647, .F. ) ;
#1196 = CARTESIAN_POINT ( 'NONE',  ( -10.74999999999999822, -21.99999999999999645, 40.00000000000000000 ) ) ;
#1197 = LINE ( 'NONE', #784, #1650 ) ;
#1198 = EDGE_LOOP ( 'NONE', ( #1786, #805, #863 ) ) ;
#1199 = EDGE_CURVE ( 'NONE', #1610, #928, #1483, .T. ) ;
#1200 = FACE_OUTER_BOUND ( 'NONE', #536, .T. ) ;
#1201 = EDGE_CURVE ( 'NONE', #656, #38, #1506, .T. ) ;
#1202 = DIRECTION ( 'NONE',  ( 0.000000000000000000, 0.000000000000000000, 1.000000000000000000 ) ) ;
#1203 = VERTEX_POINT ( 'NONE', #671 ) ;
#1204 = EDGE_LOOP ( 'NONE', ( #539, #1632, #1096, #1283 ) ) ;
#1205 = VECTOR ( 'NONE', #840, 1000.000000000000000 ) ;
#1206 = AXIS2_PLACEMENT_3D ( 'NONE', #858, #1280, #1057 ) ;
#1207 = CARTESIAN_POINT ( 'NONE',  ( -10.74999999999999645, 10.74999999999999645, 103.6553218513581953 ) ) ;
#1208 = DIRECTION ( 'NONE',  ( 1.000000000000000000, -1.613696256722611898E-16, 0.000000000000000000 ) ) ;
#1209 = AXIS2_PLACEMENT_3D ( 'NONE', #1728, #453, #1586 ) ;
#1210 = VERTEX_POINT ( 'NONE', #241 ) ;
#1211 = ADVANCED_FACE ( 'NONE', ( #815 ), #792, .T. ) ;
#1212 = CYLINDRICAL_SURFACE ( 'NONE', #1832, 1.500000000000001332 ) ;
#1213 = CIRCLE ( 'NONE', #530, 1.500000000000001332 ) ;
#1214 = VECTOR ( 'NONE', #807, 1000.000000000000000 ) ;
#1215 = CARTESIAN_POINT ( 'NONE',  ( -10.74999999999999645, -21.49999999999999645, 103.6553218513581953 ) ) ;
#1216 = CARTESIAN_POINT ( 'NONE',  ( -22.49999999999998934, -22.49999999999999289, -38.50000000000000000 ) ) ;
#1217 = VERTEX_POINT ( 'NONE', #834 ) ;
#1218 = LINE ( 'NONE', #1089, #204 ) ;
#1219 = EDGE_CURVE ( 'NONE', #1641, #196, #1284, .T. ) ;
#1220 = ADVANCED_FACE ( 'NONE', ( #1138 ), #1597, .T. ) ;
#1221 = DIRECTION ( 'NONE',  ( 1.000000000000000000, 0.000000000000000000, 0.000000000000000000 ) ) ;
#1222 = ADVANCED_FACE ( 'NONE', ( #558 ), #1545, .F. ) ;
#1223 = ORIENTED_EDGE ( 'NONE', *, *, #91, .T. ) ;
#1224 = DIRECTION ( 'NONE',  ( -0.000000000000000000, 0.000000000000000000, 1.000000000000000000 ) ) ;
#1225 = DIRECTION ( 'NONE',  ( -0.2407423133030555940, -0.9705890678271074101, 0.000000000000000000 ) ) ;
#1226 = ORIENTED_EDGE ( 'NONE', *, *, #1356, .T. ) ;
#1227 = DIRECTION ( 'NONE',  ( -1.084202172485504434E-16, 1.749572987270382095E-32, -1.000000000000000000 ) ) ;
#1228 = LINE ( 'NONE', #416, #348 ) ;
#1229 = ORIENTED_EDGE ( 'NONE', *, *, #234, .T. ) ;
#1230 = ADVANCED_FACE ( 'NONE', ( #110 ), #272, .T. ) ;
#1231 = DIRECTION ( 'NONE',  ( -0.000000000000000000, 0.000000000000000000, 1.000000000000000000 ) ) ;
#1232 = CARTESIAN_POINT ( 'NONE',  ( 10.74999999999999645, 10.74999999999999645, 103.6553218513581953 ) ) ;
#1233 = FACE_OUTER_BOUND ( 'NONE', #917, .T. ) ;
#1234 = ORIENTED_EDGE ( 'NONE', *, *, #165, .T. ) ;
#1235 = AXIS2_PLACEMENT_3D ( 'NONE', #1696, #122, #1831 ) ;
#1236 = CARTESIAN_POINT ( 'NONE',  ( -4.000000000000001776, 23.50000000000001066, -37.50000000000000000 ) ) ;
#1237 = AXIS2_PLACEMENT_3D ( 'NONE', #1273, #394, #1390 ) ;
#1238 = AXIS2_PLACEMENT_3D ( 'NONE', #562, #1689, #1374 ) ;
#1239 = CIRCLE ( 'NONE', #1382, 10.75000000000000000 ) ;
#1240 = CARTESIAN_POINT ( 'NONE',  ( -22.49999999999998934, -22.49999999999999289, 40.00000000000000000 ) ) ;
#1241 = VECTOR ( 'NONE', #1664, 1000.000000000000000 ) ;
#1242 = ORIENTED_EDGE ( 'NONE', *, *, #1697, .F. ) ;
#1243 = CARTESIAN_POINT ( 'NONE',  ( 0.000000000000000000, -22.49999999999999289, 38.50000000000000000 ) ) ;
#1244 = ORIENTED_EDGE ( 'NONE', *, *, #1347, .T. ) ;
#1245 = ADVANCED_FACE ( 'NONE', ( #695 ), #1421, .T. ) ;
#1246 = DIRECTION ( 'NONE',  ( -0.9705890678271074101, -0.2407423133030554829, 0.000000000000000000 ) ) ;
#1247 = VERTEX_POINT ( 'NONE', #1702 ) ;
#1248 = CARTESIAN_POINT ( 'NONE',  ( 22.49999999999999289, 0.000000000000000000, 38.50000000000000000 ) ) ;
#1249 = DIRECTION ( 'NONE',  ( -0.9705890678271072991, 0.2407423133030559548, -0.000000000000000000 ) ) ;
#1250 = ORIENTED_EDGE ( 'NONE', *, *, #853, .F. ) ;
#1251 = FACE_OUTER_BOUND ( 'NONE', #1760, .T. ) ;
#1252 = ORIENTED_EDGE ( 'NONE', *, *, #1279, .T. ) ;
#1253 = CARTESIAN_POINT ( 'NONE',  ( 0.000000000000000000, 23.50000000000000355, 103.6553218513581953 ) ) ;
#1254 = FACE_OUTER_BOUND ( 'NONE', #1404, .T. ) ;
#1255 = ORIENTED_EDGE ( 'NONE', *, *, #325, .F. ) ;
#1256 = CYLINDRICAL_SURFACE ( 'NONE', #174, 11.25000000000000000 ) ;
#1257 = FACE_OUTER_BOUND ( 'NONE', #224, .T. ) ;
#1258 = CARTESIAN_POINT ( 'NONE',  ( 4.229513952873758420, 25.37867965644035806, -40.00000000000000000 ) ) ;
#1259 = VERTEX_POINT ( 'NONE', #1275 ) ;
#1260 = DIRECTION ( 'NONE',  ( 0.000000000000000000, -0.000000000000000000, -1.000000000000000000 ) ) ;
#1261 = CARTESIAN_POINT ( 'NONE',  ( -5.000000000000000888, 0.000000000000000000, 35.50000000000000711 ) ) ;
#1262 = VERTEX_POINT ( 'NONE', #280 ) ;
#1263 = DIRECTION ( 'NONE',  ( -3.227392513445223797E-16, 1.000000000000000000, -0.000000000000000000 ) ) ;
#1264 = PLANE ( 'NONE',  #971 ) ;
#1265 = AXIS2_PLACEMENT_3D ( 'NONE', #383, #1528, #1491 ) ;
#1266 = VECTOR ( 'NONE', #1165, 1000.000000000000000 ) ;
#1267 = CIRCLE ( 'NONE', #468, 1.500000000000000666 ) ;
#1268 = ADVANCED_FACE ( 'NONE', ( #851 ), #1415, .T. ) ;
#1269 = VECTOR ( 'NONE', #1014, 1000.000000000000000 ) ;
#1270 = ORIENTED_EDGE ( 'NONE', *, *, #734, .F. ) ;
#1271 = ORIENTED_EDGE ( 'NONE', *, *, #703, .T. ) ;
#1272 = CARTESIAN_POINT ( 'NONE',  ( -21.99999999999999645, 3.550131764789745733E-15, -40.00000000000000000 ) ) ;
#1273 = CARTESIAN_POINT ( 'NONE',  ( 22.49999999999999289, -22.49999999999999289, 38.50000000000000000 ) ) ;
#1274 = ORIENTED_EDGE ( 'NONE', *, *, #1833, .F. ) ;
#1275 = CARTESIAN_POINT ( 'NONE',  ( -22.50000000000000000, 10.74999999999999822, -40.00000000000000000 ) ) ;
#1276 = FACE_OUTER_BOUND ( 'NONE', #1050, .T. ) ;
#1277 = ADVANCED_FACE ( 'NONE', ( #249 ), #1393, .T. ) ;
#1278 = ORIENTED_EDGE ( 'NONE', *, *, #1484, .F. ) ;
#1279 = EDGE_CURVE ( 'NONE', #183, #787, #375, .T. ) ;
#1280 = DIRECTION ( 'NONE',  ( 0.000000000000000000, -0.000000000000000000, -1.000000000000000000 ) ) ;
#1281 = DIRECTION ( 'NONE',  ( 0.000000000000000000, 1.000000000000000000, -0.000000000000000000 ) ) ;
#1282 = DIRECTION ( 'NONE',  ( 1.084202172485504434E-16, 0.000000000000000000, 1.000000000000000000 ) ) ;
#1283 = ORIENTED_EDGE ( 'NONE', *, *, #1768, .F. ) ;
#1284 = LINE ( 'NONE', #578, #1127 ) ;
#1285 = DIRECTION ( 'NONE',  ( -1.613696256722611898E-16, -1.000000000000000000, 0.000000000000000000 ) ) ;
#1286 = DIRECTION ( 'NONE',  ( 0.000000000000000000, -0.000000000000000000, -1.000000000000000000 ) ) ;
#1287 = EDGE_CURVE ( 'NONE', #1767, #1080, #121, .T. ) ;
#1288 = DIRECTION ( 'NONE',  ( -0.000000000000000000, -0.000000000000000000, -1.000000000000000000 ) ) ;
#1289 = ADVANCED_FACE ( 'NONE', ( #844 ), #1256, .F. ) ;
#1290 = ORIENTED_EDGE ( 'NONE', *, *, #983, .F. ) ;
#1291 = LINE ( 'NONE', #298, #1480 ) ;
#1292 = LINE ( 'NONE', #143, #170 ) ;
#1293 = UNCERTAINTY_MEASURE_WITH_UNIT (LENGTH_MEASURE( 1.000000000000000082E-05 ), #1309, 'distance_accuracy_value', 'NONE');
#1294 = CARTESIAN_POINT ( 'NONE',  ( 10.74999999999999645, 10.74999999999999645, 38.50000000000000000 ) ) ;
#1295 = VECTOR ( 'NONE', #1492, 1000.000000000000000 ) ;
#1296 = CIRCLE ( 'NONE', #284, 1.500000000000001332 ) ;
#1297 = CIRCLE ( 'NONE', #888, 13.24999999999999822 ) ;
#1298 = EDGE_LOOP ( 'NONE', ( #1270, #1464, #1576, #158 ) ) ;
#1299 = VECTOR ( 'NONE', #1508, 1000.000000000000000 ) ;
#1300 = CYLINDRICAL_SURFACE ( 'NONE', #1624, 1.500000000000001332 ) ;
#1301 = DIRECTION ( 'NONE',  ( -0.000000000000000000, 1.000000000000000000, -0.000000000000000000 ) ) ;
#1302 = VECTOR ( 'NONE', #1321, 1000.000000000000000 ) ;
#1303 = VERTEX_POINT ( 'NONE', #1402 ) ;
#1304 = EDGE_CURVE ( 'NONE', #308, #563, #420, .T. ) ;
#1305 = CARTESIAN_POINT ( 'NONE',  ( 4.061083844732925385, 24.00000000000000000, 35.50000000000001421 ) ) ;
#1306 = CARTESIAN_POINT ( 'NONE',  ( -4.061083844732923609, 24.00000000000000000, -40.00000000000000000 ) ) ;
#1307 = DIRECTION ( 'NONE',  ( -0.000000000000000000, 1.000000000000000000, -0.000000000000000000 ) ) ;
#1308 = ORIENTED_EDGE ( 'NONE', *, *, #1635, .T. ) ;
#1309 =( LENGTH_UNIT ( ) NAMED_UNIT ( * ) SI_UNIT ( .MILLI., .METRE. ) );
#1310 = LINE ( 'NONE', #894, #626 ) ;
#1311 = ORIENTED_EDGE ( 'NONE', *, *, #689, .T. ) ;
#1312 = EDGE_CURVE ( 'NONE', #1485, #1824, #387, .T. ) ;
#1313 = FACE_OUTER_BOUND ( 'NONE', #246, .T. ) ;
#1314 = DIRECTION ( 'NONE',  ( 1.000000000000000000, 0.000000000000000000, 0.000000000000000000 ) ) ;
#1315 = EDGE_LOOP ( 'NONE', ( #515, #1271, #988, #935, #1311, #451, #1749, #56, #1762, #1114, #113, #1726, #1676, #294, #1600, #1544, #1643, #1789, #638, #88, #244, #419 ) ) ;
#1316 = CARTESIAN_POINT ( 'NONE',  ( -3.550131764789745733E-15, -21.99999999999999645, 40.00000000000000000 ) ) ;
#1317 = PRODUCT_RELATED_PRODUCT_CATEGORY ( 'part', '', ( #176 ) ) ;
#1318 = ORIENTED_EDGE ( 'NONE', *, *, #1539, .F. ) ;
#1319 = DIRECTION ( 'NONE',  ( -0.000000000000000000, -0.000000000000000000, -1.000000000000000000 ) ) ;
#1320 = VERTEX_POINT ( 'NONE', #864 ) ;
#1321 = DIRECTION ( 'NONE',  ( 1.084202172485504434E-16, 0.000000000000000000, -1.000000000000000000 ) ) ;
#1322 = CARTESIAN_POINT ( 'NONE',  ( 13.93983565126548818, 23.61030514870917330, -38.50000000000000000 ) ) ;
#1323 = ORIENTED_EDGE ( 'NONE', *, *, #1611, .T. ) ;
#1324 = CARTESIAN_POINT ( 'NONE',  ( 21.99999999999999289, -3.550131764789744944E-15, 40.00000000000000000 ) ) ;
#1325 = EDGE_CURVE ( 'NONE', #120, #1804, #1409, .T. ) ;
#1326 = EDGE_CURVE ( 'NONE', #1606, #1595, #548, .T. ) ;
#1327 = ORIENTED_EDGE ( 'NONE', *, *, #1110, .F. ) ;
#1328 = VECTOR ( 'NONE', #152, 1000.000000000000000 ) ;
#1329 = AXIS2_PLACEMENT_3D ( 'NONE', #1529, #544, #1379 ) ;
#1330 = CIRCLE ( 'NONE', #1714, 1.500000000000001332 ) ;
#1331 = CARTESIAN_POINT ( 'NONE',  ( 13.57872218131090492, 22.15442154696850707, 38.50000000000000000 ) ) ;
#1332 = ORIENTED_EDGE ( 'NONE', *, *, #1199, .T. ) ;
#1333 = VECTOR ( 'NONE', #1364, 1000.000000000000227 ) ;
#1334 = CARTESIAN_POINT ( 'NONE',  ( -24.00000000000000000, 10.74999999999999822, -40.00000000000000000 ) ) ;
#1335 = AXIS2_PLACEMENT_3D ( 'NONE', #15, #190, #1572 ) ;
#1336 = ORIENTED_EDGE ( 'NONE', *, *, #1663, .F. ) ;
#1337 = DIRECTION ( 'NONE',  ( -0.000000000000000000, -0.000000000000000000, -1.000000000000000000 ) ) ;
#1338 = ORIENTED_EDGE ( 'NONE', *, *, #1201, .T. ) ;
#1339 = EDGE_CURVE ( 'NONE', #209, #1485, #629, .T. ) ;
#1340 = LINE ( 'NONE', #236, #1299 ) ;
#1341 = EDGE_LOOP ( 'NONE', ( #275, #44, #50, #999 ) ) ;
#1342 = DIRECTION ( 'NONE',  ( 0.000000000000000000, -1.000000000000000000, 0.000000000000000000 ) ) ;
#1343 = CARTESIAN_POINT ( 'NONE',  ( -13.57872218131090669, 22.15442154696851063, 38.50000000000000000 ) ) ;
#1344 = EDGE_LOOP ( 'NONE', ( #473, #1705, #714, #1525 ) ) ;
#1345 = CARTESIAN_POINT ( 'NONE',  ( -5.000000000000008882, -21.99999999999999645, -40.00000000000000000 ) ) ;
#1346 = ORIENTED_EDGE ( 'NONE', *, *, #1191, .F. ) ;
#1347 = EDGE_CURVE ( 'NONE', #961, #1175, #438, .T. ) ;
#1348 = VERTEX_POINT ( 'NONE', #878 ) ;
#1349 = CARTESIAN_POINT ( 'NONE',  ( -21.99999999999999645, 3.550131764789745733E-15, 35.50000000000000711 ) ) ;
#1350 = ADVANCED_FACE ( 'NONE', ( #1313 ), #597, .F. ) ;
#1351 = DIRECTION ( 'NONE',  ( 1.000000000000000000, 9.682177540335666953E-16, 0.000000000000000000 ) ) ;
#1352 = ORIENTED_EDGE ( 'NONE', *, *, #1389, .T. ) ;
#1353 = CARTESIAN_POINT ( 'NONE',  ( 13.33797986800784940, 21.18383247914140100, 103.6553218513581953 ) ) ;
#1354 = AXIS2_PLACEMENT_3D ( 'NONE', #514, #1099, #1351 ) ;
#1355 = VERTEX_POINT ( 'NONE', #903 ) ;
#1356 = EDGE_CURVE ( 'NONE', #1804, #351, #532, .T. ) ;
#1357 = CIRCLE ( 'NONE', #1329, 1.500000000000001332 ) ;
#1358 = AXIS2_PLACEMENT_3D ( 'NONE', #746, #331, #179 ) ;
#1359 = CARTESIAN_POINT ( 'NONE',  ( -5.000000000000000888, -21.49999999999999645, 35.50000000000000711 ) ) ;
#1360 = ORIENTED_EDGE ( 'NONE', *, *, #423, .T. ) ;
#1361 = EDGE_CURVE ( 'NONE', #95, #699, #1291, .T. ) ;
#1362 = CYLINDRICAL_SURFACE ( 'NONE', #1007, 1.500000000000001332 ) ;
#1363 = VERTEX_POINT ( 'NONE', #1186 ) ;
#1364 = DIRECTION ( 'NONE',  ( 0.9705890678271072991, -0.2407423133030559548, 0.000000000000000000 ) ) ;
#1365 = CARTESIAN_POINT ( 'NONE',  ( -4.305419223664570971, 26.00000000000000711, -39.37867965644036161 ) ) ;
#1366 = ORIENTED_EDGE ( 'NONE', *, *, #1818, .F. ) ;
#1367 = CARTESIAN_POINT ( 'NONE',  ( 4.305419223664574524, 26.00000000000000711, -40.00000000000000000 ) ) ;
#1368 = DIRECTION ( 'NONE',  ( 1.000000000000000000, 0.000000000000000000, 0.000000000000000000 ) ) ;
#1369 = CARTESIAN_POINT ( 'NONE',  ( 22.49999999999999289, -22.49999999999999289, -38.50000000000000000 ) ) ;
#1370 = DIRECTION ( 'NONE',  ( -1.000000000000000000, 0.000000000000000000, 0.000000000000000000 ) ) ;
#1371 = CARTESIAN_POINT ( 'NONE',  ( 4.229513952873758420, 25.37867965644035806, 40.00000000000000000 ) ) ;
#1372 = ORIENTED_EDGE ( 'NONE', *, *, #358, .F. ) ;
#1373 = LINE ( 'NONE', #1345, #1717 ) ;
#1374 = DIRECTION ( 'NONE',  ( 0.000000000000000000, 0.000000000000000000, 1.000000000000000000 ) ) ;
#1375 = EDGE_LOOP ( 'NONE', ( #985, #766, #1677, #951, #843, #1704, #435, #912, #1636, #1516 ) ) ;
#1376 = ADVANCED_FACE ( 'NONE', ( #455 ), #313, .T. ) ;
#1377 = PLANE ( 'NONE',  #501 ) ;
#1378 = DIRECTION ( 'NONE',  ( -0.000000000000000000, -0.000000000000000000, -1.000000000000000000 ) ) ;
#1379 = DIRECTION ( 'NONE',  ( 0.000000000000000000, 0.000000000000000000, -1.000000000000000000 ) ) ;
#1380 = CARTESIAN_POINT ( 'NONE',  ( -10.74999999999999645, 10.74999999999999645, -38.50000000000000000 ) ) ;
#1381 = VECTOR ( 'NONE', #1282, 1000.000000000000000 ) ;
#1382 = AXIS2_PLACEMENT_3D ( 'NONE', #1585, #1708, #23 ) ;
#1383 = AXIS2_PLACEMENT_3D ( 'NONE', #443, #124, #1221 ) ;
#1384 = CARTESIAN_POINT ( 'NONE',  ( 21.99999999999999289, -3.550131764789744944E-15, -40.00000000000000000 ) ) ;
#1385 = VECTOR ( 'NONE', #1131, 1000.000000000000000 ) ;
#1386 = ADVANCED_FACE ( 'NONE', ( #1750 ), #758, .F. ) ;
#1387 = ORIENTED_EDGE ( 'NONE', *, *, #1176, .T. ) ;
#1388 = CARTESIAN_POINT ( 'NONE',  ( 21.49999999999999645, -10.74999999999999645, 103.6553218513581953 ) ) ;
#1389 = EDGE_CURVE ( 'NONE', #1106, #1804, #1465, .T. ) ;
#1390 = DIRECTION ( 'NONE',  ( 0.000000000000000000, 0.000000000000000000, -1.000000000000000000 ) ) ;
#1391 = DIRECTION ( 'NONE',  ( -1.000000000000000000, -3.227392513445223797E-16, 0.000000000000000000 ) ) ;
#1392 = ORIENTED_EDGE ( 'NONE', *, *, #1361, .F. ) ;
#1393 = PLANE ( 'NONE',  #940 ) ;
#1394 = DIRECTION ( 'NONE',  ( -0.9705890678271074101, -0.2407423133030554829, 0.000000000000000000 ) ) ;
#1395 = LINE ( 'NONE', #817, #1035 ) ;
#1396 = VERTEX_POINT ( 'NONE', #182 ) ;
#1397 = DIRECTION ( 'NONE',  ( 1.000000000000000000, 0.000000000000000000, 0.000000000000000000 ) ) ;
#1398 = ORIENTED_EDGE ( 'NONE', *, *, #291, .F. ) ;
#1399 = DIRECTION ( 'NONE',  ( -1.000000000000000000, 0.000000000000000000, 0.000000000000000000 ) ) ;
#1400 = DIRECTION ( 'NONE',  ( 0.000000000000000000, 0.000000000000000000, -1.000000000000000000 ) ) ;
#1401 = ORIENTED_EDGE ( 'NONE', *, *, #1082, .F. ) ;
#1402 = CARTESIAN_POINT ( 'NONE',  ( 13.57872218131090492, 22.15442154696850707, -40.00000000000000000 ) ) ;
#1403 = FACE_OUTER_BOUND ( 'NONE', #386, .T. ) ;
#1404 = EDGE_LOOP ( 'NONE', ( #1793, #71, #469, #1173 ) ) ;
#1405 = ORIENTED_EDGE ( 'NONE', *, *, #827, .T. ) ;
#1406 = DIRECTION ( 'NONE',  ( -0.9705890678271072991, 0.2407423133030559548, -0.000000000000000000 ) ) ;
#1407 = DIRECTION ( 'NONE',  ( -0.9705890678271074101, 0.2407423133030559270, 0.000000000000000000 ) ) ;
#1408 = VERTEX_POINT ( 'NONE', #1146 ) ;
#1409 = LINE ( 'NONE', #957, #292 ) ;
#1410 = CARTESIAN_POINT ( 'NONE',  ( 0.000000000000000000, 26.00000000000000355, -40.00000000000000000 ) ) ;
#1411 = EDGE_CURVE ( 'NONE', #1108, #565, #896, .T. ) ;
#1412 = VECTOR ( 'NONE', #1073, 1000.000000000000000 ) ;
#1413 = ORIENTED_EDGE ( 'NONE', *, *, #710, .T. ) ;
#1414 = VECTOR ( 'NONE', #1752, 1000.000000000000114 ) ;
#1415 = TOROIDAL_SURFACE ( 'NONE', #569, 11.75000000000000533, 1.500000000000000000 ) ;
#1416 = ORIENTED_EDGE ( 'NONE', *, *, #1423, .T. ) ;
#1417 = FACE_OUTER_BOUND ( 'NONE', #1298, .T. ) ;
#1418 = CARTESIAN_POINT ( 'NONE',  ( -4.305419223664585182, 26.00000000000000711, 39.37867965644036161 ) ) ;
#1419 = FACE_OUTER_BOUND ( 'NONE', #1745, .T. ) ;
#1420 = ORIENTED_EDGE ( 'NONE', *, *, #1312, .T. ) ;
#1421 = CYLINDRICAL_SURFACE ( 'NONE', #261, 1.500000000000001332 ) ;
#1422 = CARTESIAN_POINT ( 'NONE',  ( 0.000000000000000000, -21.49999999999999645, 32.00000000000000000 ) ) ;
#1423 = EDGE_CURVE ( 'NONE', #1751, #308, #1601, .T. ) ;
#1424 = ORIENTED_EDGE ( 'NONE', *, *, #693, .F. ) ;
#1425 = APPLICATION_CONTEXT ( 'automotive_design' ) ;
#1426 = EDGE_CURVE ( 'NONE', #1034, #1164, #1431, .T. ) ;
#1427 = ORIENTED_EDGE ( 'NONE', *, *, #841, .T. ) ;
#1428 = CARTESIAN_POINT ( 'NONE',  ( -10.74999999999999822, -21.99999999999999645, 35.50000000000001421 ) ) ;
#1429 = DIRECTION ( 'NONE',  ( -0.000000000000000000, 1.000000000000000000, -0.000000000000000000 ) ) ;
#1430 = ORIENTED_EDGE ( 'NONE', *, *, #252, .T. ) ;
#1431 = LINE ( 'NONE', #159, #21 ) ;
#1432 = CARTESIAN_POINT ( 'NONE',  ( -10.74999999999999822, -21.49999999999999645, -37.50000000000000000 ) ) ;
#1433 = ORIENTED_EDGE ( 'NONE', *, *, #118, .F. ) ;
#1434 = EDGE_CURVE ( 'NONE', #570, #1008, #753, .T. ) ;
#1435 = FACE_OUTER_BOUND ( 'NONE', #1341, .T. ) ;
#1436 = CARTESIAN_POINT ( 'NONE',  ( 21.99999999999999645, 10.74999999999999645, 40.00000000000000000 ) ) ;
#1437 = ORIENTED_EDGE ( 'NONE', *, *, #561, .T. ) ;
#1438 = LINE ( 'NONE', #167, #978 ) ;
#1439 = CARTESIAN_POINT ( 'NONE',  ( 5.000000000000004441, -23.99999999999999289, 5.421010862427527100E-16 ) ) ;
#1440 = CARTESIAN_POINT ( 'NONE',  ( -5.963623409161903588, 24.04325025440762076, -38.50000000000000000 ) ) ;
#1441 = VECTOR ( 'NONE', #615, 1000.000000000000000 ) ;
#1442 = AXIS2_PLACEMENT_3D ( 'NONE', #1454, #302, #1608 ) ;
#1443 = VECTOR ( 'NONE', #1759, 1000.000000000000114 ) ;
#1444 = VECTOR ( 'NONE', #1735, 1000.000000000000000 ) ;
#1445 = ORIENTED_EDGE ( 'NONE', *, *, #689, .F. ) ;
#1446 = CIRCLE ( 'NONE', #655, 10.75000000000000178 ) ;
#1447 = LINE ( 'NONE', #1183, #1685 ) ;
#1448 = AXIS2_PLACEMENT_3D ( 'NONE', #225, #65, #537 ) ;
#1449 = ORIENTED_EDGE ( 'NONE', *, *, #126, .F. ) ;
#1450 = DIRECTION ( 'NONE',  ( 1.000000000000000000, 0.000000000000000000, 1.084202172485504434E-16 ) ) ;
#1451 = LINE ( 'NONE', #1306, #1000 ) ;
#1452 = DIRECTION ( 'NONE',  ( -0.2407423133030555940, 0.9705890678271074101, 0.000000000000000000 ) ) ;
#1453 = ORIENTED_EDGE ( 'NONE', *, *, #145, .F. ) ;
#1454 = CARTESIAN_POINT ( 'NONE',  ( 3.500000000000000888, -23.99999999999999289, 33.50000000000000000 ) ) ;
#1455 = CARTESIAN_POINT ( 'NONE',  ( 23.99999999999999289, -22.49999999999999289, 38.50000000000000000 ) ) ;
#1456 = VERTEX_POINT ( 'NONE', #1587 ) ;
#1457 = EDGE_CURVE ( 'NONE', #1363, #1134, #1438, .T. ) ;
#1458 = CARTESIAN_POINT ( 'NONE',  ( 22.49999999999999289, -22.49999999999999289, -40.00000000000000000 ) ) ;
#1459 = CARTESIAN_POINT ( 'NONE',  ( -3.550131764789745733E-15, -21.99999999999999645, 40.00000000000000000 ) ) ;
#1460 = VERTEX_POINT ( 'NONE', #889 ) ;
#1461 = DIRECTION ( 'NONE',  ( 0.9705890678271074101, 0.2407423133030554829, -0.000000000000000000 ) ) ;
#1462 = VERTEX_POINT ( 'NONE', #1305 ) ;
#1463 = DIRECTION ( 'NONE',  ( 1.000000000000000000, 0.000000000000000000, -0.000000000000000000 ) ) ;
#1464 = ORIENTED_EDGE ( 'NONE', *, *, #1548, .F. ) ;
#1465 = LINE ( 'NONE', #1334, #599 ) ;
#1466 = LINE ( 'NONE', #1459, #773 ) ;
#1467 = EDGE_CURVE ( 'NONE', #510, #1134, #26, .T. ) ;
#1468 = ORIENTED_EDGE ( 'NONE', *, *, #1457, .T. ) ;
#1469 = LINE ( 'NONE', #1324, #1593 ) ;
#1470 = EDGE_CURVE ( 'NONE', #1303, #279, #227, .T. ) ;
#1471 = ORIENTED_EDGE ( 'NONE', *, *, #1064, .T. ) ;
#1472 = AXIS2_PLACEMENT_3D ( 'NONE', #943, #1511, #1370 ) ;
#1473 = PRESENTATION_LAYER_ASSIGNMENT (  '', '', ( #286 ) ) ;
#1474 = APPLICATION_PROTOCOL_DEFINITION ( 'draft international standard', 'automotive_design', 1998, #1425 ) ;
#1475 = CIRCLE ( 'NONE', #1238, 1.500000000000001332 ) ;
#1476 = LINE ( 'NONE', #390, #686 ) ;
#1477 = ORIENTED_EDGE ( 'NONE', *, *, #808, .F. ) ;
#1478 = AXIS2_PLACEMENT_3D ( 'NONE', #1440, #740, #1452 ) ;
#1479 = DIRECTION ( 'NONE',  ( 0.9705890678271074101, -0.2407423133030558715, 0.000000000000000000 ) ) ;
#1480 = VECTOR ( 'NONE', #1010, 1000.000000000000000 ) ;
#1481 = LINE ( 'NONE', #1079, #1679 ) ;
#1482 = ORIENTED_EDGE ( 'NONE', *, *, #34, .T. ) ;
#1483 = LINE ( 'NONE', #1081, #892 ) ;
#1484 = EDGE_CURVE ( 'NONE', #961, #338, #1738, .T. ) ;
#1485 = VERTEX_POINT ( 'NONE', #1458 ) ;
#1486 = FACE_OUTER_BOUND ( 'NONE', #967, .T. ) ;
#1487 = CARTESIAN_POINT ( 'NONE',  ( 22.49999999999999289, -22.49999999999999289, 38.50000000000000000 ) ) ;
#1488 = VERTEX_POINT ( 'NONE', #1630 ) ;
#1489 = DIRECTION ( 'NONE',  ( 0.000000000000000000, -0.000000000000000000, -1.000000000000000000 ) ) ;
#1490 = EDGE_CURVE ( 'NONE', #570, #1106, #527, .T. ) ;
#1491 = DIRECTION ( 'NONE',  ( 1.000000000000000000, 0.000000000000000000, 0.000000000000000000 ) ) ;
#1492 = DIRECTION ( 'NONE',  ( 1.084202172485504434E-16, -0.000000000000000000, 1.000000000000000000 ) ) ;
#1493 = DIRECTION ( 'NONE',  ( -0.000000000000000000, -1.000000000000000000, -0.000000000000000000 ) ) ;
#1494 = ORIENTED_EDGE ( 'NONE', *, *, #996, .T. ) ;
#1495 = DIRECTION ( 'NONE',  ( -0.000000000000000000, -0.000000000000000000, -1.000000000000000000 ) ) ;
#1496 = EDGE_CURVE ( 'NONE', #1462, #697, #932, .T. ) ;
#1497 = AXIS2_PLACEMENT_3D ( 'NONE', #1541, #554, #1557 ) ;
#1498 = ORIENTED_EDGE ( 'NONE', *, *, #1084, .T. ) ;
#1499 = AXIS2_PLACEMENT_3D ( 'NONE', #1207, #944, #493 ) ;
#1500 = AXIS2_PLACEMENT_3D ( 'NONE', #240, #1520, #791 ) ;
#1501 = EDGE_CURVE ( 'NONE', #818, #393, #74, .T. ) ;
#1502 = DIRECTION ( 'NONE',  ( 0.000000000000000000, 1.000000000000000000, 0.000000000000000000 ) ) ;
#1503 = CARTESIAN_POINT ( 'NONE',  ( 4.122167689465846330, 24.50000000000000000, 40.00000000000000000 ) ) ;
#1504 = AXIS2_PLACEMENT_3D ( 'NONE', #200, #779, #1026 ) ;
#1505 = ORIENTED_EDGE ( 'NONE', *, *, #1470, .F. ) ;
#1506 = LINE ( 'NONE', #1367, #80 ) ;
#1507 = AXIS2_PLACEMENT_3D ( 'NONE', #997, #822, #711 ) ;
#1508 = DIRECTION ( 'NONE',  ( 0.000000000000000000, 0.000000000000000000, 1.000000000000000000 ) ) ;
#1509 = ORIENTED_EDGE ( 'NONE', *, *, #1009, .F. ) ;
#1510 = LINE ( 'NONE', #237, #229 ) ;
#1511 = DIRECTION ( 'NONE',  ( -0.000000000000000000, -0.000000000000000000, -1.000000000000000000 ) ) ;
#1512 = FACE_OUTER_BOUND ( 'NONE', #103, .T. ) ;
#1513 = CYLINDRICAL_SURFACE ( 'NONE', #1150, 1.500000000000001110 ) ;
#1514 = DIRECTION ( 'NONE',  ( 0.000000000000000000, -0.000000000000000000, -1.000000000000000000 ) ) ;
#1515 = CARTESIAN_POINT ( 'NONE',  ( -22.00000000000000000, -10.74999999999999467, 35.50000000000001421 ) ) ;
#1516 = ORIENTED_EDGE ( 'NONE', *, *, #1411, .F. ) ;
#1517 = CARTESIAN_POINT ( 'NONE',  ( -10.74999999999999645, 10.74999999999999645, 40.00000000000000000 ) ) ;
#1518 = MANIFOLD_SOLID_BREP ( 'Fillet1', #201 ) ;
#1519 = CARTESIAN_POINT ( 'NONE',  ( 0.000000000000000000, -23.99999999999999289, 32.00000000000000000 ) ) ;
#1520 = DIRECTION ( 'NONE',  ( 0.000000000000000000, 0.000000000000000000, -1.000000000000000000 ) ) ;
#1521 = DIRECTION ( 'NONE',  ( 1.000000000000000000, -1.613696256722611898E-16, 0.000000000000000000 ) ) ;
#1522 = ADVANCED_FACE ( 'NONE', ( #1512 ), #1078, .F. ) ;
#1523 = EDGE_CURVE ( 'NONE', #1038, #1809, #812, .T. ) ;
#1524 = CARTESIAN_POINT ( 'NONE',  ( 0.000000000000000000, -22.49999999999999289, 40.00000000000000000 ) ) ;
#1525 = ORIENTED_EDGE ( 'NONE', *, *, #609, .F. ) ;
#1526 = DIRECTION ( 'NONE',  ( 0.000000000000000000, -0.000000000000000000, -1.000000000000000000 ) ) ;
#1527 = ORIENTED_EDGE ( 'NONE', *, *, #703, .F. ) ;
#1528 = DIRECTION ( 'NONE',  ( -0.000000000000000000, 0.000000000000000000, 1.000000000000000000 ) ) ;
#1529 = CARTESIAN_POINT ( 'NONE',  ( 5.000000000000000000, -22.49999999999999289, 38.50000000000000000 ) ) ;
#1530 = FACE_OUTER_BOUND ( 'NONE', #10, .T. ) ;
#1531 = ORIENTED_EDGE ( 'NONE', *, *, #782, .T. ) ;
#1532 = VECTOR ( 'NONE', #919, 1000.000000000000000 ) ;
#1533 = CIRCLE ( 'NONE', #369, 1.500000000000001332 ) ;
#1534 = CARTESIAN_POINT ( 'NONE',  ( -10.74999999999999645, 10.74999999999999645, 38.50000000000000000 ) ) ;
#1535 = AXIS2_PLACEMENT_3D ( 'NONE', #1826, #1429, #1400 ) ;
#1536 = VECTOR ( 'NONE', #1574, 1000.000000000000000 ) ;
#1537 = AXIS2_PLACEMENT_3D ( 'NONE', #32, #304, #1025 ) ;
#1538 = VERTEX_POINT ( 'NONE', #1776 ) ;
#1539 = EDGE_CURVE ( 'NONE', #1625, #1595, #668, .T. ) ;
#1540 = CARTESIAN_POINT ( 'NONE',  ( 22.49999999999999289, 10.74999999999999645, 40.00000000000000000 ) ) ;
#1541 = CARTESIAN_POINT ( 'NONE',  ( 3.500000000000000888, -21.49999999999999645, 33.50000000000000000 ) ) ;
#1542 = DIRECTION ( 'NONE',  ( -1.000000000000000000, 0.000000000000000000, 0.000000000000000000 ) ) ;
#1543 = CARTESIAN_POINT ( 'NONE',  ( 5.722881095858857847, 23.07266118658051113, 103.6553218513581953 ) ) ;
#1544 = ORIENTED_EDGE ( 'NONE', *, *, #1167, .F. ) ;
#1545 = PLANE ( 'NONE',  #472 ) ;
#1546 = DIRECTION ( 'NONE',  ( 1.000000000000000000, -1.613696256722611898E-16, 0.000000000000000000 ) ) ;
#1547 = ORIENTED_EDGE ( 'NONE', *, *, #343, .T. ) ;
#1548 = EDGE_CURVE ( 'NONE', #1396, #690, #1644, .T. ) ;
#1549 = ORIENTED_EDGE ( 'NONE', *, *, #1167, .T. ) ;
#1550 = LINE ( 'NONE', #1519, #1205 ) ;
#1551 = DIRECTION ( 'NONE',  ( 1.000000000000000000, 3.227392513445220346E-16, 0.000000000000000000 ) ) ;
#1552 = VERTEX_POINT ( 'NONE', #365 ) ;
#1553 = DIRECTION ( 'NONE',  ( -0.000000000000000000, 0.000000000000000000, 1.000000000000000000 ) ) ;
#1554 = DIRECTION ( 'NONE',  ( -3.227392513445223797E-16, 1.000000000000000000, -0.000000000000000000 ) ) ;
#1555 = VERTEX_POINT ( 'NONE', #360 ) ;
#1556 = ORIENTED_EDGE ( 'NONE', *, *, #1746, .T. ) ;
#1557 = DIRECTION ( 'NONE',  ( 0.000000000000000000, 0.000000000000000000, 1.000000000000000000 ) ) ;
#1558 = DIRECTION ( 'NONE',  ( 1.000000000000000000, 0.000000000000000000, 0.000000000000000000 ) ) ;
#1559 = ORIENTED_EDGE ( 'NONE', *, *, #145, .T. ) ;
#1560 = DIRECTION ( 'NONE',  ( 1.000000000000000000, 0.000000000000000000, 0.000000000000000000 ) ) ;
#1561 = LINE ( 'NONE', #1422, #1328 ) ;
#1562 = AXIS2_PLACEMENT_3D ( 'NONE', #897, #1723, #466 ) ;
#1563 = MECHANICAL_DESIGN_GEOMETRIC_PRESENTATION_REPRESENTATION (  '', ( #286 ), #104 ) ;
#1564 = VECTOR ( 'NONE', #1137, 1000.000000000000000 ) ;
#1565 = ORIENTED_EDGE ( 'NONE', *, *, #1411, .T. ) ;
#1566 = VECTOR ( 'NONE', #250, 1000.000000000000000 ) ;
#1567 = VECTOR ( 'NONE', #235, 1000.000000000000227 ) ;
#1568 =( BOUNDED_CURVE ( )  B_SPLINE_CURVE ( 3, ( #221, #542, #1365, #68 ),
 .UNSPECIFIED., .F., .T. ) 
 B_SPLINE_CURVE_WITH_KNOTS ( ( 4, 4 ),
 ( 4.712388980384689674, 6.283185307179586232 ),
 .UNSPECIFIED. ) 
 CURVE ( )  GEOMETRIC_REPRESENTATION_ITEM ( )  RATIONAL_B_SPLINE_CURVE ( ( 1.000000000000000000, 0.8047378541243649375, 0.8047378541243649375, 1.000000000000000000 ) ) 
 REPRESENTATION_ITEM ( '' )  );
#1569 =( NAMED_UNIT ( * ) PLANE_ANGLE_UNIT ( ) SI_UNIT ( $, .RADIAN. ) );
#1570 = DIRECTION ( 'NONE',  ( 3.227392513445223797E-16, -1.000000000000000000, 0.000000000000000000 ) ) ;
#1571 = EDGE_LOOP ( 'NONE', ( #417, #588, #297, #1024 ) ) ;
#1572 = DIRECTION ( 'NONE',  ( 1.000000000000000000, 0.000000000000000000, 0.000000000000000000 ) ) ;
#1573 = LINE ( 'NONE', #262, #137 ) ;
#1574 = DIRECTION ( 'NONE',  ( 0.000000000000000000, -1.000000000000000000, 0.000000000000000000 ) ) ;
#1575 = EDGE_CURVE ( 'NONE', #1164, #1203, #1001, .T. ) ;
#1576 = ORIENTED_EDGE ( 'NONE', *, *, #664, .T. ) ;
#1577 = FACE_OUTER_BOUND ( 'NONE', #1003, .T. ) ;
#1578 = DIRECTION ( 'NONE',  ( 0.000000000000000000, 0.000000000000000000, -1.000000000000000000 ) ) ;
#1579 = LINE ( 'NONE', #1155, #202 ) ;
#1580 = ORIENTED_EDGE ( 'NONE', *, *, #1304, .F. ) ;
#1581 = DIRECTION ( 'NONE',  ( -0.9705890678271074101, -0.2407423133030554829, 0.000000000000000000 ) ) ;
#1582 = ADVANCED_FACE ( 'NONE', ( #1787 ), #1765, .T. ) ;
#1583 = CARTESIAN_POINT ( 'NONE',  ( -10.74999999999999645, 10.74999999999999645, -37.50000000000000000 ) ) ;
#1584 = EDGE_CURVE ( 'NONE', #1751, #1552, #504, .T. ) ;
#1585 = CARTESIAN_POINT ( 'NONE',  ( 10.74999999999999645, -10.74999999999999645, 35.50000000000000711 ) ) ;
#1586 = DIRECTION ( 'NONE',  ( 0.9705890678271072991, -0.2407423133030559548, 0.000000000000000000 ) ) ;
#1587 = CARTESIAN_POINT ( 'NONE',  ( 21.49999999999999645, 10.74999999999999645, -37.50000000000000000 ) ) ;
#1588 = DIRECTION ( 'NONE',  ( 1.000000000000000000, 0.000000000000000000, -0.000000000000000000 ) ) ;
#1589 = CARTESIAN_POINT ( 'NONE',  ( -4.122167689465833007, 24.50000000000000000, -40.00000000000000000 ) ) ;
#1590 = VECTOR ( 'NONE', #535, 1000.000000000000000 ) ;
#1591 = VECTOR ( 'NONE', #1036, 1000.000000000000000 ) ;
#1592 = AXIS2_PLACEMENT_3D ( 'NONE', #1543, #869, #1407 ) ;
#1593 = VECTOR ( 'NONE', #458, 1000.000000000000000 ) ;
#1594 = ADVANCED_FACE ( 'NONE', ( #1486 ), #795, .F. ) ;
#1595 = VERTEX_POINT ( 'NONE', #1359 ) ;
#1596 = FACE_OUTER_BOUND ( 'NONE', #1040, .T. ) ;
#1597 = TOROIDAL_SURFACE ( 'NONE', #320, 11.75000000000000533, 1.500000000000000000 ) ;
#1598 = CARTESIAN_POINT ( 'NONE',  ( 4.122167689465847218, 24.50000000000000000, -40.00000000000000000 ) ) ;
#1599 = LINE ( 'NONE', #187, #1798 ) ;
#1600 = ORIENTED_EDGE ( 'NONE', *, *, #839, .T. ) ;
#1601 = LINE ( 'NONE', #871, #830 ) ;
#1602 = PRODUCT_DEFINITION_SHAPE ( 'NONE', 'NONE',  #293 ) ;
#1603 = DIRECTION ( 'NONE',  ( -0.2407423133030555940, 0.9705890678271074101, 0.000000000000000000 ) ) ;
#1604 = ORIENTED_EDGE ( 'NONE', *, *, #672, .F. ) ;
#1605 = CARTESIAN_POINT ( 'NONE',  ( -3.944305753709989038, 24.54411639825934088, -40.00000000000000000 ) ) ;
#1606 = VERTEX_POINT ( 'NONE', #79 ) ;
#1607 = EDGE_CURVE ( 'NONE', #209, #730, #347, .T. ) ;
#1608 = DIRECTION ( 'NONE',  ( 0.000000000000000000, 0.000000000000000000, -1.000000000000000000 ) ) ;
#1609 = DIRECTION ( 'NONE',  ( 1.000000000000000000, 0.000000000000000000, 0.000000000000000000 ) ) ;
#1610 = VERTEX_POINT ( 'NONE', #1825 ) ;
#1611 = EDGE_CURVE ( 'NONE', #1662, #510, #1357, .T. ) ;
#1612 = DIRECTION ( 'NONE',  ( 0.000000000000000000, -0.000000000000000000, -1.000000000000000000 ) ) ;
#1613 = CARTESIAN_POINT ( 'NONE',  ( -4.305419223664572748, 26.00000000000000355, -38.50000000000000000 ) ) ;
#1614 = ORIENTED_EDGE ( 'NONE', *, *, #309, .F. ) ;
#1615 = PLANE ( 'NONE',  #719 ) ;
#1616 = VERTEX_POINT ( 'NONE', #117 ) ;
#1617 = CARTESIAN_POINT ( 'NONE',  ( -22.50000000000000000, 10.74999999999999822, -38.50000000000000000 ) ) ;
#1618 = VERTEX_POINT ( 'NONE', #410 ) ;
#1619 =( NAMED_UNIT ( * ) SI_UNIT ( $, .STERADIAN. ) SOLID_ANGLE_UNIT ( ) );
#1620 = CARTESIAN_POINT ( 'NONE',  ( 5.000000000000000888, 0.000000000000000000, 35.50000000000000711 ) ) ;
#1621 = ORIENTED_EDGE ( 'NONE', *, *, #1312, .F. ) ;
#1622 = ADVANCED_FACE ( 'NONE', ( #106 ), #954, .F. ) ;
#1623 = DIRECTION ( 'NONE',  ( 0.000000000000000000, 0.000000000000000000, 1.000000000000000000 ) ) ;
#1624 = AXIS2_PLACEMENT_3D ( 'NONE', #3, #475, #1578 ) ;
#1625 = VERTEX_POINT ( 'NONE', #1661 ) ;
#1626 = CIRCLE ( 'NONE', #1497, 1.500000000000001332 ) ;
#1627 = AXIS2_PLACEMENT_3D ( 'NONE', #590, #1154, #186 ) ;
#1628 = CARTESIAN_POINT ( 'NONE',  ( -3.500000000000000888, -23.99999999999999289, 32.00000000000000000 ) ) ;
#1629 = EDGE_LOOP ( 'NONE', ( #1498, #1071, #59, #1087 ) ) ;
#1630 = CARTESIAN_POINT ( 'NONE',  ( -5.000000000000000000, -22.49999999999999289, 40.00000000000000000 ) ) ;
#1631 = VECTOR ( 'NONE', #1711, 1000.000000000000000 ) ;
#1632 = ORIENTED_EDGE ( 'NONE', *, *, #2, .F. ) ;
#1633 = DIRECTION ( 'NONE',  ( -1.000000000000000000, 0.000000000000000000, 0.000000000000000000 ) ) ;
#1634 = EDGE_CURVE ( 'NONE', #1106, #1668, #127, .T. ) ;
#1635 = EDGE_CURVE ( 'NONE', #1259, #1008, #801, .T. ) ;
#1636 = ORIENTED_EDGE ( 'NONE', *, *, #518, .T. ) ;
#1637 =( NAMED_UNIT ( * ) PLANE_ANGLE_UNIT ( ) SI_UNIT ( $, .RADIAN. ) );
#1638 = DIRECTION ( 'NONE',  ( 1.000000000000000000, 0.000000000000000000, 0.000000000000000000 ) ) ;
#1639 = ORIENTED_EDGE ( 'NONE', *, *, #782, .F. ) ;
#1640 = FACE_OUTER_BOUND ( 'NONE', #424, .T. ) ;
#1641 = VERTEX_POINT ( 'NONE', #820 ) ;
#1642 = ADVANCED_FACE ( 'NONE', ( #136 ), #979, .F. ) ;
#1643 = ORIENTED_EDGE ( 'NONE', *, *, #713, .T. ) ;
#1644 = LINE ( 'NONE', #1349, #856 ) ;
#1645 = CYLINDRICAL_SURFACE ( 'NONE', #915, 13.25000000000000533 ) ;
#1646 = DIRECTION ( 'NONE',  ( -1.000000000000000000, 0.000000000000000000, 0.000000000000000000 ) ) ;
#1647 = EDGE_CURVE ( 'NONE', #95, #180, #1550, .T. ) ;
#1648 = VECTOR ( 'NONE', #579, 1000.000000000000000 ) ;
#1649 = EDGE_LOOP ( 'NONE', ( #1184, #322, #1505, #1659 ) ) ;
#1650 = VECTOR ( 'NONE', #353, 1000.000000000000000 ) ;
#1651 = DIRECTION ( 'NONE',  ( -1.000000000000000000, 0.000000000000000000, 1.084202172485504434E-16 ) ) ;
#1652 = DIRECTION ( 'NONE',  ( -0.9705890678271075211, 0.2407423133030560103, -0.000000000000000000 ) ) ;
#1653 = CARTESIAN_POINT ( 'NONE',  ( 10.74999999999999645, -10.74999999999999645, 35.50000000000000711 ) ) ;
#1654 = VECTOR ( 'NONE', #1769, 1000.000000000000000 ) ;
#1655 = DIRECTION ( 'NONE',  ( 0.9705890678271074101, 0.2407423133030554829, 0.000000000000000000 ) ) ;
#1656 = DIRECTION ( 'NONE',  ( 0.000000000000000000, -1.000000000000000000, 0.000000000000000000 ) ) ;
#1657 = ORIENTED_EDGE ( 'NONE', *, *, #457, .T. ) ;
#1658 = DIRECTION ( 'NONE',  ( 0.000000000000000000, 0.000000000000000000, 1.000000000000000000 ) ) ;
#1659 = ORIENTED_EDGE ( 'NONE', *, *, #389, .F. ) ;
#1660 = ADVANCED_FACE ( 'NONE', ( #1815 ), #555, .F. ) ;
#1661 = CARTESIAN_POINT ( 'NONE',  ( -5.000000000000000888, -21.49999999999999645, 33.50000000000000000 ) ) ;
#1662 = VERTEX_POINT ( 'NONE', #1699 ) ;
#1663 = EDGE_CURVE ( 'NONE', #787, #1488, #720, .T. ) ;
#1664 = DIRECTION ( 'NONE',  ( -1.000000000000000000, 0.000000000000000000, -0.000000000000000000 ) ) ;
#1665 = CARTESIAN_POINT ( 'NONE',  ( -5.722881095858849854, 23.07266118658051823, 103.6553218513581953 ) ) ;
#1666 = ADVANCED_FACE ( 'NONE', ( #1098 ), #277, .T. ) ;
#1667 = CARTESIAN_POINT ( 'NONE',  ( 0.000000000000000000, -23.99999999999999289, 32.00000000000000000 ) ) ;
#1668 = VERTEX_POINT ( 'NONE', #1136 ) ;
#1669 = DIRECTION ( 'NONE',  ( -0.000000000000000000, -0.000000000000000000, -1.000000000000000000 ) ) ;
#1670 = ORIENTED_EDGE ( 'NONE', *, *, #1634, .T. ) ;
#1671 = ORIENTED_EDGE ( 'NONE', *, *, #203, .F. ) ;
#1672 = CARTESIAN_POINT ( 'NONE',  ( 4.122167689465846330, 24.50000000000000000, 40.00000000000000000 ) ) ;
#1673 = CARTESIAN_POINT ( 'NONE',  ( -10.74999999999999645, 10.74999999999999645, 35.50000000000000711 ) ) ;
#1674 = DIRECTION ( 'NONE',  ( 0.000000000000000000, 0.000000000000000000, 1.000000000000000000 ) ) ;
#1675 = DIRECTION ( 'NONE',  ( 0.000000000000000000, 0.000000000000000000, 1.000000000000000000 ) ) ;
#1676 = ORIENTED_EDGE ( 'NONE', *, *, #853, .T. ) ;
#1677 = ORIENTED_EDGE ( 'NONE', *, *, #1082, .T. ) ;
#1678 = DIRECTION ( 'NONE',  ( 1.000000000000000000, 0.000000000000000000, 0.000000000000000000 ) ) ;
#1679 = VECTOR ( 'NONE', #366, 1000.000000000000000 ) ;
#1680 = LINE ( 'NONE', #576, #1564 ) ;
#1681 = ORIENTED_EDGE ( 'NONE', *, *, #153, .F. ) ;
#1682 = VECTOR ( 'NONE', #849, 1000.000000000000000 ) ;
#1683 = CARTESIAN_POINT ( 'NONE',  ( -3.550131764789745733E-15, -21.99999999999999645, -40.00000000000000000 ) ) ;
#1684 =( GEOMETRIC_REPRESENTATION_CONTEXT ( 3 ) GLOBAL_UNCERTAINTY_ASSIGNED_CONTEXT ( ( #1293 ) ) GLOBAL_UNIT_ASSIGNED_CONTEXT ( ( #1309, #1569, #205 ) ) REPRESENTATION_CONTEXT ( 'NONE', 'WORKASPACE' ) );
#1685 = VECTOR ( 'NONE', #1163, 1000.000000000000000 ) ;
#1686 = PLANE ( 'NONE',  #498 ) ;
#1687 = VECTOR ( 'NONE', #489, 1000.000000000000000 ) ;
#1688 = EDGE_CURVE ( 'NONE', #1320, #593, #684, .T. ) ;
#1689 = DIRECTION ( 'NONE',  ( 1.000000000000000000, -0.000000000000000000, -1.084202172485504434E-16 ) ) ;
#1690 = ORIENTED_EDGE ( 'NONE', *, *, #270, .T. ) ;
#1691 = EDGE_CURVE ( 'NONE', #928, #642, #1030, .T. ) ;
#1692 = CARTESIAN_POINT ( 'NONE',  ( -10.74999999999999645, 10.74999999999999645, -40.00000000000000000 ) ) ;
#1693 = DIRECTION ( 'NONE',  ( -0.000000000000000000, 0.000000000000000000, 1.000000000000000000 ) ) ;
#1694 = VERTEX_POINT ( 'NONE', #1672 ) ;
#1695 = DIRECTION ( 'NONE',  ( 0.000000000000000000, 0.000000000000000000, 1.000000000000000000 ) ) ;
#1696 = CARTESIAN_POINT ( 'NONE',  ( 5.843252252510385603, 23.55795572049406772, -40.00000000000000000 ) ) ;
#1697 = EDGE_CURVE ( 'NONE', #898, #279, #1742, .T. ) ;
#1698 = DIRECTION ( 'NONE',  ( -1.613696256722611898E-16, -1.000000000000000000, 0.000000000000000000 ) ) ;
#1699 = CARTESIAN_POINT ( 'NONE',  ( 5.000000000000000000, -23.99999999999999289, 38.50000000000000000 ) ) ;
#1700 = CARTESIAN_POINT ( 'NONE',  ( -4.000000000000000000, 23.50000000000000355, 35.50000000000000711 ) ) ;
#1701 = ORIENTED_EDGE ( 'NONE', *, *, #652, .F. ) ;
#1702 = CARTESIAN_POINT ( 'NONE',  ( -13.33797986800784940, 21.18383247914140810, 35.50000000000000711 ) ) ;
#1703 = CARTESIAN_POINT ( 'NONE',  ( -3.550131764789745733E-15, -21.99999999999999645, 35.50000000000000711 ) ) ;
#1704 = ORIENTED_EDGE ( 'NONE', *, *, #630, .T. ) ;
#1705 = ORIENTED_EDGE ( 'NONE', *, *, #1818, .T. ) ;
#1706 = CARTESIAN_POINT ( 'NONE',  ( 6.324736879116501065, 25.49913385614828343, -38.50000000000000000 ) ) ;
#1707 = EDGE_CURVE ( 'NONE', #1618, #1034, #1119, .T. ) ;
#1708 = DIRECTION ( 'NONE',  ( 0.000000000000000000, -0.000000000000000000, -1.000000000000000000 ) ) ;
#1709 = FACE_OUTER_BOUND ( 'NONE', #577, .T. ) ;
#1710 = ORIENTED_EDGE ( 'NONE', *, *, #1539, .T. ) ;
#1711 = DIRECTION ( 'NONE',  ( 0.9705890678271074101, -0.2407423133030559270, 0.000000000000000000 ) ) ;
#1712 = VECTOR ( 'NONE', #1554, 1000.000000000000000 ) ;
#1713 = CARTESIAN_POINT ( 'NONE',  ( 22.49999999999999289, 10.74999999999999645, 40.00000000000000000 ) ) ;
#1714 = AXIS2_PLACEMENT_3D ( 'NONE', #1487, #107, #1788 ) ;
#1715 = PRODUCT_DEFINITION_FORMATION_WITH_SPECIFIED_SOURCE ( 'ANY', '', #176, .NOT_KNOWN. ) ;
#1716 = TOROIDAL_SURFACE ( 'NONE', #412, 11.74999999999999822, 1.500000000000000000 ) ;
#1717 = VECTOR ( 'NONE', #1227, 1000.000000000000000 ) ;
#1718 = ORIENTED_EDGE ( 'NONE', *, *, #1361, .T. ) ;
#1719 = CARTESIAN_POINT ( 'NONE',  ( -21.49999999999999645, 10.74999999999999645, 35.50000000000000711 ) ) ;
#1720 = CARTESIAN_POINT ( 'NONE',  ( 13.33797986800785118, 21.18383247914140100, -37.50000000000000000 ) ) ;
#1721 = ORIENTED_EDGE ( 'NONE', *, *, #325, .T. ) ;
#1722 = CARTESIAN_POINT ( 'NONE',  ( 5.722881095858857847, 23.07266118658051113, -37.50000000000000000 ) ) ;
#1723 = DIRECTION ( 'NONE',  ( 1.000000000000000000, 0.000000000000000000, 0.000000000000000000 ) ) ;
#1724 = PRODUCT_DEFINITION_CONTEXT ( 'detailed design', #739, 'design' ) ;
#1725 = DIRECTION ( 'NONE',  ( -0.000000000000000000, 1.000000000000000000, -0.000000000000000000 ) ) ;
#1726 = ORIENTED_EDGE ( 'NONE', *, *, #996, .F. ) ;
#1727 = CARTESIAN_POINT ( 'NONE',  ( 10.74999999999999645, -21.49999999999999645, -37.50000000000000711 ) ) ;
#1728 = CARTESIAN_POINT ( 'NONE',  ( 6.324736879116501065, 25.49913385614828343, -40.00000000000000000 ) ) ;
#1729 = ORIENTED_EDGE ( 'NONE', *, *, #1201, .F. ) ;
#1730 = CARTESIAN_POINT ( 'NONE',  ( 13.57872218131090492, 22.15442154696851063, -38.50000000000000000 ) ) ;
#1731 = FACE_OUTER_BOUND ( 'NONE', #956, .T. ) ;
#1732 = CARTESIAN_POINT ( 'NONE',  ( -4.061083844732923609, 24.00000000000000000, 35.50000000000001421 ) ) ;
#1733 = ADVANCED_FACE ( 'NONE', ( #1435 ), #1300, .T. ) ;
#1734 = EDGE_LOOP ( 'NONE', ( #846, #1242, #674, #778 ) ) ;
#1735 = DIRECTION ( 'NONE',  ( 0.000000000000000000, 0.000000000000000000, 1.000000000000000000 ) ) ;
#1736 = CARTESIAN_POINT ( 'NONE',  ( -21.49999999999999645, -10.74999999999999467, -37.50000000000000000 ) ) ;
#1737 = ORIENTED_EDGE ( 'NONE', *, *, #1607, .T. ) ;
#1738 = LINE ( 'NONE', #465, #1591 ) ;
#1739 = ORIENTED_EDGE ( 'NONE', *, *, #1287, .T. ) ;
#1740 = DIRECTION ( 'NONE',  ( -0.9705890678271074101, -0.2407423133030555384, 0.000000000000000000 ) ) ;
#1741 = AXIS2_PLACEMENT_3D ( 'NONE', #1665, #83, #1655 ) ;
#1742 = CIRCLE ( 'NONE', #1627, 13.24999999999999822 ) ;
#1743 = AXIS2_PLACEMENT_3D ( 'NONE', #729, #128, #1836 ) ;
#1744 = VECTOR ( 'NONE', #550, 1000.000000000000000 ) ;
#1745 = EDGE_LOOP ( 'NONE', ( #742, #1565, #1839, #631 ) ) ;
#1746 = EDGE_CURVE ( 'NONE', #444, #95, #404, .T. ) ;
#1747 = LINE ( 'NONE', #11, #1444 ) ;
#1748 = CARTESIAN_POINT ( 'NONE',  ( -21.49999999999999645, -10.74999999999999645, 103.6553218513581953 ) ) ;
#1749 = ORIENTED_EDGE ( 'NONE', *, *, #1426, .T. ) ;
#1750 = FACE_OUTER_BOUND ( 'NONE', #1837, .T. ) ;
#1751 = VERTEX_POINT ( 'NONE', #1719 ) ;
#1752 = DIRECTION ( 'NONE',  ( -0.9705890678271074101, -0.2407423133030554829, 0.000000000000000000 ) ) ;
#1753 = ORIENTED_EDGE ( 'NONE', *, *, #561, .F. ) ;
#1754 = EDGE_CURVE ( 'NONE', #563, #123, #823, .T. ) ;
#1755 = LINE ( 'NONE', #632, #777 ) ;
#1756 = ORIENTED_EDGE ( 'NONE', *, *, #549, .T. ) ;
#1757 = SURFACE_SIDE_STYLE ('',( #231 ) ) ;
#1758 = EDGE_CURVE ( 'NONE', #1303, #1217, #139, .T. ) ;
#1759 = DIRECTION ( 'NONE',  ( -0.9705890678271074101, -0.2407423133030555384, 0.000000000000000000 ) ) ;
#1760 = EDGE_LOOP ( 'NONE', ( #553, #887, #1427, #984, #329, #1509, #1016, #833, #1721, #924, #344, #1278, #1614, #702, #1346, #1604, #1398, #826, #1027, #217, #447, #667, #166, #850 ) ) ;
#1761 = LINE ( 'NONE', #1316, #1687 ) ;
#1762 = ORIENTED_EDGE ( 'NONE', *, *, #916, .T. ) ;
#1763 = CARTESIAN_POINT ( 'NONE',  ( 4.305419223664574524, 26.00000000000000711, -38.50000000000000000 ) ) ;
#1764 = ORIENTED_EDGE ( 'NONE', *, *, #925, .F. ) ;
#1765 = CYLINDRICAL_SURFACE ( 'NONE', #776, 1.500000000000001332 ) ;
#1766 = CYLINDRICAL_SURFACE ( 'NONE', #1500, 1.500000000000001332 ) ;
#1767 = VERTEX_POINT ( 'NONE', #1428 ) ;
#1768 = EDGE_CURVE ( 'NONE', #495, #338, #1239, .T. ) ;
#1769 = DIRECTION ( 'NONE',  ( -0.000000000000000000, -0.000000000000000000, -1.000000000000000000 ) ) ;
#1770 = AXIS2_PLACEMENT_3D ( 'NONE', #1692, #1260, #1678 ) ;
#1771 = AXIS2_PLACEMENT_3D ( 'NONE', #305, #1588, #635 ) ;
#1772 = AXIS2_PLACEMENT_3D ( 'NONE', #29, #39, #1041 ) ;
#1773 = CIRCLE ( 'NONE', #1032, 10.75000000000000000 ) ;
#1774 = CARTESIAN_POINT ( 'NONE',  ( 5.000000000000000888, -23.99999999999999289, 33.50000000000000000 ) ) ;
#1775 = VECTOR ( 'NONE', #372, 1000.000000000000000 ) ;
#1776 = CARTESIAN_POINT ( 'NONE',  ( -5.000000000000000000, -23.99999999999999289, 38.50000000000000000 ) ) ;
#1777 = CARTESIAN_POINT ( 'NONE',  ( 4.305419223664552320, 26.00000000000000711, 39.37867965644036161 ) ) ;
#1778 = FACE_OUTER_BOUND ( 'NONE', #867, .T. ) ;
#1779 = CARTESIAN_POINT ( 'NONE',  ( 4.000000000000000000, 23.50000000000000355, 103.6553218513581953 ) ) ;
#1780 = DIRECTION ( 'NONE',  ( 1.000000000000000000, 0.000000000000000000, 0.000000000000000000 ) ) ;
#1781 = CARTESIAN_POINT ( 'NONE',  ( 10.74999999999999645, -21.49999999999999645, 35.50000000000000711 ) ) ;
#1782 = EDGE_LOOP ( 'NONE', ( #1338, #354, #485, #125 ) ) ;
#1783 = LINE ( 'NONE', #507, #1214 ) ;
#1784 = ORIENTED_EDGE ( 'NONE', *, *, #165, .F. ) ;
#1785 = DIRECTION ( 'NONE',  ( -0.000000000000000000, 0.000000000000000000, 1.000000000000000000 ) ) ;
#1786 = ORIENTED_EDGE ( 'NONE', *, *, #1339, .T. ) ;
#1787 = FACE_OUTER_BOUND ( 'NONE', #265, .T. ) ;
#1788 = DIRECTION ( 'NONE',  ( 0.000000000000000000, 0.000000000000000000, -1.000000000000000000 ) ) ;
#1789 = ORIENTED_EDGE ( 'NONE', *, *, #808, .T. ) ;
#1790 = CARTESIAN_POINT ( 'NONE',  ( 4.000000000000000000, 23.50000000000000355, -37.50000000000000000 ) ) ;
#1791 = CARTESIAN_POINT ( 'NONE',  ( -22.49999999999998934, -22.49999999999999289, -40.00000000000000000 ) ) ;
#1792 = EDGE_CURVE ( 'NONE', #1132, #1108, #1031, .T. ) ;
#1793 = ORIENTED_EDGE ( 'NONE', *, *, #1020, .T. ) ;
#1794 = CARTESIAN_POINT ( 'NONE',  ( 4.305419223664574524, 26.00000000000000711, -38.50000000000000000 ) ) ;
#1795 = VECTOR ( 'NONE', #1194, 1000.000000000000000 ) ;
#1796 = EDGE_CURVE ( 'NONE', #1668, #120, #445, .T. ) ;
#1797 = LINE ( 'NONE', #1779, #715 ) ;
#1798 = VECTOR ( 'NONE', #1301, 1000.000000000000000 ) ;
#1799 = CARTESIAN_POINT ( 'NONE',  ( -22.49999999999998934, -22.49999999999999289, -38.50000000000000000 ) ) ;
#1800 = VECTOR ( 'NONE', #764, 1000.000000000000000 ) ;
#1801 = FACE_OUTER_BOUND ( 'NONE', #1075, .T. ) ;
#1802 = ORIENTED_EDGE ( 'NONE', *, *, #710, .F. ) ;
#1803 = DIRECTION ( 'NONE',  ( 1.000000000000000000, 0.000000000000000000, 0.000000000000000000 ) ) ;
#1804 = VERTEX_POINT ( 'NONE', #875 ) ;
#1805 = LINE ( 'NONE', #1215, #591 ) ;
#1806 = EDGE_CURVE ( 'NONE', #1247, #1262, #602, .T. ) ;
#1807 = DIRECTION ( 'NONE',  ( 1.000000000000000000, 0.000000000000000000, 0.000000000000000000 ) ) ;
#1808 = DIRECTION ( 'NONE',  ( 0.000000000000000000, -1.000000000000000000, 0.000000000000000000 ) ) ;
#1809 = VERTEX_POINT ( 'NONE', #1598 ) ;
#1810 = DIRECTION ( 'NONE',  ( -3.227392513445223797E-16, 1.000000000000000000, -0.000000000000000000 ) ) ;
#1811 = DIRECTION ( 'NONE',  ( 0.2407423133030555940, 0.9705890678271074101, 0.000000000000000000 ) ) ;
#1812 = ORIENTED_EDGE ( 'NONE', *, *, #1176, .F. ) ;
#1813 = CARTESIAN_POINT ( 'NONE',  ( 21.49999999999999645, -10.74999999999999645, -37.50000000000000000 ) ) ;
#1814 = VERTEX_POINT ( 'NONE', #1727 ) ;
#1815 = FACE_OUTER_BOUND ( 'NONE', #25, .T. ) ;
#1816 = FACE_OUTER_BOUND ( 'NONE', #1734, .T. ) ;
#1817 = ORIENTED_EDGE ( 'NONE', *, *, #1697, .T. ) ;
#1818 = EDGE_CURVE ( 'NONE', #1460, #619, #1747, .T. ) ;
#1819 = DIRECTION ( 'NONE',  ( 1.000000000000000000, 0.000000000000000000, 0.000000000000000000 ) ) ;
#1820 = PLANE ( 'NONE',  #17 ) ;
#1821 = EDGE_CURVE ( 'NONE', #866, #642, #461, .T. ) ;
#1822 = DIRECTION ( 'NONE',  ( -1.613696256722611898E-16, -1.000000000000000000, 0.000000000000000000 ) ) ;
#1823 = ORIENTED_EDGE ( 'NONE', *, *, #1101, .T. ) ;
#1824 = VERTEX_POINT ( 'NONE', #861 ) ;
#1825 = CARTESIAN_POINT ( 'NONE',  ( 21.99999999999999289, -10.75000000000000000, 35.50000000000001421 ) ) ;
#1826 = CARTESIAN_POINT ( 'NONE',  ( -3.500000000000000888, -23.99999999999999289, 33.50000000000000000 ) ) ;
#1827 = ORIENTED_EDGE ( 'NONE', *, *, #270, .F. ) ;
#1828 = AXIS2_PLACEMENT_3D ( 'NONE', #1835, #575, #1807 ) ;
#1829 = EDGE_CURVE ( 'NONE', #279, #1355, #452, .T. ) ;
#1830 = VECTOR ( 'NONE', #809, 1000.000000000000000 ) ;
#1831 = DIRECTION ( 'NONE',  ( 0.9705890678271074101, -0.2407423133030558715, 0.000000000000000000 ) ) ;
#1832 = AXIS2_PLACEMENT_3D ( 'NONE', #89, #368, #663 ) ;
#1833 = EDGE_CURVE ( 'NONE', #1555, #964, #1022, .T. ) ;
#1834 = ORIENTED_EDGE ( 'NONE', *, *, #1634, .F. ) ;
#1835 = CARTESIAN_POINT ( 'NONE',  ( 22.49999999999999289, -22.49999999999999289, 38.50000000000000000 ) ) ;
#1836 = DIRECTION ( 'NONE',  ( 1.000000000000000000, 0.000000000000000000, 0.000000000000000000 ) ) ;
#1837 = EDGE_LOOP ( 'NONE', ( #1827, #1323, #1054, #627, #757, #1244, #811 ) ) ;
#1838 = CARTESIAN_POINT ( 'NONE',  ( -3.550131764789745733E-15, -21.99999999999999645, -40.00000000000000000 ) ) ;
#1839 = ORIENTED_EDGE ( 'NONE', *, *, #1120, .F. ) ;
#1840 = ADVANCED_FACE ( 'NONE', ( #755 ), #620, .T. ) ;
ENDSEC;
END-ISO-10303-21;
