ISO-10303-21;
HEADER;
FILE_DESCRIPTION (( 'STEP AP214' ),
    '1' );
FILE_NAME ('???-??.STEP',
    '2025-10-26T14:06:32',
    ( '' ),
    ( '' ),
    'SwSTEP 2.0',
    'SolidWorks 2024',
    '' );
FILE_SCHEMA (( 'AUTOMOTIVE_DESIGN' ));
ENDSEC;

DATA;
#1 = EDGE_CURVE ( 'NONE', #851, #532, #1617, .T. ) ;
#2 = DIRECTION ( 'NONE',  ( 0.5999999999995542233, 0.000000000000000000, -0.8000000000003343326 ) ) ;
#3 = ORIENTED_EDGE ( 'NONE', *, *, #804, .F. ) ;
#4 = LINE ( 'NONE', #839, #2038 ) ;
#5 = ADVANCED_FACE ( 'NONE', ( #3710 ), #406, .T. ) ;
#6 = CARTESIAN_POINT ( 'NONE',  ( 16.54007135754569902, -26.57597148731282743, 28.69355679643767942 ) ) ;
#7 = DIRECTION ( 'NONE',  ( -0.000000000000000000, -1.000000000000000000, -0.000000000000000000 ) ) ;
#8 = CARTESIAN_POINT ( 'NONE',  ( 18.67172635433398753, 144.0743915592124154, 43.99428288948831778 ) ) ;
#9 = CARTESIAN_POINT ( 'NONE',  ( 18.05037350784965255, 144.5895260273822771, 43.84413589287324697 ) ) ;
#10 = ORIENTED_EDGE ( 'NONE', *, *, #451, .F. ) ;
#11 = LINE ( 'NONE', #296, #2016 ) ;
#12 = CARTESIAN_POINT ( 'NONE',  ( 25.94007135754572957, -40.12597148731278907, 28.19355679643768298 ) ) ;
#13 = CARTESIAN_POINT ( 'NONE',  ( 36.74007135754573738, -16.22597148731266259, 22.29355679643813559 ) ) ;
#14 = ORIENTED_EDGE ( 'NONE', *, *, #1671, .F. ) ;
#15 = AXIS2_PLACEMENT_3D ( 'NONE', #219, #2032, #3449 ) ;
#16 = PLANE ( 'NONE',  #2283 ) ;
#17 = ORIENTED_EDGE ( 'NONE', *, *, #3376, .F. ) ;
#18 = CARTESIAN_POINT ( 'NONE',  ( 8.491476830368895889, -15.77737696013583424, 24.60005539675512054 ) ) ;
#19 = CARTESIAN_POINT ( 'NONE',  ( 10.69007135754572957, -11.42597148731265477, 37.79355679643814625 ) ) ;
#20 = ORIENTED_EDGE ( 'NONE', *, *, #1166, .T. ) ;
#21 = DIRECTION ( 'NONE',  ( -0.6000000000002697620, 0.000000000000000000, -0.7999999999997977618 ) ) ;
#22 = EDGE_CURVE ( 'NONE', #808, #921, #2449, .T. ) ;
#23 = DIRECTION ( 'NONE',  ( 0.7071067811865483499, 0.000000000000000000, -0.7071067811865467956 ) ) ;
#24 = EDGE_CURVE ( 'NONE', #2351, #2840, #1234, .T. ) ;
#25 = PRODUCT_DEFINITION_FORMATION_WITH_SPECIFIED_SOURCE ( 'ANY', '', #883, .NOT_KNOWN. ) ;
#26 = DIRECTION ( 'NONE',  ( -0.5999999999998422151, 0.000000000000000000, 0.8000000000001183942 ) ) ;
#27 = CARTESIAN_POINT ( 'NONE',  ( 18.35877518564678468, 144.2905495054604330, 44.42659878198420387 ) ) ;
#28 = DIRECTION ( 'NONE',  ( 0.6785983445458513286, -0.6785983445458420027, -0.2810846377148221165 ) ) ;
#29 =( GEOMETRIC_REPRESENTATION_CONTEXT ( 3 ) GLOBAL_UNCERTAINTY_ASSIGNED_CONTEXT ( ( #3371 ) ) GLOBAL_UNIT_ASSIGNED_CONTEXT ( ( #1003, #3699, #395 ) ) REPRESENTATION_CONTEXT ( 'NONE', 'WORKASPACE' ) );
#30 = VECTOR ( 'NONE', #728, 1000.000000000000000 ) ;
#31 = ORIENTED_EDGE ( 'NONE', *, *, #3683, .F. ) ;
#32 = CARTESIAN_POINT ( 'NONE',  ( 45.95260051461884387, -16.22597148731266259, 45.95260051461884387 ) ) ;
#33 = CARTESIAN_POINT ( 'NONE',  ( 8.440071357545729569, 153.7740285126873516, 50.46512967169191910 ) ) ;
#34 = CARTESIAN_POINT ( 'NONE',  ( 13.26849848229187501, 156.7740285126873516, 53.29355679643808941 ) ) ;
#35 = AXIS2_PLACEMENT_3D ( 'NONE', #2553, #2264, #3739 ) ;
#36 = ORIENTED_EDGE ( 'NONE', *, *, #2362, .T. ) ;
#37 = CARTESIAN_POINT ( 'NONE',  ( 16.14403213808945381, 148.9878096042871789, 52.79355679643813914 ) ) ;
#38 = ORIENTED_EDGE ( 'NONE', *, *, #2167, .F. ) ;
#39 = DIRECTION ( 'NONE',  ( -0.000000000000000000, 1.000000000000000000, 0.000000000000000000 ) ) ;
#40 = ADVANCED_FACE ( 'NONE', ( #1302 ), #1048, .F. ) ;
#41 = CARTESIAN_POINT ( 'NONE',  ( 43.44007135754571891, 156.7740285126873516, 51.29355679643816046 ) ) ;
#42 = EDGE_LOOP ( 'NONE', ( #1335, #1456, #1518, #3383 ) ) ;
#43 = PLANE ( 'NONE',  #2974 ) ;
#44 = CARTESIAN_POINT ( 'NONE',  ( 10.58651796695246006, -16.22597148731266259, 24.97553731177761449 ) ) ;
#45 = VECTOR ( 'NONE', #282, 1000.000000000000000 ) ;
#46 = CARTESIAN_POINT ( 'NONE',  ( 18.30350384903915639, 144.3619974601068066, 44.56949469127705754 ) ) ;
#47 = CARTESIAN_POINT ( 'NONE',  ( 18.23363419352551063, 144.4980890775611613, 43.59824333425835619 ) ) ;
#48 = ADVANCED_FACE ( 'NONE', ( #1284 ), #2198, .F. ) ;
#49 = VECTOR ( 'NONE', #2165, 1000.000000000000000 ) ;
#50 = ORIENTED_EDGE ( 'NONE', *, *, #3678, .F. ) ;
#51 = CARTESIAN_POINT ( 'NONE',  ( 41.69007135754573312, -11.42597148731265477, 39.86054409454592218 ) ) ;
#52 = DIRECTION ( 'NONE',  ( -0.9805806756909202226, 0.000000000000000000, 0.1961161351381837670 ) ) ;
#53 = CARTESIAN_POINT ( 'NONE',  ( 8.440071357545729569, -15.72597148731266792, 25.12198392118432722 ) ) ;
#54 = EDGE_CURVE ( 'NONE', #3732, #3362, #2367, .T. ) ;
#55 = ORIENTED_EDGE ( 'NONE', *, *, #2409, .T. ) ;
#56 = CARTESIAN_POINT ( 'NONE',  ( 15.34007135754608520, -39.82597148731314007, 24.59355679643765669 ) ) ;
#57 = ORIENTED_EDGE ( 'NONE', *, *, #3593, .T. ) ;
#58 = VECTOR ( 'NONE', #643, 1000.000000000000000 ) ;
#59 = DIRECTION ( 'NONE',  ( 0.000000000000000000, -0.8506508083520093466, -0.5257311121191832193 ) ) ;
#60 = ORIENTED_EDGE ( 'NONE', *, *, #804, .T. ) ;
#61 = LINE ( 'NONE', #1014, #2227 ) ;
#62 = DIRECTION ( 'NONE',  ( 0.7071067811865450192, 0.000000000000000000, 0.7071067811865500152 ) ) ;
#63 = DIRECTION ( 'NONE',  ( 0.7071067811865467956, 0.000000000000000000, 0.7071067811865483499 ) ) ;
#64 = CARTESIAN_POINT ( 'NONE',  ( 14.42065299227786745, 96.45522706079657382, -51.24404610734289633 ) ) ;
#65 = VERTEX_POINT ( 'NONE', #1922 ) ;
#66 = DIRECTION ( 'NONE',  ( 0.7071067811865474617, 0.000000000000000000, -0.7071067811865474617 ) ) ;
#67 = DIRECTION ( 'NONE',  ( 0.000000000000000000, 1.000000000000000000, 0.000000000000000000 ) ) ;
#68 = CARTESIAN_POINT ( 'NONE',  ( 33.85053676224798380, 144.6022791581817444, 43.87843271087308494 ) ) ;
#69 = EDGE_CURVE ( 'NONE', #2056, #3359, #515, .T. ) ;
#70 = ORIENTED_EDGE ( 'NONE', *, *, #904, .T. ) ;
#71 = DIRECTION ( 'NONE',  ( -1.000000000000000000, 0.000000000000000000, 0.000000000000000000 ) ) ;
#72 = ORIENTED_EDGE ( 'NONE', *, *, #2624, .F. ) ;
#73 = EDGE_CURVE ( 'NONE', #2274, #3849, #2694, .T. ) ;
#74 = PLANE ( 'NONE',  #823 ) ;
#75 = AXIS2_PLACEMENT_3D ( 'NONE', #1859, #710, #1896 ) ;
#76 = VERTEX_POINT ( 'NONE', #2636 ) ;
#77 = DIRECTION ( 'NONE',  ( 0.5999999999998421041, -0.000000000000000000, -0.8000000000001183942 ) ) ;
#78 = VERTEX_POINT ( 'NONE', #1157 ) ;
#79 = LINE ( 'NONE', #1270, #1232 ) ;
#80 = DIRECTION ( 'NONE',  ( 1.000000000000000000, -0.000000000000000000, -1.640400450096255239E-16 ) ) ;
#81 = DIRECTION ( 'NONE',  ( 0.000000000000000000, 0.000000000000000000, -1.000000000000000000 ) ) ;
#82 = ORIENTED_EDGE ( 'NONE', *, *, #3305, .T. ) ;
#83 = CARTESIAN_POINT ( 'NONE',  ( 33.00341526353606270, 144.3251950025261579, 43.13329506928801749 ) ) ;
#84 = CARTESIAN_POINT ( 'NONE',  ( 42.01426543775109934, -24.44062574792495113, 14.07890253582573514 ) ) ;
#85 = CARTESIAN_POINT ( 'NONE',  ( 35.94007135754574023, -15.72597148731266792, 54.79355679643813204 ) ) ;
#86 = EDGE_CURVE ( 'NONE', #808, #3666, #587, .T. ) ;
#87 = CARTESIAN_POINT ( 'NONE',  ( 8.592312292523132555, -15.87821242229007090, 51.23049653642209478 ) ) ;
#88 = VERTEX_POINT ( 'NONE', #1429 ) ;
#89 = DIRECTION ( 'NONE',  ( -1.000000000000000000, 0.000000000000000000, 0.000000000000000000 ) ) ;
#90 = VECTOR ( 'NONE', #2075, 1000.000000000000114 ) ;
#91 = EDGE_CURVE ( 'NONE', #2433, #3188, #1214, .T. ) ;
#92 = DIRECTION ( 'NONE',  ( 0.000000000000000000, 1.000000000000000000, 0.000000000000000000 ) ) ;
#93 = ADVANCED_FACE ( 'NONE', ( #1193 ), #1462, .T. ) ;
#94 = DIRECTION ( 'NONE',  ( 2.569960705150825891E-16, 0.000000000000000000, 1.000000000000000000 ) ) ;
#95 = ORIENTED_EDGE ( 'NONE', *, *, #3594, .F. ) ;
#96 = CARTESIAN_POINT ( 'NONE',  ( 38.87513999359345007, -15.72597148731266792, 55.29355679643813914 ) ) ;
#97 = LINE ( 'NONE', #1544, #792 ) ;
#98 = ADVANCED_FACE ( 'NONE', ( #879, #2400 ), #3582, .F. ) ;
#99 = APPLICATION_PROTOCOL_DEFINITION ( 'draft international standard', 'automotive_design', 1998, #3331 ) ;
#100 = VECTOR ( 'NONE', #2717, 1000.000000000000000 ) ;
#101 = AXIS2_PLACEMENT_3D ( 'NONE', #2597, #1646, #199 ) ;
#102 = DIRECTION ( 'NONE',  ( -0.5773502691896288397, 0.5773502691896208461, 0.5773502691896276184 ) ) ;
#103 = LINE ( 'NONE', #3334, #2534 ) ;
#104 = AXIS2_PLACEMENT_3D ( 'NONE', #1268, #2163, #1598 ) ;
#105 = ORIENTED_EDGE ( 'NONE', *, *, #1310, .T. ) ;
#106 = CARTESIAN_POINT ( 'NONE',  ( 33.73000185249134120, 144.5340340807161965, 43.69490746249467605 ) ) ;
#107 = DIRECTION ( 'NONE',  ( 0.8660254037844380415, 6.123233995736778362E-17, 0.5000000000000009992 ) ) ;
#108 = DIRECTION ( 'NONE',  ( 0.7071067811865474617, 0.000000000000000000, -0.7071067811865474617 ) ) ;
#109 = CARTESIAN_POINT ( 'NONE',  ( 17.81463394673919254, 144.8113050826627841, 44.44054775318941353 ) ) ;
#110 = ORIENTED_EDGE ( 'NONE', *, *, #1070, .F. ) ;
#111 = CARTESIAN_POINT ( 'NONE',  ( -23.76088578533274642, 83.92751347523510219, 13.59259965355963473 ) ) ;
#112 = ORIENTED_EDGE ( 'NONE', *, *, #86, .F. ) ;
#113 = ORIENTED_EDGE ( 'NONE', *, *, #3299, .T. ) ;
#114 = VECTOR ( 'NONE', #3267, 1000.000000000000000 ) ;
#115 = DIRECTION ( 'NONE',  ( -1.000000000000000000, 0.000000000000000000, 2.569960705150826384E-16 ) ) ;
#116 = ORIENTED_EDGE ( 'NONE', *, *, #3783, .T. ) ;
#117 = DIRECTION ( 'NONE',  ( 0.000000000000000000, 4.130293990421197173E-16, -1.000000000000000000 ) ) ;
#118 = CARTESIAN_POINT ( 'NONE',  ( 43.18699496041404018, -15.77737696013584134, 24.11317871615320385 ) ) ;
#119 = EDGE_CURVE ( 'NONE', #128, #185, #3796, .T. ) ;
#120 = VECTOR ( 'NONE', #770, 1000.000000000000000 ) ;
#121 = ADVANCED_FACE ( 'NONE', ( #3563 ), #3347, .F. ) ;
#122 = FACE_OUTER_BOUND ( 'NONE', #3247, .T. ) ;
#123 = CARTESIAN_POINT ( 'NONE',  ( 10.44007135754572957, 156.7740285126873516, 0.000000000000000000 ) ) ;
#124 = LINE ( 'NONE', #3607, #3323 ) ;
#125 = DIRECTION ( 'NONE',  ( -4.097771990496913504E-16, 0.000000000000000000, -1.000000000000000000 ) ) ;
#126 = LINE ( 'NONE', #3107, #3186 ) ;
#127 = CARTESIAN_POINT ( 'NONE',  ( 43.44007135754571891, -15.72597148731266792, -1.116392764178403850E-14 ) ) ;
#128 = VERTEX_POINT ( 'NONE', #2655 ) ;
#129 = PLANE ( 'NONE',  #2492 ) ;
#130 = EDGE_LOOP ( 'NONE', ( #1437, #2457 ) ) ;
#131 = CARTESIAN_POINT ( 'NONE',  ( 40.02585779517264797, -15.72597148731266792, 54.70777035881123140 ) ) ;
#132 = CARTESIAN_POINT ( 'NONE',  ( -35.27659530912018937, 39.44069517935275115, -41.92310987022924706 ) ) ;
#133 = ORIENTED_EDGE ( 'NONE', *, *, #3613, .F. ) ;
#134 = DIRECTION ( 'NONE',  ( 0.000000000000000000, 0.000000000000000000, -1.000000000000000000 ) ) ;
#135 = CARTESIAN_POINT ( 'NONE',  ( 42.61164423279954150, 158.7740285126873232, 50.95041104593050818 ) ) ;
#136 =( BOUNDED_CURVE ( )  B_SPLINE_CURVE ( 3, ( #2452, #1601, #118, #1830 ),
 .UNSPECIFIED., .F., .T. ) 
 B_SPLINE_CURVE_WITH_KNOTS ( ( 4, 4 ),
 ( 3.141592653589791340, 3.534291735288514591 ),
 .UNSPECIFIED. ) 
 CURVE ( )  GEOMETRIC_REPRESENTATION_ITEM ( )  RATIONAL_B_SPLINE_CURVE ( ( 1.000000000000000000, 0.9871901869354868797, 0.9871901869354868797, 1.000000000000000000 ) ) 
 REPRESENTATION_ITEM ( '' )  );
#137 = EDGE_CURVE ( 'NONE', #2280, #764, #3836, .T. ) ;
#139 = EDGE_CURVE ( 'NONE', #2840, #65, #2549, .T. ) ;
#138 = AXIS2_PLACEMENT_3D ( 'NONE', #965, #2136, #1471 ) ;
#140 = LINE ( 'NONE', #1909, #2278 ) ;
#141 = EDGE_CURVE ( 'NONE', #1000, #3362, #799, .T. ) ;
#142 = AXIS2_PLACEMENT_3D ( 'NONE', #2447, #304, #1495 ) ;
#143 = EDGE_CURVE ( 'NONE', #3651, #3037, #1363, .T. ) ;
#144 = DIRECTION ( 'NONE',  ( -0.7071067811865474617, -0.000000000000000000, -0.7071067811865474617 ) ) ;
#145 = CARTESIAN_POINT ( 'NONE',  ( 16.72036746758520565, -16.22597148731266259, 16.72036746758520565 ) ) ;
#146 = DIRECTION ( 'NONE',  ( 0.000000000000000000, 0.000000000000000000, -1.000000000000000000 ) ) ;
#147 = EDGE_LOOP ( 'NONE', ( #3810, #1109, #1405, #2957, #2649, #283, #3067, #2949 ) ) ;
#148 = CARTESIAN_POINT ( 'NONE',  ( 41.44007135754572602, 156.7740285126873516, 25.12198392118435919 ) ) ;
#149 = AXIS2_PLACEMENT_3D ( 'NONE', #1509, #2642, #2701 ) ;
#150 = ORIENTED_EDGE ( 'NONE', *, *, #347, .T. ) ;
#151 = CARTESIAN_POINT ( 'NONE',  ( 40.94007135754573312, 153.7740285126873516, 25.32909070237091598 ) ) ;
#152 = VECTOR ( 'NONE', #695, 1000.000000000000114 ) ;
#153 = LINE ( 'NONE', #132, #541 ) ;
#154 = ORIENTED_EDGE ( 'NONE', *, *, #2561, .T. ) ;
#155 = CARTESIAN_POINT ( 'NONE',  ( 45.59904712402557436, 153.7740285126873516, 45.59904712402557436 ) ) ;
#156 = DIRECTION ( 'NONE',  ( -0.6000000000002697620, 0.000000000000000000, -0.7999999999997977618 ) ) ;
#157 = EDGE_CURVE ( 'NONE', #128, #1632, #2528, .T. ) ;
#158 = AXIS2_PLACEMENT_3D ( 'NONE', #1753, #1461, #488 ) ;
#159 = VECTOR ( 'NONE', #1451, 1000.000000000000000 ) ;
#160 = FACE_OUTER_BOUND ( 'NONE', #3395, .T. ) ;
#161 = CARTESIAN_POINT ( 'NONE',  ( 33.08993044726727106, 144.0258239520642860, 43.89714767519190985 ) ) ;
#162 = PLANE ( 'NONE',  #1596 ) ;
#163 = CARTESIAN_POINT ( 'NONE',  ( 38.61164423279953439, -15.72597148731266792, 20.29355679643813914 ) ) ;
#164 = ADVANCED_FACE ( 'NONE', ( #722 ), #1034, .F. ) ;
#165 = VERTEX_POINT ( 'NONE', #740 ) ;
#166 = CARTESIAN_POINT ( 'NONE',  ( 35.94007135754574023, -16.22597148731266259, 53.29355679643813204 ) ) ;
#167 = ORIENTED_EDGE ( 'NONE', *, *, #2835, .T. ) ;
#168 = CARTESIAN_POINT ( 'NONE',  ( 38.40453745161295984, -15.72597148731266792, 22.79355679643813559 ) ) ;
#169 = ADVANCED_FACE ( 'NONE', ( #2470 ), #2789, .T. ) ;
#170 = EDGE_LOOP ( 'NONE', ( #3194, #3412, #17 ) ) ;
#171 = ORIENTED_EDGE ( 'NONE', *, *, #758, .F. ) ;
#172 = CARTESIAN_POINT ( 'NONE',  ( 15.94007135754574023, 153.7740285126873516, 53.29355679643813914 ) ) ;
#173 = AXIS2_PLACEMENT_3D ( 'NONE', #289, #2321, #1210 ) ;
#174 = ORIENTED_EDGE ( 'NONE', *, *, #1191, .T. ) ;
#175 = CARTESIAN_POINT ( 'NONE',  ( 19.57967916298286681, 143.8983963014180461, 43.64229237389948679 ) ) ;
#176 = PLANE ( 'NONE',  #3403 ) ;
#177 = ORIENTED_EDGE ( 'NONE', *, *, #2336, .F. ) ;
#178 = CARTESIAN_POINT ( 'NONE',  ( 10.44007135754572957, 156.7740285126873516, 50.46512967169191910 ) ) ;
#179 = LINE ( 'NONE', #1369, #3389 ) ;
#180 = CARTESIAN_POINT ( 'NONE',  ( 0.000000000000000000, -16.22597148731266259, 0.000000000000000000 ) ) ;
#181 = PLANE ( 'NONE',  #15 ) ;
#182 = VERTEX_POINT ( 'NONE', #2490 ) ;
#183 = LINE ( 'NONE', #2621, #1211 ) ;
#184 = AXIS2_PLACEMENT_3D ( 'NONE', #3093, #2467, #1031 ) ;
#185 = VERTEX_POINT ( 'NONE', #1287 ) ;
#186 = EDGE_CURVE ( 'NONE', #2882, #2119, #2672, .T. ) ;
#187 = DIRECTION ( 'NONE',  ( 1.000000000000000000, 0.000000000000000000, -4.097771990496913504E-16 ) ) ;
#188 = ORIENTED_EDGE ( 'NONE', *, *, #3142, .T. ) ;
#189 = EDGE_CURVE ( 'NONE', #3510, #887, #1925, .T. ) ;
#190 = DIRECTION ( 'NONE',  ( 0.000000000000000000, -0.000000000000000000, -1.000000000000000000 ) ) ;
#191 = VERTEX_POINT ( 'NONE', #3715 ) ;
#192 = CARTESIAN_POINT ( 'NONE',  ( 32.89435451032811386, 143.9630379563681970, 43.77157568379989527 ) ) ;
#193 = CARTESIAN_POINT ( 'NONE',  ( 10.24007135754573028, -11.42597148731265477, 36.27505225406050471 ) ) ;
#194 = EDGE_LOOP ( 'NONE', ( #257, #2580, #1748, #1073 ) ) ;
#195 = CARTESIAN_POINT ( 'NONE',  ( 17.04007135754572744, -30.67597148731283241, 20.29355679643813914 ) ) ;
#196 = DIRECTION ( 'NONE',  ( -0.000000000000000000, -1.000000000000000000, -0.000000000000000000 ) ) ;
#197 = VECTOR ( 'NONE', #903, 1000.000000000000000 ) ;
#198 = CARTESIAN_POINT ( 'NONE',  ( 32.60463506363164043, 143.9147790788395582, 43.67505792874256798 ) ) ;
#199 = DIRECTION ( 'NONE',  ( -1.000000000000000000, 0.000000000000000000, -1.982541115402055841E-15 ) ) ;
#200 = FACE_OUTER_BOUND ( 'NONE', #2622, .T. ) ;
#201 = ORIENTED_EDGE ( 'NONE', *, *, #2073, .T. ) ;
#202 = DIRECTION ( 'NONE',  ( 0.000000000000000000, 0.000000000000000000, -1.000000000000000000 ) ) ;
#203 = ORIENTED_EDGE ( 'NONE', *, *, #137, .F. ) ;
#204 = DIRECTION ( 'NONE',  ( 0.000000000000000000, 0.000000000000000000, -1.000000000000000000 ) ) ;
#205 = ORIENTED_EDGE ( 'NONE', *, *, #548, .F. ) ;
#206 = ORIENTED_EDGE ( 'NONE', *, *, #956, .T. ) ;
#207 = LINE ( 'NONE', #1401, #911 ) ;
#208 = ORIENTED_EDGE ( 'NONE', *, *, #3824, .F. ) ;
#209 = DIRECTION ( 'NONE',  ( 1.000000000000000000, 0.000000000000000000, 0.000000000000000000 ) ) ;
#210 = EDGE_CURVE ( 'NONE', #2018, #1322, #300, .T. ) ;
#211 = AXIS2_PLACEMENT_3D ( 'NONE', #378, #1573, #2502 ) ;
#212 = ORIENTED_EDGE ( 'NONE', *, *, #2618, .F. ) ;
#213 = DIRECTION ( 'NONE',  ( 0.000000000000000000, 0.000000000000000000, 1.000000000000000000 ) ) ;
#214 = CIRCLE ( 'NONE', #527, 2.000000000000001776 ) ;
#215 = EDGE_CURVE ( 'NONE', #1318, #3314, #3474, .T. ) ;
#216 = CARTESIAN_POINT ( 'NONE',  ( 0.000000000000000000, -16.22597148731266259, 22.29355679643813559 ) ) ;
#217 = CARTESIAN_POINT ( 'NONE',  ( 33.02650983269995777, 144.0040895731066257, 43.85367891727664613 ) ) ;
#218 = FACE_OUTER_BOUND ( 'NONE', #3438, .T. ) ;
#219 = CARTESIAN_POINT ( 'NONE',  ( 5.792879265800091382, -26.57597148731282743, 0.000000000000000000 ) ) ;
#220 = EDGE_LOOP ( 'NONE', ( #2922, #1417, #3753, #1954 ) ) ;
#221 = LINE ( 'NONE', #1687, #1273 ) ;
#222 = VERTEX_POINT ( 'NONE', #1052 ) ;
#223 = LINE ( 'NONE', #1375, #2516 ) ;
#224 = ORIENTED_EDGE ( 'NONE', *, *, #3400, .F. ) ;
#225 = EDGE_LOOP ( 'NONE', ( #2446, #2138, #2317, #2039 ) ) ;
#226 = LINE ( 'NONE', #172, #603 ) ;
#227 = ORIENTED_EDGE ( 'NONE', *, *, #215, .T. ) ;
#228 = VECTOR ( 'NONE', #969, 1000.000000000000000 ) ;
#229 = CARTESIAN_POINT ( 'NONE',  ( 10.94007135754572957, 153.7740285126873516, 25.32909070237088400 ) ) ;
#230 = VECTOR ( 'NONE', #21, 999.9999999999998863 ) ;
#231 = ORIENTED_EDGE ( 'NONE', *, *, #1988, .F. ) ;
#232 = CARTESIAN_POINT ( 'NONE',  ( 13.26849848229191764, 156.7740285126873516, 22.29355679643813559 ) ) ;
#233 = EDGE_CURVE ( 'NONE', #1352, #2955, #3422, .T. ) ;
#234 = LINE ( 'NONE', #2869, #3202 ) ;
#235 = EDGE_CURVE ( 'NONE', #511, #1398, #2540, .T. ) ;
#236 = AXIS2_PLACEMENT_3D ( 'NONE', #123, #3370, #706 ) ;
#237 = CARTESIAN_POINT ( 'NONE',  ( 18.60343325930933744, 144.3789257241654127, 43.27778832902693296 ) ) ;
#238 = CARTESIAN_POINT ( 'NONE',  ( 9.740071357545730280, -11.42597148731265477, 39.31206133881578069 ) ) ;
#239 = EDGE_LOOP ( 'NONE', ( #2825, #1376, #1786, #1543 ) ) ;
#240 = PLANE ( 'NONE',  #2453 ) ;
#241 = ORIENTED_EDGE ( 'NONE', *, *, #996, .T. ) ;
#242 = CYLINDRICAL_SURFACE ( 'NONE', #1527, 2.000000000000001776 ) ;
#243 = ORIENTED_EDGE ( 'NONE', *, *, #3493, .T. ) ;
#244 = ORIENTED_EDGE ( 'NONE', *, *, #3723, .F. ) ;
#245 = PLANE ( 'NONE',  #1541 ) ;
#246 = B_SPLINE_CURVE_WITH_KNOTS ( 'NONE', 3,
 ( #2946, #611, #631, #648, #2697, #3254, #2072, #3293, #1217, #2967, #3585, #3238, #898, #1236, #1530, #3313, #919, #1487, #591, #2090, #47, #3819, #2348, #293, #2676, #274, #9, #2421, #1464, #3004, #571, #1817, #1196, #1177, #2658, #330, #2114, #2130 ),
 .UNSPECIFIED., .F., .F.,
 ( 4, 2, 2, 2, 2, 2, 2, 2, 2, 2, 2, 2, 1, 2, 2, 2, 1, 2, 2, 4 ),
 ( 0.000000000000000000, 0.1250000000000171807, 0.2500000000000343614, 0.3125000000000450751, 0.3750000000000557887, 0.4375000000000664468, 0.4687500000000718314, 0.5000000000000771605, 0.5625000000000780487, 0.5937500000000744960, 0.6250000000000709433, 0.6875000000000639488, 0.7187500000000589528, 0.7343750000000610623, 0.7500000000000631717, 0.8125000000000365263, 0.8437500000000283107, 0.8593750000000240918, 0.8750000000000198730, 1.000000000000000000 ),
 .UNSPECIFIED. ) ;
#247 = ORIENTED_EDGE ( 'NONE', *, *, #2910, .F. ) ;
#248 = ORIENTED_EDGE ( 'NONE', *, *, #3118, .T. ) ;
#249 = CARTESIAN_POINT ( 'NONE',  ( 16.74007135754840903, -40.12597148731278907, 29.69355679644101542 ) ) ;
#250 = EDGE_CURVE ( 'NONE', #921, #1132, #2257, .T. ) ;
#251 = CARTESIAN_POINT ( 'NONE',  ( 43.28783042256829106, -15.87821242229010110, 24.35661705645418706 ) ) ;
#252 = ADVANCED_FACE ( 'NONE', ( #2768 ), #3652, .F. ) ;
#253 = CARTESIAN_POINT ( 'NONE',  ( 41.44007135754573312, 153.7740285126873516, 25.12198392118435564 ) ) ;
#254 = LINE ( 'NONE', #3781, #1611 ) ;
#255 = EDGE_CURVE ( 'NONE', #3081, #2882, #620, .T. ) ;
#256 = ADVANCED_FACE ( 'NONE', ( #3098 ), #2855, .T. ) ;
#257 = ORIENTED_EDGE ( 'NONE', *, *, #3615, .F. ) ;
#258 = DIRECTION ( 'NONE',  ( 0.7071067811865474617, -0.000000000000000000, -0.7071067811865474617 ) ) ;
#259 = ORIENTED_EDGE ( 'NONE', *, *, #3376, .T. ) ;
#260 = FACE_OUTER_BOUND ( 'NONE', #2058, .T. ) ;
#261 = DIRECTION ( 'NONE',  ( 0.7071067811865471286, -0.000000000000000000, -0.7071067811865480168 ) ) ;
#262 = EDGE_CURVE ( 'NONE', #307, #500, #2807, .T. ) ;
#263 = ORIENTED_EDGE ( 'NONE', *, *, #3425, .F. ) ;
#264 = DIRECTION ( 'NONE',  ( 0.000000000000000000, 1.000000000000000000, -0.000000000000000000 ) ) ;
#265 = ORIENTED_EDGE ( 'NONE', *, *, #423, .F. ) ;
#266 = CARTESIAN_POINT ( 'NONE',  ( 35.73611057700202309, 148.9878096042871505, 52.79355679643814625 ) ) ;
#267 = VERTEX_POINT ( 'NONE', #266 ) ;
#268 = EDGE_CURVE ( 'NONE', #495, #2195, #2651, .T. ) ;
#269 = DIRECTION ( 'NONE',  ( -0.6000000000002722045, 0.000000000000000000, -0.7999999999997957634 ) ) ;
#270 = CARTESIAN_POINT ( 'NONE',  ( 8.592312292523132555, -15.87821242229007090, 51.23049653642209478 ) ) ;
#271 = DIRECTION ( 'NONE',  ( -1.000000000000000000, 0.000000000000000000, 1.640400450096255239E-16 ) ) ;
#272 = VECTOR ( 'NONE', #3785, 1000.000000000000000 ) ;
#273 = LINE ( 'NONE', #2401, #2279 ) ;
#274 = CARTESIAN_POINT ( 'NONE',  ( 18.06452732051003096, 144.5811868230719597, 43.82170766555433516 ) ) ;
#275 = ORIENTED_EDGE ( 'NONE', *, *, #401, .F. ) ;
#276 = CARTESIAN_POINT ( 'NONE',  ( 47.36681407699194324, -15.72597148731266792, 47.36681407699194324 ) ) ;
#277 = CARTESIAN_POINT ( 'NONE',  ( 40.94007135754573312, 153.7740285126873516, 25.32909070237091598 ) ) ;
#278 = CARTESIAN_POINT ( 'NONE',  ( 33.62807595120457194, 144.4901530800263743, 43.57690308677523205 ) ) ;
#279 = EDGE_CURVE ( 'NONE', #3208, #1422, #1057, .T. ) ;
#280 = ORIENTED_EDGE ( 'NONE', *, *, #3427, .F. ) ;
#281 =( BOUNDED_CURVE ( )  B_SPLINE_CURVE ( 3, ( #1790, #2413, #18, #3598 ),
 .UNSPECIFIED., .F., .T. ) 
 B_SPLINE_CURVE_WITH_KNOTS ( ( 4, 4 ),
 ( 3.141592653589793116, 3.534291735288517255 ),
 .UNSPECIFIED. ) 
 CURVE ( )  GEOMETRIC_REPRESENTATION_ITEM ( )  RATIONAL_B_SPLINE_CURVE ( ( 1.000000000000000000, 0.9871901869354868797, 0.9871901869354868797, 1.000000000000000000 ) ) 
 REPRESENTATION_ITEM ( '' )  );
#282 = DIRECTION ( 'NONE',  ( 0.000000000000000000, -1.000000000000000000, 0.000000000000000000 ) ) ;
#283 = ORIENTED_EDGE ( 'NONE', *, *, #810, .T. ) ;
#284 = EDGE_CURVE ( 'NONE', #2334, #3268, #3211, .T. ) ;
#285 = AXIS2_PLACEMENT_3D ( 'NONE', #253, #2966, #292 ) ;
#286 = DIRECTION ( 'NONE',  ( 1.000000000000000000, -0.000000000000000000, 0.000000000000000000 ) ) ;
#287 = DIRECTION ( 'NONE',  ( 0.1961161351381836560, 0.000000000000000000, -0.9805806756909203337 ) ) ;
#288 = EDGE_LOOP ( 'NONE', ( #1148, #2942, #3606, #1340 ) ) ;
#289 = CARTESIAN_POINT ( 'NONE',  ( 10.94007135754572957, -11.42597148731265477, 37.79355679643814625 ) ) ;
#290 = DIRECTION ( 'NONE',  ( 0.7071067811865475727, 0.000000000000000000, -0.7071067811865475727 ) ) ;
#291 = VECTOR ( 'NONE', #448, 1000.000000000000000 ) ;
#292 = DIRECTION ( 'NONE',  ( 0.000000000000000000, 0.000000000000000000, -1.000000000000000000 ) ) ;
#293 = CARTESIAN_POINT ( 'NONE',  ( 18.10828640159586911, 144.5569092245897593, 43.75641337850832002 ) ) ;
#294 = VECTOR ( 'NONE', #2794, 1000.000000000000114 ) ;
#295 = ORIENTED_EDGE ( 'NONE', *, *, #523, .F. ) ;
#296 = CARTESIAN_POINT ( 'NONE',  ( -1.096217497657572502E-13, -15.72597148731266792, 55.29355679643806099 ) ) ;
#297 = FACE_OUTER_BOUND ( 'NONE', #299, .T. ) ;
#298 = CARTESIAN_POINT ( 'NONE',  ( -0.6615098924437380346, 143.8983963014180461, 43.64229237389947258 ) ) ;
#299 = EDGE_LOOP ( 'NONE', ( #2761, #1863, #2299, #357 ) ) ;
#300 = CIRCLE ( 'NONE', #2481, 0.5000000000000004441 ) ;
#301 = EDGE_CURVE ( 'NONE', #2664, #3037, #1110, .T. ) ;
#302 = FACE_OUTER_BOUND ( 'NONE', #1512, .T. ) ;
#303 = EDGE_LOOP ( 'NONE', ( #574, #3770, #3231, #3634 ) ) ;
#304 = DIRECTION ( 'NONE',  ( 0.000000000000000000, 0.8944271909999148562, -0.4472135954999602037 ) ) ;
#305 = EDGE_CURVE ( 'NONE', #1132, #353, #1441, .T. ) ;
#306 = CARTESIAN_POINT ( 'NONE',  ( 20.26007135753959432, -40.12597148731278907, 18.53355679643847864 ) ) ;
#307 = VERTEX_POINT ( 'NONE', #1457 ) ;
#308 = DIRECTION ( 'NONE',  ( 0.6000000000002696510, 0.000000000000000000, 0.7999999999997976508 ) ) ;
#309 = DIRECTION ( 'NONE',  ( -1.734723475976805319E-15, 0.000000000000000000, -1.000000000000000000 ) ) ;
#310 = CARTESIAN_POINT ( 'NONE',  ( 18.85363288239154045, 144.0040895731066257, 43.85367891727664613 ) ) ;
#311 = CIRCLE ( 'NONE', #1499, 2.000000000000002665 ) ;
#312 = CARTESIAN_POINT ( 'NONE',  ( 36.74007135754573738, 70.57725011446686381, 109.0967783982188450 ) ) ;
#313 = VERTEX_POINT ( 'NONE', #3152 ) ;
#314 = DIRECTION ( 'NONE',  ( 0.000000000000000000, -0.000000000000000000, 1.000000000000000000 ) ) ;
#315 = SPHERICAL_SURFACE ( 'NONE', #149, 2.000000000000000000 ) ;
#316 = CARTESIAN_POINT ( 'NONE',  ( 33.10181140155997070, 144.3382779405561394, 43.16847274786871225 ) ) ;
#317 = VERTEX_POINT ( 'NONE', #229 ) ;
#318 = VECTOR ( 'NONE', #1660, 1000.000000000000000 ) ;
#319 = DIRECTION ( 'NONE',  ( -0.7071067811865474617, 0.000000000000000000, 0.7071067811865474617 ) ) ;
#320 = VERTEX_POINT ( 'NONE', #3193 ) ;
#321 = CARTESIAN_POINT ( 'NONE',  ( 35.94007135754574023, 148.9150115183124683, 54.79355679643813204 ) ) ;
#322 = TOROIDAL_SURFACE ( 'NONE', #1015, 2.788675134594813976, 0.5000000000000000000 ) ;
#323 = FACE_OUTER_BOUND ( 'NONE', #1924, .T. ) ;
#324 = ORIENTED_EDGE ( 'NONE', *, *, #623, .T. ) ;
#325 = CARTESIAN_POINT ( 'NONE',  ( 8.159043718180715388, -16.22597148731266259, -8.159043718180702953 ) ) ;
#326 = EDGE_CURVE ( 'NONE', #887, #2469, #3811, .T. ) ;
#327 = FACE_OUTER_BOUND ( 'NONE', #1205, .T. ) ;
#328 = EDGE_CURVE ( 'NONE', #2751, #2280, #3500, .T. ) ;
#329 = PLANE ( 'NONE',  #1962 ) ;
#330 = CARTESIAN_POINT ( 'NONE',  ( 17.86738057070138552, 144.7333205033491481, 44.23083162264651236 ) ) ;
#331 = VECTOR ( 'NONE', #1039, 1000.000000000000000 ) ;
#332 = AXIS2_PLACEMENT_3D ( 'NONE', #1973, #2536, #1394 ) ;
#333 = ORIENTED_EDGE ( 'NONE', *, *, #3840, .T. ) ;
#334 = DIRECTION ( 'NONE',  ( 0.000000000000000000, 0.000000000000000000, 1.000000000000000000 ) ) ;
#335 = LINE ( 'NONE', #3844, #159 ) ;
#336 = PLANE ( 'NONE',  #138 ) ;
#337 = CIRCLE ( 'NONE', #35, 1.951517244269854068 ) ;
#338 = VECTOR ( 'NONE', #2936, 1000.000000000000000 ) ;
#339 = EDGE_LOOP ( 'NONE', ( #889, #244, #442, #2969 ) ) ;
#340 = FACE_OUTER_BOUND ( 'NONE', #3826, .T. ) ;
#341 = ORIENTED_EDGE ( 'NONE', *, *, #2073, .F. ) ;
#342 = FACE_OUTER_BOUND ( 'NONE', #2487, .T. ) ;
#343 = FACE_OUTER_BOUND ( 'NONE', #1274, .T. ) ;
#344 = VERTEX_POINT ( 'NONE', #3481 ) ;
#345 = DIRECTION ( 'NONE',  ( -0.5000000000000012212, 0.7071067811865490160, 0.4999999999999968359 ) ) ;
#346 = LINE ( 'NONE', #6, #403 ) ;
#347 = EDGE_CURVE ( 'NONE', #1750, #2521, #1749, .T. ) ;
#348 = AXIS2_PLACEMENT_3D ( 'NONE', #1032, #2526, #738 ) ;
#349 = CARTESIAN_POINT ( 'NONE',  ( 36.51507135754543043, 179.6740285126872152, 28.69355679643767587 ) ) ;
#350 = DIRECTION ( 'NONE',  ( -0.2810846377148181197, 0.6785983445458427799, -0.6785983445458521057 ) ) ;
#351 = ADVANCED_FACE ( 'NONE', ( #3173 ), #1677, .T. ) ;
#352 = AXIS2_PLACEMENT_3D ( 'NONE', #1751, #3580, #1774 ) ;
#353 = VERTEX_POINT ( 'NONE', #542 ) ;
#354 = CARTESIAN_POINT ( 'NONE',  ( 40.35428491991882538, -15.72597148731266792, 50.84380932813231624 ) ) ;
#355 = DIRECTION ( 'NONE',  ( 0.7071067811865471286, 6.133173666733487678E-16, -0.7071067811865480168 ) ) ;
#356 = DIRECTION ( 'NONE',  ( -0.2810846377148271680, -0.6785983445458408925, 0.6785983445458503294 ) ) ;
#357 = ORIENTED_EDGE ( 'NONE', *, *, #1525, .T. ) ;
#358 = DIRECTION ( 'NONE',  ( 0.000000000000000000, 0.000000000000000000, 1.000000000000000000 ) ) ;
#359 = ORIENTED_EDGE ( 'NONE', *, *, #3094, .T. ) ;
#360 = PLANE ( 'NONE',  #617 ) ;
#361 = VECTOR ( 'NONE', #3275, 1000.000000000000000 ) ;
#362 = CARTESIAN_POINT ( 'NONE',  ( 15.94007135754574023, 153.7740285126873516, 54.79355679643811783 ) ) ;
#363 = EDGE_LOOP ( 'NONE', ( #2036, #2801, #280 ) ) ;
#364 = CARTESIAN_POINT ( 'NONE',  ( 34.84007135754573881, -26.57597148731282743, 28.19355679643764745 ) ) ;
#365 = LINE ( 'NONE', #1563, #1766 ) ;
#366 = VECTOR ( 'NONE', #2804, 1000.000000000000000 ) ;
#367 = DIRECTION ( 'NONE',  ( -0.000000000000000000, -1.000000000000000000, -0.000000000000000000 ) ) ;
#368 = CARTESIAN_POINT ( 'NONE',  ( 40.02585779517264797, -15.72597148731266792, 54.70777035881123140 ) ) ;
#369 = ADVANCED_FACE ( 'NONE', ( #2609 ), #1511, .F. ) ;
#370 = VERTEX_POINT ( 'NONE', #3831 ) ;
#371 = DIRECTION ( 'NONE',  ( -0.7071067811865467956, 0.000000000000000000, -0.7071067811865483499 ) ) ;
#372 = CARTESIAN_POINT ( 'NONE',  ( 0.000000000000000000, -16.22597148731266259, 22.29355679643813559 ) ) ;
#373 = DIRECTION ( 'NONE',  ( 0.7071067811865450192, 0.000000000000000000, 0.7071067811865500152 ) ) ;
#374 = EDGE_CURVE ( 'NONE', #1112, #2521, #2300, .T. ) ;
#375 = EDGE_CURVE ( 'NONE', #2544, #313, #835, .T. ) ;
#376 = ORIENTED_EDGE ( 'NONE', *, *, #497, .T. ) ;
#377 = ORIENTED_EDGE ( 'NONE', *, *, #1096, .F. ) ;
#378 = CARTESIAN_POINT ( 'NONE',  ( 0.000000000000000000, 158.7740285126873516, 0.000000000000000000 ) ) ;
#379 = ORIENTED_EDGE ( 'NONE', *, *, #2044, .T. ) ;
#380 = CARTESIAN_POINT ( 'NONE',  ( 15.14007135754573063, -39.62597148731278196, 20.29355679643813914 ) ) ;
#381 = EDGE_CURVE ( 'NONE', #2404, #944, #854, .T. ) ;
#382 = ORIENTED_EDGE ( 'NONE', *, *, #1878, .F. ) ;
#383 = VECTOR ( 'NONE', #3487, 1000.000000000000000 ) ;
#384 = ORIENTED_EDGE ( 'NONE', *, *, #210, .T. ) ;
#385 = FACE_OUTER_BOUND ( 'NONE', #1724, .T. ) ;
#386 = ORIENTED_EDGE ( 'NONE', *, *, #1453, .T. ) ;
#387 = DIRECTION ( 'NONE',  ( 0.000000000000000000, 0.000000000000000000, 1.000000000000000000 ) ) ;
#388 = DIRECTION ( 'NONE',  ( -1.000000000000000000, -0.000000000000000000, -0.000000000000000000 ) ) ;
#389 = EDGE_CURVE ( 'NONE', #1686, #2416, #3557, .T. ) ;
#390 = CARTESIAN_POINT ( 'NONE',  ( 15.14007135754573063, -16.22597148731266259, 20.79355679643813914 ) ) ;
#391 = DIRECTION ( 'NONE',  ( -0.7071067811865229258, 0.6324555320336970876, -0.3162277660168504867 ) ) ;
#392 = AXIS2_PLACEMENT_3D ( 'NONE', #3001, #309, #2110 ) ;
#393 = ORIENTED_EDGE ( 'NONE', *, *, #2285, .T. ) ;
#394 = DIRECTION ( 'NONE',  ( 0.7071067811865470176, 0.000000000000000000, 0.7071067811865481278 ) ) ;
#395 =( NAMED_UNIT ( * ) SI_UNIT ( $, .STERADIAN. ) SOLID_ANGLE_UNIT ( ) );
#396 = CARTESIAN_POINT ( 'NONE',  ( 10.44007135754572957, 156.7740285126873516, 25.12198392118432722 ) ) ;
#397 = AXIS2_PLACEMENT_3D ( 'NONE', #2693, #23, #1851 ) ;
#398 = VECTOR ( 'NONE', #144, 1000.000000000000114 ) ;
#399 = DIRECTION ( 'NONE',  ( -0.7071067811865425767, -0.7071067811865524577, 0.000000000000000000 ) ) ;
#400 = ORIENTED_EDGE ( 'NONE', *, *, #3216, .T. ) ;
#401 = EDGE_CURVE ( 'NONE', #830, #1956, #602, .T. ) ;
#402 = DIRECTION ( 'NONE',  ( 0.7071067811865475727, 0.000000000000000000, 0.7071067811865475727 ) ) ;
#403 = VECTOR ( 'NONE', #2363, 1000.000000000000000 ) ;
#404 = ORIENTED_EDGE ( 'NONE', *, *, #284, .T. ) ;
#405 = ADVANCED_FACE ( 'NONE', ( #890 ), #1227, .T. ) ;
#406 = CYLINDRICAL_SURFACE ( 'NONE', #2550, 2.000000000000001776 ) ;
#407 = FACE_OUTER_BOUND ( 'NONE', #676, .T. ) ;
#408 = VERTEX_POINT ( 'NONE', #2082 ) ;
#409 = DIRECTION ( 'NONE',  ( 0.000000000000000000, 0.000000000000000000, -1.000000000000000000 ) ) ;
#410 = DIRECTION ( 'NONE',  ( -0.7071067811865474617, 0.000000000000000000, 0.7071067811865474617 ) ) ;
#411 = AXIS2_PLACEMENT_3D ( 'NONE', #3369, #1871, #1271 ) ;
#412 = AXIS2_PLACEMENT_3D ( 'NONE', #2287, #2850, #490 ) ;
#413 = FACE_OUTER_BOUND ( 'NONE', #2140, .T. ) ;
#414 = CARTESIAN_POINT ( 'NONE',  ( 15.14007135754572886, 179.6740285126872152, 20.79355679643813914 ) ) ;
#415 = AXIS2_PLACEMENT_3D ( 'NONE', #1050, #684, #1657 ) ;
#416 = ORIENTED_EDGE ( 'NONE', *, *, #2169, .T. ) ;
#417 = CARTESIAN_POINT ( 'NONE',  ( 34.84007135754573881, -30.67597148731283241, 20.29355679643813914 ) ) ;
#418 = LINE ( 'NONE', #2212, #2753 ) ;
#419 = CIRCLE ( 'NONE', #3343, 2.788675134594811755 ) ;
#420 = DIRECTION ( 'NONE',  ( 0.1961161351381836837, 0.000000000000000000, -0.9805806756909202226 ) ) ;
#421 = EDGE_LOOP ( 'NONE', ( #1772, #275, #295, #2133 ) ) ;
#422 = DIRECTION ( 'NONE',  ( 0.7071067811865475727, 0.000000000000000000, -0.7071067811865475727 ) ) ;
#423 = EDGE_CURVE ( 'NONE', #1883, #2253, #281, .T. ) ;
#424 = ORIENTED_EDGE ( 'NONE', *, *, #3499, .T. ) ;
#425 = ADVANCED_FACE ( 'NONE', ( #1538 ), #322, .T. ) ;
#426 = ORIENTED_EDGE ( 'NONE', *, *, #3751, .T. ) ;
#427 = AXIS2_PLACEMENT_3D ( 'NONE', #19, #912, #1188 ) ;
#428 = CARTESIAN_POINT ( 'NONE',  ( 12.50313161756174374, -15.87821242229010110, 20.44579773141557411 ) ) ;
#429 = ORIENTED_EDGE ( 'NONE', *, *, #2336, .T. ) ;
#430 = CARTESIAN_POINT ( 'NONE',  ( 41.44007135754572602, 156.7740285126873516, 25.12198392118435564 ) ) ;
#431 = TOROIDAL_SURFACE ( 'NONE', #2111, 2.788675134594813976, 0.5000000000000000000 ) ;
#432 = ADVANCED_FACE ( 'NONE', ( #1515 ), #931, .F. ) ;
#433 = ADVANCED_FACE ( 'NONE', ( #2104 ), #2375, .T. ) ;
#434 = DIRECTION ( 'NONE',  ( -0.000000000000000000, -1.000000000000000000, -0.000000000000000000 ) ) ;
#435 = DIRECTION ( 'NONE',  ( -0.7071067811865489050, 0.000000000000000000, -0.7071067811865462405 ) ) ;
#436 = DIRECTION ( 'NONE',  ( 1.000000000000000000, -0.000000000000000000, -0.000000000000000000 ) ) ;
#437 = DIRECTION ( 'NONE',  ( 0.2810846377148227271, -0.6785983445458417807, -0.6785983445458512175 ) ) ;
#438 = DIRECTION ( 'NONE',  ( 0.7071067811865501263, 0.000000000000000000, -0.7071067811865449082 ) ) ;
#439 = LINE ( 'NONE', #1297, #1414 ) ;
#440 = EDGE_LOOP ( 'NONE', ( #174, #3043, #1386, #790 ) ) ;
#441 = FACE_OUTER_BOUND ( 'NONE', #3713, .T. ) ;
#442 = ORIENTED_EDGE ( 'NONE', *, *, #3830, .F. ) ;
#443 = CARTESIAN_POINT ( 'NONE',  ( 15.94007135754574023, -16.22597148731266259, 0.000000000000000000 ) ) ;
#444 = CARTESIAN_POINT ( 'NONE',  ( 40.94007135754572602, -15.72597148731266792, 49.69309152655311834 ) ) ;
#445 = EDGE_LOOP ( 'NONE', ( #105, #3399, #2509, #2823 ) ) ;
#446 = DIRECTION ( 'NONE',  ( -1.000000000000000000, -0.000000000000000000, -0.000000000000000000 ) ) ;
#447 = CARTESIAN_POINT ( 'NONE',  ( 33.98417228767175402, 144.7058351708870418, 44.15691675423430951 ) ) ;
#448 = DIRECTION ( 'NONE',  ( -2.897562362236684502E-16, -0.7071067811865426878, -0.7071067811865524577 ) ) ;
#449 = ADVANCED_FACE ( 'NONE', ( #342 ), #74, .F. ) ;
#450 = VECTOR ( 'NONE', #1695, 1000.000000000000000 ) ;
#451 = EDGE_CURVE ( 'NONE', #764, #3281, #3303, .T. ) ;
#452 = CARTESIAN_POINT ( 'NONE',  ( 10.57832719621603168, -17.86422732598294161, 25.17925136463882296 ) ) ;
#453 = CARTESIAN_POINT ( 'NONE',  ( 17.86372667356420152, 144.7368336111688052, 44.24027823613423749 ) ) ;
#454 = LINE ( 'NONE', #163, #2132 ) ;
#455 = VERTEX_POINT ( 'NONE', #624 ) ;
#456 = DIRECTION ( 'NONE',  ( -0.000000000000000000, 1.000000000000000000, -0.000000000000000000 ) ) ;
#457 = ORIENTED_EDGE ( 'NONE', *, *, #1191, .F. ) ;
#458 = DIRECTION ( 'NONE',  ( -0.4653411271949982608, -0.7529377601646611851, -0.4653411271949982608 ) ) ;
#459 = ORIENTED_EDGE ( 'NONE', *, *, #326, .F. ) ;
#460 = VERTEX_POINT ( 'NONE', #1809 ) ;
#461 = AXIS2_PLACEMENT_3D ( 'NONE', #32, #846, #2405 ) ;
#462 = CARTESIAN_POINT ( 'NONE',  ( 40.94007135754573312, -15.72597148731266792, 49.42959576575921687 ) ) ;
#463 = ORIENTED_EDGE ( 'NONE', *, *, #1996, .T. ) ;
#464 = CARTESIAN_POINT ( 'NONE',  ( 10.44007135754572957, -11.42597148731265477, 40.58223193103295756 ) ) ;
#465 = DIRECTION ( 'NONE',  ( -0.000000000000000000, -0.7071067811865524577, -0.7071067811865425767 ) ) ;
#466 = AXIS2_PLACEMENT_3D ( 'NONE', #3224, #558, #1062 ) ;
#467 = DIRECTION ( 'NONE',  ( -0.5999999999998421041, 0.000000000000000000, 0.8000000000001183942 ) ) ;
#468 = ADVANCED_FACE ( 'NONE', ( #3322 ), #360, .F. ) ;
#469 = CARTESIAN_POINT ( 'NONE',  ( 33.40871446209364848, 144.1903387919955719, 44.22617735505453140 ) ) ;
#470 = DIRECTION ( 'NONE',  ( 0.000000000000000000, 1.000000000000000000, -0.000000000000000000 ) ) ;
#471 = DIRECTION ( 'NONE',  ( -1.000000000000000000, 0.000000000000000000, 0.000000000000000000 ) ) ;
#472 = ADVANCED_FACE ( 'NONE', ( #660 ), #3782, .F. ) ;
#473 = CIRCLE ( 'NONE', #415, 2.000000000000002665 ) ;
#474 = ORIENTED_EDGE ( 'NONE', *, *, #773, .F. ) ;
#475 = CARTESIAN_POINT ( 'NONE',  ( 3.758851858314179483E-12, 148.4740285126886192, 52.79355679644056920 ) ) ;
#476 = VERTEX_POINT ( 'NONE', #2431 ) ;
#477 = CARTESIAN_POINT ( 'NONE',  ( 13.26849848229187678, 156.7740285126873516, 53.29355679643808941 ) ) ;
#478 = ORIENTED_EDGE ( 'NONE', *, *, #1264, .T. ) ;
#479 = ORIENTED_EDGE ( 'NONE', *, *, #3080, .F. ) ;
#480 = LINE ( 'NONE', #1129, #2033 ) ;
#481 = VECTOR ( 'NONE', #1443, 1000.000000000000000 ) ;
#482 = ORIENTED_EDGE ( 'NONE', *, *, #119, .F. ) ;
#483 = DIRECTION ( 'NONE',  ( 0.000000000000000000, -1.000000000000000000, 0.000000000000000000 ) ) ;
#484 = CARTESIAN_POINT ( 'NONE',  ( 38.19007135754572602, -39.62597148731272512, 26.46022346310301288 ) ) ;
#485 = ORIENTED_EDGE ( 'NONE', *, *, #3660, .T. ) ;
#486 = FACE_OUTER_BOUND ( 'NONE', #3229, .T. ) ;
#487 = AXIS2_PLACEMENT_3D ( 'NONE', #1942, #703, #3076 ) ;
#488 = DIRECTION ( 'NONE',  ( 0.000000000000000000, 0.000000000000000000, 1.000000000000000000 ) ) ;
#489 = CARTESIAN_POINT ( 'NONE',  ( 9.740071357545730280, -11.42597148731265477, 37.79355679643814625 ) ) ;
#490 = DIRECTION ( 'NONE',  ( 1.000000000000000000, 0.000000000000000000, 0.000000000000000000 ) ) ;
#491 = DIRECTION ( 'NONE',  ( -0.000000000000000000, 1.000000000000000000, -0.000000000000000000 ) ) ;
#492 = EDGE_CURVE ( 'NONE', #2355, #1399, #590, .T. ) ;
#493 = ORIENTED_EDGE ( 'NONE', *, *, #2448, .F. ) ;
#494 = DIRECTION ( 'NONE',  ( -1.000000000000000000, 0.000000000000000000, -0.000000000000000000 ) ) ;
#495 = VERTEX_POINT ( 'NONE', #3035 ) ;
#496 = DIRECTION ( 'NONE',  ( -1.000000000000000000, 0.000000000000000000, -0.000000000000000000 ) ) ;
#497 = EDGE_CURVE ( 'NONE', #863, #1884, #1559, .T. ) ;
#498 = ORIENTED_EDGE ( 'NONE', *, *, #1822, .F. ) ;
#499 = CARTESIAN_POINT ( 'NONE',  ( 41.44007135754573312, -16.22597148731266259, 25.12198392118436630 ) ) ;
#500 = VERTEX_POINT ( 'NONE', #582 ) ;
#501 = EDGE_CURVE ( 'NONE', #2178, #3458, #1769, .T. ) ;
#502 = DIRECTION ( 'NONE',  ( 0.000000000000000000, -1.000000000000000000, -0.000000000000000000 ) ) ;
#503 = VECTOR ( 'NONE', #458, 1000.000000000000227 ) ;
#504 = EDGE_LOOP ( 'NONE', ( #673, #1981, #1395, #60 ) ) ;
#505 = DIRECTION ( 'NONE',  ( 0.7999999999997957634, 0.000000000000000000, -0.6000000000002722045 ) ) ;
#506 = DIRECTION ( 'NONE',  ( 0.000000000000000000, 1.000000000000000000, 0.000000000000000000 ) ) ;
#507 = AXIS2_PLACEMENT_3D ( 'NONE', #2567, #261, #2511 ) ;
#508 = DIRECTION ( 'NONE',  ( -0.6785983445458522167, 0.6785983445458428909, -0.2810846377148181752 ) ) ;
#509 = CARTESIAN_POINT ( 'NONE',  ( 18.51815754502116462, 144.4006601031241246, 43.33623666488278303 ) ) ;
#510 = PLANE ( 'NONE',  #3225 ) ;
#511 = VERTEX_POINT ( 'NONE', #1186 ) ;
#512 = LINE ( 'NONE', #2896, #1951 ) ;
#513 = ORIENTED_EDGE ( 'NONE', *, *, #3416, .T. ) ;
#514 = FACE_OUTER_BOUND ( 'NONE', #2784, .T. ) ;
#515 = CIRCLE ( 'NONE', #3684, 2.000000000000001776 ) ;
#516 = ORIENTED_EDGE ( 'NONE', *, *, #3777, .T. ) ;
#517 = EDGE_LOOP ( 'NONE', ( #2878, #2126, #2933, #2902 ) ) ;
#518 = EDGE_CURVE ( 'NONE', #3501, #344, #1478, .T. ) ;
#519 = CARTESIAN_POINT ( 'NONE',  ( 11.85428491991882538, 156.7740285126873516, 20.87934323406504333 ) ) ;
#520 = ORIENTED_EDGE ( 'NONE', *, *, #3516, .F. ) ;
#521 = DIRECTION ( 'NONE',  ( 4.097771990496913504E-16, 0.000000000000000000, 1.000000000000000000 ) ) ;
#522 = STYLED_ITEM ( 'NONE', ( #3337 ), #932 ) ;
#523 = EDGE_CURVE ( 'NONE', #793, #830, #1576, .T. ) ;
#524 = CIRCLE ( 'NONE', #3014, 1.633974596215559405 ) ;
#525 = VERTEX_POINT ( 'NONE', #1280 ) ;
#526 = LINE ( 'NONE', #1929, #3579 ) ;
#527 = AXIS2_PLACEMENT_3D ( 'NONE', #1587, #436, #1894 ) ;
#528 = LINE ( 'NONE', #2911, #1711 ) ;
#529 = CARTESIAN_POINT ( 'NONE',  ( 32.89317175770885626, 143.9663565659594724, 43.77821290298240342 ) ) ;
#530 = CARTESIAN_POINT ( 'NONE',  ( 36.44007135754574023, 148.9150115183124683, 55.29355679643813204 ) ) ;
#531 = CARTESIAN_POINT ( 'NONE',  ( 24.24816251244913090, 128.7274836683878050, 12.27290492463964355 ) ) ;
#532 = VERTEX_POINT ( 'NONE', #1615 ) ;
#533 = CARTESIAN_POINT ( 'NONE',  ( 16.14403213808945381, 143.5740285126873630, 52.79355679643813914 ) ) ;
#534 =( BOUNDED_CURVE ( )  B_SPLINE_CURVE ( 3, ( #3451, #1434, #2557, #3743 ),
 .UNSPECIFIED., .F., .T. ) 
 B_SPLINE_CURVE_WITH_KNOTS ( ( 4, 4 ),
 ( 3.141592653589793116, 3.534291735288524805 ),
 .UNSPECIFIED. ) 
 CURVE ( )  GEOMETRIC_REPRESENTATION_ITEM ( )  RATIONAL_B_SPLINE_CURVE ( ( 1.000000000000000000, 0.9871901869354864356, 0.9871901869354864356, 1.000000000000000000 ) ) 
 REPRESENTATION_ITEM ( '' )  );
#535 = ORIENTED_EDGE ( 'NONE', *, *, #1715, .F. ) ;
#536 = DIRECTION ( 'NONE',  ( 0.000000000000000000, 0.000000000000000000, -1.000000000000000000 ) ) ;
#537 = ORIENTED_EDGE ( 'NONE', *, *, #119, .T. ) ;
#538 = ORIENTED_EDGE ( 'NONE', *, *, #3714, .T. ) ;
#539 = DIRECTION ( 'NONE',  ( 0.000000000000000000, 1.000000000000000000, 0.000000000000000000 ) ) ;
#540 = ORIENTED_EDGE ( 'NONE', *, *, #2496, .F. ) ;
#541 = VECTOR ( 'NONE', #1011, 1000.000000000000114 ) ;
#542 = CARTESIAN_POINT ( 'NONE',  ( 40.94007135754573312, 153.7740285126873516, 49.42959576575921687 ) ) ;
#543 = EDGE_CURVE ( 'NONE', #632, #3223, #2820, .T. ) ;
#544 = ADVANCED_FACE ( 'NONE', ( #3126 ), #431, .T. ) ;
#545 = CIRCLE ( 'NONE', #2530, 2.000000000000001776 ) ;
#546 = ORIENTED_EDGE ( 'NONE', *, *, #139, .T. ) ;
#547 = CARTESIAN_POINT ( 'NONE',  ( 10.94007135754572957, -11.42597148731265477, 37.79355679643814625 ) ) ;
#548 = EDGE_CURVE ( 'NONE', #1941, #3289, #750, .T. ) ;
#549 = EDGE_CURVE ( 'NONE', #845, #1697, #1045, .T. ) ;
#550 = CARTESIAN_POINT ( 'NONE',  ( 36.44007135754574023, 147.9150115183124683, 52.79355679643813204 ) ) ;
#551 = VECTOR ( 'NONE', #3402, 1000.000000000000000 ) ;
#552 = EDGE_CURVE ( 'NONE', #929, #702, #311, .T. ) ;
#553 = FACE_OUTER_BOUND ( 'NONE', #874, .T. ) ;
#554 = DIRECTION ( 'NONE',  ( 0.000000000000000000, 0.000000000000000000, -1.000000000000000000 ) ) ;
#555 = ORIENTED_EDGE ( 'NONE', *, *, #3658, .F. ) ;
#556 = LINE ( 'NONE', #2934, #1333 ) ;
#557 = ORIENTED_EDGE ( 'NONE', *, *, #2884, .F. ) ;
#558 = DIRECTION ( 'NONE',  ( -0.8000000000001183942, 0.000000000000000000, -0.5999999999998421041 ) ) ;
#559 = CARTESIAN_POINT ( 'NONE',  ( 18.51066910484227890, 144.1576073227895733, 44.16071441664244190 ) ) ;
#560 = ADVANCED_FACE ( 'NONE', ( #1299 ), #3090, .T. ) ;
#561 = ORIENTED_EDGE ( 'NONE', *, *, #389, .T. ) ;
#562 = ORIENTED_EDGE ( 'NONE', *, *, #1149, .F. ) ;
#563 = FACE_OUTER_BOUND ( 'NONE', #3072, .T. ) ;
#564 = ORIENTED_EDGE ( 'NONE', *, *, #326, .T. ) ;
#565 = CARTESIAN_POINT ( 'NONE',  ( 32.45364999088133828, 143.8983928490540904, 43.64228546917155427 ) ) ;
#566 = ORIENTED_EDGE ( 'NONE', *, *, #2259, .F. ) ;
#567 = DIRECTION ( 'NONE',  ( -0.6000000000002722045, 0.000000000000000000, -0.7999999999997957634 ) ) ;
#568 = LINE ( 'NONE', #800, #1337 ) ;
#569 = EDGE_CURVE ( 'NONE', #2101, #191, #971, .T. ) ;
#570 = DIRECTION ( 'NONE',  ( -0.000000000000000000, -1.000000000000000000, -0.000000000000000000 ) ) ;
#571 = CARTESIAN_POINT ( 'NONE',  ( 17.95336570670854925, 144.6555581500312826, 44.02169691954444630 ) ) ;
#572 = AXIS2_PLACEMENT_3D ( 'NONE', #675, #373, #438 ) ;
#573 = EDGE_CURVE ( 'NONE', #2664, #2095, #3706, .T. ) ;
#574 = ORIENTED_EDGE ( 'NONE', *, *, #2910, .T. ) ;
#575 = CARTESIAN_POINT ( 'NONE',  ( 38.40453745161295984, 153.7740285126873516, 22.79355679643813559 ) ) ;
#576 = ORIENTED_EDGE ( 'NONE', *, *, #2835, .F. ) ;
#577 = DIRECTION ( 'NONE',  ( 0.7071067811865477948, -0.000000000000000000, 0.7071067811865473507 ) ) ;
#578 = CARTESIAN_POINT ( 'NONE',  ( 33.46194281906166879, 144.4311323101249798, 43.41818233563247276 ) ) ;
#579 = ORIENTED_EDGE ( 'NONE', *, *, #1502, .T. ) ;
#580 = DIRECTION ( 'NONE',  ( 1.000000000000000000, 0.000000000000000000, 0.000000000000000000 ) ) ;
#581 = ORIENTED_EDGE ( 'NONE', *, *, #423, .T. ) ;
#582 = CARTESIAN_POINT ( 'NONE',  ( 36.24007135754573738, -40.12597148731278907, 20.79355679643813914 ) ) ;
#583 = LINE ( 'NONE', #1771, #3408 ) ;
#584 = VERTEX_POINT ( 'NONE', #3647 ) ;
#585 = LINE ( 'NONE', #3270, #2354 ) ;
#586 = DIRECTION ( 'NONE',  ( -0.6785983445458512175, -0.6785983445458418917, -0.2810846377148223385 ) ) ;
#587 = LINE ( 'NONE', #896, #2008 ) ;
#588 = VECTOR ( 'NONE', #2310, 1000.000000000000000 ) ;
#589 = CARTESIAN_POINT ( 'NONE',  ( 40.94007135754573312, -11.42597148731265477, 37.79355679643814625 ) ) ;
#590 = B_SPLINE_CURVE_WITH_KNOTS ( 'NONE', 1,
 ( #321, #1846 ),
 .UNSPECIFIED., .F., .F.,
 ( 2, 2 ),
 ( 0.000000000000000000, 0.0008660254037844482364 ),
 .UNSPECIFIED. ) ;
#591 = CARTESIAN_POINT ( 'NONE',  ( 18.28824974570576956, 144.4762126761163188, 43.53940687655504860 ) ) ;
#592 = EDGE_CURVE ( 'NONE', #3049, #2992, #3110, .T. ) ;
#593 = ORIENTED_EDGE ( 'NONE', *, *, #1597, .F. ) ;
#594 = FACE_OUTER_BOUND ( 'NONE', #2558, .T. ) ;
#595 = DIRECTION ( 'NONE',  ( 0.000000000000000000, -1.000000000000000000, 0.000000000000000000 ) ) ;
#596 = SPHERICAL_SURFACE ( 'NONE', #819, 2.000000000000000000 ) ;
#597 = ORIENTED_EDGE ( 'NONE', *, *, #2343, .F. ) ;
#598 = AXIS2_PLACEMENT_3D ( 'NONE', #3024, #1547, #2736 ) ;
#599 = LINE ( 'NONE', #56, #3583 ) ;
#600 = ORIENTED_EDGE ( 'NONE', *, *, #2379, .F. ) ;
#601 = VECTOR ( 'NONE', #2071, 1000.000000000000000 ) ;
#602 = LINE ( 'NONE', #872, #642 ) ;
#603 = VECTOR ( 'NONE', #539, 1000.000000000000000 ) ;
#604 = DIRECTION ( 'NONE',  ( 0.7071067811865279218, 0.000000000000000000, 0.7071067811865671127 ) ) ;
#605 = EDGE_LOOP ( 'NONE', ( #537, #1219, #2026, #2846 ) ) ;
#606 = DIRECTION ( 'NONE',  ( -1.000000000000000000, 0.000000000000000000, -1.982541115402055841E-15 ) ) ;
#607 = PRODUCT_DEFINITION_SHAPE ( 'NONE', 'NONE',  #849 ) ;
#608 = CARTESIAN_POINT ( 'NONE',  ( 34.84007135754573881, 0.000000000000000000, 20.29355679643813914 ) ) ;
#609 = CARTESIAN_POINT ( 'NONE',  ( 10.44007135754572957, 156.7740285126873516, 50.46512967169191910 ) ) ;
#610 = CARTESIAN_POINT ( 'NONE',  ( 12.50313161756174374, -15.87821242229010110, 20.44579773141557411 ) ) ;
#611 = CARTESIAN_POINT ( 'NONE',  ( 19.47697049518974666, 144.2732307309721307, 42.99355679643813488 ) ) ;
#612 = CONICAL_SURFACE ( 'NONE', #2793, 2.500000000000002220, 0.5235987755983000369 ) ;
#613 = ORIENTED_EDGE ( 'NONE', *, *, #91, .F. ) ;
#614 = CARTESIAN_POINT ( 'NONE',  ( 17.04007135754572033, -26.57597148731282743, -4.608842872529362231E-15 ) ) ;
#615 = ADVANCED_FACE ( 'NONE', ( #3397 ), #3630, .T. ) ;
#616 = CARTESIAN_POINT ( 'NONE',  ( 0.000000000000000000, 153.7740285126873516, 0.000000000000000000 ) ) ;
#617 = AXIS2_PLACEMENT_3D ( 'NONE', #2995, #3248, #2728 ) ;
#618 = CARTESIAN_POINT ( 'NONE',  ( 35.94007135754574023, -15.72597148731266792, 53.29355679643813204 ) ) ;
#619 = ORIENTED_EDGE ( 'NONE', *, *, #3216, .F. ) ;
#620 = CIRCLE ( 'NONE', #681, 0.5000000000000004441 ) ;
#621 = CARTESIAN_POINT ( 'NONE',  ( 10.69007135754572957, -11.42597148731265477, 37.79355679643814625 ) ) ;
#622 = ORIENTED_EDGE ( 'NONE', *, *, #1811, .F. ) ;
#623 = EDGE_CURVE ( 'NONE', #1686, #905, #1245, .T. ) ;
#624 = CARTESIAN_POINT ( 'NONE',  ( 13.26849848229191764, 158.7740285126873516, 22.29355679643813559 ) ) ;
#625 = ADVANCED_FACE ( 'NONE', ( #1900 ), #129, .F. ) ;
#626 = CARTESIAN_POINT ( 'NONE',  ( 35.56099329918803420, -8.861048629321553349, 45.92863393844692155 ) ) ;
#627 = VERTEX_POINT ( 'NONE', #168 ) ;
#628 = DIRECTION ( 'NONE',  ( -0.4999999999999968359, -0.7071067811865525687, 0.4999999999999960587 ) ) ;
#629 = DIRECTION ( 'NONE',  ( 0.5773502691896492678, -0.5773502691896106320, -0.5773502691896172934 ) ) ;
#630 = DIRECTION ( 'NONE',  ( 0.000000000000000000, 0.000000000000000000, -1.000000000000000000 ) ) ;
#631 = CARTESIAN_POINT ( 'NONE',  ( 19.37287458485844382, 144.2765806410457969, 43.00255815312794283 ) ) ;
#632 = VERTEX_POINT ( 'NONE', #3342 ) ;
#633 = CARTESIAN_POINT ( 'NONE',  ( 16.44007135754574378, 149.5858319115623942, 55.01716359418807656 ) ) ;
#634 = FACE_OUTER_BOUND ( 'NONE', #2699, .T. ) ;
#635 = CARTESIAN_POINT ( 'NONE',  ( 15.14007135754572886, -40.12597148731278907, 20.79355679643813914 ) ) ;
#636 = ORIENTED_EDGE ( 'NONE', *, *, #784, .F. ) ;
#637 = CIRCLE ( 'NONE', #3058, 0.5000000000000004441 ) ;
#638 = PLANE ( 'NONE',  #783 ) ;
#639 = ORIENTED_EDGE ( 'NONE', *, *, #828, .T. ) ;
#640 = DIRECTION ( 'NONE',  ( 0.000000000000000000, -0.000000000000000000, -1.000000000000000000 ) ) ;
#641 = ADVANCED_FACE ( 'NONE', ( #441 ), #2217, .T. ) ;
#642 = VECTOR ( 'NONE', #39, 1000.000000000000000 ) ;
#643 = DIRECTION ( 'NONE',  ( -2.569960705150825891E-16, 0.000000000000000000, -1.000000000000000000 ) ) ;
#644 = VERTEX_POINT ( 'NONE', #1864 ) ;
#645 = PLANE ( 'NONE',  #731 ) ;
#646 = EDGE_CURVE ( 'NONE', #3629, #2646, #2763, .T. ) ;
#647 = CARTESIAN_POINT ( 'NONE',  ( 32.30046355210861719, 153.7740285126873516, 42.99355679643813488 ) ) ;
#648 = CARTESIAN_POINT ( 'NONE',  ( 19.17148472544052140, 144.2895629131778037, 43.03747548424563973 ) ) ;
#649 = AXIS2_PLACEMENT_3D ( 'NONE', #2174, #355, #2797 ) ;
#650 = CIRCLE ( 'NONE', #1648, 2.000000000000001776 ) ;
#651 = ORIENTED_EDGE ( 'NONE', *, *, #2810, .F. ) ;
#652 = CARTESIAN_POINT ( 'NONE',  ( 34.01641604152728604, 144.7368336111688052, 44.24027823613423749 ) ) ;
#653 = CARTESIAN_POINT ( 'NONE',  ( 15.39007135754572353, -39.87597148731278196, 20.79355679643813914 ) ) ;
#654 = FACE_OUTER_BOUND ( 'NONE', #2377, .T. ) ;
#655 = AXIS2_PLACEMENT_3D ( 'NONE', #489, #2263, #3445 ) ;
#656 = AXIS2_PLACEMENT_3D ( 'NONE', #3787, #536, #496 ) ;
#657 = ORIENTED_EDGE ( 'NONE', *, *, #1738, .T. ) ;
#658 = CARTESIAN_POINT ( 'NONE',  ( 5.792879265800095823, -30.67597148731283596, 28.19355679643765455 ) ) ;
#659 = ORIENTED_EDGE ( 'NONE', *, *, #3134, .T. ) ;
#660 = FACE_OUTER_BOUND ( 'NONE', #3498, .T. ) ;
#661 = CARTESIAN_POINT ( 'NONE',  ( 19.57967916298285260, 153.7740285126873516, 44.79355679643813914 ) ) ;
#662 = ORIENTED_EDGE ( 'NONE', *, *, #1570, .T. ) ;
#663 = LINE ( 'NONE', #1520, #2663 ) ;
#664 = EDGE_CURVE ( 'NONE', #1420, #830, #3052, .T. ) ;
#665 = ADVANCED_FACE ( 'NONE', ( #697 ), #2581, .T. ) ;
#666 = CARTESIAN_POINT ( 'NONE',  ( 47.01326068639866662, -16.22597148731266259, 47.01326068639866662 ) ) ;
#667 = ADVANCED_FACE ( 'NONE', ( #514 ), #242, .T. ) ;
#668 = LINE ( 'NONE', #3195, #3764 ) ;
#669 = ADVANCED_FACE ( 'NONE', ( #848 ), #1690, .T. ) ;
#670 = DIRECTION ( 'NONE',  ( -0.000000000000000000, 1.000000000000000000, -0.000000000000000000 ) ) ;
#671 = CONICAL_SURFACE ( 'NONE', #173, 2.500000000000002220, 0.5235987755983000369 ) ;
#672 = EDGE_CURVE ( 'NONE', #1203, #182, #3185, .T. ) ;
#673 = ORIENTED_EDGE ( 'NONE', *, *, #711, .T. ) ;
#674 = DIRECTION ( 'NONE',  ( 0.000000000000000000, 1.000000000000000000, 0.000000000000000000 ) ) ;
#675 = CARTESIAN_POINT ( 'NONE',  ( -20.01252915707305746, 156.7740285126873516, 20.01252915707291535 ) ) ;
#676 = EDGE_LOOP ( 'NONE', ( #474, #2926, #341, #2107 ) ) ;
#677 = DIRECTION ( 'NONE',  ( -1.000000000000000000, -0.000000000000000000, -0.000000000000000000 ) ) ;
#678 = EDGE_LOOP ( 'NONE', ( #3595, #3622, #2486, #1845 ) ) ;
#679 = CARTESIAN_POINT ( 'NONE',  ( 10.44007135754572957, 158.7740285126873516, 0.000000000000000000 ) ) ;
#680 = ADVANCED_FACE ( 'NONE', ( #2271, #2331 ), #2898, .T. ) ;
#681 = AXIS2_PLACEMENT_3D ( 'NONE', #3673, #1305, #1013 ) ;
#682 = ORIENTED_EDGE ( 'NONE', *, *, #2148, .F. ) ;
#683 = ORIENTED_EDGE ( 'NONE', *, *, #592, .T. ) ;
#684 = DIRECTION ( 'NONE',  ( 0.7071067811865475727, -0.000000000000000000, -0.7071067811865475727 ) ) ;
#685 = ORIENTED_EDGE ( 'NONE', *, *, #143, .T. ) ;
#686 = DIRECTION ( 'NONE',  ( -0.7071067811865425767, 0.7071067811865524577, 1.817236641995097599E-16 ) ) ;
#687 = CARTESIAN_POINT ( 'NONE',  ( 15.79372989413170636, -41.30889831658176092, 26.46022346310562767 ) ) ;
#688 = CARTESIAN_POINT ( 'NONE',  ( 39.23296457635918699, -16.22597148731266259, 20.79355679643813914 ) ) ;
#689 = CARTESIAN_POINT ( 'NONE',  ( 10.94007135754572957, -11.42597148731265477, 37.79355679643814625 ) ) ;
#690 = EDGE_CURVE ( 'NONE', #3529, #3419, #223, .T. ) ;
#691 = ORIENTED_EDGE ( 'NONE', *, *, #3138, .F. ) ;
#692 = CARTESIAN_POINT ( 'NONE',  ( 34.04531230126756469, 144.7737453668000285, 44.33954174369817736 ) ) ;
#693 = FACE_OUTER_BOUND ( 'NONE', #2302, .T. ) ;
#694 = EDGE_CURVE ( 'NONE', #905, #1398, #1670, .T. ) ;
#695 = DIRECTION ( 'NONE',  ( 0.7071067811865474617, 0.000000000000000000, 0.7071067811865474617 ) ) ;
#696 = ORIENTED_EDGE ( 'NONE', *, *, #1350, .T. ) ;
#697 = FACE_OUTER_BOUND ( 'NONE', #1788, .T. ) ;
#698 = ORIENTED_EDGE ( 'NONE', *, *, #2568, .T. ) ;
#699 = AXIS2_PLACEMENT_3D ( 'NONE', #3338, #730, #3122 ) ;
#700 = VERTEX_POINT ( 'NONE', #1995 ) ;
#701 = CYLINDRICAL_SURFACE ( 'NONE', #104, 2.000000000000001776 ) ;
#702 = VERTEX_POINT ( 'NONE', #787 ) ;
#703 = DIRECTION ( 'NONE',  ( 0.000000000000000000, 1.000000000000000000, 0.000000000000000000 ) ) ;
#704 = CARTESIAN_POINT ( 'NONE',  ( 8.592312292523159201, -15.87821242229009755, 24.35661705645415154 ) ) ;
#705 = CARTESIAN_POINT ( 'NONE',  ( 4.706892348373882974E-15, -39.62597148731278196, 28.69355679643768298 ) ) ;
#706 = DIRECTION ( 'NONE',  ( 1.000000000000000000, 0.000000000000000000, 0.000000000000000000 ) ) ;
#707 = ORIENTED_EDGE ( 'NONE', *, *, #3118, .F. ) ;
#708 = FACE_OUTER_BOUND ( 'NONE', #913, .T. ) ;
#709 = DIRECTION ( 'NONE',  ( 0.000000000000000000, 0.000000000000000000, 1.000000000000000000 ) ) ;
#710 = DIRECTION ( 'NONE',  ( -0.7071067811865475727, 0.000000000000000000, -0.7071067811865475727 ) ) ;
#711 = EDGE_CURVE ( 'NONE', #1940, #128, #3207, .T. ) ;
#712 = CIRCLE ( 'NONE', #2954, 1.518504542377639766 ) ;
#713 = CARTESIAN_POINT ( 'NONE',  ( 9.573257280553965742, 156.7740285126873516, -9.573257280553882254 ) ) ;
#714 = VERTEX_POINT ( 'NONE', #3453 ) ;
#715 = ADVANCED_FACE ( 'NONE', ( #3765 ), #2858, .T. ) ;
#716 = CARTESIAN_POINT ( 'NONE',  ( 32.30046355210863851, 143.8983963014180461, 43.64229237389945837 ) ) ;
#717 = VECTOR ( 'NONE', #1411, 1000.000000000000000 ) ;
#718 = ORIENTED_EDGE ( 'NONE', *, *, #1355, .F. ) ;
#719 = ORIENTED_EDGE ( 'NONE', *, *, #2444, .F. ) ;
#720 = CARTESIAN_POINT ( 'NONE',  ( 40.88866588472256325, -15.67456601448950160, 49.95152429018841644 ) ) ;
#721 = ORIENTED_EDGE ( 'NONE', *, *, #284, .F. ) ;
#722 = FACE_OUTER_BOUND ( 'NONE', #1473, .T. ) ;
#723 = CARTESIAN_POINT ( 'NONE',  ( 10.94007135754572957, -15.72597148731266792, 25.32909070237088400 ) ) ;
#724 = DIRECTION ( 'NONE',  ( 1.000000000000000000, 0.000000000000000000, 0.000000000000000000 ) ) ;
#725 = LINE ( 'NONE', #1911, #985 ) ;
#726 = ADVANCED_FACE ( 'NONE', ( #1105 ), #1396, .T. ) ;
#727 = VECTOR ( 'NONE', #3703, 1000.000000000000000 ) ;
#728 = DIRECTION ( 'NONE',  ( 0.000000000000000000, 0.000000000000000000, 1.000000000000000000 ) ) ;
#729 = PLANE ( 'NONE',  #1020 ) ;
#730 = DIRECTION ( 'NONE',  ( -0.000000000000000000, 1.000000000000000000, -0.000000000000000000 ) ) ;
#731 = AXIS2_PLACEMENT_3D ( 'NONE', #3019, #345, #1562 ) ;
#732 = LINE ( 'NONE', #3340, #228 ) ;
#733 = ORIENTED_EDGE ( 'NONE', *, *, #3755, .F. ) ;
#734 = ORIENTED_EDGE ( 'NONE', *, *, #3299, .F. ) ;
#735 = ORIENTED_EDGE ( 'NONE', *, *, #2884, .T. ) ;
#736 = ADVANCED_FACE ( 'NONE', ( #260 ), #809, .T. ) ;
#737 = AXIS2_PLACEMENT_3D ( 'NONE', #1854, #391, #2437 ) ;
#738 = DIRECTION ( 'NONE',  ( 0.000000000000000000, 0.000000000000000000, 1.000000000000000000 ) ) ;
#739 = ORIENTED_EDGE ( 'NONE', *, *, #930, .F. ) ;
#740 = CARTESIAN_POINT ( 'NONE',  ( 16.44007135754574378, 150.0330455070622975, 55.29355679643809651 ) ) ;
#741 = CARTESIAN_POINT ( 'NONE',  ( 18.84855148034780470, 144.0018742325328844, 43.84924823612915645 ) ) ;
#742 = EDGE_CURVE ( 'NONE', #3514, #455, #3803, .T. ) ;
#743 = CARTESIAN_POINT ( 'NONE',  ( 39.37701109752972428, -15.87821242229009755, 20.44579773141556700 ) ) ;
#744 = CARTESIAN_POINT ( 'NONE',  ( 32.30046355210861719, 144.2732324524776857, 42.99355679643813488 ) ) ;
#745 = DIRECTION ( 'NONE',  ( 0.000000000000000000, 0.000000000000000000, 1.000000000000000000 ) ) ;
#746 = LINE ( 'NONE', #2533, #1571 ) ;
#747 = EDGE_LOOP ( 'NONE', ( #50, #838, #3032, #718, #208 ) ) ;
#748 = DIRECTION ( 'NONE',  ( 0.5773502691896285066, -0.5773502691896202910, 0.5773502691896285066 ) ) ;
#749 = ORIENTED_EDGE ( 'NONE', *, *, #3636, .F. ) ;
#750 = LINE ( 'NONE', #2802, #2605 ) ;
#751 = ORIENTED_EDGE ( 'NONE', *, *, #2213, .T. ) ;
#752 = ORIENTED_EDGE ( 'NONE', *, *, #1665, .F. ) ;
#753 = LINE ( 'NONE', #1303, #1965 ) ;
#754 = ORIENTED_EDGE ( 'NONE', *, *, #1250, .F. ) ;
#755 = CARTESIAN_POINT ( 'NONE',  ( 41.44007135754573312, -11.42597148731265477, 39.42753139265370521 ) ) ;
#756 = CARTESIAN_POINT ( 'NONE',  ( 33.98758862856854535, 144.7092361128869413, 44.16606074863073417 ) ) ;
#757 = ADVANCED_FACE ( 'NONE', ( #3513 ), #2037, .F. ) ;
#758 = EDGE_CURVE ( 'NONE', #3732, #2119, #2251, .T. ) ;
#759 = FACE_OUTER_BOUND ( 'NONE', #2556, .T. ) ;
#760 = DIRECTION ( 'NONE',  ( 1.000000000000000000, 0.000000000000000000, 0.000000000000000000 ) ) ;
#761 = DIRECTION ( 'NONE',  ( -3.469446951953611033E-15, 1.000000000000000000, 0.000000000000000000 ) ) ;
#762 = ORIENTED_EDGE ( 'NONE', *, *, #215, .F. ) ;
#763 = DIRECTION ( 'NONE',  ( 0.5773502691896307271, -0.5773502691896198469, -0.5773502691896267303 ) ) ;
#764 = VERTEX_POINT ( 'NONE', #3434 ) ;
#765 = CARTESIAN_POINT ( 'NONE',  ( 13.47560526347849752, -15.72597148731266792, 52.79355679643813914 ) ) ;
#766 = ORIENTED_EDGE ( 'NONE', *, *, #548, .T. ) ;
#767 = CIRCLE ( 'NONE', #2393, 2.355662432702597453 ) ;
#768 = DIRECTION ( 'NONE',  ( 0.000000000000000000, 0.000000000000000000, 1.000000000000000000 ) ) ;
#769 = VERTEX_POINT ( 'NONE', #765 ) ;
#770 = DIRECTION ( 'NONE',  ( 0.000000000000000000, 0.000000000000000000, 1.000000000000000000 ) ) ;
#771 = CARTESIAN_POINT ( 'NONE',  ( 19.42577073327300496, 143.8983928327825765, 43.64228543662852644 ) ) ;
#772 = ORIENTED_EDGE ( 'NONE', *, *, #492, .F. ) ;
#773 = EDGE_CURVE ( 'NONE', #3629, #3421, #2831, .T. ) ;
#774 = LINE ( 'NONE', #2886, #2913 ) ;
#775 = VECTOR ( 'NONE', #1739, 1000.000000000000000 ) ;
#776 = ADVANCED_FACE ( 'NONE', ( #1241 ), #2971, .T. ) ;
#777 = CARTESIAN_POINT ( 'NONE',  ( 8.440071357545731345, -15.72597148731266792, 50.72862543248581346 ) ) ;
#778 = VECTOR ( 'NONE', #2246, 1000.000000000000114 ) ;
#779 = ADVANCED_FACE ( 'NONE', ( #2680 ), #2424, .T. ) ;
#780 = PLANE ( 'NONE',  #655 ) ;
#781 = DIRECTION ( 'NONE',  ( 0.000000000000000000, 0.000000000000000000, 1.000000000000000000 ) ) ;
#782 = LINE ( 'NONE', #1685, #1111 ) ;
#783 = AXIS2_PLACEMENT_3D ( 'NONE', #2102, #3011, #1825 ) ;
#784 = EDGE_CURVE ( 'NONE', #3849, #2309, #923, .T. ) ;
#785 = ORIENTED_EDGE ( 'NONE', *, *, #694, .F. ) ;
#786 = ORIENTED_EDGE ( 'NONE', *, *, #1332, .T. ) ;
#787 = CARTESIAN_POINT ( 'NONE',  ( 42.85428491991882538, 156.7740285126873516, 23.70777035881126693 ) ) ;
#788 = EDGE_LOOP ( 'NONE', ( #3372, #566, #1165, #3548 ) ) ;
#789 = PRODUCT_CONTEXT ( 'NONE', #3331, 'mechanical' ) ;
#790 = ORIENTED_EDGE ( 'NONE', *, *, #2519, .F. ) ;
#791 = LINE ( 'NONE', #3171, #3775 ) ;
#792 = VECTOR ( 'NONE', #1870, 1000.000000000000000 ) ;
#793 = VERTEX_POINT ( 'NONE', #2722 ) ;
#794 = CARTESIAN_POINT ( 'NONE',  ( 33.61314974060029925, 144.4364689316031729, 44.71843763426969787 ) ) ;
#795 = CARTESIAN_POINT ( 'NONE',  ( 36.44007135754574023, -16.22597148731266259, 53.29355679643813204 ) ) ;
#796 = AXIS2_PLACEMENT_3D ( 'NONE', #3141, #471, #1548 ) ;
#797 = ORIENTED_EDGE ( 'NONE', *, *, #1836, .F. ) ;
#798 = CARTESIAN_POINT ( 'NONE',  ( 10.44007135754572957, 156.7740285126873516, 25.12198392118433077 ) ) ;
#799 = CIRCLE ( 'NONE', #2983, 0.5000000000000004441 ) ;
#800 = CARTESIAN_POINT ( 'NONE',  ( 42.65733576977527974, -17.44323589954219500, 50.96933710023154163 ) ) ;
#801 = CARTESIAN_POINT ( 'NONE',  ( 33.59812937559522794, 144.3989092157404173, 44.64331820254431449 ) ) ;
#802 = CARTESIAN_POINT ( 'NONE',  ( 19.37367086880322375, 144.2765283243250565, 43.00242009200487558 ) ) ;
#803 = LINE ( 'NONE', #2325, #3718 ) ;
#804 = EDGE_CURVE ( 'NONE', #317, #1940, #2661, .T. ) ;
#805 = ORIENTED_EDGE ( 'NONE', *, *, #2980, .T. ) ;
#806 = CARTESIAN_POINT ( 'NONE',  ( 43.44007135754571891, -15.72597148731266792, 51.29355679643816046 ) ) ;
#807 =( BOUNDED_CURVE ( )  B_SPLINE_CURVE ( 3, ( #2298, #3769, #2316, #2923 ),
 .UNSPECIFIED., .F., .T. ) 
 B_SPLINE_CURVE_WITH_KNOTS ( ( 4, 4 ),
 ( 5.890486225480861648, 6.283185307179586232 ),
 .UNSPECIFIED. ) 
 CURVE ( )  GEOMETRIC_REPRESENTATION_ITEM ( )  RATIONAL_B_SPLINE_CURVE ( ( 1.000000000000000000, 0.9871901869354868797, 0.9871901869354868797, 1.000000000000000000 ) ) 
 REPRESENTATION_ITEM ( '' )  );
#808 = VERTEX_POINT ( 'NONE', #277 ) ;
#809 = CYLINDRICAL_SURFACE ( 'NONE', #3203, 2.000000000000001776 ) ;
#810 = EDGE_CURVE ( 'NONE', #3289, #1420, #2117, .T. ) ;
#811 = ORIENTED_EDGE ( 'NONE', *, *, #24, .T. ) ;
#812 = ORIENTED_EDGE ( 'NONE', *, *, #1070, .T. ) ;
#813 = DIRECTION ( 'NONE',  ( 0.4999999999999966138, -0.7071067811865525687, 0.4999999999999962808 ) ) ;
#814 = ORIENTED_EDGE ( 'NONE', *, *, #3023, .F. ) ;
#815 = CARTESIAN_POINT ( 'NONE',  ( 38.61164423279953439, -15.72597148731266792, 20.29355679643813914 ) ) ;
#816 = ORIENTED_EDGE ( 'NONE', *, *, #2591, .F. ) ;
#817 = CARTESIAN_POINT ( 'NONE',  ( 36.24007135754573738, -39.62597148731278196, 20.29355679643813914 ) ) ;
#818 = FACE_OUTER_BOUND ( 'NONE', #747, .T. ) ;
#819 = AXIS2_PLACEMENT_3D ( 'NONE', #34, #1914, #2460 ) ;
#820 = CARTESIAN_POINT ( 'NONE',  ( 0.000000000000000000, -15.72597148731266792, 22.79355679643813559 ) ) ;
#821 = CARTESIAN_POINT ( 'NONE',  ( -3.939261593468899481, 153.7740285126873516, 2.954446195103769046 ) ) ;
#822 = LINE ( 'NONE', #3201, #383 ) ;
#823 = AXIS2_PLACEMENT_3D ( 'NONE', #949, #2141, #3266 ) ;
#824 = ORIENTED_EDGE ( 'NONE', *, *, #1643, .F. ) ;
#825 = ORIENTED_EDGE ( 'NONE', *, *, #1480, .T. ) ;
#826 = EDGE_CURVE ( 'NONE', #3362, #2882, #335, .T. ) ;
#827 = DIRECTION ( 'NONE',  ( -1.000000000000000000, 0.000000000000000000, -0.000000000000000000 ) ) ;
#828 = EDGE_CURVE ( 'NONE', #2803, #408, #2370, .T. ) ;
#829 = ORIENTED_EDGE ( 'NONE', *, *, #2716, .T. ) ;
#830 = VERTEX_POINT ( 'NONE', #1782 ) ;
#831 = ADVANCED_FACE ( 'NONE', ( #297 ), #3550, .F. ) ;
#832 = DIRECTION ( 'NONE',  ( 0.7071067811865473507, 0.000000000000000000, -0.7071067811865477948 ) ) ;
#833 = ORIENTED_EDGE ( 'NONE', *, *, #2624, .T. ) ;
#834 = ADVANCED_FACE ( 'NONE', ( #3030 ), #3259, .T. ) ;
#835 = LINE ( 'NONE', #2024, #951 ) ;
#836 = AXIS2_PLACEMENT_3D ( 'NONE', #3083, #3356, #125 ) ;
#837 = CONICAL_SURFACE ( 'NONE', #3752, 2.500000000000002220, 0.5235987755983000369 ) ;
#838 = ORIENTED_EDGE ( 'NONE', *, *, #3117, .T. ) ;
#839 = CARTESIAN_POINT ( 'NONE',  ( -1.086304792080562158E-13, -16.22597148731266259, 54.79355679643806099 ) ) ;
#840 = CIRCLE ( 'NONE', #2209, 1.518504542377639766 ) ;
#841 = AXIS2_PLACEMENT_3D ( 'NONE', #477, #2951, #1470 ) ;
#842 = CARTESIAN_POINT ( 'NONE',  ( 10.44007135754572957, -11.42597148731265477, 35.00488166184333494 ) ) ;
#843 = CARTESIAN_POINT ( 'NONE',  ( 17.93804482297131742, 144.6653856565177989, 44.04813959451094973 ) ) ;
#844 = DIRECTION ( 'NONE',  ( 0.7071067811865474617, -0.000000000000000000, -0.7071067811865474617 ) ) ;
#845 = VERTEX_POINT ( 'NONE', #2990 ) ;
#846 = DIRECTION ( 'NONE',  ( -0.4999999999999976685, -0.7071067811865509034, -0.4999999999999976685 ) ) ;
#847 = ORIENTED_EDGE ( 'NONE', *, *, #381, .F. ) ;
#848 = FACE_OUTER_BOUND ( 'NONE', #2604, .T. ) ;
#849 = PRODUCT_DEFINITION ( 'UNKNOWN', '', #25, #3409 ) ;
#850 = ORIENTED_EDGE ( 'NONE', *, *, #826, .F. ) ;
#851 = VERTEX_POINT ( 'NONE', #902 ) ;
#852 = PLANE ( 'NONE',  #3398 ) ;
#853 = ORIENTED_EDGE ( 'NONE', *, *, #2631, .F. ) ;
#854 = LINE ( 'NONE', #2043, #1140 ) ;
#855 = ADVANCED_FACE ( 'NONE', ( #634 ), #315, .T. ) ;
#856 = AXIS2_PLACEMENT_3D ( 'NONE', #798, #1345, #3754 ) ;
#857 = EDGE_LOOP ( 'NONE', ( #3807, #754, #14, #3646 ) ) ;
#858 = PLANE ( 'NONE',  #1910 ) ;
#859 = EDGE_CURVE ( 'NONE', #3480, #2056, #2097, .T. ) ;
#860 = DIRECTION ( 'NONE',  ( -0.7071067811865470176, 0.000000000000000000, -0.7071067811865481278 ) ) ;
#861 = LINE ( 'NONE', #2945, #100 ) ;
#862 = CARTESIAN_POINT ( 'NONE',  ( 11.85428491991882538, -15.72597148731266792, 20.87934323406504333 ) ) ;
#863 = VERTEX_POINT ( 'NONE', #1533 ) ;
#864 = CARTESIAN_POINT ( 'NONE',  ( 40.94007135754573312, -11.42597148731265477, 37.79355679643814625 ) ) ;
#865 = ORIENTED_EDGE ( 'NONE', *, *, #3142, .F. ) ;
#866 = PLANE ( 'NONE',  #2888 ) ;
#867 = DIRECTION ( 'NONE',  ( 0.000000000000000000, 0.000000000000000000, -1.000000000000000000 ) ) ;
#868 = ORIENTED_EDGE ( 'NONE', *, *, #2070, .F. ) ;
#869 = VECTOR ( 'NONE', #1656, 1000.000000000000000 ) ;
#870 = CARTESIAN_POINT ( 'NONE',  ( 8.592312292523132555, -15.87821242229007090, 51.23049653642209478 ) ) ;
#871 = ORIENTED_EDGE ( 'NONE', *, *, #1597, .T. ) ;
#872 = CARTESIAN_POINT ( 'NONE',  ( 15.64007135754572708, -16.22597148731261285, 20.29355679643813914 ) ) ;
#873 = DIRECTION ( 'NONE',  ( 0.5656854249494782660, 0.7071067811865427988, 0.4242640687116162046 ) ) ;
#874 = EDGE_LOOP ( 'NONE', ( #1688, #1535, #1127, #3250 ) ) ;
#875 = CARTESIAN_POINT ( 'NONE',  ( 11.74073840652496870, 153.7740285126873516, -8.805553804899910020 ) ) ;
#876 = EDGE_CURVE ( 'NONE', #1768, #2158, #3608, .T. ) ;
#877 = CARTESIAN_POINT ( 'NONE',  ( 36.26507135754535938, -40.12597148731278907, 28.19355679643767942 ) ) ;
#878 = EDGE_CURVE ( 'NONE', #307, #793, #2352, .T. ) ;
#879 = FACE_BOUND ( 'NONE', #2422, .T. ) ;
#880 = DIRECTION ( 'NONE',  ( 0.000000000000000000, -1.000000000000000000, 0.000000000000000000 ) ) ;
#881 = LINE ( 'NONE', #1777, #1976 ) ;
#882 = AXIS2_PLACEMENT_3D ( 'NONE', #3825, #2242, #3153 ) ;
#883 = PRODUCT ( '\X2\8272536176d2\X0\-\X2\591658f3\X0\', '\X2\8272536176d2\X0\-\X2\591658f3\X0\', '', ( #789 ) ) ;
#884 = ORIENTED_EDGE ( 'NONE', *, *, #2791, .F. ) ;
#885 = DIRECTION ( 'NONE',  ( -1.000000000000000000, 0.000000000000000000, 1.640400450096255239E-16 ) ) ;
#886 = CARTESIAN_POINT ( 'NONE',  ( 33.90405219815320947, 144.6383909451608645, 43.97553076879957956 ) ) ;
#887 = VERTEX_POINT ( 'NONE', #1163 ) ;
#888 = DIRECTION ( 'NONE',  ( -0.000000000000000000, -1.000000000000000000, -0.000000000000000000 ) ) ;
#889 = ORIENTED_EDGE ( 'NONE', *, *, #1773, .T. ) ;
#890 = FACE_OUTER_BOUND ( 'NONE', #605, .T. ) ;
#891 = PLANE ( 'NONE',  #3649 ) ;
#892 = ORIENTED_EDGE ( 'NONE', *, *, #3701, .T. ) ;
#893 = DIRECTION ( 'NONE',  ( 0.000000000000000000, 0.000000000000000000, 1.000000000000000000 ) ) ;
#894 = VECTOR ( 'NONE', #982, 1000.000000000000000 ) ;
#895 = LINE ( 'NONE', #2435, #1703 ) ;
#896 = CARTESIAN_POINT ( 'NONE',  ( 7.805490327587441435, 153.7740285126873516, -7.805490327587429000 ) ) ;
#897 = VECTOR ( 'NONE', #62, 1000.000000000000000 ) ;
#898 = CARTESIAN_POINT ( 'NONE',  ( 18.52101070702338959, 144.4011579340219384, 43.33757001559720123 ) ) ;
#899 = ADVANCED_FACE ( 'NONE', ( #3530 ), #866, .T. ) ;
#900 = ORIENTED_EDGE ( 'NONE', *, *, #1018, .T. ) ;
#901 = DIRECTION ( 'NONE',  ( 0.000000000000000000, 0.000000000000000000, 1.000000000000000000 ) ) ;
#902 = CARTESIAN_POINT ( 'NONE',  ( 15.94007135754574023, -16.22597148731266259, 53.29355679643813914 ) ) ;
#903 = DIRECTION ( 'NONE',  ( 0.000000000000000000, -1.000000000000000000, 0.000000000000000000 ) ) ;
#904 = EDGE_CURVE ( 'NONE', #408, #1893, #964, .T. ) ;
#905 = VERTEX_POINT ( 'NONE', #983 ) ;
#906 = VECTOR ( 'NONE', #570, 1000.000000000000000 ) ;
#907 = CARTESIAN_POINT ( 'NONE',  ( 35.94007135754574023, -15.72597148731266792, 53.29355679643813204 ) ) ;
#908 = ORIENTED_EDGE ( 'NONE', *, *, #2092, .F. ) ;
#909 = CIRCLE ( 'NONE', #1283, 0.5000000000000004441 ) ;
#910 = CARTESIAN_POINT ( 'NONE',  ( 10.44007135754572957, -16.22597148731266259, 0.000000000000000000 ) ) ;
#911 = VECTOR ( 'NONE', #319, 1000.000000000000114 ) ;
#912 = DIRECTION ( 'NONE',  ( 1.000000000000000000, -0.000000000000000000, -0.000000000000000000 ) ) ;
#913 = EDGE_LOOP ( 'NONE', ( #201, #513, #212 ) ) ;
#914 = FACE_OUTER_BOUND ( 'NONE', #3061, .T. ) ;
#915 = AXIS2_PLACEMENT_3D ( 'NONE', #232, #1681, #1986 ) ;
#916 = LINE ( 'NONE', #608, #3688 ) ;
#917 = DIRECTION ( 'NONE',  ( -1.640400450096255239E-16, 0.000000000000000000, -1.000000000000000000 ) ) ;
#918 = CARTESIAN_POINT ( 'NONE',  ( 15.44007135754573845, -15.72597148731266792, 52.79355679643813914 ) ) ;
#919 = CARTESIAN_POINT ( 'NONE',  ( 18.36184796038449463, 144.4493177402059985, 43.46708038411617991 ) ) ;
#920 = VECTOR ( 'NONE', #3420, 1000.000000000000000 ) ;
#921 = VERTEX_POINT ( 'NONE', #2156 ) ;
#922 = DIRECTION ( 'NONE',  ( 0.5773502691896270633, 0.5773502691896210681, -0.5773502691896290617 ) ) ;
#923 = LINE ( 'NONE', #12, #1028 ) ;
#924 = VECTOR ( 'NONE', #286, 1000.000000000000000 ) ;
#925 = LINE ( 'NONE', #635, #197 ) ;
#926 = ADVANCED_FACE ( 'NONE', ( #2741 ), #3681, .F. ) ;
#927 = ORIENTED_EDGE ( 'NONE', *, *, #1855, .F. ) ;
#928 = CARTESIAN_POINT ( 'NONE',  ( 41.19007135754573312, -11.42597148731265477, 40.14921922914074059 ) ) ;
#929 = VERTEX_POINT ( 'NONE', #1568 ) ;
#930 = EDGE_CURVE ( 'NONE', #2751, #455, #1330, .T. ) ;
#931 = PLANE ( 'NONE',  #142 ) ;
#932 = MANIFOLD_SOLID_BREP ( 'Fillet4', #2055 ) ;
#933 = PLANE ( 'NONE',  #1485 ) ;
#934 = ORIENTED_EDGE ( 'NONE', *, *, #1773, .F. ) ;
#935 =( BOUNDED_CURVE ( )  B_SPLINE_CURVE ( 3, ( #270, #1076, #777, #3158 ),
 .UNSPECIFIED., .F., .T. ) 
 B_SPLINE_CURVE_WITH_KNOTS ( ( 4, 4 ),
 ( 2.748893571891076526, 3.141592653589793116 ),
 .UNSPECIFIED. ) 
 CURVE ( )  GEOMETRIC_REPRESENTATION_ITEM ( )  RATIONAL_B_SPLINE_CURVE ( ( 1.000000000000000000, 0.9871901869354875458, 0.9871901869354875458, 1.000000000000000000 ) ) 
 REPRESENTATION_ITEM ( '' )  );
#936 = CARTESIAN_POINT ( 'NONE',  ( 16.44007135754574378, 150.0330455070622975, 55.29355679643809651 ) ) ;
#937 = DIRECTION ( 'NONE',  ( -0.7071067811865501263, 0.000000000000000000, 0.7071067811865449082 ) ) ;
#938 = LINE ( 'NONE', #2129, #1408 ) ;
#939 = CARTESIAN_POINT ( 'NONE',  ( 13.26849848229191764, -15.72597148731266792, 20.29355679643813914 ) ) ;
#940 = ORIENTED_EDGE ( 'NONE', *, *, #1764, .F. ) ;
#941 = DIRECTION ( 'NONE',  ( 0.000000000000000000, -1.000000000000000000, 0.000000000000000000 ) ) ;
#942 = DIRECTION ( 'NONE',  ( 0.000000000000000000, 0.000000000000000000, 1.000000000000000000 ) ) ;
#943 = DIRECTION ( 'NONE',  ( 1.000000000000000000, 0.000000000000000000, -1.640400450096255239E-16 ) ) ;
#944 = VERTEX_POINT ( 'NONE', #2499 ) ;
#945 = EDGE_CURVE ( 'NONE', #627, #408, #1019, .T. ) ;
#946 = EDGE_CURVE ( 'NONE', #1263, #1322, #3374, .T. ) ;
#947 = DIRECTION ( 'NONE',  ( 1.000000000000000000, 0.000000000000000000, 1.982541115402055841E-15 ) ) ;
#948 = EDGE_LOOP ( 'NONE', ( #2683, #1459, #2394, #3167 ) ) ;
#949 = CARTESIAN_POINT ( 'NONE',  ( 35.94007135754574023, 153.7740285126873516, 0.000000000000000000 ) ) ;
#950 = ADVANCED_FACE ( 'NONE', ( #3106 ), #729, .T. ) ;
#951 = VECTOR ( 'NONE', #3519, 1000.000000000000000 ) ;
#952 = EDGE_CURVE ( 'NONE', #2195, #2095, #3063, .T. ) ;
#953 = DIRECTION ( 'NONE',  ( 0.000000000000000000, -1.000000000000000000, 0.000000000000000000 ) ) ;
#954 = ORIENTED_EDGE ( 'NONE', *, *, #3615, .T. ) ;
#955 = DIRECTION ( 'NONE',  ( 2.200518442539844323E-16, 0.7071067811865523467, -0.7071067811865426878 ) ) ;
#956 = EDGE_CURVE ( 'NONE', #3421, #863, #2459, .T. ) ;
#957 = DIRECTION ( 'NONE',  ( 0.6785983445458534380, 0.6785983445458440011, -0.2810846377148120689 ) ) ;
#958 = VECTOR ( 'NONE', #3039, 1000.000000000000000 ) ;
#959 = CARTESIAN_POINT ( 'NONE',  ( -1.059134234554212105E-13, 150.0330455070622975, 55.29355679643806099 ) ) ;
#960 = LINE ( 'NONE', #2153, #3102 ) ;
#961 = AXIS2_PLACEMENT_3D ( 'NONE', #3645, #1844, #420 ) ;
#962 = VERTEX_POINT ( 'NONE', #2758 ) ;
#963 = CARTESIAN_POINT ( 'NONE',  ( 38.40453745161302379, 153.7740285126873516, 52.79355679643811783 ) ) ;
#964 = LINE ( 'NONE', #372, #331 ) ;
#965 = CARTESIAN_POINT ( 'NONE',  ( 24.24816251244913445, 128.7274836683878334, 12.27290492463962579 ) ) ;
#966 = B_SPLINE_CURVE_WITH_KNOTS ( 'NONE', 1,
 ( #1524, #3561 ),
 .UNSPECIFIED., .F., .F.,
 ( 2, 2 ),
 ( 0.000000000000000000, 0.001499999999999967939 ),
 .UNSPECIFIED. ) ;
#967 = ORIENTED_EDGE ( 'NONE', *, *, #1170, .T. ) ;
#968 = ORIENTED_EDGE ( 'NONE', *, *, #2561, .F. ) ;
#969 = DIRECTION ( 'NONE',  ( -1.000000000000000000, -9.912705577010342313E-16, -1.982541115402056235E-15 ) ) ;
#970 = ORIENTED_EDGE ( 'NONE', *, *, #3840, .F. ) ;
#971 = LINE ( 'NONE', #679, #1312 ) ;
#972 = ORIENTED_EDGE ( 'NONE', *, *, #2448, .T. ) ;
#973 = CARTESIAN_POINT ( 'NONE',  ( 40.78783042256830527, -15.57373055233524184, 50.19496263048939966 ) ) ;
#974 = ORIENTED_EDGE ( 'NONE', *, *, #2044, .F. ) ;
#975 = ADVANCED_FACE ( 'NONE', ( #2230 ), #3643, .T. ) ;
#976 = AXIS2_PLACEMENT_3D ( 'NONE', #2706, #264, #3574 ) ;
#977 = ADVANCED_FACE ( 'NONE', ( #1294 ), #3663, .T. ) ;
#978 = LINE ( 'NONE', #3101, #2961 ) ;
#979 = PLANE ( 'NONE',  #737 ) ;
#980 = VECTOR ( 'NONE', #2590, 1000.000000000000000 ) ;
#981 = ORIENTED_EDGE ( 'NONE', *, *, #2619, .F. ) ;
#982 = DIRECTION ( 'NONE',  ( -0.000000000000000000, 1.000000000000000000, -0.000000000000000000 ) ) ;
#983 = CARTESIAN_POINT ( 'NONE',  ( 32.30046355210861719, 144.2732324524777141, 42.99355679643813488 ) ) ;
#984 = DIRECTION ( 'NONE',  ( 0.000000000000000000, 0.000000000000000000, -1.000000000000000000 ) ) ;
#985 = VECTOR ( 'NONE', #3079, 1000.000000000000114 ) ;
#986 = ORIENTED_EDGE ( 'NONE', *, *, #2859, .T. ) ;
#987 = DIRECTION ( 'NONE',  ( 0.000000000000000000, 0.000000000000000000, 1.000000000000000000 ) ) ;
#988 = EDGE_LOOP ( 'NONE', ( #696, #2906, #3450, #1977, #3378, #206, #376, #2254 ) ) ;
#989 = DIRECTION ( 'NONE',  ( -0.7071067811865474617, 0.000000000000000000, 0.7071067811865474617 ) ) ;
#990 = EDGE_LOOP ( 'NONE', ( #1514, #1839, #3123, #227 ) ) ;
#991 = CARTESIAN_POINT ( 'NONE',  ( 41.69007135754573312, -11.42597148731265477, 37.79355679643814625 ) ) ;
#992 = CARTESIAN_POINT ( 'NONE',  ( 38.40453745161302379, -15.72597148731266792, 52.79355679643811783 ) ) ;
#993 = ORIENTED_EDGE ( 'NONE', *, *, #2362, .F. ) ;
#994 = CARTESIAN_POINT ( 'NONE',  ( 5.792879265800091382, -30.67597148731282530, -1.267007806843801570E-14 ) ) ;
#995 = LINE ( 'NONE', #2185, #1728 ) ;
#996 = EDGE_CURVE ( 'NONE', #1672, #2119, #909, .T. ) ;
#997 = CARTESIAN_POINT ( 'NONE',  ( 10.69007135754572957, -11.42597148731265477, 40.14921922914074059 ) ) ;
#998 = CARTESIAN_POINT ( 'NONE',  ( 15.64007135754573063, -40.12597148731278907, 24.69355679643744494 ) ) ;
#999 = ADVANCED_FACE ( 'NONE', ( #3140 ), #1990, .F. ) ;
#1000 = VERTEX_POINT ( 'NONE', #2265 ) ;
#1001 = DIRECTION ( 'NONE',  ( 0.000000000000000000, 0.000000000000000000, 1.000000000000000000 ) ) ;
#1002 = AXIS2_PLACEMENT_3D ( 'NONE', #1007, #1317, #402 ) ;
#1003 =( LENGTH_UNIT ( ) NAMED_UNIT ( * ) SI_UNIT ( .MILLI., .METRE. ) );
#1004 = FACE_OUTER_BOUND ( 'NONE', #1492, .T. ) ;
#1005 = CARTESIAN_POINT ( 'NONE',  ( 33.65615522488724309, -25.50988761997102117, 47.24092604117013394 ) ) ;
#1006 = ORIENTED_EDGE ( 'NONE', *, *, #3730, .F. ) ;
#1007 = CARTESIAN_POINT ( 'NONE',  ( 17.78102763936502839, 156.7740285126873516, 17.78102763936502839 ) ) ;
#1008 = EDGE_LOOP ( 'NONE', ( #265, #1043, #3364, #10, #1046 ) ) ;
#1009 = VECTOR ( 'NONE', #2077, 1000.000000000000000 ) ;
#1010 = ORIENTED_EDGE ( 'NONE', *, *, #2859, .F. ) ;
#1011 = DIRECTION ( 'NONE',  ( 0.5773502691896240657, -0.5773502691896211791, 0.5773502691896320593 ) ) ;
#1012 = ORIENTED_EDGE ( 'NONE', *, *, #3280, .F. ) ;
#1013 = DIRECTION ( 'NONE',  ( 0.000000000000000000, 0.000000000000000000, -1.000000000000000000 ) ) ;
#1014 = CARTESIAN_POINT ( 'NONE',  ( 35.02428188386048191, -41.34176096099806585, 25.09881995433305590 ) ) ;
#1015 = AXIS2_PLACEMENT_3D ( 'NONE', #3614, #3850, #2064 ) ;
#1016 = DIRECTION ( 'NONE',  ( 0.6000000000002697620, 0.000000000000000000, 0.7999999999997977618 ) ) ;
#1017 = FACE_OUTER_BOUND ( 'NONE', #2078, .T. ) ;
#1018 = EDGE_CURVE ( 'NONE', #1750, #3204, #3469, .T. ) ;
#1019 = LINE ( 'NONE', #84, #2204 ) ;
#1020 = AXIS2_PLACEMENT_3D ( 'NONE', #1875, #1553, #1276 ) ;
#1021 = DIRECTION ( 'NONE',  ( 0.000000000000000000, -1.000000000000000000, 0.000000000000000000 ) ) ;
#1022 = ADVANCED_FACE ( 'NONE', ( #1430 ), #2105, .T. ) ;
#1023 = AXIS2_PLACEMENT_3D ( 'NONE', #3082, #1912, #3029 ) ;
#1024 = LINE ( 'NONE', #1591, #3567 ) ;
#1025 = ORIENTED_EDGE ( 'NONE', *, *, #1266, .F. ) ;
#1026 = CARTESIAN_POINT ( 'NONE',  ( 13.26849848229187323, 153.7740285126873516, 55.29355679643808941 ) ) ;
#1027 = VECTOR ( 'NONE', #506, 1000.000000000000000 ) ;
#1028 = VECTOR ( 'NONE', #3570, 1000.000000000000000 ) ;
#1029 = EDGE_CURVE ( 'NONE', #3071, #2297, #3161, .T. ) ;
#1030 = ORIENTED_EDGE ( 'NONE', *, *, #2171, .F. ) ;
#1031 = DIRECTION ( 'NONE',  ( -0.000000000000000000, 0.000000000000000000, 1.000000000000000000 ) ) ;
#1032 = CARTESIAN_POINT ( 'NONE',  ( 40.94007135754573312, 153.7740285126873516, 0.000000000000000000 ) ) ;
#1033 = EDGE_LOOP ( 'NONE', ( #324, #797, #493, #1860 ) ) ;
#1034 = CYLINDRICAL_SURFACE ( 'NONE', #487, 2.000000000000001776 ) ;
#1035 = DIRECTION ( 'NONE',  ( 0.000000000000000000, 1.000000000000000000, 1.224646799147353207E-16 ) ) ;
#1036 = DIRECTION ( 'NONE',  ( -1.000000000000000000, 0.000000000000000000, 0.000000000000000000 ) ) ;
#1037 = TOROIDAL_SURFACE ( 'NONE', #1908, 1.633974596215562736, 0.5000000000000000000 ) ;
#1038 = LINE ( 'NONE', #3139, #3324 ) ;
#1039 = DIRECTION ( 'NONE',  ( -1.000000000000000000, 0.000000000000000000, 0.000000000000000000 ) ) ;
#1040 = DIRECTION ( 'NONE',  ( 0.000000000000000000, 0.000000000000000000, 1.000000000000000000 ) ) ;
#1041 = VECTOR ( 'NONE', #269, 1000.000000000000000 ) ;
#1042 = DIRECTION ( 'NONE',  ( -4.097771990496913504E-16, 0.000000000000000000, -1.000000000000000000 ) ) ;
#1043 = ORIENTED_EDGE ( 'NONE', *, *, #2953, .F. ) ;
#1044 = EDGE_CURVE ( 'NONE', #2879, #3501, #1099, .T. ) ;
#1045 = LINE ( 'NONE', #1881, #2296 ) ;
#1046 = ORIENTED_EDGE ( 'NONE', *, *, #1641, .F. ) ;
#1047 = EDGE_CURVE ( 'NONE', #2056, #191, #2094, .T. ) ;
#1048 = PLANE ( 'NONE',  #1368 ) ;
#1049 = CIRCLE ( 'NONE', #2920, 1.800000000000002931 ) ;
#1050 = CARTESIAN_POINT ( 'NONE',  ( 38.61164423279954860, 156.7740285126873516, 53.29355679643813914 ) ) ;
#1051 = ORIENTED_EDGE ( 'NONE', *, *, #3332, .T. ) ;
#1052 = CARTESIAN_POINT ( 'NONE',  ( 36.74007135754573738, -39.62597148731272512, 24.52689012977103644 ) ) ;
#1053 = CARTESIAN_POINT ( 'NONE',  ( 33.99575753883009810, 144.7175738869355257, 44.18847778323421949 ) ) ;
#1054 = DIRECTION ( 'NONE',  ( -0.5773502691896226224, -0.5773502691896239547, -0.5773502691896308381 ) ) ;
#1055 = DIRECTION ( 'NONE',  ( 0.7071067811865500152, 0.000000000000000000, -0.7071067811865450192 ) ) ;
#1056 = CARTESIAN_POINT ( 'NONE',  ( 19.50307276393093758, 143.8983945749389477, 43.64228892094146062 ) ) ;
#1057 =( BOUNDED_CURVE ( )  B_SPLINE_CURVE ( 3, ( #815, #1982, #2629, #2003 ),
 .UNSPECIFIED., .F., .T. ) 
 B_SPLINE_CURVE_WITH_KNOTS ( ( 4, 4 ),
 ( 0.000000000000000000, 0.3926990816987283583 ),
 .UNSPECIFIED. ) 
 CURVE ( )  GEOMETRIC_REPRESENTATION_ITEM ( )  RATIONAL_B_SPLINE_CURVE ( ( 1.000000000000000000, 0.9871901869354866577, 0.9871901869354866577, 1.000000000000000000 ) ) 
 REPRESENTATION_ITEM ( '' )  );
#1058 = DIRECTION ( 'NONE',  ( -1.159938282124515555E-16, -0.7071067811865541231, -0.7071067811865409114 ) ) ;
#1059 = ORIENTED_EDGE ( 'NONE', *, *, #828, .F. ) ;
#1060 = CARTESIAN_POINT ( 'NONE',  ( 8.940071357545729569, -16.22597148731266259, 24.50066357762468172 ) ) ;
#1061 = VERTEX_POINT ( 'NONE', #2575 ) ;
#1062 = DIRECTION ( 'NONE',  ( -0.5999999999998421041, 0.000000000000000000, 0.8000000000001183942 ) ) ;
#1063 = ADVANCED_FACE ( 'NONE', ( #218 ), #162, .T. ) ;
#1064 = ORIENTED_EDGE ( 'NONE', *, *, #3137, .F. ) ;
#1065 = ORIENTED_EDGE ( 'NONE', *, *, #2614, .F. ) ;
#1066 = CARTESIAN_POINT ( 'NONE',  ( 36.24007135754573738, -40.12597148731278907, 22.79355679643813559 ) ) ;
#1067 = EDGE_LOOP ( 'NONE', ( #2960, #1402, #382, #3209 ) ) ;
#1068 = CARTESIAN_POINT ( 'NONE',  ( 19.57967916298285260, 144.2732324524776857, 42.99355679643813488 ) ) ;
#1069 = DIRECTION ( 'NONE',  ( 0.000000000000000000, 0.000000000000000000, 1.000000000000000000 ) ) ;
#1070 = EDGE_CURVE ( 'NONE', #3514, #2747, #3454, .T. ) ;
#1071 = VECTOR ( 'NONE', #1554, 1000.000000000000000 ) ;
#1072 = ADVANCED_FACE ( 'NONE', ( #1078 ), #3486, .F. ) ;
#1073 = ORIENTED_EDGE ( 'NONE', *, *, #3562, .F. ) ;
#1074 = DIRECTION ( 'NONE',  ( 0.000000000000000000, 0.000000000000000000, -1.000000000000000000 ) ) ;
#1075 = ADVANCED_FACE ( 'NONE', ( #1969 ), #2968, .T. ) ;
#1076 = CARTESIAN_POINT ( 'NONE',  ( 8.491476830368892337, -15.77737696013583069, 50.98705819612111156 ) ) ;
#1077 = FACE_OUTER_BOUND ( 'NONE', #2527, .T. ) ;
#1078 = FACE_OUTER_BOUND ( 'NONE', #1476, .T. ) ;
#1079 = CARTESIAN_POINT ( 'NONE',  ( 16.36681407699193258, 156.7740285126873516, 16.36681407699193258 ) ) ;
#1080 = EDGE_LOOP ( 'NONE', ( #2034, #3742, #95, #1172 ) ) ;
#1081 = DIRECTION ( 'NONE',  ( 0.000000000000000000, 0.000000000000000000, 1.000000000000000000 ) ) ;
#1082 = VERTEX_POINT ( 'NONE', #3253 ) ;
#1083 = DIRECTION ( 'NONE',  ( -0.4653411271949856598, 0.7529377601646768392, 0.4653411271949856598 ) ) ;
#1084 = VERTEX_POINT ( 'NONE', #918 ) ;
#1085 = VECTOR ( 'NONE', #3549, 1000.000000000000000 ) ;
#1086 = DIRECTION ( 'NONE',  ( -0.000000000000000000, -1.000000000000000000, -0.000000000000000000 ) ) ;
#1087 = ORIENTED_EDGE ( 'NONE', *, *, #3751, .F. ) ;
#1088 = CARTESIAN_POINT ( 'NONE',  ( 33.38577898545499067, 144.1470197188612019, 44.13953920878577719 ) ) ;
#1089 = CARTESIAN_POINT ( 'NONE',  ( 34.04121633037389216, 144.7711925463107150, 44.33265303703658589 ) ) ;
#1090 = PRODUCT_RELATED_PRODUCT_CATEGORY ( 'part', '', ( #883 ) ) ;
#1091 = ORIENTED_EDGE ( 'NONE', *, *, #2904, .T. ) ;
#1092 = CARTESIAN_POINT ( 'NONE',  ( 17.04007135754572744, 0.000000000000000000, 20.29355679643813914 ) ) ;
#1093 = ADVANCED_FACE ( 'NONE', ( #553 ), #2113, .T. ) ;
#1094 = AXIS2_PLACEMENT_3D ( 'NONE', #2809, #1326, #2513 ) ;
#1095 = CARTESIAN_POINT ( 'NONE',  ( 36.74007135754573738, -16.22597148731261285, 20.79355679643813914 ) ) ;
#1096 = EDGE_CURVE ( 'NONE', #1224, #1422, #1216, .T. ) ;
#1097 = AXIS2_PLACEMENT_3D ( 'NONE', #1932, #67, #1895 ) ;
#1098 = CARTESIAN_POINT ( 'NONE',  ( 36.19007135754574023, -15.97597148731265371, 55.04355679643812493 ) ) ;
#1099 = LINE ( 'NONE', #1701, #2778 ) ;
#1100 = CARTESIAN_POINT ( 'NONE',  ( 35.94007135754574023, -15.72597148731266792, 53.29355679643813204 ) ) ;
#1101 = VECTOR ( 'NONE', #3554, 1000.000000000000000 ) ;
#1102 = ORIENTED_EDGE ( 'NONE', *, *, #3705, .T. ) ;
#1103 = CARTESIAN_POINT ( 'NONE',  ( 40.35428491991882538, -15.72597148731266792, 50.84380932813231624 ) ) ;
#1104 = EDGE_LOOP ( 'NONE', ( #1378, #2484, #2066, #850 ) ) ;
#1105 = FACE_OUTER_BOUND ( 'NONE', #170, .T. ) ;
#1106 = ORIENTED_EDGE ( 'NONE', *, *, #3832, .F. ) ;
#1107 = EDGE_LOOP ( 'NONE', ( #424, #1868, #203, #3452, #3462, #3354 ) ) ;
#1108 = LINE ( 'NONE', #2000, #3215 ) ;
#1109 = ORIENTED_EDGE ( 'NONE', *, *, #1988, .T. ) ;
#1110 = LINE ( 'NONE', #1423, #3496 ) ;
#1111 = VECTOR ( 'NONE', #2872, 1000.000000000000000 ) ;
#1112 = VERTEX_POINT ( 'NONE', #3546 ) ;
#1113 = VECTOR ( 'NONE', #1265, 1000.000000000000114 ) ;
#1114 = LINE ( 'NONE', #1717, #1465 ) ;
#1115 = ADVANCED_FACE ( 'NONE', ( #3838 ), #1445, .T. ) ;
#1116 = CARTESIAN_POINT ( 'NONE',  ( 42.94007135754571891, -16.22597148731266259, -1.103542960652649753E-14 ) ) ;
#1117 = EDGE_CURVE ( 'NONE', #2873, #700, #273, .T. ) ;
#1118 = PLANE ( 'NONE',  #1215 ) ;
#1119 = DIRECTION ( 'NONE',  ( -1.000000000000000000, -3.469446951953611428E-15, -0.000000000000000000 ) ) ;
#1120 = DIRECTION ( 'NONE',  ( 1.000000000000000000, 0.000000000000000000, 0.000000000000000000 ) ) ;
#1121 = EDGE_CURVE ( 'NONE', #3458, #2544, #1195, .T. ) ;
#1122 = EDGE_CURVE ( 'NONE', #1672, #3081, #3271, .T. ) ;
#1123 = ORIENTED_EDGE ( 'NONE', *, *, #784, .T. ) ;
#1124 = CARTESIAN_POINT ( 'NONE',  ( 10.44007135754572957, -16.22597148731266259, 50.25802289050536587 ) ) ;
#1125 = EDGE_LOOP ( 'NONE', ( #1652, #662, #1997, #1843 ) ) ;
#1126 = CARTESIAN_POINT ( 'NONE',  ( 10.94007135754573135, 153.7740285126873516, 50.25802289050536587 ) ) ;
#1127 = ORIENTED_EDGE ( 'NONE', *, *, #301, .T. ) ;
#1128 = EDGE_LOOP ( 'NONE', ( #833, #968, #786, #1566 ) ) ;
#1129 = CARTESIAN_POINT ( 'NONE',  ( 41.44007135754573312, -16.22597148731266259, 25.32909070237091598 ) ) ;
#1130 = ORIENTED_EDGE ( 'NONE', *, *, #1096, .T. ) ;
#1131 = CARTESIAN_POINT ( 'NONE',  ( 21.46255293112358586, -39.62597148731278196, 16.09691469832400301 ) ) ;
#1132 = VERTEX_POINT ( 'NONE', #3003 ) ;
#1133 = ADVANCED_FACE ( 'NONE', ( #1755 ), #1235, .T. ) ;
#1134 = DIRECTION ( 'NONE',  ( 0.000000000000000000, 0.000000000000000000, 1.000000000000000000 ) ) ;
#1135 = DIRECTION ( 'NONE',  ( 1.000000000000000000, 0.000000000000000000, 0.000000000000000000 ) ) ;
#1136 = CIRCLE ( 'NONE', #3492, 0.5000000000000004441 ) ;
#1137 = CARTESIAN_POINT ( 'NONE',  ( 43.44007135754571891, -15.72597148731266792, -1.116392764178403850E-14 ) ) ;
#1138 = CARTESIAN_POINT ( 'NONE',  ( 18.08951876957521421, 144.5651749430537052, 43.77865181903685254 ) ) ;
#1139 = CARTESIAN_POINT ( 'NONE',  ( 33.94007135754485915, -43.02597148731339161, 26.46022346310410001 ) ) ;
#1140 = VECTOR ( 'NONE', #3460, 1000.000000000000000 ) ;
#1141 = EDGE_LOOP ( 'NONE', ( #707, #2042, #2767, #1920, #478 ) ) ;
#1142 = CARTESIAN_POINT ( 'NONE',  ( 40.68699496041404728, -15.67456601448950693, 50.43840097079036866 ) ) ;
#1143 = ORIENTED_EDGE ( 'NONE', *, *, #1404, .F. ) ;
#1144 = DIRECTION ( 'NONE',  ( -1.000000000000000000, 0.000000000000000000, 0.000000000000000000 ) ) ;
#1145 = ADVANCED_FACE ( 'NONE', ( #1486 ), #329, .F. ) ;
#1146 = EDGE_LOOP ( 'NONE', ( #177, #3475, #824, #1780, #3767 ) ) ;
#1147 = ORIENTED_EDGE ( 'NONE', *, *, #2738, .T. ) ;
#1148 = ORIENTED_EDGE ( 'NONE', *, *, #996, .F. ) ;
#1149 = EDGE_CURVE ( 'NONE', #2280, #3672, #1629, .T. ) ;
#1150 = DIRECTION ( 'NONE',  ( 0.000000000000000000, 0.000000000000000000, -1.000000000000000000 ) ) ;
#1151 = VECTOR ( 'NONE', #3823, 1000.000000000000000 ) ;
#1152 = ORIENTED_EDGE ( 'NONE', *, *, #2591, .T. ) ;
#1153 = CARTESIAN_POINT ( 'NONE',  ( 31.62007135754238973, -40.12597148731278907, 18.53355679643765086 ) ) ;
#1154 = VECTOR ( 'NONE', #2889, 1000.000000000000000 ) ;
#1155 = VECTOR ( 'NONE', #89, 1000.000000000000000 ) ;
#1156 = DIRECTION ( 'NONE',  ( 0.000000000000000000, 0.000000000000000000, -1.000000000000000000 ) ) ;
#1157 = CARTESIAN_POINT ( 'NONE',  ( 35.44007135754574023, 148.4740285126874255, 52.79355679643815336 ) ) ;
#1158 = CARTESIAN_POINT ( 'NONE',  ( 36.13322400867972561, -23.70940720564259863, 28.27699251476818176 ) ) ;
#1159 = CARTESIAN_POINT ( 'NONE',  ( 37.56507135754570470, -40.12597148731278907, 26.46022346310316919 ) ) ;
#1160 = VERTEX_POINT ( 'NONE', #1528 ) ;
#1161 = LINE ( 'NONE', #2387, #1709 ) ;
#1162 = ORIENTED_EDGE ( 'NONE', *, *, #3714, .F. ) ;
#1163 = CARTESIAN_POINT ( 'NONE',  ( 15.14007135754572886, 153.7740285126873516, 22.79355679643813559 ) ) ;
#1164 = CARTESIAN_POINT ( 'NONE',  ( 17.04007135754573099, -26.57597148731282743, 28.19355679643765100 ) ) ;
#1165 = ORIENTED_EDGE ( 'NONE', *, *, #235, .F. ) ;
#1166 = EDGE_CURVE ( 'NONE', #3204, #1630, #2089, .T. ) ;
#1167 = CARTESIAN_POINT ( 'NONE',  ( 42.85428491991882538, 153.7740285126873516, 23.70777035881126693 ) ) ;
#1168 = ORIENTED_EDGE ( 'NONE', *, *, #3212, .F. ) ;
#1169 = CARTESIAN_POINT ( 'NONE',  ( 36.74007135754573738, -40.12597148731278907, 20.79355679643813914 ) ) ;
#1170 = EDGE_CURVE ( 'NONE', #1883, #3480, #861, .T. ) ;
#1171 = CONICAL_SURFACE ( 'NONE', #2729, 2.500000000000002220, 0.5235987755983000369 ) ;
#1172 = ORIENTED_EDGE ( 'NONE', *, *, #189, .F. ) ;
#1173 = LINE ( 'NONE', #2028, #481 ) ;
#1174 = DIRECTION ( 'NONE',  ( 0.000000000000000000, -1.000000000000000000, 0.000000000000000000 ) ) ;
#1175 = DIRECTION ( 'NONE',  ( -0.000000000000000000, -0.7071067811865524577, -0.7071067811865425767 ) ) ;
#1176 = CARTESIAN_POINT ( 'NONE',  ( 18.51651366129447851, 144.1591979296559316, 44.16389563037521526 ) ) ;
#1177 = CARTESIAN_POINT ( 'NONE',  ( 17.91083226184145971, 144.6917074388674109, 44.11892300406830003 ) ) ;
#1178 = AXIS2_PLACEMENT_3D ( 'NONE', #994, #1887, #117 ) ;
#1179 = ORIENTED_EDGE ( 'NONE', *, *, #3827, .F. ) ;
#1180 = DIRECTION ( 'NONE',  ( 1.159938282124519992E-16, -0.7071067811865517916, 0.7071067811865433539 ) ) ;
#1181 = DIRECTION ( 'NONE',  ( 0.000000000000000000, -0.000000000000000000, -1.000000000000000000 ) ) ;
#1182 = CARTESIAN_POINT ( 'NONE',  ( 32.50594311498927169, 144.2732290084235842, 42.99355679643814199 ) ) ;
#1183 = ORIENTED_EDGE ( 'NONE', *, *, #141, .T. ) ;
#1184 = CARTESIAN_POINT ( 'NONE',  ( 18.13458102995831567, 153.7740285126873516, 18.13458102995830146 ) ) ;
#1185 = ORIENTED_EDGE ( 'NONE', *, *, #3065, .T. ) ;
#1186 = CARTESIAN_POINT ( 'NONE',  ( 19.57967916298286681, 143.8983963014180461, 43.64229237389948679 ) ) ;
#1187 = EDGE_CURVE ( 'NONE', #1632, #2334, #2985, .T. ) ;
#1188 = DIRECTION ( 'NONE',  ( 0.000000000000000000, 0.000000000000000000, -1.000000000000000000 ) ) ;
#1189 = ORIENTED_EDGE ( 'NONE', *, *, #2829, .T. ) ;
#1190 = DIRECTION ( 'NONE',  ( 0.000000000000000000, 1.000000000000000000, 0.000000000000000000 ) ) ;
#1191 = EDGE_CURVE ( 'NONE', #3661, #525, #2930, .T. ) ;
#1192 = CARTESIAN_POINT ( 'NONE',  ( 12.42031004909745917, -14.24573279576095963, 25.94222564396102015 ) ) ;
#1193 = FACE_OUTER_BOUND ( 'NONE', #1067, .T. ) ;
#1194 = ADVANCED_FACE ( 'NONE', ( #2494 ), #3078, .F. ) ;
#1195 = LINE ( 'NONE', #1504, #601 ) ;
#1196 = CARTESIAN_POINT ( 'NONE',  ( 17.92109518215884378, 144.6824674095656746, 44.09407133425144565 ) ) ;
#1197 = AXIS2_PLACEMENT_3D ( 'NONE', #2224, #1745, #1926 ) ;
#1198 = B_SPLINE_SURFACE_WITH_KNOTS ( 'NONE', 1, 1, ( 
 ( #1798, #2054 ),
 ( #3839, #2385 ) ),
 .UNSPECIFIED., .F., .F., .F.,
 ( 2, 2 ),
 ( 2, 2 ),
 ( 0.000000000000000000, 1.000000000000000000 ),
 ( 0.000000000000000000, 1.000000000000000000 ),
 .UNSPECIFIED. ) ;
#1199 = ORIENTED_EDGE ( 'NONE', *, *, #3094, .F. ) ;
#1200 = DIRECTION ( 'NONE',  ( -1.000000000000000000, 0.000000000000000000, 0.000000000000000000 ) ) ;
#1201 = CARTESIAN_POINT ( 'NONE',  ( 36.24007135754573738, -40.12597148731278907, 20.29355679643813914 ) ) ;
#1202 = CARTESIAN_POINT ( 'NONE',  ( 33.86832071288070978, 144.6137452114161874, 43.90926298651518778 ) ) ;
#1203 = VERTEX_POINT ( 'NONE', #3657 ) ;
#1204 = DIRECTION ( 'NONE',  ( 1.000000000000000000, 0.000000000000000000, 0.000000000000000000 ) ) ;
#1205 = EDGE_LOOP ( 'NONE', ( #868, #248, #3773, #847, #3053 ) ) ;
#1206 = DIRECTION ( 'NONE',  ( -0.7071067811865506814, 0.000000000000000000, 0.7071067811865445751 ) ) ;
#1207 = DIRECTION ( 'NONE',  ( 0.000000000000000000, 0.7071067811865524577, -0.7071067811865425767 ) ) ;
#1208 = ORIENTED_EDGE ( 'NONE', *, *, #623, .F. ) ;
#1209 = VECTOR ( 'NONE', #1221, 1000.000000000000000 ) ;
#1210 = DIRECTION ( 'NONE',  ( 0.000000000000000000, 0.000000000000000000, -1.000000000000000000 ) ) ;
#1211 = VECTOR ( 'NONE', #748, 1000.000000000000114 ) ;
#1212 = CARTESIAN_POINT ( 'NONE',  ( 40.78783042256830527, -15.57373055233524184, 50.19496263048939966 ) ) ;
#1213 = ADVANCED_FACE ( 'NONE', ( #413 ), #3676, .F. ) ;
#1214 = LINE ( 'NONE', #2051, #2698 ) ;
#1215 = AXIS2_PLACEMENT_3D ( 'NONE', #1645, #1055, #2009 ) ;
#1216 = LINE ( 'NONE', #1158, #2588 ) ;
#1217 = CARTESIAN_POINT ( 'NONE',  ( 18.73700542647362255, 144.3508143745868608, 43.20218982441969757 ) ) ;
#1218 = EDGE_CURVE ( 'NONE', #1630, #525, #2771, .T. ) ;
#1219 = ORIENTED_EDGE ( 'NONE', *, *, #3187, .F. ) ;
#1220 = PLANE ( 'NONE',  #3444 ) ;
#1221 = DIRECTION ( 'NONE',  ( -0.7071067811865470176, 0.000000000000000000, -0.7071067811865481278 ) ) ;
#1222 = CARTESIAN_POINT ( 'NONE',  ( 33.85607607087596449, 144.6057986254228354, 43.88789609269381486 ) ) ;
#1223 = B_SPLINE_CURVE_WITH_KNOTS ( 'NONE', 3,
 ( #1943, #2529, #2548, #559, #2937, #741, #3406, #1983, #771, #2060 ),
 .UNSPECIFIED., .F., .F.,
 ( 4, 2, 2, 2, 4 ),
 ( 0.000000000000000000, 0.2500000000000000000, 0.5000000000000000000, 0.7500000000000000000, 1.000000000000000000 ),
 .UNSPECIFIED. ) ;
#1224 = VERTEX_POINT ( 'NONE', #688 ) ;
#1225 = DIRECTION ( 'NONE',  ( 0.8000000000003343326, -0.000000000000000000, 0.5999999999995542233 ) ) ;
#1226 = ORIENTED_EDGE ( 'NONE', *, *, #3305, .F. ) ;
#1227 = PLANE ( 'NONE',  #3127 ) ;
#1228 = VECTOR ( 'NONE', #3054, 1000.000000000000000 ) ;
#1229 = CARTESIAN_POINT ( 'NONE',  ( 34.06550876835228081, 144.8113050826628125, 44.44054775318940642 ) ) ;
#1230 = EDGE_LOOP ( 'NONE', ( #3143, #3283, #110 ) ) ;
#1231 = LINE ( 'NONE', #2417, #2414 ) ;
#1232 = VECTOR ( 'NONE', #156, 999.9999999999998863 ) ;
#1233 = DIRECTION ( 'NONE',  ( 0.000000000000000000, 1.000000000000000000, 0.000000000000000000 ) ) ;
#1234 =( BOUNDED_CURVE ( )  B_SPLINE_CURVE ( 3, ( #131, #2162, #2507, #2525 ),
 .UNSPECIFIED., .F., .T. ) 
 B_SPLINE_CURVE_WITH_KNOTS ( ( 4, 4 ),
 ( 3.141592653589793116, 3.534291735288517255 ),
 .UNSPECIFIED. ) 
 CURVE ( )  GEOMETRIC_REPRESENTATION_ITEM ( )  RATIONAL_B_SPLINE_CURVE ( ( 1.000000000000000000, 0.9871901869354868797, 0.9871901869354868797, 1.000000000000000000 ) ) 
 REPRESENTATION_ITEM ( '' )  );
#1235 = CYLINDRICAL_SURFACE ( 'NONE', #285, 1.999999999999998224 ) ;
#1236 = CARTESIAN_POINT ( 'NONE',  ( 18.47938696928638791, 144.4127566825453073, 43.36876435747807790 ) ) ;
#1237 = ADVANCED_FACE ( 'NONE', ( #122 ), #3040, .T. ) ;
#1238 = VECTOR ( 'NONE', #554, 1000.000000000000000 ) ;
#1239 = ORIENTED_EDGE ( 'NONE', *, *, #54, .F. ) ;
#1240 = LINE ( 'NONE', #2640, #90 ) ;
#1241 = FACE_OUTER_BOUND ( 'NONE', #2745, .T. ) ;
#1242 = CARTESIAN_POINT ( 'NONE',  ( 16.14403213808945381, 153.7740285126873516, 52.79355679643813914 ) ) ;
#1243 = EDGE_CURVE ( 'NONE', #185, #1320, #1604, .T. ) ;
#1244 = ADVANCED_FACE ( 'NONE', ( #1624 ), #3638, .F. ) ;
#1245 = B_SPLINE_CURVE_WITH_KNOTS ( 'NONE', 1,
 ( #716, #2161 ),
 .UNSPECIFIED., .F., .F.,
 ( 2, 2 ),
 ( 0.000000000000000000, 1.000000000000000000 ),
 .UNSPECIFIED. ) ;
#1246 = VERTEX_POINT ( 'NONE', #1889 ) ;
#1247 = FACE_OUTER_BOUND ( 'NONE', #2001, .T. ) ;
#1248 = ORIENTED_EDGE ( 'NONE', *, *, #250, .T. ) ;
#1249 = DIRECTION ( 'NONE',  ( 0.000000000000000000, 0.000000000000000000, -1.000000000000000000 ) ) ;
#1250 = EDGE_CURVE ( 'NONE', #3626, #2274, #3390, .T. ) ;
#1251 = LINE ( 'NONE', #2750, #1296 ) ;
#1252 = EDGE_LOOP ( 'NONE', ( #3617, #3298, #2773, #2368 ) ) ;
#1253 = CARTESIAN_POINT ( 'NONE',  ( 8.693147754677411854, -15.77737696013582358, 24.11317871615317898 ) ) ;
#1254 = EDGE_CURVE ( 'NONE', #460, #1792, #2205, .T. ) ;
#1255 = LINE ( 'NONE', #1192, #2577 ) ;
#1256 = CARTESIAN_POINT ( 'NONE',  ( 13.12205187288522090, -16.22597148731266259, 53.14711018703140866 ) ) ;
#1257 = CARTESIAN_POINT ( 'NONE',  ( 36.74007135754573738, -16.22597148731266259, 0.000000000000000000 ) ) ;
#1258 = ORIENTED_EDGE ( 'NONE', *, *, #1187, .T. ) ;
#1259 = DIRECTION ( 'NONE',  ( 0.000000000000000000, 0.000000000000000000, 1.000000000000000000 ) ) ;
#1260 = CARTESIAN_POINT ( 'NONE',  ( 32.30046355210861719, 144.2732324524777141, 42.99355679643813488 ) ) ;
#1261 = ORIENTED_EDGE ( 'NONE', *, *, #1643, .T. ) ;
#1262 = DIRECTION ( 'NONE',  ( 0.6785983445458522167, 0.6785983445458427799, 0.2810846377148180641 ) ) ;
#1263 = VERTEX_POINT ( 'NONE', #3620 ) ;
#1264 = EDGE_CURVE ( 'NONE', #1246, #3495, #978, .T. ) ;
#1265 = DIRECTION ( 'NONE',  ( 0.7071067811865474617, 0.000000000000000000, -0.7071067811865474617 ) ) ;
#1266 = EDGE_CURVE ( 'NONE', #2582, #2172, #1564, .T. ) ;
#1267 = CARTESIAN_POINT ( 'NONE',  ( 13.26849848229191764, 153.7740285126873516, 22.29355679643813559 ) ) ;
#1268 = CARTESIAN_POINT ( 'NONE',  ( -1.056566675349531251E-13, 156.7740285126873516, 53.29355679643806099 ) ) ;
#1269 = ORIENTED_EDGE ( 'NONE', *, *, #2523, .F. ) ;
#1270 = CARTESIAN_POINT ( 'NONE',  ( 11.74073840652496870, -39.62597148731278196, -8.805553804899910020 ) ) ;
#1271 = DIRECTION ( 'NONE',  ( 0.6000000000002696510, 0.000000000000000000, 0.7999999999997976508 ) ) ;
#1272 = PLANE ( 'NONE',  #3599 ) ;
#1273 = VECTOR ( 'NONE', #1081, 1000.000000000000000 ) ;
#1274 = EDGE_LOOP ( 'NONE', ( #3441, #1741, #3241, #1574 ) ) ;
#1275 = CARTESIAN_POINT ( 'NONE',  ( 15.64007135754572708, -39.62597148731278196, 20.29355679643813914 ) ) ;
#1276 = DIRECTION ( 'NONE',  ( -0.7071067811865464625, 0.000000000000000000, 0.7071067811865486830 ) ) ;
#1277 = DIRECTION ( 'NONE',  ( -0.7071067811865475727, 0.000000000000000000, 0.7071067811865475727 ) ) ;
#1278 = LINE ( 'NONE', #2746, #152 ) ;
#1279 = ORIENTED_EDGE ( 'NONE', *, *, #3593, .F. ) ;
#1280 = CARTESIAN_POINT ( 'NONE',  ( 36.51507135754543043, -39.62597148731272512, 28.69355679643767587 ) ) ;
#1281 = AXIS2_PLACEMENT_3D ( 'NONE', #2792, #2436, #1853 ) ;
#1282 = EDGE_CURVE ( 'NONE', #2146, #2578, #140, .T. ) ;
#1283 = AXIS2_PLACEMENT_3D ( 'NONE', #1608, #2532, #2871 ) ;
#1284 = FACE_OUTER_BOUND ( 'NONE', #1141, .T. ) ;
#1285 = CARTESIAN_POINT ( 'NONE',  ( 37.14255293112448442, -39.62597148731278196, 27.85691469833190936 ) ) ;
#1286 = ORIENTED_EDGE ( 'NONE', *, *, #2719, .F. ) ;
#1287 = CARTESIAN_POINT ( 'NONE',  ( 10.44007135754572779, -16.22597148731266259, 50.46512967169190489 ) ) ;
#1288 = CARTESIAN_POINT ( 'NONE',  ( 47.36681407699194324, 153.7740285126873516, 47.36681407699194324 ) ) ;
#1289 = AXIS2_PLACEMENT_3D ( 'NONE', #1380, #2901, #3747 ) ;
#1290 = CARTESIAN_POINT ( 'NONE',  ( 45.95260051461884387, 156.7740285126873516, 45.95260051461884387 ) ) ;
#1291 = DIRECTION ( 'NONE',  ( 0.000000000000000000, 0.000000000000000000, -1.000000000000000000 ) ) ;
#1292 = ORIENTED_EDGE ( 'NONE', *, *, #3000, .F. ) ;
#1293 = CARTESIAN_POINT ( 'NONE',  ( 33.94209789212014527, 144.6653856565177989, 44.04813959451096395 ) ) ;
#1294 = FACE_OUTER_BOUND ( 'NONE', #3627, .T. ) ;
#1295 = DIRECTION ( 'NONE',  ( -0.000000000000000000, 1.000000000000000000, -0.000000000000000000 ) ) ;
#1296 = VECTOR ( 'NONE', #77, 1000.000000000000114 ) ;
#1297 = CARTESIAN_POINT ( 'NONE',  ( 8.440071357545729569, 153.7740285126873516, 25.12198392118432722 ) ) ;
#1298 = ORIENTED_EDGE ( 'NONE', *, *, #3256, .F. ) ;
#1299 = FACE_OUTER_BOUND ( 'NONE', #3477, .T. ) ;
#1300 = VECTOR ( 'NONE', #134, 1000.000000000000000 ) ;
#1301 = ORIENTED_EDGE ( 'NONE', *, *, #2980, .F. ) ;
#1302 = FACE_OUTER_BOUND ( 'NONE', #2335, .T. ) ;
#1303 = CARTESIAN_POINT ( 'NONE',  ( -1.059134234554211979E-13, 150.0330455070622975, 55.29355679643806099 ) ) ;
#1304 = ORIENTED_EDGE ( 'NONE', *, *, #952, .F. ) ;
#1305 = DIRECTION ( 'NONE',  ( 0.000000000000000000, -1.000000000000000000, 0.000000000000000000 ) ) ;
#1306 = LINE ( 'NONE', #2471, #2596 ) ;
#1307 = DIRECTION ( 'NONE',  ( 1.000000000000000000, 9.912705577010340341E-16, 1.982541115402056235E-15 ) ) ;
#1308 = ADVANCED_FACE ( 'NONE', ( #2168 ), #3333, .T. ) ;
#1309 = CARTESIAN_POINT ( 'NONE',  ( 13.29100732696376852, -34.42503551789469896, 31.94262082701958860 ) ) ;
#1310 = EDGE_CURVE ( 'NONE', #3458, #3529, #938, .T. ) ;
#1311 = CARTESIAN_POINT ( 'NONE',  ( 13.26849848229187501, 156.7740285126873516, 53.29355679643808941 ) ) ;
#1312 = VECTOR ( 'NONE', #1938, 1000.000000000000000 ) ;
#1313 = SURFACE_SIDE_STYLE ('',( #3624 ) ) ;
#1314 = FACE_OUTER_BOUND ( 'NONE', #239, .T. ) ;
#1315 = DIRECTION ( 'NONE',  ( 0.000000000000000000, 0.000000000000000000, 1.000000000000000000 ) ) ;
#1316 = EDGE_LOOP ( 'NONE', ( #2713, #892, #1691, #581, #2451, #2356 ) ) ;
#1317 = DIRECTION ( 'NONE',  ( -0.7071067811865475727, 0.000000000000000000, 0.7071067811865475727 ) ) ;
#1318 = VERTEX_POINT ( 'NONE', #647 ) ;
#1319 = AXIS2_PLACEMENT_3D ( 'NONE', #3064, #1277, #2191 ) ;
#1320 = VERTEX_POINT ( 'NONE', #1837 ) ;
#1321 = FACE_OUTER_BOUND ( 'NONE', #1125, .T. ) ;
#1322 = VERTEX_POINT ( 'NONE', #997 ) ;
#1323 = CARTESIAN_POINT ( 'NONE',  ( 10.44007135754572957, -11.42597148731265477, 37.79355679643814625 ) ) ;
#1324 = CARTESIAN_POINT ( 'NONE',  ( 34.06550876835228081, 144.8113050826628125, 44.44054775318940642 ) ) ;
#1325 = VECTOR ( 'NONE', #3576, 1000.000000000000000 ) ;
#1326 = DIRECTION ( 'NONE',  ( -0.000000000000000000, -0.7071067811865524577, -0.7071067811865425767 ) ) ;
#1327 = ADVANCED_FACE ( 'NONE', ( #2754 ), #2186, .F. ) ;
#1328 = CARTESIAN_POINT ( 'NONE',  ( 15.64007135754572708, -40.12597148731278907, 22.79355679643813914 ) ) ;
#1329 = DIRECTION ( 'NONE',  ( 1.000000000000000000, 0.000000000000000000, 1.982541115402055841E-15 ) ) ;
#1330 = CIRCLE ( 'NONE', #649, 1.999999999999999112 ) ;
#1331 = LINE ( 'NONE', #1876, #2877 ) ;
#1332 = EDGE_CURVE ( 'NONE', #76, #1713, #668, .T. ) ;
#1333 = VECTOR ( 'NONE', #922, 1000.000000000000227 ) ;
#1334 = CARTESIAN_POINT ( 'NONE',  ( 41.44007135754573312, -16.22597148731266259, 0.000000000000000000 ) ) ;
#1335 = ORIENTED_EDGE ( 'NONE', *, *, #1715, .T. ) ;
#1336 = CARTESIAN_POINT ( 'NONE',  ( 0.000000000000000000, 156.7740285126873516, 22.29355679643813559 ) ) ;
#1337 = VECTOR ( 'NONE', #2634, 999.9999999999998863 ) ;
#1338 = VECTOR ( 'NONE', #2076, 1000.000000000000000 ) ;
#1339 = VERTEX_POINT ( 'NONE', #195 ) ;
#1340 = ORIENTED_EDGE ( 'NONE', *, *, #3100, .F. ) ;
#1341 = LINE ( 'NONE', #1285, #2656 ) ;
#1342 = ORIENTED_EDGE ( 'NONE', *, *, #1282, .F. ) ;
#1343 = DIRECTION ( 'NONE',  ( -0.7071067811865474617, 0.000000000000000000, 0.7071067811865474617 ) ) ;
#1344 = LINE ( 'NONE', #2353, #1877 ) ;
#1345 = DIRECTION ( 'NONE',  ( 0.000000000000000000, 1.000000000000000000, 0.000000000000000000 ) ) ;
#1346 = CARTESIAN_POINT ( 'NONE',  ( 32.82325752604506874, 143.9503588514674846, 43.74621747399842775 ) ) ;
#1347 = CARTESIAN_POINT ( 'NONE',  ( 17.83483041382388734, 144.7737453668000569, 44.33954174369815604 ) ) ;
#1348 = FACE_OUTER_BOUND ( 'NONE', #3846, .T. ) ;
#1349 = EDGE_CURVE ( 'NONE', #2652, #2747, #526, .T. ) ;
#1350 = EDGE_CURVE ( 'NONE', #929, #3514, #1114, .T. ) ;
#1351 = AXIS2_PLACEMENT_3D ( 'NONE', #1153, #2378, #308 ) ;
#1352 = VERTEX_POINT ( 'NONE', #1426 ) ;
#1353 = PLANE ( 'NONE',  #332 ) ;
#1354 = ORIENTED_EDGE ( 'NONE', *, *, #2618, .T. ) ;
#1355 = EDGE_CURVE ( 'NONE', #532, #845, #3483, .T. ) ;
#1356 = CARTESIAN_POINT ( 'NONE',  ( 10.44007135754572957, -11.42597148731265477, 37.79355679643814625 ) ) ;
#1357 = EDGE_CURVE ( 'NONE', #1339, #632, #2868, .T. ) ;
#1358 = ORIENTED_EDGE ( 'NONE', *, *, #3047, .T. ) ;
#1359 = ORIENTED_EDGE ( 'NONE', *, *, #3424, .T. ) ;
#1360 = CARTESIAN_POINT ( 'NONE',  ( 15.94007135754574023, 148.1650115183125251, 53.29355679643815336 ) ) ;
#1361 = VERTEX_POINT ( 'NONE', #1944 ) ;
#1362 = ADVANCED_FACE ( 'NONE', ( #486 ), #2570, .T. ) ;
#1363 = LINE ( 'NONE', #2826, #2301 ) ;
#1364 = CARTESIAN_POINT ( 'NONE',  ( 36.44007135754574023, -16.22597148731266259, 0.000000000000000000 ) ) ;
#1365 = ORIENTED_EDGE ( 'NONE', *, *, #255, .F. ) ;
#1366 = DIRECTION ( 'NONE',  ( -0.5656854249493274978, 0.7071067811865404673, -0.4242640687118211518 ) ) ;
#1367 = EDGE_CURVE ( 'NONE', #3208, #3289, #2006, .T. ) ;
#1368 = AXIS2_PLACEMENT_3D ( 'NONE', #3691, #3633, #1903 ) ;
#1369 = CARTESIAN_POINT ( 'NONE',  ( 9.025857795172630205, 153.7740285126873516, 51.87934323406501136 ) ) ;
#1370 = CARTESIAN_POINT ( 'NONE',  ( 19.47667376887901014, 144.2732307259986442, 42.99355215357147841 ) ) ;
#1371 = CARTESIAN_POINT ( 'NONE',  ( 10.44007135754572957, 158.7740285126873516, 25.12198392118432722 ) ) ;
#1372 = ORIENTED_EDGE ( 'NONE', *, *, #3137, .T. ) ;
#1373 = CARTESIAN_POINT ( 'NONE',  ( 15.14007135754573063, -15.72597148731266792, 22.79355679643813559 ) ) ;
#1374 = EDGE_LOOP ( 'NONE', ( #1393, #2250 ) ) ;
#1375 = CARTESIAN_POINT ( 'NONE',  ( 40.35428491991882538, -15.72597148731266792, 50.84380932813231624 ) ) ;
#1376 = ORIENTED_EDGE ( 'NONE', *, *, #2259, .T. ) ;
#1377 =( NAMED_UNIT ( * ) SI_UNIT ( $, .STERADIAN. ) SOLID_ANGLE_UNIT ( ) );
#1378 = ORIENTED_EDGE ( 'NONE', *, *, #1555, .T. ) ;
#1379 = EDGE_CURVE ( 'NONE', #3281, #962, #3524, .T. ) ;
#1380 = CARTESIAN_POINT ( 'NONE',  ( 16.36681407699193258, 153.7740285126873516, 16.36681407699193258 ) ) ;
#1381 = ORIENTED_EDGE ( 'NONE', *, *, #1539, .T. ) ;
#1382 = CARTESIAN_POINT ( 'NONE',  ( 32.30046355210863851, 143.8983963014180461, 43.64229237389945837 ) ) ;
#1383 = DIRECTION ( 'NONE',  ( -0.000000000000000000, 1.000000000000000000, 0.000000000000000000 ) ) ;
#1384 = CIRCLE ( 'NONE', #3553, 1.999999999999998224 ) ;
#1385 = ADVANCED_FACE ( 'NONE', ( #2303 ), #1387, .T. ) ;
#1386 = ORIENTED_EDGE ( 'NONE', *, *, #1254, .F. ) ;
#1387 = SPHERICAL_SURFACE ( 'NONE', #1850, 2.000000000000000000 ) ;
#1388 = CARTESIAN_POINT ( 'NONE',  ( 12.50313161756168157, -15.87821242229008689, 55.14131586146065445 ) ) ;
#1389 = DIRECTION ( 'NONE',  ( 0.7071067811865541231, 0.7071067811865409114, -2.897562362236691405E-16 ) ) ;
#1390 = DIRECTION ( 'NONE',  ( 0.6000000000002722045, 0.000000000000000000, 0.7999999999997957634 ) ) ;
#1391 = CARTESIAN_POINT ( 'NONE',  ( 15.14007135754571998, -39.62597148731278196, -6.204056034307541845E-15 ) ) ;
#1392 = AXIS2_PLACEMENT_3D ( 'NONE', #3310, #2419, #937 ) ;
#1393 = ORIENTED_EDGE ( 'NONE', *, *, #3000, .T. ) ;
#1394 = DIRECTION ( 'NONE',  ( 0.000000000000000000, 0.000000000000000000, -1.000000000000000000 ) ) ;
#1395 = ORIENTED_EDGE ( 'NONE', *, *, #1789, .F. ) ;
#1396 = PLANE ( 'NONE',  #2151 ) ;
#1397 = VECTOR ( 'NONE', #3277, 1000.000000000000000 ) ;
#1398 = VERTEX_POINT ( 'NONE', #2282 ) ;
#1399 = VERTEX_POINT ( 'NONE', #2262 ) ;
#1400 = VECTOR ( 'NONE', #3465, 1000.000000000000114 ) ;
#1401 = CARTESIAN_POINT ( 'NONE',  ( 38.40453745161302379, -15.72597148731266792, 52.79355679643811783 ) ) ;
#1402 = ORIENTED_EDGE ( 'NONE', *, *, #1529, .F. ) ;
#1403 = CARTESIAN_POINT ( 'NONE',  ( 13.69007135754569227, 179.6740285126872152, 26.46022346310656204 ) ) ;
#1404 = EDGE_CURVE ( 'NONE', #3097, #476, #2226, .T. ) ;
#1405 = ORIENTED_EDGE ( 'NONE', *, *, #1349, .T. ) ;
#1406 = LINE ( 'NONE', #3155, #980 ) ;
#1407 = ADVANCED_FACE ( 'NONE', ( #759 ), #1661, .T. ) ;
#1408 = VECTOR ( 'NONE', #3312, 1000.000000000000114 ) ;
#1409 = CARTESIAN_POINT ( 'NONE',  ( 13.47560526347849752, 153.7740285126873516, 52.79355679643813914 ) ) ;
#1410 = AXIS2_PLACEMENT_3D ( 'NONE', #180, #470, #781 ) ;
#1411 = DIRECTION ( 'NONE',  ( 1.000000000000000000, 0.000000000000000000, 0.000000000000000000 ) ) ;
#1412 = CARTESIAN_POINT ( 'NONE',  ( 38.61164423279953439, 156.7740285126873516, 22.29355679643813559 ) ) ;
#1413 = CARTESIAN_POINT ( 'NONE',  ( 38.61164423279955571, -16.22597148731266259, 53.29355679643813204 ) ) ;
#1414 = VECTOR ( 'NONE', #2463, 1000.000000000000000 ) ;
#1415 = ORIENTED_EDGE ( 'NONE', *, *, #543, .T. ) ;
#1416 = LINE ( 'NONE', #2269, #1583 ) ;
#1417 = ORIENTED_EDGE ( 'NONE', *, *, #946, .T. ) ;
#1418 = CARTESIAN_POINT ( 'NONE',  ( 0.000000000000000000, 144.2732324524777141, 42.99355679643813488 ) ) ;
#1419 = EDGE_LOOP ( 'NONE', ( #2639, #735, #3012, #2311 ) ) ;
#1420 = VERTEX_POINT ( 'NONE', #817 ) ;
#1421 = DIRECTION ( 'NONE',  ( 1.000000000000000000, 0.000000000000000000, 0.000000000000000000 ) ) ;
#1422 = VERTEX_POINT ( 'NONE', #743 ) ;
#1423 = CARTESIAN_POINT ( 'NONE',  ( 15.94007135754574023, 127.9693921986121410, 12.90231815703767992 ) ) ;
#1424 = TOROIDAL_SURFACE ( 'NONE', #796, 2.788675134594813976, 0.5000000000000000000 ) ;
#1425 = VERTEX_POINT ( 'NONE', #1642 ) ;
#1426 = CARTESIAN_POINT ( 'NONE',  ( 8.940071357545729569, -16.22597148731266259, 51.08645001525155038 ) ) ;
#1427 = CARTESIAN_POINT ( 'NONE',  ( 36.24007135754573738, -40.12597148731278907, 24.69355679643778245 ) ) ;
#1428 = ADVANCED_FACE ( 'NONE', ( #2827 ), #3463, .F. ) ;
#1429 = CARTESIAN_POINT ( 'NONE',  ( 43.44007135754572602, 156.7740285126873516, 25.12198392118435564 ) ) ;
#1430 = FACE_OUTER_BOUND ( 'NONE', #3455, .T. ) ;
#1431 = CARTESIAN_POINT ( 'NONE',  ( 15.44007135754574200, 147.3559945239375679, 52.79355679643813914 ) ) ;
#1432 = ADVANCED_FACE ( 'NONE', ( #160 ), #2552, .F. ) ;
#1433 = ORIENTED_EDGE ( 'NONE', *, *, #573, .F. ) ;
#1434 = CARTESIAN_POINT ( 'NONE',  ( 13.00500272149796643, -15.72597148731263950, 55.29355679643808230 ) ) ;
#1435 = ORIENTED_EDGE ( 'NONE', *, *, #2762, .T. ) ;
#1436 = DIRECTION ( 'NONE',  ( 0.000000000000000000, -1.000000000000000000, 0.000000000000000000 ) ) ;
#1437 = ORIENTED_EDGE ( 'NONE', *, *, #2783, .T. ) ;
#1438 = ORIENTED_EDGE ( 'NONE', *, *, #2025, .F. ) ;
#1439 = DIRECTION ( 'NONE',  ( -0.7071067811865519026, 0.000000000000000000, 0.7071067811865432429 ) ) ;
#1440 = EDGE_LOOP ( 'NONE', ( #3145, #3518, #3512, #224, #816 ) ) ;
#1441 = LINE ( 'NONE', #3230, #3190 ) ;
#1442 = EDGE_LOOP ( 'NONE', ( #1359, #2063, #934 ) ) ;
#1443 = DIRECTION ( 'NONE',  ( 1.000000000000000000, 0.000000000000000000, 0.000000000000000000 ) ) ;
#1444 = CARTESIAN_POINT ( 'NONE',  ( 35.14007135754692968, -40.12597148731278907, 29.69355679643620149 ) ) ;
#1445 = PLANE ( 'NONE',  #3766 ) ;
#1446 = CARTESIAN_POINT ( 'NONE',  ( 5.792879265800095823, -30.67597148731283596, 28.19355679643765455 ) ) ;
#1447 = EDGE_CURVE ( 'NONE', #3435, #1061, #774, .T. ) ;
#1448 = EDGE_LOOP ( 'NONE', ( #1537, #3089, #3736, #1999 ) ) ;
#1449 = FACE_OUTER_BOUND ( 'NONE', #1104, .T. ) ;
#1450 = ORIENTED_EDGE ( 'NONE', *, *, #518, .F. ) ;
#1451 = DIRECTION ( 'NONE',  ( -0.8660254037844380415, 0.000000000000000000, 0.5000000000000009992 ) ) ;
#1452 = DIRECTION ( 'NONE',  ( 0.000000000000000000, 0.000000000000000000, 1.000000000000000000 ) ) ;
#1453 = EDGE_CURVE ( 'NONE', #845, #1352, #1406, .T. ) ;
#1454 = ORIENTED_EDGE ( 'NONE', *, *, #279, .F. ) ;
#1455 = CARTESIAN_POINT ( 'NONE',  ( 9.025857795172630205, -15.72597148731266792, 51.87934323406501136 ) ) ;
#1456 = ORIENTED_EDGE ( 'NONE', *, *, #2970, .F. ) ;
#1457 = CARTESIAN_POINT ( 'NONE',  ( 15.64007135754572708, -40.12597148731278907, 20.79355679643813914 ) ) ;
#1458 = AXIS2_PLACEMENT_3D ( 'NONE', #1334, #399, #358 ) ;
#1459 = ORIENTED_EDGE ( 'NONE', *, *, #1570, .F. ) ;
#1460 = FACE_OUTER_BOUND ( 'NONE', #857, .T. ) ;
#1461 = DIRECTION ( 'NONE',  ( 0.000000000000000000, 1.000000000000000000, -1.224646799147353207E-16 ) ) ;
#1462 = PLANE ( 'NONE',  #1488 ) ;
#1463 = CARTESIAN_POINT ( 'NONE',  ( 18.98697095738264906, 143.9663565659595292, 43.77821290298238921 ) ) ;
#1464 = CARTESIAN_POINT ( 'NONE',  ( 18.01154151019290595, 144.6134662006014935, 43.90851786287443304 ) ) ;
#1465 = VECTOR ( 'NONE', #3442, 1000.000000000000000 ) ;
#1466 = AXIS2_PLACEMENT_3D ( 'NONE', #589, #2365, #2696 ) ;
#1467 = ORIENTED_EDGE ( 'NONE', *, *, #1966, .F. ) ;
#1468 = FACE_OUTER_BOUND ( 'NONE', #517, .T. ) ;
#1469 = ADVANCED_FACE ( 'NONE', ( #2943 ), #2984, .T. ) ;
#1470 = DIRECTION ( 'NONE',  ( 3.469446951953611033E-15, -1.000000000000000000, 0.000000000000000000 ) ) ;
#1471 = DIRECTION ( 'NONE',  ( -0.1760901812651241849, 0.4402254531628140843, 0.8804509063256228396 ) ) ;
#1472 = CIRCLE ( 'NONE', #1610, 2.788675134594811755 ) ;
#1473 = EDGE_LOOP ( 'NONE', ( #1952, #3786, #1065, #3307, #1551 ) ) ;
#1474 = ADVANCED_FACE ( 'NONE', ( #1735 ), #3560, .F. ) ;
#1475 = LINE ( 'NONE', #1184, #2225 ) ;
#1476 = EDGE_LOOP ( 'NONE', ( #639, #70, #1497, #2916, #1372, #1102, #116, #1381, #1804, #1743, #2583, #1435 ) ) ;
#1477 = EDGE_CURVE ( 'NONE', #460, #3302, #2927, .T. ) ;
#1478 = LINE ( 'NONE', #2668, #1613 ) ;
#1479 = VECTOR ( 'NONE', #955, 1000.000000000000000 ) ;
#1480 = EDGE_CURVE ( 'NONE', #2309, #3071, #3539, .T. ) ;
#1481 = CARTESIAN_POINT ( 'NONE',  ( 36.74007135754573738, -39.62597148731278196, 0.000000000000000000 ) ) ;
#1482 = ORIENTED_EDGE ( 'NONE', *, *, #1789, .T. ) ;
#1483 =( BOUNDED_CURVE ( )  B_SPLINE_CURVE ( 3, ( #3174, #135, #1678, #2258 ),
 .UNSPECIFIED., .F., .T. ) 
 B_SPLINE_CURVE_WITH_KNOTS ( ( 4, 4 ),
 ( 4.712388980384687898, 6.283185307179586232 ),
 .UNSPECIFIED. ) 
 CURVE ( )  GEOMETRIC_REPRESENTATION_ITEM ( )  RATIONAL_B_SPLINE_CURVE ( ( 1.000000000000000000, 0.8047378541243646044, 0.8047378541243646044, 1.000000000000000000 ) ) 
 REPRESENTATION_ITEM ( '' )  );
#1484 = DIRECTION ( 'NONE',  ( 0.5656854249490994579, 0.7071067811865401342, -0.4242640687121254084 ) ) ;
#1485 = AXIS2_PLACEMENT_3D ( 'NONE', #3537, #1812, #3288 ) ;
#1486 = FACE_OUTER_BOUND ( 'NONE', #3092, .T. ) ;
#1487 = CARTESIAN_POINT ( 'NONE',  ( 18.30645807933699487, 144.4693434939232191, 43.52093305008698110 ) ) ;
#1488 = AXIS2_PLACEMENT_3D ( 'NONE', #2615, #1175, #3236 ) ;
#1489 = EDGE_LOOP ( 'NONE', ( #871, #805 ) ) ;
#1490 = LINE ( 'NONE', #2116, #1397 ) ;
#1491 = CARTESIAN_POINT ( 'NONE',  ( 33.74161291471261137, 144.5414289219809234, 43.71478358473731163 ) ) ;
#1492 = EDGE_LOOP ( 'NONE', ( #3746, #1279, #1091, #619 ) ) ;
#1493 = PLANE ( 'NONE',  #2466 ) ;
#1494 = ORIENTED_EDGE ( 'NONE', *, *, #3464, .F. ) ;
#1495 = DIRECTION ( 'NONE',  ( 0.000000000000000000, 0.4472135954999601481, 0.8944271909999147452 ) ) ;
#1496 = ADVANCED_FACE ( 'NONE', ( #1460 ), #3290, .F. ) ;
#1497 = ORIENTED_EDGE ( 'NONE', *, *, #2332, .T. ) ;
#1498 = LINE ( 'NONE', #3577, #58 ) ;
#1499 = AXIS2_PLACEMENT_3D ( 'NONE', #148, #2839, #2235 ) ;
#1500 = EDGE_LOOP ( 'NONE', ( #3729, #1342, #72, #557 ) ) ;
#1501 = DIRECTION ( 'NONE',  ( 0.000000000000000000, 0.000000000000000000, -1.000000000000000000 ) ) ;
#1502 = EDGE_CURVE ( 'NONE', #2652, #2751, #545, .T. ) ;
#1503 = FACE_OUTER_BOUND ( 'NONE', #2326, .T. ) ;
#1504 = CARTESIAN_POINT ( 'NONE',  ( 38.40453745161302379, 153.7740285126873516, 52.79355679643811783 ) ) ;
#1505 = DIRECTION ( 'NONE',  ( -0.000000000000000000, 0.7071067811865426878, 0.7071067811865524577 ) ) ;
#1506 = CIRCLE ( 'NONE', #3675, 1.951517244269854068 ) ;
#1507 = ORIENTED_EDGE ( 'NONE', *, *, #3471, .T. ) ;
#1508 = PLANE ( 'NONE',  #2083 ) ;
#1509 = CARTESIAN_POINT ( 'NONE',  ( 41.44007135754572602, 156.7740285126873516, 25.12198392118435564 ) ) ;
#1510 = CARTESIAN_POINT ( 'NONE',  ( 38.94007135754572602, 153.7740285126873516, 49.42959576575921687 ) ) ;
#1511 = TOROIDAL_SURFACE ( 'NONE', #2633, 1.518504542377637767, 0.5000000000000000000 ) ;
#1512 = EDGE_LOOP ( 'NONE', ( #1667, #3112, #3210, #2806 ) ) ;
#1513 = CARTESIAN_POINT ( 'NONE',  ( 0.000000000000000000, -39.62597148731278196, 20.29355679643813914 ) ) ;
#1514 = ORIENTED_EDGE ( 'NONE', *, *, #3169, .F. ) ;
#1515 = FACE_OUTER_BOUND ( 'NONE', #3472, .T. ) ;
#1516 = AXIS2_PLACEMENT_3D ( 'NONE', #991, #2220, #3401 ) ;
#1517 = CARTESIAN_POINT ( 'NONE',  ( 19.57967916298285260, 143.5740285126873630, 42.99355679643813488 ) ) ;
#1518 = ORIENTED_EDGE ( 'NONE', *, *, #2497, .F. ) ;
#1519 = MECHANICAL_DESIGN_GEOMETRIC_PRESENTATION_REPRESENTATION (  '', ( #522 ), #29 ) ;
#1520 = CARTESIAN_POINT ( 'NONE',  ( 35.94007135754574023, 148.0268149171874654, 53.01716359418814051 ) ) ;
#1521 = ADVANCED_FACE ( 'NONE', ( #2087 ), #671, .F. ) ;
#1522 = ADVANCED_FACE ( 'NONE', ( #914 ), #1793, .T. ) ;
#1523 = VECTOR ( 'NONE', #3088, 1000.000000000000000 ) ;
#1524 = CARTESIAN_POINT ( 'NONE',  ( 35.44007135754574023, 150.0330455070623259, 55.29355679643813204 ) ) ;
#1525 = EDGE_CURVE ( 'NONE', #3314, #2178, #585, .T. ) ;
#1526 = CIRCLE ( 'NONE', #392, 2.000000000000001776 ) ;
#1527 = AXIS2_PLACEMENT_3D ( 'NONE', #3146, #3168, #204 ) ;
#1528 = CARTESIAN_POINT ( 'NONE',  ( 38.61164423279954150, 156.7740285126873516, 55.29355679643813914 ) ) ;
#1529 = EDGE_CURVE ( 'NONE', #1320, #851, #1173, .T. ) ;
#1530 = CARTESIAN_POINT ( 'NONE',  ( 18.45785203054759549, 144.4190443792750784, 43.38567536100366340 ) ) ;
#1531 = ORIENTED_EDGE ( 'NONE', *, *, #1525, .F. ) ;
#1532 = DIRECTION ( 'NONE',  ( -1.000000000000000000, 0.000000000000000000, 0.000000000000000000 ) ) ;
#1533 = CARTESIAN_POINT ( 'NONE',  ( 38.61164423279954860, 158.7740285126873516, 53.29355679643813914 ) ) ;
#1534 = CARTESIAN_POINT ( 'NONE',  ( 32.71103274772695357, 144.2863230086971384, 43.02876517238036058 ) ) ;
#1535 = ORIENTED_EDGE ( 'NONE', *, *, #2692, .T. ) ;
#1536 = LINE ( 'NONE', #2391, #1101 ) ;
#1537 = ORIENTED_EDGE ( 'NONE', *, *, #3351, .F. ) ;
#1538 = FACE_OUTER_BOUND ( 'NONE', #288, .T. ) ;
#1539 = EDGE_CURVE ( 'NONE', #1361, #1246, #4, .T. ) ;
#1540 = VERTEX_POINT ( 'NONE', #2632 ) ;
#1541 = AXIS2_PLACEMENT_3D ( 'NONE', #1066, #3809, #3437 ) ;
#1542 = DIRECTION ( 'NONE',  ( 0.5773502691896285066, -0.5773502691896202910, 0.5773502691896285066 ) ) ;
#1543 = ORIENTED_EDGE ( 'NONE', *, *, #2444, .T. ) ;
#1544 = CARTESIAN_POINT ( 'NONE',  ( 13.47560526347849752, -15.72597148731266792, 52.79355679643813914 ) ) ;
#1545 = AXIS2_PLACEMENT_3D ( 'NONE', #3774, #3717, #1074 ) ;
#1546 = LINE ( 'NONE', #2734, #958 ) ;
#1547 = DIRECTION ( 'NONE',  ( 0.000000000000000000, 0.000000000000000000, -1.000000000000000000 ) ) ;
#1548 = DIRECTION ( 'NONE',  ( 0.000000000000000000, 0.000000000000000000, 1.000000000000000000 ) ) ;
#1549 = ADVANCED_FACE ( 'NONE', ( #3522 ), #1171, .F. ) ;
#1550 = VECTOR ( 'NONE', #844, 1000.000000000000114 ) ;
#1551 = ORIENTED_EDGE ( 'NONE', *, *, #690, .F. ) ;
#1552 = CARTESIAN_POINT ( 'NONE',  ( 43.44007135754572602, 153.7740285126873516, 25.12198392118435564 ) ) ;
#1553 = DIRECTION ( 'NONE',  ( -0.5773502691896297279, -0.5773502691896197359, -0.5773502691896279515 ) ) ;
#1554 = DIRECTION ( 'NONE',  ( 1.000000000000000000, 0.000000000000000000, 0.000000000000000000 ) ) ;
#1555 = EDGE_CURVE ( 'NONE', #3362, #3732, #3218, .T. ) ;
#1556 = EDGE_LOOP ( 'NONE', ( #3728, #2994, #3129, #1450 ) ) ;
#1557 = CARTESIAN_POINT ( 'NONE',  ( 10.69007135754572957, -11.42597148731265477, 35.43789436373554480 ) ) ;
#1558 = ORIENTED_EDGE ( 'NONE', *, *, #826, .T. ) ;
#1559 = LINE ( 'NONE', #2748, #1113 ) ;
#1560 = PLANE ( 'NONE',  #2476 ) ;
#1561 = ORIENTED_EDGE ( 'NONE', *, *, #2049, .T. ) ;
#1562 = DIRECTION ( 'NONE',  ( -0.7071067811865444641, 0.000000000000000000, -0.7071067811865505703 ) ) ;
#1563 = CARTESIAN_POINT ( 'NONE',  ( 15.44007135754573845, 153.7740285126873516, 52.79355679643813914 ) ) ;
#1564 = LINE ( 'NONE', #390, #3085 ) ;
#1565 = LINE ( 'NONE', #1584, #3159 ) ;
#1566 = ORIENTED_EDGE ( 'NONE', *, *, #1921, .F. ) ;
#1567 = CARTESIAN_POINT ( 'NONE',  ( 33.27670945578213235, 144.3789257241654411, 43.27778832902691164 ) ) ;
#1568 = CARTESIAN_POINT ( 'NONE',  ( 41.44007135754572602, 158.7740285126873516, 25.12198392118435919 ) ) ;
#1569 = CARTESIAN_POINT ( 'NONE',  ( 42.94007135754573312, -16.22597148731266259, 51.08645001525160723 ) ) ;
#1570 = EDGE_CURVE ( 'NONE', #88, #2433, #3251, .T. ) ;
#1571 = VECTOR ( 'NONE', #1933, 1000.000000000000000 ) ;
#1572 = ORIENTED_EDGE ( 'NONE', *, *, #1044, .T. ) ;
#1573 = DIRECTION ( 'NONE',  ( 0.000000000000000000, -1.000000000000000000, 0.000000000000000000 ) ) ;
#1574 = ORIENTED_EDGE ( 'NONE', *, *, #3777, .F. ) ;
#1575 = ADVANCED_FACE ( 'NONE', ( #2108 ), #858, .T. ) ;
#1576 = LINE ( 'NONE', #2781, #3287 ) ;
#1577 = ORIENTED_EDGE ( 'NONE', *, *, #3540, .F. ) ;
#1578 = CARTESIAN_POINT ( 'NONE',  ( 13.26849848229187323, -15.72597148731266792, 55.29355679643808941 ) ) ;
#1579 = ORIENTED_EDGE ( 'NONE', *, *, #2171, .T. ) ;
#1580 = DIRECTION ( 'NONE',  ( -0.6785983445458488861, 0.6785983445458394492, 0.2810846377148343844 ) ) ;
#1581 = CARTESIAN_POINT ( 'NONE',  ( 32.30046355210863851, 143.8983963014180461, 43.64229237389945837 ) ) ;
#1582 = CARTESIAN_POINT ( 'NONE',  ( 38.19007135754572602, 179.6740285126872152, 26.46022346310301288 ) ) ;
#1583 = VECTOR ( 'NONE', #2917, 1000.000000000000000 ) ;
#1584 = CARTESIAN_POINT ( 'NONE',  ( 32.30046355210861719, 143.5740285126873630, 42.99355679643813488 ) ) ;
#1585 = VECTOR ( 'NONE', #3528, 1000.000000000000000 ) ;
#1586 = ORIENTED_EDGE ( 'NONE', *, *, #1529, .T. ) ;
#1587 = CARTESIAN_POINT ( 'NONE',  ( 13.26849848229191764, 156.7740285126873516, 22.29355679643813559 ) ) ;
#1588 = DIRECTION ( 'NONE',  ( -0.6666666666666919427, -0.7453559924999072495, 0.000000000000000000 ) ) ;
#1589 = DIRECTION ( 'NONE',  ( 0.000000000000000000, -1.000000000000000000, 0.000000000000000000 ) ) ;
#1590 = ADVANCED_FACE ( 'NONE', ( #1814 ), #2999, .F. ) ;
#1591 = CARTESIAN_POINT ( 'NONE',  ( 15.64007135754572708, -40.12597148731278907, 22.79355679643813914 ) ) ;
#1592 = EDGE_LOOP ( 'NONE', ( #2900, #2290, #243, #516 ) ) ;
#1593 = DIRECTION ( 'NONE',  ( 0.000000000000000000, 1.000000000000000000, 0.000000000000000000 ) ) ;
#1594 = VECTOR ( 'NONE', #1016, 999.9999999999998863 ) ;
#1595 = ORIENTED_EDGE ( 'NONE', *, *, #3755, .T. ) ;
#1596 = AXIS2_PLACEMENT_3D ( 'NONE', #3121, #2010, #3759 ) ;
#1597 = EDGE_CURVE ( 'NONE', #644, #2018, #419, .T. ) ;
#1598 = DIRECTION ( 'NONE',  ( 1.982541115402056630E-15, 0.000000000000000000, -1.000000000000000000 ) ) ;
#1599 = ORIENTED_EDGE ( 'NONE', *, *, #1453, .F. ) ;
#1600 = CARTESIAN_POINT ( 'NONE',  ( 39.13357275722874817, -15.77737696013583069, 55.24215132361496217 ) ) ;
#1601 = CARTESIAN_POINT ( 'NONE',  ( 43.04060455919009343, -15.72597148731267858, 23.89408999808254208 ) ) ;
#1602 = AXIS2_PLACEMENT_3D ( 'NONE', #2564, #3790, #1439 ) ;
#1603 = EDGE_CURVE ( 'NONE', #3071, #2521, #3348, .T. ) ;
#1604 = LINE ( 'NONE', #1256, #3269 ) ;
#1605 = LINE ( 'NONE', #1309, #2418 ) ;
#1606 = ORIENTED_EDGE ( 'NONE', *, *, #3027, .T. ) ;
#1607 = LINE ( 'NONE', #3336, #30 ) ;
#1608 = CARTESIAN_POINT ( 'NONE',  ( 41.44007135754573312, -11.42597148731265477, 35.00488166184333494 ) ) ;
#1609 = DIRECTION ( 'NONE',  ( 0.7071067811865467956, 0.000000000000000000, 0.7071067811865483499 ) ) ;
#1610 = AXIS2_PLACEMENT_3D ( 'NONE', #3457, #2021, #3228 ) ;
#1611 = VECTOR ( 'NONE', #1120, 1000.000000000000000 ) ;
#1612 = CARTESIAN_POINT ( 'NONE',  ( 9.990071357545730280, -11.42597148731265477, 35.84203955216828774 ) ) ;
#1613 = VECTOR ( 'NONE', #3556, 1000.000000000000114 ) ;
#1614 = ORIENTED_EDGE ( 'NONE', *, *, #859, .F. ) ;
#1615 = CARTESIAN_POINT ( 'NONE',  ( 15.94007135754574023, -16.22597148731266259, 54.79355679643811783 ) ) ;
#1616 = EDGE_LOOP ( 'NONE', ( #2410, #2610, #188, #2838 ) ) ;
#1617 = LINE ( 'NONE', #443, #869 ) ;
#1618 = DIRECTION ( 'NONE',  ( -0.5999999999995542233, 0.000000000000000000, 0.8000000000003343326 ) ) ;
#1619 = ORIENTED_EDGE ( 'NONE', *, *, #2635, .F. ) ;
#1620 = CARTESIAN_POINT ( 'NONE',  ( 10.94007135754572957, -15.72597148731266792, 25.32909070237088400 ) ) ;
#1621 = DIRECTION ( 'NONE',  ( 0.000000000000000000, -1.000000000000000000, 0.000000000000000000 ) ) ;
#1622 = EDGE_CURVE ( 'NONE', #714, #3597, #136, .T. ) ;
#1623 = EDGE_CURVE ( 'NONE', #1084, #769, #97, .T. ) ;
#1624 = FACE_OUTER_BOUND ( 'NONE', #42, .T. ) ;
#1625 = CYLINDRICAL_SURFACE ( 'NONE', #236, 2.000000000000000000 ) ;
#1626 = CARTESIAN_POINT ( 'NONE',  ( 40.94007135754574023, -15.72597148731267502, 25.32909070237091953 ) ) ;
#1627 = LINE ( 'NONE', #145, #2560 ) ;
#1628 = FACE_OUTER_BOUND ( 'NONE', #988, .T. ) ;
#1629 =( BOUNDED_CURVE ( )  B_SPLINE_CURVE ( 3, ( #3604, #2420, #3274, #610 ),
 .UNSPECIFIED., .F., .T. ) 
 B_SPLINE_CURVE_WITH_KNOTS ( ( 4, 4 ),
 ( -8.881784197001252323E-16, 0.3926990816987247501 ),
 .UNSPECIFIED. ) 
 CURVE ( )  GEOMETRIC_REPRESENTATION_ITEM ( )  RATIONAL_B_SPLINE_CURVE ( ( 1.000000000000000000, 0.9871901869354868797, 0.9871901869354868797, 1.000000000000000000 ) ) 
 REPRESENTATION_ITEM ( '' )  );
#1630 = VERTEX_POINT ( 'NONE', #3099 ) ;
#1631 = DIRECTION ( 'NONE',  ( 1.000000000000000000, -0.000000000000000000, -0.000000000000000000 ) ) ;
#1632 = VERTEX_POINT ( 'NONE', #723 ) ;
#1633 = VECTOR ( 'NONE', #943, 1000.000000000000000 ) ;
#1634 = ORIENTED_EDGE ( 'NONE', *, *, #3471, .F. ) ;
#1635 = LINE ( 'NONE', #3130, #3459 ) ;
#1636 = ORIENTED_EDGE ( 'NONE', *, *, #1349, .F. ) ;
#1637 = DIRECTION ( 'NONE',  ( 0.000000000000000000, -1.000000000000000000, 0.000000000000000000 ) ) ;
#1638 = CARTESIAN_POINT ( 'NONE',  ( 33.95959568343161550, 144.6822074856685276, 44.09337755967577266 ) ) ;
#1639 = VECTOR ( 'NONE', #483, 1000.000000000000000 ) ;
#1640 = EDGE_CURVE ( 'NONE', #2433, #3555, #995, .T. ) ;
#1641 = EDGE_CURVE ( 'NONE', #2253, #764, #2027, .T. ) ;
#1642 = CARTESIAN_POINT ( 'NONE',  ( 10.44007135754572957, -16.22597148731266259, 25.12198392118434498 ) ) ;
#1643 = EDGE_CURVE ( 'NONE', #2355, #182, #663, .T. ) ;
#1644 = EDGE_CURVE ( 'NONE', #455, #2101, #2491, .T. ) ;
#1645 = CARTESIAN_POINT ( 'NONE',  ( -21.42674271944615683, 153.7740285126873516, 21.42674271944600761 ) ) ;
#1646 = DIRECTION ( 'NONE',  ( 1.982541115402055841E-15, 0.000000000000000000, -1.000000000000000000 ) ) ;
#1647 = PLANE ( 'NONE',  #75 ) ;
#1648 = AXIS2_PLACEMENT_3D ( 'NONE', #1311, #674, #1259 ) ;
#1649 = EDGE_CURVE ( 'NONE', #500, #1420, #2790, .T. ) ;
#1650 = ORIENTED_EDGE ( 'NONE', *, *, #2049, .F. ) ;
#1651 = LINE ( 'NONE', #3432, #2333 ) ;
#1652 = ORIENTED_EDGE ( 'NONE', *, *, #3400, .T. ) ;
#1653 = DIRECTION ( 'NONE',  ( 0.4999999999999976685, 0.7071067811865509034, 0.4999999999999976685 ) ) ;
#1654 = AXIS2_PLACEMENT_3D ( 'NONE', #2539, #1975, #1727 ) ;
#1655 = ORIENTED_EDGE ( 'NONE', *, *, #501, .F. ) ;
#1656 = DIRECTION ( 'NONE',  ( 0.000000000000000000, 0.000000000000000000, 1.000000000000000000 ) ) ;
#1657 = DIRECTION ( 'NONE',  ( 0.7071067811865475727, 0.000000000000000000, 0.7071067811865475727 ) ) ;
#1658 = ORIENTED_EDGE ( 'NONE', *, *, #3332, .F. ) ;
#1659 = DIRECTION ( 'NONE',  ( 0.000000000000000000, 0.000000000000000000, 1.000000000000000000 ) ) ;
#1660 = DIRECTION ( 'NONE',  ( 0.000000000000000000, -0.000000000000000000, -1.000000000000000000 ) ) ;
#1661 = SPHERICAL_SURFACE ( 'NONE', #915, 2.000000000000000000 ) ;
#1662 = CARTESIAN_POINT ( 'NONE',  ( 33.36362905379701260, 144.1591979296559316, 44.16389563037521526 ) ) ;
#1663 = CARTESIAN_POINT ( 'NONE',  ( 19.05688518904641526, 143.9503588514675130, 43.74621747399844907 ) ) ;
#1664 = LINE ( 'NONE', #1391, #1696 ) ;
#1665 = EDGE_CURVE ( 'NONE', #3510, #2334, #3038, .T. ) ;
#1666 = VECTOR ( 'NONE', #3366, 1000.000000000000000 ) ;
#1667 = ORIENTED_EDGE ( 'NONE', *, *, #3427, .T. ) ;
#1668 = CARTESIAN_POINT ( 'NONE',  ( 41.19007135754573312, -11.42597148731265477, 37.79355679643814625 ) ) ;
#1669 = VERTEX_POINT ( 'NONE', #3653 ) ;
#1670 = LINE ( 'NONE', #1418, #2022 ) ;
#1671 = EDGE_CURVE ( 'NONE', #222, #3626, #61, .T. ) ;
#1672 = VERTEX_POINT ( 'NONE', #1849 ) ;
#1673 = DIRECTION ( 'NONE',  ( 1.000000000000000000, 0.000000000000000000, 0.000000000000000000 ) ) ;
#1674 = ORIENTED_EDGE ( 'NONE', *, *, #1899, .T. ) ;
#1675 = FACE_OUTER_BOUND ( 'NONE', #3829, .T. ) ;
#1676 = EDGE_LOOP ( 'NONE', ( #562, #2524, #1917, #231, #981 ) ) ;
#1677 = CYLINDRICAL_SURFACE ( 'NONE', #2821, 1.999999999999998224 ) ;
#1678 = CARTESIAN_POINT ( 'NONE',  ( 43.44007135754574733, 157.9456013879411671, 51.29355679643814625 ) ) ;
#1679 = AXIS2_PLACEMENT_3D ( 'NONE', #1754, #917, #271 ) ;
#1680 = EDGE_LOOP ( 'NONE', ( #2201, #479, #3478, #2040 ) ) ;
#1681 = DIRECTION ( 'NONE',  ( 1.000000000000000000, 0.000000000000000000, 0.000000000000000000 ) ) ;
#1682 = CARTESIAN_POINT ( 'NONE',  ( -1.096217497657572502E-13, -15.72597148731266792, 55.29355679643806099 ) ) ;
#1683 = DIRECTION ( 'NONE',  ( 0.000000000000000000, -1.000000000000000000, 0.000000000000000000 ) ) ;
#1684 = CARTESIAN_POINT ( 'NONE',  ( 19.07071382934061887, 144.2994059467271484, 43.06394285096107666 ) ) ;
#1685 = CARTESIAN_POINT ( 'NONE',  ( 10.94007135754573135, -15.72597148731266437, 50.25802289050536587 ) ) ;
#1686 = VERTEX_POINT ( 'NONE', #1581 ) ;
#1687 = CARTESIAN_POINT ( 'NONE',  ( 35.94007135754574023, -15.72597148731266792, 0.000000000000000000 ) ) ;
#1688 = ORIENTED_EDGE ( 'NONE', *, *, #1, .F. ) ;
#1689 = ADVANCED_FACE ( 'NONE', ( #2769 ), #43, .F. ) ;
#1690 = PLANE ( 'NONE',  #2711 ) ;
#1691 = ORIENTED_EDGE ( 'NONE', *, *, #1170, .F. ) ;
#1692 = EDGE_CURVE ( 'NONE', #1352, #3164, #1306, .T. ) ;
#1693 = CARTESIAN_POINT ( 'NONE',  ( 41.44007135754573312, -11.42597148731265477, 37.79355679643814625 ) ) ;
#1694 = ORIENTED_EDGE ( 'NONE', *, *, #69, .T. ) ;
#1695 = DIRECTION ( 'NONE',  ( -0.000000000000000000, -1.000000000000000000, -0.000000000000000000 ) ) ;
#1696 = VECTOR ( 'NONE', #2598, 1000.000000000000000 ) ;
#1697 = VERTEX_POINT ( 'NONE', #3388 ) ;
#1698 = CARTESIAN_POINT ( 'NONE',  ( 35.14007135754692968, -40.12597148731278907, 29.69355679643619794 ) ) ;
#1699 = DIRECTION ( 'NONE',  ( -1.000000000000000000, 0.000000000000000000, 0.000000000000000000 ) ) ;
#1700 = CARTESIAN_POINT ( 'NONE',  ( 32.30046355210863851, 143.8983963014180176, 43.64229237389946547 ) ) ;
#1701 = CARTESIAN_POINT ( 'NONE',  ( 30.27924446143800807, 134.6899640825977826, 52.79355679643814625 ) ) ;
#1702 = DIRECTION ( 'NONE',  ( 1.000000000000000000, -0.000000000000000000, 3.469446951953610639E-15 ) ) ;
#1703 = VECTOR ( 'NONE', #957, 1000.000000000000114 ) ;
#1704 = ORIENTED_EDGE ( 'NONE', *, *, #3021, .F. ) ;
#1705 = DIRECTION ( 'NONE',  ( -0.3333333333334006499, -0.6666666666666548613, -0.6666666666666447583 ) ) ;
#1706 = COLOUR_RGB ( '',0.7921568627450980005, 0.8196078431372548767, 0.9333333333333333481 ) ;
#1707 = VERTEX_POINT ( 'NONE', #1907 ) ;
#1708 = DIRECTION ( 'NONE',  ( 0.000000000000000000, 0.000000000000000000, -1.000000000000000000 ) ) ;
#1709 = VECTOR ( 'NONE', #314, 1000.000000000000000 ) ;
#1710 = ORIENTED_EDGE ( 'NONE', *, *, #1928, .T. ) ;
#1711 = VECTOR ( 'NONE', #1135, 1000.000000000000000 ) ;
#1712 = PLANE ( 'NONE',  #1289 ) ;
#1713 = VERTEX_POINT ( 'NONE', #364 ) ;
#1714 = DIRECTION ( 'NONE',  ( 0.000000000000000000, -0.4472135954999601481, -0.8944271909999147452 ) ) ;
#1715 = EDGE_CURVE ( 'NONE', #165, #495, #1231, .T. ) ;
#1716 = ORIENTED_EDGE ( 'NONE', *, *, #22, .T. ) ;
#1717 = CARTESIAN_POINT ( 'NONE',  ( 8.159043718180861049, 158.7740285126873516, -8.159043718180791771 ) ) ;
#1718 = EDGE_CURVE ( 'NONE', #3651, #165, #2986, .T. ) ;
#1719 = DIRECTION ( 'NONE',  ( -0.000000000000000000, 1.000000000000000000, 0.000000000000000000 ) ) ;
#1720 = CARTESIAN_POINT ( 'NONE',  ( 33.52136752944470999, 144.2905495054604046, 44.42659878198419676 ) ) ;
#1721 = CARTESIAN_POINT ( 'NONE',  ( 20.26007135753959432, -40.12597148731278907, 18.53355679643847864 ) ) ;
#1722 = DIRECTION ( 'NONE',  ( 3.469446951953611033E-15, 0.000000000000000000, -1.000000000000000000 ) ) ;
#1723 = VECTOR ( 'NONE', #3149, 1000.000000000000000 ) ;
#1724 = EDGE_LOOP ( 'NONE', ( #1248, #3669, #3784, #1716 ) ) ;
#1725 = FACE_OUTER_BOUND ( 'NONE', #504, .T. ) ;
#1726 = ORIENTED_EDGE ( 'NONE', *, *, #2542, .T. ) ;
#1727 = DIRECTION ( 'NONE',  ( 0.7071067811865470176, 0.000000000000000000, 0.7071067811865481278 ) ) ;
#1728 = VECTOR ( 'NONE', #2147, 1000.000000000000114 ) ;
#1729 = ORIENTED_EDGE ( 'NONE', *, *, #143, .F. ) ;
#1730 = ORIENTED_EDGE ( 'NONE', *, *, #3658, .T. ) ;
#1731 = DIRECTION ( 'NONE',  ( -0.000000000000000000, 1.000000000000000000, -0.000000000000000000 ) ) ;
#1732 = EDGE_LOOP ( 'NONE', ( #1873, #3793, #3344, #2756, #3568, #698, #1595, #2819, #1848, #3341 ) ) ;
#1733 = VECTOR ( 'NONE', #1542, 1000.000000000000114 ) ;
#1734 = ORIENTED_EDGE ( 'NONE', *, *, #3280, .T. ) ;
#1735 = FACE_OUTER_BOUND ( 'NONE', #1680, .T. ) ;
#1736 = ADVANCED_FACE ( 'NONE', ( #3308 ), #645, .F. ) ;
#1737 = CARTESIAN_POINT ( 'NONE',  ( 36.24007135754573738, -40.12597148731278907, 20.79355679643813914 ) ) ;
#1738 = EDGE_CURVE ( 'NONE', #1792, #222, #79, .T. ) ;
#1739 = DIRECTION ( 'NONE',  ( 0.7071067811865473507, 0.000000000000000000, -0.7071067811865477948 ) ) ;
#1740 = LINE ( 'NONE', #2915, #1915 ) ;
#1741 = ORIENTED_EDGE ( 'NONE', *, *, #1921, .T. ) ;
#1742 = LINE ( 'NONE', #2190, #398 ) ;
#1743 = ORIENTED_EDGE ( 'NONE', *, *, #876, .T. ) ;
#1744 = CARTESIAN_POINT ( 'NONE',  ( 40.94007135754573312, -11.42597148731265477, 35.29355679643813914 ) ) ;
#1745 = DIRECTION ( 'NONE',  ( 0.7071067811865425767, 0.7071067811865524577, 0.000000000000000000 ) ) ;
#1746 = ORIENTED_EDGE ( 'NONE', *, *, #3832, .T. ) ;
#1747 = CARTESIAN_POINT ( 'NONE',  ( 36.74007135754573738, 153.7740285126873516, 22.79355679643813559 ) ) ;
#1748 = ORIENTED_EDGE ( 'NONE', *, *, #1758, .T. ) ;
#1749 = LINE ( 'NONE', #1403, #450 ) ;
#1750 = VERTEX_POINT ( 'NONE', #2866 ) ;
#1751 = CARTESIAN_POINT ( 'NONE',  ( 32.30046355210861719, 143.5740285126873630, 44.79355679643813914 ) ) ;
#1752 = AXIS2_PLACEMENT_3D ( 'NONE', #396, #984, #3375 ) ;
#1753 = CARTESIAN_POINT ( 'NONE',  ( 10.24007135754573028, -11.42597148731265477, 39.31206133881578069 ) ) ;
#1754 = CARTESIAN_POINT ( 'NONE',  ( 4.706892348373882974E-15, 179.6740285126872152, 28.69355679643768298 ) ) ;
#1755 = FACE_OUTER_BOUND ( 'NONE', #1440, .T. ) ;
#1756 = CARTESIAN_POINT ( 'NONE',  ( 8.592312292523159201, -15.87821242229009755, 24.35661705645415154 ) ) ;
#1757 = ADVANCED_FACE ( 'NONE', ( #3461 ), #176, .T. ) ;
#1758 = EDGE_CURVE ( 'NONE', #1669, #3049, #1136, .T. ) ;
#1759 = VERTEX_POINT ( 'NONE', #1164 ) ;
#1760 = DIRECTION ( 'NONE',  ( 1.000000000000000000, 0.000000000000000000, 1.982541115402055841E-15 ) ) ;
#1761 = ORIENTED_EDGE ( 'NONE', *, *, #1764, .T. ) ;
#1762 = CARTESIAN_POINT ( 'NONE',  ( 10.94007135754572957, 153.7740285126873516, 0.000000000000000000 ) ) ;
#1763 = DIRECTION ( 'NONE',  ( 1.000000000000000000, 0.000000000000000000, 0.000000000000000000 ) ) ;
#1764 = EDGE_CURVE ( 'NONE', #3281, #2101, #2691, .T. ) ;
#1765 = ORIENTED_EDGE ( 'NONE', *, *, #2904, .F. ) ;
#1766 = VECTOR ( 'NONE', #1174, 1000.000000000000000 ) ;
#1767 = CARTESIAN_POINT ( 'NONE',  ( 11.85428491991877564, -15.72597148731266792, 54.70777035881117456 ) ) ;
#1768 = VERTEX_POINT ( 'NONE', #795 ) ;
#1769 = LINE ( 'NONE', #2958, #924 ) ;
#1770 = TOROIDAL_SURFACE ( 'NONE', #3261, 1.633974596215562736, 0.5000000000000000000 ) ;
#1771 = CARTESIAN_POINT ( 'NONE',  ( 35.44007135754574023, 150.0330455070623259, 55.29355679643813204 ) ) ;
#1772 = ORIENTED_EDGE ( 'NONE', *, *, #3329, .T. ) ;
#1773 = EDGE_CURVE ( 'NONE', #700, #3421, #3309, .T. ) ;
#1774 = DIRECTION ( 'NONE',  ( 0.000000000000000000, 0.000000000000000000, 1.000000000000000000 ) ) ;
#1775 = DIRECTION ( 'NONE',  ( 2.775557561562891351E-17, -0.7071067811865426878, 0.7071067811865523467 ) ) ;
#1776 = CARTESIAN_POINT ( 'NONE',  ( 18.39255806028485907, 144.2560153750499126, 44.35753052116319139 ) ) ;
#1777 = CARTESIAN_POINT ( 'NONE',  ( 11.64794263444104594, -13.81360358084805817, 18.38118888997350098 ) ) ;
#1778 = AXIS2_PLACEMENT_3D ( 'NONE', #959, #3059, #1307 ) ;
#1779 = AXIS2_PLACEMENT_3D ( 'NONE', #3525, #3237, #630 ) ;
#1780 = ORIENTED_EDGE ( 'NONE', *, *, #492, .T. ) ;
#1781 = DIRECTION ( 'NONE',  ( 0.7071067811865451302, 0.000000000000000000, 0.7071067811865500152 ) ) ;
#1782 = CARTESIAN_POINT ( 'NONE',  ( 15.64007135754572708, -39.62597148731278196, 20.29355679643813914 ) ) ;
#1783 = CARTESIAN_POINT ( 'NONE',  ( 33.59218055377677814, 144.4760309080170089, 43.53891752634090295 ) ) ;
#1784 = EDGE_CURVE ( 'NONE', #88, #702, #1384, .T. ) ;
#1785 = VECTOR ( 'NONE', #888, 1000.000000000000000 ) ;
#1786 = ORIENTED_EDGE ( 'NONE', *, *, #2687, .T. ) ;
#1787 = DIRECTION ( 'NONE',  ( -1.000000000000000000, -0.000000000000000000, -1.982541115402055841E-15 ) ) ;
#1788 = EDGE_LOOP ( 'NONE', ( #1734, #1979, #1298, #3263 ) ) ;
#1789 = EDGE_CURVE ( 'NONE', #317, #1632, #1344, .T. ) ;
#1790 = CARTESIAN_POINT ( 'NONE',  ( 8.440071357545729569, -15.72597148731266792, 25.12198392118432722 ) ) ;
#1791 = CARTESIAN_POINT ( 'NONE',  ( 15.14007135754572886, 153.7740285126873516, 24.52689012977093697 ) ) ;
#1792 = VERTEX_POINT ( 'NONE', #484 ) ;
#1793 = PLANE ( 'NONE',  #2848 ) ;
#1794 = CIRCLE ( 'NONE', #427, 2.355662432702597453 ) ;
#1795 = DIRECTION ( 'NONE',  ( -0.1760901812651242682, -0.4402254531628141399, -0.8804509063256227286 ) ) ;
#1796 = DIRECTION ( 'NONE',  ( 0.000000000000000000, 0.000000000000000000, 1.000000000000000000 ) ) ;
#1797 = CARTESIAN_POINT ( 'NONE',  ( 15.36507135754521514, 179.6740285126872152, 28.69355679643767942 ) ) ;
#1798 = CARTESIAN_POINT ( 'NONE',  ( 16.44007135754574378, 149.5858319115623942, 55.01716359418807656 ) ) ;
#1799 = VECTOR ( 'NONE', #1580, 1000.000000000000114 ) ;
#1800 = ORIENTED_EDGE ( 'NONE', *, *, #3632, .F. ) ;
#1801 = LINE ( 'NONE', #2369, #1085 ) ;
#1802 = CARTESIAN_POINT ( 'NONE',  ( 38.75809084220622935, -16.22597148731266259, 22.44000340584486253 ) ) ;
#1803 = FACE_OUTER_BOUND ( 'NONE', #1556, .T. ) ;
#1804 = ORIENTED_EDGE ( 'NONE', *, *, #1805, .T. ) ;
#1805 = EDGE_CURVE ( 'NONE', #1246, #1768, #3750, .T. ) ;
#1806 = EDGE_CURVE ( 'NONE', #344, #511, #1223, .T. ) ;
#1807 = CARTESIAN_POINT ( 'NONE',  ( 8.839538155901353278, -15.72597148731267147, 51.69302359479372910 ) ) ;
#1808 = ORIENTED_EDGE ( 'NONE', *, *, #2167, .T. ) ;
#1809 = CARTESIAN_POINT ( 'NONE',  ( 38.19007135754572602, 153.7740285126873516, 26.46022346310301288 ) ) ;
#1810 = EDGE_CURVE ( 'NONE', #584, #3732, #637, .T. ) ;
#1811 = EDGE_CURVE ( 'NONE', #2056, #962, #3133, .T. ) ;
#1812 = DIRECTION ( 'NONE',  ( -0.5773502691896231775, -0.5773502691896311712, -0.5773502691896230665 ) ) ;
#1813 = ORIENTED_EDGE ( 'NONE', *, *, #1029, .T. ) ;
#1814 = FACE_OUTER_BOUND ( 'NONE', #3610, .T. ) ;
#1815 = DIRECTION ( 'NONE',  ( -0.7071067811865474617, 0.000000000000000000, 0.7071067811865474617 ) ) ;
#1816 = DIRECTION ( 'NONE',  ( -0.000000000000000000, 1.000000000000000000, -0.000000000000000000 ) ) ;
#1817 = CARTESIAN_POINT ( 'NONE',  ( 17.93679880524279469, 144.6687695312872393, 44.05722877317118957 ) ) ;
#1818 = VECTOR ( 'NONE', #867, 1000.000000000000000 ) ;
#1819 = ORIENTED_EDGE ( 'NONE', *, *, #2450, .F. ) ;
#1820 = CARTESIAN_POINT ( 'NONE',  ( 9.025857795172633757, 156.7740285126873516, 23.70777035881123496 ) ) ;
#1821 = DIRECTION ( 'NONE',  ( 0.7071067811865473507, 0.000000000000000000, -0.7071067811865477948 ) ) ;
#1822 = EDGE_CURVE ( 'NONE', #1884, #2433, #1483, .T. ) ;
#1823 = CARTESIAN_POINT ( 'NONE',  ( 33.48017971176978591, 144.4369439874964769, 43.43380875492714210 ) ) ;
#1824 = ORIENTED_EDGE ( 'NONE', *, *, #501, .T. ) ;
#1825 = DIRECTION ( 'NONE',  ( 0.000000000000000000, -0.4472135954999601481, -0.8944271909999147452 ) ) ;
#1826 = ORIENTED_EDGE ( 'NONE', *, *, #573, .T. ) ;
#1827 = DIRECTION ( 'NONE',  ( 1.000000000000000000, 0.000000000000000000, 0.000000000000000000 ) ) ;
#1828 = CARTESIAN_POINT ( 'NONE',  ( 19.57967916298285260, 153.7740285126873516, 42.99355679643813488 ) ) ;
#1829 = ORIENTED_EDGE ( 'NONE', *, *, #375, .T. ) ;
#1830 = CARTESIAN_POINT ( 'NONE',  ( 43.28783042256829106, -15.87821242229010110, 24.35661705645418706 ) ) ;
#1831 = ADVANCED_FACE ( 'NONE', ( #3440 ), #2808, .F. ) ;
#1832 = AXIS2_PLACEMENT_3D ( 'NONE', #2177, #71, #987 ) ;
#1833 = CARTESIAN_POINT ( 'NONE',  ( 36.74007135754573738, -15.72597148731266792, 22.79355679643813559 ) ) ;
#1834 = VECTOR ( 'NONE', #1699, 1000.000000000000000 ) ;
#1835 = VECTOR ( 'NONE', #1144, 1000.000000000000000 ) ;
#1836 = EDGE_CURVE ( 'NONE', #2443, #905, #3355, .T. ) ;
#1837 = CARTESIAN_POINT ( 'NONE',  ( 13.26849848229194961, -16.22597148731266259, 53.29355679643813914 ) ) ;
#1838 = LINE ( 'NONE', #2718, #2045 ) ;
#1839 = ORIENTED_EDGE ( 'NONE', *, *, #1836, .T. ) ;
#1840 = CARTESIAN_POINT ( 'NONE',  ( 32.80942888575084737, 144.2994059467271200, 43.06394285096106955 ) ) ;
#1841 = DIRECTION ( 'NONE',  ( -0.7071067811865409114, 0.7071067811865541231, -9.740544695153965386E-16 ) ) ;
#1842 = DIRECTION ( 'NONE',  ( 0.000000000000000000, 1.000000000000000000, 0.000000000000000000 ) ) ;
#1843 = ORIENTED_EDGE ( 'NONE', *, *, #2978, .T. ) ;
#1844 = DIRECTION ( 'NONE',  ( 0.9805806756909202226, 0.000000000000000000, 0.1961161351381836837 ) ) ;
#1845 = ORIENTED_EDGE ( 'NONE', *, *, #1350, .F. ) ;
#1846 = CARTESIAN_POINT ( 'NONE',  ( 35.44007135754574023, 149.5858319115624226, 55.01716359418811209 ) ) ;
#1847 = CARTESIAN_POINT ( 'NONE',  ( 33.76393608318429074, 144.5614143152896816, 44.62580767390954861 ) ) ;
#1848 = ORIENTED_EDGE ( 'NONE', *, *, #3233, .T. ) ;
#1849 = CARTESIAN_POINT ( 'NONE',  ( 40.94007135754573312, -11.42597148731265477, 35.00488166184333494 ) ) ;
#1850 = AXIS2_PLACEMENT_3D ( 'NONE', #178, #213, #1036 ) ;
#1851 = DIRECTION ( 'NONE',  ( -0.7071067811865467956, 0.000000000000000000, -0.7071067811865483499 ) ) ;
#1852 = ADVANCED_FACE ( 'NONE', ( #654 ), #3008, .F. ) ;
#1853 = DIRECTION ( 'NONE',  ( 0.000000000000000000, 0.000000000000000000, 1.000000000000000000 ) ) ;
#1854 = CARTESIAN_POINT ( 'NONE',  ( 16.44007135754573667, 97.66180009157429254, -48.83090004578744470 ) ) ;
#1855 = EDGE_CURVE ( 'NONE', #511, #1686, #2425, .T. ) ;
#1856 = ORIENTED_EDGE ( 'NONE', *, *, #945, .T. ) ;
#1857 = FACE_OUTER_BOUND ( 'NONE', #1033, .T. ) ;
#1858 = CARTESIAN_POINT ( 'NONE',  ( -8.808727939755723213, 120.2450127231818300, 52.79355679643813914 ) ) ;
#1859 = CARTESIAN_POINT ( 'NONE',  ( 35.94007135754574023, 153.7740285126873516, 53.29355679643813204 ) ) ;
#1860 = ORIENTED_EDGE ( 'NONE', *, *, #389, .F. ) ;
#1861 = ORIENTED_EDGE ( 'NONE', *, *, #3702, .T. ) ;
#1862 = PLANE ( 'NONE',  #1458 ) ;
#1863 = ORIENTED_EDGE ( 'NONE', *, *, #3799, .T. ) ;
#1864 = CARTESIAN_POINT ( 'NONE',  ( 10.94007135754572957, -11.42597148731265477, 35.00488166184333494 ) ) ;
#1865 = APPLICATION_CONTEXT ( 'automotive_design' ) ;
#1866 = DIRECTION ( 'NONE',  ( 0.000000000000000000, 0.000000000000000000, 1.000000000000000000 ) ) ;
#1867 = CARTESIAN_POINT ( 'NONE',  ( 12.74656995786271096, -15.77737696013583424, 20.34496226926130191 ) ) ;
#1868 = ORIENTED_EDGE ( 'NONE', *, *, #1641, .T. ) ;
#1869 = DIRECTION ( 'NONE',  ( -2.569960705150825891E-16, 0.000000000000000000, -1.000000000000000000 ) ) ;
#1870 = DIRECTION ( 'NONE',  ( -1.000000000000000000, 0.000000000000000000, 0.000000000000000000 ) ) ;
#1871 = DIRECTION ( 'NONE',  ( -0.7999999999997977618, 0.000000000000000000, 0.6000000000002697620 ) ) ;
#1872 = CARTESIAN_POINT ( 'NONE',  ( 36.44007135754574023, 148.9150115183124683, 55.29355679643813204 ) ) ;
#1873 = ORIENTED_EDGE ( 'NONE', *, *, #2852, .T. ) ;
#1874 = LINE ( 'NONE', #1275, #3817 ) ;
#1875 = CARTESIAN_POINT ( 'NONE',  ( 15.64007135754572708, -39.62597148731278196, 20.29355679643813914 ) ) ;
#1876 = CARTESIAN_POINT ( 'NONE',  ( 18.79502945056431429, 131.8518122541727280, 52.79355679643929022 ) ) ;
#1877 = VECTOR ( 'NONE', #3531, 1000.000000000000000 ) ;
#1878 = EDGE_CURVE ( 'NONE', #769, #1320, #3243, .T. ) ;
#1879 = DIRECTION ( 'NONE',  ( 0.000000000000000000, 1.000000000000000000, 0.000000000000000000 ) ) ;
#1880 = ORIENTED_EDGE ( 'NONE', *, *, #189, .T. ) ;
#1881 = CARTESIAN_POINT ( 'NONE',  ( 16.22417970215841621, -24.86161717436529983, 46.15791110938533137 ) ) ;
#1882 = EDGE_CURVE ( 'NONE', #2172, #793, #925, .T. ) ;
#1883 = VERTEX_POINT ( 'NONE', #53 ) ;
#1884 = VERTEX_POINT ( 'NONE', #2952 ) ;
#1885 = CARTESIAN_POINT ( 'NONE',  ( 43.28783042256829106, -15.87821242229010110, 24.35661705645418706 ) ) ;
#1886 = VERTEX_POINT ( 'NONE', #1242 ) ;
#1887 = DIRECTION ( 'NONE',  ( 0.000000000000000000, -1.000000000000000000, -4.130293990421197173E-16 ) ) ;
#1888 = CARTESIAN_POINT ( 'NONE',  ( 9.025857795172633757, -15.72597148731266792, 23.70777035881123496 ) ) ;
#1889 = CARTESIAN_POINT ( 'NONE',  ( 36.44007135754574023, -16.22597148731266259, 54.79355679643813204 ) ) ;
#1890 = VECTOR ( 'NONE', #1916, 1000.000000000000000 ) ;
#1891 = CARTESIAN_POINT ( 'NONE',  ( 13.47560526347847265, -15.72597148731266792, 22.79355679643814270 ) ) ;
#1892 = VECTOR ( 'NONE', #3447, 1000.000000000000000 ) ;
#1893 = VERTEX_POINT ( 'NONE', #13 ) ;
#1894 = DIRECTION ( 'NONE',  ( 0.000000000000000000, 0.000000000000000000, 1.000000000000000000 ) ) ;
#1895 = DIRECTION ( 'NONE',  ( 0.000000000000000000, 0.000000000000000000, 1.000000000000000000 ) ) ;
#1896 = DIRECTION ( 'NONE',  ( -0.000000000000000000, 1.000000000000000000, 0.000000000000000000 ) ) ;
#1897 = CARTESIAN_POINT ( 'NONE',  ( 41.44007135754573312, -16.22597148731266259, 50.46512967169195463 ) ) ;
#1898 = EDGE_LOOP ( 'NONE', ( #150, #2464, #2671, #2115 ) ) ;
#1899 = EDGE_CURVE ( 'NONE', #2438, #76, #2098, .T. ) ;
#1900 = FACE_OUTER_BOUND ( 'NONE', #1107, .T. ) ;
#1901 = ORIENTED_EDGE ( 'NONE', *, *, #2343, .T. ) ;
#1902 = ADVANCED_FACE ( 'NONE', ( #1803 ), #336, .F. ) ;
#1903 = DIRECTION ( 'NONE',  ( 1.000000000000000000, 0.000000000000000000, 0.000000000000000000 ) ) ;
#1904 = CARTESIAN_POINT ( 'NONE',  ( 0.000000000000000000, 153.7740285126873516, 22.79355679643813559 ) ) ;
#1905 = ORIENTED_EDGE ( 'NONE', *, *, #186, .T. ) ;
#1906 = DIRECTION ( 'NONE',  ( 0.000000000000000000, 0.000000000000000000, -1.000000000000000000 ) ) ;
#1907 = CARTESIAN_POINT ( 'NONE',  ( 17.81463394673919254, 153.7740285126873516, 44.44054775318941353 ) ) ;
#1908 = AXIS2_PLACEMENT_3D ( 'NONE', #1693, #3517, #768 ) ;
#1909 = CARTESIAN_POINT ( 'NONE',  ( 4.706892348373897962E-15, -31.17597148731285372, 28.69355679643768298 ) ) ;
#1910 = AXIS2_PLACEMENT_3D ( 'NONE', #325, #628, #2962 ) ;
#1911 = CARTESIAN_POINT ( 'NONE',  ( 60.68887065484700827, 120.2450127231800820, 52.79355679643812493 ) ) ;
#1912 = DIRECTION ( 'NONE',  ( 0.000000000000000000, 1.000000000000000000, -0.000000000000000000 ) ) ;
#1913 = SURFACE_STYLE_USAGE ( .BOTH. , #1313 ) ;
#1914 = DIRECTION ( 'NONE',  ( 0.000000000000000000, 0.000000000000000000, 1.000000000000000000 ) ) ;
#1915 = VECTOR ( 'NONE', #3507, 1000.000000000000000 ) ;
#1916 = DIRECTION ( 'NONE',  ( 0.6000000000002722045, 0.000000000000000000, 0.7999999999997957634 ) ) ;
#1917 = ORIENTED_EDGE ( 'NONE', *, *, #1502, .F. ) ;
#1918 = DIRECTION ( 'NONE',  ( -0.5773502691896285066, 0.5773502691896202910, -0.5773502691896285066 ) ) ;
#1919 = EDGE_CURVE ( 'NONE', #344, #3034, #3815, .T. ) ;
#1920 = ORIENTED_EDGE ( 'NONE', *, *, #1805, .F. ) ;
#1921 = EDGE_CURVE ( 'NONE', #1061, #1713, #3845, .T. ) ;
#1922 = CARTESIAN_POINT ( 'NONE',  ( 38.61164423279954150, -15.72597148731266792, 55.29355679643813914 ) ) ;
#1923 = CYLINDRICAL_SURFACE ( 'NONE', #2724, 2.000000000000001776 ) ;
#1924 = EDGE_LOOP ( 'NONE', ( #2875, #3125, #1765 ) ) ;
#1925 = LINE ( 'NONE', #2223, #1984 ) ;
#1926 = DIRECTION ( 'NONE',  ( -0.000000000000000000, 0.000000000000000000, 1.000000000000000000 ) ) ;
#1927 = EDGE_CURVE ( 'NONE', #1768, #2183, #3279, .T. ) ;
#1928 = EDGE_CURVE ( 'NONE', #267, #2178, #2371, .T. ) ;
#1929 = CARTESIAN_POINT ( 'NONE',  ( 39.44007135754572602, 156.7740285126873516, 20.29355679643813914 ) ) ;
#1930 = ADVANCED_FACE ( 'NONE', ( #3260 ), #596, .T. ) ;
#1931 = CARTESIAN_POINT ( 'NONE',  ( 33.61314974060028504, 144.4364689316031729, 44.71843763426966234 ) ) ;
#1932 = CARTESIAN_POINT ( 'NONE',  ( 38.61164423279953439, 153.7740285126873516, 22.29355679643813559 ) ) ;
#1933 = DIRECTION ( 'NONE',  ( 0.000000000000000000, 1.000000000000000000, 0.000000000000000000 ) ) ;
#1934 = ORIENTED_EDGE ( 'NONE', *, *, #186, .F. ) ;
#1935 = EDGE_CURVE ( 'NONE', #353, #3529, #2252, .T. ) ;
#1936 = DIRECTION ( 'NONE',  ( 1.000000000000000000, 0.000000000000000000, 0.000000000000000000 ) ) ;
#1937 = ORIENTED_EDGE ( 'NONE', *, *, #946, .F. ) ;
#1938 = DIRECTION ( 'NONE',  ( -0.000000000000000000, 0.000000000000000000, 1.000000000000000000 ) ) ;
#1939 = VERTEX_POINT ( 'NONE', #1569 ) ;
#1940 = VERTEX_POINT ( 'NONE', #2759 ) ;
#1941 = VERTEX_POINT ( 'NONE', #2834 ) ;
#1942 = CARTESIAN_POINT ( 'NONE',  ( 38.94007135754572602, 153.7740285126873516, 49.42959576575921687 ) ) ;
#1943 = CARTESIAN_POINT ( 'NONE',  ( 18.26699297449116344, 144.4364689316031445, 44.71843763426965523 ) ) ;
#1944 = CARTESIAN_POINT ( 'NONE',  ( 39.23296457635920120, -16.22597148731266259, 54.79355679643813914 ) ) ;
#1945 = ADVANCED_FACE ( 'NONE', ( #693 ), #2231, .F. ) ;
#1946 = VECTOR ( 'NONE', #3330, 1000.000000000000000 ) ;
#1947 = ADVANCED_FACE ( 'NONE', ( #1314 ), #2776, .T. ) ;
#1948 = CARTESIAN_POINT ( 'NONE',  ( 0.000000000000000000, 153.7740285126873516, 52.79355679643813914 ) ) ;
#1949 = CARTESIAN_POINT ( 'NONE',  ( 19.20115528283836426, 143.9245697956664287, 43.69463936239625212 ) ) ;
#1950 = LINE ( 'NONE', #2402, #3841 ) ;
#1951 = VECTOR ( 'NONE', #1705, 1000.000000000000114 ) ;
#1952 = ORIENTED_EDGE ( 'NONE', *, *, #1935, .F. ) ;
#1953 = DIRECTION ( 'NONE',  ( 0.000000000000000000, -1.000000000000000000, 0.000000000000000000 ) ) ;
#1954 = ORIENTED_EDGE ( 'NONE', *, *, #592, .F. ) ;
#1955 = DIRECTION ( 'NONE',  ( -1.000000000000000000, 0.000000000000000000, 0.000000000000000000 ) ) ;
#1956 = VERTEX_POINT ( 'NONE', #3357 ) ;
#1957 = CARTESIAN_POINT ( 'NONE',  ( 16.76229357976648870, -42.42041593175659386, 25.89911235199391015 ) ) ;
#1958 = VERTEX_POINT ( 'NONE', #3682 ) ;
#1959 = DIRECTION ( 'NONE',  ( 1.000000000000000000, 0.000000000000000000, 0.000000000000000000 ) ) ;
#1960 = CARTESIAN_POINT ( 'NONE',  ( 8.440071357545729569, 156.7740285126873516, 0.000000000000000000 ) ) ;
#1961 = VECTOR ( 'NONE', #3426, 1000.000000000000000 ) ;
#1962 = AXIS2_PLACEMENT_3D ( 'NONE', #2675, #2384, #3564 ) ;
#1963 = ORIENTED_EDGE ( 'NONE', *, *, #2213, .F. ) ;
#1964 = DIRECTION ( 'NONE',  ( 0.000000000000000000, -4.130293990421197666E-16, 1.000000000000000000 ) ) ;
#1965 = VECTOR ( 'NONE', #3363, 1000.000000000000000 ) ;
#1966 = EDGE_CURVE ( 'NONE', #2747, #3208, #454, .T. ) ;
#1967 = CARTESIAN_POINT ( 'NONE',  ( 13.26849848229187323, 156.7740285126873516, 55.29355679643808941 ) ) ;
#1968 = LINE ( 'NONE', #2229, #1892 ) ;
#1969 = FACE_OUTER_BOUND ( 'NONE', #788, .T. ) ;
#1970 = CARTESIAN_POINT ( 'NONE',  ( 9.990071357545730280, -11.42597148731265477, 37.79355679643814625 ) ) ;
#1971 = VECTOR ( 'NONE', #2345, 1000.000000000000000 ) ;
#1972 = VERTEX_POINT ( 'NONE', #2815 ) ;
#1973 = CARTESIAN_POINT ( 'NONE',  ( 8.440071357545729569, 153.7740285126873516, 0.000000000000000000 ) ) ;
#1974 = EDGE_LOOP ( 'NONE', ( #259, #2704, #205, #31 ) ) ;
#1975 = DIRECTION ( 'NONE',  ( -0.7071067811865481278, 0.000000000000000000, 0.7071067811865470176 ) ) ;
#1976 = VECTOR ( 'NONE', #350, 1000.000000000000000 ) ;
#1977 = ORIENTED_EDGE ( 'NONE', *, *, #569, .T. ) ;
#1978 = APPLICATION_PROTOCOL_DEFINITION ( 'draft international standard', 'automotive_design', 1998, #1865 ) ;
#1979 = ORIENTED_EDGE ( 'NONE', *, *, #3425, .T. ) ;
#1980 = DIRECTION ( 'NONE',  ( -1.000000000000000000, 0.000000000000000000, 1.640400450096255239E-16 ) ) ;
#1981 = ORIENTED_EDGE ( 'NONE', *, *, #157, .T. ) ;
#1982 = CARTESIAN_POINT ( 'NONE',  ( 38.87513999359344297, -15.72597148731266792, 20.29355679643813559 ) ) ;
#1983 = CARTESIAN_POINT ( 'NONE',  ( 19.27216460148216726, 143.9118466444196827, 43.66919305990284528 ) ) ;
#1984 = VECTOR ( 'NONE', #3056, 1000.000000000000000 ) ;
#1985 = ORIENTED_EDGE ( 'NONE', *, *, #3824, .T. ) ;
#1986 = DIRECTION ( 'NONE',  ( 0.000000000000000000, 0.000000000000000000, 1.000000000000000000 ) ) ;
#1987 = DIRECTION ( 'NONE',  ( 0.000000000000000000, 0.000000000000000000, -1.000000000000000000 ) ) ;
#1988 = EDGE_CURVE ( 'NONE', #2270, #2652, #126, .T. ) ;
#1989 = CARTESIAN_POINT ( 'NONE',  ( 0.000000000000000000, 148.4740285126873971, 52.79355679643813914 ) ) ;
#1990 = PLANE ( 'NONE',  #101 ) ;
#1991 = LINE ( 'NONE', #1079, #1550 ) ;
#1992 = VERTEX_POINT ( 'NONE', #85 ) ;
#1993 = CARTESIAN_POINT ( 'NONE',  ( 40.54060455919009343, -15.72597148731267502, 50.65748968886104109 ) ) ;
#1994 = ORIENTED_EDGE ( 'NONE', *, *, #2614, .T. ) ;
#1995 = CARTESIAN_POINT ( 'NONE',  ( 11.85428491991877387, 156.7740285126873516, 54.70777035881117456 ) ) ;
#1996 = EDGE_CURVE ( 'NONE', #3164, #2582, #1627, .T. ) ;
#1997 = ORIENTED_EDGE ( 'NONE', *, *, #91, .T. ) ;
#1998 =( NAMED_UNIT ( * ) PLANE_ANGLE_UNIT ( ) SI_UNIT ( $, .RADIAN. ) );
#1999 = ORIENTED_EDGE ( 'NONE', *, *, #141, .F. ) ;
#2000 = CARTESIAN_POINT ( 'NONE',  ( 17.81463394673919254, 143.5740285126873630, 44.44054775318941353 ) ) ;
#2001 = EDGE_LOOP ( 'NONE', ( #167, #1861, #2390, #2344, #3494, #1586, #2340, #2822, #386, #2988, #463, #2392 ) ) ;
#2002 = ADVANCED_FACE ( 'NONE', ( #2799 ), #2482, .F. ) ;
#2003 = CARTESIAN_POINT ( 'NONE',  ( 39.37701109752972428, -15.87821242229009755, 20.44579773141556700 ) ) ;
#2004 = VECTOR ( 'NONE', #2011, 999.9999999999998863 ) ;
#2005 = ORIENTED_EDGE ( 'NONE', *, *, #2538, .F. ) ;
#2006 = LINE ( 'NONE', #2244, #3588 ) ;
#2007 = DIRECTION ( 'NONE',  ( 1.401868266681925559E-15, 0.7071067811865524577, -0.7071067811865425767 ) ) ;
#2008 = VECTOR ( 'NONE', #860, 1000.000000000000000 ) ;
#2009 = DIRECTION ( 'NONE',  ( -0.7071067811865450192, 0.000000000000000000, -0.7071067811865500152 ) ) ;
#2010 = DIRECTION ( 'NONE',  ( -0.000000000000000000, -0.7071067811865524577, -0.7071067811865425767 ) ) ;
#2011 = DIRECTION ( 'NONE',  ( -0.1760901812651242127, 0.4402254531628141954, 0.8804509063256228396 ) ) ;
#2012 = ORIENTED_EDGE ( 'NONE', *, *, #3735, .T. ) ;
#2013 = CARTESIAN_POINT ( 'NONE',  ( 38.61164423279953439, -15.72597148731266792, 20.29355679643813914 ) ) ;
#2014 = ORIENTED_EDGE ( 'NONE', *, *, #2285, .F. ) ;
#2015 = CARTESIAN_POINT ( 'NONE',  ( 75.64102850042289106, 83.92751347523410743, 13.59259965356096700 ) ) ;
#2016 = VECTOR ( 'NONE', #1760, 1000.000000000000000 ) ;
#2017 = ORIENTED_EDGE ( 'NONE', *, *, #1243, .F. ) ;
#2018 = VERTEX_POINT ( 'NONE', #3084 ) ;
#2019 = ADVANCED_FACE ( 'NONE', ( #3664 ), #3722, .T. ) ;
#2020 = AXIS2_PLACEMENT_3D ( 'NONE', #1328, #1389, #3428 ) ;
#2021 = DIRECTION ( 'NONE',  ( 1.000000000000000000, -0.000000000000000000, -0.000000000000000000 ) ) ;
#2022 = VECTOR ( 'NONE', #1955, 1000.000000000000000 ) ;
#2023 = EDGE_LOOP ( 'NONE', ( #426, #1152, #2046, #3294, #2489 ) ) ;
#2024 = CARTESIAN_POINT ( 'NONE',  ( 35.94007135754574023, -15.72597148731266792, 52.79355679643813204 ) ) ;
#2025 = EDGE_CURVE ( 'NONE', #3763, #267, #1331, .T. ) ;
#2026 = ORIENTED_EDGE ( 'NONE', *, *, #3719, .F. ) ;
#2027 =( BOUNDED_CURVE ( )  B_SPLINE_CURVE ( 3, ( #704, #1253, #3328, #1888 ),
 .UNSPECIFIED., .F., .T. ) 
 B_SPLINE_CURVE_WITH_KNOTS ( ( 4, 4 ),
 ( 2.748893571891067200, 3.141592653589792672 ),
 .UNSPECIFIED. ) 
 CURVE ( )  GEOMETRIC_REPRESENTATION_ITEM ( )  RATIONAL_B_SPLINE_CURVE ( ( 1.000000000000000000, 0.9871901869354868797, 0.9871901869354868797, 1.000000000000000000 ) ) 
 REPRESENTATION_ITEM ( '' )  );
#2028 = CARTESIAN_POINT ( 'NONE',  ( 15.94007135754574023, -16.22597148731266259, 53.29355679643813914 ) ) ;
#2029 = DIRECTION ( 'NONE',  ( 1.000000000000000000, 0.000000000000000000, 1.982541115402055841E-15 ) ) ;
#2030 = DIRECTION ( 'NONE',  ( 0.000000000000000000, 1.000000000000000000, 0.000000000000000000 ) ) ;
#2031 = CARTESIAN_POINT ( 'NONE',  ( 18.26699297449120962, 144.4364689316031445, 44.71843763426966234 ) ) ;
#2032 = DIRECTION ( 'NONE',  ( 0.000000000000000000, -1.000000000000000000, -0.000000000000000000 ) ) ;
#2033 = VECTOR ( 'NONE', #190, 1000.000000000000000 ) ;
#2034 = ORIENTED_EDGE ( 'NONE', *, *, #1665, .T. ) ;
#2035 = LINE ( 'NONE', #614, #1585 ) ;
#2036 = ORIENTED_EDGE ( 'NONE', *, *, #878, .T. ) ;
#2037 = PLANE ( 'NONE',  #466 ) ;
#2038 = VECTOR ( 'NONE', #606, 1000.000000000000000 ) ;
#2039 = ORIENTED_EDGE ( 'NONE', *, *, #1029, .F. ) ;
#2040 = ORIENTED_EDGE ( 'NONE', *, *, #1480, .F. ) ;
#2041 = FACE_OUTER_BOUND ( 'NONE', #1252, .T. ) ;
#2042 = ORIENTED_EDGE ( 'NONE', *, *, #3134, .F. ) ;
#2043 = CARTESIAN_POINT ( 'NONE',  ( 36.44007135754574023, 153.7740285126873516, 55.29355679643813204 ) ) ;
#2044 = EDGE_CURVE ( 'NONE', #962, #2101, #3368, .T. ) ;
#2045 = VECTOR ( 'NONE', #3605, 1000.000000000000000 ) ;
#2046 = ORIENTED_EDGE ( 'NONE', *, *, #2978, .F. ) ;
#2047 = DIRECTION ( 'NONE',  ( -0.7071067811865505703, 0.000000000000000000, 0.7071067811865444641 ) ) ;
#2048 = ADVANCED_FACE ( 'NONE', ( #1004 ), #1647, .T. ) ;
#2049 = EDGE_CURVE ( 'NONE', #1940, #3704, #418, .T. ) ;
#2050 = CARTESIAN_POINT ( 'NONE',  ( 9.740071357545730280, -11.42597148731265477, 37.79355679643814625 ) ) ;
#2051 = CARTESIAN_POINT ( 'NONE',  ( 43.44007135754571891, 153.7740285126873516, 51.29355679643816046 ) ) ;
#2052 = ADVANCED_FACE ( 'NONE', ( #1348 ), #2518, .F. ) ;
#2053 = CARTESIAN_POINT ( 'NONE',  ( 18.47142825299783908, 144.1903387919955719, 44.22617735505455983 ) ) ;
#2054 = CARTESIAN_POINT ( 'NONE',  ( 15.94007135754574023, 148.9150115183124967, 54.79355679643811783 ) ) ;
#2055 = CLOSED_SHELL ( 'NONE', ( #2743, #2218, #472, #544, #1521, #3284, #449, #3163, #715, #2644, #169, #669, #999, #1689, #2571, #1590, #680, #1072, #1549, #899, #98, #2785, #3189, #3520, #1093, #1522, #3805, #3087, #776, #1327, #2864, #926, #1194, #2812, #1428, #757, #1213, #2052, #3042, #779, #2099, #252, #665, #2430, #3235, #2216, #3316, #1115, #2996, #1947, #2665, #1469, #831, #432, #1902, #1075, #1852, #3466, #1145, #2313, #3566, #2358, #2454, #2281, #1244, #3708, #1022, #2905, #2002, #93, #3418, #405, #2764, #40, #3586, #2403, #1831, #625, #1474, #1757, #2472, #468, #2289, #3536, #1432, #950, #1496, #2857, #2695, #726, #615, #1308, #1736, #2493, #121, #1575, #1945, #3025, #2908, #3321, #48, #1063, #2426, #2048, #256, #369, #425, #3262, #736, #1362, #2594, #1930, #3443, #2019, #667, #1237, #1385, #1133, #2650, #2330, #351, #855, #975, #977, #433, #560, #5, #834, #1407, #641, #164 ) ) ;
#2056 = VERTEX_POINT ( 'NONE', #3411 ) ;
#2057 = DIRECTION ( 'NONE',  ( -1.000000000000000000, -0.000000000000000000, -0.000000000000000000 ) ) ;
#2058 = EDGE_LOOP ( 'NONE', ( #3575, #2061, #2786, #3670, #1800 ) ) ;
#2059 = CARTESIAN_POINT ( 'NONE',  ( 41.94007135754573312, -11.42597148731265477, 37.79355679643814625 ) ) ;
#2060 = CARTESIAN_POINT ( 'NONE',  ( 19.57967916298286681, 143.8983963014180461, 43.64229237389948679 ) ) ;
#2061 = ORIENTED_EDGE ( 'NONE', *, *, #646, .F. ) ;
#2062 = DIRECTION ( 'NONE',  ( 0.000000000000000000, -0.7071067811865425767, -0.7071067811865524577 ) ) ;
#2063 = ORIENTED_EDGE ( 'NONE', *, *, #773, .T. ) ;
#2064 = DIRECTION ( 'NONE',  ( 0.000000000000000000, 0.000000000000000000, 1.000000000000000000 ) ) ;
#2065 = LINE ( 'NONE', #2997, #2603 ) ;
#2066 = ORIENTED_EDGE ( 'NONE', *, *, #3100, .T. ) ;
#2067 = CARTESIAN_POINT ( 'NONE',  ( 0.000000000000000000, 153.7740285126873516, 52.79355679643813914 ) ) ;
#2068 = AXIS2_PLACEMENT_3D ( 'NONE', #2851, #1702, #1722 ) ;
#2069 = B_SPLINE_SURFACE_WITH_KNOTS ( 'NONE', 1, 3, ( 
 ( #2155, #692, #652, #1293, #2813, #2210, #106, #2479, #3662, #3392, #1567, #2757, #83, #1840, #2458, #3642, #3779, #744 ),
 ( #1931, #801, #3120, #1720, #2832, #469, #1662, #3179, #2573, #161, #217, #529, #1346, #2245, #198, #2305, #3160, #1700 ) ),
 .UNSPECIFIED., .F., .F., .F.,
 ( 2, 2 ),
 ( 4, 2, 2, 2, 2, 2, 2, 2, 4 ),
 ( 0.000000000000000000, 1.000000000000000000 ),
 ( 1.768191886644783217, 1.939866982512909566, 2.111542078381035914, 2.283217174249162262, 2.454892270117288167, 2.626567365985414071, 2.798242461853540419, 2.969917557721666768, 3.141592653589793116 ),
 .UNSPECIFIED. ) ;
#2070 = EDGE_CURVE ( 'NONE', #1992, #2355, #746, .T. ) ;
#2071 = DIRECTION ( 'NONE',  ( -0.000000000000000000, -1.000000000000000000, -0.000000000000000000 ) ) ;
#2072 = CARTESIAN_POINT ( 'NONE',  ( 18.87842644052327046, 144.3258209079247365, 43.13497392853197709 ) ) ;
#2073 = EDGE_CURVE ( 'NONE', #863, #1160, #3738, .T. ) ;
#2074 = EDGE_LOOP ( 'NONE', ( #1694, #2248, #2601 ) ) ;
#2075 = DIRECTION ( 'NONE',  ( 0.5773502691896288397, 0.5773502691896196248, 0.5773502691896288397 ) ) ;
#2076 = DIRECTION ( 'NONE',  ( 0.000000000000000000, 0.000000000000000000, 1.000000000000000000 ) ) ;
#2077 = DIRECTION ( 'NONE',  ( -0.000000000000000000, 1.000000000000000000, -0.000000000000000000 ) ) ;
#2078 = EDGE_LOOP ( 'NONE', ( #2268, #2565, #1963, #986, #2685, #1599 ) ) ;
#2079 = VECTOR ( 'NONE', #1815, 1000.000000000000114 ) ;
#2080 = DIRECTION ( 'NONE',  ( 1.000000000000000000, -0.000000000000000000, -0.000000000000000000 ) ) ;
#2081 = VERTEX_POINT ( 'NONE', #238 ) ;
#2082 = CARTESIAN_POINT ( 'NONE',  ( 38.61164423279950597, -16.22597148731266259, 22.29355679643813559 ) ) ;
#2083 = AXIS2_PLACEMENT_3D ( 'NONE', #2660, #1180, #885 ) ;
#2084 = VECTOR ( 'NONE', #3698, 1000.000000000000000 ) ;
#2085 = DIRECTION ( 'NONE',  ( 0.000000000000000000, 0.000000000000000000, -1.000000000000000000 ) ) ;
#2086 = ORIENTED_EDGE ( 'NONE', *, *, #2228, .F. ) ;
#2087 = FACE_OUTER_BOUND ( 'NONE', #220, .T. ) ;
#2088 = CARTESIAN_POINT ( 'NONE',  ( 41.69007135754573312, -11.42597148731265477, 35.72656949833036322 ) ) ;
#2089 = LINE ( 'NONE', #1797, #906 ) ;
#2090 = CARTESIAN_POINT ( 'NONE',  ( 18.25241053446725203, 144.4903389024106559, 43.57739893287366328 ) ) ;
#2091 = VECTOR ( 'NONE', #434, 1000.000000000000000 ) ;
#2092 = EDGE_CURVE ( 'NONE', #3037, #532, #822, .T. ) ;
#2093 = EDGE_CURVE ( 'NONE', #793, #1112, #1664, .T. ) ;
#2094 = CIRCLE ( 'NONE', #412, 2.000000000000000000 ) ;
#2095 = VERTEX_POINT ( 'NONE', #1431 ) ;
#2096 = CARTESIAN_POINT ( 'NONE',  ( 16.54007135754569902, 179.6740285126872152, 28.69355679643767942 ) ) ;
#2097 = LINE ( 'NONE', #33, #1151 ) ;
#2098 = LINE ( 'NONE', #3609, #1633 ) ;
#2099 = ADVANCED_FACE ( 'NONE', ( #200 ), #181, .T. ) ;
#2100 = VECTOR ( 'NONE', #2881, 1000.000000000000000 ) ;
#2101 = VERTEX_POINT ( 'NONE', #1371 ) ;
#2102 = CARTESIAN_POINT ( 'NONE',  ( 35.44007135754574733, 97.66180009157429254, -48.83090004578744470 ) ) ;
#2103 = ORIENTED_EDGE ( 'NONE', *, *, #3545, .F. ) ;
#2104 = FACE_OUTER_BOUND ( 'NONE', #678, .T. ) ;
#2105 = B_SPLINE_SURFACE_WITH_KNOTS ( 'NONE', 1, 1, ( 
 ( #2306, #3200 ),
 ( #530, #2833 ) ),
 .UNSPECIFIED., .F., .F., .F.,
 ( 2, 2 ),
 ( 2, 2 ),
 ( 0.000000000000000000, 1.000000000000000000 ),
 ( 0.000000000000000000, 1.000000000000000000 ),
 .UNSPECIFIED. ) ;
#2106 = LINE ( 'NONE', #1481, #920 ) ;
#2107 = ORIENTED_EDGE ( 'NONE', *, *, #956, .F. ) ;
#2108 = FACE_OUTER_BOUND ( 'NONE', #2707, .T. ) ;
#2109 = VECTOR ( 'NONE', #81, 1000.000000000000000 ) ;
#2110 = DIRECTION ( 'NONE',  ( -1.000000000000000000, 0.000000000000000000, 1.734723475976805517E-15 ) ) ;
#2111 = AXIS2_PLACEMENT_3D ( 'NONE', #1356, #3360, #3415 ) ;
#2112 = CARTESIAN_POINT ( 'NONE',  ( 20.06597034308591887, -6.600072501772604738, 46.47795176184767740 ) ) ;
#2113 = PLANE ( 'NONE',  #1779 ) ;
#2114 = CARTESIAN_POINT ( 'NONE',  ( 17.83682122540815840, 144.7700523196222946, 44.32961135984456291 ) ) ;
#2115 = ORIENTED_EDGE ( 'NONE', *, *, #1018, .F. ) ;
#2116 = CARTESIAN_POINT ( 'NONE',  ( 4.706892348373882974E-15, 153.7740285126873516, 28.69355679643768298 ) ) ;
#2117 = LINE ( 'NONE', #1201, #3509 ) ;
#2118 = CARTESIAN_POINT ( 'NONE',  ( 33.88649855315231463, 144.6258262855591283, 43.94174565691201195 ) ) ;
#2119 = VERTEX_POINT ( 'NONE', #2617 ) ;
#2120 = DIRECTION ( 'NONE',  ( 0.5999999999995542233, 0.000000000000000000, -0.8000000000003343326 ) ) ;
#2121 = EDGE_LOOP ( 'NONE', ( #3111, #1292, #1183, #1239 ) ) ;
#2122 = EDGE_CURVE ( 'NONE', #3049, #1263, #1506, .T. ) ;
#2123 = DIRECTION ( 'NONE',  ( -0.7071067811865444641, 0.000000000000000000, -0.7071067811865505703 ) ) ;
#2124 = EDGE_CURVE ( 'NONE', #3034, #2879, #3798, .T. ) ;
#2125 = DIRECTION ( 'NONE',  ( 0.000000000000000000, 0.000000000000000000, 1.000000000000000000 ) ) ;
#2126 = ORIENTED_EDGE ( 'NONE', *, *, #2716, .F. ) ;
#2127 = DIRECTION ( 'NONE',  ( -0.6882472016116641944, -0.6882472016116737423, 0.2294157338706596938 ) ) ;
#2128 = CARTESIAN_POINT ( 'NONE',  ( 26.02329360682556114, 124.7057671788457895, 4.229471945555739687 ) ) ;
#2129 = CARTESIAN_POINT ( 'NONE',  ( 45.59904712402557436, 153.7740285126873516, 45.59904712402557436 ) ) ;
#2130 = CARTESIAN_POINT ( 'NONE',  ( 17.81463394673919254, 144.8113050826627841, 44.44054775318941353 ) ) ;
#2131 =( BOUNDED_CURVE ( )  B_SPLINE_CURVE ( 3, ( #1455, #1807, #2956, #870 ),
 .UNSPECIFIED., .F., .T. ) 
 B_SPLINE_CURVE_WITH_KNOTS ( ( 4, 4 ),
 ( 3.141592653589793116, 3.534291735288520808 ),
 .UNSPECIFIED. ) 
 CURVE ( )  GEOMETRIC_REPRESENTATION_ITEM ( )  RATIONAL_B_SPLINE_CURVE ( ( 1.000000000000000000, 0.9871901869354866577, 0.9871901869354866577, 1.000000000000000000 ) ) 
 REPRESENTATION_ITEM ( '' )  );
#2132 = VECTOR ( 'NONE', #1021, 1000.000000000000000 ) ;
#2133 = ORIENTED_EDGE ( 'NONE', *, *, #1882, .F. ) ;
#2134 = DIRECTION ( 'NONE',  ( 1.000000000000000000, 0.000000000000000000, 0.000000000000000000 ) ) ;
#2135 = CARTESIAN_POINT ( 'NONE',  ( 38.40453745161302379, -16.22597148731266259, 53.29355679643813204 ) ) ;
#2136 = DIRECTION ( 'NONE',  ( 0.6960575579871354224, 0.6881401366726418445, -0.2048585567388961914 ) ) ;
#2137 = VECTOR ( 'NONE', #1959, 1000.000000000000000 ) ;
#2138 = ORIENTED_EDGE ( 'NONE', *, *, #374, .F. ) ;
#2139 = LINE ( 'NONE', #3319, #1785 ) ;
#2140 = EDGE_LOOP ( 'NONE', ( #3170, #657, #2014, #2181 ) ) ;
#2141 = DIRECTION ( 'NONE',  ( 1.000000000000000000, 0.000000000000000000, 0.000000000000000000 ) ) ;
#2142 = EDGE_CURVE ( 'NONE', #3748, #320, #3741, .T. ) ;
#2143 = EDGE_LOOP ( 'NONE', ( #2606, #1985, #908, #1729 ) ) ;
#2144 = AXIS2_PLACEMENT_3D ( 'NONE', #3456, #2543, #1673 ) ;
#2145 = LINE ( 'NONE', #3558, #1733 ) ;
#2146 = VERTEX_POINT ( 'NONE', #3162 ) ;
#2147 = DIRECTION ( 'NONE',  ( -0.7071067811865474617, -0.000000000000000000, 0.7071067811865474617 ) ) ;
#2148 = EDGE_CURVE ( 'NONE', #65, #1160, #1740, .T. ) ;
#2149 = AXIS2_PLACEMENT_3D ( 'NONE', #3044, #2134, #1001 ) ;
#2150 = CARTESIAN_POINT ( 'NONE',  ( 36.44007135754574023, 153.7740285126873516, 55.29355679643813204 ) ) ;
#2151 = AXIS2_PLACEMENT_3D ( 'NONE', #3727, #2876, #3476 ) ;
#2152 = DIRECTION ( 'NONE',  ( -1.000000000000000000, -6.775336120916789302E-32, 1.640400450096255239E-16 ) ) ;
#2153 = CARTESIAN_POINT ( 'NONE',  ( 40.02585779517264797, 153.7740285126873516, 54.70777035881123140 ) ) ;
#2154 = ORIENTED_EDGE ( 'NONE', *, *, #235, .T. ) ;
#2155 = CARTESIAN_POINT ( 'NONE',  ( 34.06550876835228081, 144.8113050826628125, 44.44054775318939221 ) ) ;
#2156 = CARTESIAN_POINT ( 'NONE',  ( 40.94007135754573312, -15.72597148731266792, 25.32909070237091598 ) ) ;
#2157 = DIRECTION ( 'NONE',  ( 0.000000000000000000, 0.000000000000000000, -1.000000000000000000 ) ) ;
#2158 = VERTEX_POINT ( 'NONE', #1413 ) ;
#2159 = PLANE ( 'NONE',  #961 ) ;
#2160 = ORIENTED_EDGE ( 'NONE', *, *, #2953, .T. ) ;
#2161 = CARTESIAN_POINT ( 'NONE',  ( 32.30046355210861719, 144.2732324524777141, 42.99355679643813488 ) ) ;
#2162 = CARTESIAN_POINT ( 'NONE',  ( 39.83953815590136571, -15.72597148731266081, 54.89408999808250655 ) ) ;
#2163 = DIRECTION ( 'NONE',  ( 1.000000000000000000, 0.000000000000000000, 1.982541115402055841E-15 ) ) ;
#2164 = ORIENTED_EDGE ( 'NONE', *, *, #3020, .T. ) ;
#2165 = DIRECTION ( 'NONE',  ( -0.000000000000000000, -1.000000000000000000, -0.000000000000000000 ) ) ;
#2166 = AXIS2_PLACEMENT_3D ( 'NONE', #1698, #1366, #467 ) ;
#2167 = EDGE_CURVE ( 'NONE', #3281, #2751, #1991, .T. ) ;
#2168 = FACE_OUTER_BOUND ( 'NONE', #3361, .T. ) ;
#2169 = EDGE_CURVE ( 'NONE', #2478, #1318, #254, .T. ) ;
#2170 = DIRECTION ( 'NONE',  ( 0.7071067811865450192, 0.000000000000000000, 0.7071067811865500152 ) ) ;
#2171 = EDGE_CURVE ( 'NONE', #769, #128, #782, .T. ) ;
#2172 = VERTEX_POINT ( 'NONE', #3760 ) ;
#2173 = FACE_OUTER_BOUND ( 'NONE', #2940, .T. ) ;
#2174 = CARTESIAN_POINT ( 'NONE',  ( 13.26849848229191942, 156.7740285126873516, 22.29355679643813559 ) ) ;
#2175 = VECTOR ( 'NONE', #3544, 1000.000000000000114 ) ;
#2176 = CARTESIAN_POINT ( 'NONE',  ( 47.36681407699194324, -15.72597148731266792, 47.36681407699194324 ) ) ;
#2177 = CARTESIAN_POINT ( 'NONE',  ( 41.94007135754573312, -11.42597148731265477, 37.79355679643814625 ) ) ;
#2178 = VERTEX_POINT ( 'NONE', #3220 ) ;
#2179 = DIRECTION ( 'NONE',  ( 1.000000000000000000, 0.000000000000000000, 0.000000000000000000 ) ) ;
#2180 = ORIENTED_EDGE ( 'NONE', *, *, #1811, .T. ) ;
#2181 = ORIENTED_EDGE ( 'NONE', *, *, #1477, .F. ) ;
#2182 = CARTESIAN_POINT ( 'NONE',  ( 43.44007135754572602, -15.72597148731266792, 25.12198392118435564 ) ) ;
#2183 = VERTEX_POINT ( 'NONE', #1100 ) ;
#2184 = DIRECTION ( 'NONE',  ( 0.000000000000000000, 1.000000000000000000, -1.224646799147353207E-16 ) ) ;
#2185 = CARTESIAN_POINT ( 'NONE',  ( 47.36681407699194324, 156.7740285126873516, 47.36681407699194324 ) ) ;
#2186 = PLANE ( 'NONE',  #598 ) ;
#2187 = FACE_OUTER_BOUND ( 'NONE', #3128, .T. ) ;
#2188 = EDGE_CURVE ( 'NONE', #3302, #2667, #2307, .T. ) ;
#2189 = ORIENTED_EDGE ( 'NONE', *, *, #1622, .T. ) ;
#2190 = CARTESIAN_POINT ( 'NONE',  ( 36.49007135754573738, -39.62597148731278196, 20.54355679643813914 ) ) ;
#2191 = DIRECTION ( 'NONE',  ( 0.000000000000000000, -1.000000000000000000, 0.000000000000000000 ) ) ;
#2192 = AXIS2_PLACEMENT_3D ( 'NONE', #2441, #3571, #1763 ) ;
#2193 = EDGE_CURVE ( 'NONE', #1792, #2274, #2288, .T. ) ;
#2194 = CARTESIAN_POINT ( 'NONE',  ( 9.740071357545730280, -11.42597148731265477, 37.79355679643814625 ) ) ;
#2195 = VERTEX_POINT ( 'NONE', #3470 ) ;
#2196 = CARTESIAN_POINT ( 'NONE',  ( 36.24007135754573738, 153.7740285126873516, 20.29355679643813914 ) ) ;
#2197 = EDGE_LOOP ( 'NONE', ( #751, #2506, #3346, #2861 ) ) ;
#2198 = PLANE ( 'NONE',  #184 ) ;
#2199 = VECTOR ( 'NONE', #26, 1000.000000000000000 ) ;
#2200 = CARTESIAN_POINT ( 'NONE',  ( 12.64717813873227392, -16.22597148731266259, 20.79355679643813914 ) ) ;
#2201 = ORIENTED_EDGE ( 'NONE', *, *, #2744, .F. ) ;
#2202 = CARTESIAN_POINT ( 'NONE',  ( 39.37701109752973139, -15.87821242229010110, 55.14131586146070418 ) ) ;
#2203 = DIRECTION ( 'NONE',  ( 0.000000000000000000, 0.000000000000000000, -1.000000000000000000 ) ) ;
#2204 = VECTOR ( 'NONE', #437, 1000.000000000000114 ) ;
#2205 = LINE ( 'NONE', #1582, #2587 ) ;
#2206 = VECTOR ( 'NONE', #1262, 1000.000000000000000 ) ;
#2207 = CARTESIAN_POINT ( 'NONE',  ( 15.61507135754510855, -40.12597148731278907, 28.19355679643768298 ) ) ;
#2208 = UNCERTAINTY_MEASURE_WITH_UNIT (LENGTH_MEASURE( 1.000000000000000082E-05 ), #3655, 'distance_accuracy_value', 'NONE');
#2209 = AXIS2_PLACEMENT_3D ( 'NONE', #2050, #3795, #1156 ) ;
#2210 = CARTESIAN_POINT ( 'NONE',  ( 33.79062394551625204, 144.5651749430537052, 43.77865181903683833 ) ) ;
#2211 = CARTESIAN_POINT ( 'NONE',  ( 10.94007135754572957, -11.42597148731265477, 40.29355679643814625 ) ) ;
#2212 = CARTESIAN_POINT ( 'NONE',  ( -19.65897576647980571, 153.7740285126873516, 19.65897576647975953 ) ) ;
#2213 = EDGE_CURVE ( 'NONE', #1972, #2873, #803, .T. ) ;
#2214 = DIRECTION ( 'NONE',  ( 0.7071067811865444641, -0.000000000000000000, 0.7071067811865505703 ) ) ;
#2215 = ORIENTED_EDGE ( 'NONE', *, *, #1379, .T. ) ;
#2216 = ADVANCED_FACE ( 'NONE', ( #2931 ), #510, .F. ) ;
#2217 = CYLINDRICAL_SURFACE ( 'NONE', #3177, 2.000000000000001776 ) ;
#2218 = ADVANCED_FACE ( 'NONE', ( #3430 ), #1424, .T. ) ;
#2219 = ORIENTED_EDGE ( 'NONE', *, *, #569, .F. ) ;
#2220 = DIRECTION ( 'NONE',  ( 1.000000000000000000, -0.000000000000000000, -0.000000000000000000 ) ) ;
#2221 = DIRECTION ( 'NONE',  ( -1.000000000000000000, 0.000000000000000000, 2.569960705150825891E-16 ) ) ;
#2222 = ORIENTED_EDGE ( 'NONE', *, *, #3562, .T. ) ;
#2223 = CARTESIAN_POINT ( 'NONE',  ( 0.000000000000000000, 153.7740285126873516, 22.79355679643813559 ) ) ;
#2224 = CARTESIAN_POINT ( 'NONE',  ( 8.440071357545729569, -15.72597148731266792, 0.000000000000000000 ) ) ;
#2225 = VECTOR ( 'NONE', #2373, 1000.000000000000000 ) ;
#2226 = LINE ( 'NONE', #3407, #291 ) ;
#2227 = VECTOR ( 'NONE', #2127, 1000.000000000000000 ) ;
#2228 = EDGE_CURVE ( 'NONE', #921, #2803, #1950, .T. ) ;
#2229 = CARTESIAN_POINT ( 'NONE',  ( -21.42674271944615683, 156.7740285126873516, 21.42674271944600761 ) ) ;
#2230 = FACE_OUTER_BOUND ( 'NONE', #2625, .T. ) ;
#2231 = PLANE ( 'NONE',  #2319 ) ;
#2232 = AXIS2_PLACEMENT_3D ( 'NONE', #362, #604, #2396 ) ;
#2233 = LINE ( 'NONE', #713, #2828 ) ;
#2234 = EDGE_LOOP ( 'NONE', ( #1433, #3265, #1819, #970 ) ) ;
#2235 = DIRECTION ( 'NONE',  ( 0.7071067811865510144, 0.000000000000000000, -0.7071067811865441310 ) ) ;
#2236 = ORIENTED_EDGE ( 'NONE', *, *, #904, .F. ) ;
#2237 = ORIENTED_EDGE ( 'NONE', *, *, #1367, .F. ) ;
#2238 = EDGE_CURVE ( 'NONE', #1893, #3789, #3026, .T. ) ;
#2239 = DIRECTION ( 'NONE',  ( -2.569960705150825891E-16, 0.000000000000000000, -1.000000000000000000 ) ) ;
#2240 = ORIENTED_EDGE ( 'NONE', *, *, #694, .T. ) ;
#2241 = DIRECTION ( 'NONE',  ( 0.000000000000000000, -1.000000000000000000, 0.000000000000000000 ) ) ;
#2242 = DIRECTION ( 'NONE',  ( -0.7071067811865457964, 0.000000000000000000, -0.7071067811865492381 ) ) ;
#2243 = EDGE_CURVE ( 'NONE', #2582, #3672, #881, .T. ) ;
#2244 = CARTESIAN_POINT ( 'NONE',  ( 36.74007135754573738, -15.72597148731266792, 20.29355679643813914 ) ) ;
#2245 = CARTESIAN_POINT ( 'NONE',  ( 32.67898743225313751, 143.9245697956664571, 43.69463936239627344 ) ) ;
#2246 = DIRECTION ( 'NONE',  ( 0.5999999999995541122, 0.000000000000000000, -0.8000000000003343326 ) ) ;
#2247 = DIRECTION ( 'NONE',  ( 1.000000000000000000, 6.775336120916790397E-32, -1.640400450096255239E-16 ) ) ;
#2248 = ORIENTED_EDGE ( 'NONE', *, *, #3830, .T. ) ;
#2249 = LINE ( 'NONE', #1124, #588 ) ;
#2250 = ORIENTED_EDGE ( 'NONE', *, *, #3351, .T. ) ;
#2251 = LINE ( 'NONE', #1744, #338 ) ;
#2252 = CIRCLE ( 'NONE', #2501, 2.000000000000001776 ) ;
#2253 = VERTEX_POINT ( 'NONE', #1756 ) ;
#2254 = ORIENTED_EDGE ( 'NONE', *, *, #2474, .T. ) ;
#2255 = CARTESIAN_POINT ( 'NONE',  ( 38.61164423279953439, 156.7740285126873516, 20.29355679643813914 ) ) ;
#2256 = ORIENTED_EDGE ( 'NONE', *, *, #262, .T. ) ;
#2257 = LINE ( 'NONE', #3439, #120 ) ;
#2258 = CARTESIAN_POINT ( 'NONE',  ( 43.44007135754571891, 156.7740285126873516, 51.29355679643816046 ) ) ;
#2259 = EDGE_CURVE ( 'NONE', #1398, #3034, #246, .T. ) ;
#2260 = ORIENTED_EDGE ( 'NONE', *, *, #1718, .F. ) ;
#2261 = EDGE_CURVE ( 'NONE', #1361, #2840, #1838, .T. ) ;
#2262 = CARTESIAN_POINT ( 'NONE',  ( 35.44007135754574023, 149.5858319115624226, 55.01716359418811209 ) ) ;
#2263 = DIRECTION ( 'NONE',  ( 1.000000000000000000, 0.000000000000000000, 0.000000000000000000 ) ) ;
#2264 = DIRECTION ( 'NONE',  ( -1.000000000000000000, -0.000000000000000000, -0.000000000000000000 ) ) ;
#2265 = CARTESIAN_POINT ( 'NONE',  ( 41.94007135754573312, -11.42597148731265477, 39.42753139265370521 ) ) ;
#2266 = DIRECTION ( 'NONE',  ( -1.000000000000000000, -0.000000000000000000, -0.000000000000000000 ) ) ;
#2267 = CIRCLE ( 'NONE', #2891, 1.999999999999998224 ) ;
#2268 = ORIENTED_EDGE ( 'NONE', *, *, #549, .T. ) ;
#2269 = CARTESIAN_POINT ( 'NONE',  ( 9.219703889960694454, -16.22597148731266259, -9.219703889960614518 ) ) ;
#2270 = VERTEX_POINT ( 'NONE', #939 ) ;
#2271 = FACE_OUTER_BOUND ( 'NONE', #147, .T. ) ;
#2272 = ORIENTED_EDGE ( 'NONE', *, *, #3636, .T. ) ;
#2273 = LINE ( 'NONE', #3731, #2100 ) ;
#2274 = VERTEX_POINT ( 'NONE', #1159 ) ;
#2275 = CARTESIAN_POINT ( 'NONE',  ( 33.55281877992612038, 144.2856061702865986, 44.41671211163653510 ) ) ;
#2276 = CARTESIAN_POINT ( 'NONE',  ( 34.01931516709529291, 144.7436436841058196, 44.25856870939797716 ) ) ;
#2277 =( BOUNDED_CURVE ( )  B_SPLINE_CURVE ( 3, ( #1885, #3074, #3711, #2182 ),
 .UNSPECIFIED., .F., .T. ) 
 B_SPLINE_CURVE_WITH_KNOTS ( ( 4, 4 ),
 ( 2.748893571891069421, 3.141592653589793116 ),
 .UNSPECIFIED. ) 
 CURVE ( )  GEOMETRIC_REPRESENTATION_ITEM ( )  RATIONAL_B_SPLINE_CURVE ( ( 1.000000000000000000, 0.9871901869354868797, 0.9871901869354868797, 1.000000000000000000 ) ) 
 REPRESENTATION_ITEM ( '' )  );
#2278 = VECTOR ( 'NONE', #2152, 1000.000000000000000 ) ;
#2279 = VECTOR ( 'NONE', #1816, 1000.000000000000000 ) ;
#2280 = VERTEX_POINT ( 'NONE', #862 ) ;
#2281 = ADVANCED_FACE ( 'NONE', ( #3526 ), #1198, .T. ) ;
#2282 = CARTESIAN_POINT ( 'NONE',  ( 19.57967916298285260, 144.2732324524776857, 42.99355679643813488 ) ) ;
#2283 = AXIS2_PLACEMENT_3D ( 'NONE', #2684, #1225, #2120 ) ;
#2284 = LINE ( 'NONE', #216, #1834 ) ;
#2285 = EDGE_CURVE ( 'NONE', #3302, #222, #3565, .T. ) ;
#2286 = LINE ( 'NONE', #820, #717 ) ;
#2287 = CARTESIAN_POINT ( 'NONE',  ( 10.44007135754572957, 156.7740285126873516, 50.46512967169191910 ) ) ;
#2288 = LINE ( 'NONE', #1139, #3286 ) ;
#2289 = ADVANCED_FACE ( 'NONE', ( #2987 ), #3547, .T. ) ;
#2290 = ORIENTED_EDGE ( 'NONE', *, *, #1357, .F. ) ;
#2291 = FACE_OUTER_BOUND ( 'NONE', #3213, .T. ) ;
#2292 = ORIENTED_EDGE ( 'NONE', *, *, #2970, .T. ) ;
#2293 = DIRECTION ( 'NONE',  ( -0.000000000000000000, -1.000000000000000000, -0.000000000000000000 ) ) ;
#2294 = AXIS2_PLACEMENT_3D ( 'NONE', #414, #435, #3659 ) ;
#2295 = ORIENTED_EDGE ( 'NONE', *, *, #878, .F. ) ;
#2296 = VECTOR ( 'NONE', #3069, 1000.000000000000114 ) ;
#2297 = VERTEX_POINT ( 'NONE', #998 ) ;
#2298 = CARTESIAN_POINT ( 'NONE',  ( 39.37701109752972428, -15.87821242229009755, 20.44579773141556700 ) ) ;
#2299 = ORIENTED_EDGE ( 'NONE', *, *, #3169, .T. ) ;
#2300 = LINE ( 'NONE', #1131, #3679 ) ;
#2301 = VECTOR ( 'NONE', #3387, 1000.000000000000114 ) ;
#2302 = EDGE_LOOP ( 'NONE', ( #1226, #811, #3436, #3131, #1358 ) ) ;
#2303 = FACE_OUTER_BOUND ( 'NONE', #2074, .T. ) ;
#2304 = DIRECTION ( 'NONE',  ( 2.569960705150825891E-16, 0.000000000000000000, 1.000000000000000000 ) ) ;
#2305 = CARTESIAN_POINT ( 'NONE',  ( 32.45367449536477267, 143.9016921732647347, 43.64888411759280018 ) ) ;
#2306 = CARTESIAN_POINT ( 'NONE',  ( 35.94007135754574023, 148.9150115183124683, 54.79355679643813204 ) ) ;
#2307 = LINE ( 'NONE', #2893, #1238 ) ;
#2308 = EDGE_CURVE ( 'NONE', #1958, #3651, #103, .T. ) ;
#2309 = VERTEX_POINT ( 'NONE', #2207 ) ;
#2310 = DIRECTION ( 'NONE',  ( 0.000000000000000000, 0.000000000000000000, 1.000000000000000000 ) ) ;
#2311 = ORIENTED_EDGE ( 'NONE', *, *, #3493, .F. ) ;
#2312 = DIRECTION ( 'NONE',  ( -4.097771990496913504E-16, 0.000000000000000000, -1.000000000000000000 ) ) ;
#2313 = ADVANCED_FACE ( 'NONE', ( #2187 ), #612, .F. ) ;
#2314 = EDGE_LOOP ( 'NONE', ( #613, #2659, #36, #82 ) ) ;
#2315 = ORIENTED_EDGE ( 'NONE', *, *, #2496, .T. ) ;
#2316 = CARTESIAN_POINT ( 'NONE',  ( 39.83953815590135861, -15.72597148731267858, 20.69302359479377174 ) ) ;
#2317 = ORIENTED_EDGE ( 'NONE', *, *, #2829, .F. ) ;
#2318 = CARTESIAN_POINT ( 'NONE',  ( 15.14007135754571998, 153.7740285126873516, -6.204056034307541845E-15 ) ) ;
#2319 = AXIS2_PLACEMENT_3D ( 'NONE', #2176, #2500, #3644 ) ;
#2320 = ORIENTED_EDGE ( 'NONE', *, *, #86, .T. ) ;
#2321 = DIRECTION ( 'NONE',  ( 1.000000000000000000, -0.000000000000000000, -0.000000000000000000 ) ) ;
#2322 = AXIS2_PLACEMENT_3D ( 'NONE', #1323, #2510, #3535 ) ;
#2323 = CARTESIAN_POINT ( 'NONE',  ( 12.04060455919004724, -15.72597148731269812, 54.89408999808244971 ) ) ;
#2324 = CARTESIAN_POINT ( 'NONE',  ( 18.15014086260012149, 144.5340340807162249, 43.69490746249467605 ) ) ;
#2325 = CARTESIAN_POINT ( 'NONE',  ( -21.42674271944615683, -15.72597148731266792, 21.42674271944600761 ) ) ;
#2326 = EDGE_LOOP ( 'NONE', ( #2921, #1579, #2412, #1561 ) ) ;
#2327 = CARTESIAN_POINT ( 'NONE',  ( 40.78783042256830527, -15.57373055233524184, 50.19496263048939966 ) ) ;
#2328 = VECTOR ( 'NONE', #1841, 1000.000000000000000 ) ;
#2329 = ORIENTED_EDGE ( 'NONE', *, *, #1282, .T. ) ;
#2330 = ADVANCED_FACE ( 'NONE', ( #3391 ), #1625, .T. ) ;
#2331 = FACE_BOUND ( 'NONE', #1592, .T. ) ;
#2332 = EDGE_CURVE ( 'NONE', #1893, #1941, #2811, .T. ) ;
#2333 = VECTOR ( 'NONE', #763, 1000.000000000000114 ) ;
#2334 = VERTEX_POINT ( 'NONE', #1891 ) ;
#2335 = EDGE_LOOP ( 'NONE', ( #404, #2641, #1143, #520 ) ) ;
#2336 = EDGE_CURVE ( 'NONE', #1203, #78, #725, .T. ) ;
#2337 = AXIS2_PLACEMENT_3D ( 'NONE', #2150, #290, #3022 ) ;
#2338 = CARTESIAN_POINT ( 'NONE',  ( 0.000000000000000000, 143.5740285126873630, 42.99355679643813488 ) ) ;
#2339 = VECTOR ( 'NONE', #1083, 1000.000000000000114 ) ;
#2340 = ORIENTED_EDGE ( 'NONE', *, *, #1, .T. ) ;
#2341 = EDGE_CURVE ( 'NONE', #370, #2578, #1605, .T. ) ;
#2342 = DIRECTION ( 'NONE',  ( -0.5999999999995542233, 0.000000000000000000, 0.8000000000003343326 ) ) ;
#2343 = EDGE_CURVE ( 'NONE', #2416, #3763, #2477, .T. ) ;
#2344 = ORIENTED_EDGE ( 'NONE', *, *, #3187, .T. ) ;
#2345 = DIRECTION ( 'NONE',  ( 2.569960705150825891E-16, -0.000000000000000000, 1.000000000000000000 ) ) ;
#2346 = LINE ( 'NONE', #3523, #2710 ) ;
#2347 = DIRECTION ( 'NONE',  ( 0.2810846377148151776, 0.6785983445458434460, -0.6785983445458528829 ) ) ;
#2348 = CARTESIAN_POINT ( 'NONE',  ( 18.15369347763288488, 144.5336676463359993, 43.69391261050993336 ) ) ;
#2349 = ORIENTED_EDGE ( 'NONE', *, *, #2070, .T. ) ;
#2350 = CARTESIAN_POINT ( 'NONE',  ( 13.26849848229193363, -16.22597148731266259, 22.29355679643813559 ) ) ;
#2351 = VERTEX_POINT ( 'NONE', #368 ) ;
#2352 = LINE ( 'NONE', #653, #2328 ) ;
#2353 = CARTESIAN_POINT ( 'NONE',  ( 10.94007135754572957, 153.7740285126873516, 25.32909070237088400 ) ) ;
#2354 = VECTOR ( 'NONE', #2653, 1000.000000000000000 ) ;
#2355 = VERTEX_POINT ( 'NONE', #3041 ) ;
#2356 = ORIENTED_EDGE ( 'NONE', *, *, #1692, .F. ) ;
#2357 = CARTESIAN_POINT ( 'NONE',  ( 16.44007135754574378, 97.66180009157429254, -48.83090004578744470 ) ) ;
#2358 = ADVANCED_FACE ( 'NONE', ( #3060 ), #979, .F. ) ;
#2359 = CARTESIAN_POINT ( 'NONE',  ( 13.69007135754569227, -39.62597148731272512, 26.46022346310656204 ) ) ;
#2360 = ORIENTED_EDGE ( 'NONE', *, *, #1855, .T. ) ;
#2361 = DIRECTION ( 'NONE',  ( 1.000000000000000000, -0.000000000000000000, -0.000000000000000000 ) ) ;
#2362 = EDGE_CURVE ( 'NONE', #3555, #2351, #960, .T. ) ;
#2363 = DIRECTION ( 'NONE',  ( 0.000000000000000000, 1.000000000000000000, 0.000000000000000000 ) ) ;
#2364 = CARTESIAN_POINT ( 'NONE',  ( 16.36681407699193258, -15.72597148731266792, 16.36681407699193258 ) ) ;
#2365 = DIRECTION ( 'NONE',  ( 1.000000000000000000, -0.000000000000000000, -0.000000000000000000 ) ) ;
#2366 = CARTESIAN_POINT ( 'NONE',  ( 36.74007135754573738, 179.6740285126872152, 24.52689012977103644 ) ) ;
#2367 = CIRCLE ( 'NONE', #1516, 2.066987298107780813 ) ;
#2368 = ORIENTED_EDGE ( 'NONE', *, *, #2542, .F. ) ;
#2369 = CARTESIAN_POINT ( 'NONE',  ( 17.04007135754572033, -30.67597148731282530, -1.727892094096737872E-14 ) ) ;
#2370 = LINE ( 'NONE', #1802, #1209 ) ;
#2371 = LINE ( 'NONE', #3551, #1009 ) ;
#2372 = ORIENTED_EDGE ( 'NONE', *, *, #2142, .F. ) ;
#2373 = DIRECTION ( 'NONE',  ( -0.7071067811865473507, 0.000000000000000000, 0.7071067811865477948 ) ) ;
#2374 = ORIENTED_EDGE ( 'NONE', *, *, #3329, .F. ) ;
#2375 = CYLINDRICAL_SURFACE ( 'NONE', #3002, 2.000000000000000000 ) ;
#2376 = CARTESIAN_POINT ( 'NONE',  ( 34.06550876835228081, 144.8113050826628125, 44.44054775318940642 ) ) ;
#2377 = EDGE_LOOP ( 'NONE', ( #2154, #785, #1208, #927 ) ) ;
#2378 = DIRECTION ( 'NONE',  ( -0.5656854249491048980, 0.7071067811865351382, 0.4242640687121267407 ) ) ;
#2379 = EDGE_CURVE ( 'NONE', #905, #1318, #1565, .T. ) ;
#2380 = VECTOR ( 'NONE', #356, 1000.000000000000000 ) ;
#2381 = LINE ( 'NONE', #3835, #2395 ) ;
#2382 = EDGE_CURVE ( 'NONE', #353, #808, #2755, .T. ) ;
#2383 = DIRECTION ( 'NONE',  ( -0.6785983445458505514, -0.6785983445458411145, 0.2810846377148263353 ) ) ;
#2384 = DIRECTION ( 'NONE',  ( -0.6960575579871295382, 0.6881401366726466184, -0.2048585567388997442 ) ) ;
#2385 = CARTESIAN_POINT ( 'NONE',  ( 15.44007135754573490, 148.9150115183124967, 55.29355679643808941 ) ) ;
#2386 = ORIENTED_EDGE ( 'NONE', *, *, #2738, .F. ) ;
#2387 = CARTESIAN_POINT ( 'NONE',  ( 34.84007135754573881, -26.57597148731282743, 0.000000000000000000 ) ) ;
#2388 = CARTESIAN_POINT ( 'NONE',  ( 18.13458102995831567, 153.7740285126873516, 18.13458102995830146 ) ) ;
#2389 = CARTESIAN_POINT ( 'NONE',  ( 33.67996784864632787, 144.5124938423373919, 43.63698075972395429 ) ) ;
#2390 = ORIENTED_EDGE ( 'NONE', *, *, #3827, .T. ) ;
#2391 = CARTESIAN_POINT ( 'NONE',  ( 15.14007135754571998, -16.22597148731266259, -6.204056034307541845E-15 ) ) ;
#2392 = ORIENTED_EDGE ( 'NONE', *, *, #1266, .T. ) ;
#2393 = AXIS2_PLACEMENT_3D ( 'NONE', #1668, #3725, #2854 ) ;
#2394 = ORIENTED_EDGE ( 'NONE', *, *, #3735, .F. ) ;
#2395 = VECTOR ( 'NONE', #1775, 1000.000000000000000 ) ;
#2396 = DIRECTION ( 'NONE',  ( -0.000000000000000000, 1.000000000000000000, 0.000000000000000000 ) ) ;
#2397 = EDGE_LOOP ( 'NONE', ( #113, #3206, #3257, #2320 ) ) ;
#2398 = CARTESIAN_POINT ( 'NONE',  ( 16.74007135754840903, -40.12597148731278907, 29.69355679644101897 ) ) ;
#2399 = PLANE ( 'NONE',  #397 ) ;
#2400 = FACE_OUTER_BOUND ( 'NONE', #3327, .T. ) ;
#2401 = CARTESIAN_POINT ( 'NONE',  ( 11.85428491991877564, 153.7740285126873516, 54.70777035881117456 ) ) ;
#2402 = CARTESIAN_POINT ( 'NONE',  ( 46.23192825189807564, -21.01782838166494471, 23.13713180659259905 ) ) ;
#2403 = ADVANCED_FACE ( 'NONE', ( #1017 ), #1272, .F. ) ;
#2404 = VERTEX_POINT ( 'NONE', #1872 ) ;
#2405 = DIRECTION ( 'NONE',  ( -0.7071067811865474617, 0.000000000000000000, 0.7071067811865474617 ) ) ;
#2406 = DIRECTION ( 'NONE',  ( 0.000000000000000000, -1.000000000000000000, 0.000000000000000000 ) ) ;
#2407 = CARTESIAN_POINT ( 'NONE',  ( 33.53679207305820853, 144.4560051542997599, 43.48506342010647785 ) ) ;
#2408 = VECTOR ( 'NONE', #1787, 1000.000000000000000 ) ;
#2409 = EDGE_CURVE ( 'NONE', #1398, #2478, #2772, .T. ) ;
#2410 = ORIENTED_EDGE ( 'NONE', *, *, #2687, .F. ) ;
#2411 = CARTESIAN_POINT ( 'NONE',  ( 39.44007135754572602, -16.22597148731266259, 20.79355679643813914 ) ) ;
#2412 = ORIENTED_EDGE ( 'NONE', *, *, #711, .F. ) ;
#2413 = CARTESIAN_POINT ( 'NONE',  ( 8.440071357545729569, -15.72597148731266792, 24.85848816039042575 ) ) ;
#2414 = VECTOR ( 'NONE', #2752, 999.9999999999998863 ) ;
#2415 = CARTESIAN_POINT ( 'NONE',  ( 33.61314974060029925, 144.4364689316031729, 44.71843763426969787 ) ) ;
#2416 = VERTEX_POINT ( 'NONE', #3326 ) ;
#2417 = CARTESIAN_POINT ( 'NONE',  ( 16.44007135754574378, 149.5858319115623942, 55.01716359418807656 ) ) ;
#2418 = VECTOR ( 'NONE', #2737, 1000.000000000000000 ) ;
#2419 = DIRECTION ( 'NONE',  ( -0.7071067811865449082, -6.133173666733467956E-16, -0.7071067811865501263 ) ) ;
#2420 = CARTESIAN_POINT ( 'NONE',  ( 12.04060455919009698, -15.72597148731266081, 20.69302359479376818 ) ) ;
#2421 = CARTESIAN_POINT ( 'NONE',  ( 18.04273226956421183, 144.5941499930776502, 43.85657168579759002 ) ) ;
#2422 = EDGE_LOOP ( 'NONE', ( #1674, #154, #2329, #538 ) ) ;
#2423 = LINE ( 'NONE', #1552, #894 ) ;
#2424 = PLANE ( 'NONE',  #2648 ) ;
#2425 = LINE ( 'NONE', #298, #1071 ) ;
#2426 = ADVANCED_FACE ( 'NONE', ( #323 ), #933, .T. ) ;
#2427 = ORIENTED_EDGE ( 'NONE', *, *, #73, .T. ) ;
#2428 = PLANE ( 'NONE',  #976 ) ;
#2429 = ORIENTED_EDGE ( 'NONE', *, *, #1310, .F. ) ;
#2430 = ADVANCED_FACE ( 'NONE', ( #343 ), #891, .T. ) ;
#2431 = CARTESIAN_POINT ( 'NONE',  ( 15.14007135754572886, -16.22597148731266259, 22.29355679643813559 ) ) ;
#2432 = CARTESIAN_POINT ( 'NONE',  ( 33.91472242576827512, 144.6863596989762470, 44.53317771354947041 ) ) ;
#2433 = VERTEX_POINT ( 'NONE', #41 ) ;
#2434 = DIRECTION ( 'NONE',  ( 0.000000000000000000, 0.000000000000000000, -1.000000000000000000 ) ) ;
#2435 = CARTESIAN_POINT ( 'NONE',  ( 34.30442567049237823, -24.86161717436589313, 28.07766514105079736 ) ) ;
#2436 = DIRECTION ( 'NONE',  ( -1.000000000000000000, 0.000000000000000000, 0.000000000000000000 ) ) ;
#2437 = DIRECTION ( 'NONE',  ( 0.000000000000000000, -0.4472135954999601481, -0.8944271909999147452 ) ) ;
#2438 = VERTEX_POINT ( 'NONE', #3616 ) ;
#2439 = SPHERICAL_SURFACE ( 'NONE', #2149, 2.000000000000000000 ) ;
#2440 = CARTESIAN_POINT ( 'NONE',  ( 10.44007135754572957, 156.7740285126873516, 25.12198392118432722 ) ) ;
#2441 = CARTESIAN_POINT ( 'NONE',  ( -0.6615098924437380346, 143.8983963014180461, 43.64229237389944416 ) ) ;
#2442 = ORIENTED_EDGE ( 'NONE', *, *, #137, .T. ) ;
#2443 = VERTEX_POINT ( 'NONE', #1229 ) ;
#2444 = EDGE_CURVE ( 'NONE', #1707, #2478, #1049, .T. ) ;
#2445 = DIRECTION ( 'NONE',  ( 0.000000000000000000, 0.000000000000000000, -1.000000000000000000 ) ) ;
#2446 = ORIENTED_EDGE ( 'NONE', *, *, #1603, .T. ) ;
#2447 = CARTESIAN_POINT ( 'NONE',  ( -0.6615098924437380346, 97.66180009157429254, -48.83090004578744470 ) ) ;
#2448 = EDGE_CURVE ( 'NONE', #2416, #2443, #3541, .T. ) ;
#2449 = LINE ( 'NONE', #151, #366 ) ;
#2450 = EDGE_CURVE ( 'NONE', #1084, #851, #2145, .T. ) ;
#2451 = ORIENTED_EDGE ( 'NONE', *, *, #3499, .F. ) ;
#2452 = CARTESIAN_POINT ( 'NONE',  ( 42.85428491991882538, -15.72597148731266792, 23.70777035881126693 ) ) ;
#2453 = AXIS2_PLACEMENT_3D ( 'NONE', #3183, #1936, #202 ) ;
#2454 = ADVANCED_FACE ( 'NONE', ( #3600 ), #3306, .T. ) ;
#2455 = DIRECTION ( 'NONE',  ( 0.7071067811865475727, 0.000000000000000000, -0.7071067811865475727 ) ) ;
#2456 = DIRECTION ( 'NONE',  ( 0.4999999999999945044, 0.7071067811865578978, -0.4999999999999909517 ) ) ;
#2457 = ORIENTED_EDGE ( 'NONE', *, *, #1122, .T. ) ;
#2458 = CARTESIAN_POINT ( 'NONE',  ( 32.70945427359572477, 144.2896152298985726, 43.03761354536872119 ) ) ;
#2459 = LINE ( 'NONE', #3045, #3689 ) ;
#2460 = DIRECTION ( 'NONE',  ( -1.000000000000000000, 0.000000000000000000, 0.000000000000000000 ) ) ;
#2461 = AXIS2_PLACEMENT_3D ( 'NONE', #1290, #2455, #2475 ) ;
#2462 = AXIS2_PLACEMENT_3D ( 'NONE', #1412, #1119, #761 ) ;
#2463 = DIRECTION ( 'NONE',  ( 0.000000000000000000, -1.000000000000000000, -0.000000000000000000 ) ) ;
#2464 = ORIENTED_EDGE ( 'NONE', *, *, #3080, .T. ) ;
#2465 = CARTESIAN_POINT ( 'NONE',  ( 5.792879265800091382, -26.57597148731282743, 20.29355679643813914 ) ) ;
#2466 = AXIS2_PLACEMENT_3D ( 'NONE', #1513, #2062, #580 ) ;
#2467 = DIRECTION ( 'NONE',  ( 0.7071067811865425767, 0.7071067811865524577, 0.000000000000000000 ) ) ;
#2468 = PLANE ( 'NONE',  #2909 ) ;
#2469 = VERTEX_POINT ( 'NONE', #1791 ) ;
#2470 = FACE_OUTER_BOUND ( 'NONE', #445, .T. ) ;
#2471 = CARTESIAN_POINT ( 'NONE',  ( 8.940071357545729569, -16.22597148731266259, 0.000000000000000000 ) ) ;
#2472 = ADVANCED_FACE ( 'NONE', ( #3249 ), #1560, .F. ) ;
#2473 = AXIS2_PLACEMENT_3D ( 'NONE', #2611, #2047, #3214 ) ;
#2474 = EDGE_CURVE ( 'NONE', #1884, #929, #1498, .T. ) ;
#2475 = DIRECTION ( 'NONE',  ( -0.7071067811865475727, 0.000000000000000000, -0.7071067811865475727 ) ) ;
#2476 = AXIS2_PLACEMENT_3D ( 'NONE', #306, #873, #2 ) ;
#2477 = LINE ( 'NONE', #64, #294 ) ;
#2478 = VERTEX_POINT ( 'NONE', #1828 ) ;
#2479 = CARTESIAN_POINT ( 'NONE',  ( 33.59533924650679637, 144.4760597624178899, 43.53900227498742481 ) ) ;
#2480 = DIRECTION ( 'NONE',  ( 1.000000000000000000, 0.000000000000000000, 0.000000000000000000 ) ) ;
#2481 = AXIS2_PLACEMENT_3D ( 'NONE', #464, #2184, #387 ) ;
#2482 = PLANE ( 'NONE',  #1319 ) ;
#2483 = LINE ( 'NONE', #127, #727 ) ;
#2484 = ORIENTED_EDGE ( 'NONE', *, *, #758, .T. ) ;
#2485 = DIRECTION ( 'NONE',  ( 0.8660254037844380415, 0.000000000000000000, -0.5000000000000009992 ) ) ;
#2486 = ORIENTED_EDGE ( 'NONE', *, *, #2749, .F. ) ;
#2487 = EDGE_LOOP ( 'NONE', ( #1261, #400, #659, #2349 ) ) ;
#2488 = CARTESIAN_POINT ( 'NONE',  ( 13.26849848229191764, 156.7740285126873516, 20.29355679643813914 ) ) ;
#2489 = ORIENTED_EDGE ( 'NONE', *, *, #3705, .F. ) ;
#2490 = CARTESIAN_POINT ( 'NONE',  ( 35.94007135754574023, 148.1650115183124683, 53.29355679643813204 ) ) ;
#2491 = LINE ( 'NONE', #3057, #3157 ) ;
#2492 = AXIS2_PLACEMENT_3D ( 'NONE', #2504, #1653, #989 ) ;
#2493 = ADVANCED_FACE ( 'NONE', ( #2730 ), #2981, .F. ) ;
#2494 = FACE_OUTER_BOUND ( 'NONE', #2918, .T. ) ;
#2495 = DIRECTION ( 'NONE',  ( 0.000000000000000000, -1.000000000000000000, 0.000000000000000000 ) ) ;
#2496 = EDGE_CURVE ( 'NONE', #2544, #2158, #3017, .T. ) ;
#2497 = EDGE_CURVE ( 'NONE', #2620, #1399, #583, .T. ) ;
#2498 = LINE ( 'NONE', #3062, #2574 ) ;
#2499 = CARTESIAN_POINT ( 'NONE',  ( 36.44007135754574023, -15.72597148731266792, 55.29355679643813204 ) ) ;
#2500 = DIRECTION ( 'NONE',  ( -0.4999999999999976685, 0.7071067811865509034, -0.4999999999999976685 ) ) ;
#2501 = AXIS2_PLACEMENT_3D ( 'NONE', #1510, #1589, #2157 ) ;
#2502 = DIRECTION ( 'NONE',  ( 0.000000000000000000, -0.000000000000000000, -1.000000000000000000 ) ) ;
#2503 = ORIENTED_EDGE ( 'NONE', *, *, #1539, .F. ) ;
#2504 = CARTESIAN_POINT ( 'NONE',  ( 16.36681407699193258, -15.72597148731266792, 16.36681407699193258 ) ) ;
#2505 = VECTOR ( 'NONE', #2586, 1000.000000000000114 ) ;
#2506 = ORIENTED_EDGE ( 'NONE', *, *, #1117, .T. ) ;
#2507 = CARTESIAN_POINT ( 'NONE',  ( 39.62044943783070750, -15.77737696013582003, 55.04048039930644620 ) ) ;
#2508 = LINE ( 'NONE', #1904, #1228 ) ;
#2509 = ORIENTED_EDGE ( 'NONE', *, *, #2810, .T. ) ;
#2510 = DIRECTION ( 'NONE',  ( 1.000000000000000000, 0.000000000000000000, 0.000000000000000000 ) ) ;
#2511 = DIRECTION ( 'NONE',  ( 0.7071067811865479058, 0.000000000000000000, 0.7071067811865471286 ) ) ;
#2512 = AXIS2_PLACEMENT_3D ( 'NONE', #3007, #52, #3591 ) ;
#2513 = DIRECTION ( 'NONE',  ( -1.000000000000000000, 0.000000000000000000, 0.000000000000000000 ) ) ;
#2514 = VECTOR ( 'NONE', #258, 1000.000000000000114 ) ;
#2515 = AXIS2_PLACEMENT_3D ( 'NONE', #1682, #2007, #3197 ) ;
#2516 = VECTOR ( 'NONE', #2559, 1000.000000000000000 ) ;
#2517 = LINE ( 'NONE', #1948, #2084 ) ;
#2518 = PLANE ( 'NONE',  #3245 ) ;
#2519 = EDGE_CURVE ( 'NONE', #3661, #460, #1251, .T. ) ;
#2520 = FACE_OUTER_BOUND ( 'NONE', #1616, .T. ) ;
#2521 = VERTEX_POINT ( 'NONE', #2359 ) ;
#2522 = DIRECTION ( 'NONE',  ( 0.000000000000000000, -1.000000000000000000, 0.000000000000000000 ) ) ;
#2523 = EDGE_CURVE ( 'NONE', #2992, #1322, #1794, .T. ) ;
#2524 = ORIENTED_EDGE ( 'NONE', *, *, #328, .F. ) ;
#2525 = CARTESIAN_POINT ( 'NONE',  ( 39.37701109752973139, -15.87821242229010110, 55.14131586146070418 ) ) ;
#2526 = DIRECTION ( 'NONE',  ( -1.000000000000000000, 0.000000000000000000, 0.000000000000000000 ) ) ;
#2527 = EDGE_LOOP ( 'NONE', ( #485, #1185 ) ) ;
#2528 = LINE ( 'NONE', #1620, #1300 ) ;
#2529 = CARTESIAN_POINT ( 'NONE',  ( 18.29703448558337442, 144.3613475467148533, 44.56819486449307277 ) ) ;
#2530 = AXIS2_PLACEMENT_3D ( 'NONE', #3794, #1190, #893 ) ;
#2531 = DIRECTION ( 'NONE',  ( 1.000000000000000000, -0.000000000000000000, -0.000000000000000000 ) ) ;
#2532 = DIRECTION ( 'NONE',  ( 0.000000000000000000, 1.000000000000000000, 1.224646799147353207E-16 ) ) ;
#2533 = CARTESIAN_POINT ( 'NONE',  ( 35.94007135754574023, 153.7740285126873516, 54.79355679643813204 ) ) ;
#2534 = VECTOR ( 'NONE', #3103, 1000.000000000000000 ) ;
#2535 = ORIENTED_EDGE ( 'NONE', *, *, #2497, .T. ) ;
#2536 = DIRECTION ( 'NONE',  ( 1.000000000000000000, 0.000000000000000000, 0.000000000000000000 ) ) ;
#2537 = ORIENTED_EDGE ( 'NONE', *, *, #1218, .T. ) ;
#2538 = EDGE_CURVE ( 'NONE', #1886, #1707, #2065, .T. ) ;
#2539 = CARTESIAN_POINT ( 'NONE',  ( 7.805490327587441435, 153.7740285126873516, -7.805490327587429000 ) ) ;
#2540 = B_SPLINE_CURVE_WITH_KNOTS ( 'NONE', 3,
 ( #175, #2547, #3365, #1068 ),
 .UNSPECIFIED., .F., .F.,
 ( 4, 4 ),
 ( 0.000000000000000000, 1.000000000000000000 ),
 .UNSPECIFIED. ) ;
#2541 = ORIENTED_EDGE ( 'NONE', *, *, #2744, .T. ) ;
#2542 = EDGE_CURVE ( 'NONE', #222, #1082, #2106, .T. ) ;
#2543 = DIRECTION ( 'NONE',  ( 0.000000000000000000, 0.000000000000000000, 1.000000000000000000 ) ) ;
#2544 = VERTEX_POINT ( 'NONE', #992 ) ;
#2545 = FACE_OUTER_BOUND ( 'NONE', #2727, .T. ) ;
#2546 = ORIENTED_EDGE ( 'NONE', *, *, #210, .F. ) ;
#2547 = CARTESIAN_POINT ( 'NONE',  ( 19.57967916298285260, 144.0233416851046115, 43.42604718141234343 ) ) ;
#2548 = CARTESIAN_POINT ( 'NONE',  ( 18.35331720844044057, 144.2887468442560248, 44.42299345957538748 ) ) ;
#2549 =( BOUNDED_CURVE ( )  B_SPLINE_CURVE ( 3, ( #2202, #1600, #96, #3733 ),
 .UNSPECIFIED., .F., .T. ) 
 B_SPLINE_CURVE_WITH_KNOTS ( ( 4, 4 ),
 ( 2.748893571891067200, 3.141592653589794448 ),
 .UNSPECIFIED. ) 
 CURVE ( )  GEOMETRIC_REPRESENTATION_ITEM ( )  RATIONAL_B_SPLINE_CURVE ( ( 1.000000000000000000, 0.9871901869354866577, 0.9871901869354866577, 1.000000000000000000 ) ) 
 REPRESENTATION_ITEM ( '' )  );
#2550 = AXIS2_PLACEMENT_3D ( 'NONE', #1267, #92, #1866 ) ;
#2551 = ORIENTED_EDGE ( 'NONE', *, *, #1250, .T. ) ;
#2552 = PLANE ( 'NONE',  #2166 ) ;
#2553 = CARTESIAN_POINT ( 'NONE',  ( 9.990071357545730280, -11.42597148731265477, 37.79355679643814625 ) ) ;
#2554 = CARTESIAN_POINT ( 'NONE',  ( 19.57967916298285971, 143.8983963014180176, 43.64229237389946547 ) ) ;
#2555 = DIRECTION ( 'NONE',  ( 0.000000000000000000, 0.000000000000000000, 1.000000000000000000 ) ) ;
#2556 = EDGE_LOOP ( 'NONE', ( #579, #3150, #1494 ) ) ;
#2557 = CARTESIAN_POINT ( 'NONE',  ( 12.74656995786265590, -15.77737696013580404, 55.24215132361492664 ) ) ;
#2558 = EDGE_LOOP ( 'NONE', ( #1168, #1162, #3515, #263 ) ) ;
#2559 = DIRECTION ( 'NONE',  ( 0.000000000000000000, -1.000000000000000000, 0.000000000000000000 ) ) ;
#2560 = VECTOR ( 'NONE', #108, 1000.000000000000114 ) ;
#2561 = EDGE_CURVE ( 'NONE', #76, #2146, #3650, .T. ) ;
#2562 = ORIENTED_EDGE ( 'NONE', *, *, #1404, .T. ) ;
#2563 = SHAPE_DEFINITION_REPRESENTATION ( #607, #2735 ) ;
#2564 = CARTESIAN_POINT ( 'NONE',  ( 38.61164423279952729, 156.7740285126873516, 22.29355679643813559 ) ) ;
#2565 = ORIENTED_EDGE ( 'NONE', *, *, #3632, .T. ) ;
#2566 = CARTESIAN_POINT ( 'NONE',  ( 32.60789044797010661, 143.9118906907657163, 43.66928115259478460 ) ) ;
#2567 = CARTESIAN_POINT ( 'NONE',  ( 10.44007135754572957, 156.7740285126873516, 25.12198392118432722 ) ) ;
#2568 = EDGE_CURVE ( 'NONE', #165, #2620, #753, .T. ) ;
#2569 = EDGE_LOOP ( 'NONE', ( #1304, #3184, #1658, #2725, #1826 ) ) ;
#2570 = CYLINDRICAL_SURFACE ( 'NONE', #1545, 2.000000000000001776 ) ;
#2571 = ADVANCED_FACE ( 'NONE', ( #1321 ), #2468, .F. ) ;
#2572 = LINE ( 'NONE', #1737, #1154 ) ;
#2573 = CARTESIAN_POINT ( 'NONE',  ( 33.20841636075749648, 144.0743915592124438, 43.99428288948830357 ) ) ;
#2574 = VECTOR ( 'NONE', #66, 1000.000000000000114 ) ;
#2575 = CARTESIAN_POINT ( 'NONE',  ( 34.84007135754573881, -30.67597148731283596, 28.19355679643765100 ) ) ;
#2576 = CARTESIAN_POINT ( 'NONE',  ( 40.02585779517263376, 158.7740285126873516, 20.87934323406505044 ) ) ;
#2577 = VECTOR ( 'NONE', #586, 1000.000000000000114 ) ;
#2578 = VERTEX_POINT ( 'NONE', #2824 ) ;
#2579 = LINE ( 'NONE', #533, #3073 ) ;
#2580 = ORIENTED_EDGE ( 'NONE', *, *, #3660, .F. ) ;
#2581 = PLANE ( 'NONE',  #3697 ) ;
#2582 = VERTEX_POINT ( 'NONE', #2200 ) ;
#2583 = ORIENTED_EDGE ( 'NONE', *, *, #3396, .T. ) ;
#2584 = LINE ( 'NONE', #1957, #1723 ) ;
#2585 = EDGE_LOOP ( 'NONE', ( #576, #2739, #3172, #247, #459, #3221, #2562 ) ) ;
#2586 = DIRECTION ( 'NONE',  ( -0.2810846377148225606, -0.6785983445458417807, -0.6785983445458512175 ) ) ;
#2587 = VECTOR ( 'NONE', #367, 1000.000000000000000 ) ;
#2588 = VECTOR ( 'NONE', #2347, 1000.000000000000114 ) ;
#2589 = EDGE_LOOP ( 'NONE', ( #1130, #2897, #1106, #2189, #1087, #1064 ) ) ;
#2590 = DIRECTION ( 'NONE',  ( -0.7071067811865450192, 0.000000000000000000, -0.7071067811865500152 ) ) ;
#2591 = EDGE_CURVE ( 'NONE', #3597, #1540, #2277, .T. ) ;
#2592 = AXIS2_PLACEMENT_3D ( 'NONE', #2862, #813, #832 ) ;
#2593 = LINE ( 'NONE', #1116, #2894 ) ;
#2594 = ADVANCED_FACE ( 'NONE', ( #407 ), #701, .T. ) ;
#2595 = FACE_OUTER_BOUND ( 'NONE', #2197, .T. ) ;
#2596 = VECTOR ( 'NONE', #2203, 1000.000000000000000 ) ;
#2597 = CARTESIAN_POINT ( 'NONE',  ( -1.096217497657572502E-13, 153.7740285126873516, 55.29355679643806099 ) ) ;
#2598 = DIRECTION ( 'NONE',  ( 4.097771990496913504E-16, 0.000000000000000000, 1.000000000000000000 ) ) ;
#2599 = ORIENTED_EDGE ( 'NONE', *, *, #1122, .F. ) ;
#2600 = PLANE ( 'NONE',  #3384 ) ;
#2601 = ORIENTED_EDGE ( 'NONE', *, *, #1047, .F. ) ;
#2602 = CARTESIAN_POINT ( 'NONE',  ( 17.04007135754572033, 179.6740285126872152, -6.982632712501955125E-15 ) ) ;
#2603 = VECTOR ( 'NONE', #287, 999.9999999999998863 ) ;
#2604 = EDGE_LOOP ( 'NONE', ( #57, #429, #691, #3404, #1710, #1824, #3192, #1829 ) ) ;
#2605 = VECTOR ( 'NONE', #1918, 1000.000000000000114 ) ;
#2606 = ORIENTED_EDGE ( 'NONE', *, *, #2308, .F. ) ;
#2607 = CARTESIAN_POINT ( 'NONE',  ( 17.04007135754572744, -26.57597148731282743, 28.19355679643765100 ) ) ;
#2608 = ORIENTED_EDGE ( 'NONE', *, *, #3540, .T. ) ;
#2609 = FACE_OUTER_BOUND ( 'NONE', #194, .T. ) ;
#2610 = ORIENTED_EDGE ( 'NONE', *, *, #2124, .T. ) ;
#2611 = CARTESIAN_POINT ( 'NONE',  ( 9.573257280553965742, 153.7740285126873516, -9.573257280553882254 ) ) ;
#2612 = EDGE_CURVE ( 'NONE', #2469, #1750, #1635, .T. ) ;
#2613 = CARTESIAN_POINT ( 'NONE',  ( 11.85428491991877564, -15.72597148731266792, 54.70777035881117456 ) ) ;
#2614 = EDGE_CURVE ( 'NONE', #3812, #1132, #2677, .T. ) ;
#2615 = CARTESIAN_POINT ( 'NONE',  ( 0.000000000000000000, -16.22597148731266259, 53.29355679643813914 ) ) ;
#2616 = CARTESIAN_POINT ( 'NONE',  ( 19.17068844149574502, 144.2896152298985442, 43.03761354536871409 ) ) ;
#2617 = CARTESIAN_POINT ( 'NONE',  ( 41.19007135754573312, -11.42597148731265477, 35.43789436373554480 ) ) ;
#2618 = EDGE_CURVE ( 'NONE', #863, #3555, #473, .T. ) ;
#2619 = EDGE_CURVE ( 'NONE', #3672, #2270, #3070, .T. ) ;
#2620 = VERTEX_POINT ( 'NONE', #3345 ) ;
#2621 = CARTESIAN_POINT ( 'NONE',  ( -20.22659530912066117, 40.44069517935295011, -1.373109870228268692 ) ) ;
#2622 = EDGE_LOOP ( 'NONE', ( #3726, #829, #1012, #1415 ) ) ;
#2623 = DIRECTION ( 'NONE',  ( 0.000000000000000000, 0.000000000000000000, -1.000000000000000000 ) ) ;
#2624 = EDGE_CURVE ( 'NONE', #1061, #2146, #153, .T. ) ;
#2625 = EDGE_LOOP ( 'NONE', ( #2215, #379, #940 ) ) ;
#2626 = ORIENTED_EDGE ( 'NONE', *, *, #1047, .T. ) ;
#2627 = DIRECTION ( 'NONE',  ( -0.000000000000000000, 0.000000000000000000, 1.000000000000000000 ) ) ;
#2628 = ORIENTED_EDGE ( 'NONE', *, *, #1935, .T. ) ;
#2629 = CARTESIAN_POINT ( 'NONE',  ( 39.13357275722874107, -15.77737696013583424, 20.34496226926130191 ) ) ;
#2630 = EDGE_LOOP ( 'NONE', ( #2599, #241, #1934, #1365 ) ) ;
#2631 = EDGE_CURVE ( 'NONE', #2667, #3666, #2508, .T. ) ;
#2632 = CARTESIAN_POINT ( 'NONE',  ( 43.44007135754572602, -15.72597148731266792, 25.12198392118435564 ) ) ;
#2633 = AXIS2_PLACEMENT_3D ( 'NONE', #2941, #209, #3792 ) ;
#2634 = DIRECTION ( 'NONE',  ( 0.6785983445458522167, -0.6785983445458428909, 0.2810846377148181752 ) ) ;
#2635 = EDGE_CURVE ( 'NONE', #525, #1792, #1341, .T. ) ;
#2636 = CARTESIAN_POINT ( 'NONE',  ( 35.34007135754576012, -26.07597148731280612, 28.69355679643767587 ) ) ;
#2637 = CARTESIAN_POINT ( 'NONE',  ( 18.61666392450113605, 144.1012236113587903, 44.04794699378101086 ) ) ;
#2638 = DIRECTION ( 'NONE',  ( -0.7808688094430379367, -0.6246950475544147396, 2.010169443791278946E-13 ) ) ;
#2639 = ORIENTED_EDGE ( 'NONE', *, *, #3256, .T. ) ;
#2640 = CARTESIAN_POINT ( 'NONE',  ( 92.94007135754543469, 40.77402851268613659, 111.7935567964378265 ) ) ;
#2641 = ORIENTED_EDGE ( 'NONE', *, *, #3702, .F. ) ;
#2642 = DIRECTION ( 'NONE',  ( 1.000000000000000000, 0.000000000000000000, 0.000000000000000000 ) ) ;
#2643 = CARTESIAN_POINT ( 'NONE',  ( 0.000000000000000000, -16.22597148731266259, 20.79355679643813914 ) ) ;
#2644 = ADVANCED_FACE ( 'NONE', ( #3385, #385 ), #3693, .T. ) ;
#2645 = VECTOR ( 'NONE', #394, 1000.000000000000000 ) ;
#2646 = VERTEX_POINT ( 'NONE', #1578 ) ;
#2647 = DIRECTION ( 'NONE',  ( 1.000000000000000000, 6.775336120916790397E-32, -1.640400450096255239E-16 ) ) ;
#2648 = AXIS2_PLACEMENT_3D ( 'NONE', #616, #2406, #1181 ) ;
#2649 = ORIENTED_EDGE ( 'NONE', *, *, #1367, .T. ) ;
#2650 = ADVANCED_FACE ( 'NONE', ( #2787 ), #1923, .T. ) ;
#2651 = LINE ( 'NONE', #2357, #3808 ) ;
#2652 = VERTEX_POINT ( 'NONE', #2488 ) ;
#2653 = DIRECTION ( 'NONE',  ( 0.1961161351381837392, 0.000000000000000000, 0.9805806756909202226 ) ) ;
#2654 = CARTESIAN_POINT ( 'NONE',  ( 35.44007135754574023, 149.7240285126874255, 55.29355679643816046 ) ) ;
#2655 = CARTESIAN_POINT ( 'NONE',  ( 10.94007135754573135, -15.72597148731266792, 50.25802289050536587 ) ) ;
#2656 = VECTOR ( 'NONE', #3095, 1000.000000000000114 ) ;
#2657 = CARTESIAN_POINT ( 'NONE',  ( 18.28201333949626317, 144.3989092157403888, 44.64331820254431449 ) ) ;
#2658 = CARTESIAN_POINT ( 'NONE',  ( 17.90507389546356265, 144.6970832751551086, 44.13338107690712064 ) ) ;
#2659 = ORIENTED_EDGE ( 'NONE', *, *, #1640, .T. ) ;
#2660 = CARTESIAN_POINT ( 'NONE',  ( 4.706892348373882974E-15, -26.07597148731280612, 28.69355679643768298 ) ) ;
#2661 = LINE ( 'NONE', #1762, #1338 ) ;
#2662 = CARTESIAN_POINT ( 'NONE',  ( 18.26699297449116344, 144.4364689316031445, 44.71843763426965523 ) ) ;
#2663 = VECTOR ( 'NONE', #2714, 999.9999999999998863 ) ;
#2664 = VERTEX_POINT ( 'NONE', #1360 ) ;
#2665 = ADVANCED_FACE ( 'NONE', ( #2545 ), #852, .F. ) ;
#2666 = LINE ( 'NONE', #2411, #3151 ) ;
#2667 = VERTEX_POINT ( 'NONE', #1747 ) ;
#2668 = CARTESIAN_POINT ( 'NONE',  ( 35.80977925769801828, 100.5795032235856326, -42.99549378176479308 ) ) ;
#2669 = VECTOR ( 'NONE', #3621, 1000.000000000000000 ) ;
#2670 = DIRECTION ( 'NONE',  ( 1.000000000000000000, 0.000000000000000000, 0.000000000000000000 ) ) ;
#2671 = ORIENTED_EDGE ( 'NONE', *, *, #1166, .F. ) ;
#2672 = CIRCLE ( 'NONE', #3166, 2.355662432702597453 ) ;
#2673 = DIRECTION ( 'NONE',  ( -1.000000000000000000, 0.000000000000000000, -0.000000000000000000 ) ) ;
#2674 = PLANE ( 'NONE',  #2337 ) ;
#2675 = CARTESIAN_POINT ( 'NONE',  ( 26.02329360682555759, 124.7057671788458322, 4.229471945555715706 ) ) ;
#2676 = CARTESIAN_POINT ( 'NONE',  ( 18.08602714186811866, 144.5688260194963277, 43.78846260153083136 ) ) ;
#2677 =( BOUNDED_CURVE ( )  B_SPLINE_CURVE ( 3, ( #973, #720, #444, #462 ),
 .UNSPECIFIED., .F., .T. ) 
 B_SPLINE_CURVE_WITH_KNOTS ( ( 4, 4 ),
 ( 2.748893571891068976, 3.141592653589793116 ),
 .UNSPECIFIED. ) 
 CURVE ( )  GEOMETRIC_REPRESENTATION_ITEM ( )  RATIONAL_B_SPLINE_CURVE ( ( 1.000000000000000000, 0.9871901869354868797, 0.9871901869354868797, 1.000000000000000000 ) ) 
 REPRESENTATION_ITEM ( '' )  );
#2678 = EDGE_LOOP ( 'NONE', ( #3768, #2628, #2429, #1655, #1531, #762, #3386, #719, #2005, #1577, #1650, #3, #2935, #1880, #564, #2860, #900, #3075, #3488, #3244, #2867, #3320, #112 ) ) ;
#2679 = CARTESIAN_POINT ( 'NONE',  ( 41.44007135754573312, -11.42597148731265477, 37.79355679643814625 ) ) ;
#2680 = FACE_OUTER_BOUND ( 'NONE', #2678, .T. ) ;
#2681 = CARTESIAN_POINT ( 'NONE',  ( 33.78701836938450498, 144.5646705002347971, 43.77728553063230521 ) ) ;
#2682 = VECTOR ( 'NONE', #2522, 1000.000000000000000 ) ;
#2683 = ORIENTED_EDGE ( 'NONE', *, *, #1822, .T. ) ;
#2684 = CARTESIAN_POINT ( 'NONE',  ( 21.46255293112358586, 179.6740285126872152, 16.09691469832400301 ) ) ;
#2685 = ORIENTED_EDGE ( 'NONE', *, *, #233, .F. ) ;
#2686 = CARTESIAN_POINT ( 'NONE',  ( 8.159043718180864602, 156.7740285126873516, -8.159043718180793547 ) ) ;
#2687 = EDGE_CURVE ( 'NONE', #3034, #1707, #1108, .T. ) ;
#2688 = DIRECTION ( 'NONE',  ( 0.2810846377148181197, -0.6785983445458427799, 0.6785983445458521057 ) ) ;
#2689 = ORIENTED_EDGE ( 'NONE', *, *, #2228, .T. ) ;
#2690 = DIRECTION ( 'NONE',  ( 0.000000000000000000, 0.000000000000000000, -1.000000000000000000 ) ) ;
#2691 = CIRCLE ( 'NONE', #507, 1.999999999999999112 ) ;
#2692 = EDGE_CURVE ( 'NONE', #851, #2664, #226, .T. ) ;
#2693 = CARTESIAN_POINT ( 'NONE',  ( -19.65897576647980571, 153.7740285126873516, 19.65897576647975953 ) ) ;
#2694 = LINE ( 'NONE', #1444, #2199 ) ;
#2695 = ADVANCED_FACE ( 'NONE', ( #2041 ), #245, .F. ) ;
#2696 = DIRECTION ( 'NONE',  ( 0.000000000000000000, 0.000000000000000000, 1.000000000000000000 ) ) ;
#2697 = CARTESIAN_POINT ( 'NONE',  ( 19.06941341024790404, 144.2995797575586607, 43.06440776478575572 ) ) ;
#2698 = VECTOR ( 'NONE', #7, 1000.000000000000000 ) ;
#2699 = EDGE_LOOP ( 'NONE', ( #2012, #2924, #3005 ) ) ;
#2700 = FACE_OUTER_BOUND ( 'NONE', #3686, .T. ) ;
#2701 = DIRECTION ( 'NONE',  ( 0.000000000000000000, 0.000000000000000000, 1.000000000000000000 ) ) ;
#2702 = CARTESIAN_POINT ( 'NONE',  ( 33.27924968729393385, 144.3754366792826715, 43.26840979320940050 ) ) ;
#2703 = CIRCLE ( 'NONE', #1392, 2.000000000000000444 ) ;
#2704 = ORIENTED_EDGE ( 'NONE', *, *, #810, .F. ) ;
#2705 = VECTOR ( 'NONE', #107, 1000.000000000000000 ) ;
#2706 = CARTESIAN_POINT ( 'NONE',  ( 0.000000000000000000, -16.22597148731266259, 0.000000000000000000 ) ) ;
#2707 = EDGE_LOOP ( 'NONE', ( #1856, #1059, #2086, #3490 ) ) ;
#2708 = CARTESIAN_POINT ( 'NONE',  ( 10.24007135754573028, -11.42597148731265477, 37.79355679643814625 ) ) ;
#2709 = CIRCLE ( 'NONE', #1023, 2.000000000000001776 ) ;
#2710 = VECTOR ( 'NONE', #2029, 1000.000000000000000 ) ;
#2711 = AXIS2_PLACEMENT_3D ( 'NONE', #3491, #1708, #827 ) ;
#2712 = DIRECTION ( 'NONE',  ( -1.000000000000000000, 0.000000000000000000, 0.000000000000000000 ) ) ;
#2713 = ORIENTED_EDGE ( 'NONE', *, *, #233, .T. ) ;
#2714 = DIRECTION ( 'NONE',  ( 0.000000000000000000, -0.4472135954999602037, -0.8944271909999148562 ) ) ;
#2715 = LINE ( 'NONE', #44, #1946 ) ;
#2716 = EDGE_CURVE ( 'NONE', #1713, #1759, #3191, .T. ) ;
#2717 = DIRECTION ( 'NONE',  ( 0.000000000000000000, 0.000000000000000000, 1.000000000000000000 ) ) ;
#2718 = CARTESIAN_POINT ( 'NONE',  ( 38.55437678934506351, -17.86422732598294516, 53.15530095776783526 ) ) ;
#2719 = EDGE_CURVE ( 'NONE', #1422, #3748, #807, .T. ) ;
#2720 = EDGE_LOOP ( 'NONE', ( #685, #1051, #535, #2260 ) ) ;
#2721 = CARTESIAN_POINT ( 'NONE',  ( 9.025857795172628428, 156.7740285126873516, 51.87934323406501136 ) ) ;
#2722 = CARTESIAN_POINT ( 'NONE',  ( 15.14007135754572886, -39.62597148731278196, 20.79355679643813914 ) ) ;
#2723 = CARTESIAN_POINT ( 'NONE',  ( 33.72617928047083069, 144.5338778928415593, 43.69447899132158852 ) ) ;
#2724 = AXIS2_PLACEMENT_3D ( 'NONE', #3113, #2239, #115 ) ;
#2725 = ORIENTED_EDGE ( 'NONE', *, *, #301, .F. ) ;
#2726 = FACE_OUTER_BOUND ( 'NONE', #1146, .T. ) ;
#2727 = EDGE_LOOP ( 'NONE', ( #600, #2240, #55, #416 ) ) ;
#2728 = DIRECTION ( 'NONE',  ( -1.000000000000000000, 0.000000000000000000, 1.640400450096255239E-16 ) ) ;
#2729 = AXIS2_PLACEMENT_3D ( 'NONE', #3834, #3232, #1134 ) ;
#2730 = FACE_OUTER_BOUND ( 'NONE', #2863, .T. ) ;
#2731 = ORIENTED_EDGE ( 'NONE', *, *, #2193, .F. ) ;
#2732 = DIRECTION ( 'NONE',  ( -0.7071067811865474617, 0.000000000000000000, 0.7071067811865474617 ) ) ;
#2733 = VECTOR ( 'NONE', #491, 1000.000000000000000 ) ;
#2734 = CARTESIAN_POINT ( 'NONE',  ( 9.573257280553965742, -15.72597148731266792, -9.573257280553882254 ) ) ;
#2735 = ADVANCED_BREP_SHAPE_REPRESENTATION ( '\X2\8272536176d2\X0\-\X2\591658f3\X0\', ( #932, #2144 ), #2887 ) ;
#2736 = DIRECTION ( 'NONE',  ( -1.000000000000000000, 0.000000000000000000, -0.000000000000000000 ) ) ;
#2737 = DIRECTION ( 'NONE',  ( -0.5773502691896321704, -0.5773502691896170713, 0.5773502691896280625 ) ) ;
#2738 = EDGE_CURVE ( 'NONE', #2667, #3789, #2273, .T. ) ;
#2739 = ORIENTED_EDGE ( 'NONE', *, *, #1882, .T. ) ;
#2740 = CARTESIAN_POINT ( 'NONE',  ( 13.26849848229187145, 158.7740285126873516, 53.29355679643808941 ) ) ;
#2741 = FACE_OUTER_BOUND ( 'NONE', #2585, .T. ) ;
#2742 = CARTESIAN_POINT ( 'NONE',  ( 33.51807147804010611, 144.4495228204434341, 43.46763225391411822 ) ) ;
#2743 = ADVANCED_FACE ( 'NONE', ( #3479 ), #1037, .F. ) ;
#2744 = EDGE_CURVE ( 'NONE', #1630, #2309, #2584, .T. ) ;
#2745 = EDGE_LOOP ( 'NONE', ( #1482, #1258, #752, #3534 ) ) ;
#2746 = CARTESIAN_POINT ( 'NONE',  ( 35.94007135754574023, 148.9150115183124683, 54.79355679643813204 ) ) ;
#2747 = VERTEX_POINT ( 'NONE', #2255 ) ;
#2748 = CARTESIAN_POINT ( 'NONE',  ( 45.95260051461883677, 158.7740285126873516, 45.95260051461883677 ) ) ;
#2749 = EDGE_CURVE ( 'NONE', #3514, #320, #3707, .T. ) ;
#2750 = CARTESIAN_POINT ( 'NONE',  ( 37.14255293112448442, 153.7740285126873516, 27.85691469833190936 ) ) ;
#2751 = VERTEX_POINT ( 'NONE', #519 ) ;
#2752 = DIRECTION ( 'NONE',  ( -0.000000000000000000, -0.8506508083520093466, -0.5257311121191832193 ) ) ;
#2753 = VECTOR ( 'NONE', #1609, 1000.000000000000000 ) ;
#2754 = FACE_OUTER_BOUND ( 'NONE', #1080, .T. ) ;
#2755 = LINE ( 'NONE', #3677, #2109 ) ;
#2756 = ORIENTED_EDGE ( 'NONE', *, *, #2308, .T. ) ;
#2757 = CARTESIAN_POINT ( 'NONE',  ( 33.09742233182317506, 144.3411927170199931, 43.17631630267311493 ) ) ;
#2758 = CARTESIAN_POINT ( 'NONE',  ( 8.440071357545729569, 156.7740285126873516, 25.12198392118432722 ) ) ;
#2759 = CARTESIAN_POINT ( 'NONE',  ( 10.94007135754573135, 153.7740285126873516, 50.25802289050536587 ) ) ;
#2760 = CARTESIAN_POINT ( 'NONE',  ( 38.61164423279952729, 156.7740285126873516, 22.29355679643813914 ) ) ;
#2761 = ORIENTED_EDGE ( 'NONE', *, *, #1928, .F. ) ;
#2762 = EDGE_CURVE ( 'NONE', #3028, #2803, #480, .T. ) ;
#2763 = LINE ( 'NONE', #1026, #2682 ) ;
#2764 = ADVANCED_FACE ( 'NONE', ( #1675 ), #3497, .T. ) ;
#2765 = ORIENTED_EDGE ( 'NONE', *, *, #2238, .T. ) ;
#2766 = CARTESIAN_POINT ( 'NONE',  ( 43.44007135754571891, 153.7740285126873516, -1.116392764178403850E-14 ) ) ;
#2767 = ORIENTED_EDGE ( 'NONE', *, *, #1927, .F. ) ;
#2768 = FACE_OUTER_BOUND ( 'NONE', #1419, .T. ) ;
#2769 = FACE_OUTER_BOUND ( 'NONE', #2314, .T. ) ;
#2770 = VECTOR ( 'NONE', #1953, 1000.000000000000000 ) ;
#2771 = LINE ( 'NONE', #705, #2777 ) ;
#2772 = LINE ( 'NONE', #1517, #114 ) ;
#2773 = ORIENTED_EDGE ( 'NONE', *, *, #3654, .F. ) ;
#2774 = CARTESIAN_POINT ( 'NONE',  ( -20.01252915707308233, -16.22597148731266259, 20.01252915707303615 ) ) ;
#2775 = FILL_AREA_STYLE ('',( #2814 ) ) ;
#2776 = CYLINDRICAL_SURFACE ( 'NONE', #699, 1.800000000000002931 ) ;
#2777 = VECTOR ( 'NONE', #80, 1000.000000000000000 ) ;
#2778 = VECTOR ( 'NONE', #3448, 1000.000000000000114 ) ;
#2779 = LINE ( 'NONE', #3358, #1523 ) ;
#2780 = ORIENTED_EDGE ( 'NONE', *, *, #2243, .T. ) ;
#2781 = CARTESIAN_POINT ( 'NONE',  ( 15.64007135754572708, -39.62597148731278196, 20.29355679643813914 ) ) ;
#2782 = VECTOR ( 'NONE', #2647, 1000.000000000000000 ) ;
#2783 = EDGE_CURVE ( 'NONE', #3081, #1672, #1472, .T. ) ;
#2784 = EDGE_LOOP ( 'NONE', ( #1010, #2103, #3431, #1614, #2998 ) ) ;
#2785 = ADVANCED_FACE ( 'NONE', ( #563 ), #1712, .F. ) ;
#2786 = ORIENTED_EDGE ( 'NONE', *, *, #3424, .F. ) ;
#2787 = FACE_OUTER_BOUND ( 'NONE', #948, .T. ) ;
#2788 = ORIENTED_EDGE ( 'NONE', *, *, #3587, .T. ) ;
#2789 = PLANE ( 'NONE',  #3656 ) ;
#2790 = LINE ( 'NONE', #3618, #1479 ) ;
#2791 = EDGE_CURVE ( 'NONE', #3704, #769, #791, .T. ) ;
#2792 = CARTESIAN_POINT ( 'NONE',  ( 36.74007135754573738, 179.6740285126872152, 0.000000000000000000 ) ) ;
#2793 = AXIS2_PLACEMENT_3D ( 'NONE', #689, #3639, #1291 ) ;
#2794 = DIRECTION ( 'NONE',  ( 0.1760901812651242959, 0.4402254531628140843, 0.8804509063256228396 ) ) ;
#2795 = AXIS2_PLACEMENT_3D ( 'NONE', #2708, #1827, #1249 ) ;
#2796 = PLANE ( 'NONE',  #3505 ) ;
#2797 = DIRECTION ( 'NONE',  ( -0.7071067811865479058, 0.000000000000000000, -0.7071067811865471286 ) ) ;
#2798 = AXIS2_PLACEMENT_3D ( 'NONE', #3115, #2241, #409 ) ;
#2799 = FACE_OUTER_BOUND ( 'NONE', #2234, .T. ) ;
#2800 = CARTESIAN_POINT ( 'NONE',  ( 14.31507135754563897, -40.12597148731278907, 26.46022346310628492 ) ) ;
#2801 = ORIENTED_EDGE ( 'NONE', *, *, #523, .T. ) ;
#2802 = CARTESIAN_POINT ( 'NONE',  ( 24.49338090503037790, -3.979281034797471861, 8.546866343922779663 ) ) ;
#2803 = VERTEX_POINT ( 'NONE', #499 ) ;
#2804 = DIRECTION ( 'NONE',  ( -0.000000000000000000, -1.000000000000000000, -0.000000000000000000 ) ) ;
#2805 = CARTESIAN_POINT ( 'NONE',  ( 13.00500272149801972, -15.72597148731266792, 20.29355679643813204 ) ) ;
#2806 = ORIENTED_EDGE ( 'NONE', *, *, #262, .F. ) ;
#2807 = LINE ( 'NONE', #1169, #2137 ) ;
#2808 = PLANE ( 'NONE',  #1197 ) ;
#2809 = CARTESIAN_POINT ( 'NONE',  ( 0.000000000000000000, -16.22597148731266259, 20.79355679643813914 ) ) ;
#2810 = EDGE_CURVE ( 'NONE', #3419, #2544, #207, .T. ) ;
#2811 = LINE ( 'NONE', #1257, #2669 ) ;
#2812 = ADVANCED_FACE ( 'NONE', ( #2939 ), #16, .F. ) ;
#2813 = CARTESIAN_POINT ( 'NONE',  ( 33.89667324928679903, 144.6308515261111154, 43.95527002338906186 ) ) ;
#2814 = FILL_AREA_STYLE_COLOUR ( '', #1706 ) ;
#2815 = CARTESIAN_POINT ( 'NONE',  ( 9.025857795172630205, -15.72597148731266792, 51.87934323406501136 ) ) ;
#2816 = VECTOR ( 'NONE', #1842, 1000.000000000000000 ) ;
#2817 = EDGE_LOOP ( 'NONE', ( #2689, #3648, #749, #1994, #3318 ) ) ;
#2818 = DIRECTION ( 'NONE',  ( 0.000000000000000000, 0.000000000000000000, -1.000000000000000000 ) ) ;
#2819 = ORIENTED_EDGE ( 'NONE', *, *, #381, .T. ) ;
#2820 = LINE ( 'NONE', #2465, #3104 ) ;
#2821 = AXIS2_PLACEMENT_3D ( 'NONE', #2883, #502, #1150 ) ;
#2822 = ORIENTED_EDGE ( 'NONE', *, *, #1355, .T. ) ;
#2823 = ORIENTED_EDGE ( 'NONE', *, *, #1121, .F. ) ;
#2824 = CARTESIAN_POINT ( 'NONE',  ( 16.54007135754569902, -31.17597148731285372, 28.69355679643767942 ) ) ;
#2825 = ORIENTED_EDGE ( 'NONE', *, *, #2409, .F. ) ;
#2826 = CARTESIAN_POINT ( 'NONE',  ( 15.44007135754573490, 148.9150115183124967, 55.29355679643808941 ) ) ;
#2827 = FACE_OUTER_BOUND ( 'NONE', #1898, .T. ) ;
#2828 = VECTOR ( 'NONE', #2214, 1000.000000000000000 ) ;
#2829 = EDGE_CURVE ( 'NONE', #2297, #1112, #599, .T. ) ;
#2830 = AXIS2_PLACEMENT_3D ( 'NONE', #842, #2944, #1987 ) ;
#2831 = CIRCLE ( 'NONE', #841, 2.000000000000001776 ) ;
#2832 = CARTESIAN_POINT ( 'NONE',  ( 33.48758465480663915, 144.2560153750498557, 44.35753052116319139 ) ) ;
#2833 = CARTESIAN_POINT ( 'NONE',  ( 35.44007135754574023, 150.0330455070623259, 55.29355679643813204 ) ) ;
#2834 = CARTESIAN_POINT ( 'NONE',  ( 36.74007135754573738, -16.22597148731266259, 20.79355679643813914 ) ) ;
#2835 = EDGE_CURVE ( 'NONE', #2172, #476, #1536, .T. ) ;
#2836 = ORIENTED_EDGE ( 'NONE', *, *, #3300, .F. ) ;
#2837 = LINE ( 'NONE', #166, #2770 ) ;
#2838 = ORIENTED_EDGE ( 'NONE', *, *, #2538, .T. ) ;
#2839 = DIRECTION ( 'NONE',  ( -0.7071067811865441310, 0.000000000000000000, -0.7071067811865510144 ) ) ;
#2840 = VERTEX_POINT ( 'NONE', #3246 ) ;
#2841 = ORIENTED_EDGE ( 'NONE', *, *, #3799, .F. ) ;
#2842 = CARTESIAN_POINT ( 'NONE',  ( 35.34007135754576012, -30.67597148731282530, 28.69355679643767587 ) ) ;
#2843 = ORIENTED_EDGE ( 'NONE', *, *, #3416, .F. ) ;
#2844 = CARTESIAN_POINT ( 'NONE',  ( 18.22398749020472408, -25.50988761997152920, 47.24092604116962235 ) ) ;
#2845 = DIRECTION ( 'NONE',  ( -1.000000000000000000, 0.000000000000000000, 0.000000000000000000 ) ) ;
#2846 = ORIENTED_EDGE ( 'NONE', *, *, #157, .F. ) ;
#2847 = DIRECTION ( 'NONE',  ( -0.6000000000002722045, 0.000000000000000000, -0.7999999999997957634 ) ) ;
#2848 = AXIS2_PLACEMENT_3D ( 'NONE', #2067, #2690, #2673 ) ;
#2849 = CARTESIAN_POINT ( 'NONE',  ( 16.65196914205747092, 148.4740285126873971, 52.79355679643813914 ) ) ;
#2850 = DIRECTION ( 'NONE',  ( -0.000000000000000000, 0.000000000000000000, -1.000000000000000000 ) ) ;
#2851 = CARTESIAN_POINT ( 'NONE',  ( 38.61164423279954860, 156.7740285126873516, 53.29355679643813914 ) ) ;
#2852 = EDGE_CURVE ( 'NONE', #1160, #3629, #3264, .T. ) ;
#2853 = ORIENTED_EDGE ( 'NONE', *, *, #73, .F. ) ;
#2854 = DIRECTION ( 'NONE',  ( 0.000000000000000000, 0.000000000000000000, 1.000000000000000000 ) ) ;
#2855 = TOROIDAL_SURFACE ( 'NONE', #2322, 2.788675134594813976, 0.5000000000000000000 ) ;
#2856 = ORIENTED_EDGE ( 'NONE', *, *, #3156, .T. ) ;
#2857 = ADVANCED_FACE ( 'NONE', ( #302 ), #1493, .T. ) ;
#2858 = PLANE ( 'NONE',  #1654 ) ;
#2859 = EDGE_CURVE ( 'NONE', #1972, #2955, #2131, .T. ) ;
#2860 = ORIENTED_EDGE ( 'NONE', *, *, #2612, .T. ) ;
#2861 = ORIENTED_EDGE ( 'NONE', *, *, #3545, .T. ) ;
#2862 = CARTESIAN_POINT ( 'NONE',  ( 17.78102763936503905, -16.22597148731266259, 17.78102763936502839 ) ) ;
#2863 = EDGE_LOOP ( 'NONE', ( #2982, #2236, #3589, #133 ) ) ;
#2864 = ADVANCED_FACE ( 'NONE', ( #1247 ), #2428, .F. ) ;
#2865 = DIRECTION ( 'NONE',  ( 0.000000000000000000, 0.4472135954999602037, 0.8944271909999148562 ) ) ;
#2866 = CARTESIAN_POINT ( 'NONE',  ( 13.69007135754569227, 153.7740285126873516, 26.46022346310656204 ) ) ;
#2867 = ORIENTED_EDGE ( 'NONE', *, *, #2188, .T. ) ;
#2868 = LINE ( 'NONE', #1092, #1961 ) ;
#2869 = CARTESIAN_POINT ( 'NONE',  ( 15.14007135754573063, 153.7740285126873516, 22.79355679643813559 ) ) ;
#2870 = CARTESIAN_POINT ( 'NONE',  ( 40.02585779517264797, 156.7740285126873516, 54.70777035881123140 ) ) ;
#2871 = DIRECTION ( 'NONE',  ( 0.000000000000000000, 0.000000000000000000, 1.000000000000000000 ) ) ;
#2872 = DIRECTION ( 'NONE',  ( -0.7071067811865467956, -0.000000000000000000, -0.7071067811865483499 ) ) ;
#2873 = VERTEX_POINT ( 'NONE', #1767 ) ;
#2874 = LINE ( 'NONE', #3473, #3692 ) ;
#2875 = ORIENTED_EDGE ( 'NONE', *, *, #3730, .T. ) ;
#2876 = DIRECTION ( 'NONE',  ( 0.5773502691896283956, -0.5773502691896205130, -0.5773502691896283956 ) ) ;
#2877 = VECTOR ( 'NONE', #3046, 1000.000000000000000 ) ;
#2878 = ORIENTED_EDGE ( 'NONE', *, *, #3212, .T. ) ;
#2879 = VERTEX_POINT ( 'NONE', #37 ) ;
#2880 = EDGE_CURVE ( 'NONE', #1941, #1224, #2666, .T. ) ;
#2881 = DIRECTION ( 'NONE',  ( -0.000000000000000000, -1.000000000000000000, -0.000000000000000000 ) ) ;
#2882 = VERTEX_POINT ( 'NONE', #928 ) ;
#2883 = CARTESIAN_POINT ( 'NONE',  ( 10.44007135754572957, 153.7740285126873516, 25.12198392118432722 ) ) ;
#2884 = EDGE_CURVE ( 'NONE', #370, #1061, #3301, .T. ) ;
#2885 = ORIENTED_EDGE ( 'NONE', *, *, #1758, .F. ) ;
#2886 = CARTESIAN_POINT ( 'NONE',  ( 34.84007135754573881, -30.67597148731282530, -1.267007806843801570E-14 ) ) ;
#2887 =( GEOMETRIC_REPRESENTATION_CONTEXT ( 3 ) GLOBAL_UNCERTAINTY_ASSIGNED_CONTEXT ( ( #2208 ) ) GLOBAL_UNIT_ASSIGNED_CONTEXT ( ( #3655, #1998, #1377 ) ) REPRESENTATION_CONTEXT ( 'NONE', 'WORKASPACE' ) );
#2888 = AXIS2_PLACEMENT_3D ( 'NONE', #2059, #3242, #709 ) ;
#2889 = DIRECTION ( 'NONE',  ( -0.7071067811865426878, -0.7071067811865523467, 2.114642392724565030E-16 ) ) ;
#2890 = LINE ( 'NONE', #452, #3015 ) ;
#2891 = AXIS2_PLACEMENT_3D ( 'NONE', #2760, #1879, #1315 ) ;
#2892 = CARTESIAN_POINT ( 'NONE',  ( 18.78272038326830540, 144.3411927170200784, 43.17631630267309362 ) ) ;
#2893 = CARTESIAN_POINT ( 'NONE',  ( 36.74007135754573738, 153.7740285126873516, 0.000000000000000000 ) ) ;
#2894 = VECTOR ( 'NONE', #2304, 1000.000000000000000 ) ;
#2895 = ORIENTED_EDGE ( 'NONE', *, *, #2122, .F. ) ;
#2896 = CARTESIAN_POINT ( 'NONE',  ( 36.47340469087854586, -39.70930482064650846, 28.61022346310394937 ) ) ;
#2897 = ORIENTED_EDGE ( 'NONE', *, *, #2719, .T. ) ;
#2898 = PLANE ( 'NONE',  #656 ) ;
#2899 = ORIENTED_EDGE ( 'NONE', *, *, #742, .F. ) ;
#2900 = ORIENTED_EDGE ( 'NONE', *, *, #543, .F. ) ;
#2901 = DIRECTION ( 'NONE',  ( 0.7071067811865475727, -0.000000000000000000, 0.7071067811865475727 ) ) ;
#2902 = ORIENTED_EDGE ( 'NONE', *, *, #1899, .F. ) ;
#2903 = DIRECTION ( 'NONE',  ( -0.000000000000000000, 1.000000000000000000, -0.000000000000000000 ) ) ;
#2904 = EDGE_CURVE ( 'NONE', #313, #2183, #3596, .T. ) ;
#2905 = ADVANCED_FACE ( 'NONE', ( #2726 ), #638, .T. ) ;
#2906 = ORIENTED_EDGE ( 'NONE', *, *, #742, .T. ) ;
#2907 = DIRECTION ( 'NONE',  ( 1.000000000000000000, -0.000000000000000000, -0.000000000000000000 ) ) ;
#2908 = ADVANCED_FACE ( 'NONE', ( #340 ), #3848, .F. ) ;
#2909 = AXIS2_PLACEMENT_3D ( 'NONE', #2766, #2221, #94 ) ;
#2910 = EDGE_CURVE ( 'NONE', #2469, #1112, #2139, .T. ) ;
#2911 = CARTESIAN_POINT ( 'NONE',  ( 0.000000000000000000, -15.72597148731266792, 22.79355679643813559 ) ) ;
#2912 = CARTESIAN_POINT ( 'NONE',  ( 40.35428491991882538, 153.7740285126873516, 50.84380932813231624 ) ) ;
#2913 = VECTOR ( 'NONE', #1964, 1000.000000000000000 ) ;
#2914 = CARTESIAN_POINT ( 'NONE',  ( 19.57967916298285260, 144.2732324524776857, 42.99355679643813488 ) ) ;
#2915 = CARTESIAN_POINT ( 'NONE',  ( 38.61164423279954150, 153.7740285126873516, 55.29355679643813914 ) ) ;
#2916 = ORIENTED_EDGE ( 'NONE', *, *, #2880, .T. ) ;
#2917 = DIRECTION ( 'NONE',  ( 0.7071067811865444641, 0.000000000000000000, 0.7071067811865505703 ) ) ;
#2918 = EDGE_LOOP ( 'NONE', ( #393, #1726, #3051, #3578, #2765, #2386, #3482 ) ) ;
#2919 = CARTESIAN_POINT ( 'NONE',  ( 13.26849848229187678, 153.7740285126873516, 53.29355679643808941 ) ) ;
#2920 = AXIS2_PLACEMENT_3D ( 'NONE', #661, #953, #2085 ) ;
#2921 = ORIENTED_EDGE ( 'NONE', *, *, #2791, .T. ) ;
#2922 = ORIENTED_EDGE ( 'NONE', *, *, #2122, .T. ) ;
#2923 = CARTESIAN_POINT ( 'NONE',  ( 40.02585779517263376, -15.72597148731266792, 20.87934323406504689 ) ) ;
#2924 = ORIENTED_EDGE ( 'NONE', *, *, #1784, .T. ) ;
#2925 = CARTESIAN_POINT ( 'NONE',  ( 12.41091691376321116, -18.29635654089585373, 20.22317174285491959 ) ) ;
#2926 = ORIENTED_EDGE ( 'NONE', *, *, #2852, .F. ) ;
#2927 = LINE ( 'NONE', #875, #230 ) ;
#2928 = LINE ( 'NONE', #550, #3077 ) ;
#2929 = EDGE_CURVE ( 'NONE', #702, #714, #3828, .T. ) ;
#2930 = LINE ( 'NONE', #349, #2091 ) ;
#2931 = FACE_OUTER_BOUND ( 'NONE', #1500, .T. ) ;
#2932 = EDGE_CURVE ( 'NONE', #3510, #317, #1475, .T. ) ;
#2933 = ORIENTED_EDGE ( 'NONE', *, *, #1332, .F. ) ;
#2934 = CARTESIAN_POINT ( 'NONE',  ( 10.09338090503046281, -21.27266193982787357, 25.84024724895342473 ) ) ;
#2935 = ORIENTED_EDGE ( 'NONE', *, *, #2932, .F. ) ;
#2936 = DIRECTION ( 'NONE',  ( -0.8660254037844380415, 6.123233995736778362E-17, -0.5000000000000009992 ) ) ;
#2937 = CARTESIAN_POINT ( 'NONE',  ( 18.61338714181041709, 144.0983412787438738, 44.04218232855107829 ) ) ;
#2938 = ORIENTED_EDGE ( 'NONE', *, *, #328, .T. ) ;
#2939 = FACE_OUTER_BOUND ( 'NONE', #303, .T. ) ;
#2940 = EDGE_LOOP ( 'NONE', ( #3761, #2017, #482, #1030 ) ) ;
#2941 = CARTESIAN_POINT ( 'NONE',  ( 10.24007135754573028, -11.42597148731265477, 37.79355679643814625 ) ) ;
#2942 = ORIENTED_EDGE ( 'NONE', *, *, #2783, .F. ) ;
#2943 = FACE_OUTER_BOUND ( 'NONE', #990, .T. ) ;
#2944 = DIRECTION ( 'NONE',  ( 0.000000000000000000, -1.000000000000000000, 0.000000000000000000 ) ) ;
#2945 = CARTESIAN_POINT ( 'NONE',  ( 8.440071357545729569, -15.72597148731266792, 0.000000000000000000 ) ) ;
#2946 = CARTESIAN_POINT ( 'NONE',  ( 19.57967916298285260, 144.2732324524776857, 42.99355679643813488 ) ) ;
#2947 = EDGE_CURVE ( 'NONE', #1322, #2992, #3771, .T. ) ;
#2948 = VECTOR ( 'NONE', #629, 1000.000000000000114 ) ;
#2949 = ORIENTED_EDGE ( 'NONE', *, *, #401, .T. ) ;
#2950 = CARTESIAN_POINT ( 'NONE',  ( 36.74007135754573738, 153.7740285126873516, 24.52689012977103644 ) ) ;
#2951 = DIRECTION ( 'NONE',  ( -1.000000000000000000, -3.469446951953610639E-15, -1.734723475976805319E-15 ) ) ;
#2952 = CARTESIAN_POINT ( 'NONE',  ( 41.44007135754573312, 158.7740285126873516, 50.46512967169195463 ) ) ;
#2953 = EDGE_CURVE ( 'NONE', #962, #1883, #439, .T. ) ;
#2954 = AXIS2_PLACEMENT_3D ( 'NONE', #2194, #3377, #2818 ) ;
#2955 = VERTEX_POINT ( 'NONE', #87 ) ;
#2956 = CARTESIAN_POINT ( 'NONE',  ( 8.693147754677408301, -15.77737696013583424, 51.47393487672305668 ) ) ;
#2957 = ORIENTED_EDGE ( 'NONE', *, *, #1966, .T. ) ;
#2958 = CARTESIAN_POINT ( 'NONE',  ( 0.000000000000000000, 153.7740285126873516, 52.79355679643813204 ) ) ;
#2959 = CARTESIAN_POINT ( 'NONE',  ( 0.000000000000000000, -15.72597148731266792, 22.79355679643813559 ) ) ;
#2960 = ORIENTED_EDGE ( 'NONE', *, *, #2450, .T. ) ;
#2961 = VECTOR ( 'NONE', #102, 1000.000000000000000 ) ;
#2962 = DIRECTION ( 'NONE',  ( 0.7071067811865470176, 0.000000000000000000, 0.7071067811865481278 ) ) ;
#2963 = AXIS2_PLACEMENT_3D ( 'NONE', #2440, #2480, #745 ) ;
#2964 = CARTESIAN_POINT ( 'NONE',  ( 40.02585779517263376, -15.72597148731266792, 20.87934323406504689 ) ) ;
#2965 = VECTOR ( 'NONE', #1980, 1000.000000000000000 ) ;
#2966 = DIRECTION ( 'NONE',  ( 0.000000000000000000, -1.000000000000000000, 0.000000000000000000 ) ) ;
#2967 = CARTESIAN_POINT ( 'NONE',  ( 18.64914821610402385, 144.3693040665986871, 43.25191480728034321 ) ) ;
#2968 = B_SPLINE_SURFACE_WITH_KNOTS ( 'NONE', 1, 3, ( 
 ( #2914, #1370, #802, #2616, #1684, #3180, #2892, #237, #509, #3780, #3797, #2324, #1138, #3506, #843, #453, #1347, #3721 ),
 ( #2554, #1056, #3429, #3740, #1949, #1663, #1463, #310, #3292, #8, #2637, #1176, #2053, #1776, #27, #46, #2657, #2031 ) ),
 .UNSPECIFIED., .F., .F., .F.,
 ( 2, 2 ),
 ( 4, 2, 2, 2, 2, 2, 2, 2, 4 ),
 ( 0.000000000000000000, 1.000000000000000000 ),
 ( 3.141592653589793116, 3.313267749457919464, 3.484942845326046257, 3.656617941194173049, 3.828293037062299398, 3.999968132930426190, 4.171643228798552983, 4.343318324666679331, 4.514993420534805679 ),
 .UNSPECIFIED. ) ;
#2969 = ORIENTED_EDGE ( 'NONE', *, *, #3542, .F. ) ;
#2970 = EDGE_CURVE ( 'NONE', #1399, #495, #732, .T. ) ;
#2971 = PLANE ( 'NONE',  #3016 ) ;
#2972 =( BOUNDED_CURVE ( )  B_SPLINE_CURVE ( 3, ( #1103, #1993, #1142, #2327 ),
 .UNSPECIFIED., .F., .T. ) 
 B_SPLINE_CURVE_WITH_KNOTS ( ( 4, 4 ),
 ( 3.141592653589793116, 3.534291735288517255 ),
 .UNSPECIFIED. ) 
 CURVE ( )  GEOMETRIC_REPRESENTATION_ITEM ( )  RATIONAL_B_SPLINE_CURVE ( ( 1.000000000000000000, 0.9871901869354868797, 0.9871901869354868797, 1.000000000000000000 ) ) 
 REPRESENTATION_ITEM ( '' )  );
#2973 = CARTESIAN_POINT ( 'NONE',  ( 17.81463394673919254, 144.8113050826627841, 44.44054775318941353 ) ) ;
#2974 = AXIS2_PLACEMENT_3D ( 'NONE', #1288, #3635, #410 ) ;
#2975 = ORIENTED_EDGE ( 'NONE', *, *, #1218, .F. ) ;
#2976 = DIRECTION ( 'NONE',  ( -0.7071067811865474617, -0.000000000000000000, 0.7071067811865474617 ) ) ;
#2977 = ORIENTED_EDGE ( 'NONE', *, *, #2093, .F. ) ;
#2978 = EDGE_CURVE ( 'NONE', #3188, #1540, #2483, .T. ) ;
#2979 = VECTOR ( 'NONE', #2688, 1000.000000000000000 ) ;
#2980 = EDGE_CURVE ( 'NONE', #2018, #644, #3631, .T. ) ;
#2981 = PLANE ( 'NONE',  #3467 ) ;
#2982 = ORIENTED_EDGE ( 'NONE', *, *, #2238, .F. ) ;
#2983 = AXIS2_PLACEMENT_3D ( 'NONE', #755, #1637, #1906 ) ;
#2984 = CYLINDRICAL_SURFACE ( 'NONE', #352, 1.800000000000002931 ) ;
#2985 = LINE ( 'NONE', #3219, #775 ) ;
#2986 = B_SPLINE_CURVE_WITH_KNOTS ( 'NONE', 1,
 ( #3602, #936 ),
 .UNSPECIFIED., .F., .F.,
 ( 2, 2 ),
 ( 0.000000000000000000, 0.001499999999999930642 ),
 .UNSPECIFIED. ) ;
#2987 = FACE_OUTER_BOUND ( 'NONE', #421, .T. ) ;
#2988 = ORIENTED_EDGE ( 'NONE', *, *, #1692, .T. ) ;
#2989 = CARTESIAN_POINT ( 'NONE',  ( 34.06550876835228081, 153.7740285126873516, 44.44054775318940642 ) ) ;
#2990 = CARTESIAN_POINT ( 'NONE',  ( 12.64717813873224728, -16.22597148731266259, 54.79355679643808941 ) ) ;
#2991 = AXIS2_PLACEMENT_3D ( 'NONE', #2196, #422, #1593 ) ;
#2992 = VERTEX_POINT ( 'NONE', #1557 ) ;
#2993 = CARTESIAN_POINT ( 'NONE',  ( -1.096217497657572502E-13, 156.7740285126873516, 55.29355679643806099 ) ) ;
#2994 = ORIENTED_EDGE ( 'NONE', *, *, #2124, .F. ) ;
#2995 = CARTESIAN_POINT ( 'NONE',  ( 25.94007135754572957, -40.12597148731278907, 28.19355679643767942 ) ) ;
#2996 = ADVANCED_FACE ( 'NONE', ( #2520 ), #2159, .F. ) ;
#2997 = CARTESIAN_POINT ( 'NONE',  ( 25.67571490132409906, 153.7740285126873516, 5.135142980264808088 ) ) ;
#2998 = ORIENTED_EDGE ( 'NONE', *, *, #3701, .F. ) ;
#2999 = PLANE ( 'NONE',  #2473 ) ;
#3000 = EDGE_CURVE ( 'NONE', #1000, #584, #3756, .T. ) ;
#3001 = CARTESIAN_POINT ( 'NONE',  ( 41.44007135754572602, 156.7740285126873516, 25.12198392118435919 ) ) ;
#3002 = AXIS2_PLACEMENT_3D ( 'NONE', #2686, #2123, #1206 ) ;
#3003 = CARTESIAN_POINT ( 'NONE',  ( 40.94007135754573312, -15.72597148731266792, 49.42959576575921687 ) ) ;
#3004 = CARTESIAN_POINT ( 'NONE',  ( 17.98748457115715738, 144.6297840502161591, 43.95238565319218083 ) ) ;
#3005 = ORIENTED_EDGE ( 'NONE', *, *, #552, .F. ) ;
#3006 = CARTESIAN_POINT ( 'NONE',  ( 41.94007135754573312, -11.42597148731265477, 37.79355679643814625 ) ) ;
#3007 = CARTESIAN_POINT ( 'NONE',  ( 24.20903770934078736, 143.5740285126873630, -4.841807541868149656 ) ) ;
#3008 = PLANE ( 'NONE',  #2192 ) ;
#3009 = ORIENTED_EDGE ( 'NONE', *, *, #2523, .T. ) ;
#3010 = VECTOR ( 'NONE', #3315, 1000.000000000000000 ) ;
#3011 = DIRECTION ( 'NONE',  ( -0.7071067811865475727, -0.6324555320336752162, 0.3162277660168395510 ) ) ;
#3012 = ORIENTED_EDGE ( 'NONE', *, *, #1447, .F. ) ;
#3013 = CARTESIAN_POINT ( 'NONE',  ( 9.025857795172633757, 153.7740285126873516, 23.70777035881123496 ) ) ;
#3014 = AXIS2_PLACEMENT_3D ( 'NONE', #3006, #1532, #3222 ) ;
#3015 = VECTOR ( 'NONE', #508, 999.9999999999998863 ) ;
#3016 = AXIS2_PLACEMENT_3D ( 'NONE', #2388, #577, #1821 ) ;
#3017 = LINE ( 'NONE', #626, #2979 ) ;
#3018 = ORIENTED_EDGE ( 'NONE', *, *, #3138, .T. ) ;
#3019 = CARTESIAN_POINT ( 'NONE',  ( 9.573257280553965742, -15.72597148731266792, -9.573257280553882254 ) ) ;
#3020 = EDGE_CURVE ( 'NONE', #2355, #2404, #1278, .T. ) ;
#3021 = EDGE_CURVE ( 'NONE', #1956, #2270, #2779, .T. ) ;
#3022 = DIRECTION ( 'NONE',  ( 0.000000000000000000, -1.000000000000000000, 0.000000000000000000 ) ) ;
#3023 = EDGE_CURVE ( 'NONE', #320, #2747, #2267, .T. ) ;
#3024 = CARTESIAN_POINT ( 'NONE',  ( 0.000000000000000000, 153.7740285126873516, 22.79355679643813559 ) ) ;
#3025 = ADVANCED_FACE ( 'NONE', ( #3066 ), #1862, .T. ) ;
#3026 = LINE ( 'NONE', #312, #3778 ) ;
#3027 = EDGE_CURVE ( 'NONE', #2297, #307, #1024, .T. ) ;
#3028 = VERTEX_POINT ( 'NONE', #1897 ) ;
#3029 = DIRECTION ( 'NONE',  ( 0.000000000000000000, 0.000000000000000000, 1.000000000000000000 ) ) ;
#3030 = FACE_OUTER_BOUND ( 'NONE', #1230, .T. ) ;
#3031 = DIRECTION ( 'NONE',  ( -0.7071067811865523467, 0.7071067811865426878, -2.775557561562891351E-17 ) ) ;
#3032 = ORIENTED_EDGE ( 'NONE', *, *, #549, .F. ) ;
#3033 = FACE_BOUND ( 'NONE', #1489, .T. ) ;
#3034 = VERTEX_POINT ( 'NONE', #109 ) ;
#3035 = CARTESIAN_POINT ( 'NONE',  ( 16.44007135754574378, 149.5858319115623942, 55.01716359418807656 ) ) ;
#3036 = CARTESIAN_POINT ( 'NONE',  ( 34.84007135754573881, 179.6740285126872152, 0.000000000000000000 ) ) ;
#3037 = VERTEX_POINT ( 'NONE', #3050 ) ;
#3038 = LINE ( 'NONE', #3674, #49 ) ;
#3039 = DIRECTION ( 'NONE',  ( -0.7071067811865444641, 0.000000000000000000, -0.7071067811865505703 ) ) ;
#3040 = CYLINDRICAL_SURFACE ( 'NONE', #2461, 2.000000000000002665 ) ;
#3041 = CARTESIAN_POINT ( 'NONE',  ( 35.94007135754574023, 148.9150115183124683, 54.79355679643813204 ) ) ;
#3042 = ADVANCED_FACE ( 'NONE', ( #1628 ), #3413, .F. ) ;
#3043 = ORIENTED_EDGE ( 'NONE', *, *, #2635, .T. ) ;
#3044 = CARTESIAN_POINT ( 'NONE',  ( 38.61164423279954860, 156.7740285126873516, 53.29355679643813914 ) ) ;
#3045 = CARTESIAN_POINT ( 'NONE',  ( -1.056566675349531251E-13, 158.7740285126873516, 53.29355679643806099 ) ) ;
#3046 = DIRECTION ( 'NONE',  ( 0.7030507264994221295, 0.7111397021462342316, -4.783659277278336086E-14 ) ) ;
#3047 = EDGE_CURVE ( 'NONE', #1939, #3188, #3665, .T. ) ;
#3048 = ORIENTED_EDGE ( 'NONE', *, *, #2880, .F. ) ;
#3049 = VERTEX_POINT ( 'NONE', #1612 ) ;
#3050 = CARTESIAN_POINT ( 'NONE',  ( 15.94007135754574023, 148.9150115183124967, 54.79355679643811783 ) ) ;
#3051 = ORIENTED_EDGE ( 'NONE', *, *, #3683, .T. ) ;
#3052 = LINE ( 'NONE', #380, #1155 ) ;
#3053 = ORIENTED_EDGE ( 'NONE', *, *, #3020, .F. ) ;
#3054 = DIRECTION ( 'NONE',  ( 1.000000000000000000, -0.000000000000000000, 0.000000000000000000 ) ) ;
#3055 = ORIENTED_EDGE ( 'NONE', *, *, #3255, .F. ) ;
#3056 = DIRECTION ( 'NONE',  ( 1.000000000000000000, -0.000000000000000000, 0.000000000000000000 ) ) ;
#3057 = CARTESIAN_POINT ( 'NONE',  ( 17.78102763936502484, 158.7740285126873516, 17.78102763936502484 ) ) ;
#3058 = AXIS2_PLACEMENT_3D ( 'NONE', #3695, #1035, #1069 ) ;
#3059 = DIRECTION ( 'NONE',  ( 1.165308429696719549E-15, 0.5257311121191678982, -0.8506508083520187835 ) ) ;
#3060 = FACE_OUTER_BOUND ( 'NONE', #2569, .T. ) ;
#3061 = EDGE_LOOP ( 'NONE', ( #333, #3573, #884, #2608, #865, #1572, #1634, #3521 ) ) ;
#3062 = CARTESIAN_POINT ( 'NONE',  ( 41.29362474813899553, -16.22597148731266259, 50.61157628109869222 ) ) ;
#3063 = LINE ( 'NONE', #1858, #3196 ) ;
#3064 = CARTESIAN_POINT ( 'NONE',  ( 15.44007135754573845, 153.7740285126873516, 52.79355679643813914 ) ) ;
#3065 = EDGE_CURVE ( 'NONE', #2081, #1669, #712, .T. ) ;
#3066 = FACE_OUTER_BOUND ( 'NONE', #2817, .T. ) ;
#3067 = ORIENTED_EDGE ( 'NONE', *, *, #664, .T. ) ;
#3068 = EDGE_CURVE ( 'NONE', #320, #702, #2233, .T. ) ;
#3069 = DIRECTION ( 'NONE',  ( -0.2810846377148374375, 0.6785983445458391161, 0.6785983445458477759 ) ) ;
#3070 =( BOUNDED_CURVE ( )  B_SPLINE_CURVE ( 3, ( #428, #1867, #2805, #3671 ),
 .UNSPECIFIED., .F., .T. ) 
 B_SPLINE_CURVE_WITH_KNOTS ( ( 4, 4 ),
 ( 5.890486225480862537, 6.283185307179586232 ),
 .UNSPECIFIED. ) 
 CURVE ( )  GEOMETRIC_REPRESENTATION_ITEM ( )  RATIONAL_B_SPLINE_CURVE ( ( 1.000000000000000000, 0.9871901869354868797, 0.9871901869354868797, 1.000000000000000000 ) ) 
 REPRESENTATION_ITEM ( '' )  );
#3071 = VERTEX_POINT ( 'NONE', #2800 ) ;
#3072 = EDGE_LOOP ( 'NONE', ( #2442, #3532, #1808, #2938 ) ) ;
#3073 = VECTOR ( 'NONE', #3762, 1000.000000000000000 ) ;
#3074 = CARTESIAN_POINT ( 'NONE',  ( 43.38866588472256325, -15.77737696013580404, 24.60005539675514541 ) ) ;
#3075 = ORIENTED_EDGE ( 'NONE', *, *, #3255, .T. ) ;
#3076 = DIRECTION ( 'NONE',  ( 0.000000000000000000, 0.000000000000000000, 1.000000000000000000 ) ) ;
#3077 = VECTOR ( 'NONE', #1719, 1000.000000000000000 ) ;
#3078 = PLANE ( 'NONE',  #1281 ) ;
#3079 = DIRECTION ( 'NONE',  ( -0.6666666666666661856, 0.7453559924999303421, -0.000000000000000000 ) ) ;
#3080 = EDGE_CURVE ( 'NONE', #2521, #1630, #3685, .T. ) ;
#3081 = VERTEX_POINT ( 'NONE', #3108 ) ;
#3082 = CARTESIAN_POINT ( 'NONE',  ( 38.61164423279954860, 156.7740285126873516, 53.29355679643813914 ) ) ;
#3083 = CARTESIAN_POINT ( 'NONE',  ( 15.14007135754571998, 179.6740285126872152, -6.204056034307541845E-15 ) ) ;
#3084 = CARTESIAN_POINT ( 'NONE',  ( 10.94007135754572957, -11.42597148731265477, 40.58223193103295756 ) ) ;
#3085 = VECTOR ( 'NONE', #724, 1000.000000000000000 ) ;
#3086 = VECTOR ( 'NONE', #1390, 1000.000000000000000 ) ;
#3087 = ADVANCED_FACE ( 'NONE', ( #3033, #1725 ), #240, .T. ) ;
#3088 = DIRECTION ( 'NONE',  ( -1.000000000000000000, 0.000000000000000000, 0.000000000000000000 ) ) ;
#3089 = ORIENTED_EDGE ( 'NONE', *, *, #1810, .T. ) ;
#3090 = CYLINDRICAL_SURFACE ( 'NONE', #1002, 1.999999999999997780 ) ;
#3091 = AXIS2_PLACEMENT_3D ( 'NONE', #621, #2080, #2445 ) ;
#3092 = EDGE_LOOP ( 'NONE', ( #1438, #597, #972, #2841 ) ) ;
#3093 = CARTESIAN_POINT ( 'NONE',  ( 35.94007135754574023, -15.72597148731266792, 0.000000000000000000 ) ) ;
#3094 = EDGE_CURVE ( 'NONE', #525, #3849, #512, .T. ) ;
#3095 = DIRECTION ( 'NONE',  ( 0.5999999999998421041, -0.000000000000000000, -0.8000000000001183942 ) ) ;
#3096 = AXIS2_PLACEMENT_3D ( 'NONE', #3176, #505, #2847 ) ;
#3097 = VERTEX_POINT ( 'NONE', #1373 ) ;
#3098 = FACE_OUTER_BOUND ( 'NONE', #3822, .T. ) ;
#3099 = CARTESIAN_POINT ( 'NONE',  ( 15.36507135754521514, -39.62597148731272512, 28.69355679643767942 ) ) ;
#3100 = EDGE_CURVE ( 'NONE', #2119, #2882, #767, .T. ) ;
#3101 = CARTESIAN_POINT ( 'NONE',  ( 54.37125695635860723, -34.15715708612528090, 36.86237119762530057 ) ) ;
#3102 = VECTOR ( 'NONE', #2495, 1000.000000000000000 ) ;
#3103 = DIRECTION ( 'NONE',  ( -0.000000000000000000, 1.000000000000000000, 0.000000000000000000 ) ) ;
#3104 = VECTOR ( 'NONE', #1631, 1000.000000000000000 ) ;
#3105 = DIRECTION ( 'NONE',  ( 6.839255870354863636E-17, 0.7071067811865523467, -0.7071067811865426878 ) ) ;
#3106 = FACE_OUTER_BOUND ( 'NONE', #363, .T. ) ;
#3107 = CARTESIAN_POINT ( 'NONE',  ( 13.26849848229191764, 158.7740285126873516, 20.29355679643813914 ) ) ;
#3108 = CARTESIAN_POINT ( 'NONE',  ( 40.94007135754573312, -11.42597148731265477, 40.58223193103295756 ) ) ;
#3109 = ORIENTED_EDGE ( 'NONE', *, *, #375, .F. ) ;
#3110 = LINE ( 'NONE', #3379, #3668 ) ;
#3111 = ORIENTED_EDGE ( 'NONE', *, *, #1810, .F. ) ;
#3112 = ORIENTED_EDGE ( 'NONE', *, *, #664, .F. ) ;
#3113 = CARTESIAN_POINT ( 'NONE',  ( 41.44007135754571891, 156.7740285126873516, -1.064993550075387303E-14 ) ) ;
#3114 = EDGE_LOOP ( 'NONE', ( #1189, #2977, #2295, #3724 ) ) ;
#3115 = CARTESIAN_POINT ( 'NONE',  ( 32.30046355210861719, 153.7740285126873516, 44.79355679643813914 ) ) ;
#3116 = CARTESIAN_POINT ( 'NONE',  ( 34.00783851349662967, 144.7302918430132763, 44.22266951254272982 ) ) ;
#3117 = EDGE_CURVE ( 'NONE', #2646, #1697, #534, .T. ) ;
#3118 = EDGE_CURVE ( 'NONE', #1992, #3495, #183, .T. ) ;
#3119 = DIRECTION ( 'NONE',  ( -1.000000000000000000, 0.000000000000000000, -1.982541115402055841E-15 ) ) ;
#3120 = CARTESIAN_POINT ( 'NONE',  ( 33.57663886605236314, 144.3619974601068350, 44.56949469127706465 ) ) ;
#3121 = CARTESIAN_POINT ( 'NONE',  ( 0.000000000000000000, -16.22597148731266259, 53.29355679643813204 ) ) ;
#3122 = DIRECTION ( 'NONE',  ( 0.000000000000000000, 0.000000000000000000, 1.000000000000000000 ) ) ;
#3123 = ORIENTED_EDGE ( 'NONE', *, *, #2379, .T. ) ;
#3124 = CARTESIAN_POINT ( 'NONE',  ( 0.000000000000000000, 153.7740285126873516, 22.79355679643813559 ) ) ;
#3125 = ORIENTED_EDGE ( 'NONE', *, *, #1927, .T. ) ;
#3126 = FACE_OUTER_BOUND ( 'NONE', #3791, .T. ) ;
#3127 = AXIS2_PLACEMENT_3D ( 'NONE', #910, #3285, #640 ) ;
#3128 = EDGE_LOOP ( 'NONE', ( #1937, #2222, #683, #3009 ) ) ;
#3129 = ORIENTED_EDGE ( 'NONE', *, *, #1919, .F. ) ;
#3130 = CARTESIAN_POINT ( 'NONE',  ( 21.46255293112358586, 153.7740285126873516, 16.09691469832400301 ) ) ;
#3131 = ORIENTED_EDGE ( 'NONE', *, *, #3783, .F. ) ;
#3132 = DIRECTION ( 'NONE',  ( -0.7071067811865475727, 0.000000000000000000, -0.7071067811865475727 ) ) ;
#3133 = LINE ( 'NONE', #1960, #318 ) ;
#3134 = EDGE_CURVE ( 'NONE', #2183, #1992, #221, .T. ) ;
#3135 = CARTESIAN_POINT ( 'NONE',  ( -1.086304792080562158E-13, -16.22597148731266259, 54.79355679643806099 ) ) ;
#3136 = VECTOR ( 'NONE', #3821, 1000.000000000000000 ) ;
#3137 = EDGE_CURVE ( 'NONE', #1224, #3433, #1416, .T. ) ;
#3138 = EDGE_CURVE ( 'NONE', #3763, #78, #3801, .T. ) ;
#3139 = CARTESIAN_POINT ( 'NONE',  ( 5.792879265800091382, -30.67597148731283241, 20.29355679643813914 ) ) ;
#3140 = FACE_OUTER_BOUND ( 'NONE', #1732, .T. ) ;
#3141 = CARTESIAN_POINT ( 'NONE',  ( 41.44007135754573312, -11.42597148731265477, 37.79355679643814625 ) ) ;
#3142 = EDGE_CURVE ( 'NONE', #2879, #1886, #2579, .T. ) ;
#3143 = ORIENTED_EDGE ( 'NONE', *, *, #2749, .T. ) ;
#3144 = CARTESIAN_POINT ( 'NONE',  ( 34.84007135754573881, -26.57597148731283454, 20.29355679643813914 ) ) ;
#3145 = ORIENTED_EDGE ( 'NONE', *, *, #1622, .F. ) ;
#3146 = CARTESIAN_POINT ( 'NONE',  ( 10.44007135754573135, 153.7740285126873516, 50.46512967169191910 ) ) ;
#3147 = ORIENTED_EDGE ( 'NONE', *, *, #3719, .T. ) ;
#3148 = ORIENTED_EDGE ( 'NONE', *, *, #876, .F. ) ;
#3149 = DIRECTION ( 'NONE',  ( 0.3333333333332009762, -0.6666666666667049324, -0.6666666666666946073 ) ) ;
#3150 = ORIENTED_EDGE ( 'NONE', *, *, #930, .T. ) ;
#3151 = VECTOR ( 'NONE', #1204, 1000.000000000000000 ) ;
#3152 = CARTESIAN_POINT ( 'NONE',  ( 36.44007135754574023, -15.72597148731266792, 52.79355679643813204 ) ) ;
#3153 = DIRECTION ( 'NONE',  ( 0.7071067811865497932, 0.000000000000000000, -0.7071067811865454633 ) ) ;
#3154 = ORIENTED_EDGE ( 'NONE', *, *, #2947, .F. ) ;
#3155 = CARTESIAN_POINT ( 'NONE',  ( -21.07318932885287310, -16.22597148731266259, 21.07318932885272389 ) ) ;
#3156 = EDGE_CURVE ( 'NONE', #3419, #3812, #2972, .T. ) ;
#3157 = VECTOR ( 'NONE', #2732, 1000.000000000000114 ) ;
#3158 = CARTESIAN_POINT ( 'NONE',  ( 8.440071357545729569, -15.72597148731266792, 50.46512967169191910 ) ) ;
#3159 = VECTOR ( 'NONE', #670, 1000.000000000000000 ) ;
#3160 = CARTESIAN_POINT ( 'NONE',  ( 32.37706995116054998, 143.8983945749390045, 43.64228892094143930 ) ) ;
#3161 = LINE ( 'NONE', #1721, #778 ) ;
#3162 = CARTESIAN_POINT ( 'NONE',  ( 35.34007135754576012, -31.17597148731285372, 28.69355679643767587 ) ) ;
#3163 = ADVANCED_FACE ( 'NONE', ( #2291 ), #2600, .F. ) ;
#3164 = VERTEX_POINT ( 'NONE', #1060 ) ;
#3165 = FACE_OUTER_BOUND ( 'NONE', #3552, .T. ) ;
#3166 = AXIS2_PLACEMENT_3D ( 'NONE', #3405, #446, #1659 ) ;
#3167 = ORIENTED_EDGE ( 'NONE', *, *, #2474, .F. ) ;
#3168 = DIRECTION ( 'NONE',  ( 0.000000000000000000, -1.000000000000000000, 0.000000000000000000 ) ) ;
#3169 = EDGE_CURVE ( 'NONE', #2443, #3314, #2874, .T. ) ;
#3170 = ORIENTED_EDGE ( 'NONE', *, *, #1254, .T. ) ;
#3171 = CARTESIAN_POINT ( 'NONE',  ( 13.47560526347849752, 153.7740285126873516, 52.79355679643813914 ) ) ;
#3172 = ORIENTED_EDGE ( 'NONE', *, *, #2093, .T. ) ;
#3173 = FACE_OUTER_BOUND ( 'NONE', #1008, .T. ) ;
#3174 = CARTESIAN_POINT ( 'NONE',  ( 41.44007135754573312, 158.7740285126873516, 50.46512967169195463 ) ) ;
#3175 = ORIENTED_EDGE ( 'NONE', *, *, #859, .T. ) ;
#3176 = CARTESIAN_POINT ( 'NONE',  ( -3.939261593468899481, 179.6740285126872152, 2.954446195103769046 ) ) ;
#3177 = AXIS2_PLACEMENT_3D ( 'NONE', #1336, #2179, #3687 ) ;
#3178 = CARTESIAN_POINT ( 'NONE',  ( 15.44007135754573490, 148.9150115183124967, 55.29355679643808941 ) ) ;
#3179 = CARTESIAN_POINT ( 'NONE',  ( 33.26347879059034085, 144.1012236113587903, 44.04794699378101086 ) ) ;
#3180 = CARTESIAN_POINT ( 'NONE',  ( 18.87672745155542131, 144.3251950025261294, 43.13329506928801038 ) ) ;
#3181 = DIRECTION ( 'NONE',  ( 0.7071067811865450192, 0.000000000000000000, 0.7071067811865500152 ) ) ;
#3182 = ORIENTED_EDGE ( 'NONE', *, *, #139, .F. ) ;
#3183 = CARTESIAN_POINT ( 'NONE',  ( 10.94007135754572957, 153.7740285126873516, 0.000000000000000000 ) ) ;
#3184 = ORIENTED_EDGE ( 'NONE', *, *, #268, .F. ) ;
#3185 = LINE ( 'NONE', #2015, #2339 ) ;
#3187 = EDGE_CURVE ( 'NONE', #1425, #185, #2249, .T. ) ;
#3186 = VECTOR ( 'NONE', #1295, 1000.000000000000000 ) ;
#3188 = VERTEX_POINT ( 'NONE', #806 ) ;
#3189 = ADVANCED_FACE ( 'NONE', ( #3165 ), #1353, .F. ) ;
#3190 = VECTOR ( 'NONE', #2903, 1000.000000000000000 ) ;
#3191 = LINE ( 'NONE', #2607, #2965 ) ;
#3192 = ORIENTED_EDGE ( 'NONE', *, *, #1121, .T. ) ;
#3193 = CARTESIAN_POINT ( 'NONE',  ( 40.02585779517263376, 156.7740285126873516, 20.87934323406505044 ) ) ;
#3194 = ORIENTED_EDGE ( 'NONE', *, *, #3654, .T. ) ;
#3195 = CARTESIAN_POINT ( 'NONE',  ( 103.5900713575451704, 42.17402851268675334, 96.94355679643801693 ) ) ;
#3196 = VECTOR ( 'NONE', #1588, 1000.000000000000227 ) ;
#3197 = DIRECTION ( 'NONE',  ( 1.000000000000000000, 0.000000000000000000, 1.982541115402055841E-15 ) ) ;
#3198 = PLANE ( 'NONE',  #2020 ) ;
#3199 = AXIS2_PLACEMENT_3D ( 'NONE', #3628, #677, #146 ) ;
#3200 = CARTESIAN_POINT ( 'NONE',  ( 35.44007135754574023, 149.5858319115624226, 55.01716359418811209 ) ) ;
#3201 = CARTESIAN_POINT ( 'NONE',  ( 15.94007135754574023, -16.22597148731266259, 54.79355679643811783 ) ) ;
#3202 = VECTOR ( 'NONE', #196, 1000.000000000000000 ) ;
#3203 = AXIS2_PLACEMENT_3D ( 'NONE', #2919, #1436, #2623 ) ;
#3204 = VERTEX_POINT ( 'NONE', #3489 ) ;
#3205 = DIRECTION ( 'NONE',  ( 0.000000000000000000, 0.000000000000000000, -1.000000000000000000 ) ) ;
#3206 = ORIENTED_EDGE ( 'NONE', *, *, #3446, .T. ) ;
#3207 = LINE ( 'NONE', #1126, #3325 ) ;
#3208 = VERTEX_POINT ( 'NONE', #2013 ) ;
#3209 = ORIENTED_EDGE ( 'NONE', *, *, #1623, .F. ) ;
#3210 = ORIENTED_EDGE ( 'NONE', *, *, #1649, .F. ) ;
#3211 = LINE ( 'NONE', #2925, #2505 ) ;
#3212 = EDGE_CURVE ( 'NONE', #2438, #1759, #1651, .T. ) ;
#3213 = EDGE_LOOP ( 'NONE', ( #1147, #3806, #734, #853 ) ) ;
#3214 = DIRECTION ( 'NONE',  ( 0.7071067811865444641, 0.000000000000000000, 0.7071067811865505703 ) ) ;
#3215 = VECTOR ( 'NONE', #1731, 1000.000000000000000 ) ;
#3216 = EDGE_CURVE ( 'NONE', #182, #2183, #2837, .T. ) ;
#3217 = CARTESIAN_POINT ( 'NONE',  ( 12.25969327726070723, -15.77737696013586266, 55.04048039930638936 ) ) ;
#3218 = CIRCLE ( 'NONE', #3712, 2.066987298107780813 ) ;
#3219 = CARTESIAN_POINT ( 'NONE',  ( 13.47560526347847087, -15.72597148731266792, 22.79355679643814270 ) ) ;
#3220 = CARTESIAN_POINT ( 'NONE',  ( 35.73611057700202309, 153.7740285126873516, 52.79355679643814625 ) ) ;
#3221 = ORIENTED_EDGE ( 'NONE', *, *, #3594, .T. ) ;
#3222 = DIRECTION ( 'NONE',  ( 0.000000000000000000, 0.000000000000000000, 1.000000000000000000 ) ) ;
#3223 = VERTEX_POINT ( 'NONE', #3144 ) ;
#3224 = CARTESIAN_POINT ( 'NONE',  ( 37.14255293112448442, 179.6740285126872152, 27.85691469833190936 ) ) ;
#3225 = AXIS2_PLACEMENT_3D ( 'NONE', #1446, #1058, #2247 ) ;
#3226 = ORIENTED_EDGE ( 'NONE', *, *, #1806, .T. ) ;
#3227 = EDGE_LOOP ( 'NONE', ( #2780, #3417, #1704, #2374, #1025 ) ) ;
#3228 = DIRECTION ( 'NONE',  ( 0.000000000000000000, 0.000000000000000000, 1.000000000000000000 ) ) ;
#3229 = EDGE_LOOP ( 'NONE', ( #3694, #993, #2843, #682, #3182 ) ) ;
#3230 = CARTESIAN_POINT ( 'NONE',  ( 40.94007135754573312, 153.7740285126873516, 49.42959576575921687 ) ) ;
#3231 = ORIENTED_EDGE ( 'NONE', *, *, #347, .F. ) ;
#3232 = DIRECTION ( 'NONE',  ( -1.000000000000000000, -0.000000000000000000, -0.000000000000000000 ) ) ;
#3233 = EDGE_CURVE ( 'NONE', #944, #65, #11, .T. ) ;
#3234 = PLANE ( 'NONE',  #2515 ) ;
#3235 = ADVANCED_FACE ( 'NONE', ( #594 ), #1220, .T. ) ;
#3236 = DIRECTION ( 'NONE',  ( -1.000000000000000000, 0.000000000000000000, 0.000000000000000000 ) ) ;
#3237 = DIRECTION ( 'NONE',  ( 1.000000000000000000, 0.000000000000000000, 0.000000000000000000 ) ) ;
#3238 = CARTESIAN_POINT ( 'NONE',  ( 18.54205792019018162, 144.3955547183034582, 43.32250095653179045 ) ) ;
#3239 = ORIENTED_EDGE ( 'NONE', *, *, #1264, .F. ) ;
#3240 = LINE ( 'NONE', #575, #3136 ) ;
#3241 = ORIENTED_EDGE ( 'NONE', *, *, #3304, .F. ) ;
#3242 = DIRECTION ( 'NONE',  ( -1.000000000000000000, 0.000000000000000000, 0.000000000000000000 ) ) ;
#3243 = LINE ( 'NONE', #3625, #2380 ) ;
#3244 = ORIENTED_EDGE ( 'NONE', *, *, #1477, .T. ) ;
#3245 = AXIS2_PLACEMENT_3D ( 'NONE', #3393, #3700, #1040 ) ;
#3246 = CARTESIAN_POINT ( 'NONE',  ( 39.37701109752973139, -15.87821242229010110, 55.14131586146070418 ) ) ;
#3247 = EDGE_LOOP ( 'NONE', ( #1354, #3339, #498, #3842 ) ) ;
#3248 = DIRECTION ( 'NONE',  ( -1.159938282124535769E-16, 0.7071067811865421326, -0.7071067811865530128 ) ) ;
#3249 = FACE_OUTER_BOUND ( 'NONE', #225, .T. ) ;
#3250 = ORIENTED_EDGE ( 'NONE', *, *, #2092, .T. ) ;
#3251 = LINE ( 'NONE', #3502, #1971 ) ;
#3252 = CARTESIAN_POINT ( 'NONE',  ( -40.72659530912176251, 40.44069517935103164, 111.4602234631024658 ) ) ;
#3253 = CARTESIAN_POINT ( 'NONE',  ( 36.74007135754573738, -39.62597148731278196, 20.79355679643813914 ) ) ;
#3254 = CARTESIAN_POINT ( 'NONE',  ( 18.92587425554807368, 144.3186608331606351, 43.11572455779393209 ) ) ;
#3255 = EDGE_CURVE ( 'NONE', #3204, #3661, #1490, .T. ) ;
#3256 = EDGE_CURVE ( 'NONE', #1339, #370, #1801, .T. ) ;
#3257 = ORIENTED_EDGE ( 'NONE', *, *, #22, .F. ) ;
#3258 = PLANE ( 'NONE',  #461 ) ;
#3259 = SPHERICAL_SURFACE ( 'NONE', #3381, 2.000000000000000000 ) ;
#3260 = FACE_OUTER_BOUND ( 'NONE', #1442, .T. ) ;
#3261 = AXIS2_PLACEMENT_3D ( 'NONE', #2679, #1200, #901 ) ;
#3262 = ADVANCED_FACE ( 'NONE', ( #3569 ), #1770, .F. ) ;
#3263 = ORIENTED_EDGE ( 'NONE', *, *, #1357, .T. ) ;
#3264 = LINE ( 'NONE', #2993, #2408 ) ;
#3265 = ORIENTED_EDGE ( 'NONE', *, *, #2692, .F. ) ;
#3266 = DIRECTION ( 'NONE',  ( 0.000000000000000000, 0.000000000000000000, -1.000000000000000000 ) ) ;
#3267 = DIRECTION ( 'NONE',  ( -0.000000000000000000, 1.000000000000000000, -0.000000000000000000 ) ) ;
#3268 = VERTEX_POINT ( 'NONE', #2350 ) ;
#3269 = VECTOR ( 'NONE', #63, 1000.000000000000000 ) ;
#3270 = CARTESIAN_POINT ( 'NONE',  ( 24.20903770934078736, 153.7740285126873516, -4.841807541868149656 ) ) ;
#3271 = CIRCLE ( 'NONE', #1466, 2.788675134594811755 ) ;
#3272 = LINE ( 'NONE', #2128, #3814 ) ;
#3273 = AXIS2_PLACEMENT_3D ( 'NONE', #3282, #3611, #947 ) ;
#3274 = CARTESIAN_POINT ( 'NONE',  ( 12.25969327726076585, -15.77737696013582003, 20.54663319356982143 ) ) ;
#3275 = DIRECTION ( 'NONE',  ( -0.000000000000000000, -1.000000000000000000, -0.000000000000000000 ) ) ;
#3276 = ORIENTED_EDGE ( 'NONE', *, *, #2142, .T. ) ;
#3277 = DIRECTION ( 'NONE',  ( 1.000000000000000000, -0.000000000000000000, -1.640400450096255239E-16 ) ) ;
#3278 = DIRECTION ( 'NONE',  ( -1.000000000000000000, 0.000000000000000000, 0.000000000000000000 ) ) ;
#3279 = LINE ( 'NONE', #618, #3804 ) ;
#3280 = EDGE_CURVE ( 'NONE', #632, #1759, #2035, .T. ) ;
#3281 = VERTEX_POINT ( 'NONE', #1820 ) ;
#3282 = CARTESIAN_POINT ( 'NONE',  ( -1.096217497657572502E-13, -15.72597148731266792, 55.29355679643806099 ) ) ;
#3283 = ORIENTED_EDGE ( 'NONE', *, *, #3023, .T. ) ;
#3284 = ADVANCED_FACE ( 'NONE', ( #1449 ), #837, .F. ) ;
#3285 = DIRECTION ( 'NONE',  ( 0.7071067811865425767, -0.7071067811865524577, 0.000000000000000000 ) ) ;
#3286 = VECTOR ( 'NONE', #2638, 1000.000000000000000 ) ;
#3287 = VECTOR ( 'NONE', #3667, 999.9999999999998863 ) ;
#3288 = DIRECTION ( 'NONE',  ( 0.000000000000000000, 0.7071067811865425767, -0.7071067811865525687 ) ) ;
#3289 = VERTEX_POINT ( 'NONE', #3511 ) ;
#3290 = PLANE ( 'NONE',  #1351 ) ;
#3291 = LINE ( 'NONE', #3252, #2948 ) ;
#3292 = CARTESIAN_POINT ( 'NONE',  ( 18.79021226782421650, 144.0258239520642576, 43.89714767519189564 ) ) ;
#3293 = CARTESIAN_POINT ( 'NONE',  ( 18.78473888031589212, 144.3417404899135192, 43.17778377479736918 ) ) ;
#3294 = ORIENTED_EDGE ( 'NONE', *, *, #3047, .F. ) ;
#3295 = CARTESIAN_POINT ( 'NONE',  ( 15.94007135754574023, 148.9150115183124967, 54.79355679643811783 ) ) ;
#3296 = CARTESIAN_POINT ( 'NONE',  ( 38.61164423279953439, 156.7740285126873516, 22.29355679643813559 ) ) ;
#3297 = CARTESIAN_POINT ( 'NONE',  ( 33.69479419597023906, 144.5191681617864958, 43.65492629650076850 ) ) ;
#3298 = ORIENTED_EDGE ( 'NONE', *, *, #3380, .F. ) ;
#3299 = EDGE_CURVE ( 'NONE', #3666, #627, #3240, .T. ) ;
#3300 = EDGE_CURVE ( 'NONE', #3495, #944, #1240, .T. ) ;
#3301 = LINE ( 'NONE', #658, #2782 ) ;
#3302 = VERTEX_POINT ( 'NONE', #2950 ) ;
#3303 = LINE ( 'NONE', #3013, #1325 ) ;
#3304 = EDGE_CURVE ( 'NONE', #3223, #1713, #1161, .T. ) ;
#3305 = EDGE_CURVE ( 'NONE', #2351, #3188, #3590, .T. ) ;
#3306 = PLANE ( 'NONE',  #2232 ) ;
#3307 = ORIENTED_EDGE ( 'NONE', *, *, #3156, .F. ) ;
#3308 = FACE_OUTER_BOUND ( 'NONE', #2589, .T. ) ;
#3309 = CIRCLE ( 'NONE', #882, 1.999999999999998890 ) ;
#3310 = CARTESIAN_POINT ( 'NONE',  ( 10.44007135754572957, 156.7740285126873516, 50.46512967169191910 ) ) ;
#3311 = VECTOR ( 'NONE', #521, 1000.000000000000000 ) ;
#3312 = DIRECTION ( 'NONE',  ( 0.7071067811865474617, 0.000000000000000000, -0.7071067811865474617 ) ) ;
#3313 = CARTESIAN_POINT ( 'NONE',  ( 18.39979333758345348, 144.4367429615438994, 43.43327210408239125 ) ) ;
#3314 = VERTEX_POINT ( 'NONE', #2989 ) ;
#3315 = DIRECTION ( 'NONE',  ( 1.000000000000000000, 0.000000000000000000, 0.000000000000000000 ) ) ;
#3316 = ADVANCED_FACE ( 'NONE', ( #1468 ), #1508, .T. ) ;
#3317 = CARTESIAN_POINT ( 'NONE',  ( 34.84007135754573881, -26.57597148731282743, 28.19355679643764745 ) ) ;
#3318 = ORIENTED_EDGE ( 'NONE', *, *, #250, .F. ) ;
#3319 = CARTESIAN_POINT ( 'NONE',  ( 15.14007135754572886, 179.6740285126872152, 24.52689012977093697 ) ) ;
#3320 = ORIENTED_EDGE ( 'NONE', *, *, #2631, .T. ) ;
#3321 = ADVANCED_FACE ( 'NONE', ( #2700 ), #3258, .T. ) ;
#3322 = FACE_OUTER_BOUND ( 'NONE', #3335, .T. ) ;
#3323 = VECTOR ( 'NONE', #941, 1000.000000000000000 ) ;
#3324 = VECTOR ( 'NONE', #2531, 1000.000000000000000 ) ;
#3325 = VECTOR ( 'NONE', #2293, 1000.000000000000000 ) ;
#3326 = CARTESIAN_POINT ( 'NONE',  ( 33.61314974060029925, 144.4364689316031729, 44.71843763426969787 ) ) ;
#3327 = EDGE_LOOP ( 'NONE', ( #20, #2537, #457, #3055 ) ) ;
#3328 = CARTESIAN_POINT ( 'NONE',  ( 8.839538155901358607, -15.72597148731266081, 23.89408999808251011 ) ) ;
#3329 = EDGE_CURVE ( 'NONE', #2172, #1956, #556, .T. ) ;
#3330 = DIRECTION ( 'NONE',  ( -0.7071067811865473507, 0.000000000000000000, 0.7071067811865477948 ) ) ;
#3331 = APPLICATION_CONTEXT ( 'automotive_design' ) ;
#3332 = EDGE_CURVE ( 'NONE', #3037, #495, #3349, .T. ) ;
#3333 = PLANE ( 'NONE',  #1094 ) ;
#3334 = CARTESIAN_POINT ( 'NONE',  ( 15.44007135754573490, 149.7240285126874255, 55.29355679643808941 ) ) ;
#3335 = EDGE_LOOP ( 'NONE', ( #2541, #636, #1199, #2975 ) ) ;
#3336 = CARTESIAN_POINT ( 'NONE',  ( 36.24007135754573738, -40.12597148731278907, 22.79355679643813559 ) ) ;
#3337 = PRESENTATION_STYLE_ASSIGNMENT (( #1913 ) ) ;
#3338 = CARTESIAN_POINT ( 'NONE',  ( 19.57967916298285260, 143.5740285126873630, 44.79355679643813914 ) ) ;
#3339 = ORIENTED_EDGE ( 'NONE', *, *, #1640, .F. ) ;
#3340 = CARTESIAN_POINT ( 'NONE',  ( -0.6615098924439954953, 149.5858319115623658, 55.01716359418804814 ) ) ;
#3341 = ORIENTED_EDGE ( 'NONE', *, *, #2148, .T. ) ;
#3342 = CARTESIAN_POINT ( 'NONE',  ( 17.04007135754572744, -26.57597148731282743, 20.29355679643813914 ) ) ;
#3343 = AXIS2_PLACEMENT_3D ( 'NONE', #547, #388, #2434 ) ;
#3344 = ORIENTED_EDGE ( 'NONE', *, *, #3678, .T. ) ;
#3345 = CARTESIAN_POINT ( 'NONE',  ( 35.44007135754574023, 150.0330455070623259, 55.29355679643813204 ) ) ;
#3346 = ORIENTED_EDGE ( 'NONE', *, *, #3542, .T. ) ;
#3347 = PLANE ( 'NONE',  #3847 ) ;
#3348 = LINE ( 'NONE', #687, #1666 ) ;
#3349 = B_SPLINE_CURVE_WITH_KNOTS ( 'NONE', 1,
 ( #3295, #633 ),
 .UNSPECIFIED., .F., .F.,
 ( 2, 2 ),
 ( 0.000000000000000000, 0.0008660254037844018326 ),
 .UNSPECIFIED. ) ;
#3350 = VECTOR ( 'NONE', #2383, 1000.000000000000000 ) ;
#3351 = EDGE_CURVE ( 'NONE', #584, #1000, #524, .T. ) ;
#3352 = CARTESIAN_POINT ( 'NONE',  ( 31.62007135754238973, -40.12597148731278907, 18.53355679643765086 ) ) ;
#3353 = CARTESIAN_POINT ( 'NONE',  ( -21.42674271944615683, -15.72597148731266792, 21.42674271944600761 ) ) ;
#3354 = ORIENTED_EDGE ( 'NONE', *, *, #1996, .F. ) ;
#3355 = B_SPLINE_CURVE_WITH_KNOTS ( 'NONE', 3,
 ( #1324, #3716, #1089, #2276, #3116, #1053, #756, #447, #1638, #3423, #886, #2118, #1202, #1222, #68, #3592, #2681, #1491, #2723, #3297, #2389, #278, #1783, #2407, #2742, #1823, #578, #2702, #316, #1534, #1182, #1260 ),
 .UNSPECIFIED., .F., .F.,
 ( 4, 2, 1, 2, 2, 2, 1, 2, 2, 2, 2, 2, 2, 2, 2, 2, 4 ),
 ( 0.000000000000000000, 0.06250000000002225997, 0.09375000000003444467, 0.1093750000000410921, 0.1250000000000477396, 0.1875000000000900946, 0.2187500000001045553, 0.2343750000001117995, 0.2500000000001190159, 0.3125000000001398326, 0.3437500000001433298, 0.3750000000001467715, 0.4375000000001402212, 0.4687500000001355582, 0.5000000000001308953, 0.7500000000000655032, 1.000000000000000000 ),
 .UNSPECIFIED. ) ;
#3356 = DIRECTION ( 'NONE',  ( 1.000000000000000000, 0.000000000000000000, -4.097771990496913504E-16 ) ) ;
#3357 = CARTESIAN_POINT ( 'NONE',  ( 15.64007135754572708, -15.72597148731266792, 20.29355679643813914 ) ) ;
#3358 = CARTESIAN_POINT ( 'NONE',  ( 12.44007135754573135, -15.72597148731266792, 20.29355679643813914 ) ) ;
#3359 = VERTEX_POINT ( 'NONE', #2721 ) ;
#3360 = DIRECTION ( 'NONE',  ( 1.000000000000000000, 0.000000000000000000, 0.000000000000000000 ) ) ;
#3361 = EDGE_LOOP ( 'NONE', ( #2237, #3802, #377, #3048, #766 ) ) ;
#3362 = VERTEX_POINT ( 'NONE', #51 ) ;
#3363 = DIRECTION ( 'NONE',  ( 1.000000000000000000, 9.912705577010340341E-16, 1.982541115402055841E-15 ) ) ;
#3364 = ORIENTED_EDGE ( 'NONE', *, *, #1379, .F. ) ;
#3365 = CARTESIAN_POINT ( 'NONE',  ( 19.57967916298285260, 144.1482870687911486, 43.20980198892524271 ) ) ;
#3366 = DIRECTION ( 'NONE',  ( -0.7808688094430003002, 0.6246950475544618131, 3.467565387883973160E-13 ) ) ;
#3367 =( BOUNDED_CURVE ( )  B_SPLINE_CURVE ( 3, ( #1388, #3217, #2323, #2613 ),
 .UNSPECIFIED., .F., .T. ) 
 B_SPLINE_CURVE_WITH_KNOTS ( ( 4, 4 ),
 ( 2.748893571891076526, 3.141592653589793116 ),
 .UNSPECIFIED. ) 
 CURVE ( )  GEOMETRIC_REPRESENTATION_ITEM ( )  RATIONAL_B_SPLINE_CURVE ( ( 1.000000000000000000, 0.9871901869354875458, 0.9871901869354875458, 1.000000000000000000 ) ) 
 REPRESENTATION_ITEM ( '' )  );
#3368 = CIRCLE ( 'NONE', #1752, 2.000000000000000000 ) ;
#3369 = CARTESIAN_POINT ( 'NONE',  ( 11.74073840652496870, 179.6740285126872152, -8.805553804899910020 ) ) ;
#3370 = DIRECTION ( 'NONE',  ( -0.000000000000000000, 0.000000000000000000, 1.000000000000000000 ) ) ;
#3371 = UNCERTAINTY_MEASURE_WITH_UNIT (LENGTH_MEASURE( 1.000000000000000082E-05 ), #1003, 'distance_accuracy_value', 'NONE');
#3372 = ORIENTED_EDGE ( 'NONE', *, *, #1919, .T. ) ;
#3373 = DIRECTION ( 'NONE',  ( 0.4999999999999958367, -0.7071067811865542341, -0.4999999999999947264 ) ) ;
#3374 = LINE ( 'NONE', #2211, #2705 ) ;
#3375 = DIRECTION ( 'NONE',  ( -1.000000000000000000, 0.000000000000000000, 0.000000000000000000 ) ) ;
#3376 = EDGE_CURVE ( 'NONE', #1082, #1420, #1742, .T. ) ;
#3377 = DIRECTION ( 'NONE',  ( 1.000000000000000000, 0.000000000000000000, 0.000000000000000000 ) ) ;
#3378 = ORIENTED_EDGE ( 'NONE', *, *, #3723, .T. ) ;
#3379 = CARTESIAN_POINT ( 'NONE',  ( 10.94007135754572957, -11.42597148731265477, 35.29355679643813914 ) ) ;
#3380 = EDGE_CURVE ( 'NONE', #500, #3626, #1607, .T. ) ;
#3381 = AXIS2_PLACEMENT_3D ( 'NONE', #3296, #942, #3278 ) ;
#3382 = ORIENTED_EDGE ( 'NONE', *, *, #54, .T. ) ;
#3383 = ORIENTED_EDGE ( 'NONE', *, *, #2568, .F. ) ;
#3384 = AXIS2_PLACEMENT_3D ( 'NONE', #3124, #3205, #494 ) ;
#3385 = FACE_BOUND ( 'NONE', #130, .T. ) ;
#3386 = ORIENTED_EDGE ( 'NONE', *, *, #2169, .F. ) ;
#3387 = DIRECTION ( 'NONE',  ( 0.7071067811865696662, 0.000000000000000000, -0.7071067811865253683 ) ) ;
#3388 = CARTESIAN_POINT ( 'NONE',  ( 12.50313161756168157, -15.87821242229008689, 55.14131586146065445 ) ) ;
#3389 = VECTOR ( 'NONE', #1683, 1000.000000000000000 ) ;
#3390 = LINE ( 'NONE', #3352, #1594 ) ;
#3391 = FACE_OUTER_BOUND ( 'NONE', #3641, .T. ) ;
#3392 = CARTESIAN_POINT ( 'NONE',  ( 33.36198517007031228, 144.4006601031241814, 43.33623666488278303 ) ) ;
#3393 = CARTESIAN_POINT ( 'NONE',  ( 25.94007135754572957, -40.12597148731278907, 22.79355679643813559 ) ) ;
#3394 = CARTESIAN_POINT ( 'NONE',  ( -3.939261593468899481, -39.62597148731278196, 2.954446195103769046 ) ) ;
#3395 = EDGE_LOOP ( 'NONE', ( #359, #2853, #2731, #1619 ) ) ;
#3396 = EDGE_CURVE ( 'NONE', #2158, #3028, #2498, .T. ) ;
#3397 = FACE_OUTER_BOUND ( 'NONE', #1974, .T. ) ;
#3398 = AXIS2_PLACEMENT_3D ( 'NONE', #2338, #2627, #1421 ) ;
#3399 = ORIENTED_EDGE ( 'NONE', *, *, #690, .T. ) ;
#3400 = EDGE_CURVE ( 'NONE', #1540, #88, #2423, .T. ) ;
#3401 = DIRECTION ( 'NONE',  ( 0.000000000000000000, 0.000000000000000000, -1.000000000000000000 ) ) ;
#3402 = DIRECTION ( 'NONE',  ( 0.000000000000000000, -1.000000000000000000, 0.000000000000000000 ) ) ;
#3403 = AXIS2_PLACEMENT_3D ( 'NONE', #2643, #465, #2845 ) ;
#3404 = ORIENTED_EDGE ( 'NONE', *, *, #2025, .T. ) ;
#3405 = CARTESIAN_POINT ( 'NONE',  ( 41.19007135754573312, -11.42597148731265477, 37.79355679643814625 ) ) ;
#3406 = CARTESIAN_POINT ( 'NONE',  ( 18.98587587040262648, 143.9630820027142306, 43.77166377649186302 ) ) ;
#3407 = CARTESIAN_POINT ( 'NONE',  ( 15.14007135754576616, 70.57725011446686381, 109.0967783982188450 ) ) ;
#3408 = VECTOR ( 'NONE', #59, 999.9999999999998863 ) ;
#3409 = PRODUCT_DEFINITION_CONTEXT ( 'detailed design', #1865, 'design' ) ;
#3410 = LINE ( 'NONE', #1989, #3696 ) ;
#3411 = CARTESIAN_POINT ( 'NONE',  ( 8.440071357545729569, 156.7740285126873516, 50.46512967169191910 ) ) ;
#3412 = ORIENTED_EDGE ( 'NONE', *, *, #1649, .T. ) ;
#3413 = PLANE ( 'NONE',  #211 ) ;
#3414 = ORIENTED_EDGE ( 'NONE', *, *, #3068, .T. ) ;
#3415 = DIRECTION ( 'NONE',  ( 0.000000000000000000, 0.000000000000000000, -1.000000000000000000 ) ) ;
#3416 = EDGE_CURVE ( 'NONE', #1160, #3555, #2709, .T. ) ;
#3417 = ORIENTED_EDGE ( 'NONE', *, *, #2619, .T. ) ;
#3418 = ADVANCED_FACE ( 'NONE', ( #2173 ), #2796, .T. ) ;
#3419 = VERTEX_POINT ( 'NONE', #354 ) ;
#3420 = DIRECTION ( 'NONE',  ( 0.000000000000000000, 0.000000000000000000, -1.000000000000000000 ) ) ;
#3421 = VERTEX_POINT ( 'NONE', #2740 ) ;
#3422 = LINE ( 'NONE', #2844, #1799 ) ;
#3423 = CARTESIAN_POINT ( 'NONE',  ( 33.93816927488527568, 144.6641650449760732, 44.04484291513681882 ) ) ;
#3424 = EDGE_CURVE ( 'NONE', #700, #3629, #650, .T. ) ;
#3425 = EDGE_CURVE ( 'NONE', #1759, #370, #124, .T. ) ;
#3426 = DIRECTION ( 'NONE',  ( -0.000000000000000000, 1.000000000000000000, 0.000000000000000000 ) ) ;
#3427 = EDGE_CURVE ( 'NONE', #307, #830, #1874, .T. ) ;
#3428 = DIRECTION ( 'NONE',  ( -4.097771990496913504E-16, 0.000000000000000000, -1.000000000000000000 ) ) ;
#3429 = CARTESIAN_POINT ( 'NONE',  ( 19.42646821972672555, 143.9016921732647063, 43.64888411759280018 ) ) ;
#3430 = FACE_OUTER_BOUND ( 'NONE', #2630, .T. ) ;
#3431 = ORIENTED_EDGE ( 'NONE', *, *, #69, .F. ) ;
#3432 = CARTESIAN_POINT ( 'NONE',  ( 11.02671423836370757, -20.56261436813091592, 34.20691391561963712 ) ) ;
#3433 = VERTEX_POINT ( 'NONE', #3680 ) ;
#3434 = CARTESIAN_POINT ( 'NONE',  ( 9.025857795172633757, -15.72597148731266792, 23.70777035881123496 ) ) ;
#3435 = VERTEX_POINT ( 'NONE', #417 ) ;
#3436 = ORIENTED_EDGE ( 'NONE', *, *, #2261, .F. ) ;
#3437 = DIRECTION ( 'NONE',  ( 0.000000000000000000, 0.000000000000000000, 1.000000000000000000 ) ) ;
#3438 = EDGE_LOOP ( 'NONE', ( #2315, #3148, #1006, #3109 ) ) ;
#3439 = CARTESIAN_POINT ( 'NONE',  ( 40.94007135754573312, -15.72597148731266792, 50.25802289050542271 ) ) ;
#3440 = FACE_OUTER_BOUND ( 'NONE', #1316, .T. ) ;
#3441 = ORIENTED_EDGE ( 'NONE', *, *, #1447, .T. ) ;
#3442 = DIRECTION ( 'NONE',  ( -0.7071067811865444641, 0.000000000000000000, -0.7071067811865505703 ) ) ;
#3443 = ADVANCED_FACE ( 'NONE', ( #708 ), #2439, .T. ) ;
#3444 = AXIS2_PLACEMENT_3D ( 'NONE', #2096, #1781, #3843 ) ;
#3445 = DIRECTION ( 'NONE',  ( 0.000000000000000000, 0.000000000000000000, -1.000000000000000000 ) ) ;
#3446 = EDGE_CURVE ( 'NONE', #627, #921, #3623, .T. ) ;
#3447 = DIRECTION ( 'NONE',  ( -0.7071067811865450192, -0.000000000000000000, -0.7071067811865500152 ) ) ;
#3448 = DIRECTION ( 'NONE',  ( 0.7030507264994093619, -0.7111397021462468881, -0.000000000000000000 ) ) ;
#3449 = DIRECTION ( 'NONE',  ( 0.000000000000000000, 0.000000000000000000, -1.000000000000000000 ) ) ;
#3450 = ORIENTED_EDGE ( 'NONE', *, *, #1644, .T. ) ;
#3451 = CARTESIAN_POINT ( 'NONE',  ( 13.26849848229187323, -15.72597148731266792, 55.29355679643808941 ) ) ;
#3452 = ORIENTED_EDGE ( 'NONE', *, *, #1149, .T. ) ;
#3453 = CARTESIAN_POINT ( 'NONE',  ( 42.85428491991882538, -15.72597148731266792, 23.70777035881126693 ) ) ;
#3454 = CIRCLE ( 'NONE', #2462, 2.000000000000001776 ) ;
#3455 = EDGE_LOOP ( 'NONE', ( #733, #2535, #772, #2164 ) ) ;
#3456 = CARTESIAN_POINT ( 'NONE',  ( 0.000000000000000000, 0.000000000000000000, 0.000000000000000000 ) ) ;
#3457 = CARTESIAN_POINT ( 'NONE',  ( 40.94007135754573312, -11.42597148731265477, 37.79355679643814625 ) ) ;
#3458 = VERTEX_POINT ( 'NONE', #963 ) ;
#3459 = VECTOR ( 'NONE', #1618, 1000.000000000000000 ) ;
#3460 = DIRECTION ( 'NONE',  ( 0.000000000000000000, -1.000000000000000000, 0.000000000000000000 ) ) ;
#3461 = FACE_OUTER_BOUND ( 'NONE', #3227, .T. ) ;
#3462 = ORIENTED_EDGE ( 'NONE', *, *, #2243, .F. ) ;
#3463 = PLANE ( 'NONE',  #3096 ) ;
#3464 = EDGE_CURVE ( 'NONE', #2652, #455, #214, .T. ) ;
#3465 = DIRECTION ( 'NONE',  ( 0.000000000000000000, 0.4472135954999601481, 0.8944271909999147452 ) ) ;
#3466 = ADVANCED_FACE ( 'NONE', ( #1857 ), #2069, .T. ) ;
#3467 = AXIS2_PLACEMENT_3D ( 'NONE', #2959, #1207, #2670 ) ;
#3468 = FACE_OUTER_BOUND ( 'NONE', #3114, .T. ) ;
#3469 = LINE ( 'NONE', #821, #3086 ) ;
#3470 = CARTESIAN_POINT ( 'NONE',  ( 16.44007135754574378, 148.4740285126873971, 52.79355679643813914 ) ) ;
#3471 = EDGE_CURVE ( 'NONE', #2195, #3501, #3410, .T. ) ;
#3472 = EDGE_LOOP ( 'NONE', ( #3018, #2788, #2292, #3833, #1507, #3709, #3226, #2360, #561, #1901 ) ) ;
#3473 = CARTESIAN_POINT ( 'NONE',  ( 34.06550876835228081, 143.5740285126873630, 44.44054775318940642 ) ) ;
#3474 = CIRCLE ( 'NONE', #2798, 1.800000000000002931 ) ;
#3475 = ORIENTED_EDGE ( 'NONE', *, *, #672, .T. ) ;
#3476 = DIRECTION ( 'NONE',  ( -0.7071067811865474617, 0.000000000000000000, -0.7071067811865474617 ) ) ;
#3477 = EDGE_LOOP ( 'NONE', ( #1761, #3800, #739, #38 ) ) ;
#3478 = ORIENTED_EDGE ( 'NONE', *, *, #1603, .F. ) ;
#3479 = FACE_OUTER_BOUND ( 'NONE', #1448, .T. ) ;
#3480 = VERTEX_POINT ( 'NONE', #3485 ) ;
#3481 = CARTESIAN_POINT ( 'NONE',  ( 18.26699297449116344, 144.4364689316031445, 44.71843763426965523 ) ) ;
#3482 = ORIENTED_EDGE ( 'NONE', *, *, #2188, .F. ) ;
#3483 = LINE ( 'NONE', #3135, #3637 ) ;
#3484 = LINE ( 'NONE', #2654, #1400 ) ;
#3485 = CARTESIAN_POINT ( 'NONE',  ( 8.440071357545729569, -15.72597148731266792, 50.46512967169191910 ) ) ;
#3486 = PLANE ( 'NONE',  #1410 ) ;
#3487 = DIRECTION ( 'NONE',  ( 0.000000000000000000, -1.000000000000000000, 0.000000000000000000 ) ) ;
#3488 = ORIENTED_EDGE ( 'NONE', *, *, #2519, .T. ) ;
#3489 = CARTESIAN_POINT ( 'NONE',  ( 15.36507135754521514, 153.7740285126873516, 28.69355679643767942 ) ) ;
#3490 = ORIENTED_EDGE ( 'NONE', *, *, #3446, .F. ) ;
#3491 = CARTESIAN_POINT ( 'NONE',  ( 0.000000000000000000, 153.7740285126873516, 52.79355679643813204 ) ) ;
#3492 = AXIS2_PLACEMENT_3D ( 'NONE', #193, #1621, #3734 ) ;
#3493 = EDGE_CURVE ( 'NONE', #1339, #3435, #1038, .T. ) ;
#3494 = ORIENTED_EDGE ( 'NONE', *, *, #1243, .T. ) ;
#3495 = VERTEX_POINT ( 'NONE', #1098 ) ;
#3496 = VECTOR ( 'NONE', #2865, 999.9999999999998863 ) ;
#3497 = PLANE ( 'NONE',  #2592 ) ;
#3498 = EDGE_LOOP ( 'NONE', ( #3527, #954, #2895, #2885 ) ) ;
#3499 = EDGE_CURVE ( 'NONE', #3164, #2253, #2890, .T. ) ;
#3500 = LINE ( 'NONE', #3772, #1639 ) ;
#3501 = VERTEX_POINT ( 'NONE', #2849 ) ;
#3502 = CARTESIAN_POINT ( 'NONE',  ( 43.44007135754571891, 156.7740285126873516, -1.116392764178403850E-14 ) ) ;
#3503 = PRESENTATION_LAYER_ASSIGNMENT (  '', '', ( #522 ) ) ;
#3504 = CARTESIAN_POINT ( 'NONE',  ( 36.51507135754543043, 153.7740285126873516, 28.69355679643767587 ) ) ;
#3505 = AXIS2_PLACEMENT_3D ( 'NONE', #2774, #3373, #371 ) ;
#3506 = CARTESIAN_POINT ( 'NONE',  ( 17.98346946580466721, 144.6308515261111154, 43.95527002338906186 ) ) ;
#3507 = DIRECTION ( 'NONE',  ( -0.000000000000000000, 1.000000000000000000, -0.000000000000000000 ) ) ;
#3508 = CIRCLE ( 'NONE', #2830, 0.5000000000000004441 ) ;
#3509 = VECTOR ( 'NONE', #595, 1000.000000000000000 ) ;
#3510 = VERTEX_POINT ( 'NONE', #3720 ) ;
#3511 = CARTESIAN_POINT ( 'NONE',  ( 36.24007135754573738, -15.72597148731266792, 20.29355679643813914 ) ) ;
#3512 = ORIENTED_EDGE ( 'NONE', *, *, #1784, .F. ) ;
#3513 = FACE_OUTER_BOUND ( 'NONE', #440, .T. ) ;
#3514 = VERTEX_POINT ( 'NONE', #3758 ) ;
#3515 = ORIENTED_EDGE ( 'NONE', *, *, #2341, .F. ) ;
#3516 = EDGE_CURVE ( 'NONE', #2334, #3097, #2286, .T. ) ;
#3517 = DIRECTION ( 'NONE',  ( -1.000000000000000000, 0.000000000000000000, 0.000000000000000000 ) ) ;
#3518 = ORIENTED_EDGE ( 'NONE', *, *, #2929, .F. ) ;
#3519 = DIRECTION ( 'NONE',  ( -1.000000000000000000, 0.000000000000000000, 0.000000000000000000 ) ) ;
#3520 = ADVANCED_FACE ( 'NONE', ( #2595 ), #1118, .F. ) ;
#3521 = ORIENTED_EDGE ( 'NONE', *, *, #952, .T. ) ;
#3522 = FACE_OUTER_BOUND ( 'NONE', #3690, .T. ) ;
#3523 = CARTESIAN_POINT ( 'NONE',  ( -1.096217497657572502E-13, -15.72597148731266792, 55.29355679643806099 ) ) ;
#3524 = CIRCLE ( 'NONE', #856, 2.000000000000001776 ) ;
#3525 = CARTESIAN_POINT ( 'NONE',  ( 15.94007135754574023, 153.7740285126873516, 0.000000000000000000 ) ) ;
#3526 = FACE_OUTER_BOUND ( 'NONE', #2720, .T. ) ;
#3527 = ORIENTED_EDGE ( 'NONE', *, *, #3065, .F. ) ;
#3528 = DIRECTION ( 'NONE',  ( 4.097771990496913504E-16, 0.000000000000000000, 1.000000000000000000 ) ) ;
#3529 = VERTEX_POINT ( 'NONE', #2912 ) ;
#3530 = FACE_OUTER_BOUND ( 'NONE', #1374, .T. ) ;
#3531 = DIRECTION ( 'NONE',  ( -0.000000000000000000, -1.000000000000000000, -0.000000000000000000 ) ) ;
#3532 = ORIENTED_EDGE ( 'NONE', *, *, #451, .T. ) ;
#3533 = DIRECTION ( 'NONE',  ( -0.6882472016117119340, 0.6882472016117247016, -0.2294157338703632643 ) ) ;
#3534 = ORIENTED_EDGE ( 'NONE', *, *, #2932, .T. ) ;
#3535 = DIRECTION ( 'NONE',  ( 0.000000000000000000, 0.000000000000000000, -1.000000000000000000 ) ) ;
#3536 = ADVANCED_FACE ( 'NONE', ( #3468 ), #3198, .F. ) ;
#3537 = CARTESIAN_POINT ( 'NONE',  ( 35.94007135754574023, -15.72597148731266792, 53.29355679643813204 ) ) ;
#3538 = ORIENTED_EDGE ( 'NONE', *, *, #2261, .T. ) ;
#3539 = LINE ( 'NONE', #2398, #1041 ) ;
#3540 = EDGE_CURVE ( 'NONE', #3704, #1886, #2517, .T. ) ;
#3541 = B_SPLINE_CURVE_WITH_KNOTS ( 'NONE', 3,
 ( #2415, #1847, #2432, #2376 ),
 .UNSPECIFIED., .F., .F.,
 ( 4, 4 ),
 ( 0.000000000000000000, 1.000000000000000000 ),
 .UNSPECIFIED. ) ;
#3542 = EDGE_CURVE ( 'NONE', #700, #3359, #1968, .T. ) ;
#3543 = CARTESIAN_POINT ( 'NONE',  ( 35.22817357303405572, 148.4740285126874255, 52.79355679643817467 ) ) ;
#3544 = DIRECTION ( 'NONE',  ( -0.7071067811865474617, 0.000000000000000000, 0.7071067811865474617 ) ) ;
#3545 = EDGE_CURVE ( 'NONE', #3359, #1972, #179, .T. ) ;
#3546 = CARTESIAN_POINT ( 'NONE',  ( 15.14007135754572886, -39.62597148731272512, 24.52689012977093697 ) ) ;
#3547 = PLANE ( 'NONE',  #2294 ) ;
#3548 = ORIENTED_EDGE ( 'NONE', *, *, #1806, .F. ) ;
#3549 = DIRECTION ( 'NONE',  ( 4.097771990496913504E-16, -4.130293990421197666E-16, 1.000000000000000000 ) ) ;
#3550 = PLANE ( 'NONE',  #2512 ) ;
#3551 = CARTESIAN_POINT ( 'NONE',  ( 35.73611057700202309, 143.5740285126873630, 52.79355679643814625 ) ) ;
#3552 = EDGE_LOOP ( 'NONE', ( #967, #3175, #2180, #2160 ) ) ;
#3553 = AXIS2_PLACEMENT_3D ( 'NONE', #430, #1383, #1452 ) ;
#3554 = DIRECTION ( 'NONE',  ( 4.097771990496912518E-16, 0.000000000000000000, 1.000000000000000000 ) ) ;
#3555 = VERTEX_POINT ( 'NONE', #2870 ) ;
#3556 = DIRECTION ( 'NONE',  ( 0.1760901812651241849, -0.4402254531628140843, -0.8804509063256228396 ) ) ;
#3557 = B_SPLINE_CURVE_WITH_KNOTS ( 'NONE', 3,
 ( #1382, #565, #2566, #192, #3749, #1088, #2275, #794 ),
 .UNSPECIFIED., .F., .F.,
 ( 4, 2, 2, 4 ),
 ( 0.000000000000000000, 0.2499999999999963918, 0.4999999999999927836, 1.000000000000000000 ),
 .UNSPECIFIED. ) ;
#3558 = CARTESIAN_POINT ( 'NONE',  ( -41.05992864245400398, 40.77402851268627160, -3.706443203561608613 ) ) ;
#3559 = ORIENTED_EDGE ( 'NONE', *, *, #3464, .T. ) ;
#3560 = PLANE ( 'NONE',  #3837 ) ;
#3561 = CARTESIAN_POINT ( 'NONE',  ( 36.44007135754574023, 148.9150115183124683, 55.29355679643813204 ) ) ;
#3562 = EDGE_CURVE ( 'NONE', #1263, #3049, #337, .T. ) ;
#3563 = FACE_OUTER_BOUND ( 'NONE', #2023, .T. ) ;
#3564 = DIRECTION ( 'NONE',  ( -0.1760901812651242404, -0.4402254531628140843, -0.8804509063256228396 ) ) ;
#3565 = LINE ( 'NONE', #2366, #361 ) ;
#3566 = ADVANCED_FACE ( 'NONE', ( #1077 ), #780, .T. ) ;
#3567 = VECTOR ( 'NONE', #1042, 1000.000000000000000 ) ;
#3568 = ORIENTED_EDGE ( 'NONE', *, *, #1718, .T. ) ;
#3569 = FACE_OUTER_BOUND ( 'NONE', #2121, .T. ) ;
#3570 = DIRECTION ( 'NONE',  ( -1.000000000000000000, 0.000000000000000000, 1.640400450096255239E-16 ) ) ;
#3571 = DIRECTION ( 'NONE',  ( -0.000000000000000000, 0.8658586263670010608, 0.5002887557659576601 ) ) ;
#3572 = CIRCLE ( 'NONE', #158, 0.5000000000000004441 ) ;
#3573 = ORIENTED_EDGE ( 'NONE', *, *, #1623, .T. ) ;
#3574 = DIRECTION ( 'NONE',  ( 0.000000000000000000, 0.000000000000000000, 1.000000000000000000 ) ) ;
#3575 = ORIENTED_EDGE ( 'NONE', *, *, #3117, .F. ) ;
#3576 = DIRECTION ( 'NONE',  ( -0.000000000000000000, 1.000000000000000000, 0.000000000000000000 ) ) ;
#3577 = CARTESIAN_POINT ( 'NONE',  ( 41.44007135754571891, 158.7740285126873516, -1.064993550075387303E-14 ) ) ;
#3578 = ORIENTED_EDGE ( 'NONE', *, *, #2332, .F. ) ;
#3579 = VECTOR ( 'NONE', #2907, 1000.000000000000000 ) ;
#3580 = DIRECTION ( 'NONE',  ( -0.000000000000000000, 1.000000000000000000, -0.000000000000000000 ) ) ;
#3581 = CARTESIAN_POINT ( 'NONE',  ( -20.01252915707306101, 158.7740285126873516, 20.01252915707291891 ) ) ;
#3582 = PLANE ( 'NONE',  #1679 ) ;
#3583 = VECTOR ( 'NONE', #3533, 1000.000000000000114 ) ;
#3584 = CARTESIAN_POINT ( 'NONE',  ( 34.84007135754573881, 179.6740285126872152, 28.19355679643764745 ) ) ;
#3585 = CARTESIAN_POINT ( 'NONE',  ( 18.60581789034690914, 144.3793335467770760, 43.27887969153141512 ) ) ;
#3586 = ADVANCED_FACE ( 'NONE', ( #818 ), #3234, .F. ) ;
#3587 = EDGE_CURVE ( 'NONE', #78, #1399, #3484, .T. ) ;
#3588 = VECTOR ( 'NONE', #3737, 1000.000000000000000 ) ;
#3589 = ORIENTED_EDGE ( 'NONE', *, *, #945, .F. ) ;
#3590 = LINE ( 'NONE', #276, #2514 ) ;
#3591 = DIRECTION ( 'NONE',  ( 0.1961161351381837670, 0.000000000000000000, 0.9805806756909202226 ) ) ;
#3592 = CARTESIAN_POINT ( 'NONE',  ( 33.81609593801576352, 144.5809495401848608, 43.82107376257236808 ) ) ;
#3593 = EDGE_CURVE ( 'NONE', #313, #1203, #2928, .T. ) ;
#3594 = EDGE_CURVE ( 'NONE', #887, #3097, #234, .T. ) ;
#3595 = ORIENTED_EDGE ( 'NONE', *, *, #552, .T. ) ;
#3596 = LINE ( 'NONE', #907, #3640 ) ;
#3597 = VERTEX_POINT ( 'NONE', #251 ) ;
#3598 = CARTESIAN_POINT ( 'NONE',  ( 8.592312292523159201, -15.87821242229009755, 24.35661705645415154 ) ) ;
#3599 = AXIS2_PLACEMENT_3D ( 'NONE', #3353, #2456, #2170 ) ;
#3600 = FACE_OUTER_BOUND ( 'NONE', #2143, .T. ) ;
#3601 = ORIENTED_EDGE ( 'NONE', *, *, #3396, .F. ) ;
#3602 = CARTESIAN_POINT ( 'NONE',  ( 15.44007135754573490, 148.9150115183124967, 55.29355679643808941 ) ) ;
#3603 = LINE ( 'NONE', #3581, #897 ) ;
#3604 = CARTESIAN_POINT ( 'NONE',  ( 11.85428491991882538, -15.72597148731266792, 20.87934323406504333 ) ) ;
#3605 = DIRECTION ( 'NONE',  ( 0.2810846377148174535, 0.6785983445458426688, 0.6785983445458525498 ) ) ;
#3606 = ORIENTED_EDGE ( 'NONE', *, *, #255, .T. ) ;
#3607 = CARTESIAN_POINT ( 'NONE',  ( 17.04007135754573099, -30.67597148731283596, 28.19355679643765100 ) ) ;
#3608 = LINE ( 'NONE', #2135, #3010 ) ;
#3609 = CARTESIAN_POINT ( 'NONE',  ( 34.84007135754573881, -26.07597148731280612, 28.69355679643767587 ) ) ;
#3610 = EDGE_LOOP ( 'NONE', ( #1746, #3276, #3414, #3744 ) ) ;
#3611 = DIRECTION ( 'NONE',  ( 1.401868266681925559E-15, 0.7071067811865524577, -0.7071067811865425767 ) ) ;
#3612 = ORIENTED_EDGE ( 'NONE', *, *, #3380, .T. ) ;
#3613 = EDGE_CURVE ( 'NONE', #3789, #627, #528, .T. ) ;
#3614 = CARTESIAN_POINT ( 'NONE',  ( 41.44007135754573312, -11.42597148731265477, 37.79355679643814625 ) ) ;
#3615 = EDGE_CURVE ( 'NONE', #2081, #1263, #3572, .T. ) ;
#3616 = CARTESIAN_POINT ( 'NONE',  ( 16.54007135754569902, -26.07597148731280612, 28.69355679643767942 ) ) ;
#3617 = ORIENTED_EDGE ( 'NONE', *, *, #1671, .T. ) ;
#3618 = CARTESIAN_POINT ( 'NONE',  ( 36.24007135754573738, -40.12597148731278907, 20.79355679643813914 ) ) ;
#3619 = LINE ( 'NONE', #666, #2079 ) ;
#3620 = CARTESIAN_POINT ( 'NONE',  ( 9.990071357545730280, -11.42597148731265477, 39.74507404070799765 ) ) ;
#3621 = DIRECTION ( 'NONE',  ( 0.000000000000000000, 0.000000000000000000, -1.000000000000000000 ) ) ;
#3622 = ORIENTED_EDGE ( 'NONE', *, *, #3068, .F. ) ;
#3623 = LINE ( 'NONE', #1626, #2645 ) ;
#3624 = SURFACE_STYLE_FILL_AREA ( #2775 ) ;
#3625 = CARTESIAN_POINT ( 'NONE',  ( 16.98715398148064892, -7.248342947378300316, 44.31592825650365342 ) ) ;
#3626 = VERTEX_POINT ( 'NONE', #1427 ) ;
#3627 = EDGE_LOOP ( 'NONE', ( #1454, #1467, #814, #2372, #1286 ) ) ;
#3628 = CARTESIAN_POINT ( 'NONE',  ( 10.94007135754572957, -11.42597148731265477, 37.79355679643814625 ) ) ;
#3629 = VERTEX_POINT ( 'NONE', #1967 ) ;
#3630 = PLANE ( 'NONE',  #2991 ) ;
#3631 = CIRCLE ( 'NONE', #3199, 2.788675134594811755 ) ;
#3632 = EDGE_CURVE ( 'NONE', #1697, #2873, #3367, .T. ) ;
#3633 = DIRECTION ( 'NONE',  ( 0.000000000000000000, 0.7071067811865524577, -0.7071067811865425767 ) ) ;
#3634 = ORIENTED_EDGE ( 'NONE', *, *, #2612, .F. ) ;
#3635 = DIRECTION ( 'NONE',  ( -0.7071067811865475727, 0.000000000000000000, -0.7071067811865475727 ) ) ;
#3636 = EDGE_CURVE ( 'NONE', #3812, #3028, #568, .T. ) ;
#3637 = VECTOR ( 'NONE', #3119, 1000.000000000000000 ) ;
#3638 = PLANE ( 'NONE',  #1778 ) ;
#3639 = DIRECTION ( 'NONE',  ( 1.000000000000000000, -0.000000000000000000, -0.000000000000000000 ) ) ;
#3640 = VECTOR ( 'NONE', #2976, 1000.000000000000114 ) ;
#3641 = EDGE_LOOP ( 'NONE', ( #2626, #2219, #974, #622 ) ) ;
#3642 = CARTESIAN_POINT ( 'NONE',  ( 32.50647184628825670, 144.2765283243250281, 43.00242009200486848 ) ) ;
#3643 = SPHERICAL_SURFACE ( 'NONE', #2963, 2.000000000000000000 ) ;
#3644 = DIRECTION ( 'NONE',  ( 0.7071067811865474617, -0.000000000000000000, -0.7071067811865474617 ) ) ;
#3645 = CARTESIAN_POINT ( 'NONE',  ( 25.67571490132409906, 143.5740285126873630, 5.135142980264808088 ) ) ;
#3646 = ORIENTED_EDGE ( 'NONE', *, *, #1738, .F. ) ;
#3647 = CARTESIAN_POINT ( 'NONE',  ( 41.94007135754573312, -11.42597148731265477, 36.15958220022258729 ) ) ;
#3648 = ORIENTED_EDGE ( 'NONE', *, *, #2762, .F. ) ;
#3649 = AXIS2_PLACEMENT_3D ( 'NONE', #3036, #2712, #2125 ) ;
#3650 = LINE ( 'NONE', #2842, #551 ) ;
#3651 = VERTEX_POINT ( 'NONE', #3178 ) ;
#3652 = PLANE ( 'NONE',  #1178 ) ;
#3653 = CARTESIAN_POINT ( 'NONE',  ( 9.740071357545730280, -11.42597148731265477, 36.27505225406050471 ) ) ;
#3654 = EDGE_CURVE ( 'NONE', #1082, #500, #2572, .T. ) ;
#3655 =( LENGTH_UNIT ( ) NAMED_UNIT ( * ) SI_UNIT ( .MILLI., .METRE. ) );
#3656 = AXIS2_PLACEMENT_3D ( 'NONE', #155, #3132, #1343 ) ;
#3657 = CARTESIAN_POINT ( 'NONE',  ( 36.44007135754574023, 147.3559945239374827, 52.79355679643813204 ) ) ;
#3658 = EDGE_CURVE ( 'NONE', #644, #2992, #3508, .T. ) ;
#3659 = DIRECTION ( 'NONE',  ( 0.000000000000000000, 1.000000000000000000, 0.000000000000000000 ) ) ;
#3660 = EDGE_CURVE ( 'NONE', #1669, #2081, #840, .T. ) ;
#3661 = VERTEX_POINT ( 'NONE', #3504 ) ;
#3662 = CARTESIAN_POINT ( 'NONE',  ( 33.52130199432685487, 144.4492277102718560, 43.46684521917702426 ) ) ;
#3663 = CYLINDRICAL_SURFACE ( 'NONE', #1097, 2.000000000000001776 ) ;
#3664 = FACE_OUTER_BOUND ( 'NONE', #339, .T. ) ;
#3665 = LINE ( 'NONE', #1005, #2206 ) ;
#3666 = VERTEX_POINT ( 'NONE', #3757 ) ;
#3667 = DIRECTION ( 'NONE',  ( 0.7071067811865462405, 2.884444029575376539E-16, -0.7071067811865489050 ) ) ;
#3668 = VECTOR ( 'NONE', #2485, 1000.000000000000000 ) ;
#3669 = ORIENTED_EDGE ( 'NONE', *, *, #305, .T. ) ;
#3670 = ORIENTED_EDGE ( 'NONE', *, *, #1117, .F. ) ;
#3671 = CARTESIAN_POINT ( 'NONE',  ( 13.26849848229191764, -15.72597148731266792, 20.29355679643813914 ) ) ;
#3672 = VERTEX_POINT ( 'NONE', #3816 ) ;
#3673 = CARTESIAN_POINT ( 'NONE',  ( 41.44007135754573312, -11.42597148731265477, 40.58223193103295756 ) ) ;
#3674 = CARTESIAN_POINT ( 'NONE',  ( 13.47560526347847265, 153.7740285126873516, 22.79355679643814270 ) ) ;
#3675 = AXIS2_PLACEMENT_3D ( 'NONE', #1970, #2266, #2555 ) ;
#3676 = PLANE ( 'NONE',  #411 ) ;
#3677 = CARTESIAN_POINT ( 'NONE',  ( 40.94007135754573312, 153.7740285126873516, 0.000000000000000000 ) ) ;
#3678 = EDGE_CURVE ( 'NONE', #2646, #1958, #2346, .T. ) ;
#3679 = VECTOR ( 'NONE', #2342, 1000.000000000000000 ) ;
#3680 = CARTESIAN_POINT ( 'NONE',  ( 42.94007135754572602, -16.22597148731266259, 24.50066357762471014 ) ) ;
#3681 = PLANE ( 'NONE',  #836 ) ;
#3682 = CARTESIAN_POINT ( 'NONE',  ( 15.44007135754573490, -15.72597148731266792, 55.29355679643808941 ) ) ;
#3683 = EDGE_CURVE ( 'NONE', #1082, #1941, #3776, .T. ) ;
#3684 = AXIS2_PLACEMENT_3D ( 'NONE', #609, #2030, #1796 ) ;
#3685 = LINE ( 'NONE', #3394, #1890 ) ;
#3686 = EDGE_LOOP ( 'NONE', ( #2272, #3601, #540, #651, #2856 ) ) ;
#3687 = DIRECTION ( 'NONE',  ( 0.000000000000000000, 0.000000000000000000, -1.000000000000000000 ) ) ;
#3688 = VECTOR ( 'NONE', #1233, 1000.000000000000000 ) ;
#3689 = VECTOR ( 'NONE', #1329, 1000.000000000000000 ) ;
#3690 = EDGE_LOOP ( 'NONE', ( #171, #3382, #1558, #1905 ) ) ;
#3691 = CARTESIAN_POINT ( 'NONE',  ( 0.000000000000000000, -15.72597148731266792, 22.79355679643813559 ) ) ;
#3692 = VECTOR ( 'NONE', #456, 1000.000000000000000 ) ;
#3693 = PLANE ( 'NONE',  #348 ) ;
#3694 = ORIENTED_EDGE ( 'NONE', *, *, #24, .F. ) ;
#3695 = CARTESIAN_POINT ( 'NONE',  ( 41.44007135754573312, -11.42597148731265477, 36.15958220022258729 ) ) ;
#3696 = VECTOR ( 'NONE', #760, 1000.000000000000000 ) ;
#3697 = AXIS2_PLACEMENT_3D ( 'NONE', #2602, #187, #2312 ) ;
#3698 = DIRECTION ( 'NONE',  ( 1.000000000000000000, -0.000000000000000000, 0.000000000000000000 ) ) ;
#3699 =( NAMED_UNIT ( * ) PLANE_ANGLE_UNIT ( ) SI_UNIT ( $, .RADIAN. ) );
#3700 = DIRECTION ( 'NONE',  ( 0.000000000000000000, 1.000000000000000000, -0.000000000000000000 ) ) ;
#3701 = EDGE_CURVE ( 'NONE', #2955, #3480, #935, .T. ) ;
#3702 = EDGE_CURVE ( 'NONE', #476, #3268, #2284, .T. ) ;
#3703 = DIRECTION ( 'NONE',  ( -2.569960705150825891E-16, 0.000000000000000000, -1.000000000000000000 ) ) ;
#3704 = VERTEX_POINT ( 'NONE', #1409 ) ;
#3705 = EDGE_CURVE ( 'NONE', #3433, #1939, #2593, .T. ) ;
#3706 = LINE ( 'NONE', #111, #503 ) ;
#3707 = CIRCLE ( 'NONE', #1602, 2.000000000000000000 ) ;
#3708 = ADVANCED_FACE ( 'NONE', ( #327 ), #2674, .F. ) ;
#3709 = ORIENTED_EDGE ( 'NONE', *, *, #518, .T. ) ;
#3710 = FACE_OUTER_BOUND ( 'NONE', #1676, .T. ) ;
#3711 = CARTESIAN_POINT ( 'NONE',  ( 43.44007135754573312, -15.72597148731263950, 24.85848816039045417 ) ) ;
#3712 = AXIS2_PLACEMENT_3D ( 'NONE', #3813, #2361, #1501 ) ;
#3713 = EDGE_LOOP ( 'NONE', ( #812, #1636, #3559, #2899 ) ) ;
#3714 = EDGE_CURVE ( 'NONE', #2578, #2438, #346, .T. ) ;
#3715 = CARTESIAN_POINT ( 'NONE',  ( 10.44007135754572957, 158.7740285126873516, 50.46512967169191910 ) ) ;
#3716 = CARTESIAN_POINT ( 'NONE',  ( 34.05441871101361784, 144.7906853611402767, 44.38509746649613419 ) ) ;
#3717 = DIRECTION ( 'NONE',  ( 0.000000000000000000, -1.000000000000000000, 0.000000000000000000 ) ) ;
#3718 = VECTOR ( 'NONE', #3181, 1000.000000000000000 ) ;
#3719 = EDGE_CURVE ( 'NONE', #1632, #1425, #1255, .T. ) ;
#3720 = CARTESIAN_POINT ( 'NONE',  ( 13.47560526347847265, 153.7740285126873516, 22.79355679643814270 ) ) ;
#3721 = CARTESIAN_POINT ( 'NONE',  ( 17.81463394673919254, 144.8113050826628125, 44.44054775318939932 ) ) ;
#3722 = CYLINDRICAL_SURFACE ( 'NONE', #572, 2.000000000000000444 ) ;
#3723 = EDGE_CURVE ( 'NONE', #191, #3421, #3603, .T. ) ;
#3724 = ORIENTED_EDGE ( 'NONE', *, *, #3027, .F. ) ;
#3725 = DIRECTION ( 'NONE',  ( -1.000000000000000000, -0.000000000000000000, -0.000000000000000000 ) ) ;
#3726 = ORIENTED_EDGE ( 'NONE', *, *, #3304, .T. ) ;
#3727 = CARTESIAN_POINT ( 'NONE',  ( 36.24007135754573738, -40.12597148731278907, 20.79355679643813914 ) ) ;
#3728 = ORIENTED_EDGE ( 'NONE', *, *, #1044, .F. ) ;
#3729 = ORIENTED_EDGE ( 'NONE', *, *, #2341, .T. ) ;
#3730 = EDGE_CURVE ( 'NONE', #313, #1768, #2381, .T. ) ;
#3731 = CARTESIAN_POINT ( 'NONE',  ( 36.74007135754573738, 153.7740285126873516, 22.79355679643813559 ) ) ;
#3732 = VERTEX_POINT ( 'NONE', #2088 ) ;
#3733 = CARTESIAN_POINT ( 'NONE',  ( 38.61164423279954150, -15.72597148731266792, 55.29355679643813914 ) ) ;
#3734 = DIRECTION ( 'NONE',  ( 0.000000000000000000, 0.000000000000000000, -1.000000000000000000 ) ) ;
#3735 = EDGE_CURVE ( 'NONE', #929, #88, #1526, .T. ) ;
#3736 = ORIENTED_EDGE ( 'NONE', *, *, #1555, .F. ) ;
#3737 = DIRECTION ( 'NONE',  ( -1.000000000000000000, 0.000000000000000000, 0.000000000000000000 ) ) ;
#3738 = CIRCLE ( 'NONE', #2068, 2.000000000000001776 ) ;
#3739 = DIRECTION ( 'NONE',  ( 0.000000000000000000, 0.000000000000000000, 1.000000000000000000 ) ) ;
#3740 = CARTESIAN_POINT ( 'NONE',  ( 19.27550765145986134, 143.9147790788395866, 43.67505792874256798 ) ) ;
#3741 = LINE ( 'NONE', #2576, #2733 ) ;
#3742 = ORIENTED_EDGE ( 'NONE', *, *, #3516, .T. ) ;
#3743 = CARTESIAN_POINT ( 'NONE',  ( 12.50313161756168157, -15.87821242229008689, 55.14131586146065445 ) ) ;
#3744 = ORIENTED_EDGE ( 'NONE', *, *, #2929, .T. ) ;
#3745 = CARTESIAN_POINT ( 'NONE',  ( 12.44007135754572424, 158.7740285126873516, 22.29355679643813559 ) ) ;
#3746 = ORIENTED_EDGE ( 'NONE', *, *, #672, .F. ) ;
#3747 = DIRECTION ( 'NONE',  ( 0.7071067811865474617, 0.000000000000000000, -0.7071067811865474617 ) ) ;
#3748 = VERTEX_POINT ( 'NONE', #2964 ) ;
#3749 = CARTESIAN_POINT ( 'NONE',  ( 33.03087061329109275, 144.0016517740268966, 43.84880331911730167 ) ) ;
#3750 = LINE ( 'NONE', #1364, #1818 ) ;
#3751 = EDGE_CURVE ( 'NONE', #3433, #3597, #895, .T. ) ;
#3752 = AXIS2_PLACEMENT_3D ( 'NONE', #864, #2057, #334 ) ;
#3753 = ORIENTED_EDGE ( 'NONE', *, *, #2947, .T. ) ;
#3754 = DIRECTION ( 'NONE',  ( 0.000000000000000000, 0.000000000000000000, 1.000000000000000000 ) ) ;
#3755 = EDGE_CURVE ( 'NONE', #2620, #2404, #966, .T. ) ;
#3756 = CIRCLE ( 'NONE', #1832, 1.633974596215559405 ) ;
#3757 = CARTESIAN_POINT ( 'NONE',  ( 38.40453745161295984, 153.7740285126873516, 22.79355679643813559 ) ) ;
#3758 = CARTESIAN_POINT ( 'NONE',  ( 38.61164423279952729, 158.7740285126873516, 22.29355679643813559 ) ) ;
#3759 = DIRECTION ( 'NONE',  ( -1.000000000000000000, 0.000000000000000000, 0.000000000000000000 ) ) ;
#3760 = CARTESIAN_POINT ( 'NONE',  ( 15.14007135754572886, -16.22597148731266259, 20.79355679643813914 ) ) ;
#3761 = ORIENTED_EDGE ( 'NONE', *, *, #1878, .T. ) ;
#3762 = DIRECTION ( 'NONE',  ( -0.000000000000000000, 1.000000000000000000, -0.000000000000000000 ) ) ;
#3763 = VERTEX_POINT ( 'NONE', #3543 ) ;
#3764 = VECTOR ( 'NONE', #1054, 1000.000000000000000 ) ;
#3765 = FACE_OUTER_BOUND ( 'NONE', #2397, .T. ) ;
#3766 = AXIS2_PLACEMENT_3D ( 'NONE', #3584, #3818, #880 ) ;
#3767 = ORIENTED_EDGE ( 'NONE', *, *, #3587, .F. ) ;
#3768 = ORIENTED_EDGE ( 'NONE', *, *, #2382, .F. ) ;
#3769 = CARTESIAN_POINT ( 'NONE',  ( 39.62044943783070039, -15.77737696013584490, 20.54663319356982498 ) ) ;
#3770 = ORIENTED_EDGE ( 'NONE', *, *, #374, .T. ) ;
#3771 = CIRCLE ( 'NONE', #3091, 2.355662432702597453 ) ;
#3772 = CARTESIAN_POINT ( 'NONE',  ( 11.85428491991882538, -15.72597148731266792, 20.87934323406504333 ) ) ;
#3773 = ORIENTED_EDGE ( 'NONE', *, *, #3300, .T. ) ;
#3774 = CARTESIAN_POINT ( 'NONE',  ( 38.61164423279954860, 153.7740285126873516, 53.29355679643813914 ) ) ;
#3775 = VECTOR ( 'NONE', #1086, 1000.000000000000000 ) ;
#3776 = LINE ( 'NONE', #1095, #1027 ) ;
#3777 = EDGE_CURVE ( 'NONE', #3435, #3223, #916, .T. ) ;
#3778 = VECTOR ( 'NONE', #1505, 1000.000000000000000 ) ;
#3779 = CARTESIAN_POINT ( 'NONE',  ( 32.40346894621244189, 144.2732307259986726, 42.99355215357144999 ) ) ;
#3780 = CARTESIAN_POINT ( 'NONE',  ( 18.35884072076460072, 144.4492277102719129, 43.46684521917703137 ) ) ;
#3781 = CARTESIAN_POINT ( 'NONE',  ( -0.000000000000000000, 153.7740285126873516, 42.99355679643813488 ) ) ;
#3782 = TOROIDAL_SURFACE ( 'NONE', #2795, 1.518504542377637767, 0.5000000000000000000 ) ;
#3783 = EDGE_CURVE ( 'NONE', #1939, #1361, #3619, .T. ) ;
#3784 = ORIENTED_EDGE ( 'NONE', *, *, #2382, .T. ) ;
#3785 = DIRECTION ( 'NONE',  ( 1.000000000000000000, -3.402072636420424207E-14, -6.804145272840805500E-14 ) ) ;
#3786 = ORIENTED_EDGE ( 'NONE', *, *, #305, .F. ) ;
#3787 = CARTESIAN_POINT ( 'NONE',  ( 0.000000000000000000, 153.7740285126873516, 20.29355679643813914 ) ) ;
#3788 = ORIENTED_EDGE ( 'NONE', *, *, #3233, .F. ) ;
#3789 = VERTEX_POINT ( 'NONE', #1833 ) ;
#3790 = DIRECTION ( 'NONE',  ( -0.7071067811865432429, 0.000000000000000000, -0.7071067811865519026 ) ) ;
#3791 = EDGE_LOOP ( 'NONE', ( #1301, #384, #1269, #555 ) ) ;
#3792 = DIRECTION ( 'NONE',  ( 0.000000000000000000, 0.000000000000000000, -1.000000000000000000 ) ) ;
#3793 = ORIENTED_EDGE ( 'NONE', *, *, #646, .T. ) ;
#3794 = CARTESIAN_POINT ( 'NONE',  ( 13.26849848229191764, 156.7740285126873516, 22.29355679643813559 ) ) ;
#3795 = DIRECTION ( 'NONE',  ( 1.000000000000000000, 0.000000000000000000, 0.000000000000000000 ) ) ;
#3796 = LINE ( 'NONE', #2112, #3350 ) ;
#3797 = CARTESIAN_POINT ( 'NONE',  ( 18.28480346858466987, 144.4760597624178615, 43.53900227498743902 ) ) ;
#3798 = LINE ( 'NONE', #531, #2004 ) ;
#3799 = EDGE_CURVE ( 'NONE', #267, #2443, #3272, .T. ) ;
#3800 = ORIENTED_EDGE ( 'NONE', *, *, #1644, .F. ) ;
#3801 = LINE ( 'NONE', #475, #272 ) ;
#3802 = ORIENTED_EDGE ( 'NONE', *, *, #279, .T. ) ;
#3803 = LINE ( 'NONE', #3745, #1835 ) ;
#3804 = VECTOR ( 'NONE', #3031, 1000.000000000000000 ) ;
#3805 = ADVANCED_FACE ( 'NONE', ( #1503 ), #2399, .T. ) ;
#3806 = ORIENTED_EDGE ( 'NONE', *, *, #3613, .T. ) ;
#3807 = ORIENTED_EDGE ( 'NONE', *, *, #2193, .T. ) ;
#3808 = VECTOR ( 'NONE', #1714, 1000.000000000000114 ) ;
#3809 = DIRECTION ( 'NONE',  ( -0.7071067811865524577, 0.7071067811865425767, 0.000000000000000000 ) ) ;
#3810 = ORIENTED_EDGE ( 'NONE', *, *, #3021, .T. ) ;
#3811 = LINE ( 'NONE', #2318, #3311 ) ;
#3812 = VERTEX_POINT ( 'NONE', #1212 ) ;
#3813 = CARTESIAN_POINT ( 'NONE',  ( 41.69007135754573312, -11.42597148731265477, 37.79355679643814625 ) ) ;
#3814 = VECTOR ( 'NONE', #1795, 1000.000000000000000 ) ;
#3815 = B_SPLINE_CURVE_WITH_KNOTS ( 'NONE', 1,
 ( #2662, #2973 ),
 .UNSPECIFIED., .F., .F.,
 ( 2, 2 ),
 ( 0.000000000000000000, 1.000000000000000000 ),
 .UNSPECIFIED. ) ;
#3816 = CARTESIAN_POINT ( 'NONE',  ( 12.50313161756174374, -15.87821242229010110, 20.44579773141557411 ) ) ;
#3817 = VECTOR ( 'NONE', #3105, 1000.000000000000000 ) ;
#3818 = DIRECTION ( 'NONE',  ( -0.7071067811865524577, 0.000000000000000000, 0.7071067811865425767 ) ) ;
#3819 = CARTESIAN_POINT ( 'NONE',  ( 18.18514810972617468, 144.5189626095788356, 43.65437793770644959 ) ) ;
#3820 = ORIENTED_EDGE ( 'NONE', *, *, #1187, .F. ) ;
#3821 = DIRECTION ( 'NONE',  ( -0.000000000000000000, -1.000000000000000000, -0.000000000000000000 ) ) ;
#3822 = EDGE_LOOP ( 'NONE', ( #2546, #593, #1730, #3154 ) ) ;
#3823 = DIRECTION ( 'NONE',  ( -0.000000000000000000, 1.000000000000000000, -0.000000000000000000 ) ) ;
#3824 = EDGE_CURVE ( 'NONE', #1958, #532, #3291, .T. ) ;
#3825 = CARTESIAN_POINT ( 'NONE',  ( 13.26849848229187145, 156.7740285126873516, 53.29355679643808941 ) ) ;
#3826 = EDGE_LOOP ( 'NONE', ( #3538, #546, #3788, #2836, #3239, #2503 ) ) ;
#3827 = EDGE_CURVE ( 'NONE', #3268, #1425, #2715, .T. ) ;
#3828 = LINE ( 'NONE', #1167, #45 ) ;
#3829 = EDGE_LOOP ( 'NONE', ( #3147, #1179, #721, #3820 ) ) ;
#3830 = EDGE_CURVE ( 'NONE', #3359, #191, #2703, .T. ) ;
#3831 = CARTESIAN_POINT ( 'NONE',  ( 17.04007135754573099, -30.67597148731283596, 28.19355679643765100 ) ) ;
#3832 = EDGE_CURVE ( 'NONE', #714, #3748, #1546, .T. ) ;
#3833 = ORIENTED_EDGE ( 'NONE', *, *, #268, .T. ) ;
#3834 = CARTESIAN_POINT ( 'NONE',  ( 40.94007135754573312, -11.42597148731265477, 37.79355679643814625 ) ) ;
#3835 = CARTESIAN_POINT ( 'NONE',  ( 36.44007135754574023, -15.97597148731266792, 53.04355679643813204 ) ) ;
#3836 = LINE ( 'NONE', #2364, #2175 ) ;
#3837 = AXIS2_PLACEMENT_3D ( 'NONE', #249, #1484, #567 ) ;
#3838 = FACE_OUTER_BOUND ( 'NONE', #1128, .T. ) ;
#3839 = CARTESIAN_POINT ( 'NONE',  ( 16.44007135754574378, 150.0330455070622975, 55.29355679643809651 ) ) ;
#3840 = EDGE_CURVE ( 'NONE', #2095, #1084, #365, .T. ) ;
#3841 = VECTOR ( 'NONE', #28, 1000.000000000000000 ) ;
#3842 = ORIENTED_EDGE ( 'NONE', *, *, #497, .F. ) ;
#3843 = DIRECTION ( 'NONE',  ( 0.000000000000000000, -1.000000000000000000, 0.000000000000000000 ) ) ;
#3844 = CARTESIAN_POINT ( 'NONE',  ( 40.94007135754573312, -11.42597148731265477, 40.29355679643814625 ) ) ;
#3845 = LINE ( 'NONE', #3317, #2816 ) ;
#3846 = EDGE_LOOP ( 'NONE', ( #1606, #2256, #3612, #2551, #2427, #1123, #825, #1813 ) ) ;
#3847 = AXIS2_PLACEMENT_3D ( 'NONE', #1137, #686, #1869 ) ;
#3848 = PLANE ( 'NONE',  #3273 ) ;
#3849 = VERTEX_POINT ( 'NONE', #877 ) ;
#3850 = DIRECTION ( 'NONE',  ( -1.000000000000000000, 0.000000000000000000, 0.000000000000000000 ) ) ;
ENDSEC;
END-ISO-10303-21;
